episode,score,steps,total_reward,flap_rate,elapsed_s,eps_per_sec,gpu_memory_mb
0,6,979,5.978000000000075,0.05515832482124617,0.5,1.89,0.0
1,2,352,1.3509999999999853,0.056818181818181816,0.7,2.80,0.0
2,3,579,2.5779999999999603,0.055267702936096716,1.0,2.94,0.0
3,0,179,-0.8219999999999998,0.055865921787709494,1.1,3.59,0.0
4,2,456,1.4549999999999739,0.05701754385964912,1.4,3.64,0.0
5,1,338,0.33699999999998687,0.05325443786982249,1.6,3.86,0.0
6,1,313,0.3119999999999896,0.054313099041533544,1.7,4.08,0.0
7,2,483,2.481999999999971,0.053830227743271224,2.0,4.08,0.0
8,0,179,-0.8219999999999998,0.055865921787709494,2.1,4.38,0.0
9,2,454,1.452999999999974,0.05726872246696035,2.3,4.33,0.0
10,1,313,0.3119999999999896,0.05750798722044728,2.5,4.42,0.0
11,0,186,-0.8149999999999998,0.05913978494623656,2.6,4.64,0.0
12,3,579,2.5779999999999603,0.055267702936096716,2.9,4.51,0.0
13,1,318,0.31699999999998907,0.05345911949685535,3.1,4.59,0.0
14,2,446,1.444999999999975,0.05605381165919283,3.3,4.57,0.0
15,0,205,-0.7959999999999998,0.05853658536585366,3.4,4.72,0.0
16,0,179,-0.8219999999999998,0.055865921787709494,3.5,4.85,0.0
17,1,313,0.3119999999999896,0.054313099041533544,3.7,4.90,0.0
18,6,981,5.980000000000076,0.05606523955147808,4.2,4.53,0.0
19,0,179,-0.8219999999999998,0.055865921787709494,4.3,4.66,0.0
20,0,179,-0.8219999999999998,0.055865921787709494,4.4,4.80,0.0
21,0,182,-0.8189999999999998,0.06043956043956044,4.5,4.92,0.0
22,1,320,0.31899999999998885,0.05625,4.7,4.95,0.0
23,5,846,4.845000000000032,0.05555555555555555,5.1,4.71,0.0
24,1,313,0.3119999999999896,0.054313099041533544,5.3,4.75,0.0
25,0,179,-0.8219999999999998,0.055865921787709494,5.4,4.85,0.0
26,3,592,2.590999999999959,0.05405405405405406,5.7,4.75,0.0
27,2,460,1.4589999999999734,0.05652173913043478,5.9,4.72,0.0
28,7,1125,7.124000000000029,0.056,6.5,4.44,0.0
29,1,317,0.3159999999999892,0.056782334384858045,6.7,4.47,0.0
30,1,218,0.21700000000000008,0.05045871559633028,6.8,4.54,0.0
31,1,313,0.3119999999999896,0.054313099041533544,7.0,4.58,0.0
32,2,446,1.444999999999975,0.053811659192825115,7.2,4.57,0.0
33,1,313,0.3119999999999896,0.05750798722044728,7.4,4.60,0.0
34,0,179,-0.8219999999999998,0.055865921787709494,7.5,4.68,0.0
35,0,179,-0.8219999999999998,0.055865921787709494,7.6,4.76,0.0
36,1,339,0.33799999999998676,0.05604719764011799,7.7,4.78,0.0
37,2,446,1.444999999999975,0.05605381165919283,8.0,4.75,0.0
38,0,185,-0.8159999999999998,0.05945945945945946,8.1,4.82,0.0
39,3,579,2.5779999999999603,0.055267702936096716,8.4,4.77,0.0
40,0,179,-0.8219999999999998,0.055865921787709494,8.5,4.84,0.0
41,0,189,-0.8119999999999998,0.0582010582010582,8.6,4.90,0.0
42,1,315,0.3139999999999894,0.05714285714285714,8.7,4.92,0.0
43,9,1389,9.387999999999883,0.056155507559395246,9.5,4.65,0.0
44,1,341,0.33999999999998654,0.05278592375366569,9.6,4.67,0.0
45,2,459,1.4579999999999735,0.05664488017429194,9.9,4.65,0.0
46,6,984,5.983000000000077,0.05589430894308943,10.4,4.52,0.0
47,6,979,5.978000000000075,0.05515832482124617,10.9,4.40,0.0
48,1,336,0.3349999999999871,0.05357142857142857,11.1,4.41,0.0
49,2,446,1.444999999999975,0.05605381165919283,11.3,4.41,0.0
50,3,579,2.5779999999999603,0.05699481865284974,11.6,4.38,0.0
51,4,713,3.711999999999988,0.056100981767180924,12.0,4.33,0.0
52,0,186,-0.8149999999999998,0.05913978494623656,12.1,4.38,0.0
53,1,313,0.3119999999999896,0.054313099041533544,12.3,4.40,0.0
54,0,216,-0.7849999999999998,0.05092592592592592,12.4,4.44,0.0
55,1,345,0.3439999999999861,0.05507246376811594,12.6,4.45,0.0
56,1,338,0.33699999999998687,0.05621301775147929,12.7,4.47,0.0
57,1,315,0.3139999999999894,0.05714285714285714,12.9,4.49,0.0
58,2,446,1.444999999999975,0.05605381165919283,13.1,4.49,0.0
59,6,1003,6.002000000000083,0.05583250249252243,13.7,4.39,0.0
60,5,881,4.880000000000043,0.05448354143019296,14.1,4.32,0.0
61,0,183,-0.8179999999999998,0.060109289617486336,14.2,4.36,0.0
62,3,579,2.5779999999999603,0.055267702936096716,14.5,4.33,0.0
63,0,179,-0.8219999999999998,0.055865921787709494,14.6,4.37,0.0
64,1,321,0.31999999999998874,0.056074766355140186,14.8,4.39,0.0
65,3,580,2.57899999999996,0.05517241379310345,15.1,4.37,0.0
66,0,179,-0.8219999999999998,0.055865921787709494,15.2,4.41,0.0
67,0,215,-0.7859999999999998,0.05116279069767442,15.3,4.44,0.0
68,5,846,4.845000000000032,0.05555555555555555,15.8,4.38,0.0
69,0,183,-0.8179999999999998,0.04918032786885246,15.9,4.41,0.0
70,1,313,0.3119999999999896,0.054313099041533544,16.0,4.43,0.0
71,1,313,0.3119999999999896,0.054313099041533544,16.2,4.45,0.0
72,0,180,-0.8209999999999998,0.05,16.3,4.49,0.0
73,0,201,-0.7999999999999998,0.05472636815920398,16.4,4.52,0.0
74,0,187,-0.8139999999999998,0.058823529411764705,16.5,4.55,0.0
75,0,181,-0.8199999999999998,0.055248618784530384,16.6,4.58,0.0
76,0,179,-0.8219999999999998,0.055865921787709494,16.7,4.61,0.0
77,0,189,-0.8119999999999998,0.0582010582010582,16.8,4.64,0.0
78,4,713,3.711999999999988,0.056100981767180924,17.2,4.60,0.0
79,1,313,0.3119999999999896,0.054313099041533544,17.3,4.62,0.0
80,1,313,0.3119999999999896,0.054313099041533544,17.5,4.63,0.0
81,3,579,2.5779999999999603,0.055267702936096716,17.8,4.60,0.0
82,0,179,-0.8219999999999998,0.055865921787709494,17.9,4.64,0.0
83,5,852,4.851000000000034,0.056338028169014086,18.3,4.58,0.0
84,8,1249,8.24799999999996,0.05604483586869496,19.0,4.47,0.0
85,1,316,0.3149999999999893,0.056962025316455694,19.2,4.48,0.0
86,0,206,-0.7949999999999998,0.05825242718446602,19.3,4.51,0.0
87,1,313,0.3119999999999896,0.054313099041533544,19.5,4.52,0.0
88,1,219,0.21799999999999997,0.0593607305936073,19.6,4.55,0.0
89,3,589,2.587999999999959,0.05602716468590832,19.9,4.53,0.0
90,3,617,3.615999999999956,0.05672609400324149,20.2,4.50,0.0
91,2,446,1.444999999999975,0.05605381165919283,20.4,4.50,0.0
92,1,313,0.3119999999999896,0.054313099041533544,20.6,4.52,0.0
93,0,179,-0.8219999999999998,0.055865921787709494,20.7,4.55,0.0
94,0,215,-0.7859999999999998,0.05116279069767442,20.8,4.56,0.0
95,1,313,0.3119999999999896,0.054313099041533544,21.0,4.57,0.0
96,1,313,0.3119999999999896,0.054313099041533544,21.2,4.59,0.0
97,9,1379,9.377999999999888,0.05583756345177665,21.9,4.48,0.0
98,0,179,-0.8219999999999998,0.055865921787709494,22.0,4.51,0.0
99,0,179,-0.8219999999999998,0.055865921787709494,22.1,4.53,0.0
100,0,179,-0.8219999999999998,0.055865921787709494,22.2,4.56,0.0
101,3,587,2.5859999999999594,0.054514480408858604,22.5,4.54,0.0
102,2,446,1.444999999999975,0.053811659192825115,22.7,4.54,0.0
103,0,180,-0.8209999999999998,0.05,22.8,4.56,0.0
104,3,592,2.590999999999959,0.05574324324324324,23.1,4.54,0.0
105,0,179,-0.8219999999999998,0.055865921787709494,23.2,4.56,0.0
106,1,313,0.3119999999999896,0.054313099041533544,23.4,4.57,0.0
107,0,191,-0.8099999999999998,0.05759162303664921,23.5,4.60,0.0
108,2,446,1.444999999999975,0.05605381165919283,23.7,4.59,0.0
109,2,459,1.4579999999999735,0.05664488017429194,24.0,4.59,0.0
110,2,446,1.444999999999975,0.05605381165919283,24.2,4.58,0.0
111,5,848,4.847000000000032,0.05660377358490566,24.6,4.54,0.0
112,0,186,-0.8149999999999998,0.05913978494623656,24.7,4.57,0.0
113,1,313,0.3119999999999896,0.054313099041533544,24.9,4.58,0.0
114,0,205,-0.7959999999999998,0.05853658536585366,25.0,4.59,0.0
115,0,191,-0.8099999999999998,0.05759162303664921,25.2,4.61,0.0
116,1,313,0.3119999999999896,0.054313099041533544,25.3,4.62,0.0
117,0,190,-0.8109999999999998,0.05789473684210526,25.4,4.64,0.0
118,1,313,0.3119999999999896,0.05750798722044728,25.6,4.65,0.0
119,4,713,3.711999999999988,0.056100981767180924,25.9,4.63,0.0
120,0,194,-0.8069999999999998,0.05670103092783505,26.0,4.65,0.0
121,0,179,-0.8219999999999998,0.055865921787709494,26.1,4.67,0.0
122,0,187,-0.8139999999999998,0.058823529411764705,26.3,4.68,0.0
123,0,179,-0.8219999999999998,0.055865921787709494,26.4,4.71,0.0
124,4,713,3.711999999999988,0.056100981767180924,26.7,4.68,0.0
125,4,713,3.711999999999988,0.056100981767180924,27.1,4.65,0.0
126,1,313,0.3119999999999896,0.054313099041533544,27.2,4.66,0.0
127,1,313,0.3119999999999896,0.054313099041533544,27.4,4.67,0.0
128,1,336,0.3349999999999871,0.05654761904761905,27.6,4.68,0.0
129,3,579,2.5779999999999603,0.055267702936096716,27.9,4.66,0.0
130,3,600,2.598999999999958,0.056666666666666664,28.2,4.65,0.0
131,12,1779,12.777999999999667,0.05564924114671164,29.1,4.53,0.0
132,0,190,-0.8109999999999998,0.05789473684210526,29.2,4.55,0.0
133,0,211,-0.7899999999999998,0.052132701421800945,29.3,4.57,0.0
134,0,179,-0.8219999999999998,0.05027932960893855,29.4,4.59,0.0
135,0,189,-0.8119999999999998,0.0582010582010582,29.5,4.60,0.0
136,0,185,-0.8159999999999998,0.05945945945945946,29.6,4.62,0.0
137,0,214,-0.7869999999999998,0.056074766355140186,29.8,4.64,0.0
138,0,179,-0.8219999999999998,0.05027932960893855,29.8,4.66,0.0
139,5,869,4.868000000000039,0.05638665132336018,30.3,4.62,0.0
140,1,313,0.3119999999999896,0.054313099041533544,30.5,4.63,0.0
141,1,329,0.32799999999998786,0.0547112462006079,30.7,4.63,0.0
142,0,201,-0.7999999999999998,0.05472636815920398,30.8,4.65,0.0
143,2,468,1.4669999999999725,0.053418803418803416,31.0,4.64,0.0
144,2,454,1.452999999999974,0.05726872246696035,31.2,4.64,0.0
145,0,190,-0.8109999999999998,0.05789473684210526,31.3,4.66,0.0
146,3,603,2.6019999999999577,0.05472636815920398,31.7,4.64,0.0
147,7,1132,7.131000000000025,0.05565371024734982,32.3,4.59,0.0
148,2,447,1.4459999999999749,0.05592841163310962,32.5,4.58,0.0
149,2,465,1.4639999999999729,0.05591397849462366,32.8,4.58,0.0
150,2,457,1.4559999999999738,0.05689277899343545,33.0,4.57,0.0
151,2,457,1.4559999999999738,0.05689277899343545,33.3,4.57,0.0
152,0,179,-0.8219999999999998,0.055865921787709494,33.4,4.59,0.0
153,0,214,-0.7869999999999998,0.0514018691588785,33.5,4.60,0.0
154,4,713,3.711999999999988,0.0546984572230014,33.8,4.58,0.0
155,0,204,-0.7969999999999998,0.05392156862745098,34.0,4.59,0.0
156,2,465,1.4639999999999729,0.053763440860215055,34.2,4.59,0.0
157,0,184,-0.8169999999999998,0.059782608695652176,34.3,4.61,0.0
158,2,446,1.444999999999975,0.05605381165919283,34.5,4.61,0.0
159,3,579,2.5779999999999603,0.055267702936096716,34.8,4.60,0.0
160,1,337,0.335999999999987,0.05341246290801187,35.0,4.60,0.0
161,2,446,1.444999999999975,0.05605381165919283,35.2,4.60,0.0
162,4,715,3.713999999999989,0.055944055944055944,35.6,4.58,0.0
163,2,446,1.444999999999975,0.05605381165919283,35.9,4.57,0.0
164,2,446,1.444999999999975,0.05605381165919283,36.1,4.57,0.0
165,1,313,0.3119999999999896,0.054313099041533544,36.3,4.58,0.0
166,2,454,1.452999999999974,0.05726872246696035,36.5,4.57,0.0
167,4,713,3.711999999999988,0.0546984572230014,36.9,4.55,0.0
168,4,726,3.7249999999999925,0.05647382920110193,37.3,4.53,0.0
169,3,609,2.607999999999957,0.054187192118226604,37.6,4.52,0.0
170,1,336,0.3349999999999871,0.05654761904761905,37.8,4.53,0.0
171,1,313,0.3119999999999896,0.054313099041533544,37.9,4.53,0.0
172,1,313,0.3119999999999896,0.054313099041533544,38.1,4.54,0.0
173,5,846,4.845000000000032,0.05555555555555555,38.6,4.51,0.0
174,3,585,2.5839999999999597,0.05641025641025641,38.9,4.50,0.0
175,3,484,2.482999999999971,0.05371900826446281,39.1,4.50,0.0
176,0,184,-0.8169999999999998,0.059782608695652176,39.3,4.51,0.0
177,2,446,1.444999999999975,0.053811659192825115,39.5,4.51,0.0
178,3,606,2.6049999999999573,0.056105610561056105,39.8,4.50,0.0
179,1,326,0.3249999999999882,0.05214723926380368,40.0,4.50,0.0
180,0,179,-0.8219999999999998,0.055865921787709494,40.1,4.52,0.0
181,2,455,1.453999999999974,0.05714285714285714,40.3,4.51,0.0
182,3,579,2.5779999999999603,0.055267702936096716,40.6,4.50,0.0
183,0,190,-0.8109999999999998,0.05789473684210526,40.7,4.52,0.0
184,2,462,1.4609999999999732,0.05627705627705628,41.0,4.52,0.0
185,1,313,0.3119999999999896,0.054313099041533544,41.1,4.52,0.0
186,1,313,0.3119999999999896,0.054313099041533544,41.3,4.53,0.0
187,1,313,0.3119999999999896,0.054313099041533544,41.5,4.53,0.0
188,0,203,-0.7979999999999998,0.059113300492610835,41.6,4.54,0.0
189,0,179,-0.8219999999999998,0.055865921787709494,41.7,4.56,0.0
190,0,200,-0.8009999999999998,0.05,41.8,4.57,0.0
191,0,189,-0.8119999999999998,0.0582010582010582,41.9,4.58,0.0
192,0,189,-0.8119999999999998,0.0582010582010582,42.0,4.60,0.0
193,0,190,-0.8109999999999998,0.05789473684210526,42.1,4.61,0.0
194,0,179,-0.8219999999999998,0.055865921787709494,42.2,4.62,0.0
195,2,459,1.4579999999999735,0.05664488017429194,42.4,4.62,0.0
196,0,188,-0.8129999999999998,0.05851063829787234,42.6,4.63,0.0
197,9,1410,9.408999999999871,0.05602836879432624,43.3,4.57,0.0
198,2,446,1.444999999999975,0.05605381165919283,43.6,4.57,0.0
199,3,579,2.5779999999999603,0.055267702936096716,43.9,4.56,0.0
200,0,179,-0.8219999999999998,0.055865921787709494,44.0,4.57,0.0
201,6,979,5.978000000000075,0.05515832482124617,44.5,4.54,0.0
202,0,179,-0.8219999999999998,0.055865921787709494,44.6,4.55,0.0
203,2,462,1.4609999999999732,0.05627705627705628,44.8,4.55,0.0
204,3,584,2.5829999999999598,0.05650684931506849,45.1,4.54,0.0
205,6,1001,6.000000000000083,0.055944055944055944,45.7,4.51,0.0
206,2,451,1.4499999999999744,0.05321507760532151,45.9,4.51,0.0
207,5,846,4.845000000000032,0.05555555555555555,46.4,4.49,0.0
208,3,579,2.5779999999999603,0.055267702936096716,46.7,4.48,0.0
209,0,179,-0.8219999999999998,0.055865921787709494,46.7,4.49,0.0
210,2,469,1.4679999999999724,0.053304904051172705,47.0,4.49,0.0
211,0,179,-0.8219999999999998,0.055865921787709494,47.1,4.50,0.0
212,1,335,0.3339999999999872,0.056716417910447764,47.3,4.51,0.0
213,1,313,0.3119999999999896,0.054313099041533544,47.4,4.51,0.0
214,3,579,2.5779999999999603,0.055267702936096716,47.7,4.50,0.0
215,1,319,0.31799999999998896,0.05642633228840126,47.9,4.51,0.0
216,0,186,-0.8149999999999998,0.05913978494623656,48.0,4.52,0.0
217,2,449,1.4479999999999746,0.053452115812917596,48.2,4.52,0.0
218,1,335,0.3339999999999872,0.056716417910447764,48.4,4.52,0.0
219,2,483,2.481999999999971,0.055900621118012424,48.6,4.52,0.0
220,4,732,3.7309999999999945,0.056010928961748634,49.0,4.51,0.0
221,3,608,2.606999999999957,0.05592105263157895,49.4,4.50,0.0
222,0,194,-0.8069999999999998,0.05670103092783505,49.5,4.51,0.0
223,0,187,-0.8139999999999998,0.058823529411764705,49.6,4.52,0.0
224,1,321,0.31999999999998874,0.056074766355140186,49.7,4.53,0.0
225,2,465,1.4639999999999729,0.05591397849462366,50.0,4.52,0.0
226,3,579,2.5779999999999603,0.055267702936096716,50.3,4.51,0.0
227,3,580,2.57899999999996,0.056896551724137934,50.6,4.51,0.0
228,1,331,0.32999999999998764,0.05740181268882175,50.8,4.51,0.0
229,0,179,-0.8219999999999998,0.055865921787709494,50.9,4.52,0.0
230,1,313,0.3119999999999896,0.054313099041533544,51.0,4.53,0.0
231,2,354,1.352999999999985,0.05367231638418079,51.2,4.53,0.0
232,1,333,0.3319999999999874,0.057057057057057055,51.4,4.53,0.0
233,0,179,-0.8219999999999998,0.055865921787709494,51.5,4.55,0.0
234,1,338,0.33699999999998687,0.05621301775147929,51.7,4.55,0.0
235,0,189,-0.8119999999999998,0.0582010582010582,51.8,4.56,0.0
236,2,446,1.444999999999975,0.05605381165919283,52.0,4.56,0.0
237,0,182,-0.8189999999999998,0.04945054945054945,52.1,4.57,0.0
238,5,846,4.845000000000032,0.05555555555555555,52.6,4.55,0.0
239,0,182,-0.8189999999999998,0.04945054945054945,52.6,4.56,0.0
240,3,579,2.5779999999999603,0.055267702936096716,52.9,4.55,0.0
241,2,450,1.4489999999999745,0.05333333333333334,53.2,4.55,0.0
242,0,179,-0.8219999999999998,0.055865921787709494,53.3,4.56,0.0
243,2,446,1.444999999999975,0.05605381165919283,53.5,4.56,0.0
244,3,579,2.5779999999999603,0.055267702936096716,53.8,4.55,0.0
245,1,339,0.33799999999998676,0.05604719764011799,54.0,4.55,0.0
246,3,593,2.591999999999959,0.05564924114671164,54.3,4.55,0.0
247,0,179,-0.8219999999999998,0.055865921787709494,54.4,4.56,0.0
248,2,453,1.4519999999999742,0.05739514348785872,54.7,4.55,0.0
249,2,446,1.444999999999975,0.05605381165919283,54.9,4.55,0.0
250,3,579,2.5779999999999603,0.055267702936096716,55.2,4.55,0.0
251,1,313,0.3119999999999896,0.05750798722044728,55.4,4.55,0.0
252,2,482,1.480999999999971,0.05394190871369295,55.7,4.55,0.0
253,0,184,-0.8169999999999998,0.059782608695652176,55.8,4.56,0.0
254,5,849,4.848000000000033,0.05418138987043581,56.2,4.54,0.0
255,4,713,3.711999999999988,0.056100981767180924,56.6,4.53,0.0
256,0,179,-0.8219999999999998,0.055865921787709494,56.7,4.53,0.0
257,0,179,-0.8219999999999998,0.055865921787709494,56.8,4.54,0.0
258,5,846,4.845000000000032,0.05555555555555555,57.2,4.53,0.0
259,1,313,0.3119999999999896,0.054313099041533544,57.4,4.53,0.0
260,4,713,3.711999999999988,0.056100981767180924,57.8,4.52,0.0
261,0,179,-0.8219999999999998,0.055865921787709494,57.9,4.53,0.0
262,3,582,2.58099999999996,0.05670103092783505,58.2,4.52,0.0
263,3,487,2.4859999999999705,0.053388090349075976,58.4,4.52,0.0
264,4,715,3.713999999999989,0.055944055944055944,58.8,4.51,0.0
265,2,446,1.444999999999975,0.05605381165919283,59.0,4.51,0.0
266,1,313,0.3119999999999896,0.054313099041533544,59.2,4.51,0.0
267,1,313,0.3119999999999896,0.054313099041533544,59.3,4.52,0.0
268,3,579,2.5779999999999603,0.055267702936096716,59.6,4.51,0.0
269,0,187,-0.8139999999999998,0.058823529411764705,59.7,4.52,0.0
270,5,846,4.845000000000032,0.05555555555555555,60.2,4.50,0.0
271,2,446,1.444999999999975,0.05605381165919283,60.4,4.50,0.0
272,5,867,4.866000000000039,0.05651672433679354,60.9,4.48,0.0
273,0,179,-0.8219999999999998,0.055865921787709494,61.0,4.49,0.0
274,6,979,5.978000000000075,0.056179775280898875,61.5,4.47,0.0
275,5,846,4.845000000000032,0.05555555555555555,62.0,4.45,0.0
276,0,179,-0.8219999999999998,0.055865921787709494,62.1,4.46,0.0
277,5,846,4.845000000000032,0.05555555555555555,62.5,4.45,0.0
278,1,313,0.3119999999999896,0.054313099041533544,62.7,4.45,0.0
279,2,446,1.444999999999975,0.05605381165919283,62.9,4.45,0.0
280,4,716,3.714999999999989,0.05446927374301676,63.3,4.44,0.0
281,2,459,1.4579999999999735,0.05664488017429194,63.6,4.44,0.0
282,0,179,-0.8219999999999998,0.055865921787709494,63.7,4.45,0.0
283,2,455,1.453999999999974,0.05714285714285714,63.9,4.45,0.0
284,2,454,1.452999999999974,0.05726872246696035,64.1,4.44,0.0
285,2,446,1.444999999999975,0.05605381165919283,64.4,4.44,0.0
286,2,478,1.4769999999999714,0.05439330543933055,64.6,4.44,0.0
287,0,179,-0.8219999999999998,0.055865921787709494,64.7,4.45,0.0
288,1,344,0.3429999999999862,0.05232558139534884,64.9,4.45,0.0
289,0,183,-0.8179999999999998,0.060109289617486336,65.0,4.46,0.0
290,1,313,0.3119999999999896,0.054313099041533544,65.2,4.47,0.0
291,4,732,3.7309999999999945,0.056010928961748634,65.6,4.45,0.0
292,2,455,1.453999999999974,0.05714285714285714,65.8,4.45,0.0
293,1,338,0.33699999999998687,0.05621301775147929,66.0,4.46,0.0
294,1,313,0.3119999999999896,0.05750798722044728,66.2,4.46,0.0
295,6,979,5.978000000000075,0.05515832482124617,66.7,4.44,0.0
296,2,446,1.444999999999975,0.05605381165919283,66.9,4.44,0.0
297,3,579,2.5779999999999603,0.055267702936096716,67.2,4.43,0.0
298,5,846,4.845000000000032,0.05555555555555555,67.7,4.42,0.0
299,3,579,2.5779999999999603,0.055267702936096716,68.0,4.41,0.0
300,2,446,1.444999999999975,0.053811659192825115,68.2,4.41,0.0
301,5,846,4.845000000000032,0.05555555555555555,68.7,4.40,0.0
302,0,206,-0.7949999999999998,0.05825242718446602,68.8,4.41,0.0
303,1,313,0.3119999999999896,0.05750798722044728,68.9,4.41,0.0
304,1,318,0.31699999999998907,0.05660377358490566,69.1,4.41,0.0
305,0,185,-0.8159999999999998,0.05945945945945946,69.2,4.42,0.0
306,0,191,-0.8099999999999998,0.05759162303664921,69.3,4.43,0.0
307,2,446,1.444999999999975,0.05605381165919283,69.5,4.43,0.0
308,5,846,4.845000000000032,0.05555555555555555,70.0,4.42,0.0
309,0,188,-0.8129999999999998,0.05851063829787234,70.1,4.42,0.0
310,2,465,1.4639999999999729,0.053763440860215055,70.3,4.42,0.0
311,2,446,1.444999999999975,0.053811659192825115,70.6,4.42,0.0
312,3,579,2.5779999999999603,0.055267702936096716,70.9,4.42,0.0
313,3,579,2.5779999999999603,0.055267702936096716,71.2,4.41,0.0
314,0,179,-0.8219999999999998,0.055865921787709494,71.3,4.42,0.0
315,1,349,0.34799999999998565,0.054441260744985676,71.5,4.42,0.0
316,0,179,-0.8219999999999998,0.055865921787709494,71.6,4.43,0.0
317,0,179,-0.8219999999999998,0.055865921787709494,71.7,4.44,0.0
318,1,219,0.21799999999999997,0.0593607305936073,71.8,4.44,0.0
319,3,579,2.5779999999999603,0.055267702936096716,72.1,4.44,0.0
320,1,326,0.3249999999999882,0.05214723926380368,72.3,4.44,0.0
321,1,321,0.31999999999998874,0.0529595015576324,72.4,4.45,0.0
322,3,588,2.5869999999999593,0.05612244897959184,72.7,4.44,0.0
323,3,579,2.5779999999999603,0.055267702936096716,73.1,4.43,0.0
324,0,193,-0.8079999999999998,0.05699481865284974,73.2,4.44,0.0
325,3,579,2.5779999999999603,0.055267702936096716,73.5,4.44,0.0
326,2,454,1.452999999999974,0.05726872246696035,73.7,4.44,0.0
327,2,473,1.471999999999972,0.05708245243128964,74.0,4.44,0.0
328,3,579,2.5779999999999603,0.055267702936096716,74.3,4.43,0.0
329,2,446,1.444999999999975,0.05605381165919283,74.5,4.43,0.0
330,1,313,0.3119999999999896,0.054313099041533544,74.7,4.43,0.0
331,7,1114,7.113000000000035,0.05475763016157989,75.3,4.41,0.0
332,0,186,-0.8149999999999998,0.05913978494623656,75.4,4.42,0.0
333,0,179,-0.8219999999999998,0.05027932960893855,75.5,4.43,0.0
334,0,179,-0.8219999999999998,0.055865921787709494,75.6,4.43,0.0
335,2,446,1.444999999999975,0.05605381165919283,75.8,4.43,0.0
336,0,188,-0.8129999999999998,0.05851063829787234,75.9,4.44,0.0
337,7,1113,7.112000000000036,0.055705300988319856,76.5,4.42,0.0
338,0,187,-0.8139999999999998,0.058823529411764705,76.6,4.43,0.0
339,0,179,-0.8219999999999998,0.05027932960893855,76.7,4.43,0.0
340,1,336,0.3349999999999871,0.05357142857142857,76.8,4.44,0.0
341,0,179,-0.8219999999999998,0.055865921787709494,76.9,4.44,0.0
342,0,193,-0.8079999999999998,0.05699481865284974,77.0,4.45,0.0
343,3,579,2.5779999999999603,0.055267702936096716,77.4,4.45,0.0
344,0,182,-0.8189999999999998,0.04945054945054945,77.5,4.45,0.0
345,7,1113,7.112000000000036,0.055705300988319856,78.0,4.43,0.0
346,4,621,3.6199999999999575,0.05636070853462158,78.4,4.43,0.0
347,5,853,4.852000000000034,0.05627198124267292,78.8,4.41,0.0
348,1,336,0.3349999999999871,0.05654761904761905,79.0,4.42,0.0
349,6,979,5.978000000000075,0.05515832482124617,79.5,4.40,0.0
350,5,846,4.845000000000032,0.05555555555555555,80.0,4.39,0.0
351,2,446,1.444999999999975,0.05605381165919283,80.2,4.39,0.0
352,0,189,-0.8119999999999998,0.0582010582010582,80.3,4.40,0.0
353,0,179,-0.8219999999999998,0.055865921787709494,80.4,4.40,0.0
354,2,456,1.4549999999999739,0.05701754385964912,80.6,4.40,0.0
355,1,313,0.3119999999999896,0.054313099041533544,80.8,4.40,0.0
356,0,186,-0.8149999999999998,0.05913978494623656,80.9,4.41,0.0
357,0,192,-0.8089999999999998,0.057291666666666664,81.0,4.42,0.0
358,3,579,2.5779999999999603,0.055267702936096716,81.3,4.41,0.0
359,2,446,1.444999999999975,0.05605381165919283,81.6,4.41,0.0
360,0,187,-0.8139999999999998,0.058823529411764705,81.7,4.42,0.0
361,0,179,-0.8219999999999998,0.055865921787709494,81.8,4.43,0.0
362,3,579,2.5779999999999603,0.055267702936096716,82.1,4.42,0.0
363,2,446,1.444999999999975,0.05605381165919283,82.3,4.42,0.0
364,0,179,-0.8219999999999998,0.055865921787709494,82.4,4.43,0.0
365,3,592,2.590999999999959,0.05574324324324324,82.7,4.43,0.0
366,0,184,-0.8169999999999998,0.059782608695652176,82.8,4.43,0.0
367,1,313,0.3119999999999896,0.054313099041533544,83.0,4.43,0.0
368,2,446,1.444999999999975,0.053811659192825115,83.2,4.43,0.0
369,0,197,-0.8039999999999998,0.050761421319796954,83.3,4.44,0.0
370,2,469,1.4679999999999724,0.053304904051172705,83.6,4.44,0.0
371,0,186,-0.8149999999999998,0.05913978494623656,83.7,4.45,0.0
372,4,728,3.726999999999993,0.05631868131868132,84.1,4.44,0.0
373,5,855,4.854000000000035,0.056140350877192984,84.5,4.43,0.0
374,1,313,0.3119999999999896,0.054313099041533544,84.7,4.43,0.0
375,0,186,-0.8149999999999998,0.05913978494623656,84.8,4.44,0.0
376,1,330,0.32899999999998775,0.05757575757575758,84.9,4.44,0.0
377,0,187,-0.8139999999999998,0.058823529411764705,85.1,4.44,0.0
378,3,581,2.57999999999996,0.05679862306368331,85.4,4.44,0.0
379,1,313,0.3119999999999896,0.054313099041533544,85.5,4.44,0.0
380,4,713,3.711999999999988,0.0546984572230014,85.9,4.43,0.0
381,0,179,-0.8219999999999998,0.05027932960893855,86.0,4.44,0.0
382,2,454,1.452999999999974,0.05726872246696035,86.3,4.44,0.0
383,4,722,3.720999999999991,0.054016620498614956,86.6,4.43,0.0
384,4,732,3.7309999999999945,0.056010928961748634,87.0,4.42,0.0
385,2,446,1.444999999999975,0.05605381165919283,87.3,4.42,0.0
386,2,446,1.444999999999975,0.053811659192825115,87.5,4.42,0.0
387,0,186,-0.8149999999999998,0.05913978494623656,87.6,4.43,0.0
388,1,313,0.3119999999999896,0.054313099041533544,87.8,4.43,0.0
389,8,1255,8.253999999999957,0.055776892430278883,88.4,4.41,0.0
390,1,313,0.3119999999999896,0.054313099041533544,88.6,4.41,0.0
391,0,186,-0.8149999999999998,0.05913978494623656,88.7,4.42,0.0
392,1,321,0.31999999999998874,0.0529595015576324,88.9,4.42,0.0
393,0,195,-0.8059999999999998,0.05641025641025641,89.0,4.43,0.0
394,1,313,0.3119999999999896,0.054313099041533544,89.1,4.43,0.0
395,1,313,0.3119999999999896,0.054313099041533544,89.3,4.43,0.0
396,5,752,4.751,0.05452127659574468,89.7,4.43,0.0
397,2,480,1.4789999999999712,0.05625,90.0,4.42,0.0
398,0,179,-0.8219999999999998,0.055865921787709494,90.0,4.43,0.0
399,3,582,2.58099999999996,0.05670103092783505,90.3,4.43,0.0
400,1,313,0.3119999999999896,0.054313099041533544,90.5,4.43,0.0
401,1,313,0.3119999999999896,0.054313099041533544,90.7,4.43,0.0
402,1,313,0.3119999999999896,0.054313099041533544,90.9,4.44,0.0
403,0,184,-0.8169999999999998,0.059782608695652176,91.0,4.44,0.0
404,0,179,-0.8219999999999998,0.055865921787709494,91.1,4.45,0.0
405,2,463,1.461999999999973,0.056155507559395246,91.3,4.45,0.0
406,2,446,1.444999999999975,0.05605381165919283,91.5,4.45,0.0
407,1,343,0.3419999999999863,0.052478134110787174,91.7,4.45,0.0
408,2,446,1.444999999999975,0.05605381165919283,92.0,4.45,0.0
409,1,338,0.33699999999998687,0.05621301775147929,92.1,4.45,0.0
410,0,179,-0.8219999999999998,0.055865921787709494,92.2,4.46,0.0
411,2,446,1.444999999999975,0.05605381165919283,92.5,4.46,0.0
412,3,609,2.607999999999957,0.054187192118226604,92.8,4.45,0.0
413,1,313,0.3119999999999896,0.054313099041533544,93.0,4.45,0.0
414,4,713,3.711999999999988,0.056100981767180924,93.3,4.45,0.0
415,0,179,-0.8219999999999998,0.05027932960893855,93.4,4.45,0.0
416,0,186,-0.8149999999999998,0.05913978494623656,93.5,4.46,0.0
417,0,196,-0.8049999999999998,0.05612244897959184,93.6,4.46,0.0
418,3,579,2.5779999999999603,0.055267702936096716,94.0,4.46,0.0
419,2,455,1.453999999999974,0.05714285714285714,94.2,4.46,0.0
420,1,330,0.32899999999998775,0.05757575757575758,94.4,4.46,0.0
421,1,313,0.3119999999999896,0.054313099041533544,94.6,4.46,0.0
422,3,579,2.5779999999999603,0.055267702936096716,94.9,4.46,0.0
423,4,713,3.711999999999988,0.0546984572230014,95.2,4.45,0.0
424,4,732,3.7309999999999945,0.056010928961748634,95.6,4.45,0.0
425,8,1246,8.244999999999962,0.05537720706260032,96.3,4.42,0.0
426,0,187,-0.8139999999999998,0.058823529411764705,96.4,4.43,0.0
427,4,720,3.7189999999999905,0.05416666666666667,96.8,4.42,0.0
428,2,446,1.444999999999975,0.05605381165919283,97.0,4.42,0.0
429,0,191,-0.8099999999999998,0.05759162303664921,97.1,4.43,0.0
430,2,460,1.4589999999999734,0.05652173913043478,97.4,4.43,0.0
431,3,580,2.57899999999996,0.05344827586206897,97.7,4.42,0.0
432,4,727,3.725999999999993,0.05639614855570839,98.1,4.41,0.0
433,0,179,-0.8219999999999998,0.055865921787709494,98.2,4.42,0.0
434,0,179,-0.8219999999999998,0.055865921787709494,98.3,4.43,0.0
435,7,1125,7.124000000000029,0.056,98.8,4.41,0.0
436,2,446,1.444999999999975,0.053811659192825115,99.1,4.41,0.0
437,1,313,0.3119999999999896,0.054313099041533544,99.2,4.41,0.0
438,0,179,-0.8219999999999998,0.055865921787709494,99.3,4.42,0.0
439,7,1122,7.121000000000031,0.05614973262032086,99.9,4.40,0.0
440,0,193,-0.8079999999999998,0.05699481865284974,100.0,4.41,0.0
441,8,1251,8.24999999999996,0.055955235811350916,100.7,4.39,0.0
442,3,607,2.6059999999999572,0.05601317957166392,101.0,4.39,0.0
443,4,727,3.725999999999993,0.05639614855570839,101.4,4.38,0.0
444,5,850,4.849000000000033,0.05647058823529412,101.9,4.37,0.0
445,6,979,5.978000000000075,0.05515832482124617,102.4,4.36,0.0
446,1,313,0.3119999999999896,0.054313099041533544,102.6,4.36,0.0
447,0,186,-0.8149999999999998,0.05913978494623656,102.7,4.36,0.0
448,2,446,1.444999999999975,0.053811659192825115,102.9,4.36,0.0
449,3,588,2.5869999999999593,0.05612244897959184,103.2,4.36,0.0
450,9,1379,9.377999999999888,0.05583756345177665,103.9,4.34,0.0
451,2,446,1.444999999999975,0.05605381165919283,104.2,4.34,0.0
452,0,186,-0.8149999999999998,0.05913978494623656,104.3,4.35,0.0
453,1,336,0.3349999999999871,0.05654761904761905,104.4,4.35,0.0
454,0,179,-0.8219999999999998,0.055865921787709494,104.5,4.35,0.0
455,2,446,1.444999999999975,0.05605381165919283,104.8,4.35,0.0
456,0,179,-0.8219999999999998,0.055865921787709494,104.9,4.36,0.0
457,4,713,3.711999999999988,0.0546984572230014,105.2,4.35,0.0
458,2,450,1.4489999999999745,0.05333333333333334,105.5,4.35,0.0
459,0,179,-0.8219999999999998,0.055865921787709494,105.6,4.36,0.0
460,4,713,3.711999999999988,0.056100981767180924,106.0,4.35,0.0
461,0,216,-0.7849999999999998,0.05092592592592592,106.1,4.35,0.0
462,1,333,0.3319999999999874,0.05405405405405406,106.3,4.36,0.0
463,4,713,3.711999999999988,0.056100981767180924,106.6,4.35,0.0
464,2,446,1.444999999999975,0.05605381165919283,106.9,4.35,0.0
465,1,313,0.3119999999999896,0.054313099041533544,107.1,4.35,0.0
466,0,179,-0.8219999999999998,0.055865921787709494,107.1,4.36,0.0
467,3,587,2.5859999999999594,0.056218057921635436,107.4,4.36,0.0
468,0,185,-0.8159999999999998,0.05945945945945946,107.5,4.36,0.0
469,1,335,0.3339999999999872,0.056716417910447764,107.7,4.36,0.0
470,2,459,1.4579999999999735,0.05664488017429194,108.0,4.36,0.0
471,0,181,-0.8199999999999998,0.049723756906077346,108.1,4.37,0.0
472,0,187,-0.8139999999999998,0.058823529411764705,108.2,4.37,0.0
473,0,184,-0.8169999999999998,0.059782608695652176,108.3,4.38,0.0
474,0,207,-0.7939999999999998,0.057971014492753624,108.4,4.38,0.0
475,0,179,-0.8219999999999998,0.055865921787709494,108.5,4.39,0.0
476,1,313,0.3119999999999896,0.05750798722044728,108.7,4.39,0.0
477,2,457,1.4559999999999738,0.05689277899343545,108.9,4.39,0.0
478,0,216,-0.7849999999999998,0.05092592592592592,109.0,4.39,0.0
479,0,179,-0.8219999999999998,0.055865921787709494,109.1,4.40,0.0
480,1,313,0.3119999999999896,0.054313099041533544,109.3,4.40,0.0
481,4,734,3.732999999999995,0.055858310626702996,109.7,4.40,0.0
482,2,446,1.444999999999975,0.05605381165919283,109.9,4.40,0.0
483,2,448,1.4469999999999748,0.05357142857142857,110.1,4.39,0.0
484,2,462,1.4609999999999732,0.05627705627705628,110.4,4.39,0.0
485,1,313,0.3119999999999896,0.054313099041533544,110.5,4.40,0.0
486,0,179,-0.8219999999999998,0.055865921787709494,110.6,4.40,0.0
487,0,190,-0.8109999999999998,0.05789473684210526,110.7,4.41,0.0
488,2,450,1.4489999999999745,0.05333333333333334,111.0,4.41,0.0
489,0,179,-0.8219999999999998,0.055865921787709494,111.1,4.41,0.0
490,2,446,1.444999999999975,0.05605381165919283,111.3,4.41,0.0
491,1,321,0.31999999999998874,0.056074766355140186,111.5,4.41,0.0
492,0,206,-0.7949999999999998,0.05339805825242718,111.6,4.42,0.0
493,0,184,-0.8169999999999998,0.059782608695652176,111.7,4.42,0.0
494,0,189,-0.8119999999999998,0.0582010582010582,111.8,4.43,0.0
495,0,179,-0.8219999999999998,0.055865921787709494,111.9,4.43,0.0
496,2,456,1.4549999999999739,0.05701754385964912,112.1,4.43,0.0
497,0,179,-0.8219999999999998,0.055865921787709494,112.2,4.44,0.0
498,0,186,-0.8149999999999998,0.05913978494623656,112.3,4.44,0.0
499,0,179,-0.8219999999999998,0.055865921787709494,112.4,4.45,0.0
500,0,179,-0.8219999999999998,0.055865921787709494,112.5,4.45,0.0
501,1,313,0.3119999999999896,0.054313099041533544,115.5,4.35,0.0
502,0,179,-0.8219999999999998,0.055865921787709494,115.6,4.35,0.0
503,2,448,1.4469999999999748,0.05580357142857143,115.8,4.35,0.0
504,2,459,1.4579999999999735,0.05664488017429194,116.0,4.35,0.0
505,1,313,0.3119999999999896,0.054313099041533544,116.2,4.35,0.0
506,3,585,2.5839999999999597,0.05641025641025641,116.5,4.35,0.0
507,2,446,1.444999999999975,0.05605381165919283,116.8,4.35,0.0
508,1,315,0.3139999999999894,0.05714285714285714,116.9,4.35,0.0
509,3,579,2.5779999999999603,0.055267702936096716,117.2,4.35,0.0
510,1,313,0.3119999999999896,0.05750798722044728,117.4,4.35,0.0
511,2,457,1.4559999999999738,0.05689277899343545,117.6,4.35,0.0
512,1,313,0.3119999999999896,0.054313099041533544,117.8,4.35,0.0
513,0,179,-0.8219999999999998,0.055865921787709494,117.9,4.36,0.0
514,5,846,4.845000000000032,0.05555555555555555,118.3,4.35,0.0
515,0,185,-0.8159999999999998,0.05945945945945946,118.4,4.36,0.0
516,0,197,-0.8039999999999998,0.050761421319796954,118.5,4.36,0.0
517,2,446,1.444999999999975,0.05605381165919283,118.8,4.36,0.0
518,1,313,0.3119999999999896,0.054313099041533544,119.0,4.36,0.0
519,1,313,0.3119999999999896,0.05750798722044728,119.1,4.37,0.0
520,0,212,-0.7889999999999998,0.05188679245283019,119.2,4.37,0.0
521,5,846,4.845000000000032,0.05555555555555555,119.7,4.36,0.0
522,1,313,0.3119999999999896,0.05750798722044728,119.8,4.36,0.0
523,3,579,2.5779999999999603,0.055267702936096716,120.2,4.36,0.0
524,1,324,0.3229999999999884,0.05246913580246913,120.3,4.36,0.0
525,0,179,-0.8219999999999998,0.055865921787709494,120.4,4.37,0.0
526,3,579,2.5779999999999603,0.055267702936096716,120.7,4.37,0.0
527,3,579,2.5779999999999603,0.055267702936096716,121.0,4.36,0.0
528,4,713,3.711999999999988,0.056100981767180924,121.4,4.36,0.0
529,0,179,-0.8219999999999998,0.055865921787709494,121.5,4.36,0.0
530,0,187,-0.8139999999999998,0.058823529411764705,121.6,4.37,0.0
531,1,313,0.3119999999999896,0.054313099041533544,121.8,4.37,0.0
532,0,179,-0.8219999999999998,0.055865921787709494,121.9,4.37,0.0
533,2,454,1.452999999999974,0.05726872246696035,122.1,4.37,0.0
534,3,602,2.600999999999958,0.05647840531561462,122.5,4.37,0.0
535,0,179,-0.8219999999999998,0.055865921787709494,122.6,4.37,0.0
536,2,449,1.4479999999999746,0.0556792873051225,122.8,4.37,0.0
537,1,322,0.32099999999998863,0.055900621118012424,123.0,4.38,0.0
538,3,579,2.5779999999999603,0.055267702936096716,123.3,4.37,0.0
539,4,713,3.711999999999988,0.0546984572230014,123.7,4.37,0.0
540,1,313,0.3119999999999896,0.054313099041533544,123.8,4.37,0.0
541,0,179,-0.8219999999999998,0.055865921787709494,123.9,4.37,0.0
542,0,190,-0.8109999999999998,0.05789473684210526,124.0,4.38,0.0
543,2,467,1.4659999999999727,0.05353319057815846,124.3,4.38,0.0
544,0,205,-0.7959999999999998,0.05853658536585366,124.4,4.38,0.0
545,5,846,4.845000000000032,0.05673758865248227,124.8,4.37,0.0
546,1,313,0.3119999999999896,0.054313099041533544,125.0,4.38,0.0
547,4,713,3.711999999999988,0.056100981767180924,125.4,4.37,0.0
548,3,599,2.597999999999958,0.05676126878130217,125.7,4.37,0.0
549,1,337,0.335999999999987,0.05637982195845697,125.9,4.37,0.0
550,1,313,0.3119999999999896,0.054313099041533544,126.0,4.37,0.0
551,1,313,0.3119999999999896,0.054313099041533544,126.2,4.37,0.0
552,0,185,-0.8159999999999998,0.05945945945945946,126.3,4.38,0.0
553,0,187,-0.8139999999999998,0.058823529411764705,126.4,4.38,0.0
554,1,313,0.3119999999999896,0.05750798722044728,126.6,4.38,0.0
555,0,189,-0.8119999999999998,0.0582010582010582,126.7,4.39,0.0
556,1,326,0.3249999999999882,0.05214723926380368,126.9,4.39,0.0
557,3,610,2.608999999999957,0.05573770491803279,127.2,4.39,0.0
558,2,456,1.4549999999999739,0.05701754385964912,127.4,4.39,0.0
559,4,734,3.732999999999995,0.05449591280653951,127.8,4.38,0.0
560,2,455,1.453999999999974,0.05714285714285714,128.1,4.38,0.0
561,1,313,0.3119999999999896,0.05750798722044728,128.2,4.38,0.0
562,0,192,-0.8089999999999998,0.057291666666666664,128.3,4.39,0.0
563,3,579,2.5779999999999603,0.055267702936096716,128.6,4.38,0.0
564,1,322,0.32099999999998863,0.055900621118012424,128.8,4.39,0.0
565,0,204,-0.7969999999999998,0.05392156862745098,128.9,4.39,0.0
566,0,195,-0.8059999999999998,0.05641025641025641,129.0,4.40,0.0
567,0,191,-0.8099999999999998,0.05759162303664921,129.1,4.40,0.0
568,2,446,1.444999999999975,0.05605381165919283,129.3,4.40,0.0
569,0,179,-0.8219999999999998,0.055865921787709494,129.4,4.40,0.0
570,3,581,2.57999999999996,0.05679862306368331,129.8,4.40,0.0
571,4,716,3.714999999999989,0.055865921787709494,130.1,4.40,0.0
572,1,313,0.3119999999999896,0.054313099041533544,130.3,4.40,0.0
573,0,179,-0.8219999999999998,0.055865921787709494,130.4,4.40,0.0
574,0,193,-0.8079999999999998,0.05699481865284974,130.5,4.41,0.0
575,2,446,1.444999999999975,0.053811659192825115,130.7,4.41,0.0
576,3,610,2.608999999999957,0.054098360655737705,131.1,4.40,0.0
577,0,179,-0.8219999999999998,0.055865921787709494,131.1,4.41,0.0
578,2,459,1.4579999999999735,0.05664488017429194,131.4,4.41,0.0
579,1,218,0.21700000000000008,0.05045871559633028,131.5,4.41,0.0
580,1,321,0.31999999999998874,0.056074766355140186,131.7,4.41,0.0
581,2,459,1.4579999999999735,0.05664488017429194,131.9,4.41,0.0
582,0,179,-0.8219999999999998,0.055865921787709494,132.0,4.42,0.0
583,0,184,-0.8169999999999998,0.059782608695652176,132.1,4.42,0.0
584,2,446,1.444999999999975,0.05605381165919283,132.4,4.42,0.0
585,4,726,3.7249999999999925,0.05647382920110193,132.7,4.41,0.0
586,1,332,0.3309999999999875,0.0572289156626506,132.9,4.42,0.0
587,2,469,1.4679999999999724,0.053304904051172705,133.2,4.41,0.0
588,0,184,-0.8169999999999998,0.059782608695652176,133.3,4.42,0.0
589,1,328,0.32699999999998797,0.051829268292682924,133.5,4.42,0.0
590,3,609,2.607999999999957,0.05582922824302135,133.8,4.42,0.0
591,0,179,-0.8219999999999998,0.055865921787709494,133.9,4.42,0.0
592,2,446,1.444999999999975,0.05605381165919283,134.1,4.42,0.0
593,0,179,-0.8219999999999998,0.055865921787709494,134.2,4.43,0.0
594,1,313,0.3119999999999896,0.054313099041533544,134.4,4.43,0.0
595,1,313,0.3119999999999896,0.054313099041533544,134.5,4.43,0.0
596,2,446,1.444999999999975,0.05605381165919283,134.8,4.43,0.0
597,1,336,0.3349999999999871,0.05654761904761905,134.9,4.43,0.0
598,1,313,0.3119999999999896,0.05750798722044728,135.1,4.43,0.0
599,4,730,3.728999999999994,0.056164383561643834,135.5,4.43,0.0
600,0,187,-0.8139999999999998,0.058823529411764705,135.6,4.43,0.0
601,0,191,-0.8099999999999998,0.05759162303664921,135.7,4.44,0.0
602,1,313,0.3119999999999896,0.054313099041533544,135.9,4.44,0.0
603,2,457,1.4559999999999738,0.05689277899343545,136.1,4.44,0.0
604,0,179,-0.8219999999999998,0.055865921787709494,136.2,4.44,0.0
605,1,319,0.31799999999998896,0.05642633228840126,136.4,4.44,0.0
606,0,186,-0.8149999999999998,0.05913978494623656,136.5,4.45,0.0
607,1,313,0.3119999999999896,0.054313099041533544,136.7,4.45,0.0
608,0,179,-0.8219999999999998,0.055865921787709494,136.8,4.45,0.0
609,0,190,-0.8109999999999998,0.05789473684210526,136.9,4.46,0.0
610,0,206,-0.7949999999999998,0.05825242718446602,137.0,4.46,0.0
611,0,189,-0.8119999999999998,0.0582010582010582,137.1,4.47,0.0
612,0,179,-0.8219999999999998,0.055865921787709494,137.2,4.47,0.0
613,0,179,-0.8219999999999998,0.055865921787709494,137.3,4.47,0.0
614,3,579,2.5779999999999603,0.055267702936096716,137.6,4.47,0.0
615,3,579,2.5779999999999603,0.055267702936096716,137.9,4.47,0.0
616,5,846,4.845000000000032,0.05555555555555555,138.3,4.46,0.0
617,0,179,-0.8219999999999998,0.055865921787709494,138.4,4.46,0.0
618,3,579,2.5779999999999603,0.055267702936096716,138.7,4.46,0.0
619,1,314,0.3129999999999895,0.05732484076433121,138.9,4.46,0.0
620,0,191,-0.8099999999999998,0.05759162303664921,139.0,4.47,0.0
621,0,189,-0.8119999999999998,0.0582010582010582,139.1,4.47,0.0
622,2,446,1.444999999999975,0.05605381165919283,139.3,4.47,0.0
623,3,584,2.5829999999999598,0.05650684931506849,139.7,4.47,0.0
624,3,601,2.599999999999958,0.056572379367720464,140.0,4.47,0.0
625,0,179,-0.8219999999999998,0.055865921787709494,140.1,4.47,0.0
626,2,446,1.444999999999975,0.05605381165919283,140.3,4.47,0.0
627,0,179,-0.8219999999999998,0.055865921787709494,140.4,4.47,0.0
628,2,446,1.444999999999975,0.05605381165919283,140.7,4.47,0.0
629,2,446,1.444999999999975,0.05605381165919283,140.9,4.47,0.0
630,0,179,-0.8219999999999998,0.055865921787709494,141.0,4.48,0.0
631,1,313,0.3119999999999896,0.054313099041533544,141.2,4.48,0.0
632,2,446,1.444999999999975,0.05605381165919283,141.4,4.48,0.0
633,2,446,1.444999999999975,0.05605381165919283,141.6,4.48,0.0
634,3,579,2.5779999999999603,0.055267702936096716,141.9,4.47,0.0
635,4,750,4.7490000000000006,0.05466666666666667,142.3,4.47,0.0
636,3,586,2.5849999999999596,0.05631399317406143,142.7,4.47,0.0
637,2,475,1.4739999999999718,0.056842105263157895,142.9,4.46,0.0
638,0,208,-0.7929999999999998,0.057692307692307696,143.1,4.47,0.0
639,3,579,2.5779999999999603,0.055267702936096716,143.4,4.46,0.0
640,1,313,0.3119999999999896,0.054313099041533544,143.5,4.47,0.0
641,2,446,1.444999999999975,0.05605381165919283,143.8,4.47,0.0
642,1,315,0.3139999999999894,0.05714285714285714,144.0,4.47,0.0
643,0,211,-0.7899999999999998,0.052132701421800945,144.1,4.47,0.0
644,2,446,1.444999999999975,0.05605381165919283,144.3,4.47,0.0
645,1,313,0.3119999999999896,0.054313099041533544,144.5,4.47,0.0
646,3,579,2.5779999999999603,0.055267702936096716,144.8,4.47,0.0
647,1,313,0.3119999999999896,0.054313099041533544,145.0,4.47,0.0
648,5,846,4.845000000000032,0.05555555555555555,145.4,4.46,0.0
649,1,313,0.3119999999999896,0.054313099041533544,145.6,4.47,0.0
650,0,179,-0.8219999999999998,0.055865921787709494,145.7,4.47,0.0
651,3,616,2.6149999999999562,0.05519480519480519,146.0,4.47,0.0
652,0,179,-0.8219999999999998,0.055865921787709494,146.1,4.47,0.0
653,2,446,1.444999999999975,0.05605381165919283,146.3,4.47,0.0
654,0,179,-0.8219999999999998,0.055865921787709494,146.4,4.47,0.0
655,1,313,0.3119999999999896,0.05750798722044728,146.6,4.48,0.0
656,1,313,0.3119999999999896,0.054313099041533544,146.7,4.48,0.0
657,3,579,2.5779999999999603,0.055267702936096716,147.1,4.47,0.0
658,2,450,1.4489999999999745,0.05333333333333334,147.3,4.47,0.0
659,3,579,2.5779999999999603,0.055267702936096716,147.6,4.47,0.0
660,1,313,0.3119999999999896,0.05750798722044728,147.8,4.47,0.0
661,1,339,0.33799999999998676,0.05604719764011799,147.9,4.48,0.0
662,1,319,0.31799999999998896,0.05642633228840126,148.1,4.48,0.0
663,3,579,2.5779999999999603,0.055267702936096716,148.4,4.47,0.0
664,1,313,0.3119999999999896,0.054313099041533544,148.6,4.48,0.0
665,2,462,1.4609999999999732,0.05411255411255411,148.8,4.48,0.0
666,9,1379,9.377999999999888,0.05511240029006526,149.6,4.46,0.0
667,2,446,1.444999999999975,0.05605381165919283,149.8,4.46,0.0
668,1,335,0.3339999999999872,0.056716417910447764,150.0,4.46,0.0
669,1,313,0.3119999999999896,0.054313099041533544,150.1,4.46,0.0
670,1,313,0.3119999999999896,0.054313099041533544,150.3,4.46,0.0
671,1,313,0.3119999999999896,0.054313099041533544,150.5,4.47,0.0
672,6,986,5.985000000000078,0.055780933062880324,151.0,4.46,0.0
673,0,187,-0.8139999999999998,0.058823529411764705,151.1,4.46,0.0
674,0,192,-0.8089999999999998,0.057291666666666664,151.2,4.47,0.0
675,2,453,1.4519999999999742,0.05739514348785872,151.4,4.46,0.0
676,2,446,1.444999999999975,0.05605381165919283,151.7,4.46,0.0
677,1,313,0.3119999999999896,0.051118210862619806,151.8,4.47,0.0
678,5,860,4.859000000000036,0.05465116279069768,152.3,4.46,0.0
679,2,469,1.4679999999999724,0.053304904051172705,152.6,4.46,0.0
680,2,446,1.444999999999975,0.053811659192825115,152.8,4.46,0.0
681,0,179,-0.8219999999999998,0.055865921787709494,152.9,4.46,0.0
682,1,337,0.335999999999987,0.05637982195845697,153.1,4.46,0.0
683,0,179,-0.8219999999999998,0.055865921787709494,153.2,4.47,0.0
684,1,322,0.32099999999998863,0.052795031055900624,153.3,4.47,0.0
685,0,179,-0.8219999999999998,0.055865921787709494,153.4,4.47,0.0
686,1,313,0.3119999999999896,0.054313099041533544,153.6,4.47,0.0
687,1,313,0.3119999999999896,0.054313099041533544,153.8,4.47,0.0
688,0,204,-0.7969999999999998,0.058823529411764705,153.9,4.48,0.0
689,5,846,4.845000000000032,0.05555555555555555,154.3,4.47,0.0
690,2,446,1.444999999999975,0.053811659192825115,154.5,4.47,0.0
691,0,193,-0.8079999999999998,0.05699481865284974,154.6,4.47,0.0
692,3,579,2.5779999999999603,0.055267702936096716,155.0,4.47,0.0
693,2,456,1.4549999999999739,0.05701754385964912,155.2,4.47,0.0
694,4,726,3.7249999999999925,0.05647382920110193,155.6,4.47,0.0
695,0,179,-0.8219999999999998,0.055865921787709494,155.7,4.47,0.0
696,2,483,2.481999999999971,0.053830227743271224,156.0,4.47,0.0
697,4,723,3.7219999999999915,0.05394190871369295,156.3,4.46,0.0
698,3,484,2.482999999999971,0.05578512396694215,156.6,4.46,0.0
699,1,313,0.3119999999999896,0.054313099041533544,156.8,4.47,0.0
700,3,611,2.609999999999957,0.054009819967266774,157.1,4.46,0.0
701,0,179,-0.8219999999999998,0.055865921787709494,157.2,4.47,0.0
702,3,579,2.5779999999999603,0.05699481865284974,157.5,4.46,0.0
703,0,179,-0.8219999999999998,0.055865921787709494,157.6,4.47,0.0
704,5,846,4.845000000000032,0.05555555555555555,158.1,4.46,0.0
705,2,456,1.4549999999999739,0.05701754385964912,158.3,4.46,0.0
706,0,189,-0.8119999999999998,0.0582010582010582,158.4,4.46,0.0
707,2,460,1.4589999999999734,0.05652173913043478,158.6,4.46,0.0
708,4,713,3.711999999999988,0.056100981767180924,159.0,4.46,0.0
709,0,185,-0.8159999999999998,0.05945945945945946,159.1,4.46,0.0
710,8,1260,8.258999999999954,0.05476190476190476,159.8,4.45,0.0
711,1,348,0.34699999999998576,0.05747126436781609,160.0,4.45,0.0
712,0,179,-0.8219999999999998,0.055865921787709494,160.1,4.45,0.0
713,5,846,4.845000000000032,0.05555555555555555,160.5,4.45,0.0
714,3,579,2.5779999999999603,0.055267702936096716,160.8,4.45,0.0
715,1,313,0.3119999999999896,0.05750798722044728,161.0,4.45,0.0
716,0,179,-0.8219999999999998,0.055865921787709494,161.1,4.45,0.0
717,3,612,2.6109999999999567,0.05392156862745098,161.4,4.45,0.0
718,2,479,1.4779999999999713,0.054279749478079335,161.7,4.45,0.0
719,7,1113,7.112000000000036,0.055705300988319856,162.3,4.44,0.0
720,1,218,0.21700000000000008,0.05045871559633028,162.4,4.44,0.0
721,4,713,3.711999999999988,0.056100981767180924,162.8,4.44,0.0
722,0,179,-0.8219999999999998,0.055865921787709494,162.9,4.44,0.0
723,0,194,-0.8069999999999998,0.05670103092783505,163.0,4.44,0.0
724,0,179,-0.8219999999999998,0.055865921787709494,163.1,4.45,0.0
725,0,179,-0.8219999999999998,0.055865921787709494,163.2,4.45,0.0
726,0,179,-0.8219999999999998,0.05027932960893855,163.3,4.45,0.0
727,3,579,2.5779999999999603,0.0535405872193437,163.6,4.45,0.0
728,1,317,0.3159999999999892,0.056782334384858045,163.7,4.45,0.0
729,1,313,0.3119999999999896,0.05750798722044728,163.9,4.45,0.0
730,0,209,-0.7919999999999998,0.05741626794258373,164.0,4.46,0.0
731,2,481,1.4799999999999711,0.056133056133056136,164.2,4.46,0.0
732,1,315,0.3139999999999894,0.05714285714285714,164.4,4.46,0.0
733,5,846,4.845000000000032,0.05555555555555555,164.9,4.45,0.0
734,3,579,2.5779999999999603,0.055267702936096716,165.2,4.45,0.0
735,3,589,2.587999999999959,0.05602716468590832,165.5,4.45,0.0
736,1,313,0.3119999999999896,0.054313099041533544,165.7,4.45,0.0
737,0,188,-0.8129999999999998,0.05851063829787234,165.8,4.45,0.0
738,0,192,-0.8089999999999998,0.057291666666666664,165.9,4.46,0.0
739,0,179,-0.8219999999999998,0.055865921787709494,166.0,4.46,0.0
740,2,446,1.444999999999975,0.05605381165919283,166.2,4.46,0.0
741,0,215,-0.7859999999999998,0.05116279069767442,166.3,4.46,0.0
742,1,313,0.3119999999999896,0.054313099041533544,166.5,4.46,0.0
743,5,852,4.851000000000034,0.056338028169014086,166.9,4.46,0.0
744,0,179,-0.8219999999999998,0.055865921787709494,167.0,4.46,0.0
745,1,329,0.32799999999998786,0.057750759878419454,167.2,4.46,0.0
746,1,314,0.3129999999999895,0.05732484076433121,167.4,4.46,0.0
747,0,188,-0.8129999999999998,0.05851063829787234,167.5,4.47,0.0
748,2,478,1.4769999999999714,0.056485355648535567,167.7,4.47,0.0
749,3,579,2.5779999999999603,0.055267702936096716,168.0,4.46,0.0
750,1,313,0.3119999999999896,0.054313099041533544,168.2,4.46,0.0
751,1,221,0.21999999999999975,0.058823529411764705,168.3,4.47,0.0
752,0,204,-0.7969999999999998,0.05392156862745098,168.4,4.47,0.0
753,5,875,4.874000000000041,0.056,168.9,4.46,0.0
754,2,456,1.4549999999999739,0.05482456140350877,169.2,4.46,0.0
755,0,183,-0.8179999999999998,0.060109289617486336,169.3,4.47,0.0
756,1,347,0.3459999999999859,0.05763688760806916,169.4,4.47,0.0
757,2,446,1.444999999999975,0.05605381165919283,169.7,4.47,0.0
758,4,747,3.7459999999999996,0.05622489959839357,170.1,4.46,0.0
759,4,713,3.711999999999988,0.056100981767180924,170.4,4.46,0.0
760,3,587,2.5859999999999594,0.056218057921635436,170.8,4.46,0.0
761,6,979,5.978000000000075,0.056179775280898875,171.3,4.45,0.0
762,1,318,0.31699999999998907,0.05660377358490566,171.4,4.45,0.0
763,2,446,1.444999999999975,0.05605381165919283,171.7,4.45,0.0
764,1,327,0.3259999999999881,0.0581039755351682,171.9,4.45,0.0
765,0,179,-0.8219999999999998,0.055865921787709494,171.9,4.45,0.0
766,9,1379,9.377999999999888,0.05511240029006526,172.7,4.44,0.0
767,0,179,-0.8219999999999998,0.055865921787709494,172.8,4.44,0.0
768,1,313,0.3119999999999896,0.05750798722044728,173.0,4.45,0.0
769,0,188,-0.8129999999999998,0.05851063829787234,173.1,4.45,0.0
770,2,450,1.4489999999999745,0.05333333333333334,173.3,4.45,0.0
771,3,579,2.5779999999999603,0.055267702936096716,173.6,4.45,0.0
772,1,313,0.3119999999999896,0.054313099041533544,173.8,4.45,0.0
773,3,579,2.5779999999999603,0.055267702936096716,174.1,4.45,0.0
774,3,579,2.5779999999999603,0.055267702936096716,174.4,4.44,0.0
775,1,313,0.3119999999999896,0.05750798722044728,174.6,4.45,0.0
776,1,340,0.33899999999998665,0.052941176470588235,174.7,4.45,0.0
777,3,590,2.588999999999959,0.05593220338983051,175.1,4.44,0.0
778,0,192,-0.8089999999999998,0.057291666666666664,175.2,4.45,0.0
779,1,313,0.3119999999999896,0.054313099041533544,175.3,4.45,0.0
780,1,313,0.3119999999999896,0.05750798722044728,175.5,4.45,0.0
781,2,446,1.444999999999975,0.05605381165919283,175.7,4.45,0.0
782,1,313,0.3119999999999896,0.054313099041533544,175.9,4.45,0.0
783,4,741,3.7399999999999975,0.05668016194331984,176.3,4.45,0.0
784,1,341,0.33999999999998654,0.05278592375366569,176.5,4.45,0.0
785,0,202,-0.7989999999999998,0.054455445544554455,176.6,4.45,0.0
786,0,204,-0.7969999999999998,0.058823529411764705,176.7,4.45,0.0
787,1,336,0.3349999999999871,0.05654761904761905,176.9,4.46,0.0
788,1,313,0.3119999999999896,0.054313099041533544,177.0,4.46,0.0
789,1,313,0.3119999999999896,0.054313099041533544,177.2,4.46,0.0
790,1,313,0.3119999999999896,0.054313099041533544,177.4,4.46,0.0
791,1,316,0.3149999999999893,0.056962025316455694,177.6,4.46,0.0
792,4,713,3.711999999999988,0.056100981767180924,177.9,4.46,0.0
793,0,179,-0.8219999999999998,0.055865921787709494,178.0,4.46,0.0
794,1,339,0.33799999999998676,0.05604719764011799,178.2,4.46,0.0
795,2,450,1.4489999999999745,0.05333333333333334,178.4,4.46,0.0
796,3,579,2.5779999999999603,0.055267702936096716,178.8,4.46,0.0
797,2,446,1.444999999999975,0.05605381165919283,179.0,4.46,0.0
798,2,456,1.4549999999999739,0.05701754385964912,179.2,4.46,0.0
799,3,579,2.5779999999999603,0.055267702936096716,179.5,4.46,0.0
800,0,203,-0.7979999999999998,0.059113300492610835,179.6,4.46,0.0
801,2,446,1.444999999999975,0.05605381165919283,179.9,4.46,0.0
802,0,179,-0.8219999999999998,0.055865921787709494,180.0,4.46,0.0
803,3,592,2.590999999999959,0.05574324324324324,180.3,4.46,0.0
804,0,180,-0.8209999999999998,0.05,180.4,4.46,0.0
805,1,318,0.31699999999998907,0.05660377358490566,180.5,4.46,0.0
806,1,336,0.3349999999999871,0.05654761904761905,180.7,4.47,0.0
807,0,179,-0.8219999999999998,0.055865921787709494,180.8,4.47,0.0
808,2,446,1.444999999999975,0.05605381165919283,181.1,4.47,0.0
809,0,179,-0.8219999999999998,0.055865921787709494,181.2,4.47,0.0
810,6,981,5.980000000000076,0.05606523955147808,181.7,4.46,0.0
811,2,446,1.444999999999975,0.053811659192825115,182.0,4.46,0.0
812,2,464,1.462999999999973,0.05387931034482758,182.2,4.46,0.0
813,4,713,3.711999999999988,0.056100981767180924,182.6,4.46,0.0
814,0,186,-0.8149999999999998,0.05913978494623656,182.7,4.46,0.0
815,5,855,4.854000000000035,0.056140350877192984,183.2,4.46,0.0
816,4,732,3.7309999999999945,0.056010928961748634,183.5,4.45,0.0
817,2,446,1.444999999999975,0.05605381165919283,183.8,4.45,0.0
818,1,313,0.3119999999999896,0.054313099041533544,183.9,4.45,0.0
819,3,586,2.5849999999999596,0.05631399317406143,184.2,4.45,0.0
820,0,179,-0.8219999999999998,0.055865921787709494,184.3,4.45,0.0
821,0,179,-0.8219999999999998,0.055865921787709494,184.4,4.46,0.0
822,0,200,-0.8009999999999998,0.05,184.5,4.46,0.0
823,1,313,0.3119999999999896,0.054313099041533544,184.7,4.46,0.0
824,3,579,2.5779999999999603,0.055267702936096716,185.0,4.46,0.0
825,0,179,-0.8219999999999998,0.055865921787709494,185.1,4.46,0.0
826,1,313,0.3119999999999896,0.054313099041533544,185.3,4.46,0.0
827,2,465,1.4639999999999729,0.05591397849462366,185.5,4.46,0.0
828,2,446,1.444999999999975,0.05605381165919283,185.8,4.46,0.0
829,3,592,2.590999999999959,0.05574324324324324,186.1,4.46,0.0
830,0,191,-0.8099999999999998,0.05759162303664921,186.2,4.46,0.0
831,4,731,3.729999999999994,0.05471956224350205,186.6,4.46,0.0
832,1,345,0.3439999999999861,0.057971014492753624,186.8,4.46,0.0
833,3,579,2.5779999999999603,0.055267702936096716,187.1,4.46,0.0
834,0,179,-0.8219999999999998,0.055865921787709494,187.2,4.46,0.0
835,2,446,1.444999999999975,0.05605381165919283,187.4,4.46,0.0
836,1,338,0.33699999999998687,0.05621301775147929,187.6,4.46,0.0
837,3,579,2.5779999999999603,0.055267702936096716,187.9,4.46,0.0
838,1,313,0.3119999999999896,0.054313099041533544,188.1,4.46,0.0
839,3,579,2.5779999999999603,0.055267702936096716,188.4,4.46,0.0
840,2,446,1.444999999999975,0.05605381165919283,188.6,4.46,0.0
841,2,446,1.444999999999975,0.05605381165919283,188.8,4.46,0.0
842,2,446,1.444999999999975,0.053811659192825115,189.1,4.46,0.0
843,0,179,-0.8219999999999998,0.055865921787709494,189.2,4.46,0.0
844,0,179,-0.8219999999999998,0.055865921787709494,189.2,4.47,0.0
845,6,979,5.978000000000075,0.05515832482124617,189.8,4.46,0.0
846,1,313,0.3119999999999896,0.054313099041533544,190.0,4.46,0.0
847,3,579,2.5779999999999603,0.055267702936096716,190.2,4.46,0.0
848,0,199,-0.8019999999999998,0.05025125628140704,190.3,4.46,0.0
849,2,448,1.4469999999999748,0.05357142857142857,190.6,4.46,0.0
850,1,313,0.3119999999999896,0.05750798722044728,190.8,4.46,0.0
851,5,846,4.845000000000032,0.05555555555555555,191.2,4.46,0.0
852,0,188,-0.8129999999999998,0.05851063829787234,191.3,4.46,0.0
853,0,179,-0.8219999999999998,0.05027932960893855,191.4,4.46,0.0
854,0,192,-0.8089999999999998,0.057291666666666664,191.5,4.46,0.0
855,3,602,2.600999999999958,0.05647840531561462,191.8,4.46,0.0
856,1,318,0.31699999999998907,0.05660377358490566,192.0,4.46,0.0
857,1,336,0.3349999999999871,0.05654761904761905,192.2,4.46,0.0
858,0,185,-0.8159999999999998,0.05945945945945946,192.3,4.47,0.0
859,4,713,3.711999999999988,0.056100981767180924,192.7,4.46,0.0
860,2,456,1.4549999999999739,0.05701754385964912,192.9,4.46,0.0
861,1,334,0.3329999999999873,0.05688622754491018,193.1,4.46,0.0
862,4,713,3.711999999999988,0.0546984572230014,193.5,4.46,0.0
863,1,318,0.31699999999998907,0.05660377358490566,193.6,4.46,0.0
864,1,313,0.3119999999999896,0.05750798722044728,193.8,4.46,0.0
865,0,208,-0.7929999999999998,0.057692307692307696,193.9,4.47,0.0
866,0,179,-0.8219999999999998,0.055865921787709494,194.0,4.47,0.0
867,0,187,-0.8139999999999998,0.058823529411764705,194.1,4.47,0.0
868,1,339,0.33799999999998676,0.05604719764011799,194.3,4.47,0.0
869,0,193,-0.8079999999999998,0.05181347150259067,194.4,4.48,0.0
870,0,179,-0.8219999999999998,0.055865921787709494,194.5,4.48,0.0
871,2,446,1.444999999999975,0.05605381165919283,194.7,4.48,0.0
872,1,313,0.3119999999999896,0.054313099041533544,194.9,4.48,0.0
873,3,579,2.5779999999999603,0.055267702936096716,195.2,4.48,0.0
874,2,446,1.444999999999975,0.05605381165919283,195.4,4.48,0.0
875,3,579,2.5779999999999603,0.055267702936096716,195.8,4.48,0.0
876,2,475,1.4739999999999718,0.056842105263157895,196.0,4.47,0.0
877,0,216,-0.7849999999999998,0.05092592592592592,196.1,4.48,0.0
878,2,446,1.444999999999975,0.05605381165919283,196.4,4.48,0.0
879,0,190,-0.8109999999999998,0.05789473684210526,196.5,4.48,0.0
880,8,1246,8.244999999999962,0.05537720706260032,197.1,4.47,0.0
881,0,185,-0.8159999999999998,0.05945945945945946,197.3,4.47,0.0
882,4,719,3.71799999999999,0.055632823365785816,197.6,4.47,0.0
883,0,179,-0.8219999999999998,0.055865921787709494,197.7,4.47,0.0
884,0,183,-0.8179999999999998,0.060109289617486336,197.8,4.47,0.0
885,0,190,-0.8109999999999998,0.05789473684210526,197.9,4.48,0.0
886,0,179,-0.8219999999999998,0.055865921787709494,198.0,4.48,0.0
887,0,205,-0.7959999999999998,0.05853658536585366,198.1,4.48,0.0
888,4,731,3.729999999999994,0.0560875512995896,198.5,4.48,0.0
889,3,579,2.5779999999999603,0.055267702936096716,198.8,4.48,0.0
890,0,179,-0.8219999999999998,0.055865921787709494,198.9,4.48,0.0
891,1,329,0.32799999999998786,0.0547112462006079,199.1,4.48,0.0
892,3,609,2.607999999999957,0.05582922824302135,199.4,4.48,0.0
893,3,579,2.5779999999999603,0.055267702936096716,199.7,4.48,0.0
894,0,179,-0.8219999999999998,0.055865921787709494,199.8,4.48,0.0
895,2,447,1.4459999999999749,0.05592841163310962,200.0,4.48,0.0
896,2,478,1.4769999999999714,0.056485355648535567,200.3,4.48,0.0
897,0,179,-0.8219999999999998,0.055865921787709494,200.4,4.48,0.0
898,2,483,2.481999999999971,0.055900621118012424,200.6,4.48,0.0
899,1,313,0.3119999999999896,0.05750798722044728,200.8,4.48,0.0
900,1,313,0.3119999999999896,0.05750798722044728,201.0,4.48,0.0
901,1,337,0.335999999999987,0.05637982195845697,201.1,4.48,0.0
902,3,579,2.5779999999999603,0.055267702936096716,201.4,4.48,0.0
903,0,192,-0.8089999999999998,0.057291666666666664,201.5,4.49,0.0
904,4,735,3.7339999999999955,0.055782312925170066,201.9,4.48,0.0
905,0,190,-0.8109999999999998,0.05789473684210526,202.0,4.48,0.0
906,1,342,0.3409999999999864,0.05263157894736842,202.2,4.49,0.0
907,3,579,2.5779999999999603,0.055267702936096716,202.5,4.48,0.0
908,3,579,2.5779999999999603,0.055267702936096716,202.8,4.48,0.0
909,5,871,4.87000000000004,0.05625717566016074,203.3,4.48,0.0
910,1,324,0.3229999999999884,0.05246913580246913,203.5,4.48,0.0
911,1,346,0.344999999999986,0.057803468208092484,203.6,4.48,0.0
912,0,188,-0.8129999999999998,0.05851063829787234,203.7,4.48,0.0
913,6,1013,6.012000000000087,0.0562685093780849,204.3,4.47,0.0
914,2,446,1.444999999999975,0.05605381165919283,204.5,4.47,0.0
915,0,179,-0.8219999999999998,0.055865921787709494,204.6,4.48,0.0
916,2,446,1.444999999999975,0.05605381165919283,204.8,4.48,0.0
917,1,316,0.3149999999999893,0.056962025316455694,205.0,4.48,0.0
918,2,446,1.444999999999975,0.05605381165919283,205.2,4.48,0.0
919,1,331,0.32999999999998764,0.05740181268882175,205.4,4.48,0.0
920,0,193,-0.8079999999999998,0.05181347150259067,205.5,4.48,0.0
921,0,179,-0.8219999999999998,0.055865921787709494,205.6,4.48,0.0
922,5,881,4.880000000000043,0.05448354143019296,206.1,4.48,0.0
923,1,313,0.3119999999999896,0.054313099041533544,206.3,4.48,0.0
924,1,313,0.3119999999999896,0.054313099041533544,206.4,4.48,0.0
925,5,846,4.845000000000032,0.05555555555555555,206.9,4.48,0.0
926,1,313,0.3119999999999896,0.054313099041533544,207.0,4.48,0.0
927,2,459,1.4579999999999735,0.05664488017429194,207.3,4.48,0.0
928,4,713,3.711999999999988,0.056100981767180924,207.7,4.47,0.0
929,1,316,0.3149999999999893,0.056962025316455694,207.8,4.47,0.0
930,4,713,3.711999999999988,0.056100981767180924,208.2,4.47,0.0
931,3,607,2.6059999999999572,0.05601317957166392,208.5,4.47,0.0
932,4,713,3.711999999999988,0.056100981767180924,208.9,4.47,0.0
933,3,579,2.5779999999999603,0.055267702936096716,209.2,4.46,0.0
934,4,713,3.711999999999988,0.056100981767180924,209.6,4.46,0.0
935,1,313,0.3119999999999896,0.054313099041533544,209.8,4.46,0.0
936,0,179,-0.8219999999999998,0.055865921787709494,209.9,4.46,0.0
937,3,602,2.600999999999958,0.05647840531561462,210.2,4.46,0.0
938,0,179,-0.8219999999999998,0.055865921787709494,210.3,4.47,0.0
939,2,446,1.444999999999975,0.05605381165919283,210.5,4.47,0.0
940,2,446,1.444999999999975,0.05605381165919283,210.7,4.47,0.0
941,2,459,1.4579999999999735,0.05664488017429194,211.0,4.46,0.0
942,1,313,0.3119999999999896,0.054313099041533544,211.1,4.47,0.0
943,0,194,-0.8069999999999998,0.05670103092783505,211.2,4.47,0.0
944,1,313,0.3119999999999896,0.054313099041533544,211.4,4.47,0.0
945,0,192,-0.8089999999999998,0.057291666666666664,211.5,4.47,0.0
946,0,186,-0.8149999999999998,0.05913978494623656,211.6,4.47,0.0
947,3,609,2.607999999999957,0.05582922824302135,211.9,4.47,0.0
948,1,321,0.31999999999998874,0.056074766355140186,212.1,4.47,0.0
949,1,313,0.3119999999999896,0.054313099041533544,212.3,4.48,0.0
950,4,618,3.6169999999999565,0.05663430420711974,212.6,4.47,0.0
951,3,614,2.6129999999999565,0.05374592833876222,212.9,4.47,0.0
952,1,349,0.34799999999998565,0.05730659025787966,213.1,4.47,0.0
953,0,179,-0.8219999999999998,0.055865921787709494,213.2,4.47,0.0
954,1,313,0.3119999999999896,0.05750798722044728,213.4,4.48,0.0
955,0,179,-0.8219999999999998,0.055865921787709494,213.5,4.48,0.0
956,3,590,2.588999999999959,0.05593220338983051,213.8,4.48,0.0
957,0,192,-0.8089999999999998,0.057291666666666664,213.9,4.48,0.0
958,2,446,1.444999999999975,0.05605381165919283,214.1,4.48,0.0
959,0,179,-0.8219999999999998,0.055865921787709494,214.2,4.48,0.0
960,0,179,-0.8219999999999998,0.055865921787709494,214.3,4.48,0.0
961,3,615,2.6139999999999564,0.056910569105691054,214.6,4.48,0.0
962,0,195,-0.8059999999999998,0.05641025641025641,214.8,4.48,0.0
963,5,846,4.845000000000032,0.05555555555555555,215.2,4.48,0.0
964,0,179,-0.8219999999999998,0.055865921787709494,215.3,4.48,0.0
965,3,579,2.5779999999999603,0.055267702936096716,215.6,4.48,0.0
966,2,446,1.444999999999975,0.05605381165919283,215.8,4.48,0.0
967,4,727,3.725999999999993,0.05639614855570839,216.2,4.48,0.0
968,1,329,0.32799999999998786,0.057750759878419454,216.4,4.48,0.0
969,0,179,-0.8219999999999998,0.055865921787709494,216.5,4.48,0.0
970,2,446,1.444999999999975,0.05605381165919283,216.7,4.48,0.0
971,1,313,0.3119999999999896,0.054313099041533544,216.9,4.48,0.0
972,0,179,-0.8219999999999998,0.055865921787709494,217.0,4.48,0.0
973,0,185,-0.8159999999999998,0.05945945945945946,217.1,4.49,0.0
974,0,194,-0.8069999999999998,0.05670103092783505,217.2,4.49,0.0
975,7,1128,7.127000000000027,0.05585106382978723,217.8,4.48,0.0
976,3,583,2.58199999999996,0.05660377358490566,218.1,4.48,0.0
977,0,179,-0.8219999999999998,0.055865921787709494,218.2,4.48,0.0
978,3,579,2.5779999999999603,0.055267702936096716,218.5,4.48,0.0
979,3,589,2.587999999999959,0.05602716468590832,218.8,4.48,0.0
980,1,313,0.3119999999999896,0.054313099041533544,219.0,4.48,0.0
981,0,193,-0.8079999999999998,0.05699481865284974,219.1,4.48,0.0
982,1,313,0.3119999999999896,0.054313099041533544,219.3,4.48,0.0
983,3,589,2.587999999999959,0.05602716468590832,219.6,4.48,0.0
984,2,446,1.444999999999975,0.05605381165919283,219.8,4.48,0.0
985,0,185,-0.8159999999999998,0.05945945945945946,219.9,4.48,0.0
986,6,979,5.978000000000075,0.056179775280898875,220.4,4.48,0.0
987,1,313,0.3119999999999896,0.054313099041533544,220.6,4.48,0.0
988,1,313,0.3119999999999896,0.054313099041533544,220.7,4.48,0.0
989,1,318,0.31699999999998907,0.05660377358490566,220.9,4.48,0.0
990,4,713,3.711999999999988,0.056100981767180924,221.3,4.48,0.0
991,1,313,0.3119999999999896,0.054313099041533544,221.5,4.48,0.0
992,0,186,-0.8149999999999998,0.05913978494623656,221.6,4.48,0.0
993,0,179,-0.8219999999999998,0.055865921787709494,221.7,4.48,0.0
994,0,179,-0.8219999999999998,0.055865921787709494,221.8,4.49,0.0
995,1,313,0.3119999999999896,0.054313099041533544,221.9,4.49,0.0
996,0,189,-0.8119999999999998,0.0582010582010582,222.0,4.49,0.0
997,6,980,5.979000000000076,0.05612244897959184,222.6,4.48,0.0
998,1,313,0.3119999999999896,0.054313099041533544,222.7,4.49,0.0
999,0,187,-0.8139999999999998,0.058823529411764705,222.8,4.49,0.0
1000,3,591,2.589999999999959,0.05583756345177665,223.1,4.49,0.0
1001,1,333,0.3319999999999874,0.057057057057057055,226.1,4.43,0.0
1002,0,179,-0.8219999999999998,0.055865921787709494,226.2,4.43,0.0
1003,3,579,2.5779999999999603,0.055267702936096716,226.5,4.43,0.0
1004,0,179,-0.8219999999999998,0.055865921787709494,226.6,4.43,0.0
1005,4,732,3.7309999999999945,0.056010928961748634,227.0,4.43,0.0
1006,1,313,0.3119999999999896,0.054313099041533544,227.2,4.43,0.0
1007,3,579,2.5779999999999603,0.055267702936096716,227.5,4.43,0.0
1008,0,195,-0.8059999999999998,0.05641025641025641,227.6,4.43,0.0
1009,1,313,0.3119999999999896,0.054313099041533544,227.8,4.43,0.0
1010,1,313,0.3119999999999896,0.054313099041533544,227.9,4.44,0.0
1011,3,586,2.5849999999999596,0.05631399317406143,228.3,4.43,0.0
1012,1,313,0.3119999999999896,0.054313099041533544,228.4,4.43,0.0
1013,2,446,1.444999999999975,0.05605381165919283,228.6,4.43,0.0
1014,2,446,1.444999999999975,0.05605381165919283,228.9,4.43,0.0
1015,1,336,0.3349999999999871,0.05654761904761905,229.1,4.44,0.0
1016,3,579,2.5779999999999603,0.055267702936096716,229.4,4.43,0.0
1017,2,454,1.452999999999974,0.05726872246696035,229.6,4.43,0.0
1018,2,446,1.444999999999975,0.05605381165919283,229.9,4.43,0.0
1019,3,586,2.5849999999999596,0.05631399317406143,230.2,4.43,0.0
1020,2,459,1.4579999999999735,0.05664488017429194,230.4,4.43,0.0
1021,0,191,-0.8099999999999998,0.05759162303664921,230.5,4.43,0.0
1022,0,179,-0.8219999999999998,0.055865921787709494,230.6,4.44,0.0
1023,0,191,-0.8099999999999998,0.05759162303664921,230.7,4.44,0.0
1024,5,857,4.856000000000035,0.056009334889148193,231.2,4.43,0.0
1025,2,447,1.4459999999999749,0.05592841163310962,231.4,4.43,0.0
1026,1,313,0.3119999999999896,0.054313099041533544,231.6,4.44,0.0
1027,2,446,1.444999999999975,0.05605381165919283,231.8,4.44,0.0
1028,2,464,1.462999999999973,0.05603448275862069,232.0,4.43,0.0
1029,6,996,5.995000000000081,0.05622489959839357,232.6,4.43,0.0
1030,14,2000,15.998999999999544,0.0555,233.7,4.41,0.0
1031,3,579,2.5779999999999603,0.055267702936096716,234.0,4.41,0.0
1032,1,335,0.3339999999999872,0.056716417910447764,234.1,4.41,0.0
1033,2,472,1.470999999999972,0.057203389830508475,234.4,4.41,0.0
1034,1,337,0.335999999999987,0.05637982195845697,234.6,4.41,0.0
1035,5,846,4.845000000000032,0.05555555555555555,235.0,4.41,0.0
1036,1,313,0.3119999999999896,0.054313099041533544,235.2,4.41,0.0
1037,3,579,2.5779999999999603,0.055267702936096716,235.5,4.41,0.0
1038,1,318,0.31699999999998907,0.05660377358490566,235.7,4.41,0.0
1039,0,193,-0.8079999999999998,0.05699481865284974,235.8,4.41,0.0
1040,1,313,0.3119999999999896,0.054313099041533544,235.9,4.41,0.0
1041,0,205,-0.7959999999999998,0.05853658536585366,236.0,4.41,0.0
1042,0,187,-0.8139999999999998,0.058823529411764705,236.1,4.42,0.0
1043,4,750,4.7490000000000006,0.056,236.5,4.41,0.0
1044,4,729,3.7279999999999935,0.056241426611796985,236.9,4.41,0.0
1045,3,593,2.591999999999959,0.05564924114671164,237.2,4.41,0.0
1046,2,446,1.444999999999975,0.05605381165919283,237.4,4.41,0.0
1047,3,579,2.5779999999999603,0.055267702936096716,237.8,4.41,0.0
1048,1,313,0.3119999999999896,0.054313099041533544,237.9,4.41,0.0
1049,0,179,-0.8219999999999998,0.055865921787709494,238.0,4.41,0.0
1050,3,579,2.5779999999999603,0.055267702936096716,238.3,4.41,0.0
1051,1,317,0.3159999999999892,0.056782334384858045,238.5,4.41,0.0
1052,1,313,0.3119999999999896,0.054313099041533544,238.6,4.41,0.0
1053,0,179,-0.8219999999999998,0.055865921787709494,238.8,4.41,0.0
1054,0,179,-0.8219999999999998,0.055865921787709494,238.8,4.42,0.0
1055,3,603,2.6019999999999577,0.05638474295190713,239.2,4.42,0.0
1056,2,461,1.4599999999999733,0.05639913232104121,239.4,4.42,0.0
1057,2,446,1.444999999999975,0.053811659192825115,239.6,4.41,0.0
1058,5,846,4.845000000000032,0.05555555555555555,240.1,4.41,0.0
1059,2,446,1.444999999999975,0.05605381165919283,240.3,4.41,0.0
1060,3,579,2.5779999999999603,0.055267702936096716,240.6,4.41,0.0
1061,2,446,1.444999999999975,0.05605381165919283,240.9,4.41,0.0
1062,0,179,-0.8219999999999998,0.055865921787709494,241.0,4.41,0.0
1063,1,313,0.3119999999999896,0.054313099041533544,241.1,4.41,0.0
1064,0,186,-0.8149999999999998,0.05913978494623656,241.2,4.41,0.0
1065,3,579,2.5779999999999603,0.055267702936096716,241.5,4.41,0.0
1066,1,335,0.3339999999999872,0.056716417910447764,241.7,4.41,0.0
1067,2,446,1.444999999999975,0.05605381165919283,242.0,4.41,0.0
1068,2,446,1.444999999999975,0.05605381165919283,242.2,4.41,0.0
1069,3,609,2.607999999999957,0.05582922824302135,242.5,4.41,0.0
1070,0,186,-0.8149999999999998,0.05913978494623656,242.6,4.41,0.0
1071,0,179,-0.8219999999999998,0.055865921787709494,242.7,4.42,0.0
1072,3,579,2.5779999999999603,0.055267702936096716,243.1,4.41,0.0
1073,2,446,1.444999999999975,0.05605381165919283,243.3,4.41,0.0
1074,4,726,3.7249999999999925,0.05647382920110193,243.7,4.41,0.0
1075,4,734,3.732999999999995,0.055858310626702996,244.1,4.41,0.0
1076,0,189,-0.8119999999999998,0.0582010582010582,244.2,4.41,0.0
1077,9,1389,9.387999999999883,0.056155507559395246,244.9,4.40,0.0
1078,2,462,1.4609999999999732,0.05627705627705628,245.1,4.40,0.0
1079,0,189,-0.8119999999999998,0.0582010582010582,245.3,4.40,0.0
1080,0,183,-0.8179999999999998,0.060109289617486336,245.4,4.41,0.0
1081,1,319,0.31799999999998896,0.05642633228840126,245.5,4.41,0.0
1082,0,186,-0.8149999999999998,0.05913978494623656,245.6,4.41,0.0
1083,0,179,-0.8219999999999998,0.055865921787709494,245.7,4.41,0.0
1084,2,446,1.444999999999975,0.05605381165919283,245.9,4.41,0.0
1085,2,446,1.444999999999975,0.05605381165919283,246.2,4.41,0.0
1086,1,313,0.3119999999999896,0.054313099041533544,246.4,4.41,0.0
1087,0,186,-0.8149999999999998,0.05913978494623656,246.5,4.41,0.0
1088,3,579,2.5779999999999603,0.055267702936096716,246.8,4.41,0.0
1089,6,979,5.978000000000075,0.05515832482124617,247.3,4.41,0.0
1090,0,186,-0.8149999999999998,0.05913978494623656,247.4,4.41,0.0
1091,0,187,-0.8139999999999998,0.058823529411764705,247.5,4.41,0.0
1092,0,192,-0.8089999999999998,0.057291666666666664,247.6,4.41,0.0
1093,2,456,1.4549999999999739,0.05701754385964912,247.8,4.41,0.0
1094,4,728,3.726999999999993,0.05631868131868132,248.2,4.41,0.0
1095,1,313,0.3119999999999896,0.05750798722044728,248.4,4.41,0.0
1096,3,579,2.5779999999999603,0.055267702936096716,248.7,4.41,0.0
1097,3,579,2.5779999999999603,0.055267702936096716,249.0,4.41,0.0
1098,4,713,3.711999999999988,0.056100981767180924,249.4,4.41,0.0
1099,0,185,-0.8159999999999998,0.05945945945945946,249.5,4.41,0.0
1100,0,186,-0.8149999999999998,0.05913978494623656,249.6,4.41,0.0
1101,5,857,4.856000000000035,0.056009334889148193,250.0,4.41,0.0
1102,8,1248,8.24699999999996,0.05608974358974359,250.7,4.40,0.0
1103,0,188,-0.8129999999999998,0.05851063829787234,250.8,4.40,0.0
1104,1,313,0.3119999999999896,0.054313099041533544,251.0,4.40,0.0
1105,0,179,-0.8219999999999998,0.055865921787709494,251.1,4.40,0.0
1106,1,316,0.3149999999999893,0.056962025316455694,251.2,4.41,0.0
1107,3,589,2.587999999999959,0.05602716468590832,251.6,4.40,0.0
1108,0,212,-0.7889999999999998,0.05660377358490566,251.7,4.41,0.0
1109,4,744,3.7429999999999986,0.056451612903225805,252.1,4.40,0.0
1110,0,186,-0.8149999999999998,0.05913978494623656,252.2,4.41,0.0
1111,3,580,2.57899999999996,0.056896551724137934,252.5,4.40,0.0
1112,1,313,0.3119999999999896,0.054313099041533544,252.6,4.41,0.0
1113,0,184,-0.8169999999999998,0.059782608695652176,252.7,4.41,0.0
1114,3,579,2.5779999999999603,0.055267702936096716,253.1,4.41,0.0
1115,3,579,2.5779999999999603,0.055267702936096716,253.4,4.40,0.0
1116,5,846,4.845000000000032,0.05555555555555555,253.8,4.40,0.0
1117,3,579,2.5779999999999603,0.055267702936096716,254.1,4.40,0.0
1118,0,179,-0.8219999999999998,0.055865921787709494,254.2,4.40,0.0
1119,0,189,-0.8119999999999998,0.0582010582010582,254.3,4.40,0.0
1120,0,179,-0.8219999999999998,0.055865921787709494,254.4,4.41,0.0
1121,6,979,5.978000000000075,0.05515832482124617,254.9,4.40,0.0
1122,3,579,2.5779999999999603,0.055267702936096716,255.2,4.40,0.0
1123,4,713,3.711999999999988,0.0546984572230014,255.6,4.40,0.0
1124,5,846,4.845000000000032,0.05555555555555555,256.0,4.39,0.0
1125,1,313,0.3119999999999896,0.05750798722044728,256.2,4.39,0.0
1126,3,579,2.5779999999999603,0.055267702936096716,256.5,4.39,0.0
1127,3,579,2.5779999999999603,0.05699481865284974,256.8,4.39,0.0
1128,0,179,-0.8219999999999998,0.055865921787709494,256.9,4.39,0.0
1129,5,846,4.845000000000032,0.05555555555555555,257.4,4.39,0.0
1130,4,713,3.711999999999988,0.056100981767180924,257.8,4.39,0.0
1131,2,446,1.444999999999975,0.05605381165919283,258.0,4.39,0.0
1132,1,313,0.3119999999999896,0.05750798722044728,258.2,4.39,0.0
1133,0,179,-0.8219999999999998,0.055865921787709494,258.3,4.39,0.0
1134,2,446,1.444999999999975,0.05605381165919283,258.5,4.39,0.0
1135,1,328,0.32699999999998797,0.057926829268292686,258.7,4.39,0.0
1136,4,620,3.618999999999957,0.056451612903225805,259.0,4.39,0.0
1137,1,313,0.3119999999999896,0.054313099041533544,259.2,4.39,0.0
1138,0,179,-0.8219999999999998,0.055865921787709494,259.3,4.39,0.0
1139,2,446,1.444999999999975,0.05605381165919283,259.5,4.39,0.0
1140,0,179,-0.8219999999999998,0.055865921787709494,259.6,4.40,0.0
1141,0,194,-0.8069999999999998,0.05670103092783505,259.7,4.40,0.0
1142,3,579,2.5779999999999603,0.055267702936096716,260.0,4.40,0.0
1143,0,179,-0.8219999999999998,0.055865921787709494,260.1,4.40,0.0
1144,3,579,2.5779999999999603,0.055267702936096716,260.4,4.40,0.0
1145,4,713,3.711999999999988,0.0546984572230014,260.8,4.40,0.0
1146,0,179,-0.8219999999999998,0.055865921787709494,260.8,4.40,0.0
1147,1,319,0.31799999999998896,0.05642633228840126,261.0,4.40,0.0
1148,2,446,1.444999999999975,0.05605381165919283,261.2,4.40,0.0
1149,1,313,0.3119999999999896,0.05750798722044728,261.4,4.40,0.0
1150,1,313,0.3119999999999896,0.05750798722044728,261.6,4.40,0.0
1151,1,313,0.3119999999999896,0.054313099041533544,261.7,4.40,0.0
1152,0,184,-0.8169999999999998,0.059782608695652176,261.8,4.40,0.0
1153,0,179,-0.8219999999999998,0.055865921787709494,261.9,4.41,0.0
1154,6,979,5.978000000000075,0.056179775280898875,262.5,4.40,0.0
1155,1,313,0.3119999999999896,0.054313099041533544,262.7,4.40,0.0
1156,0,179,-0.8219999999999998,0.055865921787709494,262.7,4.40,0.0
1157,4,713,3.711999999999988,0.056100981767180924,263.1,4.40,0.0
1158,0,179,-0.8219999999999998,0.055865921787709494,263.2,4.40,0.0
1159,0,179,-0.8219999999999998,0.055865921787709494,263.3,4.41,0.0
1160,0,185,-0.8159999999999998,0.05945945945945946,263.4,4.41,0.0
1161,2,446,1.444999999999975,0.05605381165919283,263.7,4.41,0.0
1162,0,191,-0.8099999999999998,0.05759162303664921,263.8,4.41,0.0
1163,1,313,0.3119999999999896,0.054313099041533544,263.9,4.41,0.0
1164,3,579,2.5779999999999603,0.055267702936096716,264.2,4.41,0.0
1165,0,179,-0.8219999999999998,0.055865921787709494,264.3,4.41,0.0
1166,0,179,-0.8219999999999998,0.055865921787709494,264.4,4.41,0.0
1167,2,446,1.444999999999975,0.05605381165919283,264.7,4.41,0.0
1168,1,330,0.32899999999998775,0.05757575757575758,264.8,4.41,0.0
1169,1,340,0.33899999999998665,0.05588235294117647,265.0,4.41,0.0
1170,3,579,2.5779999999999603,0.055267702936096716,265.3,4.41,0.0
1171,2,446,1.444999999999975,0.05605381165919283,265.6,4.41,0.0
1172,0,189,-0.8119999999999998,0.0582010582010582,265.7,4.42,0.0
1173,0,179,-0.8219999999999998,0.055865921787709494,265.8,4.42,0.0
1174,4,713,3.711999999999988,0.0546984572230014,266.1,4.41,0.0
1175,2,446,1.444999999999975,0.05605381165919283,266.4,4.41,0.0
1176,3,579,2.5779999999999603,0.055267702936096716,266.7,4.41,0.0
1177,4,748,3.747,0.05614973262032086,267.1,4.41,0.0
1178,1,313,0.3119999999999896,0.054313099041533544,267.3,4.41,0.0
1179,0,192,-0.8089999999999998,0.057291666666666664,267.4,4.41,0.0
1180,0,179,-0.8219999999999998,0.055865921787709494,267.4,4.42,0.0
1181,4,713,3.711999999999988,0.0546984572230014,267.8,4.41,0.0
1182,1,313,0.3119999999999896,0.054313099041533544,268.0,4.41,0.0
1183,3,604,2.6029999999999576,0.056291390728476824,268.3,4.41,0.0
1184,1,336,0.3349999999999871,0.05654761904761905,268.5,4.41,0.0
1185,0,187,-0.8139999999999998,0.058823529411764705,268.6,4.42,0.0
1186,3,601,2.599999999999958,0.056572379367720464,268.9,4.41,0.0
1187,3,607,2.6059999999999572,0.05601317957166392,269.2,4.41,0.0
1188,1,319,0.31799999999998896,0.05642633228840126,269.4,4.41,0.0
1189,8,1246,8.244999999999962,0.05537720706260032,270.0,4.41,0.0
1190,3,579,2.5779999999999603,0.055267702936096716,270.3,4.41,0.0
1191,2,453,1.4519999999999742,0.05739514348785872,270.6,4.41,0.0
1192,2,446,1.444999999999975,0.05605381165919283,270.8,4.41,0.0
1193,0,179,-0.8219999999999998,0.055865921787709494,270.9,4.41,0.0
1194,3,579,2.5779999999999603,0.055267702936096716,271.2,4.41,0.0
1195,8,1246,8.244999999999962,0.05537720706260032,271.9,4.40,0.0
1196,3,579,2.5779999999999603,0.055267702936096716,272.2,4.40,0.0
1197,0,188,-0.8129999999999998,0.05851063829787234,272.3,4.40,0.0
1198,0,179,-0.8219999999999998,0.05027932960893855,272.4,4.40,0.0
1199,0,188,-0.8129999999999998,0.05851063829787234,272.5,4.40,0.0
1200,2,446,1.444999999999975,0.053811659192825115,272.7,4.40,0.0
1201,0,179,-0.8219999999999998,0.055865921787709494,272.8,4.41,0.0
1202,0,194,-0.8069999999999998,0.05670103092783505,272.9,4.41,0.0
1203,9,1394,9.39299999999988,0.05595408895265423,273.7,4.40,0.0
1204,0,179,-0.8219999999999998,0.055865921787709494,273.8,4.40,0.0
1205,0,179,-0.8219999999999998,0.055865921787709494,273.9,4.40,0.0
1206,1,313,0.3119999999999896,0.054313099041533544,274.0,4.40,0.0
1207,0,182,-0.8189999999999998,0.06043956043956044,274.1,4.41,0.0
1208,1,313,0.3119999999999896,0.05750798722044728,274.3,4.41,0.0
1209,4,732,3.7309999999999945,0.056010928961748634,274.7,4.41,0.0
1210,0,193,-0.8079999999999998,0.05699481865284974,274.8,4.41,0.0
1211,4,713,3.711999999999988,0.056100981767180924,275.2,4.40,0.0
1212,1,313,0.3119999999999896,0.054313099041533544,275.3,4.41,0.0
1213,0,179,-0.8219999999999998,0.055865921787709494,275.4,4.41,0.0
1214,1,313,0.3119999999999896,0.054313099041533544,275.6,4.41,0.0
1215,0,179,-0.8219999999999998,0.055865921787709494,275.7,4.41,0.0
1216,8,1253,8.251999999999958,0.055865921787709494,276.3,4.40,0.0
1217,0,185,-0.8159999999999998,0.05945945945945946,276.4,4.41,0.0
1218,5,850,4.849000000000033,0.05647058823529412,276.9,4.40,0.0
1219,2,446,1.444999999999975,0.05605381165919283,277.1,4.40,0.0
1220,9,1397,9.395999999999878,0.05583392984967788,278.0,4.39,0.0
1221,3,579,2.5779999999999603,0.055267702936096716,278.3,4.39,0.0
1222,4,713,3.711999999999988,0.056100981767180924,278.7,4.39,0.0
1223,3,585,2.5839999999999597,0.05641025641025641,279.0,4.39,0.0
1224,3,584,2.5829999999999598,0.05650684931506849,279.3,4.39,0.0
1225,0,189,-0.8119999999999998,0.0582010582010582,279.4,4.39,0.0
1226,0,179,-0.8219999999999998,0.055865921787709494,279.5,4.39,0.0
1227,0,179,-0.8219999999999998,0.055865921787709494,279.6,4.39,0.0
1228,1,318,0.31699999999998907,0.05660377358490566,279.7,4.39,0.0
1229,6,981,5.980000000000076,0.05606523955147808,280.3,4.39,0.0
1230,4,713,3.711999999999988,0.056100981767180924,280.6,4.39,0.0
1231,3,579,2.5779999999999603,0.055267702936096716,280.9,4.39,0.0
1232,0,188,-0.8129999999999998,0.05851063829787234,281.0,4.39,0.0
1233,3,579,2.5779999999999603,0.05699481865284974,281.3,4.39,0.0
1234,3,585,2.5839999999999597,0.05641025641025641,281.7,4.38,0.0
1235,2,446,1.444999999999975,0.05605381165919283,281.9,4.38,0.0
1236,2,446,1.444999999999975,0.053811659192825115,282.1,4.38,0.0
1237,1,313,0.3119999999999896,0.054313099041533544,282.3,4.39,0.0
1238,1,334,0.3329999999999873,0.05688622754491018,282.5,4.39,0.0
1239,2,467,1.4659999999999727,0.055674518201284794,282.7,4.39,0.0
1240,3,579,2.5779999999999603,0.055267702936096716,283.0,4.38,0.0
1241,0,187,-0.8139999999999998,0.058823529411764705,283.1,4.39,0.0
1242,1,313,0.3119999999999896,0.054313099041533544,283.3,4.39,0.0
1243,4,713,3.711999999999988,0.056100981767180924,283.7,4.39,0.0
1244,0,179,-0.8219999999999998,0.055865921787709494,283.8,4.39,0.0
1245,0,179,-0.8219999999999998,0.055865921787709494,283.9,4.39,0.0
1246,0,208,-0.7929999999999998,0.057692307692307696,284.0,4.39,0.0
1247,0,179,-0.8219999999999998,0.055865921787709494,284.1,4.39,0.0
1248,1,313,0.3119999999999896,0.054313099041533544,284.2,4.39,0.0
1249,0,179,-0.8219999999999998,0.055865921787709494,284.3,4.40,0.0
1250,3,579,2.5779999999999603,0.055267702936096716,284.6,4.39,0.0
1251,0,193,-0.8079999999999998,0.05699481865284974,284.7,4.40,0.0
1252,2,446,1.444999999999975,0.05605381165919283,285.0,4.40,0.0
1253,2,448,1.4469999999999748,0.05580357142857143,285.2,4.40,0.0
1254,3,579,2.5779999999999603,0.05699481865284974,285.5,4.40,0.0
1255,2,459,1.4579999999999735,0.05664488017429194,285.8,4.40,0.0
1256,0,179,-0.8219999999999998,0.055865921787709494,285.9,4.40,0.0
1257,2,462,1.4609999999999732,0.05627705627705628,286.1,4.40,0.0
1258,1,313,0.3119999999999896,0.05750798722044728,286.3,4.40,0.0
1259,0,190,-0.8109999999999998,0.05789473684210526,286.4,4.40,0.0
1260,0,195,-0.8059999999999998,0.05641025641025641,286.5,4.40,0.0
1261,4,714,3.7129999999999885,0.056022408963585436,286.9,4.40,0.0
1262,1,313,0.3119999999999896,0.054313099041533544,287.0,4.40,0.0
1263,1,313,0.3119999999999896,0.05750798722044728,287.2,4.40,0.0
1264,0,185,-0.8159999999999998,0.05945945945945946,287.3,4.40,0.0
1265,5,846,4.845000000000032,0.05555555555555555,287.8,4.40,0.0
1266,2,457,1.4559999999999738,0.05689277899343545,288.0,4.40,0.0
1267,3,579,2.5779999999999603,0.055267702936096716,288.3,4.40,0.0
1268,4,723,3.7219999999999915,0.056708160442600276,288.7,4.40,0.0
1269,0,179,-0.8219999999999998,0.055865921787709494,288.8,4.40,0.0
1270,0,188,-0.8129999999999998,0.05851063829787234,288.9,4.40,0.0
1271,3,581,2.57999999999996,0.05679862306368331,289.2,4.40,0.0
1272,3,588,2.5869999999999593,0.05612244897959184,289.5,4.40,0.0
1273,8,1246,8.244999999999962,0.05537720706260032,290.2,4.39,0.0
1274,2,446,1.444999999999975,0.05605381165919283,290.4,4.39,0.0
1275,5,846,4.845000000000032,0.05555555555555555,290.9,4.39,0.0
1276,0,186,-0.8149999999999998,0.05913978494623656,291.0,4.39,0.0
1277,0,179,-0.8219999999999998,0.055865921787709494,291.1,4.39,0.0
1278,2,457,1.4559999999999738,0.05689277899343545,291.3,4.39,0.0
1279,0,179,-0.8219999999999998,0.055865921787709494,291.4,4.39,0.0
1280,2,460,1.4589999999999734,0.05652173913043478,291.7,4.39,0.0
1281,1,313,0.3119999999999896,0.054313099041533544,291.8,4.39,0.0
1282,4,713,3.711999999999988,0.0546984572230014,292.2,4.39,0.0
1283,2,446,1.444999999999975,0.053811659192825115,292.5,4.39,0.0
1284,1,313,0.3119999999999896,0.054313099041533544,292.6,4.39,0.0
1285,1,313,0.3119999999999896,0.054313099041533544,292.8,4.39,0.0
1286,1,336,0.3349999999999871,0.05654761904761905,293.0,4.39,0.0
1287,1,313,0.3119999999999896,0.054313099041533544,293.1,4.39,0.0
1288,3,579,2.5779999999999603,0.055267702936096716,293.5,4.39,0.0
1289,3,588,2.5869999999999593,0.05612244897959184,293.8,4.39,0.0
1290,2,446,1.444999999999975,0.05605381165919283,294.0,4.39,0.0
1291,0,179,-0.8219999999999998,0.055865921787709494,294.1,4.39,0.0
1292,2,483,2.481999999999971,0.055900621118012424,294.4,4.39,0.0
1293,0,179,-0.8219999999999998,0.05027932960893855,294.5,4.39,0.0
1294,1,336,0.3349999999999871,0.05654761904761905,294.6,4.40,0.0
1295,2,446,1.444999999999975,0.053811659192825115,294.9,4.40,0.0
1296,3,580,2.57899999999996,0.056896551724137934,295.2,4.39,0.0
1297,0,179,-0.8219999999999998,0.055865921787709494,295.3,4.40,0.0
1298,1,316,0.3149999999999893,0.056962025316455694,295.4,4.40,0.0
1299,0,179,-0.8219999999999998,0.055865921787709494,295.5,4.40,0.0
1300,1,313,0.3119999999999896,0.054313099041533544,295.7,4.40,0.0
1301,0,179,-0.8219999999999998,0.055865921787709494,295.8,4.40,0.0
1302,7,1113,7.112000000000036,0.055705300988319856,296.4,4.40,0.0
1303,2,457,1.4559999999999738,0.05689277899343545,296.6,4.40,0.0
1304,2,456,1.4549999999999739,0.05701754385964912,296.9,4.40,0.0
1305,1,332,0.3309999999999875,0.0572289156626506,297.0,4.40,0.0
1306,0,202,-0.7989999999999998,0.0594059405940594,297.1,4.40,0.0
1307,1,313,0.3119999999999896,0.054313099041533544,297.3,4.40,0.0
1308,1,337,0.335999999999987,0.05637982195845697,297.5,4.40,0.0
1309,0,184,-0.8169999999999998,0.059782608695652176,297.6,4.40,0.0
1310,0,189,-0.8119999999999998,0.0582010582010582,297.7,4.40,0.0
1311,3,590,2.588999999999959,0.05593220338983051,298.0,4.40,0.0
1312,1,348,0.34699999999998576,0.05747126436781609,298.2,4.40,0.0
1313,3,579,2.5779999999999603,0.055267702936096716,298.5,4.40,0.0
1314,2,476,1.4749999999999717,0.05672268907563025,298.7,4.40,0.0
1315,0,208,-0.7929999999999998,0.057692307692307696,298.9,4.40,0.0
1316,1,313,0.3119999999999896,0.054313099041533544,299.0,4.40,0.0
1317,0,179,-0.8219999999999998,0.055865921787709494,299.1,4.41,0.0
1318,5,846,4.845000000000032,0.05555555555555555,299.6,4.40,0.0
1319,0,179,-0.8219999999999998,0.055865921787709494,299.7,4.40,0.0
1320,0,204,-0.7969999999999998,0.058823529411764705,299.8,4.41,0.0
1321,2,446,1.444999999999975,0.05605381165919283,300.0,4.41,0.0
1322,0,187,-0.8139999999999998,0.058823529411764705,300.1,4.41,0.0
1323,0,179,-0.8219999999999998,0.055865921787709494,300.2,4.41,0.0
1324,2,446,1.444999999999975,0.05605381165919283,300.4,4.41,0.0
1325,3,591,2.589999999999959,0.05583756345177665,300.8,4.41,0.0
1326,0,189,-0.8119999999999998,0.0582010582010582,300.9,4.41,0.0
1327,2,456,1.4549999999999739,0.05701754385964912,301.1,4.41,0.0
1328,3,579,2.5779999999999603,0.055267702936096716,301.4,4.41,0.0
1329,3,586,2.5849999999999596,0.05631399317406143,301.7,4.41,0.0
1330,1,313,0.3119999999999896,0.054313099041533544,301.9,4.41,0.0
1331,8,1258,8.256999999999955,0.05564387917329094,302.5,4.40,0.0
1332,4,713,3.711999999999988,0.056100981767180924,302.9,4.40,0.0
1333,3,579,2.5779999999999603,0.055267702936096716,303.2,4.40,0.0
1334,2,446,1.444999999999975,0.05605381165919283,303.5,4.40,0.0
1335,1,313,0.3119999999999896,0.054313099041533544,303.6,4.40,0.0
1336,3,593,2.591999999999959,0.05564924114671164,304.0,4.40,0.0
1337,0,179,-0.8219999999999998,0.055865921787709494,304.1,4.40,0.0
1338,3,579,2.5779999999999603,0.055267702936096716,304.4,4.40,0.0
1339,5,846,4.845000000000032,0.05555555555555555,304.8,4.40,0.0
1340,3,579,2.5779999999999603,0.055267702936096716,305.2,4.39,0.0
1341,1,313,0.3119999999999896,0.054313099041533544,305.3,4.40,0.0
1342,4,729,3.7279999999999935,0.056241426611796985,305.7,4.39,0.0
1343,2,446,1.444999999999975,0.05605381165919283,305.9,4.39,0.0
1344,3,579,2.5779999999999603,0.055267702936096716,306.3,4.39,0.0
1345,0,179,-0.8219999999999998,0.055865921787709494,306.4,4.39,0.0
1346,4,735,3.7339999999999955,0.055782312925170066,306.7,4.39,0.0
1347,0,204,-0.7969999999999998,0.058823529411764705,306.8,4.39,0.0
1348,0,179,-0.8219999999999998,0.055865921787709494,306.9,4.39,0.0
1349,1,313,0.3119999999999896,0.05750798722044728,307.1,4.40,0.0
1350,2,446,1.444999999999975,0.05605381165919283,307.4,4.40,0.0
1351,1,313,0.3119999999999896,0.054313099041533544,307.5,4.40,0.0
1352,3,579,2.5779999999999603,0.055267702936096716,307.8,4.40,0.0
1353,1,313,0.3119999999999896,0.054313099041533544,308.0,4.40,0.0
1354,0,179,-0.8219999999999998,0.055865921787709494,308.1,4.40,0.0
1355,1,314,0.3129999999999895,0.05732484076433121,308.2,4.40,0.0
1356,0,179,-0.8219999999999998,0.055865921787709494,308.3,4.40,0.0
1357,5,849,4.848000000000033,0.05653710247349823,308.8,4.40,0.0
1358,3,579,2.5779999999999603,0.055267702936096716,309.1,4.40,0.0
1359,2,446,1.444999999999975,0.05605381165919283,309.4,4.40,0.0
1360,0,192,-0.8089999999999998,0.057291666666666664,309.5,4.40,0.0
1361,1,318,0.31699999999998907,0.05660377358490566,309.6,4.40,0.0
1362,2,446,1.444999999999975,0.05605381165919283,309.9,4.40,0.0
1363,5,851,4.850000000000033,0.0564042303172738,310.3,4.40,0.0
1364,1,313,0.3119999999999896,0.054313099041533544,310.5,4.40,0.0
1365,0,189,-0.8119999999999998,0.0582010582010582,310.6,4.40,0.0
1366,3,579,2.5779999999999603,0.055267702936096716,310.9,4.40,0.0
1367,0,201,-0.7999999999999998,0.05970149253731343,311.0,4.40,0.0
1368,2,446,1.444999999999975,0.05605381165919283,311.3,4.40,0.0
1369,1,331,0.32999999999998764,0.05740181268882175,311.4,4.40,0.0
1370,0,190,-0.8109999999999998,0.05789473684210526,311.5,4.40,0.0
1371,2,446,1.444999999999975,0.05605381165919283,311.8,4.40,0.0
1372,0,192,-0.8089999999999998,0.057291666666666664,311.9,4.40,0.0
1373,0,179,-0.8219999999999998,0.055865921787709494,312.0,4.40,0.0
1374,3,586,2.5849999999999596,0.05631399317406143,312.3,4.40,0.0
1375,0,189,-0.8119999999999998,0.0582010582010582,312.4,4.40,0.0
1376,1,335,0.3339999999999872,0.056716417910447764,312.6,4.41,0.0
1377,0,205,-0.7959999999999998,0.05853658536585366,312.7,4.41,0.0
1378,2,446,1.444999999999975,0.05605381165919283,312.9,4.41,0.0
1379,2,446,1.444999999999975,0.05605381165919283,313.2,4.41,0.0
1380,0,179,-0.8219999999999998,0.055865921787709494,313.3,4.41,0.0
1381,3,580,2.57899999999996,0.056896551724137934,313.6,4.41,0.0
1382,7,1125,7.124000000000029,0.056,314.2,4.40,0.0
1383,0,179,-0.8219999999999998,0.055865921787709494,314.3,4.40,0.0
1384,0,186,-0.8149999999999998,0.05913978494623656,314.4,4.41,0.0
1385,3,582,2.58099999999996,0.05670103092783505,314.7,4.40,0.0
1386,0,179,-0.8219999999999998,0.055865921787709494,314.8,4.41,0.0
1387,0,188,-0.8129999999999998,0.05851063829787234,314.9,4.41,0.0
1388,2,446,1.444999999999975,0.05605381165919283,315.1,4.41,0.0
1389,6,979,5.978000000000075,0.05515832482124617,315.6,4.40,0.0
1390,2,465,1.4639999999999729,0.05591397849462366,315.9,4.40,0.0
1391,5,878,4.877000000000042,0.05580865603644647,316.3,4.40,0.0
1392,3,615,2.6139999999999564,0.056910569105691054,316.7,4.40,0.0
1393,1,313,0.3119999999999896,0.054313099041533544,316.8,4.40,0.0
1394,0,179,-0.8219999999999998,0.055865921787709494,316.9,4.40,0.0
1395,3,579,2.5779999999999603,0.055267702936096716,317.3,4.40,0.0
1396,4,713,3.711999999999988,0.0546984572230014,317.6,4.40,0.0
1397,0,179,-0.8219999999999998,0.055865921787709494,317.7,4.40,0.0
1398,0,179,-0.8219999999999998,0.055865921787709494,317.8,4.40,0.0
1399,2,446,1.444999999999975,0.05605381165919283,318.0,4.40,0.0
1400,2,446,1.444999999999975,0.05605381165919283,318.3,4.40,0.0
1401,5,851,4.850000000000033,0.0564042303172738,318.7,4.40,0.0
1402,0,190,-0.8109999999999998,0.05789473684210526,318.8,4.40,0.0
1403,1,313,0.3119999999999896,0.05750798722044728,319.0,4.40,0.0
1404,0,179,-0.8219999999999998,0.055865921787709494,319.1,4.40,0.0
1405,0,179,-0.8219999999999998,0.055865921787709494,319.2,4.40,0.0
1406,0,179,-0.8219999999999998,0.055865921787709494,319.3,4.41,0.0
1407,2,446,1.444999999999975,0.05605381165919283,319.5,4.41,0.0
1408,1,313,0.3119999999999896,0.05750798722044728,319.7,4.41,0.0
1409,1,313,0.3119999999999896,0.054313099041533544,319.9,4.41,0.0
1410,1,313,0.3119999999999896,0.054313099041533544,320.0,4.41,0.0
1411,0,179,-0.8219999999999998,0.055865921787709494,320.1,4.41,0.0
1412,2,446,1.444999999999975,0.05605381165919283,320.3,4.41,0.0
1413,9,1407,9.405999999999873,0.05614783226723525,321.1,4.40,0.0
1414,3,582,2.58099999999996,0.05670103092783505,321.4,4.40,0.0
1415,1,330,0.32899999999998775,0.05757575757575758,321.6,4.40,0.0
1416,0,183,-0.8179999999999998,0.060109289617486336,321.7,4.40,0.0
1417,2,446,1.444999999999975,0.05605381165919283,321.9,4.40,0.0
1418,5,846,4.845000000000032,0.05555555555555555,322.4,4.40,0.0
1419,2,446,1.444999999999975,0.053811659192825115,322.6,4.40,0.0
1420,5,846,4.845000000000032,0.05555555555555555,323.1,4.40,0.0
1421,1,338,0.33699999999998687,0.05621301775147929,323.2,4.40,0.0
1422,6,979,5.978000000000075,0.056179775280898875,323.8,4.39,0.0
1423,1,339,0.33799999999998676,0.05604719764011799,324.0,4.40,0.0
1424,0,192,-0.8089999999999998,0.057291666666666664,324.1,4.40,0.0
1425,0,186,-0.8149999999999998,0.05913978494623656,324.2,4.40,0.0
1426,2,446,1.444999999999975,0.05605381165919283,324.4,4.40,0.0
1427,3,579,2.5779999999999603,0.055267702936096716,324.7,4.40,0.0
1428,4,713,3.711999999999988,0.056100981767180924,325.1,4.40,0.0
1429,6,979,5.978000000000075,0.05515832482124617,325.6,4.39,0.0
1430,1,313,0.3119999999999896,0.05750798722044728,325.7,4.39,0.0
1431,5,846,4.845000000000032,0.05555555555555555,326.2,4.39,0.0
1432,6,1002,6.001000000000083,0.05588822355289421,326.7,4.39,0.0
1433,1,313,0.3119999999999896,0.054313099041533544,326.9,4.39,0.0
1434,1,313,0.3119999999999896,0.054313099041533544,327.1,4.39,0.0
1435,0,179,-0.8219999999999998,0.055865921787709494,327.2,4.39,0.0
1436,1,313,0.3119999999999896,0.05750798722044728,327.3,4.39,0.0
1437,2,446,1.444999999999975,0.05605381165919283,327.6,4.39,0.0
1438,0,190,-0.8109999999999998,0.05789473684210526,327.7,4.39,0.0
1439,0,187,-0.8139999999999998,0.058823529411764705,327.8,4.39,0.0
1440,0,184,-0.8169999999999998,0.059782608695652176,327.8,4.40,0.0
1441,0,179,-0.8219999999999998,0.055865921787709494,327.9,4.40,0.0
1442,3,579,2.5779999999999603,0.055267702936096716,328.3,4.40,0.0
1443,2,446,1.444999999999975,0.053811659192825115,328.5,4.40,0.0
1444,1,332,0.3309999999999875,0.0572289156626506,328.7,4.40,0.0
1445,4,713,3.711999999999988,0.0546984572230014,329.0,4.39,0.0
1446,5,846,4.845000000000032,0.05555555555555555,329.5,4.39,0.0
1447,2,457,1.4559999999999738,0.05689277899343545,329.7,4.39,0.0
1448,0,185,-0.8159999999999998,0.05945945945945946,329.8,4.39,0.0
1449,4,713,3.711999999999988,0.0546984572230014,330.2,4.39,0.0
1450,0,179,-0.8219999999999998,0.055865921787709494,330.3,4.39,0.0
1451,0,192,-0.8089999999999998,0.057291666666666664,330.4,4.39,0.0
1452,3,587,2.5859999999999594,0.056218057921635436,330.7,4.39,0.0
1453,2,446,1.444999999999975,0.05605381165919283,331.0,4.39,0.0
1454,2,480,1.4789999999999712,0.05625,331.2,4.39,0.0
1455,1,328,0.32699999999998797,0.057926829268292686,331.4,4.39,0.0
1456,0,179,-0.8219999999999998,0.055865921787709494,331.5,4.40,0.0
1457,6,980,5.979000000000076,0.05612244897959184,332.0,4.39,0.0
1458,2,446,1.444999999999975,0.05605381165919283,332.2,4.39,0.0
1459,0,184,-0.8169999999999998,0.059782608695652176,332.3,4.39,0.0
1460,0,179,-0.8219999999999998,0.055865921787709494,332.4,4.39,0.0
1461,0,179,-0.8219999999999998,0.055865921787709494,332.5,4.40,0.0
1462,6,979,5.978000000000075,0.05515832482124617,333.0,4.39,0.0
1463,2,446,1.444999999999975,0.05605381165919283,333.3,4.39,0.0
1464,13,1918,13.91699999999959,0.05578727841501564,334.3,4.38,0.0
1465,2,446,1.444999999999975,0.05605381165919283,334.5,4.38,0.0
1466,1,313,0.3119999999999896,0.054313099041533544,334.7,4.38,0.0
1467,2,459,1.4579999999999735,0.05664488017429194,335.0,4.38,0.0
1468,3,579,2.5779999999999603,0.055267702936096716,335.3,4.38,0.0
1469,0,179,-0.8219999999999998,0.055865921787709494,335.4,4.38,0.0
1470,1,313,0.3119999999999896,0.054313099041533544,335.5,4.38,0.0
1471,1,315,0.3139999999999894,0.05714285714285714,335.7,4.38,0.0
1472,3,609,2.607999999999957,0.05582922824302135,336.0,4.38,0.0
1473,6,979,5.978000000000075,0.056179775280898875,336.5,4.38,0.0
1474,6,979,5.978000000000075,0.056179775280898875,337.1,4.38,0.0
1475,3,581,2.57999999999996,0.05679862306368331,337.4,4.38,0.0
1476,0,189,-0.8119999999999998,0.0582010582010582,337.5,4.38,0.0
1477,0,179,-0.8219999999999998,0.055865921787709494,337.6,4.38,0.0
1478,0,179,-0.8219999999999998,0.055865921787709494,337.6,4.38,0.0
1479,0,190,-0.8109999999999998,0.05789473684210526,337.7,4.38,0.0
1480,7,1113,7.112000000000036,0.05480682839173405,338.3,4.38,0.0
1481,1,336,0.3349999999999871,0.05654761904761905,338.5,4.38,0.0
1482,3,579,2.5779999999999603,0.055267702936096716,338.8,4.38,0.0
1483,0,186,-0.8149999999999998,0.05913978494623656,338.9,4.38,0.0
1484,2,453,1.4519999999999742,0.05739514348785872,339.2,4.38,0.0
1485,3,581,2.57999999999996,0.05679862306368331,339.5,4.38,0.0
1486,2,446,1.444999999999975,0.05605381165919283,339.7,4.38,0.0
1487,0,179,-0.8219999999999998,0.055865921787709494,339.8,4.38,0.0
1488,0,179,-0.8219999999999998,0.055865921787709494,339.9,4.38,0.0
1489,0,207,-0.7939999999999998,0.057971014492753624,340.0,4.38,0.0
1490,2,463,1.461999999999973,0.056155507559395246,340.3,4.38,0.0
1491,2,446,1.444999999999975,0.05605381165919283,340.5,4.38,0.0
1492,2,446,1.444999999999975,0.05605381165919283,340.8,4.38,0.0
1493,1,313,0.3119999999999896,0.054313099041533544,340.9,4.38,0.0
1494,5,849,4.848000000000033,0.05653710247349823,341.4,4.38,0.0
1495,0,179,-0.8219999999999998,0.055865921787709494,341.5,4.38,0.0
1496,4,733,3.731999999999995,0.05593451568894952,341.9,4.38,0.0
1497,0,179,-0.8219999999999998,0.055865921787709494,342.0,4.38,0.0
1498,0,211,-0.7899999999999998,0.05687203791469194,342.1,4.38,0.0
1499,3,589,2.587999999999959,0.05602716468590832,342.5,4.38,0.0
1500,6,981,5.980000000000076,0.05606523955147808,343.0,4.38,0.0
1501,2,481,1.4799999999999711,0.056133056133056136,346.3,4.34,0.0
1502,5,860,4.859000000000036,0.05581395348837209,346.8,4.33,0.0
1503,3,579,2.5779999999999603,0.05699481865284974,347.1,4.33,0.0
1504,5,846,4.845000000000032,0.05555555555555555,347.5,4.33,0.0
1505,2,454,1.452999999999974,0.05726872246696035,347.8,4.33,0.0
1506,0,189,-0.8119999999999998,0.0582010582010582,347.9,4.33,0.0
1507,4,730,3.728999999999994,0.056164383561643834,348.2,4.33,0.0
1508,6,979,5.978000000000075,0.05515832482124617,348.7,4.33,0.0
1509,2,446,1.444999999999975,0.05605381165919283,349.0,4.33,0.0
1510,2,446,1.444999999999975,0.05605381165919283,349.2,4.33,0.0
1511,4,713,3.711999999999988,0.0546984572230014,349.6,4.32,0.0
1512,0,179,-0.8219999999999998,0.055865921787709494,349.7,4.33,0.0
1513,0,179,-0.8219999999999998,0.055865921787709494,349.8,4.33,0.0
1514,1,313,0.3119999999999896,0.054313099041533544,350.0,4.33,0.0
1515,0,179,-0.8219999999999998,0.055865921787709494,350.1,4.33,0.0
1516,2,446,1.444999999999975,0.05605381165919283,350.3,4.33,0.0
1517,3,579,2.5779999999999603,0.055267702936096716,350.6,4.33,0.0
1518,4,713,3.711999999999988,0.0546984572230014,351.0,4.33,0.0
1519,1,313,0.3119999999999896,0.054313099041533544,351.2,4.33,0.0
1520,1,313,0.3119999999999896,0.05750798722044728,351.3,4.33,0.0
1521,1,313,0.3119999999999896,0.054313099041533544,351.5,4.33,0.0
1522,0,182,-0.8189999999999998,0.06043956043956044,351.6,4.33,0.0
1523,2,448,1.4469999999999748,0.05580357142857143,351.8,4.33,0.0
1524,1,313,0.3119999999999896,0.054313099041533544,352.0,4.33,0.0
1525,0,179,-0.8219999999999998,0.055865921787709494,352.1,4.33,0.0
1526,2,446,1.444999999999975,0.05605381165919283,352.3,4.33,0.0
1527,0,179,-0.8219999999999998,0.055865921787709494,352.4,4.34,0.0
1528,0,187,-0.8139999999999998,0.058823529411764705,352.5,4.34,0.0
1529,0,179,-0.8219999999999998,0.055865921787709494,352.6,4.34,0.0
1530,2,446,1.444999999999975,0.053811659192825115,352.8,4.34,0.0
1531,4,736,3.734999999999996,0.05570652173913043,353.2,4.34,0.0
1532,0,185,-0.8159999999999998,0.05945945945945946,353.3,4.34,0.0
1533,0,179,-0.8219999999999998,0.055865921787709494,353.4,4.34,0.0
1534,1,313,0.3119999999999896,0.054313099041533544,353.6,4.34,0.0
1535,1,313,0.3119999999999896,0.054313099041533544,353.7,4.34,0.0
1536,1,313,0.3119999999999896,0.05750798722044728,353.9,4.34,0.0
1537,1,314,0.3129999999999895,0.05732484076433121,354.1,4.34,0.0
1538,2,457,1.4559999999999738,0.05689277899343545,354.4,4.34,0.0
1539,1,313,0.3119999999999896,0.054313099041533544,354.5,4.34,0.0
1540,1,313,0.3119999999999896,0.054313099041533544,354.7,4.34,0.0
1541,0,187,-0.8139999999999998,0.058823529411764705,354.8,4.35,0.0
1542,4,733,3.731999999999995,0.05593451568894952,355.1,4.34,0.0
1543,0,179,-0.8219999999999998,0.055865921787709494,355.2,4.35,0.0
1544,3,579,2.5779999999999603,0.055267702936096716,355.6,4.35,0.0
1545,8,1246,8.244999999999962,0.05537720706260032,356.2,4.34,0.0
1546,8,1252,8.250999999999959,0.05591054313099041,356.9,4.34,0.0
1547,1,313,0.3119999999999896,0.054313099041533544,357.0,4.34,0.0
1548,5,846,4.845000000000032,0.05555555555555555,357.5,4.33,0.0
1549,1,313,0.3119999999999896,0.054313099041533544,357.7,4.33,0.0
1550,2,467,1.4659999999999727,0.055674518201284794,357.9,4.33,0.0
1551,0,186,-0.8149999999999998,0.05913978494623656,358.0,4.34,0.0
1552,1,313,0.3119999999999896,0.054313099041533544,358.2,4.34,0.0
1553,0,179,-0.8219999999999998,0.055865921787709494,358.3,4.34,0.0
1554,4,732,3.7309999999999945,0.056010928961748634,358.7,4.34,0.0
1555,6,995,5.994000000000081,0.05628140703517588,359.2,4.33,0.0
1556,0,207,-0.7939999999999998,0.057971014492753624,359.3,4.33,0.0
1557,2,455,1.453999999999974,0.05714285714285714,359.5,4.33,0.0
1558,6,979,5.978000000000075,0.05515832482124617,360.1,4.33,0.0
1559,4,725,3.723999999999992,0.05655172413793103,360.4,4.33,0.0
1560,2,446,1.444999999999975,0.05605381165919283,360.7,4.33,0.0
1561,3,610,2.608999999999957,0.05573770491803279,361.0,4.33,0.0
1562,3,609,2.607999999999957,0.05582922824302135,361.3,4.33,0.0
1563,3,579,2.5779999999999603,0.055267702936096716,361.6,4.32,0.0
1564,1,340,0.33899999999998665,0.05588235294117647,361.8,4.33,0.0
1565,2,481,1.4799999999999711,0.056133056133056136,362.1,4.32,0.0
1566,5,846,4.845000000000032,0.05555555555555555,362.5,4.32,0.0
1567,3,579,2.5779999999999603,0.055267702936096716,362.8,4.32,0.0
1568,1,340,0.33899999999998665,0.05588235294117647,363.0,4.32,0.0
1569,1,313,0.3119999999999896,0.054313099041533544,363.2,4.32,0.0
1570,0,187,-0.8139999999999998,0.058823529411764705,363.3,4.32,0.0
1571,0,193,-0.8079999999999998,0.05699481865284974,363.4,4.33,0.0
1572,0,179,-0.8219999999999998,0.055865921787709494,363.5,4.33,0.0
1573,1,336,0.3349999999999871,0.05654761904761905,363.7,4.33,0.0
1574,2,456,1.4549999999999739,0.05701754385964912,363.9,4.33,0.0
1575,3,580,2.57899999999996,0.056896551724137934,364.2,4.33,0.0
1576,3,582,2.58099999999996,0.05670103092783505,364.5,4.33,0.0
1577,0,183,-0.8179999999999998,0.060109289617486336,364.6,4.33,0.0
1578,6,1005,6.004000000000084,0.05572139303482587,365.2,4.32,0.0
1579,0,179,-0.8219999999999998,0.055865921787709494,365.3,4.33,0.0
1580,0,196,-0.8049999999999998,0.05612244897959184,365.4,4.33,0.0
1581,1,313,0.3119999999999896,0.054313099041533544,365.5,4.33,0.0
1582,3,591,2.589999999999959,0.05583756345177665,365.9,4.33,0.0
1583,0,179,-0.8219999999999998,0.055865921787709494,365.9,4.33,0.0
1584,2,446,1.444999999999975,0.053811659192825115,366.3,4.33,0.0
1585,2,471,1.4699999999999722,0.05732484076433121,366.5,4.33,0.0
1586,0,179,-0.8219999999999998,0.055865921787709494,366.6,4.33,0.0
1587,0,183,-0.8179999999999998,0.060109289617486336,366.7,4.33,0.0
1588,4,713,3.711999999999988,0.056100981767180924,367.1,4.33,0.0
1589,0,179,-0.8219999999999998,0.055865921787709494,367.2,4.33,0.0
1590,1,313,0.3119999999999896,0.054313099041533544,367.3,4.33,0.0
1591,1,313,0.3119999999999896,0.054313099041533544,367.5,4.33,0.0
1592,5,846,4.845000000000032,0.05555555555555555,367.9,4.33,0.0
1593,0,179,-0.8219999999999998,0.055865921787709494,368.0,4.33,0.0
1594,0,188,-0.8129999999999998,0.05851063829787234,368.1,4.33,0.0
1595,2,446,1.444999999999975,0.053811659192825115,368.4,4.33,0.0
1596,4,713,3.711999999999988,0.056100981767180924,368.7,4.33,0.0
1597,4,727,3.725999999999993,0.05639614855570839,369.1,4.33,0.0
1598,0,184,-0.8169999999999998,0.059782608695652176,369.2,4.33,0.0
1599,3,579,2.5779999999999603,0.055267702936096716,369.5,4.33,0.0
1600,1,313,0.3119999999999896,0.05750798722044728,369.7,4.33,0.0
1601,0,179,-0.8219999999999998,0.055865921787709494,369.8,4.33,0.0
1602,0,179,-0.8219999999999998,0.055865921787709494,369.9,4.33,0.0
1603,2,459,1.4579999999999735,0.05664488017429194,370.1,4.33,0.0
1604,0,184,-0.8169999999999998,0.059782608695652176,370.2,4.34,0.0
1605,1,313,0.3119999999999896,0.05750798722044728,370.4,4.34,0.0
1606,0,190,-0.8109999999999998,0.05789473684210526,370.5,4.34,0.0
1607,2,446,1.444999999999975,0.05605381165919283,370.7,4.34,0.0
1608,1,332,0.3309999999999875,0.0572289156626506,370.9,4.34,0.0
1609,7,1127,7.126000000000028,0.055900621118012424,371.5,4.33,0.0
1610,2,476,1.4749999999999717,0.05672268907563025,371.8,4.33,0.0
1611,2,457,1.4559999999999738,0.05689277899343545,372.0,4.33,0.0
1612,1,313,0.3119999999999896,0.054313099041533544,372.2,4.33,0.0
1613,1,336,0.3349999999999871,0.05654761904761905,372.4,4.33,0.0
1614,7,1121,7.120000000000031,0.056199821587867974,373.0,4.33,0.0
1615,0,179,-0.8219999999999998,0.055865921787709494,373.1,4.33,0.0
1616,0,186,-0.8149999999999998,0.05913978494623656,373.2,4.33,0.0
1617,2,446,1.444999999999975,0.05605381165919283,373.4,4.33,0.0
1618,1,317,0.3159999999999892,0.056782334384858045,373.6,4.33,0.0
1619,2,446,1.444999999999975,0.05605381165919283,373.8,4.33,0.0
1620,7,1126,7.125000000000028,0.05595026642984014,374.4,4.33,0.0
1621,1,315,0.3139999999999894,0.05714285714285714,374.6,4.33,0.0
1622,2,446,1.444999999999975,0.05605381165919283,374.8,4.33,0.0
1623,3,579,2.5779999999999603,0.055267702936096716,375.1,4.33,0.0
1624,0,185,-0.8159999999999998,0.05945945945945946,375.2,4.33,0.0
1625,1,315,0.3139999999999894,0.05714285714285714,375.4,4.33,0.0
1626,1,313,0.3119999999999896,0.054313099041533544,375.6,4.33,0.0
1627,4,713,3.711999999999988,0.0546984572230014,375.9,4.33,0.0
1628,2,457,1.4559999999999738,0.05689277899343545,376.2,4.33,0.0
1629,2,454,1.452999999999974,0.05726872246696035,376.4,4.33,0.0
1630,6,979,5.978000000000075,0.05515832482124617,376.9,4.33,0.0
1631,2,460,1.4589999999999734,0.05652173913043478,377.2,4.33,0.0
1632,1,313,0.3119999999999896,0.054313099041533544,377.4,4.33,0.0
1633,0,179,-0.8219999999999998,0.055865921787709494,377.4,4.33,0.0
1634,5,846,4.845000000000032,0.05555555555555555,377.9,4.33,0.0
1635,2,446,1.444999999999975,0.05605381165919283,378.1,4.33,0.0
1636,0,183,-0.8179999999999998,0.060109289617486336,378.2,4.33,0.0
1637,3,579,2.5779999999999603,0.055267702936096716,378.5,4.33,0.0
1638,2,471,1.4699999999999722,0.05732484076433121,378.8,4.33,0.0
1639,4,713,3.711999999999988,0.056100981767180924,379.1,4.33,0.0
1640,0,186,-0.8149999999999998,0.05913978494623656,379.3,4.33,0.0
1641,4,715,3.713999999999989,0.055944055944055944,379.7,4.33,0.0
1642,0,179,-0.8219999999999998,0.055865921787709494,379.7,4.33,0.0
1643,6,979,5.978000000000075,0.05515832482124617,380.2,4.32,0.0
1644,3,579,2.5779999999999603,0.055267702936096716,380.6,4.32,0.0
1645,0,179,-0.8219999999999998,0.055865921787709494,380.7,4.32,0.0
1646,0,191,-0.8099999999999998,0.05759162303664921,380.8,4.33,0.0
1647,3,603,2.6019999999999577,0.05638474295190713,381.1,4.32,0.0
1648,1,313,0.3119999999999896,0.054313099041533544,381.2,4.33,0.0
1649,0,185,-0.8159999999999998,0.05945945945945946,381.3,4.33,0.0
1650,0,179,-0.8219999999999998,0.055865921787709494,381.4,4.33,0.0
1651,7,1113,7.112000000000036,0.055705300988319856,382.0,4.32,0.0
1652,1,346,0.344999999999986,0.057803468208092484,382.2,4.32,0.0
1653,3,579,2.5779999999999603,0.055267702936096716,382.5,4.32,0.0
1654,3,581,2.57999999999996,0.05679862306368331,382.8,4.32,0.0
1655,2,446,1.444999999999975,0.053811659192825115,383.0,4.32,0.0
1656,0,179,-0.8219999999999998,0.055865921787709494,383.1,4.32,0.0
1657,4,726,3.7249999999999925,0.05647382920110193,383.5,4.32,0.0
1658,2,446,1.444999999999975,0.05605381165919283,383.8,4.32,0.0
1659,1,313,0.3119999999999896,0.05750798722044728,383.9,4.32,0.0
1660,3,584,2.5829999999999598,0.05650684931506849,384.2,4.32,0.0
1661,1,313,0.3119999999999896,0.05750798722044728,384.4,4.32,0.0
1662,3,587,2.5859999999999594,0.056218057921635436,384.7,4.32,0.0
1663,0,186,-0.8149999999999998,0.05913978494623656,384.8,4.32,0.0
1664,1,314,0.3129999999999895,0.05732484076433121,385.0,4.32,0.0
1665,0,179,-0.8219999999999998,0.055865921787709494,385.1,4.33,0.0
1666,0,204,-0.7969999999999998,0.058823529411764705,385.2,4.33,0.0
1667,1,313,0.3119999999999896,0.05750798722044728,385.4,4.33,0.0
1668,3,579,2.5779999999999603,0.055267702936096716,385.7,4.33,0.0
1669,5,846,4.845000000000032,0.05555555555555555,386.1,4.32,0.0
1670,1,313,0.3119999999999896,0.05750798722044728,386.3,4.33,0.0
1671,5,751,4.75,0.0559254327563249,386.7,4.32,0.0
1672,3,589,2.587999999999959,0.05602716468590832,387.0,4.32,0.0
1673,4,731,3.729999999999994,0.0560875512995896,387.4,4.32,0.0
1674,2,459,1.4579999999999735,0.05664488017429194,387.6,4.32,0.0
1675,0,209,-0.7919999999999998,0.05741626794258373,387.7,4.32,0.0
1676,1,315,0.3139999999999894,0.05714285714285714,387.9,4.32,0.0
1677,1,313,0.3119999999999896,0.05750798722044728,388.0,4.32,0.0
1678,1,314,0.3129999999999895,0.05732484076433121,388.2,4.32,0.0
1679,0,179,-0.8219999999999998,0.055865921787709494,388.3,4.33,0.0
1680,1,313,0.3119999999999896,0.05750798722044728,388.5,4.33,0.0
1681,0,179,-0.8219999999999998,0.055865921787709494,388.6,4.33,0.0
1682,0,179,-0.8219999999999998,0.055865921787709494,388.7,4.33,0.0
1683,0,179,-0.8219999999999998,0.055865921787709494,388.8,4.33,0.0
1684,1,313,0.3119999999999896,0.054313099041533544,388.9,4.33,0.0
1685,3,592,2.590999999999959,0.05574324324324324,389.3,4.33,0.0
1686,0,179,-0.8219999999999998,0.055865921787709494,389.3,4.33,0.0
1687,1,313,0.3119999999999896,0.054313099041533544,389.5,4.33,0.0
1688,1,315,0.3139999999999894,0.05714285714285714,389.7,4.33,0.0
1689,3,587,2.5859999999999594,0.056218057921635436,390.0,4.33,0.0
1690,0,179,-0.8219999999999998,0.055865921787709494,390.1,4.33,0.0
1691,1,336,0.3349999999999871,0.05654761904761905,390.3,4.34,0.0
1692,6,979,5.978000000000075,0.05515832482124617,390.8,4.33,0.0
1693,5,846,4.845000000000032,0.05555555555555555,391.2,4.33,0.0
1694,0,191,-0.8099999999999998,0.05759162303664921,391.4,4.33,0.0
1695,0,186,-0.8149999999999998,0.05913978494623656,391.5,4.33,0.0
1696,1,318,0.31699999999998907,0.05660377358490566,391.6,4.33,0.0
1697,0,179,-0.8219999999999998,0.055865921787709494,391.7,4.33,0.0
1698,2,446,1.444999999999975,0.05605381165919283,392.0,4.33,0.0
1699,1,313,0.3119999999999896,0.054313099041533544,392.1,4.34,0.0
1700,0,205,-0.7959999999999998,0.05853658536585366,392.2,4.34,0.0
1701,0,209,-0.7919999999999998,0.05741626794258373,392.3,4.34,0.0
1702,3,579,2.5779999999999603,0.055267702936096716,392.7,4.34,0.0
1703,0,184,-0.8169999999999998,0.059782608695652176,392.7,4.34,0.0
1704,3,579,2.5779999999999603,0.055267702936096716,393.0,4.34,0.0
1705,0,187,-0.8139999999999998,0.058823529411764705,393.1,4.34,0.0
1706,4,731,3.729999999999994,0.0560875512995896,393.5,4.34,0.0
1707,0,179,-0.8219999999999998,0.055865921787709494,393.6,4.34,0.0
1708,0,179,-0.8219999999999998,0.055865921787709494,393.7,4.34,0.0
1709,5,853,4.852000000000034,0.05627198124267292,394.2,4.34,0.0
1710,3,579,2.5779999999999603,0.055267702936096716,394.5,4.34,0.0
1711,0,179,-0.8219999999999998,0.05027932960893855,394.6,4.34,0.0
1712,1,313,0.3119999999999896,0.054313099041533544,394.7,4.34,0.0
1713,2,460,1.4589999999999734,0.05652173913043478,395.0,4.34,0.0
1714,1,317,0.3159999999999892,0.056782334384858045,395.2,4.34,0.0
1715,3,608,2.606999999999957,0.05592105263157895,395.5,4.34,0.0
1716,0,186,-0.8149999999999998,0.05913978494623656,395.6,4.34,0.0
1717,1,313,0.3119999999999896,0.054313099041533544,395.7,4.34,0.0
1718,0,179,-0.8219999999999998,0.055865921787709494,395.8,4.34,0.0
1719,0,206,-0.7949999999999998,0.05825242718446602,395.9,4.34,0.0
1720,7,1113,7.112000000000036,0.055705300988319856,396.5,4.34,0.0
1721,1,321,0.31999999999998874,0.056074766355140186,396.7,4.34,0.0
1722,0,185,-0.8159999999999998,0.05945945945945946,396.8,4.34,0.0
1723,1,313,0.3119999999999896,0.054313099041533544,397.0,4.34,0.0
1724,0,179,-0.8219999999999998,0.055865921787709494,397.1,4.34,0.0
1725,2,446,1.444999999999975,0.05605381165919283,397.3,4.34,0.0
1726,0,194,-0.8069999999999998,0.05670103092783505,397.4,4.35,0.0
1727,4,713,3.711999999999988,0.056100981767180924,397.8,4.34,0.0
1728,0,186,-0.8149999999999998,0.05913978494623656,397.9,4.35,0.0
1729,1,313,0.3119999999999896,0.054313099041533544,398.1,4.35,0.0
1730,2,446,1.444999999999975,0.05605381165919283,398.3,4.35,0.0
1731,0,184,-0.8169999999999998,0.059782608695652176,398.4,4.35,0.0
1732,0,203,-0.7979999999999998,0.059113300492610835,398.5,4.35,0.0
1733,4,713,3.711999999999988,0.056100981767180924,398.9,4.35,0.0
1734,0,186,-0.8149999999999998,0.05913978494623656,399.0,4.35,0.0
1735,2,483,2.481999999999971,0.055900621118012424,399.2,4.35,0.0
1736,0,179,-0.8219999999999998,0.055865921787709494,399.3,4.35,0.0
1737,1,313,0.3119999999999896,0.054313099041533544,399.5,4.35,0.0
1738,2,460,1.4589999999999734,0.05652173913043478,399.7,4.35,0.0
1739,1,320,0.31899999999998885,0.05625,399.9,4.35,0.0
1740,0,187,-0.8139999999999998,0.058823529411764705,400.0,4.35,0.0
1741,1,313,0.3119999999999896,0.05750798722044728,400.2,4.35,0.0
1742,2,446,1.444999999999975,0.05605381165919283,400.4,4.35,0.0
1743,2,461,1.4599999999999733,0.05639913232104121,400.7,4.35,0.0
1744,1,313,0.3119999999999896,0.054313099041533544,400.8,4.35,0.0
1745,0,186,-0.8149999999999998,0.05913978494623656,400.9,4.35,0.0
1746,5,846,4.845000000000032,0.05555555555555555,401.4,4.35,0.0
1747,9,1392,9.390999999999881,0.05603448275862069,402.1,4.35,0.0
1748,3,579,2.5779999999999603,0.055267702936096716,402.4,4.35,0.0
1749,3,579,2.5779999999999603,0.055267702936096716,402.7,4.35,0.0
1750,0,179,-0.8219999999999998,0.055865921787709494,402.8,4.35,0.0
1751,1,313,0.3119999999999896,0.05750798722044728,403.0,4.35,0.0
1752,4,743,3.741999999999998,0.05652759084791386,403.4,4.35,0.0
1753,2,446,1.444999999999975,0.053811659192825115,403.6,4.35,0.0
1754,0,179,-0.8219999999999998,0.055865921787709494,403.7,4.35,0.0
1755,2,446,1.444999999999975,0.053811659192825115,404.0,4.35,0.0
1756,0,184,-0.8169999999999998,0.059782608695652176,404.1,4.35,0.0
1757,3,579,2.5779999999999603,0.055267702936096716,404.4,4.35,0.0
1758,1,313,0.3119999999999896,0.054313099041533544,404.5,4.35,0.0
1759,5,846,4.845000000000032,0.05555555555555555,405.0,4.35,0.0
1760,1,315,0.3139999999999894,0.05714285714285714,405.2,4.35,0.0
1761,0,185,-0.8159999999999998,0.05945945945945946,405.2,4.35,0.0
1762,1,320,0.31899999999998885,0.05625,405.4,4.35,0.0
1763,2,352,1.3509999999999853,0.056818181818181816,405.6,4.35,0.0
1764,1,313,0.3119999999999896,0.054313099041533544,405.8,4.35,0.0
1765,0,179,-0.8219999999999998,0.05027932960893855,405.9,4.35,0.0
1766,7,1139,7.138000000000021,0.056189640035118525,406.5,4.35,0.0
1767,7,1113,7.112000000000036,0.055705300988319856,407.1,4.34,0.0
1768,4,715,3.713999999999989,0.055944055944055944,407.4,4.34,0.0
1769,0,190,-0.8109999999999998,0.05789473684210526,407.5,4.34,0.0
1770,0,191,-0.8099999999999998,0.05759162303664921,407.6,4.34,0.0
1771,5,846,4.845000000000032,0.05555555555555555,408.1,4.34,0.0
1772,6,979,5.978000000000075,0.05515832482124617,408.6,4.34,0.0
1773,1,313,0.3119999999999896,0.05750798722044728,408.8,4.34,0.0
1774,0,179,-0.8219999999999998,0.055865921787709494,408.9,4.34,0.0
1775,0,179,-0.8219999999999998,0.055865921787709494,409.0,4.34,0.0
1776,1,336,0.3349999999999871,0.05654761904761905,409.2,4.34,0.0
1777,0,179,-0.8219999999999998,0.055865921787709494,409.3,4.34,0.0
1778,4,724,3.722999999999992,0.05662983425414365,409.6,4.34,0.0
1779,1,313,0.3119999999999896,0.054313099041533544,409.8,4.34,0.0
1780,1,336,0.3349999999999871,0.05654761904761905,410.0,4.34,0.0
1781,5,853,4.852000000000034,0.05627198124267292,410.5,4.34,0.0
1782,0,186,-0.8149999999999998,0.05913978494623656,410.6,4.34,0.0
1783,1,330,0.32899999999998775,0.05757575757575758,410.7,4.34,0.0
1784,3,579,2.5779999999999603,0.055267702936096716,411.0,4.34,0.0
1785,2,446,1.444999999999975,0.05605381165919283,411.3,4.34,0.0
1786,0,205,-0.7959999999999998,0.05853658536585366,411.4,4.34,0.0
1787,3,580,2.57899999999996,0.056896551724137934,411.7,4.34,0.0
1788,0,179,-0.8219999999999998,0.055865921787709494,411.8,4.34,0.0
1789,4,713,3.711999999999988,0.0546984572230014,412.2,4.34,0.0
1790,0,179,-0.8219999999999998,0.055865921787709494,412.3,4.34,0.0
1791,2,466,1.4649999999999728,0.055793991416309016,412.5,4.34,0.0
1792,2,446,1.444999999999975,0.05605381165919283,412.7,4.34,0.0
1793,2,471,1.4699999999999722,0.05732484076433121,413.0,4.34,0.0
1794,5,846,4.845000000000032,0.05555555555555555,413.4,4.34,0.0
1795,5,853,4.852000000000034,0.05627198124267292,413.9,4.34,0.0
1796,3,587,2.5859999999999594,0.056218057921635436,414.2,4.34,0.0
1797,0,195,-0.8059999999999998,0.05641025641025641,414.3,4.34,0.0
1798,0,179,-0.8219999999999998,0.055865921787709494,414.4,4.34,0.0
1799,7,1127,7.126000000000028,0.055900621118012424,415.0,4.34,0.0
1800,3,604,2.6029999999999576,0.056291390728476824,415.3,4.34,0.0
1801,2,446,1.444999999999975,0.053811659192825115,415.6,4.34,0.0
1802,2,446,1.444999999999975,0.05605381165919283,415.8,4.34,0.0
1803,0,196,-0.8049999999999998,0.05612244897959184,415.9,4.34,0.0
1804,2,446,1.444999999999975,0.05605381165919283,416.2,4.34,0.0
1805,3,579,2.5779999999999603,0.055267702936096716,416.5,4.34,0.0
1806,5,850,4.849000000000033,0.05647058823529412,416.9,4.33,0.0
1807,8,1246,8.244999999999962,0.05537720706260032,417.6,4.33,0.0
1808,0,183,-0.8179999999999998,0.060109289617486336,417.7,4.33,0.0
1809,3,579,2.5779999999999603,0.055267702936096716,418.0,4.33,0.0
1810,5,846,4.845000000000032,0.05555555555555555,418.4,4.33,0.0
1811,4,713,3.711999999999988,0.056100981767180924,418.8,4.33,0.0
1812,2,447,1.4459999999999749,0.05592841163310962,419.1,4.33,0.0
1813,0,179,-0.8219999999999998,0.055865921787709494,419.2,4.33,0.0
1814,4,713,3.711999999999988,0.056100981767180924,419.5,4.33,0.0
1815,3,583,2.58199999999996,0.05660377358490566,419.9,4.33,0.0
1816,5,846,4.845000000000032,0.05555555555555555,420.3,4.32,0.0
1817,5,846,4.845000000000032,0.05555555555555555,420.8,4.32,0.0
1818,0,179,-0.8219999999999998,0.055865921787709494,420.9,4.32,0.0
1819,5,851,4.850000000000033,0.0564042303172738,421.3,4.32,0.0
1820,2,455,1.453999999999974,0.05714285714285714,421.6,4.32,0.0
1821,2,446,1.444999999999975,0.05605381165919283,421.8,4.32,0.0
1822,5,846,4.845000000000032,0.05555555555555555,422.3,4.32,0.0
1823,0,194,-0.8069999999999998,0.05670103092783505,422.4,4.32,0.0
1824,4,728,3.726999999999993,0.05631868131868132,422.8,4.32,0.0
1825,0,179,-0.8219999999999998,0.055865921787709494,422.9,4.32,0.0
1826,3,591,2.589999999999959,0.05583756345177665,423.2,4.32,0.0
1827,0,179,-0.8219999999999998,0.055865921787709494,423.3,4.32,0.0
1828,3,579,2.5779999999999603,0.055267702936096716,423.6,4.32,0.0
1829,2,446,1.444999999999975,0.05605381165919283,423.8,4.32,0.0
1830,2,446,1.444999999999975,0.05605381165919283,424.0,4.32,0.0
1831,5,852,4.851000000000034,0.056338028169014086,424.5,4.32,0.0
1832,4,713,3.711999999999988,0.0546984572230014,424.9,4.31,0.0
1833,2,446,1.444999999999975,0.05605381165919283,425.1,4.31,0.0
1834,0,211,-0.7899999999999998,0.05687203791469194,425.2,4.32,0.0
1835,0,187,-0.8139999999999998,0.058823529411764705,425.3,4.32,0.0
1836,0,179,-0.8219999999999998,0.055865921787709494,425.4,4.32,0.0
1837,3,581,2.57999999999996,0.05679862306368331,425.7,4.32,0.0
1838,2,446,1.444999999999975,0.05605381165919283,426.0,4.32,0.0
1839,3,579,2.5779999999999603,0.055267702936096716,426.3,4.32,0.0
1840,1,313,0.3119999999999896,0.05750798722044728,426.5,4.32,0.0
1841,1,314,0.3129999999999895,0.05732484076433121,426.6,4.32,0.0
1842,2,453,1.4519999999999742,0.05739514348785872,426.9,4.32,0.0
1843,4,713,3.711999999999988,0.056100981767180924,427.2,4.32,0.0
1844,1,313,0.3119999999999896,0.054313099041533544,427.4,4.32,0.0
1845,0,179,-0.8219999999999998,0.055865921787709494,427.5,4.32,0.0
1846,8,1246,8.244999999999962,0.05537720706260032,428.2,4.31,0.0
1847,0,179,-0.8219999999999998,0.055865921787709494,428.2,4.32,0.0
1848,0,188,-0.8129999999999998,0.05851063829787234,428.3,4.32,0.0
1849,8,1267,8.26599999999995,0.056037884767166535,429.0,4.31,0.0
1850,0,189,-0.8119999999999998,0.0582010582010582,429.1,4.31,0.0
1851,4,735,3.7339999999999955,0.055782312925170066,429.5,4.31,0.0
1852,4,729,3.7279999999999935,0.056241426611796985,429.9,4.31,0.0
1853,1,313,0.3119999999999896,0.054313099041533544,430.1,4.31,0.0
1854,2,446,1.444999999999975,0.05605381165919283,430.3,4.31,0.0
1855,1,313,0.3119999999999896,0.05750798722044728,430.5,4.31,0.0
1856,0,179,-0.8219999999999998,0.055865921787709494,430.6,4.31,0.0
1857,2,446,1.444999999999975,0.05605381165919283,430.8,4.31,0.0
1858,3,579,2.5779999999999603,0.055267702936096716,431.1,4.31,0.0
1859,0,179,-0.8219999999999998,0.055865921787709494,431.2,4.31,0.0
1860,2,478,1.4769999999999714,0.056485355648535567,431.5,4.31,0.0
1861,0,179,-0.8219999999999998,0.055865921787709494,431.6,4.31,0.0
1862,1,313,0.3119999999999896,0.054313099041533544,431.7,4.32,0.0
1863,0,192,-0.8089999999999998,0.057291666666666664,431.8,4.32,0.0
1864,5,846,4.845000000000032,0.05555555555555555,432.3,4.31,0.0
1865,2,446,1.444999999999975,0.05605381165919283,432.5,4.31,0.0
1866,3,579,2.5779999999999603,0.055267702936096716,432.8,4.31,0.0
1867,1,340,0.33899999999998665,0.05588235294117647,433.0,4.31,0.0
1868,0,179,-0.8219999999999998,0.055865921787709494,433.1,4.32,0.0
1869,0,179,-0.8219999999999998,0.055865921787709494,433.2,4.32,0.0
1870,1,340,0.33899999999998665,0.05588235294117647,433.4,4.32,0.0
1871,2,447,1.4459999999999749,0.05592841163310962,433.6,4.32,0.0
1872,3,585,2.5839999999999597,0.05641025641025641,433.9,4.32,0.0
1873,0,179,-0.8219999999999998,0.055865921787709494,434.0,4.32,0.0
1874,6,984,5.983000000000077,0.05589430894308943,434.5,4.31,0.0
1875,2,446,1.444999999999975,0.05605381165919283,434.8,4.31,0.0
1876,0,179,-0.8219999999999998,0.055865921787709494,434.9,4.32,0.0
1877,0,179,-0.8219999999999998,0.055865921787709494,435.0,4.32,0.0
1878,2,446,1.444999999999975,0.05605381165919283,435.2,4.32,0.0
1879,1,338,0.33699999999998687,0.05621301775147929,435.4,4.32,0.0
1880,1,314,0.3129999999999895,0.05732484076433121,435.6,4.32,0.0
1881,6,979,5.978000000000075,0.056179775280898875,436.1,4.32,0.0
1882,1,332,0.3309999999999875,0.0572289156626506,436.3,4.32,0.0
1883,2,457,1.4559999999999738,0.05689277899343545,436.5,4.32,0.0
1884,0,179,-0.8219999999999998,0.055865921787709494,436.6,4.32,0.0
1885,0,179,-0.8219999999999998,0.055865921787709494,436.7,4.32,0.0
1886,1,313,0.3119999999999896,0.05750798722044728,436.9,4.32,0.0
1887,3,579,2.5779999999999603,0.055267702936096716,437.2,4.32,0.0
1888,2,458,1.4569999999999736,0.056768558951965066,437.4,4.32,0.0
1889,2,447,1.4459999999999749,0.05592841163310962,437.7,4.32,0.0
1890,2,446,1.444999999999975,0.05605381165919283,437.9,4.32,0.0
1891,3,585,2.5839999999999597,0.05641025641025641,438.2,4.32,0.0
1892,1,319,0.31799999999998896,0.05642633228840126,438.4,4.32,0.0
1893,0,179,-0.8219999999999998,0.055865921787709494,438.5,4.32,0.0
1894,1,313,0.3119999999999896,0.05750798722044728,438.6,4.32,0.0
1895,2,458,1.4569999999999736,0.056768558951965066,438.9,4.32,0.0
1896,4,715,3.713999999999989,0.055944055944055944,439.2,4.32,0.0
1897,0,179,-0.8219999999999998,0.055865921787709494,439.3,4.32,0.0
1898,0,179,-0.8219999999999998,0.055865921787709494,439.4,4.32,0.0
1899,0,189,-0.8119999999999998,0.0582010582010582,439.5,4.32,0.0
1900,3,579,2.5779999999999603,0.055267702936096716,439.8,4.32,0.0
1901,0,179,-0.8219999999999998,0.055865921787709494,439.9,4.32,0.0
1902,2,465,1.4639999999999729,0.05591397849462366,440.2,4.32,0.0
1903,0,179,-0.8219999999999998,0.055865921787709494,440.3,4.32,0.0
1904,3,579,2.5779999999999603,0.055267702936096716,440.6,4.32,0.0
1905,0,179,-0.8219999999999998,0.05027932960893855,440.7,4.32,0.0
1906,0,190,-0.8109999999999998,0.05789473684210526,440.8,4.33,0.0
1907,10,1513,10.511999999999814,0.05551883674818242,441.6,4.32,0.0
1908,0,189,-0.8119999999999998,0.0582010582010582,441.7,4.32,0.0
1909,1,313,0.3119999999999896,0.054313099041533544,441.9,4.32,0.0
1910,4,714,3.7129999999999885,0.056022408963585436,442.2,4.32,0.0
1911,1,313,0.3119999999999896,0.054313099041533544,442.4,4.32,0.0
1912,0,179,-0.8219999999999998,0.055865921787709494,442.5,4.32,0.0
1913,3,579,2.5779999999999603,0.055267702936096716,442.8,4.32,0.0
1914,1,313,0.3119999999999896,0.054313099041533544,443.0,4.32,0.0
1915,0,179,-0.8219999999999998,0.05027932960893855,443.1,4.32,0.0
1916,2,466,1.4649999999999728,0.055793991416309016,443.3,4.32,0.0
1917,4,713,3.711999999999988,0.0546984572230014,443.7,4.32,0.0
1918,3,579,2.5779999999999603,0.055267702936096716,444.0,4.32,0.0
1919,2,446,1.444999999999975,0.05605381165919283,444.2,4.32,0.0
1920,1,313,0.3119999999999896,0.054313099041533544,444.4,4.32,0.0
1921,1,313,0.3119999999999896,0.054313099041533544,444.6,4.32,0.0
1922,3,579,2.5779999999999603,0.055267702936096716,444.9,4.32,0.0
1923,0,179,-0.8219999999999998,0.055865921787709494,445.0,4.32,0.0
1924,4,735,3.7339999999999955,0.055782312925170066,445.4,4.32,0.0
1925,3,579,2.5779999999999603,0.055267702936096716,445.7,4.32,0.0
1926,5,857,4.856000000000035,0.056009334889148193,446.1,4.32,0.0
1927,0,179,-0.8219999999999998,0.055865921787709494,446.2,4.32,0.0
1928,2,461,1.4599999999999733,0.05639913232104121,446.5,4.32,0.0
1929,0,179,-0.8219999999999998,0.055865921787709494,446.6,4.32,0.0
1930,1,316,0.3149999999999893,0.056962025316455694,446.7,4.32,0.0
1931,4,729,3.7279999999999935,0.056241426611796985,447.1,4.32,0.0
1932,6,979,5.978000000000075,0.05515832482124617,447.6,4.32,0.0
1933,2,446,1.444999999999975,0.05605381165919283,447.9,4.32,0.0
1934,1,321,0.31999999999998874,0.056074766355140186,448.0,4.32,0.0
1935,3,579,2.5779999999999603,0.055267702936096716,448.4,4.32,0.0
1936,2,458,1.4569999999999736,0.056768558951965066,448.6,4.32,0.0
1937,0,188,-0.8129999999999998,0.05851063829787234,448.7,4.32,0.0
1938,8,1246,8.244999999999962,0.05537720706260032,449.3,4.32,0.0
1939,2,447,1.4459999999999749,0.05592841163310962,449.6,4.32,0.0
1940,2,465,1.4639999999999729,0.05591397849462366,449.8,4.31,0.0
1941,2,446,1.444999999999975,0.05605381165919283,450.1,4.31,0.0
1942,2,457,1.4559999999999738,0.05689277899343545,450.3,4.31,0.0
1943,1,341,0.33999999999998654,0.05571847507331378,450.5,4.32,0.0
1944,1,315,0.3139999999999894,0.05714285714285714,450.7,4.32,0.0
1945,1,313,0.3119999999999896,0.054313099041533544,450.8,4.32,0.0
1946,0,192,-0.8089999999999998,0.057291666666666664,450.9,4.32,0.0
1947,3,579,2.5779999999999603,0.055267702936096716,451.2,4.32,0.0
1948,10,1513,10.511999999999814,0.05551883674818242,452.0,4.31,0.0
1949,5,846,4.845000000000032,0.05555555555555555,452.5,4.31,0.0
1950,2,446,1.444999999999975,0.053811659192825115,452.7,4.31,0.0
1951,2,466,1.4649999999999728,0.055793991416309016,453.0,4.31,0.0
1952,3,585,2.5839999999999597,0.05641025641025641,453.3,4.31,0.0
1953,5,861,4.860000000000037,0.05574912891986063,453.8,4.31,0.0
1954,1,313,0.3119999999999896,0.054313099041533544,453.9,4.31,0.0
1955,4,713,3.711999999999988,0.0546984572230014,454.3,4.31,0.0
1956,2,446,1.444999999999975,0.05605381165919283,454.5,4.31,0.0
1957,2,446,1.444999999999975,0.05605381165919283,454.8,4.31,0.0
1958,4,713,3.711999999999988,0.0546984572230014,455.1,4.30,0.0
1959,5,853,4.852000000000034,0.05627198124267292,455.6,4.30,0.0
1960,0,196,-0.8049999999999998,0.05612244897959184,455.7,4.30,0.0
1961,1,313,0.3119999999999896,0.054313099041533544,455.8,4.30,0.0
1962,1,313,0.3119999999999896,0.05750798722044728,456.0,4.30,0.0
1963,0,179,-0.8219999999999998,0.055865921787709494,456.1,4.31,0.0
1964,3,579,2.5779999999999603,0.055267702936096716,456.4,4.31,0.0
1965,1,313,0.3119999999999896,0.054313099041533544,456.6,4.31,0.0
1966,1,332,0.3309999999999875,0.0572289156626506,456.7,4.31,0.0
1967,4,727,3.725999999999993,0.05639614855570839,457.1,4.31,0.0
1968,1,320,0.31899999999998885,0.05625,457.3,4.31,0.0
1969,0,179,-0.8219999999999998,0.055865921787709494,457.4,4.31,0.0
1970,0,179,-0.8219999999999998,0.055865921787709494,457.5,4.31,0.0
1971,5,846,4.845000000000032,0.05555555555555555,457.9,4.31,0.0
1972,1,315,0.3139999999999894,0.05714285714285714,458.1,4.31,0.0
1973,0,179,-0.8219999999999998,0.055865921787709494,458.2,4.31,0.0
1974,5,846,4.845000000000032,0.05555555555555555,458.6,4.31,0.0
1975,1,313,0.3119999999999896,0.05750798722044728,458.8,4.31,0.0
1976,0,197,-0.8039999999999998,0.05583756345177665,458.9,4.31,0.0
1977,0,179,-0.8219999999999998,0.055865921787709494,459.0,4.31,0.0
1978,0,179,-0.8219999999999998,0.055865921787709494,459.1,4.31,0.0
1979,5,852,4.851000000000034,0.056338028169014086,459.5,4.31,0.0
1980,0,179,-0.8219999999999998,0.055865921787709494,459.6,4.31,0.0
1981,0,179,-0.8219999999999998,0.055865921787709494,459.7,4.31,0.0
1982,0,179,-0.8219999999999998,0.055865921787709494,459.8,4.31,0.0
1983,0,179,-0.8219999999999998,0.055865921787709494,459.9,4.31,0.0
1984,3,584,2.5829999999999598,0.05650684931506849,460.2,4.31,0.0
1985,3,579,2.5779999999999603,0.055267702936096716,460.5,4.31,0.0
1986,3,579,2.5779999999999603,0.055267702936096716,460.8,4.31,0.0
1987,5,846,4.845000000000032,0.05555555555555555,461.3,4.31,0.0
1988,3,579,2.5779999999999603,0.05699481865284974,461.6,4.31,0.0
1989,0,184,-0.8169999999999998,0.059782608695652176,461.7,4.31,0.0
1990,2,460,1.4589999999999734,0.05652173913043478,461.9,4.31,0.0
1991,2,446,1.444999999999975,0.05605381165919283,462.2,4.31,0.0
1992,3,609,2.607999999999957,0.05582922824302135,462.5,4.31,0.0
1993,2,446,1.444999999999975,0.05605381165919283,462.7,4.31,0.0
1994,2,460,1.4589999999999734,0.05652173913043478,463.0,4.31,0.0
1995,1,313,0.3119999999999896,0.05750798722044728,463.1,4.31,0.0
1996,1,313,0.3119999999999896,0.05750798722044728,463.3,4.31,0.0
1997,3,579,2.5779999999999603,0.055267702936096716,463.6,4.31,0.0
1998,0,179,-0.8219999999999998,0.055865921787709494,463.7,4.31,0.0
1999,3,579,2.5779999999999603,0.055267702936096716,464.0,4.31,0.0
2000,7,1142,7.1410000000000196,0.05604203152364273,464.6,4.31,0.0
2001,1,313,0.3119999999999896,0.054313099041533544,467.6,4.28,0.0
2002,0,179,-0.8219999999999998,0.055865921787709494,467.7,4.28,0.0
2003,4,713,3.711999999999988,0.056100981767180924,468.0,4.28,0.0
2004,2,446,1.444999999999975,0.05605381165919283,468.3,4.28,0.0
2005,2,446,1.444999999999975,0.05605381165919283,468.5,4.28,0.0
2006,2,467,1.4659999999999727,0.055674518201284794,468.8,4.28,0.0
2007,1,333,0.3319999999999874,0.057057057057057055,468.9,4.28,0.0
2008,4,714,3.7129999999999885,0.056022408963585436,469.3,4.28,0.0
2009,2,446,1.444999999999975,0.05605381165919283,469.5,4.28,0.0
2010,4,713,3.711999999999988,0.056100981767180924,469.9,4.28,0.0
2011,2,446,1.444999999999975,0.05605381165919283,470.2,4.28,0.0
2012,1,336,0.3349999999999871,0.05654761904761905,470.3,4.28,0.0
2013,1,313,0.3119999999999896,0.054313099041533544,470.5,4.28,0.0
2014,4,713,3.711999999999988,0.056100981767180924,470.9,4.28,0.0
2015,1,313,0.3119999999999896,0.054313099041533544,471.0,4.28,0.0
2016,0,193,-0.8079999999999998,0.05699481865284974,471.2,4.28,0.0
2017,4,713,3.711999999999988,0.056100981767180924,471.5,4.28,0.0
2018,3,582,2.58099999999996,0.05670103092783505,471.8,4.28,0.0
2019,0,192,-0.8089999999999998,0.057291666666666664,471.9,4.28,0.0
2020,0,184,-0.8169999999999998,0.059782608695652176,472.0,4.28,0.0
2021,4,713,3.711999999999988,0.056100981767180924,472.4,4.28,0.0
2022,0,187,-0.8139999999999998,0.058823529411764705,472.5,4.28,0.0
2023,3,579,2.5779999999999603,0.055267702936096716,472.8,4.28,0.0
2024,0,187,-0.8139999999999998,0.058823529411764705,472.9,4.28,0.0
2025,1,313,0.3119999999999896,0.054313099041533544,473.1,4.28,0.0
2026,0,179,-0.8219999999999998,0.055865921787709494,473.2,4.28,0.0
2027,2,446,1.444999999999975,0.05605381165919283,473.4,4.28,0.0
2028,0,179,-0.8219999999999998,0.055865921787709494,473.5,4.28,0.0
2029,0,179,-0.8219999999999998,0.055865921787709494,473.6,4.29,0.0
2030,0,182,-0.8189999999999998,0.06043956043956044,473.7,4.29,0.0
2031,0,195,-0.8059999999999998,0.05641025641025641,473.8,4.29,0.0
2032,1,313,0.3119999999999896,0.054313099041533544,474.0,4.29,0.0
2033,10,1513,10.511999999999814,0.05551883674818242,474.8,4.28,0.0
2034,5,853,4.852000000000034,0.05627198124267292,475.2,4.28,0.0
2035,1,335,0.3339999999999872,0.056716417910447764,475.4,4.28,0.0
2036,0,179,-0.8219999999999998,0.055865921787709494,475.5,4.28,0.0
2037,2,455,1.453999999999974,0.05714285714285714,475.8,4.28,0.0
2038,0,179,-0.8219999999999998,0.055865921787709494,475.9,4.28,0.0
2039,0,179,-0.8219999999999998,0.055865921787709494,475.9,4.29,0.0
2040,1,313,0.3119999999999896,0.054313099041533544,476.1,4.29,0.0
2041,0,179,-0.8219999999999998,0.055865921787709494,476.2,4.29,0.0
2042,3,579,2.5779999999999603,0.055267702936096716,476.5,4.29,0.0
2043,1,313,0.3119999999999896,0.054313099041533544,476.7,4.29,0.0
2044,0,179,-0.8219999999999998,0.055865921787709494,476.8,4.29,0.0
2045,2,461,1.4599999999999733,0.05639913232104121,477.0,4.29,0.0
2046,0,179,-0.8219999999999998,0.055865921787709494,477.1,4.29,0.0
2047,0,179,-0.8219999999999998,0.055865921787709494,477.2,4.29,0.0
2048,2,446,1.444999999999975,0.053811659192825115,477.4,4.29,0.0
2049,6,979,5.978000000000075,0.056179775280898875,478.0,4.29,0.0
2050,0,179,-0.8219999999999998,0.055865921787709494,478.1,4.29,0.0
2051,0,195,-0.8059999999999998,0.05641025641025641,478.2,4.29,0.0
2052,1,315,0.3139999999999894,0.05714285714285714,478.3,4.29,0.0
2053,2,455,1.453999999999974,0.05714285714285714,478.6,4.29,0.0
2054,1,313,0.3119999999999896,0.054313099041533544,478.7,4.29,0.0
2055,1,313,0.3119999999999896,0.054313099041533544,478.9,4.29,0.0
2056,4,729,3.7279999999999935,0.056241426611796985,479.3,4.29,0.0
2057,1,313,0.3119999999999896,0.054313099041533544,479.4,4.29,0.0
2058,0,179,-0.8219999999999998,0.055865921787709494,479.5,4.29,0.0
2059,0,179,-0.8219999999999998,0.055865921787709494,479.6,4.30,0.0
2060,4,713,3.711999999999988,0.056100981767180924,480.0,4.29,0.0
2061,2,461,1.4599999999999733,0.05639913232104121,480.3,4.29,0.0
2062,2,457,1.4559999999999738,0.05689277899343545,480.5,4.29,0.0
2063,0,179,-0.8219999999999998,0.055865921787709494,480.6,4.29,0.0
2064,1,313,0.3119999999999896,0.054313099041533544,480.8,4.30,0.0
2065,4,728,3.726999999999993,0.05631868131868132,481.2,4.29,0.0
2066,4,713,3.711999999999988,0.0546984572230014,481.5,4.29,0.0
2067,5,854,4.853000000000034,0.05620608899297424,482.0,4.29,0.0
2068,3,579,2.5779999999999603,0.055267702936096716,482.3,4.29,0.0
2069,0,179,-0.8219999999999998,0.055865921787709494,482.4,4.29,0.0
2070,0,179,-0.8219999999999998,0.055865921787709494,482.5,4.29,0.0
2071,3,611,2.609999999999957,0.05564648117839607,482.8,4.29,0.0
2072,4,713,3.711999999999988,0.056100981767180924,483.2,4.29,0.0
2073,0,179,-0.8219999999999998,0.055865921787709494,483.3,4.29,0.0
2074,1,313,0.3119999999999896,0.05750798722044728,483.4,4.29,0.0
2075,0,179,-0.8219999999999998,0.055865921787709494,483.5,4.29,0.0
2076,3,583,2.58199999999996,0.05660377358490566,483.8,4.29,0.0
2077,5,850,4.849000000000033,0.05647058823529412,484.3,4.29,0.0
2078,4,713,3.711999999999988,0.056100981767180924,484.6,4.29,0.0
2079,2,446,1.444999999999975,0.05605381165919283,484.9,4.29,0.0
2080,2,446,1.444999999999975,0.05605381165919283,485.1,4.29,0.0
2081,0,179,-0.8219999999999998,0.055865921787709494,485.2,4.29,0.0
2082,1,313,0.3119999999999896,0.054313099041533544,485.4,4.29,0.0
2083,0,185,-0.8159999999999998,0.05945945945945946,485.5,4.29,0.0
2084,1,315,0.3139999999999894,0.05714285714285714,485.6,4.29,0.0
2085,0,179,-0.8219999999999998,0.055865921787709494,485.7,4.29,0.0
2086,2,458,1.4569999999999736,0.056768558951965066,486.0,4.29,0.0
2087,0,179,-0.8219999999999998,0.055865921787709494,486.1,4.30,0.0
2088,0,179,-0.8219999999999998,0.055865921787709494,486.2,4.30,0.0
2089,2,446,1.444999999999975,0.05605381165919283,486.4,4.30,0.0
2090,4,729,3.7279999999999935,0.056241426611796985,486.8,4.30,0.0
2091,0,179,-0.8219999999999998,0.055865921787709494,486.9,4.30,0.0
2092,0,179,-0.8219999999999998,0.055865921787709494,487.0,4.30,0.0
2093,1,313,0.3119999999999896,0.054313099041533544,487.2,4.30,0.0
2094,0,179,-0.8219999999999998,0.055865921787709494,487.3,4.30,0.0
2095,2,454,1.452999999999974,0.05726872246696035,487.5,4.30,0.0
2096,0,179,-0.8219999999999998,0.055865921787709494,487.6,4.30,0.0
2097,0,179,-0.8219999999999998,0.055865921787709494,487.7,4.30,0.0
2098,0,194,-0.8069999999999998,0.05670103092783505,487.8,4.30,0.0
2099,0,193,-0.8079999999999998,0.05699481865284974,487.9,4.30,0.0
2100,5,860,4.859000000000036,0.05581395348837209,488.4,4.30,0.0
2101,4,713,3.711999999999988,0.0546984572230014,488.8,4.30,0.0
2102,1,336,0.3349999999999871,0.05654761904761905,488.9,4.30,0.0
2103,1,313,0.3119999999999896,0.05750798722044728,489.1,4.30,0.0
2104,3,579,2.5779999999999603,0.055267702936096716,489.4,4.30,0.0
2105,0,187,-0.8139999999999998,0.058823529411764705,489.5,4.30,0.0
2106,5,863,4.862000000000037,0.055619930475086905,490.0,4.30,0.0
2107,0,186,-0.8149999999999998,0.05913978494623656,490.1,4.30,0.0
2108,1,313,0.3119999999999896,0.054313099041533544,490.2,4.30,0.0
2109,0,187,-0.8139999999999998,0.058823529411764705,490.3,4.30,0.0
2110,3,582,2.58099999999996,0.05670103092783505,490.6,4.30,0.0
2111,3,579,2.5779999999999603,0.055267702936096716,490.9,4.30,0.0
2112,0,192,-0.8089999999999998,0.057291666666666664,491.1,4.30,0.0
2113,6,984,5.983000000000077,0.05589430894308943,491.6,4.30,0.0
2114,0,179,-0.8219999999999998,0.055865921787709494,491.7,4.30,0.0
2115,3,579,2.5779999999999603,0.055267702936096716,492.0,4.30,0.0
2116,1,313,0.3119999999999896,0.05750798722044728,492.1,4.30,0.0
2117,2,446,1.444999999999975,0.05605381165919283,492.4,4.30,0.0
2118,1,313,0.3119999999999896,0.054313099041533544,492.5,4.30,0.0
2119,4,713,3.711999999999988,0.0546984572230014,492.9,4.30,0.0
2120,1,318,0.31699999999998907,0.05660377358490566,493.1,4.30,0.0
2121,0,195,-0.8059999999999998,0.05641025641025641,493.2,4.30,0.0
2122,0,179,-0.8219999999999998,0.055865921787709494,493.3,4.30,0.0
2123,3,579,2.5779999999999603,0.055267702936096716,493.6,4.30,0.0
2124,7,1127,7.126000000000028,0.055900621118012424,494.2,4.30,0.0
2125,2,454,1.452999999999974,0.05726872246696035,494.4,4.30,0.0
2126,0,179,-0.8219999999999998,0.055865921787709494,494.5,4.30,0.0
2127,0,179,-0.8219999999999998,0.055865921787709494,494.6,4.30,0.0
2128,3,579,2.5779999999999603,0.055267702936096716,494.9,4.30,0.0
2129,0,179,-0.8219999999999998,0.055865921787709494,495.0,4.30,0.0
2130,0,179,-0.8219999999999998,0.05027932960893855,495.1,4.30,0.0
2131,2,446,1.444999999999975,0.05605381165919283,495.4,4.30,0.0
2132,5,858,4.857000000000036,0.055944055944055944,495.8,4.30,0.0
2133,2,446,1.444999999999975,0.053811659192825115,496.1,4.30,0.0
2134,0,206,-0.7949999999999998,0.05825242718446602,496.2,4.30,0.0
2135,1,313,0.3119999999999896,0.054313099041533544,496.4,4.30,0.0
2136,6,979,5.978000000000075,0.05515832482124617,496.9,4.30,0.0
2137,0,179,-0.8219999999999998,0.055865921787709494,497.0,4.30,0.0
2138,0,179,-0.8219999999999998,0.055865921787709494,497.0,4.30,0.0
2139,1,313,0.3119999999999896,0.054313099041533544,497.2,4.30,0.0
2140,2,446,1.444999999999975,0.05605381165919283,497.5,4.30,0.0
2141,0,183,-0.8179999999999998,0.060109289617486336,497.6,4.30,0.0
2142,4,713,3.711999999999988,0.056100981767180924,497.9,4.30,0.0
2143,2,463,1.461999999999973,0.056155507559395246,498.2,4.30,0.0
2144,3,579,2.5779999999999603,0.055267702936096716,498.5,4.30,0.0
2145,3,584,2.5829999999999598,0.05650684931506849,498.8,4.30,0.0
2146,7,1113,7.112000000000036,0.055705300988319856,499.4,4.30,0.0
2147,2,446,1.444999999999975,0.05605381165919283,499.6,4.30,0.0
2148,1,313,0.3119999999999896,0.054313099041533544,499.8,4.30,0.0
2149,4,716,3.714999999999989,0.055865921787709494,500.2,4.30,0.0
2150,1,313,0.3119999999999896,0.054313099041533544,500.3,4.30,0.0
2151,1,321,0.31999999999998874,0.056074766355140186,500.5,4.30,0.0
2152,3,579,2.5779999999999603,0.055267702936096716,500.8,4.30,0.0
2153,3,582,2.58099999999996,0.05670103092783505,501.1,4.30,0.0
2154,2,453,1.4519999999999742,0.05739514348785872,501.4,4.30,0.0
2155,0,215,-0.7859999999999998,0.05581395348837209,501.5,4.30,0.0
2156,3,579,2.5779999999999603,0.055267702936096716,501.8,4.30,0.0
2157,3,584,2.5829999999999598,0.05650684931506849,502.1,4.30,0.0
2158,2,446,1.444999999999975,0.05605381165919283,502.3,4.30,0.0
2159,1,313,0.3119999999999896,0.05750798722044728,502.5,4.30,0.0
2160,1,313,0.3119999999999896,0.054313099041533544,502.7,4.30,0.0
2161,1,313,0.3119999999999896,0.054313099041533544,502.8,4.30,0.0
2162,3,579,2.5779999999999603,0.055267702936096716,503.1,4.30,0.0
2163,1,318,0.31699999999998907,0.05660377358490566,503.3,4.30,0.0
2164,1,320,0.31899999999998885,0.05625,503.5,4.30,0.0
2165,2,446,1.444999999999975,0.05605381165919283,503.7,4.30,0.0
2166,0,179,-0.8219999999999998,0.055865921787709494,503.8,4.30,0.0
2167,3,579,2.5779999999999603,0.055267702936096716,504.1,4.30,0.0
2168,1,313,0.3119999999999896,0.05750798722044728,504.3,4.30,0.0
2169,3,579,2.5779999999999603,0.055267702936096716,504.6,4.30,0.0
2170,1,319,0.31799999999998896,0.05642633228840126,504.7,4.30,0.0
2171,1,313,0.3119999999999896,0.054313099041533544,504.9,4.30,0.0
2172,2,446,1.444999999999975,0.05605381165919283,505.1,4.30,0.0
2173,0,179,-0.8219999999999998,0.055865921787709494,505.2,4.30,0.0
2174,3,579,2.5779999999999603,0.055267702936096716,505.5,4.30,0.0
2175,0,179,-0.8219999999999998,0.055865921787709494,505.6,4.30,0.0
2176,0,179,-0.8219999999999998,0.055865921787709494,505.7,4.30,0.0
2177,2,446,1.444999999999975,0.05605381165919283,506.0,4.30,0.0
2178,3,579,2.5779999999999603,0.055267702936096716,506.3,4.30,0.0
2179,0,179,-0.8219999999999998,0.055865921787709494,506.4,4.31,0.0
2180,1,313,0.3119999999999896,0.05750798722044728,506.5,4.31,0.0
2181,4,713,3.711999999999988,0.0546984572230014,506.9,4.30,0.0
2182,0,179,-0.8219999999999998,0.055865921787709494,507.0,4.31,0.0
2183,3,591,2.589999999999959,0.05583756345177665,507.3,4.30,0.0
2184,2,446,1.444999999999975,0.053811659192825115,507.6,4.30,0.0
2185,3,579,2.5779999999999603,0.055267702936096716,507.9,4.30,0.0
2186,1,315,0.3139999999999894,0.05714285714285714,508.0,4.30,0.0
2187,3,591,2.589999999999959,0.05583756345177665,508.3,4.30,0.0
2188,1,313,0.3119999999999896,0.054313099041533544,508.5,4.30,0.0
2189,2,446,1.444999999999975,0.05605381165919283,508.7,4.30,0.0
2190,6,983,5.982000000000077,0.05595116988809766,509.3,4.30,0.0
2191,1,313,0.3119999999999896,0.054313099041533544,509.4,4.30,0.0
2192,1,336,0.3349999999999871,0.05654761904761905,509.6,4.30,0.0
2193,3,579,2.5779999999999603,0.055267702936096716,509.9,4.30,0.0
2194,4,713,3.711999999999988,0.056100981767180924,510.3,4.30,0.0
2195,0,187,-0.8139999999999998,0.058823529411764705,510.4,4.30,0.0
2196,3,579,2.5779999999999603,0.055267702936096716,510.7,4.30,0.0
2197,0,179,-0.8219999999999998,0.055865921787709494,510.8,4.30,0.0
2198,4,726,3.7249999999999925,0.05647382920110193,511.2,4.30,0.0
2199,11,1646,11.64499999999974,0.05589307411907655,512.1,4.30,0.0
2200,3,579,2.5779999999999603,0.055267702936096716,512.4,4.30,0.0
2201,7,1113,7.112000000000036,0.055705300988319856,513.0,4.29,0.0
2202,1,315,0.3139999999999894,0.05714285714285714,513.1,4.29,0.0
2203,3,592,2.590999999999959,0.05574324324324324,513.4,4.29,0.0
2204,1,313,0.3119999999999896,0.05750798722044728,513.6,4.29,0.0
2205,0,179,-0.8219999999999998,0.055865921787709494,513.7,4.29,0.0
2206,6,979,5.978000000000075,0.05515832482124617,514.2,4.29,0.0
2207,1,313,0.3119999999999896,0.05750798722044728,514.4,4.29,0.0
2208,0,195,-0.8059999999999998,0.05641025641025641,514.5,4.29,0.0
2209,1,313,0.3119999999999896,0.054313099041533544,514.7,4.29,0.0
2210,0,179,-0.8219999999999998,0.055865921787709494,514.8,4.30,0.0
2211,6,979,5.978000000000075,0.05515832482124617,515.3,4.29,0.0
2212,5,846,4.845000000000032,0.05555555555555555,515.7,4.29,0.0
2213,0,179,-0.8219999999999998,0.055865921787709494,515.8,4.29,0.0
2214,3,579,2.5779999999999603,0.055267702936096716,516.1,4.29,0.0
2215,2,454,1.452999999999974,0.05726872246696035,516.4,4.29,0.0
2216,1,313,0.3119999999999896,0.054313099041533544,516.5,4.29,0.0
2217,1,318,0.31699999999998907,0.05660377358490566,516.7,4.29,0.0
2218,2,446,1.444999999999975,0.05605381165919283,517.0,4.29,0.0
2219,0,184,-0.8169999999999998,0.059782608695652176,517.0,4.29,0.0
2220,0,179,-0.8219999999999998,0.055865921787709494,517.1,4.29,0.0
2221,1,315,0.3139999999999894,0.05714285714285714,517.3,4.30,0.0
2222,8,1274,8.272999999999946,0.05572998430141287,518.0,4.29,0.0
2223,2,446,1.444999999999975,0.05605381165919283,518.2,4.29,0.0
2224,5,846,4.845000000000032,0.05555555555555555,518.6,4.29,0.0
2225,1,317,0.3159999999999892,0.056782334384858045,518.8,4.29,0.0
2226,0,196,-0.8049999999999998,0.05612244897959184,518.9,4.29,0.0
2227,1,313,0.3119999999999896,0.054313099041533544,519.1,4.29,0.0
2228,4,713,3.711999999999988,0.0546984572230014,519.5,4.29,0.0
2229,3,579,2.5779999999999603,0.055267702936096716,519.7,4.29,0.0
2230,4,713,3.711999999999988,0.056100981767180924,520.1,4.29,0.0
2231,1,337,0.335999999999987,0.05637982195845697,520.3,4.29,0.0
2232,3,583,2.58199999999996,0.05660377358490566,520.6,4.29,0.0
2233,5,846,4.845000000000032,0.05555555555555555,521.0,4.29,0.0
2234,2,454,1.452999999999974,0.05726872246696035,521.3,4.29,0.0
2235,5,859,4.858000000000036,0.05587892898719441,521.7,4.29,0.0
2236,0,179,-0.8219999999999998,0.055865921787709494,521.8,4.29,0.0
2237,0,179,-0.8219999999999998,0.05027932960893855,521.9,4.29,0.0
2238,1,313,0.3119999999999896,0.054313099041533544,522.1,4.29,0.0
2239,5,858,4.857000000000036,0.055944055944055944,522.5,4.29,0.0
2240,0,179,-0.8219999999999998,0.055865921787709494,522.6,4.29,0.0
2241,0,179,-0.8219999999999998,0.055865921787709494,522.7,4.29,0.0
2242,0,189,-0.8119999999999998,0.0582010582010582,522.8,4.29,0.0
2243,0,186,-0.8149999999999998,0.05913978494623656,522.9,4.29,0.0
2244,1,313,0.3119999999999896,0.054313099041533544,523.1,4.29,0.0
2245,1,313,0.3119999999999896,0.054313099041533544,523.3,4.29,0.0
2246,2,446,1.444999999999975,0.05605381165919283,523.5,4.29,0.0
2247,2,446,1.444999999999975,0.05605381165919283,523.7,4.29,0.0
2248,2,446,1.444999999999975,0.05605381165919283,524.0,4.29,0.0
2249,0,191,-0.8099999999999998,0.05759162303664921,524.1,4.29,0.0
2250,6,985,5.984000000000077,0.05583756345177665,524.6,4.29,0.0
2251,4,713,3.711999999999988,0.056100981767180924,525.0,4.29,0.0
2252,1,319,0.31799999999998896,0.05642633228840126,525.1,4.29,0.0
2253,6,983,5.982000000000077,0.05595116988809766,525.7,4.29,0.0
2254,3,579,2.5779999999999603,0.055267702936096716,526.0,4.29,0.0
2255,0,179,-0.8219999999999998,0.055865921787709494,526.1,4.29,0.0
2256,1,313,0.3119999999999896,0.054313099041533544,526.2,4.29,0.0
2257,0,179,-0.8219999999999998,0.055865921787709494,526.3,4.29,0.0
2258,3,582,2.58099999999996,0.05670103092783505,526.6,4.29,0.0
2259,2,446,1.444999999999975,0.05605381165919283,526.9,4.29,0.0
2260,1,313,0.3119999999999896,0.054313099041533544,527.0,4.29,0.0
2261,2,461,1.4599999999999733,0.05639913232104121,527.3,4.29,0.0
2262,2,446,1.444999999999975,0.05605381165919283,527.5,4.29,0.0
2263,0,197,-0.8039999999999998,0.05583756345177665,527.6,4.29,0.0
2264,3,580,2.57899999999996,0.056896551724137934,527.9,4.29,0.0
2265,0,179,-0.8219999999999998,0.055865921787709494,528.0,4.29,0.0
2266,2,446,1.444999999999975,0.05605381165919283,528.2,4.29,0.0
2267,1,313,0.3119999999999896,0.054313099041533544,528.4,4.29,0.0
2268,1,323,0.3219999999999885,0.05572755417956656,528.6,4.29,0.0
2269,4,727,3.725999999999993,0.05639614855570839,529.0,4.29,0.0
2270,0,179,-0.8219999999999998,0.055865921787709494,529.1,4.29,0.0
2271,1,317,0.3159999999999892,0.056782334384858045,529.2,4.29,0.0
2272,3,579,2.5779999999999603,0.055267702936096716,529.5,4.29,0.0
2273,0,179,-0.8219999999999998,0.055865921787709494,529.6,4.29,0.0
2274,6,979,5.978000000000075,0.056179775280898875,530.2,4.29,0.0
2275,2,446,1.444999999999975,0.05605381165919283,530.4,4.29,0.0
2276,4,713,3.711999999999988,0.0546984572230014,530.8,4.29,0.0
2277,8,1253,8.251999999999958,0.055865921787709494,531.5,4.29,0.0
2278,1,313,0.3119999999999896,0.054313099041533544,531.6,4.29,0.0
2279,2,446,1.444999999999975,0.05605381165919283,531.9,4.29,0.0
2280,0,184,-0.8169999999999998,0.059782608695652176,532.0,4.29,0.0
2281,3,581,2.57999999999996,0.05679862306368331,532.3,4.29,0.0
2282,2,459,1.4579999999999735,0.05664488017429194,532.5,4.29,0.0
2283,2,446,1.444999999999975,0.05605381165919283,532.8,4.29,0.0
2284,7,1113,7.112000000000036,0.055705300988319856,533.4,4.28,0.0
2285,1,313,0.3119999999999896,0.05750798722044728,533.5,4.28,0.0
2286,0,179,-0.8219999999999998,0.055865921787709494,533.6,4.29,0.0
2287,3,587,2.5859999999999594,0.056218057921635436,533.9,4.29,0.0
2288,0,179,-0.8219999999999998,0.055865921787709494,534.0,4.29,0.0
2289,4,729,3.7279999999999935,0.056241426611796985,534.4,4.29,0.0
2290,0,179,-0.8219999999999998,0.055865921787709494,534.5,4.29,0.0
2291,1,313,0.3119999999999896,0.054313099041533544,534.7,4.29,0.0
2292,3,579,2.5779999999999603,0.055267702936096716,535.0,4.29,0.0
2293,0,179,-0.8219999999999998,0.055865921787709494,535.1,4.29,0.0
2294,1,313,0.3119999999999896,0.05750798722044728,535.2,4.29,0.0
2295,0,179,-0.8219999999999998,0.055865921787709494,535.3,4.29,0.0
2296,1,315,0.3139999999999894,0.05714285714285714,535.5,4.29,0.0
2297,0,182,-0.8189999999999998,0.06043956043956044,535.6,4.29,0.0
2298,0,186,-0.8149999999999998,0.05913978494623656,535.7,4.29,0.0
2299,0,179,-0.8219999999999998,0.055865921787709494,535.8,4.29,0.0
2300,4,713,3.711999999999988,0.0546984572230014,536.2,4.29,0.0
2301,3,581,2.57999999999996,0.05679862306368331,536.5,4.29,0.0
2302,4,734,3.732999999999995,0.055858310626702996,536.9,4.29,0.0
2303,3,585,2.5839999999999597,0.05641025641025641,537.2,4.29,0.0
2304,0,179,-0.8219999999999998,0.055865921787709494,537.3,4.29,0.0
2305,1,313,0.3119999999999896,0.054313099041533544,537.4,4.29,0.0
2306,3,583,2.58199999999996,0.05660377358490566,537.8,4.29,0.0
2307,0,179,-0.8219999999999998,0.055865921787709494,537.8,4.29,0.0
2308,3,586,2.5849999999999596,0.05631399317406143,538.1,4.29,0.0
2309,0,179,-0.8219999999999998,0.055865921787709494,538.2,4.29,0.0
2310,2,446,1.444999999999975,0.05605381165919283,538.5,4.29,0.0
2311,3,579,2.5779999999999603,0.055267702936096716,538.8,4.29,0.0
2312,2,446,1.444999999999975,0.05605381165919283,539.0,4.29,0.0
2313,4,713,3.711999999999988,0.056100981767180924,539.4,4.29,0.0
2314,1,313,0.3119999999999896,0.054313099041533544,539.5,4.29,0.0
2315,3,579,2.5779999999999603,0.055267702936096716,539.8,4.29,0.0
2316,0,179,-0.8219999999999998,0.055865921787709494,539.9,4.29,0.0
2317,3,582,2.58099999999996,0.05670103092783505,540.2,4.29,0.0
2318,3,582,2.58099999999996,0.05670103092783505,540.6,4.29,0.0
2319,3,579,2.5779999999999603,0.055267702936096716,540.9,4.29,0.0
2320,0,179,-0.8219999999999998,0.055865921787709494,541.0,4.29,0.0
2321,3,579,2.5779999999999603,0.055267702936096716,541.3,4.29,0.0
2322,3,579,2.5779999999999603,0.055267702936096716,541.6,4.29,0.0
2323,6,979,5.978000000000075,0.05515832482124617,542.1,4.29,0.0
2324,0,191,-0.8099999999999998,0.05759162303664921,542.2,4.29,0.0
2325,0,184,-0.8169999999999998,0.059782608695652176,542.3,4.29,0.0
2326,2,446,1.444999999999975,0.053811659192825115,542.5,4.29,0.0
2327,0,179,-0.8219999999999998,0.05027932960893855,542.6,4.29,0.0
2328,0,180,-0.8209999999999998,0.06111111111111111,542.7,4.29,0.0
2329,0,179,-0.8219999999999998,0.055865921787709494,542.8,4.29,0.0
2330,3,609,2.607999999999957,0.05582922824302135,543.2,4.29,0.0
2331,4,713,3.711999999999988,0.056100981767180924,543.5,4.29,0.0
2332,2,446,1.444999999999975,0.05605381165919283,543.8,4.29,0.0
2333,3,583,2.58199999999996,0.05660377358490566,544.1,4.29,0.0
2334,1,313,0.3119999999999896,0.05750798722044728,544.3,4.29,0.0
2335,3,579,2.5779999999999603,0.055267702936096716,544.6,4.29,0.0
2336,1,313,0.3119999999999896,0.05750798722044728,544.7,4.29,0.0
2337,4,713,3.711999999999988,0.056100981767180924,545.1,4.29,0.0
2338,1,314,0.3129999999999895,0.05732484076433121,545.3,4.29,0.0
2339,1,315,0.3139999999999894,0.05714285714285714,545.4,4.29,0.0
2340,3,579,2.5779999999999603,0.055267702936096716,545.7,4.29,0.0
2341,7,1113,7.112000000000036,0.05480682839173405,546.3,4.29,0.0
2342,2,446,1.444999999999975,0.05605381165919283,546.6,4.29,0.0
2343,0,179,-0.8219999999999998,0.055865921787709494,546.7,4.29,0.0
2344,1,317,0.3159999999999892,0.056782334384858045,546.8,4.29,0.0
2345,3,579,2.5779999999999603,0.055267702936096716,547.1,4.29,0.0
2346,1,313,0.3119999999999896,0.05750798722044728,547.3,4.29,0.0
2347,0,179,-0.8219999999999998,0.055865921787709494,547.4,4.29,0.0
2348,1,313,0.3119999999999896,0.054313099041533544,547.6,4.29,0.0
2349,5,852,4.851000000000034,0.056338028169014086,548.0,4.29,0.0
2350,6,979,5.978000000000075,0.05515832482124617,548.6,4.29,0.0
2351,2,467,1.4659999999999727,0.055674518201284794,548.8,4.29,0.0
2352,2,446,1.444999999999975,0.05605381165919283,549.0,4.29,0.0
2353,0,179,-0.8219999999999998,0.055865921787709494,549.1,4.29,0.0
2354,2,446,1.444999999999975,0.05605381165919283,549.4,4.29,0.0
2355,3,588,2.5869999999999593,0.05612244897959184,549.7,4.29,0.0
2356,3,579,2.5779999999999603,0.055267702936096716,550.0,4.29,0.0
2357,2,446,1.444999999999975,0.05605381165919283,550.2,4.29,0.0
2358,0,179,-0.8219999999999998,0.055865921787709494,550.3,4.29,0.0
2359,0,179,-0.8219999999999998,0.055865921787709494,550.4,4.29,0.0
2360,0,190,-0.8109999999999998,0.05789473684210526,550.5,4.29,0.0
2361,9,1396,9.394999999999879,0.055873925501432664,551.2,4.28,0.0
2362,0,179,-0.8219999999999998,0.055865921787709494,551.3,4.29,0.0
2363,0,195,-0.8059999999999998,0.05641025641025641,551.4,4.29,0.0
2364,4,729,3.7279999999999935,0.056241426611796985,551.9,4.29,0.0
2365,2,447,1.4459999999999749,0.05592841163310962,552.1,4.29,0.0
2366,2,446,1.444999999999975,0.053811659192825115,552.3,4.29,0.0
2367,0,179,-0.8219999999999998,0.055865921787709494,552.4,4.29,0.0
2368,1,313,0.3119999999999896,0.054313099041533544,552.6,4.29,0.0
2369,0,179,-0.8219999999999998,0.055865921787709494,552.7,4.29,0.0
2370,2,446,1.444999999999975,0.05605381165919283,552.9,4.29,0.0
2371,0,179,-0.8219999999999998,0.055865921787709494,553.0,4.29,0.0
2372,0,192,-0.8089999999999998,0.057291666666666664,553.1,4.29,0.0
2373,0,179,-0.8219999999999998,0.055865921787709494,553.2,4.29,0.0
2374,5,846,4.845000000000032,0.05555555555555555,553.6,4.29,0.0
2375,2,462,1.4609999999999732,0.05627705627705628,553.9,4.29,0.0
2376,6,979,5.978000000000075,0.056179775280898875,554.4,4.29,0.0
2377,0,179,-0.8219999999999998,0.05027932960893855,554.5,4.29,0.0
2378,1,323,0.3219999999999885,0.05572755417956656,554.7,4.29,0.0
2379,1,313,0.3119999999999896,0.054313099041533544,554.8,4.29,0.0
2380,4,713,3.711999999999988,0.056100981767180924,555.2,4.29,0.0
2381,2,459,1.4579999999999735,0.05664488017429194,555.4,4.29,0.0
2382,3,579,2.5779999999999603,0.055267702936096716,555.7,4.29,0.0
2383,3,588,2.5869999999999593,0.05612244897959184,556.1,4.29,0.0
2384,0,184,-0.8169999999999998,0.059782608695652176,556.1,4.29,0.0
2385,5,846,4.845000000000032,0.05555555555555555,556.6,4.29,0.0
2386,0,179,-0.8219999999999998,0.055865921787709494,556.7,4.29,0.0
2387,1,323,0.3219999999999885,0.05572755417956656,556.9,4.29,0.0
2388,0,179,-0.8219999999999998,0.055865921787709494,556.9,4.29,0.0
2389,2,448,1.4469999999999748,0.05580357142857143,557.2,4.29,0.0
2390,1,313,0.3119999999999896,0.054313099041533544,557.4,4.29,0.0
2391,3,587,2.5859999999999594,0.056218057921635436,557.7,4.29,0.0
2392,4,713,3.711999999999988,0.056100981767180924,558.0,4.29,0.0
2393,1,337,0.335999999999987,0.05637982195845697,558.2,4.29,0.0
2394,1,313,0.3119999999999896,0.05750798722044728,558.4,4.29,0.0
2395,0,179,-0.8219999999999998,0.055865921787709494,558.5,4.29,0.0
2396,0,189,-0.8119999999999998,0.0582010582010582,558.6,4.29,0.0
2397,2,457,1.4559999999999738,0.05689277899343545,558.8,4.29,0.0
2398,3,592,2.590999999999959,0.05574324324324324,559.1,4.29,0.0
2399,2,483,2.481999999999971,0.055900621118012424,559.4,4.29,0.0
2400,1,313,0.3119999999999896,0.054313099041533544,559.5,4.29,0.0
2401,0,179,-0.8219999999999998,0.055865921787709494,559.6,4.29,0.0
2402,0,187,-0.8139999999999998,0.058823529411764705,559.7,4.29,0.0
2403,2,464,1.462999999999973,0.05603448275862069,560.0,4.29,0.0
2404,4,713,3.711999999999988,0.056100981767180924,560.4,4.29,0.0
2405,2,464,1.462999999999973,0.05603448275862069,560.6,4.29,0.0
2406,1,313,0.3119999999999896,0.05750798722044728,560.8,4.29,0.0
2407,5,846,4.845000000000032,0.05555555555555555,561.2,4.29,0.0
2408,3,579,2.5779999999999603,0.055267702936096716,561.5,4.29,0.0
2409,4,713,3.711999999999988,0.0546984572230014,561.9,4.29,0.0
2410,2,456,1.4549999999999739,0.05701754385964912,562.2,4.29,0.0
2411,3,579,2.5779999999999603,0.055267702936096716,562.5,4.29,0.0
2412,0,179,-0.8219999999999998,0.055865921787709494,562.6,4.29,0.0
2413,0,179,-0.8219999999999998,0.05027932960893855,562.7,4.29,0.0
2414,0,179,-0.8219999999999998,0.055865921787709494,562.8,4.29,0.0
2415,2,446,1.444999999999975,0.05605381165919283,563.0,4.29,0.0
2416,0,179,-0.8219999999999998,0.055865921787709494,563.1,4.29,0.0
2417,1,313,0.3119999999999896,0.054313099041533544,563.3,4.29,0.0
2418,0,179,-0.8219999999999998,0.055865921787709494,563.4,4.29,0.0
2419,1,313,0.3119999999999896,0.054313099041533544,563.5,4.29,0.0
2420,1,313,0.3119999999999896,0.054313099041533544,563.7,4.29,0.0
2421,1,313,0.3119999999999896,0.054313099041533544,563.9,4.30,0.0
2422,3,579,2.5779999999999603,0.055267702936096716,564.2,4.29,0.0
2423,4,713,3.711999999999988,0.056100981767180924,564.5,4.29,0.0
2424,0,179,-0.8219999999999998,0.055865921787709494,564.6,4.29,0.0
2425,4,713,3.711999999999988,0.056100981767180924,565.0,4.29,0.0
2426,4,713,3.711999999999988,0.0546984572230014,565.4,4.29,0.0
2427,3,579,2.5779999999999603,0.055267702936096716,565.7,4.29,0.0
2428,4,713,3.711999999999988,0.056100981767180924,566.1,4.29,0.0
2429,1,313,0.3119999999999896,0.054313099041533544,566.2,4.29,0.0
2430,1,314,0.3129999999999895,0.05732484076433121,566.4,4.29,0.0
2431,2,460,1.4589999999999734,0.05652173913043478,566.6,4.29,0.0
2432,1,313,0.3119999999999896,0.054313099041533544,566.8,4.29,0.0
2433,1,313,0.3119999999999896,0.054313099041533544,567.0,4.29,0.0
2434,1,313,0.3119999999999896,0.05750798722044728,567.1,4.29,0.0
2435,0,183,-0.8179999999999998,0.060109289617486336,567.2,4.29,0.0
2436,2,454,1.452999999999974,0.05726872246696035,567.5,4.29,0.0
2437,1,322,0.32099999999998863,0.055900621118012424,567.6,4.29,0.0
2438,2,446,1.444999999999975,0.053811659192825115,567.9,4.29,0.0
2439,2,462,1.4609999999999732,0.05627705627705628,568.1,4.29,0.0
2440,4,734,3.732999999999995,0.055858310626702996,568.5,4.29,0.0
2441,4,728,3.726999999999993,0.05631868131868132,568.9,4.29,0.0
2442,0,179,-0.8219999999999998,0.055865921787709494,569.0,4.29,0.0
2443,1,339,0.33799999999998676,0.05604719764011799,569.2,4.29,0.0
2444,0,179,-0.8219999999999998,0.055865921787709494,569.3,4.29,0.0
2445,2,464,1.462999999999973,0.05603448275862069,569.5,4.29,0.0
2446,3,579,2.5779999999999603,0.055267702936096716,569.8,4.29,0.0
2447,0,184,-0.8169999999999998,0.059782608695652176,569.9,4.30,0.0
2448,3,579,2.5779999999999603,0.055267702936096716,570.2,4.29,0.0
2449,0,179,-0.8219999999999998,0.055865921787709494,570.3,4.30,0.0
2450,1,313,0.3119999999999896,0.05750798722044728,570.5,4.30,0.0
2451,6,979,5.978000000000075,0.05515832482124617,571.0,4.29,0.0
2452,4,713,3.711999999999988,0.056100981767180924,571.4,4.29,0.0
2453,0,187,-0.8139999999999998,0.058823529411764705,571.5,4.29,0.0
2454,1,313,0.3119999999999896,0.05750798722044728,571.6,4.29,0.0
2455,1,313,0.3119999999999896,0.05750798722044728,571.8,4.30,0.0
2456,2,446,1.444999999999975,0.05605381165919283,572.1,4.30,0.0
2457,2,446,1.444999999999975,0.05605381165919283,572.3,4.29,0.0
2458,6,979,5.978000000000075,0.056179775280898875,572.8,4.29,0.0
2459,0,179,-0.8219999999999998,0.055865921787709494,572.9,4.29,0.0
2460,0,179,-0.8219999999999998,0.055865921787709494,573.0,4.29,0.0
2461,2,446,1.444999999999975,0.05605381165919283,573.2,4.29,0.0
2462,0,193,-0.8079999999999998,0.05699481865284974,573.3,4.30,0.0
2463,0,187,-0.8139999999999998,0.058823529411764705,573.5,4.30,0.0
2464,1,322,0.32099999999998863,0.055900621118012424,573.6,4.30,0.0
2465,0,184,-0.8169999999999998,0.059782608695652176,573.7,4.30,0.0
2466,2,446,1.444999999999975,0.05605381165919283,574.0,4.30,0.0
2467,1,318,0.31699999999998907,0.05660377358490566,574.1,4.30,0.0
2468,4,732,3.7309999999999945,0.056010928961748634,574.5,4.30,0.0
2469,1,319,0.31799999999998896,0.05642633228840126,574.7,4.30,0.0
2470,0,179,-0.8219999999999998,0.055865921787709494,574.8,4.30,0.0
2471,0,179,-0.8219999999999998,0.055865921787709494,574.9,4.30,0.0
2472,1,313,0.3119999999999896,0.05750798722044728,575.0,4.30,0.0
2473,1,313,0.3119999999999896,0.054313099041533544,575.2,4.30,0.0
2474,1,313,0.3119999999999896,0.054313099041533544,575.4,4.30,0.0
2475,2,446,1.444999999999975,0.05605381165919283,575.6,4.30,0.0
2476,1,313,0.3119999999999896,0.05750798722044728,575.8,4.30,0.0
2477,5,846,4.845000000000032,0.05555555555555555,576.2,4.30,0.0
2478,2,446,1.444999999999975,0.05605381165919283,576.4,4.30,0.0
2479,6,979,5.978000000000075,0.05515832482124617,577.0,4.30,0.0
2480,4,736,3.734999999999996,0.05570652173913043,577.4,4.30,0.0
2481,2,446,1.444999999999975,0.053811659192825115,577.6,4.30,0.0
2482,9,1379,9.377999999999888,0.05583756345177665,578.3,4.29,0.0
2483,1,313,0.3119999999999896,0.054313099041533544,578.5,4.29,0.0
2484,0,179,-0.8219999999999998,0.055865921787709494,578.6,4.29,0.0
2485,0,191,-0.8099999999999998,0.05759162303664921,578.7,4.30,0.0
2486,1,313,0.3119999999999896,0.054313099041533544,578.9,4.30,0.0
2487,1,313,0.3119999999999896,0.05750798722044728,579.1,4.30,0.0
2488,3,579,2.5779999999999603,0.055267702936096716,579.4,4.30,0.0
2489,2,446,1.444999999999975,0.05605381165919283,579.6,4.30,0.0
2490,3,579,2.5779999999999603,0.055267702936096716,579.9,4.30,0.0
2491,2,446,1.444999999999975,0.05605381165919283,580.2,4.30,0.0
2492,1,317,0.3159999999999892,0.056782334384858045,580.3,4.30,0.0
2493,0,193,-0.8079999999999998,0.05699481865284974,580.4,4.30,0.0
2494,0,179,-0.8219999999999998,0.055865921787709494,580.5,4.30,0.0
2495,11,1646,11.64499999999974,0.05528554070473876,581.4,4.29,0.0
2496,1,317,0.3159999999999892,0.056782334384858045,581.6,4.29,0.0
2497,2,456,1.4549999999999739,0.05701754385964912,581.8,4.29,0.0
2498,0,179,-0.8219999999999998,0.055865921787709494,581.9,4.29,0.0
2499,0,179,-0.8219999999999998,0.05027932960893855,582.0,4.30,0.0
2500,0,179,-0.8219999999999998,0.055865921787709494,582.1,4.30,0.0
2501,3,591,2.589999999999959,0.05583756345177665,585.2,4.28,0.0
2502,0,179,-0.8219999999999998,0.055865921787709494,585.3,4.28,0.0
2503,0,190,-0.8109999999999998,0.05789473684210526,585.4,4.28,0.0
2504,0,179,-0.8219999999999998,0.055865921787709494,585.5,4.28,0.0
2505,2,446,1.444999999999975,0.053811659192825115,585.7,4.28,0.0
2506,2,446,1.444999999999975,0.05605381165919283,586.0,4.28,0.0
2507,3,584,2.5829999999999598,0.05650684931506849,586.3,4.28,0.0
2508,0,179,-0.8219999999999998,0.055865921787709494,586.4,4.28,0.0
2509,2,446,1.444999999999975,0.05605381165919283,586.6,4.28,0.0
2510,1,314,0.3129999999999895,0.05732484076433121,586.8,4.28,0.0
2511,2,446,1.444999999999975,0.053811659192825115,587.0,4.28,0.0
2512,8,1275,8.273999999999946,0.05568627450980392,587.7,4.28,0.0
2513,0,204,-0.7969999999999998,0.058823529411764705,587.8,4.28,0.0
2514,0,187,-0.8139999999999998,0.058823529411764705,587.9,4.28,0.0
2515,4,713,3.711999999999988,0.056100981767180924,588.3,4.28,0.0
2516,1,313,0.3119999999999896,0.054313099041533544,588.4,4.28,0.0
2517,0,179,-0.8219999999999998,0.055865921787709494,588.6,4.28,0.0
2518,0,179,-0.8219999999999998,0.055865921787709494,588.7,4.28,0.0
2519,1,335,0.3339999999999872,0.056716417910447764,588.8,4.28,0.0
2520,2,446,1.444999999999975,0.05605381165919283,589.1,4.28,0.0
2521,0,186,-0.8149999999999998,0.05913978494623656,589.2,4.28,0.0
2522,2,446,1.444999999999975,0.05605381165919283,589.4,4.28,0.0
2523,5,846,4.845000000000032,0.05555555555555555,589.9,4.28,0.0
2524,0,179,-0.8219999999999998,0.055865921787709494,590.0,4.28,0.0
2525,0,179,-0.8219999999999998,0.055865921787709494,590.1,4.28,0.0
2526,2,454,1.452999999999974,0.05726872246696035,590.3,4.28,0.0
2527,1,321,0.31999999999998874,0.056074766355140186,590.5,4.28,0.0
2528,0,179,-0.8219999999999998,0.055865921787709494,590.5,4.28,0.0
2529,1,313,0.3119999999999896,0.05750798722044728,590.7,4.28,0.0
2530,1,322,0.32099999999998863,0.055900621118012424,590.9,4.28,0.0
2531,0,192,-0.8089999999999998,0.057291666666666664,591.0,4.28,0.0
2532,3,579,2.5779999999999603,0.055267702936096716,591.3,4.28,0.0
2533,0,179,-0.8219999999999998,0.055865921787709494,591.4,4.28,0.0
2534,0,179,-0.8219999999999998,0.055865921787709494,591.5,4.29,0.0
2535,1,313,0.3119999999999896,0.05750798722044728,591.7,4.29,0.0
2536,3,579,2.5779999999999603,0.055267702936096716,592.0,4.29,0.0
2537,1,313,0.3119999999999896,0.054313099041533544,592.2,4.29,0.0
2538,3,579,2.5779999999999603,0.055267702936096716,592.4,4.29,0.0
2539,0,179,-0.8219999999999998,0.055865921787709494,592.5,4.29,0.0
2540,3,589,2.587999999999959,0.05602716468590832,592.9,4.29,0.0
2541,3,579,2.5779999999999603,0.055267702936096716,593.2,4.29,0.0
2542,1,314,0.3129999999999895,0.05732484076433121,593.3,4.29,0.0
2543,2,446,1.444999999999975,0.05605381165919283,593.6,4.29,0.0
2544,6,1005,6.004000000000084,0.05572139303482587,594.1,4.28,0.0
2545,4,732,3.7309999999999945,0.056010928961748634,594.5,4.28,0.0
2546,0,183,-0.8179999999999998,0.060109289617486336,594.6,4.28,0.0
2547,0,190,-0.8109999999999998,0.05789473684210526,594.7,4.28,0.0
2548,0,185,-0.8159999999999998,0.05945945945945946,594.8,4.29,0.0
2549,0,179,-0.8219999999999998,0.055865921787709494,594.9,4.29,0.0
2550,2,456,1.4549999999999739,0.05701754385964912,595.1,4.29,0.0
2551,0,195,-0.8059999999999998,0.05641025641025641,595.2,4.29,0.0
2552,0,179,-0.8219999999999998,0.055865921787709494,595.3,4.29,0.0
2553,1,313,0.3119999999999896,0.05750798722044728,595.5,4.29,0.0
2554,0,211,-0.7899999999999998,0.05687203791469194,595.6,4.29,0.0
2555,7,1113,7.112000000000036,0.055705300988319856,596.2,4.29,0.0
2556,1,313,0.3119999999999896,0.05750798722044728,596.4,4.29,0.0
2557,2,446,1.444999999999975,0.05605381165919283,596.6,4.29,0.0
2558,2,446,1.444999999999975,0.053811659192825115,596.8,4.29,0.0
2559,1,315,0.3139999999999894,0.05714285714285714,597.0,4.29,0.0
2560,1,313,0.3119999999999896,0.05750798722044728,597.2,4.29,0.0
2561,1,313,0.3119999999999896,0.054313099041533544,597.3,4.29,0.0
2562,9,1399,9.397999999999877,0.05575411007862759,598.1,4.29,0.0
2563,3,579,2.5779999999999603,0.055267702936096716,598.4,4.28,0.0
2564,1,313,0.3119999999999896,0.054313099041533544,598.6,4.29,0.0
2565,3,579,2.5779999999999603,0.055267702936096716,598.9,4.28,0.0
2566,0,179,-0.8219999999999998,0.055865921787709494,599.0,4.29,0.0
2567,4,713,3.711999999999988,0.056100981767180924,599.4,4.28,0.0
2568,1,313,0.3119999999999896,0.054313099041533544,599.5,4.28,0.0
2569,0,179,-0.8219999999999998,0.055865921787709494,599.6,4.29,0.0
2570,0,179,-0.8219999999999998,0.055865921787709494,599.7,4.29,0.0
2571,1,313,0.3119999999999896,0.054313099041533544,599.9,4.29,0.0
2572,1,313,0.3119999999999896,0.05750798722044728,600.1,4.29,0.0
2573,10,1513,10.511999999999814,0.05551883674818242,600.8,4.28,0.0
2574,2,463,1.461999999999973,0.056155507559395246,601.1,4.28,0.0
2575,5,846,4.845000000000032,0.05555555555555555,601.5,4.28,0.0
2576,0,189,-0.8119999999999998,0.0582010582010582,601.6,4.28,0.0
2577,4,713,3.711999999999988,0.056100981767180924,602.0,4.28,0.0
2578,0,179,-0.8219999999999998,0.055865921787709494,602.1,4.28,0.0
2579,1,313,0.3119999999999896,0.054313099041533544,602.3,4.28,0.0
2580,2,446,1.444999999999975,0.05605381165919283,602.5,4.28,0.0
2581,1,313,0.3119999999999896,0.05750798722044728,602.7,4.28,0.0
2582,5,846,4.845000000000032,0.05555555555555555,603.2,4.28,0.0
2583,0,179,-0.8219999999999998,0.055865921787709494,603.2,4.28,0.0
2584,5,852,4.851000000000034,0.056338028169014086,603.7,4.28,0.0
2585,0,179,-0.8219999999999998,0.055865921787709494,603.8,4.28,0.0
2586,1,340,0.33899999999998665,0.05588235294117647,604.0,4.28,0.0
2587,3,617,3.615999999999956,0.05672609400324149,604.3,4.28,0.0
2588,5,846,4.845000000000032,0.05555555555555555,604.7,4.28,0.0
2589,0,189,-0.8119999999999998,0.0582010582010582,604.9,4.28,0.0
2590,4,713,3.711999999999988,0.0546984572230014,605.2,4.28,0.0
2591,0,179,-0.8219999999999998,0.055865921787709494,605.3,4.28,0.0
2592,0,189,-0.8119999999999998,0.0582010582010582,605.4,4.28,0.0
2593,0,179,-0.8219999999999998,0.055865921787709494,605.5,4.28,0.0
2594,1,313,0.3119999999999896,0.054313099041533544,605.7,4.28,0.0
2595,3,579,2.5779999999999603,0.055267702936096716,606.0,4.28,0.0
2596,1,313,0.3119999999999896,0.054313099041533544,606.2,4.28,0.0
2597,2,446,1.444999999999975,0.05605381165919283,606.4,4.28,0.0
2598,2,455,1.453999999999974,0.05714285714285714,606.7,4.28,0.0
2599,3,588,2.5869999999999593,0.05612244897959184,607.0,4.28,0.0
2600,0,179,-0.8219999999999998,0.055865921787709494,607.1,4.28,0.0
2601,0,179,-0.8219999999999998,0.055865921787709494,607.2,4.29,0.0
2602,0,184,-0.8169999999999998,0.059782608695652176,607.3,4.29,0.0
2603,1,313,0.3119999999999896,0.054313099041533544,607.5,4.29,0.0
2604,2,446,1.444999999999975,0.05605381165919283,607.7,4.29,0.0
2605,3,583,2.58199999999996,0.05660377358490566,608.0,4.29,0.0
2606,0,179,-0.8219999999999998,0.055865921787709494,608.1,4.29,0.0
2607,0,179,-0.8219999999999998,0.055865921787709494,608.2,4.29,0.0
2608,2,448,1.4469999999999748,0.05580357142857143,608.4,4.29,0.0
2609,0,179,-0.8219999999999998,0.055865921787709494,608.5,4.29,0.0
2610,3,579,2.5779999999999603,0.055267702936096716,608.8,4.29,0.0
2611,1,313,0.3119999999999896,0.054313099041533544,609.0,4.29,0.0
2612,1,319,0.31799999999998896,0.05642633228840126,609.2,4.29,0.0
2613,1,315,0.3139999999999894,0.05714285714285714,609.4,4.29,0.0
2614,4,713,3.711999999999988,0.056100981767180924,609.7,4.29,0.0
2615,3,579,2.5779999999999603,0.055267702936096716,610.1,4.29,0.0
2616,0,179,-0.8219999999999998,0.055865921787709494,610.1,4.29,0.0
2617,0,179,-0.8219999999999998,0.055865921787709494,610.3,4.29,0.0
2618,0,179,-0.8219999999999998,0.055865921787709494,610.3,4.29,0.0
2619,0,195,-0.8059999999999998,0.05641025641025641,610.5,4.29,0.0
2620,0,185,-0.8159999999999998,0.05945945945945946,610.5,4.29,0.0
2621,2,446,1.444999999999975,0.05605381165919283,610.8,4.29,0.0
2622,2,446,1.444999999999975,0.05605381165919283,611.0,4.29,0.0
2623,1,314,0.3129999999999895,0.05732484076433121,611.2,4.29,0.0
2624,2,449,1.4479999999999746,0.0556792873051225,611.4,4.29,0.0
2625,3,579,2.5779999999999603,0.055267702936096716,611.7,4.29,0.0
2626,0,179,-0.8219999999999998,0.055865921787709494,611.8,4.29,0.0
2627,0,179,-0.8219999999999998,0.055865921787709494,611.9,4.29,0.0
2628,3,585,2.5839999999999597,0.05641025641025641,612.2,4.29,0.0
2629,7,1113,7.112000000000036,0.055705300988319856,612.8,4.29,0.0
2630,2,446,1.444999999999975,0.05605381165919283,613.0,4.29,0.0
2631,1,318,0.31699999999998907,0.05660377358490566,613.2,4.29,0.0
2632,4,717,3.7159999999999895,0.05578800557880056,613.6,4.29,0.0
2633,1,313,0.3119999999999896,0.054313099041533544,613.8,4.29,0.0
2634,0,179,-0.8219999999999998,0.055865921787709494,613.8,4.29,0.0
2635,4,713,3.711999999999988,0.056100981767180924,614.2,4.29,0.0
2636,2,464,1.462999999999973,0.05603448275862069,614.5,4.29,0.0
2637,3,579,2.5779999999999603,0.055267702936096716,614.8,4.29,0.0
2638,1,313,0.3119999999999896,0.054313099041533544,615.0,4.29,0.0
2639,4,729,3.7279999999999935,0.056241426611796985,615.3,4.29,0.0
2640,2,464,1.462999999999973,0.05603448275862069,615.6,4.29,0.0
2641,1,313,0.3119999999999896,0.054313099041533544,615.8,4.29,0.0
2642,4,727,3.725999999999993,0.05639614855570839,616.1,4.29,0.0
2643,4,716,3.714999999999989,0.055865921787709494,616.5,4.29,0.0
2644,0,179,-0.8219999999999998,0.055865921787709494,616.6,4.29,0.0
2645,4,734,3.732999999999995,0.055858310626702996,617.0,4.29,0.0
2646,7,1113,7.112000000000036,0.055705300988319856,617.6,4.29,0.0
2647,1,317,0.3159999999999892,0.056782334384858045,617.8,4.29,0.0
2648,2,449,1.4479999999999746,0.0556792873051225,618.0,4.29,0.0
2649,1,313,0.3119999999999896,0.054313099041533544,618.2,4.29,0.0
2650,4,713,3.711999999999988,0.056100981767180924,618.5,4.29,0.0
2651,2,446,1.444999999999975,0.05605381165919283,618.8,4.29,0.0
2652,0,190,-0.8109999999999998,0.05789473684210526,618.9,4.29,0.0
2653,2,446,1.444999999999975,0.05605381165919283,619.1,4.29,0.0
2654,1,339,0.33799999999998676,0.05604719764011799,619.3,4.29,0.0
2655,3,587,2.5859999999999594,0.056218057921635436,619.6,4.29,0.0
2656,3,579,2.5779999999999603,0.055267702936096716,619.9,4.29,0.0
2657,3,582,2.58099999999996,0.05670103092783505,620.2,4.29,0.0
2658,4,728,3.726999999999993,0.05631868131868132,620.6,4.28,0.0
2659,8,1246,8.244999999999962,0.05537720706260032,621.3,4.28,0.0
2660,1,313,0.3119999999999896,0.054313099041533544,621.4,4.28,0.0
2661,4,713,3.711999999999988,0.056100981767180924,621.8,4.28,0.0
2662,1,321,0.31999999999998874,0.056074766355140186,622.0,4.28,0.0
2663,3,579,2.5779999999999603,0.055267702936096716,622.3,4.28,0.0
2664,4,731,3.729999999999994,0.0560875512995896,622.7,4.28,0.0
2665,1,313,0.3119999999999896,0.05750798722044728,622.9,4.28,0.0
2666,2,446,1.444999999999975,0.053811659192825115,623.1,4.28,0.0
2667,1,313,0.3119999999999896,0.05750798722044728,623.3,4.28,0.0
2668,1,315,0.3139999999999894,0.05714285714285714,623.4,4.28,0.0
2669,6,979,5.978000000000075,0.056179775280898875,623.9,4.28,0.0
2670,3,580,2.57899999999996,0.056896551724137934,624.3,4.28,0.0
2671,0,179,-0.8219999999999998,0.05027932960893855,624.4,4.28,0.0
2672,3,579,2.5779999999999603,0.055267702936096716,624.7,4.28,0.0
2673,6,979,5.978000000000075,0.05515832482124617,625.2,4.28,0.0
2674,2,446,1.444999999999975,0.05605381165919283,625.4,4.28,0.0
2675,0,179,-0.8219999999999998,0.055865921787709494,625.5,4.28,0.0
2676,0,179,-0.8219999999999998,0.055865921787709494,625.6,4.28,0.0
2677,0,179,-0.8219999999999998,0.055865921787709494,625.7,4.28,0.0
2678,1,321,0.31999999999998874,0.056074766355140186,625.9,4.28,0.0
2679,3,579,2.5779999999999603,0.055267702936096716,626.2,4.28,0.0
2680,1,313,0.3119999999999896,0.05750798722044728,626.3,4.28,0.0
2681,2,446,1.444999999999975,0.05605381165919283,626.6,4.28,0.0
2682,2,457,1.4559999999999738,0.05689277899343545,626.8,4.28,0.0
2683,4,621,3.6199999999999575,0.05636070853462158,627.2,4.28,0.0
2684,1,313,0.3119999999999896,0.05750798722044728,627.3,4.28,0.0
2685,1,315,0.3139999999999894,0.05714285714285714,627.5,4.28,0.0
2686,0,179,-0.8219999999999998,0.055865921787709494,627.6,4.28,0.0
2687,5,861,4.860000000000037,0.05574912891986063,628.1,4.28,0.0
2688,0,179,-0.8219999999999998,0.055865921787709494,628.1,4.28,0.0
2689,0,179,-0.8219999999999998,0.05027932960893855,628.2,4.28,0.0
2690,5,854,4.853000000000034,0.05620608899297424,628.7,4.28,0.0
2691,3,584,2.5829999999999598,0.05650684931506849,629.0,4.28,0.0
2692,2,446,1.444999999999975,0.05605381165919283,629.2,4.28,0.0
2693,0,186,-0.8149999999999998,0.05913978494623656,629.3,4.28,0.0
2694,1,313,0.3119999999999896,0.054313099041533544,629.5,4.28,0.0
2695,0,189,-0.8119999999999998,0.0582010582010582,629.6,4.28,0.0
2696,6,979,5.978000000000075,0.056179775280898875,630.1,4.28,0.0
2697,2,446,1.444999999999975,0.05605381165919283,630.4,4.28,0.0
2698,4,713,3.711999999999988,0.0546984572230014,630.8,4.28,0.0
2699,2,446,1.444999999999975,0.05605381165919283,631.0,4.28,0.0
2700,2,446,1.444999999999975,0.05605381165919283,631.2,4.28,0.0
2701,0,179,-0.8219999999999998,0.055865921787709494,631.3,4.28,0.0
2702,3,582,2.58099999999996,0.05670103092783505,631.6,4.28,0.0
2703,3,579,2.5779999999999603,0.055267702936096716,632.0,4.28,0.0
2704,3,591,2.589999999999959,0.05583756345177665,632.3,4.28,0.0
2705,2,446,1.444999999999975,0.05605381165919283,632.5,4.28,0.0
2706,2,446,1.444999999999975,0.05605381165919283,632.8,4.28,0.0
2707,0,179,-0.8219999999999998,0.055865921787709494,632.8,4.28,0.0
2708,0,179,-0.8219999999999998,0.055865921787709494,633.0,4.28,0.0
2709,0,179,-0.8219999999999998,0.055865921787709494,633.0,4.28,0.0
2710,2,459,1.4579999999999735,0.05664488017429194,633.3,4.28,0.0
2711,1,313,0.3119999999999896,0.054313099041533544,633.5,4.28,0.0
2712,0,189,-0.8119999999999998,0.0582010582010582,633.6,4.28,0.0
2713,0,179,-0.8219999999999998,0.055865921787709494,633.6,4.28,0.0
2714,14,2000,15.998999999999544,0.056,634.7,4.28,0.0
2715,2,452,1.4509999999999743,0.05752212389380531,634.9,4.28,0.0
2716,4,713,3.711999999999988,0.0546984572230014,635.3,4.28,0.0
2717,0,179,-0.8219999999999998,0.055865921787709494,635.4,4.28,0.0
2718,5,846,4.845000000000032,0.05555555555555555,635.9,4.28,0.0
2719,2,457,1.4559999999999738,0.05689277899343545,636.1,4.28,0.0
2720,4,731,3.729999999999994,0.0560875512995896,636.5,4.27,0.0
2721,0,179,-0.8219999999999998,0.05027932960893855,636.6,4.28,0.0
2722,0,184,-0.8169999999999998,0.059782608695652176,636.7,4.28,0.0
2723,0,184,-0.8169999999999998,0.059782608695652176,636.8,4.28,0.0
2724,2,446,1.444999999999975,0.05605381165919283,637.0,4.28,0.0
2725,0,179,-0.8219999999999998,0.055865921787709494,637.1,4.28,0.0
2726,3,610,2.608999999999957,0.05573770491803279,637.4,4.28,0.0
2727,8,1250,8.24899999999996,0.056,638.1,4.28,0.0
2728,0,189,-0.8119999999999998,0.0582010582010582,638.2,4.28,0.0
2729,1,313,0.3119999999999896,0.054313099041533544,638.4,4.28,0.0
2730,2,461,1.4599999999999733,0.05639913232104121,638.6,4.28,0.0
2731,7,1113,7.112000000000036,0.055705300988319856,639.2,4.27,0.0
2732,7,1113,7.112000000000036,0.055705300988319856,639.8,4.27,0.0
2733,3,586,2.5849999999999596,0.05631399317406143,640.1,4.27,0.0
2734,5,846,4.845000000000032,0.05555555555555555,640.6,4.27,0.0
2735,1,313,0.3119999999999896,0.05750798722044728,640.7,4.27,0.0
2736,2,354,1.352999999999985,0.05649717514124294,640.9,4.27,0.0
2737,0,192,-0.8089999999999998,0.057291666666666664,641.0,4.27,0.0
2738,1,313,0.3119999999999896,0.054313099041533544,641.2,4.27,0.0
2739,0,192,-0.8089999999999998,0.057291666666666664,641.3,4.27,0.0
2740,5,846,4.845000000000032,0.05673758865248227,641.7,4.27,0.0
2741,1,341,0.33999999999998654,0.05571847507331378,641.9,4.27,0.0
2742,4,713,3.711999999999988,0.0546984572230014,642.3,4.27,0.0
2743,2,457,1.4559999999999738,0.05689277899343545,642.5,4.27,0.0
2744,5,846,4.845000000000032,0.05555555555555555,643.0,4.27,0.0
2745,2,467,1.4659999999999727,0.055674518201284794,643.2,4.27,0.0
2746,3,579,2.5779999999999603,0.055267702936096716,643.5,4.27,0.0
2747,4,713,3.711999999999988,0.0546984572230014,643.9,4.27,0.0
2748,5,846,4.845000000000032,0.05555555555555555,644.4,4.27,0.0
2749,4,713,3.711999999999988,0.0546984572230014,644.7,4.27,0.0
2750,4,713,3.711999999999988,0.0546984572230014,645.1,4.26,0.0
2751,4,713,3.711999999999988,0.056100981767180924,645.5,4.26,0.0
2752,4,732,3.7309999999999945,0.056010928961748634,645.9,4.26,0.0
2753,3,579,2.5779999999999603,0.05699481865284974,646.2,4.26,0.0
2754,8,1246,8.244999999999962,0.05537720706260032,646.9,4.26,0.0
2755,0,179,-0.8219999999999998,0.05027932960893855,647.0,4.26,0.0
2756,0,192,-0.8089999999999998,0.057291666666666664,647.1,4.26,0.0
2757,3,593,2.591999999999959,0.05564924114671164,647.4,4.26,0.0
2758,0,187,-0.8139999999999998,0.058823529411764705,647.5,4.26,0.0
2759,2,446,1.444999999999975,0.05605381165919283,647.7,4.26,0.0
2760,1,313,0.3119999999999896,0.05750798722044728,647.9,4.26,0.0
2761,0,193,-0.8079999999999998,0.05699481865284974,648.0,4.26,0.0
2762,3,579,2.5779999999999603,0.055267702936096716,648.3,4.26,0.0
2763,1,313,0.3119999999999896,0.054313099041533544,648.5,4.26,0.0
2764,1,313,0.3119999999999896,0.05750798722044728,648.6,4.26,0.0
2765,0,183,-0.8179999999999998,0.060109289617486336,648.7,4.26,0.0
2766,0,179,-0.8219999999999998,0.055865921787709494,648.8,4.26,0.0
2767,3,587,2.5859999999999594,0.056218057921635436,649.1,4.26,0.0
2768,1,313,0.3119999999999896,0.054313099041533544,649.3,4.26,0.0
2769,3,579,2.5779999999999603,0.055267702936096716,649.6,4.26,0.0
2770,0,179,-0.8219999999999998,0.055865921787709494,649.7,4.27,0.0
2771,5,846,4.845000000000032,0.05555555555555555,650.1,4.26,0.0
2772,3,580,2.57899999999996,0.056896551724137934,650.4,4.26,0.0
2773,1,319,0.31799999999998896,0.05642633228840126,650.6,4.26,0.0
2774,0,179,-0.8219999999999998,0.055865921787709494,650.7,4.26,0.0
2775,2,465,1.4639999999999729,0.05591397849462366,650.9,4.26,0.0
2776,4,714,3.7129999999999885,0.056022408963585436,651.3,4.26,0.0
2777,2,466,1.4649999999999728,0.055793991416309016,651.6,4.26,0.0
2778,0,179,-0.8219999999999998,0.055865921787709494,651.7,4.26,0.0
2779,2,446,1.444999999999975,0.05605381165919283,651.9,4.26,0.0
2780,0,179,-0.8219999999999998,0.055865921787709494,652.0,4.27,0.0
2781,1,313,0.3119999999999896,0.05750798722044728,652.2,4.27,0.0
2782,2,446,1.444999999999975,0.05605381165919283,652.4,4.27,0.0
2783,0,211,-0.7899999999999998,0.05687203791469194,652.5,4.27,0.0
2784,3,585,2.5839999999999597,0.05641025641025641,652.8,4.27,0.0
2785,3,583,2.58199999999996,0.05660377358490566,653.2,4.27,0.0
2786,2,446,1.444999999999975,0.05605381165919283,653.4,4.27,0.0
2787,4,730,3.728999999999994,0.056164383561643834,653.8,4.26,0.0
2788,2,446,1.444999999999975,0.05605381165919283,654.0,4.26,0.0
2789,0,208,-0.7929999999999998,0.057692307692307696,654.1,4.27,0.0
2790,0,189,-0.8119999999999998,0.0582010582010582,654.2,4.27,0.0
2791,1,313,0.3119999999999896,0.054313099041533544,654.4,4.27,0.0
2792,4,750,4.7490000000000006,0.056,654.8,4.27,0.0
2793,1,313,0.3119999999999896,0.054313099041533544,654.9,4.27,0.0
2794,1,313,0.3119999999999896,0.054313099041533544,655.1,4.27,0.0
2795,0,179,-0.8219999999999998,0.055865921787709494,655.2,4.27,0.0
2796,0,184,-0.8169999999999998,0.059782608695652176,655.3,4.27,0.0
2797,6,979,5.978000000000075,0.056179775280898875,655.8,4.27,0.0
2798,5,846,4.845000000000032,0.05555555555555555,656.3,4.27,0.0
2799,0,195,-0.8059999999999998,0.05641025641025641,656.4,4.27,0.0
2800,1,313,0.3119999999999896,0.054313099041533544,656.5,4.27,0.0
2801,2,454,1.452999999999974,0.05726872246696035,656.8,4.27,0.0
2802,4,728,3.726999999999993,0.05631868131868132,657.2,4.27,0.0
2803,2,446,1.444999999999975,0.05605381165919283,657.4,4.27,0.0
2804,2,449,1.4479999999999746,0.0556792873051225,657.6,4.27,0.0
2805,1,313,0.3119999999999896,0.05750798722044728,657.8,4.27,0.0
2806,6,979,5.978000000000075,0.05515832482124617,658.3,4.26,0.0
2807,0,191,-0.8099999999999998,0.05759162303664921,658.4,4.26,0.0
2808,0,179,-0.8219999999999998,0.055865921787709494,658.5,4.27,0.0
2809,2,446,1.444999999999975,0.053811659192825115,658.8,4.27,0.0
2810,2,454,1.452999999999974,0.05726872246696035,659.0,4.27,0.0
2811,0,187,-0.8139999999999998,0.058823529411764705,659.1,4.27,0.0
2812,4,713,3.711999999999988,0.056100981767180924,659.5,4.27,0.0
2813,0,179,-0.8219999999999998,0.055865921787709494,659.6,4.27,0.0
2814,2,446,1.444999999999975,0.05605381165919283,659.8,4.27,0.0
2815,1,313,0.3119999999999896,0.054313099041533544,660.0,4.27,0.0
2816,0,187,-0.8139999999999998,0.058823529411764705,660.1,4.27,0.0
2817,2,446,1.444999999999975,0.05605381165919283,660.3,4.27,0.0
2818,1,313,0.3119999999999896,0.05750798722044728,660.5,4.27,0.0
2819,2,446,1.444999999999975,0.053811659192825115,660.7,4.27,0.0
2820,4,713,3.711999999999988,0.056100981767180924,661.1,4.27,0.0
2821,0,179,-0.8219999999999998,0.055865921787709494,661.2,4.27,0.0
2822,0,179,-0.8219999999999998,0.055865921787709494,661.3,4.27,0.0
2823,1,317,0.3159999999999892,0.056782334384858045,661.5,4.27,0.0
2824,3,579,2.5779999999999603,0.055267702936096716,661.8,4.27,0.0
2825,4,713,3.711999999999988,0.056100981767180924,662.1,4.27,0.0
2826,1,313,0.3119999999999896,0.05750798722044728,662.3,4.27,0.0
2827,0,179,-0.8219999999999998,0.055865921787709494,662.4,4.27,0.0
2828,7,1123,7.12200000000003,0.05609973285841496,663.0,4.27,0.0
2829,0,182,-0.8189999999999998,0.06043956043956044,663.1,4.27,0.0
2830,2,446,1.444999999999975,0.05605381165919283,663.3,4.27,0.0
2831,1,313,0.3119999999999896,0.054313099041533544,663.5,4.27,0.0
2832,0,179,-0.8219999999999998,0.055865921787709494,663.6,4.27,0.0
2833,1,313,0.3119999999999896,0.05750798722044728,663.8,4.27,0.0
2834,5,846,4.845000000000032,0.05555555555555555,664.2,4.27,0.0
2835,0,179,-0.8219999999999998,0.055865921787709494,664.3,4.27,0.0
2836,0,184,-0.8169999999999998,0.059782608695652176,664.4,4.27,0.0
2837,1,313,0.3119999999999896,0.05750798722044728,664.6,4.27,0.0
2838,2,446,1.444999999999975,0.05605381165919283,664.8,4.27,0.0
2839,5,846,4.845000000000032,0.05555555555555555,665.3,4.27,0.0
2840,2,459,1.4579999999999735,0.05664488017429194,665.5,4.27,0.0
2841,0,184,-0.8169999999999998,0.059782608695652176,665.6,4.27,0.0
2842,0,179,-0.8219999999999998,0.055865921787709494,665.7,4.27,0.0
2843,2,446,1.444999999999975,0.05605381165919283,665.9,4.27,0.0
2844,1,318,0.31699999999998907,0.05660377358490566,666.1,4.27,0.0
2845,1,313,0.3119999999999896,0.054313099041533544,666.3,4.27,0.0
2846,3,579,2.5779999999999603,0.055267702936096716,666.6,4.27,0.0
2847,1,317,0.3159999999999892,0.056782334384858045,666.8,4.27,0.0
2848,3,579,2.5779999999999603,0.055267702936096716,667.1,4.27,0.0
2849,0,179,-0.8219999999999998,0.055865921787709494,667.2,4.27,0.0
2850,2,464,1.462999999999973,0.05603448275862069,667.4,4.27,0.0
2851,1,313,0.3119999999999896,0.054313099041533544,667.6,4.27,0.0
2852,0,179,-0.8219999999999998,0.055865921787709494,667.7,4.27,0.0
2853,1,313,0.3119999999999896,0.054313099041533544,667.8,4.27,0.0
2854,2,446,1.444999999999975,0.05605381165919283,668.1,4.27,0.0
2855,3,586,2.5849999999999596,0.05631399317406143,668.4,4.27,0.0
2856,5,846,4.845000000000032,0.05555555555555555,668.9,4.27,0.0
2857,0,179,-0.8219999999999998,0.055865921787709494,668.9,4.27,0.0
2858,3,579,2.5779999999999603,0.055267702936096716,669.3,4.27,0.0
2859,1,336,0.3349999999999871,0.05654761904761905,669.4,4.27,0.0
2860,4,732,3.7309999999999945,0.056010928961748634,669.8,4.27,0.0
2861,1,313,0.3119999999999896,0.054313099041533544,670.0,4.27,0.0
2862,2,451,1.4499999999999744,0.057649667405764965,670.2,4.27,0.0
2863,2,446,1.444999999999975,0.053811659192825115,670.5,4.27,0.0
2864,3,579,2.5779999999999603,0.055267702936096716,670.8,4.27,0.0
2865,1,313,0.3119999999999896,0.054313099041533544,670.9,4.27,0.0
2866,1,313,0.3119999999999896,0.05750798722044728,671.1,4.27,0.0
2867,2,454,1.452999999999974,0.05726872246696035,671.4,4.27,0.0
2868,1,313,0.3119999999999896,0.054313099041533544,671.5,4.27,0.0
2869,0,179,-0.8219999999999998,0.055865921787709494,671.6,4.27,0.0
2870,2,458,1.4569999999999736,0.056768558951965066,671.8,4.27,0.0
2871,6,984,5.983000000000077,0.05589430894308943,672.4,4.27,0.0
2872,0,187,-0.8139999999999998,0.058823529411764705,672.5,4.27,0.0
2873,2,446,1.444999999999975,0.053811659192825115,672.7,4.27,0.0
2874,2,446,1.444999999999975,0.05605381165919283,672.9,4.27,0.0
2875,0,179,-0.8219999999999998,0.055865921787709494,673.0,4.27,0.0
2876,2,446,1.444999999999975,0.05605381165919283,673.3,4.27,0.0
2877,4,713,3.711999999999988,0.056100981767180924,673.7,4.27,0.0
2878,0,179,-0.8219999999999998,0.055865921787709494,673.8,4.27,0.0
2879,0,192,-0.8089999999999998,0.057291666666666664,673.9,4.27,0.0
2880,3,610,2.608999999999957,0.05573770491803279,674.2,4.27,0.0
2881,4,713,3.711999999999988,0.056100981767180924,674.6,4.27,0.0
2882,0,179,-0.8219999999999998,0.055865921787709494,674.7,4.27,0.0
2883,7,1133,7.1320000000000245,0.05560458958517211,675.2,4.27,0.0
2884,1,313,0.3119999999999896,0.054313099041533544,675.4,4.27,0.0
2885,0,197,-0.8039999999999998,0.05583756345177665,675.5,4.27,0.0
2886,4,731,3.729999999999994,0.0560875512995896,675.9,4.27,0.0
2887,5,846,4.845000000000032,0.05555555555555555,676.3,4.27,0.0
2888,3,584,2.5829999999999598,0.05650684931506849,676.7,4.27,0.0
2889,8,1253,8.251999999999958,0.055865921787709494,677.3,4.27,0.0
2890,1,313,0.3119999999999896,0.054313099041533544,677.5,4.27,0.0
2891,0,179,-0.8219999999999998,0.055865921787709494,677.6,4.27,0.0
2892,2,446,1.444999999999975,0.05605381165919283,677.9,4.27,0.0
2893,4,713,3.711999999999988,0.056100981767180924,678.2,4.27,0.0
2894,2,456,1.4549999999999739,0.05701754385964912,678.5,4.27,0.0
2895,0,179,-0.8219999999999998,0.055865921787709494,678.6,4.27,0.0
2896,0,185,-0.8159999999999998,0.05945945945945946,678.7,4.27,0.0
2897,0,179,-0.8219999999999998,0.055865921787709494,678.8,4.27,0.0
2898,0,179,-0.8219999999999998,0.055865921787709494,678.9,4.27,0.0
2899,1,318,0.31699999999998907,0.05660377358490566,679.0,4.27,0.0
2900,1,313,0.3119999999999896,0.054313099041533544,679.2,4.27,0.0
2901,0,179,-0.8219999999999998,0.055865921787709494,679.3,4.27,0.0
2902,2,446,1.444999999999975,0.05605381165919283,679.5,4.27,0.0
2903,1,313,0.3119999999999896,0.054313099041533544,679.7,4.27,0.0
2904,4,713,3.711999999999988,0.0546984572230014,680.0,4.27,0.0
2905,3,579,2.5779999999999603,0.055267702936096716,680.4,4.27,0.0
2906,1,313,0.3119999999999896,0.054313099041533544,680.5,4.27,0.0
2907,1,317,0.3159999999999892,0.056782334384858045,680.7,4.27,0.0
2908,0,179,-0.8219999999999998,0.055865921787709494,680.8,4.27,0.0
2909,5,846,4.845000000000032,0.05555555555555555,681.2,4.27,0.0
2910,1,313,0.3119999999999896,0.054313099041533544,681.4,4.27,0.0
2911,1,313,0.3119999999999896,0.054313099041533544,681.6,4.27,0.0
2912,2,446,1.444999999999975,0.05605381165919283,681.8,4.27,0.0
2913,0,179,-0.8219999999999998,0.055865921787709494,681.9,4.27,0.0
2914,4,713,3.711999999999988,0.0546984572230014,682.3,4.27,0.0
2915,0,179,-0.8219999999999998,0.055865921787709494,682.4,4.27,0.0
2916,1,313,0.3119999999999896,0.054313099041533544,682.6,4.27,0.0
2917,3,579,2.5779999999999603,0.055267702936096716,682.9,4.27,0.0
2918,1,313,0.3119999999999896,0.05750798722044728,683.0,4.27,0.0
2919,7,1113,7.112000000000036,0.055705300988319856,683.6,4.27,0.0
2920,5,846,4.845000000000032,0.05555555555555555,684.1,4.27,0.0
2921,0,179,-0.8219999999999998,0.055865921787709494,684.2,4.27,0.0
2922,4,713,3.711999999999988,0.0546984572230014,684.6,4.27,0.0
2923,8,1246,8.244999999999962,0.05537720706260032,685.2,4.27,0.0
2924,0,179,-0.8219999999999998,0.055865921787709494,685.3,4.27,0.0
2925,0,179,-0.8219999999999998,0.055865921787709494,685.4,4.27,0.0
2926,3,590,2.588999999999959,0.05593220338983051,685.7,4.27,0.0
2927,2,446,1.444999999999975,0.05605381165919283,686.0,4.27,0.0
2928,3,591,2.589999999999959,0.05583756345177665,686.3,4.27,0.0
2929,0,190,-0.8109999999999998,0.05789473684210526,686.4,4.27,0.0
2930,0,179,-0.8219999999999998,0.055865921787709494,686.5,4.27,0.0
2931,3,579,2.5779999999999603,0.055267702936096716,686.8,4.27,0.0
2932,5,857,4.856000000000035,0.056009334889148193,687.2,4.27,0.0
2933,1,313,0.3119999999999896,0.05750798722044728,687.4,4.27,0.0
2934,0,179,-0.8219999999999998,0.055865921787709494,687.5,4.27,0.0
2935,0,193,-0.8079999999999998,0.05699481865284974,687.6,4.27,0.0
2936,4,713,3.711999999999988,0.056100981767180924,688.0,4.27,0.0
2937,2,446,1.444999999999975,0.05605381165919283,688.2,4.27,0.0
2938,1,313,0.3119999999999896,0.054313099041533544,688.4,4.27,0.0
2939,0,190,-0.8109999999999998,0.05789473684210526,688.5,4.27,0.0
2940,0,189,-0.8119999999999998,0.0582010582010582,688.6,4.27,0.0
2941,2,446,1.444999999999975,0.05605381165919283,688.8,4.27,0.0
2942,1,338,0.33699999999998687,0.05621301775147929,689.0,4.27,0.0
2943,1,313,0.3119999999999896,0.05750798722044728,689.1,4.27,0.0
2944,0,179,-0.8219999999999998,0.055865921787709494,689.2,4.27,0.0
2945,3,579,2.5779999999999603,0.055267702936096716,689.5,4.27,0.0
2946,1,335,0.3339999999999872,0.056716417910447764,689.7,4.27,0.0
2947,0,179,-0.8219999999999998,0.055865921787709494,689.8,4.27,0.0
2948,2,446,1.444999999999975,0.05605381165919283,690.1,4.27,0.0
2949,1,313,0.3119999999999896,0.054313099041533544,690.2,4.27,0.0
2950,3,579,2.5779999999999603,0.055267702936096716,690.5,4.27,0.0
2951,4,727,3.725999999999993,0.05639614855570839,691.0,4.27,0.0
2952,0,179,-0.8219999999999998,0.055865921787709494,691.0,4.27,0.0
2953,0,179,-0.8219999999999998,0.05027932960893855,691.2,4.27,0.0
2954,4,713,3.711999999999988,0.0546984572230014,691.5,4.27,0.0
2955,2,446,1.444999999999975,0.05605381165919283,691.8,4.27,0.0
2956,0,179,-0.8219999999999998,0.055865921787709494,691.9,4.27,0.0
2957,0,179,-0.8219999999999998,0.055865921787709494,692.0,4.27,0.0
2958,4,729,3.7279999999999935,0.056241426611796985,692.4,4.27,0.0
2959,8,1246,8.244999999999962,0.05537720706260032,693.1,4.27,0.0
2960,0,179,-0.8219999999999998,0.055865921787709494,693.2,4.27,0.0
2961,5,846,4.845000000000032,0.05555555555555555,693.6,4.27,0.0
2962,2,454,1.452999999999974,0.05726872246696035,693.8,4.27,0.0
2963,0,179,-0.8219999999999998,0.055865921787709494,694.0,4.27,0.0
2964,1,313,0.3119999999999896,0.054313099041533544,694.1,4.27,0.0
2965,0,179,-0.8219999999999998,0.055865921787709494,694.2,4.27,0.0
2966,1,313,0.3119999999999896,0.05750798722044728,694.4,4.27,0.0
2967,0,179,-0.8219999999999998,0.055865921787709494,694.5,4.27,0.0
2968,4,729,3.7279999999999935,0.056241426611796985,694.8,4.27,0.0
2969,0,179,-0.8219999999999998,0.055865921787709494,694.9,4.27,0.0
2970,3,579,2.5779999999999603,0.055267702936096716,695.3,4.27,0.0
2971,1,313,0.3119999999999896,0.05750798722044728,695.4,4.27,0.0
2972,2,461,1.4599999999999733,0.05639913232104121,695.7,4.27,0.0
2973,0,179,-0.8219999999999998,0.055865921787709494,695.8,4.27,0.0
2974,4,713,3.711999999999988,0.056100981767180924,696.2,4.27,0.0
2975,3,579,2.5779999999999603,0.055267702936096716,696.5,4.27,0.0
2976,1,313,0.3119999999999896,0.054313099041533544,696.6,4.27,0.0
2977,0,192,-0.8089999999999998,0.057291666666666664,696.7,4.27,0.0
2978,1,313,0.3119999999999896,0.05750798722044728,696.9,4.27,0.0
2979,1,314,0.3129999999999895,0.05732484076433121,697.1,4.28,0.0
2980,4,713,3.711999999999988,0.0546984572230014,697.4,4.27,0.0
2981,0,179,-0.8219999999999998,0.055865921787709494,697.5,4.28,0.0
2982,2,446,1.444999999999975,0.05605381165919283,697.8,4.28,0.0
2983,4,713,3.711999999999988,0.0546984572230014,698.1,4.27,0.0
2984,0,179,-0.8219999999999998,0.061452513966480445,698.2,4.28,0.0
2985,0,182,-0.8189999999999998,0.06043956043956044,698.3,4.28,0.0
2986,0,179,-0.8219999999999998,0.055865921787709494,698.4,4.28,0.0
2987,3,579,2.5779999999999603,0.055267702936096716,698.7,4.28,0.0
2988,3,579,2.5779999999999603,0.055267702936096716,699.0,4.28,0.0
2989,3,579,2.5779999999999603,0.055267702936096716,699.4,4.28,0.0
2990,0,179,-0.8219999999999998,0.055865921787709494,699.5,4.28,0.0
2991,0,182,-0.8189999999999998,0.06043956043956044,699.6,4.28,0.0
2992,0,179,-0.8219999999999998,0.055865921787709494,699.6,4.28,0.0
2993,4,713,3.711999999999988,0.0546984572230014,700.0,4.28,0.0
2994,7,1113,7.112000000000036,0.055705300988319856,700.6,4.27,0.0
2995,2,462,1.4609999999999732,0.05627705627705628,700.8,4.27,0.0
2996,7,1114,7.113000000000035,0.05565529622980251,701.4,4.27,0.0
2997,2,477,1.4759999999999716,0.05660377358490566,701.7,4.27,0.0
2998,0,179,-0.8219999999999998,0.05027932960893855,701.8,4.27,0.0
2999,5,846,4.845000000000032,0.05555555555555555,702.2,4.27,0.0
3000,2,446,1.444999999999975,0.05605381165919283,702.5,4.27,0.0
3001,0,179,-0.8219999999999998,0.055865921787709494,705.5,4.26,0.0
3002,5,846,4.845000000000032,0.05555555555555555,706.0,4.25,0.0
3003,3,584,2.5829999999999598,0.05650684931506849,706.3,4.25,0.0
3004,3,579,2.5779999999999603,0.055267702936096716,706.6,4.25,0.0
3005,1,335,0.3339999999999872,0.056716417910447764,706.8,4.25,0.0
3006,0,179,-0.8219999999999998,0.055865921787709494,706.8,4.25,0.0
3007,1,313,0.3119999999999896,0.054313099041533544,707.0,4.25,0.0
3008,0,179,-0.8219999999999998,0.055865921787709494,707.1,4.26,0.0
3009,1,313,0.3119999999999896,0.054313099041533544,707.3,4.26,0.0
3010,8,1251,8.24999999999996,0.055955235811350916,707.9,4.25,0.0
3011,0,179,-0.8219999999999998,0.05027932960893855,708.0,4.25,0.0
3012,4,729,3.7279999999999935,0.056241426611796985,708.4,4.25,0.0
3013,0,179,-0.8219999999999998,0.055865921787709494,708.5,4.25,0.0
3014,4,713,3.711999999999988,0.056100981767180924,708.9,4.25,0.0
3015,0,185,-0.8159999999999998,0.05945945945945946,709.0,4.25,0.0
3016,0,179,-0.8219999999999998,0.055865921787709494,709.1,4.25,0.0
3017,2,446,1.444999999999975,0.05605381165919283,709.3,4.25,0.0
3018,0,179,-0.8219999999999998,0.055865921787709494,709.4,4.26,0.0
3019,3,584,2.5829999999999598,0.05650684931506849,709.7,4.26,0.0
3020,0,181,-0.8199999999999998,0.06077348066298342,709.8,4.26,0.0
3021,1,322,0.32099999999998863,0.055900621118012424,710.0,4.26,0.0
3022,2,446,1.444999999999975,0.05605381165919283,710.3,4.26,0.0
3023,3,579,2.5779999999999603,0.055267702936096716,710.6,4.26,0.0
3024,0,186,-0.8149999999999998,0.05913978494623656,710.7,4.26,0.0
3025,3,579,2.5779999999999603,0.055267702936096716,711.0,4.26,0.0
3026,3,579,2.5779999999999603,0.055267702936096716,711.3,4.26,0.0
3027,0,194,-0.8069999999999998,0.05670103092783505,711.4,4.26,0.0
3028,2,446,1.444999999999975,0.05605381165919283,711.6,4.26,0.0
3029,4,713,3.711999999999988,0.056100981767180924,712.0,4.26,0.0
3030,5,854,4.853000000000034,0.05620608899297424,712.4,4.25,0.0
3031,1,336,0.3349999999999871,0.05654761904761905,712.6,4.25,0.0
3032,1,313,0.3119999999999896,0.054313099041533544,712.8,4.26,0.0
3033,0,179,-0.8219999999999998,0.055865921787709494,712.9,4.26,0.0
3034,3,585,2.5839999999999597,0.05641025641025641,713.2,4.26,0.0
3035,0,179,-0.8219999999999998,0.055865921787709494,713.3,4.26,0.0
3036,3,584,2.5829999999999598,0.05650684931506849,713.6,4.26,0.0
3037,5,846,4.845000000000032,0.05555555555555555,714.0,4.25,0.0
3038,1,336,0.3349999999999871,0.05654761904761905,714.2,4.26,0.0
3039,2,446,1.444999999999975,0.05605381165919283,714.4,4.26,0.0
3040,0,179,-0.8219999999999998,0.055865921787709494,714.5,4.26,0.0
3041,5,852,4.851000000000034,0.056338028169014086,715.0,4.25,0.0
3042,1,313,0.3119999999999896,0.05750798722044728,715.2,4.25,0.0
3043,1,319,0.31799999999998896,0.05642633228840126,715.3,4.26,0.0
3044,2,446,1.444999999999975,0.05605381165919283,715.6,4.26,0.0
3045,0,179,-0.8219999999999998,0.055865921787709494,715.7,4.26,0.0
3046,3,579,2.5779999999999603,0.055267702936096716,716.0,4.26,0.0
3047,1,313,0.3119999999999896,0.054313099041533544,716.1,4.26,0.0
3048,5,846,4.845000000000032,0.05555555555555555,716.6,4.25,0.0
3049,1,319,0.31799999999998896,0.05642633228840126,716.8,4.26,0.0
3050,5,854,4.853000000000034,0.05620608899297424,717.2,4.25,0.0
3051,3,586,2.5849999999999596,0.05631399317406143,717.5,4.25,0.0
3052,4,713,3.711999999999988,0.056100981767180924,717.9,4.25,0.0
3053,2,457,1.4559999999999738,0.05689277899343545,718.2,4.25,0.0
3054,0,179,-0.8219999999999998,0.055865921787709494,718.2,4.25,0.0
3055,3,579,2.5779999999999603,0.055267702936096716,718.5,4.25,0.0
3056,0,189,-0.8119999999999998,0.0582010582010582,718.7,4.25,0.0
3057,2,446,1.444999999999975,0.05605381165919283,718.9,4.25,0.0
3058,4,713,3.711999999999988,0.056100981767180924,719.3,4.25,0.0
3059,4,713,3.711999999999988,0.0546984572230014,719.6,4.25,0.0
3060,1,313,0.3119999999999896,0.054313099041533544,719.8,4.25,0.0
3061,1,313,0.3119999999999896,0.054313099041533544,720.0,4.25,0.0
3062,1,313,0.3119999999999896,0.05750798722044728,720.2,4.25,0.0
3063,0,179,-0.8219999999999998,0.055865921787709494,720.2,4.25,0.0
3064,0,186,-0.8149999999999998,0.05913978494623656,720.3,4.25,0.0
3065,3,579,2.5779999999999603,0.055267702936096716,720.6,4.25,0.0
3066,1,315,0.3139999999999894,0.05714285714285714,720.8,4.25,0.0
3067,0,179,-0.8219999999999998,0.055865921787709494,720.9,4.26,0.0
3068,0,179,-0.8219999999999998,0.055865921787709494,721.0,4.26,0.0
3069,0,184,-0.8169999999999998,0.059782608695652176,721.1,4.26,0.0
3070,3,579,2.5779999999999603,0.055267702936096716,721.4,4.26,0.0
3071,5,846,4.845000000000032,0.05555555555555555,721.8,4.26,0.0
3072,0,179,-0.8219999999999998,0.055865921787709494,721.9,4.26,0.0
3073,3,579,2.5779999999999603,0.055267702936096716,722.2,4.26,0.0
3074,1,313,0.3119999999999896,0.054313099041533544,722.4,4.26,0.0
3075,0,179,-0.8219999999999998,0.055865921787709494,722.5,4.26,0.0
3076,3,589,2.587999999999959,0.05602716468590832,722.8,4.26,0.0
3077,1,313,0.3119999999999896,0.054313099041533544,723.0,4.26,0.0
3078,4,713,3.711999999999988,0.056100981767180924,723.4,4.26,0.0
3079,2,446,1.444999999999975,0.05605381165919283,723.6,4.26,0.0
3080,2,460,1.4589999999999734,0.05652173913043478,723.9,4.26,0.0
3081,2,446,1.444999999999975,0.053811659192825115,724.1,4.26,0.0
3082,3,579,2.5779999999999603,0.055267702936096716,724.4,4.26,0.0
3083,0,179,-0.8219999999999998,0.055865921787709494,724.5,4.26,0.0
3084,3,579,2.5779999999999603,0.055267702936096716,724.8,4.26,0.0
3085,9,1379,9.377999999999888,0.05583756345177665,725.5,4.25,0.0
3086,5,846,4.845000000000032,0.05555555555555555,726.0,4.25,0.0
3087,1,313,0.3119999999999896,0.054313099041533544,726.2,4.25,0.0
3088,1,313,0.3119999999999896,0.05750798722044728,726.3,4.25,0.0
3089,4,731,3.729999999999994,0.0560875512995896,726.8,4.25,0.0
3090,6,979,5.978000000000075,0.056179775280898875,727.3,4.25,0.0
3091,4,713,3.711999999999988,0.056100981767180924,727.6,4.25,0.0
3092,2,458,1.4569999999999736,0.056768558951965066,727.9,4.25,0.0
3093,0,190,-0.8109999999999998,0.05789473684210526,728.0,4.25,0.0
3094,0,190,-0.8109999999999998,0.05789473684210526,728.1,4.25,0.0
3095,0,179,-0.8219999999999998,0.055865921787709494,728.2,4.25,0.0
3096,1,336,0.3349999999999871,0.05654761904761905,728.4,4.25,0.0
3097,0,179,-0.8219999999999998,0.055865921787709494,728.5,4.25,0.0
3098,1,319,0.31799999999998896,0.05642633228840126,728.6,4.25,0.0
3099,7,1123,7.12200000000003,0.05609973285841496,729.2,4.25,0.0
3100,2,465,1.4639999999999729,0.05591397849462366,729.5,4.25,0.0
3101,1,320,0.31899999999998885,0.05625,729.6,4.25,0.0
3102,0,184,-0.8169999999999998,0.059782608695652176,729.7,4.25,0.0
3103,0,179,-0.8219999999999998,0.055865921787709494,729.8,4.25,0.0
3104,0,184,-0.8169999999999998,0.059782608695652176,729.9,4.25,0.0
3105,3,579,2.5779999999999603,0.055267702936096716,730.2,4.25,0.0
3106,0,194,-0.8069999999999998,0.05670103092783505,730.4,4.25,0.0
3107,1,314,0.3129999999999895,0.05732484076433121,730.5,4.25,0.0
3108,3,593,2.591999999999959,0.05564924114671164,730.8,4.25,0.0
3109,1,313,0.3119999999999896,0.054313099041533544,731.0,4.25,0.0
3110,5,860,4.859000000000036,0.05581395348837209,731.4,4.25,0.0
3111,0,179,-0.8219999999999998,0.055865921787709494,731.5,4.25,0.0
3112,2,456,1.4549999999999739,0.05701754385964912,731.8,4.25,0.0
3113,4,713,3.711999999999988,0.056100981767180924,732.2,4.25,0.0
3114,4,713,3.711999999999988,0.0546984572230014,732.5,4.25,0.0
3115,3,579,2.5779999999999603,0.055267702936096716,732.8,4.25,0.0
3116,0,179,-0.8219999999999998,0.055865921787709494,732.9,4.25,0.0
3117,1,313,0.3119999999999896,0.054313099041533544,733.1,4.25,0.0
3118,2,462,1.4609999999999732,0.05627705627705628,733.3,4.25,0.0
3119,1,318,0.31699999999998907,0.05660377358490566,733.5,4.25,0.0
3120,2,446,1.444999999999975,0.053811659192825115,733.7,4.25,0.0
3121,1,315,0.3139999999999894,0.05714285714285714,733.9,4.25,0.0
3122,0,190,-0.8109999999999998,0.05789473684210526,734.0,4.25,0.0
3123,0,194,-0.8069999999999998,0.05670103092783505,734.1,4.26,0.0
3124,4,713,3.711999999999988,0.056100981767180924,734.5,4.25,0.0
3125,0,214,-0.7869999999999998,0.056074766355140186,734.6,4.26,0.0
3126,0,179,-0.8219999999999998,0.055865921787709494,734.7,4.26,0.0
3127,0,209,-0.7919999999999998,0.05741626794258373,734.8,4.26,0.0
3128,1,313,0.3119999999999896,0.05750798722044728,735.0,4.26,0.0
3129,0,192,-0.8089999999999998,0.057291666666666664,735.1,4.26,0.0
3130,1,313,0.3119999999999896,0.05750798722044728,735.2,4.26,0.0
3131,3,593,2.591999999999959,0.05564924114671164,735.6,4.26,0.0
3132,1,313,0.3119999999999896,0.054313099041533544,735.7,4.26,0.0
3133,6,981,5.980000000000076,0.05606523955147808,736.3,4.26,0.0
3134,2,446,1.444999999999975,0.05605381165919283,736.5,4.26,0.0
3135,1,313,0.3119999999999896,0.05750798722044728,736.7,4.26,0.0
3136,3,579,2.5779999999999603,0.055267702936096716,737.0,4.26,0.0
3137,6,979,5.978000000000075,0.056179775280898875,737.5,4.25,0.0
3138,1,313,0.3119999999999896,0.054313099041533544,737.7,4.26,0.0
3139,1,337,0.335999999999987,0.05637982195845697,737.9,4.26,0.0
3140,4,717,3.7159999999999895,0.05578800557880056,738.2,4.25,0.0
3141,0,197,-0.8039999999999998,0.05583756345177665,738.3,4.26,0.0
3142,3,584,2.5829999999999598,0.05650684931506849,738.7,4.25,0.0
3143,0,179,-0.8219999999999998,0.055865921787709494,738.8,4.26,0.0
3144,0,179,-0.8219999999999998,0.055865921787709494,738.9,4.26,0.0
3145,2,446,1.444999999999975,0.05605381165919283,739.1,4.26,0.0
3146,3,579,2.5779999999999603,0.055267702936096716,739.4,4.26,0.0
3147,2,446,1.444999999999975,0.05605381165919283,739.7,4.26,0.0
3148,3,582,2.58099999999996,0.05670103092783505,740.0,4.26,0.0
3149,2,457,1.4559999999999738,0.05689277899343545,740.3,4.26,0.0
3150,1,334,0.3329999999999873,0.05688622754491018,740.5,4.26,0.0
3151,0,179,-0.8219999999999998,0.055865921787709494,740.6,4.26,0.0
3152,0,183,-0.8179999999999998,0.060109289617486336,740.7,4.26,0.0
3153,4,713,3.711999999999988,0.056100981767180924,741.1,4.26,0.0
3154,0,193,-0.8079999999999998,0.05699481865284974,741.2,4.26,0.0
3155,3,609,2.607999999999957,0.05582922824302135,741.5,4.26,0.0
3156,0,179,-0.8219999999999998,0.055865921787709494,741.7,4.26,0.0
3157,0,192,-0.8089999999999998,0.057291666666666664,741.8,4.26,0.0
3158,1,336,0.3349999999999871,0.05654761904761905,742.0,4.26,0.0
3159,2,446,1.444999999999975,0.05605381165919283,742.2,4.26,0.0
3160,6,979,5.978000000000075,0.05515832482124617,742.8,4.26,0.0
3161,1,313,0.3119999999999896,0.054313099041533544,742.9,4.26,0.0
3162,1,313,0.3119999999999896,0.054313099041533544,743.1,4.26,0.0
3163,0,186,-0.8149999999999998,0.05913978494623656,743.2,4.26,0.0
3164,2,446,1.444999999999975,0.05605381165919283,743.4,4.26,0.0
3165,0,179,-0.8219999999999998,0.055865921787709494,743.5,4.26,0.0
3166,4,713,3.711999999999988,0.056100981767180924,743.9,4.26,0.0
3167,2,464,1.462999999999973,0.05603448275862069,744.2,4.26,0.0
3168,2,464,1.462999999999973,0.05603448275862069,744.4,4.26,0.0
3169,1,313,0.3119999999999896,0.054313099041533544,744.6,4.26,0.0
3170,1,313,0.3119999999999896,0.05750798722044728,744.7,4.26,0.0
3171,0,179,-0.8219999999999998,0.055865921787709494,744.8,4.26,0.0
3172,1,313,0.3119999999999896,0.054313099041533544,745.0,4.26,0.0
3173,4,713,3.711999999999988,0.056100981767180924,745.4,4.26,0.0
3174,0,179,-0.8219999999999998,0.055865921787709494,745.5,4.26,0.0
3175,2,453,1.4519999999999742,0.05739514348785872,745.7,4.26,0.0
3176,2,446,1.444999999999975,0.053811659192825115,745.9,4.26,0.0
3177,0,179,-0.8219999999999998,0.055865921787709494,746.0,4.26,0.0
3178,0,191,-0.8099999999999998,0.05759162303664921,746.1,4.26,0.0
3179,6,979,5.978000000000075,0.05515832482124617,746.6,4.26,0.0
3180,2,446,1.444999999999975,0.053811659192825115,746.9,4.26,0.0
3181,0,179,-0.8219999999999998,0.055865921787709494,747.0,4.26,0.0
3182,0,194,-0.8069999999999998,0.05670103092783505,747.1,4.26,0.0
3183,0,187,-0.8139999999999998,0.058823529411764705,747.2,4.26,0.0
3184,5,846,4.845000000000032,0.05555555555555555,747.7,4.26,0.0
3185,0,183,-0.8179999999999998,0.060109289617486336,747.8,4.26,0.0
3186,0,179,-0.8219999999999998,0.055865921787709494,747.9,4.26,0.0
3187,5,857,4.856000000000035,0.056009334889148193,748.4,4.26,0.0
3188,0,179,-0.8219999999999998,0.055865921787709494,748.5,4.26,0.0
3189,3,579,2.5779999999999603,0.055267702936096716,748.8,4.26,0.0
3190,0,179,-0.8219999999999998,0.05027932960893855,748.9,4.26,0.0
3191,4,713,3.711999999999988,0.056100981767180924,749.2,4.26,0.0
3192,0,179,-0.8219999999999998,0.055865921787709494,749.3,4.26,0.0
3193,0,183,-0.8179999999999998,0.060109289617486336,749.4,4.26,0.0
3194,2,446,1.444999999999975,0.05605381165919283,749.7,4.26,0.0
3195,5,846,4.845000000000032,0.05555555555555555,750.1,4.26,0.0
3196,4,713,3.711999999999988,0.0546984572230014,750.5,4.26,0.0
3197,5,874,4.873000000000041,0.05606407322654462,751.0,4.26,0.0
3198,1,313,0.3119999999999896,0.05750798722044728,751.1,4.26,0.0
3199,1,313,0.3119999999999896,0.054313099041533544,751.3,4.26,0.0
3200,4,713,3.711999999999988,0.056100981767180924,751.7,4.26,0.0
3201,4,713,3.711999999999988,0.056100981767180924,752.1,4.26,0.0
3202,1,313,0.3119999999999896,0.05750798722044728,752.3,4.26,0.0
3203,2,459,1.4579999999999735,0.05664488017429194,752.5,4.26,0.0
3204,1,314,0.3129999999999895,0.05732484076433121,752.7,4.26,0.0
3205,3,579,2.5779999999999603,0.055267702936096716,753.0,4.26,0.0
3206,0,179,-0.8219999999999998,0.055865921787709494,753.1,4.26,0.0
3207,1,313,0.3119999999999896,0.05750798722044728,753.3,4.26,0.0
3208,0,187,-0.8139999999999998,0.058823529411764705,753.4,4.26,0.0
3209,1,315,0.3139999999999894,0.05714285714285714,753.6,4.26,0.0
3210,0,183,-0.8179999999999998,0.060109289617486336,753.7,4.26,0.0
3211,0,179,-0.8219999999999998,0.055865921787709494,753.8,4.26,0.0
3212,2,460,1.4589999999999734,0.05652173913043478,754.0,4.26,0.0
3213,0,193,-0.8079999999999998,0.05699481865284974,754.1,4.26,0.0
3214,1,313,0.3119999999999896,0.054313099041533544,754.3,4.26,0.0
3215,1,336,0.3349999999999871,0.05654761904761905,754.5,4.26,0.0
3216,1,313,0.3119999999999896,0.054313099041533544,754.6,4.26,0.0
3217,2,446,1.444999999999975,0.05605381165919283,754.8,4.26,0.0
3218,6,988,5.987000000000078,0.05566801619433198,755.4,4.26,0.0
3219,1,313,0.3119999999999896,0.054313099041533544,755.5,4.26,0.0
3220,0,189,-0.8119999999999998,0.0582010582010582,755.6,4.26,0.0
3221,3,579,2.5779999999999603,0.055267702936096716,756.0,4.26,0.0
3222,2,446,1.444999999999975,0.053811659192825115,756.2,4.26,0.0
3223,0,183,-0.8179999999999998,0.060109289617486336,756.3,4.26,0.0
3224,2,446,1.444999999999975,0.05605381165919283,756.5,4.26,0.0
3225,0,179,-0.8219999999999998,0.055865921787709494,756.6,4.26,0.0
3226,3,579,2.5779999999999603,0.055267702936096716,757.0,4.26,0.0
3227,9,1379,9.377999999999888,0.05511240029006526,757.8,4.26,0.0
3228,8,1246,8.244999999999962,0.05537720706260032,758.4,4.26,0.0
3229,3,610,2.608999999999957,0.05573770491803279,758.7,4.26,0.0
3230,2,446,1.444999999999975,0.05605381165919283,759.0,4.26,0.0
3231,0,179,-0.8219999999999998,0.055865921787709494,759.1,4.26,0.0
3232,3,579,2.5779999999999603,0.055267702936096716,759.4,4.26,0.0
3233,0,179,-0.8219999999999998,0.055865921787709494,759.5,4.26,0.0
3234,0,179,-0.8219999999999998,0.055865921787709494,759.6,4.26,0.0
3235,2,461,1.4599999999999733,0.05639913232104121,759.8,4.26,0.0
3236,3,579,2.5779999999999603,0.055267702936096716,760.1,4.26,0.0
3237,5,846,4.845000000000032,0.05555555555555555,760.6,4.26,0.0
3238,0,179,-0.8219999999999998,0.055865921787709494,760.7,4.26,0.0
3239,4,713,3.711999999999988,0.056100981767180924,761.1,4.26,0.0
3240,1,313,0.3119999999999896,0.054313099041533544,761.2,4.26,0.0
3241,3,585,2.5839999999999597,0.05641025641025641,761.6,4.26,0.0
3242,1,313,0.3119999999999896,0.05750798722044728,761.7,4.26,0.0
3243,2,453,1.4519999999999742,0.05739514348785872,762.0,4.26,0.0
3244,0,191,-0.8099999999999998,0.05759162303664921,762.1,4.26,0.0
3245,0,179,-0.8219999999999998,0.055865921787709494,762.2,4.26,0.0
3246,3,579,2.5779999999999603,0.055267702936096716,762.5,4.26,0.0
3247,1,313,0.3119999999999896,0.054313099041533544,762.7,4.26,0.0
3248,4,713,3.711999999999988,0.056100981767180924,763.1,4.26,0.0
3249,4,713,3.711999999999988,0.0546984572230014,763.5,4.26,0.0
3250,5,855,4.854000000000035,0.056140350877192984,763.9,4.26,0.0
3251,3,579,2.5779999999999603,0.055267702936096716,764.2,4.26,0.0
3252,0,189,-0.8119999999999998,0.0582010582010582,764.3,4.26,0.0
3253,10,1513,10.511999999999814,0.056179775280898875,765.1,4.25,0.0
3254,6,979,5.978000000000075,0.056179775280898875,765.7,4.25,0.0
3255,2,446,1.444999999999975,0.053811659192825115,765.9,4.25,0.0
3256,0,179,-0.8219999999999998,0.055865921787709494,766.0,4.25,0.0
3257,1,313,0.3119999999999896,0.054313099041533544,766.2,4.25,0.0
3258,2,461,1.4599999999999733,0.05639913232104121,766.4,4.25,0.0
3259,5,846,4.845000000000032,0.05555555555555555,766.8,4.25,0.0
3260,2,461,1.4599999999999733,0.05639913232104121,767.1,4.25,0.0
3261,8,1246,8.244999999999962,0.05537720706260032,767.7,4.25,0.0
3262,0,179,-0.8219999999999998,0.055865921787709494,767.8,4.25,0.0
3263,6,996,5.995000000000081,0.05622489959839357,768.4,4.25,0.0
3264,1,313,0.3119999999999896,0.05750798722044728,768.5,4.25,0.0
3265,3,579,2.5779999999999603,0.055267702936096716,768.8,4.25,0.0
3266,5,846,4.845000000000032,0.05555555555555555,769.3,4.25,0.0
3267,6,979,5.978000000000075,0.05515832482124617,769.8,4.25,0.0
3268,1,313,0.3119999999999896,0.05750798722044728,770.0,4.25,0.0
3269,1,313,0.3119999999999896,0.054313099041533544,770.2,4.25,0.0
3270,0,179,-0.8219999999999998,0.055865921787709494,770.3,4.25,0.0
3271,0,191,-0.8099999999999998,0.05759162303664921,770.4,4.25,0.0
3272,3,591,2.589999999999959,0.05583756345177665,770.7,4.25,0.0
3273,3,579,2.5779999999999603,0.055267702936096716,771.0,4.25,0.0
3274,0,179,-0.8219999999999998,0.055865921787709494,771.1,4.25,0.0
3275,4,727,3.725999999999993,0.05639614855570839,771.5,4.25,0.0
3276,0,179,-0.8219999999999998,0.055865921787709494,771.6,4.25,0.0
3277,3,579,2.5779999999999603,0.055267702936096716,771.9,4.25,0.0
3278,2,446,1.444999999999975,0.05605381165919283,772.1,4.25,0.0
3279,2,446,1.444999999999975,0.053811659192825115,772.4,4.25,0.0
3280,1,313,0.3119999999999896,0.054313099041533544,772.5,4.25,0.0
3281,1,313,0.3119999999999896,0.05750798722044728,772.7,4.25,0.0
3282,4,713,3.711999999999988,0.056100981767180924,773.1,4.25,0.0
3283,2,446,1.444999999999975,0.053811659192825115,773.3,4.25,0.0
3284,1,313,0.3119999999999896,0.054313099041533544,773.5,4.25,0.0
3285,3,579,2.5779999999999603,0.055267702936096716,773.8,4.25,0.0
3286,0,179,-0.8219999999999998,0.055865921787709494,773.9,4.25,0.0
3287,1,315,0.3139999999999894,0.05714285714285714,774.0,4.25,0.0
3288,1,313,0.3119999999999896,0.05750798722044728,774.2,4.25,0.0
3289,5,849,4.848000000000033,0.05653710247349823,774.7,4.25,0.0
3290,0,182,-0.8189999999999998,0.06043956043956044,774.8,4.25,0.0
3291,0,179,-0.8219999999999998,0.055865921787709494,774.9,4.25,0.0
3292,3,579,2.5779999999999603,0.055267702936096716,775.2,4.25,0.0
3293,2,462,1.4609999999999732,0.05627705627705628,775.5,4.25,0.0
3294,3,579,2.5779999999999603,0.055267702936096716,775.8,4.25,0.0
3295,0,179,-0.8219999999999998,0.055865921787709494,775.9,4.25,0.0
3296,3,579,2.5779999999999603,0.055267702936096716,776.2,4.25,0.0
3297,0,187,-0.8139999999999998,0.058823529411764705,776.3,4.25,0.0
3298,5,848,4.847000000000032,0.05660377358490566,776.7,4.25,0.0
3299,2,454,1.452999999999974,0.05726872246696035,777.0,4.25,0.0
3300,4,713,3.711999999999988,0.0546984572230014,777.3,4.25,0.0
3301,0,179,-0.8219999999999998,0.055865921787709494,777.4,4.25,0.0
3302,2,461,1.4599999999999733,0.05639913232104121,777.7,4.25,0.0
3303,3,579,2.5779999999999603,0.055267702936096716,778.0,4.25,0.0
3304,0,185,-0.8159999999999998,0.05945945945945946,778.1,4.25,0.0
3305,0,179,-0.8219999999999998,0.055865921787709494,778.2,4.25,0.0
3306,3,579,2.5779999999999603,0.055267702936096716,778.5,4.25,0.0
3307,1,315,0.3139999999999894,0.05714285714285714,778.6,4.25,0.0
3308,1,314,0.3129999999999895,0.05732484076433121,778.8,4.25,0.0
3309,0,184,-0.8169999999999998,0.059782608695652176,778.9,4.25,0.0
3310,6,988,5.987000000000078,0.05566801619433198,779.5,4.25,0.0
3311,1,313,0.3119999999999896,0.054313099041533544,779.6,4.25,0.0
3312,2,446,1.444999999999975,0.05605381165919283,779.8,4.25,0.0
3313,3,579,2.5779999999999603,0.055267702936096716,780.2,4.25,0.0
3314,6,979,5.978000000000075,0.056179775280898875,780.7,4.25,0.0
3315,1,316,0.3149999999999893,0.056962025316455694,780.8,4.25,0.0
3316,0,179,-0.8219999999999998,0.055865921787709494,780.9,4.25,0.0
3317,0,179,-0.8219999999999998,0.055865921787709494,781.0,4.25,0.0
3318,1,313,0.3119999999999896,0.054313099041533544,781.2,4.25,0.0
3319,4,730,3.728999999999994,0.056164383561643834,781.6,4.25,0.0
3320,1,315,0.3139999999999894,0.05714285714285714,781.7,4.25,0.0
3321,5,846,4.845000000000032,0.05555555555555555,782.2,4.25,0.0
3322,0,179,-0.8219999999999998,0.055865921787709494,782.3,4.25,0.0
3323,1,313,0.3119999999999896,0.05750798722044728,782.5,4.25,0.0
3324,2,446,1.444999999999975,0.053811659192825115,782.7,4.25,0.0
3325,1,313,0.3119999999999896,0.054313099041533544,782.9,4.25,0.0
3326,1,337,0.335999999999987,0.05637982195845697,783.0,4.25,0.0
3327,0,179,-0.8219999999999998,0.055865921787709494,783.1,4.25,0.0
3328,3,582,2.58099999999996,0.05670103092783505,783.4,4.25,0.0
3329,4,713,3.711999999999988,0.056100981767180924,783.8,4.25,0.0
3330,0,179,-0.8219999999999998,0.055865921787709494,783.9,4.25,0.0
3331,3,583,2.58199999999996,0.05660377358490566,784.2,4.25,0.0
3332,3,579,2.5779999999999603,0.055267702936096716,784.5,4.25,0.0
3333,4,713,3.711999999999988,0.056100981767180924,784.9,4.25,0.0
3334,5,855,4.854000000000035,0.056140350877192984,785.3,4.25,0.0
3335,0,183,-0.8179999999999998,0.060109289617486336,785.4,4.25,0.0
3336,1,313,0.3119999999999896,0.05750798722044728,785.6,4.25,0.0
3337,0,182,-0.8189999999999998,0.06043956043956044,785.7,4.25,0.0
3338,0,195,-0.8059999999999998,0.05641025641025641,785.8,4.25,0.0
3339,1,321,0.31999999999998874,0.056074766355140186,786.0,4.25,0.0
3340,2,446,1.444999999999975,0.05605381165919283,786.2,4.25,0.0
3341,0,179,-0.8219999999999998,0.055865921787709494,786.3,4.25,0.0
3342,3,579,2.5779999999999603,0.055267702936096716,786.7,4.25,0.0
3343,1,313,0.3119999999999896,0.05750798722044728,786.8,4.25,0.0
3344,0,187,-0.8139999999999998,0.058823529411764705,786.9,4.25,0.0
3345,0,188,-0.8129999999999998,0.05851063829787234,787.0,4.25,0.0
3346,1,313,0.3119999999999896,0.05750798722044728,787.2,4.25,0.0
3347,1,339,0.33799999999998676,0.05604719764011799,787.3,4.25,0.0
3348,1,313,0.3119999999999896,0.054313099041533544,787.5,4.25,0.0
3349,3,580,2.57899999999996,0.056896551724137934,787.8,4.25,0.0
3350,1,313,0.3119999999999896,0.054313099041533544,788.0,4.25,0.0
3351,3,589,2.587999999999959,0.05602716468590832,788.3,4.25,0.0
3352,5,846,4.845000000000032,0.05555555555555555,788.8,4.25,0.0
3353,2,446,1.444999999999975,0.05605381165919283,789.0,4.25,0.0
3354,2,461,1.4599999999999733,0.05639913232104121,789.3,4.25,0.0
3355,1,321,0.31999999999998874,0.056074766355140186,789.4,4.25,0.0
3356,0,179,-0.8219999999999998,0.055865921787709494,789.5,4.25,0.0
3357,0,179,-0.8219999999999998,0.055865921787709494,789.6,4.25,0.0
3358,1,338,0.33699999999998687,0.05621301775147929,789.8,4.25,0.0
3359,13,1913,13.911999999999592,0.05541035023523262,790.8,4.25,0.0
3360,1,313,0.3119999999999896,0.054313099041533544,791.0,4.25,0.0
3361,0,188,-0.8129999999999998,0.05851063829787234,791.1,4.25,0.0
3362,0,179,-0.8219999999999998,0.055865921787709494,791.2,4.25,0.0
3363,2,446,1.444999999999975,0.053811659192825115,791.4,4.25,0.0
3364,0,179,-0.8219999999999998,0.055865921787709494,791.5,4.25,0.0
3365,1,313,0.3119999999999896,0.054313099041533544,791.7,4.25,0.0
3366,8,1246,8.244999999999962,0.05537720706260032,792.4,4.25,0.0
3367,1,313,0.3119999999999896,0.054313099041533544,792.5,4.25,0.0
3368,4,713,3.711999999999988,0.0546984572230014,792.9,4.25,0.0
3369,0,184,-0.8169999999999998,0.059782608695652176,793.0,4.25,0.0
3370,4,713,3.711999999999988,0.056100981767180924,793.4,4.25,0.0
3371,3,579,2.5779999999999603,0.055267702936096716,793.7,4.25,0.0
3372,6,979,5.978000000000075,0.05515832482124617,794.2,4.25,0.0
3373,0,194,-0.8069999999999998,0.05670103092783505,794.3,4.25,0.0
3374,7,1131,7.130000000000026,0.05570291777188329,794.9,4.25,0.0
3375,0,187,-0.8139999999999998,0.058823529411764705,795.0,4.25,0.0
3376,3,583,2.58199999999996,0.05660377358490566,795.4,4.25,0.0
3377,6,1004,6.003000000000084,0.055776892430278883,795.9,4.24,0.0
3378,0,179,-0.8219999999999998,0.055865921787709494,796.0,4.25,0.0
3379,3,579,2.5779999999999603,0.05699481865284974,796.3,4.24,0.0
3380,10,1513,10.511999999999814,0.05551883674818242,797.1,4.24,0.0
3381,1,313,0.3119999999999896,0.05750798722044728,797.2,4.24,0.0
3382,4,713,3.711999999999988,0.0546984572230014,797.6,4.24,0.0
3383,0,179,-0.8219999999999998,0.055865921787709494,797.7,4.24,0.0
3384,0,179,-0.8219999999999998,0.055865921787709494,797.8,4.24,0.0
3385,1,315,0.3139999999999894,0.05714285714285714,798.0,4.24,0.0
3386,0,179,-0.8219999999999998,0.055865921787709494,798.1,4.24,0.0
3387,2,466,1.4649999999999728,0.055793991416309016,798.3,4.24,0.0
3388,0,179,-0.8219999999999998,0.055865921787709494,798.4,4.24,0.0
3389,0,179,-0.8219999999999998,0.055865921787709494,798.5,4.25,0.0
3390,2,459,1.4579999999999735,0.05664488017429194,798.8,4.25,0.0
3391,3,579,2.5779999999999603,0.055267702936096716,799.1,4.24,0.0
3392,1,313,0.3119999999999896,0.054313099041533544,799.2,4.25,0.0
3393,0,179,-0.8219999999999998,0.055865921787709494,799.3,4.25,0.0
3394,1,313,0.3119999999999896,0.054313099041533544,799.5,4.25,0.0
3395,1,313,0.3119999999999896,0.054313099041533544,799.7,4.25,0.0
3396,3,579,2.5779999999999603,0.055267702936096716,800.0,4.25,0.0
3397,4,713,3.711999999999988,0.056100981767180924,800.4,4.25,0.0
3398,3,579,2.5779999999999603,0.055267702936096716,800.7,4.25,0.0
3399,4,728,3.726999999999993,0.05631868131868132,801.1,4.24,0.0
3400,6,979,5.978000000000075,0.05515832482124617,801.6,4.24,0.0
3401,8,1246,8.244999999999962,0.05537720706260032,802.3,4.24,0.0
3402,4,736,3.734999999999996,0.05570652173913043,802.6,4.24,0.0
3403,0,179,-0.8219999999999998,0.055865921787709494,802.7,4.24,0.0
3404,4,713,3.711999999999988,0.056100981767180924,803.1,4.24,0.0
3405,7,1113,7.112000000000036,0.055705300988319856,803.7,4.24,0.0
3406,0,179,-0.8219999999999998,0.055865921787709494,803.8,4.24,0.0
3407,2,456,1.4549999999999739,0.05701754385964912,804.0,4.24,0.0
3408,1,313,0.3119999999999896,0.054313099041533544,804.2,4.24,0.0
3409,0,179,-0.8219999999999998,0.055865921787709494,804.3,4.24,0.0
3410,0,179,-0.8219999999999998,0.055865921787709494,804.4,4.24,0.0
3411,2,446,1.444999999999975,0.05605381165919283,804.6,4.24,0.0
3412,4,713,3.711999999999988,0.0546984572230014,805.0,4.24,0.0
3413,0,186,-0.8149999999999998,0.05913978494623656,805.1,4.24,0.0
3414,1,313,0.3119999999999896,0.05750798722044728,805.3,4.24,0.0
3415,1,313,0.3119999999999896,0.054313099041533544,805.5,4.24,0.0
3416,11,1649,11.647999999999739,0.05579138872043663,806.3,4.24,0.0
3417,1,320,0.31899999999998885,0.05625,806.5,4.24,0.0
3418,1,313,0.3119999999999896,0.054313099041533544,806.7,4.24,0.0
3419,0,179,-0.8219999999999998,0.055865921787709494,806.8,4.24,0.0
3420,0,184,-0.8169999999999998,0.059782608695652176,806.9,4.24,0.0
3421,3,579,2.5779999999999603,0.05699481865284974,807.2,4.24,0.0
3422,0,195,-0.8059999999999998,0.05641025641025641,807.3,4.24,0.0
3423,3,579,2.5779999999999603,0.055267702936096716,807.6,4.24,0.0
3424,0,179,-0.8219999999999998,0.055865921787709494,807.7,4.24,0.0
3425,0,179,-0.8219999999999998,0.055865921787709494,807.8,4.24,0.0
3426,0,179,-0.8219999999999998,0.055865921787709494,807.9,4.24,0.0
3427,4,727,3.725999999999993,0.05639614855570839,808.2,4.24,0.0
3428,0,213,-0.7879999999999998,0.056338028169014086,808.3,4.24,0.0
3429,3,579,2.5779999999999603,0.055267702936096716,808.7,4.24,0.0
3430,0,179,-0.8219999999999998,0.055865921787709494,808.7,4.24,0.0
3431,0,190,-0.8109999999999998,0.05789473684210526,808.8,4.24,0.0
3432,4,732,3.7309999999999945,0.056010928961748634,809.2,4.24,0.0
3433,2,459,1.4579999999999735,0.05664488017429194,809.5,4.24,0.0
3434,0,179,-0.8219999999999998,0.055865921787709494,809.6,4.24,0.0
3435,0,179,-0.8219999999999998,0.055865921787709494,809.7,4.24,0.0
3436,4,729,3.7279999999999935,0.056241426611796985,810.1,4.24,0.0
3437,0,191,-0.8099999999999998,0.05759162303664921,810.2,4.24,0.0
3438,3,579,2.5779999999999603,0.055267702936096716,810.5,4.24,0.0
3439,0,179,-0.8219999999999998,0.055865921787709494,810.6,4.24,0.0
3440,0,179,-0.8219999999999998,0.055865921787709494,810.7,4.24,0.0
3441,3,579,2.5779999999999603,0.055267702936096716,811.0,4.24,0.0
3442,0,179,-0.8219999999999998,0.055865921787709494,811.1,4.24,0.0
3443,0,179,-0.8219999999999998,0.055865921787709494,811.2,4.25,0.0
3444,3,591,2.589999999999959,0.05583756345177665,811.5,4.25,0.0
3445,1,317,0.3159999999999892,0.056782334384858045,811.7,4.25,0.0
3446,0,179,-0.8219999999999998,0.055865921787709494,811.8,4.25,0.0
3447,4,713,3.711999999999988,0.056100981767180924,812.1,4.25,0.0
3448,1,313,0.3119999999999896,0.054313099041533544,812.3,4.25,0.0
3449,6,1002,6.001000000000083,0.05588822355289421,812.8,4.24,0.0
3450,0,182,-0.8189999999999998,0.06043956043956044,812.9,4.25,0.0
3451,0,179,-0.8219999999999998,0.055865921787709494,813.0,4.25,0.0
3452,0,189,-0.8119999999999998,0.0582010582010582,813.1,4.25,0.0
3453,2,446,1.444999999999975,0.053811659192825115,813.4,4.25,0.0
3454,6,979,5.978000000000075,0.05515832482124617,813.9,4.24,0.0
3455,0,179,-0.8219999999999998,0.05027932960893855,814.0,4.25,0.0
3456,2,453,1.4519999999999742,0.05739514348785872,814.2,4.25,0.0
3457,6,979,5.978000000000075,0.05515832482124617,814.7,4.24,0.0
3458,0,179,-0.8219999999999998,0.055865921787709494,814.9,4.24,0.0
3459,0,179,-0.8219999999999998,0.055865921787709494,814.9,4.25,0.0
3460,1,313,0.3119999999999896,0.054313099041533544,815.1,4.25,0.0
3461,6,1001,6.000000000000083,0.055944055944055944,815.6,4.24,0.0
3462,4,713,3.711999999999988,0.056100981767180924,816.0,4.24,0.0
3463,3,585,2.5839999999999597,0.05641025641025641,816.3,4.24,0.0
3464,2,446,1.444999999999975,0.053811659192825115,816.6,4.24,0.0
3465,3,579,2.5779999999999603,0.055267702936096716,816.9,4.24,0.0
3466,8,1256,8.254999999999956,0.05573248407643312,817.5,4.24,0.0
3467,3,579,2.5779999999999603,0.055267702936096716,817.8,4.24,0.0
3468,1,313,0.3119999999999896,0.054313099041533544,818.0,4.24,0.0
3469,1,313,0.3119999999999896,0.054313099041533544,818.2,4.24,0.0
3470,0,191,-0.8099999999999998,0.05759162303664921,818.3,4.24,0.0
3471,1,337,0.335999999999987,0.05637982195845697,818.5,4.24,0.0
3472,4,713,3.711999999999988,0.056100981767180924,818.8,4.24,0.0
3473,5,853,4.852000000000034,0.05627198124267292,819.3,4.24,0.0
3474,2,455,1.453999999999974,0.05714285714285714,819.5,4.24,0.0
3475,0,179,-0.8219999999999998,0.055865921787709494,819.6,4.24,0.0
3476,1,316,0.3149999999999893,0.056962025316455694,819.8,4.24,0.0
3477,3,579,2.5779999999999603,0.055267702936096716,820.1,4.24,0.0
3478,2,446,1.444999999999975,0.05605381165919283,820.3,4.24,0.0
3479,1,313,0.3119999999999896,0.054313099041533544,820.5,4.24,0.0
3480,6,984,5.983000000000077,0.05589430894308943,821.0,4.24,0.0
3481,0,179,-0.8219999999999998,0.055865921787709494,821.1,4.24,0.0
3482,3,579,2.5779999999999603,0.055267702936096716,821.4,4.24,0.0
3483,2,446,1.444999999999975,0.053811659192825115,821.7,4.24,0.0
3484,0,179,-0.8219999999999998,0.055865921787709494,821.8,4.24,0.0
3485,2,447,1.4459999999999749,0.05592841163310962,822.0,4.24,0.0
3486,8,1246,8.244999999999962,0.056179775280898875,822.7,4.24,0.0
3487,0,183,-0.8179999999999998,0.060109289617486336,822.8,4.24,0.0
3488,0,181,-0.8199999999999998,0.06077348066298342,822.9,4.24,0.0
3489,3,579,2.5779999999999603,0.055267702936096716,823.2,4.24,0.0
3490,1,313,0.3119999999999896,0.05750798722044728,823.3,4.24,0.0
3491,1,314,0.3129999999999895,0.05732484076433121,823.5,4.24,0.0
3492,0,179,-0.8219999999999998,0.055865921787709494,823.6,4.24,0.0
3493,0,179,-0.8219999999999998,0.055865921787709494,823.7,4.24,0.0
3494,0,179,-0.8219999999999998,0.055865921787709494,823.8,4.24,0.0
3495,3,587,2.5859999999999594,0.056218057921635436,824.1,4.24,0.0
3496,0,179,-0.8219999999999998,0.055865921787709494,824.2,4.24,0.0
3497,0,184,-0.8169999999999998,0.059782608695652176,824.3,4.24,0.0
3498,3,579,2.5779999999999603,0.05699481865284974,824.6,4.24,0.0
3499,1,336,0.3349999999999871,0.05654761904761905,824.8,4.24,0.0
3500,1,336,0.3349999999999871,0.05654761904761905,825.0,4.24,0.0
3501,2,454,1.452999999999974,0.05726872246696035,828.1,4.23,0.0
3502,0,195,-0.8059999999999998,0.05641025641025641,828.2,4.23,0.0
3503,7,1113,7.112000000000036,0.055705300988319856,828.8,4.23,0.0
3504,0,189,-0.8119999999999998,0.0582010582010582,828.9,4.23,0.0
3505,3,579,2.5779999999999603,0.055267702936096716,829.2,4.23,0.0
3506,2,446,1.444999999999975,0.05605381165919283,829.5,4.23,0.0
3507,0,179,-0.8219999999999998,0.055865921787709494,829.6,4.23,0.0
3508,0,186,-0.8149999999999998,0.05913978494623656,829.7,4.23,0.0
3509,4,731,3.729999999999994,0.0560875512995896,830.0,4.23,0.0
3510,1,313,0.3119999999999896,0.054313099041533544,830.2,4.23,0.0
3511,4,713,3.711999999999988,0.056100981767180924,830.6,4.23,0.0
3512,2,353,1.3519999999999852,0.056657223796033995,830.8,4.23,0.0
3513,0,179,-0.8219999999999998,0.055865921787709494,830.9,4.23,0.0
3514,3,579,2.5779999999999603,0.05699481865284974,831.2,4.23,0.0
3515,0,179,-0.8219999999999998,0.055865921787709494,831.3,4.23,0.0
3516,3,579,2.5779999999999603,0.055267702936096716,831.6,4.23,0.0
3517,2,446,1.444999999999975,0.05605381165919283,831.8,4.23,0.0
3518,7,1121,7.120000000000031,0.056199821587867974,832.4,4.23,0.0
3519,0,179,-0.8219999999999998,0.055865921787709494,832.5,4.23,0.0
3520,1,315,0.3139999999999894,0.05714285714285714,832.7,4.23,0.0
3521,3,579,2.5779999999999603,0.05699481865284974,833.0,4.23,0.0
3522,3,582,2.58099999999996,0.05670103092783505,833.3,4.23,0.0
3523,0,179,-0.8219999999999998,0.055865921787709494,833.4,4.23,0.0
3524,2,446,1.444999999999975,0.05605381165919283,833.7,4.23,0.0
3525,1,318,0.31699999999998907,0.05660377358490566,833.8,4.23,0.0
3526,0,179,-0.8219999999999998,0.055865921787709494,833.9,4.23,0.0
3527,7,1126,7.125000000000028,0.05595026642984014,834.5,4.23,0.0
3528,2,446,1.444999999999975,0.05605381165919283,834.7,4.23,0.0
3529,4,728,3.726999999999993,0.05631868131868132,835.1,4.23,0.0
3530,0,195,-0.8059999999999998,0.05641025641025641,835.2,4.23,0.0
3531,0,190,-0.8109999999999998,0.05789473684210526,835.3,4.23,0.0
3532,2,461,1.4599999999999733,0.05639913232104121,835.6,4.23,0.0
3533,1,313,0.3119999999999896,0.05750798722044728,835.8,4.23,0.0
3534,3,589,2.587999999999959,0.05602716468590832,836.1,4.23,0.0
3535,0,179,-0.8219999999999998,0.055865921787709494,836.2,4.23,0.0
3536,1,318,0.31699999999998907,0.05660377358490566,836.3,4.23,0.0
3537,4,713,3.711999999999988,0.056100981767180924,836.7,4.23,0.0
3538,0,179,-0.8219999999999998,0.055865921787709494,836.8,4.23,0.0
3539,0,179,-0.8219999999999998,0.055865921787709494,836.9,4.23,0.0
3540,1,335,0.3339999999999872,0.056716417910447764,837.1,4.23,0.0
3541,0,179,-0.8219999999999998,0.055865921787709494,837.2,4.23,0.0
3542,3,585,2.5839999999999597,0.05641025641025641,837.5,4.23,0.0
3543,2,447,1.4459999999999749,0.05592841163310962,837.7,4.23,0.0
3544,0,179,-0.8219999999999998,0.05027932960893855,837.8,4.23,0.0
3545,5,859,4.858000000000036,0.05587892898719441,838.3,4.23,0.0
3546,0,179,-0.8219999999999998,0.055865921787709494,838.4,4.23,0.0
3547,1,313,0.3119999999999896,0.054313099041533544,838.5,4.23,0.0
3548,2,465,1.4639999999999729,0.05591397849462366,838.8,4.23,0.0
3549,2,446,1.444999999999975,0.053811659192825115,839.0,4.23,0.0
3550,3,579,2.5779999999999603,0.055267702936096716,839.3,4.23,0.0
3551,4,713,3.711999999999988,0.056100981767180924,839.7,4.23,0.0
3552,4,735,3.7339999999999955,0.055782312925170066,840.1,4.23,0.0
3553,3,579,2.5779999999999603,0.055267702936096716,840.4,4.23,0.0
3554,1,322,0.32099999999998863,0.055900621118012424,840.6,4.23,0.0
3555,2,446,1.444999999999975,0.05605381165919283,840.8,4.23,0.0
3556,0,179,-0.8219999999999998,0.05027932960893855,840.9,4.23,0.0
3557,5,846,4.845000000000032,0.05555555555555555,841.4,4.23,0.0
3558,7,1113,7.112000000000036,0.055705300988319856,841.9,4.23,0.0
3559,1,313,0.3119999999999896,0.054313099041533544,842.1,4.23,0.0
3560,2,446,1.444999999999975,0.05605381165919283,842.4,4.23,0.0
3561,1,313,0.3119999999999896,0.054313099041533544,842.5,4.23,0.0
3562,2,458,1.4569999999999736,0.056768558951965066,842.8,4.23,0.0
3563,4,713,3.711999999999988,0.056100981767180924,843.1,4.23,0.0
3564,5,850,4.849000000000033,0.05647058823529412,843.6,4.23,0.0
3565,3,591,2.589999999999959,0.05583756345177665,843.9,4.23,0.0
3566,0,179,-0.8219999999999998,0.055865921787709494,844.0,4.23,0.0
3567,3,579,2.5779999999999603,0.055267702936096716,844.3,4.23,0.0
3568,1,319,0.31799999999998896,0.05642633228840126,844.5,4.23,0.0
3569,3,579,2.5779999999999603,0.055267702936096716,844.8,4.23,0.0
3570,2,446,1.444999999999975,0.05605381165919283,845.0,4.23,0.0
3571,2,446,1.444999999999975,0.05605381165919283,845.3,4.23,0.0
3572,0,179,-0.8219999999999998,0.055865921787709494,845.4,4.23,0.0
3573,0,179,-0.8219999999999998,0.055865921787709494,845.5,4.23,0.0
3574,1,313,0.3119999999999896,0.054313099041533544,845.6,4.23,0.0
3575,1,313,0.3119999999999896,0.054313099041533544,845.8,4.23,0.0
3576,0,179,-0.8219999999999998,0.05027932960893855,845.9,4.23,0.0
3577,3,579,2.5779999999999603,0.055267702936096716,846.2,4.23,0.0
3578,0,179,-0.8219999999999998,0.055865921787709494,846.3,4.23,0.0
3579,1,313,0.3119999999999896,0.054313099041533544,846.5,4.23,0.0
3580,3,579,2.5779999999999603,0.055267702936096716,846.8,4.23,0.0
3581,1,313,0.3119999999999896,0.05750798722044728,847.0,4.23,0.0
3582,1,320,0.31899999999998885,0.05625,847.1,4.23,0.0
3583,3,579,2.5779999999999603,0.055267702936096716,847.4,4.23,0.0
3584,3,579,2.5779999999999603,0.055267702936096716,847.8,4.23,0.0
3585,0,192,-0.8089999999999998,0.057291666666666664,847.9,4.23,0.0
3586,1,313,0.3119999999999896,0.05750798722044728,848.0,4.23,0.0
3587,4,713,3.711999999999988,0.0546984572230014,848.4,4.23,0.0
3588,0,179,-0.8219999999999998,0.055865921787709494,848.5,4.23,0.0
3589,0,187,-0.8139999999999998,0.058823529411764705,848.6,4.23,0.0
3590,1,317,0.3159999999999892,0.056782334384858045,848.8,4.23,0.0
3591,4,728,3.726999999999993,0.05631868131868132,849.1,4.23,0.0
3592,0,183,-0.8179999999999998,0.060109289617486336,849.2,4.23,0.0
3593,0,197,-0.8039999999999998,0.05583756345177665,849.3,4.23,0.0
3594,1,313,0.3119999999999896,0.05750798722044728,849.5,4.23,0.0
3595,4,729,3.7279999999999935,0.056241426611796985,849.9,4.23,0.0
3596,3,605,2.6039999999999575,0.05619834710743802,850.2,4.23,0.0
3597,1,313,0.3119999999999896,0.05750798722044728,850.4,4.23,0.0
3598,4,713,3.711999999999988,0.0546984572230014,850.7,4.23,0.0
3599,0,179,-0.8219999999999998,0.055865921787709494,850.8,4.23,0.0
3600,0,179,-0.8219999999999998,0.055865921787709494,850.9,4.23,0.0
3601,0,179,-0.8219999999999998,0.055865921787709494,851.0,4.23,0.0
3602,1,314,0.3129999999999895,0.05732484076433121,851.2,4.23,0.0
3603,0,185,-0.8159999999999998,0.05945945945945946,851.3,4.23,0.0
3604,1,313,0.3119999999999896,0.054313099041533544,851.5,4.23,0.0
3605,5,846,4.845000000000032,0.05555555555555555,851.9,4.23,0.0
3606,0,195,-0.8059999999999998,0.05641025641025641,852.0,4.23,0.0
3607,0,179,-0.8219999999999998,0.055865921787709494,852.1,4.23,0.0
3608,0,189,-0.8119999999999998,0.0582010582010582,852.2,4.23,0.0
3609,4,713,3.711999999999988,0.056100981767180924,852.6,4.23,0.0
3610,2,446,1.444999999999975,0.05605381165919283,852.8,4.23,0.0
3611,3,589,2.587999999999959,0.05602716468590832,853.1,4.23,0.0
3612,2,456,1.4549999999999739,0.05701754385964912,853.4,4.23,0.0
3613,3,585,2.5839999999999597,0.05641025641025641,853.7,4.23,0.0
3614,4,736,3.734999999999996,0.05570652173913043,854.1,4.23,0.0
3615,3,585,2.5839999999999597,0.05641025641025641,854.4,4.23,0.0
3616,5,846,4.845000000000032,0.05555555555555555,854.8,4.23,0.0
3617,0,182,-0.8189999999999998,0.06043956043956044,854.9,4.23,0.0
3618,0,179,-0.8219999999999998,0.055865921787709494,855.0,4.23,0.0
3619,1,313,0.3119999999999896,0.054313099041533544,855.2,4.23,0.0
3620,0,186,-0.8149999999999998,0.05913978494623656,855.3,4.23,0.0
3621,1,332,0.3309999999999875,0.0572289156626506,855.5,4.23,0.0
3622,3,579,2.5779999999999603,0.055267702936096716,855.8,4.23,0.0
3623,0,179,-0.8219999999999998,0.055865921787709494,855.9,4.23,0.0
3624,0,179,-0.8219999999999998,0.055865921787709494,856.0,4.24,0.0
3625,0,179,-0.8219999999999998,0.055865921787709494,856.1,4.24,0.0
3626,0,179,-0.8219999999999998,0.055865921787709494,856.1,4.24,0.0
3627,1,313,0.3119999999999896,0.05750798722044728,856.3,4.24,0.0
3628,0,179,-0.8219999999999998,0.055865921787709494,856.4,4.24,0.0
3629,0,179,-0.8219999999999998,0.055865921787709494,856.5,4.24,0.0
3630,2,446,1.444999999999975,0.05605381165919283,856.7,4.24,0.0
3631,0,179,-0.8219999999999998,0.055865921787709494,856.8,4.24,0.0
3632,0,179,-0.8219999999999998,0.055865921787709494,856.9,4.24,0.0
3633,2,446,1.444999999999975,0.053811659192825115,857.2,4.24,0.0
3634,3,579,2.5779999999999603,0.05699481865284974,857.5,4.24,0.0
3635,4,713,3.711999999999988,0.0546984572230014,857.8,4.24,0.0
3636,1,321,0.31999999999998874,0.056074766355140186,858.0,4.24,0.0
3637,2,446,1.444999999999975,0.05605381165919283,858.2,4.24,0.0
3638,2,446,1.444999999999975,0.053811659192825115,858.5,4.24,0.0
3639,2,459,1.4579999999999735,0.05664488017429194,858.7,4.24,0.0
3640,5,846,4.845000000000032,0.05555555555555555,859.2,4.24,0.0
3641,4,727,3.725999999999993,0.05639614855570839,859.5,4.24,0.0
3642,1,336,0.3349999999999871,0.05654761904761905,859.7,4.24,0.0
3643,2,446,1.444999999999975,0.05605381165919283,860.0,4.24,0.0
3644,1,313,0.3119999999999896,0.054313099041533544,860.1,4.24,0.0
3645,0,179,-0.8219999999999998,0.055865921787709494,860.2,4.24,0.0
3646,9,1379,9.377999999999888,0.05583756345177665,861.0,4.24,0.0
3647,2,446,1.444999999999975,0.05605381165919283,861.2,4.24,0.0
3648,3,581,2.57999999999996,0.05679862306368331,861.5,4.24,0.0
3649,2,446,1.444999999999975,0.05605381165919283,861.7,4.24,0.0
3650,5,846,4.845000000000032,0.05555555555555555,862.2,4.23,0.0
3651,0,179,-0.8219999999999998,0.05027932960893855,862.3,4.24,0.0
3652,1,336,0.3349999999999871,0.05654761904761905,862.5,4.24,0.0
3653,0,183,-0.8179999999999998,0.060109289617486336,862.6,4.24,0.0
3654,1,313,0.3119999999999896,0.05750798722044728,862.7,4.24,0.0
3655,0,188,-0.8129999999999998,0.05851063829787234,862.8,4.24,0.0
3656,1,313,0.3119999999999896,0.05750798722044728,863.0,4.24,0.0
3657,4,729,3.7279999999999935,0.056241426611796985,863.4,4.24,0.0
3658,1,315,0.3139999999999894,0.05714285714285714,863.5,4.24,0.0
3659,4,718,3.71699999999999,0.055710306406685235,863.9,4.24,0.0
3660,0,179,-0.8219999999999998,0.055865921787709494,864.0,4.24,0.0
3661,2,446,1.444999999999975,0.05605381165919283,864.3,4.24,0.0
3662,1,313,0.3119999999999896,0.05750798722044728,864.4,4.24,0.0
3663,0,185,-0.8159999999999998,0.05945945945945946,864.5,4.24,0.0
3664,1,339,0.33799999999998676,0.05604719764011799,864.7,4.24,0.0
3665,2,446,1.444999999999975,0.05605381165919283,864.9,4.24,0.0
3666,2,463,1.461999999999973,0.056155507559395246,865.2,4.24,0.0
3667,0,187,-0.8139999999999998,0.058823529411764705,865.3,4.24,0.0
3668,3,579,2.5779999999999603,0.055267702936096716,865.6,4.24,0.0
3669,0,179,-0.8219999999999998,0.055865921787709494,865.7,4.24,0.0
3670,2,446,1.444999999999975,0.053811659192825115,865.9,4.24,0.0
3671,5,846,4.845000000000032,0.05555555555555555,866.4,4.24,0.0
3672,1,335,0.3339999999999872,0.056716417910447764,866.5,4.24,0.0
3673,0,179,-0.8219999999999998,0.055865921787709494,866.6,4.24,0.0
3674,2,457,1.4559999999999738,0.05689277899343545,866.9,4.24,0.0
3675,0,188,-0.8129999999999998,0.05851063829787234,867.0,4.24,0.0
3676,3,579,2.5779999999999603,0.055267702936096716,867.3,4.24,0.0
3677,4,713,3.711999999999988,0.0546984572230014,867.7,4.24,0.0
3678,0,179,-0.8219999999999998,0.055865921787709494,867.7,4.24,0.0
3679,0,183,-0.8179999999999998,0.060109289617486336,867.8,4.24,0.0
3680,4,727,3.725999999999993,0.05639614855570839,868.2,4.24,0.0
3681,3,591,2.589999999999959,0.05583756345177665,868.6,4.24,0.0
3682,1,313,0.3119999999999896,0.054313099041533544,868.7,4.24,0.0
3683,0,179,-0.8219999999999998,0.055865921787709494,868.8,4.24,0.0
3684,5,854,4.853000000000034,0.05620608899297424,869.3,4.24,0.0
3685,1,313,0.3119999999999896,0.054313099041533544,869.4,4.24,0.0
3686,3,589,2.587999999999959,0.05602716468590832,869.8,4.24,0.0
3687,4,713,3.711999999999988,0.056100981767180924,870.1,4.24,0.0
3688,4,733,3.731999999999995,0.05593451568894952,870.5,4.24,0.0
3689,3,583,2.58199999999996,0.05660377358490566,870.8,4.24,0.0
3690,1,313,0.3119999999999896,0.054313099041533544,871.0,4.24,0.0
3691,5,853,4.852000000000034,0.05627198124267292,871.5,4.24,0.0
3692,2,454,1.452999999999974,0.05726872246696035,871.7,4.24,0.0
3693,0,189,-0.8119999999999998,0.0582010582010582,871.8,4.24,0.0
3694,6,979,5.978000000000075,0.05515832482124617,872.3,4.24,0.0
3695,2,453,1.4519999999999742,0.05739514348785872,872.6,4.24,0.0
3696,0,192,-0.8089999999999998,0.057291666666666664,872.7,4.24,0.0
3697,2,446,1.444999999999975,0.05605381165919283,872.9,4.24,0.0
3698,5,856,4.855000000000035,0.056074766355140186,873.4,4.24,0.0
3699,7,1113,7.112000000000036,0.055705300988319856,874.0,4.23,0.0
3700,0,179,-0.8219999999999998,0.055865921787709494,874.1,4.23,0.0
3701,1,336,0.3349999999999871,0.05654761904761905,874.2,4.23,0.0
3702,2,446,1.444999999999975,0.05605381165919283,874.5,4.23,0.0
3703,1,349,0.34799999999998565,0.05730659025787966,874.6,4.23,0.0
3704,2,457,1.4559999999999738,0.05689277899343545,874.9,4.23,0.0
3705,2,446,1.444999999999975,0.05605381165919283,875.1,4.23,0.0
3706,0,189,-0.8119999999999998,0.0582010582010582,875.2,4.24,0.0
3707,5,846,4.845000000000032,0.05555555555555555,875.7,4.23,0.0
3708,1,314,0.3129999999999895,0.05732484076433121,875.8,4.23,0.0
3709,1,313,0.3119999999999896,0.05750798722044728,876.0,4.24,0.0
3710,7,1119,7.118000000000032,0.05630026809651475,876.6,4.23,0.0
3711,3,591,2.589999999999959,0.05583756345177665,876.9,4.23,0.0
3712,0,185,-0.8159999999999998,0.05945945945945946,877.0,4.23,0.0
3713,4,713,3.711999999999988,0.0546984572230014,877.4,4.23,0.0
3714,0,179,-0.8219999999999998,0.055865921787709494,877.5,4.23,0.0
3715,2,456,1.4549999999999739,0.05701754385964912,877.7,4.23,0.0
3716,0,179,-0.8219999999999998,0.055865921787709494,877.8,4.23,0.0
3717,0,191,-0.8099999999999998,0.05759162303664921,877.9,4.24,0.0
3718,0,195,-0.8059999999999998,0.05641025641025641,878.0,4.24,0.0
3719,4,727,3.725999999999993,0.05639614855570839,878.4,4.23,0.0
3720,0,179,-0.8219999999999998,0.055865921787709494,878.5,4.24,0.0
3721,1,317,0.3159999999999892,0.056782334384858045,878.7,4.24,0.0
3722,2,453,1.4519999999999742,0.05739514348785872,878.9,4.24,0.0
3723,0,184,-0.8169999999999998,0.059782608695652176,879.0,4.24,0.0
3724,2,463,1.461999999999973,0.056155507559395246,879.2,4.24,0.0
3725,1,313,0.3119999999999896,0.054313099041533544,879.4,4.24,0.0
3726,5,846,4.845000000000032,0.05555555555555555,879.9,4.24,0.0
3727,1,313,0.3119999999999896,0.054313099041533544,880.0,4.24,0.0
3728,1,313,0.3119999999999896,0.054313099041533544,880.2,4.24,0.0
3729,1,335,0.3339999999999872,0.056716417910447764,880.4,4.24,0.0
3730,1,313,0.3119999999999896,0.05750798722044728,880.5,4.24,0.0
3731,3,579,2.5779999999999603,0.055267702936096716,880.8,4.24,0.0
3732,0,188,-0.8129999999999998,0.05851063829787234,880.9,4.24,0.0
3733,1,314,0.3129999999999895,0.05732484076433121,881.1,4.24,0.0
3734,4,750,4.7490000000000006,0.056,881.5,4.24,0.0
3735,1,313,0.3119999999999896,0.05750798722044728,881.7,4.24,0.0
3736,3,604,2.6029999999999576,0.056291390728476824,882.0,4.24,0.0
3737,0,186,-0.8149999999999998,0.05913978494623656,882.1,4.24,0.0
3738,0,179,-0.8219999999999998,0.055865921787709494,882.2,4.24,0.0
3739,0,184,-0.8169999999999998,0.059782608695652176,882.3,4.24,0.0
3740,3,579,2.5779999999999603,0.055267702936096716,882.6,4.24,0.0
3741,2,452,1.4509999999999743,0.05752212389380531,882.8,4.24,0.0
3742,3,579,2.5779999999999603,0.055267702936096716,883.1,4.24,0.0
3743,2,446,1.444999999999975,0.05605381165919283,883.4,4.24,0.0
3744,6,979,5.978000000000075,0.05515832482124617,883.9,4.24,0.0
3745,1,337,0.335999999999987,0.05637982195845697,884.1,4.24,0.0
3746,1,340,0.33899999999998665,0.05588235294117647,884.2,4.24,0.0
3747,5,846,4.845000000000032,0.05555555555555555,884.7,4.24,0.0
3748,2,446,1.444999999999975,0.05605381165919283,884.9,4.24,0.0
3749,1,313,0.3119999999999896,0.05750798722044728,885.1,4.24,0.0
3750,7,1121,7.120000000000031,0.056199821587867974,885.7,4.24,0.0
3751,1,319,0.31799999999998896,0.05642633228840126,885.9,4.24,0.0
3752,2,459,1.4579999999999735,0.05664488017429194,886.1,4.24,0.0
3753,4,713,3.711999999999988,0.056100981767180924,886.5,4.23,0.0
3754,0,179,-0.8219999999999998,0.055865921787709494,886.6,4.24,0.0
3755,6,979,5.978000000000075,0.05515832482124617,887.1,4.23,0.0
3756,0,179,-0.8219999999999998,0.055865921787709494,887.2,4.23,0.0
3757,0,179,-0.8219999999999998,0.055865921787709494,887.3,4.24,0.0
3758,0,189,-0.8119999999999998,0.0582010582010582,887.4,4.24,0.0
3759,1,313,0.3119999999999896,0.054313099041533544,887.5,4.24,0.0
3760,1,313,0.3119999999999896,0.05750798722044728,887.7,4.24,0.0
3761,1,313,0.3119999999999896,0.054313099041533544,887.9,4.24,0.0
3762,3,585,2.5839999999999597,0.05641025641025641,888.2,4.24,0.0
3763,0,191,-0.8099999999999998,0.05759162303664921,888.3,4.24,0.0
3764,1,332,0.3309999999999875,0.0572289156626506,888.5,4.24,0.0
3765,4,713,3.711999999999988,0.056100981767180924,888.8,4.24,0.0
3766,0,196,-0.8049999999999998,0.05612244897959184,888.9,4.24,0.0
3767,0,183,-0.8179999999999998,0.060109289617486336,889.0,4.24,0.0
3768,0,185,-0.8159999999999998,0.05945945945945946,889.1,4.24,0.0
3769,0,208,-0.7929999999999998,0.057692307692307696,889.3,4.24,0.0
3770,0,179,-0.8219999999999998,0.055865921787709494,889.3,4.24,0.0
3771,1,313,0.3119999999999896,0.05750798722044728,889.5,4.24,0.0
3772,3,579,2.5779999999999603,0.055267702936096716,889.8,4.24,0.0
3773,0,193,-0.8079999999999998,0.05699481865284974,889.9,4.24,0.0
3774,1,313,0.3119999999999896,0.054313099041533544,890.1,4.24,0.0
3775,4,733,3.731999999999995,0.05593451568894952,890.5,4.24,0.0
3776,1,313,0.3119999999999896,0.05750798722044728,890.6,4.24,0.0
3777,3,579,2.5779999999999603,0.055267702936096716,891.0,4.24,0.0
3778,0,187,-0.8139999999999998,0.058823529411764705,891.1,4.24,0.0
3779,3,590,2.588999999999959,0.05593220338983051,891.4,4.24,0.0
3780,0,179,-0.8219999999999998,0.055865921787709494,891.5,4.24,0.0
3781,4,713,3.711999999999988,0.056100981767180924,891.8,4.24,0.0
3782,1,313,0.3119999999999896,0.054313099041533544,892.0,4.24,0.0
3783,1,313,0.3119999999999896,0.05750798722044728,892.2,4.24,0.0
3784,2,459,1.4579999999999735,0.05664488017429194,892.4,4.24,0.0
3785,6,979,5.978000000000075,0.05515832482124617,892.9,4.24,0.0
3786,3,587,2.5859999999999594,0.056218057921635436,893.2,4.24,0.0
3787,2,456,1.4549999999999739,0.05701754385964912,893.5,4.24,0.0
3788,0,212,-0.7889999999999998,0.05660377358490566,893.6,4.24,0.0
3789,3,579,2.5779999999999603,0.055267702936096716,893.9,4.24,0.0
3790,1,313,0.3119999999999896,0.05750798722044728,894.1,4.24,0.0
3791,3,579,2.5779999999999603,0.055267702936096716,894.4,4.24,0.0
3792,0,186,-0.8149999999999998,0.05913978494623656,894.5,4.24,0.0
3793,0,179,-0.8219999999999998,0.055865921787709494,894.6,4.24,0.0
3794,3,586,2.5849999999999596,0.05631399317406143,894.9,4.24,0.0
3795,0,189,-0.8119999999999998,0.0582010582010582,895.0,4.24,0.0
3796,3,579,2.5779999999999603,0.055267702936096716,895.3,4.24,0.0
3797,1,313,0.3119999999999896,0.054313099041533544,895.5,4.24,0.0
3798,0,179,-0.8219999999999998,0.055865921787709494,895.5,4.24,0.0
3799,6,980,5.979000000000076,0.05612244897959184,896.1,4.24,0.0
3800,2,446,1.444999999999975,0.053811659192825115,896.3,4.24,0.0
3801,2,446,1.444999999999975,0.05605381165919283,896.5,4.24,0.0
3802,3,579,2.5779999999999603,0.055267702936096716,896.9,4.24,0.0
3803,3,579,2.5779999999999603,0.055267702936096716,897.2,4.24,0.0
3804,0,179,-0.8219999999999998,0.055865921787709494,897.3,4.24,0.0
3805,3,579,2.5779999999999603,0.055267702936096716,897.6,4.24,0.0
3806,1,313,0.3119999999999896,0.054313099041533544,897.7,4.24,0.0
3807,0,179,-0.8219999999999998,0.055865921787709494,897.8,4.24,0.0
3808,3,579,2.5779999999999603,0.055267702936096716,898.1,4.24,0.0
3809,1,313,0.3119999999999896,0.05750798722044728,898.3,4.24,0.0
3810,0,179,-0.8219999999999998,0.055865921787709494,898.4,4.24,0.0
3811,4,729,3.7279999999999935,0.056241426611796985,898.8,4.24,0.0
3812,2,446,1.444999999999975,0.05605381165919283,899.0,4.24,0.0
3813,0,179,-0.8219999999999998,0.055865921787709494,899.1,4.24,0.0
3814,0,179,-0.8219999999999998,0.055865921787709494,899.2,4.24,0.0
3815,1,313,0.3119999999999896,0.054313099041533544,899.4,4.24,0.0
3816,4,713,3.711999999999988,0.056100981767180924,899.7,4.24,0.0
3817,0,186,-0.8149999999999998,0.05913978494623656,899.8,4.24,0.0
3818,0,179,-0.8219999999999998,0.055865921787709494,899.9,4.24,0.0
3819,3,579,2.5779999999999603,0.055267702936096716,900.3,4.24,0.0
3820,1,313,0.3119999999999896,0.054313099041533544,900.4,4.24,0.0
3821,2,446,1.444999999999975,0.05605381165919283,900.6,4.24,0.0
3822,1,313,0.3119999999999896,0.05750798722044728,900.8,4.24,0.0
3823,5,846,4.845000000000032,0.05555555555555555,901.3,4.24,0.0
3824,8,1246,8.244999999999962,0.05537720706260032,901.9,4.24,0.0
3825,0,179,-0.8219999999999998,0.055865921787709494,902.0,4.24,0.0
3826,1,321,0.31999999999998874,0.056074766355140186,902.2,4.24,0.0
3827,2,446,1.444999999999975,0.05605381165919283,902.4,4.24,0.0
3828,0,179,-0.8219999999999998,0.061452513966480445,902.5,4.24,0.0
3829,1,315,0.3139999999999894,0.05714285714285714,902.7,4.24,0.0
3830,4,713,3.711999999999988,0.0546984572230014,903.0,4.24,0.0
3831,2,466,1.4649999999999728,0.055793991416309016,903.3,4.24,0.0
3832,1,313,0.3119999999999896,0.054313099041533544,903.5,4.24,0.0
3833,3,579,2.5779999999999603,0.055267702936096716,903.8,4.24,0.0
3834,1,316,0.3149999999999893,0.056962025316455694,903.9,4.24,0.0
3835,0,179,-0.8219999999999998,0.055865921787709494,904.0,4.24,0.0
3836,0,179,-0.8219999999999998,0.055865921787709494,904.1,4.24,0.0
3837,2,459,1.4579999999999735,0.05664488017429194,904.4,4.24,0.0
3838,1,313,0.3119999999999896,0.054313099041533544,904.5,4.24,0.0
3839,2,458,1.4569999999999736,0.056768558951965066,904.8,4.24,0.0
3840,0,179,-0.8219999999999998,0.055865921787709494,904.9,4.24,0.0
3841,0,179,-0.8219999999999998,0.055865921787709494,905.0,4.25,0.0
3842,1,313,0.3119999999999896,0.054313099041533544,905.2,4.25,0.0
3843,7,1113,7.112000000000036,0.055705300988319856,905.8,4.24,0.0
3844,1,313,0.3119999999999896,0.054313099041533544,905.9,4.24,0.0
3845,1,318,0.31699999999998907,0.05660377358490566,906.1,4.24,0.0
3846,0,187,-0.8139999999999998,0.058823529411764705,906.2,4.25,0.0
3847,5,846,4.845000000000032,0.05555555555555555,906.7,4.24,0.0
3848,3,579,2.5779999999999603,0.055267702936096716,907.0,4.24,0.0
3849,2,446,1.444999999999975,0.05605381165919283,907.2,4.24,0.0
3850,3,579,2.5779999999999603,0.055267702936096716,907.5,4.24,0.0
3851,0,179,-0.8219999999999998,0.055865921787709494,907.6,4.24,0.0
3852,1,313,0.3119999999999896,0.05750798722044728,907.8,4.24,0.0
3853,4,713,3.711999999999988,0.056100981767180924,908.2,4.24,0.0
3854,2,446,1.444999999999975,0.05605381165919283,908.4,4.24,0.0
3855,0,179,-0.8219999999999998,0.05027932960893855,908.5,4.24,0.0
3856,3,580,2.57899999999996,0.056896551724137934,908.8,4.24,0.0
3857,3,579,2.5779999999999603,0.055267702936096716,909.1,4.24,0.0
3858,0,179,-0.8219999999999998,0.055865921787709494,909.2,4.24,0.0
3859,5,846,4.845000000000032,0.05555555555555555,909.6,4.24,0.0
3860,0,179,-0.8219999999999998,0.055865921787709494,909.7,4.24,0.0
3861,0,189,-0.8119999999999998,0.0582010582010582,909.8,4.24,0.0
3862,1,314,0.3129999999999895,0.05732484076433121,910.0,4.24,0.0
3863,1,313,0.3119999999999896,0.054313099041533544,910.2,4.25,0.0
3864,6,1005,6.004000000000084,0.05572139303482587,910.7,4.24,0.0
3865,1,313,0.3119999999999896,0.05750798722044728,910.9,4.24,0.0
3866,1,319,0.31799999999998896,0.05642633228840126,911.1,4.24,0.0
3867,4,729,3.7279999999999935,0.056241426611796985,911.4,4.24,0.0
3868,1,313,0.3119999999999896,0.05750798722044728,911.6,4.24,0.0
3869,7,1113,7.112000000000036,0.055705300988319856,912.2,4.24,0.0
3870,0,179,-0.8219999999999998,0.055865921787709494,912.3,4.24,0.0
3871,3,579,2.5779999999999603,0.055267702936096716,912.6,4.24,0.0
3872,2,463,1.461999999999973,0.056155507559395246,912.8,4.24,0.0
3873,2,446,1.444999999999975,0.05605381165919283,913.0,4.24,0.0
3874,0,179,-0.8219999999999998,0.055865921787709494,913.2,4.24,0.0
3875,3,588,2.5869999999999593,0.05612244897959184,913.5,4.24,0.0
3876,5,852,4.851000000000034,0.056338028169014086,913.9,4.24,0.0
3877,2,446,1.444999999999975,0.05605381165919283,914.1,4.24,0.0
3878,0,179,-0.8219999999999998,0.055865921787709494,914.3,4.24,0.0
3879,0,192,-0.8089999999999998,0.057291666666666664,914.4,4.24,0.0
3880,1,317,0.3159999999999892,0.056782334384858045,914.5,4.24,0.0
3881,0,179,-0.8219999999999998,0.055865921787709494,914.6,4.24,0.0
3882,1,322,0.32099999999998863,0.055900621118012424,914.8,4.24,0.0
3883,2,446,1.444999999999975,0.053811659192825115,915.0,4.24,0.0
3884,2,465,1.4639999999999729,0.05591397849462366,915.2,4.24,0.0
3885,0,179,-0.8219999999999998,0.055865921787709494,915.3,4.25,0.0
3886,0,187,-0.8139999999999998,0.058823529411764705,915.4,4.25,0.0
3887,5,846,4.845000000000032,0.05555555555555555,915.9,4.25,0.0
3888,3,579,2.5779999999999603,0.055267702936096716,916.2,4.24,0.0
3889,0,179,-0.8219999999999998,0.05027932960893855,916.3,4.25,0.0
3890,2,446,1.444999999999975,0.05605381165919283,916.5,4.25,0.0
3891,1,313,0.3119999999999896,0.054313099041533544,916.7,4.25,0.0
3892,1,313,0.3119999999999896,0.054313099041533544,916.9,4.25,0.0
3893,3,579,2.5779999999999603,0.055267702936096716,917.2,4.25,0.0
3894,1,315,0.3139999999999894,0.05714285714285714,917.3,4.25,0.0
3895,3,579,2.5779999999999603,0.05699481865284974,917.6,4.25,0.0
3896,0,179,-0.8219999999999998,0.055865921787709494,917.7,4.25,0.0
3897,5,855,4.854000000000035,0.056140350877192984,918.2,4.25,0.0
3898,4,713,3.711999999999988,0.056100981767180924,918.5,4.24,0.0
3899,1,313,0.3119999999999896,0.054313099041533544,918.7,4.25,0.0
3900,0,179,-0.8219999999999998,0.055865921787709494,918.8,4.25,0.0
3901,1,313,0.3119999999999896,0.054313099041533544,919.0,4.25,0.0
3902,6,979,5.978000000000075,0.05515832482124617,919.5,4.24,0.0
3903,1,336,0.3349999999999871,0.05654761904761905,919.7,4.24,0.0
3904,1,313,0.3119999999999896,0.05750798722044728,919.8,4.25,0.0
3905,2,446,1.444999999999975,0.05605381165919283,920.1,4.25,0.0
3906,0,187,-0.8139999999999998,0.058823529411764705,920.2,4.25,0.0
3907,0,179,-0.8219999999999998,0.055865921787709494,920.3,4.25,0.0
3908,0,193,-0.8079999999999998,0.05699481865284974,920.4,4.25,0.0
3909,1,313,0.3119999999999896,0.054313099041533544,920.6,4.25,0.0
3910,5,857,4.856000000000035,0.056009334889148193,921.0,4.25,0.0
3911,5,846,4.845000000000032,0.05555555555555555,921.5,4.25,0.0
3912,3,581,2.57999999999996,0.05679862306368331,921.8,4.25,0.0
3913,2,446,1.444999999999975,0.05605381165919283,922.0,4.25,0.0
3914,7,1129,7.128000000000027,0.05580159433126661,922.6,4.24,0.0
3915,2,461,1.4599999999999733,0.05639913232104121,922.8,4.24,0.0
3916,3,579,2.5779999999999603,0.055267702936096716,923.2,4.24,0.0
3917,2,446,1.444999999999975,0.05605381165919283,923.4,4.24,0.0
3918,0,179,-0.8219999999999998,0.055865921787709494,923.5,4.24,0.0
3919,4,735,3.7339999999999955,0.055782312925170066,923.9,4.24,0.0
3920,0,179,-0.8219999999999998,0.055865921787709494,924.0,4.24,0.0
3921,4,716,3.714999999999989,0.055865921787709494,924.4,4.24,0.0
3922,1,321,0.31999999999998874,0.056074766355140186,924.5,4.24,0.0
3923,0,179,-0.8219999999999998,0.055865921787709494,924.6,4.24,0.0
3924,1,313,0.3119999999999896,0.05750798722044728,924.8,4.24,0.0
3925,0,187,-0.8139999999999998,0.058823529411764705,924.9,4.24,0.0
3926,0,179,-0.8219999999999998,0.055865921787709494,925.0,4.25,0.0
3927,4,713,3.711999999999988,0.0546984572230014,925.4,4.24,0.0
3928,0,179,-0.8219999999999998,0.055865921787709494,925.5,4.25,0.0
3929,2,446,1.444999999999975,0.05605381165919283,925.7,4.25,0.0
3930,1,313,0.3119999999999896,0.054313099041533544,925.8,4.25,0.0
3931,1,313,0.3119999999999896,0.054313099041533544,926.0,4.25,0.0
3932,0,179,-0.8219999999999998,0.055865921787709494,926.1,4.25,0.0
3933,0,179,-0.8219999999999998,0.055865921787709494,926.2,4.25,0.0
3934,5,846,4.845000000000032,0.05555555555555555,926.7,4.25,0.0
3935,0,190,-0.8109999999999998,0.05789473684210526,926.8,4.25,0.0
3936,0,189,-0.8119999999999998,0.0582010582010582,926.9,4.25,0.0
3937,0,179,-0.8219999999999998,0.055865921787709494,926.9,4.25,0.0
3938,0,186,-0.8149999999999998,0.05913978494623656,927.0,4.25,0.0
3939,0,179,-0.8219999999999998,0.055865921787709494,927.1,4.25,0.0
3940,2,446,1.444999999999975,0.05605381165919283,927.4,4.25,0.0
3941,4,715,3.713999999999989,0.055944055944055944,927.8,4.25,0.0
3942,1,316,0.3149999999999893,0.056962025316455694,927.9,4.25,0.0
3943,0,179,-0.8219999999999998,0.055865921787709494,928.0,4.25,0.0
3944,5,855,4.854000000000035,0.056140350877192984,928.5,4.25,0.0
3945,4,713,3.711999999999988,0.056100981767180924,928.8,4.25,0.0
3946,3,579,2.5779999999999603,0.055267702936096716,929.1,4.25,0.0
3947,9,1379,9.377999999999888,0.05583756345177665,929.9,4.25,0.0
3948,3,579,2.5779999999999603,0.055267702936096716,930.2,4.25,0.0
3949,3,585,2.5839999999999597,0.05641025641025641,930.5,4.25,0.0
3950,2,458,1.4569999999999736,0.056768558951965066,930.7,4.25,0.0
3951,0,179,-0.8219999999999998,0.055865921787709494,930.8,4.25,0.0
3952,2,446,1.444999999999975,0.05605381165919283,931.1,4.25,0.0
3953,0,179,-0.8219999999999998,0.055865921787709494,931.1,4.25,0.0
3954,3,588,2.5869999999999593,0.05612244897959184,931.5,4.25,0.0
3955,1,335,0.3339999999999872,0.056716417910447764,931.6,4.25,0.0
3956,3,579,2.5779999999999603,0.055267702936096716,931.9,4.25,0.0
3957,3,579,2.5779999999999603,0.055267702936096716,932.3,4.25,0.0
3958,0,194,-0.8069999999999998,0.05670103092783505,932.4,4.25,0.0
3959,2,446,1.444999999999975,0.053811659192825115,932.6,4.25,0.0
3960,0,187,-0.8139999999999998,0.058823529411764705,932.7,4.25,0.0
3961,0,179,-0.8219999999999998,0.055865921787709494,932.8,4.25,0.0
3962,3,579,2.5779999999999603,0.055267702936096716,933.1,4.25,0.0
3963,0,195,-0.8059999999999998,0.05641025641025641,933.2,4.25,0.0
3964,0,179,-0.8219999999999998,0.055865921787709494,933.3,4.25,0.0
3965,2,446,1.444999999999975,0.05605381165919283,933.5,4.25,0.0
3966,0,190,-0.8109999999999998,0.05789473684210526,933.6,4.25,0.0
3967,0,182,-0.8189999999999998,0.06043956043956044,933.7,4.25,0.0
3968,3,591,2.589999999999959,0.05583756345177665,934.0,4.25,0.0
3969,0,179,-0.8219999999999998,0.055865921787709494,934.1,4.25,0.0
3970,3,579,2.5779999999999603,0.055267702936096716,934.4,4.25,0.0
3971,1,313,0.3119999999999896,0.05750798722044728,934.6,4.25,0.0
3972,4,713,3.711999999999988,0.056100981767180924,935.0,4.25,0.0
3973,6,979,5.978000000000075,0.05515832482124617,935.5,4.25,0.0
3974,2,446,1.444999999999975,0.05605381165919283,935.7,4.25,0.0
3975,0,193,-0.8079999999999998,0.05699481865284974,935.8,4.25,0.0
3976,0,184,-0.8169999999999998,0.059782608695652176,935.9,4.25,0.0
3977,1,318,0.31699999999998907,0.05660377358490566,936.1,4.25,0.0
3978,0,182,-0.8189999999999998,0.06043956043956044,936.2,4.25,0.0
3979,1,313,0.3119999999999896,0.05750798722044728,936.3,4.25,0.0
3980,0,179,-0.8219999999999998,0.05027932960893855,936.4,4.25,0.0
3981,2,446,1.444999999999975,0.05605381165919283,936.7,4.25,0.0
3982,0,191,-0.8099999999999998,0.05759162303664921,936.8,4.25,0.0
3983,5,855,4.854000000000035,0.056140350877192984,937.2,4.25,0.0
3984,6,979,5.978000000000075,0.05515832482124617,937.7,4.25,0.0
3985,2,446,1.444999999999975,0.053811659192825115,938.0,4.25,0.0
3986,0,179,-0.8219999999999998,0.055865921787709494,938.1,4.25,0.0
3987,1,313,0.3119999999999896,0.05750798722044728,938.3,4.25,0.0
3988,1,313,0.3119999999999896,0.05750798722044728,938.4,4.25,0.0
3989,0,179,-0.8219999999999998,0.055865921787709494,938.5,4.25,0.0
3990,0,179,-0.8219999999999998,0.055865921787709494,938.6,4.25,0.0
3991,0,192,-0.8089999999999998,0.057291666666666664,938.7,4.25,0.0
3992,0,179,-0.8219999999999998,0.055865921787709494,938.8,4.25,0.0
3993,0,182,-0.8189999999999998,0.06043956043956044,938.9,4.25,0.0
3994,3,579,2.5779999999999603,0.055267702936096716,939.2,4.25,0.0
3995,0,212,-0.7889999999999998,0.05660377358490566,939.3,4.25,0.0
3996,1,335,0.3339999999999872,0.056716417910447764,939.5,4.25,0.0
3997,2,446,1.444999999999975,0.05605381165919283,939.7,4.25,0.0
3998,2,448,1.4469999999999748,0.05580357142857143,940.0,4.25,0.0
3999,0,189,-0.8119999999999998,0.0582010582010582,940.1,4.26,0.0
4000,4,713,3.711999999999988,0.0546984572230014,940.4,4.25,0.0
4001,3,579,2.5779999999999603,0.055267702936096716,943.7,4.24,0.0
4002,0,179,-0.8219999999999998,0.055865921787709494,943.8,4.24,0.0
4003,1,313,0.3119999999999896,0.054313099041533544,944.0,4.24,0.0
4004,0,190,-0.8109999999999998,0.05789473684210526,944.1,4.24,0.0
4005,1,317,0.3159999999999892,0.056782334384858045,944.2,4.24,0.0
4006,0,179,-0.8219999999999998,0.055865921787709494,944.3,4.24,0.0
4007,0,190,-0.8109999999999998,0.05789473684210526,944.4,4.24,0.0
4008,0,179,-0.8219999999999998,0.055865921787709494,944.5,4.24,0.0
4009,2,446,1.444999999999975,0.05605381165919283,944.8,4.24,0.0
4010,0,179,-0.8219999999999998,0.055865921787709494,944.9,4.25,0.0
4011,1,313,0.3119999999999896,0.054313099041533544,945.0,4.25,0.0
4012,3,579,2.5779999999999603,0.055267702936096716,945.3,4.25,0.0
4013,2,446,1.444999999999975,0.05605381165919283,945.6,4.25,0.0
4014,0,193,-0.8079999999999998,0.05699481865284974,945.7,4.25,0.0
4015,0,179,-0.8219999999999998,0.055865921787709494,945.8,4.25,0.0
4016,1,313,0.3119999999999896,0.054313099041533544,945.9,4.25,0.0
4017,4,732,3.7309999999999945,0.056010928961748634,946.3,4.25,0.0
4018,0,184,-0.8169999999999998,0.059782608695652176,946.4,4.25,0.0
4019,2,446,1.444999999999975,0.05605381165919283,946.7,4.25,0.0
4020,1,313,0.3119999999999896,0.054313099041533544,946.8,4.25,0.0
4021,7,1125,7.124000000000029,0.056,947.4,4.25,0.0
4022,1,315,0.3139999999999894,0.05714285714285714,947.6,4.25,0.0
4023,1,336,0.3349999999999871,0.05654761904761905,947.8,4.25,0.0
4024,0,179,-0.8219999999999998,0.055865921787709494,947.9,4.25,0.0
4025,4,724,3.722999999999992,0.05662983425414365,948.3,4.25,0.0
4026,0,179,-0.8219999999999998,0.05027932960893855,948.3,4.25,0.0
4027,3,579,2.5779999999999603,0.055267702936096716,948.6,4.25,0.0
4028,5,846,4.845000000000032,0.05555555555555555,949.1,4.25,0.0
4029,8,1255,8.253999999999957,0.055776892430278883,949.8,4.24,0.0
4030,0,179,-0.8219999999999998,0.055865921787709494,949.8,4.24,0.0
4031,3,579,2.5779999999999603,0.055267702936096716,950.2,4.24,0.0
4032,5,854,4.853000000000034,0.05620608899297424,950.6,4.24,0.0
4033,5,846,4.845000000000032,0.05555555555555555,951.1,4.24,0.0
4034,4,620,3.618999999999957,0.056451612903225805,951.4,4.24,0.0
4035,5,846,4.845000000000032,0.05555555555555555,951.9,4.24,0.0
4036,2,455,1.453999999999974,0.05714285714285714,952.1,4.24,0.0
4037,2,446,1.444999999999975,0.05605381165919283,952.4,4.24,0.0
4038,0,179,-0.8219999999999998,0.055865921787709494,952.5,4.24,0.0
4039,0,190,-0.8109999999999998,0.05789473684210526,952.6,4.24,0.0
4040,1,313,0.3119999999999896,0.05750798722044728,952.7,4.24,0.0
4041,3,579,2.5779999999999603,0.055267702936096716,953.0,4.24,0.0
4042,1,313,0.3119999999999896,0.05750798722044728,953.2,4.24,0.0
4043,8,1255,8.253999999999957,0.055776892430278883,953.8,4.24,0.0
4044,5,846,4.845000000000032,0.05555555555555555,954.3,4.24,0.0
4045,4,713,3.711999999999988,0.056100981767180924,954.7,4.24,0.0
4046,5,846,4.845000000000032,0.05555555555555555,955.1,4.24,0.0
4047,0,179,-0.8219999999999998,0.055865921787709494,955.2,4.24,0.0
4048,1,313,0.3119999999999896,0.05750798722044728,955.4,4.24,0.0
4049,3,579,2.5779999999999603,0.055267702936096716,955.7,4.24,0.0
4050,0,179,-0.8219999999999998,0.05027932960893855,955.8,4.24,0.0
4051,2,458,1.4569999999999736,0.056768558951965066,956.0,4.24,0.0
4052,2,446,1.444999999999975,0.05605381165919283,956.3,4.24,0.0
4053,1,313,0.3119999999999896,0.054313099041533544,956.4,4.24,0.0
4054,2,459,1.4579999999999735,0.05664488017429194,956.7,4.24,0.0
4055,0,195,-0.8059999999999998,0.05641025641025641,956.8,4.24,0.0
4056,3,579,2.5779999999999603,0.055267702936096716,957.1,4.24,0.0
4057,2,446,1.444999999999975,0.05605381165919283,957.3,4.24,0.0
4058,3,579,2.5779999999999603,0.055267702936096716,957.6,4.24,0.0
4059,3,579,2.5779999999999603,0.055267702936096716,958.0,4.24,0.0
4060,1,323,0.3219999999999885,0.05572755417956656,958.1,4.24,0.0
4061,0,179,-0.8219999999999998,0.055865921787709494,958.2,4.24,0.0
4062,4,713,3.711999999999988,0.056100981767180924,958.6,4.24,0.0
4063,0,179,-0.8219999999999998,0.055865921787709494,958.7,4.24,0.0
4064,2,446,1.444999999999975,0.05605381165919283,958.9,4.24,0.0
4065,1,313,0.3119999999999896,0.054313099041533544,959.1,4.24,0.0
4066,0,179,-0.8219999999999998,0.055865921787709494,959.2,4.24,0.0
4067,0,179,-0.8219999999999998,0.055865921787709494,959.3,4.24,0.0
4068,0,179,-0.8219999999999998,0.055865921787709494,959.4,4.24,0.0
4069,2,446,1.444999999999975,0.05605381165919283,959.6,4.24,0.0
4070,0,185,-0.8159999999999998,0.05945945945945946,959.7,4.24,0.0
4071,0,179,-0.8219999999999998,0.055865921787709494,959.8,4.24,0.0
4072,0,179,-0.8219999999999998,0.055865921787709494,959.9,4.24,0.0
4073,0,195,-0.8059999999999998,0.05641025641025641,960.0,4.24,0.0
4074,3,583,2.58199999999996,0.05660377358490566,960.3,4.24,0.0
4075,0,185,-0.8159999999999998,0.05945945945945946,960.4,4.24,0.0
4076,2,446,1.444999999999975,0.05605381165919283,960.6,4.24,0.0
4077,0,179,-0.8219999999999998,0.055865921787709494,960.7,4.24,0.0
4078,0,179,-0.8219999999999998,0.055865921787709494,960.8,4.25,0.0
4079,4,718,3.71699999999999,0.055710306406685235,961.2,4.24,0.0
4080,0,189,-0.8119999999999998,0.0582010582010582,961.3,4.25,0.0
4081,0,179,-0.8219999999999998,0.055865921787709494,961.4,4.25,0.0
4082,3,580,2.57899999999996,0.056896551724137934,961.7,4.25,0.0
4083,1,321,0.31999999999998874,0.056074766355140186,961.9,4.25,0.0
4084,5,846,4.845000000000032,0.05555555555555555,962.4,4.24,0.0
4085,0,187,-0.8139999999999998,0.058823529411764705,962.5,4.25,0.0
4086,4,713,3.711999999999988,0.056100981767180924,962.9,4.24,0.0
4087,0,191,-0.8099999999999998,0.05759162303664921,963.0,4.25,0.0
4088,5,751,4.75,0.0559254327563249,963.4,4.24,0.0
4089,0,179,-0.8219999999999998,0.055865921787709494,963.5,4.25,0.0
4090,1,313,0.3119999999999896,0.054313099041533544,963.6,4.25,0.0
4091,0,187,-0.8139999999999998,0.058823529411764705,963.7,4.25,0.0
4092,3,579,2.5779999999999603,0.055267702936096716,964.0,4.25,0.0
4093,2,446,1.444999999999975,0.05605381165919283,964.3,4.25,0.0
4094,0,186,-0.8149999999999998,0.05913978494623656,964.4,4.25,0.0
4095,1,320,0.31899999999998885,0.05625,964.5,4.25,0.0
4096,2,465,1.4639999999999729,0.05591397849462366,964.8,4.25,0.0
4097,8,1246,8.244999999999962,0.05537720706260032,965.5,4.24,0.0
4098,1,313,0.3119999999999896,0.054313099041533544,965.6,4.24,0.0
4099,0,191,-0.8099999999999998,0.05759162303664921,965.7,4.25,0.0
4100,0,193,-0.8079999999999998,0.05699481865284974,965.8,4.25,0.0
4101,0,215,-0.7859999999999998,0.05581395348837209,965.9,4.25,0.0
4102,3,584,2.5829999999999598,0.05650684931506849,966.3,4.25,0.0
4103,2,446,1.444999999999975,0.05605381165919283,966.5,4.25,0.0
4104,0,179,-0.8219999999999998,0.055865921787709494,966.6,4.25,0.0
4105,1,336,0.3349999999999871,0.05654761904761905,966.8,4.25,0.0
4106,2,446,1.444999999999975,0.053811659192825115,967.0,4.25,0.0
4107,0,189,-0.8119999999999998,0.0582010582010582,967.1,4.25,0.0
4108,1,313,0.3119999999999896,0.054313099041533544,967.3,4.25,0.0
4109,1,321,0.31999999999998874,0.056074766355140186,967.5,4.25,0.0
4110,0,179,-0.8219999999999998,0.055865921787709494,967.6,4.25,0.0
4111,1,313,0.3119999999999896,0.054313099041533544,967.7,4.25,0.0
4112,1,313,0.3119999999999896,0.054313099041533544,967.9,4.25,0.0
4113,3,579,2.5779999999999603,0.055267702936096716,968.2,4.25,0.0
4114,3,587,2.5859999999999594,0.056218057921635436,968.5,4.25,0.0
4115,2,446,1.444999999999975,0.053811659192825115,968.7,4.25,0.0
4116,0,179,-0.8219999999999998,0.055865921787709494,968.8,4.25,0.0
4117,2,446,1.444999999999975,0.05605381165919283,969.1,4.25,0.0
4118,3,586,2.5849999999999596,0.05631399317406143,969.4,4.25,0.0
4119,1,313,0.3119999999999896,0.054313099041533544,969.5,4.25,0.0
4120,2,460,1.4589999999999734,0.05652173913043478,969.8,4.25,0.0
4121,3,579,2.5779999999999603,0.055267702936096716,970.1,4.25,0.0
4122,2,446,1.444999999999975,0.05605381165919283,970.3,4.25,0.0
4123,0,185,-0.8159999999999998,0.05945945945945946,970.4,4.25,0.0
4124,2,463,1.461999999999973,0.056155507559395246,970.7,4.25,0.0
4125,5,846,4.845000000000032,0.05555555555555555,971.1,4.25,0.0
4126,0,179,-0.8219999999999998,0.055865921787709494,971.2,4.25,0.0
4127,3,579,2.5779999999999603,0.05699481865284974,971.5,4.25,0.0
4128,2,462,1.4609999999999732,0.05627705627705628,971.7,4.25,0.0
4129,0,179,-0.8219999999999998,0.055865921787709494,971.9,4.25,0.0
4130,2,462,1.4609999999999732,0.05627705627705628,972.1,4.25,0.0
4131,3,601,2.599999999999958,0.056572379367720464,972.4,4.25,0.0
4132,2,457,1.4559999999999738,0.05689277899343545,972.7,4.25,0.0
4133,0,194,-0.8069999999999998,0.05670103092783505,972.8,4.25,0.0
4134,1,323,0.3219999999999885,0.05572755417956656,972.9,4.25,0.0
4135,0,179,-0.8219999999999998,0.055865921787709494,973.0,4.25,0.0
4136,8,1246,8.244999999999962,0.05537720706260032,973.7,4.25,0.0
4137,0,179,-0.8219999999999998,0.055865921787709494,973.8,4.25,0.0
4138,0,187,-0.8139999999999998,0.058823529411764705,973.9,4.25,0.0
4139,5,846,4.845000000000032,0.05555555555555555,974.3,4.25,0.0
4140,1,313,0.3119999999999896,0.054313099041533544,974.5,4.25,0.0
4141,0,179,-0.8219999999999998,0.055865921787709494,974.6,4.25,0.0
4142,1,313,0.3119999999999896,0.05750798722044728,974.8,4.25,0.0
4143,0,186,-0.8149999999999998,0.05913978494623656,974.8,4.25,0.0
4144,2,446,1.444999999999975,0.05605381165919283,975.1,4.25,0.0
4145,1,313,0.3119999999999896,0.05750798722044728,975.3,4.25,0.0
4146,2,447,1.4459999999999749,0.05592841163310962,975.5,4.25,0.0
4147,1,317,0.3159999999999892,0.056782334384858045,975.7,4.25,0.0
4148,1,321,0.31999999999998874,0.056074766355140186,975.8,4.25,0.0
4149,6,979,5.978000000000075,0.05515832482124617,976.4,4.25,0.0
4150,1,313,0.3119999999999896,0.054313099041533544,976.6,4.25,0.0
4151,0,196,-0.8049999999999998,0.05612244897959184,976.7,4.25,0.0
4152,1,313,0.3119999999999896,0.054313099041533544,976.8,4.25,0.0
4153,0,189,-0.8119999999999998,0.0582010582010582,976.9,4.25,0.0
4154,0,179,-0.8219999999999998,0.055865921787709494,977.0,4.25,0.0
4155,1,313,0.3119999999999896,0.05750798722044728,977.2,4.25,0.0
4156,4,713,3.711999999999988,0.0546984572230014,977.6,4.25,0.0
4157,5,846,4.845000000000032,0.05555555555555555,978.0,4.25,0.0
4158,0,179,-0.8219999999999998,0.055865921787709494,978.1,4.25,0.0
4159,3,579,2.5779999999999603,0.055267702936096716,978.4,4.25,0.0
4160,2,446,1.444999999999975,0.05605381165919283,978.7,4.25,0.0
4161,3,588,2.5869999999999593,0.05612244897959184,979.0,4.25,0.0
4162,2,446,1.444999999999975,0.05605381165919283,979.2,4.25,0.0
4163,5,846,4.845000000000032,0.05555555555555555,979.7,4.25,0.0
4164,0,179,-0.8219999999999998,0.055865921787709494,979.8,4.25,0.0
4165,0,179,-0.8219999999999998,0.055865921787709494,979.8,4.25,0.0
4166,0,182,-0.8189999999999998,0.06043956043956044,979.9,4.25,0.0
4167,3,579,2.5779999999999603,0.055267702936096716,980.2,4.25,0.0
4168,2,446,1.444999999999975,0.05605381165919283,980.5,4.25,0.0
4169,0,179,-0.8219999999999998,0.055865921787709494,980.6,4.25,0.0
4170,5,846,4.845000000000032,0.05555555555555555,981.1,4.25,0.0
4171,1,313,0.3119999999999896,0.054313099041533544,981.3,4.25,0.0
4172,5,856,4.855000000000035,0.056074766355140186,981.8,4.25,0.0
4173,3,591,2.589999999999959,0.05583756345177665,982.1,4.25,0.0
4174,3,579,2.5779999999999603,0.055267702936096716,982.4,4.25,0.0
4175,0,179,-0.8219999999999998,0.055865921787709494,982.5,4.25,0.0
4176,3,589,2.587999999999959,0.05602716468590832,982.8,4.25,0.0
4177,1,318,0.31699999999998907,0.05660377358490566,983.0,4.25,0.0
4178,0,179,-0.8219999999999998,0.055865921787709494,983.1,4.25,0.0
4179,1,313,0.3119999999999896,0.054313099041533544,983.2,4.25,0.0
4180,0,195,-0.8059999999999998,0.05641025641025641,983.3,4.25,0.0
4181,6,979,5.978000000000075,0.05515832482124617,983.9,4.25,0.0
4182,2,446,1.444999999999975,0.05605381165919283,984.1,4.25,0.0
4183,2,446,1.444999999999975,0.05605381165919283,984.4,4.25,0.0
4184,0,179,-0.8219999999999998,0.055865921787709494,984.4,4.25,0.0
4185,1,313,0.3119999999999896,0.054313099041533544,984.6,4.25,0.0
4186,0,185,-0.8159999999999998,0.05945945945945946,984.7,4.25,0.0
4187,2,446,1.444999999999975,0.05605381165919283,985.0,4.25,0.0
4188,1,339,0.33799999999998676,0.05604719764011799,985.2,4.25,0.0
4189,5,846,4.845000000000032,0.05555555555555555,985.6,4.25,0.0
4190,2,446,1.444999999999975,0.05605381165919283,985.9,4.25,0.0
4191,1,313,0.3119999999999896,0.054313099041533544,986.0,4.25,0.0
4192,2,446,1.444999999999975,0.05605381165919283,986.3,4.25,0.0
4193,2,446,1.444999999999975,0.05605381165919283,986.5,4.25,0.0
4194,0,179,-0.8219999999999998,0.055865921787709494,986.6,4.25,0.0
4195,2,446,1.444999999999975,0.05605381165919283,986.8,4.25,0.0
4196,0,179,-0.8219999999999998,0.055865921787709494,986.9,4.25,0.0
4197,1,335,0.3339999999999872,0.056716417910447764,987.1,4.25,0.0
4198,4,713,3.711999999999988,0.056100981767180924,987.5,4.25,0.0
4199,3,585,2.5839999999999597,0.05641025641025641,987.8,4.25,0.0
4200,3,588,2.5869999999999593,0.05612244897959184,988.1,4.25,0.0
4201,1,314,0.3129999999999895,0.05732484076433121,988.3,4.25,0.0
4202,3,579,2.5779999999999603,0.055267702936096716,988.6,4.25,0.0
4203,2,446,1.444999999999975,0.05605381165919283,988.8,4.25,0.0
4204,1,315,0.3139999999999894,0.05714285714285714,989.0,4.25,0.0
4205,3,579,2.5779999999999603,0.055267702936096716,989.3,4.25,0.0
4206,2,447,1.4459999999999749,0.05592841163310962,989.5,4.25,0.0
4207,2,446,1.444999999999975,0.05605381165919283,989.8,4.25,0.0
4208,0,179,-0.8219999999999998,0.055865921787709494,989.8,4.25,0.0
4209,1,336,0.3349999999999871,0.05654761904761905,990.0,4.25,0.0
4210,1,313,0.3119999999999896,0.054313099041533544,990.2,4.25,0.0
4211,2,446,1.444999999999975,0.053811659192825115,990.4,4.25,0.0
4212,9,1379,9.377999999999888,0.05583756345177665,991.2,4.25,0.0
4213,2,446,1.444999999999975,0.05605381165919283,991.4,4.25,0.0
4214,2,457,1.4559999999999738,0.05689277899343545,991.7,4.25,0.0
4215,1,313,0.3119999999999896,0.054313099041533544,991.8,4.25,0.0
4216,0,179,-0.8219999999999998,0.055865921787709494,991.9,4.25,0.0
4217,4,713,3.711999999999988,0.056100981767180924,992.3,4.25,0.0
4218,1,313,0.3119999999999896,0.05750798722044728,992.5,4.25,0.0
4219,4,713,3.711999999999988,0.056100981767180924,992.8,4.25,0.0
4220,3,589,2.587999999999959,0.05602716468590832,993.1,4.25,0.0
4221,1,313,0.3119999999999896,0.054313099041533544,993.3,4.25,0.0
4222,0,193,-0.8079999999999998,0.05699481865284974,993.4,4.25,0.0
4223,6,979,5.978000000000075,0.05515832482124617,993.9,4.25,0.0
4224,1,313,0.3119999999999896,0.05750798722044728,994.1,4.25,0.0
4225,2,457,1.4559999999999738,0.05689277899343545,994.3,4.25,0.0
4226,3,579,2.5779999999999603,0.055267702936096716,994.7,4.25,0.0
4227,6,979,5.978000000000075,0.05515832482124617,995.2,4.25,0.0
4228,1,313,0.3119999999999896,0.054313099041533544,995.3,4.25,0.0
4229,0,179,-0.8219999999999998,0.055865921787709494,995.4,4.25,0.0
4230,0,179,-0.8219999999999998,0.055865921787709494,995.5,4.25,0.0
4231,0,186,-0.8149999999999998,0.05913978494623656,995.6,4.25,0.0
4232,0,179,-0.8219999999999998,0.055865921787709494,995.7,4.25,0.0
4233,1,313,0.3119999999999896,0.05750798722044728,995.9,4.25,0.0
4234,4,713,3.711999999999988,0.0546984572230014,996.2,4.25,0.0
4235,1,313,0.3119999999999896,0.054313099041533544,996.4,4.25,0.0
4236,4,713,3.711999999999988,0.056100981767180924,996.8,4.25,0.0
4237,4,728,3.726999999999993,0.05631868131868132,997.2,4.25,0.0
4238,1,316,0.3149999999999893,0.056962025316455694,997.3,4.25,0.0
4239,3,585,2.5839999999999597,0.05641025641025641,997.6,4.25,0.0
4240,0,181,-0.8199999999999998,0.06077348066298342,997.7,4.25,0.0
4241,7,1113,7.112000000000036,0.055705300988319856,998.3,4.25,0.0
4242,1,313,0.3119999999999896,0.054313099041533544,998.5,4.25,0.0
4243,0,183,-0.8179999999999998,0.060109289617486336,998.6,4.25,0.0
4244,0,179,-0.8219999999999998,0.055865921787709494,998.7,4.25,0.0
4245,1,313,0.3119999999999896,0.054313099041533544,998.8,4.25,0.0
4246,1,313,0.3119999999999896,0.05750798722044728,999.0,4.25,0.0
4247,0,179,-0.8219999999999998,0.055865921787709494,999.1,4.25,0.0
4248,4,713,3.711999999999988,0.056100981767180924,999.5,4.25,0.0
4249,2,446,1.444999999999975,0.05605381165919283,999.7,4.25,0.0
4250,1,313,0.3119999999999896,0.05750798722044728,999.9,4.25,0.0
4251,3,579,2.5779999999999603,0.055267702936096716,1000.2,4.25,0.0
4252,0,179,-0.8219999999999998,0.055865921787709494,1000.3,4.25,0.0
4253,0,179,-0.8219999999999998,0.055865921787709494,1000.4,4.25,0.0
4254,1,320,0.31899999999998885,0.05625,1000.6,4.25,0.0
4255,4,713,3.711999999999988,0.056100981767180924,1000.9,4.25,0.0
4256,0,179,-0.8219999999999998,0.055865921787709494,1001.0,4.25,0.0
4257,0,179,-0.8219999999999998,0.055865921787709494,1001.1,4.25,0.0
4258,0,179,-0.8219999999999998,0.055865921787709494,1001.2,4.25,0.0
4259,3,579,2.5779999999999603,0.055267702936096716,1001.5,4.25,0.0
4260,0,192,-0.8089999999999998,0.057291666666666664,1001.6,4.25,0.0
4261,3,609,2.607999999999957,0.05582922824302135,1002.0,4.25,0.0
4262,2,446,1.444999999999975,0.05605381165919283,1002.2,4.25,0.0
4263,1,313,0.3119999999999896,0.054313099041533544,1002.4,4.25,0.0
4264,3,579,2.5779999999999603,0.055267702936096716,1002.7,4.25,0.0
4265,6,979,5.978000000000075,0.05515832482124617,1003.2,4.25,0.0
4266,0,184,-0.8169999999999998,0.059782608695652176,1003.3,4.25,0.0
4267,0,189,-0.8119999999999998,0.0582010582010582,1003.4,4.25,0.0
4268,2,446,1.444999999999975,0.05605381165919283,1003.7,4.25,0.0
4269,3,579,2.5779999999999603,0.055267702936096716,1004.0,4.25,0.0
4270,2,447,1.4459999999999749,0.05592841163310962,1004.2,4.25,0.0
4271,4,713,3.711999999999988,0.056100981767180924,1004.6,4.25,0.0
4272,1,313,0.3119999999999896,0.054313099041533544,1004.8,4.25,0.0
4273,0,183,-0.8179999999999998,0.060109289617486336,1004.9,4.25,0.0
4274,2,446,1.444999999999975,0.05605381165919283,1005.1,4.25,0.0
4275,3,579,2.5779999999999603,0.055267702936096716,1005.4,4.25,0.0
4276,0,179,-0.8219999999999998,0.055865921787709494,1005.5,4.25,0.0
4277,2,458,1.4569999999999736,0.056768558951965066,1005.8,4.25,0.0
4278,2,446,1.444999999999975,0.05605381165919283,1006.0,4.25,0.0
4279,1,313,0.3119999999999896,0.05750798722044728,1006.1,4.25,0.0
4280,3,579,2.5779999999999603,0.055267702936096716,1006.4,4.25,0.0
4281,1,313,0.3119999999999896,0.054313099041533544,1006.6,4.25,0.0
4282,0,179,-0.8219999999999998,0.055865921787709494,1006.7,4.25,0.0
4283,2,446,1.444999999999975,0.053811659192825115,1007.0,4.25,0.0
4284,5,846,4.845000000000032,0.05555555555555555,1007.4,4.25,0.0
4285,0,196,-0.8049999999999998,0.05612244897959184,1007.5,4.25,0.0
4286,3,584,2.5829999999999598,0.05650684931506849,1007.8,4.25,0.0
4287,4,713,3.711999999999988,0.056100981767180924,1008.2,4.25,0.0
4288,0,204,-0.7969999999999998,0.058823529411764705,1008.3,4.25,0.0
4289,0,184,-0.8169999999999998,0.059782608695652176,1008.4,4.25,0.0
4290,2,459,1.4579999999999735,0.05664488017429194,1008.7,4.25,0.0
4291,2,446,1.444999999999975,0.05605381165919283,1008.9,4.25,0.0
4292,0,179,-0.8219999999999998,0.055865921787709494,1009.0,4.25,0.0
4293,1,313,0.3119999999999896,0.054313099041533544,1009.2,4.25,0.0
4294,0,179,-0.8219999999999998,0.055865921787709494,1009.3,4.26,0.0
4295,0,179,-0.8219999999999998,0.055865921787709494,1009.4,4.26,0.0
4296,0,179,-0.8219999999999998,0.061452513966480445,1009.5,4.26,0.0
4297,3,579,2.5779999999999603,0.055267702936096716,1009.8,4.26,0.0
4298,4,728,3.726999999999993,0.05631868131868132,1010.2,4.26,0.0
4299,1,313,0.3119999999999896,0.05750798722044728,1010.3,4.26,0.0
4300,2,446,1.444999999999975,0.05605381165919283,1010.6,4.26,0.0
4301,4,713,3.711999999999988,0.056100981767180924,1010.9,4.26,0.0
4302,0,179,-0.8219999999999998,0.055865921787709494,1011.0,4.26,0.0
4303,2,463,1.461999999999973,0.056155507559395246,1011.3,4.26,0.0
4304,0,186,-0.8149999999999998,0.05913978494623656,1011.4,4.26,0.0
4305,2,446,1.444999999999975,0.05605381165919283,1011.6,4.26,0.0
4306,1,313,0.3119999999999896,0.05750798722044728,1011.8,4.26,0.0
4307,3,606,2.6049999999999573,0.056105610561056105,1012.1,4.26,0.0
4308,1,313,0.3119999999999896,0.054313099041533544,1012.3,4.26,0.0
4309,2,446,1.444999999999975,0.05605381165919283,1012.5,4.26,0.0
4310,1,322,0.32099999999998863,0.055900621118012424,1012.7,4.26,0.0
4311,1,313,0.3119999999999896,0.05750798722044728,1012.8,4.26,0.0
4312,2,455,1.453999999999974,0.05714285714285714,1013.1,4.26,0.0
4313,1,313,0.3119999999999896,0.05750798722044728,1013.3,4.26,0.0
4314,3,579,2.5779999999999603,0.055267702936096716,1013.6,4.26,0.0
4315,2,446,1.444999999999975,0.05605381165919283,1013.8,4.26,0.0
4316,3,579,2.5779999999999603,0.055267702936096716,1014.1,4.26,0.0
4317,1,313,0.3119999999999896,0.054313099041533544,1014.3,4.26,0.0
4318,0,179,-0.8219999999999998,0.055865921787709494,1014.4,4.26,0.0
4319,6,979,5.978000000000075,0.05515832482124617,1014.9,4.26,0.0
4320,2,447,1.4459999999999749,0.05592841163310962,1015.1,4.26,0.0
4321,1,313,0.3119999999999896,0.054313099041533544,1015.3,4.26,0.0
4322,3,579,2.5779999999999603,0.055267702936096716,1015.6,4.26,0.0
4323,2,446,1.444999999999975,0.053811659192825115,1015.8,4.26,0.0
4324,0,190,-0.8109999999999998,0.05789473684210526,1015.9,4.26,0.0
4325,1,313,0.3119999999999896,0.054313099041533544,1016.1,4.26,0.0
4326,2,461,1.4599999999999733,0.05639913232104121,1016.3,4.26,0.0
4327,3,579,2.5779999999999603,0.05699481865284974,1016.6,4.26,0.0
4328,1,313,0.3119999999999896,0.05750798722044728,1016.8,4.26,0.0
4329,0,187,-0.8139999999999998,0.058823529411764705,1016.9,4.26,0.0
4330,0,209,-0.7919999999999998,0.05741626794258373,1017.0,4.26,0.0
4331,0,179,-0.8219999999999998,0.055865921787709494,1017.1,4.26,0.0
4332,0,179,-0.8219999999999998,0.055865921787709494,1017.2,4.26,0.0
4333,1,313,0.3119999999999896,0.054313099041533544,1017.3,4.26,0.0
4334,3,579,2.5779999999999603,0.055267702936096716,1017.7,4.26,0.0
4335,1,331,0.32999999999998764,0.05740181268882175,1017.8,4.26,0.0
4336,3,579,2.5779999999999603,0.05699481865284974,1018.1,4.26,0.0
4337,0,184,-0.8169999999999998,0.059782608695652176,1018.2,4.26,0.0
4338,0,179,-0.8219999999999998,0.055865921787709494,1018.3,4.26,0.0
4339,0,179,-0.8219999999999998,0.055865921787709494,1018.4,4.26,0.0
4340,0,179,-0.8219999999999998,0.055865921787709494,1018.5,4.26,0.0
4341,0,179,-0.8219999999999998,0.055865921787709494,1018.6,4.26,0.0
4342,6,979,5.978000000000075,0.05515832482124617,1019.1,4.26,0.0
4343,0,179,-0.8219999999999998,0.055865921787709494,1019.2,4.26,0.0
4344,2,446,1.444999999999975,0.05605381165919283,1019.4,4.26,0.0
4345,2,446,1.444999999999975,0.053811659192825115,1019.7,4.26,0.0
4346,1,313,0.3119999999999896,0.05750798722044728,1019.9,4.26,0.0
4347,0,206,-0.7949999999999998,0.05825242718446602,1020.0,4.26,0.0
4348,3,579,2.5779999999999603,0.055267702936096716,1020.3,4.26,0.0
4349,5,846,4.845000000000032,0.05555555555555555,1020.7,4.26,0.0
4350,1,313,0.3119999999999896,0.054313099041533544,1020.9,4.26,0.0
4351,5,858,4.857000000000036,0.055944055944055944,1021.3,4.26,0.0
4352,0,195,-0.8059999999999998,0.05641025641025641,1021.4,4.26,0.0
4353,2,446,1.444999999999975,0.05605381165919283,1021.7,4.26,0.0
4354,1,315,0.3139999999999894,0.05714285714285714,1021.8,4.26,0.0
4355,0,179,-0.8219999999999998,0.05027932960893855,1021.9,4.26,0.0
4356,2,446,1.444999999999975,0.05605381165919283,1022.2,4.26,0.0
4357,0,183,-0.8179999999999998,0.060109289617486336,1022.3,4.26,0.0
4358,3,579,2.5779999999999603,0.055267702936096716,1022.6,4.26,0.0
4359,2,446,1.444999999999975,0.05605381165919283,1022.8,4.26,0.0
4360,2,458,1.4569999999999736,0.056768558951965066,1023.0,4.26,0.0
4361,0,179,-0.8219999999999998,0.055865921787709494,1023.1,4.26,0.0
4362,0,188,-0.8129999999999998,0.05851063829787234,1023.2,4.26,0.0
4363,2,446,1.444999999999975,0.05605381165919283,1023.5,4.26,0.0
4364,2,459,1.4579999999999735,0.05664488017429194,1023.7,4.26,0.0
4365,0,179,-0.8219999999999998,0.055865921787709494,1023.8,4.26,0.0
4366,1,313,0.3119999999999896,0.054313099041533544,1024.0,4.26,0.0
4367,1,316,0.3149999999999893,0.056962025316455694,1024.2,4.26,0.0
4368,0,179,-0.8219999999999998,0.055865921787709494,1024.2,4.27,0.0
4369,2,446,1.444999999999975,0.05605381165919283,1024.5,4.27,0.0
4370,1,336,0.3349999999999871,0.05654761904761905,1024.7,4.27,0.0
4371,0,179,-0.8219999999999998,0.055865921787709494,1024.8,4.27,0.0
4372,0,179,-0.8219999999999998,0.055865921787709494,1024.8,4.27,0.0
4373,4,718,3.71699999999999,0.055710306406685235,1025.2,4.27,0.0
4374,0,183,-0.8179999999999998,0.060109289617486336,1025.3,4.27,0.0
4375,2,446,1.444999999999975,0.05605381165919283,1025.6,4.27,0.0
4376,1,316,0.3149999999999893,0.056962025316455694,1025.7,4.27,0.0
4377,0,189,-0.8119999999999998,0.0582010582010582,1025.8,4.27,0.0
4378,5,874,4.873000000000041,0.05606407322654462,1026.3,4.27,0.0
4379,1,313,0.3119999999999896,0.054313099041533544,1026.5,4.27,0.0
4380,0,187,-0.8139999999999998,0.058823529411764705,1026.6,4.27,0.0
4381,3,579,2.5779999999999603,0.05699481865284974,1026.9,4.27,0.0
4382,1,313,0.3119999999999896,0.05750798722044728,1027.0,4.27,0.0
4383,2,459,1.4579999999999735,0.05664488017429194,1027.3,4.27,0.0
4384,0,185,-0.8159999999999998,0.05945945945945946,1027.4,4.27,0.0
4385,1,313,0.3119999999999896,0.054313099041533544,1027.6,4.27,0.0
4386,2,446,1.444999999999975,0.05605381165919283,1027.8,4.27,0.0
4387,0,185,-0.8159999999999998,0.05945945945945946,1027.9,4.27,0.0
4388,2,446,1.444999999999975,0.05605381165919283,1028.1,4.27,0.0
4389,0,192,-0.8089999999999998,0.057291666666666664,1028.2,4.27,0.0
4390,0,179,-0.8219999999999998,0.055865921787709494,1028.3,4.27,0.0
4391,4,734,3.732999999999995,0.055858310626702996,1028.7,4.27,0.0
4392,4,729,3.7279999999999935,0.056241426611796985,1029.1,4.27,0.0
4393,1,339,0.33799999999998676,0.05604719764011799,1029.3,4.27,0.0
4394,1,315,0.3139999999999894,0.05714285714285714,1029.4,4.27,0.0
4395,7,1114,7.113000000000035,0.05565529622980251,1030.0,4.27,0.0
4396,6,979,5.978000000000075,0.056179775280898875,1030.5,4.27,0.0
4397,1,313,0.3119999999999896,0.05750798722044728,1030.7,4.27,0.0
4398,0,179,-0.8219999999999998,0.055865921787709494,1030.8,4.27,0.0
4399,3,579,2.5779999999999603,0.055267702936096716,1031.1,4.27,0.0
4400,1,313,0.3119999999999896,0.05750798722044728,1031.3,4.27,0.0
4401,4,713,3.711999999999988,0.056100981767180924,1031.6,4.27,0.0
4402,0,179,-0.8219999999999998,0.055865921787709494,1031.7,4.27,0.0
4403,2,446,1.444999999999975,0.05605381165919283,1032.0,4.27,0.0
4404,9,1379,9.377999999999888,0.05583756345177665,1032.7,4.27,0.0
4405,5,853,4.852000000000034,0.05627198124267292,1033.2,4.26,0.0
4406,3,579,2.5779999999999603,0.055267702936096716,1033.5,4.26,0.0
4407,3,579,2.5779999999999603,0.055267702936096716,1033.8,4.26,0.0
4408,0,181,-0.8199999999999998,0.06077348066298342,1033.9,4.26,0.0
4409,0,179,-0.8219999999999998,0.055865921787709494,1034.0,4.27,0.0
4410,0,179,-0.8219999999999998,0.055865921787709494,1034.1,4.27,0.0
4411,3,579,2.5779999999999603,0.055267702936096716,1034.4,4.27,0.0
4412,1,313,0.3119999999999896,0.054313099041533544,1034.5,4.27,0.0
4413,1,313,0.3119999999999896,0.054313099041533544,1034.7,4.27,0.0
4414,0,188,-0.8129999999999998,0.05851063829787234,1034.8,4.27,0.0
4415,0,179,-0.8219999999999998,0.055865921787709494,1034.9,4.27,0.0
4416,0,179,-0.8219999999999998,0.055865921787709494,1035.0,4.27,0.0
4417,1,313,0.3119999999999896,0.05750798722044728,1035.1,4.27,0.0
4418,5,846,4.845000000000032,0.05555555555555555,1035.6,4.27,0.0
4419,8,1267,8.26599999999995,0.056037884767166535,1036.3,4.27,0.0
4420,1,313,0.3119999999999896,0.05750798722044728,1036.4,4.27,0.0
4421,7,1128,7.127000000000027,0.05585106382978723,1037.0,4.26,0.0
4422,3,579,2.5779999999999603,0.055267702936096716,1037.3,4.26,0.0
4423,1,338,0.33699999999998687,0.05621301775147929,1037.5,4.26,0.0
4424,6,979,5.978000000000075,0.05515832482124617,1038.0,4.26,0.0
4425,2,458,1.4569999999999736,0.056768558951965066,1038.3,4.26,0.0
4426,0,195,-0.8059999999999998,0.05641025641025641,1038.4,4.26,0.0
4427,0,194,-0.8069999999999998,0.05670103092783505,1038.5,4.26,0.0
4428,2,454,1.452999999999974,0.05726872246696035,1038.7,4.26,0.0
4429,3,579,2.5779999999999603,0.055267702936096716,1039.0,4.26,0.0
4430,2,446,1.444999999999975,0.05605381165919283,1039.3,4.26,0.0
4431,2,446,1.444999999999975,0.05605381165919283,1039.5,4.26,0.0
4432,0,179,-0.8219999999999998,0.055865921787709494,1039.6,4.26,0.0
4433,0,179,-0.8219999999999998,0.05027932960893855,1039.7,4.26,0.0
4434,1,313,0.3119999999999896,0.054313099041533544,1039.9,4.26,0.0
4435,4,713,3.711999999999988,0.056100981767180924,1040.2,4.26,0.0
4436,5,848,4.847000000000032,0.05660377358490566,1040.7,4.26,0.0
4437,3,579,2.5779999999999603,0.055267702936096716,1041.0,4.26,0.0
4438,3,591,2.589999999999959,0.05583756345177665,1041.3,4.26,0.0
4439,5,853,4.852000000000034,0.05627198124267292,1041.8,4.26,0.0
4440,0,179,-0.8219999999999998,0.055865921787709494,1041.9,4.26,0.0
4441,3,579,2.5779999999999603,0.055267702936096716,1042.2,4.26,0.0
4442,2,446,1.444999999999975,0.053811659192825115,1042.4,4.26,0.0
4443,1,335,0.3339999999999872,0.056716417910447764,1042.6,4.26,0.0
4444,2,446,1.444999999999975,0.05605381165919283,1042.8,4.26,0.0
4445,6,979,5.978000000000075,0.05515832482124617,1043.3,4.26,0.0
4446,1,317,0.3159999999999892,0.056782334384858045,1043.5,4.26,0.0
4447,4,728,3.726999999999993,0.05631868131868132,1043.9,4.26,0.0
4448,2,446,1.444999999999975,0.05605381165919283,1044.1,4.26,0.0
4449,3,579,2.5779999999999603,0.055267702936096716,1044.4,4.26,0.0
4450,3,586,2.5849999999999596,0.05631399317406143,1044.7,4.26,0.0
4451,4,727,3.725999999999993,0.05639614855570839,1045.1,4.26,0.0
4452,0,179,-0.8219999999999998,0.055865921787709494,1045.2,4.26,0.0
4453,0,179,-0.8219999999999998,0.055865921787709494,1045.3,4.26,0.0
4454,1,318,0.31699999999998907,0.05660377358490566,1045.5,4.26,0.0
4455,0,184,-0.8169999999999998,0.059782608695652176,1045.6,4.26,0.0
4456,0,179,-0.8219999999999998,0.055865921787709494,1045.6,4.26,0.0
4457,0,179,-0.8219999999999998,0.055865921787709494,1045.7,4.26,0.0
4458,0,193,-0.8079999999999998,0.05699481865284974,1045.8,4.26,0.0
4459,0,179,-0.8219999999999998,0.055865921787709494,1045.9,4.26,0.0
4460,0,179,-0.8219999999999998,0.055865921787709494,1046.0,4.26,0.0
4461,0,194,-0.8069999999999998,0.05670103092783505,1046.1,4.27,0.0
4462,4,713,3.711999999999988,0.056100981767180924,1046.5,4.26,0.0
4463,0,179,-0.8219999999999998,0.055865921787709494,1046.6,4.27,0.0
4464,3,579,2.5779999999999603,0.055267702936096716,1046.9,4.27,0.0
4465,1,313,0.3119999999999896,0.054313099041533544,1047.1,4.27,0.0
4466,0,179,-0.8219999999999998,0.055865921787709494,1047.2,4.27,0.0
4467,4,729,3.7279999999999935,0.056241426611796985,1047.5,4.27,0.0
4468,2,465,1.4639999999999729,0.05591397849462366,1047.8,4.27,0.0
4469,6,1004,6.003000000000084,0.055776892430278883,1048.3,4.26,0.0
4470,1,313,0.3119999999999896,0.054313099041533544,1048.5,4.26,0.0
4471,0,183,-0.8179999999999998,0.060109289617486336,1048.6,4.26,0.0
4472,4,715,3.713999999999989,0.055944055944055944,1049.0,4.26,0.0
4473,3,579,2.5779999999999603,0.055267702936096716,1049.3,4.26,0.0
4474,1,313,0.3119999999999896,0.054313099041533544,1049.4,4.26,0.0
4475,0,193,-0.8079999999999998,0.05699481865284974,1049.5,4.26,0.0
4476,0,179,-0.8219999999999998,0.055865921787709494,1049.6,4.27,0.0
4477,5,851,4.850000000000033,0.0564042303172738,1050.1,4.26,0.0
4478,7,1113,7.112000000000036,0.05480682839173405,1050.7,4.26,0.0
4479,0,188,-0.8129999999999998,0.05851063829787234,1050.8,4.26,0.0
4480,0,190,-0.8109999999999998,0.05789473684210526,1050.9,4.26,0.0
4481,0,179,-0.8219999999999998,0.055865921787709494,1051.0,4.26,0.0
4482,0,183,-0.8179999999999998,0.060109289617486336,1051.1,4.27,0.0
4483,5,862,4.861000000000037,0.05568445475638051,1051.5,4.26,0.0
4484,1,338,0.33699999999998687,0.05621301775147929,1051.7,4.26,0.0
4485,1,313,0.3119999999999896,0.054313099041533544,1051.9,4.26,0.0
4486,5,846,4.845000000000032,0.05555555555555555,1052.3,4.26,0.0
4487,3,582,2.58099999999996,0.05670103092783505,1052.6,4.26,0.0
4488,2,461,1.4599999999999733,0.05639913232104121,1052.9,4.26,0.0
4489,4,715,3.713999999999989,0.055944055944055944,1053.2,4.26,0.0
4490,0,179,-0.8219999999999998,0.055865921787709494,1053.3,4.26,0.0
4491,0,182,-0.8189999999999998,0.06043956043956044,1053.4,4.26,0.0
4492,2,446,1.444999999999975,0.05605381165919283,1053.7,4.26,0.0
4493,0,187,-0.8139999999999998,0.058823529411764705,1053.8,4.26,0.0
4494,0,197,-0.8039999999999998,0.05583756345177665,1053.9,4.27,0.0
4495,0,179,-0.8219999999999998,0.055865921787709494,1054.0,4.27,0.0
4496,2,455,1.453999999999974,0.05714285714285714,1054.2,4.27,0.0
4497,1,313,0.3119999999999896,0.05750798722044728,1054.4,4.27,0.0
4498,2,446,1.444999999999975,0.05605381165919283,1054.6,4.27,0.0
4499,3,579,2.5779999999999603,0.055267702936096716,1054.9,4.27,0.0
4500,2,446,1.444999999999975,0.05605381165919283,1055.2,4.27,0.0
4501,4,734,3.732999999999995,0.055858310626702996,1058.3,4.25,0.0
4502,3,592,2.590999999999959,0.05574324324324324,1058.6,4.25,0.0
4503,1,313,0.3119999999999896,0.054313099041533544,1058.8,4.25,0.0
4504,0,179,-0.8219999999999998,0.055865921787709494,1058.9,4.25,0.0
4505,2,448,1.4469999999999748,0.05580357142857143,1059.2,4.25,0.0
4506,1,313,0.3119999999999896,0.05750798722044728,1059.3,4.25,0.0
4507,3,579,2.5779999999999603,0.055267702936096716,1059.6,4.25,0.0
4508,2,459,1.4579999999999735,0.05664488017429194,1059.8,4.25,0.0
4509,0,179,-0.8219999999999998,0.055865921787709494,1059.9,4.25,0.0
4510,4,729,3.7279999999999935,0.056241426611796985,1060.3,4.25,0.0
4511,0,179,-0.8219999999999998,0.055865921787709494,1060.4,4.25,0.0
4512,1,336,0.3349999999999871,0.05654761904761905,1060.6,4.26,0.0
4513,5,846,4.845000000000032,0.05555555555555555,1061.1,4.25,0.0
4514,1,313,0.3119999999999896,0.05750798722044728,1061.2,4.25,0.0
4515,0,179,-0.8219999999999998,0.055865921787709494,1061.3,4.26,0.0
4516,1,313,0.3119999999999896,0.05750798722044728,1061.5,4.26,0.0
4517,2,461,1.4599999999999733,0.05639913232104121,1061.7,4.26,0.0
4518,3,584,2.5829999999999598,0.05650684931506849,1062.0,4.26,0.0
4519,1,313,0.3119999999999896,0.054313099041533544,1062.2,4.26,0.0
4520,1,313,0.3119999999999896,0.054313099041533544,1062.4,4.26,0.0
4521,5,862,4.861000000000037,0.05568445475638051,1062.8,4.25,0.0
4522,2,446,1.444999999999975,0.05605381165919283,1063.1,4.25,0.0
4523,0,192,-0.8089999999999998,0.057291666666666664,1063.2,4.26,0.0
4524,1,315,0.3139999999999894,0.05714285714285714,1063.4,4.26,0.0
4525,2,446,1.444999999999975,0.05605381165919283,1063.6,4.26,0.0
4526,0,187,-0.8139999999999998,0.058823529411764705,1063.7,4.26,0.0
4527,5,846,4.845000000000032,0.05555555555555555,1064.1,4.26,0.0
4528,2,446,1.444999999999975,0.05605381165919283,1064.4,4.26,0.0
4529,1,313,0.3119999999999896,0.054313099041533544,1064.5,4.26,0.0
4530,5,846,4.845000000000032,0.05555555555555555,1065.0,4.25,0.0
4531,0,192,-0.8089999999999998,0.057291666666666664,1065.1,4.26,0.0
4532,3,580,2.57899999999996,0.056896551724137934,1065.4,4.25,0.0
4533,0,179,-0.8219999999999998,0.055865921787709494,1065.5,4.26,0.0
4534,7,1120,7.119000000000032,0.05625,1066.1,4.25,0.0
4535,1,317,0.3159999999999892,0.056782334384858045,1066.3,4.25,0.0
4536,0,185,-0.8159999999999998,0.05945945945945946,1066.4,4.25,0.0
4537,5,846,4.845000000000032,0.05555555555555555,1066.8,4.25,0.0
4538,2,446,1.444999999999975,0.05605381165919283,1067.0,4.25,0.0
4539,1,313,0.3119999999999896,0.054313099041533544,1067.2,4.25,0.0
4540,1,221,0.21999999999999975,0.058823529411764705,1067.3,4.25,0.0
4541,0,185,-0.8159999999999998,0.05945945945945946,1067.4,4.26,0.0
4542,0,179,-0.8219999999999998,0.055865921787709494,1067.5,4.26,0.0
4543,0,179,-0.8219999999999998,0.05027932960893855,1067.6,4.26,0.0
4544,3,579,2.5779999999999603,0.055267702936096716,1067.9,4.26,0.0
4545,2,446,1.444999999999975,0.05605381165919283,1068.2,4.26,0.0
4546,0,179,-0.8219999999999998,0.055865921787709494,1068.3,4.26,0.0
4547,5,846,4.845000000000032,0.05555555555555555,1068.7,4.26,0.0
4548,3,592,2.590999999999959,0.05574324324324324,1069.0,4.26,0.0
4549,0,189,-0.8119999999999998,0.0582010582010582,1069.1,4.26,0.0
4550,11,1646,11.64499999999974,0.05528554070473876,1070.0,4.25,0.0
4551,2,446,1.444999999999975,0.05605381165919283,1070.3,4.25,0.0
4552,0,179,-0.8219999999999998,0.055865921787709494,1070.4,4.25,0.0
4553,0,193,-0.8079999999999998,0.05699481865284974,1070.5,4.25,0.0
4554,4,713,3.711999999999988,0.056100981767180924,1070.8,4.25,0.0
4555,3,579,2.5779999999999603,0.055267702936096716,1071.1,4.25,0.0
4556,3,609,2.607999999999957,0.05582922824302135,1071.4,4.25,0.0
4557,0,183,-0.8179999999999998,0.060109289617486336,1071.5,4.25,0.0
4558,2,446,1.444999999999975,0.05605381165919283,1071.8,4.25,0.0
4559,8,1246,8.244999999999962,0.05537720706260032,1072.4,4.25,0.0
4560,5,853,4.852000000000034,0.05627198124267292,1072.9,4.25,0.0
4561,2,482,1.480999999999971,0.056016597510373446,1073.1,4.25,0.0
4562,0,179,-0.8219999999999998,0.055865921787709494,1073.2,4.25,0.0
4563,1,339,0.33799999999998676,0.05604719764011799,1073.4,4.25,0.0
4564,3,588,2.5869999999999593,0.05612244897959184,1073.7,4.25,0.0
4565,3,579,2.5779999999999603,0.055267702936096716,1074.0,4.25,0.0
4566,1,313,0.3119999999999896,0.054313099041533544,1074.2,4.25,0.0
4567,1,313,0.3119999999999896,0.054313099041533544,1074.4,4.25,0.0
4568,2,446,1.444999999999975,0.05605381165919283,1074.6,4.25,0.0
4569,4,713,3.711999999999988,0.0546984572230014,1075.0,4.25,0.0
4570,0,182,-0.8189999999999998,0.06043956043956044,1075.1,4.25,0.0
4571,3,588,2.5869999999999593,0.05612244897959184,1075.4,4.25,0.0
4572,0,179,-0.8219999999999998,0.05027932960893855,1075.5,4.25,0.0
4573,2,446,1.444999999999975,0.05605381165919283,1075.7,4.25,0.0
4574,0,189,-0.8119999999999998,0.0582010582010582,1075.8,4.25,0.0
4575,0,179,-0.8219999999999998,0.055865921787709494,1075.9,4.25,0.0
4576,0,192,-0.8089999999999998,0.057291666666666664,1076.0,4.25,0.0
4577,1,313,0.3119999999999896,0.05750798722044728,1076.2,4.25,0.0
4578,0,179,-0.8219999999999998,0.055865921787709494,1076.3,4.25,0.0
4579,0,179,-0.8219999999999998,0.055865921787709494,1076.4,4.26,0.0
4580,4,713,3.711999999999988,0.056100981767180924,1076.8,4.25,0.0
4581,0,184,-0.8169999999999998,0.059782608695652176,1076.8,4.26,0.0
4582,4,730,3.728999999999994,0.056164383561643834,1077.2,4.25,0.0
4583,1,313,0.3119999999999896,0.05750798722044728,1077.4,4.25,0.0
4584,1,313,0.3119999999999896,0.054313099041533544,1077.6,4.25,0.0
4585,1,313,0.3119999999999896,0.054313099041533544,1077.7,4.26,0.0
4586,0,189,-0.8119999999999998,0.0582010582010582,1077.8,4.26,0.0
4587,0,190,-0.8109999999999998,0.05789473684210526,1077.9,4.26,0.0
4588,0,185,-0.8159999999999998,0.05945945945945946,1078.0,4.26,0.0
4589,6,983,5.982000000000077,0.05595116988809766,1078.5,4.26,0.0
4590,2,453,1.4519999999999742,0.05739514348785872,1078.8,4.26,0.0
4591,0,179,-0.8219999999999998,0.055865921787709494,1078.9,4.26,0.0
4592,1,313,0.3119999999999896,0.05750798722044728,1079.0,4.26,0.0
4593,0,179,-0.8219999999999998,0.05027932960893855,1079.1,4.26,0.0
4594,1,335,0.3339999999999872,0.056716417910447764,1079.3,4.26,0.0
4595,5,855,4.854000000000035,0.056140350877192984,1079.8,4.26,0.0
4596,0,179,-0.8219999999999998,0.055865921787709494,1079.9,4.26,0.0
4597,9,1379,9.377999999999888,0.05583756345177665,1080.6,4.26,0.0
4598,7,1113,7.112000000000036,0.055705300988319856,1081.2,4.25,0.0
4599,0,187,-0.8139999999999998,0.058823529411764705,1081.3,4.25,0.0
4600,0,179,-0.8219999999999998,0.055865921787709494,1081.4,4.25,0.0
4601,5,856,4.855000000000035,0.056074766355140186,1081.8,4.25,0.0
4602,3,582,2.58099999999996,0.05670103092783505,1082.2,4.25,0.0
4603,2,462,1.4609999999999732,0.05627705627705628,1082.4,4.25,0.0
4604,0,179,-0.8219999999999998,0.055865921787709494,1082.5,4.25,0.0
4605,1,313,0.3119999999999896,0.054313099041533544,1082.7,4.25,0.0
4606,6,979,5.978000000000075,0.05515832482124617,1083.2,4.25,0.0
4607,0,185,-0.8159999999999998,0.05945945945945946,1083.3,4.25,0.0
4608,5,846,4.845000000000032,0.05555555555555555,1083.8,4.25,0.0
4609,0,179,-0.8219999999999998,0.055865921787709494,1083.9,4.25,0.0
4610,2,448,1.4469999999999748,0.05580357142857143,1084.1,4.25,0.0
4611,5,846,4.845000000000032,0.05555555555555555,1084.6,4.25,0.0
4612,2,446,1.444999999999975,0.05605381165919283,1084.8,4.25,0.0
4613,2,446,1.444999999999975,0.053811659192825115,1085.1,4.25,0.0
4614,5,862,4.861000000000037,0.05568445475638051,1085.5,4.25,0.0
4615,0,187,-0.8139999999999998,0.058823529411764705,1085.6,4.25,0.0
4616,2,446,1.444999999999975,0.05605381165919283,1085.9,4.25,0.0
4617,0,179,-0.8219999999999998,0.055865921787709494,1086.0,4.25,0.0
4618,0,185,-0.8159999999999998,0.05945945945945946,1086.1,4.25,0.0
4619,0,179,-0.8219999999999998,0.055865921787709494,1086.2,4.25,0.0
4620,2,446,1.444999999999975,0.053811659192825115,1086.4,4.25,0.0
4621,2,455,1.453999999999974,0.05714285714285714,1086.7,4.25,0.0
4622,0,179,-0.8219999999999998,0.055865921787709494,1086.8,4.25,0.0
4623,6,987,5.986000000000078,0.05572441742654509,1087.3,4.25,0.0
4624,0,179,-0.8219999999999998,0.055865921787709494,1087.4,4.25,0.0
4625,0,191,-0.8099999999999998,0.05759162303664921,1087.5,4.25,0.0
4626,5,851,4.850000000000033,0.0564042303172738,1087.9,4.25,0.0
4627,1,313,0.3119999999999896,0.05750798722044728,1088.1,4.25,0.0
4628,5,874,4.873000000000041,0.05606407322654462,1088.6,4.25,0.0
4629,1,339,0.33799999999998676,0.05604719764011799,1088.7,4.25,0.0
4630,2,446,1.444999999999975,0.05605381165919283,1089.0,4.25,0.0
4631,1,318,0.31699999999998907,0.05660377358490566,1089.1,4.25,0.0
4632,7,1113,7.112000000000036,0.055705300988319856,1089.7,4.25,0.0
4633,1,314,0.3129999999999895,0.05732484076433121,1089.9,4.25,0.0
4634,0,179,-0.8219999999999998,0.055865921787709494,1090.0,4.25,0.0
4635,2,461,1.4599999999999733,0.05639913232104121,1090.2,4.25,0.0
4636,3,579,2.5779999999999603,0.055267702936096716,1090.5,4.25,0.0
4637,0,179,-0.8219999999999998,0.055865921787709494,1090.6,4.25,0.0
4638,4,713,3.711999999999988,0.056100981767180924,1091.0,4.25,0.0
4639,2,446,1.444999999999975,0.05605381165919283,1091.2,4.25,0.0
4640,1,313,0.3119999999999896,0.054313099041533544,1091.4,4.25,0.0
4641,2,446,1.444999999999975,0.053811659192825115,1091.6,4.25,0.0
4642,6,983,5.982000000000077,0.05595116988809766,1092.2,4.25,0.0
4643,0,211,-0.7899999999999998,0.05687203791469194,1092.3,4.25,0.0
4644,0,186,-0.8149999999999998,0.05913978494623656,1092.4,4.25,0.0
4645,1,316,0.3149999999999893,0.056962025316455694,1092.5,4.25,0.0
4646,0,179,-0.8219999999999998,0.05027932960893855,1092.6,4.25,0.0
4647,4,727,3.725999999999993,0.05639614855570839,1093.0,4.25,0.0
4648,1,313,0.3119999999999896,0.054313099041533544,1093.2,4.25,0.0
4649,0,189,-0.8119999999999998,0.0582010582010582,1093.3,4.25,0.0
4650,3,579,2.5779999999999603,0.055267702936096716,1093.6,4.25,0.0
4651,1,316,0.3149999999999893,0.056962025316455694,1093.7,4.25,0.0
4652,6,979,5.978000000000075,0.056179775280898875,1094.3,4.25,0.0
4653,2,446,1.444999999999975,0.05605381165919283,1094.5,4.25,0.0
4654,4,713,3.711999999999988,0.056100981767180924,1094.9,4.25,0.0
4655,0,191,-0.8099999999999998,0.05759162303664921,1095.0,4.25,0.0
4656,1,313,0.3119999999999896,0.05750798722044728,1095.1,4.25,0.0
4657,3,579,2.5779999999999603,0.055267702936096716,1095.4,4.25,0.0
4658,4,713,3.711999999999988,0.0546984572230014,1095.8,4.25,0.0
4659,2,456,1.4549999999999739,0.05701754385964912,1096.0,4.25,0.0
4660,3,587,2.5859999999999594,0.056218057921635436,1096.4,4.25,0.0
4661,1,338,0.33699999999998687,0.05621301775147929,1096.5,4.25,0.0
4662,1,313,0.3119999999999896,0.054313099041533544,1096.7,4.25,0.0
4663,0,179,-0.8219999999999998,0.055865921787709494,1096.8,4.25,0.0
4664,0,182,-0.8189999999999998,0.06043956043956044,1096.9,4.25,0.0
4665,2,446,1.444999999999975,0.053811659192825115,1097.1,4.25,0.0
4666,0,179,-0.8219999999999998,0.055865921787709494,1097.2,4.25,0.0
4667,0,179,-0.8219999999999998,0.055865921787709494,1097.3,4.25,0.0
4668,0,179,-0.8219999999999998,0.055865921787709494,1097.4,4.25,0.0
4669,3,580,2.57899999999996,0.056896551724137934,1097.7,4.25,0.0
4670,0,179,-0.8219999999999998,0.055865921787709494,1097.8,4.25,0.0
4671,3,583,2.58199999999996,0.05660377358490566,1098.1,4.25,0.0
4672,3,579,2.5779999999999603,0.055267702936096716,1098.5,4.25,0.0
4673,3,590,2.588999999999959,0.05593220338983051,1098.8,4.25,0.0
4674,6,979,5.978000000000075,0.05515832482124617,1099.3,4.25,0.0
4675,2,446,1.444999999999975,0.05605381165919283,1099.5,4.25,0.0
4676,1,313,0.3119999999999896,0.054313099041533544,1099.7,4.25,0.0
4677,0,179,-0.8219999999999998,0.055865921787709494,1099.8,4.25,0.0
4678,0,179,-0.8219999999999998,0.055865921787709494,1099.9,4.25,0.0
4679,0,179,-0.8219999999999998,0.061452513966480445,1100.0,4.25,0.0
4680,0,179,-0.8219999999999998,0.055865921787709494,1100.1,4.26,0.0
4681,3,579,2.5779999999999603,0.055267702936096716,1100.4,4.25,0.0
4682,0,179,-0.8219999999999998,0.055865921787709494,1100.5,4.26,0.0
4683,3,579,2.5779999999999603,0.055267702936096716,1100.8,4.26,0.0
4684,1,314,0.3129999999999895,0.05732484076433121,1101.0,4.26,0.0
4685,1,337,0.335999999999987,0.05637982195845697,1101.1,4.26,0.0
4686,4,713,3.711999999999988,0.056100981767180924,1101.5,4.26,0.0
4687,0,179,-0.8219999999999998,0.055865921787709494,1101.6,4.26,0.0
4688,0,179,-0.8219999999999998,0.055865921787709494,1101.7,4.26,0.0
4689,0,179,-0.8219999999999998,0.055865921787709494,1101.8,4.26,0.0
4690,5,854,4.853000000000034,0.05620608899297424,1102.3,4.26,0.0
4691,0,179,-0.8219999999999998,0.055865921787709494,1102.3,4.26,0.0
4692,1,313,0.3119999999999896,0.05750798722044728,1102.5,4.26,0.0
4693,1,313,0.3119999999999896,0.05750798722044728,1102.7,4.26,0.0
4694,1,317,0.3159999999999892,0.056782334384858045,1102.9,4.26,0.0
4695,0,179,-0.8219999999999998,0.055865921787709494,1103.0,4.26,0.0
4696,3,584,2.5829999999999598,0.05650684931506849,1103.3,4.26,0.0
4697,3,588,2.5869999999999593,0.05612244897959184,1103.6,4.26,0.0
4698,2,473,1.471999999999972,0.05708245243128964,1103.8,4.26,0.0
4699,5,846,4.845000000000032,0.05555555555555555,1104.3,4.26,0.0
4700,1,313,0.3119999999999896,0.05750798722044728,1104.4,4.26,0.0
4701,0,179,-0.8219999999999998,0.055865921787709494,1104.5,4.26,0.0
4702,0,179,-0.8219999999999998,0.055865921787709494,1104.6,4.26,0.0
4703,2,446,1.444999999999975,0.05605381165919283,1104.9,4.26,0.0
4704,2,354,1.352999999999985,0.05649717514124294,1105.0,4.26,0.0
4705,0,179,-0.8219999999999998,0.055865921787709494,1105.1,4.26,0.0
4706,2,461,1.4599999999999733,0.05639913232104121,1105.4,4.26,0.0
4707,0,179,-0.8219999999999998,0.055865921787709494,1105.5,4.26,0.0
4708,2,446,1.444999999999975,0.05605381165919283,1105.7,4.26,0.0
4709,0,191,-0.8099999999999998,0.05759162303664921,1105.8,4.26,0.0
4710,4,735,3.7339999999999955,0.055782312925170066,1106.2,4.26,0.0
4711,0,179,-0.8219999999999998,0.055865921787709494,1106.3,4.26,0.0
4712,1,313,0.3119999999999896,0.054313099041533544,1106.4,4.26,0.0
4713,0,184,-0.8169999999999998,0.059782608695652176,1106.5,4.26,0.0
4714,0,179,-0.8219999999999998,0.05027932960893855,1106.6,4.26,0.0
4715,5,846,4.845000000000032,0.05555555555555555,1107.1,4.26,0.0
4716,5,857,4.856000000000035,0.056009334889148193,1107.5,4.26,0.0
4717,1,313,0.3119999999999896,0.054313099041533544,1107.7,4.26,0.0
4718,2,446,1.444999999999975,0.05605381165919283,1107.9,4.26,0.0
4719,4,713,3.711999999999988,0.056100981767180924,1108.3,4.26,0.0
4720,0,179,-0.8219999999999998,0.055865921787709494,1108.4,4.26,0.0
4721,2,446,1.444999999999975,0.05605381165919283,1108.7,4.26,0.0
4722,3,579,2.5779999999999603,0.055267702936096716,1109.0,4.26,0.0
4723,3,579,2.5779999999999603,0.055267702936096716,1109.3,4.26,0.0
4724,1,340,0.33899999999998665,0.05588235294117647,1109.5,4.26,0.0
4725,6,979,5.978000000000075,0.056179775280898875,1110.0,4.26,0.0
4726,1,313,0.3119999999999896,0.054313099041533544,1110.2,4.26,0.0
4727,1,317,0.3159999999999892,0.056782334384858045,1110.3,4.26,0.0
4728,2,446,1.444999999999975,0.053811659192825115,1110.6,4.26,0.0
4729,3,581,2.57999999999996,0.05679862306368331,1110.9,4.26,0.0
4730,1,313,0.3119999999999896,0.054313099041533544,1111.0,4.26,0.0
4731,9,1380,9.378999999999888,0.05579710144927536,1111.8,4.26,0.0
4732,3,609,2.607999999999957,0.05582922824302135,1112.1,4.26,0.0
4733,2,453,1.4519999999999742,0.05739514348785872,1112.3,4.26,0.0
4734,3,593,2.591999999999959,0.05564924114671164,1112.7,4.26,0.0
4735,2,447,1.4459999999999749,0.05592841163310962,1112.9,4.26,0.0
4736,2,464,1.462999999999973,0.05603448275862069,1113.1,4.26,0.0
4737,1,313,0.3119999999999896,0.05750798722044728,1113.3,4.26,0.0
4738,1,313,0.3119999999999896,0.054313099041533544,1113.5,4.26,0.0
4739,1,339,0.33799999999998676,0.05604719764011799,1113.7,4.26,0.0
4740,4,713,3.711999999999988,0.056100981767180924,1114.0,4.26,0.0
4741,6,979,5.978000000000075,0.05515832482124617,1114.5,4.25,0.0
4742,7,1113,7.112000000000036,0.055705300988319856,1115.1,4.25,0.0
4743,0,187,-0.8139999999999998,0.058823529411764705,1115.2,4.25,0.0
4744,8,1246,8.244999999999962,0.05537720706260032,1115.9,4.25,0.0
4745,2,455,1.453999999999974,0.05714285714285714,1116.1,4.25,0.0
4746,3,579,2.5779999999999603,0.055267702936096716,1116.4,4.25,0.0
4747,2,446,1.444999999999975,0.05605381165919283,1116.6,4.25,0.0
4748,4,748,3.747,0.05614973262032086,1117.0,4.25,0.0
4749,1,313,0.3119999999999896,0.054313099041533544,1117.2,4.25,0.0
4750,0,179,-0.8219999999999998,0.05027932960893855,1117.3,4.25,0.0
4751,5,861,4.860000000000037,0.05574912891986063,1117.7,4.25,0.0
4752,0,179,-0.8219999999999998,0.055865921787709494,1117.8,4.25,0.0
4753,3,591,2.589999999999959,0.05583756345177665,1118.1,4.25,0.0
4754,0,179,-0.8219999999999998,0.055865921787709494,1118.2,4.25,0.0
4755,0,179,-0.8219999999999998,0.055865921787709494,1118.3,4.25,0.0
4756,0,179,-0.8219999999999998,0.055865921787709494,1118.4,4.25,0.0
4757,2,446,1.444999999999975,0.05605381165919283,1118.7,4.25,0.0
4758,2,457,1.4559999999999738,0.05689277899343545,1118.9,4.25,0.0
4759,3,579,2.5779999999999603,0.055267702936096716,1119.2,4.25,0.0
4760,1,331,0.32999999999998764,0.05740181268882175,1119.4,4.25,0.0
4761,6,979,5.978000000000075,0.056179775280898875,1119.9,4.25,0.0
4762,2,446,1.444999999999975,0.053811659192825115,1120.1,4.25,0.0
4763,3,583,2.58199999999996,0.05660377358490566,1120.5,4.25,0.0
4764,5,846,4.845000000000032,0.05555555555555555,1120.9,4.25,0.0
4765,9,1400,9.398999999999877,0.055714285714285716,1121.7,4.25,0.0
4766,1,318,0.31699999999998907,0.05660377358490566,1121.9,4.25,0.0
4767,1,313,0.3119999999999896,0.054313099041533544,1122.1,4.25,0.0
4768,1,313,0.3119999999999896,0.054313099041533544,1122.3,4.25,0.0
4769,4,748,3.747,0.05614973262032086,1122.7,4.25,0.0
4770,2,462,1.4609999999999732,0.05627705627705628,1122.9,4.25,0.0
4771,0,179,-0.8219999999999998,0.055865921787709494,1123.0,4.25,0.0
4772,2,446,1.444999999999975,0.05605381165919283,1123.2,4.25,0.0
4773,0,179,-0.8219999999999998,0.055865921787709494,1123.4,4.25,0.0
4774,0,179,-0.8219999999999998,0.055865921787709494,1123.4,4.25,0.0
4775,0,179,-0.8219999999999998,0.055865921787709494,1123.5,4.25,0.0
4776,1,313,0.3119999999999896,0.054313099041533544,1123.7,4.25,0.0
4777,0,192,-0.8089999999999998,0.057291666666666664,1123.8,4.25,0.0
4778,2,446,1.444999999999975,0.05605381165919283,1124.0,4.25,0.0
4779,2,446,1.444999999999975,0.05605381165919283,1124.3,4.25,0.0
4780,1,335,0.3339999999999872,0.056716417910447764,1124.5,4.25,0.0
4781,5,846,4.845000000000032,0.05673758865248227,1124.9,4.25,0.0
4782,1,313,0.3119999999999896,0.05750798722044728,1125.1,4.25,0.0
4783,0,179,-0.8219999999999998,0.05027932960893855,1125.2,4.25,0.0
4784,1,337,0.335999999999987,0.05637982195845697,1125.4,4.25,0.0
4785,0,179,-0.8219999999999998,0.05027932960893855,1125.5,4.25,0.0
4786,0,179,-0.8219999999999998,0.055865921787709494,1125.6,4.25,0.0
4787,2,461,1.4599999999999733,0.05639913232104121,1125.9,4.25,0.0
4788,0,191,-0.8099999999999998,0.05759162303664921,1126.0,4.25,0.0
4789,1,338,0.33699999999998687,0.05621301775147929,1126.1,4.25,0.0
4790,0,188,-0.8129999999999998,0.05851063829787234,1126.2,4.25,0.0
4791,2,463,1.461999999999973,0.056155507559395246,1126.5,4.25,0.0
4792,2,478,1.4769999999999714,0.056485355648535567,1126.7,4.25,0.0
4793,0,179,-0.8219999999999998,0.055865921787709494,1126.8,4.25,0.0
4794,9,1393,9.39199999999988,0.05599425699928212,1127.5,4.25,0.0
4795,0,179,-0.8219999999999998,0.055865921787709494,1127.6,4.25,0.0
4796,2,447,1.4459999999999749,0.05592841163310962,1127.9,4.25,0.0
4797,0,179,-0.8219999999999998,0.055865921787709494,1128.0,4.25,0.0
4798,1,313,0.3119999999999896,0.054313099041533544,1128.1,4.25,0.0
4799,2,446,1.444999999999975,0.05605381165919283,1128.4,4.25,0.0
4800,0,193,-0.8079999999999998,0.05699481865284974,1128.5,4.25,0.0
4801,0,186,-0.8149999999999998,0.05913978494623656,1128.6,4.26,0.0
4802,2,454,1.452999999999974,0.05726872246696035,1128.8,4.25,0.0
4803,0,179,-0.8219999999999998,0.055865921787709494,1128.9,4.26,0.0
4804,7,1124,7.1230000000000295,0.05604982206405694,1129.5,4.25,0.0
4805,4,713,3.711999999999988,0.0546984572230014,1129.9,4.25,0.0
4806,5,846,4.845000000000032,0.05555555555555555,1130.3,4.25,0.0
4807,1,313,0.3119999999999896,0.05750798722044728,1130.5,4.25,0.0
4808,3,579,2.5779999999999603,0.055267702936096716,1130.8,4.25,0.0
4809,0,179,-0.8219999999999998,0.055865921787709494,1130.9,4.25,0.0
4810,1,313,0.3119999999999896,0.054313099041533544,1131.1,4.25,0.0
4811,0,179,-0.8219999999999998,0.055865921787709494,1131.2,4.25,0.0
4812,1,313,0.3119999999999896,0.05750798722044728,1131.3,4.25,0.0
4813,0,182,-0.8189999999999998,0.06043956043956044,1131.4,4.25,0.0
4814,1,313,0.3119999999999896,0.05750798722044728,1131.6,4.26,0.0
4815,3,609,2.607999999999957,0.05582922824302135,1131.9,4.25,0.0
4816,2,446,1.444999999999975,0.05605381165919283,1132.1,4.25,0.0
4817,0,179,-0.8219999999999998,0.055865921787709494,1132.3,4.26,0.0
4818,1,340,0.33899999999998665,0.05588235294117647,1132.4,4.26,0.0
4819,0,188,-0.8129999999999998,0.05851063829787234,1132.5,4.26,0.0
4820,1,313,0.3119999999999896,0.054313099041533544,1132.7,4.26,0.0
4821,4,713,3.711999999999988,0.056100981767180924,1133.1,4.26,0.0
4822,0,179,-0.8219999999999998,0.05027932960893855,1133.2,4.26,0.0
4823,0,187,-0.8139999999999998,0.058823529411764705,1133.3,4.26,0.0
4824,1,313,0.3119999999999896,0.054313099041533544,1133.4,4.26,0.0
4825,0,213,-0.7879999999999998,0.056338028169014086,1133.6,4.26,0.0
4826,5,858,4.857000000000036,0.055944055944055944,1134.0,4.26,0.0
4827,1,335,0.3339999999999872,0.056716417910447764,1134.2,4.26,0.0
4828,2,446,1.444999999999975,0.05605381165919283,1134.5,4.26,0.0
4829,0,179,-0.8219999999999998,0.055865921787709494,1134.5,4.26,0.0
4830,2,446,1.444999999999975,0.05605381165919283,1134.8,4.26,0.0
4831,1,313,0.3119999999999896,0.05750798722044728,1135.0,4.26,0.0
4832,1,336,0.3349999999999871,0.05654761904761905,1135.1,4.26,0.0
4833,3,610,2.608999999999957,0.05573770491803279,1135.5,4.26,0.0
4834,2,446,1.444999999999975,0.05605381165919283,1135.7,4.26,0.0
4835,2,458,1.4569999999999736,0.056768558951965066,1136.0,4.26,0.0
4836,0,189,-0.8119999999999998,0.0582010582010582,1136.1,4.26,0.0
4837,1,313,0.3119999999999896,0.054313099041533544,1136.3,4.26,0.0
4838,0,179,-0.8219999999999998,0.055865921787709494,1136.4,4.26,0.0
4839,2,446,1.444999999999975,0.05605381165919283,1136.6,4.26,0.0
4840,4,713,3.711999999999988,0.056100981767180924,1137.0,4.26,0.0
4841,0,179,-0.8219999999999998,0.055865921787709494,1137.1,4.26,0.0
4842,3,589,2.587999999999959,0.05602716468590832,1137.4,4.26,0.0
4843,0,179,-0.8219999999999998,0.055865921787709494,1137.5,4.26,0.0
4844,0,190,-0.8109999999999998,0.05789473684210526,1137.6,4.26,0.0
4845,2,446,1.444999999999975,0.053811659192825115,1137.9,4.26,0.0
4846,10,1513,10.511999999999814,0.05551883674818242,1138.7,4.26,0.0
4847,3,579,2.5779999999999603,0.05699481865284974,1139.0,4.26,0.0
4848,1,314,0.3129999999999895,0.05732484076433121,1139.2,4.26,0.0
4849,1,313,0.3119999999999896,0.05750798722044728,1139.4,4.26,0.0
4850,0,186,-0.8149999999999998,0.05913978494623656,1139.5,4.26,0.0
4851,3,588,2.5869999999999593,0.05612244897959184,1139.8,4.26,0.0
4852,2,446,1.444999999999975,0.05605381165919283,1140.0,4.26,0.0
4853,1,313,0.3119999999999896,0.05750798722044728,1140.2,4.26,0.0
4854,4,713,3.711999999999988,0.0546984572230014,1140.6,4.26,0.0
4855,0,190,-0.8109999999999998,0.05789473684210526,1140.7,4.26,0.0
4856,3,579,2.5779999999999603,0.055267702936096716,1141.0,4.26,0.0
4857,4,713,3.711999999999988,0.056100981767180924,1141.4,4.26,0.0
4858,4,713,3.711999999999988,0.056100981767180924,1141.7,4.26,0.0
4859,5,846,4.845000000000032,0.05555555555555555,1142.2,4.26,0.0
4860,4,713,3.711999999999988,0.056100981767180924,1142.6,4.25,0.0
4861,0,189,-0.8119999999999998,0.0582010582010582,1142.7,4.26,0.0
4862,0,179,-0.8219999999999998,0.055865921787709494,1142.7,4.26,0.0
4863,2,446,1.444999999999975,0.05605381165919283,1143.0,4.26,0.0
4864,1,313,0.3119999999999896,0.05750798722044728,1143.2,4.26,0.0
4865,2,446,1.444999999999975,0.053811659192825115,1143.4,4.26,0.0
4866,0,179,-0.8219999999999998,0.055865921787709494,1143.5,4.26,0.0
4867,1,313,0.3119999999999896,0.054313099041533544,1143.6,4.26,0.0
4868,0,179,-0.8219999999999998,0.055865921787709494,1143.7,4.26,0.0
4869,0,179,-0.8219999999999998,0.055865921787709494,1143.8,4.26,0.0
4870,5,846,4.845000000000032,0.05555555555555555,1144.3,4.26,0.0
4871,1,313,0.3119999999999896,0.05750798722044728,1144.5,4.26,0.0
4872,2,462,1.4609999999999732,0.05627705627705628,1144.7,4.26,0.0
4873,0,179,-0.8219999999999998,0.055865921787709494,1144.8,4.26,0.0
4874,1,313,0.3119999999999896,0.05750798722044728,1145.0,4.26,0.0
4875,3,579,2.5779999999999603,0.055267702936096716,1145.3,4.26,0.0
4876,0,184,-0.8169999999999998,0.059782608695652176,1145.4,4.26,0.0
4877,5,846,4.845000000000032,0.05555555555555555,1145.8,4.26,0.0
4878,2,446,1.444999999999975,0.053811659192825115,1146.0,4.26,0.0
4879,3,579,2.5779999999999603,0.055267702936096716,1146.4,4.26,0.0
4880,1,321,0.31999999999998874,0.056074766355140186,1146.6,4.26,0.0
4881,6,979,5.978000000000075,0.05515832482124617,1147.1,4.26,0.0
4882,1,313,0.3119999999999896,0.05750798722044728,1147.2,4.26,0.0
4883,9,1379,9.377999999999888,0.05511240029006526,1147.9,4.25,0.0
4884,1,313,0.3119999999999896,0.054313099041533544,1148.1,4.25,0.0
4885,5,846,4.845000000000032,0.05555555555555555,1148.6,4.25,0.0
4886,3,579,2.5779999999999603,0.055267702936096716,1148.9,4.25,0.0
4887,3,590,2.588999999999959,0.05593220338983051,1149.2,4.25,0.0
4888,0,179,-0.8219999999999998,0.055865921787709494,1149.3,4.25,0.0
4889,2,461,1.4599999999999733,0.05639913232104121,1149.5,4.25,0.0
4890,3,579,2.5779999999999603,0.055267702936096716,1149.8,4.25,0.0
4891,1,340,0.33899999999998665,0.05588235294117647,1150.0,4.25,0.0
4892,0,179,-0.8219999999999998,0.055865921787709494,1150.1,4.25,0.0
4893,4,729,3.7279999999999935,0.056241426611796985,1150.5,4.25,0.0
4894,3,609,2.607999999999957,0.05582922824302135,1150.8,4.25,0.0
4895,2,446,1.444999999999975,0.05605381165919283,1151.1,4.25,0.0
4896,7,1113,7.112000000000036,0.055705300988319856,1151.7,4.25,0.0
4897,6,979,5.978000000000075,0.05515832482124617,1152.2,4.25,0.0
4898,5,852,4.851000000000034,0.056338028169014086,1152.7,4.25,0.0
4899,0,195,-0.8059999999999998,0.05641025641025641,1152.8,4.25,0.0
4900,4,724,3.722999999999992,0.05662983425414365,1153.2,4.25,0.0
4901,4,713,3.711999999999988,0.056100981767180924,1153.5,4.25,0.0
4902,2,455,1.453999999999974,0.05714285714285714,1153.8,4.25,0.0
4903,4,713,3.711999999999988,0.056100981767180924,1154.2,4.25,0.0
4904,0,179,-0.8219999999999998,0.055865921787709494,1154.2,4.25,0.0
4905,4,735,3.7339999999999955,0.055782312925170066,1154.7,4.25,0.0
4906,2,446,1.444999999999975,0.053811659192825115,1154.9,4.25,0.0
4907,1,313,0.3119999999999896,0.054313099041533544,1155.1,4.25,0.0
4908,1,313,0.3119999999999896,0.054313099041533544,1155.3,4.25,0.0
4909,0,189,-0.8119999999999998,0.0582010582010582,1155.4,4.25,0.0
4910,3,587,2.5859999999999594,0.056218057921635436,1155.7,4.25,0.0
4911,2,446,1.444999999999975,0.05605381165919283,1155.9,4.25,0.0
4912,1,313,0.3119999999999896,0.05750798722044728,1156.1,4.25,0.0
4913,0,185,-0.8159999999999998,0.05945945945945946,1156.2,4.25,0.0
4914,8,1254,8.252999999999957,0.05582137161084529,1156.8,4.25,0.0
4915,1,336,0.3349999999999871,0.05654761904761905,1157.0,4.25,0.0
4916,0,183,-0.8179999999999998,0.060109289617486336,1157.1,4.25,0.0
4917,7,1113,7.112000000000036,0.055705300988319856,1157.7,4.25,0.0
4918,0,189,-0.8119999999999998,0.0582010582010582,1157.8,4.25,0.0
4919,6,979,5.978000000000075,0.05515832482124617,1158.3,4.25,0.0
4920,0,179,-0.8219999999999998,0.055865921787709494,1158.4,4.25,0.0
4921,3,592,2.590999999999959,0.05574324324324324,1158.7,4.25,0.0
4922,3,589,2.587999999999959,0.05602716468590832,1159.0,4.25,0.0
4923,1,313,0.3119999999999896,0.054313099041533544,1159.2,4.25,0.0
4924,2,467,1.4659999999999727,0.055674518201284794,1159.5,4.25,0.0
4925,1,313,0.3119999999999896,0.05750798722044728,1159.7,4.25,0.0
4926,3,590,2.588999999999959,0.05593220338983051,1160.0,4.25,0.0
4927,1,313,0.3119999999999896,0.05750798722044728,1160.1,4.25,0.0
4928,1,313,0.3119999999999896,0.054313099041533544,1160.3,4.25,0.0
4929,1,313,0.3119999999999896,0.054313099041533544,1160.5,4.25,0.0
4930,1,313,0.3119999999999896,0.054313099041533544,1160.6,4.25,0.0
4931,1,315,0.3139999999999894,0.05714285714285714,1160.8,4.25,0.0
4932,8,1246,8.244999999999962,0.05537720706260032,1161.5,4.25,0.0
4933,7,1113,7.112000000000036,0.055705300988319856,1162.1,4.25,0.0
4934,0,179,-0.8219999999999998,0.055865921787709494,1162.1,4.25,0.0
4935,3,579,2.5779999999999603,0.055267702936096716,1162.5,4.25,0.0
4936,0,179,-0.8219999999999998,0.055865921787709494,1162.6,4.25,0.0
4937,1,313,0.3119999999999896,0.054313099041533544,1162.7,4.25,0.0
4938,5,851,4.850000000000033,0.0564042303172738,1163.2,4.25,0.0
4939,0,179,-0.8219999999999998,0.055865921787709494,1163.3,4.25,0.0
4940,4,713,3.711999999999988,0.056100981767180924,1163.7,4.25,0.0
4941,3,580,2.57899999999996,0.056896551724137934,1164.0,4.25,0.0
4942,1,315,0.3139999999999894,0.05714285714285714,1164.1,4.25,0.0
4943,0,179,-0.8219999999999998,0.05027932960893855,1164.2,4.25,0.0
4944,1,336,0.3349999999999871,0.05654761904761905,1164.4,4.25,0.0
4945,2,446,1.444999999999975,0.05605381165919283,1164.6,4.25,0.0
4946,0,179,-0.8219999999999998,0.055865921787709494,1164.8,4.25,0.0
4947,1,313,0.3119999999999896,0.054313099041533544,1164.9,4.25,0.0
4948,4,713,3.711999999999988,0.0546984572230014,1165.3,4.25,0.0
4949,4,737,3.735999999999996,0.05563093622795115,1165.7,4.25,0.0
4950,3,579,2.5779999999999603,0.055267702936096716,1166.0,4.25,0.0
4951,2,446,1.444999999999975,0.05605381165919283,1166.2,4.25,0.0
4952,2,477,1.4759999999999716,0.05660377358490566,1166.5,4.25,0.0
4953,1,319,0.31799999999998896,0.05642633228840126,1166.6,4.25,0.0
4954,0,179,-0.8219999999999998,0.055865921787709494,1166.7,4.25,0.0
4955,0,185,-0.8159999999999998,0.05945945945945946,1166.8,4.25,0.0
4956,1,313,0.3119999999999896,0.05750798722044728,1167.0,4.25,0.0
4957,4,730,3.728999999999994,0.056164383561643834,1167.4,4.25,0.0
4958,4,736,3.734999999999996,0.05570652173913043,1167.8,4.25,0.0
4959,0,183,-0.8179999999999998,0.060109289617486336,1167.9,4.25,0.0
4960,1,313,0.3119999999999896,0.054313099041533544,1168.1,4.25,0.0
4961,1,316,0.3149999999999893,0.056962025316455694,1168.2,4.25,0.0
4962,2,457,1.4559999999999738,0.05689277899343545,1168.5,4.25,0.0
4963,2,483,2.481999999999971,0.055900621118012424,1168.7,4.25,0.0
4964,3,586,2.5849999999999596,0.05631399317406143,1169.0,4.25,0.0
4965,1,313,0.3119999999999896,0.05750798722044728,1169.2,4.25,0.0
4966,2,454,1.452999999999974,0.05726872246696035,1169.5,4.25,0.0
4967,0,179,-0.8219999999999998,0.05027932960893855,1169.6,4.25,0.0
4968,0,179,-0.8219999999999998,0.055865921787709494,1169.6,4.25,0.0
4969,4,732,3.7309999999999945,0.056010928961748634,1170.0,4.25,0.0
4970,1,338,0.33699999999998687,0.05621301775147929,1170.2,4.25,0.0
4971,5,846,4.845000000000032,0.05555555555555555,1170.7,4.25,0.0
4972,2,448,1.4469999999999748,0.05580357142857143,1170.9,4.25,0.0
4973,2,463,1.461999999999973,0.056155507559395246,1171.1,4.25,0.0
4974,1,313,0.3119999999999896,0.054313099041533544,1171.3,4.25,0.0
4975,4,735,3.7339999999999955,0.055782312925170066,1171.7,4.25,0.0
4976,1,339,0.33799999999998676,0.05604719764011799,1171.8,4.25,0.0
4977,2,446,1.444999999999975,0.05605381165919283,1172.1,4.25,0.0
4978,4,713,3.711999999999988,0.056100981767180924,1172.5,4.25,0.0
4979,0,189,-0.8119999999999998,0.0582010582010582,1172.6,4.25,0.0
4980,1,313,0.3119999999999896,0.054313099041533544,1172.7,4.25,0.0
4981,3,579,2.5779999999999603,0.055267702936096716,1173.0,4.25,0.0
4982,1,317,0.3159999999999892,0.056782334384858045,1173.2,4.25,0.0
4983,2,467,1.4659999999999727,0.055674518201284794,1173.5,4.25,0.0
4984,1,313,0.3119999999999896,0.05750798722044728,1173.6,4.25,0.0
4985,2,454,1.452999999999974,0.05726872246696035,1173.8,4.25,0.0
4986,2,446,1.444999999999975,0.05605381165919283,1174.1,4.25,0.0
4987,1,316,0.3149999999999893,0.056962025316455694,1174.2,4.25,0.0
4988,4,713,3.711999999999988,0.056100981767180924,1174.6,4.25,0.0
4989,2,449,1.4479999999999746,0.0556792873051225,1174.9,4.25,0.0
4990,0,179,-0.8219999999999998,0.055865921787709494,1175.0,4.25,0.0
4991,0,179,-0.8219999999999998,0.055865921787709494,1175.1,4.25,0.0
4992,0,183,-0.8179999999999998,0.060109289617486336,1175.2,4.25,0.0
4993,0,179,-0.8219999999999998,0.055865921787709494,1175.3,4.25,0.0
4994,0,191,-0.8099999999999998,0.05759162303664921,1175.4,4.25,0.0
4995,1,317,0.3159999999999892,0.056782334384858045,1175.5,4.25,0.0
4996,5,846,4.845000000000032,0.05555555555555555,1176.0,4.25,0.0
4997,0,179,-0.8219999999999998,0.055865921787709494,1176.1,4.25,0.0
4998,0,183,-0.8179999999999998,0.060109289617486336,1176.2,4.25,0.0
4999,0,179,-0.8219999999999998,0.055865921787709494,1176.3,4.25,0.0
5000,4,730,3.728999999999994,0.056164383561643834,1176.7,4.25,0.0
5001,2,464,1.462999999999973,0.05603448275862069,1179.8,4.24,0.0
5002,1,339,0.33799999999998676,0.05604719764011799,1179.9,4.24,0.0
5003,1,313,0.3119999999999896,0.05750798722044728,1180.1,4.24,0.0
5004,1,313,0.3119999999999896,0.054313099041533544,1180.3,4.24,0.0
5005,0,185,-0.8159999999999998,0.05945945945945946,1180.4,4.24,0.0
5006,3,579,2.5779999999999603,0.055267702936096716,1180.7,4.24,0.0
5007,1,340,0.33899999999998665,0.05588235294117647,1180.8,4.24,0.0
5008,3,592,2.590999999999959,0.05574324324324324,1181.2,4.24,0.0
5009,1,313,0.3119999999999896,0.05750798722044728,1181.3,4.24,0.0
5010,6,979,5.978000000000075,0.05515832482124617,1181.9,4.24,0.0
5011,0,179,-0.8219999999999998,0.055865921787709494,1182.0,4.24,0.0
5012,4,718,3.71699999999999,0.055710306406685235,1182.4,4.24,0.0
5013,1,313,0.3119999999999896,0.054313099041533544,1182.5,4.24,0.0
5014,2,446,1.444999999999975,0.053811659192825115,1182.8,4.24,0.0
5015,6,979,5.978000000000075,0.05515832482124617,1183.3,4.24,0.0
5016,3,579,2.5779999999999603,0.055267702936096716,1183.6,4.24,0.0
5017,2,446,1.444999999999975,0.05605381165919283,1183.8,4.24,0.0
5018,4,735,3.7339999999999955,0.055782312925170066,1184.2,4.24,0.0
5019,1,313,0.3119999999999896,0.05750798722044728,1184.4,4.24,0.0
5020,0,179,-0.8219999999999998,0.055865921787709494,1184.5,4.24,0.0
5021,1,318,0.31699999999998907,0.05660377358490566,1184.7,4.24,0.0
5022,5,853,4.852000000000034,0.05627198124267292,1185.1,4.24,0.0
5023,1,316,0.3149999999999893,0.056962025316455694,1185.3,4.24,0.0
5024,3,579,2.5779999999999603,0.055267702936096716,1185.6,4.24,0.0
5025,2,446,1.444999999999975,0.05605381165919283,1185.9,4.24,0.0
5026,4,727,3.725999999999993,0.05639614855570839,1186.2,4.24,0.0
5027,2,446,1.444999999999975,0.05605381165919283,1186.5,4.24,0.0
5028,0,179,-0.8219999999999998,0.055865921787709494,1186.6,4.24,0.0
5029,3,579,2.5779999999999603,0.055267702936096716,1186.9,4.24,0.0
5030,4,713,3.711999999999988,0.0546984572230014,1187.3,4.24,0.0
5031,1,314,0.3129999999999895,0.05732484076433121,1187.4,4.24,0.0
5032,1,313,0.3119999999999896,0.054313099041533544,1187.6,4.24,0.0
5033,4,729,3.7279999999999935,0.056241426611796985,1188.0,4.24,0.0
5034,0,179,-0.8219999999999998,0.055865921787709494,1188.1,4.24,0.0
5035,1,314,0.3129999999999895,0.05732484076433121,1188.2,4.24,0.0
5036,1,322,0.32099999999998863,0.055900621118012424,1188.4,4.24,0.0
5037,1,313,0.3119999999999896,0.05750798722044728,1188.6,4.24,0.0
5038,0,179,-0.8219999999999998,0.055865921787709494,1188.6,4.24,0.0
5039,0,185,-0.8159999999999998,0.05945945945945946,1188.8,4.24,0.0
5040,0,179,-0.8219999999999998,0.055865921787709494,1188.8,4.24,0.0
5041,0,179,-0.8219999999999998,0.055865921787709494,1188.9,4.24,0.0
5042,0,179,-0.8219999999999998,0.055865921787709494,1189.0,4.24,0.0
5043,1,313,0.3119999999999896,0.054313099041533544,1189.2,4.24,0.0
5044,1,335,0.3339999999999872,0.056716417910447764,1189.4,4.24,0.0
5045,1,315,0.3139999999999894,0.05714285714285714,1189.5,4.24,0.0
5046,3,611,2.609999999999957,0.05564648117839607,1189.9,4.24,0.0
5047,3,591,2.589999999999959,0.05583756345177665,1190.2,4.24,0.0
5048,10,1526,10.524999999999807,0.055701179554390565,1191.0,4.24,0.0
5049,4,713,3.711999999999988,0.056100981767180924,1191.3,4.24,0.0
5050,0,194,-0.8069999999999998,0.05670103092783505,1191.4,4.24,0.0
5051,0,179,-0.8219999999999998,0.055865921787709494,1191.5,4.24,0.0
5052,1,336,0.3349999999999871,0.05654761904761905,1191.7,4.24,0.0
5053,3,579,2.5779999999999603,0.055267702936096716,1192.0,4.24,0.0
5054,0,179,-0.8219999999999998,0.055865921787709494,1192.1,4.24,0.0
5055,1,318,0.31699999999998907,0.05660377358490566,1192.3,4.24,0.0
5056,2,446,1.444999999999975,0.05605381165919283,1192.5,4.24,0.0
5057,2,446,1.444999999999975,0.05605381165919283,1192.8,4.24,0.0
5058,0,187,-0.8139999999999998,0.058823529411764705,1192.9,4.24,0.0
5059,0,183,-0.8179999999999998,0.060109289617486336,1193.0,4.24,0.0
5060,6,980,5.979000000000076,0.05612244897959184,1193.5,4.24,0.0
5061,0,192,-0.8089999999999998,0.057291666666666664,1193.6,4.24,0.0
5062,0,186,-0.8149999999999998,0.05913978494623656,1193.7,4.24,0.0
5063,0,179,-0.8219999999999998,0.055865921787709494,1193.8,4.24,0.0
5064,0,179,-0.8219999999999998,0.055865921787709494,1193.9,4.24,0.0
5065,2,446,1.444999999999975,0.05605381165919283,1194.1,4.24,0.0
5066,3,579,2.5779999999999603,0.055267702936096716,1194.4,4.24,0.0
5067,2,451,1.4499999999999744,0.057649667405764965,1194.7,4.24,0.0
5068,5,846,4.845000000000032,0.05555555555555555,1195.1,4.24,0.0
5069,1,313,0.3119999999999896,0.05750798722044728,1195.3,4.24,0.0
5070,3,579,2.5779999999999603,0.055267702936096716,1195.6,4.24,0.0
5071,0,179,-0.8219999999999998,0.055865921787709494,1195.7,4.24,0.0
5072,0,195,-0.8059999999999998,0.05641025641025641,1195.8,4.24,0.0
5073,6,979,5.978000000000075,0.05515832482124617,1196.3,4.24,0.0
5074,3,579,2.5779999999999603,0.055267702936096716,1196.6,4.24,0.0
5075,2,466,1.4649999999999728,0.055793991416309016,1196.8,4.24,0.0
5076,0,179,-0.8219999999999998,0.055865921787709494,1196.9,4.24,0.0
5077,3,579,2.5779999999999603,0.055267702936096716,1197.3,4.24,0.0
5078,11,1646,11.64499999999974,0.05589307411907655,1198.1,4.24,0.0
5079,4,729,3.7279999999999935,0.056241426611796985,1198.5,4.24,0.0
5080,0,179,-0.8219999999999998,0.055865921787709494,1198.6,4.24,0.0
5081,5,846,4.845000000000032,0.05555555555555555,1199.1,4.24,0.0
5082,0,179,-0.8219999999999998,0.055865921787709494,1199.2,4.24,0.0
5083,2,446,1.444999999999975,0.05605381165919283,1199.4,4.24,0.0
5084,2,456,1.4549999999999739,0.05701754385964912,1199.6,4.24,0.0
5085,2,446,1.444999999999975,0.05605381165919283,1199.9,4.24,0.0
5086,2,454,1.452999999999974,0.05726872246696035,1200.1,4.24,0.0
5087,3,579,2.5779999999999603,0.055267702936096716,1200.4,4.24,0.0
5088,0,179,-0.8219999999999998,0.055865921787709494,1200.5,4.24,0.0
5089,1,313,0.3119999999999896,0.054313099041533544,1200.7,4.24,0.0
5090,4,713,3.711999999999988,0.0546984572230014,1201.0,4.24,0.0
5091,0,179,-0.8219999999999998,0.055865921787709494,1201.1,4.24,0.0
5092,3,579,2.5779999999999603,0.055267702936096716,1201.4,4.24,0.0
5093,2,461,1.4599999999999733,0.05639913232104121,1201.7,4.24,0.0
5094,0,185,-0.8159999999999998,0.05945945945945946,1201.8,4.24,0.0
5095,5,852,4.851000000000034,0.056338028169014086,1202.2,4.24,0.0
5096,5,851,4.850000000000033,0.0564042303172738,1202.7,4.24,0.0
5097,4,713,3.711999999999988,0.0546984572230014,1203.1,4.24,0.0
5098,4,713,3.711999999999988,0.056100981767180924,1203.4,4.24,0.0
5099,0,179,-0.8219999999999998,0.055865921787709494,1203.5,4.24,0.0
5100,4,713,3.711999999999988,0.056100981767180924,1203.9,4.24,0.0
5101,0,179,-0.8219999999999998,0.055865921787709494,1204.0,4.24,0.0
5102,0,179,-0.8219999999999998,0.055865921787709494,1204.1,4.24,0.0
5103,1,313,0.3119999999999896,0.054313099041533544,1204.3,4.24,0.0
5104,1,313,0.3119999999999896,0.054313099041533544,1204.4,4.24,0.0
5105,2,454,1.452999999999974,0.05726872246696035,1204.7,4.24,0.0
5106,1,313,0.3119999999999896,0.054313099041533544,1204.9,4.24,0.0
5107,1,313,0.3119999999999896,0.05750798722044728,1205.0,4.24,0.0
5108,7,1150,8.149000000000015,0.05565217391304348,1205.6,4.24,0.0
5109,2,465,1.4639999999999729,0.05591397849462366,1205.9,4.24,0.0
5110,6,979,5.978000000000075,0.056179775280898875,1206.4,4.24,0.0
5111,0,191,-0.8099999999999998,0.05759162303664921,1206.5,4.24,0.0
5112,0,179,-0.8219999999999998,0.055865921787709494,1206.6,4.24,0.0
5113,0,190,-0.8109999999999998,0.05789473684210526,1206.7,4.24,0.0
5114,4,713,3.711999999999988,0.0546984572230014,1207.1,4.24,0.0
5115,1,313,0.3119999999999896,0.054313099041533544,1207.2,4.24,0.0
5116,4,713,3.711999999999988,0.056100981767180924,1207.6,4.24,0.0
5117,1,313,0.3119999999999896,0.054313099041533544,1207.8,4.24,0.0
5118,2,446,1.444999999999975,0.05605381165919283,1208.0,4.24,0.0
5119,0,183,-0.8179999999999998,0.060109289617486336,1208.1,4.24,0.0
5120,1,313,0.3119999999999896,0.054313099041533544,1208.3,4.24,0.0
5121,0,179,-0.8219999999999998,0.055865921787709494,1208.4,4.24,0.0
5122,0,179,-0.8219999999999998,0.055865921787709494,1208.5,4.24,0.0
5123,1,315,0.3139999999999894,0.05714285714285714,1208.6,4.24,0.0
5124,1,320,0.31899999999998885,0.05625,1208.8,4.24,0.0
5125,0,186,-0.8149999999999998,0.05913978494623656,1208.9,4.24,0.0
5126,2,446,1.444999999999975,0.05605381165919283,1209.1,4.24,0.0
5127,1,313,0.3119999999999896,0.05750798722044728,1209.3,4.24,0.0
5128,5,860,4.859000000000036,0.05581395348837209,1209.7,4.24,0.0
5129,0,183,-0.8179999999999998,0.060109289617486336,1209.8,4.24,0.0
5130,0,179,-0.8219999999999998,0.055865921787709494,1209.9,4.24,0.0
5131,0,192,-0.8089999999999998,0.057291666666666664,1210.0,4.24,0.0
5132,1,313,0.3119999999999896,0.05750798722044728,1210.2,4.24,0.0
5133,0,179,-0.8219999999999998,0.055865921787709494,1210.3,4.24,0.0
5134,2,446,1.444999999999975,0.053811659192825115,1210.5,4.24,0.0
5135,5,846,4.845000000000032,0.05555555555555555,1211.0,4.24,0.0
5136,0,179,-0.8219999999999998,0.055865921787709494,1211.1,4.24,0.0
5137,5,852,4.851000000000034,0.056338028169014086,1211.5,4.24,0.0
5138,2,446,1.444999999999975,0.05605381165919283,1211.8,4.24,0.0
5139,0,187,-0.8139999999999998,0.058823529411764705,1211.9,4.24,0.0
5140,1,313,0.3119999999999896,0.05750798722044728,1212.0,4.24,0.0
5141,5,846,4.845000000000032,0.05555555555555555,1212.5,4.24,0.0
5142,0,179,-0.8219999999999998,0.055865921787709494,1212.6,4.24,0.0
5143,0,179,-0.8219999999999998,0.055865921787709494,1212.7,4.24,0.0
5144,0,179,-0.8219999999999998,0.055865921787709494,1212.8,4.24,0.0
5145,9,1396,9.394999999999879,0.055873925501432664,1213.5,4.24,0.0
5146,3,579,2.5779999999999603,0.055267702936096716,1213.8,4.24,0.0
5147,2,462,1.4609999999999732,0.05627705627705628,1214.1,4.24,0.0
5148,0,179,-0.8219999999999998,0.055865921787709494,1214.2,4.24,0.0
5149,2,452,1.4509999999999743,0.05752212389380531,1214.4,4.24,0.0
5150,0,195,-0.8059999999999998,0.05641025641025641,1214.5,4.24,0.0
5151,2,446,1.444999999999975,0.05605381165919283,1214.7,4.24,0.0
5152,4,713,3.711999999999988,0.0546984572230014,1215.1,4.24,0.0
5153,3,579,2.5779999999999603,0.055267702936096716,1215.4,4.24,0.0
5154,3,579,2.5779999999999603,0.05699481865284974,1215.7,4.24,0.0
5155,1,313,0.3119999999999896,0.054313099041533544,1215.9,4.24,0.0
5156,1,341,0.33999999999998654,0.05571847507331378,1216.1,4.24,0.0
5157,0,179,-0.8219999999999998,0.055865921787709494,1216.2,4.24,0.0
5158,4,713,3.711999999999988,0.0546984572230014,1216.6,4.24,0.0
5159,1,322,0.32099999999998863,0.055900621118012424,1216.7,4.24,0.0
5160,0,179,-0.8219999999999998,0.055865921787709494,1216.8,4.24,0.0
5161,0,179,-0.8219999999999998,0.055865921787709494,1216.9,4.24,0.0
5162,3,579,2.5779999999999603,0.055267702936096716,1217.2,4.24,0.0
5163,3,589,2.587999999999959,0.05602716468590832,1217.5,4.24,0.0
5164,0,183,-0.8179999999999998,0.060109289617486336,1217.6,4.24,0.0
5165,5,850,4.849000000000033,0.05647058823529412,1218.1,4.24,0.0
5166,0,179,-0.8219999999999998,0.055865921787709494,1218.2,4.24,0.0
5167,5,846,4.845000000000032,0.05555555555555555,1218.6,4.24,0.0
5168,1,319,0.31799999999998896,0.05642633228840126,1218.8,4.24,0.0
5169,2,446,1.444999999999975,0.05605381165919283,1219.0,4.24,0.0
5170,3,579,2.5779999999999603,0.055267702936096716,1219.4,4.24,0.0
5171,0,179,-0.8219999999999998,0.055865921787709494,1219.4,4.24,0.0
5172,0,179,-0.8219999999999998,0.055865921787709494,1219.5,4.24,0.0
5173,1,321,0.31999999999998874,0.056074766355140186,1219.7,4.24,0.0
5174,3,583,2.58199999999996,0.05660377358490566,1220.0,4.24,0.0
5175,4,713,3.711999999999988,0.056100981767180924,1220.4,4.24,0.0
5176,0,189,-0.8119999999999998,0.0582010582010582,1220.5,4.24,0.0
5177,0,192,-0.8089999999999998,0.057291666666666664,1220.6,4.24,0.0
5178,1,335,0.3339999999999872,0.056716417910447764,1220.8,4.24,0.0
5179,2,446,1.444999999999975,0.05605381165919283,1221.0,4.24,0.0
5180,2,446,1.444999999999975,0.05605381165919283,1221.3,4.24,0.0
5181,2,446,1.444999999999975,0.05605381165919283,1221.5,4.24,0.0
5182,0,179,-0.8219999999999998,0.055865921787709494,1221.6,4.24,0.0
5183,6,979,5.978000000000075,0.056179775280898875,1222.1,4.24,0.0
5184,0,189,-0.8119999999999998,0.0582010582010582,1222.2,4.24,0.0
5185,2,454,1.452999999999974,0.05726872246696035,1222.4,4.24,0.0
5186,0,179,-0.8219999999999998,0.055865921787709494,1222.5,4.24,0.0
5187,1,313,0.3119999999999896,0.054313099041533544,1222.7,4.24,0.0
5188,0,181,-0.8199999999999998,0.06077348066298342,1222.8,4.24,0.0
5189,0,183,-0.8179999999999998,0.060109289617486336,1222.9,4.24,0.0
5190,1,340,0.33899999999998665,0.05588235294117647,1223.1,4.24,0.0
5191,3,579,2.5779999999999603,0.055267702936096716,1223.4,4.24,0.0
5192,0,185,-0.8159999999999998,0.05945945945945946,1223.5,4.24,0.0
5193,2,446,1.444999999999975,0.05605381165919283,1223.7,4.24,0.0
5194,2,446,1.444999999999975,0.05605381165919283,1224.0,4.24,0.0
5195,2,446,1.444999999999975,0.053811659192825115,1224.2,4.24,0.0
5196,5,846,4.845000000000032,0.05555555555555555,1224.6,4.24,0.0
5197,0,179,-0.8219999999999998,0.055865921787709494,1224.7,4.24,0.0
5198,0,179,-0.8219999999999998,0.055865921787709494,1224.8,4.24,0.0
5199,1,313,0.3119999999999896,0.054313099041533544,1225.0,4.24,0.0
5200,2,455,1.453999999999974,0.05714285714285714,1225.2,4.24,0.0
5201,2,446,1.444999999999975,0.05605381165919283,1225.5,4.24,0.0
5202,0,179,-0.8219999999999998,0.055865921787709494,1225.6,4.25,0.0
5203,0,208,-0.7929999999999998,0.057692307692307696,1225.7,4.25,0.0
5204,0,188,-0.8129999999999998,0.05851063829787234,1225.8,4.25,0.0
5205,0,179,-0.8219999999999998,0.055865921787709494,1225.9,4.25,0.0
5206,3,579,2.5779999999999603,0.055267702936096716,1226.2,4.25,0.0
5207,2,446,1.444999999999975,0.053811659192825115,1226.4,4.25,0.0
5208,2,446,1.444999999999975,0.05605381165919283,1226.6,4.25,0.0
5209,4,713,3.711999999999988,0.056100981767180924,1227.0,4.25,0.0
5210,4,730,3.728999999999994,0.056164383561643834,1227.4,4.25,0.0
5211,4,713,3.711999999999988,0.056100981767180924,1227.8,4.25,0.0
5212,2,457,1.4559999999999738,0.05689277899343545,1228.0,4.25,0.0
5213,0,179,-0.8219999999999998,0.055865921787709494,1228.1,4.25,0.0
5214,0,191,-0.8099999999999998,0.05759162303664921,1228.2,4.25,0.0
5215,0,190,-0.8109999999999998,0.05789473684210526,1228.3,4.25,0.0
5216,0,184,-0.8169999999999998,0.059782608695652176,1228.4,4.25,0.0
5217,1,321,0.31999999999998874,0.056074766355140186,1228.6,4.25,0.0
5218,4,713,3.711999999999988,0.0546984572230014,1228.9,4.25,0.0
5219,0,187,-0.8139999999999998,0.058823529411764705,1229.0,4.25,0.0
5220,4,713,3.711999999999988,0.056100981767180924,1229.4,4.25,0.0
5221,3,579,2.5779999999999603,0.055267702936096716,1229.7,4.25,0.0
5222,2,446,1.444999999999975,0.05605381165919283,1230.0,4.25,0.0
5223,0,179,-0.8219999999999998,0.061452513966480445,1230.1,4.25,0.0
5224,2,446,1.444999999999975,0.05605381165919283,1230.3,4.25,0.0
5225,3,579,2.5779999999999603,0.055267702936096716,1230.6,4.25,0.0
5226,1,315,0.3139999999999894,0.05714285714285714,1230.8,4.25,0.0
5227,5,846,4.845000000000032,0.05555555555555555,1231.2,4.25,0.0
5228,2,460,1.4589999999999734,0.05652173913043478,1231.5,4.25,0.0
5229,3,579,2.5779999999999603,0.055267702936096716,1231.8,4.25,0.0
5230,2,446,1.444999999999975,0.05605381165919283,1232.0,4.25,0.0
5231,2,446,1.444999999999975,0.05605381165919283,1232.2,4.25,0.0
5232,1,314,0.3129999999999895,0.05732484076433121,1232.4,4.25,0.0
5233,1,313,0.3119999999999896,0.054313099041533544,1232.6,4.25,0.0
5234,1,313,0.3119999999999896,0.054313099041533544,1232.8,4.25,0.0
5235,3,579,2.5779999999999603,0.055267702936096716,1233.0,4.25,0.0
5236,2,446,1.444999999999975,0.05605381165919283,1233.3,4.25,0.0
5237,7,1113,7.112000000000036,0.055705300988319856,1233.9,4.25,0.0
5238,0,179,-0.8219999999999998,0.05027932960893855,1234.0,4.25,0.0
5239,1,314,0.3129999999999895,0.05732484076433121,1234.1,4.25,0.0
5240,4,718,3.71699999999999,0.055710306406685235,1234.5,4.25,0.0
5241,1,315,0.3139999999999894,0.05714285714285714,1234.7,4.25,0.0
5242,4,713,3.711999999999988,0.056100981767180924,1235.0,4.25,0.0
5243,0,179,-0.8219999999999998,0.055865921787709494,1235.2,4.25,0.0
5244,0,179,-0.8219999999999998,0.055865921787709494,1235.2,4.25,0.0
5245,0,185,-0.8159999999999998,0.05945945945945946,1235.3,4.25,0.0
5246,0,185,-0.8159999999999998,0.05945945945945946,1235.4,4.25,0.0
5247,2,446,1.444999999999975,0.05605381165919283,1235.7,4.25,0.0
5248,6,1001,6.000000000000083,0.055944055944055944,1236.2,4.25,0.0
5249,2,446,1.444999999999975,0.05605381165919283,1236.4,4.25,0.0
5250,1,335,0.3339999999999872,0.056716417910447764,1236.6,4.25,0.0
5251,1,313,0.3119999999999896,0.054313099041533544,1236.8,4.25,0.0
5252,0,179,-0.8219999999999998,0.055865921787709494,1236.9,4.25,0.0
5253,2,446,1.444999999999975,0.05605381165919283,1237.1,4.25,0.0
5254,0,189,-0.8119999999999998,0.0582010582010582,1237.2,4.25,0.0
5255,0,179,-0.8219999999999998,0.055865921787709494,1237.3,4.25,0.0
5256,2,446,1.444999999999975,0.05605381165919283,1237.5,4.25,0.0
5257,4,731,3.729999999999994,0.0560875512995896,1237.9,4.25,0.0
5258,1,317,0.3159999999999892,0.056782334384858045,1238.1,4.25,0.0
5259,2,446,1.444999999999975,0.053811659192825115,1238.3,4.25,0.0
5260,0,179,-0.8219999999999998,0.055865921787709494,1238.4,4.25,0.0
5261,3,579,2.5779999999999603,0.055267702936096716,1238.7,4.25,0.0
5262,6,979,5.978000000000075,0.05515832482124617,1239.2,4.25,0.0
5263,3,579,2.5779999999999603,0.055267702936096716,1239.5,4.25,0.0
5264,2,446,1.444999999999975,0.05605381165919283,1239.8,4.25,0.0
5265,0,179,-0.8219999999999998,0.055865921787709494,1239.9,4.25,0.0
5266,2,446,1.444999999999975,0.05605381165919283,1240.1,4.25,0.0
5267,7,1144,7.1430000000000184,0.055944055944055944,1240.7,4.25,0.0
5268,0,187,-0.8139999999999998,0.058823529411764705,1240.8,4.25,0.0
5269,3,579,2.5779999999999603,0.055267702936096716,1241.1,4.25,0.0
5270,1,313,0.3119999999999896,0.054313099041533544,1241.3,4.25,0.0
5271,0,179,-0.8219999999999998,0.055865921787709494,1241.4,4.25,0.0
5272,0,179,-0.8219999999999998,0.055865921787709494,1241.5,4.25,0.0
5273,1,313,0.3119999999999896,0.054313099041533544,1241.7,4.25,0.0
5274,2,446,1.444999999999975,0.053811659192825115,1241.9,4.25,0.0
5275,0,179,-0.8219999999999998,0.055865921787709494,1242.0,4.25,0.0
5276,0,179,-0.8219999999999998,0.055865921787709494,1242.1,4.25,0.0
5277,2,446,1.444999999999975,0.05605381165919283,1242.3,4.25,0.0
5278,2,446,1.444999999999975,0.05605381165919283,1242.6,4.25,0.0
5279,1,313,0.3119999999999896,0.054313099041533544,1242.7,4.25,0.0
5280,0,179,-0.8219999999999998,0.055865921787709494,1242.8,4.25,0.0
5281,1,313,0.3119999999999896,0.054313099041533544,1243.0,4.25,0.0
5282,3,604,2.6029999999999576,0.056291390728476824,1243.3,4.25,0.0
5283,3,587,2.5859999999999594,0.056218057921635436,1243.6,4.25,0.0
5284,4,713,3.711999999999988,0.056100981767180924,1244.0,4.25,0.0
5285,2,446,1.444999999999975,0.05605381165919283,1244.2,4.25,0.0
5286,3,579,2.5779999999999603,0.055267702936096716,1244.5,4.25,0.0
5287,4,730,3.728999999999994,0.056164383561643834,1244.9,4.25,0.0
5288,2,461,1.4599999999999733,0.05639913232104121,1245.2,4.25,0.0
5289,0,179,-0.8219999999999998,0.05027932960893855,1245.3,4.25,0.0
5290,2,446,1.444999999999975,0.05605381165919283,1245.5,4.25,0.0
5291,2,464,1.462999999999973,0.05603448275862069,1245.8,4.25,0.0
5292,0,179,-0.8219999999999998,0.055865921787709494,1245.9,4.25,0.0
5293,2,446,1.444999999999975,0.05605381165919283,1246.1,4.25,0.0
5294,0,186,-0.8149999999999998,0.05913978494623656,1246.2,4.25,0.0
5295,1,313,0.3119999999999896,0.054313099041533544,1246.3,4.25,0.0
5296,0,185,-0.8159999999999998,0.05945945945945946,1246.4,4.25,0.0
5297,0,179,-0.8219999999999998,0.055865921787709494,1246.5,4.25,0.0
5298,0,183,-0.8179999999999998,0.060109289617486336,1246.6,4.25,0.0
5299,1,313,0.3119999999999896,0.054313099041533544,1246.8,4.25,0.0
5300,1,313,0.3119999999999896,0.054313099041533544,1247.0,4.25,0.0
5301,1,313,0.3119999999999896,0.054313099041533544,1247.1,4.25,0.0
5302,4,713,3.711999999999988,0.056100981767180924,1247.5,4.25,0.0
5303,0,179,-0.8219999999999998,0.055865921787709494,1247.6,4.25,0.0
5304,0,179,-0.8219999999999998,0.055865921787709494,1247.7,4.25,0.0
5305,0,179,-0.8219999999999998,0.055865921787709494,1247.8,4.25,0.0
5306,0,189,-0.8119999999999998,0.0582010582010582,1247.9,4.25,0.0
5307,0,179,-0.8219999999999998,0.05027932960893855,1248.0,4.25,0.0
5308,0,179,-0.8219999999999998,0.055865921787709494,1248.1,4.25,0.0
5309,0,191,-0.8099999999999998,0.05759162303664921,1248.2,4.25,0.0
5310,4,713,3.711999999999988,0.056100981767180924,1248.5,4.25,0.0
5311,0,179,-0.8219999999999998,0.055865921787709494,1248.6,4.25,0.0
5312,5,846,4.845000000000032,0.05555555555555555,1249.1,4.25,0.0
5313,0,179,-0.8219999999999998,0.055865921787709494,1249.2,4.25,0.0
5314,1,313,0.3119999999999896,0.054313099041533544,1249.3,4.25,0.0
5315,1,313,0.3119999999999896,0.05750798722044728,1249.5,4.25,0.0
5316,1,313,0.3119999999999896,0.054313099041533544,1249.7,4.25,0.0
5317,3,590,2.588999999999959,0.05593220338983051,1250.0,4.25,0.0
5318,2,446,1.444999999999975,0.05605381165919283,1250.2,4.25,0.0
5319,0,179,-0.8219999999999998,0.055865921787709494,1250.3,4.25,0.0
5320,1,313,0.3119999999999896,0.054313099041533544,1250.5,4.26,0.0
5321,2,446,1.444999999999975,0.05605381165919283,1250.7,4.26,0.0
5322,0,179,-0.8219999999999998,0.055865921787709494,1250.8,4.26,0.0
5323,0,195,-0.8059999999999998,0.05641025641025641,1250.9,4.26,0.0
5324,2,446,1.444999999999975,0.05605381165919283,1251.2,4.26,0.0
5325,1,319,0.31799999999998896,0.05642633228840126,1251.3,4.26,0.0
5326,5,857,4.856000000000035,0.056009334889148193,1251.8,4.26,0.0
5327,2,446,1.444999999999975,0.053811659192825115,1252.0,4.26,0.0
5328,0,186,-0.8149999999999998,0.05913978494623656,1252.1,4.26,0.0
5329,1,313,0.3119999999999896,0.054313099041533544,1252.3,4.26,0.0
5330,3,579,2.5779999999999603,0.055267702936096716,1252.6,4.26,0.0
5331,1,337,0.335999999999987,0.05637982195845697,1252.8,4.26,0.0
5332,0,191,-0.8099999999999998,0.05759162303664921,1252.9,4.26,0.0
5333,0,187,-0.8139999999999998,0.058823529411764705,1253.0,4.26,0.0
5334,3,609,2.607999999999957,0.05582922824302135,1253.3,4.26,0.0
5335,3,587,2.5859999999999594,0.056218057921635436,1253.6,4.26,0.0
5336,2,446,1.444999999999975,0.053811659192825115,1253.9,4.26,0.0
5337,1,335,0.3339999999999872,0.056716417910447764,1254.0,4.26,0.0
5338,3,579,2.5779999999999603,0.055267702936096716,1254.4,4.26,0.0
5339,0,179,-0.8219999999999998,0.055865921787709494,1254.5,4.26,0.0
5340,0,179,-0.8219999999999998,0.055865921787709494,1254.6,4.26,0.0
5341,4,713,3.711999999999988,0.0546984572230014,1254.9,4.26,0.0
5342,5,853,4.852000000000034,0.05627198124267292,1255.4,4.26,0.0
5343,5,854,4.853000000000034,0.05620608899297424,1255.8,4.26,0.0
5344,2,446,1.444999999999975,0.05605381165919283,1256.1,4.26,0.0
5345,0,184,-0.8169999999999998,0.059782608695652176,1256.2,4.26,0.0
5346,0,179,-0.8219999999999998,0.055865921787709494,1256.3,4.26,0.0
5347,1,313,0.3119999999999896,0.05750798722044728,1256.4,4.26,0.0
5348,3,579,2.5779999999999603,0.055267702936096716,1256.8,4.26,0.0
5349,4,713,3.711999999999988,0.0546984572230014,1257.1,4.26,0.0
5350,3,579,2.5779999999999603,0.055267702936096716,1257.4,4.26,0.0
5351,1,317,0.3159999999999892,0.056782334384858045,1257.6,4.26,0.0
5352,1,313,0.3119999999999896,0.05750798722044728,1257.8,4.26,0.0
5353,2,455,1.453999999999974,0.05714285714285714,1258.0,4.26,0.0
5354,0,179,-0.8219999999999998,0.055865921787709494,1258.1,4.26,0.0
5355,3,579,2.5779999999999603,0.055267702936096716,1258.4,4.26,0.0
5356,4,717,3.7159999999999895,0.05578800557880056,1258.8,4.26,0.0
5357,2,446,1.444999999999975,0.05605381165919283,1259.0,4.26,0.0
5358,2,446,1.444999999999975,0.05605381165919283,1259.3,4.26,0.0
5359,0,179,-0.8219999999999998,0.055865921787709494,1259.3,4.26,0.0
5360,1,313,0.3119999999999896,0.054313099041533544,1259.5,4.26,0.0
5361,0,179,-0.8219999999999998,0.055865921787709494,1259.6,4.26,0.0
5362,0,188,-0.8129999999999998,0.05851063829787234,1259.7,4.26,0.0
5363,4,715,3.713999999999989,0.055944055944055944,1260.1,4.26,0.0
5364,4,713,3.711999999999988,0.0546984572230014,1260.5,4.26,0.0
5365,0,182,-0.8189999999999998,0.06043956043956044,1260.6,4.26,0.0
5366,1,313,0.3119999999999896,0.054313099041533544,1260.7,4.26,0.0
5367,0,179,-0.8219999999999998,0.055865921787709494,1260.8,4.26,0.0
5368,0,189,-0.8119999999999998,0.0582010582010582,1260.9,4.26,0.0
5369,0,184,-0.8169999999999998,0.059782608695652176,1261.0,4.26,0.0
5370,0,189,-0.8119999999999998,0.0582010582010582,1261.1,4.26,0.0
5371,5,846,4.845000000000032,0.05555555555555555,1261.6,4.26,0.0
5372,4,715,3.713999999999989,0.055944055944055944,1261.9,4.26,0.0
5373,3,579,2.5779999999999603,0.055267702936096716,1262.3,4.26,0.0
5374,0,189,-0.8119999999999998,0.0582010582010582,1262.4,4.26,0.0
5375,0,179,-0.8219999999999998,0.05027932960893855,1262.5,4.26,0.0
5376,0,197,-0.8039999999999998,0.05583756345177665,1262.6,4.26,0.0
5377,0,179,-0.8219999999999998,0.055865921787709494,1262.7,4.26,0.0
5378,1,313,0.3119999999999896,0.05750798722044728,1262.8,4.26,0.0
5379,2,446,1.444999999999975,0.053811659192825115,1263.0,4.26,0.0
5380,4,713,3.711999999999988,0.056100981767180924,1263.4,4.26,0.0
5381,6,979,5.978000000000075,0.056179775280898875,1264.0,4.26,0.0
5382,6,979,5.978000000000075,0.05515832482124617,1264.5,4.26,0.0
5383,0,191,-0.8099999999999998,0.05759162303664921,1264.6,4.26,0.0
5384,1,313,0.3119999999999896,0.054313099041533544,1264.8,4.26,0.0
5385,3,579,2.5779999999999603,0.055267702936096716,1265.1,4.26,0.0
5386,2,446,1.444999999999975,0.05605381165919283,1265.3,4.26,0.0
5387,0,182,-0.8189999999999998,0.06043956043956044,1265.4,4.26,0.0
5388,0,196,-0.8049999999999998,0.05612244897959184,1265.5,4.26,0.0
5389,2,446,1.444999999999975,0.05605381165919283,1265.8,4.26,0.0
5390,0,179,-0.8219999999999998,0.055865921787709494,1265.9,4.26,0.0
5391,1,313,0.3119999999999896,0.05750798722044728,1266.0,4.26,0.0
5392,0,179,-0.8219999999999998,0.055865921787709494,1266.1,4.26,0.0
5393,3,589,2.587999999999959,0.05602716468590832,1266.5,4.26,0.0
5394,4,713,3.711999999999988,0.056100981767180924,1266.8,4.26,0.0
5395,4,713,3.711999999999988,0.056100981767180924,1267.2,4.26,0.0
5396,5,846,4.845000000000032,0.05555555555555555,1267.7,4.26,0.0
5397,0,187,-0.8139999999999998,0.058823529411764705,1267.8,4.26,0.0
5398,2,446,1.444999999999975,0.05605381165919283,1268.0,4.26,0.0
5399,5,846,4.845000000000032,0.05555555555555555,1268.4,4.26,0.0
5400,6,979,5.978000000000075,0.05515832482124617,1269.0,4.26,0.0
5401,0,195,-0.8059999999999998,0.05641025641025641,1269.1,4.26,0.0
5402,0,179,-0.8219999999999998,0.05027932960893855,1269.2,4.26,0.0
5403,1,313,0.3119999999999896,0.054313099041533544,1269.3,4.26,0.0
5404,0,179,-0.8219999999999998,0.055865921787709494,1269.4,4.26,0.0
5405,0,196,-0.8049999999999998,0.05612244897959184,1269.5,4.26,0.0
5406,2,446,1.444999999999975,0.05605381165919283,1269.8,4.26,0.0
5407,2,446,1.444999999999975,0.05605381165919283,1270.0,4.26,0.0
5408,2,464,1.462999999999973,0.05603448275862069,1270.2,4.26,0.0
5409,3,579,2.5779999999999603,0.055267702936096716,1270.5,4.26,0.0
5410,0,179,-0.8219999999999998,0.055865921787709494,1270.6,4.26,0.0
5411,2,446,1.444999999999975,0.05605381165919283,1270.9,4.26,0.0
5412,7,1113,7.112000000000036,0.055705300988319856,1271.5,4.26,0.0
5413,2,459,1.4579999999999735,0.05664488017429194,1271.7,4.26,0.0
5414,0,179,-0.8219999999999998,0.055865921787709494,1271.8,4.26,0.0
5415,5,846,4.845000000000032,0.05555555555555555,1272.3,4.26,0.0
5416,0,187,-0.8139999999999998,0.058823529411764705,1272.4,4.26,0.0
5417,0,179,-0.8219999999999998,0.055865921787709494,1272.4,4.26,0.0
5418,1,313,0.3119999999999896,0.05750798722044728,1272.6,4.26,0.0
5419,3,579,2.5779999999999603,0.05699481865284974,1272.9,4.26,0.0
5420,4,713,3.711999999999988,0.056100981767180924,1273.3,4.26,0.0
5421,0,183,-0.8179999999999998,0.060109289617486336,1273.4,4.26,0.0
5422,1,313,0.3119999999999896,0.054313099041533544,1273.6,4.26,0.0
5423,1,313,0.3119999999999896,0.05750798722044728,1273.7,4.26,0.0
5424,1,339,0.33799999999998676,0.05604719764011799,1273.9,4.26,0.0
5425,2,459,1.4579999999999735,0.05664488017429194,1274.2,4.26,0.0
5426,5,859,4.858000000000036,0.05587892898719441,1274.6,4.26,0.0
5427,5,855,4.854000000000035,0.056140350877192984,1275.1,4.26,0.0
5428,1,337,0.335999999999987,0.05637982195845697,1275.3,4.26,0.0
5429,1,318,0.31699999999998907,0.05660377358490566,1275.5,4.26,0.0
5430,1,330,0.32899999999998775,0.05757575757575758,1275.7,4.26,0.0
5431,3,579,2.5779999999999603,0.055267702936096716,1275.9,4.26,0.0
5432,4,713,3.711999999999988,0.056100981767180924,1276.4,4.26,0.0
5433,3,579,2.5779999999999603,0.055267702936096716,1276.7,4.26,0.0
5434,3,579,2.5779999999999603,0.055267702936096716,1277.0,4.26,0.0
5435,3,610,2.608999999999957,0.05573770491803279,1277.3,4.26,0.0
5436,3,593,2.591999999999959,0.05564924114671164,1277.6,4.26,0.0
5437,0,192,-0.8089999999999998,0.057291666666666664,1277.7,4.26,0.0
5438,3,583,2.58199999999996,0.05660377358490566,1278.0,4.26,0.0
5439,1,313,0.3119999999999896,0.05750798722044728,1278.2,4.26,0.0
5440,3,588,2.5869999999999593,0.05612244897959184,1278.5,4.26,0.0
5441,3,579,2.5779999999999603,0.055267702936096716,1278.8,4.26,0.0
5442,1,313,0.3119999999999896,0.05750798722044728,1279.0,4.26,0.0
5443,1,321,0.31999999999998874,0.056074766355140186,1279.1,4.26,0.0
5444,1,333,0.3319999999999874,0.057057057057057055,1279.3,4.26,0.0
5445,1,313,0.3119999999999896,0.054313099041533544,1279.5,4.26,0.0
5446,0,179,-0.8219999999999998,0.055865921787709494,1279.6,4.26,0.0
5447,2,446,1.444999999999975,0.05605381165919283,1279.8,4.26,0.0
5448,0,179,-0.8219999999999998,0.055865921787709494,1279.9,4.26,0.0
5449,1,313,0.3119999999999896,0.05750798722044728,1280.0,4.26,0.0
5450,5,846,4.845000000000032,0.05555555555555555,1280.5,4.26,0.0
5451,2,446,1.444999999999975,0.05605381165919283,1280.7,4.26,0.0
5452,0,179,-0.8219999999999998,0.055865921787709494,1280.8,4.26,0.0
5453,0,179,-0.8219999999999998,0.055865921787709494,1280.9,4.26,0.0
5454,2,446,1.444999999999975,0.05605381165919283,1281.1,4.26,0.0
5455,0,179,-0.8219999999999998,0.055865921787709494,1281.2,4.26,0.0
5456,1,336,0.3349999999999871,0.05654761904761905,1281.4,4.26,0.0
5457,8,1246,8.244999999999962,0.056179775280898875,1282.1,4.26,0.0
5458,0,179,-0.8219999999999998,0.055865921787709494,1282.2,4.26,0.0
5459,2,446,1.444999999999975,0.053811659192825115,1282.4,4.26,0.0
5460,4,713,3.711999999999988,0.056100981767180924,1282.8,4.26,0.0
5461,4,731,3.729999999999994,0.0560875512995896,1283.2,4.26,0.0
5462,4,713,3.711999999999988,0.0546984572230014,1283.6,4.26,0.0
5463,0,179,-0.8219999999999998,0.055865921787709494,1283.7,4.26,0.0
5464,1,313,0.3119999999999896,0.054313099041533544,1283.8,4.26,0.0
5465,4,731,3.729999999999994,0.0560875512995896,1284.2,4.26,0.0
5466,0,179,-0.8219999999999998,0.055865921787709494,1284.3,4.26,0.0
5467,1,339,0.33799999999998676,0.05604719764011799,1284.5,4.26,0.0
5468,1,315,0.3139999999999894,0.05714285714285714,1284.6,4.26,0.0
5469,0,210,-0.7909999999999998,0.05714285714285714,1284.8,4.26,0.0
5470,1,313,0.3119999999999896,0.054313099041533544,1284.9,4.26,0.0
5471,2,446,1.444999999999975,0.05605381165919283,1285.2,4.26,0.0
5472,3,579,2.5779999999999603,0.055267702936096716,1285.5,4.26,0.0
5473,0,179,-0.8219999999999998,0.055865921787709494,1285.6,4.26,0.0
5474,1,319,0.31799999999998896,0.05642633228840126,1285.7,4.26,0.0
5475,1,313,0.3119999999999896,0.05750798722044728,1285.9,4.26,0.0
5476,3,610,2.608999999999957,0.05573770491803279,1286.2,4.26,0.0
5477,3,579,2.5779999999999603,0.05699481865284974,1286.6,4.26,0.0
5478,0,183,-0.8179999999999998,0.060109289617486336,1286.6,4.26,0.0
5479,4,713,3.711999999999988,0.0546984572230014,1287.0,4.26,0.0
5480,6,979,5.978000000000075,0.05515832482124617,1287.5,4.26,0.0
5481,4,713,3.711999999999988,0.056100981767180924,1287.9,4.26,0.0
5482,1,313,0.3119999999999896,0.054313099041533544,1288.1,4.26,0.0
5483,0,179,-0.8219999999999998,0.055865921787709494,1288.2,4.26,0.0
5484,3,583,2.58199999999996,0.05660377358490566,1288.5,4.26,0.0
5485,4,715,3.713999999999989,0.055944055944055944,1288.9,4.26,0.0
5486,3,591,2.589999999999959,0.05583756345177665,1289.2,4.26,0.0
5487,4,729,3.7279999999999935,0.056241426611796985,1289.6,4.26,0.0
5488,4,713,3.711999999999988,0.0546984572230014,1289.9,4.26,0.0
5489,0,179,-0.8219999999999998,0.055865921787709494,1290.0,4.26,0.0
5490,2,446,1.444999999999975,0.05605381165919283,1290.2,4.26,0.0
5491,3,582,2.58099999999996,0.05670103092783505,1290.6,4.26,0.0
5492,2,465,1.4639999999999729,0.05591397849462366,1290.8,4.26,0.0
5493,1,313,0.3119999999999896,0.054313099041533544,1291.0,4.26,0.0
5494,0,179,-0.8219999999999998,0.055865921787709494,1291.1,4.26,0.0
5495,1,336,0.3349999999999871,0.05654761904761905,1291.2,4.26,0.0
5496,0,179,-0.8219999999999998,0.055865921787709494,1291.3,4.26,0.0
5497,0,179,-0.8219999999999998,0.05027932960893855,1291.4,4.26,0.0
5498,3,579,2.5779999999999603,0.055267702936096716,1291.8,4.26,0.0
5499,0,187,-0.8139999999999998,0.058823529411764705,1291.9,4.26,0.0
5500,6,979,5.978000000000075,0.056179775280898875,1292.4,4.26,0.0
5501,0,179,-0.8219999999999998,0.055865921787709494,1295.2,4.25,0.0
5502,3,579,2.5779999999999603,0.055267702936096716,1295.5,4.25,0.0
5503,0,179,-0.8219999999999998,0.055865921787709494,1295.5,4.25,0.0
5504,0,179,-0.8219999999999998,0.055865921787709494,1295.6,4.25,0.0
5505,0,186,-0.8149999999999998,0.05913978494623656,1295.7,4.25,0.0
5506,2,446,1.444999999999975,0.05605381165919283,1296.0,4.25,0.0
5507,2,446,1.444999999999975,0.05605381165919283,1296.2,4.25,0.0
5508,3,579,2.5779999999999603,0.05699481865284974,1296.5,4.25,0.0
5509,2,463,1.461999999999973,0.056155507559395246,1296.8,4.25,0.0
5510,0,179,-0.8219999999999998,0.055865921787709494,1296.9,4.25,0.0
5511,0,179,-0.8219999999999998,0.055865921787709494,1297.0,4.25,0.0
5512,2,446,1.444999999999975,0.05605381165919283,1297.2,4.25,0.0
5513,0,185,-0.8159999999999998,0.05945945945945946,1297.3,4.25,0.0
5514,2,446,1.444999999999975,0.05605381165919283,1297.5,4.25,0.0
5515,0,179,-0.8219999999999998,0.055865921787709494,1297.6,4.25,0.0
5516,0,179,-0.8219999999999998,0.055865921787709494,1297.7,4.25,0.0
5517,4,731,3.729999999999994,0.0560875512995896,1298.1,4.25,0.0
5518,1,313,0.3119999999999896,0.054313099041533544,1298.3,4.25,0.0
5519,3,588,2.5869999999999593,0.05612244897959184,1298.6,4.25,0.0
5520,0,188,-0.8129999999999998,0.05851063829787234,1298.7,4.25,0.0
5521,6,979,5.978000000000075,0.05515832482124617,1299.2,4.25,0.0
5522,2,446,1.444999999999975,0.05605381165919283,1299.4,4.25,0.0
5523,0,179,-0.8219999999999998,0.055865921787709494,1299.5,4.25,0.0
5524,4,730,3.728999999999994,0.056164383561643834,1299.9,4.25,0.0
5525,0,179,-0.8219999999999998,0.055865921787709494,1300.0,4.25,0.0
5526,1,340,0.33899999999998665,0.05588235294117647,1300.2,4.25,0.0
5527,1,313,0.3119999999999896,0.054313099041533544,1300.4,4.25,0.0
5528,1,316,0.3149999999999893,0.056962025316455694,1300.5,4.25,0.0
5529,1,336,0.3349999999999871,0.05654761904761905,1300.7,4.25,0.0
5530,7,1113,7.112000000000036,0.055705300988319856,1301.3,4.25,0.0
5531,3,584,2.5829999999999598,0.05650684931506849,1301.6,4.25,0.0
5532,3,589,2.587999999999959,0.05602716468590832,1301.9,4.25,0.0
5533,0,179,-0.8219999999999998,0.055865921787709494,1302.0,4.25,0.0
5534,4,713,3.711999999999988,0.056100981767180924,1302.4,4.25,0.0
5535,1,337,0.335999999999987,0.05637982195845697,1302.6,4.25,0.0
5536,8,1246,8.244999999999962,0.056179775280898875,1303.2,4.25,0.0
5537,0,179,-0.8219999999999998,0.055865921787709494,1303.3,4.25,0.0
5538,6,984,5.983000000000077,0.05589430894308943,1303.8,4.25,0.0
5539,1,313,0.3119999999999896,0.054313099041533544,1304.0,4.25,0.0
5540,2,446,1.444999999999975,0.053811659192825115,1304.2,4.25,0.0
5541,0,186,-0.8149999999999998,0.05913978494623656,1304.3,4.25,0.0
5542,3,579,2.5779999999999603,0.055267702936096716,1304.6,4.25,0.0
5543,0,190,-0.8109999999999998,0.05789473684210526,1304.7,4.25,0.0
5544,1,313,0.3119999999999896,0.05750798722044728,1304.9,4.25,0.0
5545,2,446,1.444999999999975,0.05605381165919283,1305.1,4.25,0.0
5546,0,179,-0.8219999999999998,0.055865921787709494,1305.2,4.25,0.0
5547,0,189,-0.8119999999999998,0.0582010582010582,1305.3,4.25,0.0
5548,2,446,1.444999999999975,0.05605381165919283,1305.6,4.25,0.0
5549,6,981,5.980000000000076,0.05606523955147808,1306.1,4.25,0.0
5550,3,579,2.5779999999999603,0.055267702936096716,1306.4,4.25,0.0
5551,0,179,-0.8219999999999998,0.055865921787709494,1306.5,4.25,0.0
5552,3,579,2.5779999999999603,0.055267702936096716,1306.8,4.25,0.0
5553,3,579,2.5779999999999603,0.055267702936096716,1307.1,4.25,0.0
5554,8,1246,8.244999999999962,0.05537720706260032,1307.8,4.25,0.0
5555,2,446,1.444999999999975,0.053811659192825115,1308.0,4.25,0.0
5556,4,713,3.711999999999988,0.056100981767180924,1308.4,4.25,0.0
5557,2,456,1.4549999999999739,0.05701754385964912,1308.6,4.25,0.0
5558,0,179,-0.8219999999999998,0.055865921787709494,1308.7,4.25,0.0
5559,7,1113,7.112000000000036,0.055705300988319856,1309.3,4.25,0.0
5560,1,339,0.33799999999998676,0.05604719764011799,1309.5,4.25,0.0
5561,6,981,5.980000000000076,0.05606523955147808,1310.0,4.25,0.0
5562,1,319,0.31799999999998896,0.05642633228840126,1310.2,4.25,0.0
5563,2,449,1.4479999999999746,0.0556792873051225,1310.4,4.25,0.0
5564,4,713,3.711999999999988,0.0546984572230014,1310.8,4.25,0.0
5565,2,465,1.4639999999999729,0.05591397849462366,1311.0,4.25,0.0
5566,10,1513,10.511999999999814,0.05551883674818242,1311.8,4.24,0.0
5567,2,461,1.4599999999999733,0.05639913232104121,1312.1,4.24,0.0
5568,0,184,-0.8169999999999998,0.059782608695652176,1312.2,4.24,0.0
5569,3,579,2.5779999999999603,0.055267702936096716,1312.5,4.24,0.0
5570,0,187,-0.8139999999999998,0.058823529411764705,1312.6,4.24,0.0
5571,2,460,1.4589999999999734,0.05652173913043478,1312.8,4.24,0.0
5572,0,179,-0.8219999999999998,0.055865921787709494,1312.9,4.24,0.0
5573,0,179,-0.8219999999999998,0.055865921787709494,1313.0,4.25,0.0
5574,1,335,0.3339999999999872,0.056716417910447764,1313.2,4.25,0.0
5575,3,579,2.5779999999999603,0.05699481865284974,1313.5,4.25,0.0
5576,2,446,1.444999999999975,0.05605381165919283,1313.7,4.25,0.0
5577,2,453,1.4519999999999742,0.05739514348785872,1314.0,4.25,0.0
5578,0,179,-0.8219999999999998,0.055865921787709494,1314.1,4.25,0.0
5579,0,179,-0.8219999999999998,0.055865921787709494,1314.1,4.25,0.0
5580,3,609,2.607999999999957,0.05582922824302135,1314.5,4.25,0.0
5581,7,1113,7.112000000000036,0.055705300988319856,1315.1,4.24,0.0
5582,5,846,4.845000000000032,0.05555555555555555,1315.5,4.24,0.0
5583,3,579,2.5779999999999603,0.055267702936096716,1315.8,4.24,0.0
5584,2,461,1.4599999999999733,0.05639913232104121,1316.0,4.24,0.0
5585,1,313,0.3119999999999896,0.054313099041533544,1316.2,4.24,0.0
5586,0,185,-0.8159999999999998,0.05945945945945946,1316.3,4.24,0.0
5587,2,446,1.444999999999975,0.053811659192825115,1316.5,4.24,0.0
5588,0,189,-0.8119999999999998,0.0582010582010582,1316.6,4.24,0.0
5589,4,713,3.711999999999988,0.056100981767180924,1317.0,4.24,0.0
5590,1,318,0.31699999999998907,0.05660377358490566,1317.2,4.24,0.0
5591,2,353,1.3519999999999852,0.056657223796033995,1317.4,4.24,0.0
5592,0,179,-0.8219999999999998,0.055865921787709494,1317.5,4.25,0.0
5593,0,179,-0.8219999999999998,0.05027932960893855,1317.6,4.25,0.0
5594,2,446,1.444999999999975,0.05605381165919283,1317.8,4.25,0.0
5595,2,446,1.444999999999975,0.05605381165919283,1318.0,4.25,0.0
5596,1,350,1.3489999999999855,0.05714285714285714,1318.2,4.25,0.0
5597,2,446,1.444999999999975,0.05605381165919283,1318.4,4.25,0.0
5598,3,579,2.5779999999999603,0.055267702936096716,1318.7,4.25,0.0
5599,0,179,-0.8219999999999998,0.055865921787709494,1318.8,4.25,0.0
5600,0,179,-0.8219999999999998,0.055865921787709494,1319.0,4.25,0.0
5601,7,1127,7.126000000000028,0.055900621118012424,1319.5,4.25,0.0
5602,2,446,1.444999999999975,0.05605381165919283,1319.8,4.25,0.0
5603,0,179,-0.8219999999999998,0.055865921787709494,1319.9,4.25,0.0
5604,4,713,3.711999999999988,0.056100981767180924,1320.3,4.25,0.0
5605,4,733,3.731999999999995,0.05593451568894952,1320.6,4.24,0.0
5606,2,457,1.4559999999999738,0.05689277899343545,1320.9,4.24,0.0
5607,6,983,5.982000000000077,0.05595116988809766,1321.4,4.24,0.0
5608,3,579,2.5779999999999603,0.055267702936096716,1321.7,4.24,0.0
5609,2,446,1.444999999999975,0.05605381165919283,1321.9,4.24,0.0
5610,3,579,2.5779999999999603,0.055267702936096716,1322.3,4.24,0.0
5611,6,887,5.8860000000000445,0.05636978579481398,1322.7,4.24,0.0
5612,4,715,3.713999999999989,0.055944055944055944,1323.1,4.24,0.0
5613,0,179,-0.8219999999999998,0.055865921787709494,1323.2,4.24,0.0
5614,1,317,0.3159999999999892,0.056782334384858045,1323.4,4.24,0.0
5615,8,1246,8.244999999999962,0.05537720706260032,1324.0,4.24,0.0
5616,0,183,-0.8179999999999998,0.060109289617486336,1324.1,4.24,0.0
5617,2,461,1.4599999999999733,0.05639913232104121,1324.4,4.24,0.0
5618,0,179,-0.8219999999999998,0.055865921787709494,1324.5,4.24,0.0
5619,0,210,-0.7909999999999998,0.05714285714285714,1324.6,4.24,0.0
5620,2,446,1.444999999999975,0.05605381165919283,1324.8,4.24,0.0
5621,3,579,2.5779999999999603,0.055267702936096716,1325.1,4.24,0.0
5622,1,335,0.3339999999999872,0.056716417910447764,1325.3,4.24,0.0
5623,2,457,1.4559999999999738,0.05689277899343545,1325.5,4.24,0.0
5624,5,849,4.848000000000033,0.05653710247349823,1326.0,4.24,0.0
5625,3,586,2.5849999999999596,0.05631399317406143,1326.3,4.24,0.0
5626,3,579,2.5779999999999603,0.055267702936096716,1326.6,4.24,0.0
5627,0,179,-0.8219999999999998,0.055865921787709494,1326.7,4.24,0.0
5628,6,979,5.978000000000075,0.05515832482124617,1327.2,4.24,0.0
5629,0,179,-0.8219999999999998,0.055865921787709494,1327.3,4.24,0.0
5630,5,856,4.855000000000035,0.056074766355140186,1327.8,4.24,0.0
5631,0,179,-0.8219999999999998,0.055865921787709494,1327.9,4.24,0.0
5632,2,456,1.4549999999999739,0.05701754385964912,1328.1,4.24,0.0
5633,4,723,3.7219999999999915,0.056708160442600276,1328.5,4.24,0.0
5634,3,582,2.58099999999996,0.05670103092783505,1328.8,4.24,0.0
5635,1,313,0.3119999999999896,0.054313099041533544,1329.0,4.24,0.0
5636,8,1248,8.24699999999996,0.05608974358974359,1329.7,4.24,0.0
5637,5,851,4.850000000000033,0.0564042303172738,1330.1,4.24,0.0
5638,2,446,1.444999999999975,0.05605381165919283,1330.4,4.24,0.0
5639,0,179,-0.8219999999999998,0.055865921787709494,1330.4,4.24,0.0
5640,0,179,-0.8219999999999998,0.05027932960893855,1330.5,4.24,0.0
5641,2,466,1.4649999999999728,0.055793991416309016,1330.8,4.24,0.0
5642,0,184,-0.8169999999999998,0.059782608695652176,1330.9,4.24,0.0
5643,3,579,2.5779999999999603,0.055267702936096716,1331.2,4.24,0.0
5644,4,713,3.711999999999988,0.056100981767180924,1331.6,4.24,0.0
5645,1,313,0.3119999999999896,0.05750798722044728,1331.7,4.24,0.0
5646,4,713,3.711999999999988,0.056100981767180924,1332.1,4.24,0.0
5647,4,713,3.711999999999988,0.056100981767180924,1332.5,4.24,0.0
5648,0,179,-0.8219999999999998,0.055865921787709494,1332.6,4.24,0.0
5649,2,453,1.4519999999999742,0.05739514348785872,1332.8,4.24,0.0
5650,0,179,-0.8219999999999998,0.055865921787709494,1332.9,4.24,0.0
5651,3,579,2.5779999999999603,0.055267702936096716,1333.2,4.24,0.0
5652,1,313,0.3119999999999896,0.054313099041533544,1333.4,4.24,0.0
5653,0,183,-0.8179999999999998,0.060109289617486336,1333.5,4.24,0.0
5654,0,197,-0.8039999999999998,0.05583756345177665,1333.6,4.24,0.0
5655,2,353,1.3519999999999852,0.056657223796033995,1333.8,4.24,0.0
5656,1,313,0.3119999999999896,0.054313099041533544,1334.0,4.24,0.0
5657,11,1651,11.649999999999737,0.05572380375529982,1334.8,4.24,0.0
5658,4,713,3.711999999999988,0.056100981767180924,1335.2,4.24,0.0
5659,0,192,-0.8089999999999998,0.057291666666666664,1335.3,4.24,0.0
5660,1,313,0.3119999999999896,0.054313099041533544,1335.5,4.24,0.0
5661,0,179,-0.8219999999999998,0.055865921787709494,1335.6,4.24,0.0
5662,1,313,0.3119999999999896,0.054313099041533544,1335.7,4.24,0.0
5663,0,188,-0.8129999999999998,0.05851063829787234,1335.8,4.24,0.0
5664,3,579,2.5779999999999603,0.055267702936096716,1336.1,4.24,0.0
5665,1,313,0.3119999999999896,0.054313099041533544,1336.3,4.24,0.0
5666,0,179,-0.8219999999999998,0.055865921787709494,1336.4,4.24,0.0
5667,0,179,-0.8219999999999998,0.055865921787709494,1336.5,4.24,0.0
5668,1,339,0.33799999999998676,0.05604719764011799,1336.7,4.24,0.0
5669,1,313,0.3119999999999896,0.05750798722044728,1336.8,4.24,0.0
5670,1,313,0.3119999999999896,0.05750798722044728,1337.0,4.24,0.0
5671,6,1005,6.004000000000084,0.05572139303482587,1337.5,4.24,0.0
5672,0,179,-0.8219999999999998,0.055865921787709494,1337.6,4.24,0.0
5673,2,446,1.444999999999975,0.05605381165919283,1337.8,4.24,0.0
5674,2,454,1.452999999999974,0.05726872246696035,1338.1,4.24,0.0
5675,5,846,4.845000000000032,0.05555555555555555,1338.5,4.24,0.0
5676,1,313,0.3119999999999896,0.054313099041533544,1338.7,4.24,0.0
5677,0,179,-0.8219999999999998,0.055865921787709494,1338.8,4.24,0.0
5678,1,318,0.31699999999998907,0.05660377358490566,1339.0,4.24,0.0
5679,4,713,3.711999999999988,0.056100981767180924,1339.3,4.24,0.0
5680,0,185,-0.8159999999999998,0.05945945945945946,1339.4,4.24,0.0
5681,2,446,1.444999999999975,0.053811659192825115,1339.7,4.24,0.0
5682,5,848,4.847000000000032,0.05660377358490566,1340.1,4.24,0.0
5683,0,179,-0.8219999999999998,0.055865921787709494,1340.2,4.24,0.0
5684,1,313,0.3119999999999896,0.054313099041533544,1340.4,4.24,0.0
5685,3,588,2.5869999999999593,0.05612244897959184,1340.7,4.24,0.0
5686,0,179,-0.8219999999999998,0.055865921787709494,1340.8,4.24,0.0
5687,0,183,-0.8179999999999998,0.060109289617486336,1340.9,4.24,0.0
5688,9,1383,9.381999999999886,0.05567606652205351,1341.6,4.24,0.0
5689,0,211,-0.7899999999999998,0.05687203791469194,1341.7,4.24,0.0
5690,2,446,1.444999999999975,0.05605381165919283,1342.0,4.24,0.0
5691,0,179,-0.8219999999999998,0.055865921787709494,1342.1,4.24,0.0
5692,4,713,3.711999999999988,0.056100981767180924,1342.4,4.24,0.0
5693,1,316,0.3149999999999893,0.056962025316455694,1342.6,4.24,0.0
5694,2,446,1.444999999999975,0.05605381165919283,1342.8,4.24,0.0
5695,8,1246,8.244999999999962,0.05537720706260032,1343.5,4.24,0.0
5696,2,446,1.444999999999975,0.053811659192825115,1343.7,4.24,0.0
5697,4,732,3.7309999999999945,0.056010928961748634,1344.1,4.24,0.0
5698,0,179,-0.8219999999999998,0.055865921787709494,1344.2,4.24,0.0
5699,3,588,2.5869999999999593,0.05612244897959184,1344.5,4.24,0.0
5700,2,456,1.4549999999999739,0.05701754385964912,1344.8,4.24,0.0
5701,3,609,2.607999999999957,0.05582922824302135,1345.1,4.24,0.0
5702,1,313,0.3119999999999896,0.054313099041533544,1345.3,4.24,0.0
5703,0,194,-0.8069999999999998,0.05670103092783505,1345.4,4.24,0.0
5704,5,846,4.845000000000032,0.05555555555555555,1345.8,4.24,0.0
5705,6,984,5.983000000000077,0.05589430894308943,1346.3,4.24,0.0
5706,2,464,1.462999999999973,0.05603448275862069,1346.6,4.24,0.0
5707,4,713,3.711999999999988,0.0546984572230014,1346.9,4.24,0.0
5708,0,190,-0.8109999999999998,0.05789473684210526,1347.0,4.24,0.0
5709,0,191,-0.8099999999999998,0.05759162303664921,1347.1,4.24,0.0
5710,1,313,0.3119999999999896,0.05750798722044728,1347.3,4.24,0.0
5711,12,1779,12.777999999999667,0.05564924114671164,1348.3,4.24,0.0
5712,4,732,3.7309999999999945,0.056010928961748634,1348.7,4.24,0.0
5713,2,446,1.444999999999975,0.053811659192825115,1348.9,4.24,0.0
5714,0,179,-0.8219999999999998,0.055865921787709494,1349.0,4.24,0.0
5715,1,313,0.3119999999999896,0.054313099041533544,1349.1,4.24,0.0
5716,0,179,-0.8219999999999998,0.055865921787709494,1349.2,4.24,0.0
5717,0,179,-0.8219999999999998,0.055865921787709494,1349.3,4.24,0.0
5718,5,853,4.852000000000034,0.05627198124267292,1349.8,4.24,0.0
5719,5,846,4.845000000000032,0.05555555555555555,1350.2,4.24,0.0
5720,7,1113,7.112000000000036,0.055705300988319856,1350.8,4.24,0.0
5721,0,179,-0.8219999999999998,0.055865921787709494,1350.9,4.24,0.0
5722,0,179,-0.8219999999999998,0.055865921787709494,1351.0,4.24,0.0
5723,2,456,1.4549999999999739,0.05701754385964912,1351.2,4.24,0.0
5724,0,179,-0.8219999999999998,0.05027932960893855,1351.3,4.24,0.0
5725,3,589,2.587999999999959,0.05602716468590832,1351.7,4.24,0.0
5726,2,352,1.3509999999999853,0.056818181818181816,1351.9,4.24,0.0
5727,6,979,5.978000000000075,0.05515832482124617,1352.4,4.24,0.0
5728,1,336,0.3349999999999871,0.05654761904761905,1352.5,4.24,0.0
5729,2,459,1.4579999999999735,0.05664488017429194,1352.8,4.24,0.0
5730,3,584,2.5829999999999598,0.05650684931506849,1353.1,4.24,0.0
5731,0,179,-0.8219999999999998,0.055865921787709494,1353.2,4.24,0.0
5732,1,340,0.33899999999998665,0.05588235294117647,1353.4,4.24,0.0
5733,0,179,-0.8219999999999998,0.055865921787709494,1353.5,4.24,0.0
5734,1,313,0.3119999999999896,0.05750798722044728,1353.6,4.24,0.0
5735,2,446,1.444999999999975,0.05605381165919283,1353.9,4.24,0.0
5736,1,317,0.3159999999999892,0.056782334384858045,1354.0,4.24,0.0
5737,0,179,-0.8219999999999998,0.055865921787709494,1354.1,4.24,0.0
5738,4,713,3.711999999999988,0.0546984572230014,1354.5,4.24,0.0
5739,0,179,-0.8219999999999998,0.055865921787709494,1354.6,4.24,0.0
5740,0,189,-0.8119999999999998,0.0582010582010582,1354.7,4.24,0.0
5741,0,179,-0.8219999999999998,0.055865921787709494,1354.8,4.24,0.0
5742,5,846,4.845000000000032,0.05555555555555555,1355.2,4.24,0.0
5743,0,179,-0.8219999999999998,0.05027932960893855,1355.3,4.24,0.0
5744,2,446,1.444999999999975,0.05605381165919283,1355.6,4.24,0.0
5745,0,193,-0.8079999999999998,0.05699481865284974,1355.7,4.24,0.0
5746,0,179,-0.8219999999999998,0.055865921787709494,1355.7,4.24,0.0
5747,1,313,0.3119999999999896,0.054313099041533544,1355.9,4.24,0.0
5748,2,446,1.444999999999975,0.05605381165919283,1356.2,4.24,0.0
5749,2,446,1.444999999999975,0.05605381165919283,1356.4,4.24,0.0
5750,0,179,-0.8219999999999998,0.055865921787709494,1356.5,4.24,0.0
5751,2,446,1.444999999999975,0.05605381165919283,1356.7,4.24,0.0
5752,1,313,0.3119999999999896,0.054313099041533544,1356.9,4.24,0.0
5753,0,179,-0.8219999999999998,0.055865921787709494,1357.0,4.24,0.0
5754,2,447,1.4459999999999749,0.05592841163310962,1357.3,4.24,0.0
5755,0,179,-0.8219999999999998,0.055865921787709494,1357.3,4.24,0.0
5756,4,713,3.711999999999988,0.056100981767180924,1357.7,4.24,0.0
5757,1,313,0.3119999999999896,0.054313099041533544,1357.9,4.24,0.0
5758,3,579,2.5779999999999603,0.055267702936096716,1358.2,4.24,0.0
5759,4,713,3.711999999999988,0.056100981767180924,1358.6,4.24,0.0
5760,0,191,-0.8099999999999998,0.05759162303664921,1358.6,4.24,0.0
5761,1,313,0.3119999999999896,0.05750798722044728,1358.8,4.24,0.0
5762,4,713,3.711999999999988,0.0546984572230014,1359.2,4.24,0.0
5763,3,579,2.5779999999999603,0.055267702936096716,1359.5,4.24,0.0
5764,2,446,1.444999999999975,0.05605381165919283,1359.7,4.24,0.0
5765,0,179,-0.8219999999999998,0.055865921787709494,1359.8,4.24,0.0
5766,0,179,-0.8219999999999998,0.055865921787709494,1359.9,4.24,0.0
5767,1,313,0.3119999999999896,0.05750798722044728,1360.1,4.24,0.0
5768,6,984,5.983000000000077,0.05589430894308943,1360.6,4.24,0.0
5769,0,179,-0.8219999999999998,0.055865921787709494,1360.7,4.24,0.0
5770,5,851,4.850000000000033,0.0564042303172738,1361.1,4.24,0.0
5771,1,335,0.3339999999999872,0.056716417910447764,1361.3,4.24,0.0
5772,1,313,0.3119999999999896,0.054313099041533544,1361.5,4.24,0.0
5773,2,446,1.444999999999975,0.05605381165919283,1361.7,4.24,0.0
5774,2,446,1.444999999999975,0.05605381165919283,1362.0,4.24,0.0
5775,1,313,0.3119999999999896,0.05750798722044728,1362.1,4.24,0.0
5776,1,322,0.32099999999998863,0.055900621118012424,1362.3,4.24,0.0
5777,1,313,0.3119999999999896,0.05750798722044728,1362.5,4.24,0.0
5778,3,579,2.5779999999999603,0.055267702936096716,1362.8,4.24,0.0
5779,1,313,0.3119999999999896,0.054313099041533544,1362.9,4.24,0.0
5780,0,189,-0.8119999999999998,0.0582010582010582,1363.0,4.24,0.0
5781,1,313,0.3119999999999896,0.054313099041533544,1363.2,4.24,0.0
5782,0,179,-0.8219999999999998,0.055865921787709494,1363.3,4.24,0.0
5783,3,579,2.5779999999999603,0.055267702936096716,1363.6,4.24,0.0
5784,2,446,1.444999999999975,0.05605381165919283,1363.8,4.24,0.0
5785,2,458,1.4569999999999736,0.056768558951965066,1364.1,4.24,0.0
5786,1,313,0.3119999999999896,0.05750798722044728,1364.2,4.24,0.0
5787,4,713,3.711999999999988,0.0546984572230014,1364.6,4.24,0.0
5788,3,579,2.5779999999999603,0.055267702936096716,1364.9,4.24,0.0
5789,0,179,-0.8219999999999998,0.055865921787709494,1365.0,4.24,0.0
5790,4,713,3.711999999999988,0.0546984572230014,1365.4,4.24,0.0
5791,1,317,0.3159999999999892,0.056782334384858045,1365.6,4.24,0.0
5792,2,446,1.444999999999975,0.05605381165919283,1365.8,4.24,0.0
5793,2,473,1.471999999999972,0.05708245243128964,1366.0,4.24,0.0
5794,0,179,-0.8219999999999998,0.055865921787709494,1366.1,4.24,0.0
5795,0,179,-0.8219999999999998,0.055865921787709494,1366.2,4.24,0.0
5796,1,338,0.33699999999998687,0.05621301775147929,1366.4,4.24,0.0
5797,0,179,-0.8219999999999998,0.055865921787709494,1366.5,4.24,0.0
5798,1,313,0.3119999999999896,0.054313099041533544,1366.6,4.24,0.0
5799,0,179,-0.8219999999999998,0.055865921787709494,1366.7,4.24,0.0
5800,2,446,1.444999999999975,0.05605381165919283,1367.0,4.24,0.0
5801,3,579,2.5779999999999603,0.055267702936096716,1367.3,4.24,0.0
5802,2,458,1.4569999999999736,0.056768558951965066,1367.5,4.24,0.0
5803,0,187,-0.8139999999999998,0.058823529411764705,1367.6,4.24,0.0
5804,1,336,0.3349999999999871,0.05654761904761905,1367.8,4.24,0.0
5805,1,313,0.3119999999999896,0.054313099041533544,1368.0,4.24,0.0
5806,4,732,3.7309999999999945,0.056010928961748634,1368.4,4.24,0.0
5807,5,846,4.845000000000032,0.05555555555555555,1368.8,4.24,0.0
5808,1,315,0.3139999999999894,0.05714285714285714,1369.0,4.24,0.0
5809,0,179,-0.8219999999999998,0.055865921787709494,1369.1,4.24,0.0
5810,5,754,4.753000000000001,0.05570291777188329,1369.5,4.24,0.0
5811,4,729,3.7279999999999935,0.056241426611796985,1369.9,4.24,0.0
5812,2,465,1.4639999999999729,0.05591397849462366,1370.1,4.24,0.0
5813,3,579,2.5779999999999603,0.055267702936096716,1370.4,4.24,0.0
5814,1,313,0.3119999999999896,0.05750798722044728,1370.6,4.24,0.0
5815,3,579,2.5779999999999603,0.055267702936096716,1370.9,4.24,0.0
5816,0,183,-0.8179999999999998,0.060109289617486336,1371.0,4.24,0.0
5817,1,313,0.3119999999999896,0.054313099041533544,1371.1,4.24,0.0
5818,0,186,-0.8149999999999998,0.05913978494623656,1371.2,4.24,0.0
5819,1,321,0.31999999999998874,0.056074766355140186,1371.4,4.24,0.0
5820,0,179,-0.8219999999999998,0.055865921787709494,1371.5,4.24,0.0
5821,3,579,2.5779999999999603,0.055267702936096716,1371.8,4.24,0.0
5822,1,313,0.3119999999999896,0.05750798722044728,1372.0,4.24,0.0
5823,0,179,-0.8219999999999998,0.05027932960893855,1372.1,4.24,0.0
5824,0,191,-0.8099999999999998,0.05759162303664921,1372.2,4.25,0.0
5825,1,313,0.3119999999999896,0.054313099041533544,1372.4,4.25,0.0
5826,6,979,5.978000000000075,0.05515832482124617,1372.9,4.24,0.0
5827,2,446,1.444999999999975,0.05605381165919283,1373.1,4.24,0.0
5828,0,179,-0.8219999999999998,0.055865921787709494,1373.2,4.24,0.0
5829,2,455,1.453999999999974,0.05714285714285714,1373.5,4.24,0.0
5830,2,458,1.4569999999999736,0.056768558951965066,1373.7,4.24,0.0
5831,2,455,1.453999999999974,0.05714285714285714,1373.9,4.24,0.0
5832,0,183,-0.8179999999999998,0.060109289617486336,1374.0,4.25,0.0
5833,4,713,3.711999999999988,0.0546984572230014,1374.4,4.24,0.0
5834,2,455,1.453999999999974,0.05714285714285714,1374.7,4.24,0.0
5835,2,446,1.444999999999975,0.05605381165919283,1374.9,4.24,0.0
5836,2,452,1.4509999999999743,0.05752212389380531,1375.1,4.24,0.0
5837,1,313,0.3119999999999896,0.054313099041533544,1375.3,4.24,0.0
5838,1,318,0.31699999999998907,0.05660377358490566,1375.4,4.25,0.0
5839,0,189,-0.8119999999999998,0.0582010582010582,1375.5,4.25,0.0
5840,0,179,-0.8219999999999998,0.055865921787709494,1375.6,4.25,0.0
5841,0,189,-0.8119999999999998,0.0582010582010582,1375.7,4.25,0.0
5842,0,179,-0.8219999999999998,0.055865921787709494,1375.8,4.25,0.0
5843,2,446,1.444999999999975,0.05605381165919283,1376.1,4.25,0.0
5844,1,315,0.3139999999999894,0.05714285714285714,1376.2,4.25,0.0
5845,2,446,1.444999999999975,0.05605381165919283,1376.4,4.25,0.0
5846,4,713,3.711999999999988,0.0546984572230014,1376.9,4.25,0.0
5847,0,179,-0.8219999999999998,0.055865921787709494,1377.0,4.25,0.0
5848,0,179,-0.8219999999999998,0.055865921787709494,1377.0,4.25,0.0
5849,6,979,5.978000000000075,0.05515832482124617,1377.6,4.25,0.0
5850,4,715,3.713999999999989,0.055944055944055944,1377.9,4.25,0.0
5851,2,456,1.4549999999999739,0.05701754385964912,1378.2,4.25,0.0
5852,0,179,-0.8219999999999998,0.055865921787709494,1378.3,4.25,0.0
5853,3,579,2.5779999999999603,0.055267702936096716,1378.6,4.25,0.0
5854,1,313,0.3119999999999896,0.054313099041533544,1378.7,4.25,0.0
5855,0,179,-0.8219999999999998,0.055865921787709494,1378.8,4.25,0.0
5856,1,313,0.3119999999999896,0.054313099041533544,1379.0,4.25,0.0
5857,1,313,0.3119999999999896,0.05750798722044728,1379.2,4.25,0.0
5858,1,313,0.3119999999999896,0.05750798722044728,1379.3,4.25,0.0
5859,1,315,0.3139999999999894,0.05714285714285714,1379.5,4.25,0.0
5860,4,730,3.728999999999994,0.056164383561643834,1379.9,4.25,0.0
5861,1,313,0.3119999999999896,0.054313099041533544,1380.1,4.25,0.0
5862,0,179,-0.8219999999999998,0.055865921787709494,1380.2,4.25,0.0
5863,0,179,-0.8219999999999998,0.055865921787709494,1380.3,4.25,0.0
5864,6,985,5.984000000000077,0.05583756345177665,1380.8,4.25,0.0
5865,2,459,1.4579999999999735,0.05664488017429194,1381.0,4.25,0.0
5866,0,179,-0.8219999999999998,0.055865921787709494,1381.1,4.25,0.0
5867,4,713,3.711999999999988,0.0546984572230014,1381.5,4.25,0.0
5868,0,187,-0.8139999999999998,0.058823529411764705,1381.6,4.25,0.0
5869,3,579,2.5779999999999603,0.055267702936096716,1381.9,4.25,0.0
5870,5,846,4.845000000000032,0.05555555555555555,1382.4,4.25,0.0
5871,1,318,0.31699999999998907,0.05660377358490566,1382.5,4.25,0.0
5872,2,460,1.4589999999999734,0.05652173913043478,1382.8,4.25,0.0
5873,1,321,0.31999999999998874,0.056074766355140186,1383.0,4.25,0.0
5874,0,187,-0.8139999999999998,0.058823529411764705,1383.1,4.25,0.0
5875,3,579,2.5779999999999603,0.055267702936096716,1383.4,4.25,0.0
5876,0,179,-0.8219999999999998,0.055865921787709494,1383.5,4.25,0.0
5877,2,446,1.444999999999975,0.05605381165919283,1383.7,4.25,0.0
5878,8,1246,8.244999999999962,0.05537720706260032,1384.3,4.25,0.0
5879,0,183,-0.8179999999999998,0.060109289617486336,1384.5,4.25,0.0
5880,0,179,-0.8219999999999998,0.055865921787709494,1384.6,4.25,0.0
5881,6,979,5.978000000000075,0.05515832482124617,1385.1,4.25,0.0
5882,5,846,4.845000000000032,0.05555555555555555,1385.5,4.25,0.0
5883,0,179,-0.8219999999999998,0.055865921787709494,1385.6,4.25,0.0
5884,0,179,-0.8219999999999998,0.055865921787709494,1385.7,4.25,0.0
5885,0,179,-0.8219999999999998,0.055865921787709494,1385.8,4.25,0.0
5886,0,179,-0.8219999999999998,0.055865921787709494,1385.9,4.25,0.0
5887,1,313,0.3119999999999896,0.054313099041533544,1386.1,4.25,0.0
5888,5,846,4.845000000000032,0.05555555555555555,1386.5,4.25,0.0
5889,1,314,0.3129999999999895,0.05732484076433121,1386.7,4.25,0.0
5890,2,447,1.4459999999999749,0.05592841163310962,1386.9,4.25,0.0
5891,1,313,0.3119999999999896,0.054313099041533544,1387.1,4.25,0.0
5892,1,313,0.3119999999999896,0.054313099041533544,1387.3,4.25,0.0
5893,3,579,2.5779999999999603,0.055267702936096716,1387.6,4.25,0.0
5894,1,313,0.3119999999999896,0.05750798722044728,1387.7,4.25,0.0
5895,0,194,-0.8069999999999998,0.05670103092783505,1387.8,4.25,0.0
5896,4,713,3.711999999999988,0.056100981767180924,1388.2,4.25,0.0
5897,0,179,-0.8219999999999998,0.055865921787709494,1388.3,4.25,0.0
5898,1,320,0.31899999999998885,0.05625,1388.5,4.25,0.0
5899,0,179,-0.8219999999999998,0.055865921787709494,1388.6,4.25,0.0
5900,3,579,2.5779999999999603,0.055267702936096716,1388.9,4.25,0.0
5901,0,184,-0.8169999999999998,0.059782608695652176,1389.0,4.25,0.0
5902,2,460,1.4589999999999734,0.05652173913043478,1389.2,4.25,0.0
5903,0,194,-0.8069999999999998,0.05670103092783505,1389.3,4.25,0.0
5904,3,579,2.5779999999999603,0.055267702936096716,1389.6,4.25,0.0
5905,0,179,-0.8219999999999998,0.055865921787709494,1389.7,4.25,0.0
5906,8,1246,8.244999999999962,0.056179775280898875,1390.3,4.25,0.0
5907,2,474,1.4729999999999719,0.056962025316455694,1390.6,4.25,0.0
5908,2,454,1.452999999999974,0.05726872246696035,1390.8,4.25,0.0
5909,2,446,1.444999999999975,0.05605381165919283,1391.1,4.25,0.0
5910,1,338,0.33699999999998687,0.05621301775147929,1391.2,4.25,0.0
5911,4,713,3.711999999999988,0.056100981767180924,1391.6,4.25,0.0
5912,0,182,-0.8189999999999998,0.06043956043956044,1391.7,4.25,0.0
5913,1,313,0.3119999999999896,0.05750798722044728,1391.9,4.25,0.0
5914,4,750,4.7490000000000006,0.056,1392.3,4.25,0.0
5915,1,313,0.3119999999999896,0.05750798722044728,1392.5,4.25,0.0
5916,3,589,2.587999999999959,0.05602716468590832,1392.8,4.25,0.0
5917,6,979,5.978000000000075,0.05515832482124617,1393.3,4.25,0.0
5918,0,179,-0.8219999999999998,0.05027932960893855,1393.4,4.25,0.0
5919,0,179,-0.8219999999999998,0.055865921787709494,1393.5,4.25,0.0
5920,0,179,-0.8219999999999998,0.055865921787709494,1393.6,4.25,0.0
5921,2,447,1.4459999999999749,0.05592841163310962,1393.8,4.25,0.0
5922,7,1128,7.127000000000027,0.05585106382978723,1394.4,4.25,0.0
5923,2,456,1.4549999999999739,0.05701754385964912,1394.6,4.25,0.0
5924,0,179,-0.8219999999999998,0.055865921787709494,1394.7,4.25,0.0
5925,0,179,-0.8219999999999998,0.055865921787709494,1394.8,4.25,0.0
5926,2,446,1.444999999999975,0.05605381165919283,1395.1,4.25,0.0
5927,1,313,0.3119999999999896,0.05750798722044728,1395.2,4.25,0.0
5928,4,730,3.728999999999994,0.056164383561643834,1395.6,4.25,0.0
5929,1,313,0.3119999999999896,0.054313099041533544,1395.8,4.25,0.0
5930,1,313,0.3119999999999896,0.054313099041533544,1395.9,4.25,0.0
5931,0,179,-0.8219999999999998,0.055865921787709494,1396.0,4.25,0.0
5932,0,183,-0.8179999999999998,0.060109289617486336,1396.1,4.25,0.0
5933,0,179,-0.8219999999999998,0.055865921787709494,1396.2,4.25,0.0
5934,1,313,0.3119999999999896,0.054313099041533544,1396.4,4.25,0.0
5935,0,179,-0.8219999999999998,0.055865921787709494,1396.5,4.25,0.0
5936,1,313,0.3119999999999896,0.05750798722044728,1396.7,4.25,0.0
5937,1,313,0.3119999999999896,0.05750798722044728,1396.8,4.25,0.0
5938,1,314,0.3129999999999895,0.05732484076433121,1397.0,4.25,0.0
5939,0,179,-0.8219999999999998,0.05027932960893855,1397.1,4.25,0.0
5940,3,592,2.590999999999959,0.05574324324324324,1397.4,4.25,0.0
5941,2,446,1.444999999999975,0.05605381165919283,1397.7,4.25,0.0
5942,2,456,1.4549999999999739,0.05701754385964912,1397.9,4.25,0.0
5943,3,579,2.5779999999999603,0.05699481865284974,1398.2,4.25,0.0
5944,3,586,2.5849999999999596,0.05631399317406143,1398.5,4.25,0.0
5945,0,179,-0.8219999999999998,0.055865921787709494,1398.6,4.25,0.0
5946,3,579,2.5779999999999603,0.055267702936096716,1398.9,4.25,0.0
5947,2,446,1.444999999999975,0.05605381165919283,1399.1,4.25,0.0
5948,0,179,-0.8219999999999998,0.055865921787709494,1399.2,4.25,0.0
5949,2,459,1.4579999999999735,0.05664488017429194,1399.5,4.25,0.0
5950,3,579,2.5779999999999603,0.055267702936096716,1399.8,4.25,0.0
5951,6,979,5.978000000000075,0.056179775280898875,1400.3,4.25,0.0
5952,2,446,1.444999999999975,0.05605381165919283,1400.5,4.25,0.0
5953,0,189,-0.8119999999999998,0.0582010582010582,1400.6,4.25,0.0
5954,0,186,-0.8149999999999998,0.05913978494623656,1400.7,4.25,0.0
5955,1,313,0.3119999999999896,0.054313099041533544,1400.9,4.25,0.0
5956,0,186,-0.8149999999999998,0.05913978494623656,1401.0,4.25,0.0
5957,1,313,0.3119999999999896,0.05750798722044728,1401.1,4.25,0.0
5958,5,846,4.845000000000032,0.05555555555555555,1401.6,4.25,0.0
5959,0,183,-0.8179999999999998,0.060109289617486336,1401.7,4.25,0.0
5960,0,179,-0.8219999999999998,0.055865921787709494,1401.8,4.25,0.0
5961,3,581,2.57999999999996,0.05679862306368331,1402.1,4.25,0.0
5962,9,1379,9.377999999999888,0.05511240029006526,1402.9,4.25,0.0
5963,4,729,3.7279999999999935,0.056241426611796985,1403.2,4.25,0.0
5964,3,579,2.5779999999999603,0.055267702936096716,1403.5,4.25,0.0
5965,2,446,1.444999999999975,0.05605381165919283,1403.8,4.25,0.0
5966,0,179,-0.8219999999999998,0.055865921787709494,1403.8,4.25,0.0
5967,3,579,2.5779999999999603,0.055267702936096716,1404.2,4.25,0.0
5968,1,313,0.3119999999999896,0.05750798722044728,1404.3,4.25,0.0
5969,0,207,-0.7939999999999998,0.057971014492753624,1404.4,4.25,0.0
5970,3,579,2.5779999999999603,0.055267702936096716,1404.7,4.25,0.0
5971,1,340,0.33899999999998665,0.05588235294117647,1404.9,4.25,0.0
5972,2,451,1.4499999999999744,0.057649667405764965,1405.2,4.25,0.0
5973,2,446,1.444999999999975,0.05605381165919283,1405.4,4.25,0.0
5974,0,183,-0.8179999999999998,0.060109289617486336,1405.5,4.25,0.0
5975,0,179,-0.8219999999999998,0.055865921787709494,1405.6,4.25,0.0
5976,1,317,0.3159999999999892,0.056782334384858045,1405.7,4.25,0.0
5977,3,579,2.5779999999999603,0.055267702936096716,1406.0,4.25,0.0
5978,4,713,3.711999999999988,0.056100981767180924,1406.4,4.25,0.0
5979,3,579,2.5779999999999603,0.055267702936096716,1406.7,4.25,0.0
5980,2,446,1.444999999999975,0.053811659192825115,1407.0,4.25,0.0
5981,3,579,2.5779999999999603,0.055267702936096716,1407.3,4.25,0.0
5982,0,193,-0.8079999999999998,0.05699481865284974,1407.4,4.25,0.0
5983,2,448,1.4469999999999748,0.05580357142857143,1407.6,4.25,0.0
5984,0,179,-0.8219999999999998,0.055865921787709494,1407.7,4.25,0.0
5985,1,313,0.3119999999999896,0.05750798722044728,1407.9,4.25,0.0
5986,1,319,0.31799999999998896,0.05642633228840126,1408.0,4.25,0.0
5987,8,1246,8.244999999999962,0.05537720706260032,1408.7,4.25,0.0
5988,0,179,-0.8219999999999998,0.055865921787709494,1408.8,4.25,0.0
5989,0,179,-0.8219999999999998,0.055865921787709494,1408.9,4.25,0.0
5990,1,313,0.3119999999999896,0.05750798722044728,1409.0,4.25,0.0
5991,2,446,1.444999999999975,0.05605381165919283,1409.3,4.25,0.0
5992,0,185,-0.8159999999999998,0.05945945945945946,1409.4,4.25,0.0
5993,4,713,3.711999999999988,0.056100981767180924,1409.8,4.25,0.0
5994,4,713,3.711999999999988,0.056100981767180924,1410.1,4.25,0.0
5995,2,446,1.444999999999975,0.05605381165919283,1410.4,4.25,0.0
5996,7,1113,7.112000000000036,0.055705300988319856,1410.9,4.25,0.0
5997,0,179,-0.8219999999999998,0.055865921787709494,1411.0,4.25,0.0
5998,0,184,-0.8169999999999998,0.059782608695652176,1411.1,4.25,0.0
5999,0,179,-0.8219999999999998,0.055865921787709494,1411.2,4.25,0.0
6000,0,179,-0.8219999999999998,0.055865921787709494,1411.3,4.25,0.0
6001,3,587,2.5859999999999594,0.056218057921635436,1414.3,4.24,0.0
6002,4,713,3.711999999999988,0.0546984572230014,1414.7,4.24,0.0
6003,4,713,3.711999999999988,0.056100981767180924,1415.1,4.24,0.0
6004,4,713,3.711999999999988,0.0546984572230014,1415.5,4.24,0.0
6005,1,339,0.33799999999998676,0.05604719764011799,1415.7,4.24,0.0
6006,4,713,3.711999999999988,0.056100981767180924,1416.0,4.24,0.0
6007,0,189,-0.8119999999999998,0.0582010582010582,1416.1,4.24,0.0
6008,5,846,4.845000000000032,0.05555555555555555,1416.6,4.24,0.0
6009,2,446,1.444999999999975,0.05605381165919283,1416.8,4.24,0.0
6010,1,313,0.3119999999999896,0.054313099041533544,1417.0,4.24,0.0
6011,0,179,-0.8219999999999998,0.055865921787709494,1417.1,4.24,0.0
6012,1,313,0.3119999999999896,0.05750798722044728,1417.2,4.24,0.0
6013,1,313,0.3119999999999896,0.054313099041533544,1417.4,4.24,0.0
6014,2,446,1.444999999999975,0.05605381165919283,1417.6,4.24,0.0
6015,0,179,-0.8219999999999998,0.055865921787709494,1417.7,4.24,0.0
6016,0,189,-0.8119999999999998,0.0582010582010582,1417.8,4.24,0.0
6017,0,191,-0.8099999999999998,0.05759162303664921,1417.9,4.24,0.0
6018,1,327,0.3259999999999881,0.0581039755351682,1418.1,4.24,0.0
6019,2,446,1.444999999999975,0.05605381165919283,1418.4,4.24,0.0
6020,3,583,2.58199999999996,0.05660377358490566,1418.6,4.24,0.0
6021,1,318,0.31699999999998907,0.05660377358490566,1418.8,4.24,0.0
6022,0,184,-0.8169999999999998,0.059782608695652176,1418.9,4.24,0.0
6023,4,713,3.711999999999988,0.056100981767180924,1419.3,4.24,0.0
6024,3,591,2.589999999999959,0.05583756345177665,1419.6,4.24,0.0
6025,0,179,-0.8219999999999998,0.055865921787709494,1419.7,4.24,0.0
6026,0,179,-0.8219999999999998,0.055865921787709494,1419.8,4.24,0.0
6027,0,179,-0.8219999999999998,0.055865921787709494,1419.9,4.25,0.0
6028,0,186,-0.8149999999999998,0.05913978494623656,1420.0,4.25,0.0
6029,3,579,2.5779999999999603,0.055267702936096716,1420.3,4.25,0.0
6030,2,446,1.444999999999975,0.05605381165919283,1420.5,4.25,0.0
6031,2,446,1.444999999999975,0.05605381165919283,1420.8,4.25,0.0
6032,4,713,3.711999999999988,0.0546984572230014,1421.1,4.25,0.0
6033,0,179,-0.8219999999999998,0.055865921787709494,1421.2,4.25,0.0
6034,1,313,0.3119999999999896,0.054313099041533544,1421.4,4.25,0.0
6035,4,719,3.71799999999999,0.055632823365785816,1421.8,4.25,0.0
6036,0,179,-0.8219999999999998,0.055865921787709494,1421.9,4.25,0.0
6037,1,337,0.335999999999987,0.05637982195845697,1422.1,4.25,0.0
6038,0,192,-0.8089999999999998,0.057291666666666664,1422.2,4.25,0.0
6039,2,465,1.4639999999999729,0.05591397849462366,1422.4,4.25,0.0
6040,5,846,4.845000000000032,0.05555555555555555,1422.9,4.25,0.0
6041,1,313,0.3119999999999896,0.054313099041533544,1423.0,4.25,0.0
6042,2,446,1.444999999999975,0.05605381165919283,1423.3,4.25,0.0
6043,2,446,1.444999999999975,0.05605381165919283,1423.5,4.25,0.0
6044,0,179,-0.8219999999999998,0.055865921787709494,1423.6,4.25,0.0
6045,1,313,0.3119999999999896,0.054313099041533544,1423.8,4.25,0.0
6046,0,179,-0.8219999999999998,0.055865921787709494,1423.9,4.25,0.0
6047,0,179,-0.8219999999999998,0.055865921787709494,1424.0,4.25,0.0
6048,1,313,0.3119999999999896,0.054313099041533544,1424.1,4.25,0.0
6049,5,849,4.848000000000033,0.05653710247349823,1424.6,4.25,0.0
6050,0,193,-0.8079999999999998,0.05699481865284974,1424.7,4.25,0.0
6051,1,313,0.3119999999999896,0.054313099041533544,1424.8,4.25,0.0
6052,4,732,3.7309999999999945,0.056010928961748634,1425.2,4.25,0.0
6053,3,579,2.5779999999999603,0.055267702936096716,1425.5,4.25,0.0
6054,2,446,1.444999999999975,0.05605381165919283,1425.8,4.25,0.0
6055,0,179,-0.8219999999999998,0.055865921787709494,1425.9,4.25,0.0
6056,3,584,2.5829999999999598,0.05650684931506849,1426.1,4.25,0.0
6057,2,446,1.444999999999975,0.05605381165919283,1426.4,4.25,0.0
6058,3,579,2.5779999999999603,0.055267702936096716,1426.7,4.25,0.0
6059,3,588,2.5869999999999593,0.05612244897959184,1427.0,4.25,0.0
6060,5,875,4.874000000000041,0.056,1427.4,4.25,0.0
6061,5,846,4.845000000000032,0.05555555555555555,1427.9,4.25,0.0
6062,4,715,3.713999999999989,0.055944055944055944,1428.3,4.25,0.0
6063,0,186,-0.8149999999999998,0.05913978494623656,1428.4,4.25,0.0
6064,1,313,0.3119999999999896,0.054313099041533544,1428.5,4.25,0.0
6065,1,313,0.3119999999999896,0.054313099041533544,1428.7,4.25,0.0
6066,4,734,3.732999999999995,0.055858310626702996,1429.1,4.25,0.0
6067,3,593,2.591999999999959,0.05564924114671164,1429.4,4.25,0.0
6068,0,184,-0.8169999999999998,0.059782608695652176,1429.5,4.25,0.0
6069,1,335,0.3339999999999872,0.056716417910447764,1429.7,4.25,0.0
6070,0,189,-0.8119999999999998,0.0582010582010582,1429.8,4.25,0.0
6071,2,457,1.4559999999999738,0.05689277899343545,1430.0,4.25,0.0
6072,0,179,-0.8219999999999998,0.055865921787709494,1430.1,4.25,0.0
6073,5,846,4.845000000000032,0.05555555555555555,1430.5,4.25,0.0
6074,0,179,-0.8219999999999998,0.055865921787709494,1430.6,4.25,0.0
6075,0,192,-0.8089999999999998,0.057291666666666664,1430.7,4.25,0.0
6076,10,1513,10.511999999999814,0.05551883674818242,1431.5,4.25,0.0
6077,1,338,0.33699999999998687,0.05621301775147929,1431.7,4.25,0.0
6078,1,336,0.3349999999999871,0.05654761904761905,1431.9,4.25,0.0
6079,3,590,2.588999999999959,0.05593220338983051,1432.2,4.25,0.0
6080,0,179,-0.8219999999999998,0.055865921787709494,1432.3,4.25,0.0
6081,3,579,2.5779999999999603,0.055267702936096716,1432.6,4.25,0.0
6082,0,179,-0.8219999999999998,0.055865921787709494,1432.7,4.25,0.0
6083,6,1002,6.001000000000083,0.05588822355289421,1433.2,4.24,0.0
6084,1,313,0.3119999999999896,0.05750798722044728,1433.4,4.25,0.0
6085,1,336,0.3349999999999871,0.05654761904761905,1433.6,4.25,0.0
6086,0,183,-0.8179999999999998,0.060109289617486336,1433.7,4.25,0.0
6087,2,446,1.444999999999975,0.05605381165919283,1433.9,4.25,0.0
6088,0,182,-0.8189999999999998,0.06043956043956044,1434.0,4.25,0.0
6089,1,313,0.3119999999999896,0.054313099041533544,1434.2,4.25,0.0
6090,5,855,4.854000000000035,0.056140350877192984,1434.6,4.25,0.0
6091,4,713,3.711999999999988,0.056100981767180924,1435.0,4.25,0.0
6092,3,579,2.5779999999999603,0.055267702936096716,1435.3,4.25,0.0
6093,0,196,-0.8049999999999998,0.05612244897959184,1435.4,4.25,0.0
6094,5,846,4.845000000000032,0.05673758865248227,1435.9,4.24,0.0
6095,4,727,3.725999999999993,0.05639614855570839,1436.2,4.24,0.0
6096,1,337,0.335999999999987,0.05637982195845697,1436.4,4.24,0.0
6097,2,446,1.444999999999975,0.05605381165919283,1436.6,4.24,0.0
6098,1,313,0.3119999999999896,0.05750798722044728,1436.8,4.24,0.0
6099,2,446,1.444999999999975,0.05605381165919283,1437.0,4.24,0.0
6100,2,446,1.444999999999975,0.05605381165919283,1437.3,4.24,0.0
6101,0,186,-0.8149999999999998,0.05913978494623656,1437.4,4.25,0.0
6102,0,179,-0.8219999999999998,0.055865921787709494,1437.5,4.25,0.0
6103,0,194,-0.8069999999999998,0.05670103092783505,1437.6,4.25,0.0
6104,1,313,0.3119999999999896,0.054313099041533544,1437.8,4.25,0.0
6105,0,179,-0.8219999999999998,0.055865921787709494,1437.9,4.25,0.0
6106,2,446,1.444999999999975,0.053811659192825115,1438.1,4.25,0.0
6107,0,179,-0.8219999999999998,0.055865921787709494,1438.2,4.25,0.0
6108,2,458,1.4569999999999736,0.056768558951965066,1438.4,4.25,0.0
6109,0,179,-0.8219999999999998,0.055865921787709494,1438.5,4.25,0.0
6110,1,313,0.3119999999999896,0.054313099041533544,1438.7,4.25,0.0
6111,2,461,1.4599999999999733,0.05639913232104121,1438.9,4.25,0.0
6112,2,446,1.444999999999975,0.053811659192825115,1439.2,4.25,0.0
6113,1,313,0.3119999999999896,0.054313099041533544,1439.3,4.25,0.0
6114,1,313,0.3119999999999896,0.05750798722044728,1439.5,4.25,0.0
6115,0,195,-0.8059999999999998,0.05641025641025641,1439.6,4.25,0.0
6116,7,1113,7.112000000000036,0.055705300988319856,1440.2,4.25,0.0
6117,0,192,-0.8089999999999998,0.057291666666666664,1440.3,4.25,0.0
6118,3,579,2.5779999999999603,0.055267702936096716,1440.6,4.25,0.0
6119,0,179,-0.8219999999999998,0.055865921787709494,1440.7,4.25,0.0
6120,0,185,-0.8159999999999998,0.05945945945945946,1440.8,4.25,0.0
6121,5,846,4.845000000000032,0.05555555555555555,1441.2,4.25,0.0
6122,5,846,4.845000000000032,0.05555555555555555,1441.6,4.25,0.0
6123,3,583,2.58199999999996,0.05660377358490566,1441.9,4.25,0.0
6124,5,850,4.849000000000033,0.05647058823529412,1442.4,4.25,0.0
6125,3,583,2.58199999999996,0.05660377358490566,1442.7,4.25,0.0
6126,1,313,0.3119999999999896,0.054313099041533544,1442.9,4.25,0.0
6127,2,457,1.4559999999999738,0.05689277899343545,1443.1,4.25,0.0
6128,0,179,-0.8219999999999998,0.055865921787709494,1443.2,4.25,0.0
6129,2,446,1.444999999999975,0.05605381165919283,1443.5,4.25,0.0
6130,6,1005,6.004000000000084,0.05572139303482587,1444.0,4.25,0.0
6131,0,179,-0.8219999999999998,0.055865921787709494,1444.1,4.25,0.0
6132,0,191,-0.8099999999999998,0.05759162303664921,1444.2,4.25,0.0
6133,0,179,-0.8219999999999998,0.055865921787709494,1444.3,4.25,0.0
6134,2,446,1.444999999999975,0.053811659192825115,1444.6,4.25,0.0
6135,1,313,0.3119999999999896,0.054313099041533544,1444.7,4.25,0.0
6136,4,713,3.711999999999988,0.0546984572230014,1445.1,4.25,0.0
6137,2,462,1.4609999999999732,0.05627705627705628,1445.3,4.25,0.0
6138,4,713,3.711999999999988,0.056100981767180924,1445.7,4.25,0.0
6139,1,313,0.3119999999999896,0.054313099041533544,1445.9,4.25,0.0
6140,4,732,3.7309999999999945,0.056010928961748634,1446.3,4.25,0.0
6141,0,179,-0.8219999999999998,0.055865921787709494,1446.4,4.25,0.0
6142,3,588,2.5869999999999593,0.05612244897959184,1446.7,4.25,0.0
6143,0,183,-0.8179999999999998,0.060109289617486336,1446.8,4.25,0.0
6144,3,579,2.5779999999999603,0.055267702936096716,1447.1,4.25,0.0
6145,3,579,2.5779999999999603,0.055267702936096716,1447.4,4.25,0.0
6146,0,196,-0.8049999999999998,0.05612244897959184,1447.5,4.25,0.0
6147,5,855,4.854000000000035,0.056140350877192984,1448.0,4.25,0.0
6148,3,579,2.5779999999999603,0.055267702936096716,1448.2,4.25,0.0
6149,4,713,3.711999999999988,0.056100981767180924,1448.6,4.25,0.0
6150,2,446,1.444999999999975,0.05605381165919283,1448.9,4.25,0.0
6151,2,446,1.444999999999975,0.05605381165919283,1449.1,4.25,0.0
6152,4,715,3.713999999999989,0.055944055944055944,1449.5,4.24,0.0
6153,0,179,-0.8219999999999998,0.055865921787709494,1449.6,4.25,0.0
6154,2,446,1.444999999999975,0.05605381165919283,1449.8,4.25,0.0
6155,2,446,1.444999999999975,0.053811659192825115,1450.0,4.25,0.0
6156,2,446,1.444999999999975,0.05605381165919283,1450.3,4.25,0.0
6157,0,189,-0.8119999999999998,0.0582010582010582,1450.4,4.25,0.0
6158,1,336,0.3349999999999871,0.05654761904761905,1450.5,4.25,0.0
6159,1,313,0.3119999999999896,0.054313099041533544,1450.7,4.25,0.0
6160,3,579,2.5779999999999603,0.055267702936096716,1451.0,4.25,0.0
6161,4,713,3.711999999999988,0.056100981767180924,1451.4,4.25,0.0
6162,3,609,2.607999999999957,0.05582922824302135,1451.7,4.25,0.0
6163,0,179,-0.8219999999999998,0.055865921787709494,1451.8,4.25,0.0
6164,2,446,1.444999999999975,0.05605381165919283,1452.0,4.25,0.0
6165,0,179,-0.8219999999999998,0.055865921787709494,1452.1,4.25,0.0
6166,0,179,-0.8219999999999998,0.055865921787709494,1452.2,4.25,0.0
6167,3,579,2.5779999999999603,0.055267702936096716,1452.5,4.25,0.0
6168,0,179,-0.8219999999999998,0.055865921787709494,1452.6,4.25,0.0
6169,9,1379,9.377999999999888,0.05511240029006526,1453.3,4.25,0.0
6170,0,179,-0.8219999999999998,0.055865921787709494,1453.4,4.25,0.0
6171,4,713,3.711999999999988,0.056100981767180924,1453.8,4.25,0.0
6172,3,579,2.5779999999999603,0.05699481865284974,1454.1,4.25,0.0
6173,0,179,-0.8219999999999998,0.055865921787709494,1454.2,4.25,0.0
6174,0,179,-0.8219999999999998,0.055865921787709494,1454.3,4.25,0.0
6175,4,732,3.7309999999999945,0.056010928961748634,1454.7,4.25,0.0
6176,0,179,-0.8219999999999998,0.055865921787709494,1454.8,4.25,0.0
6177,1,313,0.3119999999999896,0.05750798722044728,1454.9,4.25,0.0
6178,0,179,-0.8219999999999998,0.055865921787709494,1455.0,4.25,0.0
6179,9,1379,9.377999999999888,0.05583756345177665,1455.8,4.25,0.0
6180,6,979,5.978000000000075,0.05515832482124617,1456.3,4.24,0.0
6181,4,713,3.711999999999988,0.056100981767180924,1456.7,4.24,0.0
6182,3,579,2.5779999999999603,0.055267702936096716,1457.0,4.24,0.0
6183,1,313,0.3119999999999896,0.054313099041533544,1457.1,4.24,0.0
6184,4,728,3.726999999999993,0.05631868131868132,1457.5,4.24,0.0
6185,6,979,5.978000000000075,0.05515832482124617,1458.0,4.24,0.0
6186,2,446,1.444999999999975,0.05605381165919283,1458.3,4.24,0.0
6187,1,313,0.3119999999999896,0.054313099041533544,1458.4,4.24,0.0
6188,4,713,3.711999999999988,0.0546984572230014,1458.8,4.24,0.0
6189,0,184,-0.8169999999999998,0.059782608695652176,1458.9,4.24,0.0
6190,1,313,0.3119999999999896,0.05750798722044728,1459.1,4.24,0.0
6191,0,187,-0.8139999999999998,0.058823529411764705,1459.2,4.24,0.0
6192,1,313,0.3119999999999896,0.054313099041533544,1459.3,4.24,0.0
6193,1,313,0.3119999999999896,0.054313099041533544,1459.5,4.24,0.0
6194,1,313,0.3119999999999896,0.054313099041533544,1459.7,4.24,0.0
6195,0,192,-0.8089999999999998,0.057291666666666664,1459.8,4.24,0.0
6196,6,982,5.981000000000076,0.0560081466395112,1460.3,4.24,0.0
6197,1,340,0.33899999999998665,0.05588235294117647,1460.5,4.24,0.0
6198,1,313,0.3119999999999896,0.05750798722044728,1460.6,4.24,0.0
6199,2,446,1.444999999999975,0.053811659192825115,1460.8,4.24,0.0
6200,1,322,0.32099999999998863,0.055900621118012424,1461.0,4.24,0.0
6201,2,462,1.4609999999999732,0.05627705627705628,1461.2,4.24,0.0
6202,4,732,3.7309999999999945,0.056010928961748634,1461.6,4.24,0.0
6203,1,313,0.3119999999999896,0.054313099041533544,1461.8,4.24,0.0
6204,4,727,3.725999999999993,0.05639614855570839,1462.2,4.24,0.0
6205,2,456,1.4549999999999739,0.05701754385964912,1462.4,4.24,0.0
6206,1,313,0.3119999999999896,0.054313099041533544,1462.6,4.24,0.0
6207,6,1001,6.000000000000083,0.055944055944055944,1463.1,4.24,0.0
6208,0,185,-0.8159999999999998,0.05945945945945946,1463.2,4.24,0.0
6209,7,1113,7.112000000000036,0.055705300988319856,1463.8,4.24,0.0
6210,1,322,0.32099999999998863,0.055900621118012424,1464.0,4.24,0.0
6211,0,179,-0.8219999999999998,0.055865921787709494,1464.1,4.24,0.0
6212,3,582,2.58099999999996,0.05670103092783505,1464.4,4.24,0.0
6213,0,187,-0.8139999999999998,0.058823529411764705,1464.5,4.24,0.0
6214,2,446,1.444999999999975,0.05605381165919283,1464.7,4.24,0.0
6215,2,446,1.444999999999975,0.05605381165919283,1464.9,4.24,0.0
6216,1,313,0.3119999999999896,0.054313099041533544,1465.1,4.24,0.0
6217,0,186,-0.8149999999999998,0.05913978494623656,1465.2,4.24,0.0
6218,0,179,-0.8219999999999998,0.055865921787709494,1465.3,4.24,0.0
6219,1,335,0.3339999999999872,0.056716417910447764,1465.5,4.24,0.0
6220,1,313,0.3119999999999896,0.054313099041533544,1465.6,4.24,0.0
6221,4,713,3.711999999999988,0.056100981767180924,1466.0,4.24,0.0
6222,0,179,-0.8219999999999998,0.055865921787709494,1466.1,4.24,0.0
6223,2,446,1.444999999999975,0.05605381165919283,1466.3,4.24,0.0
6224,3,579,2.5779999999999603,0.055267702936096716,1466.6,4.24,0.0
6225,0,179,-0.8219999999999998,0.055865921787709494,1466.7,4.24,0.0
6226,5,846,4.845000000000032,0.054373522458628844,1467.2,4.24,0.0
6227,2,446,1.444999999999975,0.053811659192825115,1467.4,4.24,0.0
6228,0,184,-0.8169999999999998,0.059782608695652176,1467.5,4.24,0.0
6229,2,463,1.461999999999973,0.056155507559395246,1467.8,4.24,0.0
6230,3,579,2.5779999999999603,0.055267702936096716,1468.1,4.24,0.0
6231,0,179,-0.8219999999999998,0.055865921787709494,1468.2,4.24,0.0
6232,3,579,2.5779999999999603,0.055267702936096716,1468.5,4.24,0.0
6233,4,735,3.7339999999999955,0.055782312925170066,1468.9,4.24,0.0
6234,3,584,2.5829999999999598,0.05650684931506849,1469.2,4.24,0.0
6235,4,713,3.711999999999988,0.056100981767180924,1469.6,4.24,0.0
6236,3,579,2.5779999999999603,0.055267702936096716,1469.9,4.24,0.0
6237,1,313,0.3119999999999896,0.054313099041533544,1470.0,4.24,0.0
6238,3,579,2.5779999999999603,0.055267702936096716,1470.3,4.24,0.0
6239,0,179,-0.8219999999999998,0.055865921787709494,1470.4,4.24,0.0
6240,1,315,0.3139999999999894,0.05714285714285714,1470.6,4.24,0.0
6241,4,713,3.711999999999988,0.0546984572230014,1471.0,4.24,0.0
6242,4,713,3.711999999999988,0.056100981767180924,1471.3,4.24,0.0
6243,0,179,-0.8219999999999998,0.055865921787709494,1471.4,4.24,0.0
6244,5,855,4.854000000000035,0.056140350877192984,1471.9,4.24,0.0
6245,0,179,-0.8219999999999998,0.055865921787709494,1472.0,4.24,0.0
6246,0,179,-0.8219999999999998,0.055865921787709494,1472.1,4.24,0.0
6247,5,852,4.851000000000034,0.056338028169014086,1472.5,4.24,0.0
6248,0,186,-0.8149999999999998,0.05913978494623656,1472.6,4.24,0.0
6249,1,313,0.3119999999999896,0.05750798722044728,1472.8,4.24,0.0
6250,0,184,-0.8169999999999998,0.059782608695652176,1472.9,4.24,0.0
6251,2,462,1.4609999999999732,0.05627705627705628,1473.1,4.24,0.0
6252,0,179,-0.8219999999999998,0.055865921787709494,1473.2,4.24,0.0
6253,4,713,3.711999999999988,0.0546984572230014,1473.6,4.24,0.0
6254,0,179,-0.8219999999999998,0.05027932960893855,1473.7,4.24,0.0
6255,5,861,4.860000000000037,0.05574912891986063,1474.1,4.24,0.0
6256,0,192,-0.8089999999999998,0.057291666666666664,1474.2,4.24,0.0
6257,3,579,2.5779999999999603,0.055267702936096716,1474.5,4.24,0.0
6258,3,579,2.5779999999999603,0.055267702936096716,1474.8,4.24,0.0
6259,5,846,4.845000000000032,0.05555555555555555,1475.3,4.24,0.0
6260,4,713,3.711999999999988,0.056100981767180924,1475.7,4.24,0.0
6261,3,579,2.5779999999999603,0.055267702936096716,1476.0,4.24,0.0
6262,1,313,0.3119999999999896,0.054313099041533544,1476.1,4.24,0.0
6263,0,179,-0.8219999999999998,0.055865921787709494,1476.2,4.24,0.0
6264,3,609,2.607999999999957,0.05582922824302135,1476.5,4.24,0.0
6265,1,313,0.3119999999999896,0.05750798722044728,1476.7,4.24,0.0
6266,1,313,0.3119999999999896,0.054313099041533544,1476.9,4.24,0.0
6267,1,313,0.3119999999999896,0.054313099041533544,1477.0,4.24,0.0
6268,5,846,4.845000000000032,0.05555555555555555,1477.5,4.24,0.0
6269,1,320,0.31899999999998885,0.05625,1477.7,4.24,0.0
6270,2,446,1.444999999999975,0.05605381165919283,1477.9,4.24,0.0
6271,1,313,0.3119999999999896,0.05750798722044728,1478.1,4.24,0.0
6272,1,313,0.3119999999999896,0.054313099041533544,1478.2,4.24,0.0
6273,1,322,0.32099999999998863,0.055900621118012424,1478.4,4.24,0.0
6274,0,179,-0.8219999999999998,0.055865921787709494,1478.5,4.24,0.0
6275,0,188,-0.8129999999999998,0.05851063829787234,1478.6,4.24,0.0
6276,0,179,-0.8219999999999998,0.055865921787709494,1478.7,4.24,0.0
6277,1,313,0.3119999999999896,0.054313099041533544,1478.8,4.25,0.0
6278,1,313,0.3119999999999896,0.054313099041533544,1479.0,4.25,0.0
6279,9,1379,9.377999999999888,0.05583756345177665,1479.8,4.24,0.0
6280,2,460,1.4589999999999734,0.05652173913043478,1480.0,4.24,0.0
6281,3,579,2.5779999999999603,0.05699481865284974,1480.3,4.24,0.0
6282,6,984,5.983000000000077,0.05589430894308943,1480.8,4.24,0.0
6283,5,846,4.845000000000032,0.05555555555555555,1481.3,4.24,0.0
6284,1,313,0.3119999999999896,0.054313099041533544,1481.5,4.24,0.0
6285,2,446,1.444999999999975,0.053811659192825115,1481.7,4.24,0.0
6286,4,713,3.711999999999988,0.056100981767180924,1482.0,4.24,0.0
6287,4,713,3.711999999999988,0.0546984572230014,1482.4,4.24,0.0
6288,0,179,-0.8219999999999998,0.055865921787709494,1482.5,4.24,0.0
6289,1,313,0.3119999999999896,0.054313099041533544,1482.7,4.24,0.0
6290,2,446,1.444999999999975,0.05605381165919283,1482.9,4.24,0.0
6291,6,1017,7.016000000000088,0.05604719764011799,1483.5,4.24,0.0
6292,3,579,2.5779999999999603,0.055267702936096716,1483.8,4.24,0.0
6293,0,179,-0.8219999999999998,0.055865921787709494,1483.9,4.24,0.0
6294,2,446,1.444999999999975,0.053811659192825115,1484.1,4.24,0.0
6295,9,1388,9.386999999999883,0.056195965417867436,1484.8,4.24,0.0
6296,4,713,3.711999999999988,0.056100981767180924,1485.2,4.24,0.0
6297,1,313,0.3119999999999896,0.054313099041533544,1485.4,4.24,0.0
6298,0,179,-0.8219999999999998,0.055865921787709494,1485.5,4.24,0.0
6299,0,179,-0.8219999999999998,0.055865921787709494,1485.6,4.24,0.0
6300,1,320,0.31899999999998885,0.05625,1485.7,4.24,0.0
6301,6,979,5.978000000000075,0.056179775280898875,1486.2,4.24,0.0
6302,0,179,-0.8219999999999998,0.055865921787709494,1486.3,4.24,0.0
6303,2,446,1.444999999999975,0.05605381165919283,1486.6,4.24,0.0
6304,5,846,4.845000000000032,0.05555555555555555,1487.0,4.24,0.0
6305,2,446,1.444999999999975,0.053811659192825115,1487.3,4.24,0.0
6306,3,579,2.5779999999999603,0.05699481865284974,1487.5,4.24,0.0
6307,0,183,-0.8179999999999998,0.060109289617486336,1487.6,4.24,0.0
6308,1,313,0.3119999999999896,0.054313099041533544,1487.8,4.24,0.0
6309,5,846,4.845000000000032,0.05555555555555555,1488.3,4.24,0.0
6310,0,179,-0.8219999999999998,0.055865921787709494,1488.4,4.24,0.0
6311,0,179,-0.8219999999999998,0.055865921787709494,1488.5,4.24,0.0
6312,6,979,5.978000000000075,0.05515832482124617,1489.0,4.24,0.0
6313,3,590,2.588999999999959,0.05593220338983051,1489.3,4.24,0.0
6314,6,988,5.987000000000078,0.05566801619433198,1489.8,4.24,0.0
6315,0,186,-0.8149999999999998,0.05913978494623656,1490.0,4.24,0.0
6316,0,179,-0.8219999999999998,0.055865921787709494,1490.0,4.24,0.0
6317,5,846,4.845000000000032,0.05555555555555555,1490.5,4.24,0.0
6318,4,713,3.711999999999988,0.056100981767180924,1490.9,4.24,0.0
6319,0,179,-0.8219999999999998,0.055865921787709494,1491.0,4.24,0.0
6320,1,341,0.33999999999998654,0.05571847507331378,1491.1,4.24,0.0
6321,0,179,-0.8219999999999998,0.055865921787709494,1491.2,4.24,0.0
6322,5,846,4.845000000000032,0.05555555555555555,1491.7,4.24,0.0
6323,1,315,0.3139999999999894,0.05714285714285714,1491.8,4.24,0.0
6324,2,459,1.4579999999999735,0.05664488017429194,1492.1,4.24,0.0
6325,5,881,4.880000000000043,0.05561861520998865,1492.6,4.24,0.0
6326,0,179,-0.8219999999999998,0.055865921787709494,1492.7,4.24,0.0
6327,7,1130,7.129000000000026,0.05575221238938053,1493.3,4.24,0.0
6328,1,338,0.33699999999998687,0.05621301775147929,1493.5,4.24,0.0
6329,3,579,2.5779999999999603,0.055267702936096716,1493.8,4.24,0.0
6330,1,336,0.3349999999999871,0.05654761904761905,1493.9,4.24,0.0
6331,3,589,2.587999999999959,0.05602716468590832,1494.2,4.24,0.0
6332,1,335,0.3339999999999872,0.056716417910447764,1494.4,4.24,0.0
6333,7,1113,7.112000000000036,0.055705300988319856,1495.0,4.24,0.0
6334,0,187,-0.8139999999999998,0.058823529411764705,1495.1,4.24,0.0
6335,3,584,2.5829999999999598,0.05650684931506849,1495.4,4.24,0.0
6336,0,189,-0.8119999999999998,0.0582010582010582,1495.5,4.24,0.0
6337,0,179,-0.8219999999999998,0.055865921787709494,1495.6,4.24,0.0
6338,2,446,1.444999999999975,0.053811659192825115,1495.8,4.24,0.0
6339,3,583,2.58199999999996,0.05660377358490566,1496.1,4.24,0.0
6340,0,179,-0.8219999999999998,0.055865921787709494,1496.2,4.24,0.0
6341,3,579,2.5779999999999603,0.055267702936096716,1496.5,4.24,0.0
6342,1,315,0.3139999999999894,0.05714285714285714,1496.7,4.24,0.0
6343,3,579,2.5779999999999603,0.055267702936096716,1497.0,4.24,0.0
6344,4,727,3.725999999999993,0.05639614855570839,1497.3,4.24,0.0
6345,2,446,1.444999999999975,0.05605381165919283,1497.6,4.24,0.0
6346,4,713,3.711999999999988,0.056100981767180924,1498.0,4.24,0.0
6347,0,179,-0.8219999999999998,0.055865921787709494,1498.0,4.24,0.0
6348,1,316,0.3149999999999893,0.056962025316455694,1498.2,4.24,0.0
6349,0,193,-0.8079999999999998,0.05699481865284974,1498.3,4.24,0.0
6350,0,189,-0.8119999999999998,0.0582010582010582,1498.4,4.24,0.0
6351,0,179,-0.8219999999999998,0.05027932960893855,1498.5,4.24,0.0
6352,5,846,4.845000000000032,0.05555555555555555,1499.0,4.24,0.0
6353,1,313,0.3119999999999896,0.054313099041533544,1499.1,4.24,0.0
6354,2,446,1.444999999999975,0.05605381165919283,1499.4,4.24,0.0
6355,0,179,-0.8219999999999998,0.055865921787709494,1499.4,4.24,0.0
6356,2,446,1.444999999999975,0.05605381165919283,1499.7,4.24,0.0
6357,0,179,-0.8219999999999998,0.055865921787709494,1499.8,4.24,0.0
6358,0,179,-0.8219999999999998,0.055865921787709494,1499.9,4.24,0.0
6359,0,179,-0.8219999999999998,0.055865921787709494,1500.0,4.24,0.0
6360,4,713,3.711999999999988,0.056100981767180924,1500.3,4.24,0.0
6361,0,179,-0.8219999999999998,0.055865921787709494,1500.4,4.24,0.0
6362,1,313,0.3119999999999896,0.054313099041533544,1500.6,4.24,0.0
6363,3,579,2.5779999999999603,0.055267702936096716,1500.9,4.24,0.0
6364,2,446,1.444999999999975,0.05605381165919283,1501.1,4.24,0.0
6365,4,730,3.728999999999994,0.056164383561643834,1501.5,4.24,0.0
6366,0,179,-0.8219999999999998,0.055865921787709494,1501.6,4.24,0.0
6367,2,446,1.444999999999975,0.05605381165919283,1501.8,4.24,0.0
6368,10,1513,10.511999999999814,0.05551883674818242,1502.7,4.24,0.0
6369,0,184,-0.8169999999999998,0.059782608695652176,1502.8,4.24,0.0
6370,0,190,-0.8109999999999998,0.05789473684210526,1502.9,4.24,0.0
6371,2,446,1.444999999999975,0.053811659192825115,1503.1,4.24,0.0
6372,0,179,-0.8219999999999998,0.055865921787709494,1503.2,4.24,0.0
6373,0,190,-0.8109999999999998,0.05789473684210526,1503.3,4.24,0.0
6374,0,194,-0.8069999999999998,0.05670103092783505,1503.4,4.24,0.0
6375,4,736,3.734999999999996,0.05570652173913043,1503.8,4.24,0.0
6376,2,466,1.4649999999999728,0.055793991416309016,1504.0,4.24,0.0
6377,2,459,1.4579999999999735,0.05664488017429194,1504.3,4.24,0.0
6378,1,320,0.31899999999998885,0.05625,1504.5,4.24,0.0
6379,2,446,1.444999999999975,0.05605381165919283,1504.7,4.24,0.0
6380,3,579,2.5779999999999603,0.055267702936096716,1505.0,4.24,0.0
6381,0,183,-0.8179999999999998,0.060109289617486336,1505.1,4.24,0.0
6382,6,979,5.978000000000075,0.05515832482124617,1505.6,4.24,0.0
6383,1,337,0.335999999999987,0.05637982195845697,1505.8,4.24,0.0
6384,3,584,2.5829999999999598,0.05650684931506849,1506.1,4.24,0.0
6385,0,179,-0.8219999999999998,0.055865921787709494,1506.2,4.24,0.0
6386,0,179,-0.8219999999999998,0.055865921787709494,1506.3,4.24,0.0
6387,1,313,0.3119999999999896,0.054313099041533544,1506.5,4.24,0.0
6388,4,713,3.711999999999988,0.056100981767180924,1506.9,4.24,0.0
6389,2,446,1.444999999999975,0.05605381165919283,1507.1,4.24,0.0
6390,1,313,0.3119999999999896,0.054313099041533544,1507.2,4.24,0.0
6391,0,179,-0.8219999999999998,0.055865921787709494,1507.3,4.24,0.0
6392,2,463,1.461999999999973,0.056155507559395246,1507.6,4.24,0.0
6393,1,350,1.3489999999999855,0.05714285714285714,1507.8,4.24,0.0
6394,0,179,-0.8219999999999998,0.055865921787709494,1507.9,4.24,0.0
6395,6,979,5.978000000000075,0.05515832482124617,1508.4,4.24,0.0
6396,3,586,2.5849999999999596,0.05631399317406143,1508.7,4.24,0.0
6397,1,313,0.3119999999999896,0.054313099041533544,1508.9,4.24,0.0
6398,2,464,1.462999999999973,0.05603448275862069,1509.1,4.24,0.0
6399,0,179,-0.8219999999999998,0.055865921787709494,1509.2,4.24,0.0
6400,3,579,2.5779999999999603,0.05699481865284974,1509.5,4.24,0.0
6401,2,446,1.444999999999975,0.05605381165919283,1509.7,4.24,0.0
6402,1,313,0.3119999999999896,0.054313099041533544,1509.9,4.24,0.0
6403,2,446,1.444999999999975,0.05605381165919283,1510.1,4.24,0.0
6404,8,1246,8.244999999999962,0.056179775280898875,1510.8,4.24,0.0
6405,0,179,-0.8219999999999998,0.055865921787709494,1510.9,4.24,0.0
6406,0,187,-0.8139999999999998,0.058823529411764705,1511.0,4.24,0.0
6407,5,754,4.753000000000001,0.05570291777188329,1511.4,4.24,0.0
6408,0,179,-0.8219999999999998,0.05027932960893855,1511.5,4.24,0.0
6409,0,179,-0.8219999999999998,0.055865921787709494,1511.5,4.24,0.0
6410,1,336,0.3349999999999871,0.05654761904761905,1511.7,4.24,0.0
6411,0,179,-0.8219999999999998,0.055865921787709494,1511.8,4.24,0.0
6412,3,589,2.587999999999959,0.05602716468590832,1512.1,4.24,0.0
6413,3,579,2.5779999999999603,0.055267702936096716,1512.4,4.24,0.0
6414,4,750,4.7490000000000006,0.056,1512.8,4.24,0.0
6415,0,179,-0.8219999999999998,0.055865921787709494,1512.9,4.24,0.0
6416,1,313,0.3119999999999896,0.054313099041533544,1513.1,4.24,0.0
6417,1,313,0.3119999999999896,0.054313099041533544,1513.2,4.24,0.0
6418,3,586,2.5849999999999596,0.05631399317406143,1513.6,4.24,0.0
6419,0,179,-0.8219999999999998,0.055865921787709494,1513.7,4.24,0.0
6420,1,313,0.3119999999999896,0.054313099041533544,1513.8,4.24,0.0
6421,2,463,1.461999999999973,0.056155507559395246,1514.1,4.24,0.0
6422,2,446,1.444999999999975,0.05605381165919283,1514.3,4.24,0.0
6423,0,179,-0.8219999999999998,0.05027932960893855,1514.4,4.24,0.0
6424,0,179,-0.8219999999999998,0.055865921787709494,1514.5,4.24,0.0
6425,0,189,-0.8119999999999998,0.0582010582010582,1514.6,4.24,0.0
6426,1,319,0.31799999999998896,0.05642633228840126,1514.8,4.24,0.0
6427,2,446,1.444999999999975,0.05605381165919283,1515.0,4.24,0.0
6428,4,726,3.7249999999999925,0.05647382920110193,1515.4,4.24,0.0
6429,0,179,-0.8219999999999998,0.055865921787709494,1515.5,4.24,0.0
6430,1,313,0.3119999999999896,0.05750798722044728,1515.6,4.24,0.0
6431,3,587,2.5859999999999594,0.056218057921635436,1516.0,4.24,0.0
6432,5,846,4.845000000000032,0.05555555555555555,1516.4,4.24,0.0
6433,2,447,1.4459999999999749,0.05592841163310962,1516.6,4.24,0.0
6434,2,446,1.444999999999975,0.05605381165919283,1516.9,4.24,0.0
6435,0,179,-0.8219999999999998,0.055865921787709494,1517.0,4.24,0.0
6436,1,313,0.3119999999999896,0.05750798722044728,1517.1,4.24,0.0
6437,3,583,2.58199999999996,0.05660377358490566,1517.4,4.24,0.0
6438,0,179,-0.8219999999999998,0.055865921787709494,1517.5,4.24,0.0
6439,3,579,2.5779999999999603,0.05699481865284974,1517.8,4.24,0.0
6440,2,446,1.444999999999975,0.05605381165919283,1518.1,4.24,0.0
6441,1,313,0.3119999999999896,0.05750798722044728,1518.2,4.24,0.0
6442,0,187,-0.8139999999999998,0.058823529411764705,1518.3,4.24,0.0
6443,0,188,-0.8129999999999998,0.05851063829787234,1518.4,4.24,0.0
6444,0,179,-0.8219999999999998,0.055865921787709494,1518.5,4.24,0.0
6445,0,179,-0.8219999999999998,0.055865921787709494,1518.6,4.24,0.0
6446,2,446,1.444999999999975,0.053811659192825115,1518.9,4.24,0.0
6447,5,846,4.845000000000032,0.05555555555555555,1519.3,4.24,0.0
6448,0,187,-0.8139999999999998,0.058823529411764705,1519.4,4.24,0.0
6449,0,190,-0.8109999999999998,0.05789473684210526,1519.5,4.24,0.0
6450,2,446,1.444999999999975,0.05605381165919283,1519.8,4.24,0.0
6451,0,179,-0.8219999999999998,0.055865921787709494,1519.8,4.25,0.0
6452,0,179,-0.8219999999999998,0.055865921787709494,1519.9,4.25,0.0
6453,7,1131,7.130000000000026,0.05570291777188329,1520.5,4.24,0.0
6454,1,336,0.3349999999999871,0.05654761904761905,1520.7,4.24,0.0
6455,4,732,3.7309999999999945,0.056010928961748634,1521.1,4.24,0.0
6456,2,446,1.444999999999975,0.05605381165919283,1521.3,4.24,0.0
6457,3,579,2.5779999999999603,0.055267702936096716,1521.7,4.24,0.0
6458,5,846,4.845000000000032,0.05555555555555555,1522.1,4.24,0.0
6459,2,453,1.4519999999999742,0.05739514348785872,1522.3,4.24,0.0
6460,1,313,0.3119999999999896,0.054313099041533544,1522.5,4.24,0.0
6461,0,179,-0.8219999999999998,0.055865921787709494,1522.6,4.24,0.0
6462,0,179,-0.8219999999999998,0.055865921787709494,1522.7,4.24,0.0
6463,2,461,1.4599999999999733,0.05639913232104121,1522.9,4.24,0.0
6464,2,446,1.444999999999975,0.05605381165919283,1523.2,4.24,0.0
6465,4,713,3.711999999999988,0.0546984572230014,1523.5,4.24,0.0
6466,1,315,0.3139999999999894,0.05714285714285714,1523.7,4.24,0.0
6467,1,313,0.3119999999999896,0.054313099041533544,1523.9,4.24,0.0
6468,0,179,-0.8219999999999998,0.055865921787709494,1524.0,4.24,0.0
6469,3,579,2.5779999999999603,0.055267702936096716,1524.3,4.24,0.0
6470,2,456,1.4549999999999739,0.05701754385964912,1524.5,4.24,0.0
6471,2,446,1.444999999999975,0.05605381165919283,1524.7,4.24,0.0
6472,1,313,0.3119999999999896,0.054313099041533544,1524.9,4.24,0.0
6473,0,179,-0.8219999999999998,0.055865921787709494,1525.0,4.25,0.0
6474,5,858,4.857000000000036,0.055944055944055944,1525.5,4.24,0.0
6475,2,446,1.444999999999975,0.053811659192825115,1525.7,4.24,0.0
6476,2,446,1.444999999999975,0.053811659192825115,1525.9,4.24,0.0
6477,0,179,-0.8219999999999998,0.055865921787709494,1526.0,4.25,0.0
6478,3,579,2.5779999999999603,0.055267702936096716,1526.3,4.24,0.0
6479,1,313,0.3119999999999896,0.054313099041533544,1526.5,4.25,0.0
6480,3,582,2.58099999999996,0.05670103092783505,1526.8,4.24,0.0
6481,0,179,-0.8219999999999998,0.055865921787709494,1526.9,4.25,0.0
6482,2,463,1.461999999999973,0.056155507559395246,1527.1,4.25,0.0
6483,2,462,1.4609999999999732,0.05627705627705628,1527.4,4.25,0.0
6484,3,592,2.590999999999959,0.05574324324324324,1527.7,4.25,0.0
6485,2,446,1.444999999999975,0.05605381165919283,1527.9,4.25,0.0
6486,0,179,-0.8219999999999998,0.055865921787709494,1528.0,4.25,0.0
6487,0,179,-0.8219999999999998,0.055865921787709494,1528.1,4.25,0.0
6488,2,446,1.444999999999975,0.05605381165919283,1528.3,4.25,0.0
6489,1,313,0.3119999999999896,0.054313099041533544,1528.5,4.25,0.0
6490,5,857,4.856000000000035,0.056009334889148193,1529.0,4.25,0.0
6491,3,579,2.5779999999999603,0.05699481865284974,1529.3,4.25,0.0
6492,2,446,1.444999999999975,0.05605381165919283,1529.5,4.25,0.0
6493,2,446,1.444999999999975,0.05605381165919283,1529.7,4.25,0.0
6494,1,321,0.31999999999998874,0.056074766355140186,1529.9,4.25,0.0
6495,0,179,-0.8219999999999998,0.05027932960893855,1530.0,4.25,0.0
6496,0,179,-0.8219999999999998,0.055865921787709494,1530.1,4.25,0.0
6497,3,588,2.5869999999999593,0.05612244897959184,1530.4,4.25,0.0
6498,0,179,-0.8219999999999998,0.055865921787709494,1530.5,4.25,0.0
6499,1,313,0.3119999999999896,0.054313099041533544,1530.7,4.25,0.0
6500,1,318,0.31699999999998907,0.05660377358490566,1530.8,4.25,0.0
6501,1,313,0.3119999999999896,0.054313099041533544,1533.7,4.24,0.0
6502,0,179,-0.8219999999999998,0.055865921787709494,1533.8,4.24,0.0
6503,6,979,5.978000000000075,0.056179775280898875,1534.3,4.24,0.0
6504,0,179,-0.8219999999999998,0.055865921787709494,1534.4,4.24,0.0
6505,0,179,-0.8219999999999998,0.061452513966480445,1534.5,4.24,0.0
6506,2,446,1.444999999999975,0.05605381165919283,1534.8,4.24,0.0
6507,0,189,-0.8119999999999998,0.0582010582010582,1534.9,4.24,0.0
6508,0,186,-0.8149999999999998,0.05913978494623656,1535.0,4.24,0.0
6509,0,179,-0.8219999999999998,0.055865921787709494,1535.0,4.24,0.0
6510,1,313,0.3119999999999896,0.054313099041533544,1535.2,4.24,0.0
6511,5,846,4.845000000000032,0.05555555555555555,1535.6,4.24,0.0
6512,0,213,-0.7879999999999998,0.056338028169014086,1535.7,4.24,0.0
6513,8,1246,8.244999999999962,0.05537720706260032,1536.4,4.24,0.0
6514,2,449,1.4479999999999746,0.0556792873051225,1536.6,4.24,0.0
6515,1,315,0.3139999999999894,0.05714285714285714,1536.8,4.24,0.0
6516,2,462,1.4609999999999732,0.05627705627705628,1537.1,4.24,0.0
6517,5,846,4.845000000000032,0.05555555555555555,1537.5,4.24,0.0
6518,5,846,4.845000000000032,0.05555555555555555,1537.9,4.24,0.0
6519,0,179,-0.8219999999999998,0.05027932960893855,1538.1,4.24,0.0
6520,5,846,4.845000000000032,0.05555555555555555,1538.5,4.24,0.0
6521,0,179,-0.8219999999999998,0.055865921787709494,1538.6,4.24,0.0
6522,0,186,-0.8149999999999998,0.05913978494623656,1538.7,4.24,0.0
6523,3,579,2.5779999999999603,0.055267702936096716,1539.0,4.24,0.0
6524,0,179,-0.8219999999999998,0.055865921787709494,1539.1,4.24,0.0
6525,1,313,0.3119999999999896,0.054313099041533544,1539.2,4.24,0.0
6526,0,179,-0.8219999999999998,0.055865921787709494,1539.3,4.24,0.0
6527,2,446,1.444999999999975,0.05605381165919283,1539.6,4.24,0.0
6528,0,183,-0.8179999999999998,0.060109289617486336,1539.7,4.24,0.0
6529,3,579,2.5779999999999603,0.055267702936096716,1540.0,4.24,0.0
6530,4,713,3.711999999999988,0.056100981767180924,1540.3,4.24,0.0
6531,1,323,0.3219999999999885,0.05572755417956656,1540.5,4.24,0.0
6532,2,454,1.452999999999974,0.05726872246696035,1540.7,4.24,0.0
6533,1,313,0.3119999999999896,0.05750798722044728,1540.9,4.24,0.0
6534,1,315,0.3139999999999894,0.05714285714285714,1541.1,4.24,0.0
6535,0,187,-0.8139999999999998,0.058823529411764705,1541.2,4.24,0.0
6536,4,717,3.7159999999999895,0.05578800557880056,1541.5,4.24,0.0
6537,3,591,2.589999999999959,0.05583756345177665,1541.9,4.24,0.0
6538,3,579,2.5779999999999603,0.055267702936096716,1542.2,4.24,0.0
6539,1,313,0.3119999999999896,0.05750798722044728,1542.3,4.24,0.0
6540,5,853,4.852000000000034,0.05627198124267292,1542.8,4.24,0.0
6541,5,846,4.845000000000032,0.05555555555555555,1543.3,4.24,0.0
6542,0,210,-0.7909999999999998,0.05714285714285714,1543.4,4.24,0.0
6543,2,446,1.444999999999975,0.053811659192825115,1543.7,4.24,0.0
6544,3,579,2.5779999999999603,0.055267702936096716,1544.0,4.24,0.0
6545,4,713,3.711999999999988,0.056100981767180924,1544.4,4.24,0.0
6546,1,317,0.3159999999999892,0.056782334384858045,1544.5,4.24,0.0
6547,6,979,5.978000000000075,0.05515832482124617,1545.1,4.24,0.0
6548,0,179,-0.8219999999999998,0.05027932960893855,1545.2,4.24,0.0
6549,3,579,2.5779999999999603,0.055267702936096716,1545.5,4.24,0.0
6550,0,179,-0.8219999999999998,0.055865921787709494,1545.5,4.24,0.0
6551,1,313,0.3119999999999896,0.054313099041533544,1545.7,4.24,0.0
6552,0,179,-0.8219999999999998,0.055865921787709494,1545.8,4.24,0.0
6553,0,185,-0.8159999999999998,0.05945945945945946,1545.9,4.24,0.0
6554,4,713,3.711999999999988,0.0546984572230014,1546.3,4.24,0.0
6555,1,322,0.32099999999998863,0.055900621118012424,1546.4,4.24,0.0
6556,0,186,-0.8149999999999998,0.05913978494623656,1546.5,4.24,0.0
6557,3,579,2.5779999999999603,0.055267702936096716,1546.8,4.24,0.0
6558,0,179,-0.8219999999999998,0.055865921787709494,1546.9,4.24,0.0
6559,2,462,1.4609999999999732,0.05627705627705628,1547.2,4.24,0.0
6560,2,446,1.444999999999975,0.05605381165919283,1547.4,4.24,0.0
6561,3,579,2.5779999999999603,0.055267702936096716,1547.7,4.24,0.0
6562,2,466,1.4649999999999728,0.055793991416309016,1548.0,4.24,0.0
6563,3,579,2.5779999999999603,0.05699481865284974,1548.3,4.24,0.0
6564,4,748,3.747,0.05614973262032086,1548.7,4.24,0.0
6565,1,313,0.3119999999999896,0.054313099041533544,1548.9,4.24,0.0
6566,5,846,4.845000000000032,0.05555555555555555,1549.3,4.24,0.0
6567,0,179,-0.8219999999999998,0.055865921787709494,1549.4,4.24,0.0
6568,3,589,2.587999999999959,0.05602716468590832,1549.7,4.24,0.0
6569,2,446,1.444999999999975,0.05605381165919283,1550.0,4.24,0.0
6570,3,579,2.5779999999999603,0.055267702936096716,1550.3,4.24,0.0
6571,0,179,-0.8219999999999998,0.055865921787709494,1550.4,4.24,0.0
6572,0,179,-0.8219999999999998,0.055865921787709494,1550.5,4.24,0.0
6573,1,339,0.33799999999998676,0.05604719764011799,1550.6,4.24,0.0
6574,0,179,-0.8219999999999998,0.055865921787709494,1550.7,4.24,0.0
6575,0,179,-0.8219999999999998,0.055865921787709494,1550.8,4.24,0.0
6576,3,609,2.607999999999957,0.05582922824302135,1551.2,4.24,0.0
6577,0,179,-0.8219999999999998,0.055865921787709494,1551.3,4.24,0.0
6578,6,1004,6.003000000000084,0.055776892430278883,1551.8,4.24,0.0
6579,2,446,1.444999999999975,0.05605381165919283,1552.0,4.24,0.0
6580,3,579,2.5779999999999603,0.055267702936096716,1552.3,4.24,0.0
6581,2,446,1.444999999999975,0.053811659192825115,1552.5,4.24,0.0
6582,0,179,-0.8219999999999998,0.055865921787709494,1552.6,4.24,0.0
6583,0,179,-0.8219999999999998,0.055865921787709494,1552.7,4.24,0.0
6584,7,1126,7.125000000000028,0.05595026642984014,1553.3,4.24,0.0
6585,2,446,1.444999999999975,0.05605381165919283,1553.6,4.24,0.0
6586,1,313,0.3119999999999896,0.054313099041533544,1553.7,4.24,0.0
6587,0,179,-0.8219999999999998,0.055865921787709494,1553.8,4.24,0.0
6588,0,179,-0.8219999999999998,0.055865921787709494,1553.9,4.24,0.0
6589,0,210,-0.7909999999999998,0.05714285714285714,1554.0,4.24,0.0
6590,1,313,0.3119999999999896,0.054313099041533544,1554.2,4.24,0.0
6591,1,313,0.3119999999999896,0.054313099041533544,1554.3,4.24,0.0
6592,1,313,0.3119999999999896,0.05750798722044728,1554.5,4.24,0.0
6593,0,179,-0.8219999999999998,0.055865921787709494,1554.6,4.24,0.0
6594,4,713,3.711999999999988,0.056100981767180924,1555.0,4.24,0.0
6595,0,179,-0.8219999999999998,0.05027932960893855,1555.1,4.24,0.0
6596,0,179,-0.8219999999999998,0.05027932960893855,1555.2,4.24,0.0
6597,0,179,-0.8219999999999998,0.055865921787709494,1555.2,4.24,0.0
6598,0,185,-0.8159999999999998,0.05945945945945946,1555.3,4.24,0.0
6599,7,1113,7.112000000000036,0.055705300988319856,1555.9,4.24,0.0
6600,2,352,1.3509999999999853,0.056818181818181816,1556.1,4.24,0.0
6601,3,584,2.5829999999999598,0.05650684931506849,1556.4,4.24,0.0
6602,2,446,1.444999999999975,0.05605381165919283,1556.7,4.24,0.0
6603,0,179,-0.8219999999999998,0.055865921787709494,1556.8,4.24,0.0
6604,1,316,0.3149999999999893,0.056962025316455694,1556.9,4.24,0.0
6605,3,588,2.5869999999999593,0.05612244897959184,1557.2,4.24,0.0
6606,2,446,1.444999999999975,0.05605381165919283,1557.5,4.24,0.0
6607,4,713,3.711999999999988,0.056100981767180924,1557.8,4.24,0.0
6608,0,179,-0.8219999999999998,0.055865921787709494,1557.9,4.24,0.0
6609,2,446,1.444999999999975,0.053811659192825115,1558.2,4.24,0.0
6610,4,735,3.7339999999999955,0.055782312925170066,1558.5,4.24,0.0
6611,1,313,0.3119999999999896,0.054313099041533544,1558.7,4.24,0.0
6612,2,446,1.444999999999975,0.05605381165919283,1558.9,4.24,0.0
6613,2,447,1.4459999999999749,0.05592841163310962,1559.2,4.24,0.0
6614,2,446,1.444999999999975,0.05605381165919283,1559.4,4.24,0.0
6615,6,979,5.978000000000075,0.056179775280898875,1559.9,4.24,0.0
6616,0,179,-0.8219999999999998,0.055865921787709494,1560.0,4.24,0.0
6617,5,875,4.874000000000041,0.056,1560.5,4.24,0.0
6618,1,315,0.3139999999999894,0.05714285714285714,1560.6,4.24,0.0
6619,10,1513,10.511999999999814,0.05551883674818242,1561.5,4.24,0.0
6620,6,980,5.979000000000076,0.05612244897959184,1562.0,4.24,0.0
6621,10,1521,10.51999999999981,0.055884286653517426,1562.8,4.24,0.0
6622,2,446,1.444999999999975,0.05605381165919283,1563.0,4.24,0.0
6623,0,179,-0.8219999999999998,0.055865921787709494,1563.1,4.24,0.0
6624,1,313,0.3119999999999896,0.054313099041533544,1563.3,4.24,0.0
6625,5,846,4.845000000000032,0.05555555555555555,1563.7,4.24,0.0
6626,0,179,-0.8219999999999998,0.055865921787709494,1563.8,4.24,0.0
6627,0,179,-0.8219999999999998,0.055865921787709494,1563.9,4.24,0.0
6628,5,859,4.858000000000036,0.05587892898719441,1564.4,4.24,0.0
6629,3,586,2.5849999999999596,0.05631399317406143,1564.7,4.24,0.0
6630,3,593,2.591999999999959,0.05564924114671164,1565.0,4.24,0.0
6631,4,713,3.711999999999988,0.056100981767180924,1565.4,4.24,0.0
6632,1,313,0.3119999999999896,0.054313099041533544,1565.5,4.24,0.0
6633,0,179,-0.8219999999999998,0.055865921787709494,1565.6,4.24,0.0
6634,2,456,1.4549999999999739,0.05701754385964912,1565.9,4.24,0.0
6635,5,846,4.845000000000032,0.05555555555555555,1566.3,4.24,0.0
6636,1,313,0.3119999999999896,0.054313099041533544,1566.5,4.24,0.0
6637,3,579,2.5779999999999603,0.055267702936096716,1566.8,4.24,0.0
6638,1,313,0.3119999999999896,0.054313099041533544,1567.0,4.24,0.0
6639,1,319,0.31799999999998896,0.05642633228840126,1567.1,4.24,0.0
6640,0,179,-0.8219999999999998,0.055865921787709494,1567.2,4.24,0.0
6641,0,185,-0.8159999999999998,0.05945945945945946,1567.3,4.24,0.0
6642,0,179,-0.8219999999999998,0.055865921787709494,1567.4,4.24,0.0
6643,3,579,2.5779999999999603,0.055267702936096716,1567.7,4.24,0.0
6644,2,446,1.444999999999975,0.05605381165919283,1567.9,4.24,0.0
6645,8,1276,8.274999999999945,0.055642633228840124,1568.6,4.24,0.0
6646,3,579,2.5779999999999603,0.055267702936096716,1568.9,4.24,0.0
6647,2,446,1.444999999999975,0.05605381165919283,1569.1,4.24,0.0
6648,0,179,-0.8219999999999998,0.055865921787709494,1569.2,4.24,0.0
6649,0,179,-0.8219999999999998,0.055865921787709494,1569.3,4.24,0.0
6650,0,179,-0.8219999999999998,0.055865921787709494,1569.4,4.24,0.0
6651,7,1113,7.112000000000036,0.055705300988319856,1570.0,4.24,0.0
6652,2,457,1.4559999999999738,0.05689277899343545,1570.3,4.24,0.0
6653,0,186,-0.8149999999999998,0.05913978494623656,1570.3,4.24,0.0
6654,6,979,5.978000000000075,0.05515832482124617,1570.9,4.24,0.0
6655,1,313,0.3119999999999896,0.05750798722044728,1571.0,4.24,0.0
6656,2,446,1.444999999999975,0.05605381165919283,1571.3,4.24,0.0
6657,2,456,1.4549999999999739,0.05701754385964912,1571.5,4.24,0.0
6658,0,183,-0.8179999999999998,0.060109289617486336,1571.6,4.24,0.0
6659,2,446,1.444999999999975,0.05605381165919283,1571.8,4.24,0.0
6660,0,179,-0.8219999999999998,0.055865921787709494,1571.9,4.24,0.0
6661,1,313,0.3119999999999896,0.05750798722044728,1572.1,4.24,0.0
6662,0,179,-0.8219999999999998,0.055865921787709494,1572.2,4.24,0.0
6663,0,179,-0.8219999999999998,0.055865921787709494,1572.3,4.24,0.0
6664,4,713,3.711999999999988,0.0546984572230014,1572.7,4.24,0.0
6665,0,179,-0.8219999999999998,0.055865921787709494,1572.8,4.24,0.0
6666,0,191,-0.8099999999999998,0.05759162303664921,1572.9,4.24,0.0
6667,6,979,5.978000000000075,0.05515832482124617,1573.4,4.24,0.0
6668,1,313,0.3119999999999896,0.05750798722044728,1573.5,4.24,0.0
6669,3,579,2.5779999999999603,0.055267702936096716,1573.8,4.24,0.0
6670,0,194,-0.8069999999999998,0.05670103092783505,1573.9,4.24,0.0
6671,5,846,4.845000000000032,0.05555555555555555,1574.4,4.24,0.0
6672,2,446,1.444999999999975,0.05605381165919283,1574.6,4.24,0.0
6673,3,579,2.5779999999999603,0.055267702936096716,1574.9,4.24,0.0
6674,5,846,4.845000000000032,0.05555555555555555,1575.4,4.24,0.0
6675,4,732,3.7309999999999945,0.056010928961748634,1575.8,4.24,0.0
6676,4,713,3.711999999999988,0.0546984572230014,1576.1,4.24,0.0
6677,1,313,0.3119999999999896,0.054313099041533544,1576.3,4.24,0.0
6678,2,463,1.461999999999973,0.056155507559395246,1576.6,4.24,0.0
6679,0,209,-0.7919999999999998,0.05741626794258373,1576.7,4.24,0.0
6680,0,185,-0.8159999999999998,0.05945945945945946,1576.8,4.24,0.0
6681,7,1113,7.112000000000036,0.055705300988319856,1577.3,4.24,0.0
6682,1,313,0.3119999999999896,0.054313099041533544,1577.5,4.24,0.0
6683,3,582,2.58099999999996,0.05670103092783505,1577.8,4.24,0.0
6684,0,183,-0.8179999999999998,0.060109289617486336,1577.9,4.24,0.0
6685,2,446,1.444999999999975,0.05605381165919283,1578.1,4.24,0.0
6686,0,189,-0.8119999999999998,0.0582010582010582,1578.2,4.24,0.0
6687,2,446,1.444999999999975,0.05605381165919283,1578.5,4.24,0.0
6688,2,456,1.4549999999999739,0.05701754385964912,1578.7,4.24,0.0
6689,4,713,3.711999999999988,0.056100981767180924,1579.1,4.24,0.0
6690,0,179,-0.8219999999999998,0.055865921787709494,1579.2,4.24,0.0
6691,2,446,1.444999999999975,0.05605381165919283,1579.4,4.24,0.0
6692,2,458,1.4569999999999736,0.056768558951965066,1579.7,4.24,0.0
6693,0,182,-0.8189999999999998,0.06043956043956044,1579.8,4.24,0.0
6694,0,179,-0.8219999999999998,0.055865921787709494,1579.8,4.24,0.0
6695,1,333,0.3319999999999874,0.057057057057057055,1580.0,4.24,0.0
6696,1,314,0.3129999999999895,0.05732484076433121,1580.2,4.24,0.0
6697,6,979,5.978000000000075,0.056179775280898875,1580.7,4.24,0.0
6698,1,313,0.3119999999999896,0.05750798722044728,1580.9,4.24,0.0
6699,0,179,-0.8219999999999998,0.055865921787709494,1581.0,4.24,0.0
6700,0,179,-0.8219999999999998,0.055865921787709494,1581.1,4.24,0.0
6701,0,179,-0.8219999999999998,0.055865921787709494,1581.1,4.24,0.0
6702,3,582,2.58099999999996,0.05670103092783505,1581.4,4.24,0.0
6703,0,192,-0.8089999999999998,0.057291666666666664,1581.5,4.24,0.0
6704,0,193,-0.8079999999999998,0.05699481865284974,1581.6,4.24,0.0
6705,0,184,-0.8169999999999998,0.059782608695652176,1581.8,4.24,0.0
6706,2,453,1.4519999999999742,0.05739514348785872,1582.0,4.24,0.0
6707,0,190,-0.8109999999999998,0.05789473684210526,1582.1,4.24,0.0
6708,1,341,0.33999999999998654,0.05571847507331378,1582.3,4.24,0.0
6709,4,713,3.711999999999988,0.0546984572230014,1582.6,4.24,0.0
6710,3,583,2.58199999999996,0.05660377358490566,1583.0,4.24,0.0
6711,1,316,0.3149999999999893,0.056962025316455694,1583.1,4.24,0.0
6712,2,446,1.444999999999975,0.05605381165919283,1583.3,4.24,0.0
6713,0,210,-0.7909999999999998,0.05714285714285714,1583.5,4.24,0.0
6714,1,313,0.3119999999999896,0.05750798722044728,1583.6,4.24,0.0
6715,1,313,0.3119999999999896,0.054313099041533544,1583.8,4.24,0.0
6716,1,313,0.3119999999999896,0.05750798722044728,1583.9,4.24,0.0
6717,0,192,-0.8089999999999998,0.057291666666666664,1584.0,4.24,0.0
6718,0,208,-0.7929999999999998,0.057692307692307696,1584.2,4.24,0.0
6719,0,206,-0.7949999999999998,0.05825242718446602,1584.3,4.24,0.0
6720,2,446,1.444999999999975,0.05605381165919283,1584.5,4.24,0.0
6721,1,338,0.33699999999998687,0.05621301775147929,1584.7,4.24,0.0
6722,2,446,1.444999999999975,0.05605381165919283,1584.9,4.24,0.0
6723,3,579,2.5779999999999603,0.05699481865284974,1585.2,4.24,0.0
6724,4,729,3.7279999999999935,0.056241426611796985,1585.6,4.24,0.0
6725,1,338,0.33699999999998687,0.05621301775147929,1585.8,4.24,0.0
6726,2,446,1.444999999999975,0.05605381165919283,1586.0,4.24,0.0
6727,2,461,1.4599999999999733,0.05639913232104121,1586.2,4.24,0.0
6728,3,584,2.5829999999999598,0.05650684931506849,1586.6,4.24,0.0
6729,7,1121,7.120000000000031,0.056199821587867974,1587.1,4.24,0.0
6730,0,179,-0.8219999999999998,0.05027932960893855,1587.2,4.24,0.0
6731,1,341,0.33999999999998654,0.05571847507331378,1587.4,4.24,0.0
6732,0,186,-0.8149999999999998,0.05913978494623656,1587.5,4.24,0.0
6733,0,179,-0.8219999999999998,0.055865921787709494,1587.6,4.24,0.0
6734,1,335,0.3339999999999872,0.056716417910447764,1587.8,4.24,0.0
6735,3,581,2.57999999999996,0.05679862306368331,1588.1,4.24,0.0
6736,0,193,-0.8079999999999998,0.05699481865284974,1588.2,4.24,0.0
6737,0,179,-0.8219999999999998,0.05027932960893855,1588.3,4.24,0.0
6738,5,846,4.845000000000032,0.05555555555555555,1588.7,4.24,0.0
6739,3,579,2.5779999999999603,0.05699481865284974,1589.0,4.24,0.0
6740,3,579,2.5779999999999603,0.05699481865284974,1589.3,4.24,0.0
6741,0,187,-0.8139999999999998,0.058823529411764705,1589.4,4.24,0.0
6742,3,579,2.5779999999999603,0.055267702936096716,1589.7,4.24,0.0
6743,0,179,-0.8219999999999998,0.055865921787709494,1589.8,4.24,0.0
6744,5,846,4.845000000000032,0.05555555555555555,1590.2,4.24,0.0
6745,2,446,1.444999999999975,0.05605381165919283,1590.5,4.24,0.0
6746,3,600,2.598999999999958,0.056666666666666664,1590.8,4.24,0.0
6747,0,179,-0.8219999999999998,0.055865921787709494,1590.9,4.24,0.0
6748,1,313,0.3119999999999896,0.054313099041533544,1591.1,4.24,0.0
6749,0,188,-0.8129999999999998,0.05851063829787234,1591.2,4.24,0.0
6750,0,192,-0.8089999999999998,0.057291666666666664,1591.3,4.24,0.0
6751,0,179,-0.8219999999999998,0.055865921787709494,1591.4,4.24,0.0
6752,6,979,5.978000000000075,0.05515832482124617,1591.9,4.24,0.0
6753,0,179,-0.8219999999999998,0.055865921787709494,1592.0,4.24,0.0
6754,2,447,1.4459999999999749,0.05592841163310962,1592.2,4.24,0.0
6755,4,735,3.7339999999999955,0.055782312925170066,1592.6,4.24,0.0
6756,0,179,-0.8219999999999998,0.055865921787709494,1592.7,4.24,0.0
6757,1,320,0.31899999999998885,0.05625,1592.9,4.24,0.0
6758,0,191,-0.8099999999999998,0.05759162303664921,1593.0,4.24,0.0
6759,4,713,3.711999999999988,0.056100981767180924,1593.4,4.24,0.0
6760,1,335,0.3339999999999872,0.056716417910447764,1593.5,4.24,0.0
6761,3,579,2.5779999999999603,0.055267702936096716,1593.9,4.24,0.0
6762,1,313,0.3119999999999896,0.054313099041533544,1594.1,4.24,0.0
6763,4,713,3.711999999999988,0.056100981767180924,1594.6,4.24,0.0
6764,2,464,1.462999999999973,0.05603448275862069,1594.8,4.24,0.0
6765,2,456,1.4549999999999739,0.05701754385964912,1595.1,4.24,0.0
6766,0,179,-0.8219999999999998,0.055865921787709494,1595.2,4.24,0.0
6767,0,180,-0.8209999999999998,0.06111111111111111,1595.3,4.24,0.0
6768,5,854,4.853000000000034,0.05620608899297424,1595.7,4.24,0.0
6769,3,585,2.5839999999999597,0.05641025641025641,1596.1,4.24,0.0
6770,1,315,0.3139999999999894,0.05714285714285714,1596.2,4.24,0.0
6771,0,183,-0.8179999999999998,0.060109289617486336,1596.3,4.24,0.0
6772,2,461,1.4599999999999733,0.05639913232104121,1596.6,4.24,0.0
6773,3,579,2.5779999999999603,0.055267702936096716,1596.9,4.24,0.0
6774,2,460,1.4589999999999734,0.05652173913043478,1597.1,4.24,0.0
6775,1,313,0.3119999999999896,0.05750798722044728,1597.3,4.24,0.0
6776,6,979,5.978000000000075,0.05515832482124617,1597.8,4.24,0.0
6777,7,1113,7.112000000000036,0.055705300988319856,1598.4,4.24,0.0
6778,3,579,2.5779999999999603,0.055267702936096716,1598.7,4.24,0.0
6779,0,179,-0.8219999999999998,0.055865921787709494,1598.8,4.24,0.0
6780,2,446,1.444999999999975,0.05605381165919283,1599.1,4.24,0.0
6781,1,339,0.33799999999998676,0.05604719764011799,1599.2,4.24,0.0
6782,7,1113,7.112000000000036,0.055705300988319856,1599.8,4.24,0.0
6783,0,192,-0.8089999999999998,0.057291666666666664,1599.9,4.24,0.0
6784,1,313,0.3119999999999896,0.054313099041533544,1600.1,4.24,0.0
6785,0,179,-0.8219999999999998,0.055865921787709494,1600.2,4.24,0.0
6786,0,179,-0.8219999999999998,0.055865921787709494,1600.3,4.24,0.0
6787,1,313,0.3119999999999896,0.054313099041533544,1600.5,4.24,0.0
6788,0,179,-0.8219999999999998,0.055865921787709494,1600.6,4.24,0.0
6789,0,179,-0.8219999999999998,0.055865921787709494,1600.6,4.24,0.0
6790,2,446,1.444999999999975,0.05605381165919283,1600.9,4.24,0.0
6791,1,313,0.3119999999999896,0.054313099041533544,1601.0,4.24,0.0
6792,1,313,0.3119999999999896,0.054313099041533544,1601.2,4.24,0.0
6793,0,186,-0.8149999999999998,0.05913978494623656,1601.3,4.24,0.0
6794,2,456,1.4549999999999739,0.05701754385964912,1601.5,4.24,0.0
6795,1,313,0.3119999999999896,0.054313099041533544,1601.7,4.24,0.0
6796,2,467,1.4659999999999727,0.055674518201284794,1601.9,4.24,0.0
6797,1,313,0.3119999999999896,0.05750798722044728,1602.1,4.24,0.0
6798,1,313,0.3119999999999896,0.054313099041533544,1602.3,4.24,0.0
6799,7,1123,7.12200000000003,0.05609973285841496,1602.9,4.24,0.0
6800,0,179,-0.8219999999999998,0.055865921787709494,1603.0,4.24,0.0
6801,0,193,-0.8079999999999998,0.05699481865284974,1603.1,4.24,0.0
6802,2,465,1.4639999999999729,0.05591397849462366,1603.3,4.24,0.0
6803,0,184,-0.8169999999999998,0.059782608695652176,1603.4,4.24,0.0
6804,0,179,-0.8219999999999998,0.055865921787709494,1603.5,4.24,0.0
6805,0,179,-0.8219999999999998,0.055865921787709494,1603.6,4.24,0.0
6806,4,713,3.711999999999988,0.056100981767180924,1604.0,4.24,0.0
6807,0,179,-0.8219999999999998,0.055865921787709494,1604.1,4.24,0.0
6808,0,182,-0.8189999999999998,0.06043956043956044,1604.2,4.24,0.0
6809,0,179,-0.8219999999999998,0.055865921787709494,1604.2,4.24,0.0
6810,2,446,1.444999999999975,0.05605381165919283,1604.5,4.24,0.0
6811,10,1513,10.511999999999814,0.05551883674818242,1605.3,4.24,0.0
6812,2,457,1.4559999999999738,0.05689277899343545,1605.5,4.24,0.0
6813,1,321,0.31999999999998874,0.056074766355140186,1605.7,4.24,0.0
6814,1,313,0.3119999999999896,0.054313099041533544,1605.9,4.24,0.0
6815,2,446,1.444999999999975,0.05605381165919283,1606.1,4.24,0.0
6816,4,713,3.711999999999988,0.056100981767180924,1606.5,4.24,0.0
6817,6,988,5.987000000000078,0.05566801619433198,1607.0,4.24,0.0
6818,0,186,-0.8149999999999998,0.05913978494623656,1607.1,4.24,0.0
6819,1,313,0.3119999999999896,0.054313099041533544,1607.2,4.24,0.0
6820,7,1113,7.112000000000036,0.055705300988319856,1607.8,4.24,0.0
6821,0,179,-0.8219999999999998,0.05027932960893855,1607.9,4.24,0.0
6822,0,182,-0.8189999999999998,0.06043956043956044,1608.0,4.24,0.0
6823,1,313,0.3119999999999896,0.05750798722044728,1608.2,4.24,0.0
6824,0,179,-0.8219999999999998,0.055865921787709494,1608.3,4.24,0.0
6825,3,579,2.5779999999999603,0.055267702936096716,1608.6,4.24,0.0
6826,0,179,-0.8219999999999998,0.05027932960893855,1608.7,4.24,0.0
6827,2,446,1.444999999999975,0.05605381165919283,1608.9,4.24,0.0
6828,4,714,3.7129999999999885,0.056022408963585436,1609.3,4.24,0.0
6829,4,713,3.711999999999988,0.0546984572230014,1609.7,4.24,0.0
6830,1,313,0.3119999999999896,0.05750798722044728,1609.8,4.24,0.0
6831,1,313,0.3119999999999896,0.05750798722044728,1610.0,4.24,0.0
6832,3,579,2.5779999999999603,0.055267702936096716,1610.3,4.24,0.0
6833,3,579,2.5779999999999603,0.055267702936096716,1610.6,4.24,0.0
6834,1,321,0.31999999999998874,0.056074766355140186,1610.8,4.24,0.0
6835,5,846,4.845000000000032,0.05555555555555555,1611.3,4.24,0.0
6836,0,179,-0.8219999999999998,0.055865921787709494,1611.4,4.24,0.0
6837,4,732,3.7309999999999945,0.056010928961748634,1611.7,4.24,0.0
6838,0,179,-0.8219999999999998,0.055865921787709494,1611.8,4.24,0.0
6839,3,579,2.5779999999999603,0.055267702936096716,1612.1,4.24,0.0
6840,0,179,-0.8219999999999998,0.05027932960893855,1612.3,4.24,0.0
6841,0,179,-0.8219999999999998,0.055865921787709494,1612.4,4.24,0.0
6842,0,188,-0.8129999999999998,0.05851063829787234,1612.5,4.24,0.0
6843,2,461,1.4599999999999733,0.05639913232104121,1612.7,4.24,0.0
6844,4,713,3.711999999999988,0.056100981767180924,1613.1,4.24,0.0
6845,0,179,-0.8219999999999998,0.055865921787709494,1613.1,4.24,0.0
6846,0,179,-0.8219999999999998,0.055865921787709494,1613.2,4.24,0.0
6847,2,446,1.444999999999975,0.05605381165919283,1613.5,4.24,0.0
6848,1,313,0.3119999999999896,0.05750798722044728,1613.6,4.24,0.0
6849,2,446,1.444999999999975,0.053811659192825115,1613.9,4.24,0.0
6850,4,718,3.71699999999999,0.055710306406685235,1614.2,4.24,0.0
6851,0,179,-0.8219999999999998,0.055865921787709494,1614.3,4.24,0.0
6852,2,446,1.444999999999975,0.05605381165919283,1614.6,4.24,0.0
6853,5,875,4.874000000000041,0.056,1615.1,4.24,0.0
6854,1,316,0.3149999999999893,0.056962025316455694,1615.2,4.24,0.0
6855,1,316,0.3149999999999893,0.056962025316455694,1615.4,4.24,0.0
6856,1,313,0.3119999999999896,0.05750798722044728,1615.6,4.24,0.0
6857,5,855,4.854000000000035,0.056140350877192984,1616.0,4.24,0.0
6858,2,446,1.444999999999975,0.05605381165919283,1616.3,4.24,0.0
6859,0,190,-0.8109999999999998,0.05789473684210526,1616.4,4.24,0.0
6860,3,589,2.587999999999959,0.05602716468590832,1616.7,4.24,0.0
6861,0,179,-0.8219999999999998,0.05027932960893855,1616.8,4.24,0.0
6862,3,581,2.57999999999996,0.05679862306368331,1617.1,4.24,0.0
6863,1,313,0.3119999999999896,0.054313099041533544,1617.2,4.24,0.0
6864,2,446,1.444999999999975,0.05605381165919283,1617.5,4.24,0.0
6865,3,579,2.5779999999999603,0.055267702936096716,1617.8,4.24,0.0
6866,4,734,3.732999999999995,0.055858310626702996,1618.2,4.24,0.0
6867,4,713,3.711999999999988,0.056100981767180924,1618.5,4.24,0.0
6868,4,713,3.711999999999988,0.0546984572230014,1618.9,4.24,0.0
6869,1,338,0.33699999999998687,0.05621301775147929,1619.1,4.24,0.0
6870,0,190,-0.8109999999999998,0.05789473684210526,1619.2,4.24,0.0
6871,0,182,-0.8189999999999998,0.06043956043956044,1619.3,4.24,0.0
6872,7,1120,7.119000000000032,0.05625,1619.9,4.24,0.0
6873,3,579,2.5779999999999603,0.055267702936096716,1620.2,4.24,0.0
6874,1,317,0.3159999999999892,0.056782334384858045,1620.4,4.24,0.0
6875,1,313,0.3119999999999896,0.054313099041533544,1620.5,4.24,0.0
6876,0,179,-0.8219999999999998,0.05027932960893855,1620.6,4.24,0.0
6877,3,579,2.5779999999999603,0.055267702936096716,1621.0,4.24,0.0
6878,1,313,0.3119999999999896,0.05750798722044728,1621.1,4.24,0.0
6879,1,337,0.335999999999987,0.05637982195845697,1621.3,4.24,0.0
6880,0,195,-0.8059999999999998,0.05641025641025641,1621.4,4.24,0.0
6881,2,460,1.4589999999999734,0.05652173913043478,1621.6,4.24,0.0
6882,0,179,-0.8219999999999998,0.05027932960893855,1621.7,4.24,0.0
6883,0,188,-0.8129999999999998,0.05851063829787234,1621.8,4.24,0.0
6884,0,182,-0.8189999999999998,0.06043956043956044,1621.9,4.24,0.0
6885,0,179,-0.8219999999999998,0.055865921787709494,1622.0,4.25,0.0
6886,5,853,4.852000000000034,0.05627198124267292,1622.5,4.24,0.0
6887,0,179,-0.8219999999999998,0.055865921787709494,1622.6,4.25,0.0
6888,7,1113,7.112000000000036,0.055705300988319856,1623.2,4.24,0.0
6889,4,732,3.7309999999999945,0.056010928961748634,1623.6,4.24,0.0
6890,2,459,1.4579999999999735,0.05664488017429194,1623.8,4.24,0.0
6891,0,179,-0.8219999999999998,0.055865921787709494,1623.9,4.24,0.0
6892,4,713,3.711999999999988,0.056100981767180924,1624.3,4.24,0.0
6893,4,731,3.729999999999994,0.0560875512995896,1624.7,4.24,0.0
6894,2,447,1.4459999999999749,0.05592841163310962,1624.9,4.24,0.0
6895,4,713,3.711999999999988,0.056100981767180924,1625.3,4.24,0.0
6896,2,457,1.4559999999999738,0.05689277899343545,1625.6,4.24,0.0
6897,0,179,-0.8219999999999998,0.055865921787709494,1625.7,4.24,0.0
6898,2,462,1.4609999999999732,0.05627705627705628,1625.9,4.24,0.0
6899,6,979,5.978000000000075,0.05515832482124617,1626.4,4.24,0.0
6900,4,729,3.7279999999999935,0.056241426611796985,1626.8,4.24,0.0
6901,4,727,3.725999999999993,0.05639614855570839,1627.2,4.24,0.0
6902,0,179,-0.8219999999999998,0.055865921787709494,1627.3,4.24,0.0
6903,6,979,5.978000000000075,0.05515832482124617,1627.8,4.24,0.0
6904,0,179,-0.8219999999999998,0.055865921787709494,1627.9,4.24,0.0
6905,2,454,1.452999999999974,0.05726872246696035,1628.1,4.24,0.0
6906,1,313,0.3119999999999896,0.054313099041533544,1628.3,4.24,0.0
6907,2,448,1.4469999999999748,0.05580357142857143,1628.5,4.24,0.0
6908,3,579,2.5779999999999603,0.055267702936096716,1628.8,4.24,0.0
6909,1,313,0.3119999999999896,0.054313099041533544,1629.0,4.24,0.0
6910,0,187,-0.8139999999999998,0.058823529411764705,1629.1,4.24,0.0
6911,1,313,0.3119999999999896,0.054313099041533544,1629.3,4.24,0.0
6912,0,185,-0.8159999999999998,0.05945945945945946,1629.4,4.24,0.0
6913,3,591,2.589999999999959,0.05583756345177665,1629.7,4.24,0.0
6914,0,182,-0.8189999999999998,0.06043956043956044,1629.8,4.24,0.0
6915,4,713,3.711999999999988,0.056100981767180924,1630.1,4.24,0.0
6916,0,179,-0.8219999999999998,0.055865921787709494,1630.2,4.24,0.0
6917,0,179,-0.8219999999999998,0.055865921787709494,1630.3,4.24,0.0
6918,2,456,1.4549999999999739,0.05701754385964912,1630.6,4.24,0.0
6919,2,453,1.4519999999999742,0.05739514348785872,1630.8,4.24,0.0
6920,0,185,-0.8159999999999998,0.05945945945945946,1630.9,4.24,0.0
6921,2,453,1.4519999999999742,0.05739514348785872,1631.1,4.24,0.0
6922,0,179,-0.8219999999999998,0.055865921787709494,1631.2,4.24,0.0
6923,0,179,-0.8219999999999998,0.055865921787709494,1631.3,4.24,0.0
6924,2,446,1.444999999999975,0.053811659192825115,1631.6,4.24,0.0
6925,5,846,4.845000000000032,0.05555555555555555,1632.0,4.24,0.0
6926,3,584,2.5829999999999598,0.05650684931506849,1632.3,4.24,0.0
6927,0,179,-0.8219999999999998,0.055865921787709494,1632.4,4.24,0.0
6928,0,179,-0.8219999999999998,0.055865921787709494,1632.5,4.24,0.0
6929,2,460,1.4589999999999734,0.05652173913043478,1632.8,4.24,0.0
6930,6,980,5.979000000000076,0.05612244897959184,1633.3,4.24,0.0
6931,0,179,-0.8219999999999998,0.055865921787709494,1633.4,4.24,0.0
6932,0,179,-0.8219999999999998,0.055865921787709494,1633.5,4.24,0.0
6933,4,713,3.711999999999988,0.056100981767180924,1633.8,4.24,0.0
6934,1,337,0.335999999999987,0.05637982195845697,1634.0,4.24,0.0
6935,1,331,0.32999999999998764,0.05740181268882175,1634.2,4.24,0.0
6936,1,313,0.3119999999999896,0.05750798722044728,1634.4,4.24,0.0
6937,2,446,1.444999999999975,0.053811659192825115,1634.6,4.24,0.0
6938,2,461,1.4599999999999733,0.05639913232104121,1634.8,4.24,0.0
6939,3,579,2.5779999999999603,0.055267702936096716,1635.2,4.24,0.0
6940,0,179,-0.8219999999999998,0.05027932960893855,1635.2,4.24,0.0
6941,2,463,1.461999999999973,0.056155507559395246,1635.5,4.24,0.0
6942,0,179,-0.8219999999999998,0.055865921787709494,1635.6,4.24,0.0
6943,1,313,0.3119999999999896,0.05750798722044728,1635.7,4.25,0.0
6944,3,583,2.58199999999996,0.05660377358490566,1636.0,4.24,0.0
6945,2,446,1.444999999999975,0.05605381165919283,1636.3,4.24,0.0
6946,2,446,1.444999999999975,0.05605381165919283,1636.5,4.24,0.0
6947,0,179,-0.8219999999999998,0.055865921787709494,1636.6,4.25,0.0
6948,0,179,-0.8219999999999998,0.055865921787709494,1636.7,4.25,0.0
6949,2,446,1.444999999999975,0.05605381165919283,1636.9,4.25,0.0
6950,3,579,2.5779999999999603,0.055267702936096716,1637.3,4.25,0.0
6951,4,713,3.711999999999988,0.056100981767180924,1637.6,4.25,0.0
6952,4,733,3.731999999999995,0.05593451568894952,1638.0,4.24,0.0
6953,8,1254,8.252999999999957,0.05582137161084529,1638.7,4.24,0.0
6954,1,313,0.3119999999999896,0.054313099041533544,1638.8,4.24,0.0
6955,0,186,-0.8149999999999998,0.05913978494623656,1638.9,4.24,0.0
6956,6,979,5.978000000000075,0.056179775280898875,1639.4,4.24,0.0
6957,0,179,-0.8219999999999998,0.05027932960893855,1639.5,4.24,0.0
6958,2,466,1.4649999999999728,0.055793991416309016,1639.8,4.24,0.0
6959,5,846,4.845000000000032,0.05555555555555555,1640.2,4.24,0.0
6960,0,190,-0.8109999999999998,0.05789473684210526,1640.3,4.24,0.0
6961,3,579,2.5779999999999603,0.055267702936096716,1640.6,4.24,0.0
6962,3,579,2.5779999999999603,0.055267702936096716,1640.9,4.24,0.0
6963,2,447,1.4459999999999749,0.05592841163310962,1641.2,4.24,0.0
6964,0,179,-0.8219999999999998,0.055865921787709494,1641.2,4.24,0.0
6965,6,979,5.978000000000075,0.05515832482124617,1641.8,4.24,0.0
6966,4,713,3.711999999999988,0.056100981767180924,1642.2,4.24,0.0
6967,1,313,0.3119999999999896,0.05750798722044728,1642.3,4.24,0.0
6968,4,713,3.711999999999988,0.0546984572230014,1642.7,4.24,0.0
6969,0,183,-0.8179999999999998,0.060109289617486336,1642.8,4.24,0.0
6970,1,313,0.3119999999999896,0.054313099041533544,1643.0,4.24,0.0
6971,5,846,4.845000000000032,0.05555555555555555,1643.4,4.24,0.0
6972,1,340,0.33899999999998665,0.05588235294117647,1643.6,4.24,0.0
6973,0,189,-0.8119999999999998,0.0582010582010582,1643.7,4.24,0.0
6974,4,717,3.7159999999999895,0.05578800557880056,1644.1,4.24,0.0
6975,2,449,1.4479999999999746,0.0556792873051225,1644.3,4.24,0.0
6976,0,179,-0.8219999999999998,0.05027932960893855,1644.4,4.24,0.0
6977,7,1113,7.112000000000036,0.055705300988319856,1645.0,4.24,0.0
6978,4,713,3.711999999999988,0.056100981767180924,1645.3,4.24,0.0
6979,7,1113,7.112000000000036,0.055705300988319856,1645.9,4.24,0.0
6980,0,179,-0.8219999999999998,0.055865921787709494,1646.0,4.24,0.0
6981,1,317,0.3159999999999892,0.056782334384858045,1646.2,4.24,0.0
6982,2,463,1.461999999999973,0.056155507559395246,1646.4,4.24,0.0
6983,1,336,0.3349999999999871,0.05654761904761905,1646.6,4.24,0.0
6984,1,313,0.3119999999999896,0.054313099041533544,1646.8,4.24,0.0
6985,0,186,-0.8149999999999998,0.05913978494623656,1646.9,4.24,0.0
6986,0,179,-0.8219999999999998,0.055865921787709494,1647.0,4.24,0.0
6987,6,979,5.978000000000075,0.05515832482124617,1647.5,4.24,0.0
6988,1,313,0.3119999999999896,0.05750798722044728,1647.6,4.24,0.0
6989,1,313,0.3119999999999896,0.054313099041533544,1647.8,4.24,0.0
6990,8,1257,8.255999999999956,0.05568814638027048,1648.5,4.24,0.0
6991,6,1001,6.000000000000083,0.055944055944055944,1649.0,4.24,0.0
6992,0,179,-0.8219999999999998,0.055865921787709494,1649.1,4.24,0.0
6993,1,313,0.3119999999999896,0.054313099041533544,1649.3,4.24,0.0
6994,1,313,0.3119999999999896,0.054313099041533544,1649.4,4.24,0.0
6995,0,184,-0.8169999999999998,0.059782608695652176,1649.5,4.24,0.0
6996,0,179,-0.8219999999999998,0.055865921787709494,1649.6,4.24,0.0
6997,1,313,0.3119999999999896,0.054313099041533544,1649.8,4.24,0.0
6998,3,579,2.5779999999999603,0.055267702936096716,1650.1,4.24,0.0
6999,2,446,1.444999999999975,0.05605381165919283,1650.4,4.24,0.0
7000,1,313,0.3119999999999896,0.054313099041533544,1650.5,4.24,0.0
7001,2,465,1.4639999999999729,0.05591397849462366,1653.5,4.23,0.0
7002,3,584,2.5829999999999598,0.05650684931506849,1653.8,4.23,0.0
7003,2,446,1.444999999999975,0.05605381165919283,1654.1,4.23,0.0
7004,0,179,-0.8219999999999998,0.055865921787709494,1654.2,4.23,0.0
7005,1,313,0.3119999999999896,0.054313099041533544,1654.3,4.23,0.0
7006,3,585,2.5839999999999597,0.05641025641025641,1654.6,4.23,0.0
7007,1,313,0.3119999999999896,0.054313099041533544,1654.8,4.23,0.0
7008,1,313,0.3119999999999896,0.054313099041533544,1655.0,4.24,0.0
7009,1,314,0.3129999999999895,0.05732484076433121,1655.1,4.24,0.0
7010,3,588,2.5869999999999593,0.05612244897959184,1655.4,4.24,0.0
7011,9,1398,9.396999999999878,0.055793991416309016,1656.2,4.23,0.0
7012,0,186,-0.8149999999999998,0.05913978494623656,1656.3,4.23,0.0
7013,1,317,0.3159999999999892,0.056782334384858045,1656.4,4.23,0.0
7014,1,313,0.3119999999999896,0.054313099041533544,1656.6,4.23,0.0
7015,0,179,-0.8219999999999998,0.055865921787709494,1656.7,4.23,0.0
7016,0,179,-0.8219999999999998,0.055865921787709494,1656.8,4.24,0.0
7017,1,315,0.3139999999999894,0.05714285714285714,1657.0,4.24,0.0
7018,0,184,-0.8169999999999998,0.059782608695652176,1657.1,4.24,0.0
7019,1,321,0.31999999999998874,0.056074766355140186,1657.2,4.24,0.0
7020,0,192,-0.8089999999999998,0.057291666666666664,1657.3,4.24,0.0
7021,1,336,0.3349999999999871,0.05654761904761905,1657.5,4.24,0.0
7022,5,856,4.855000000000035,0.056074766355140186,1658.0,4.24,0.0
7023,0,179,-0.8219999999999998,0.055865921787709494,1658.0,4.24,0.0
7024,0,179,-0.8219999999999998,0.055865921787709494,1658.1,4.24,0.0
7025,1,337,0.335999999999987,0.05637982195845697,1658.3,4.24,0.0
7026,0,179,-0.8219999999999998,0.055865921787709494,1658.4,4.24,0.0
7027,2,459,1.4579999999999735,0.05664488017429194,1658.6,4.24,0.0
7028,5,846,4.845000000000032,0.05555555555555555,1659.1,4.24,0.0
7029,3,589,2.587999999999959,0.05602716468590832,1659.4,4.24,0.0
7030,3,586,2.5849999999999596,0.05631399317406143,1659.7,4.24,0.0
7031,1,313,0.3119999999999896,0.054313099041533544,1659.8,4.24,0.0
7032,0,187,-0.8139999999999998,0.058823529411764705,1659.9,4.24,0.0
7033,7,1113,7.112000000000036,0.055705300988319856,1660.5,4.24,0.0
7034,0,179,-0.8219999999999998,0.055865921787709494,1660.6,4.24,0.0
7035,0,179,-0.8219999999999998,0.055865921787709494,1660.7,4.24,0.0
7036,0,179,-0.8219999999999998,0.055865921787709494,1660.8,4.24,0.0
7037,1,313,0.3119999999999896,0.05750798722044728,1661.0,4.24,0.0
7038,0,179,-0.8219999999999998,0.055865921787709494,1661.1,4.24,0.0
7039,1,313,0.3119999999999896,0.054313099041533544,1661.3,4.24,0.0
7040,1,314,0.3129999999999895,0.05732484076433121,1661.4,4.24,0.0
7041,0,185,-0.8159999999999998,0.05945945945945946,1661.5,4.24,0.0
7042,3,584,2.5829999999999598,0.05650684931506849,1661.8,4.24,0.0
7043,3,591,2.589999999999959,0.05583756345177665,1662.1,4.24,0.0
7044,2,462,1.4609999999999732,0.05627705627705628,1662.4,4.24,0.0
7045,6,979,5.978000000000075,0.05515832482124617,1662.9,4.24,0.0
7046,0,195,-0.8059999999999998,0.05641025641025641,1663.0,4.24,0.0
7047,4,713,3.711999999999988,0.056100981767180924,1663.4,4.24,0.0
7048,3,579,2.5779999999999603,0.055267702936096716,1663.7,4.24,0.0
7049,4,714,3.7129999999999885,0.056022408963585436,1664.0,4.24,0.0
7050,0,183,-0.8179999999999998,0.060109289617486336,1664.1,4.24,0.0
7051,3,579,2.5779999999999603,0.055267702936096716,1664.4,4.24,0.0
7052,0,187,-0.8139999999999998,0.058823529411764705,1664.5,4.24,0.0
7053,0,179,-0.8219999999999998,0.05027932960893855,1664.6,4.24,0.0
7054,1,335,0.3339999999999872,0.056716417910447764,1664.8,4.24,0.0
7055,1,313,0.3119999999999896,0.054313099041533544,1665.0,4.24,0.0
7056,2,446,1.444999999999975,0.05605381165919283,1665.2,4.24,0.0
7057,1,336,0.3349999999999871,0.05654761904761905,1665.4,4.24,0.0
7058,0,179,-0.8219999999999998,0.055865921787709494,1665.5,4.24,0.0
7059,0,179,-0.8219999999999998,0.055865921787709494,1665.6,4.24,0.0
7060,2,446,1.444999999999975,0.05605381165919283,1665.8,4.24,0.0
7061,0,192,-0.8089999999999998,0.057291666666666664,1665.9,4.24,0.0
7062,1,313,0.3119999999999896,0.054313099041533544,1666.1,4.24,0.0
7063,3,587,2.5859999999999594,0.056218057921635436,1666.4,4.24,0.0
7064,1,313,0.3119999999999896,0.05750798722044728,1666.5,4.24,0.0
7065,0,190,-0.8109999999999998,0.05789473684210526,1666.6,4.24,0.0
7066,3,579,2.5779999999999603,0.055267702936096716,1667.0,4.24,0.0
7067,1,341,0.33999999999998654,0.05571847507331378,1667.1,4.24,0.0
7068,0,179,-0.8219999999999998,0.055865921787709494,1667.2,4.24,0.0
7069,1,313,0.3119999999999896,0.054313099041533544,1667.4,4.24,0.0
7070,1,336,0.3349999999999871,0.05654761904761905,1667.6,4.24,0.0
7071,3,579,2.5779999999999603,0.05699481865284974,1667.9,4.24,0.0
7072,1,313,0.3119999999999896,0.054313099041533544,1668.0,4.24,0.0
7073,2,446,1.444999999999975,0.053811659192825115,1668.3,4.24,0.0
7074,4,713,3.711999999999988,0.0546984572230014,1668.6,4.24,0.0
7075,0,179,-0.8219999999999998,0.055865921787709494,1668.7,4.24,0.0
7076,4,733,3.731999999999995,0.05593451568894952,1669.1,4.24,0.0
7077,1,313,0.3119999999999896,0.054313099041533544,1669.3,4.24,0.0
7078,1,323,0.3219999999999885,0.05572755417956656,1669.5,4.24,0.0
7079,0,179,-0.8219999999999998,0.055865921787709494,1669.5,4.24,0.0
7080,2,446,1.444999999999975,0.05605381165919283,1669.8,4.24,0.0
7081,1,313,0.3119999999999896,0.054313099041533544,1669.9,4.24,0.0
7082,4,713,3.711999999999988,0.0546984572230014,1670.3,4.24,0.0
7083,0,192,-0.8089999999999998,0.057291666666666664,1670.4,4.24,0.0
7084,3,579,2.5779999999999603,0.055267702936096716,1670.7,4.24,0.0
7085,1,338,0.33699999999998687,0.05621301775147929,1670.9,4.24,0.0
7086,1,317,0.3159999999999892,0.056782334384858045,1671.1,4.24,0.0
7087,1,313,0.3119999999999896,0.05750798722044728,1671.2,4.24,0.0
7088,1,313,0.3119999999999896,0.054313099041533544,1671.4,4.24,0.0
7089,4,713,3.711999999999988,0.056100981767180924,1671.8,4.24,0.0
7090,2,446,1.444999999999975,0.05605381165919283,1672.0,4.24,0.0
7091,0,179,-0.8219999999999998,0.055865921787709494,1672.1,4.24,0.0
7092,5,846,4.845000000000032,0.05555555555555555,1672.6,4.24,0.0
7093,2,461,1.4599999999999733,0.05639913232104121,1672.8,4.24,0.0
7094,3,579,2.5779999999999603,0.055267702936096716,1673.1,4.24,0.0
7095,0,179,-0.8219999999999998,0.055865921787709494,1673.2,4.24,0.0
7096,0,179,-0.8219999999999998,0.05027932960893855,1673.3,4.24,0.0
7097,5,846,4.845000000000032,0.05555555555555555,1673.7,4.24,0.0
7098,3,579,2.5779999999999603,0.055267702936096716,1674.0,4.24,0.0
7099,0,179,-0.8219999999999998,0.055865921787709494,1674.1,4.24,0.0
7100,6,979,5.978000000000075,0.05515832482124617,1674.6,4.24,0.0
7101,1,318,0.31699999999998907,0.05660377358490566,1674.8,4.24,0.0
7102,3,579,2.5779999999999603,0.055267702936096716,1675.1,4.24,0.0
7103,0,179,-0.8219999999999998,0.055865921787709494,1675.2,4.24,0.0
7104,4,717,3.7159999999999895,0.05578800557880056,1675.6,4.24,0.0
7105,0,179,-0.8219999999999998,0.055865921787709494,1675.7,4.24,0.0
7106,0,191,-0.8099999999999998,0.05759162303664921,1675.8,4.24,0.0
7107,0,179,-0.8219999999999998,0.055865921787709494,1675.9,4.24,0.0
7108,1,318,0.31699999999998907,0.05660377358490566,1676.0,4.24,0.0
7109,3,605,2.6039999999999575,0.05619834710743802,1676.4,4.24,0.0
7110,0,179,-0.8219999999999998,0.055865921787709494,1676.4,4.24,0.0
7111,1,313,0.3119999999999896,0.054313099041533544,1676.6,4.24,0.0
7112,1,319,0.31799999999998896,0.05642633228840126,1676.8,4.24,0.0
7113,0,179,-0.8219999999999998,0.055865921787709494,1676.9,4.24,0.0
7114,6,979,5.978000000000075,0.05515832482124617,1677.4,4.24,0.0
7115,1,313,0.3119999999999896,0.054313099041533544,1677.6,4.24,0.0
7116,3,608,2.606999999999957,0.05592105263157895,1677.9,4.24,0.0
7117,0,179,-0.8219999999999998,0.055865921787709494,1678.0,4.24,0.0
7118,0,179,-0.8219999999999998,0.055865921787709494,1678.1,4.24,0.0
7119,3,579,2.5779999999999603,0.055267702936096716,1678.4,4.24,0.0
7120,0,187,-0.8139999999999998,0.058823529411764705,1678.5,4.24,0.0
7121,1,313,0.3119999999999896,0.05750798722044728,1678.6,4.24,0.0
7122,3,579,2.5779999999999603,0.055267702936096716,1678.9,4.24,0.0
7123,1,317,0.3159999999999892,0.056782334384858045,1679.1,4.24,0.0
7124,0,184,-0.8169999999999998,0.059782608695652176,1679.2,4.24,0.0
7125,3,581,2.57999999999996,0.05679862306368331,1679.5,4.24,0.0
7126,0,193,-0.8079999999999998,0.05699481865284974,1679.6,4.24,0.0
7127,0,179,-0.8219999999999998,0.055865921787709494,1679.7,4.24,0.0
7128,4,713,3.711999999999988,0.0546984572230014,1680.1,4.24,0.0
7129,7,1113,7.112000000000036,0.055705300988319856,1680.7,4.24,0.0
7130,2,447,1.4459999999999749,0.05592841163310962,1680.9,4.24,0.0
7131,5,855,4.854000000000035,0.056140350877192984,1681.3,4.24,0.0
7132,2,465,1.4639999999999729,0.05591397849462366,1681.6,4.24,0.0
7133,1,313,0.3119999999999896,0.054313099041533544,1681.7,4.24,0.0
7134,9,1379,9.377999999999888,0.05583756345177665,1682.5,4.24,0.0
7135,1,313,0.3119999999999896,0.05750798722044728,1682.6,4.24,0.0
7136,3,579,2.5779999999999603,0.055267702936096716,1682.9,4.24,0.0
7137,2,446,1.444999999999975,0.05605381165919283,1683.2,4.24,0.0
7138,3,589,2.587999999999959,0.05602716468590832,1683.5,4.24,0.0
7139,1,321,0.31999999999998874,0.056074766355140186,1683.6,4.24,0.0
7140,2,446,1.444999999999975,0.05605381165919283,1683.9,4.24,0.0
7141,2,446,1.444999999999975,0.053811659192825115,1684.1,4.24,0.0
7142,7,1132,7.131000000000025,0.05565371024734982,1684.7,4.24,0.0
7143,2,446,1.444999999999975,0.053811659192825115,1684.9,4.24,0.0
7144,0,183,-0.8179999999999998,0.060109289617486336,1685.0,4.24,0.0
7145,0,179,-0.8219999999999998,0.055865921787709494,1685.1,4.24,0.0
7146,1,315,0.3139999999999894,0.05714285714285714,1685.3,4.24,0.0
7147,1,335,0.3339999999999872,0.056716417910447764,1685.5,4.24,0.0
7148,1,323,0.3219999999999885,0.05572755417956656,1685.7,4.24,0.0
7149,0,179,-0.8219999999999998,0.055865921787709494,1685.8,4.24,0.0
7150,10,1514,10.512999999999813,0.056142668428005284,1686.6,4.24,0.0
7151,1,337,0.335999999999987,0.05637982195845697,1686.8,4.24,0.0
7152,2,446,1.444999999999975,0.05605381165919283,1687.0,4.24,0.0
7153,1,313,0.3119999999999896,0.05750798722044728,1687.2,4.24,0.0
7154,2,446,1.444999999999975,0.053811659192825115,1687.4,4.24,0.0
7155,0,188,-0.8129999999999998,0.05851063829787234,1687.5,4.24,0.0
7156,1,313,0.3119999999999896,0.05750798722044728,1687.7,4.24,0.0
7157,2,446,1.444999999999975,0.053811659192825115,1687.9,4.24,0.0
7158,0,179,-0.8219999999999998,0.055865921787709494,1688.0,4.24,0.0
7159,2,446,1.444999999999975,0.05605381165919283,1688.2,4.24,0.0
7160,2,446,1.444999999999975,0.05605381165919283,1688.5,4.24,0.0
7161,0,179,-0.8219999999999998,0.055865921787709494,1688.6,4.24,0.0
7162,1,313,0.3119999999999896,0.054313099041533544,1688.8,4.24,0.0
7163,3,579,2.5779999999999603,0.055267702936096716,1689.1,4.24,0.0
7164,1,313,0.3119999999999896,0.054313099041533544,1689.2,4.24,0.0
7165,0,186,-0.8149999999999998,0.05913978494623656,1689.3,4.24,0.0
7166,0,179,-0.8219999999999998,0.055865921787709494,1689.4,4.24,0.0
7167,4,713,3.711999999999988,0.056100981767180924,1689.8,4.24,0.0
7168,2,446,1.444999999999975,0.05605381165919283,1690.0,4.24,0.0
7169,2,446,1.444999999999975,0.053811659192825115,1690.3,4.24,0.0
7170,1,313,0.3119999999999896,0.054313099041533544,1690.4,4.24,0.0
7171,1,318,0.31699999999998907,0.05660377358490566,1690.6,4.24,0.0
7172,0,179,-0.8219999999999998,0.055865921787709494,1690.7,4.24,0.0
7173,0,179,-0.8219999999999998,0.055865921787709494,1690.8,4.24,0.0
7174,0,179,-0.8219999999999998,0.055865921787709494,1690.9,4.24,0.0
7175,2,453,1.4519999999999742,0.05739514348785872,1691.1,4.24,0.0
7176,4,713,3.711999999999988,0.0546984572230014,1691.5,4.24,0.0
7177,0,179,-0.8219999999999998,0.055865921787709494,1691.6,4.24,0.0
7178,1,315,0.3139999999999894,0.05714285714285714,1691.7,4.24,0.0
7179,2,446,1.444999999999975,0.05605381165919283,1692.0,4.24,0.0
7180,1,341,0.33999999999998654,0.05571847507331378,1692.2,4.24,0.0
7181,1,313,0.3119999999999896,0.05750798722044728,1692.3,4.24,0.0
7182,1,313,0.3119999999999896,0.05750798722044728,1692.5,4.24,0.0
7183,5,846,4.845000000000032,0.05555555555555555,1692.9,4.24,0.0
7184,0,179,-0.8219999999999998,0.055865921787709494,1693.0,4.24,0.0
7185,3,579,2.5779999999999603,0.055267702936096716,1693.3,4.24,0.0
7186,1,313,0.3119999999999896,0.054313099041533544,1693.5,4.24,0.0
7187,1,313,0.3119999999999896,0.054313099041533544,1693.7,4.24,0.0
7188,0,195,-0.8059999999999998,0.05641025641025641,1693.7,4.24,0.0
7189,3,592,2.590999999999959,0.05574324324324324,1694.0,4.24,0.0
7190,3,579,2.5779999999999603,0.055267702936096716,1694.4,4.24,0.0
7191,0,192,-0.8089999999999998,0.057291666666666664,1694.5,4.24,0.0
7192,0,179,-0.8219999999999998,0.055865921787709494,1694.6,4.24,0.0
7193,3,579,2.5779999999999603,0.055267702936096716,1694.9,4.24,0.0
7194,1,313,0.3119999999999896,0.054313099041533544,1695.0,4.24,0.0
7195,0,179,-0.8219999999999998,0.055865921787709494,1695.1,4.25,0.0
7196,8,1246,8.244999999999962,0.05537720706260032,1695.8,4.24,0.0
7197,3,585,2.5839999999999597,0.05641025641025641,1696.1,4.24,0.0
7198,2,446,1.444999999999975,0.05605381165919283,1696.3,4.24,0.0
7199,8,1257,8.255999999999956,0.05568814638027048,1697.0,4.24,0.0
7200,2,446,1.444999999999975,0.05605381165919283,1697.2,4.24,0.0
7201,4,713,3.711999999999988,0.056100981767180924,1697.6,4.24,0.0
7202,1,313,0.3119999999999896,0.05750798722044728,1697.8,4.24,0.0
7203,2,455,1.453999999999974,0.05714285714285714,1698.0,4.24,0.0
7204,1,313,0.3119999999999896,0.05750798722044728,1698.2,4.24,0.0
7205,3,585,2.5839999999999597,0.05641025641025641,1698.5,4.24,0.0
7206,0,192,-0.8089999999999998,0.057291666666666664,1698.6,4.24,0.0
7207,7,1114,7.113000000000035,0.05565529622980251,1699.2,4.24,0.0
7208,4,713,3.711999999999988,0.056100981767180924,1699.5,4.24,0.0
7209,1,336,0.3349999999999871,0.05654761904761905,1699.7,4.24,0.0
7210,2,458,1.4569999999999736,0.056768558951965066,1699.9,4.24,0.0
7211,0,184,-0.8169999999999998,0.059782608695652176,1700.0,4.24,0.0
7212,3,579,2.5779999999999603,0.055267702936096716,1700.3,4.24,0.0
7213,5,857,4.856000000000035,0.056009334889148193,1700.8,4.24,0.0
7214,1,313,0.3119999999999896,0.054313099041533544,1701.0,4.24,0.0
7215,2,446,1.444999999999975,0.05605381165919283,1701.2,4.24,0.0
7216,2,459,1.4579999999999735,0.05664488017429194,1701.4,4.24,0.0
7217,0,179,-0.8219999999999998,0.055865921787709494,1701.5,4.24,0.0
7218,4,713,3.711999999999988,0.056100981767180924,1701.9,4.24,0.0
7219,0,190,-0.8109999999999998,0.05789473684210526,1702.0,4.24,0.0
7220,0,179,-0.8219999999999998,0.055865921787709494,1702.1,4.24,0.0
7221,1,313,0.3119999999999896,0.054313099041533544,1702.3,4.24,0.0
7222,1,313,0.3119999999999896,0.05750798722044728,1702.4,4.24,0.0
7223,0,179,-0.8219999999999998,0.055865921787709494,1702.5,4.24,0.0
7224,1,313,0.3119999999999896,0.054313099041533544,1702.7,4.24,0.0
7225,0,184,-0.8169999999999998,0.059782608695652176,1702.8,4.24,0.0
7226,2,446,1.444999999999975,0.05605381165919283,1703.0,4.24,0.0
7227,0,191,-0.8099999999999998,0.05759162303664921,1703.1,4.24,0.0
7228,4,727,3.725999999999993,0.05639614855570839,1703.5,4.24,0.0
7229,1,313,0.3119999999999896,0.054313099041533544,1703.6,4.24,0.0
7230,1,338,0.33699999999998687,0.05621301775147929,1703.8,4.24,0.0
7231,3,579,2.5779999999999603,0.055267702936096716,1704.1,4.24,0.0
7232,2,446,1.444999999999975,0.05605381165919283,1704.4,4.24,0.0
7233,4,713,3.711999999999988,0.056100981767180924,1704.7,4.24,0.0
7234,1,313,0.3119999999999896,0.05750798722044728,1704.9,4.24,0.0
7235,2,446,1.444999999999975,0.053811659192825115,1705.2,4.24,0.0
7236,1,313,0.3119999999999896,0.054313099041533544,1705.3,4.24,0.0
7237,1,314,0.3129999999999895,0.05732484076433121,1705.5,4.24,0.0
7238,4,713,3.711999999999988,0.0546984572230014,1705.9,4.24,0.0
7239,0,179,-0.8219999999999998,0.055865921787709494,1705.9,4.24,0.0
7240,4,713,3.711999999999988,0.0546984572230014,1706.3,4.24,0.0
7241,5,846,4.845000000000032,0.05555555555555555,1706.8,4.24,0.0
7242,2,461,1.4599999999999733,0.05639913232104121,1707.0,4.24,0.0
7243,1,313,0.3119999999999896,0.054313099041533544,1707.2,4.24,0.0
7244,1,313,0.3119999999999896,0.05750798722044728,1707.4,4.24,0.0
7245,5,846,4.845000000000032,0.05555555555555555,1707.8,4.24,0.0
7246,0,184,-0.8169999999999998,0.059782608695652176,1707.9,4.24,0.0
7247,0,190,-0.8109999999999998,0.05789473684210526,1708.0,4.24,0.0
7248,0,186,-0.8149999999999998,0.05913978494623656,1708.1,4.24,0.0
7249,4,713,3.711999999999988,0.056100981767180924,1708.5,4.24,0.0
7250,0,179,-0.8219999999999998,0.055865921787709494,1708.6,4.24,0.0
7251,3,579,2.5779999999999603,0.055267702936096716,1708.9,4.24,0.0
7252,5,846,4.845000000000032,0.05555555555555555,1709.3,4.24,0.0
7253,3,579,2.5779999999999603,0.055267702936096716,1709.6,4.24,0.0
7254,0,179,-0.8219999999999998,0.055865921787709494,1709.7,4.24,0.0
7255,0,186,-0.8149999999999998,0.05913978494623656,1709.8,4.24,0.0
7256,4,713,3.711999999999988,0.056100981767180924,1710.2,4.24,0.0
7257,2,446,1.444999999999975,0.05605381165919283,1710.4,4.24,0.0
7258,7,1113,7.112000000000036,0.055705300988319856,1711.0,4.24,0.0
7259,3,585,2.5839999999999597,0.05641025641025641,1711.3,4.24,0.0
7260,0,195,-0.8059999999999998,0.05641025641025641,1711.4,4.24,0.0
7261,1,341,0.33999999999998654,0.05571847507331378,1711.6,4.24,0.0
7262,3,579,2.5779999999999603,0.055267702936096716,1711.9,4.24,0.0
7263,0,179,-0.8219999999999998,0.055865921787709494,1712.0,4.24,0.0
7264,4,713,3.711999999999988,0.0546984572230014,1712.4,4.24,0.0
7265,1,313,0.3119999999999896,0.05750798722044728,1712.6,4.24,0.0
7266,1,313,0.3119999999999896,0.054313099041533544,1712.7,4.24,0.0
7267,3,589,2.587999999999959,0.05602716468590832,1713.1,4.24,0.0
7268,1,313,0.3119999999999896,0.054313099041533544,1713.2,4.24,0.0
7269,0,183,-0.8179999999999998,0.060109289617486336,1713.3,4.24,0.0
7270,3,579,2.5779999999999603,0.055267702936096716,1713.6,4.24,0.0
7271,2,454,1.452999999999974,0.05726872246696035,1713.8,4.24,0.0
7272,5,846,4.845000000000032,0.05555555555555555,1714.3,4.24,0.0
7273,3,579,2.5779999999999603,0.055267702936096716,1714.6,4.24,0.0
7274,0,179,-0.8219999999999998,0.055865921787709494,1714.7,4.24,0.0
7275,0,179,-0.8219999999999998,0.055865921787709494,1714.8,4.24,0.0
7276,2,446,1.444999999999975,0.05605381165919283,1715.0,4.24,0.0
7277,6,979,5.978000000000075,0.05515832482124617,1715.5,4.24,0.0
7278,1,313,0.3119999999999896,0.054313099041533544,1715.7,4.24,0.0
7279,0,186,-0.8149999999999998,0.05913978494623656,1715.8,4.24,0.0
7280,0,192,-0.8089999999999998,0.057291666666666664,1715.9,4.24,0.0
7281,3,591,2.589999999999959,0.05583756345177665,1716.2,4.24,0.0
7282,2,446,1.444999999999975,0.05605381165919283,1716.5,4.24,0.0
7283,0,179,-0.8219999999999998,0.055865921787709494,1716.6,4.24,0.0
7284,0,194,-0.8069999999999998,0.05670103092783505,1716.7,4.24,0.0
7285,0,179,-0.8219999999999998,0.055865921787709494,1716.7,4.24,0.0
7286,1,313,0.3119999999999896,0.054313099041533544,1716.9,4.24,0.0
7287,2,457,1.4559999999999738,0.05689277899343545,1717.2,4.24,0.0
7288,0,188,-0.8129999999999998,0.05851063829787234,1717.3,4.24,0.0
7289,3,584,2.5829999999999598,0.05650684931506849,1717.6,4.24,0.0
7290,0,179,-0.8219999999999998,0.055865921787709494,1717.7,4.24,0.0
7291,6,1003,6.002000000000083,0.05583250249252243,1718.2,4.24,0.0
7292,0,179,-0.8219999999999998,0.055865921787709494,1718.3,4.24,0.0
7293,5,854,4.853000000000034,0.05620608899297424,1718.7,4.24,0.0
7294,0,179,-0.8219999999999998,0.055865921787709494,1718.8,4.24,0.0
7295,0,188,-0.8129999999999998,0.05851063829787234,1718.9,4.24,0.0
7296,3,591,2.589999999999959,0.05583756345177665,1719.2,4.24,0.0
7297,1,313,0.3119999999999896,0.05750798722044728,1719.4,4.24,0.0
7298,2,455,1.453999999999974,0.05714285714285714,1719.6,4.24,0.0
7299,6,979,5.978000000000075,0.05515832482124617,1720.1,4.24,0.0
7300,2,452,1.4509999999999743,0.05752212389380531,1720.4,4.24,0.0
7301,1,313,0.3119999999999896,0.05750798722044728,1720.5,4.24,0.0
7302,1,317,0.3159999999999892,0.056782334384858045,1720.7,4.24,0.0
7303,1,313,0.3119999999999896,0.054313099041533544,1720.9,4.24,0.0
7304,4,727,3.725999999999993,0.05639614855570839,1721.3,4.24,0.0
7305,0,184,-0.8169999999999998,0.059782608695652176,1721.4,4.24,0.0
7306,0,179,-0.8219999999999998,0.055865921787709494,1721.5,4.24,0.0
7307,0,179,-0.8219999999999998,0.055865921787709494,1721.6,4.24,0.0
7308,0,185,-0.8159999999999998,0.05945945945945946,1721.7,4.25,0.0
7309,3,593,2.591999999999959,0.05564924114671164,1722.0,4.25,0.0
7310,1,336,0.3349999999999871,0.05654761904761905,1722.1,4.25,0.0
7311,3,610,2.608999999999957,0.05573770491803279,1722.5,4.25,0.0
7312,1,314,0.3129999999999895,0.05732484076433121,1722.6,4.25,0.0
7313,2,465,1.4639999999999729,0.05591397849462366,1722.9,4.25,0.0
7314,0,179,-0.8219999999999998,0.055865921787709494,1723.0,4.25,0.0
7315,2,456,1.4549999999999739,0.05701754385964912,1723.2,4.25,0.0
7316,0,179,-0.8219999999999998,0.055865921787709494,1723.3,4.25,0.0
7317,1,313,0.3119999999999896,0.054313099041533544,1723.4,4.25,0.0
7318,0,179,-0.8219999999999998,0.055865921787709494,1723.5,4.25,0.0
7319,0,188,-0.8129999999999998,0.05851063829787234,1723.7,4.25,0.0
7320,0,190,-0.8109999999999998,0.05789473684210526,1723.8,4.25,0.0
7321,4,713,3.711999999999988,0.056100981767180924,1724.1,4.25,0.0
7322,3,585,2.5839999999999597,0.05641025641025641,1724.4,4.25,0.0
7323,1,321,0.31999999999998874,0.056074766355140186,1724.6,4.25,0.0
7324,0,184,-0.8169999999999998,0.059782608695652176,1724.7,4.25,0.0
7325,4,713,3.711999999999988,0.056100981767180924,1725.1,4.25,0.0
7326,0,179,-0.8219999999999998,0.055865921787709494,1725.2,4.25,0.0
7327,0,179,-0.8219999999999998,0.055865921787709494,1725.3,4.25,0.0
7328,0,179,-0.8219999999999998,0.055865921787709494,1725.4,4.25,0.0
7329,6,979,5.978000000000075,0.05515832482124617,1725.9,4.25,0.0
7330,4,717,3.7159999999999895,0.05578800557880056,1726.3,4.25,0.0
7331,6,979,5.978000000000075,0.056179775280898875,1726.8,4.25,0.0
7332,3,579,2.5779999999999603,0.055267702936096716,1727.1,4.25,0.0
7333,1,320,0.31899999999998885,0.05625,1727.3,4.25,0.0
7334,2,446,1.444999999999975,0.05605381165919283,1727.5,4.25,0.0
7335,6,979,5.978000000000075,0.05515832482124617,1728.0,4.25,0.0
7336,1,313,0.3119999999999896,0.05750798722044728,1728.2,4.25,0.0
7337,3,588,2.5869999999999593,0.05612244897959184,1728.5,4.25,0.0
7338,0,179,-0.8219999999999998,0.055865921787709494,1728.6,4.25,0.0
7339,0,179,-0.8219999999999998,0.055865921787709494,1728.7,4.25,0.0
7340,1,314,0.3129999999999895,0.05732484076433121,1728.8,4.25,0.0
7341,7,1113,7.112000000000036,0.055705300988319856,1729.4,4.25,0.0
7342,4,731,3.729999999999994,0.0560875512995896,1729.8,4.25,0.0
7343,1,335,0.3339999999999872,0.056716417910447764,1730.0,4.25,0.0
7344,2,446,1.444999999999975,0.05605381165919283,1730.2,4.25,0.0
7345,11,1646,11.64499999999974,0.05589307411907655,1731.0,4.24,0.0
7346,1,313,0.3119999999999896,0.054313099041533544,1731.2,4.24,0.0
7347,1,319,0.31799999999998896,0.05642633228840126,1731.4,4.24,0.0
7348,6,979,5.978000000000075,0.05515832482124617,1731.9,4.24,0.0
7349,1,313,0.3119999999999896,0.054313099041533544,1732.1,4.24,0.0
7350,5,846,4.845000000000032,0.05555555555555555,1732.5,4.24,0.0
7351,1,313,0.3119999999999896,0.054313099041533544,1732.7,4.24,0.0
7352,0,179,-0.8219999999999998,0.055865921787709494,1732.8,4.24,0.0
7353,0,190,-0.8109999999999998,0.05789473684210526,1732.9,4.24,0.0
7354,2,453,1.4519999999999742,0.05739514348785872,1733.1,4.24,0.0
7355,8,1251,8.24999999999996,0.055955235811350916,1733.8,4.24,0.0
7356,5,852,4.851000000000034,0.056338028169014086,1734.2,4.24,0.0
7357,2,447,1.4459999999999749,0.05592841163310962,1734.4,4.24,0.0
7358,4,713,3.711999999999988,0.056100981767180924,1734.8,4.24,0.0
7359,3,583,2.58199999999996,0.05660377358490566,1735.1,4.24,0.0
7360,3,600,2.598999999999958,0.056666666666666664,1735.4,4.24,0.0
7361,1,313,0.3119999999999896,0.054313099041533544,1735.6,4.24,0.0
7362,0,179,-0.8219999999999998,0.055865921787709494,1735.7,4.24,0.0
7363,0,179,-0.8219999999999998,0.055865921787709494,1735.8,4.24,0.0
7364,3,579,2.5779999999999603,0.055267702936096716,1736.1,4.24,0.0
7365,1,313,0.3119999999999896,0.05750798722044728,1736.2,4.24,0.0
7366,3,579,2.5779999999999603,0.055267702936096716,1736.5,4.24,0.0
7367,1,313,0.3119999999999896,0.05750798722044728,1736.7,4.24,0.0
7368,2,446,1.444999999999975,0.05605381165919283,1737.0,4.24,0.0
7369,0,179,-0.8219999999999998,0.055865921787709494,1737.0,4.24,0.0
7370,1,313,0.3119999999999896,0.054313099041533544,1737.2,4.24,0.0
7371,0,195,-0.8059999999999998,0.05641025641025641,1737.3,4.24,0.0
7372,0,186,-0.8149999999999998,0.05913978494623656,1737.4,4.24,0.0
7373,0,195,-0.8059999999999998,0.05641025641025641,1737.5,4.24,0.0
7374,3,579,2.5779999999999603,0.055267702936096716,1737.8,4.24,0.0
7375,2,457,1.4559999999999738,0.05689277899343545,1738.1,4.24,0.0
7376,5,846,4.845000000000032,0.05555555555555555,1738.5,4.24,0.0
7377,1,335,0.3339999999999872,0.056716417910447764,1738.7,4.24,0.0
7378,1,313,0.3119999999999896,0.05750798722044728,1738.8,4.24,0.0
7379,0,179,-0.8219999999999998,0.055865921787709494,1738.9,4.24,0.0
7380,0,179,-0.8219999999999998,0.055865921787709494,1739.0,4.24,0.0
7381,1,313,0.3119999999999896,0.054313099041533544,1739.2,4.24,0.0
7382,2,446,1.444999999999975,0.053811659192825115,1739.4,4.24,0.0
7383,0,179,-0.8219999999999998,0.055865921787709494,1739.5,4.24,0.0
7384,2,446,1.444999999999975,0.05605381165919283,1739.7,4.24,0.0
7385,2,480,1.4789999999999712,0.05625,1740.0,4.24,0.0
7386,8,1246,8.244999999999962,0.05537720706260032,1740.6,4.24,0.0
7387,1,313,0.3119999999999896,0.054313099041533544,1740.8,4.24,0.0
7388,1,313,0.3119999999999896,0.05750798722044728,1741.0,4.24,0.0
7389,6,979,5.978000000000075,0.056179775280898875,1741.5,4.24,0.0
7390,5,846,4.845000000000032,0.05555555555555555,1741.9,4.24,0.0
7391,3,579,2.5779999999999603,0.055267702936096716,1742.3,4.24,0.0
7392,1,313,0.3119999999999896,0.054313099041533544,1742.4,4.24,0.0
7393,0,179,-0.8219999999999998,0.055865921787709494,1742.5,4.24,0.0
7394,0,179,-0.8219999999999998,0.055865921787709494,1742.6,4.24,0.0
7395,2,446,1.444999999999975,0.05605381165919283,1742.9,4.24,0.0
7396,2,456,1.4549999999999739,0.05701754385964912,1743.1,4.24,0.0
7397,0,179,-0.8219999999999998,0.055865921787709494,1743.2,4.24,0.0
7398,6,983,5.982000000000077,0.05595116988809766,1743.7,4.24,0.0
7399,1,313,0.3119999999999896,0.054313099041533544,1743.9,4.24,0.0
7400,0,179,-0.8219999999999998,0.055865921787709494,1744.0,4.24,0.0
7401,4,737,3.735999999999996,0.05563093622795115,1744.3,4.24,0.0
7402,5,846,4.845000000000032,0.05555555555555555,1744.8,4.24,0.0
7403,1,313,0.3119999999999896,0.054313099041533544,1745.0,4.24,0.0
7404,3,579,2.5779999999999603,0.05699481865284974,1745.3,4.24,0.0
7405,2,446,1.444999999999975,0.05605381165919283,1745.5,4.24,0.0
7406,0,179,-0.8219999999999998,0.055865921787709494,1745.6,4.24,0.0
7407,0,186,-0.8149999999999998,0.05913978494623656,1745.7,4.24,0.0
7408,0,185,-0.8159999999999998,0.05945945945945946,1745.8,4.24,0.0
7409,1,321,0.31999999999998874,0.056074766355140186,1746.0,4.24,0.0
7410,2,446,1.444999999999975,0.053811659192825115,1746.2,4.24,0.0
7411,1,336,0.3349999999999871,0.05654761904761905,1746.4,4.24,0.0
7412,2,446,1.444999999999975,0.05605381165919283,1746.6,4.24,0.0
7413,0,179,-0.8219999999999998,0.055865921787709494,1746.7,4.24,0.0
7414,1,313,0.3119999999999896,0.054313099041533544,1746.9,4.24,0.0
7415,0,179,-0.8219999999999998,0.055865921787709494,1747.0,4.25,0.0
7416,1,318,0.31699999999998907,0.05660377358490566,1747.2,4.25,0.0
7417,1,320,0.31899999999998885,0.05625,1747.3,4.25,0.0
7418,4,713,3.711999999999988,0.056100981767180924,1747.7,4.25,0.0
7419,4,736,3.734999999999996,0.05570652173913043,1748.1,4.24,0.0
7420,3,579,2.5779999999999603,0.055267702936096716,1748.4,4.24,0.0
7421,0,179,-0.8219999999999998,0.055865921787709494,1748.5,4.24,0.0
7422,3,609,2.607999999999957,0.05582922824302135,1748.8,4.24,0.0
7423,0,192,-0.8089999999999998,0.057291666666666664,1748.9,4.24,0.0
7424,0,179,-0.8219999999999998,0.055865921787709494,1749.0,4.25,0.0
7425,0,192,-0.8089999999999998,0.057291666666666664,1749.1,4.25,0.0
7426,1,313,0.3119999999999896,0.054313099041533544,1749.3,4.25,0.0
7427,1,313,0.3119999999999896,0.05750798722044728,1749.4,4.25,0.0
7428,3,579,2.5779999999999603,0.055267702936096716,1749.7,4.25,0.0
7429,4,713,3.711999999999988,0.056100981767180924,1750.1,4.25,0.0
7430,0,179,-0.8219999999999998,0.055865921787709494,1750.2,4.25,0.0
7431,0,179,-0.8219999999999998,0.055865921787709494,1750.3,4.25,0.0
7432,5,846,4.845000000000032,0.05555555555555555,1750.7,4.25,0.0
7433,4,713,3.711999999999988,0.0546984572230014,1751.1,4.25,0.0
7434,5,846,4.845000000000032,0.054373522458628844,1751.6,4.24,0.0
7435,0,186,-0.8149999999999998,0.05913978494623656,1751.7,4.25,0.0
7436,6,979,5.978000000000075,0.056179775280898875,1752.2,4.24,0.0
7437,2,446,1.444999999999975,0.053811659192825115,1752.4,4.24,0.0
7438,3,579,2.5779999999999603,0.055267702936096716,1752.7,4.24,0.0
7439,3,579,2.5779999999999603,0.055267702936096716,1753.0,4.24,0.0
7440,2,446,1.444999999999975,0.05605381165919283,1753.2,4.24,0.0
7441,7,1113,7.112000000000036,0.055705300988319856,1753.8,4.24,0.0
7442,0,184,-0.8169999999999998,0.059782608695652176,1753.9,4.24,0.0
7443,1,313,0.3119999999999896,0.054313099041533544,1754.1,4.24,0.0
7444,1,313,0.3119999999999896,0.054313099041533544,1754.2,4.24,0.0
7445,4,718,3.71699999999999,0.055710306406685235,1754.6,4.24,0.0
7446,6,979,5.978000000000075,0.05515832482124617,1755.1,4.24,0.0
7447,1,320,0.31899999999998885,0.05625,1755.3,4.24,0.0
7448,0,179,-0.8219999999999998,0.055865921787709494,1755.4,4.24,0.0
7449,0,179,-0.8219999999999998,0.055865921787709494,1755.5,4.24,0.0
7450,0,189,-0.8119999999999998,0.0582010582010582,1755.6,4.24,0.0
7451,2,458,1.4569999999999736,0.056768558951965066,1755.8,4.24,0.0
7452,0,179,-0.8219999999999998,0.055865921787709494,1755.9,4.24,0.0
7453,0,179,-0.8219999999999998,0.055865921787709494,1756.0,4.24,0.0
7454,9,1389,9.387999999999883,0.056155507559395246,1756.7,4.24,0.0
7455,0,179,-0.8219999999999998,0.055865921787709494,1756.8,4.24,0.0
7456,1,313,0.3119999999999896,0.05750798722044728,1757.0,4.24,0.0
7457,4,728,3.726999999999993,0.05631868131868132,1757.4,4.24,0.0
7458,3,585,2.5839999999999597,0.05641025641025641,1757.7,4.24,0.0
7459,0,179,-0.8219999999999998,0.055865921787709494,1757.8,4.24,0.0
7460,2,465,1.4639999999999729,0.05591397849462366,1758.0,4.24,0.0
7461,1,313,0.3119999999999896,0.054313099041533544,1758.2,4.24,0.0
7462,1,316,0.3149999999999893,0.056962025316455694,1758.3,4.24,0.0
7463,1,318,0.31699999999998907,0.05660377358490566,1758.5,4.24,0.0
7464,1,313,0.3119999999999896,0.054313099041533544,1758.7,4.24,0.0
7465,2,446,1.444999999999975,0.05605381165919283,1758.9,4.24,0.0
7466,1,313,0.3119999999999896,0.054313099041533544,1759.1,4.24,0.0
7467,3,579,2.5779999999999603,0.055267702936096716,1759.4,4.24,0.0
7468,1,313,0.3119999999999896,0.054313099041533544,1759.5,4.24,0.0
7469,0,179,-0.8219999999999998,0.055865921787709494,1759.6,4.25,0.0
7470,0,193,-0.8079999999999998,0.05699481865284974,1759.7,4.25,0.0
7471,4,728,3.726999999999993,0.05631868131868132,1760.1,4.25,0.0
7472,1,336,0.3349999999999871,0.05654761904761905,1760.3,4.25,0.0
7473,3,579,2.5779999999999603,0.055267702936096716,1760.6,4.25,0.0
7474,2,446,1.444999999999975,0.053811659192825115,1760.9,4.25,0.0
7475,0,182,-0.8189999999999998,0.06043956043956044,1760.9,4.25,0.0
7476,0,179,-0.8219999999999998,0.055865921787709494,1761.0,4.25,0.0
7477,3,579,2.5779999999999603,0.055267702936096716,1761.3,4.25,0.0
7478,1,334,0.3329999999999873,0.05688622754491018,1761.5,4.25,0.0
7479,0,183,-0.8179999999999998,0.060109289617486336,1761.6,4.25,0.0
7480,2,462,1.4609999999999732,0.05627705627705628,1761.9,4.25,0.0
7481,3,609,2.607999999999957,0.05582922824302135,1762.2,4.25,0.0
7482,1,313,0.3119999999999896,0.05750798722044728,1762.4,4.25,0.0
7483,2,463,1.461999999999973,0.056155507559395246,1762.6,4.25,0.0
7484,7,1113,7.112000000000036,0.055705300988319856,1763.2,4.25,0.0
7485,8,1246,8.244999999999962,0.056179775280898875,1763.8,4.24,0.0
7486,4,713,3.711999999999988,0.056100981767180924,1764.2,4.24,0.0
7487,5,846,4.845000000000032,0.05555555555555555,1764.6,4.24,0.0
7488,2,446,1.444999999999975,0.05605381165919283,1764.9,4.24,0.0
7489,5,846,4.845000000000032,0.05555555555555555,1765.3,4.24,0.0
7490,0,179,-0.8219999999999998,0.055865921787709494,1765.4,4.24,0.0
7491,2,446,1.444999999999975,0.05605381165919283,1765.6,4.24,0.0
7492,2,446,1.444999999999975,0.05605381165919283,1765.9,4.24,0.0
7493,1,313,0.3119999999999896,0.05750798722044728,1766.1,4.24,0.0
7494,1,313,0.3119999999999896,0.05750798722044728,1766.2,4.24,0.0
7495,0,179,-0.8219999999999998,0.055865921787709494,1766.3,4.24,0.0
7496,1,313,0.3119999999999896,0.05750798722044728,1766.5,4.24,0.0
7497,2,466,1.4649999999999728,0.055793991416309016,1766.7,4.24,0.0
7498,3,579,2.5779999999999603,0.055267702936096716,1767.0,4.24,0.0
7499,0,179,-0.8219999999999998,0.055865921787709494,1767.1,4.24,0.0
7500,0,179,-0.8219999999999998,0.055865921787709494,1767.2,4.24,0.0
7501,0,190,-0.8109999999999998,0.05789473684210526,1770.0,4.24,0.0
7502,0,183,-0.8179999999999998,0.060109289617486336,1770.1,4.24,0.0
7503,6,980,5.979000000000076,0.05612244897959184,1770.6,4.24,0.0
7504,3,579,2.5779999999999603,0.05699481865284974,1770.9,4.24,0.0
7505,0,179,-0.8219999999999998,0.055865921787709494,1771.0,4.24,0.0
7506,0,179,-0.8219999999999998,0.055865921787709494,1771.1,4.24,0.0
7507,3,579,2.5779999999999603,0.055267702936096716,1771.5,4.24,0.0
7508,2,446,1.444999999999975,0.05605381165919283,1771.7,4.24,0.0
7509,1,317,0.3159999999999892,0.056782334384858045,1771.8,4.24,0.0
7510,2,446,1.444999999999975,0.05605381165919283,1772.1,4.24,0.0
7511,0,179,-0.8219999999999998,0.055865921787709494,1772.2,4.24,0.0
7512,2,446,1.444999999999975,0.05605381165919283,1772.4,4.24,0.0
7513,2,446,1.444999999999975,0.05605381165919283,1772.7,4.24,0.0
7514,2,457,1.4559999999999738,0.05689277899343545,1772.9,4.24,0.0
7515,0,189,-0.8119999999999998,0.0582010582010582,1773.0,4.24,0.0
7516,1,313,0.3119999999999896,0.054313099041533544,1773.2,4.24,0.0
7517,1,316,0.3149999999999893,0.056962025316455694,1773.3,4.24,0.0
7518,8,1249,8.24799999999996,0.05604483586869496,1774.0,4.24,0.0
7519,2,446,1.444999999999975,0.05605381165919283,1774.2,4.24,0.0
7520,0,179,-0.8219999999999998,0.055865921787709494,1774.3,4.24,0.0
7521,2,446,1.444999999999975,0.053811659192825115,1774.6,4.24,0.0
7522,2,446,1.444999999999975,0.05605381165919283,1774.8,4.24,0.0
7523,1,313,0.3119999999999896,0.054313099041533544,1775.0,4.24,0.0
7524,3,579,2.5779999999999603,0.055267702936096716,1775.3,4.24,0.0
7525,5,861,4.860000000000037,0.05574912891986063,1775.7,4.24,0.0
7526,3,590,2.588999999999959,0.05593220338983051,1776.1,4.24,0.0
7527,2,446,1.444999999999975,0.05605381165919283,1776.3,4.24,0.0
7528,2,459,1.4579999999999735,0.05664488017429194,1776.5,4.24,0.0
7529,0,179,-0.8219999999999998,0.055865921787709494,1776.6,4.24,0.0
7530,1,313,0.3119999999999896,0.054313099041533544,1776.8,4.24,0.0
7531,1,313,0.3119999999999896,0.054313099041533544,1777.0,4.24,0.0
7532,1,313,0.3119999999999896,0.05750798722044728,1777.1,4.24,0.0
7533,1,335,0.3339999999999872,0.056716417910447764,1777.3,4.24,0.0
7534,2,456,1.4549999999999739,0.05701754385964912,1777.5,4.24,0.0
7535,3,590,2.588999999999959,0.05593220338983051,1777.8,4.24,0.0
7536,2,446,1.444999999999975,0.05605381165919283,1778.1,4.24,0.0
7537,3,587,2.5859999999999594,0.056218057921635436,1778.4,4.24,0.0
7538,0,179,-0.8219999999999998,0.055865921787709494,1778.5,4.24,0.0
7539,1,313,0.3119999999999896,0.05750798722044728,1778.6,4.24,0.0
7540,5,846,4.845000000000032,0.05555555555555555,1779.1,4.24,0.0
7541,2,447,1.4459999999999749,0.05592841163310962,1779.3,4.24,0.0
7542,4,713,3.711999999999988,0.056100981767180924,1779.7,4.24,0.0
7543,1,313,0.3119999999999896,0.05750798722044728,1779.9,4.24,0.0
7544,0,179,-0.8219999999999998,0.055865921787709494,1779.9,4.24,0.0
7545,4,729,3.7279999999999935,0.056241426611796985,1780.3,4.24,0.0
7546,1,322,0.32099999999998863,0.055900621118012424,1780.5,4.24,0.0
7547,2,446,1.444999999999975,0.053811659192825115,1780.7,4.24,0.0
7548,2,446,1.444999999999975,0.05605381165919283,1781.0,4.24,0.0
7549,0,184,-0.8169999999999998,0.059782608695652176,1781.1,4.24,0.0
7550,2,446,1.444999999999975,0.05605381165919283,1781.3,4.24,0.0
7551,0,187,-0.8139999999999998,0.058823529411764705,1781.4,4.24,0.0
7552,0,179,-0.8219999999999998,0.055865921787709494,1781.5,4.24,0.0
7553,9,1379,9.377999999999888,0.05583756345177665,1782.2,4.24,0.0
7554,0,197,-0.8039999999999998,0.05583756345177665,1782.3,4.24,0.0
7555,0,179,-0.8219999999999998,0.055865921787709494,1782.4,4.24,0.0
7556,1,320,0.31899999999998885,0.05625,1782.6,4.24,0.0
7557,2,457,1.4559999999999738,0.05689277899343545,1782.8,4.24,0.0
7558,3,590,2.588999999999959,0.05593220338983051,1783.1,4.24,0.0
7559,0,188,-0.8129999999999998,0.05851063829787234,1783.2,4.24,0.0
7560,0,179,-0.8219999999999998,0.05027932960893855,1783.4,4.24,0.0
7561,1,313,0.3119999999999896,0.054313099041533544,1783.5,4.24,0.0
7562,4,713,3.711999999999988,0.056100981767180924,1783.9,4.24,0.0
7563,1,313,0.3119999999999896,0.054313099041533544,1784.0,4.24,0.0
7564,0,179,-0.8219999999999998,0.055865921787709494,1784.1,4.24,0.0
7565,4,713,3.711999999999988,0.0546984572230014,1784.5,4.24,0.0
7566,0,179,-0.8219999999999998,0.055865921787709494,1784.6,4.24,0.0
7567,4,729,3.7279999999999935,0.056241426611796985,1785.0,4.24,0.0
7568,1,313,0.3119999999999896,0.05750798722044728,1785.2,4.24,0.0
7569,1,318,0.31699999999998907,0.05660377358490566,1785.3,4.24,0.0
7570,0,179,-0.8219999999999998,0.055865921787709494,1785.4,4.24,0.0
7571,0,179,-0.8219999999999998,0.055865921787709494,1785.5,4.24,0.0
7572,5,846,4.845000000000032,0.05555555555555555,1786.0,4.24,0.0
7573,10,1513,10.511999999999814,0.05551883674818242,1786.8,4.24,0.0
7574,2,454,1.452999999999974,0.05726872246696035,1787.0,4.24,0.0
7575,3,579,2.5779999999999603,0.055267702936096716,1787.3,4.24,0.0
7576,4,718,3.71699999999999,0.055710306406685235,1787.7,4.24,0.0
7577,0,179,-0.8219999999999998,0.055865921787709494,1787.8,4.24,0.0
7578,3,579,2.5779999999999603,0.055267702936096716,1788.1,4.24,0.0
7579,1,313,0.3119999999999896,0.054313099041533544,1788.3,4.24,0.0
7580,2,446,1.444999999999975,0.05605381165919283,1788.5,4.24,0.0
7581,0,186,-0.8149999999999998,0.05913978494623656,1788.6,4.24,0.0
7582,3,579,2.5779999999999603,0.055267702936096716,1788.9,4.24,0.0
7583,1,313,0.3119999999999896,0.05750798722044728,1789.1,4.24,0.0
7584,2,453,1.4519999999999742,0.05739514348785872,1789.3,4.24,0.0
7585,1,313,0.3119999999999896,0.054313099041533544,1789.5,4.24,0.0
7586,0,179,-0.8219999999999998,0.055865921787709494,1789.6,4.24,0.0
7587,0,187,-0.8139999999999998,0.058823529411764705,1789.7,4.24,0.0
7588,4,713,3.711999999999988,0.0546984572230014,1790.1,4.24,0.0
7589,5,846,4.845000000000032,0.05555555555555555,1790.5,4.24,0.0
7590,1,321,0.31999999999998874,0.056074766355140186,1790.7,4.24,0.0
7591,0,179,-0.8219999999999998,0.055865921787709494,1790.8,4.24,0.0
7592,3,579,2.5779999999999603,0.055267702936096716,1791.1,4.24,0.0
7593,0,179,-0.8219999999999998,0.055865921787709494,1791.2,4.24,0.0
7594,0,179,-0.8219999999999998,0.055865921787709494,1791.3,4.24,0.0
7595,4,735,3.7339999999999955,0.055782312925170066,1791.7,4.24,0.0
7596,3,579,2.5779999999999603,0.055267702936096716,1792.0,4.24,0.0
7597,1,313,0.3119999999999896,0.05750798722044728,1792.1,4.24,0.0
7598,6,979,5.978000000000075,0.05515832482124617,1792.6,4.24,0.0
7599,1,338,0.33699999999998687,0.05621301775147929,1792.8,4.24,0.0
7600,3,609,2.607999999999957,0.05582922824302135,1793.2,4.24,0.0
7601,2,446,1.444999999999975,0.05605381165919283,1793.4,4.24,0.0
7602,1,335,0.3339999999999872,0.056716417910447764,1793.6,4.24,0.0
7603,3,579,2.5779999999999603,0.055267702936096716,1793.9,4.24,0.0
7604,1,313,0.3119999999999896,0.05750798722044728,1794.0,4.24,0.0
7605,5,852,4.851000000000034,0.056338028169014086,1794.5,4.24,0.0
7606,0,195,-0.8059999999999998,0.05641025641025641,1794.6,4.24,0.0
7607,3,579,2.5779999999999603,0.055267702936096716,1794.9,4.24,0.0
7608,2,453,1.4519999999999742,0.05739514348785872,1795.1,4.24,0.0
7609,0,186,-0.8149999999999998,0.05913978494623656,1795.2,4.24,0.0
7610,2,446,1.444999999999975,0.05605381165919283,1795.5,4.24,0.0
7611,0,179,-0.8219999999999998,0.055865921787709494,1795.6,4.24,0.0
7612,3,610,2.608999999999957,0.05573770491803279,1795.9,4.24,0.0
7613,6,979,5.978000000000075,0.056179775280898875,1796.4,4.24,0.0
7614,2,463,1.461999999999973,0.056155507559395246,1796.7,4.24,0.0
7615,0,179,-0.8219999999999998,0.055865921787709494,1796.8,4.24,0.0
7616,0,179,-0.8219999999999998,0.055865921787709494,1796.9,4.24,0.0
7617,0,179,-0.8219999999999998,0.055865921787709494,1796.9,4.24,0.0
7618,0,179,-0.8219999999999998,0.05027932960893855,1797.0,4.24,0.0
7619,0,179,-0.8219999999999998,0.055865921787709494,1797.1,4.24,0.0
7620,2,446,1.444999999999975,0.05605381165919283,1797.4,4.24,0.0
7621,1,313,0.3119999999999896,0.05750798722044728,1797.6,4.24,0.0
7622,2,446,1.444999999999975,0.05605381165919283,1797.8,4.24,0.0
7623,0,179,-0.8219999999999998,0.055865921787709494,1797.9,4.24,0.0
7624,3,579,2.5779999999999603,0.055267702936096716,1798.2,4.24,0.0
7625,1,313,0.3119999999999896,0.054313099041533544,1798.4,4.24,0.0
7626,3,579,2.5779999999999603,0.055267702936096716,1798.7,4.24,0.0
7627,0,187,-0.8139999999999998,0.058823529411764705,1798.8,4.24,0.0
7628,2,446,1.444999999999975,0.05605381165919283,1799.0,4.24,0.0
7629,2,446,1.444999999999975,0.05605381165919283,1799.2,4.24,0.0
7630,3,579,2.5779999999999603,0.055267702936096716,1799.5,4.24,0.0
7631,2,446,1.444999999999975,0.05605381165919283,1799.8,4.24,0.0
7632,0,179,-0.8219999999999998,0.055865921787709494,1799.9,4.24,0.0
7633,1,313,0.3119999999999896,0.05750798722044728,1800.0,4.24,0.0
7634,3,587,2.5859999999999594,0.056218057921635436,1800.3,4.24,0.0
7635,0,179,-0.8219999999999998,0.055865921787709494,1800.4,4.24,0.0
7636,0,179,-0.8219999999999998,0.055865921787709494,1800.5,4.24,0.0
7637,2,446,1.444999999999975,0.05605381165919283,1800.8,4.24,0.0
7638,1,333,0.3319999999999874,0.057057057057057055,1801.0,4.24,0.0
7639,2,446,1.444999999999975,0.05605381165919283,1801.2,4.24,0.0
7640,3,579,2.5779999999999603,0.055267702936096716,1801.5,4.24,0.0
7641,0,179,-0.8219999999999998,0.055865921787709494,1801.6,4.24,0.0
7642,4,713,3.711999999999988,0.0546984572230014,1802.0,4.24,0.0
7643,0,183,-0.8179999999999998,0.060109289617486336,1802.1,4.24,0.0
7644,5,846,4.845000000000032,0.05555555555555555,1802.5,4.24,0.0
7645,0,179,-0.8219999999999998,0.055865921787709494,1802.6,4.24,0.0
7646,0,191,-0.8099999999999998,0.05759162303664921,1802.7,4.24,0.0
7647,3,610,2.608999999999957,0.05573770491803279,1803.1,4.24,0.0
7648,2,446,1.444999999999975,0.05605381165919283,1803.3,4.24,0.0
7649,0,179,-0.8219999999999998,0.055865921787709494,1803.4,4.24,0.0
7650,5,846,4.845000000000032,0.05555555555555555,1803.8,4.24,0.0
7651,0,185,-0.8159999999999998,0.05945945945945946,1803.9,4.24,0.0
7652,1,315,0.3139999999999894,0.05714285714285714,1804.1,4.24,0.0
7653,4,714,3.7129999999999885,0.056022408963585436,1804.5,4.24,0.0
7654,3,609,2.607999999999957,0.05582922824302135,1804.8,4.24,0.0
7655,5,846,4.845000000000032,0.05555555555555555,1805.3,4.24,0.0
7656,1,335,0.3339999999999872,0.056716417910447764,1805.4,4.24,0.0
7657,4,737,3.735999999999996,0.05563093622795115,1805.8,4.24,0.0
7658,6,979,5.978000000000075,0.056179775280898875,1806.4,4.24,0.0
7659,2,446,1.444999999999975,0.05605381165919283,1806.6,4.24,0.0
7660,3,589,2.587999999999959,0.05602716468590832,1806.9,4.24,0.0
7661,0,179,-0.8219999999999998,0.055865921787709494,1807.0,4.24,0.0
7662,1,313,0.3119999999999896,0.05750798722044728,1807.2,4.24,0.0
7663,3,585,2.5839999999999597,0.05641025641025641,1807.5,4.24,0.0
7664,0,179,-0.8219999999999998,0.055865921787709494,1807.6,4.24,0.0
7665,0,179,-0.8219999999999998,0.055865921787709494,1807.7,4.24,0.0
7666,0,184,-0.8169999999999998,0.059782608695652176,1807.8,4.24,0.0
7667,6,979,5.978000000000075,0.05515832482124617,1808.3,4.24,0.0
7668,0,179,-0.8219999999999998,0.055865921787709494,1808.4,4.24,0.0
7669,7,1113,7.112000000000036,0.055705300988319856,1808.9,4.24,0.0
7670,0,179,-0.8219999999999998,0.055865921787709494,1809.0,4.24,0.0
7671,0,186,-0.8149999999999998,0.05913978494623656,1809.1,4.24,0.0
7672,3,579,2.5779999999999603,0.055267702936096716,1809.5,4.24,0.0
7673,0,189,-0.8119999999999998,0.0582010582010582,1809.6,4.24,0.0
7674,2,446,1.444999999999975,0.05605381165919283,1809.8,4.24,0.0
7675,7,1113,7.112000000000036,0.055705300988319856,1810.4,4.24,0.0
7676,2,446,1.444999999999975,0.05605381165919283,1810.6,4.24,0.0
7677,1,313,0.3119999999999896,0.05750798722044728,1810.8,4.24,0.0
7678,1,313,0.3119999999999896,0.05750798722044728,1810.9,4.24,0.0
7679,0,179,-0.8219999999999998,0.055865921787709494,1811.0,4.24,0.0
7680,1,335,0.3339999999999872,0.056716417910447764,1811.2,4.24,0.0
7681,2,454,1.452999999999974,0.05726872246696035,1811.4,4.24,0.0
7682,2,446,1.444999999999975,0.05605381165919283,1811.7,4.24,0.0
7683,1,313,0.3119999999999896,0.054313099041533544,1811.8,4.24,0.0
7684,3,587,2.5859999999999594,0.056218057921635436,1812.1,4.24,0.0
7685,4,713,3.711999999999988,0.056100981767180924,1812.5,4.24,0.0
7686,2,446,1.444999999999975,0.053811659192825115,1812.8,4.24,0.0
7687,0,179,-0.8219999999999998,0.055865921787709494,1812.9,4.24,0.0
7688,2,446,1.444999999999975,0.05605381165919283,1813.1,4.24,0.0
7689,0,179,-0.8219999999999998,0.055865921787709494,1813.2,4.24,0.0
7690,0,179,-0.8219999999999998,0.055865921787709494,1813.3,4.24,0.0
7691,1,313,0.3119999999999896,0.054313099041533544,1813.5,4.24,0.0
7692,0,186,-0.8149999999999998,0.05913978494623656,1813.5,4.24,0.0
7693,0,187,-0.8139999999999998,0.058823529411764705,1813.6,4.24,0.0
7694,1,337,0.335999999999987,0.05637982195845697,1813.8,4.24,0.0
7695,0,179,-0.8219999999999998,0.055865921787709494,1813.9,4.24,0.0
7696,0,186,-0.8149999999999998,0.05913978494623656,1814.0,4.24,0.0
7697,2,467,1.4659999999999727,0.055674518201284794,1814.3,4.24,0.0
7698,2,446,1.444999999999975,0.05605381165919283,1814.5,4.24,0.0
7699,0,179,-0.8219999999999998,0.055865921787709494,1814.6,4.24,0.0
7700,3,579,2.5779999999999603,0.055267702936096716,1814.9,4.24,0.0
7701,0,186,-0.8149999999999998,0.05913978494623656,1815.0,4.24,0.0
7702,2,446,1.444999999999975,0.05605381165919283,1815.2,4.24,0.0
7703,0,209,-0.7919999999999998,0.05741626794258373,1815.3,4.24,0.0
7704,2,446,1.444999999999975,0.05605381165919283,1815.6,4.24,0.0
7705,1,313,0.3119999999999896,0.05750798722044728,1815.7,4.24,0.0
7706,5,846,4.845000000000032,0.05555555555555555,1816.2,4.24,0.0
7707,1,316,0.3149999999999893,0.056962025316455694,1816.3,4.24,0.0
7708,1,313,0.3119999999999896,0.054313099041533544,1816.5,4.24,0.0
7709,0,179,-0.8219999999999998,0.055865921787709494,1816.6,4.24,0.0
7710,0,179,-0.8219999999999998,0.055865921787709494,1816.7,4.24,0.0
7711,2,448,1.4469999999999748,0.05580357142857143,1816.9,4.24,0.0
7712,6,986,5.985000000000078,0.055780933062880324,1817.4,4.24,0.0
7713,0,179,-0.8219999999999998,0.055865921787709494,1817.5,4.24,0.0
7714,8,1246,8.244999999999962,0.05537720706260032,1818.2,4.24,0.0
7715,3,583,2.58199999999996,0.05660377358490566,1818.5,4.24,0.0
7716,1,313,0.3119999999999896,0.05750798722044728,1818.7,4.24,0.0
7717,1,313,0.3119999999999896,0.05750798722044728,1818.8,4.24,0.0
7718,2,446,1.444999999999975,0.05605381165919283,1819.1,4.24,0.0
7719,2,446,1.444999999999975,0.05605381165919283,1819.3,4.24,0.0
7720,2,446,1.444999999999975,0.05605381165919283,1819.5,4.24,0.0
7721,4,713,3.711999999999988,0.056100981767180924,1819.9,4.24,0.0
7722,0,183,-0.8179999999999998,0.060109289617486336,1820.0,4.24,0.0
7723,0,179,-0.8219999999999998,0.055865921787709494,1820.1,4.24,0.0
7724,0,179,-0.8219999999999998,0.055865921787709494,1820.2,4.24,0.0
7725,1,313,0.3119999999999896,0.054313099041533544,1820.4,4.24,0.0
7726,1,339,0.33799999999998676,0.05604719764011799,1820.6,4.24,0.0
7727,4,713,3.711999999999988,0.0546984572230014,1820.9,4.24,0.0
7728,1,313,0.3119999999999896,0.054313099041533544,1821.1,4.24,0.0
7729,0,188,-0.8129999999999998,0.05851063829787234,1821.2,4.24,0.0
7730,0,179,-0.8219999999999998,0.055865921787709494,1821.3,4.24,0.0
7731,0,179,-0.8219999999999998,0.055865921787709494,1821.4,4.25,0.0
7732,4,713,3.711999999999988,0.056100981767180924,1821.8,4.24,0.0
7733,1,335,0.3339999999999872,0.056716417910447764,1821.9,4.24,0.0
7734,1,315,0.3139999999999894,0.05714285714285714,1822.1,4.25,0.0
7735,0,179,-0.8219999999999998,0.055865921787709494,1822.2,4.25,0.0
7736,2,446,1.444999999999975,0.05605381165919283,1822.4,4.25,0.0
7737,4,713,3.711999999999988,0.056100981767180924,1822.8,4.25,0.0
7738,2,446,1.444999999999975,0.053811659192825115,1823.0,4.25,0.0
7739,2,448,1.4469999999999748,0.05580357142857143,1823.3,4.25,0.0
7740,0,179,-0.8219999999999998,0.05027932960893855,1823.4,4.25,0.0
7741,1,315,0.3139999999999894,0.05714285714285714,1823.5,4.25,0.0
7742,2,446,1.444999999999975,0.05605381165919283,1823.8,4.25,0.0
7743,1,313,0.3119999999999896,0.05750798722044728,1823.9,4.25,0.0
7744,2,460,1.4589999999999734,0.05652173913043478,1824.2,4.25,0.0
7745,0,189,-0.8119999999999998,0.0582010582010582,1824.3,4.25,0.0
7746,1,313,0.3119999999999896,0.054313099041533544,1824.5,4.25,0.0
7747,2,446,1.444999999999975,0.05605381165919283,1824.7,4.25,0.0
7748,1,313,0.3119999999999896,0.054313099041533544,1824.8,4.25,0.0
7749,2,461,1.4599999999999733,0.05639913232104121,1825.1,4.25,0.0
7750,1,315,0.3139999999999894,0.05714285714285714,1825.3,4.25,0.0
7751,7,1124,7.1230000000000295,0.05604982206405694,1825.9,4.25,0.0
7752,1,313,0.3119999999999896,0.054313099041533544,1826.0,4.25,0.0
7753,2,452,1.4509999999999743,0.05752212389380531,1826.2,4.25,0.0
7754,6,982,5.981000000000076,0.0560081466395112,1826.8,4.25,0.0
7755,1,314,0.3129999999999895,0.05732484076433121,1826.9,4.25,0.0
7756,0,196,-0.8049999999999998,0.05612244897959184,1827.0,4.25,0.0
7757,2,446,1.444999999999975,0.05605381165919283,1827.3,4.25,0.0
7758,4,715,3.713999999999989,0.055944055944055944,1827.7,4.25,0.0
7759,0,179,-0.8219999999999998,0.055865921787709494,1827.8,4.25,0.0
7760,2,451,1.4499999999999744,0.057649667405764965,1828.0,4.25,0.0
7761,4,713,3.711999999999988,0.0546984572230014,1828.4,4.25,0.0
7762,4,713,3.711999999999988,0.0546984572230014,1828.7,4.25,0.0
7763,1,340,0.33899999999998665,0.05588235294117647,1828.9,4.25,0.0
7764,0,179,-0.8219999999999998,0.055865921787709494,1829.0,4.25,0.0
7765,4,713,3.711999999999988,0.056100981767180924,1829.4,4.25,0.0
7766,0,179,-0.8219999999999998,0.055865921787709494,1829.5,4.25,0.0
7767,0,179,-0.8219999999999998,0.055865921787709494,1829.6,4.25,0.0
7768,0,179,-0.8219999999999998,0.055865921787709494,1829.6,4.25,0.0
7769,4,713,3.711999999999988,0.056100981767180924,1830.0,4.25,0.0
7770,1,313,0.3119999999999896,0.054313099041533544,1830.2,4.25,0.0
7771,4,713,3.711999999999988,0.056100981767180924,1830.6,4.25,0.0
7772,4,713,3.711999999999988,0.056100981767180924,1830.9,4.25,0.0
7773,0,179,-0.8219999999999998,0.055865921787709494,1831.0,4.25,0.0
7774,5,849,4.848000000000033,0.05653710247349823,1831.5,4.25,0.0
7775,1,336,0.3349999999999871,0.05654761904761905,1831.7,4.25,0.0
7776,5,846,4.845000000000032,0.05555555555555555,1832.1,4.24,0.0
7777,1,313,0.3119999999999896,0.054313099041533544,1832.3,4.24,0.0
7778,0,189,-0.8119999999999998,0.0582010582010582,1832.4,4.25,0.0
7779,1,316,0.3149999999999893,0.056962025316455694,1832.6,4.25,0.0
7780,3,581,2.57999999999996,0.05679862306368331,1832.9,4.25,0.0
7781,2,446,1.444999999999975,0.05605381165919283,1833.2,4.25,0.0
7782,0,179,-0.8219999999999998,0.055865921787709494,1833.3,4.25,0.0
7783,3,590,2.588999999999959,0.05593220338983051,1833.6,4.25,0.0
7784,0,183,-0.8179999999999998,0.060109289617486336,1833.7,4.25,0.0
7785,1,313,0.3119999999999896,0.054313099041533544,1833.8,4.25,0.0
7786,1,318,0.31699999999998907,0.05660377358490566,1834.0,4.25,0.0
7787,1,313,0.3119999999999896,0.054313099041533544,1834.2,4.25,0.0
7788,9,1287,9.28599999999994,0.055944055944055944,1834.9,4.25,0.0
7789,3,579,2.5779999999999603,0.055267702936096716,1835.2,4.24,0.0
7790,1,320,0.31899999999998885,0.05625,1835.3,4.24,0.0
7791,1,313,0.3119999999999896,0.05750798722044728,1835.5,4.25,0.0
7792,0,209,-0.7919999999999998,0.05741626794258373,1835.6,4.25,0.0
7793,3,579,2.5779999999999603,0.055267702936096716,1835.9,4.25,0.0
7794,4,713,3.711999999999988,0.0546984572230014,1836.3,4.25,0.0
7795,0,182,-0.8189999999999998,0.06043956043956044,1836.4,4.25,0.0
7796,3,579,2.5779999999999603,0.055267702936096716,1836.7,4.25,0.0
7797,0,179,-0.8219999999999998,0.055865921787709494,1836.8,4.25,0.0
7798,8,1246,8.244999999999962,0.05537720706260032,1837.4,4.24,0.0
7799,4,713,3.711999999999988,0.0546984572230014,1837.8,4.24,0.0
7800,5,860,4.859000000000036,0.05581395348837209,1838.3,4.24,0.0
7801,3,579,2.5779999999999603,0.055267702936096716,1838.6,4.24,0.0
7802,2,446,1.444999999999975,0.05605381165919283,1838.8,4.24,0.0
7803,4,713,3.711999999999988,0.056100981767180924,1839.2,4.24,0.0
7804,0,179,-0.8219999999999998,0.055865921787709494,1839.3,4.24,0.0
7805,0,179,-0.8219999999999998,0.055865921787709494,1839.4,4.24,0.0
7806,7,1122,7.121000000000031,0.05614973262032086,1840.0,4.24,0.0
7807,0,208,-0.7929999999999998,0.057692307692307696,1840.1,4.24,0.0
7808,2,449,1.4479999999999746,0.0556792873051225,1840.3,4.24,0.0
7809,6,979,5.978000000000075,0.056179775280898875,1840.8,4.24,0.0
7810,4,713,3.711999999999988,0.0546984572230014,1841.2,4.24,0.0
7811,1,313,0.3119999999999896,0.054313099041533544,1841.4,4.24,0.0
7812,3,579,2.5779999999999603,0.055267702936096716,1841.6,4.24,0.0
7813,1,313,0.3119999999999896,0.054313099041533544,1841.8,4.24,0.0
7814,1,313,0.3119999999999896,0.05750798722044728,1842.0,4.24,0.0
7815,1,315,0.3139999999999894,0.05714285714285714,1842.2,4.24,0.0
7816,4,736,3.734999999999996,0.05570652173913043,1842.5,4.24,0.0
7817,0,179,-0.8219999999999998,0.055865921787709494,1842.7,4.24,0.0
7818,3,579,2.5779999999999603,0.055267702936096716,1843.0,4.24,0.0
7819,0,205,-0.7959999999999998,0.05853658536585366,1843.1,4.24,0.0
7820,3,579,2.5779999999999603,0.055267702936096716,1843.4,4.24,0.0
7821,3,579,2.5779999999999603,0.055267702936096716,1843.7,4.24,0.0
7822,0,185,-0.8159999999999998,0.05945945945945946,1843.8,4.24,0.0
7823,1,313,0.3119999999999896,0.054313099041533544,1844.0,4.24,0.0
7824,1,313,0.3119999999999896,0.054313099041533544,1844.1,4.24,0.0
7825,0,208,-0.7929999999999998,0.057692307692307696,1844.2,4.24,0.0
7826,2,446,1.444999999999975,0.05605381165919283,1844.5,4.24,0.0
7827,4,731,3.729999999999994,0.0560875512995896,1844.9,4.24,0.0
7828,1,313,0.3119999999999896,0.054313099041533544,1845.0,4.24,0.0
7829,0,179,-0.8219999999999998,0.055865921787709494,1845.1,4.24,0.0
7830,3,579,2.5779999999999603,0.055267702936096716,1845.4,4.24,0.0
7831,0,183,-0.8179999999999998,0.060109289617486336,1845.5,4.24,0.0
7832,8,1246,8.244999999999962,0.05537720706260032,1846.2,4.24,0.0
7833,3,587,2.5859999999999594,0.056218057921635436,1846.5,4.24,0.0
7834,2,447,1.4459999999999749,0.05592841163310962,1846.7,4.24,0.0
7835,0,179,-0.8219999999999998,0.055865921787709494,1846.8,4.24,0.0
7836,4,713,3.711999999999988,0.056100981767180924,1847.2,4.24,0.0
7837,0,188,-0.8129999999999998,0.05851063829787234,1847.3,4.24,0.0
7838,2,454,1.452999999999974,0.05726872246696035,1847.5,4.24,0.0
7839,3,592,2.590999999999959,0.05574324324324324,1847.9,4.24,0.0
7840,2,466,1.4649999999999728,0.055793991416309016,1848.1,4.24,0.0
7841,3,585,2.5839999999999597,0.05641025641025641,1848.4,4.24,0.0
7842,1,314,0.3129999999999895,0.05732484076433121,1848.6,4.24,0.0
7843,2,446,1.444999999999975,0.053811659192825115,1848.8,4.24,0.0
7844,3,579,2.5779999999999603,0.055267702936096716,1849.1,4.24,0.0
7845,4,713,3.711999999999988,0.056100981767180924,1849.5,4.24,0.0
7846,4,713,3.711999999999988,0.056100981767180924,1849.9,4.24,0.0
7847,4,713,3.711999999999988,0.0546984572230014,1850.2,4.24,0.0
7848,4,713,3.711999999999988,0.056100981767180924,1850.6,4.24,0.0
7849,4,713,3.711999999999988,0.0546984572230014,1851.0,4.24,0.0
7850,2,463,1.461999999999973,0.056155507559395246,1851.2,4.24,0.0
7851,0,179,-0.8219999999999998,0.055865921787709494,1851.3,4.24,0.0
7852,0,179,-0.8219999999999998,0.055865921787709494,1851.4,4.24,0.0
7853,0,210,-0.7909999999999998,0.05714285714285714,1851.5,4.24,0.0
7854,0,179,-0.8219999999999998,0.055865921787709494,1851.6,4.24,0.0
7855,1,313,0.3119999999999896,0.054313099041533544,1851.8,4.24,0.0
7856,6,999,5.998000000000082,0.056056056056056056,1852.3,4.24,0.0
7857,3,579,2.5779999999999603,0.055267702936096716,1852.6,4.24,0.0
7858,6,984,5.983000000000077,0.05589430894308943,1853.1,4.24,0.0
7859,0,179,-0.8219999999999998,0.055865921787709494,1853.2,4.24,0.0
7860,0,187,-0.8139999999999998,0.058823529411764705,1853.3,4.24,0.0
7861,8,1246,8.244999999999962,0.05537720706260032,1854.0,4.24,0.0
7862,1,339,0.33799999999998676,0.05604719764011799,1854.2,4.24,0.0
7863,3,587,2.5859999999999594,0.056218057921635436,1854.5,4.24,0.0
7864,4,732,3.7309999999999945,0.056010928961748634,1854.9,4.24,0.0
7865,2,446,1.444999999999975,0.05605381165919283,1855.1,4.24,0.0
7866,0,179,-0.8219999999999998,0.055865921787709494,1855.2,4.24,0.0
7867,0,179,-0.8219999999999998,0.055865921787709494,1855.3,4.24,0.0
7868,5,846,4.845000000000032,0.05555555555555555,1855.7,4.24,0.0
7869,3,579,2.5779999999999603,0.055267702936096716,1856.0,4.24,0.0
7870,0,179,-0.8219999999999998,0.055865921787709494,1856.1,4.24,0.0
7871,2,457,1.4559999999999738,0.05689277899343545,1856.4,4.24,0.0
7872,0,183,-0.8179999999999998,0.060109289617486336,1856.5,4.24,0.0
7873,0,183,-0.8179999999999998,0.060109289617486336,1856.5,4.24,0.0
7874,4,729,3.7279999999999935,0.056241426611796985,1856.9,4.24,0.0
7875,1,313,0.3119999999999896,0.054313099041533544,1857.1,4.24,0.0
7876,0,179,-0.8219999999999998,0.055865921787709494,1857.2,4.24,0.0
7877,2,456,1.4549999999999739,0.05701754385964912,1857.4,4.24,0.0
7878,0,186,-0.8149999999999998,0.05913978494623656,1857.5,4.24,0.0
7879,7,1113,7.112000000000036,0.05480682839173405,1858.1,4.24,0.0
7880,0,195,-0.8059999999999998,0.05641025641025641,1858.2,4.24,0.0
7881,0,179,-0.8219999999999998,0.055865921787709494,1858.3,4.24,0.0
7882,0,179,-0.8219999999999998,0.055865921787709494,1858.4,4.24,0.0
7883,5,846,4.845000000000032,0.05555555555555555,1858.8,4.24,0.0
7884,0,183,-0.8179999999999998,0.060109289617486336,1858.9,4.24,0.0
7885,0,185,-0.8159999999999998,0.05945945945945946,1859.0,4.24,0.0
7886,2,446,1.444999999999975,0.053811659192825115,1859.3,4.24,0.0
7887,3,579,2.5779999999999603,0.055267702936096716,1859.6,4.24,0.0
7888,0,186,-0.8149999999999998,0.05913978494623656,1859.7,4.24,0.0
7889,0,179,-0.8219999999999998,0.055865921787709494,1859.8,4.24,0.0
7890,1,313,0.3119999999999896,0.05750798722044728,1859.9,4.24,0.0
7891,3,579,2.5779999999999603,0.055267702936096716,1860.2,4.24,0.0
7892,2,446,1.444999999999975,0.05605381165919283,1860.5,4.24,0.0
7893,0,179,-0.8219999999999998,0.055865921787709494,1860.6,4.24,0.0
7894,1,313,0.3119999999999896,0.054313099041533544,1860.7,4.24,0.0
7895,8,1246,8.244999999999962,0.05537720706260032,1861.4,4.24,0.0
7896,0,179,-0.8219999999999998,0.055865921787709494,1861.5,4.24,0.0
7897,1,335,0.3339999999999872,0.056716417910447764,1861.6,4.24,0.0
7898,0,194,-0.8069999999999998,0.05670103092783505,1861.7,4.24,0.0
7899,0,187,-0.8139999999999998,0.058823529411764705,1861.8,4.24,0.0
7900,1,313,0.3119999999999896,0.05750798722044728,1862.0,4.24,0.0
7901,0,179,-0.8219999999999998,0.055865921787709494,1862.1,4.24,0.0
7902,2,446,1.444999999999975,0.05605381165919283,1862.3,4.24,0.0
7903,1,313,0.3119999999999896,0.054313099041533544,1862.5,4.24,0.0
7904,3,583,2.58199999999996,0.05660377358490566,1862.8,4.24,0.0
7905,0,179,-0.8219999999999998,0.061452513966480445,1862.9,4.24,0.0
7906,2,465,1.4639999999999729,0.05591397849462366,1863.1,4.24,0.0
7907,1,321,0.31999999999998874,0.056074766355140186,1863.3,4.24,0.0
7908,2,446,1.444999999999975,0.05605381165919283,1863.5,4.24,0.0
7909,1,313,0.3119999999999896,0.054313099041533544,1863.7,4.24,0.0
7910,0,179,-0.8219999999999998,0.055865921787709494,1863.8,4.24,0.0
7911,4,713,3.711999999999988,0.0546984572230014,1864.2,4.24,0.0
7912,0,179,-0.8219999999999998,0.055865921787709494,1864.2,4.24,0.0
7913,1,315,0.3139999999999894,0.05714285714285714,1864.4,4.24,0.0
7914,0,179,-0.8219999999999998,0.055865921787709494,1864.5,4.25,0.0
7915,4,713,3.711999999999988,0.0546984572230014,1864.9,4.24,0.0
7916,5,846,4.845000000000032,0.05555555555555555,1865.3,4.24,0.0
7917,2,461,1.4599999999999733,0.05639913232104121,1865.6,4.24,0.0
7918,1,313,0.3119999999999896,0.054313099041533544,1865.8,4.24,0.0
7919,3,580,2.57899999999996,0.056896551724137934,1866.1,4.24,0.0
7920,4,732,3.7309999999999945,0.056010928961748634,1866.5,4.24,0.0
7921,4,713,3.711999999999988,0.056100981767180924,1866.8,4.24,0.0
7922,10,1513,10.511999999999814,0.05551883674818242,1867.6,4.24,0.0
7923,2,446,1.444999999999975,0.05605381165919283,1867.9,4.24,0.0
7924,0,189,-0.8119999999999998,0.0582010582010582,1868.0,4.24,0.0
7925,9,1382,9.380999999999887,0.055716353111432707,1868.7,4.24,0.0
7926,2,446,1.444999999999975,0.053811659192825115,1868.9,4.24,0.0
7927,2,461,1.4599999999999733,0.05639913232104121,1869.2,4.24,0.0
7928,3,579,2.5779999999999603,0.055267702936096716,1869.5,4.24,0.0
7929,0,179,-0.8219999999999998,0.055865921787709494,1869.6,4.24,0.0
7930,7,1113,7.112000000000036,0.055705300988319856,1870.2,4.24,0.0
7931,0,192,-0.8089999999999998,0.057291666666666664,1870.3,4.24,0.0
7932,1,335,0.3339999999999872,0.056716417910447764,1870.5,4.24,0.0
7933,1,323,0.3219999999999885,0.05572755417956656,1870.6,4.24,0.0
7934,2,460,1.4589999999999734,0.05652173913043478,1870.9,4.24,0.0
7935,4,713,3.711999999999988,0.0546984572230014,1871.3,4.24,0.0
7936,1,313,0.3119999999999896,0.054313099041533544,1871.4,4.24,0.0
7937,6,988,5.987000000000078,0.05566801619433198,1872.0,4.24,0.0
7938,0,191,-0.8099999999999998,0.05759162303664921,1872.1,4.24,0.0
7939,0,179,-0.8219999999999998,0.061452513966480445,1872.1,4.24,0.0
7940,6,979,5.978000000000075,0.05515832482124617,1872.7,4.24,0.0
7941,1,313,0.3119999999999896,0.054313099041533544,1872.8,4.24,0.0
7942,2,446,1.444999999999975,0.05605381165919283,1873.1,4.24,0.0
7943,5,846,4.845000000000032,0.05555555555555555,1873.5,4.24,0.0
7944,3,579,2.5779999999999603,0.055267702936096716,1873.8,4.24,0.0
7945,2,461,1.4599999999999733,0.05639913232104121,1874.1,4.24,0.0
7946,0,187,-0.8139999999999998,0.058823529411764705,1874.2,4.24,0.0
7947,5,846,4.845000000000032,0.05555555555555555,1874.6,4.24,0.0
7948,1,313,0.3119999999999896,0.054313099041533544,1874.8,4.24,0.0
7949,0,186,-0.8149999999999998,0.05913978494623656,1874.9,4.24,0.0
7950,0,183,-0.8179999999999998,0.060109289617486336,1875.0,4.24,0.0
7951,0,179,-0.8219999999999998,0.055865921787709494,1875.1,4.24,0.0
7952,0,179,-0.8219999999999998,0.055865921787709494,1875.2,4.24,0.0
7953,1,339,0.33799999999998676,0.05604719764011799,1875.3,4.24,0.0
7954,0,187,-0.8139999999999998,0.058823529411764705,1875.4,4.24,0.0
7955,2,462,1.4609999999999732,0.05627705627705628,1875.7,4.24,0.0
7956,0,179,-0.8219999999999998,0.055865921787709494,1875.8,4.24,0.0
7957,3,579,2.5779999999999603,0.055267702936096716,1876.1,4.24,0.0
7958,0,190,-0.8109999999999998,0.05789473684210526,1876.2,4.24,0.0
7959,1,313,0.3119999999999896,0.054313099041533544,1876.3,4.24,0.0
7960,2,446,1.444999999999975,0.053811659192825115,1876.6,4.24,0.0
7961,1,313,0.3119999999999896,0.054313099041533544,1876.7,4.24,0.0
7962,0,179,-0.8219999999999998,0.055865921787709494,1876.8,4.24,0.0
7963,0,179,-0.8219999999999998,0.055865921787709494,1876.9,4.24,0.0
7964,1,313,0.3119999999999896,0.054313099041533544,1877.1,4.24,0.0
7965,0,179,-0.8219999999999998,0.055865921787709494,1877.2,4.24,0.0
7966,1,319,0.31799999999998896,0.05642633228840126,1877.3,4.24,0.0
7967,7,1113,7.112000000000036,0.055705300988319856,1877.9,4.24,0.0
7968,0,179,-0.8219999999999998,0.055865921787709494,1878.0,4.24,0.0
7969,0,179,-0.8219999999999998,0.061452513966480445,1878.1,4.24,0.0
7970,4,713,3.711999999999988,0.0546984572230014,1878.5,4.24,0.0
7971,0,179,-0.8219999999999998,0.055865921787709494,1878.6,4.24,0.0
7972,0,184,-0.8169999999999998,0.059782608695652176,1878.7,4.24,0.0
7973,7,1113,7.112000000000036,0.055705300988319856,1879.3,4.24,0.0
7974,1,317,0.3159999999999892,0.056782334384858045,1879.4,4.24,0.0
7975,0,179,-0.8219999999999998,0.055865921787709494,1879.5,4.24,0.0
7976,2,457,1.4559999999999738,0.05689277899343545,1879.8,4.24,0.0
7977,0,179,-0.8219999999999998,0.055865921787709494,1879.9,4.24,0.0
7978,0,179,-0.8219999999999998,0.055865921787709494,1880.0,4.24,0.0
7979,1,339,0.33799999999998676,0.05604719764011799,1880.2,4.24,0.0
7980,3,589,2.587999999999959,0.05602716468590832,1880.5,4.24,0.0
7981,0,179,-0.8219999999999998,0.055865921787709494,1880.5,4.24,0.0
7982,3,579,2.5779999999999603,0.055267702936096716,1880.8,4.24,0.0
7983,5,846,4.845000000000032,0.05555555555555555,1881.3,4.24,0.0
7984,6,979,5.978000000000075,0.05515832482124617,1881.8,4.24,0.0
7985,0,179,-0.8219999999999998,0.055865921787709494,1881.9,4.24,0.0
7986,0,179,-0.8219999999999998,0.055865921787709494,1882.0,4.24,0.0
7987,5,846,4.845000000000032,0.05555555555555555,1882.4,4.24,0.0
7988,3,579,2.5779999999999603,0.055267702936096716,1882.7,4.24,0.0
7989,9,1379,9.377999999999888,0.05583756345177665,1883.5,4.24,0.0
7990,0,179,-0.8219999999999998,0.055865921787709494,1883.6,4.24,0.0
7991,3,579,2.5779999999999603,0.055267702936096716,1883.9,4.24,0.0
7992,4,717,3.7159999999999895,0.05578800557880056,1884.3,4.24,0.0
7993,4,729,3.7279999999999935,0.056241426611796985,1884.6,4.24,0.0
7994,0,179,-0.8219999999999998,0.055865921787709494,1884.7,4.24,0.0
7995,3,579,2.5779999999999603,0.055267702936096716,1885.0,4.24,0.0
7996,1,313,0.3119999999999896,0.05750798722044728,1885.2,4.24,0.0
7997,0,179,-0.8219999999999998,0.055865921787709494,1885.3,4.24,0.0
7998,1,316,0.3149999999999893,0.056962025316455694,1885.5,4.24,0.0
7999,3,587,2.5859999999999594,0.056218057921635436,1885.8,4.24,0.0
8000,0,188,-0.8129999999999998,0.05851063829787234,1885.9,4.24,0.0
8001,1,335,0.3339999999999872,0.056716417910447764,1889.0,4.24,0.0
8002,5,846,4.845000000000032,0.05555555555555555,1889.4,4.24,0.0
8003,3,579,2.5779999999999603,0.055267702936096716,1889.7,4.24,0.0
8004,0,186,-0.8149999999999998,0.05913978494623656,1889.8,4.24,0.0
8005,0,186,-0.8149999999999998,0.05913978494623656,1889.9,4.24,0.0
8006,2,457,1.4559999999999738,0.05689277899343545,1890.2,4.24,0.0
8007,2,446,1.444999999999975,0.05605381165919283,1890.4,4.24,0.0
8008,4,713,3.711999999999988,0.0546984572230014,1890.8,4.24,0.0
8009,6,979,5.978000000000075,0.05515832482124617,1891.3,4.24,0.0
8010,3,579,2.5779999999999603,0.055267702936096716,1891.6,4.24,0.0
8011,2,446,1.444999999999975,0.05605381165919283,1891.8,4.24,0.0
8012,4,729,3.7279999999999935,0.056241426611796985,1892.2,4.23,0.0
8013,5,852,4.851000000000034,0.056338028169014086,1892.7,4.23,0.0
8014,1,317,0.3159999999999892,0.056782334384858045,1892.8,4.23,0.0
8015,5,846,4.845000000000032,0.05555555555555555,1893.3,4.23,0.0
8016,5,846,4.845000000000032,0.05555555555555555,1893.7,4.23,0.0
8017,5,860,4.859000000000036,0.05581395348837209,1894.2,4.23,0.0
8018,3,579,2.5779999999999603,0.055267702936096716,1894.5,4.23,0.0
8019,5,846,4.845000000000032,0.05555555555555555,1894.9,4.23,0.0
8020,7,1113,7.112000000000036,0.055705300988319856,1895.5,4.23,0.0
8021,2,446,1.444999999999975,0.05605381165919283,1895.7,4.23,0.0
8022,0,179,-0.8219999999999998,0.055865921787709494,1895.8,4.23,0.0
8023,1,313,0.3119999999999896,0.05750798722044728,1896.0,4.23,0.0
8024,0,179,-0.8219999999999998,0.055865921787709494,1896.1,4.23,0.0
8025,0,179,-0.8219999999999998,0.055865921787709494,1896.2,4.23,0.0
8026,1,318,0.31699999999998907,0.05660377358490566,1896.4,4.23,0.0
8027,1,313,0.3119999999999896,0.05750798722044728,1896.5,4.23,0.0
8028,5,852,4.851000000000034,0.056338028169014086,1897.0,4.23,0.0
8029,0,186,-0.8149999999999998,0.05913978494623656,1897.1,4.23,0.0
8030,0,184,-0.8169999999999998,0.059782608695652176,1897.1,4.23,0.0
8031,2,446,1.444999999999975,0.053811659192825115,1897.4,4.23,0.0
8032,1,313,0.3119999999999896,0.05750798722044728,1897.6,4.23,0.0
8033,0,179,-0.8219999999999998,0.055865921787709494,1897.7,4.23,0.0
8034,3,585,2.5839999999999597,0.05641025641025641,1898.0,4.23,0.0
8035,2,454,1.452999999999974,0.05726872246696035,1898.2,4.23,0.0
8036,0,179,-0.8219999999999998,0.055865921787709494,1898.3,4.23,0.0
8037,1,313,0.3119999999999896,0.054313099041533544,1898.5,4.23,0.0
8038,1,313,0.3119999999999896,0.054313099041533544,1898.6,4.23,0.0
8039,0,179,-0.8219999999999998,0.055865921787709494,1898.7,4.23,0.0
8040,2,453,1.4519999999999742,0.05739514348785872,1898.9,4.23,0.0
8041,1,313,0.3119999999999896,0.05750798722044728,1899.1,4.23,0.0
8042,3,579,2.5779999999999603,0.055267702936096716,1899.4,4.23,0.0
8043,0,179,-0.8219999999999998,0.055865921787709494,1899.5,4.23,0.0
8044,0,179,-0.8219999999999998,0.055865921787709494,1899.6,4.24,0.0
8045,0,179,-0.8219999999999998,0.055865921787709494,1899.7,4.24,0.0
8046,5,855,4.854000000000035,0.056140350877192984,1900.1,4.23,0.0
8047,1,314,0.3129999999999895,0.05732484076433121,1900.3,4.24,0.0
8048,3,579,2.5779999999999603,0.055267702936096716,1900.6,4.23,0.0
8049,6,980,5.979000000000076,0.05612244897959184,1901.1,4.23,0.0
8050,3,606,2.6049999999999573,0.056105610561056105,1901.4,4.23,0.0
8051,0,183,-0.8179999999999998,0.060109289617486336,1901.6,4.23,0.0
8052,1,313,0.3119999999999896,0.054313099041533544,1901.7,4.23,0.0
8053,1,314,0.3129999999999895,0.05732484076433121,1901.9,4.23,0.0
8054,0,179,-0.8219999999999998,0.055865921787709494,1902.0,4.24,0.0
8055,1,319,0.31799999999998896,0.05642633228840126,1902.1,4.24,0.0
8056,1,313,0.3119999999999896,0.054313099041533544,1902.3,4.24,0.0
8057,4,713,3.711999999999988,0.056100981767180924,1902.7,4.24,0.0
8058,0,179,-0.8219999999999998,0.055865921787709494,1902.8,4.24,0.0
8059,2,446,1.444999999999975,0.05605381165919283,1903.0,4.24,0.0
8060,2,447,1.4459999999999749,0.05592841163310962,1903.3,4.24,0.0
8061,0,179,-0.8219999999999998,0.055865921787709494,1903.4,4.24,0.0
8062,1,316,0.3149999999999893,0.056962025316455694,1903.5,4.24,0.0
8063,3,579,2.5779999999999603,0.055267702936096716,1903.8,4.24,0.0
8064,0,179,-0.8219999999999998,0.055865921787709494,1903.9,4.24,0.0
8065,0,187,-0.8139999999999998,0.058823529411764705,1904.0,4.24,0.0
8066,2,465,1.4639999999999729,0.05591397849462366,1904.3,4.24,0.0
8067,0,182,-0.8189999999999998,0.06043956043956044,1904.4,4.24,0.0
8068,0,184,-0.8169999999999998,0.059782608695652176,1904.5,4.24,0.0
8069,1,313,0.3119999999999896,0.054313099041533544,1904.6,4.24,0.0
8070,6,983,5.982000000000077,0.05595116988809766,1905.1,4.24,0.0
8071,1,313,0.3119999999999896,0.05750798722044728,1905.3,4.24,0.0
8072,4,731,3.729999999999994,0.0560875512995896,1905.7,4.24,0.0
8073,4,713,3.711999999999988,0.0546984572230014,1906.1,4.24,0.0
8074,2,446,1.444999999999975,0.05605381165919283,1906.3,4.24,0.0
8075,3,579,2.5779999999999603,0.055267702936096716,1906.6,4.24,0.0
8076,0,191,-0.8099999999999998,0.05759162303664921,1906.7,4.24,0.0
8077,4,732,3.7309999999999945,0.056010928961748634,1907.1,4.24,0.0
8078,3,579,2.5779999999999603,0.055267702936096716,1907.4,4.24,0.0
8079,1,313,0.3119999999999896,0.05750798722044728,1907.6,4.24,0.0
8080,0,189,-0.8119999999999998,0.0582010582010582,1907.6,4.24,0.0
8081,0,179,-0.8219999999999998,0.055865921787709494,1907.7,4.24,0.0
8082,0,185,-0.8159999999999998,0.05945945945945946,1907.8,4.24,0.0
8083,6,1005,6.004000000000084,0.05572139303482587,1908.4,4.24,0.0
8084,9,1379,9.377999999999888,0.05583756345177665,1909.1,4.23,0.0
8085,0,190,-0.8109999999999998,0.05789473684210526,1909.2,4.24,0.0
8086,1,313,0.3119999999999896,0.054313099041533544,1909.4,4.24,0.0
8087,0,179,-0.8219999999999998,0.055865921787709494,1909.5,4.24,0.0
8088,0,179,-0.8219999999999998,0.055865921787709494,1909.6,4.24,0.0
8089,6,979,5.978000000000075,0.05515832482124617,1910.1,4.24,0.0
8090,6,1003,6.002000000000083,0.05583250249252243,1910.6,4.23,0.0
8091,0,179,-0.8219999999999998,0.055865921787709494,1910.7,4.24,0.0
8092,1,313,0.3119999999999896,0.05750798722044728,1910.9,4.24,0.0
8093,0,185,-0.8159999999999998,0.05945945945945946,1911.0,4.24,0.0
8094,2,446,1.444999999999975,0.05605381165919283,1911.2,4.24,0.0
8095,2,463,1.461999999999973,0.056155507559395246,1911.4,4.24,0.0
8096,0,179,-0.8219999999999998,0.055865921787709494,1911.5,4.24,0.0
8097,1,313,0.3119999999999896,0.054313099041533544,1911.7,4.24,0.0
8098,0,179,-0.8219999999999998,0.055865921787709494,1911.8,4.24,0.0
8099,2,446,1.444999999999975,0.05605381165919283,1912.0,4.24,0.0
8100,2,456,1.4549999999999739,0.05701754385964912,1912.3,4.24,0.0
8101,1,313,0.3119999999999896,0.05750798722044728,1912.4,4.24,0.0
8102,0,179,-0.8219999999999998,0.055865921787709494,1912.5,4.24,0.0
8103,1,318,0.31699999999998907,0.05660377358490566,1912.7,4.24,0.0
8104,0,179,-0.8219999999999998,0.055865921787709494,1912.8,4.24,0.0
8105,3,579,2.5779999999999603,0.055267702936096716,1913.1,4.24,0.0
8106,0,182,-0.8189999999999998,0.06043956043956044,1913.2,4.24,0.0
8107,0,190,-0.8109999999999998,0.05789473684210526,1913.3,4.24,0.0
8108,0,179,-0.8219999999999998,0.055865921787709494,1913.4,4.24,0.0
8109,0,195,-0.8059999999999998,0.05641025641025641,1913.5,4.24,0.0
8110,1,313,0.3119999999999896,0.054313099041533544,1913.7,4.24,0.0
8111,2,446,1.444999999999975,0.05605381165919283,1913.9,4.24,0.0
8112,0,189,-0.8119999999999998,0.0582010582010582,1914.0,4.24,0.0
8113,2,454,1.452999999999974,0.05726872246696035,1914.2,4.24,0.0
8114,2,447,1.4459999999999749,0.05592841163310962,1914.5,4.24,0.0
8115,12,1779,12.777999999999667,0.05508712759977515,1915.4,4.24,0.0
8116,0,179,-0.8219999999999998,0.055865921787709494,1915.5,4.24,0.0
8117,2,457,1.4559999999999738,0.05689277899343545,1915.7,4.24,0.0
8118,1,313,0.3119999999999896,0.054313099041533544,1915.9,4.24,0.0
8119,1,313,0.3119999999999896,0.054313099041533544,1916.1,4.24,0.0
8120,0,194,-0.8069999999999998,0.05670103092783505,1916.2,4.24,0.0
8121,0,179,-0.8219999999999998,0.055865921787709494,1916.3,4.24,0.0
8122,0,179,-0.8219999999999998,0.055865921787709494,1916.3,4.24,0.0
8123,1,313,0.3119999999999896,0.05750798722044728,1916.5,4.24,0.0
8124,0,179,-0.8219999999999998,0.055865921787709494,1916.6,4.24,0.0
8125,1,313,0.3119999999999896,0.054313099041533544,1916.8,4.24,0.0
8126,0,179,-0.8219999999999998,0.055865921787709494,1916.9,4.24,0.0
8127,1,317,0.3159999999999892,0.056782334384858045,1917.0,4.24,0.0
8128,3,609,2.607999999999957,0.05582922824302135,1917.4,4.24,0.0
8129,2,446,1.444999999999975,0.053811659192825115,1917.6,4.24,0.0
8130,1,339,0.33799999999998676,0.05604719764011799,1917.8,4.24,0.0
8131,3,579,2.5779999999999603,0.055267702936096716,1918.1,4.24,0.0
8132,1,313,0.3119999999999896,0.05750798722044728,1918.2,4.24,0.0
8133,3,588,2.5869999999999593,0.05612244897959184,1918.6,4.24,0.0
8134,4,713,3.711999999999988,0.056100981767180924,1918.9,4.24,0.0
8135,1,339,0.33799999999998676,0.05604719764011799,1919.1,4.24,0.0
8136,3,579,2.5779999999999603,0.055267702936096716,1919.4,4.24,0.0
8137,2,446,1.444999999999975,0.05605381165919283,1919.6,4.24,0.0
8138,1,313,0.3119999999999896,0.054313099041533544,1919.8,4.24,0.0
8139,0,195,-0.8059999999999998,0.05641025641025641,1919.9,4.24,0.0
8140,2,446,1.444999999999975,0.053811659192825115,1920.2,4.24,0.0
8141,4,713,3.711999999999988,0.0546984572230014,1920.5,4.24,0.0
8142,2,446,1.444999999999975,0.05605381165919283,1920.8,4.24,0.0
8143,0,179,-0.8219999999999998,0.055865921787709494,1920.9,4.24,0.0
8144,0,179,-0.8219999999999998,0.05027932960893855,1921.0,4.24,0.0
8145,3,590,2.588999999999959,0.05593220338983051,1921.3,4.24,0.0
8146,2,446,1.444999999999975,0.05605381165919283,1921.5,4.24,0.0
8147,3,579,2.5779999999999603,0.055267702936096716,1921.8,4.24,0.0
8148,4,713,3.711999999999988,0.0546984572230014,1922.2,4.24,0.0
8149,1,313,0.3119999999999896,0.054313099041533544,1922.4,4.24,0.0
8150,3,579,2.5779999999999603,0.055267702936096716,1922.7,4.24,0.0
8151,3,589,2.587999999999959,0.05602716468590832,1923.0,4.24,0.0
8152,0,179,-0.8219999999999998,0.055865921787709494,1923.1,4.24,0.0
8153,0,190,-0.8109999999999998,0.05789473684210526,1923.2,4.24,0.0
8154,3,579,2.5779999999999603,0.055267702936096716,1923.5,4.24,0.0
8155,0,189,-0.8119999999999998,0.0582010582010582,1923.6,4.24,0.0
8156,1,313,0.3119999999999896,0.054313099041533544,1923.8,4.24,0.0
8157,3,579,2.5779999999999603,0.05699481865284974,1924.1,4.24,0.0
8158,1,313,0.3119999999999896,0.05750798722044728,1924.2,4.24,0.0
8159,1,313,0.3119999999999896,0.054313099041533544,1924.4,4.24,0.0
8160,1,313,0.3119999999999896,0.054313099041533544,1924.6,4.24,0.0
8161,1,320,0.31899999999998885,0.05625,1924.7,4.24,0.0
8162,1,321,0.31999999999998874,0.056074766355140186,1924.9,4.24,0.0
8163,0,179,-0.8219999999999998,0.055865921787709494,1925.0,4.24,0.0
8164,0,179,-0.8219999999999998,0.055865921787709494,1925.1,4.24,0.0
8165,1,313,0.3119999999999896,0.05750798722044728,1925.2,4.24,0.0
8166,0,191,-0.8099999999999998,0.05759162303664921,1925.3,4.24,0.0
8167,1,318,0.31699999999998907,0.05660377358490566,1925.5,4.24,0.0
8168,0,179,-0.8219999999999998,0.055865921787709494,1925.6,4.24,0.0
8169,4,713,3.711999999999988,0.0546984572230014,1926.0,4.24,0.0
8170,0,179,-0.8219999999999998,0.055865921787709494,1926.1,4.24,0.0
8171,3,579,2.5779999999999603,0.055267702936096716,1926.4,4.24,0.0
8172,6,979,5.978000000000075,0.05515832482124617,1926.9,4.24,0.0
8173,1,337,0.335999999999987,0.05637982195845697,1927.1,4.24,0.0
8174,0,186,-0.8149999999999998,0.05913978494623656,1927.2,4.24,0.0
8175,7,1019,7.018000000000088,0.05593719332679097,1927.7,4.24,0.0
8176,2,446,1.444999999999975,0.05605381165919283,1927.9,4.24,0.0
8177,5,846,4.845000000000032,0.05555555555555555,1928.4,4.24,0.0
8178,1,335,0.3339999999999872,0.056716417910447764,1928.5,4.24,0.0
8179,0,187,-0.8139999999999998,0.058823529411764705,1928.7,4.24,0.0
8180,1,313,0.3119999999999896,0.054313099041533544,1928.8,4.24,0.0
8181,0,179,-0.8219999999999998,0.055865921787709494,1928.9,4.24,0.0
8182,0,179,-0.8219999999999998,0.055865921787709494,1929.0,4.24,0.0
8183,0,179,-0.8219999999999998,0.055865921787709494,1929.1,4.24,0.0
8184,0,179,-0.8219999999999998,0.055865921787709494,1929.2,4.24,0.0
8185,1,313,0.3119999999999896,0.054313099041533544,1929.4,4.24,0.0
8186,6,981,5.980000000000076,0.05606523955147808,1929.9,4.24,0.0
8187,0,179,-0.8219999999999998,0.055865921787709494,1930.0,4.24,0.0
8188,3,579,2.5779999999999603,0.055267702936096716,1930.3,4.24,0.0
8189,0,195,-0.8059999999999998,0.05641025641025641,1930.4,4.24,0.0
8190,3,580,2.57899999999996,0.056896551724137934,1930.7,4.24,0.0
8191,5,846,4.845000000000032,0.05555555555555555,1931.1,4.24,0.0
8192,2,446,1.444999999999975,0.053811659192825115,1931.4,4.24,0.0
8193,7,1113,7.112000000000036,0.055705300988319856,1931.9,4.24,0.0
8194,4,713,3.711999999999988,0.056100981767180924,1932.3,4.24,0.0
8195,4,713,3.711999999999988,0.056100981767180924,1932.7,4.24,0.0
8196,5,857,4.856000000000035,0.056009334889148193,1933.1,4.24,0.0
8197,1,313,0.3119999999999896,0.054313099041533544,1933.3,4.24,0.0
8198,5,846,4.845000000000032,0.05555555555555555,1933.8,4.24,0.0
8199,8,1246,8.244999999999962,0.05537720706260032,1934.4,4.24,0.0
8200,0,179,-0.8219999999999998,0.055865921787709494,1934.5,4.24,0.0
8201,2,446,1.444999999999975,0.05605381165919283,1934.7,4.24,0.0
8202,3,579,2.5779999999999603,0.055267702936096716,1935.0,4.24,0.0
8203,0,179,-0.8219999999999998,0.055865921787709494,1935.1,4.24,0.0
8204,0,179,-0.8219999999999998,0.055865921787709494,1935.2,4.24,0.0
8205,8,1274,8.272999999999946,0.05572998430141287,1935.9,4.24,0.0
8206,0,179,-0.8219999999999998,0.055865921787709494,1936.0,4.24,0.0
8207,1,315,0.3139999999999894,0.05714285714285714,1936.1,4.24,0.0
8208,0,187,-0.8139999999999998,0.058823529411764705,1936.2,4.24,0.0
8209,0,181,-0.8199999999999998,0.06077348066298342,1936.3,4.24,0.0
8210,2,446,1.444999999999975,0.053811659192825115,1936.6,4.24,0.0
8211,0,179,-0.8219999999999998,0.055865921787709494,1936.6,4.24,0.0
8212,2,461,1.4599999999999733,0.05639913232104121,1936.9,4.24,0.0
8213,4,730,3.728999999999994,0.056164383561643834,1937.3,4.24,0.0
8214,4,713,3.711999999999988,0.056100981767180924,1937.7,4.24,0.0
8215,0,179,-0.8219999999999998,0.055865921787709494,1937.8,4.24,0.0
8216,3,579,2.5779999999999603,0.055267702936096716,1938.1,4.24,0.0
8217,3,579,2.5779999999999603,0.055267702936096716,1938.4,4.24,0.0
8218,1,313,0.3119999999999896,0.05750798722044728,1938.5,4.24,0.0
8219,0,179,-0.8219999999999998,0.055865921787709494,1938.6,4.24,0.0
8220,5,852,4.851000000000034,0.056338028169014086,1939.1,4.24,0.0
8221,5,846,4.845000000000032,0.05555555555555555,1939.5,4.24,0.0
8222,1,313,0.3119999999999896,0.054313099041533544,1939.7,4.24,0.0
8223,0,179,-0.8219999999999998,0.055865921787709494,1939.8,4.24,0.0
8224,1,321,0.31999999999998874,0.056074766355140186,1939.9,4.24,0.0
8225,0,186,-0.8149999999999998,0.05913978494623656,1940.0,4.24,0.0
8226,0,190,-0.8109999999999998,0.05789473684210526,1940.1,4.24,0.0
8227,1,319,0.31799999999998896,0.05642633228840126,1940.3,4.24,0.0
8228,1,335,0.3339999999999872,0.056716417910447764,1940.5,4.24,0.0
8229,0,179,-0.8219999999999998,0.055865921787709494,1940.6,4.24,0.0
8230,0,179,-0.8219999999999998,0.055865921787709494,1940.7,4.24,0.0
8231,2,449,1.4479999999999746,0.0556792873051225,1940.9,4.24,0.0
8232,1,313,0.3119999999999896,0.054313099041533544,1941.1,4.24,0.0
8233,1,313,0.3119999999999896,0.054313099041533544,1941.2,4.24,0.0
8234,1,313,0.3119999999999896,0.05750798722044728,1941.4,4.24,0.0
8235,1,336,0.3349999999999871,0.05654761904761905,1941.6,4.24,0.0
8236,4,729,3.7279999999999935,0.056241426611796985,1942.0,4.24,0.0
8237,3,579,2.5779999999999603,0.055267702936096716,1942.3,4.24,0.0
8238,3,581,2.57999999999996,0.05679862306368331,1942.6,4.24,0.0
8239,3,584,2.5829999999999598,0.05650684931506849,1942.9,4.24,0.0
8240,1,316,0.3149999999999893,0.056962025316455694,1943.1,4.24,0.0
8241,0,185,-0.8159999999999998,0.05945945945945946,1943.2,4.24,0.0
8242,1,313,0.3119999999999896,0.05750798722044728,1943.3,4.24,0.0
8243,3,579,2.5779999999999603,0.055267702936096716,1943.6,4.24,0.0
8244,4,713,3.711999999999988,0.056100981767180924,1944.0,4.24,0.0
8245,2,446,1.444999999999975,0.053811659192825115,1944.2,4.24,0.0
8246,0,183,-0.8179999999999998,0.060109289617486336,1944.3,4.24,0.0
8247,5,846,4.845000000000032,0.05555555555555555,1944.8,4.24,0.0
8248,2,446,1.444999999999975,0.05605381165919283,1945.0,4.24,0.0
8249,0,186,-0.8149999999999998,0.05913978494623656,1945.1,4.24,0.0
8250,2,446,1.444999999999975,0.05605381165919283,1945.4,4.24,0.0
8251,5,846,4.845000000000032,0.05555555555555555,1945.8,4.24,0.0
8252,2,446,1.444999999999975,0.05605381165919283,1946.0,4.24,0.0
8253,0,179,-0.8219999999999998,0.055865921787709494,1946.1,4.24,0.0
8254,8,1251,8.24999999999996,0.055955235811350916,1946.8,4.24,0.0
8255,3,579,2.5779999999999603,0.055267702936096716,1947.1,4.24,0.0
8256,1,314,0.3129999999999895,0.05732484076433121,1947.3,4.24,0.0
8257,0,179,-0.8219999999999998,0.055865921787709494,1947.4,4.24,0.0
8258,2,454,1.452999999999974,0.05726872246696035,1947.6,4.24,0.0
8259,2,446,1.444999999999975,0.05605381165919283,1947.8,4.24,0.0
8260,3,579,2.5779999999999603,0.055267702936096716,1948.1,4.24,0.0
8261,1,313,0.3119999999999896,0.05750798722044728,1948.3,4.24,0.0
8262,3,581,2.57999999999996,0.05679862306368331,1948.6,4.24,0.0
8263,3,581,2.57999999999996,0.05679862306368331,1948.9,4.24,0.0
8264,2,446,1.444999999999975,0.05605381165919283,1949.1,4.24,0.0
8265,0,179,-0.8219999999999998,0.055865921787709494,1949.2,4.24,0.0
8266,3,588,2.5869999999999593,0.05612244897959184,1949.6,4.24,0.0
8267,4,713,3.711999999999988,0.056100981767180924,1949.9,4.24,0.0
8268,3,579,2.5779999999999603,0.055267702936096716,1950.2,4.24,0.0
8269,0,179,-0.8219999999999998,0.055865921787709494,1950.3,4.24,0.0
8270,2,446,1.444999999999975,0.05605381165919283,1950.6,4.24,0.0
8271,1,315,0.3139999999999894,0.05714285714285714,1950.7,4.24,0.0
8272,1,313,0.3119999999999896,0.05750798722044728,1950.9,4.24,0.0
8273,4,713,3.711999999999988,0.0546984572230014,1951.3,4.24,0.0
8274,3,579,2.5779999999999603,0.055267702936096716,1951.6,4.24,0.0
8275,0,193,-0.8079999999999998,0.05699481865284974,1951.7,4.24,0.0
8276,0,179,-0.8219999999999998,0.055865921787709494,1951.8,4.24,0.0
8277,0,179,-0.8219999999999998,0.055865921787709494,1951.9,4.24,0.0
8278,0,189,-0.8119999999999998,0.0582010582010582,1952.0,4.24,0.0
8279,0,184,-0.8169999999999998,0.059782608695652176,1952.0,4.24,0.0
8280,0,179,-0.8219999999999998,0.055865921787709494,1952.1,4.24,0.0
8281,3,579,2.5779999999999603,0.055267702936096716,1952.4,4.24,0.0
8282,2,446,1.444999999999975,0.05605381165919283,1952.7,4.24,0.0
8283,0,179,-0.8219999999999998,0.055865921787709494,1952.8,4.24,0.0
8284,0,179,-0.8219999999999998,0.055865921787709494,1952.9,4.24,0.0
8285,0,185,-0.8159999999999998,0.05945945945945946,1953.0,4.24,0.0
8286,0,191,-0.8099999999999998,0.05759162303664921,1953.1,4.24,0.0
8287,7,1113,7.112000000000036,0.055705300988319856,1953.6,4.24,0.0
8288,0,179,-0.8219999999999998,0.055865921787709494,1953.7,4.24,0.0
8289,0,179,-0.8219999999999998,0.055865921787709494,1953.8,4.24,0.0
8290,8,1246,8.244999999999962,0.05537720706260032,1954.5,4.24,0.0
8291,5,846,4.845000000000032,0.05555555555555555,1955.0,4.24,0.0
8292,0,186,-0.8149999999999998,0.05913978494623656,1955.1,4.24,0.0
8293,0,179,-0.8219999999999998,0.055865921787709494,1955.1,4.24,0.0
8294,0,187,-0.8139999999999998,0.058823529411764705,1955.2,4.24,0.0
8295,0,197,-0.8039999999999998,0.05583756345177665,1955.3,4.24,0.0
8296,3,588,2.5869999999999593,0.05612244897959184,1955.6,4.24,0.0
8297,0,179,-0.8219999999999998,0.055865921787709494,1955.7,4.24,0.0
8298,2,450,1.4489999999999745,0.057777777777777775,1956.0,4.24,0.0
8299,0,179,-0.8219999999999998,0.055865921787709494,1956.1,4.24,0.0
8300,2,459,1.4579999999999735,0.05664488017429194,1956.3,4.24,0.0
8301,1,313,0.3119999999999896,0.054313099041533544,1956.5,4.24,0.0
8302,3,579,2.5779999999999603,0.055267702936096716,1956.8,4.24,0.0
8303,2,452,1.4509999999999743,0.05752212389380531,1957.0,4.24,0.0
8304,0,179,-0.8219999999999998,0.055865921787709494,1957.1,4.24,0.0
8305,3,579,2.5779999999999603,0.055267702936096716,1957.4,4.24,0.0
8306,4,714,3.7129999999999885,0.056022408963585436,1957.8,4.24,0.0
8307,0,179,-0.8219999999999998,0.05027932960893855,1957.8,4.24,0.0
8308,3,579,2.5779999999999603,0.055267702936096716,1958.2,4.24,0.0
8309,4,713,3.711999999999988,0.056100981767180924,1958.5,4.24,0.0
8310,0,179,-0.8219999999999998,0.055865921787709494,1958.6,4.24,0.0
8311,3,579,2.5779999999999603,0.055267702936096716,1958.9,4.24,0.0
8312,2,446,1.444999999999975,0.05605381165919283,1959.2,4.24,0.0
8313,2,446,1.444999999999975,0.05605381165919283,1959.4,4.24,0.0
8314,6,979,5.978000000000075,0.056179775280898875,1959.9,4.24,0.0
8315,1,313,0.3119999999999896,0.054313099041533544,1960.1,4.24,0.0
8316,0,179,-0.8219999999999998,0.055865921787709494,1960.2,4.24,0.0
8317,4,713,3.711999999999988,0.056100981767180924,1960.6,4.24,0.0
8318,11,1646,11.64499999999974,0.05589307411907655,1961.4,4.24,0.0
8319,1,313,0.3119999999999896,0.05750798722044728,1961.6,4.24,0.0
8320,1,313,0.3119999999999896,0.054313099041533544,1961.7,4.24,0.0
8321,1,313,0.3119999999999896,0.05750798722044728,1961.9,4.24,0.0
8322,0,185,-0.8159999999999998,0.05945945945945946,1962.0,4.24,0.0
8323,0,179,-0.8219999999999998,0.055865921787709494,1962.1,4.24,0.0
8324,2,446,1.444999999999975,0.053811659192825115,1962.3,4.24,0.0
8325,1,313,0.3119999999999896,0.054313099041533544,1962.5,4.24,0.0
8326,6,979,5.978000000000075,0.056179775280898875,1963.0,4.24,0.0
8327,1,323,0.3219999999999885,0.05572755417956656,1963.2,4.24,0.0
8328,1,313,0.3119999999999896,0.05750798722044728,1963.4,4.24,0.0
8329,1,313,0.3119999999999896,0.054313099041533544,1963.5,4.24,0.0
8330,2,446,1.444999999999975,0.05605381165919283,1963.8,4.24,0.0
8331,4,732,3.7309999999999945,0.056010928961748634,1964.2,4.24,0.0
8332,2,446,1.444999999999975,0.05605381165919283,1964.4,4.24,0.0
8333,6,979,5.978000000000075,0.056179775280898875,1964.9,4.24,0.0
8334,3,579,2.5779999999999603,0.055267702936096716,1965.2,4.24,0.0
8335,2,446,1.444999999999975,0.05605381165919283,1965.4,4.24,0.0
8336,6,979,5.978000000000075,0.05515832482124617,1966.0,4.24,0.0
8337,5,859,4.858000000000036,0.05587892898719441,1966.4,4.24,0.0
8338,0,179,-0.8219999999999998,0.055865921787709494,1966.5,4.24,0.0
8339,1,313,0.3119999999999896,0.054313099041533544,1966.6,4.24,0.0
8340,0,179,-0.8219999999999998,0.055865921787709494,1966.7,4.24,0.0
8341,6,979,5.978000000000075,0.05515832482124617,1967.3,4.24,0.0
8342,0,179,-0.8219999999999998,0.055865921787709494,1967.4,4.24,0.0
8343,1,313,0.3119999999999896,0.054313099041533544,1967.5,4.24,0.0
8344,1,313,0.3119999999999896,0.054313099041533544,1967.7,4.24,0.0
8345,2,446,1.444999999999975,0.05605381165919283,1967.9,4.24,0.0
8346,2,446,1.444999999999975,0.05605381165919283,1968.1,4.24,0.0
8347,0,179,-0.8219999999999998,0.055865921787709494,1968.2,4.24,0.0
8348,0,179,-0.8219999999999998,0.055865921787709494,1968.3,4.24,0.0
8349,0,179,-0.8219999999999998,0.055865921787709494,1968.4,4.24,0.0
8350,1,313,0.3119999999999896,0.05750798722044728,1968.6,4.24,0.0
8351,1,318,0.31699999999998907,0.05660377358490566,1968.7,4.24,0.0
8352,6,979,5.978000000000075,0.05515832482124617,1969.3,4.24,0.0
8353,0,179,-0.8219999999999998,0.055865921787709494,1969.4,4.24,0.0
8354,1,313,0.3119999999999896,0.054313099041533544,1969.5,4.24,0.0
8355,0,186,-0.8149999999999998,0.05913978494623656,1969.6,4.24,0.0
8356,2,453,1.4519999999999742,0.05739514348785872,1969.9,4.24,0.0
8357,2,446,1.444999999999975,0.05605381165919283,1970.1,4.24,0.0
8358,0,179,-0.8219999999999998,0.055865921787709494,1970.2,4.24,0.0
8359,3,579,2.5779999999999603,0.055267702936096716,1970.5,4.24,0.0
8360,0,179,-0.8219999999999998,0.055865921787709494,1970.6,4.24,0.0
8361,3,579,2.5779999999999603,0.055267702936096716,1970.9,4.24,0.0
8362,1,313,0.3119999999999896,0.05750798722044728,1971.1,4.24,0.0
8363,3,580,2.57899999999996,0.056896551724137934,1971.4,4.24,0.0
8364,2,462,1.4609999999999732,0.05627705627705628,1971.6,4.24,0.0
8365,6,979,5.978000000000075,0.05515832482124617,1972.1,4.24,0.0
8366,4,713,3.711999999999988,0.0546984572230014,1972.5,4.24,0.0
8367,2,458,1.4569999999999736,0.056768558951965066,1972.8,4.24,0.0
8368,1,338,0.33699999999998687,0.05621301775147929,1972.9,4.24,0.0
8369,1,313,0.3119999999999896,0.054313099041533544,1973.1,4.24,0.0
8370,3,586,2.5849999999999596,0.05631399317406143,1973.4,4.24,0.0
8371,0,179,-0.8219999999999998,0.055865921787709494,1973.5,4.24,0.0
8372,4,713,3.711999999999988,0.056100981767180924,1973.9,4.24,0.0
8373,1,313,0.3119999999999896,0.054313099041533544,1974.0,4.24,0.0
8374,0,179,-0.8219999999999998,0.055865921787709494,1974.1,4.24,0.0
8375,0,184,-0.8169999999999998,0.059782608695652176,1974.2,4.24,0.0
8376,1,313,0.3119999999999896,0.054313099041533544,1974.4,4.24,0.0
8377,3,579,2.5779999999999603,0.055267702936096716,1974.7,4.24,0.0
8378,5,846,4.845000000000032,0.05555555555555555,1975.1,4.24,0.0
8379,3,579,2.5779999999999603,0.055267702936096716,1975.4,4.24,0.0
8380,0,179,-0.8219999999999998,0.055865921787709494,1975.5,4.24,0.0
8381,1,341,0.33999999999998654,0.05571847507331378,1975.7,4.24,0.0
8382,3,579,2.5779999999999603,0.055267702936096716,1976.0,4.24,0.0
8383,3,579,2.5779999999999603,0.055267702936096716,1976.3,4.24,0.0
8384,1,331,0.32999999999998764,0.05740181268882175,1976.5,4.24,0.0
8385,2,461,1.4599999999999733,0.05639913232104121,1976.7,4.24,0.0
8386,2,465,1.4639999999999729,0.05591397849462366,1977.0,4.24,0.0
8387,0,179,-0.8219999999999998,0.055865921787709494,1977.1,4.24,0.0
8388,2,446,1.444999999999975,0.05605381165919283,1977.3,4.24,0.0
8389,2,465,1.4639999999999729,0.05591397849462366,1977.5,4.24,0.0
8390,2,457,1.4559999999999738,0.05689277899343545,1977.8,4.24,0.0
8391,1,313,0.3119999999999896,0.054313099041533544,1977.9,4.24,0.0
8392,0,179,-0.8219999999999998,0.055865921787709494,1978.0,4.24,0.0
8393,0,209,-0.7919999999999998,0.05741626794258373,1978.1,4.24,0.0
8394,2,446,1.444999999999975,0.05605381165919283,1978.4,4.24,0.0
8395,6,979,5.978000000000075,0.05515832482124617,1978.9,4.24,0.0
8396,1,333,0.3319999999999874,0.057057057057057055,1979.1,4.24,0.0
8397,1,317,0.3159999999999892,0.056782334384858045,1979.2,4.24,0.0
8398,0,189,-0.8119999999999998,0.0582010582010582,1979.3,4.24,0.0
8399,2,461,1.4599999999999733,0.05639913232104121,1979.6,4.24,0.0
8400,4,713,3.711999999999988,0.056100981767180924,1980.0,4.24,0.0
8401,2,446,1.444999999999975,0.05605381165919283,1980.2,4.24,0.0
8402,0,206,-0.7949999999999998,0.05825242718446602,1980.3,4.24,0.0
8403,1,318,0.31699999999998907,0.05660377358490566,1980.5,4.24,0.0
8404,0,179,-0.8219999999999998,0.055865921787709494,1980.6,4.24,0.0
8405,1,317,0.3159999999999892,0.056782334384858045,1980.8,4.24,0.0
8406,0,195,-0.8059999999999998,0.05641025641025641,1980.9,4.24,0.0
8407,1,313,0.3119999999999896,0.054313099041533544,1981.0,4.24,0.0
8408,0,179,-0.8219999999999998,0.055865921787709494,1981.1,4.24,0.0
8409,0,186,-0.8149999999999998,0.05913978494623656,1981.2,4.24,0.0
8410,0,192,-0.8089999999999998,0.057291666666666664,1981.3,4.25,0.0
8411,6,979,5.978000000000075,0.056179775280898875,1981.9,4.24,0.0
8412,0,191,-0.8099999999999998,0.05759162303664921,1982.0,4.24,0.0
8413,0,179,-0.8219999999999998,0.055865921787709494,1982.1,4.25,0.0
8414,3,579,2.5779999999999603,0.055267702936096716,1982.4,4.24,0.0
8415,0,179,-0.8219999999999998,0.055865921787709494,1982.5,4.25,0.0
8416,4,713,3.711999999999988,0.0546984572230014,1982.9,4.24,0.0
8417,5,846,4.845000000000032,0.05555555555555555,1983.3,4.24,0.0
8418,3,610,2.608999999999957,0.05573770491803279,1983.6,4.24,0.0
8419,1,313,0.3119999999999896,0.05750798722044728,1983.8,4.24,0.0
8420,1,313,0.3119999999999896,0.054313099041533544,1984.0,4.24,0.0
8421,4,713,3.711999999999988,0.056100981767180924,1984.4,4.24,0.0
8422,0,179,-0.8219999999999998,0.055865921787709494,1984.5,4.24,0.0
8423,1,313,0.3119999999999896,0.05750798722044728,1984.6,4.24,0.0
8424,0,186,-0.8149999999999998,0.05913978494623656,1984.7,4.24,0.0
8425,0,187,-0.8139999999999998,0.058823529411764705,1984.8,4.25,0.0
8426,1,313,0.3119999999999896,0.05750798722044728,1985.0,4.25,0.0
8427,1,315,0.3139999999999894,0.05714285714285714,1985.2,4.25,0.0
8428,0,189,-0.8119999999999998,0.0582010582010582,1985.3,4.25,0.0
8429,2,454,1.452999999999974,0.05726872246696035,1985.5,4.25,0.0
8430,3,579,2.5779999999999603,0.055267702936096716,1985.8,4.25,0.0
8431,1,313,0.3119999999999896,0.054313099041533544,1986.0,4.25,0.0
8432,0,189,-0.8119999999999998,0.0582010582010582,1986.1,4.25,0.0
8433,0,179,-0.8219999999999998,0.055865921787709494,1986.2,4.25,0.0
8434,0,184,-0.8169999999999998,0.059782608695652176,1986.3,4.25,0.0
8435,5,853,4.852000000000034,0.05627198124267292,1986.8,4.25,0.0
8436,5,846,4.845000000000032,0.05555555555555555,1987.2,4.25,0.0
8437,0,193,-0.8079999999999998,0.05699481865284974,1987.3,4.25,0.0
8438,1,313,0.3119999999999896,0.05750798722044728,1987.5,4.25,0.0
8439,0,195,-0.8059999999999998,0.05641025641025641,1987.6,4.25,0.0
8440,1,317,0.3159999999999892,0.056782334384858045,1987.7,4.25,0.0
8441,1,313,0.3119999999999896,0.054313099041533544,1987.9,4.25,0.0
8442,4,713,3.711999999999988,0.056100981767180924,1988.3,4.25,0.0
8443,6,979,5.978000000000075,0.05515832482124617,1988.8,4.25,0.0
8444,2,459,1.4579999999999735,0.05664488017429194,1989.1,4.25,0.0
8445,5,846,4.845000000000032,0.05555555555555555,1989.5,4.25,0.0
8446,2,446,1.444999999999975,0.05605381165919283,1989.8,4.25,0.0
8447,0,179,-0.8219999999999998,0.055865921787709494,1989.8,4.25,0.0
8448,2,446,1.444999999999975,0.05605381165919283,1990.1,4.25,0.0
8449,0,179,-0.8219999999999998,0.055865921787709494,1990.2,4.25,0.0
8450,2,461,1.4599999999999733,0.05639913232104121,1990.4,4.25,0.0
8451,1,314,0.3129999999999895,0.05732484076433121,1990.6,4.25,0.0
8452,1,339,0.33799999999998676,0.05604719764011799,1990.8,4.25,0.0
8453,0,179,-0.8219999999999998,0.055865921787709494,1990.9,4.25,0.0
8454,1,313,0.3119999999999896,0.05750798722044728,1991.1,4.25,0.0
8455,0,193,-0.8079999999999998,0.05699481865284974,1991.2,4.25,0.0
8456,0,190,-0.8109999999999998,0.05789473684210526,1991.3,4.25,0.0
8457,2,464,1.462999999999973,0.05603448275862069,1991.5,4.25,0.0
8458,1,322,0.32099999999998863,0.055900621118012424,1991.7,4.25,0.0
8459,2,446,1.444999999999975,0.05605381165919283,1992.0,4.25,0.0
8460,4,725,3.723999999999992,0.05655172413793103,1992.3,4.25,0.0
8461,1,313,0.3119999999999896,0.05750798722044728,1992.5,4.25,0.0
8462,3,579,2.5779999999999603,0.055267702936096716,1992.8,4.25,0.0
8463,2,446,1.444999999999975,0.05605381165919283,1993.1,4.25,0.0
8464,5,846,4.845000000000032,0.05555555555555555,1993.5,4.25,0.0
8465,1,313,0.3119999999999896,0.054313099041533544,1993.7,4.25,0.0
8466,0,196,-0.8049999999999998,0.05612244897959184,1993.8,4.25,0.0
8467,1,313,0.3119999999999896,0.05750798722044728,1993.9,4.25,0.0
8468,0,179,-0.8219999999999998,0.055865921787709494,1994.0,4.25,0.0
8469,1,313,0.3119999999999896,0.05750798722044728,1994.2,4.25,0.0
8470,2,446,1.444999999999975,0.05605381165919283,1994.4,4.25,0.0
8471,4,713,3.711999999999988,0.056100981767180924,1994.8,4.25,0.0
8472,1,313,0.3119999999999896,0.054313099041533544,1995.0,4.25,0.0
8473,0,187,-0.8139999999999998,0.058823529411764705,1995.1,4.25,0.0
8474,0,179,-0.8219999999999998,0.055865921787709494,1995.2,4.25,0.0
8475,0,179,-0.8219999999999998,0.055865921787709494,1995.3,4.25,0.0
8476,0,179,-0.8219999999999998,0.055865921787709494,1995.4,4.25,0.0
8477,0,179,-0.8219999999999998,0.055865921787709494,1995.5,4.25,0.0
8478,1,340,0.33899999999998665,0.05588235294117647,1995.7,4.25,0.0
8479,1,313,0.3119999999999896,0.054313099041533544,1995.8,4.25,0.0
8480,1,319,0.31799999999998896,0.05642633228840126,1996.0,4.25,0.0
8481,6,1005,6.004000000000084,0.05572139303482587,1996.5,4.25,0.0
8482,2,457,1.4559999999999738,0.05689277899343545,1996.8,4.25,0.0
8483,2,446,1.444999999999975,0.053811659192825115,1997.0,4.25,0.0
8484,2,446,1.444999999999975,0.05605381165919283,1997.2,4.25,0.0
8485,5,846,4.845000000000032,0.05555555555555555,1997.7,4.25,0.0
8486,2,446,1.444999999999975,0.05605381165919283,1997.9,4.25,0.0
8487,3,579,2.5779999999999603,0.055267702936096716,1998.2,4.25,0.0
8488,0,186,-0.8149999999999998,0.05913978494623656,1998.3,4.25,0.0
8489,0,183,-0.8179999999999998,0.060109289617486336,1998.4,4.25,0.0
8490,2,446,1.444999999999975,0.05605381165919283,1998.7,4.25,0.0
8491,0,179,-0.8219999999999998,0.055865921787709494,1998.8,4.25,0.0
8492,1,313,0.3119999999999896,0.05750798722044728,1998.9,4.25,0.0
8493,2,446,1.444999999999975,0.05605381165919283,1999.1,4.25,0.0
8494,2,449,1.4479999999999746,0.0556792873051225,1999.4,4.25,0.0
8495,1,313,0.3119999999999896,0.054313099041533544,1999.6,4.25,0.0
8496,1,313,0.3119999999999896,0.05750798722044728,1999.7,4.25,0.0
8497,2,446,1.444999999999975,0.05605381165919283,2000.0,4.25,0.0
8498,1,313,0.3119999999999896,0.054313099041533544,2000.1,4.25,0.0
8499,0,179,-0.8219999999999998,0.055865921787709494,2000.2,4.25,0.0
8500,2,446,1.444999999999975,0.05605381165919283,2000.5,4.25,0.0
8501,1,336,0.3349999999999871,0.05654761904761905,2003.5,4.24,0.0
8502,0,179,-0.8219999999999998,0.055865921787709494,2003.6,4.24,0.0
8503,2,446,1.444999999999975,0.05605381165919283,2003.9,4.24,0.0
8504,3,592,2.590999999999959,0.05574324324324324,2004.2,4.24,0.0
8505,5,846,4.845000000000032,0.05555555555555555,2004.6,4.24,0.0
8506,0,179,-0.8219999999999998,0.055865921787709494,2004.7,4.24,0.0
8507,1,337,0.335999999999987,0.05637982195845697,2004.9,4.24,0.0
8508,1,315,0.3139999999999894,0.05714285714285714,2005.1,4.24,0.0
8509,6,1003,6.002000000000083,0.05583250249252243,2005.6,4.24,0.0
8510,5,846,4.845000000000032,0.05555555555555555,2006.1,4.24,0.0
8511,6,979,5.978000000000075,0.05515832482124617,2006.6,4.24,0.0
8512,2,446,1.444999999999975,0.05605381165919283,2006.8,4.24,0.0
8513,4,713,3.711999999999988,0.056100981767180924,2007.2,4.24,0.0
8514,0,179,-0.8219999999999998,0.055865921787709494,2007.3,4.24,0.0
8515,0,189,-0.8119999999999998,0.0582010582010582,2007.4,4.24,0.0
8516,1,313,0.3119999999999896,0.054313099041533544,2007.6,4.24,0.0
8517,2,446,1.444999999999975,0.05605381165919283,2007.8,4.24,0.0
8518,4,713,3.711999999999988,0.056100981767180924,2008.2,4.24,0.0
8519,0,187,-0.8139999999999998,0.058823529411764705,2008.3,4.24,0.0
8520,0,179,-0.8219999999999998,0.055865921787709494,2008.4,4.24,0.0
8521,4,713,3.711999999999988,0.0546984572230014,2008.8,4.24,0.0
8522,3,579,2.5779999999999603,0.055267702936096716,2009.1,4.24,0.0
8523,0,187,-0.8139999999999998,0.058823529411764705,2009.2,4.24,0.0
8524,1,313,0.3119999999999896,0.05750798722044728,2009.4,4.24,0.0
8525,0,179,-0.8219999999999998,0.055865921787709494,2009.5,4.24,0.0
8526,0,179,-0.8219999999999998,0.055865921787709494,2009.6,4.24,0.0
8527,2,446,1.444999999999975,0.053811659192825115,2009.8,4.24,0.0
8528,0,179,-0.8219999999999998,0.055865921787709494,2009.9,4.24,0.0
8529,2,459,1.4579999999999735,0.05664488017429194,2010.2,4.24,0.0
8530,2,446,1.444999999999975,0.05605381165919283,2010.4,4.24,0.0
8531,2,446,1.444999999999975,0.05605381165919283,2010.6,4.24,0.0
8532,4,713,3.711999999999988,0.056100981767180924,2011.0,4.24,0.0
8533,0,179,-0.8219999999999998,0.055865921787709494,2011.1,4.24,0.0
8534,1,321,0.31999999999998874,0.056074766355140186,2011.3,4.24,0.0
8535,1,313,0.3119999999999896,0.054313099041533544,2011.4,4.24,0.0
8536,0,179,-0.8219999999999998,0.055865921787709494,2011.5,4.24,0.0
8537,2,467,1.4659999999999727,0.055674518201284794,2011.8,4.24,0.0
8538,4,713,3.711999999999988,0.056100981767180924,2012.2,4.24,0.0
8539,1,315,0.3139999999999894,0.05714285714285714,2012.3,4.24,0.0
8540,0,190,-0.8109999999999998,0.05789473684210526,2012.4,4.24,0.0
8541,0,190,-0.8109999999999998,0.05789473684210526,2012.6,4.24,0.0
8542,0,179,-0.8219999999999998,0.055865921787709494,2012.6,4.24,0.0
8543,1,319,0.31799999999998896,0.05642633228840126,2012.8,4.24,0.0
8544,0,179,-0.8219999999999998,0.055865921787709494,2012.9,4.25,0.0
8545,0,197,-0.8039999999999998,0.05583756345177665,2013.0,4.25,0.0
8546,3,588,2.5869999999999593,0.05612244897959184,2013.3,4.25,0.0
8547,2,446,1.444999999999975,0.053811659192825115,2013.6,4.25,0.0
8548,3,579,2.5779999999999603,0.055267702936096716,2013.9,4.25,0.0
8549,2,446,1.444999999999975,0.05605381165919283,2014.1,4.25,0.0
8550,1,316,0.3149999999999893,0.056962025316455694,2014.3,4.25,0.0
8551,3,589,2.587999999999959,0.05602716468590832,2014.6,4.25,0.0
8552,0,191,-0.8099999999999998,0.05759162303664921,2014.7,4.25,0.0
8553,6,1002,6.001000000000083,0.05588822355289421,2015.2,4.24,0.0
8554,0,192,-0.8089999999999998,0.057291666666666664,2015.3,4.24,0.0
8555,0,192,-0.8089999999999998,0.057291666666666664,2015.4,4.25,0.0
8556,1,313,0.3119999999999896,0.054313099041533544,2015.6,4.25,0.0
8557,0,186,-0.8149999999999998,0.05913978494623656,2015.7,4.25,0.0
8558,3,585,2.5839999999999597,0.05641025641025641,2016.0,4.25,0.0
8559,3,585,2.5839999999999597,0.05641025641025641,2016.3,4.25,0.0
8560,1,335,0.3339999999999872,0.056716417910447764,2016.5,4.25,0.0
8561,1,339,0.33799999999998676,0.05604719764011799,2016.7,4.25,0.0
8562,1,313,0.3119999999999896,0.05750798722044728,2016.8,4.25,0.0
8563,3,579,2.5779999999999603,0.055267702936096716,2017.1,4.25,0.0
8564,1,316,0.3149999999999893,0.056962025316455694,2017.3,4.25,0.0
8565,6,989,5.988000000000079,0.055611729019211326,2017.8,4.25,0.0
8566,1,313,0.3119999999999896,0.054313099041533544,2018.0,4.25,0.0
8567,0,179,-0.8219999999999998,0.055865921787709494,2018.1,4.25,0.0
8568,2,446,1.444999999999975,0.05605381165919283,2018.3,4.25,0.0
8569,0,190,-0.8109999999999998,0.05789473684210526,2018.4,4.25,0.0
8570,0,179,-0.8219999999999998,0.055865921787709494,2018.5,4.25,0.0
8571,4,733,3.731999999999995,0.05593451568894952,2018.9,4.25,0.0
8572,7,1113,7.112000000000036,0.05480682839173405,2019.5,4.25,0.0
8573,3,579,2.5779999999999603,0.055267702936096716,2019.8,4.24,0.0
8574,2,446,1.444999999999975,0.05605381165919283,2020.1,4.24,0.0
8575,3,581,2.57999999999996,0.05679862306368331,2020.3,4.24,0.0
8576,4,713,3.711999999999988,0.056100981767180924,2020.7,4.24,0.0
8577,7,1129,7.128000000000027,0.05580159433126661,2021.3,4.24,0.0
8578,0,183,-0.8179999999999998,0.060109289617486336,2021.4,4.24,0.0
8579,2,464,1.462999999999973,0.05603448275862069,2021.7,4.24,0.0
8580,6,979,5.978000000000075,0.05515832482124617,2022.2,4.24,0.0
8581,0,185,-0.8159999999999998,0.05945945945945946,2022.3,4.24,0.0
8582,0,179,-0.8219999999999998,0.055865921787709494,2022.4,4.24,0.0
8583,2,446,1.444999999999975,0.05605381165919283,2022.6,4.24,0.0
8584,7,1113,7.112000000000036,0.055705300988319856,2023.2,4.24,0.0
8585,2,446,1.444999999999975,0.05605381165919283,2023.5,4.24,0.0
8586,0,194,-0.8069999999999998,0.05670103092783505,2023.6,4.24,0.0
8587,1,313,0.3119999999999896,0.054313099041533544,2023.7,4.24,0.0
8588,1,313,0.3119999999999896,0.05750798722044728,2023.9,4.24,0.0
8589,0,179,-0.8219999999999998,0.055865921787709494,2024.0,4.24,0.0
8590,3,579,2.5779999999999603,0.055267702936096716,2024.3,4.24,0.0
8591,1,313,0.3119999999999896,0.054313099041533544,2024.5,4.24,0.0
8592,0,179,-0.8219999999999998,0.055865921787709494,2024.5,4.24,0.0
8593,1,313,0.3119999999999896,0.054313099041533544,2024.7,4.24,0.0
8594,4,732,3.7309999999999945,0.056010928961748634,2025.1,4.24,0.0
8595,0,179,-0.8219999999999998,0.055865921787709494,2025.2,4.24,0.0
8596,0,179,-0.8219999999999998,0.055865921787709494,2025.3,4.24,0.0
8597,0,187,-0.8139999999999998,0.058823529411764705,2025.4,4.25,0.0
8598,5,846,4.845000000000032,0.05555555555555555,2025.9,4.24,0.0
8599,2,446,1.444999999999975,0.05605381165919283,2026.1,4.24,0.0
8600,0,187,-0.8139999999999998,0.058823529411764705,2026.2,4.24,0.0
8601,3,579,2.5779999999999603,0.055267702936096716,2026.5,4.24,0.0
8602,0,187,-0.8139999999999998,0.058823529411764705,2026.6,4.25,0.0
8603,2,446,1.444999999999975,0.05605381165919283,2026.8,4.25,0.0
8604,1,313,0.3119999999999896,0.054313099041533544,2027.0,4.25,0.0
8605,3,590,2.588999999999959,0.05593220338983051,2027.3,4.25,0.0
8606,0,192,-0.8089999999999998,0.057291666666666664,2027.4,4.25,0.0
8607,0,179,-0.8219999999999998,0.055865921787709494,2027.5,4.25,0.0
8608,0,191,-0.8099999999999998,0.05759162303664921,2027.6,4.25,0.0
8609,1,313,0.3119999999999896,0.054313099041533544,2027.8,4.25,0.0
8610,1,313,0.3119999999999896,0.05750798722044728,2028.0,4.25,0.0
8611,4,713,3.711999999999988,0.056100981767180924,2028.3,4.25,0.0
8612,2,446,1.444999999999975,0.05605381165919283,2028.6,4.25,0.0
8613,3,579,2.5779999999999603,0.055267702936096716,2028.9,4.25,0.0
8614,2,446,1.444999999999975,0.05605381165919283,2029.1,4.25,0.0
8615,1,336,0.3349999999999871,0.05654761904761905,2029.3,4.25,0.0
8616,3,579,2.5779999999999603,0.055267702936096716,2029.6,4.25,0.0
8617,2,457,1.4559999999999738,0.05689277899343545,2029.8,4.25,0.0
8618,4,716,3.714999999999989,0.055865921787709494,2030.2,4.25,0.0
8619,0,188,-0.8129999999999998,0.05851063829787234,2030.3,4.25,0.0
8620,3,579,2.5779999999999603,0.055267702936096716,2030.6,4.25,0.0
8621,4,713,3.711999999999988,0.056100981767180924,2031.0,4.25,0.0
8622,7,1130,7.129000000000026,0.05575221238938053,2031.6,4.24,0.0
8623,4,713,3.711999999999988,0.0546984572230014,2032.0,4.24,0.0
8624,0,179,-0.8219999999999998,0.055865921787709494,2032.1,4.24,0.0
8625,3,592,2.590999999999959,0.05574324324324324,2032.4,4.24,0.0
8626,1,318,0.31699999999998907,0.05660377358490566,2032.6,4.24,0.0
8627,0,179,-0.8219999999999998,0.055865921787709494,2032.7,4.24,0.0
8628,1,313,0.3119999999999896,0.05750798722044728,2032.8,4.24,0.0
8629,2,446,1.444999999999975,0.05605381165919283,2033.1,4.24,0.0
8630,1,313,0.3119999999999896,0.054313099041533544,2033.3,4.24,0.0
8631,5,858,4.857000000000036,0.055944055944055944,2033.7,4.24,0.0
8632,2,446,1.444999999999975,0.05605381165919283,2033.9,4.24,0.0
8633,3,579,2.5779999999999603,0.05699481865284974,2034.2,4.24,0.0
8634,1,335,0.3339999999999872,0.056716417910447764,2034.4,4.24,0.0
8635,1,313,0.3119999999999896,0.05750798722044728,2034.6,4.24,0.0
8636,0,187,-0.8139999999999998,0.058823529411764705,2034.7,4.24,0.0
8637,2,462,1.4609999999999732,0.05627705627705628,2034.9,4.24,0.0
8638,0,179,-0.8219999999999998,0.055865921787709494,2035.0,4.25,0.0
8639,4,714,3.7129999999999885,0.056022408963585436,2035.4,4.24,0.0
8640,1,340,0.33899999999998665,0.05588235294117647,2035.6,4.24,0.0
8641,0,179,-0.8219999999999998,0.055865921787709494,2035.7,4.25,0.0
8642,1,313,0.3119999999999896,0.054313099041533544,2035.8,4.25,0.0
8643,2,446,1.444999999999975,0.05605381165919283,2036.1,4.25,0.0
8644,0,187,-0.8139999999999998,0.058823529411764705,2036.2,4.25,0.0
8645,2,446,1.444999999999975,0.05605381165919283,2036.4,4.25,0.0
8646,0,179,-0.8219999999999998,0.055865921787709494,2036.5,4.25,0.0
8647,3,591,2.589999999999959,0.05583756345177665,2036.8,4.25,0.0
8648,5,846,4.845000000000032,0.05555555555555555,2037.3,4.25,0.0
8649,4,713,3.711999999999988,0.0546984572230014,2037.7,4.25,0.0
8650,2,457,1.4559999999999738,0.05689277899343545,2037.9,4.25,0.0
8651,0,179,-0.8219999999999998,0.055865921787709494,2038.0,4.25,0.0
8652,3,579,2.5779999999999603,0.055267702936096716,2038.3,4.25,0.0
8653,5,846,4.845000000000032,0.05555555555555555,2038.8,4.24,0.0
8654,2,456,1.4549999999999739,0.05701754385964912,2039.0,4.24,0.0
8655,1,313,0.3119999999999896,0.054313099041533544,2039.2,4.24,0.0
8656,0,186,-0.8149999999999998,0.05913978494623656,2039.3,4.25,0.0
8657,0,179,-0.8219999999999998,0.055865921787709494,2039.4,4.25,0.0
8658,2,446,1.444999999999975,0.05605381165919283,2039.6,4.25,0.0
8659,0,179,-0.8219999999999998,0.055865921787709494,2039.7,4.25,0.0
8660,2,454,1.452999999999974,0.05726872246696035,2040.0,4.25,0.0
8661,3,609,2.607999999999957,0.05582922824302135,2040.3,4.25,0.0
8662,0,189,-0.8119999999999998,0.0582010582010582,2040.4,4.25,0.0
8663,2,446,1.444999999999975,0.05605381165919283,2040.7,4.25,0.0
8664,1,338,0.33699999999998687,0.05621301775147929,2040.8,4.25,0.0
8665,0,179,-0.8219999999999998,0.055865921787709494,2040.9,4.25,0.0
8666,2,460,1.4589999999999734,0.05652173913043478,2041.2,4.25,0.0
8667,5,846,4.845000000000032,0.05555555555555555,2041.6,4.25,0.0
8668,5,856,4.855000000000035,0.056074766355140186,2042.1,4.25,0.0
8669,3,582,2.58099999999996,0.05670103092783505,2042.4,4.24,0.0
8670,0,179,-0.8219999999999998,0.055865921787709494,2042.5,4.25,0.0
8671,1,313,0.3119999999999896,0.05750798722044728,2042.7,4.25,0.0
8672,1,336,0.3349999999999871,0.05654761904761905,2042.9,4.25,0.0
8673,2,446,1.444999999999975,0.053811659192825115,2043.1,4.25,0.0
8674,3,579,2.5779999999999603,0.055267702936096716,2043.4,4.25,0.0
8675,6,979,5.978000000000075,0.056179775280898875,2043.9,4.24,0.0
8676,4,713,3.711999999999988,0.056100981767180924,2044.3,4.24,0.0
8677,1,313,0.3119999999999896,0.054313099041533544,2044.5,4.24,0.0
8678,0,179,-0.8219999999999998,0.055865921787709494,2044.6,4.24,0.0
8679,0,179,-0.8219999999999998,0.055865921787709494,2044.7,4.25,0.0
8680,1,336,0.3349999999999871,0.05654761904761905,2044.9,4.25,0.0
8681,1,335,0.3339999999999872,0.056716417910447764,2045.1,4.25,0.0
8682,3,610,2.608999999999957,0.05573770491803279,2045.4,4.25,0.0
8683,3,585,2.5839999999999597,0.05641025641025641,2045.7,4.25,0.0
8684,1,313,0.3119999999999896,0.054313099041533544,2045.8,4.25,0.0
8685,9,1379,9.377999999999888,0.05583756345177665,2046.6,4.24,0.0
8686,1,316,0.3149999999999893,0.056962025316455694,2046.8,4.24,0.0
8687,1,313,0.3119999999999896,0.054313099041533544,2046.9,4.24,0.0
8688,0,179,-0.8219999999999998,0.055865921787709494,2047.0,4.24,0.0
8689,6,988,5.987000000000078,0.05566801619433198,2047.6,4.24,0.0
8690,3,586,2.5849999999999596,0.05631399317406143,2047.9,4.24,0.0
8691,3,581,2.57999999999996,0.05679862306368331,2048.2,4.24,0.0
8692,1,313,0.3119999999999896,0.054313099041533544,2048.4,4.24,0.0
8693,5,846,4.845000000000032,0.05555555555555555,2048.8,4.24,0.0
8694,0,192,-0.8089999999999998,0.057291666666666664,2048.9,4.24,0.0
8695,0,179,-0.8219999999999998,0.055865921787709494,2049.0,4.24,0.0
8696,3,579,2.5779999999999603,0.05699481865284974,2049.3,4.24,0.0
8697,1,313,0.3119999999999896,0.054313099041533544,2049.5,4.24,0.0
8698,2,446,1.444999999999975,0.05605381165919283,2049.7,4.24,0.0
8699,2,453,1.4519999999999742,0.05739514348785872,2049.9,4.24,0.0
8700,0,179,-0.8219999999999998,0.055865921787709494,2050.0,4.24,0.0
8701,1,316,0.3149999999999893,0.056962025316455694,2050.2,4.24,0.0
8702,6,979,5.978000000000075,0.05515832482124617,2050.7,4.24,0.0
8703,1,336,0.3349999999999871,0.05654761904761905,2050.9,4.24,0.0
8704,3,581,2.57999999999996,0.05679862306368331,2051.2,4.24,0.0
8705,3,579,2.5779999999999603,0.055267702936096716,2051.5,4.24,0.0
8706,7,1113,7.112000000000036,0.055705300988319856,2052.1,4.24,0.0
8707,4,713,3.711999999999988,0.056100981767180924,2052.5,4.24,0.0
8708,0,185,-0.8159999999999998,0.05945945945945946,2052.6,4.24,0.0
8709,0,191,-0.8099999999999998,0.05759162303664921,2052.7,4.24,0.0
8710,2,446,1.444999999999975,0.053811659192825115,2052.9,4.24,0.0
8711,1,321,0.31999999999998874,0.056074766355140186,2053.1,4.24,0.0
8712,2,461,1.4599999999999733,0.05639913232104121,2053.4,4.24,0.0
8713,3,579,2.5779999999999603,0.055267702936096716,2053.7,4.24,0.0
8714,0,184,-0.8169999999999998,0.059782608695652176,2053.8,4.24,0.0
8715,6,979,5.978000000000075,0.05515832482124617,2054.3,4.24,0.0
8716,3,583,2.58199999999996,0.05660377358490566,2054.6,4.24,0.0
8717,0,186,-0.8149999999999998,0.05913978494623656,2054.7,4.24,0.0
8718,2,446,1.444999999999975,0.05605381165919283,2054.9,4.24,0.0
8719,0,179,-0.8219999999999998,0.055865921787709494,2055.0,4.24,0.0
8720,2,446,1.444999999999975,0.05605381165919283,2055.3,4.24,0.0
8721,0,179,-0.8219999999999998,0.055865921787709494,2055.4,4.24,0.0
8722,1,313,0.3119999999999896,0.054313099041533544,2055.5,4.24,0.0
8723,0,210,-0.7909999999999998,0.05714285714285714,2055.6,4.24,0.0
8724,1,313,0.3119999999999896,0.054313099041533544,2055.8,4.24,0.0
8725,1,337,0.335999999999987,0.05637982195845697,2056.0,4.24,0.0
8726,0,187,-0.8139999999999998,0.058823529411764705,2056.1,4.24,0.0
8727,0,186,-0.8149999999999998,0.05913978494623656,2056.2,4.24,0.0
8728,0,179,-0.8219999999999998,0.055865921787709494,2056.3,4.25,0.0
8729,4,713,3.711999999999988,0.0546984572230014,2056.7,4.24,0.0
8730,2,456,1.4549999999999739,0.05701754385964912,2056.9,4.24,0.0
8731,2,462,1.4609999999999732,0.05627705627705628,2057.2,4.24,0.0
8732,2,446,1.444999999999975,0.05605381165919283,2057.4,4.24,0.0
8733,0,179,-0.8219999999999998,0.055865921787709494,2057.5,4.24,0.0
8734,3,579,2.5779999999999603,0.055267702936096716,2057.8,4.24,0.0
8735,3,588,2.5869999999999593,0.05612244897959184,2058.1,4.24,0.0
8736,1,313,0.3119999999999896,0.054313099041533544,2058.3,4.24,0.0
8737,2,446,1.444999999999975,0.05605381165919283,2058.5,4.24,0.0
8738,2,446,1.444999999999975,0.053811659192825115,2058.7,4.24,0.0
8739,1,337,0.335999999999987,0.05637982195845697,2058.9,4.24,0.0
8740,3,579,2.5779999999999603,0.055267702936096716,2059.2,4.24,0.0
8741,5,846,4.845000000000032,0.05555555555555555,2059.7,4.24,0.0
8742,8,1246,8.244999999999962,0.05537720706260032,2060.3,4.24,0.0
8743,3,579,2.5779999999999603,0.055267702936096716,2060.6,4.24,0.0
8744,0,179,-0.8219999999999998,0.055865921787709494,2060.7,4.24,0.0
8745,1,313,0.3119999999999896,0.054313099041533544,2060.9,4.24,0.0
8746,0,189,-0.8119999999999998,0.0582010582010582,2061.0,4.24,0.0
8747,2,448,1.4469999999999748,0.05580357142857143,2061.2,4.24,0.0
8748,5,846,4.845000000000032,0.05555555555555555,2061.7,4.24,0.0
8749,5,846,4.845000000000032,0.05555555555555555,2062.1,4.24,0.0
8750,0,184,-0.8169999999999998,0.059782608695652176,2062.2,4.24,0.0
8751,1,317,0.3159999999999892,0.056782334384858045,2062.4,4.24,0.0
8752,2,446,1.444999999999975,0.05605381165919283,2062.6,4.24,0.0
8753,4,730,3.728999999999994,0.056164383561643834,2063.0,4.24,0.0
8754,2,446,1.444999999999975,0.05605381165919283,2063.2,4.24,0.0
8755,4,713,3.711999999999988,0.0546984572230014,2063.6,4.24,0.0
8756,1,313,0.3119999999999896,0.054313099041533544,2063.8,4.24,0.0
8757,0,191,-0.8099999999999998,0.05759162303664921,2063.9,4.24,0.0
8758,4,713,3.711999999999988,0.056100981767180924,2064.3,4.24,0.0
8759,0,193,-0.8079999999999998,0.05699481865284974,2064.4,4.24,0.0
8760,0,179,-0.8219999999999998,0.055865921787709494,2064.5,4.24,0.0
8761,0,179,-0.8219999999999998,0.055865921787709494,2064.6,4.24,0.0
8762,1,337,0.335999999999987,0.05637982195845697,2064.8,4.24,0.0
8763,2,446,1.444999999999975,0.05605381165919283,2065.0,4.24,0.0
8764,2,446,1.444999999999975,0.05605381165919283,2065.2,4.24,0.0
8765,2,461,1.4599999999999733,0.05639913232104121,2065.5,4.24,0.0
8766,7,1113,7.112000000000036,0.055705300988319856,2066.1,4.24,0.0
8767,2,456,1.4549999999999739,0.05701754385964912,2066.4,4.24,0.0
8768,0,179,-0.8219999999999998,0.055865921787709494,2066.4,4.24,0.0
8769,1,315,0.3139999999999894,0.05714285714285714,2066.6,4.24,0.0
8770,6,979,5.978000000000075,0.056179775280898875,2067.1,4.24,0.0
8771,0,186,-0.8149999999999998,0.05913978494623656,2067.2,4.24,0.0
8772,3,579,2.5779999999999603,0.05699481865284974,2067.5,4.24,0.0
8773,2,446,1.444999999999975,0.053811659192825115,2067.8,4.24,0.0
8774,1,313,0.3119999999999896,0.05750798722044728,2068.0,4.24,0.0
8775,4,716,3.714999999999989,0.055865921787709494,2068.3,4.24,0.0
8776,0,196,-0.8049999999999998,0.05612244897959184,2068.4,4.24,0.0
8777,3,579,2.5779999999999603,0.055267702936096716,2068.7,4.24,0.0
8778,0,184,-0.8169999999999998,0.059782608695652176,2068.8,4.24,0.0
8779,0,179,-0.8219999999999998,0.055865921787709494,2068.9,4.24,0.0
8780,4,728,3.726999999999993,0.05631868131868132,2069.3,4.24,0.0
8781,4,713,3.711999999999988,0.056100981767180924,2069.7,4.24,0.0
8782,0,189,-0.8119999999999998,0.0582010582010582,2069.8,4.24,0.0
8783,2,464,1.462999999999973,0.05603448275862069,2070.1,4.24,0.0
8784,3,609,2.607999999999957,0.05582922824302135,2070.4,4.24,0.0
8785,1,313,0.3119999999999896,0.054313099041533544,2070.6,4.24,0.0
8786,4,736,3.734999999999996,0.05570652173913043,2071.0,4.24,0.0
8787,0,190,-0.8109999999999998,0.05789473684210526,2071.1,4.24,0.0
8788,0,191,-0.8099999999999998,0.05759162303664921,2071.2,4.24,0.0
8789,2,447,1.4459999999999749,0.05592841163310962,2071.4,4.24,0.0
8790,2,446,1.444999999999975,0.05605381165919283,2071.7,4.24,0.0
8791,2,446,1.444999999999975,0.053811659192825115,2071.9,4.24,0.0
8792,1,313,0.3119999999999896,0.054313099041533544,2072.1,4.24,0.0
8793,2,446,1.444999999999975,0.05605381165919283,2072.3,4.24,0.0
8794,0,179,-0.8219999999999998,0.055865921787709494,2072.4,4.24,0.0
8795,2,461,1.4599999999999733,0.05639913232104121,2072.6,4.24,0.0
8796,1,335,0.3339999999999872,0.056716417910447764,2072.8,4.24,0.0
8797,0,179,-0.8219999999999998,0.055865921787709494,2072.9,4.24,0.0
8798,10,1513,10.511999999999814,0.05551883674818242,2073.7,4.24,0.0
8799,0,189,-0.8119999999999998,0.0582010582010582,2073.8,4.24,0.0
8800,1,313,0.3119999999999896,0.054313099041533544,2074.0,4.24,0.0
8801,0,194,-0.8069999999999998,0.05670103092783505,2074.1,4.24,0.0
8802,4,620,3.618999999999957,0.056451612903225805,2074.4,4.24,0.0
8803,1,339,0.33799999999998676,0.05604719764011799,2074.6,4.24,0.0
8804,2,446,1.444999999999975,0.05605381165919283,2074.8,4.24,0.0
8805,2,446,1.444999999999975,0.05605381165919283,2075.1,4.24,0.0
8806,0,185,-0.8159999999999998,0.05945945945945946,2075.2,4.24,0.0
8807,1,221,0.21999999999999975,0.058823529411764705,2075.3,4.24,0.0
8808,2,466,1.4649999999999728,0.055793991416309016,2075.6,4.24,0.0
8809,1,313,0.3119999999999896,0.054313099041533544,2075.7,4.24,0.0
8810,2,446,1.444999999999975,0.053811659192825115,2076.0,4.24,0.0
8811,3,592,2.590999999999959,0.05574324324324324,2076.3,4.24,0.0
8812,1,313,0.3119999999999896,0.054313099041533544,2076.5,4.24,0.0
8813,1,338,0.33699999999998687,0.05621301775147929,2076.6,4.24,0.0
8814,2,463,1.461999999999973,0.056155507559395246,2076.9,4.24,0.0
8815,3,609,2.607999999999957,0.05582922824302135,2077.2,4.24,0.0
8816,4,713,3.711999999999988,0.056100981767180924,2077.6,4.24,0.0
8817,0,190,-0.8109999999999998,0.05789473684210526,2077.7,4.24,0.0
8818,0,179,-0.8219999999999998,0.055865921787709494,2077.8,4.24,0.0
8819,5,846,4.845000000000032,0.05555555555555555,2078.3,4.24,0.0
8820,2,446,1.444999999999975,0.05605381165919283,2078.6,4.24,0.0
8821,3,579,2.5779999999999603,0.055267702936096716,2078.9,4.24,0.0
8822,5,846,4.845000000000032,0.05555555555555555,2079.3,4.24,0.0
8823,5,846,4.845000000000032,0.05555555555555555,2079.8,4.24,0.0
8824,6,979,5.978000000000075,0.05515832482124617,2080.3,4.24,0.0
8825,3,581,2.57999999999996,0.05679862306368331,2080.6,4.24,0.0
8826,3,579,2.5779999999999603,0.055267702936096716,2080.9,4.24,0.0
8827,2,458,1.4569999999999736,0.056768558951965066,2081.2,4.24,0.0
8828,1,323,0.3219999999999885,0.05572755417956656,2081.3,4.24,0.0
8829,5,846,4.845000000000032,0.05555555555555555,2081.8,4.24,0.0
8830,0,191,-0.8099999999999998,0.05759162303664921,2081.9,4.24,0.0
8831,3,579,2.5779999999999603,0.05699481865284974,2082.2,4.24,0.0
8832,2,446,1.444999999999975,0.05605381165919283,2082.4,4.24,0.0
8833,1,313,0.3119999999999896,0.054313099041533544,2082.6,4.24,0.0
8834,3,579,2.5779999999999603,0.055267702936096716,2082.9,4.24,0.0
8835,0,179,-0.8219999999999998,0.055865921787709494,2083.0,4.24,0.0
8836,3,579,2.5779999999999603,0.055267702936096716,2083.3,4.24,0.0
8837,0,179,-0.8219999999999998,0.055865921787709494,2083.4,4.24,0.0
8838,1,320,0.31899999999998885,0.05625,2083.6,4.24,0.0
8839,0,179,-0.8219999999999998,0.055865921787709494,2083.7,4.24,0.0
8840,0,192,-0.8089999999999998,0.057291666666666664,2083.8,4.24,0.0
8841,5,846,4.845000000000032,0.05555555555555555,2084.2,4.24,0.0
8842,0,179,-0.8219999999999998,0.055865921787709494,2084.3,4.24,0.0
8843,0,179,-0.8219999999999998,0.055865921787709494,2084.4,4.24,0.0
8844,2,459,1.4579999999999735,0.05664488017429194,2084.6,4.24,0.0
8845,3,579,2.5779999999999603,0.055267702936096716,2084.9,4.24,0.0
8846,0,179,-0.8219999999999998,0.055865921787709494,2085.0,4.24,0.0
8847,5,846,4.845000000000032,0.05555555555555555,2085.5,4.24,0.0
8848,4,713,3.711999999999988,0.056100981767180924,2085.9,4.24,0.0
8849,2,446,1.444999999999975,0.053811659192825115,2086.1,4.24,0.0
8850,0,179,-0.8219999999999998,0.055865921787709494,2086.2,4.24,0.0
8851,2,455,1.453999999999974,0.05714285714285714,2086.5,4.24,0.0
8852,3,579,2.5779999999999603,0.055267702936096716,2086.8,4.24,0.0
8853,3,589,2.587999999999959,0.05602716468590832,2087.1,4.24,0.0
8854,2,466,1.4649999999999728,0.055793991416309016,2087.3,4.24,0.0
8855,3,579,2.5779999999999603,0.055267702936096716,2087.6,4.24,0.0
8856,0,179,-0.8219999999999998,0.055865921787709494,2087.7,4.24,0.0
8857,6,979,5.978000000000075,0.05515832482124617,2088.3,4.24,0.0
8858,1,313,0.3119999999999896,0.054313099041533544,2088.5,4.24,0.0
8859,1,313,0.3119999999999896,0.05750798722044728,2088.6,4.24,0.0
8860,2,446,1.444999999999975,0.05605381165919283,2088.9,4.24,0.0
8861,0,179,-0.8219999999999998,0.055865921787709494,2089.0,4.24,0.0
8862,4,714,3.7129999999999885,0.056022408963585436,2089.3,4.24,0.0
8863,1,313,0.3119999999999896,0.054313099041533544,2089.5,4.24,0.0
8864,2,447,1.4459999999999749,0.05592841163310962,2089.7,4.24,0.0
8865,3,579,2.5779999999999603,0.055267702936096716,2090.0,4.24,0.0
8866,0,179,-0.8219999999999998,0.055865921787709494,2090.1,4.24,0.0
8867,2,453,1.4519999999999742,0.05739514348785872,2090.4,4.24,0.0
8868,2,446,1.444999999999975,0.05605381165919283,2090.6,4.24,0.0
8869,2,446,1.444999999999975,0.05605381165919283,2090.9,4.24,0.0
8870,3,579,2.5779999999999603,0.055267702936096716,2091.2,4.24,0.0
8871,2,477,1.4759999999999716,0.05660377358490566,2091.4,4.24,0.0
8872,2,476,1.4749999999999717,0.05672268907563025,2091.7,4.24,0.0
8873,2,446,1.444999999999975,0.05605381165919283,2091.9,4.24,0.0
8874,0,179,-0.8219999999999998,0.055865921787709494,2092.0,4.24,0.0
8875,3,579,2.5779999999999603,0.055267702936096716,2092.3,4.24,0.0
8876,3,579,2.5779999999999603,0.055267702936096716,2092.6,4.24,0.0
8877,4,713,3.711999999999988,0.056100981767180924,2093.0,4.24,0.0
8878,2,446,1.444999999999975,0.05605381165919283,2093.3,4.24,0.0
8879,1,313,0.3119999999999896,0.054313099041533544,2093.4,4.24,0.0
8880,0,191,-0.8099999999999998,0.05759162303664921,2093.5,4.24,0.0
8881,0,179,-0.8219999999999998,0.055865921787709494,2093.6,4.24,0.0
8882,1,321,0.31999999999998874,0.056074766355140186,2093.8,4.24,0.0
8883,1,339,0.33799999999998676,0.05604719764011799,2094.0,4.24,0.0
8884,2,446,1.444999999999975,0.05605381165919283,2094.2,4.24,0.0
8885,1,313,0.3119999999999896,0.05750798722044728,2094.4,4.24,0.0
8886,0,188,-0.8129999999999998,0.05851063829787234,2094.5,4.24,0.0
8887,0,191,-0.8099999999999998,0.05759162303664921,2094.6,4.24,0.0
8888,2,446,1.444999999999975,0.05605381165919283,2094.8,4.24,0.0
8889,0,179,-0.8219999999999998,0.055865921787709494,2094.9,4.24,0.0
8890,0,186,-0.8149999999999998,0.05913978494623656,2095.0,4.24,0.0
8891,3,581,2.57999999999996,0.05679862306368331,2095.3,4.24,0.0
8892,0,179,-0.8219999999999998,0.055865921787709494,2095.4,4.24,0.0
8893,0,184,-0.8169999999999998,0.059782608695652176,2095.5,4.24,0.0
8894,5,851,4.850000000000033,0.0564042303172738,2096.0,4.24,0.0
8895,0,179,-0.8219999999999998,0.055865921787709494,2096.1,4.24,0.0
8896,2,446,1.444999999999975,0.05605381165919283,2096.3,4.24,0.0
8897,1,313,0.3119999999999896,0.05750798722044728,2096.5,4.24,0.0
8898,2,446,1.444999999999975,0.05605381165919283,2096.7,4.24,0.0
8899,1,313,0.3119999999999896,0.054313099041533544,2096.9,4.24,0.0
8900,2,446,1.444999999999975,0.05605381165919283,2097.1,4.24,0.0
8901,2,446,1.444999999999975,0.05605381165919283,2097.4,4.24,0.0
8902,3,579,2.5779999999999603,0.055267702936096716,2097.7,4.24,0.0
8903,0,187,-0.8139999999999998,0.058823529411764705,2097.8,4.24,0.0
8904,4,713,3.711999999999988,0.0546984572230014,2098.1,4.24,0.0
8905,2,460,1.4589999999999734,0.05652173913043478,2098.4,4.24,0.0
8906,1,313,0.3119999999999896,0.054313099041533544,2098.5,4.24,0.0
8907,3,585,2.5839999999999597,0.05641025641025641,2098.9,4.24,0.0
8908,0,179,-0.8219999999999998,0.055865921787709494,2098.9,4.24,0.0
8909,0,179,-0.8219999999999998,0.055865921787709494,2099.0,4.24,0.0
8910,1,316,0.3149999999999893,0.056962025316455694,2099.2,4.24,0.0
8911,3,591,2.589999999999959,0.05583756345177665,2099.5,4.24,0.0
8912,0,179,-0.8219999999999998,0.055865921787709494,2099.6,4.25,0.0
8913,2,446,1.444999999999975,0.05605381165919283,2099.9,4.25,0.0
8914,2,456,1.4549999999999739,0.05701754385964912,2100.1,4.25,0.0
8915,1,313,0.3119999999999896,0.054313099041533544,2100.3,4.25,0.0
8916,1,322,0.32099999999998863,0.055900621118012424,2100.5,4.25,0.0
8917,3,586,2.5849999999999596,0.05631399317406143,2100.8,4.25,0.0
8918,0,179,-0.8219999999999998,0.055865921787709494,2100.9,4.25,0.0
8919,1,313,0.3119999999999896,0.054313099041533544,2101.0,4.25,0.0
8920,1,313,0.3119999999999896,0.054313099041533544,2101.2,4.25,0.0
8921,2,446,1.444999999999975,0.05605381165919283,2101.5,4.25,0.0
8922,2,446,1.444999999999975,0.05605381165919283,2101.7,4.25,0.0
8923,0,184,-0.8169999999999998,0.059782608695652176,2101.8,4.25,0.0
8924,2,446,1.444999999999975,0.05605381165919283,2102.0,4.25,0.0
8925,2,458,1.4569999999999736,0.056768558951965066,2102.3,4.25,0.0
8926,0,179,-0.8219999999999998,0.055865921787709494,2102.4,4.25,0.0
8927,0,179,-0.8219999999999998,0.055865921787709494,2102.5,4.25,0.0
8928,2,446,1.444999999999975,0.05605381165919283,2102.7,4.25,0.0
8929,0,187,-0.8139999999999998,0.058823529411764705,2102.8,4.25,0.0
8930,2,446,1.444999999999975,0.05605381165919283,2103.0,4.25,0.0
8931,2,456,1.4549999999999739,0.05701754385964912,2103.2,4.25,0.0
8932,6,979,5.978000000000075,0.05515832482124617,2103.8,4.25,0.0
8933,1,337,0.335999999999987,0.05637982195845697,2103.9,4.25,0.0
8934,0,189,-0.8119999999999998,0.0582010582010582,2104.0,4.25,0.0
8935,4,713,3.711999999999988,0.056100981767180924,2104.4,4.25,0.0
8936,5,846,4.845000000000032,0.05555555555555555,2104.9,4.25,0.0
8937,5,846,4.845000000000032,0.05555555555555555,2105.3,4.25,0.0
8938,2,446,1.444999999999975,0.05605381165919283,2105.5,4.25,0.0
8939,1,313,0.3119999999999896,0.054313099041533544,2105.7,4.25,0.0
8940,0,179,-0.8219999999999998,0.055865921787709494,2105.8,4.25,0.0
8941,0,179,-0.8219999999999998,0.055865921787709494,2105.9,4.25,0.0
8942,0,192,-0.8089999999999998,0.057291666666666664,2106.0,4.25,0.0
8943,6,979,5.978000000000075,0.056179775280898875,2106.6,4.25,0.0
8944,2,463,1.461999999999973,0.056155507559395246,2106.8,4.25,0.0
8945,1,313,0.3119999999999896,0.05750798722044728,2107.0,4.25,0.0
8946,0,179,-0.8219999999999998,0.055865921787709494,2107.1,4.25,0.0
8947,4,713,3.711999999999988,0.0546984572230014,2107.5,4.25,0.0
8948,2,481,1.4799999999999711,0.056133056133056136,2107.7,4.25,0.0
8949,3,583,2.58199999999996,0.05660377358490566,2108.0,4.25,0.0
8950,1,317,0.3159999999999892,0.056782334384858045,2108.2,4.25,0.0
8951,2,446,1.444999999999975,0.05605381165919283,2108.4,4.25,0.0
8952,1,313,0.3119999999999896,0.054313099041533544,2108.6,4.25,0.0
8953,3,579,2.5779999999999603,0.055267702936096716,2108.9,4.25,0.0
8954,1,320,0.31899999999998885,0.05625,2109.1,4.25,0.0
8955,0,179,-0.8219999999999998,0.055865921787709494,2109.2,4.25,0.0
8956,1,313,0.3119999999999896,0.054313099041533544,2109.4,4.25,0.0
8957,2,446,1.444999999999975,0.05605381165919283,2109.6,4.25,0.0
8958,0,182,-0.8189999999999998,0.06043956043956044,2109.7,4.25,0.0
8959,1,313,0.3119999999999896,0.05750798722044728,2109.8,4.25,0.0
8960,0,193,-0.8079999999999998,0.05699481865284974,2109.9,4.25,0.0
8961,1,313,0.3119999999999896,0.05750798722044728,2110.1,4.25,0.0
8962,2,461,1.4599999999999733,0.05639913232104121,2110.4,4.25,0.0
8963,2,459,1.4579999999999735,0.05664488017429194,2110.6,4.25,0.0
8964,3,609,2.607999999999957,0.05582922824302135,2110.9,4.25,0.0
8965,1,313,0.3119999999999896,0.054313099041533544,2111.1,4.25,0.0
8966,1,313,0.3119999999999896,0.05750798722044728,2111.3,4.25,0.0
8967,2,457,1.4559999999999738,0.05689277899343545,2111.5,4.25,0.0
8968,1,313,0.3119999999999896,0.05750798722044728,2111.7,4.25,0.0
8969,1,313,0.3119999999999896,0.054313099041533544,2111.8,4.25,0.0
8970,3,579,2.5779999999999603,0.055267702936096716,2112.1,4.25,0.0
8971,3,579,2.5779999999999603,0.055267702936096716,2112.5,4.25,0.0
8972,4,731,3.729999999999994,0.0560875512995896,2112.9,4.25,0.0
8973,2,446,1.444999999999975,0.05605381165919283,2113.1,4.25,0.0
8974,1,313,0.3119999999999896,0.054313099041533544,2113.3,4.25,0.0
8975,3,579,2.5779999999999603,0.055267702936096716,2113.6,4.25,0.0
8976,1,337,0.335999999999987,0.05637982195845697,2113.8,4.25,0.0
8977,0,182,-0.8189999999999998,0.06043956043956044,2113.9,4.25,0.0
8978,6,979,5.978000000000075,0.05515832482124617,2114.4,4.25,0.0
8979,5,846,4.845000000000032,0.05555555555555555,2114.8,4.25,0.0
8980,7,1113,7.112000000000036,0.055705300988319856,2115.4,4.25,0.0
8981,1,313,0.3119999999999896,0.05750798722044728,2115.6,4.25,0.0
8982,1,315,0.3139999999999894,0.05714285714285714,2115.7,4.25,0.0
8983,3,584,2.5829999999999598,0.05650684931506849,2116.1,4.25,0.0
8984,0,187,-0.8139999999999998,0.058823529411764705,2116.2,4.25,0.0
8985,1,313,0.3119999999999896,0.054313099041533544,2116.3,4.25,0.0
8986,2,456,1.4549999999999739,0.05701754385964912,2116.6,4.25,0.0
8987,3,584,2.5829999999999598,0.05650684931506849,2116.9,4.25,0.0
8988,0,179,-0.8219999999999998,0.055865921787709494,2117.0,4.25,0.0
8989,2,452,1.4509999999999743,0.05752212389380531,2117.2,4.25,0.0
8990,0,179,-0.8219999999999998,0.055865921787709494,2117.3,4.25,0.0
8991,6,1007,6.006000000000085,0.05561072492552135,2117.8,4.25,0.0
8992,0,179,-0.8219999999999998,0.055865921787709494,2117.9,4.25,0.0
8993,4,727,3.725999999999993,0.05639614855570839,2118.3,4.25,0.0
8994,6,979,5.978000000000075,0.05515832482124617,2118.8,4.25,0.0
8995,3,588,2.5869999999999593,0.05612244897959184,2119.1,4.25,0.0
8996,4,713,3.711999999999988,0.056100981767180924,2119.5,4.24,0.0
8997,8,1246,8.244999999999962,0.05537720706260032,2120.2,4.24,0.0
8998,1,313,0.3119999999999896,0.05750798722044728,2120.3,4.24,0.0
8999,0,179,-0.8219999999999998,0.055865921787709494,2120.4,4.24,0.0
9000,2,458,1.4569999999999736,0.056768558951965066,2120.7,4.24,0.0
9001,1,313,0.3119999999999896,0.054313099041533544,2123.8,4.24,0.0
9002,1,338,0.33699999999998687,0.05621301775147929,2123.9,4.24,0.0
9003,13,1939,13.937999999999578,0.0556988138215575,2125.0,4.24,0.0
9004,1,313,0.3119999999999896,0.05750798722044728,2125.1,4.24,0.0
9005,1,313,0.3119999999999896,0.054313099041533544,2125.3,4.24,0.0
9006,3,579,2.5779999999999603,0.055267702936096716,2125.6,4.24,0.0
9007,0,187,-0.8139999999999998,0.058823529411764705,2125.7,4.24,0.0
9008,2,446,1.444999999999975,0.05605381165919283,2126.0,4.24,0.0
9009,2,446,1.444999999999975,0.05605381165919283,2126.2,4.24,0.0
9010,0,179,-0.8219999999999998,0.055865921787709494,2126.3,4.24,0.0
9011,0,179,-0.8219999999999998,0.055865921787709494,2126.4,4.24,0.0
9012,1,313,0.3119999999999896,0.05750798722044728,2126.6,4.24,0.0
9013,1,313,0.3119999999999896,0.05750798722044728,2126.8,4.24,0.0
9014,0,183,-0.8179999999999998,0.060109289617486336,2126.9,4.24,0.0
9015,0,189,-0.8119999999999998,0.0582010582010582,2127.0,4.24,0.0
9016,1,313,0.3119999999999896,0.054313099041533544,2127.1,4.24,0.0
9017,0,179,-0.8219999999999998,0.055865921787709494,2127.2,4.24,0.0
9018,0,182,-0.8189999999999998,0.06043956043956044,2127.3,4.24,0.0
9019,6,979,5.978000000000075,0.05515832482124617,2127.8,4.24,0.0
9020,2,458,1.4569999999999736,0.056768558951965066,2128.1,4.24,0.0
9021,0,179,-0.8219999999999998,0.055865921787709494,2128.2,4.24,0.0
9022,3,580,2.57899999999996,0.056896551724137934,2128.4,4.24,0.0
9023,6,1005,6.004000000000084,0.05572139303482587,2129.0,4.24,0.0
9024,1,313,0.3119999999999896,0.054313099041533544,2129.2,4.24,0.0
9025,3,579,2.5779999999999603,0.055267702936096716,2129.5,4.24,0.0
9026,0,186,-0.8149999999999998,0.05913978494623656,2129.6,4.24,0.0
9027,1,313,0.3119999999999896,0.05750798722044728,2129.8,4.24,0.0
9028,3,579,2.5779999999999603,0.05699481865284974,2130.2,4.24,0.0
9029,4,713,3.711999999999988,0.0546984572230014,2130.6,4.24,0.0
9030,12,1779,12.777999999999667,0.05564924114671164,2131.6,4.24,0.0
9031,1,313,0.3119999999999896,0.05750798722044728,2131.7,4.24,0.0
9032,0,197,-0.8039999999999998,0.05583756345177665,2131.8,4.24,0.0
9033,3,579,2.5779999999999603,0.055267702936096716,2132.2,4.24,0.0
9034,1,313,0.3119999999999896,0.05750798722044728,2132.4,4.24,0.0
9035,4,713,3.711999999999988,0.0546984572230014,2132.8,4.24,0.0
9036,6,988,5.987000000000078,0.05566801619433198,2133.4,4.24,0.0
9037,1,313,0.3119999999999896,0.05750798722044728,2133.6,4.24,0.0
9038,0,179,-0.8219999999999998,0.055865921787709494,2133.7,4.24,0.0
9039,4,713,3.711999999999988,0.056100981767180924,2134.0,4.24,0.0
9040,3,587,2.5859999999999594,0.056218057921635436,2134.4,4.24,0.0
9041,2,460,1.4589999999999734,0.05652173913043478,2134.6,4.24,0.0
9042,8,1246,8.244999999999962,0.05537720706260032,2135.3,4.24,0.0
9043,0,179,-0.8219999999999998,0.055865921787709494,2135.4,4.24,0.0
9044,3,579,2.5779999999999603,0.055267702936096716,2135.7,4.24,0.0
9045,0,183,-0.8179999999999998,0.060109289617486336,2135.8,4.24,0.0
9046,4,713,3.711999999999988,0.0546984572230014,2136.2,4.24,0.0
9047,3,579,2.5779999999999603,0.055267702936096716,2136.5,4.23,0.0
9048,2,459,1.4579999999999735,0.05664488017429194,2136.8,4.23,0.0
9049,3,579,2.5779999999999603,0.05699481865284974,2137.1,4.23,0.0
9050,0,179,-0.8219999999999998,0.055865921787709494,2137.2,4.23,0.0
9051,0,182,-0.8189999999999998,0.06043956043956044,2137.3,4.24,0.0
9052,3,579,2.5779999999999603,0.055267702936096716,2137.7,4.23,0.0
9053,2,446,1.444999999999975,0.05605381165919283,2137.9,4.23,0.0
9054,5,846,4.845000000000032,0.05555555555555555,2138.4,4.23,0.0
9055,1,313,0.3119999999999896,0.054313099041533544,2138.6,4.23,0.0
9056,3,589,2.587999999999959,0.05602716468590832,2138.9,4.23,0.0
9057,0,184,-0.8169999999999998,0.059782608695652176,2139.1,4.23,0.0
9058,1,313,0.3119999999999896,0.054313099041533544,2139.3,4.23,0.0
9059,1,313,0.3119999999999896,0.054313099041533544,2139.5,4.23,0.0
9060,0,179,-0.8219999999999998,0.055865921787709494,2139.7,4.23,0.0
9061,2,446,1.444999999999975,0.05605381165919283,2139.9,4.23,0.0
9062,3,579,2.5779999999999603,0.055267702936096716,2140.3,4.23,0.0
9063,1,313,0.3119999999999896,0.054313099041533544,2140.5,4.23,0.0
9064,2,465,1.4639999999999729,0.05591397849462366,2140.7,4.23,0.0
9065,4,735,3.7339999999999955,0.055782312925170066,2141.1,4.23,0.0
9066,0,183,-0.8179999999999998,0.060109289617486336,2141.2,4.23,0.0
9067,1,313,0.3119999999999896,0.05750798722044728,2141.4,4.23,0.0
9068,2,446,1.444999999999975,0.05605381165919283,2141.8,4.23,0.0
9069,1,320,0.31899999999998885,0.05625,2142.1,4.23,0.0
9070,0,179,-0.8219999999999998,0.055865921787709494,2142.2,4.23,0.0
9071,0,188,-0.8129999999999998,0.05851063829787234,2142.3,4.23,0.0
9072,3,579,2.5779999999999603,0.055267702936096716,2142.7,4.23,0.0
9073,1,313,0.3119999999999896,0.054313099041533544,2142.9,4.23,0.0
9074,1,313,0.3119999999999896,0.05750798722044728,2143.1,4.23,0.0
9075,1,317,0.3159999999999892,0.056782334384858045,2143.4,4.23,0.0
9076,2,465,1.4639999999999729,0.05591397849462366,2143.9,4.23,0.0
9077,0,179,-0.8219999999999998,0.055865921787709494,2144.0,4.23,0.0
9078,0,179,-0.8219999999999998,0.055865921787709494,2144.1,4.23,0.0
9079,5,851,4.850000000000033,0.0564042303172738,2144.6,4.23,0.0
9080,2,446,1.444999999999975,0.053811659192825115,2144.8,4.23,0.0
9081,1,313,0.3119999999999896,0.054313099041533544,2145.0,4.23,0.0
9082,5,846,4.845000000000032,0.05555555555555555,2145.5,4.23,0.0
9083,2,464,1.462999999999973,0.05603448275862069,2145.8,4.23,0.0
9084,1,313,0.3119999999999896,0.05750798722044728,2146.0,4.23,0.0
9085,0,179,-0.8219999999999998,0.055865921787709494,2146.1,4.23,0.0
9086,7,1118,7.117000000000033,0.05635062611806798,2146.9,4.23,0.0
9087,0,179,-0.8219999999999998,0.055865921787709494,2147.0,4.23,0.0
9088,0,183,-0.8179999999999998,0.060109289617486336,2147.2,4.23,0.0
9089,1,313,0.3119999999999896,0.05750798722044728,2147.4,4.23,0.0
9090,2,462,1.4609999999999732,0.05627705627705628,2147.7,4.23,0.0
9091,6,1002,6.001000000000083,0.05588822355289421,2148.4,4.23,0.0
9092,0,186,-0.8149999999999998,0.05913978494623656,2148.5,4.23,0.0
9093,2,481,1.4799999999999711,0.056133056133056136,2148.8,4.23,0.0
9094,7,1113,7.112000000000036,0.055705300988319856,2149.6,4.23,0.0
9095,3,610,2.608999999999957,0.05573770491803279,2150.0,4.23,0.0
9096,5,846,4.845000000000032,0.05555555555555555,2150.6,4.23,0.0
9097,0,179,-0.8219999999999998,0.055865921787709494,2150.7,4.23,0.0
9098,1,313,0.3119999999999896,0.054313099041533544,2150.9,4.23,0.0
9099,2,482,1.480999999999971,0.056016597510373446,2151.3,4.23,0.0
9100,5,846,4.845000000000032,0.05555555555555555,2151.7,4.23,0.0
9101,2,446,1.444999999999975,0.05605381165919283,2152.0,4.23,0.0
9102,1,321,0.31999999999998874,0.056074766355140186,2152.1,4.23,0.0
9103,4,749,3.748,0.056074766355140186,2152.6,4.23,0.0
9104,2,446,1.444999999999975,0.05605381165919283,2152.9,4.23,0.0
9105,3,579,2.5779999999999603,0.055267702936096716,2153.2,4.23,0.0
9106,0,183,-0.8179999999999998,0.060109289617486336,2153.3,4.23,0.0
9107,0,179,-0.8219999999999998,0.055865921787709494,2153.4,4.23,0.0
9108,0,179,-0.8219999999999998,0.055865921787709494,2153.5,4.23,0.0
9109,5,846,4.845000000000032,0.05555555555555555,2154.1,4.23,0.0
9110,3,579,2.5779999999999603,0.055267702936096716,2154.6,4.23,0.0
9111,1,313,0.3119999999999896,0.05750798722044728,2154.9,4.23,0.0
9112,2,446,1.444999999999975,0.05605381165919283,2155.1,4.23,0.0
9113,0,195,-0.8059999999999998,0.05641025641025641,2155.3,4.23,0.0
9114,8,1276,8.274999999999945,0.055642633228840124,2156.0,4.23,0.0
9115,5,846,4.845000000000032,0.05555555555555555,2156.7,4.23,0.0
9116,1,313,0.3119999999999896,0.054313099041533544,2156.9,4.23,0.0
9117,3,579,2.5779999999999603,0.055267702936096716,2157.3,4.23,0.0
9118,4,713,3.711999999999988,0.056100981767180924,2157.8,4.23,0.0
9119,3,579,2.5779999999999603,0.055267702936096716,2158.1,4.23,0.0
9120,2,463,1.461999999999973,0.056155507559395246,2158.3,4.23,0.0
9121,4,729,3.7279999999999935,0.056241426611796985,2158.8,4.23,0.0
9122,1,313,0.3119999999999896,0.05750798722044728,2159.0,4.23,0.0
9123,0,179,-0.8219999999999998,0.055865921787709494,2159.1,4.23,0.0
9124,1,313,0.3119999999999896,0.05750798722044728,2159.3,4.23,0.0
9125,0,179,-0.8219999999999998,0.055865921787709494,2159.4,4.23,0.0
9126,1,313,0.3119999999999896,0.054313099041533544,2159.6,4.23,0.0
9127,3,579,2.5779999999999603,0.05699481865284974,2160.0,4.23,0.0
9128,0,196,-0.8049999999999998,0.05612244897959184,2160.1,4.23,0.0
9129,9,1379,9.377999999999888,0.05511240029006526,2160.9,4.23,0.0
9130,1,313,0.3119999999999896,0.05750798722044728,2161.2,4.23,0.0
9131,0,179,-0.8219999999999998,0.055865921787709494,2161.3,4.23,0.0
9132,3,579,2.5779999999999603,0.055267702936096716,2161.6,4.23,0.0
9133,0,191,-0.8099999999999998,0.05759162303664921,2161.7,4.23,0.0
9134,6,979,5.978000000000075,0.05515832482124617,2162.4,4.22,0.0
9135,0,179,-0.8219999999999998,0.055865921787709494,2162.5,4.22,0.0
9136,2,447,1.4459999999999749,0.05592841163310962,2162.8,4.22,0.0
9137,2,462,1.4609999999999732,0.05627705627705628,2163.2,4.22,0.0
9138,3,579,2.5779999999999603,0.055267702936096716,2163.6,4.22,0.0
9139,1,314,0.3129999999999895,0.05732484076433121,2163.8,4.22,0.0
9140,4,717,3.7159999999999895,0.05578800557880056,2164.3,4.22,0.0
9141,3,590,2.588999999999959,0.05593220338983051,2164.8,4.22,0.0
9142,7,1113,7.112000000000036,0.055705300988319856,2165.7,4.22,0.0
9143,0,188,-0.8129999999999998,0.05851063829787234,2165.8,4.22,0.0
9144,0,179,-0.8219999999999998,0.055865921787709494,2166.0,4.22,0.0
9145,2,465,1.4639999999999729,0.05591397849462366,2166.4,4.22,0.0
9146,6,980,5.979000000000076,0.05612244897959184,2167.1,4.22,0.0
9147,1,339,0.33799999999998676,0.05604719764011799,2167.4,4.22,0.0
9148,1,335,0.3339999999999872,0.056716417910447764,2167.6,4.22,0.0
9149,1,313,0.3119999999999896,0.054313099041533544,2167.8,4.22,0.0
9150,2,446,1.444999999999975,0.05605381165919283,2168.1,4.22,0.0
9151,0,179,-0.8219999999999998,0.055865921787709494,2168.3,4.22,0.0
9152,1,313,0.3119999999999896,0.05750798722044728,2168.5,4.22,0.0
9153,7,1113,7.112000000000036,0.055705300988319856,2169.4,4.22,0.0
9154,0,186,-0.8149999999999998,0.05913978494623656,2169.5,4.22,0.0
9155,0,187,-0.8139999999999998,0.058823529411764705,2169.7,4.22,0.0
9156,3,579,2.5779999999999603,0.055267702936096716,2170.1,4.22,0.0
9157,2,454,1.452999999999974,0.05726872246696035,2170.4,4.22,0.0
9158,0,179,-0.8219999999999998,0.055865921787709494,2170.5,4.22,0.0
9159,0,179,-0.8219999999999998,0.055865921787709494,2170.6,4.22,0.0
9160,2,446,1.444999999999975,0.053811659192825115,2170.8,4.22,0.0
9161,0,184,-0.8169999999999998,0.059782608695652176,2170.9,4.22,0.0
9162,1,313,0.3119999999999896,0.054313099041533544,2171.1,4.22,0.0
9163,1,340,0.33899999999998665,0.05588235294117647,2171.3,4.22,0.0
9164,2,446,1.444999999999975,0.05605381165919283,2171.5,4.22,0.0
9165,0,179,-0.8219999999999998,0.055865921787709494,2171.6,4.22,0.0
9166,4,717,3.7159999999999895,0.05578800557880056,2172.0,4.22,0.0
9167,0,191,-0.8099999999999998,0.05759162303664921,2172.1,4.22,0.0
9168,0,179,-0.8219999999999998,0.055865921787709494,2172.2,4.22,0.0
9169,2,455,1.453999999999974,0.05714285714285714,2172.5,4.22,0.0
9170,3,579,2.5779999999999603,0.055267702936096716,2172.8,4.22,0.0
9171,1,321,0.31999999999998874,0.056074766355140186,2173.0,4.22,0.0
9172,2,457,1.4559999999999738,0.05689277899343545,2173.2,4.22,0.0
9173,1,313,0.3119999999999896,0.05750798722044728,2173.4,4.22,0.0
9174,4,713,3.711999999999988,0.056100981767180924,2173.8,4.22,0.0
9175,1,315,0.3139999999999894,0.05714285714285714,2174.0,4.22,0.0
9176,1,335,0.3339999999999872,0.056716417910447764,2174.2,4.22,0.0
9177,5,846,4.845000000000032,0.05555555555555555,2174.6,4.22,0.0
9178,3,585,2.5839999999999597,0.05641025641025641,2174.9,4.22,0.0
9179,0,179,-0.8219999999999998,0.055865921787709494,2175.0,4.22,0.0
9180,0,187,-0.8139999999999998,0.058823529411764705,2175.1,4.22,0.0
9181,0,185,-0.8159999999999998,0.05945945945945946,2175.2,4.22,0.0
9182,2,457,1.4559999999999738,0.05689277899343545,2175.5,4.22,0.0
9183,0,179,-0.8219999999999998,0.055865921787709494,2175.6,4.22,0.0
9184,1,322,0.32099999999998863,0.055900621118012424,2175.8,4.22,0.0
9185,0,179,-0.8219999999999998,0.05027932960893855,2175.8,4.22,0.0
9186,0,183,-0.8179999999999998,0.060109289617486336,2175.9,4.22,0.0
9187,0,187,-0.8139999999999998,0.058823529411764705,2176.0,4.22,0.0
9188,2,447,1.4459999999999749,0.05592841163310962,2176.3,4.22,0.0
9189,3,609,2.607999999999957,0.05582922824302135,2176.6,4.22,0.0
9190,3,579,2.5779999999999603,0.055267702936096716,2176.9,4.22,0.0
9191,1,322,0.32099999999998863,0.055900621118012424,2177.1,4.22,0.0
9192,0,179,-0.8219999999999998,0.055865921787709494,2177.2,4.22,0.0
9193,0,179,-0.8219999999999998,0.055865921787709494,2177.3,4.22,0.0
9194,1,322,0.32099999999998863,0.055900621118012424,2177.4,4.22,0.0
9195,3,579,2.5779999999999603,0.055267702936096716,2177.8,4.22,0.0
9196,0,189,-0.8119999999999998,0.0582010582010582,2177.9,4.22,0.0
9197,1,315,0.3139999999999894,0.05714285714285714,2178.1,4.22,0.0
9198,1,321,0.31999999999998874,0.056074766355140186,2178.3,4.22,0.0
9199,2,446,1.444999999999975,0.05605381165919283,2178.5,4.22,0.0
9200,1,313,0.3119999999999896,0.05750798722044728,2178.7,4.22,0.0
9201,3,579,2.5779999999999603,0.055267702936096716,2179.0,4.22,0.0
9202,3,579,2.5779999999999603,0.055267702936096716,2179.3,4.22,0.0
9203,0,179,-0.8219999999999998,0.055865921787709494,2179.4,4.22,0.0
9204,3,579,2.5779999999999603,0.055267702936096716,2179.7,4.22,0.0
9205,1,313,0.3119999999999896,0.05750798722044728,2179.9,4.22,0.0
9206,0,179,-0.8219999999999998,0.055865921787709494,2180.0,4.22,0.0
9207,3,585,2.5839999999999597,0.05641025641025641,2180.3,4.22,0.0
9208,2,465,1.4639999999999729,0.05591397849462366,2180.6,4.22,0.0
9209,0,179,-0.8219999999999998,0.055865921787709494,2180.7,4.22,0.0
9210,0,179,-0.8219999999999998,0.055865921787709494,2180.8,4.22,0.0
9211,0,179,-0.8219999999999998,0.055865921787709494,2180.9,4.22,0.0
9212,3,579,2.5779999999999603,0.05699481865284974,2181.2,4.22,0.0
9213,3,579,2.5779999999999603,0.055267702936096716,2181.5,4.22,0.0
9214,1,319,0.31799999999998896,0.05642633228840126,2181.7,4.22,0.0
9215,1,313,0.3119999999999896,0.05750798722044728,2181.9,4.22,0.0
9216,3,579,2.5779999999999603,0.055267702936096716,2182.2,4.22,0.0
9217,3,591,2.589999999999959,0.05583756345177665,2182.5,4.22,0.0
9218,0,185,-0.8159999999999998,0.05945945945945946,2182.6,4.22,0.0
9219,0,196,-0.8049999999999998,0.05612244897959184,2182.7,4.22,0.0
9220,5,859,4.858000000000036,0.05587892898719441,2183.1,4.22,0.0
9221,3,581,2.57999999999996,0.05679862306368331,2183.5,4.22,0.0
9222,1,313,0.3119999999999896,0.05750798722044728,2183.6,4.22,0.0
9223,0,210,-0.7909999999999998,0.05714285714285714,2183.8,4.22,0.0
9224,3,579,2.5779999999999603,0.055267702936096716,2184.1,4.22,0.0
9225,0,179,-0.8219999999999998,0.055865921787709494,2184.1,4.22,0.0
9226,4,713,3.711999999999988,0.0546984572230014,2184.5,4.22,0.0
9227,0,189,-0.8119999999999998,0.0582010582010582,2184.6,4.22,0.0
9228,5,846,4.845000000000032,0.05555555555555555,2185.1,4.22,0.0
9229,4,732,3.7309999999999945,0.056010928961748634,2185.5,4.22,0.0
9230,2,446,1.444999999999975,0.05605381165919283,2185.7,4.22,0.0
9231,3,593,2.591999999999959,0.05564924114671164,2186.0,4.22,0.0
9232,1,321,0.31999999999998874,0.056074766355140186,2186.2,4.22,0.0
9233,0,192,-0.8089999999999998,0.057291666666666664,2186.3,4.22,0.0
9234,4,713,3.711999999999988,0.0546984572230014,2186.7,4.22,0.0
9235,1,313,0.3119999999999896,0.05750798722044728,2186.9,4.22,0.0
9236,2,459,1.4579999999999735,0.05664488017429194,2187.1,4.22,0.0
9237,5,860,4.859000000000036,0.05581395348837209,2187.6,4.22,0.0
9238,1,313,0.3119999999999896,0.05750798722044728,2187.7,4.22,0.0
9239,10,1513,10.511999999999814,0.05551883674818242,2188.5,4.22,0.0
9240,4,619,3.617999999999957,0.05654281098546042,2188.9,4.22,0.0
9241,0,179,-0.8219999999999998,0.055865921787709494,2189.0,4.22,0.0
9242,3,579,2.5779999999999603,0.055267702936096716,2189.3,4.22,0.0
9243,0,179,-0.8219999999999998,0.055865921787709494,2189.4,4.22,0.0
9244,4,713,3.711999999999988,0.056100981767180924,2189.7,4.22,0.0
9245,1,313,0.3119999999999896,0.054313099041533544,2189.9,4.22,0.0
9246,0,179,-0.8219999999999998,0.055865921787709494,2190.0,4.22,0.0
9247,2,482,1.480999999999971,0.056016597510373446,2190.3,4.22,0.0
9248,1,313,0.3119999999999896,0.054313099041533544,2190.5,4.22,0.0
9249,5,846,4.845000000000032,0.05555555555555555,2190.9,4.22,0.0
9250,1,313,0.3119999999999896,0.054313099041533544,2191.1,4.22,0.0
9251,2,459,1.4579999999999735,0.05664488017429194,2191.4,4.22,0.0
9252,0,179,-0.8219999999999998,0.055865921787709494,2191.5,4.22,0.0
9253,4,713,3.711999999999988,0.056100981767180924,2191.8,4.22,0.0
9254,0,179,-0.8219999999999998,0.055865921787709494,2192.0,4.22,0.0
9255,5,857,4.856000000000035,0.056009334889148193,2192.4,4.22,0.0
9256,0,187,-0.8139999999999998,0.058823529411764705,2192.5,4.22,0.0
9257,0,179,-0.8219999999999998,0.055865921787709494,2192.6,4.22,0.0
9258,2,446,1.444999999999975,0.05605381165919283,2192.9,4.22,0.0
9259,0,179,-0.8219999999999998,0.055865921787709494,2193.0,4.22,0.0
9260,1,313,0.3119999999999896,0.05750798722044728,2193.2,4.22,0.0
9261,2,446,1.444999999999975,0.05605381165919283,2193.4,4.22,0.0
9262,2,446,1.444999999999975,0.05605381165919283,2193.9,4.22,0.0
9263,0,179,-0.8219999999999998,0.055865921787709494,2194.0,4.22,0.0
9264,2,452,1.4509999999999743,0.05752212389380531,2194.2,4.22,0.0
9265,2,459,1.4579999999999735,0.05664488017429194,2194.5,4.22,0.0
9266,0,195,-0.8059999999999998,0.05641025641025641,2194.6,4.22,0.0
9267,7,1113,7.112000000000036,0.05480682839173405,2195.2,4.22,0.0
9268,0,188,-0.8129999999999998,0.05851063829787234,2195.3,4.22,0.0
9269,4,713,3.711999999999988,0.0546984572230014,2195.7,4.22,0.0
9270,1,338,0.33699999999998687,0.05621301775147929,2196.0,4.22,0.0
9271,0,191,-0.8099999999999998,0.05759162303664921,2196.1,4.22,0.0
9272,1,313,0.3119999999999896,0.054313099041533544,2196.2,4.22,0.0
9273,3,581,2.57999999999996,0.05679862306368331,2196.6,4.22,0.0
9274,1,336,0.3349999999999871,0.05654761904761905,2196.7,4.22,0.0
9275,0,189,-0.8119999999999998,0.0582010582010582,2196.8,4.22,0.0
9276,1,313,0.3119999999999896,0.05750798722044728,2197.0,4.22,0.0
9277,0,183,-0.8179999999999998,0.060109289617486336,2197.2,4.22,0.0
9278,0,179,-0.8219999999999998,0.055865921787709494,2197.3,4.22,0.0
9279,4,727,3.725999999999993,0.05639614855570839,2197.7,4.22,0.0
9280,2,446,1.444999999999975,0.05605381165919283,2197.9,4.22,0.0
9281,6,981,5.980000000000076,0.05606523955147808,2198.5,4.22,0.0
9282,0,179,-0.8219999999999998,0.055865921787709494,2198.5,4.22,0.0
9283,2,446,1.444999999999975,0.053811659192825115,2198.8,4.22,0.0
9284,2,446,1.444999999999975,0.05605381165919283,2199.0,4.22,0.0
9285,0,191,-0.8099999999999998,0.05759162303664921,2199.1,4.22,0.0
9286,2,458,1.4569999999999736,0.056768558951965066,2199.4,4.22,0.0
9287,0,183,-0.8179999999999998,0.060109289617486336,2199.5,4.22,0.0
9288,2,446,1.444999999999975,0.05605381165919283,2199.7,4.22,0.0
9289,1,313,0.3119999999999896,0.05750798722044728,2199.9,4.22,0.0
9290,5,850,4.849000000000033,0.05647058823529412,2200.3,4.22,0.0
9291,1,313,0.3119999999999896,0.054313099041533544,2200.5,4.22,0.0
9292,0,185,-0.8159999999999998,0.05945945945945946,2200.7,4.22,0.0
9293,3,579,2.5779999999999603,0.055267702936096716,2201.0,4.22,0.0
9294,0,188,-0.8129999999999998,0.05851063829787234,2201.1,4.22,0.0
9295,1,313,0.3119999999999896,0.05750798722044728,2201.3,4.22,0.0
9296,2,446,1.444999999999975,0.05605381165919283,2201.5,4.22,0.0
9297,0,191,-0.8099999999999998,0.05759162303664921,2201.6,4.22,0.0
9298,2,446,1.444999999999975,0.05605381165919283,2201.9,4.22,0.0
9299,5,853,4.852000000000034,0.05627198124267292,2202.4,4.22,0.0
9300,0,195,-0.8059999999999998,0.05641025641025641,2202.5,4.22,0.0
9301,6,979,5.978000000000075,0.05515832482124617,2203.0,4.22,0.0
9302,8,1246,8.244999999999962,0.05537720706260032,2203.7,4.22,0.0
9303,1,323,0.3219999999999885,0.05572755417956656,2203.9,4.22,0.0
9304,0,179,-0.8219999999999998,0.055865921787709494,2204.0,4.22,0.0
9305,0,191,-0.8099999999999998,0.05759162303664921,2204.1,4.22,0.0
9306,4,725,3.723999999999992,0.05655172413793103,2204.5,4.22,0.0
9307,2,446,1.444999999999975,0.053811659192825115,2204.7,4.22,0.0
9308,1,313,0.3119999999999896,0.054313099041533544,2204.9,4.22,0.0
9309,0,179,-0.8219999999999998,0.055865921787709494,2205.0,4.22,0.0
9310,6,979,5.978000000000075,0.05515832482124617,2205.6,4.22,0.0
9311,4,713,3.711999999999988,0.056100981767180924,2206.0,4.22,0.0
9312,0,185,-0.8159999999999998,0.05945945945945946,2206.1,4.22,0.0
9313,0,179,-0.8219999999999998,0.055865921787709494,2206.1,4.22,0.0
9314,0,179,-0.8219999999999998,0.055865921787709494,2206.2,4.22,0.0
9315,0,192,-0.8089999999999998,0.057291666666666664,2206.3,4.22,0.0
9316,1,313,0.3119999999999896,0.054313099041533544,2206.5,4.22,0.0
9317,4,716,3.714999999999989,0.055865921787709494,2206.9,4.22,0.0
9318,0,179,-0.8219999999999998,0.055865921787709494,2207.0,4.22,0.0
9319,5,846,4.845000000000032,0.05555555555555555,2207.5,4.22,0.0
9320,3,582,2.58099999999996,0.05670103092783505,2207.8,4.22,0.0
9321,0,179,-0.8219999999999998,0.055865921787709494,2207.9,4.22,0.0
9322,1,313,0.3119999999999896,0.054313099041533544,2208.1,4.22,0.0
9323,2,460,1.4589999999999734,0.05652173913043478,2208.3,4.22,0.0
9324,1,313,0.3119999999999896,0.05750798722044728,2208.5,4.22,0.0
9325,7,1113,7.112000000000036,0.055705300988319856,2209.1,4.22,0.0
9326,0,179,-0.8219999999999998,0.055865921787709494,2209.2,4.22,0.0
9327,1,313,0.3119999999999896,0.054313099041533544,2209.4,4.22,0.0
9328,0,185,-0.8159999999999998,0.05945945945945946,2209.5,4.22,0.0
9329,2,460,1.4589999999999734,0.05652173913043478,2209.8,4.22,0.0
9330,0,179,-0.8219999999999998,0.055865921787709494,2209.8,4.22,0.0
9331,6,979,5.978000000000075,0.05515832482124617,2210.4,4.22,0.0
9332,0,179,-0.8219999999999998,0.055865921787709494,2210.5,4.22,0.0
9333,0,179,-0.8219999999999998,0.055865921787709494,2210.6,4.22,0.0
9334,1,313,0.3119999999999896,0.054313099041533544,2210.8,4.22,0.0
9335,0,181,-0.8199999999999998,0.06077348066298342,2210.9,4.22,0.0
9336,2,455,1.453999999999974,0.05714285714285714,2211.1,4.22,0.0
9337,0,196,-0.8049999999999998,0.05612244897959184,2211.2,4.22,0.0
9338,0,179,-0.8219999999999998,0.055865921787709494,2211.3,4.22,0.0
9339,3,579,2.5779999999999603,0.055267702936096716,2211.6,4.22,0.0
9340,1,313,0.3119999999999896,0.05750798722044728,2211.8,4.22,0.0
9341,1,341,0.33999999999998654,0.05571847507331378,2212.0,4.22,0.0
9342,0,187,-0.8139999999999998,0.058823529411764705,2212.1,4.22,0.0
9343,0,194,-0.8069999999999998,0.05670103092783505,2212.3,4.22,0.0
9344,5,862,4.861000000000037,0.05568445475638051,2212.7,4.22,0.0
9345,3,589,2.587999999999959,0.05602716468590832,2213.0,4.22,0.0
9346,1,313,0.3119999999999896,0.054313099041533544,2213.2,4.22,0.0
9347,2,447,1.4459999999999749,0.05592841163310962,2213.4,4.22,0.0
9348,2,446,1.444999999999975,0.053811659192825115,2213.7,4.22,0.0
9349,5,853,4.852000000000034,0.05627198124267292,2214.2,4.22,0.0
9350,4,713,3.711999999999988,0.056100981767180924,2214.6,4.22,0.0
9351,2,455,1.453999999999974,0.05714285714285714,2214.8,4.22,0.0
9352,0,196,-0.8049999999999998,0.05612244897959184,2214.9,4.22,0.0
9353,5,846,4.845000000000032,0.05555555555555555,2215.4,4.22,0.0
9354,3,579,2.5779999999999603,0.05699481865284974,2215.7,4.22,0.0
9355,2,446,1.444999999999975,0.05605381165919283,2215.9,4.22,0.0
9356,0,186,-0.8149999999999998,0.05913978494623656,2216.0,4.22,0.0
9357,2,466,1.4649999999999728,0.055793991416309016,2216.3,4.22,0.0
9358,0,191,-0.8099999999999998,0.05759162303664921,2216.4,4.22,0.0
9359,0,179,-0.8219999999999998,0.055865921787709494,2216.5,4.22,0.0
9360,1,313,0.3119999999999896,0.054313099041533544,2216.6,4.22,0.0
9361,1,313,0.3119999999999896,0.054313099041533544,2216.8,4.22,0.0
9362,5,860,4.859000000000036,0.05581395348837209,2217.3,4.22,0.0
9363,1,313,0.3119999999999896,0.054313099041533544,2217.5,4.22,0.0
9364,1,313,0.3119999999999896,0.054313099041533544,2217.6,4.22,0.0
9365,1,313,0.3119999999999896,0.054313099041533544,2217.8,4.22,0.0
9366,2,446,1.444999999999975,0.05605381165919283,2218.0,4.22,0.0
9367,2,446,1.444999999999975,0.05605381165919283,2218.3,4.22,0.0
9368,2,457,1.4559999999999738,0.05689277899343545,2218.6,4.22,0.0
9369,3,579,2.5779999999999603,0.055267702936096716,2218.9,4.22,0.0
9370,0,179,-0.8219999999999998,0.055865921787709494,2219.0,4.22,0.0
9371,0,194,-0.8069999999999998,0.05670103092783505,2219.1,4.22,0.0
9372,0,194,-0.8069999999999998,0.05670103092783505,2219.2,4.22,0.0
9373,2,446,1.444999999999975,0.053811659192825115,2219.4,4.22,0.0
9374,6,1003,6.002000000000083,0.05583250249252243,2219.9,4.22,0.0
9375,0,187,-0.8139999999999998,0.058823529411764705,2220.0,4.22,0.0
9376,7,1122,7.121000000000031,0.05614973262032086,2220.6,4.22,0.0
9377,1,335,0.3339999999999872,0.056716417910447764,2220.8,4.22,0.0
9378,1,319,0.31799999999998896,0.05642633228840126,2221.0,4.22,0.0
9379,3,579,2.5779999999999603,0.055267702936096716,2221.3,4.22,0.0
9380,1,318,0.31699999999998907,0.05660377358490566,2221.5,4.22,0.0
9381,2,448,1.4469999999999748,0.05580357142857143,2221.7,4.22,0.0
9382,3,579,2.5779999999999603,0.055267702936096716,2222.0,4.22,0.0
9383,1,313,0.3119999999999896,0.05750798722044728,2222.2,4.22,0.0
9384,1,313,0.3119999999999896,0.054313099041533544,2222.4,4.22,0.0
9385,2,446,1.444999999999975,0.053811659192825115,2222.6,4.22,0.0
9386,0,179,-0.8219999999999998,0.055865921787709494,2222.7,4.22,0.0
9387,3,579,2.5779999999999603,0.055267702936096716,2223.0,4.22,0.0
9388,0,179,-0.8219999999999998,0.055865921787709494,2223.2,4.22,0.0
9389,2,446,1.444999999999975,0.05605381165919283,2223.4,4.22,0.0
9390,2,446,1.444999999999975,0.05605381165919283,2223.6,4.22,0.0
9391,4,735,3.7339999999999955,0.055782312925170066,2224.1,4.22,0.0
9392,0,183,-0.8179999999999998,0.060109289617486336,2224.2,4.22,0.0
9393,3,589,2.587999999999959,0.05602716468590832,2224.5,4.22,0.0
9394,0,179,-0.8219999999999998,0.055865921787709494,2224.6,4.22,0.0
9395,0,179,-0.8219999999999998,0.055865921787709494,2224.7,4.22,0.0
9396,0,185,-0.8159999999999998,0.05945945945945946,2224.8,4.22,0.0
9397,3,609,2.607999999999957,0.05582922824302135,2225.1,4.22,0.0
9398,3,592,2.590999999999959,0.05574324324324324,2225.4,4.22,0.0
9399,2,482,1.480999999999971,0.056016597510373446,2225.7,4.22,0.0
9400,6,979,5.978000000000075,0.05515832482124617,2226.3,4.22,0.0
9401,2,465,1.4639999999999729,0.05591397849462366,2226.5,4.22,0.0
9402,5,853,4.852000000000034,0.05627198124267292,2227.0,4.22,0.0
9403,0,179,-0.8219999999999998,0.055865921787709494,2227.1,4.22,0.0
9404,2,460,1.4589999999999734,0.05652173913043478,2227.4,4.22,0.0
9405,5,852,4.851000000000034,0.056338028169014086,2227.8,4.22,0.0
9406,1,313,0.3119999999999896,0.05750798722044728,2228.0,4.22,0.0
9407,0,179,-0.8219999999999998,0.055865921787709494,2228.1,4.22,0.0
9408,0,179,-0.8219999999999998,0.055865921787709494,2228.2,4.22,0.0
9409,3,586,2.5849999999999596,0.05631399317406143,2228.5,4.22,0.0
9410,1,313,0.3119999999999896,0.054313099041533544,2228.7,4.22,0.0
9411,12,1796,12.794999999999657,0.0556792873051225,2229.7,4.22,0.0
9412,0,179,-0.8219999999999998,0.055865921787709494,2229.8,4.22,0.0
9413,3,579,2.5779999999999603,0.055267702936096716,2230.1,4.22,0.0
9414,4,715,3.713999999999989,0.055944055944055944,2230.5,4.22,0.0
9415,2,454,1.452999999999974,0.05726872246696035,2230.8,4.22,0.0
9416,3,603,2.6019999999999577,0.05638474295190713,2231.1,4.22,0.0
9417,6,979,5.978000000000075,0.05515832482124617,2231.7,4.22,0.0
9418,0,187,-0.8139999999999998,0.058823529411764705,2231.8,4.22,0.0
9419,1,316,0.3149999999999893,0.056962025316455694,2232.0,4.22,0.0
9420,1,335,0.3339999999999872,0.056716417910447764,2232.1,4.22,0.0
9421,0,179,-0.8219999999999998,0.055865921787709494,2232.2,4.22,0.0
9422,0,179,-0.8219999999999998,0.055865921787709494,2232.3,4.22,0.0
9423,5,853,4.852000000000034,0.05627198124267292,2232.8,4.22,0.0
9424,0,185,-0.8159999999999998,0.05945945945945946,2232.9,4.22,0.0
9425,4,713,3.711999999999988,0.056100981767180924,2233.3,4.22,0.0
9426,0,179,-0.8219999999999998,0.055865921787709494,2233.4,4.22,0.0
9427,1,313,0.3119999999999896,0.05750798722044728,2233.5,4.22,0.0
9428,3,579,2.5779999999999603,0.055267702936096716,2233.9,4.22,0.0
9429,0,179,-0.8219999999999998,0.055865921787709494,2234.0,4.22,0.0
9430,1,313,0.3119999999999896,0.05750798722044728,2234.1,4.22,0.0
9431,0,191,-0.8099999999999998,0.05759162303664921,2234.2,4.22,0.0
9432,2,446,1.444999999999975,0.05605381165919283,2234.5,4.22,0.0
9433,0,179,-0.8219999999999998,0.055865921787709494,2234.6,4.22,0.0
9434,4,713,3.711999999999988,0.056100981767180924,2235.0,4.22,0.0
9435,3,579,2.5779999999999603,0.055267702936096716,2235.3,4.22,0.0
9436,2,446,1.444999999999975,0.05605381165919283,2235.6,4.22,0.0
9437,1,313,0.3119999999999896,0.054313099041533544,2235.7,4.22,0.0
9438,1,319,0.31799999999998896,0.05642633228840126,2235.9,4.22,0.0
9439,0,210,-0.7909999999999998,0.05714285714285714,2236.0,4.22,0.0
9440,3,579,2.5779999999999603,0.055267702936096716,2236.3,4.22,0.0
9441,0,179,-0.8219999999999998,0.055865921787709494,2236.4,4.22,0.0
9442,3,579,2.5779999999999603,0.055267702936096716,2236.7,4.22,0.0
9443,1,315,0.3139999999999894,0.05714285714285714,2236.9,4.22,0.0
9444,0,179,-0.8219999999999998,0.05027932960893855,2237.0,4.22,0.0
9445,5,853,4.852000000000034,0.05627198124267292,2237.5,4.22,0.0
9446,0,184,-0.8169999999999998,0.059782608695652176,2237.6,4.22,0.0
9447,0,184,-0.8169999999999998,0.059782608695652176,2237.7,4.22,0.0
9448,5,846,4.845000000000032,0.05555555555555555,2238.1,4.22,0.0
9449,2,446,1.444999999999975,0.05605381165919283,2238.4,4.22,0.0
9450,1,313,0.3119999999999896,0.05750798722044728,2238.5,4.22,0.0
9451,1,313,0.3119999999999896,0.054313099041533544,2238.7,4.22,0.0
9452,0,179,-0.8219999999999998,0.055865921787709494,2238.8,4.22,0.0
9453,0,179,-0.8219999999999998,0.055865921787709494,2238.9,4.22,0.0
9454,3,579,2.5779999999999603,0.055267702936096716,2239.2,4.22,0.0
9455,0,179,-0.8219999999999998,0.055865921787709494,2239.3,4.22,0.0
9456,2,446,1.444999999999975,0.05605381165919283,2239.5,4.22,0.0
9457,2,446,1.444999999999975,0.05605381165919283,2239.8,4.22,0.0
9458,3,579,2.5779999999999603,0.055267702936096716,2240.1,4.22,0.0
9459,3,579,2.5779999999999603,0.055267702936096716,2240.4,4.22,0.0
9460,2,451,1.4499999999999744,0.057649667405764965,2240.6,4.22,0.0
9461,1,313,0.3119999999999896,0.05750798722044728,2240.8,4.22,0.0
9462,1,339,0.33799999999998676,0.05604719764011799,2241.0,4.22,0.0
9463,3,609,2.607999999999957,0.05582922824302135,2241.3,4.22,0.0
9464,4,715,3.713999999999989,0.055944055944055944,2241.7,4.22,0.0
9465,3,579,2.5779999999999603,0.055267702936096716,2242.1,4.22,0.0
9466,0,179,-0.8219999999999998,0.055865921787709494,2242.2,4.22,0.0
9467,0,179,-0.8219999999999998,0.055865921787709494,2242.3,4.22,0.0
9468,1,313,0.3119999999999896,0.05750798722044728,2242.4,4.22,0.0
9469,9,1379,9.377999999999888,0.05583756345177665,2243.2,4.22,0.0
9470,2,456,1.4549999999999739,0.05701754385964912,2243.4,4.22,0.0
9471,0,179,-0.8219999999999998,0.055865921787709494,2243.5,4.22,0.0
9472,1,321,0.31999999999998874,0.056074766355140186,2243.7,4.22,0.0
9473,2,455,1.453999999999974,0.05714285714285714,2243.9,4.22,0.0
9474,0,186,-0.8149999999999998,0.05913978494623656,2244.0,4.22,0.0
9475,1,313,0.3119999999999896,0.054313099041533544,2244.2,4.22,0.0
9476,0,179,-0.8219999999999998,0.055865921787709494,2244.3,4.22,0.0
9477,2,460,1.4589999999999734,0.05652173913043478,2244.5,4.22,0.0
9478,0,179,-0.8219999999999998,0.055865921787709494,2244.6,4.22,0.0
9479,4,713,3.711999999999988,0.0546984572230014,2245.1,4.22,0.0
9480,7,1113,7.112000000000036,0.055705300988319856,2245.7,4.22,0.0
9481,1,318,0.31699999999998907,0.05660377358490566,2245.9,4.22,0.0
9482,1,313,0.3119999999999896,0.054313099041533544,2246.0,4.22,0.0
9483,1,313,0.3119999999999896,0.054313099041533544,2246.2,4.22,0.0
9484,3,584,2.5829999999999598,0.05650684931506849,2246.5,4.22,0.0
9485,2,455,1.453999999999974,0.05714285714285714,2246.8,4.22,0.0
9486,0,183,-0.8179999999999998,0.060109289617486336,2246.9,4.22,0.0
9487,0,184,-0.8169999999999998,0.059782608695652176,2247.0,4.22,0.0
9488,0,179,-0.8219999999999998,0.055865921787709494,2247.1,4.22,0.0
9489,1,313,0.3119999999999896,0.054313099041533544,2247.3,4.22,0.0
9490,0,195,-0.8059999999999998,0.05641025641025641,2247.4,4.22,0.0
9491,0,179,-0.8219999999999998,0.055865921787709494,2247.5,4.22,0.0
9492,1,313,0.3119999999999896,0.05750798722044728,2247.7,4.22,0.0
9493,2,451,1.4499999999999744,0.057649667405764965,2247.9,4.22,0.0
9494,3,579,2.5779999999999603,0.055267702936096716,2248.2,4.22,0.0
9495,0,179,-0.8219999999999998,0.055865921787709494,2248.3,4.22,0.0
9496,0,179,-0.8219999999999998,0.055865921787709494,2248.4,4.22,0.0
9497,7,1128,7.127000000000027,0.05585106382978723,2249.0,4.22,0.0
9498,1,338,0.33699999999998687,0.05621301775147929,2249.2,4.22,0.0
9499,0,179,-0.8219999999999998,0.055865921787709494,2249.3,4.22,0.0
9500,0,183,-0.8179999999999998,0.060109289617486336,2249.4,4.22,0.0
9501,6,979,5.978000000000075,0.05515832482124617,2253.0,4.22,0.0
9502,3,579,2.5779999999999603,0.055267702936096716,2253.3,4.22,0.0
9503,4,713,3.711999999999988,0.056100981767180924,2253.7,4.22,0.0
9504,3,579,2.5779999999999603,0.055267702936096716,2254.0,4.22,0.0
9505,3,583,2.58199999999996,0.05660377358490566,2254.3,4.22,0.0
9506,8,1246,8.244999999999962,0.05537720706260032,2255.0,4.22,0.0
9507,2,446,1.444999999999975,0.05605381165919283,2255.3,4.22,0.0
9508,4,713,3.711999999999988,0.056100981767180924,2255.7,4.22,0.0
9509,1,319,0.31799999999998896,0.05642633228840126,2255.9,4.22,0.0
9510,4,713,3.711999999999988,0.0546984572230014,2256.3,4.22,0.0
9511,0,181,-0.8199999999999998,0.06077348066298342,2256.4,4.22,0.0
9512,1,313,0.3119999999999896,0.054313099041533544,2256.5,4.22,0.0
9513,0,191,-0.8099999999999998,0.05759162303664921,2256.7,4.22,0.0
9514,4,713,3.711999999999988,0.0546984572230014,2257.0,4.22,0.0
9515,2,446,1.444999999999975,0.05605381165919283,2257.3,4.22,0.0
9516,2,446,1.444999999999975,0.05605381165919283,2257.5,4.22,0.0
9517,2,446,1.444999999999975,0.05605381165919283,2257.8,4.22,0.0
9518,0,179,-0.8219999999999998,0.055865921787709494,2257.9,4.22,0.0
9519,1,337,0.335999999999987,0.05637982195845697,2258.1,4.22,0.0
9520,0,195,-0.8059999999999998,0.05641025641025641,2258.2,4.22,0.0
9521,2,448,1.4469999999999748,0.05580357142857143,2258.4,4.22,0.0
9522,3,579,2.5779999999999603,0.055267702936096716,2258.7,4.22,0.0
9523,1,313,0.3119999999999896,0.054313099041533544,2258.9,4.22,0.0
9524,1,313,0.3119999999999896,0.054313099041533544,2259.1,4.22,0.0
9525,1,332,0.3309999999999875,0.0572289156626506,2259.3,4.22,0.0
9526,0,179,-0.8219999999999998,0.055865921787709494,2259.4,4.22,0.0
9527,3,591,2.589999999999959,0.05583756345177665,2259.7,4.22,0.0
9528,0,179,-0.8219999999999998,0.055865921787709494,2259.8,4.22,0.0
9529,0,179,-0.8219999999999998,0.055865921787709494,2259.9,4.22,0.0
9530,1,313,0.3119999999999896,0.05750798722044728,2260.1,4.22,0.0
9531,8,1249,8.24799999999996,0.05604483586869496,2260.8,4.22,0.0
9532,0,179,-0.8219999999999998,0.055865921787709494,2260.9,4.22,0.0
9533,0,191,-0.8099999999999998,0.05759162303664921,2261.0,4.22,0.0
9534,0,183,-0.8179999999999998,0.060109289617486336,2261.1,4.22,0.0
9535,0,179,-0.8219999999999998,0.055865921787709494,2261.2,4.22,0.0
9536,4,713,3.711999999999988,0.056100981767180924,2261.6,4.22,0.0
9537,12,1779,12.777999999999667,0.05564924114671164,2262.6,4.22,0.0
9538,0,179,-0.8219999999999998,0.055865921787709494,2262.7,4.22,0.0
9539,1,313,0.3119999999999896,0.05750798722044728,2262.8,4.22,0.0
9540,0,195,-0.8059999999999998,0.05641025641025641,2262.9,4.22,0.0
9541,1,313,0.3119999999999896,0.054313099041533544,2263.1,4.22,0.0
9542,4,715,3.713999999999989,0.055944055944055944,2263.5,4.22,0.0
9543,0,183,-0.8179999999999998,0.060109289617486336,2263.6,4.22,0.0
9544,0,182,-0.8189999999999998,0.06043956043956044,2263.7,4.22,0.0
9545,2,446,1.444999999999975,0.05605381165919283,2264.0,4.22,0.0
9546,1,313,0.3119999999999896,0.054313099041533544,2264.2,4.22,0.0
9547,0,183,-0.8179999999999998,0.060109289617486336,2264.3,4.22,0.0
9548,0,192,-0.8089999999999998,0.057291666666666664,2264.4,4.22,0.0
9549,1,335,0.3339999999999872,0.056716417910447764,2264.6,4.22,0.0
9550,0,186,-0.8149999999999998,0.05913978494623656,2264.7,4.22,0.0
9551,4,713,3.711999999999988,0.0546984572230014,2265.0,4.22,0.0
9552,0,179,-0.8219999999999998,0.055865921787709494,2265.1,4.22,0.0
9553,4,713,3.711999999999988,0.056100981767180924,2265.5,4.22,0.0
9554,3,583,2.58199999999996,0.05660377358490566,2265.8,4.22,0.0
9555,3,580,2.57899999999996,0.056896551724137934,2266.1,4.22,0.0
9556,1,313,0.3119999999999896,0.05750798722044728,2266.3,4.22,0.0
9557,0,179,-0.8219999999999998,0.055865921787709494,2266.4,4.22,0.0
9558,0,191,-0.8099999999999998,0.05759162303664921,2266.5,4.22,0.0
9559,4,713,3.711999999999988,0.0546984572230014,2266.9,4.22,0.0
9560,0,179,-0.8219999999999998,0.055865921787709494,2267.0,4.22,0.0
9561,1,313,0.3119999999999896,0.054313099041533544,2267.2,4.22,0.0
9562,0,179,-0.8219999999999998,0.055865921787709494,2267.3,4.22,0.0
9563,1,313,0.3119999999999896,0.05750798722044728,2267.5,4.22,0.0
9564,0,186,-0.8149999999999998,0.05913978494623656,2267.6,4.22,0.0
9565,3,588,2.5869999999999593,0.05612244897959184,2267.9,4.22,0.0
9566,3,579,2.5779999999999603,0.055267702936096716,2268.2,4.22,0.0
9567,1,313,0.3119999999999896,0.054313099041533544,2268.4,4.22,0.0
9568,1,313,0.3119999999999896,0.054313099041533544,2268.5,4.22,0.0
9569,0,179,-0.8219999999999998,0.055865921787709494,2268.7,4.22,0.0
9570,0,188,-0.8129999999999998,0.05851063829787234,2268.8,4.22,0.0
9571,4,715,3.713999999999989,0.055944055944055944,2269.2,4.22,0.0
9572,1,315,0.3139999999999894,0.05714285714285714,2269.4,4.22,0.0
9573,3,579,2.5779999999999603,0.055267702936096716,2269.7,4.22,0.0
9574,0,179,-0.8219999999999998,0.055865921787709494,2269.8,4.22,0.0
9575,0,188,-0.8129999999999998,0.05851063829787234,2269.9,4.22,0.0
9576,0,179,-0.8219999999999998,0.055865921787709494,2270.0,4.22,0.0
9577,0,185,-0.8159999999999998,0.05945945945945946,2270.1,4.22,0.0
9578,1,313,0.3119999999999896,0.054313099041533544,2270.3,4.22,0.0
9579,2,462,1.4609999999999732,0.05627705627705628,2270.5,4.22,0.0
9580,0,179,-0.8219999999999998,0.055865921787709494,2270.6,4.22,0.0
9581,3,579,2.5779999999999603,0.05699481865284974,2271.0,4.22,0.0
9582,4,715,3.713999999999989,0.055944055944055944,2271.4,4.22,0.0
9583,2,446,1.444999999999975,0.05605381165919283,2271.6,4.22,0.0
9584,1,313,0.3119999999999896,0.05750798722044728,2271.8,4.22,0.0
9585,3,579,2.5779999999999603,0.055267702936096716,2272.1,4.22,0.0
9586,0,184,-0.8169999999999998,0.059782608695652176,2272.2,4.22,0.0
9587,1,318,0.31699999999998907,0.05660377358490566,2272.4,4.22,0.0
9588,0,179,-0.8219999999999998,0.055865921787709494,2272.5,4.22,0.0
9589,2,456,1.4549999999999739,0.05701754385964912,2272.7,4.22,0.0
9590,0,188,-0.8129999999999998,0.05851063829787234,2272.8,4.22,0.0
9591,3,579,2.5779999999999603,0.055267702936096716,2273.2,4.22,0.0
9592,4,713,3.711999999999988,0.056100981767180924,2273.6,4.22,0.0
9593,6,979,5.978000000000075,0.056179775280898875,2274.1,4.22,0.0
9594,0,179,-0.8219999999999998,0.055865921787709494,2274.2,4.22,0.0
9595,0,179,-0.8219999999999998,0.055865921787709494,2274.3,4.22,0.0
9596,6,1004,6.003000000000084,0.055776892430278883,2274.9,4.22,0.0
9597,1,313,0.3119999999999896,0.05750798722044728,2275.0,4.22,0.0
9598,1,313,0.3119999999999896,0.05750798722044728,2275.2,4.22,0.0
9599,3,579,2.5779999999999603,0.055267702936096716,2275.6,4.22,0.0
9600,1,321,0.31999999999998874,0.056074766355140186,2275.7,4.22,0.0
9601,0,179,-0.8219999999999998,0.055865921787709494,2275.8,4.22,0.0
9602,3,579,2.5779999999999603,0.055267702936096716,2276.1,4.22,0.0
9603,0,179,-0.8219999999999998,0.055865921787709494,2276.2,4.22,0.0
9604,1,313,0.3119999999999896,0.054313099041533544,2276.4,4.22,0.0
9605,0,187,-0.8139999999999998,0.058823529411764705,2276.5,4.22,0.0
9606,1,313,0.3119999999999896,0.05750798722044728,2276.7,4.22,0.0
9607,5,853,4.852000000000034,0.05627198124267292,2277.2,4.22,0.0
9608,1,313,0.3119999999999896,0.05750798722044728,2277.4,4.22,0.0
9609,6,979,5.978000000000075,0.056179775280898875,2277.9,4.22,0.0
9610,0,179,-0.8219999999999998,0.055865921787709494,2278.0,4.22,0.0
9611,6,1005,6.004000000000084,0.05572139303482587,2278.6,4.22,0.0
9612,2,446,1.444999999999975,0.05605381165919283,2278.8,4.22,0.0
9613,4,713,3.711999999999988,0.0546984572230014,2279.2,4.22,0.0
9614,1,336,0.3349999999999871,0.05654761904761905,2279.4,4.22,0.0
9615,2,446,1.444999999999975,0.05605381165919283,2279.7,4.22,0.0
9616,0,179,-0.8219999999999998,0.055865921787709494,2279.8,4.22,0.0
9617,0,179,-0.8219999999999998,0.055865921787709494,2279.9,4.22,0.0
9618,0,179,-0.8219999999999998,0.055865921787709494,2280.0,4.22,0.0
9619,3,579,2.5779999999999603,0.055267702936096716,2280.3,4.22,0.0
9620,2,446,1.444999999999975,0.05605381165919283,2280.5,4.22,0.0
9621,3,585,2.5839999999999597,0.05641025641025641,2280.8,4.22,0.0
9622,0,179,-0.8219999999999998,0.055865921787709494,2280.9,4.22,0.0
9623,2,462,1.4609999999999732,0.05627705627705628,2281.2,4.22,0.0
9624,2,446,1.444999999999975,0.05605381165919283,2281.4,4.22,0.0
9625,2,446,1.444999999999975,0.05605381165919283,2281.7,4.22,0.0
9626,1,313,0.3119999999999896,0.05750798722044728,2281.9,4.22,0.0
9627,1,313,0.3119999999999896,0.054313099041533544,2282.1,4.22,0.0
9628,2,446,1.444999999999975,0.05605381165919283,2282.3,4.22,0.0
9629,0,187,-0.8139999999999998,0.058823529411764705,2282.4,4.22,0.0
9630,6,979,5.978000000000075,0.056179775280898875,2282.9,4.22,0.0
9631,3,579,2.5779999999999603,0.055267702936096716,2283.3,4.22,0.0
9632,3,611,2.609999999999957,0.05564648117839607,2283.6,4.22,0.0
9633,4,713,3.711999999999988,0.0546984572230014,2284.0,4.22,0.0
9634,0,192,-0.8089999999999998,0.057291666666666664,2284.2,4.22,0.0
9635,0,179,-0.8219999999999998,0.055865921787709494,2284.3,4.22,0.0
9636,2,462,1.4609999999999732,0.05627705627705628,2284.5,4.22,0.0
9637,6,1001,6.000000000000083,0.055944055944055944,2285.1,4.22,0.0
9638,2,446,1.444999999999975,0.05605381165919283,2285.3,4.22,0.0
9639,2,457,1.4559999999999738,0.05689277899343545,2285.6,4.22,0.0
9640,0,179,-0.8219999999999998,0.055865921787709494,2285.7,4.22,0.0
9641,6,1001,6.000000000000083,0.055944055944055944,2286.3,4.22,0.0
9642,5,846,4.845000000000032,0.05555555555555555,2286.7,4.22,0.0
9643,3,579,2.5779999999999603,0.05699481865284974,2287.0,4.22,0.0
9644,0,179,-0.8219999999999998,0.055865921787709494,2287.1,4.22,0.0
9645,3,579,2.5779999999999603,0.055267702936096716,2287.4,4.22,0.0
9646,1,332,0.3309999999999875,0.0572289156626506,2287.6,4.22,0.0
9647,4,731,3.729999999999994,0.0560875512995896,2288.0,4.22,0.0
9648,1,341,0.33999999999998654,0.05571847507331378,2288.3,4.22,0.0
9649,0,179,-0.8219999999999998,0.055865921787709494,2288.4,4.22,0.0
9650,1,320,0.31899999999998885,0.05625,2288.5,4.22,0.0
9651,3,580,2.57899999999996,0.056896551724137934,2288.9,4.22,0.0
9652,4,713,3.711999999999988,0.0546984572230014,2289.2,4.22,0.0
9653,6,979,5.978000000000075,0.05515832482124617,2289.8,4.22,0.0
9654,1,313,0.3119999999999896,0.054313099041533544,2290.0,4.22,0.0
9655,0,179,-0.8219999999999998,0.055865921787709494,2290.1,4.22,0.0
9656,1,313,0.3119999999999896,0.054313099041533544,2290.3,4.22,0.0
9657,2,465,1.4639999999999729,0.05591397849462366,2290.5,4.22,0.0
9658,0,184,-0.8169999999999998,0.059782608695652176,2290.6,4.22,0.0
9659,2,446,1.444999999999975,0.05605381165919283,2290.9,4.22,0.0
9660,0,183,-0.8179999999999998,0.060109289617486336,2291.0,4.22,0.0
9661,2,446,1.444999999999975,0.05605381165919283,2291.2,4.22,0.0
9662,3,579,2.5779999999999603,0.055267702936096716,2291.5,4.22,0.0
9663,0,179,-0.8219999999999998,0.055865921787709494,2291.6,4.22,0.0
9664,4,730,3.728999999999994,0.056164383561643834,2292.0,4.22,0.0
9665,1,313,0.3119999999999896,0.05750798722044728,2292.2,4.22,0.0
9666,3,609,2.607999999999957,0.05582922824302135,2292.6,4.22,0.0
9667,1,321,0.31999999999998874,0.056074766355140186,2292.7,4.22,0.0
9668,3,579,2.5779999999999603,0.055267702936096716,2293.1,4.22,0.0
9669,2,446,1.444999999999975,0.05605381165919283,2293.3,4.22,0.0
9670,2,446,1.444999999999975,0.05605381165919283,2293.6,4.22,0.0
9671,4,713,3.711999999999988,0.056100981767180924,2294.0,4.22,0.0
9672,2,446,1.444999999999975,0.05605381165919283,2294.2,4.22,0.0
9673,0,179,-0.8219999999999998,0.055865921787709494,2294.3,4.22,0.0
9674,0,187,-0.8139999999999998,0.058823529411764705,2294.4,4.22,0.0
9675,2,446,1.444999999999975,0.05605381165919283,2294.7,4.22,0.0
9676,0,188,-0.8129999999999998,0.05851063829787234,2294.8,4.22,0.0
9677,0,190,-0.8109999999999998,0.05789473684210526,2294.9,4.22,0.0
9678,0,179,-0.8219999999999998,0.055865921787709494,2295.0,4.22,0.0
9679,1,337,0.335999999999987,0.05637982195845697,2295.2,4.22,0.0
9680,3,579,2.5779999999999603,0.055267702936096716,2295.5,4.22,0.0
9681,3,583,2.58199999999996,0.05660377358490566,2295.8,4.22,0.0
9682,2,446,1.444999999999975,0.053811659192825115,2296.1,4.22,0.0
9683,1,313,0.3119999999999896,0.054313099041533544,2296.3,4.22,0.0
9684,0,184,-0.8169999999999998,0.059782608695652176,2296.4,4.22,0.0
9685,1,313,0.3119999999999896,0.054313099041533544,2296.5,4.22,0.0
9686,0,191,-0.8099999999999998,0.05759162303664921,2296.6,4.22,0.0
9687,0,179,-0.8219999999999998,0.055865921787709494,2296.7,4.22,0.0
9688,2,446,1.444999999999975,0.053811659192825115,2297.0,4.22,0.0
9689,2,462,1.4609999999999732,0.05627705627705628,2297.3,4.22,0.0
9690,0,179,-0.8219999999999998,0.055865921787709494,2297.4,4.22,0.0
9691,7,1113,7.112000000000036,0.05480682839173405,2298.0,4.22,0.0
9692,6,979,5.978000000000075,0.05515832482124617,2298.5,4.22,0.0
9693,1,314,0.3129999999999895,0.05732484076433121,2298.7,4.22,0.0
9694,4,727,3.725999999999993,0.05639614855570839,2299.1,4.22,0.0
9695,0,190,-0.8109999999999998,0.05789473684210526,2299.2,4.22,0.0
9696,1,313,0.3119999999999896,0.05750798722044728,2299.4,4.22,0.0
9697,2,446,1.444999999999975,0.05605381165919283,2299.6,4.22,0.0
9698,2,446,1.444999999999975,0.05605381165919283,2299.9,4.22,0.0
9699,0,179,-0.8219999999999998,0.055865921787709494,2300.0,4.22,0.0
9700,6,980,5.979000000000076,0.05612244897959184,2300.5,4.22,0.0
9701,0,179,-0.8219999999999998,0.055865921787709494,2300.6,4.22,0.0
9702,4,729,3.7279999999999935,0.056241426611796985,2301.0,4.22,0.0
9703,1,313,0.3119999999999896,0.054313099041533544,2301.2,4.22,0.0
9704,1,321,0.31999999999998874,0.056074766355140186,2301.4,4.22,0.0
9705,0,190,-0.8109999999999998,0.05789473684210526,2301.5,4.22,0.0
9706,2,446,1.444999999999975,0.05605381165919283,2301.7,4.22,0.0
9707,4,713,3.711999999999988,0.056100981767180924,2302.1,4.22,0.0
9708,0,179,-0.8219999999999998,0.055865921787709494,2302.2,4.22,0.0
9709,2,464,1.462999999999973,0.05603448275862069,2302.5,4.22,0.0
9710,0,179,-0.8219999999999998,0.055865921787709494,2302.5,4.22,0.0
9711,1,313,0.3119999999999896,0.05750798722044728,2302.7,4.22,0.0
9712,0,187,-0.8139999999999998,0.058823529411764705,2302.8,4.22,0.0
9713,3,579,2.5779999999999603,0.055267702936096716,2303.2,4.22,0.0
9714,0,179,-0.8219999999999998,0.055865921787709494,2303.3,4.22,0.0
9715,1,313,0.3119999999999896,0.054313099041533544,2303.5,4.22,0.0
9716,4,730,3.728999999999994,0.056164383561643834,2304.0,4.22,0.0
9717,0,179,-0.8219999999999998,0.055865921787709494,2304.1,4.22,0.0
9718,5,852,4.851000000000034,0.056338028169014086,2304.5,4.22,0.0
9719,0,179,-0.8219999999999998,0.055865921787709494,2304.7,4.22,0.0
9720,3,586,2.5849999999999596,0.05631399317406143,2305.0,4.22,0.0
9721,0,179,-0.8219999999999998,0.055865921787709494,2305.1,4.22,0.0
9722,0,179,-0.8219999999999998,0.055865921787709494,2305.2,4.22,0.0
9723,0,194,-0.8069999999999998,0.05670103092783505,2305.3,4.22,0.0
9724,1,337,0.335999999999987,0.05637982195845697,2305.5,4.22,0.0
9725,1,313,0.3119999999999896,0.054313099041533544,2305.7,4.22,0.0
9726,4,713,3.711999999999988,0.0546984572230014,2306.1,4.22,0.0
9727,5,856,4.855000000000035,0.056074766355140186,2306.6,4.22,0.0
9728,4,713,3.711999999999988,0.056100981767180924,2307.0,4.22,0.0
9729,2,457,1.4559999999999738,0.05689277899343545,2307.2,4.22,0.0
9730,2,446,1.444999999999975,0.05605381165919283,2307.4,4.22,0.0
9731,1,313,0.3119999999999896,0.054313099041533544,2307.6,4.22,0.0
9732,3,611,2.609999999999957,0.05564648117839607,2308.0,4.22,0.0
9733,0,179,-0.8219999999999998,0.055865921787709494,2308.1,4.22,0.0
9734,5,862,4.861000000000037,0.05568445475638051,2308.5,4.22,0.0
9735,5,853,4.852000000000034,0.05627198124267292,2309.0,4.22,0.0
9736,0,179,-0.8219999999999998,0.055865921787709494,2309.1,4.22,0.0
9737,7,1121,7.120000000000031,0.056199821587867974,2309.7,4.22,0.0
9738,0,184,-0.8169999999999998,0.059782608695652176,2309.8,4.22,0.0
9739,1,313,0.3119999999999896,0.05750798722044728,2310.0,4.22,0.0
9740,0,183,-0.8179999999999998,0.060109289617486336,2310.1,4.22,0.0
9741,0,189,-0.8119999999999998,0.0582010582010582,2310.2,4.22,0.0
9742,1,313,0.3119999999999896,0.05750798722044728,2310.4,4.22,0.0
9743,2,462,1.4609999999999732,0.05627705627705628,2310.6,4.22,0.0
9744,4,713,3.711999999999988,0.0546984572230014,2311.0,4.22,0.0
9745,3,585,2.5839999999999597,0.05641025641025641,2311.4,4.22,0.0
9746,0,179,-0.8219999999999998,0.055865921787709494,2311.5,4.22,0.0
9747,4,618,3.6169999999999565,0.05663430420711974,2311.8,4.22,0.0
9748,1,313,0.3119999999999896,0.05750798722044728,2312.0,4.22,0.0
9749,2,446,1.444999999999975,0.05605381165919283,2312.2,4.22,0.0
9750,0,179,-0.8219999999999998,0.055865921787709494,2312.3,4.22,0.0
9751,8,1246,8.244999999999962,0.05537720706260032,2313.0,4.22,0.0
9752,0,179,-0.8219999999999998,0.055865921787709494,2313.1,4.22,0.0
9753,1,323,0.3219999999999885,0.05572755417956656,2313.2,4.22,0.0
9754,1,336,0.3349999999999871,0.05654761904761905,2313.4,4.22,0.0
9755,0,179,-0.8219999999999998,0.055865921787709494,2313.5,4.22,0.0
9756,4,713,3.711999999999988,0.0546984572230014,2313.9,4.22,0.0
9757,0,179,-0.8219999999999998,0.055865921787709494,2314.0,4.22,0.0
9758,2,461,1.4599999999999733,0.05639913232104121,2314.2,4.22,0.0
9759,5,846,4.845000000000032,0.05555555555555555,2314.7,4.22,0.0
9760,0,179,-0.8219999999999998,0.055865921787709494,2314.8,4.22,0.0
9761,2,446,1.444999999999975,0.05605381165919283,2315.0,4.22,0.0
9762,3,579,2.5779999999999603,0.05699481865284974,2315.3,4.22,0.0
9763,2,462,1.4609999999999732,0.05627705627705628,2315.6,4.22,0.0
9764,9,1397,9.395999999999878,0.05583392984967788,2316.3,4.22,0.0
9765,0,190,-0.8109999999999998,0.05789473684210526,2316.4,4.22,0.0
9766,0,189,-0.8119999999999998,0.0582010582010582,2316.6,4.22,0.0
9767,1,332,0.3309999999999875,0.0572289156626506,2316.7,4.22,0.0
9768,2,446,1.444999999999975,0.05605381165919283,2317.0,4.22,0.0
9769,0,191,-0.8099999999999998,0.05759162303664921,2317.1,4.22,0.0
9770,1,313,0.3119999999999896,0.05750798722044728,2317.2,4.22,0.0
9771,4,713,3.711999999999988,0.0546984572230014,2317.6,4.22,0.0
9772,1,337,0.335999999999987,0.05637982195845697,2317.8,4.22,0.0
9773,0,187,-0.8139999999999998,0.058823529411764705,2317.9,4.22,0.0
9774,1,313,0.3119999999999896,0.054313099041533544,2318.1,4.22,0.0
9775,2,446,1.444999999999975,0.05605381165919283,2318.3,4.22,0.0
9776,2,446,1.444999999999975,0.05605381165919283,2318.6,4.22,0.0
9777,1,337,0.335999999999987,0.05637982195845697,2318.8,4.22,0.0
9778,3,579,2.5779999999999603,0.055267702936096716,2319.1,4.22,0.0
9779,2,457,1.4559999999999738,0.05689277899343545,2319.3,4.22,0.0
9780,2,454,1.452999999999974,0.05726872246696035,2319.5,4.22,0.0
9781,2,452,1.4509999999999743,0.05752212389380531,2319.8,4.22,0.0
9782,0,179,-0.8219999999999998,0.055865921787709494,2319.9,4.22,0.0
9783,1,313,0.3119999999999896,0.054313099041533544,2320.1,4.22,0.0
9784,5,853,4.852000000000034,0.05627198124267292,2320.5,4.22,0.0
9785,0,179,-0.8219999999999998,0.055865921787709494,2320.6,4.22,0.0
9786,0,187,-0.8139999999999998,0.058823529411764705,2320.7,4.22,0.0
9787,1,313,0.3119999999999896,0.054313099041533544,2320.9,4.22,0.0
9788,5,849,4.848000000000033,0.05653710247349823,2321.4,4.22,0.0
9789,1,317,0.3159999999999892,0.056782334384858045,2321.5,4.22,0.0
9790,2,446,1.444999999999975,0.05605381165919283,2321.8,4.22,0.0
9791,0,186,-0.8149999999999998,0.05913978494623656,2321.9,4.22,0.0
9792,3,579,2.5779999999999603,0.055267702936096716,2322.2,4.22,0.0
9793,1,313,0.3119999999999896,0.05750798722044728,2322.4,4.22,0.0
9794,0,179,-0.8219999999999998,0.055865921787709494,2322.5,4.22,0.0
9795,0,179,-0.8219999999999998,0.055865921787709494,2322.5,4.22,0.0
9796,1,323,0.3219999999999885,0.05572755417956656,2322.7,4.22,0.0
9797,0,192,-0.8089999999999998,0.057291666666666664,2322.8,4.22,0.0
9798,0,179,-0.8219999999999998,0.055865921787709494,2322.9,4.22,0.0
9799,3,579,2.5779999999999603,0.05699481865284974,2323.2,4.22,0.0
9800,1,337,0.335999999999987,0.05637982195845697,2323.4,4.22,0.0
9801,1,313,0.3119999999999896,0.05750798722044728,2323.6,4.22,0.0
9802,2,446,1.444999999999975,0.05605381165919283,2323.8,4.22,0.0
9803,2,458,1.4569999999999736,0.056768558951965066,2324.1,4.22,0.0
9804,0,189,-0.8119999999999998,0.0582010582010582,2324.2,4.22,0.0
9805,1,335,0.3339999999999872,0.056716417910447764,2324.4,4.22,0.0
9806,2,462,1.4609999999999732,0.05627705627705628,2324.6,4.22,0.0
9807,5,859,4.858000000000036,0.05587892898719441,2325.0,4.22,0.0
9808,1,336,0.3349999999999871,0.05654761904761905,2325.2,4.22,0.0
9809,3,585,2.5839999999999597,0.05641025641025641,2325.5,4.22,0.0
9810,0,179,-0.8219999999999998,0.055865921787709494,2325.6,4.22,0.0
9811,0,179,-0.8219999999999998,0.055865921787709494,2325.7,4.22,0.0
9812,3,579,2.5779999999999603,0.055267702936096716,2326.0,4.22,0.0
9813,1,313,0.3119999999999896,0.054313099041533544,2326.2,4.22,0.0
9814,1,313,0.3119999999999896,0.054313099041533544,2326.4,4.22,0.0
9815,2,446,1.444999999999975,0.05605381165919283,2326.6,4.22,0.0
9816,4,713,3.711999999999988,0.056100981767180924,2327.0,4.22,0.0
9817,1,313,0.3119999999999896,0.054313099041533544,2327.1,4.22,0.0
9818,3,579,2.5779999999999603,0.055267702936096716,2327.5,4.22,0.0
9819,0,204,-0.7969999999999998,0.058823529411764705,2327.6,4.22,0.0
9820,0,179,-0.8219999999999998,0.055865921787709494,2327.7,4.22,0.0
9821,0,179,-0.8219999999999998,0.055865921787709494,2327.8,4.22,0.0
9822,9,1379,9.377999999999888,0.05583756345177665,2328.5,4.22,0.0
9823,0,179,-0.8219999999999998,0.055865921787709494,2328.6,4.22,0.0
9824,0,179,-0.8219999999999998,0.055865921787709494,2328.7,4.22,0.0
9825,4,713,3.711999999999988,0.0546984572230014,2329.1,4.22,0.0
9826,2,447,1.4459999999999749,0.05592841163310962,2329.3,4.22,0.0
9827,0,187,-0.8139999999999998,0.058823529411764705,2329.4,4.22,0.0
9828,2,466,1.4649999999999728,0.055793991416309016,2329.7,4.22,0.0
9829,0,179,-0.8219999999999998,0.055865921787709494,2329.8,4.22,0.0
9830,0,187,-0.8139999999999998,0.058823529411764705,2329.9,4.22,0.0
9831,0,179,-0.8219999999999998,0.055865921787709494,2330.0,4.22,0.0
9832,0,179,-0.8219999999999998,0.055865921787709494,2330.1,4.22,0.0
9833,0,179,-0.8219999999999998,0.055865921787709494,2330.1,4.22,0.0
9834,5,846,4.845000000000032,0.05555555555555555,2330.6,4.22,0.0
9835,1,315,0.3139999999999894,0.05714285714285714,2330.8,4.22,0.0
9836,0,192,-0.8089999999999998,0.057291666666666664,2330.9,4.22,0.0
9837,0,189,-0.8119999999999998,0.0582010582010582,2331.0,4.22,0.0
9838,1,313,0.3119999999999896,0.054313099041533544,2331.1,4.22,0.0
9839,1,313,0.3119999999999896,0.05750798722044728,2331.3,4.22,0.0
9840,0,179,-0.8219999999999998,0.055865921787709494,2331.4,4.22,0.0
9841,1,313,0.3119999999999896,0.05750798722044728,2331.6,4.22,0.0
9842,0,184,-0.8169999999999998,0.059782608695652176,2331.7,4.22,0.0
9843,3,579,2.5779999999999603,0.055267702936096716,2332.0,4.22,0.0
9844,2,446,1.444999999999975,0.05605381165919283,2332.2,4.22,0.0
9845,2,446,1.444999999999975,0.05605381165919283,2332.5,4.22,0.0
9846,0,179,-0.8219999999999998,0.055865921787709494,2332.5,4.22,0.0
9847,1,315,0.3139999999999894,0.05714285714285714,2332.7,4.22,0.0
9848,0,179,-0.8219999999999998,0.055865921787709494,2332.8,4.22,0.0
9849,0,179,-0.8219999999999998,0.055865921787709494,2332.9,4.22,0.0
9850,4,713,3.711999999999988,0.056100981767180924,2333.3,4.22,0.0
9851,0,179,-0.8219999999999998,0.055865921787709494,2333.4,4.22,0.0
9852,2,462,1.4609999999999732,0.05627705627705628,2333.7,4.22,0.0
9853,2,446,1.444999999999975,0.05605381165919283,2333.9,4.22,0.0
9854,6,979,5.978000000000075,0.05515832482124617,2334.4,4.22,0.0
9855,6,979,5.978000000000075,0.05515832482124617,2335.0,4.22,0.0
9856,0,179,-0.8219999999999998,0.055865921787709494,2335.1,4.22,0.0
9857,1,313,0.3119999999999896,0.05750798722044728,2335.3,4.22,0.0
9858,2,446,1.444999999999975,0.05605381165919283,2335.5,4.22,0.0
9859,0,189,-0.8119999999999998,0.0582010582010582,2335.7,4.22,0.0
9860,3,585,2.5839999999999597,0.05641025641025641,2336.1,4.22,0.0
9861,1,340,0.33899999999998665,0.05588235294117647,2336.3,4.22,0.0
9862,1,313,0.3119999999999896,0.054313099041533544,2336.5,4.22,0.0
9863,0,179,-0.8219999999999998,0.055865921787709494,2336.7,4.22,0.0
9864,0,179,-0.8219999999999998,0.055865921787709494,2336.8,4.22,0.0
9865,3,579,2.5779999999999603,0.055267702936096716,2337.2,4.22,0.0
9866,1,315,0.3139999999999894,0.05714285714285714,2337.4,4.22,0.0
9867,7,1122,7.121000000000031,0.05614973262032086,2338.0,4.22,0.0
9868,3,579,2.5779999999999603,0.055267702936096716,2338.5,4.22,0.0
9869,2,453,1.4519999999999742,0.05739514348785872,2338.7,4.22,0.0
9870,6,979,5.978000000000075,0.05515832482124617,2339.3,4.22,0.0
9871,0,179,-0.8219999999999998,0.055865921787709494,2339.4,4.22,0.0
9872,4,713,3.711999999999988,0.0546984572230014,2339.8,4.22,0.0
9873,4,713,3.711999999999988,0.056100981767180924,2340.2,4.22,0.0
9874,0,192,-0.8089999999999998,0.057291666666666664,2340.3,4.22,0.0
9875,3,610,2.608999999999957,0.05573770491803279,2340.6,4.22,0.0
9876,7,1113,7.112000000000036,0.05480682839173405,2341.2,4.22,0.0
9877,0,213,-0.7879999999999998,0.056338028169014086,2341.3,4.22,0.0
9878,2,456,1.4549999999999739,0.05701754385964912,2341.6,4.22,0.0
9879,3,582,2.58099999999996,0.05670103092783505,2341.9,4.22,0.0
9880,1,313,0.3119999999999896,0.05750798722044728,2342.1,4.22,0.0
9881,2,446,1.444999999999975,0.05605381165919283,2342.3,4.22,0.0
9882,2,446,1.444999999999975,0.05605381165919283,2342.6,4.22,0.0
9883,1,313,0.3119999999999896,0.054313099041533544,2342.8,4.22,0.0
9884,5,853,4.852000000000034,0.05627198124267292,2343.2,4.22,0.0
9885,0,179,-0.8219999999999998,0.055865921787709494,2343.3,4.22,0.0
9886,3,579,2.5779999999999603,0.055267702936096716,2343.6,4.22,0.0
9887,0,179,-0.8219999999999998,0.055865921787709494,2343.7,4.22,0.0
9888,1,313,0.3119999999999896,0.054313099041533544,2343.9,4.22,0.0
9889,2,446,1.444999999999975,0.05605381165919283,2344.1,4.22,0.0
9890,0,191,-0.8099999999999998,0.05759162303664921,2344.2,4.22,0.0
9891,1,313,0.3119999999999896,0.054313099041533544,2344.4,4.22,0.0
9892,0,179,-0.8219999999999998,0.055865921787709494,2344.5,4.22,0.0
9893,0,179,-0.8219999999999998,0.055865921787709494,2344.6,4.22,0.0
9894,0,181,-0.8199999999999998,0.06077348066298342,2344.7,4.22,0.0
9895,6,979,5.978000000000075,0.056179775280898875,2345.2,4.22,0.0
9896,1,341,0.33999999999998654,0.05571847507331378,2345.4,4.22,0.0
9897,0,192,-0.8089999999999998,0.057291666666666664,2345.5,4.22,0.0
9898,1,313,0.3119999999999896,0.05750798722044728,2345.6,4.22,0.0
9899,2,446,1.444999999999975,0.05605381165919283,2345.9,4.22,0.0
9900,0,184,-0.8169999999999998,0.059782608695652176,2346.0,4.22,0.0
9901,6,979,5.978000000000075,0.05515832482124617,2346.5,4.22,0.0
9902,4,713,3.711999999999988,0.056100981767180924,2346.9,4.22,0.0
9903,3,582,2.58099999999996,0.05670103092783505,2347.2,4.22,0.0
9904,0,190,-0.8109999999999998,0.05789473684210526,2347.3,4.22,0.0
9905,2,448,1.4469999999999748,0.05580357142857143,2347.6,4.22,0.0
9906,1,323,0.3219999999999885,0.05572755417956656,2347.7,4.22,0.0
9907,4,731,3.729999999999994,0.0560875512995896,2348.2,4.22,0.0
9908,4,713,3.711999999999988,0.056100981767180924,2348.5,4.22,0.0
9909,0,189,-0.8119999999999998,0.0582010582010582,2348.6,4.22,0.0
9910,1,313,0.3119999999999896,0.054313099041533544,2348.8,4.22,0.0
9911,0,179,-0.8219999999999998,0.055865921787709494,2348.9,4.22,0.0
9912,3,579,2.5779999999999603,0.055267702936096716,2349.2,4.22,0.0
9913,0,179,-0.8219999999999998,0.055865921787709494,2349.3,4.22,0.0
9914,2,462,1.4609999999999732,0.05627705627705628,2349.6,4.22,0.0
9915,3,579,2.5779999999999603,0.055267702936096716,2349.9,4.22,0.0
9916,5,846,4.845000000000032,0.05555555555555555,2350.3,4.22,0.0
9917,4,713,3.711999999999988,0.0546984572230014,2350.7,4.22,0.0
9918,0,185,-0.8159999999999998,0.05945945945945946,2350.8,4.22,0.0
9919,0,179,-0.8219999999999998,0.055865921787709494,2350.9,4.22,0.0
9920,1,322,0.32099999999998863,0.055900621118012424,2351.0,4.22,0.0
9921,2,446,1.444999999999975,0.05605381165919283,2351.3,4.22,0.0
9922,0,187,-0.8139999999999998,0.058823529411764705,2351.4,4.22,0.0
9923,1,313,0.3119999999999896,0.054313099041533544,2351.5,4.22,0.0
9924,0,188,-0.8129999999999998,0.05851063829787234,2351.6,4.22,0.0
9925,0,179,-0.8219999999999998,0.055865921787709494,2351.7,4.22,0.0
9926,1,313,0.3119999999999896,0.054313099041533544,2351.9,4.22,0.0
9927,4,713,3.711999999999988,0.0546984572230014,2352.3,4.22,0.0
9928,6,987,5.986000000000078,0.05572441742654509,2352.9,4.22,0.0
9929,3,579,2.5779999999999603,0.055267702936096716,2353.2,4.22,0.0
9930,0,179,-0.8219999999999998,0.055865921787709494,2353.3,4.22,0.0
9931,2,446,1.444999999999975,0.053811659192825115,2353.5,4.22,0.0
9932,0,179,-0.8219999999999998,0.055865921787709494,2353.6,4.22,0.0
9933,3,579,2.5779999999999603,0.055267702936096716,2353.9,4.22,0.0
9934,0,194,-0.8069999999999998,0.05670103092783505,2354.0,4.22,0.0
9935,4,713,3.711999999999988,0.056100981767180924,2354.4,4.22,0.0
9936,6,1004,6.003000000000084,0.055776892430278883,2354.9,4.22,0.0
9937,2,463,1.461999999999973,0.056155507559395246,2355.2,4.22,0.0
9938,2,446,1.444999999999975,0.05605381165919283,2355.4,4.22,0.0
9939,6,979,5.978000000000075,0.056179775280898875,2355.9,4.22,0.0
9940,0,179,-0.8219999999999998,0.055865921787709494,2356.0,4.22,0.0
9941,2,446,1.444999999999975,0.05605381165919283,2356.3,4.22,0.0
9942,0,196,-0.8049999999999998,0.05612244897959184,2356.4,4.22,0.0
9943,1,313,0.3119999999999896,0.054313099041533544,2356.5,4.22,0.0
9944,0,179,-0.8219999999999998,0.05027932960893855,2356.6,4.22,0.0
9945,0,183,-0.8179999999999998,0.060109289617486336,2356.7,4.22,0.0
9946,4,713,3.711999999999988,0.056100981767180924,2357.1,4.22,0.0
9947,1,316,0.3149999999999893,0.056962025316455694,2357.3,4.22,0.0
9948,2,461,1.4599999999999733,0.05639913232104121,2357.5,4.22,0.0
9949,2,446,1.444999999999975,0.05605381165919283,2357.8,4.22,0.0
9950,3,585,2.5839999999999597,0.05641025641025641,2358.1,4.22,0.0
9951,2,446,1.444999999999975,0.05605381165919283,2358.3,4.22,0.0
9952,3,589,2.587999999999959,0.05602716468590832,2358.6,4.22,0.0
9953,3,579,2.5779999999999603,0.055267702936096716,2358.9,4.22,0.0
9954,1,335,0.3339999999999872,0.056716417910447764,2359.1,4.22,0.0
9955,0,179,-0.8219999999999998,0.055865921787709494,2359.2,4.22,0.0
9956,0,179,-0.8219999999999998,0.055865921787709494,2359.3,4.22,0.0
9957,1,321,0.31999999999998874,0.056074766355140186,2359.5,4.22,0.0
9958,0,212,-0.7889999999999998,0.05660377358490566,2359.6,4.22,0.0
9959,0,179,-0.8219999999999998,0.055865921787709494,2359.7,4.22,0.0
9960,1,313,0.3119999999999896,0.054313099041533544,2359.8,4.22,0.0
9961,3,579,2.5779999999999603,0.055267702936096716,2360.2,4.22,0.0
9962,0,197,-0.8039999999999998,0.05583756345177665,2360.3,4.22,0.0
9963,0,179,-0.8219999999999998,0.055865921787709494,2360.4,4.22,0.0
9964,0,179,-0.8219999999999998,0.055865921787709494,2360.4,4.22,0.0
9965,4,713,3.711999999999988,0.056100981767180924,2360.8,4.22,0.0
9966,0,179,-0.8219999999999998,0.055865921787709494,2360.9,4.22,0.0
9967,1,313,0.3119999999999896,0.054313099041533544,2361.1,4.22,0.0
9968,1,317,0.3159999999999892,0.056782334384858045,2361.3,4.22,0.0
9969,3,579,2.5779999999999603,0.055267702936096716,2361.6,4.22,0.0
9970,0,191,-0.8099999999999998,0.05759162303664921,2361.7,4.22,0.0
9971,0,186,-0.8149999999999998,0.05913978494623656,2361.8,4.22,0.0
9972,4,713,3.711999999999988,0.056100981767180924,2362.1,4.22,0.0
9973,0,186,-0.8149999999999998,0.05913978494623656,2362.2,4.22,0.0
9974,0,179,-0.8219999999999998,0.055865921787709494,2362.3,4.22,0.0
9975,0,186,-0.8149999999999998,0.05913978494623656,2362.4,4.22,0.0
9976,1,313,0.3119999999999896,0.054313099041533544,2362.6,4.22,0.0
9977,1,313,0.3119999999999896,0.05750798722044728,2362.8,4.22,0.0
9978,4,713,3.711999999999988,0.056100981767180924,2363.1,4.22,0.0
9979,0,186,-0.8149999999999998,0.05913978494623656,2363.2,4.22,0.0
9980,0,187,-0.8139999999999998,0.058823529411764705,2363.4,4.22,0.0
9981,0,179,-0.8219999999999998,0.055865921787709494,2363.4,4.22,0.0
9982,1,323,0.3219999999999885,0.05572755417956656,2363.6,4.22,0.0
9983,0,179,-0.8219999999999998,0.055865921787709494,2363.7,4.22,0.0
9984,4,733,3.731999999999995,0.05593451568894952,2364.1,4.22,0.0
9985,0,179,-0.8219999999999998,0.055865921787709494,2364.2,4.22,0.0
9986,0,179,-0.8219999999999998,0.055865921787709494,2364.3,4.22,0.0
9987,1,313,0.3119999999999896,0.05750798722044728,2364.5,4.22,0.0
9988,1,341,0.33999999999998654,0.05571847507331378,2364.6,4.22,0.0
9989,0,179,-0.8219999999999998,0.055865921787709494,2364.7,4.22,0.0
9990,2,465,1.4639999999999729,0.05591397849462366,2365.0,4.22,0.0
9991,1,315,0.3139999999999894,0.05714285714285714,2365.1,4.22,0.0
9992,4,713,3.711999999999988,0.056100981767180924,2365.5,4.22,0.0
9993,5,846,4.845000000000032,0.05555555555555555,2366.0,4.22,0.0
9994,2,446,1.444999999999975,0.05605381165919283,2366.2,4.22,0.0
9995,5,846,4.845000000000032,0.05555555555555555,2366.7,4.22,0.0
9996,1,335,0.3339999999999872,0.056716417910447764,2366.8,4.22,0.0
9997,1,313,0.3119999999999896,0.05750798722044728,2367.0,4.22,0.0
9998,1,316,0.3149999999999893,0.056962025316455694,2367.2,4.22,0.0
9999,3,579,2.5779999999999603,0.055267702936096716,2367.5,4.22,0.0
