episode,score,steps,total_reward,flap_rate,elapsed_s,eps_per_sec,gpu_memory_mb
0,2,473,1.471999999999972,0.05708245243128964,0.2,4.11,0.0
1,3,579,2.5779999999999603,0.055267702936096716,0.5,3.64,0.0
2,0,179,-0.8219999999999998,0.055865921787709494,0.6,4.69,0.0
3,2,454,1.452999999999974,0.05726872246696035,0.9,4.58,0.0
4,2,456,1.4549999999999739,0.05701754385964912,1.1,4.46,0.0
5,1,313,0.3119999999999896,0.054313099041533544,1.3,4.66,0.0
6,2,446,1.444999999999975,0.053811659192825115,1.5,4.58,0.0
7,2,446,1.444999999999975,0.05605381165919283,1.8,4.53,0.0
8,1,323,0.3219999999999885,0.05263157894736842,1.9,4.67,0.0
9,1,336,0.3349999999999871,0.05654761904761905,2.1,4.75,0.0
10,0,179,-0.8219999999999998,0.055865921787709494,2.2,4.97,0.0
11,3,579,2.5779999999999603,0.055267702936096716,2.5,4.77,0.0
12,2,446,1.444999999999975,0.05605381165919283,2.7,4.74,0.0
13,0,202,-0.7989999999999998,0.054455445544554455,2.8,4.92,0.0
14,4,722,3.720999999999991,0.054016620498614956,3.2,4.63,0.0
15,2,459,1.4579999999999735,0.05664488017429194,3.5,4.59,0.0
16,1,327,0.3259999999999881,0.0581039755351682,3.7,4.64,0.0
17,0,179,-0.8219999999999998,0.055865921787709494,3.8,4.79,0.0
18,1,313,0.3119999999999896,0.054313099041533544,3.9,4.84,0.0
19,0,188,-0.8129999999999998,0.05851063829787234,4.0,4.97,0.0
20,0,186,-0.8149999999999998,0.05913978494623656,4.1,5.10,0.0
21,1,313,0.3119999999999896,0.054313099041533544,4.3,5.14,0.0
22,5,846,4.845000000000032,0.05555555555555555,4.7,4.85,0.0
23,1,315,0.3139999999999894,0.05714285714285714,4.9,4.89,0.0
24,0,179,-0.8219999999999998,0.055865921787709494,5.0,5.00,0.0
25,4,730,3.728999999999994,0.056164383561643834,5.4,4.82,0.0
26,2,448,1.4469999999999748,0.05580357142857143,5.6,4.79,0.0
27,0,189,-0.8119999999999998,0.0582010582010582,5.7,4.88,0.0
28,1,317,0.3159999999999892,0.056782334384858045,5.9,4.91,0.0
29,1,313,0.3119999999999896,0.054313099041533544,6.1,4.94,0.0
30,1,313,0.3119999999999896,0.054313099041533544,6.2,4.97,0.0
31,2,446,1.444999999999975,0.05605381165919283,6.5,4.95,0.0
32,1,313,0.3119999999999896,0.05750798722044728,6.6,4.97,0.0
33,0,179,-0.8219999999999998,0.055865921787709494,6.7,5.04,0.0
34,0,187,-0.8139999999999998,0.058823529411764705,6.8,5.12,0.0
35,1,339,0.33799999999998676,0.05604719764011799,7.0,5.13,0.0
36,2,446,1.444999999999975,0.05605381165919283,7.2,5.11,0.0
37,0,179,-0.8219999999999998,0.055865921787709494,7.3,5.18,0.0
38,3,579,2.5779999999999603,0.055267702936096716,7.7,5.09,0.0
39,0,187,-0.8139999999999998,0.058823529411764705,7.8,5.16,0.0
40,0,189,-0.8119999999999998,0.0582010582010582,7.9,5.22,0.0
41,1,317,0.3159999999999892,0.056782334384858045,8.0,5.24,0.0
42,5,853,4.852000000000034,0.05627198124267292,8.5,5.08,0.0
43,1,319,0.31799999999998896,0.05329153605015674,8.6,5.09,0.0
44,2,457,1.4559999999999738,0.05689277899343545,8.9,5.06,0.0
45,6,979,5.978000000000075,0.05515832482124617,9.4,4.88,0.0
46,3,579,2.5779999999999603,0.0535405872193437,9.7,4.83,0.0
47,1,323,0.3219999999999885,0.05263157894736842,9.9,4.84,0.0
48,2,461,1.4599999999999733,0.05639913232104121,10.2,4.83,0.0
49,3,579,2.5779999999999603,0.05699481865284974,10.5,4.78,0.0
50,4,717,3.7159999999999895,0.05578800557880056,10.8,4.71,0.0
51,0,186,-0.8149999999999998,0.05913978494623656,10.9,4.75,0.0
52,5,852,4.851000000000034,0.056338028169014086,11.4,4.65,0.0
53,0,217,0.21600000000000016,0.05069124423963134,11.5,4.70,0.0
54,2,465,1.4639999999999729,0.05591397849462366,11.8,4.68,0.0
55,0,199,-0.8019999999999998,0.05025125628140704,11.9,4.72,0.0
56,5,846,4.845000000000032,0.05555555555555555,12.3,4.63,0.0
57,5,850,4.849000000000033,0.05647058823529412,12.8,4.55,0.0
58,6,887,5.8860000000000445,0.05636978579481398,13.3,4.44,0.0
59,5,850,4.849000000000033,0.05529411764705883,13.7,4.37,0.0
60,0,191,-0.8099999999999998,0.05759162303664921,13.8,4.41,0.0
61,3,579,2.5779999999999603,0.055267702936096716,14.2,4.38,0.0
62,0,179,-0.8219999999999998,0.055865921787709494,14.3,4.42,0.0
63,2,446,1.444999999999975,0.05605381165919283,14.5,4.42,0.0
64,4,748,3.747,0.05614973262032086,14.9,4.37,0.0
65,0,179,-0.8219999999999998,0.055865921787709494,15.0,4.41,0.0
66,1,313,0.3119999999999896,0.054313099041533544,15.1,4.42,0.0
67,6,887,5.8860000000000445,0.05636978579481398,15.6,4.35,0.0
68,0,182,-0.8189999999999998,0.04945054945054945,15.7,4.39,0.0
69,0,180,-0.8209999999999998,0.05,15.8,4.43,0.0
70,1,334,0.3329999999999873,0.05688622754491018,16.0,4.44,0.0
71,1,313,0.3119999999999896,0.054313099041533544,16.1,4.46,0.0
72,3,597,2.5959999999999583,0.05695142378559464,16.5,4.43,0.0
73,0,185,-0.8159999999999998,0.05945945945945946,16.6,4.47,0.0
74,3,588,2.5869999999999593,0.05612244897959184,16.9,4.44,0.0
75,0,205,-0.7959999999999998,0.05853658536585366,17.0,4.47,0.0
76,0,179,-0.8219999999999998,0.055865921787709494,17.1,4.50,0.0
77,4,713,3.711999999999988,0.056100981767180924,17.5,4.46,0.0
78,1,313,0.3119999999999896,0.05750798722044728,17.6,4.48,0.0
79,1,313,0.3119999999999896,0.054313099041533544,17.8,4.49,0.0
80,3,579,2.5779999999999603,0.055267702936096716,18.1,4.48,0.0
81,0,179,-0.8219999999999998,0.055865921787709494,18.2,4.51,0.0
82,5,846,4.845000000000032,0.05555555555555555,18.7,4.45,0.0
83,4,727,3.725999999999993,0.05639614855570839,19.0,4.41,0.0
84,5,846,4.845000000000032,0.05555555555555555,19.5,4.36,0.0
85,1,336,0.3349999999999871,0.05654761904761905,19.7,4.37,0.0
86,1,313,0.3119999999999896,0.054313099041533544,19.8,4.39,0.0
87,0,204,-0.7969999999999998,0.058823529411764705,19.9,4.41,0.0
88,3,609,2.607999999999957,0.05582922824302135,20.3,4.39,0.0
89,3,588,2.5869999999999593,0.05612244897959184,20.6,4.38,0.0
90,1,313,0.3119999999999896,0.054313099041533544,20.8,4.38,0.0
91,0,186,-0.8149999999999998,0.05913978494623656,20.9,4.41,0.0
92,0,179,-0.8219999999999998,0.055865921787709494,21.0,4.44,0.0
93,1,313,0.3119999999999896,0.054313099041533544,21.1,4.45,0.0
94,1,332,0.3309999999999875,0.0572289156626506,21.3,4.46,0.0
95,1,315,0.3139999999999894,0.05714285714285714,21.5,4.47,0.0
96,6,979,5.978000000000075,0.056179775280898875,22.0,4.41,0.0
97,4,718,3.71699999999999,0.055710306406685235,22.4,4.38,0.0
98,0,179,-0.8219999999999998,0.055865921787709494,22.5,4.41,0.0
99,0,179,-0.8219999999999998,0.055865921787709494,22.6,4.43,0.0
100,6,982,5.981000000000076,0.0560081466395112,23.1,4.37,0.0
101,2,453,1.4519999999999742,0.05739514348785872,23.3,4.37,0.0
102,2,460,1.4589999999999734,0.05652173913043478,23.6,4.37,0.0
103,5,850,4.849000000000033,0.05647058823529412,24.0,4.33,0.0
104,5,752,4.751,0.05585106382978723,24.4,4.30,0.0
105,1,336,0.3349999999999871,0.05654761904761905,24.6,4.31,0.0
106,0,179,-0.8219999999999998,0.055865921787709494,24.7,4.33,0.0
107,2,446,1.444999999999975,0.05605381165919283,24.9,4.33,0.0
108,3,584,2.5829999999999598,0.05650684931506849,25.2,4.32,0.0
109,7,1140,7.139000000000021,0.056140350877192984,25.8,4.26,0.0
110,3,607,2.6059999999999572,0.05601317957166392,26.2,4.24,0.0
111,0,186,-0.8149999999999998,0.05913978494623656,26.2,4.27,0.0
112,1,332,0.3309999999999875,0.0572289156626506,26.4,4.28,0.0
113,3,579,2.5779999999999603,0.055267702936096716,26.7,4.27,0.0
114,1,320,0.31899999999998885,0.05625,26.9,4.28,0.0
115,4,736,3.734999999999996,0.05434782608695652,27.3,4.25,0.0
116,0,179,-0.8219999999999998,0.055865921787709494,27.4,4.27,0.0
117,1,313,0.3119999999999896,0.054313099041533544,27.6,4.28,0.0
118,0,179,-0.8219999999999998,0.055865921787709494,27.6,4.30,0.0
119,0,203,-0.7979999999999998,0.059113300492610835,27.8,4.32,0.0
120,0,179,-0.8219999999999998,0.055865921787709494,27.8,4.34,0.0
121,0,179,-0.8219999999999998,0.055865921787709494,27.9,4.37,0.0
122,0,179,-0.8219999999999998,0.055865921787709494,28.0,4.39,0.0
123,4,713,3.711999999999988,0.056100981767180924,28.4,4.36,0.0
124,2,446,1.444999999999975,0.05605381165919283,28.6,4.36,0.0
125,1,313,0.3119999999999896,0.054313099041533544,28.8,4.37,0.0
126,1,330,0.32899999999998775,0.05757575757575758,29.0,4.38,0.0
127,1,336,0.3349999999999871,0.05654761904761905,29.2,4.39,0.0
128,2,474,1.4729999999999719,0.05485232067510549,29.4,4.38,0.0
129,3,589,2.587999999999959,0.05602716468590832,29.7,4.37,0.0
130,2,446,1.444999999999975,0.053811659192825115,30.0,4.37,0.0
131,0,187,-0.8139999999999998,0.058823529411764705,30.1,4.39,0.0
132,3,579,2.5779999999999603,0.055267702936096716,30.4,4.38,0.0
133,0,179,-0.8219999999999998,0.05027932960893855,30.5,4.40,0.0
134,0,179,-0.8219999999999998,0.055865921787709494,30.6,4.42,0.0
135,0,187,-0.8139999999999998,0.058823529411764705,30.7,4.44,0.0
136,0,205,-0.7959999999999998,0.05853658536585366,30.8,4.45,0.0
137,0,179,-0.8219999999999998,0.055865921787709494,30.9,4.47,0.0
138,1,313,0.3119999999999896,0.054313099041533544,31.0,4.48,0.0
139,1,313,0.3119999999999896,0.054313099041533544,31.2,4.49,0.0
140,2,454,1.452999999999974,0.05726872246696035,31.4,4.49,0.0
141,2,465,1.4639999999999729,0.05591397849462366,31.7,4.48,0.0
142,3,579,2.5779999999999603,0.055267702936096716,32.0,4.47,0.0
143,2,446,1.444999999999975,0.05605381165919283,32.2,4.47,0.0
144,1,313,0.3119999999999896,0.05750798722044728,32.4,4.48,0.0
145,5,846,4.845000000000032,0.05555555555555555,32.9,4.44,0.0
146,7,1122,7.121000000000031,0.05614973262032086,33.4,4.40,0.0
147,2,446,1.444999999999975,0.05605381165919283,33.7,4.40,0.0
148,2,465,1.4639999999999729,0.05591397849462366,33.9,4.39,0.0
149,2,456,1.4549999999999739,0.05701754385964912,34.1,4.39,0.0
150,1,336,0.3349999999999871,0.05654761904761905,34.3,4.40,0.0
151,0,179,-0.8219999999999998,0.055865921787709494,34.4,4.42,0.0
152,0,183,-0.8179999999999998,0.0546448087431694,34.5,4.43,0.0
153,4,713,3.711999999999988,0.056100981767180924,34.9,4.41,0.0
154,3,579,2.5779999999999603,0.055267702936096716,35.2,4.40,0.0
155,5,846,4.845000000000032,0.05555555555555555,35.6,4.38,0.0
156,0,183,-0.8179999999999998,0.060109289617486336,35.7,4.39,0.0
157,2,446,1.444999999999975,0.05605381165919283,36.0,4.39,0.0
158,3,579,2.5779999999999603,0.055267702936096716,36.3,4.38,0.0
159,1,324,0.3229999999999884,0.05246913580246913,36.4,4.39,0.0
160,2,446,1.444999999999975,0.05605381165919283,36.7,4.39,0.0
161,8,1246,8.244999999999962,0.056179775280898875,37.3,4.34,0.0
162,2,446,1.444999999999975,0.05605381165919283,37.6,4.34,0.0
163,2,446,1.444999999999975,0.05605381165919283,37.8,4.34,0.0
164,1,313,0.3119999999999896,0.054313099041533544,38.0,4.34,0.0
165,2,454,1.452999999999974,0.05726872246696035,38.2,4.34,0.0
166,4,713,3.711999999999988,0.056100981767180924,38.6,4.33,0.0
167,4,713,3.711999999999988,0.056100981767180924,39.0,4.31,0.0
168,5,857,4.856000000000035,0.05484247374562427,39.4,4.29,0.0
169,1,336,0.3349999999999871,0.05654761904761905,39.6,4.29,0.0
170,1,313,0.3119999999999896,0.054313099041533544,39.8,4.30,0.0
171,0,189,-0.8119999999999998,0.0582010582010582,39.9,4.31,0.0
172,5,846,4.845000000000032,0.05555555555555555,40.3,4.29,0.0
173,3,579,2.5779999999999603,0.055267702936096716,40.6,4.28,0.0
174,3,485,2.4839999999999707,0.05360824742268041,40.9,4.28,0.0
175,5,846,4.845000000000032,0.05555555555555555,41.3,4.26,0.0
176,7,1134,7.133000000000024,0.054673721340388004,41.9,4.22,0.0
177,3,585,2.5839999999999597,0.05641025641025641,42.2,4.22,0.0
178,2,446,1.444999999999975,0.05605381165919283,42.5,4.21,0.0
179,0,179,-0.8219999999999998,0.055865921787709494,42.6,4.23,0.0
180,1,313,0.3119999999999896,0.054313099041533544,42.7,4.24,0.0
181,3,605,2.6039999999999575,0.05619834710743802,43.0,4.23,0.0
182,0,179,-0.8219999999999998,0.055865921787709494,43.1,4.24,0.0
183,3,584,2.5829999999999598,0.05650684931506849,43.4,4.24,0.0
184,1,313,0.3119999999999896,0.054313099041533544,43.6,4.24,0.0
185,1,313,0.3119999999999896,0.054313099041533544,43.8,4.25,0.0
186,1,313,0.3119999999999896,0.054313099041533544,43.9,4.26,0.0
187,0,203,-0.7979999999999998,0.059113300492610835,44.0,4.27,0.0
188,0,179,-0.8219999999999998,0.055865921787709494,44.1,4.28,0.0
189,0,199,-0.8019999999999998,0.05025125628140704,44.2,4.30,0.0
190,0,189,-0.8119999999999998,0.0582010582010582,44.3,4.31,0.0
191,0,189,-0.8119999999999998,0.0582010582010582,44.4,4.32,0.0
192,0,202,-0.7989999999999998,0.0594059405940594,44.5,4.33,0.0
193,0,179,-0.8219999999999998,0.055865921787709494,44.6,4.35,0.0
194,3,593,2.591999999999959,0.05564924114671164,45.0,4.34,0.0
195,0,193,-0.8079999999999998,0.05699481865284974,45.1,4.35,0.0
196,7,1133,7.1320000000000245,0.05472197705207414,45.7,4.31,0.0
197,2,446,1.444999999999975,0.05605381165919283,45.9,4.31,0.0
198,5,864,4.863000000000038,0.05439814814814815,46.3,4.29,0.0
199,0,179,-0.8219999999999998,0.055865921787709494,46.4,4.31,0.0
200,2,447,1.4459999999999749,0.05592841163310962,46.7,4.31,0.0
201,0,193,-0.8079999999999998,0.05699481865284974,46.8,4.32,0.0
202,2,446,1.444999999999975,0.05605381165919283,47.0,4.32,0.0
203,3,579,2.5779999999999603,0.055267702936096716,47.3,4.31,0.0
204,1,313,0.3119999999999896,0.054313099041533544,47.5,4.32,0.0
205,4,714,3.7129999999999885,0.056022408963585436,47.9,4.30,0.0
206,5,846,4.845000000000032,0.05555555555555555,48.3,4.28,0.0
207,3,579,2.5779999999999603,0.055267702936096716,48.6,4.28,0.0
208,0,179,-0.8219999999999998,0.055865921787709494,48.7,4.29,0.0
209,0,183,-0.8179999999999998,0.04918032786885246,48.8,4.30,0.0
210,3,484,2.482999999999971,0.05371900826446281,49.1,4.30,0.0
211,1,313,0.3119999999999896,0.054313099041533544,49.3,4.30,0.0
212,1,317,0.3159999999999892,0.056782334384858045,49.4,4.31,0.0
213,3,579,2.5779999999999603,0.055267702936096716,49.7,4.30,0.0
214,1,313,0.3119999999999896,0.05750798722044728,49.9,4.31,0.0
215,0,186,-0.8149999999999998,0.05913978494623656,50.0,4.32,0.0
216,2,449,1.4479999999999746,0.053452115812917596,50.2,4.32,0.0
217,1,313,0.3119999999999896,0.054313099041533544,50.4,4.33,0.0
218,2,447,1.4459999999999749,0.05592841163310962,50.6,4.33,0.0
219,1,313,0.3119999999999896,0.05750798722044728,50.8,4.33,0.0
220,3,588,2.5869999999999593,0.05612244897959184,51.1,4.33,0.0
221,4,713,3.711999999999988,0.0546984572230014,51.5,4.31,0.0
222,0,185,-0.8159999999999998,0.05945945945945946,51.6,4.32,0.0
223,3,592,2.590999999999959,0.05405405405405406,51.9,4.32,0.0
224,0,192,-0.8089999999999998,0.052083333333333336,52.0,4.33,0.0
225,1,335,0.3339999999999872,0.056716417910447764,52.2,4.33,0.0
226,3,580,2.57899999999996,0.056896551724137934,52.5,4.33,0.0
227,1,313,0.3119999999999896,0.05750798722044728,52.6,4.33,0.0
228,0,179,-0.8219999999999998,0.055865921787709494,52.7,4.35,0.0
229,1,340,0.33899999999998665,0.05588235294117647,52.9,4.35,0.0
230,1,324,0.3229999999999884,0.05246913580246913,53.0,4.36,0.0
231,4,713,3.711999999999988,0.056100981767180924,53.4,4.34,0.0
232,3,579,2.5779999999999603,0.055267702936096716,53.7,4.34,0.0
233,1,313,0.3119999999999896,0.054313099041533544,53.9,4.34,0.0
234,0,189,-0.8119999999999998,0.0582010582010582,54.0,4.35,0.0
235,2,458,1.4569999999999736,0.056768558951965066,54.2,4.35,0.0
236,0,182,-0.8189999999999998,0.054945054945054944,54.3,4.36,0.0
237,5,846,4.845000000000032,0.05555555555555555,54.8,4.34,0.0
238,0,181,-0.8199999999999998,0.049723756906077346,54.9,4.36,0.0
239,2,352,1.3509999999999853,0.056818181818181816,55.1,4.36,0.0
240,3,579,2.5779999999999603,0.055267702936096716,55.4,4.35,0.0
241,0,188,-0.8129999999999998,0.05851063829787234,55.5,4.36,0.0
242,2,446,1.444999999999975,0.05605381165919283,55.7,4.36,0.0
243,3,579,2.5779999999999603,0.05699481865284974,56.0,4.36,0.0
244,1,339,0.33799999999998676,0.05604719764011799,56.2,4.36,0.0
245,4,732,3.7309999999999945,0.056010928961748634,56.6,4.35,0.0
246,0,182,-0.8189999999999998,0.06043956043956044,56.7,4.36,0.0
247,0,186,-0.8149999999999998,0.05913978494623656,56.8,4.37,0.0
248,2,446,1.444999999999975,0.053811659192825115,57.0,4.37,0.0
249,3,579,2.5779999999999603,0.055267702936096716,57.3,4.36,0.0
250,1,316,0.3149999999999893,0.056962025316455694,57.5,4.37,0.0
251,2,472,1.470999999999972,0.05508474576271186,57.8,4.36,0.0
252,0,184,-0.8169999999999998,0.059782608695652176,57.9,4.37,0.0
253,1,340,0.33899999999998665,0.052941176470588235,58.0,4.38,0.0
254,4,713,3.711999999999988,0.0546984572230014,58.4,4.37,0.0
255,0,179,-0.8219999999999998,0.055865921787709494,58.5,4.38,0.0
256,0,179,-0.8219999999999998,0.055865921787709494,58.6,4.39,0.0
257,5,846,4.845000000000032,0.054373522458628844,59.0,4.37,0.0
258,1,313,0.3119999999999896,0.054313099041533544,59.2,4.37,0.0
259,0,185,-0.8159999999999998,0.05945945945945946,59.3,4.38,0.0
260,4,713,3.711999999999988,0.056100981767180924,59.7,4.37,0.0
261,3,585,2.5839999999999597,0.05641025641025641,60.0,4.37,0.0
262,6,983,5.982000000000077,0.05595116988809766,60.5,4.35,0.0
263,5,751,4.75,0.0559254327563249,60.9,4.33,0.0
264,2,446,1.444999999999975,0.05605381165919283,61.2,4.33,0.0
265,4,729,3.7279999999999935,0.056241426611796985,61.5,4.32,0.0
266,1,313,0.3119999999999896,0.054313099041533544,61.7,4.33,0.0
267,3,579,2.5779999999999603,0.055267702936096716,62.0,4.32,0.0
268,0,187,-0.8139999999999998,0.058823529411764705,62.1,4.33,0.0
269,2,464,1.462999999999973,0.05603448275862069,62.4,4.33,0.0
270,2,460,1.4589999999999734,0.05652173913043478,62.6,4.33,0.0
271,0,189,-0.8119999999999998,0.0582010582010582,62.7,4.34,0.0
272,0,179,-0.8219999999999998,0.055865921787709494,62.8,4.35,0.0
273,0,186,-0.8149999999999998,0.05913978494623656,62.9,4.36,0.0
274,0,179,-0.8219999999999998,0.055865921787709494,63.0,4.37,0.0
275,0,179,-0.8219999999999998,0.055865921787709494,63.1,4.37,0.0
276,1,332,0.3309999999999875,0.0572289156626506,63.3,4.38,0.0
277,1,337,0.335999999999987,0.05637982195845697,63.4,4.38,0.0
278,0,179,-0.8219999999999998,0.055865921787709494,63.5,4.39,0.0
279,1,218,0.21700000000000008,0.05045871559633028,63.6,4.40,0.0
280,0,190,-0.8109999999999998,0.05789473684210526,63.7,4.41,0.0
281,0,179,-0.8219999999999998,0.055865921787709494,63.8,4.42,0.0
282,2,446,1.444999999999975,0.05605381165919283,64.1,4.42,0.0
283,2,481,1.4799999999999711,0.056133056133056136,64.3,4.41,0.0
284,2,446,1.444999999999975,0.05605381165919283,64.6,4.41,0.0
285,2,465,1.4639999999999729,0.053763440860215055,64.8,4.41,0.0
286,0,179,-0.8219999999999998,0.055865921787709494,64.9,4.42,0.0
287,7,1125,7.124000000000029,0.056,65.5,4.40,0.0
288,0,179,-0.8219999999999998,0.055865921787709494,65.6,4.41,0.0
289,1,313,0.3119999999999896,0.054313099041533544,65.8,4.41,0.0
290,9,1390,9.388999999999882,0.05539568345323741,66.5,4.38,0.0
291,2,446,1.444999999999975,0.05605381165919283,66.7,4.38,0.0
292,1,327,0.3259999999999881,0.0581039755351682,66.9,4.38,0.0
293,1,322,0.32099999999998863,0.055900621118012424,67.0,4.39,0.0
294,5,877,4.876000000000042,0.05473204104903079,67.5,4.37,0.0
295,2,466,1.4649999999999728,0.055793991416309016,67.8,4.37,0.0
296,0,189,-0.8119999999999998,0.0582010582010582,67.9,4.38,0.0
297,0,215,-0.7859999999999998,0.05581395348837209,68.0,4.38,0.0
298,3,579,2.5779999999999603,0.055267702936096716,68.3,4.38,0.0
299,1,317,0.3159999999999892,0.056782334384858045,68.4,4.38,0.0
300,5,855,4.854000000000035,0.056140350877192984,68.9,4.37,0.0
301,0,206,-0.7949999999999998,0.05825242718446602,69.0,4.38,0.0
302,1,313,0.3119999999999896,0.054313099041533544,69.2,4.38,0.0
303,1,313,0.3119999999999896,0.054313099041533544,69.4,4.38,0.0
304,0,193,-0.8079999999999998,0.05699481865284974,69.5,4.39,0.0
305,3,588,2.5869999999999593,0.05612244897959184,69.8,4.38,0.0
306,2,446,1.444999999999975,0.05605381165919283,70.0,4.38,0.0
307,5,846,4.845000000000032,0.05555555555555555,70.4,4.37,0.0
308,0,192,-0.8089999999999998,0.057291666666666664,70.5,4.38,0.0
309,5,858,4.857000000000036,0.055944055944055944,71.0,4.37,0.0
310,2,446,1.444999999999975,0.05605381165919283,71.2,4.37,0.0
311,3,591,2.589999999999959,0.05583756345177665,71.6,4.36,0.0
312,3,579,2.5779999999999603,0.055267702936096716,71.9,4.35,0.0
313,0,179,-0.8219999999999998,0.055865921787709494,72.0,4.36,0.0
314,7,1113,7.112000000000036,0.055705300988319856,72.6,4.34,0.0
315,0,179,-0.8219999999999998,0.055865921787709494,72.7,4.35,0.0
316,0,179,-0.8219999999999998,0.055865921787709494,72.8,4.36,0.0
317,0,194,-0.8069999999999998,0.05670103092783505,72.9,4.36,0.0
318,2,446,1.444999999999975,0.05605381165919283,73.1,4.36,0.0
319,1,326,0.3249999999999882,0.05214723926380368,73.3,4.37,0.0
320,1,318,0.31699999999998907,0.05345911949685535,73.4,4.37,0.0
321,4,718,3.71699999999999,0.054317548746518104,73.8,4.36,0.0
322,3,579,2.5779999999999603,0.055267702936096716,74.1,4.36,0.0
323,2,446,1.444999999999975,0.053811659192825115,74.4,4.36,0.0
324,3,579,2.5779999999999603,0.055267702936096716,74.7,4.35,0.0
325,2,454,1.452999999999974,0.05726872246696035,75.0,4.35,0.0
326,2,446,1.444999999999975,0.05605381165919283,75.2,4.35,0.0
327,3,588,2.5869999999999593,0.05612244897959184,75.6,4.34,0.0
328,2,446,1.444999999999975,0.05605381165919283,75.9,4.34,0.0
329,1,313,0.3119999999999896,0.054313099041533544,76.0,4.34,0.0
330,7,1125,7.124000000000029,0.05511111111111111,76.7,4.32,0.0
331,0,184,-0.8169999999999998,0.059782608695652176,76.8,4.32,0.0
332,0,179,-0.8219999999999998,0.05027932960893855,76.9,4.33,0.0
333,1,347,0.3459999999999859,0.05187319884726225,77.1,4.33,0.0
334,2,446,1.444999999999975,0.053811659192825115,77.3,4.33,0.0
335,0,183,-0.8179999999999998,0.060109289617486336,77.4,4.34,0.0
336,0,184,-0.8169999999999998,0.059782608695652176,77.5,4.35,0.0
337,0,187,-0.8139999999999998,0.058823529411764705,77.6,4.35,0.0
338,0,184,-0.8169999999999998,0.059782608695652176,77.7,4.36,0.0
339,1,317,0.3159999999999892,0.05362776025236593,77.9,4.36,0.0
340,0,179,-0.8219999999999998,0.055865921787709494,78.0,4.37,0.0
341,0,193,-0.8079999999999998,0.05699481865284974,78.1,4.38,0.0
342,3,579,2.5779999999999603,0.055267702936096716,78.4,4.37,0.0
343,1,313,0.3119999999999896,0.054313099041533544,78.6,4.38,0.0
344,3,581,2.57999999999996,0.05679862306368331,78.9,4.37,0.0
345,2,446,1.444999999999975,0.053811659192825115,79.1,4.37,0.0
346,5,846,4.845000000000032,0.05555555555555555,79.6,4.36,0.0
347,1,313,0.3119999999999896,0.054313099041533544,79.8,4.36,0.0
348,6,1013,6.012000000000087,0.0562685093780849,80.3,4.34,0.0
349,5,846,4.845000000000032,0.05555555555555555,80.8,4.33,0.0
350,2,446,1.444999999999975,0.05605381165919283,81.0,4.33,0.0
351,0,189,-0.8119999999999998,0.0582010582010582,81.1,4.34,0.0
352,0,179,-0.8219999999999998,0.055865921787709494,81.2,4.35,0.0
353,0,189,-0.8119999999999998,0.0582010582010582,81.3,4.35,0.0
354,1,313,0.3119999999999896,0.054313099041533544,81.5,4.36,0.0
355,0,186,-0.8149999999999998,0.05913978494623656,81.6,4.36,0.0
356,0,186,-0.8149999999999998,0.05913978494623656,81.7,4.37,0.0
357,3,579,2.5779999999999603,0.055267702936096716,82.0,4.37,0.0
358,2,446,1.444999999999975,0.05605381165919283,82.2,4.37,0.0
359,0,194,-0.8069999999999998,0.05670103092783505,82.3,4.37,0.0
360,0,179,-0.8219999999999998,0.055865921787709494,82.4,4.38,0.0
361,3,579,2.5779999999999603,0.055267702936096716,82.8,4.37,0.0
362,0,179,-0.8219999999999998,0.055865921787709494,82.9,4.38,0.0
363,0,188,-0.8129999999999998,0.05851063829787234,83.0,4.39,0.0
364,3,601,2.599999999999958,0.056572379367720464,83.3,4.38,0.0
365,0,184,-0.8169999999999998,0.059782608695652176,83.4,4.39,0.0
366,1,313,0.3119999999999896,0.054313099041533544,83.5,4.39,0.0
367,2,446,1.444999999999975,0.053811659192825115,83.8,4.39,0.0
368,0,199,-0.8019999999999998,0.05025125628140704,83.9,4.40,0.0
369,14,2000,15.998999999999544,0.055,85.0,4.35,0.0
370,0,186,-0.8149999999999998,0.05913978494623656,85.1,4.36,0.0
371,4,728,3.726999999999993,0.05631868131868132,85.5,4.35,0.0
372,1,338,0.33699999999998687,0.05621301775147929,85.7,4.35,0.0
373,1,313,0.3119999999999896,0.054313099041533544,85.9,4.36,0.0
374,0,184,-0.8169999999999998,0.059782608695652176,86.0,4.36,0.0
375,1,313,0.3119999999999896,0.054313099041533544,86.1,4.37,0.0
376,4,713,3.711999999999988,0.056100981767180924,86.5,4.36,0.0
377,3,579,2.5779999999999603,0.055267702936096716,86.8,4.35,0.0
378,1,313,0.3119999999999896,0.054313099041533544,87.0,4.36,0.0
379,3,589,2.587999999999959,0.05432937181663837,87.3,4.35,0.0
380,0,179,-0.8219999999999998,0.05027932960893855,87.4,4.36,0.0
381,2,446,1.444999999999975,0.05605381165919283,87.7,4.36,0.0
382,4,722,3.720999999999991,0.055401662049861494,88.1,4.35,0.0
383,1,343,0.3419999999999863,0.052478134110787174,88.3,4.35,0.0
384,2,446,1.444999999999975,0.05605381165919283,88.5,4.35,0.0
385,2,446,1.444999999999975,0.053811659192825115,88.7,4.35,0.0
386,0,186,-0.8149999999999998,0.05913978494623656,88.8,4.36,0.0
387,1,313,0.3119999999999896,0.05750798722044728,89.0,4.36,0.0
388,5,846,4.845000000000032,0.054373522458628844,89.5,4.35,0.0
389,0,197,-0.8039999999999998,0.050761421319796954,89.6,4.35,0.0
390,0,179,-0.8219999999999998,0.055865921787709494,89.7,4.36,0.0
391,2,454,1.452999999999974,0.05726872246696035,89.9,4.36,0.0
392,0,195,-0.8059999999999998,0.05641025641025641,90.1,4.36,0.0
393,1,313,0.3119999999999896,0.054313099041533544,90.2,4.37,0.0
394,1,313,0.3119999999999896,0.05750798722044728,90.4,4.37,0.0
395,3,579,2.5779999999999603,0.055267702936096716,90.7,4.37,0.0
396,2,446,1.444999999999975,0.05605381165919283,90.9,4.37,0.0
397,0,184,-0.8169999999999998,0.059782608695652176,91.0,4.37,0.0
398,3,579,2.5779999999999603,0.055267702936096716,91.3,4.37,0.0
399,7,1113,7.112000000000036,0.055705300988319856,91.9,4.35,0.0
400,1,313,0.3119999999999896,0.054313099041533544,92.1,4.35,0.0
401,0,195,-0.8059999999999998,0.05128205128205128,92.2,4.36,0.0
402,0,184,-0.8169999999999998,0.059782608695652176,92.3,4.37,0.0
403,0,192,-0.8089999999999998,0.057291666666666664,92.4,4.37,0.0
404,2,446,1.444999999999975,0.053811659192825115,92.6,4.37,0.0
405,2,446,1.444999999999975,0.05605381165919283,92.9,4.37,0.0
406,4,713,3.711999999999988,0.056100981767180924,93.2,4.36,0.0
407,2,446,1.444999999999975,0.05605381165919283,93.5,4.36,0.0
408,2,456,1.4549999999999739,0.05701754385964912,93.7,4.36,0.0
409,0,179,-0.8219999999999998,0.055865921787709494,93.8,4.37,0.0
410,2,446,1.444999999999975,0.05605381165919283,94.1,4.37,0.0
411,5,846,4.845000000000032,0.05555555555555555,94.5,4.36,0.0
412,1,313,0.3119999999999896,0.054313099041533544,94.7,4.36,0.0
413,4,713,3.711999999999988,0.056100981767180924,95.1,4.35,0.0
414,1,313,0.3119999999999896,0.054313099041533544,95.3,4.36,0.0
415,0,179,-0.8219999999999998,0.055865921787709494,95.3,4.36,0.0
416,0,179,-0.8219999999999998,0.055865921787709494,95.4,4.37,0.0
417,6,979,5.978000000000075,0.05515832482124617,96.0,4.36,0.0
418,2,446,1.444999999999975,0.05605381165919283,96.2,4.36,0.0
419,1,349,0.34799999999998565,0.05730659025787966,96.4,4.36,0.0
420,1,313,0.3119999999999896,0.054313099041533544,96.5,4.36,0.0
421,2,446,1.444999999999975,0.053811659192825115,96.8,4.36,0.0
422,5,879,4.878000000000043,0.055745164960182024,97.3,4.35,0.0
423,3,592,2.590999999999959,0.05574324324324324,97.6,4.35,0.0
424,0,179,-0.8219999999999998,0.055865921787709494,97.7,4.35,0.0
425,0,185,-0.8159999999999998,0.05945945945945946,97.8,4.36,0.0
426,6,1005,6.004000000000084,0.05572139303482587,98.3,4.34,0.0
427,2,473,1.471999999999972,0.05708245243128964,98.6,4.34,0.0
428,0,185,-0.8159999999999998,0.05945945945945946,98.6,4.35,0.0
429,2,460,1.4589999999999734,0.05652173913043478,98.9,4.35,0.0
430,5,851,4.850000000000033,0.0564042303172738,99.4,4.34,0.0
431,4,736,3.734999999999996,0.05570652173913043,99.7,4.33,0.0
432,5,846,4.845000000000032,0.05555555555555555,100.2,4.32,0.0
433,0,179,-0.8219999999999998,0.055865921787709494,100.3,4.33,0.0
434,1,321,0.31999999999998874,0.056074766355140186,100.4,4.33,0.0
435,2,446,1.444999999999975,0.05605381165919283,100.7,4.33,0.0
436,1,337,0.335999999999987,0.05637982195845697,100.9,4.33,0.0
437,0,179,-0.8219999999999998,0.055865921787709494,100.9,4.34,0.0
438,7,1113,7.112000000000036,0.055705300988319856,101.5,4.32,0.0
439,0,193,-0.8079999999999998,0.05699481865284974,101.6,4.33,0.0
440,3,584,2.5829999999999598,0.05650684931506849,101.9,4.33,0.0
441,3,599,2.597999999999958,0.05676126878130217,102.2,4.32,0.0
442,7,1113,7.112000000000036,0.055705300988319856,102.8,4.31,0.0
443,5,861,4.860000000000037,0.05574912891986063,103.3,4.30,0.0
444,0,189,-0.8119999999999998,0.0582010582010582,103.4,4.30,0.0
445,1,313,0.3119999999999896,0.054313099041533544,103.6,4.31,0.0
446,0,196,-0.8049999999999998,0.05612244897959184,103.7,4.31,0.0
447,1,338,0.33699999999998687,0.05325443786982249,103.8,4.31,0.0
448,4,713,3.711999999999988,0.0546984572230014,104.2,4.31,0.0
449,9,1379,9.377999999999888,0.05583756345177665,104.9,4.29,0.0
450,2,446,1.444999999999975,0.05605381165919283,105.2,4.29,0.0
451,0,186,-0.8149999999999998,0.05913978494623656,105.3,4.29,0.0
452,1,313,0.3119999999999896,0.05750798722044728,105.4,4.30,0.0
453,0,179,-0.8219999999999998,0.055865921787709494,105.5,4.30,0.0
454,2,446,1.444999999999975,0.05605381165919283,105.8,4.30,0.0
455,0,191,-0.8099999999999998,0.05759162303664921,105.9,4.31,0.0
456,0,207,-0.7939999999999998,0.057971014492753624,106.0,4.31,0.0
457,1,313,0.3119999999999896,0.054313099041533544,106.1,4.32,0.0
458,0,196,-0.8049999999999998,0.05612244897959184,106.2,4.32,0.0
459,4,713,3.711999999999988,0.056100981767180924,106.6,4.32,0.0
460,2,446,1.444999999999975,0.05605381165919283,106.9,4.31,0.0
461,2,456,1.4549999999999739,0.05701754385964912,107.1,4.31,0.0
462,6,987,5.986000000000078,0.05572441742654509,107.6,4.30,0.0
463,2,446,1.444999999999975,0.05605381165919283,107.9,4.30,0.0
464,1,313,0.3119999999999896,0.054313099041533544,108.0,4.30,0.0
465,0,179,-0.8219999999999998,0.055865921787709494,108.1,4.31,0.0
466,2,479,1.4779999999999713,0.05636743215031315,108.4,4.31,0.0
467,0,185,-0.8159999999999998,0.05945945945945946,108.4,4.32,0.0
468,1,350,1.3489999999999855,0.05714285714285714,108.6,4.32,0.0
469,2,459,1.4579999999999735,0.05664488017429194,108.9,4.32,0.0
470,3,579,2.5779999999999603,0.055267702936096716,109.2,4.31,0.0
471,0,187,-0.8139999999999998,0.058823529411764705,109.3,4.32,0.0
472,0,184,-0.8169999999999998,0.059782608695652176,109.4,4.32,0.0
473,0,201,-0.7999999999999998,0.05970149253731343,109.5,4.33,0.0
474,1,313,0.3119999999999896,0.054313099041533544,109.6,4.33,0.0
475,1,316,0.3149999999999893,0.056962025316455694,109.8,4.34,0.0
476,2,446,1.444999999999975,0.05605381165919283,110.0,4.33,0.0
477,0,181,-0.8199999999999998,0.049723756906077346,110.1,4.34,0.0
478,0,179,-0.8219999999999998,0.055865921787709494,110.2,4.35,0.0
479,1,320,0.31899999999998885,0.05625,110.4,4.35,0.0
480,4,713,3.711999999999988,0.056100981767180924,110.8,4.34,0.0
481,1,314,0.3129999999999895,0.05732484076433121,110.9,4.34,0.0
482,6,983,5.982000000000077,0.05595116988809766,111.5,4.33,0.0
483,2,462,1.4609999999999732,0.05627705627705628,111.7,4.33,0.0
484,0,206,-0.7949999999999998,0.05339805825242718,111.8,4.34,0.0
485,1,315,0.3139999999999894,0.05714285714285714,112.0,4.34,0.0
486,2,446,1.444999999999975,0.05605381165919283,112.2,4.34,0.0
487,3,487,2.4859999999999705,0.053388090349075976,112.5,4.34,0.0
488,0,179,-0.8219999999999998,0.055865921787709494,112.6,4.34,0.0
489,2,446,1.444999999999975,0.05605381165919283,112.8,4.34,0.0
490,1,334,0.3329999999999873,0.05688622754491018,113.0,4.35,0.0
491,0,198,-0.8029999999999998,0.050505050505050504,113.1,4.35,0.0
492,0,192,-0.8089999999999998,0.057291666666666664,113.2,4.36,0.0
493,0,186,-0.8149999999999998,0.05913978494623656,113.3,4.36,0.0
494,0,179,-0.8219999999999998,0.055865921787709494,113.4,4.37,0.0
495,2,462,1.4609999999999732,0.05627705627705628,113.6,4.37,0.0
496,0,179,-0.8219999999999998,0.055865921787709494,113.7,4.37,0.0
497,0,183,-0.8179999999999998,0.060109289617486336,113.8,4.38,0.0
498,0,207,-0.7939999999999998,0.057971014492753624,113.9,4.38,0.0
499,0,179,-0.8219999999999998,0.055865921787709494,114.0,4.39,0.0
500,3,579,2.5779999999999603,0.055267702936096716,114.3,4.38,0.0
501,0,179,-0.8219999999999998,0.055865921787709494,117.4,4.28,0.0
502,8,1246,8.244999999999962,0.05537720706260032,118.1,4.26,0.0
503,2,446,1.444999999999975,0.05605381165919283,118.3,4.26,0.0
504,1,313,0.3119999999999896,0.054313099041533544,118.5,4.26,0.0
505,3,585,2.5839999999999597,0.05641025641025641,118.8,4.26,0.0
506,2,446,1.444999999999975,0.05605381165919283,119.0,4.26,0.0
507,3,580,2.57899999999996,0.056896551724137934,119.3,4.26,0.0
508,3,579,2.5779999999999603,0.055267702936096716,119.6,4.26,0.0
509,1,315,0.3139999999999894,0.05714285714285714,119.8,4.26,0.0
510,2,446,1.444999999999975,0.05605381165919283,120.0,4.26,0.0
511,2,451,1.4499999999999744,0.05321507760532151,120.3,4.26,0.0
512,0,179,-0.8219999999999998,0.055865921787709494,120.4,4.26,0.0
513,4,719,3.71799999999999,0.055632823365785816,120.8,4.26,0.0
514,0,179,-0.8219999999999998,0.055865921787709494,120.9,4.26,0.0
515,1,324,0.3229999999999884,0.05246913580246913,121.1,4.26,0.0
516,2,446,1.444999999999975,0.05605381165919283,121.3,4.26,0.0
517,4,713,3.711999999999988,0.056100981767180924,121.6,4.26,0.0
518,1,313,0.3119999999999896,0.054313099041533544,121.8,4.26,0.0
519,1,318,0.31699999999998907,0.05660377358490566,122.0,4.26,0.0
520,7,1113,7.112000000000036,0.055705300988319856,122.6,4.25,0.0
521,1,313,0.3119999999999896,0.054313099041533544,122.7,4.25,0.0
522,3,598,2.5969999999999582,0.056856187290969896,123.1,4.25,0.0
523,1,321,0.31999999999998874,0.0529595015576324,123.3,4.25,0.0
524,0,179,-0.8219999999999998,0.055865921787709494,123.3,4.26,0.0
525,3,585,2.5839999999999597,0.05641025641025641,123.7,4.25,0.0
526,1,321,0.31999999999998874,0.056074766355140186,123.8,4.26,0.0
527,4,713,3.711999999999988,0.0546984572230014,124.2,4.25,0.0
528,0,179,-0.8219999999999998,0.055865921787709494,124.3,4.25,0.0
529,0,179,-0.8219999999999998,0.055865921787709494,124.4,4.26,0.0
530,1,313,0.3119999999999896,0.05750798722044728,124.6,4.26,0.0
531,0,179,-0.8219999999999998,0.055865921787709494,124.7,4.27,0.0
532,0,188,-0.8129999999999998,0.05851063829787234,124.8,4.27,0.0
533,3,579,2.5779999999999603,0.055267702936096716,125.1,4.27,0.0
534,0,179,-0.8219999999999998,0.055865921787709494,125.2,4.27,0.0
535,2,461,1.4599999999999733,0.05639913232104121,125.5,4.27,0.0
536,1,313,0.3119999999999896,0.05750798722044728,125.6,4.27,0.0
537,3,579,2.5779999999999603,0.055267702936096716,125.9,4.27,0.0
538,1,313,0.3119999999999896,0.054313099041533544,126.1,4.28,0.0
539,1,313,0.3119999999999896,0.054313099041533544,126.2,4.28,0.0
540,2,446,1.444999999999975,0.05605381165919283,126.5,4.28,0.0
541,0,179,-0.8219999999999998,0.055865921787709494,126.6,4.28,0.0
542,2,446,1.444999999999975,0.053811659192825115,126.8,4.28,0.0
543,0,179,-0.8219999999999998,0.055865921787709494,126.9,4.29,0.0
544,0,189,-0.8119999999999998,0.0582010582010582,127.0,4.29,0.0
545,8,1248,8.24699999999996,0.05608974358974359,127.7,4.28,0.0
546,0,210,-0.7909999999999998,0.05238095238095238,127.8,4.28,0.0
547,3,587,2.5859999999999594,0.056218057921635436,128.1,4.28,0.0
548,0,195,-0.8059999999999998,0.05641025641025641,128.2,4.28,0.0
549,1,313,0.3119999999999896,0.054313099041533544,128.4,4.28,0.0
550,1,313,0.3119999999999896,0.054313099041533544,128.6,4.29,0.0
551,0,185,-0.8159999999999998,0.05945945945945946,128.7,4.29,0.0
552,0,203,-0.7979999999999998,0.059113300492610835,128.8,4.29,0.0
553,1,313,0.3119999999999896,0.05750798722044728,129.0,4.29,0.0
554,0,189,-0.8119999999999998,0.0582010582010582,129.1,4.30,0.0
555,2,457,1.4559999999999738,0.05689277899343545,129.4,4.30,0.0
556,2,454,1.452999999999974,0.05506607929515418,129.7,4.29,0.0
557,4,713,3.711999999999988,0.0546984572230014,130.1,4.29,0.0
558,1,313,0.3119999999999896,0.05750798722044728,130.2,4.29,0.0
559,2,455,1.453999999999974,0.05714285714285714,130.5,4.29,0.0
560,6,979,5.978000000000075,0.05515832482124617,131.0,4.28,0.0
561,0,188,-0.8129999999999998,0.05851063829787234,131.1,4.29,0.0
562,4,733,3.731999999999995,0.05593451568894952,131.5,4.28,0.0
563,1,322,0.32099999999998863,0.055900621118012424,131.6,4.28,0.0
564,1,313,0.3119999999999896,0.054313099041533544,131.8,4.29,0.0
565,0,179,-0.8219999999999998,0.055865921787709494,131.9,4.29,0.0
566,0,179,-0.8219999999999998,0.055865921787709494,132.0,4.30,0.0
567,4,727,3.725999999999993,0.055020632737276476,132.4,4.29,0.0
568,0,179,-0.8219999999999998,0.055865921787709494,132.5,4.30,0.0
569,0,200,-0.8009999999999998,0.05,132.6,4.30,0.0
570,4,713,3.711999999999988,0.056100981767180924,133.0,4.29,0.0
571,3,593,2.591999999999959,0.05396290050590219,133.3,4.29,0.0
572,0,179,-0.8219999999999998,0.055865921787709494,133.4,4.30,0.0
573,0,186,-0.8149999999999998,0.05913978494623656,133.5,4.30,0.0
574,2,446,1.444999999999975,0.05605381165919283,133.7,4.30,0.0
575,3,579,2.5779999999999603,0.0535405872193437,134.0,4.30,0.0
576,0,183,-0.8179999999999998,0.060109289617486336,134.1,4.30,0.0
577,2,446,1.444999999999975,0.053811659192825115,134.3,4.30,0.0
578,1,313,0.3119999999999896,0.054313099041533544,134.5,4.30,0.0
579,1,321,0.31999999999998874,0.056074766355140186,134.7,4.31,0.0
580,0,180,-0.8209999999999998,0.05,134.8,4.31,0.0
581,0,179,-0.8219999999999998,0.055865921787709494,134.9,4.32,0.0
582,0,184,-0.8169999999999998,0.059782608695652176,135.0,4.32,0.0
583,2,456,1.4549999999999739,0.05701754385964912,135.2,4.32,0.0
584,1,313,0.3119999999999896,0.054313099041533544,135.4,4.32,0.0
585,2,464,1.462999999999973,0.05603448275862069,135.6,4.32,0.0
586,2,472,1.470999999999972,0.05508474576271186,135.9,4.32,0.0
587,0,179,-0.8219999999999998,0.055865921787709494,135.9,4.33,0.0
588,1,328,0.32699999999998797,0.054878048780487805,136.1,4.33,0.0
589,2,449,1.4479999999999746,0.053452115812917596,136.4,4.33,0.0
590,0,179,-0.8219999999999998,0.055865921787709494,136.5,4.33,0.0
591,2,446,1.444999999999975,0.05605381165919283,136.7,4.33,0.0
592,0,179,-0.8219999999999998,0.055865921787709494,136.8,4.34,0.0
593,1,333,0.3319999999999874,0.057057057057057055,136.9,4.34,0.0
594,1,313,0.3119999999999896,0.054313099041533544,137.1,4.34,0.0
595,2,446,1.444999999999975,0.05605381165919283,137.4,4.34,0.0
596,1,320,0.31899999999998885,0.05625,137.5,4.34,0.0
597,1,313,0.3119999999999896,0.054313099041533544,137.7,4.34,0.0
598,4,718,3.71699999999999,0.055710306406685235,138.0,4.34,0.0
599,0,189,-0.8119999999999998,0.0582010582010582,138.2,4.34,0.0
600,0,191,-0.8099999999999998,0.05759162303664921,138.3,4.35,0.0
601,1,336,0.3349999999999871,0.05654761904761905,138.4,4.35,0.0
602,2,457,1.4559999999999738,0.05689277899343545,138.7,4.35,0.0
603,0,179,-0.8219999999999998,0.055865921787709494,138.8,4.35,0.0
604,5,854,4.853000000000034,0.05620608899297424,139.2,4.35,0.0
605,0,186,-0.8149999999999998,0.05913978494623656,139.3,4.35,0.0
606,1,314,0.3129999999999895,0.05732484076433121,139.5,4.35,0.0
607,0,179,-0.8219999999999998,0.055865921787709494,139.6,4.36,0.0
608,0,190,-0.8109999999999998,0.05789473684210526,139.7,4.36,0.0
609,2,446,1.444999999999975,0.05605381165919283,139.9,4.36,0.0
610,0,183,-0.8179999999999998,0.060109289617486336,140.0,4.36,0.0
611,1,313,0.3119999999999896,0.05750798722044728,140.2,4.37,0.0
612,0,179,-0.8219999999999998,0.055865921787709494,140.3,4.37,0.0
613,3,579,2.5779999999999603,0.055267702936096716,140.6,4.37,0.0
614,3,579,2.5779999999999603,0.055267702936096716,140.9,4.37,0.0
615,5,753,4.752000000000001,0.055776892430278883,141.3,4.36,0.0
616,0,179,-0.8219999999999998,0.055865921787709494,141.4,4.36,0.0
617,3,579,2.5779999999999603,0.055267702936096716,141.7,4.36,0.0
618,1,314,0.3129999999999895,0.05732484076433121,141.9,4.36,0.0
619,0,179,-0.8219999999999998,0.055865921787709494,142.0,4.37,0.0
620,0,179,-0.8219999999999998,0.055865921787709494,142.0,4.37,0.0
621,2,446,1.444999999999975,0.05605381165919283,142.3,4.37,0.0
622,2,473,1.471999999999972,0.05496828752642706,142.5,4.37,0.0
623,3,579,2.5779999999999603,0.055267702936096716,142.8,4.37,0.0
624,0,179,-0.8219999999999998,0.055865921787709494,142.9,4.37,0.0
625,2,446,1.444999999999975,0.05605381165919283,143.2,4.37,0.0
626,0,179,-0.8219999999999998,0.055865921787709494,143.3,4.38,0.0
627,2,446,1.444999999999975,0.05605381165919283,143.5,4.38,0.0
628,1,321,0.31999999999998874,0.056074766355140186,143.7,4.38,0.0
629,0,179,-0.8219999999999998,0.055865921787709494,143.8,4.38,0.0
630,1,313,0.3119999999999896,0.054313099041533544,144.0,4.38,0.0
631,2,446,1.444999999999975,0.05605381165919283,144.2,4.38,0.0
632,7,1113,7.112000000000036,0.055705300988319856,144.8,4.37,0.0
633,4,715,3.713999999999989,0.055944055944055944,145.2,4.37,0.0
634,9,1397,9.395999999999878,0.05583392984967788,145.9,4.35,0.0
635,3,584,2.5829999999999598,0.05650684931506849,146.2,4.35,0.0
636,2,458,1.4569999999999736,0.056768558951965066,146.5,4.35,0.0
637,0,208,-0.7929999999999998,0.057692307692307696,146.6,4.35,0.0
638,3,592,2.590999999999959,0.05574324324324324,146.9,4.35,0.0
639,5,846,4.845000000000032,0.05555555555555555,147.3,4.34,0.0
640,2,446,1.444999999999975,0.05605381165919283,147.6,4.34,0.0
641,1,318,0.31699999999998907,0.05660377358490566,147.7,4.35,0.0
642,0,216,-0.7849999999999998,0.05092592592592592,147.8,4.35,0.0
643,2,455,1.453999999999974,0.05714285714285714,148.1,4.35,0.0
644,1,313,0.3119999999999896,0.054313099041533544,148.2,4.35,0.0
645,3,579,2.5779999999999603,0.055267702936096716,148.5,4.35,0.0
646,1,313,0.3119999999999896,0.054313099041533544,148.7,4.35,0.0
647,5,879,4.878000000000043,0.055745164960182024,149.2,4.34,0.0
648,1,313,0.3119999999999896,0.05750798722044728,149.3,4.35,0.0
649,0,179,-0.8219999999999998,0.055865921787709494,149.4,4.35,0.0
650,6,979,5.978000000000075,0.056179775280898875,149.9,4.34,0.0
651,0,187,-0.8139999999999998,0.058823529411764705,150.0,4.35,0.0
652,0,179,-0.8219999999999998,0.055865921787709494,150.1,4.35,0.0
653,0,185,-0.8159999999999998,0.05945945945945946,150.2,4.35,0.0
654,1,313,0.3119999999999896,0.05750798722044728,150.4,4.36,0.0
655,1,313,0.3119999999999896,0.054313099041533544,150.5,4.36,0.0
656,3,579,2.5779999999999603,0.055267702936096716,150.8,4.36,0.0
657,1,327,0.3259999999999881,0.05198776758409786,151.0,4.36,0.0
658,3,579,2.5779999999999603,0.055267702936096716,151.3,4.36,0.0
659,1,313,0.3119999999999896,0.05750798722044728,151.5,4.36,0.0
660,1,339,0.33799999999998676,0.05604719764011799,151.7,4.36,0.0
661,1,340,0.33899999999998665,0.05588235294117647,151.8,4.36,0.0
662,2,451,1.4499999999999744,0.05321507760532151,152.1,4.36,0.0
663,1,313,0.3119999999999896,0.054313099041533544,152.2,4.36,0.0
664,4,713,3.711999999999988,0.056100981767180924,152.6,4.36,0.0
665,2,462,1.4609999999999732,0.05627705627705628,152.9,4.36,0.0
666,2,446,1.444999999999975,0.05605381165919283,153.1,4.36,0.0
667,1,313,0.3119999999999896,0.054313099041533544,153.3,4.36,0.0
668,5,846,4.845000000000032,0.05555555555555555,153.8,4.35,0.0
669,1,346,0.344999999999986,0.057803468208092484,153.9,4.35,0.0
670,1,313,0.3119999999999896,0.054313099041533544,154.1,4.35,0.0
671,0,179,-0.8219999999999998,0.055865921787709494,154.2,4.36,0.0
672,8,1270,8.268999999999949,0.05511811023622047,154.9,4.35,0.0
673,0,192,-0.8089999999999998,0.057291666666666664,155.0,4.35,0.0
674,2,454,1.452999999999974,0.05726872246696035,155.2,4.35,0.0
675,2,446,1.444999999999975,0.05605381165919283,155.4,4.35,0.0
676,7,1113,7.112000000000036,0.055705300988319856,156.0,4.34,0.0
677,6,979,5.978000000000075,0.05515832482124617,156.5,4.33,0.0
678,8,1246,8.244999999999962,0.05537720706260032,157.2,4.32,0.0
679,2,446,1.444999999999975,0.053811659192825115,157.4,4.32,0.0
680,0,179,-0.8219999999999998,0.055865921787709494,157.5,4.32,0.0
681,1,313,0.3119999999999896,0.054313099041533544,157.7,4.33,0.0
682,0,179,-0.8219999999999998,0.055865921787709494,157.8,4.33,0.0
683,1,340,0.33899999999998665,0.052941176470588235,158.0,4.33,0.0
684,0,179,-0.8219999999999998,0.055865921787709494,158.1,4.33,0.0
685,1,313,0.3119999999999896,0.054313099041533544,158.2,4.33,0.0
686,1,313,0.3119999999999896,0.054313099041533544,158.4,4.34,0.0
687,4,713,3.711999999999988,0.056100981767180924,158.8,4.33,0.0
688,5,846,4.845000000000032,0.05555555555555555,159.2,4.33,0.0
689,2,446,1.444999999999975,0.053811659192825115,159.5,4.33,0.0
690,0,209,-0.7919999999999998,0.05741626794258373,159.6,4.33,0.0
691,3,579,2.5779999999999603,0.055267702936096716,159.9,4.33,0.0
692,1,317,0.3159999999999892,0.056782334384858045,160.1,4.33,0.0
693,4,713,3.711999999999988,0.0546984572230014,160.5,4.33,0.0
694,0,179,-0.8219999999999998,0.055865921787709494,160.5,4.33,0.0
695,4,713,3.711999999999988,0.056100981767180924,160.9,4.33,0.0
696,6,979,5.978000000000075,0.05515832482124617,161.4,4.32,0.0
697,4,724,3.722999999999992,0.05662983425414365,161.8,4.31,0.0
698,0,214,-0.7869999999999998,0.0514018691588785,161.9,4.32,0.0
699,3,611,2.609999999999957,0.054009819967266774,162.2,4.31,0.0
700,0,179,-0.8219999999999998,0.055865921787709494,162.3,4.32,0.0
701,3,579,2.5779999999999603,0.055267702936096716,162.6,4.32,0.0
702,0,179,-0.8219999999999998,0.055865921787709494,162.7,4.32,0.0
703,4,724,3.722999999999992,0.055248618784530384,163.1,4.32,0.0
704,2,460,1.4589999999999734,0.05652173913043478,163.4,4.32,0.0
705,1,331,0.32999999999998764,0.05740181268882175,163.6,4.32,0.0
706,2,446,1.444999999999975,0.05605381165919283,163.8,4.32,0.0
707,4,713,3.711999999999988,0.056100981767180924,164.2,4.31,0.0
708,0,179,-0.8219999999999998,0.055865921787709494,164.3,4.32,0.0
709,2,455,1.453999999999974,0.05714285714285714,164.5,4.32,0.0
710,1,318,0.31699999999998907,0.05660377358490566,164.7,4.32,0.0
711,0,191,-0.8099999999999998,0.05759162303664921,164.8,4.32,0.0
712,0,191,-0.8099999999999998,0.05235602094240838,164.9,4.32,0.0
713,3,579,2.5779999999999603,0.055267702936096716,165.2,4.32,0.0
714,1,349,0.34799999999998565,0.05730659025787966,165.4,4.32,0.0
715,0,179,-0.8219999999999998,0.055865921787709494,165.5,4.33,0.0
716,1,327,0.3259999999999881,0.0581039755351682,165.6,4.33,0.0
717,4,713,3.711999999999988,0.056100981767180924,166.0,4.32,0.0
718,0,198,-0.8029999999999998,0.050505050505050504,166.1,4.33,0.0
719,4,732,3.7309999999999945,0.056010928961748634,166.5,4.32,0.0
720,4,713,3.711999999999988,0.056100981767180924,166.9,4.32,0.0
721,0,179,-0.8219999999999998,0.055865921787709494,167.0,4.32,0.0
722,0,194,-0.8069999999999998,0.05670103092783505,167.1,4.33,0.0
723,0,179,-0.8219999999999998,0.055865921787709494,167.2,4.33,0.0
724,0,183,-0.8179999999999998,0.060109289617486336,167.3,4.33,0.0
725,0,179,-0.8219999999999998,0.05027932960893855,167.4,4.34,0.0
726,4,727,3.725999999999993,0.05639614855570839,167.7,4.33,0.0
727,1,332,0.3309999999999875,0.0572289156626506,167.9,4.34,0.0
728,1,313,0.3119999999999896,0.05750798722044728,168.1,4.34,0.0
729,6,979,5.978000000000075,0.056179775280898875,168.6,4.33,0.0
730,2,446,1.444999999999975,0.05605381165919283,168.8,4.33,0.0
731,1,315,0.3139999999999894,0.05714285714285714,169.0,4.33,0.0
732,0,195,-0.8059999999999998,0.05641025641025641,169.1,4.33,0.0
733,3,607,2.6059999999999572,0.05601317957166392,169.4,4.33,0.0
734,0,192,-0.8089999999999998,0.057291666666666664,169.5,4.34,0.0
735,1,313,0.3119999999999896,0.054313099041533544,169.7,4.34,0.0
736,0,188,-0.8129999999999998,0.05851063829787234,169.8,4.34,0.0
737,0,192,-0.8089999999999998,0.057291666666666664,169.9,4.34,0.0
738,0,179,-0.8219999999999998,0.055865921787709494,170.0,4.35,0.0
739,1,322,0.32099999999998863,0.052795031055900624,170.2,4.35,0.0
740,3,597,2.5959999999999583,0.05695142378559464,170.5,4.35,0.0
741,1,336,0.3349999999999871,0.05654761904761905,170.6,4.35,0.0
742,2,461,1.4599999999999733,0.05639913232104121,170.9,4.35,0.0
743,0,194,-0.8069999999999998,0.05670103092783505,171.0,4.35,0.0
744,1,313,0.3119999999999896,0.054313099041533544,171.2,4.35,0.0
745,2,477,1.4759999999999716,0.05660377358490566,171.4,4.35,0.0
746,0,179,-0.8219999999999998,0.055865921787709494,171.5,4.36,0.0
747,2,446,1.444999999999975,0.05605381165919283,171.7,4.36,0.0
748,4,719,3.71799999999999,0.054242002781641166,172.1,4.35,0.0
749,1,313,0.3119999999999896,0.054313099041533544,172.3,4.35,0.0
750,0,179,-0.8219999999999998,0.055865921787709494,172.4,4.36,0.0
751,2,446,1.444999999999975,0.05605381165919283,172.6,4.36,0.0
752,5,878,4.877000000000042,0.05580865603644647,173.1,4.35,0.0
753,2,465,1.4639999999999729,0.053763440860215055,173.3,4.35,0.0
754,0,179,-0.8219999999999998,0.055865921787709494,173.4,4.35,0.0
755,1,350,1.3489999999999855,0.05714285714285714,173.6,4.35,0.0
756,2,454,1.452999999999974,0.05726872246696035,173.8,4.35,0.0
757,1,319,0.31799999999998896,0.05642633228840126,174.0,4.36,0.0
758,4,713,3.711999999999988,0.056100981767180924,174.4,4.35,0.0
759,3,584,2.5829999999999598,0.05650684931506849,174.7,4.35,0.0
760,5,846,4.845000000000032,0.05555555555555555,175.1,4.35,0.0
761,1,333,0.3319999999999874,0.057057057057057055,175.3,4.35,0.0
762,2,446,1.444999999999975,0.05605381165919283,175.5,4.35,0.0
763,1,313,0.3119999999999896,0.054313099041533544,175.7,4.35,0.0
764,0,187,-0.8139999999999998,0.058823529411764705,175.8,4.35,0.0
765,6,979,5.978000000000075,0.05515832482124617,176.3,4.34,0.0
766,0,179,-0.8219999999999998,0.055865921787709494,176.4,4.35,0.0
767,1,313,0.3119999999999896,0.05750798722044728,176.6,4.35,0.0
768,0,179,-0.8219999999999998,0.055865921787709494,176.7,4.35,0.0
769,3,604,2.6029999999999576,0.056291390728476824,177.0,4.35,0.0
770,1,322,0.32099999999998863,0.055900621118012424,177.2,4.35,0.0
771,1,313,0.3119999999999896,0.054313099041533544,177.3,4.35,0.0
772,1,341,0.33999999999998654,0.05278592375366569,177.5,4.35,0.0
773,4,713,3.711999999999988,0.0546984572230014,177.9,4.35,0.0
774,1,313,0.3119999999999896,0.054313099041533544,178.1,4.35,0.0
775,1,338,0.33699999999998687,0.05325443786982249,178.2,4.35,0.0
776,7,1125,7.124000000000029,0.056,178.9,4.34,0.0
777,2,446,1.444999999999975,0.053811659192825115,179.1,4.34,0.0
778,1,313,0.3119999999999896,0.054313099041533544,179.3,4.35,0.0
779,1,313,0.3119999999999896,0.05750798722044728,179.4,4.35,0.0
780,2,446,1.444999999999975,0.05605381165919283,179.7,4.35,0.0
781,1,313,0.3119999999999896,0.054313099041533544,179.9,4.35,0.0
782,4,713,3.711999999999988,0.056100981767180924,180.3,4.34,0.0
783,3,599,2.597999999999958,0.05676126878130217,180.6,4.34,0.0
784,4,725,3.723999999999992,0.05655172413793103,181.0,4.34,0.0
785,0,189,-0.8119999999999998,0.0582010582010582,181.0,4.34,0.0
786,1,313,0.3119999999999896,0.054313099041533544,181.2,4.34,0.0
787,1,321,0.31999999999998874,0.056074766355140186,181.4,4.34,0.0
788,1,313,0.3119999999999896,0.054313099041533544,181.5,4.35,0.0
789,1,313,0.3119999999999896,0.054313099041533544,181.7,4.35,0.0
790,1,327,0.3259999999999881,0.0581039755351682,181.9,4.35,0.0
791,4,713,3.711999999999988,0.056100981767180924,182.2,4.35,0.0
792,2,479,1.4779999999999713,0.05636743215031315,182.5,4.35,0.0
793,1,313,0.3119999999999896,0.054313099041533544,182.7,4.35,0.0
794,3,579,2.5779999999999603,0.055267702936096716,183.0,4.34,0.0
795,3,589,2.587999999999959,0.05602716468590832,183.3,4.34,0.0
796,2,459,1.4579999999999735,0.05664488017429194,183.5,4.34,0.0
797,2,456,1.4549999999999739,0.05701754385964912,183.8,4.34,0.0
798,3,579,2.5779999999999603,0.055267702936096716,184.1,4.34,0.0
799,0,203,-0.7979999999999998,0.059113300492610835,184.2,4.34,0.0
800,2,446,1.444999999999975,0.05605381165919283,184.4,4.34,0.0
801,0,179,-0.8219999999999998,0.055865921787709494,184.5,4.35,0.0
802,4,713,3.711999999999988,0.056100981767180924,184.9,4.34,0.0
803,0,217,0.21600000000000016,0.05069124423963134,185.0,4.35,0.0
804,1,318,0.31699999999998907,0.05660377358490566,185.2,4.35,0.0
805,0,179,-0.8219999999999998,0.055865921787709494,185.3,4.35,0.0
806,3,579,2.5779999999999603,0.055267702936096716,185.6,4.35,0.0
807,2,446,1.444999999999975,0.05605381165919283,185.8,4.35,0.0
808,0,179,-0.8219999999999998,0.055865921787709494,185.9,4.35,0.0
809,8,1246,8.244999999999962,0.05537720706260032,186.6,4.34,0.0
810,2,446,1.444999999999975,0.053811659192825115,186.9,4.34,0.0
811,2,470,1.4689999999999723,0.05319148936170213,187.1,4.34,0.0
812,4,713,3.711999999999988,0.056100981767180924,187.5,4.34,0.0
813,0,186,-0.8149999999999998,0.05913978494623656,187.6,4.34,0.0
814,9,1379,9.377999999999888,0.05583756345177665,188.4,4.33,0.0
815,0,184,-0.8169999999999998,0.059782608695652176,188.5,4.33,0.0
816,2,446,1.444999999999975,0.05605381165919283,188.7,4.33,0.0
817,0,179,-0.8219999999999998,0.055865921787709494,188.8,4.33,0.0
818,3,610,2.608999999999957,0.05573770491803279,189.2,4.33,0.0
819,0,179,-0.8219999999999998,0.055865921787709494,189.3,4.33,0.0
820,0,179,-0.8219999999999998,0.055865921787709494,189.4,4.34,0.0
821,0,200,-0.8009999999999998,0.05,189.5,4.34,0.0
822,1,218,0.21700000000000008,0.05045871559633028,189.6,4.34,0.0
823,3,579,2.5779999999999603,0.055267702936096716,189.9,4.34,0.0
824,0,179,-0.8219999999999998,0.055865921787709494,190.0,4.34,0.0
825,1,313,0.3119999999999896,0.054313099041533544,190.2,4.34,0.0
826,2,459,1.4579999999999735,0.05664488017429194,190.4,4.34,0.0
827,2,477,1.4759999999999716,0.05660377358490566,190.7,4.34,0.0
828,3,579,2.5779999999999603,0.055267702936096716,191.0,4.34,0.0
829,0,179,-0.8219999999999998,0.055865921787709494,191.1,4.34,0.0
830,0,179,-0.8219999999999998,0.055865921787709494,191.3,4.34,0.0
831,1,347,0.3459999999999859,0.05763688760806916,191.5,4.35,0.0
832,3,579,2.5779999999999603,0.055267702936096716,191.8,4.34,0.0
833,0,179,-0.8219999999999998,0.055865921787709494,191.9,4.35,0.0
834,2,446,1.444999999999975,0.05605381165919283,192.1,4.35,0.0
835,1,335,0.3339999999999872,0.056716417910447764,192.3,4.35,0.0
836,3,579,2.5779999999999603,0.055267702936096716,192.6,4.35,0.0
837,1,313,0.3119999999999896,0.054313099041533544,192.8,4.35,0.0
838,0,179,-0.8219999999999998,0.055865921787709494,192.9,4.35,0.0
839,3,587,2.5859999999999594,0.056218057921635436,193.2,4.35,0.0
840,2,446,1.444999999999975,0.05605381165919283,193.4,4.35,0.0
841,2,460,1.4589999999999734,0.05652173913043478,193.7,4.35,0.0
842,0,179,-0.8219999999999998,0.055865921787709494,193.8,4.35,0.0
843,4,713,3.711999999999988,0.056100981767180924,194.2,4.35,0.0
844,5,879,4.878000000000043,0.05460750853242321,194.6,4.34,0.0
845,1,313,0.3119999999999896,0.054313099041533544,194.8,4.34,0.0
846,3,579,2.5779999999999603,0.055267702936096716,195.1,4.34,0.0
847,1,338,0.33699999999998687,0.05621301775147929,195.3,4.34,0.0
848,7,1117,7.116000000000033,0.05640107430617726,195.9,4.33,0.0
849,1,313,0.3119999999999896,0.05750798722044728,196.0,4.34,0.0
850,3,609,2.607999999999957,0.054187192118226604,196.4,4.33,0.0
851,0,188,-0.8129999999999998,0.05851063829787234,196.5,4.34,0.0
852,0,179,-0.8219999999999998,0.055865921787709494,196.5,4.34,0.0
853,7,1113,7.112000000000036,0.055705300988319856,197.1,4.33,0.0
854,1,218,0.21700000000000008,0.05045871559633028,197.2,4.33,0.0
855,0,179,-0.8219999999999998,0.05027932960893855,197.3,4.34,0.0
856,1,313,0.3119999999999896,0.054313099041533544,197.5,4.34,0.0
857,0,204,-0.7969999999999998,0.058823529411764705,197.6,4.34,0.0
858,4,728,3.726999999999993,0.05631868131868132,198.0,4.34,0.0
859,2,456,1.4549999999999739,0.05701754385964912,198.2,4.34,0.0
860,1,313,0.3119999999999896,0.054313099041533544,198.4,4.34,0.0
861,0,200,-0.8009999999999998,0.05,198.5,4.34,0.0
862,2,446,1.444999999999975,0.05605381165919283,198.7,4.34,0.0
863,1,313,0.3119999999999896,0.054313099041533544,198.9,4.34,0.0
864,0,211,-0.7899999999999998,0.05687203791469194,199.0,4.35,0.0
865,0,179,-0.8219999999999998,0.055865921787709494,199.1,4.35,0.0
866,1,221,0.21999999999999975,0.058823529411764705,199.2,4.35,0.0
867,1,339,0.33799999999998676,0.05604719764011799,199.4,4.35,0.0
868,0,199,-0.8019999999999998,0.05025125628140704,199.5,4.36,0.0
869,0,179,-0.8219999999999998,0.055865921787709494,199.6,4.36,0.0
870,2,446,1.444999999999975,0.05605381165919283,199.8,4.36,0.0
871,1,313,0.3119999999999896,0.05750798722044728,200.0,4.36,0.0
872,5,865,4.864000000000038,0.05433526011560694,200.5,4.35,0.0
873,2,448,1.4469999999999748,0.05580357142857143,200.7,4.35,0.0
874,3,579,2.5779999999999603,0.055267702936096716,201.0,4.35,0.0
875,2,477,1.4759999999999716,0.05660377358490566,201.3,4.35,0.0
876,0,181,-0.8199999999999998,0.049723756906077346,201.4,4.36,0.0
877,2,446,1.444999999999975,0.05605381165919283,201.6,4.35,0.0
878,0,193,-0.8079999999999998,0.05699481865284974,201.7,4.36,0.0
879,4,726,3.7249999999999925,0.05647382920110193,202.1,4.35,0.0
880,4,713,3.711999999999988,0.056100981767180924,202.5,4.35,0.0
881,1,313,0.3119999999999896,0.054313099041533544,202.6,4.35,0.0
882,0,189,-0.8119999999999998,0.0582010582010582,202.7,4.36,0.0
883,0,184,-0.8169999999999998,0.059782608695652176,202.8,4.36,0.0
884,0,190,-0.8109999999999998,0.05789473684210526,202.9,4.36,0.0
885,0,179,-0.8219999999999998,0.055865921787709494,203.0,4.36,0.0
886,0,179,-0.8219999999999998,0.055865921787709494,203.1,4.37,0.0
887,1,339,0.33799999999998676,0.05604719764011799,203.3,4.37,0.0
888,3,606,2.6049999999999573,0.056105610561056105,203.6,4.37,0.0
889,0,179,-0.8219999999999998,0.055865921787709494,203.7,4.37,0.0
890,0,210,-0.7909999999999998,0.05714285714285714,203.8,4.37,0.0
891,6,979,5.978000000000075,0.05515832482124617,204.3,4.37,0.0
892,0,192,-0.8089999999999998,0.052083333333333336,204.4,4.37,0.0
893,0,200,-0.8009999999999998,0.06,204.6,4.37,0.0
894,3,579,2.5779999999999603,0.055267702936096716,204.9,4.37,0.0
895,2,478,1.4769999999999714,0.056485355648535567,205.1,4.37,0.0
896,0,186,-0.8149999999999998,0.05913978494623656,205.2,4.37,0.0
897,4,713,3.711999999999988,0.056100981767180924,205.6,4.37,0.0
898,1,338,0.33699999999998687,0.05621301775147929,205.8,4.37,0.0
899,1,313,0.3119999999999896,0.054313099041533544,205.9,4.37,0.0
900,3,610,2.608999999999957,0.054098360655737705,206.3,4.37,0.0
901,3,579,2.5779999999999603,0.055267702936096716,206.6,4.37,0.0
902,0,212,-0.7889999999999998,0.05660377358490566,206.7,4.37,0.0
903,0,179,-0.8219999999999998,0.055865921787709494,206.8,4.37,0.0
904,0,185,-0.8159999999999998,0.05945945945945946,206.9,4.37,0.0
905,2,446,1.444999999999975,0.05605381165919283,207.1,4.37,0.0
906,3,587,2.5859999999999594,0.056218057921635436,207.4,4.37,0.0
907,3,579,2.5779999999999603,0.055267702936096716,207.7,4.37,0.0
908,5,846,4.845000000000032,0.05555555555555555,208.2,4.37,0.0
909,4,713,3.711999999999988,0.056100981767180924,208.5,4.36,0.0
910,1,320,0.31899999999998885,0.05625,208.7,4.37,0.0
911,0,190,-0.8109999999999998,0.05789473684210526,208.8,4.37,0.0
912,2,446,1.444999999999975,0.05605381165919283,209.0,4.37,0.0
913,2,446,1.444999999999975,0.05605381165919283,209.3,4.37,0.0
914,0,179,-0.8219999999999998,0.055865921787709494,209.4,4.37,0.0
915,2,446,1.444999999999975,0.05605381165919283,209.6,4.37,0.0
916,2,479,1.4779999999999713,0.05636743215031315,209.9,4.37,0.0
917,2,446,1.444999999999975,0.05605381165919283,210.1,4.37,0.0
918,0,216,-0.7849999999999998,0.05092592592592592,210.2,4.37,0.0
919,2,446,1.444999999999975,0.05605381165919283,210.5,4.37,0.0
920,0,183,-0.8179999999999998,0.060109289617486336,210.6,4.37,0.0
921,0,205,-0.7959999999999998,0.05853658536585366,210.7,4.38,0.0
922,1,313,0.3119999999999896,0.054313099041533544,210.8,4.38,0.0
923,0,209,-0.7919999999999998,0.05741626794258373,210.9,4.38,0.0
924,0,184,-0.8169999999999998,0.059782608695652176,211.0,4.38,0.0
925,1,313,0.3119999999999896,0.054313099041533544,211.2,4.38,0.0
926,2,459,1.4579999999999735,0.05664488017429194,211.4,4.38,0.0
927,4,713,3.711999999999988,0.056100981767180924,211.8,4.38,0.0
928,0,212,-0.7889999999999998,0.05660377358490566,211.9,4.38,0.0
929,4,713,3.711999999999988,0.056100981767180924,212.3,4.38,0.0
930,3,607,2.6059999999999572,0.05601317957166392,212.6,4.38,0.0
931,2,450,1.4489999999999745,0.05333333333333334,212.8,4.38,0.0
932,0,179,-0.8219999999999998,0.055865921787709494,212.9,4.38,0.0
933,0,179,-0.8219999999999998,0.055865921787709494,213.0,4.38,0.0
934,1,313,0.3119999999999896,0.054313099041533544,213.2,4.39,0.0
935,0,192,-0.8089999999999998,0.057291666666666664,213.3,4.39,0.0
936,4,724,3.722999999999992,0.05662983425414365,213.7,4.38,0.0
937,5,846,4.845000000000032,0.05555555555555555,214.1,4.38,0.0
938,2,446,1.444999999999975,0.05605381165919283,214.4,4.38,0.0
939,8,1246,8.244999999999962,0.05537720706260032,215.0,4.37,0.0
940,2,454,1.452999999999974,0.05726872246696035,215.3,4.37,0.0
941,1,313,0.3119999999999896,0.054313099041533544,215.4,4.37,0.0
942,0,179,-0.8219999999999998,0.055865921787709494,215.6,4.37,0.0
943,2,455,1.453999999999974,0.05714285714285714,215.8,4.37,0.0
944,0,186,-0.8149999999999998,0.05913978494623656,215.9,4.38,0.0
945,0,179,-0.8219999999999998,0.055865921787709494,216.0,4.38,0.0
946,8,1246,8.244999999999962,0.05537720706260032,216.6,4.37,0.0
947,3,579,2.5779999999999603,0.05699481865284974,217.0,4.37,0.0
948,1,313,0.3119999999999896,0.054313099041533544,217.1,4.37,0.0
949,3,584,2.5829999999999598,0.05650684931506849,217.4,4.37,0.0
950,1,318,0.31699999999998907,0.05660377358490566,217.6,4.37,0.0
951,0,192,-0.8089999999999998,0.057291666666666664,217.7,4.37,0.0
952,0,210,-0.7909999999999998,0.05714285714285714,217.8,4.38,0.0
953,0,196,-0.8049999999999998,0.05612244897959184,217.9,4.38,0.0
954,0,179,-0.8219999999999998,0.055865921787709494,218.0,4.38,0.0
955,2,446,1.444999999999975,0.05605381165919283,218.2,4.38,0.0
956,0,192,-0.8089999999999998,0.057291666666666664,218.3,4.38,0.0
957,2,446,1.444999999999975,0.053811659192825115,218.6,4.38,0.0
958,0,184,-0.8169999999999998,0.059782608695652176,218.7,4.39,0.0
959,0,179,-0.8219999999999998,0.055865921787709494,218.8,4.39,0.0
960,3,585,2.5839999999999597,0.05641025641025641,219.1,4.39,0.0
961,0,191,-0.8099999999999998,0.05759162303664921,219.2,4.39,0.0
962,0,182,-0.8189999999999998,0.04945054945054945,219.3,4.39,0.0
963,0,184,-0.8169999999999998,0.059782608695652176,219.4,4.39,0.0
964,4,713,3.711999999999988,0.056100981767180924,219.7,4.39,0.0
965,0,179,-0.8219999999999998,0.055865921787709494,219.8,4.39,0.0
966,9,1379,9.377999999999888,0.05583756345177665,220.5,4.38,0.0
967,1,313,0.3119999999999896,0.054313099041533544,220.7,4.39,0.0
968,0,186,-0.8149999999999998,0.05913978494623656,220.8,4.39,0.0
969,2,446,1.444999999999975,0.05605381165919283,221.0,4.39,0.0
970,1,313,0.3119999999999896,0.054313099041533544,221.2,4.39,0.0
971,0,179,-0.8219999999999998,0.055865921787709494,221.3,4.39,0.0
972,0,184,-0.8169999999999998,0.059782608695652176,221.4,4.39,0.0
973,0,194,-0.8069999999999998,0.05670103092783505,221.5,4.40,0.0
974,2,446,1.444999999999975,0.05605381165919283,221.7,4.40,0.0
975,0,194,-0.8069999999999998,0.05670103092783505,221.8,4.40,0.0
976,0,179,-0.8219999999999998,0.055865921787709494,221.9,4.40,0.0
977,3,579,2.5779999999999603,0.055267702936096716,222.2,4.40,0.0
978,3,581,2.57999999999996,0.05679862306368331,222.5,4.40,0.0
979,1,313,0.3119999999999896,0.054313099041533544,222.7,4.40,0.0
980,9,1392,9.390999999999881,0.05603448275862069,223.4,4.39,0.0
981,1,335,0.3339999999999872,0.056716417910447764,223.6,4.39,0.0
982,9,1379,9.377999999999888,0.05583756345177665,224.3,4.38,0.0
983,1,332,0.3309999999999875,0.0572289156626506,224.5,4.38,0.0
984,0,179,-0.8219999999999998,0.055865921787709494,224.6,4.39,0.0
985,1,341,0.33999999999998654,0.05278592375366569,224.8,4.39,0.0
986,0,187,-0.8139999999999998,0.058823529411764705,224.9,4.39,0.0
987,1,321,0.31999999999998874,0.056074766355140186,225.1,4.39,0.0
988,1,314,0.3129999999999895,0.05732484076433121,225.2,4.39,0.0
989,4,713,3.711999999999988,0.056100981767180924,225.6,4.39,0.0
990,1,313,0.3119999999999896,0.054313099041533544,225.8,4.39,0.0
991,0,179,-0.8219999999999998,0.055865921787709494,225.9,4.39,0.0
992,1,314,0.3129999999999895,0.05732484076433121,226.1,4.39,0.0
993,0,179,-0.8219999999999998,0.055865921787709494,226.1,4.40,0.0
994,7,1127,7.126000000000028,0.055900621118012424,226.7,4.39,0.0
995,0,189,-0.8119999999999998,0.0582010582010582,226.8,4.39,0.0
996,6,979,5.978000000000075,0.056179775280898875,227.3,4.39,0.0
997,1,321,0.31999999999998874,0.056074766355140186,227.5,4.39,0.0
998,0,194,-0.8069999999999998,0.05670103092783505,227.6,4.39,0.0
999,3,585,2.5839999999999597,0.05641025641025641,227.9,4.39,0.0
1000,2,446,1.444999999999975,0.05605381165919283,228.2,4.39,0.0
1001,0,187,-0.8139999999999998,0.058823529411764705,230.9,4.34,0.0
1002,3,579,2.5779999999999603,0.055267702936096716,231.2,4.34,0.0
1003,0,179,-0.8219999999999998,0.055865921787709494,231.3,4.34,0.0
1004,0,182,-0.8189999999999998,0.04945054945054945,231.4,4.34,0.0
1005,0,179,-0.8219999999999998,0.055865921787709494,231.5,4.35,0.0
1006,3,579,2.5779999999999603,0.055267702936096716,231.8,4.34,0.0
1007,0,179,-0.8219999999999998,0.055865921787709494,231.9,4.35,0.0
1008,1,318,0.31699999999998907,0.05660377358490566,232.0,4.35,0.0
1009,1,313,0.3119999999999896,0.054313099041533544,232.2,4.35,0.0
1010,8,1252,8.250999999999959,0.05591054313099041,232.8,4.34,0.0
1011,1,313,0.3119999999999896,0.054313099041533544,233.0,4.34,0.0
1012,2,446,1.444999999999975,0.053811659192825115,233.3,4.34,0.0
1013,3,579,2.5779999999999603,0.055267702936096716,233.6,4.34,0.0
1014,0,199,-0.8019999999999998,0.05025125628140704,233.7,4.34,0.0
1015,2,446,1.444999999999975,0.053811659192825115,233.9,4.34,0.0
1016,1,343,0.3419999999999863,0.052478134110787174,234.1,4.34,0.0
1017,2,446,1.444999999999975,0.05605381165919283,234.3,4.34,0.0
1018,2,446,1.444999999999975,0.05605381165919283,234.6,4.34,0.0
1019,1,331,0.32999999999998764,0.054380664652567974,234.8,4.35,0.0
1020,0,187,-0.8139999999999998,0.058823529411764705,234.8,4.35,0.0
1021,6,979,5.978000000000075,0.05515832482124617,235.4,4.34,0.0
1022,0,191,-0.8099999999999998,0.05759162303664921,235.5,4.34,0.0
1023,7,1113,7.112000000000036,0.055705300988319856,236.1,4.34,0.0
1024,1,340,0.33899999999998665,0.052941176470588235,236.2,4.34,0.0
1025,1,313,0.3119999999999896,0.054313099041533544,236.4,4.34,0.0
1026,1,313,0.3119999999999896,0.054313099041533544,236.6,4.34,0.0
1027,7,1113,7.112000000000036,0.05480682839173405,237.2,4.33,0.0
1028,3,608,2.606999999999957,0.05592105263157895,237.5,4.33,0.0
1029,11,1646,11.64499999999974,0.05589307411907655,238.4,4.32,0.0
1030,3,579,2.5779999999999603,0.055267702936096716,238.7,4.32,0.0
1031,1,313,0.3119999999999896,0.054313099041533544,238.8,4.32,0.0
1032,1,313,0.3119999999999896,0.054313099041533544,239.0,4.32,0.0
1033,3,579,2.5779999999999603,0.055267702936096716,239.3,4.32,0.0
1034,1,313,0.3119999999999896,0.05750798722044728,239.5,4.32,0.0
1035,1,313,0.3119999999999896,0.054313099041533544,239.7,4.32,0.0
1036,3,579,2.5779999999999603,0.055267702936096716,240.0,4.32,0.0
1037,5,846,4.845000000000032,0.05555555555555555,240.4,4.32,0.0
1038,0,193,-0.8079999999999998,0.05699481865284974,240.5,4.32,0.0
1039,1,333,0.3319999999999874,0.057057057057057055,240.7,4.32,0.0
1040,0,179,-0.8219999999999998,0.055865921787709494,240.7,4.32,0.0
1041,0,187,-0.8139999999999998,0.058823529411764705,240.8,4.33,0.0
1042,4,713,3.711999999999988,0.0546984572230014,241.2,4.32,0.0
1043,4,713,3.711999999999988,0.0546984572230014,241.6,4.32,0.0
1044,3,593,2.591999999999959,0.05564924114671164,241.9,4.32,0.0
1045,2,446,1.444999999999975,0.053811659192825115,242.1,4.32,0.0
1046,3,587,2.5859999999999594,0.056218057921635436,242.4,4.32,0.0
1047,1,313,0.3119999999999896,0.054313099041533544,242.6,4.32,0.0
1048,0,179,-0.8219999999999998,0.055865921787709494,242.7,4.32,0.0
1049,2,451,1.4499999999999744,0.05321507760532151,242.9,4.32,0.0
1050,1,317,0.3159999999999892,0.056782334384858045,243.1,4.32,0.0
1051,1,313,0.3119999999999896,0.054313099041533544,243.3,4.32,0.0
1052,0,179,-0.8219999999999998,0.055865921787709494,243.3,4.33,0.0
1053,0,179,-0.8219999999999998,0.055865921787709494,243.4,4.33,0.0
1054,7,1113,7.112000000000036,0.05480682839173405,244.0,4.32,0.0
1055,2,446,1.444999999999975,0.05605381165919283,244.3,4.32,0.0
1056,2,446,1.444999999999975,0.053811659192825115,244.5,4.32,0.0
1057,5,857,4.856000000000035,0.056009334889148193,245.0,4.32,0.0
1058,2,446,1.444999999999975,0.05605381165919283,245.2,4.32,0.0
1059,3,579,2.5779999999999603,0.055267702936096716,245.5,4.32,0.0
1060,2,477,1.4759999999999716,0.05660377358490566,245.8,4.32,0.0
1061,4,713,3.711999999999988,0.0546984572230014,246.1,4.31,0.0
1062,1,313,0.3119999999999896,0.054313099041533544,246.3,4.32,0.0
1063,0,186,-0.8149999999999998,0.05913978494623656,246.4,4.32,0.0
1064,3,579,2.5779999999999603,0.05699481865284974,246.7,4.32,0.0
1065,1,313,0.3119999999999896,0.054313099041533544,246.8,4.32,0.0
1066,2,446,1.444999999999975,0.05605381165919283,247.1,4.32,0.0
1067,2,446,1.444999999999975,0.05605381165919283,247.3,4.32,0.0
1068,3,579,2.5779999999999603,0.055267702936096716,247.6,4.32,0.0
1069,0,205,-0.7959999999999998,0.05853658536585366,247.7,4.32,0.0
1070,0,179,-0.8219999999999998,0.055865921787709494,247.8,4.32,0.0
1071,3,579,2.5779999999999603,0.055267702936096716,248.1,4.32,0.0
1072,4,737,3.735999999999996,0.05563093622795115,248.5,4.32,0.0
1073,0,197,-0.8039999999999998,0.05583756345177665,248.6,4.32,0.0
1074,4,713,3.711999999999988,0.0546984572230014,249.0,4.32,0.0
1075,0,189,-0.8119999999999998,0.0582010582010582,249.1,4.32,0.0
1076,2,446,1.444999999999975,0.05605381165919283,249.4,4.32,0.0
1077,3,579,2.5779999999999603,0.055267702936096716,249.7,4.32,0.0
1078,0,179,-0.8219999999999998,0.055865921787709494,249.8,4.32,0.0
1079,0,179,-0.8219999999999998,0.055865921787709494,249.9,4.32,0.0
1080,1,313,0.3119999999999896,0.05750798722044728,250.0,4.32,0.0
1081,0,186,-0.8149999999999998,0.05913978494623656,250.1,4.33,0.0
1082,0,179,-0.8219999999999998,0.055865921787709494,250.2,4.33,0.0
1083,2,446,1.444999999999975,0.05605381165919283,250.5,4.33,0.0
1084,2,473,1.471999999999972,0.05708245243128964,250.7,4.33,0.0
1085,1,313,0.3119999999999896,0.054313099041533544,250.9,4.33,0.0
1086,0,186,-0.8149999999999998,0.05913978494623656,251.0,4.33,0.0
1087,3,579,2.5779999999999603,0.055267702936096716,251.3,4.33,0.0
1088,1,313,0.3119999999999896,0.054313099041533544,251.4,4.33,0.0
1089,0,183,-0.8179999999999998,0.060109289617486336,251.5,4.33,0.0
1090,0,187,-0.8139999999999998,0.058823529411764705,251.6,4.34,0.0
1091,0,179,-0.8219999999999998,0.055865921787709494,251.7,4.34,0.0
1092,2,446,1.444999999999975,0.05605381165919283,251.9,4.34,0.0
1093,4,713,3.711999999999988,0.056100981767180924,252.3,4.34,0.0
1094,1,313,0.3119999999999896,0.054313099041533544,252.5,4.34,0.0
1095,3,579,2.5779999999999603,0.055267702936096716,252.8,4.34,0.0
1096,3,582,2.58099999999996,0.05670103092783505,253.1,4.33,0.0
1097,2,446,1.444999999999975,0.05605381165919283,253.3,4.33,0.0
1098,6,998,5.997000000000082,0.056112224448897796,253.8,4.33,0.0
1099,5,846,4.845000000000032,0.05555555555555555,254.3,4.33,0.0
1100,1,313,0.3119999999999896,0.054313099041533544,254.4,4.33,0.0
1101,3,589,2.587999999999959,0.05602716468590832,254.8,4.33,0.0
1102,0,188,-0.8129999999999998,0.05851063829787234,254.9,4.33,0.0
1103,1,313,0.3119999999999896,0.054313099041533544,255.0,4.33,0.0
1104,4,713,3.711999999999988,0.0546984572230014,255.4,4.33,0.0
1105,1,316,0.3149999999999893,0.056962025316455694,255.6,4.33,0.0
1106,3,589,2.587999999999959,0.05602716468590832,255.9,4.33,0.0
1107,0,185,-0.8159999999999998,0.05945945945945946,256.0,4.33,0.0
1108,5,862,4.861000000000037,0.05568445475638051,256.4,4.32,0.0
1109,0,186,-0.8149999999999998,0.05913978494623656,256.5,4.33,0.0
1110,3,582,2.58099999999996,0.05670103092783505,256.8,4.33,0.0
1111,1,313,0.3119999999999896,0.054313099041533544,257.0,4.33,0.0
1112,0,183,-0.8179999999999998,0.060109289617486336,257.1,4.33,0.0
1113,3,579,2.5779999999999603,0.055267702936096716,257.4,4.33,0.0
1114,4,620,3.618999999999957,0.056451612903225805,257.7,4.33,0.0
1115,5,846,4.845000000000032,0.05555555555555555,258.2,4.32,0.0
1116,1,349,0.34799999999998565,0.05730659025787966,258.4,4.32,0.0
1117,4,713,3.711999999999988,0.056100981767180924,258.7,4.32,0.0
1118,0,189,-0.8119999999999998,0.0582010582010582,258.8,4.32,0.0
1119,0,179,-0.8219999999999998,0.055865921787709494,258.9,4.33,0.0
1120,6,979,5.978000000000075,0.05515832482124617,259.5,4.32,0.0
1121,3,579,2.5779999999999603,0.055267702936096716,259.8,4.32,0.0
1122,3,579,2.5779999999999603,0.055267702936096716,260.0,4.32,0.0
1123,0,188,-0.8129999999999998,0.05851063829787234,260.1,4.32,0.0
1124,1,318,0.31699999999998907,0.05660377358490566,260.3,4.32,0.0
1125,4,713,3.711999999999988,0.056100981767180924,260.7,4.32,0.0
1126,3,580,2.57899999999996,0.056896551724137934,261.0,4.32,0.0
1127,0,179,-0.8219999999999998,0.055865921787709494,261.1,4.32,0.0
1128,5,846,4.845000000000032,0.05555555555555555,261.6,4.32,0.0
1129,2,448,1.4469999999999748,0.05580357142857143,261.8,4.32,0.0
1130,2,446,1.444999999999975,0.05605381165919283,262.0,4.32,0.0
1131,1,339,0.33799999999998676,0.05604719764011799,262.2,4.32,0.0
1132,1,315,0.3139999999999894,0.05714285714285714,262.4,4.32,0.0
1133,2,446,1.444999999999975,0.05605381165919283,262.6,4.32,0.0
1134,5,846,4.845000000000032,0.05555555555555555,263.1,4.31,0.0
1135,5,851,4.850000000000033,0.0564042303172738,263.5,4.31,0.0
1136,1,313,0.3119999999999896,0.054313099041533544,263.7,4.31,0.0
1137,0,186,-0.8149999999999998,0.05913978494623656,263.8,4.31,0.0
1138,2,446,1.444999999999975,0.05605381165919283,264.0,4.31,0.0
1139,3,579,2.5779999999999603,0.055267702936096716,264.3,4.31,0.0
1140,0,206,-0.7949999999999998,0.05825242718446602,264.4,4.32,0.0
1141,3,579,2.5779999999999603,0.055267702936096716,264.8,4.31,0.0
1142,3,579,2.5779999999999603,0.055267702936096716,265.1,4.31,0.0
1143,3,579,2.5779999999999603,0.055267702936096716,265.4,4.31,0.0
1144,4,729,3.7279999999999935,0.056241426611796985,265.8,4.31,0.0
1145,0,189,-0.8119999999999998,0.0582010582010582,265.8,4.31,0.0
1146,1,339,0.33799999999998676,0.05604719764011799,266.0,4.31,0.0
1147,2,446,1.444999999999975,0.05605381165919283,266.2,4.31,0.0
1148,1,313,0.3119999999999896,0.05750798722044728,266.4,4.31,0.0
1149,1,316,0.3149999999999893,0.056962025316455694,266.6,4.31,0.0
1150,1,313,0.3119999999999896,0.05750798722044728,266.8,4.31,0.0
1151,0,189,-0.8119999999999998,0.0582010582010582,266.9,4.32,0.0
1152,0,179,-0.8219999999999998,0.055865921787709494,267.0,4.32,0.0
1153,1,341,0.33999999999998654,0.05571847507331378,267.1,4.32,0.0
1154,1,313,0.3119999999999896,0.054313099041533544,267.3,4.32,0.0
1155,0,179,-0.8219999999999998,0.055865921787709494,267.4,4.32,0.0
1156,4,732,3.7309999999999945,0.056010928961748634,267.7,4.32,0.0
1157,0,179,-0.8219999999999998,0.055865921787709494,267.8,4.32,0.0
1158,0,179,-0.8219999999999998,0.055865921787709494,267.9,4.33,0.0
1159,0,183,-0.8179999999999998,0.060109289617486336,268.0,4.33,0.0
1160,3,579,2.5779999999999603,0.05699481865284974,268.3,4.33,0.0
1161,0,191,-0.8099999999999998,0.05759162303664921,268.4,4.33,0.0
1162,1,313,0.3119999999999896,0.054313099041533544,268.6,4.33,0.0
1163,3,598,2.5969999999999582,0.056856187290969896,268.9,4.33,0.0
1164,0,191,-0.8099999999999998,0.05759162303664921,269.0,4.33,0.0
1165,0,179,-0.8219999999999998,0.055865921787709494,269.1,4.33,0.0
1166,2,446,1.444999999999975,0.05605381165919283,269.3,4.33,0.0
1167,1,313,0.3119999999999896,0.054313099041533544,269.5,4.33,0.0
1168,5,860,4.859000000000036,0.05581395348837209,269.9,4.33,0.0
1169,2,480,1.4789999999999712,0.05625,270.2,4.33,0.0
1170,2,446,1.444999999999975,0.05605381165919283,270.4,4.33,0.0
1171,0,189,-0.8119999999999998,0.0582010582010582,270.5,4.33,0.0
1172,0,179,-0.8219999999999998,0.055865921787709494,270.6,4.33,0.0
1173,4,713,3.711999999999988,0.0546984572230014,271.0,4.33,0.0
1174,2,446,1.444999999999975,0.05605381165919283,271.2,4.33,0.0
1175,3,588,2.5869999999999593,0.05612244897959184,271.6,4.33,0.0
1176,4,735,3.7339999999999955,0.055782312925170066,271.9,4.33,0.0
1177,1,319,0.31799999999998896,0.05642633228840126,272.1,4.33,0.0
1178,0,192,-0.8089999999999998,0.057291666666666664,272.2,4.33,0.0
1179,0,179,-0.8219999999999998,0.055865921787709494,272.3,4.33,0.0
1180,4,713,3.711999999999988,0.0546984572230014,272.7,4.33,0.0
1181,1,313,0.3119999999999896,0.054313099041533544,272.9,4.33,0.0
1182,2,447,1.4459999999999749,0.05592841163310962,273.1,4.33,0.0
1183,1,336,0.3349999999999871,0.05654761904761905,273.3,4.33,0.0
1184,0,179,-0.8219999999999998,0.055865921787709494,273.4,4.33,0.0
1185,3,579,2.5779999999999603,0.055267702936096716,273.7,4.33,0.0
1186,3,579,2.5779999999999603,0.055267702936096716,274.0,4.33,0.0
1187,1,319,0.31799999999998896,0.05642633228840126,274.1,4.33,0.0
1188,3,590,2.588999999999959,0.05593220338983051,274.5,4.33,0.0
1189,3,579,2.5779999999999603,0.055267702936096716,274.8,4.33,0.0
1190,2,454,1.452999999999974,0.05726872246696035,275.0,4.33,0.0
1191,1,313,0.3119999999999896,0.054313099041533544,275.2,4.33,0.0
1192,0,183,-0.8179999999999998,0.060109289617486336,275.3,4.33,0.0
1193,3,579,2.5779999999999603,0.055267702936096716,275.6,4.33,0.0
1194,8,1246,8.244999999999962,0.05537720706260032,276.2,4.33,0.0
1195,3,579,2.5779999999999603,0.055267702936096716,276.5,4.33,0.0
1196,0,179,-0.8219999999999998,0.055865921787709494,276.6,4.33,0.0
1197,0,179,-0.8219999999999998,0.05027932960893855,276.7,4.33,0.0
1198,0,197,-0.8039999999999998,0.05583756345177665,276.8,4.33,0.0
1199,2,446,1.444999999999975,0.053811659192825115,277.0,4.33,0.0
1200,0,179,-0.8219999999999998,0.055865921787709494,277.1,4.33,0.0
1201,0,194,-0.8069999999999998,0.05670103092783505,277.2,4.34,0.0
1202,9,1396,9.394999999999879,0.055873925501432664,278.0,4.33,0.0
1203,0,179,-0.8219999999999998,0.055865921787709494,278.1,4.33,0.0
1204,0,208,-0.7929999999999998,0.057692307692307696,278.2,4.33,0.0
1205,1,313,0.3119999999999896,0.054313099041533544,278.3,4.33,0.0
1206,0,179,-0.8219999999999998,0.055865921787709494,278.4,4.34,0.0
1207,1,313,0.3119999999999896,0.05750798722044728,278.6,4.34,0.0
1208,4,742,3.740999999999998,0.05660377358490566,279.0,4.33,0.0
1209,0,179,-0.8219999999999998,0.055865921787709494,279.1,4.34,0.0
1210,0,191,-0.8099999999999998,0.05759162303664921,279.2,4.34,0.0
1211,1,313,0.3119999999999896,0.054313099041533544,279.3,4.34,0.0
1212,0,189,-0.8119999999999998,0.0582010582010582,279.4,4.34,0.0
1213,1,313,0.3119999999999896,0.054313099041533544,279.6,4.34,0.0
1214,0,179,-0.8219999999999998,0.055865921787709494,279.7,4.34,0.0
1215,1,332,0.3309999999999875,0.0572289156626506,279.9,4.34,0.0
1216,0,185,-0.8159999999999998,0.05945945945945946,280.0,4.35,0.0
1217,5,854,4.853000000000034,0.05620608899297424,280.4,4.34,0.0
1218,2,446,1.444999999999975,0.05605381165919283,280.6,4.34,0.0
1219,9,1379,9.377999999999888,0.05583756345177665,281.4,4.34,0.0
1220,3,579,2.5779999999999603,0.055267702936096716,281.7,4.33,0.0
1221,4,735,3.7339999999999955,0.055782312925170066,282.1,4.33,0.0
1222,3,585,2.5839999999999597,0.05641025641025641,282.4,4.33,0.0
1223,3,579,2.5779999999999603,0.055267702936096716,282.7,4.33,0.0
1224,0,194,-0.8069999999999998,0.05670103092783505,282.8,4.33,0.0
1225,1,344,0.3429999999999862,0.05813953488372093,282.9,4.33,0.0
1226,0,179,-0.8219999999999998,0.055865921787709494,283.0,4.34,0.0
1227,1,313,0.3119999999999896,0.054313099041533544,283.2,4.34,0.0
1228,6,981,5.980000000000076,0.05606523955147808,283.7,4.33,0.0
1229,4,713,3.711999999999988,0.056100981767180924,284.1,4.33,0.0
1230,3,579,2.5779999999999603,0.055267702936096716,284.4,4.33,0.0
1231,0,204,-0.7969999999999998,0.058823529411764705,284.5,4.33,0.0
1232,2,456,1.4549999999999739,0.05701754385964912,284.8,4.33,0.0
1233,3,590,2.588999999999959,0.05593220338983051,285.1,4.33,0.0
1234,3,579,2.5779999999999603,0.055267702936096716,285.4,4.33,0.0
1235,1,313,0.3119999999999896,0.054313099041533544,285.6,4.33,0.0
1236,3,579,2.5779999999999603,0.055267702936096716,285.9,4.33,0.0
1237,1,348,0.34699999999998576,0.05747126436781609,286.0,4.33,0.0
1238,2,462,1.4609999999999732,0.05627705627705628,286.3,4.33,0.0
1239,1,313,0.3119999999999896,0.054313099041533544,286.5,4.33,0.0
1240,0,184,-0.8169999999999998,0.059782608695652176,286.6,4.33,0.0
1241,4,713,3.711999999999988,0.0546984572230014,286.9,4.33,0.0
1242,4,713,3.711999999999988,0.056100981767180924,287.3,4.33,0.0
1243,0,179,-0.8219999999999998,0.055865921787709494,287.4,4.33,0.0
1244,0,187,-0.8139999999999998,0.058823529411764705,287.5,4.33,0.0
1245,0,179,-0.8219999999999998,0.055865921787709494,287.6,4.33,0.0
1246,2,474,1.4729999999999719,0.056962025316455694,287.9,4.33,0.0
1247,1,313,0.3119999999999896,0.054313099041533544,288.0,4.33,0.0
1248,0,179,-0.8219999999999998,0.055865921787709494,288.1,4.34,0.0
1249,3,579,2.5779999999999603,0.055267702936096716,288.4,4.33,0.0
1250,0,193,-0.8079999999999998,0.05699481865284974,288.5,4.34,0.0
1251,8,1254,8.252999999999957,0.05582137161084529,289.2,4.33,0.0
1252,1,317,0.3159999999999892,0.056782334384858045,289.3,4.33,0.0
1253,3,579,2.5779999999999603,0.05699481865284974,289.7,4.33,0.0
1254,6,982,5.981000000000076,0.0560081466395112,290.2,4.33,0.0
1255,0,183,-0.8179999999999998,0.060109289617486336,290.3,4.33,0.0
1256,2,482,1.480999999999971,0.056016597510373446,290.5,4.33,0.0
1257,1,313,0.3119999999999896,0.05750798722044728,290.7,4.33,0.0
1258,0,190,-0.8109999999999998,0.05789473684210526,290.8,4.33,0.0
1259,0,189,-0.8119999999999998,0.0582010582010582,290.9,4.33,0.0
1260,4,713,3.711999999999988,0.0546984572230014,291.2,4.33,0.0
1261,1,313,0.3119999999999896,0.054313099041533544,291.4,4.33,0.0
1262,1,313,0.3119999999999896,0.05750798722044728,291.6,4.33,0.0
1263,0,185,-0.8159999999999998,0.05945945945945946,291.7,4.33,0.0
1264,5,846,4.845000000000032,0.05555555555555555,292.1,4.33,0.0
1265,2,457,1.4559999999999738,0.05689277899343545,292.4,4.33,0.0
1266,1,317,0.3159999999999892,0.056782334384858045,292.5,4.33,0.0
1267,4,713,3.711999999999988,0.0546984572230014,292.9,4.33,0.0
1268,0,179,-0.8219999999999998,0.055865921787709494,293.0,4.33,0.0
1269,0,185,-0.8159999999999998,0.05945945945945946,293.1,4.33,0.0
1270,3,581,2.57999999999996,0.05679862306368331,293.4,4.33,0.0
1271,3,579,2.5779999999999603,0.055267702936096716,293.7,4.33,0.0
1272,8,1246,8.244999999999962,0.05537720706260032,294.3,4.32,0.0
1273,1,315,0.3139999999999894,0.05714285714285714,294.5,4.33,0.0
1274,5,855,4.854000000000035,0.056140350877192984,295.0,4.32,0.0
1275,0,204,-0.7969999999999998,0.058823529411764705,295.1,4.32,0.0
1276,0,179,-0.8219999999999998,0.055865921787709494,295.2,4.33,0.0
1277,2,457,1.4559999999999738,0.05689277899343545,295.4,4.33,0.0
1278,0,179,-0.8219999999999998,0.055865921787709494,295.5,4.33,0.0
1279,2,458,1.4569999999999736,0.056768558951965066,295.7,4.33,0.0
1280,1,313,0.3119999999999896,0.054313099041533544,295.9,4.33,0.0
1281,4,731,3.729999999999994,0.0560875512995896,296.3,4.33,0.0
1282,2,446,1.444999999999975,0.053811659192825115,296.5,4.33,0.0
1283,1,313,0.3119999999999896,0.054313099041533544,296.7,4.33,0.0
1284,1,313,0.3119999999999896,0.054313099041533544,296.8,4.33,0.0
1285,0,192,-0.8089999999999998,0.057291666666666664,296.9,4.33,0.0
1286,1,313,0.3119999999999896,0.05750798722044728,297.1,4.33,0.0
1287,2,458,1.4569999999999736,0.056768558951965066,297.3,4.33,0.0
1288,3,579,2.5779999999999603,0.055267702936096716,297.6,4.33,0.0
1289,3,579,2.5779999999999603,0.055267702936096716,297.9,4.33,0.0
1290,0,179,-0.8219999999999998,0.055865921787709494,298.0,4.33,0.0
1291,2,446,1.444999999999975,0.05605381165919283,298.3,4.33,0.0
1292,0,179,-0.8219999999999998,0.05027932960893855,298.4,4.33,0.0
1293,1,313,0.3119999999999896,0.054313099041533544,298.5,4.33,0.0
1294,2,460,1.4589999999999734,0.05652173913043478,298.8,4.33,0.0
1295,3,579,2.5779999999999603,0.055267702936096716,299.1,4.33,0.0
1296,0,179,-0.8219999999999998,0.055865921787709494,299.2,4.34,0.0
1297,9,1379,9.377999999999888,0.05583756345177665,299.9,4.33,0.0
1298,0,179,-0.8219999999999998,0.055865921787709494,300.0,4.33,0.0
1299,2,446,1.444999999999975,0.05605381165919283,300.3,4.33,0.0
1300,0,179,-0.8219999999999998,0.055865921787709494,300.4,4.33,0.0
1301,9,1398,9.396999999999878,0.055793991416309016,301.1,4.32,0.0
1302,2,458,1.4569999999999736,0.056768558951965066,301.4,4.32,0.0
1303,2,477,1.4759999999999716,0.05660377358490566,301.6,4.32,0.0
1304,1,332,0.3309999999999875,0.0572289156626506,301.8,4.32,0.0
1305,0,179,-0.8219999999999998,0.055865921787709494,301.9,4.33,0.0
1306,1,314,0.3129999999999895,0.05732484076433121,302.1,4.33,0.0
1307,4,714,3.7129999999999885,0.056022408963585436,302.4,4.33,0.0
1308,0,186,-0.8149999999999998,0.05913978494623656,302.5,4.33,0.0
1309,0,194,-0.8069999999999998,0.05670103092783505,302.6,4.33,0.0
1310,3,590,2.588999999999959,0.05593220338983051,302.9,4.33,0.0
1311,4,713,3.711999999999988,0.056100981767180924,303.3,4.33,0.0
1312,1,337,0.335999999999987,0.05637982195845697,303.5,4.33,0.0
1313,2,446,1.444999999999975,0.05605381165919283,303.7,4.33,0.0
1314,0,206,-0.7949999999999998,0.05825242718446602,303.9,4.33,0.0
1315,2,465,1.4639999999999729,0.05591397849462366,304.1,4.33,0.0
1316,0,179,-0.8219999999999998,0.055865921787709494,304.2,4.33,0.0
1317,1,313,0.3119999999999896,0.05750798722044728,304.3,4.33,0.0
1318,0,179,-0.8219999999999998,0.055865921787709494,304.4,4.33,0.0
1319,0,191,-0.8099999999999998,0.05759162303664921,304.5,4.33,0.0
1320,2,446,1.444999999999975,0.05605381165919283,304.8,4.33,0.0
1321,0,187,-0.8139999999999998,0.058823529411764705,304.9,4.34,0.0
1322,0,179,-0.8219999999999998,0.055865921787709494,305.0,4.34,0.0
1323,2,446,1.444999999999975,0.05605381165919283,305.2,4.34,0.0
1324,3,579,2.5779999999999603,0.055267702936096716,305.5,4.34,0.0
1325,0,192,-0.8089999999999998,0.057291666666666664,305.6,4.34,0.0
1326,2,446,1.444999999999975,0.05605381165919283,305.8,4.34,0.0
1327,2,446,1.444999999999975,0.05605381165919283,306.1,4.34,0.0
1328,3,586,2.5849999999999596,0.05631399317406143,306.4,4.34,0.0
1329,1,313,0.3119999999999896,0.054313099041533544,306.6,4.34,0.0
1330,3,605,2.6039999999999575,0.05619834710743802,306.9,4.34,0.0
1331,3,609,2.607999999999957,0.05582922824302135,307.2,4.34,0.0
1332,1,334,0.3329999999999873,0.05688622754491018,307.4,4.34,0.0
1333,2,446,1.444999999999975,0.05605381165919283,307.6,4.34,0.0
1334,1,313,0.3119999999999896,0.054313099041533544,307.8,4.34,0.0
1335,4,727,3.725999999999993,0.05639614855570839,308.2,4.34,0.0
1336,0,179,-0.8219999999999998,0.055865921787709494,308.3,4.34,0.0
1337,3,603,2.6019999999999577,0.05638474295190713,308.6,4.34,0.0
1338,5,850,4.849000000000033,0.05647058823529412,309.0,4.33,0.0
1339,3,592,2.590999999999959,0.05574324324324324,309.4,4.33,0.0
1340,1,313,0.3119999999999896,0.054313099041533544,309.5,4.33,0.0
1341,1,334,0.3329999999999873,0.05688622754491018,309.7,4.33,0.0
1342,2,446,1.444999999999975,0.05605381165919283,309.9,4.33,0.0
1343,3,579,2.5779999999999603,0.055267702936096716,310.2,4.33,0.0
1344,0,179,-0.8219999999999998,0.055865921787709494,310.3,4.33,0.0
1345,3,603,2.6019999999999577,0.05638474295190713,310.7,4.33,0.0
1346,0,191,-0.8099999999999998,0.05759162303664921,310.7,4.33,0.0
1347,0,179,-0.8219999999999998,0.055865921787709494,310.8,4.34,0.0
1348,1,313,0.3119999999999896,0.054313099041533544,311.0,4.34,0.0
1349,2,446,1.444999999999975,0.053811659192825115,311.2,4.34,0.0
1350,1,313,0.3119999999999896,0.054313099041533544,311.4,4.34,0.0
1351,4,713,3.711999999999988,0.056100981767180924,311.8,4.34,0.0
1352,1,315,0.3139999999999894,0.05714285714285714,311.9,4.34,0.0
1353,0,179,-0.8219999999999998,0.055865921787709494,312.0,4.34,0.0
1354,6,984,5.983000000000077,0.05589430894308943,312.5,4.34,0.0
1355,0,179,-0.8219999999999998,0.055865921787709494,312.6,4.34,0.0
1356,5,846,4.845000000000032,0.05555555555555555,313.1,4.33,0.0
1357,3,579,2.5779999999999603,0.055267702936096716,313.4,4.33,0.0
1358,2,456,1.4549999999999739,0.05701754385964912,313.6,4.33,0.0
1359,0,192,-0.8089999999999998,0.057291666666666664,313.7,4.33,0.0
1360,1,328,0.32699999999998797,0.057926829268292686,313.9,4.34,0.0
1361,2,446,1.444999999999975,0.05605381165919283,314.1,4.34,0.0
1362,5,846,4.845000000000032,0.05555555555555555,314.6,4.33,0.0
1363,1,313,0.3119999999999896,0.054313099041533544,314.8,4.33,0.0
1364,1,340,0.33899999999998665,0.05588235294117647,314.9,4.33,0.0
1365,3,579,2.5779999999999603,0.055267702936096716,315.2,4.33,0.0
1366,0,204,-0.7969999999999998,0.058823529411764705,315.3,4.33,0.0
1367,2,446,1.444999999999975,0.05605381165919283,315.6,4.33,0.0
1368,1,348,0.34699999999998576,0.05747126436781609,315.8,4.34,0.0
1369,8,1246,8.244999999999962,0.05537720706260032,316.4,4.33,0.0
1370,2,446,1.444999999999975,0.05605381165919283,316.7,4.33,0.0
1371,5,846,4.845000000000032,0.05555555555555555,317.1,4.33,0.0
1372,0,179,-0.8219999999999998,0.055865921787709494,317.2,4.33,0.0
1373,3,586,2.5849999999999596,0.05631399317406143,317.5,4.33,0.0
1374,0,206,-0.7949999999999998,0.05825242718446602,317.6,4.33,0.0
1375,2,446,1.444999999999975,0.053811659192825115,317.9,4.33,0.0
1376,0,184,-0.8169999999999998,0.059782608695652176,318.0,4.33,0.0
1377,2,446,1.444999999999975,0.05605381165919283,318.2,4.33,0.0
1378,2,446,1.444999999999975,0.05605381165919283,318.4,4.33,0.0
1379,0,179,-0.8219999999999998,0.055865921787709494,318.5,4.33,0.0
1380,3,610,2.608999999999957,0.05573770491803279,318.8,4.33,0.0
1381,7,1130,7.129000000000026,0.05575221238938053,319.5,4.33,0.0
1382,0,179,-0.8219999999999998,0.055865921787709494,319.6,4.33,0.0
1383,0,186,-0.8149999999999998,0.05913978494623656,319.6,4.33,0.0
1384,3,579,2.5779999999999603,0.05699481865284974,319.9,4.33,0.0
1385,0,179,-0.8219999999999998,0.055865921787709494,320.1,4.33,0.0
1386,0,188,-0.8129999999999998,0.05851063829787234,320.2,4.33,0.0
1387,2,446,1.444999999999975,0.05605381165919283,320.4,4.33,0.0
1388,3,579,2.5779999999999603,0.055267702936096716,320.7,4.33,0.0
1389,2,465,1.4639999999999729,0.05591397849462366,321.0,4.33,0.0
1390,5,846,4.845000000000032,0.05555555555555555,321.4,4.33,0.0
1391,2,459,1.4579999999999735,0.05664488017429194,321.7,4.33,0.0
1392,1,313,0.3119999999999896,0.05750798722044728,321.8,4.33,0.0
1393,0,179,-0.8219999999999998,0.055865921787709494,321.9,4.33,0.0
1394,3,579,2.5779999999999603,0.055267702936096716,322.2,4.33,0.0
1395,2,446,1.444999999999975,0.053811659192825115,322.5,4.33,0.0
1396,0,179,-0.8219999999999998,0.055865921787709494,322.6,4.33,0.0
1397,0,207,-0.7939999999999998,0.057971014492753624,322.7,4.33,0.0
1398,0,192,-0.8089999999999998,0.057291666666666664,322.8,4.33,0.0
1399,2,446,1.444999999999975,0.05605381165919283,323.0,4.33,0.0
1400,5,846,4.845000000000032,0.05555555555555555,323.5,4.33,0.0
1401,0,187,-0.8139999999999998,0.058823529411764705,323.6,4.33,0.0
1402,1,313,0.3119999999999896,0.054313099041533544,323.7,4.33,0.0
1403,0,179,-0.8219999999999998,0.055865921787709494,323.8,4.34,0.0
1404,0,179,-0.8219999999999998,0.055865921787709494,323.9,4.34,0.0
1405,0,179,-0.8219999999999998,0.055865921787709494,324.0,4.34,0.0
1406,2,446,1.444999999999975,0.05605381165919283,324.2,4.34,0.0
1407,0,179,-0.8219999999999998,0.055865921787709494,324.3,4.34,0.0
1408,1,313,0.3119999999999896,0.054313099041533544,324.5,4.34,0.0
1409,3,583,2.58199999999996,0.05660377358490566,324.8,4.34,0.0
1410,0,200,-0.8009999999999998,0.06,324.9,4.34,0.0
1411,2,446,1.444999999999975,0.05605381165919283,325.1,4.34,0.0
1412,9,1379,9.377999999999888,0.05583756345177665,325.9,4.34,0.0
1413,3,579,2.5779999999999603,0.055267702936096716,326.3,4.33,0.0
1414,0,206,-0.7949999999999998,0.05825242718446602,326.4,4.34,0.0
1415,0,183,-0.8179999999999998,0.060109289617486336,326.5,4.34,0.0
1416,2,459,1.4579999999999735,0.05664488017429194,326.8,4.34,0.0
1417,5,846,4.845000000000032,0.05555555555555555,327.2,4.33,0.0
1418,2,460,1.4589999999999734,0.05652173913043478,327.4,4.33,0.0
1419,3,579,2.5779999999999603,0.055267702936096716,327.8,4.33,0.0
1420,1,338,0.33699999999998687,0.05621301775147929,327.9,4.33,0.0
1421,6,979,5.978000000000075,0.05515832482124617,328.4,4.33,0.0
1422,1,339,0.33799999999998676,0.05604719764011799,328.6,4.33,0.0
1423,0,192,-0.8089999999999998,0.057291666666666664,328.7,4.33,0.0
1424,0,184,-0.8169999999999998,0.059782608695652176,328.8,4.33,0.0
1425,2,457,1.4559999999999738,0.05689277899343545,329.1,4.33,0.0
1426,3,579,2.5779999999999603,0.055267702936096716,329.4,4.33,0.0
1427,4,713,3.711999999999988,0.056100981767180924,329.7,4.33,0.0
1428,6,1006,6.005000000000084,0.055666003976143144,330.3,4.33,0.0
1429,1,313,0.3119999999999896,0.05750798722044728,330.4,4.33,0.0
1430,3,607,2.6059999999999572,0.05601317957166392,330.8,4.33,0.0
1431,2,461,1.4599999999999733,0.05639913232104121,331.0,4.33,0.0
1432,1,316,0.3149999999999893,0.056962025316455694,331.2,4.33,0.0
1433,1,313,0.3119999999999896,0.054313099041533544,331.3,4.33,0.0
1434,0,179,-0.8219999999999998,0.055865921787709494,331.4,4.33,0.0
1435,1,313,0.3119999999999896,0.05750798722044728,331.6,4.33,0.0
1436,2,446,1.444999999999975,0.05605381165919283,331.8,4.33,0.0
1437,0,190,-0.8109999999999998,0.05789473684210526,331.9,4.33,0.0
1438,0,187,-0.8139999999999998,0.058823529411764705,332.0,4.33,0.0
1439,0,184,-0.8169999999999998,0.059782608695652176,332.1,4.34,0.0
1440,2,449,1.4479999999999746,0.0556792873051225,332.4,4.34,0.0
1441,3,579,2.5779999999999603,0.055267702936096716,332.7,4.33,0.0
1442,2,446,1.444999999999975,0.053811659192825115,332.9,4.33,0.0
1443,1,315,0.3139999999999894,0.05714285714285714,333.1,4.34,0.0
1444,3,579,2.5779999999999603,0.055267702936096716,333.4,4.33,0.0
1445,5,846,4.845000000000032,0.05555555555555555,333.8,4.33,0.0
1446,2,459,1.4579999999999735,0.05664488017429194,334.1,4.33,0.0
1447,0,185,-0.8159999999999998,0.05945945945945946,334.2,4.33,0.0
1448,4,713,3.711999999999988,0.0546984572230014,334.5,4.33,0.0
1449,0,179,-0.8219999999999998,0.055865921787709494,334.6,4.33,0.0
1450,0,192,-0.8089999999999998,0.057291666666666664,334.7,4.33,0.0
1451,3,587,2.5859999999999594,0.056218057921635436,335.0,4.33,0.0
1452,2,446,1.444999999999975,0.05605381165919283,335.3,4.33,0.0
1453,0,179,-0.8219999999999998,0.055865921787709494,335.4,4.34,0.0
1454,1,313,0.3119999999999896,0.05750798722044728,335.6,4.34,0.0
1455,0,179,-0.8219999999999998,0.055865921787709494,335.6,4.34,0.0
1456,1,313,0.3119999999999896,0.054313099041533544,335.8,4.34,0.0
1457,2,446,1.444999999999975,0.05605381165919283,336.0,4.34,0.0
1458,0,204,-0.7969999999999998,0.058823529411764705,336.1,4.34,0.0
1459,0,202,-0.7989999999999998,0.0594059405940594,336.2,4.34,0.0
1460,0,179,-0.8219999999999998,0.055865921787709494,336.3,4.34,0.0
1461,6,979,5.978000000000075,0.05515832482124617,336.9,4.34,0.0
1462,1,320,0.31899999999998885,0.05625,337.0,4.34,0.0
1463,0,191,-0.8099999999999998,0.05759162303664921,337.1,4.34,0.0
1464,2,446,1.444999999999975,0.05605381165919283,337.4,4.34,0.0
1465,0,192,-0.8089999999999998,0.057291666666666664,337.5,4.34,0.0
1466,2,465,1.4639999999999729,0.05591397849462366,337.7,4.34,0.0
1467,11,1659,11.657999999999733,0.05605786618444846,338.6,4.34,0.0
1468,0,179,-0.8219999999999998,0.055865921787709494,338.7,4.34,0.0
1469,1,313,0.3119999999999896,0.054313099041533544,338.9,4.34,0.0
1470,1,337,0.335999999999987,0.05637982195845697,339.0,4.34,0.0
1471,3,589,2.587999999999959,0.05602716468590832,339.3,4.34,0.0
1472,2,455,1.453999999999974,0.05714285714285714,339.5,4.34,0.0
1473,0,205,-0.7959999999999998,0.05853658536585366,339.7,4.34,0.0
1474,3,581,2.57999999999996,0.05679862306368331,340.0,4.34,0.0
1475,0,189,-0.8119999999999998,0.0582010582010582,340.1,4.34,0.0
1476,0,179,-0.8219999999999998,0.055865921787709494,340.2,4.34,0.0
1477,0,179,-0.8219999999999998,0.055865921787709494,340.3,4.34,0.0
1478,1,317,0.3159999999999892,0.056782334384858045,340.4,4.34,0.0
1479,7,1122,7.121000000000031,0.05614973262032086,341.0,4.34,0.0
1480,1,336,0.3349999999999871,0.05654761904761905,341.2,4.34,0.0
1481,3,579,2.5779999999999603,0.055267702936096716,341.5,4.34,0.0
1482,0,186,-0.8149999999999998,0.05913978494623656,341.6,4.34,0.0
1483,2,454,1.452999999999974,0.05726872246696035,341.8,4.34,0.0
1484,3,579,2.5779999999999603,0.055267702936096716,342.1,4.34,0.0
1485,2,446,1.444999999999975,0.05605381165919283,342.4,4.34,0.0
1486,0,179,-0.8219999999999998,0.055865921787709494,342.5,4.34,0.0
1487,0,179,-0.8219999999999998,0.055865921787709494,342.5,4.34,0.0
1488,7,1113,7.112000000000036,0.055705300988319856,343.1,4.34,0.0
1489,2,474,1.4729999999999719,0.056962025316455694,343.4,4.34,0.0
1490,2,353,1.3519999999999852,0.056657223796033995,343.6,4.34,0.0
1491,2,446,1.444999999999975,0.05605381165919283,343.8,4.34,0.0
1492,1,313,0.3119999999999896,0.054313099041533544,344.0,4.34,0.0
1493,5,846,4.845000000000032,0.05555555555555555,344.4,4.34,0.0
1494,1,313,0.3119999999999896,0.05750798722044728,344.6,4.34,0.0
1495,0,188,-0.8129999999999998,0.05851063829787234,344.7,4.34,0.0
1496,0,179,-0.8219999999999998,0.055865921787709494,344.8,4.34,0.0
1497,3,579,2.5779999999999603,0.055267702936096716,345.1,4.34,0.0
1498,6,979,5.978000000000075,0.05515832482124617,345.6,4.34,0.0
1499,1,317,0.3159999999999892,0.056782334384858045,345.8,4.34,0.0
1500,2,481,1.4799999999999711,0.056133056133056136,346.0,4.34,0.0
1501,5,855,4.854000000000035,0.056140350877192984,349.2,4.30,0.0
1502,3,584,2.5829999999999598,0.05650684931506849,349.5,4.30,0.0
1503,5,846,4.845000000000032,0.05555555555555555,350.0,4.30,0.0
1504,2,459,1.4579999999999735,0.05664488017429194,350.2,4.30,0.0
1505,0,192,-0.8089999999999998,0.057291666666666664,350.3,4.30,0.0
1506,4,730,3.728999999999994,0.056164383561643834,350.7,4.30,0.0
1507,6,1001,6.000000000000083,0.055944055944055944,351.2,4.29,0.0
1508,2,446,1.444999999999975,0.05605381165919283,351.5,4.29,0.0
1509,3,579,2.5779999999999603,0.055267702936096716,351.8,4.29,0.0
1510,4,713,3.711999999999988,0.056100981767180924,352.1,4.29,0.0
1511,0,179,-0.8219999999999998,0.055865921787709494,352.2,4.29,0.0
1512,0,179,-0.8219999999999998,0.055865921787709494,352.3,4.29,0.0
1513,1,338,0.33699999999998687,0.05621301775147929,352.5,4.30,0.0
1514,0,179,-0.8219999999999998,0.055865921787709494,352.6,4.30,0.0
1515,2,446,1.444999999999975,0.05605381165919283,352.8,4.30,0.0
1516,7,1122,7.121000000000031,0.05614973262032086,353.4,4.29,0.0
1517,0,209,-0.7919999999999998,0.05741626794258373,353.5,4.29,0.0
1518,1,313,0.3119999999999896,0.054313099041533544,353.7,4.29,0.0
1519,1,319,0.31799999999998896,0.05642633228840126,353.9,4.30,0.0
1520,1,336,0.3349999999999871,0.05654761904761905,354.0,4.30,0.0
1521,0,182,-0.8189999999999998,0.06043956043956044,354.1,4.30,0.0
1522,4,717,3.7159999999999895,0.05578800557880056,354.5,4.30,0.0
1523,1,313,0.3119999999999896,0.054313099041533544,354.6,4.30,0.0
1524,0,179,-0.8219999999999998,0.055865921787709494,354.7,4.30,0.0
1525,2,446,1.444999999999975,0.05605381165919283,355.0,4.30,0.0
1526,0,179,-0.8219999999999998,0.055865921787709494,355.1,4.30,0.0
1527,0,187,-0.8139999999999998,0.058823529411764705,355.2,4.30,0.0
1528,0,179,-0.8219999999999998,0.055865921787709494,355.3,4.30,0.0
1529,2,446,1.444999999999975,0.053811659192825115,355.5,4.30,0.0
1530,1,316,0.3149999999999893,0.056962025316455694,355.7,4.30,0.0
1531,0,185,-0.8159999999999998,0.05945945945945946,355.8,4.31,0.0
1532,0,179,-0.8219999999999998,0.055865921787709494,355.9,4.31,0.0
1533,1,313,0.3119999999999896,0.054313099041533544,356.0,4.31,0.0
1534,1,313,0.3119999999999896,0.054313099041533544,356.2,4.31,0.0
1535,1,313,0.3119999999999896,0.05750798722044728,356.4,4.31,0.0
1536,1,333,0.3319999999999874,0.057057057057057055,356.5,4.31,0.0
1537,2,446,1.444999999999975,0.05605381165919283,356.8,4.31,0.0
1538,1,313,0.3119999999999896,0.054313099041533544,356.9,4.31,0.0
1539,5,846,4.845000000000032,0.05555555555555555,357.4,4.31,0.0
1540,0,187,-0.8139999999999998,0.058823529411764705,357.5,4.31,0.0
1541,4,724,3.722999999999992,0.05662983425414365,357.9,4.31,0.0
1542,0,179,-0.8219999999999998,0.055865921787709494,357.9,4.31,0.0
1543,3,579,2.5779999999999603,0.055267702936096716,358.3,4.31,0.0
1544,8,1246,8.244999999999962,0.05537720706260032,358.9,4.30,0.0
1545,8,1269,8.26799999999995,0.05594956658786446,359.6,4.30,0.0
1546,1,313,0.3119999999999896,0.054313099041533544,359.7,4.30,0.0
1547,1,313,0.3119999999999896,0.054313099041533544,359.9,4.30,0.0
1548,1,313,0.3119999999999896,0.054313099041533544,360.1,4.30,0.0
1549,2,456,1.4549999999999739,0.05701754385964912,360.3,4.30,0.0
1550,0,192,-0.8089999999999998,0.057291666666666664,360.4,4.30,0.0
1551,1,313,0.3119999999999896,0.054313099041533544,360.6,4.30,0.0
1552,0,179,-0.8219999999999998,0.055865921787709494,360.7,4.31,0.0
1553,4,732,3.7309999999999945,0.056010928961748634,361.1,4.30,0.0
1554,2,447,1.4459999999999749,0.05592841163310962,361.3,4.30,0.0
1555,0,192,-0.8089999999999998,0.057291666666666664,361.4,4.31,0.0
1556,2,455,1.453999999999974,0.05714285714285714,361.6,4.31,0.0
1557,6,979,5.978000000000075,0.056179775280898875,362.1,4.30,0.0
1558,3,579,2.5779999999999603,0.055267702936096716,362.4,4.30,0.0
1559,2,446,1.444999999999975,0.05605381165919283,362.7,4.30,0.0
1560,3,610,2.608999999999957,0.05573770491803279,363.0,4.30,0.0
1561,3,609,2.607999999999957,0.05582922824302135,363.3,4.30,0.0
1562,3,579,2.5779999999999603,0.055267702936096716,363.6,4.30,0.0
1563,1,319,0.31799999999998896,0.05642633228840126,363.8,4.30,0.0
1564,2,481,1.4799999999999711,0.056133056133056136,364.0,4.30,0.0
1565,5,856,4.855000000000035,0.056074766355140186,364.5,4.30,0.0
1566,3,579,2.5779999999999603,0.055267702936096716,364.8,4.30,0.0
1567,1,331,0.32999999999998764,0.05740181268882175,365.0,4.30,0.0
1568,1,313,0.3119999999999896,0.054313099041533544,365.1,4.30,0.0
1569,0,187,-0.8139999999999998,0.058823529411764705,365.2,4.30,0.0
1570,0,193,-0.8079999999999998,0.05699481865284974,365.3,4.30,0.0
1571,0,179,-0.8219999999999998,0.055865921787709494,365.4,4.30,0.0
1572,1,336,0.3349999999999871,0.05654761904761905,365.6,4.30,0.0
1573,2,446,1.444999999999975,0.05605381165919283,365.8,4.30,0.0
1574,3,579,2.5779999999999603,0.05699481865284974,366.1,4.30,0.0
1575,3,589,2.587999999999959,0.05602716468590832,366.4,4.30,0.0
1576,0,185,-0.8159999999999998,0.05945945945945946,366.5,4.30,0.0
1577,6,1005,6.004000000000084,0.05572139303482587,367.1,4.30,0.0
1578,0,179,-0.8219999999999998,0.055865921787709494,367.2,4.30,0.0
1579,0,196,-0.8049999999999998,0.05612244897959184,367.3,4.30,0.0
1580,1,313,0.3119999999999896,0.054313099041533544,367.4,4.30,0.0
1581,3,591,2.589999999999959,0.05583756345177665,367.7,4.30,0.0
1582,0,179,-0.8219999999999998,0.055865921787709494,367.8,4.30,0.0
1583,2,446,1.444999999999975,0.053811659192825115,368.1,4.30,0.0
1584,4,733,3.731999999999995,0.05593451568894952,368.5,4.30,0.0
1585,0,179,-0.8219999999999998,0.055865921787709494,368.6,4.30,0.0
1586,0,183,-0.8179999999999998,0.060109289617486336,368.7,4.30,0.0
1587,4,728,3.726999999999993,0.05631868131868132,369.0,4.30,0.0
1588,0,179,-0.8219999999999998,0.055865921787709494,369.2,4.30,0.0
1589,1,313,0.3119999999999896,0.054313099041533544,369.3,4.31,0.0
1590,1,313,0.3119999999999896,0.054313099041533544,369.5,4.31,0.0
1591,1,318,0.31699999999998907,0.05660377358490566,369.6,4.31,0.0
1592,0,179,-0.8219999999999998,0.055865921787709494,369.7,4.31,0.0
1593,0,188,-0.8129999999999998,0.05851063829787234,369.8,4.31,0.0
1594,8,1249,8.24799999999996,0.05604483586869496,370.5,4.31,0.0
1595,4,713,3.711999999999988,0.056100981767180924,370.9,4.30,0.0
1596,4,727,3.725999999999993,0.05639614855570839,371.2,4.30,0.0
1597,0,184,-0.8169999999999998,0.059782608695652176,371.3,4.30,0.0
1598,3,579,2.5779999999999603,0.055267702936096716,371.6,4.30,0.0
1599,1,313,0.3119999999999896,0.05750798722044728,371.8,4.30,0.0
1600,0,179,-0.8219999999999998,0.055865921787709494,371.9,4.30,0.0
1601,0,179,-0.8219999999999998,0.055865921787709494,372.0,4.31,0.0
1602,2,459,1.4579999999999735,0.05664488017429194,372.2,4.31,0.0
1603,0,184,-0.8169999999999998,0.059782608695652176,372.3,4.31,0.0
1604,1,313,0.3119999999999896,0.05750798722044728,372.5,4.31,0.0
1605,0,184,-0.8169999999999998,0.059782608695652176,372.6,4.31,0.0
1606,2,446,1.444999999999975,0.05605381165919283,372.8,4.31,0.0
1607,1,313,0.3119999999999896,0.054313099041533544,373.0,4.31,0.0
1608,8,1254,8.252999999999957,0.05582137161084529,373.7,4.31,0.0
1609,2,461,1.4599999999999733,0.05639913232104121,373.9,4.31,0.0
1610,2,457,1.4559999999999738,0.05689277899343545,374.2,4.31,0.0
1611,1,313,0.3119999999999896,0.054313099041533544,374.3,4.31,0.0
1612,1,349,0.34799999999998565,0.05730659025787966,374.5,4.31,0.0
1613,9,1379,9.377999999999888,0.05583756345177665,375.2,4.30,0.0
1614,0,179,-0.8219999999999998,0.055865921787709494,375.3,4.30,0.0
1615,0,186,-0.8149999999999998,0.05913978494623656,375.4,4.30,0.0
1616,2,446,1.444999999999975,0.05605381165919283,375.7,4.30,0.0
1617,3,579,2.5779999999999603,0.055267702936096716,376.0,4.30,0.0
1618,2,446,1.444999999999975,0.05605381165919283,376.2,4.30,0.0
1619,7,1113,7.112000000000036,0.055705300988319856,376.8,4.30,0.0
1620,1,315,0.3139999999999894,0.05714285714285714,377.0,4.30,0.0
1621,2,456,1.4549999999999739,0.05701754385964912,377.2,4.30,0.0
1622,3,579,2.5779999999999603,0.055267702936096716,377.5,4.30,0.0
1623,0,185,-0.8159999999999998,0.05945945945945946,377.6,4.30,0.0
1624,1,313,0.3119999999999896,0.05750798722044728,377.8,4.30,0.0
1625,1,313,0.3119999999999896,0.054313099041533544,377.9,4.30,0.0
1626,4,713,3.711999999999988,0.0546984572230014,378.3,4.30,0.0
1627,2,457,1.4559999999999738,0.05689277899343545,378.5,4.30,0.0
1628,2,459,1.4579999999999735,0.05664488017429194,378.8,4.30,0.0
1629,6,1002,6.001000000000083,0.05588822355289421,379.3,4.30,0.0
1630,2,448,1.4469999999999748,0.05580357142857143,379.5,4.30,0.0
1631,1,313,0.3119999999999896,0.054313099041533544,379.7,4.30,0.0
1632,0,179,-0.8219999999999998,0.055865921787709494,379.8,4.30,0.0
1633,5,846,4.845000000000032,0.05555555555555555,380.2,4.30,0.0
1634,2,446,1.444999999999975,0.05605381165919283,380.5,4.30,0.0
1635,0,183,-0.8179999999999998,0.060109289617486336,380.6,4.30,0.0
1636,6,980,5.979000000000076,0.05612244897959184,381.1,4.30,0.0
1637,1,313,0.3119999999999896,0.05750798722044728,381.3,4.30,0.0
1638,4,716,3.714999999999989,0.055865921787709494,381.6,4.29,0.0
1639,0,186,-0.8149999999999998,0.05913978494623656,381.7,4.30,0.0
1640,3,580,2.57899999999996,0.056896551724137934,382.0,4.30,0.0
1641,0,179,-0.8219999999999998,0.055865921787709494,382.1,4.30,0.0
1642,4,713,3.711999999999988,0.0546984572230014,382.5,4.30,0.0
1643,3,579,2.5779999999999603,0.055267702936096716,382.8,4.29,0.0
1644,0,179,-0.8219999999999998,0.055865921787709494,382.9,4.30,0.0
1645,6,1001,6.000000000000083,0.055944055944055944,383.4,4.29,0.0
1646,3,579,2.5779999999999603,0.05699481865284974,383.7,4.29,0.0
1647,1,313,0.3119999999999896,0.054313099041533544,383.9,4.29,0.0
1648,0,185,-0.8159999999999998,0.05945945945945946,384.0,4.29,0.0
1649,0,179,-0.8219999999999998,0.055865921787709494,384.1,4.30,0.0
1650,3,579,2.5779999999999603,0.055267702936096716,384.4,4.30,0.0
1651,2,466,1.4649999999999728,0.055793991416309016,384.6,4.30,0.0
1652,3,579,2.5779999999999603,0.055267702936096716,384.9,4.29,0.0
1653,3,610,2.608999999999957,0.05573770491803279,385.2,4.29,0.0
1654,2,446,1.444999999999975,0.053811659192825115,385.5,4.29,0.0
1655,0,179,-0.8219999999999998,0.055865921787709494,385.6,4.29,0.0
1656,4,749,3.748,0.056074766355140186,386.0,4.29,0.0
1657,2,459,1.4579999999999735,0.05664488017429194,386.2,4.29,0.0
1658,1,313,0.3119999999999896,0.05750798722044728,386.4,4.29,0.0
1659,4,730,3.728999999999994,0.056164383561643834,386.8,4.29,0.0
1660,1,313,0.3119999999999896,0.05750798722044728,387.0,4.29,0.0
1661,3,587,2.5859999999999594,0.056218057921635436,387.3,4.29,0.0
1662,0,183,-0.8179999999999998,0.060109289617486336,387.4,4.29,0.0
1663,1,314,0.3129999999999895,0.05732484076433121,387.5,4.29,0.0
1664,0,179,-0.8219999999999998,0.055865921787709494,387.6,4.30,0.0
1665,1,313,0.3119999999999896,0.05750798722044728,387.8,4.30,0.0
1666,1,313,0.3119999999999896,0.05750798722044728,388.0,4.30,0.0
1667,3,581,2.57999999999996,0.05679862306368331,388.3,4.30,0.0
1668,5,846,4.845000000000032,0.05555555555555555,388.7,4.29,0.0
1669,1,313,0.3119999999999896,0.05750798722044728,388.9,4.29,0.0
1670,4,731,3.729999999999994,0.0560875512995896,389.3,4.29,0.0
1671,3,589,2.587999999999959,0.05602716468590832,389.6,4.29,0.0
1672,1,221,0.21999999999999975,0.058823529411764705,389.7,4.29,0.0
1673,9,1411,9.40999999999987,0.05598866052445074,390.4,4.29,0.0
1674,2,446,1.444999999999975,0.053811659192825115,390.7,4.29,0.0
1675,1,315,0.3139999999999894,0.05714285714285714,390.8,4.29,0.0
1676,1,313,0.3119999999999896,0.05750798722044728,391.0,4.29,0.0
1677,0,191,-0.8099999999999998,0.05759162303664921,391.1,4.29,0.0
1678,0,179,-0.8219999999999998,0.055865921787709494,391.2,4.29,0.0
1679,1,313,0.3119999999999896,0.05750798722044728,391.4,4.29,0.0
1680,0,179,-0.8219999999999998,0.055865921787709494,391.5,4.29,0.0
1681,0,179,-0.8219999999999998,0.055865921787709494,391.5,4.30,0.0
1682,0,179,-0.8219999999999998,0.055865921787709494,391.6,4.30,0.0
1683,1,313,0.3119999999999896,0.054313099041533544,391.8,4.30,0.0
1684,3,580,2.57899999999996,0.056896551724137934,392.1,4.30,0.0
1685,0,179,-0.8219999999999998,0.055865921787709494,392.2,4.30,0.0
1686,1,313,0.3119999999999896,0.054313099041533544,392.4,4.30,0.0
1687,1,315,0.3139999999999894,0.05714285714285714,392.5,4.30,0.0
1688,6,979,5.978000000000075,0.05515832482124617,393.1,4.30,0.0
1689,0,179,-0.8219999999999998,0.055865921787709494,393.1,4.30,0.0
1690,1,336,0.3349999999999871,0.05654761904761905,393.3,4.30,0.0
1691,4,715,3.713999999999989,0.055944055944055944,393.7,4.30,0.0
1692,1,313,0.3119999999999896,0.054313099041533544,393.9,4.30,0.0
1693,0,183,-0.8179999999999998,0.060109289617486336,394.0,4.30,0.0
1694,0,186,-0.8149999999999998,0.05913978494623656,394.1,4.30,0.0
1695,1,348,0.34699999999998576,0.05747126436781609,394.2,4.30,0.0
1696,0,179,-0.8219999999999998,0.055865921787709494,394.3,4.30,0.0
1697,2,446,1.444999999999975,0.05605381165919283,394.6,4.30,0.0
1698,1,313,0.3119999999999896,0.054313099041533544,394.7,4.30,0.0
1699,5,846,4.845000000000032,0.05555555555555555,395.2,4.30,0.0
1700,0,179,-0.8219999999999998,0.055865921787709494,395.3,4.30,0.0
1701,3,579,2.5779999999999603,0.055267702936096716,395.6,4.30,0.0
1702,4,728,3.726999999999993,0.05631868131868132,395.9,4.30,0.0
1703,3,579,2.5779999999999603,0.055267702936096716,396.2,4.30,0.0
1704,0,187,-0.8139999999999998,0.058823529411764705,396.4,4.30,0.0
1705,4,729,3.7279999999999935,0.056241426611796985,396.7,4.30,0.0
1706,0,179,-0.8219999999999998,0.055865921787709494,396.8,4.30,0.0
1707,0,179,-0.8219999999999998,0.055865921787709494,396.9,4.30,0.0
1708,5,851,4.850000000000033,0.0564042303172738,397.3,4.30,0.0
1709,2,446,1.444999999999975,0.05605381165919283,397.6,4.30,0.0
1710,0,179,-0.8219999999999998,0.05027932960893855,397.7,4.30,0.0
1711,1,328,0.32699999999998797,0.057926829268292686,397.9,4.30,0.0
1712,2,460,1.4589999999999734,0.05652173913043478,398.1,4.30,0.0
1713,1,320,0.31899999999998885,0.05625,398.3,4.30,0.0
1714,1,335,0.3339999999999872,0.056716417910447764,398.4,4.30,0.0
1715,7,1113,7.112000000000036,0.055705300988319856,399.0,4.30,0.0
1716,1,319,0.31799999999998896,0.05642633228840126,399.2,4.30,0.0
1717,0,179,-0.8219999999999998,0.055865921787709494,399.3,4.30,0.0
1718,0,204,-0.7969999999999998,0.058823529411764705,399.4,4.30,0.0
1719,7,1113,7.112000000000036,0.055705300988319856,400.0,4.30,0.0
1720,3,579,2.5779999999999603,0.05699481865284974,400.3,4.30,0.0
1721,0,185,-0.8159999999999998,0.05945945945945946,400.4,4.30,0.0
1722,1,313,0.3119999999999896,0.054313099041533544,400.5,4.30,0.0
1723,0,179,-0.8219999999999998,0.055865921787709494,400.6,4.30,0.0
1724,2,446,1.444999999999975,0.05605381165919283,400.9,4.30,0.0
1725,0,194,-0.8069999999999998,0.05670103092783505,401.0,4.30,0.0
1726,4,731,3.729999999999994,0.0560875512995896,401.3,4.30,0.0
1727,0,186,-0.8149999999999998,0.05913978494623656,401.4,4.30,0.0
1728,5,853,4.852000000000034,0.05627198124267292,401.9,4.30,0.0
1729,2,458,1.4569999999999736,0.056768558951965066,402.1,4.30,0.0
1730,0,184,-0.8169999999999998,0.059782608695652176,402.2,4.30,0.0
1731,0,179,-0.8219999999999998,0.055865921787709494,402.3,4.30,0.0
1732,4,713,3.711999999999988,0.056100981767180924,402.7,4.30,0.0
1733,0,186,-0.8149999999999998,0.05913978494623656,402.8,4.30,0.0
1734,1,314,0.3129999999999895,0.05732484076433121,403.0,4.31,0.0
1735,0,179,-0.8219999999999998,0.055865921787709494,403.1,4.31,0.0
1736,1,313,0.3119999999999896,0.054313099041533544,403.2,4.31,0.0
1737,2,462,1.4609999999999732,0.05627705627705628,403.5,4.31,0.0
1738,1,313,0.3119999999999896,0.054313099041533544,403.6,4.31,0.0
1739,0,187,-0.8139999999999998,0.058823529411764705,403.7,4.31,0.0
1740,1,313,0.3119999999999896,0.05750798722044728,403.9,4.31,0.0
1741,2,446,1.444999999999975,0.05605381165919283,404.1,4.31,0.0
1742,9,1380,9.378999999999888,0.05579710144927536,404.9,4.31,0.0
1743,1,313,0.3119999999999896,0.054313099041533544,405.1,4.31,0.0
1744,0,186,-0.8149999999999998,0.05913978494623656,405.2,4.31,0.0
1745,5,846,4.845000000000032,0.05555555555555555,405.6,4.30,0.0
1746,3,598,2.5969999999999582,0.056856187290969896,405.9,4.30,0.0
1747,3,579,2.5779999999999603,0.055267702936096716,406.2,4.30,0.0
1748,3,579,2.5779999999999603,0.055267702936096716,406.5,4.30,0.0
1749,0,179,-0.8219999999999998,0.055865921787709494,406.6,4.30,0.0
1750,1,313,0.3119999999999896,0.05750798722044728,406.8,4.30,0.0
1751,4,726,3.7249999999999925,0.05647382920110193,407.1,4.30,0.0
1752,2,446,1.444999999999975,0.053811659192825115,407.4,4.30,0.0
1753,0,179,-0.8219999999999998,0.055865921787709494,407.5,4.30,0.0
1754,2,446,1.444999999999975,0.053811659192825115,407.7,4.30,0.0
1755,0,184,-0.8169999999999998,0.059782608695652176,407.8,4.31,0.0
1756,3,590,2.588999999999959,0.05593220338983051,408.1,4.31,0.0
1757,1,313,0.3119999999999896,0.054313099041533544,408.3,4.31,0.0
1758,5,846,4.845000000000032,0.05555555555555555,408.7,4.30,0.0
1759,1,318,0.31699999999998907,0.05660377358490566,408.9,4.30,0.0
1760,0,197,-0.8039999999999998,0.05583756345177665,409.0,4.31,0.0
1761,10,1513,10.511999999999814,0.05551883674818242,409.8,4.30,0.0
1762,0,189,-0.8119999999999998,0.0582010582010582,409.9,4.30,0.0
1763,1,316,0.3149999999999893,0.056962025316455694,410.1,4.30,0.0
1764,0,179,-0.8219999999999998,0.05027932960893855,410.2,4.30,0.0
1765,1,327,0.3259999999999881,0.0581039755351682,410.3,4.30,0.0
1766,2,458,1.4569999999999736,0.056768558951965066,410.6,4.30,0.0
1767,3,610,2.608999999999957,0.05573770491803279,410.9,4.30,0.0
1768,0,190,-0.8109999999999998,0.05789473684210526,411.0,4.30,0.0
1769,0,191,-0.8099999999999998,0.05759162303664921,411.1,4.31,0.0
1770,5,857,4.856000000000035,0.056009334889148193,411.6,4.30,0.0
1771,6,979,5.978000000000075,0.05515832482124617,412.1,4.30,0.0
1772,1,313,0.3119999999999896,0.05750798722044728,412.2,4.30,0.0
1773,0,179,-0.8219999999999998,0.055865921787709494,412.3,4.30,0.0
1774,0,179,-0.8219999999999998,0.055865921787709494,412.4,4.30,0.0
1775,1,336,0.3349999999999871,0.05654761904761905,412.6,4.30,0.0
1776,0,179,-0.8219999999999998,0.055865921787709494,412.7,4.31,0.0
1777,4,713,3.711999999999988,0.0546984572230014,413.1,4.30,0.0
1778,1,336,0.3349999999999871,0.05654761904761905,413.2,4.30,0.0
1779,1,313,0.3119999999999896,0.054313099041533544,413.4,4.31,0.0
1780,5,853,4.852000000000034,0.05627198124267292,413.9,4.30,0.0
1781,0,185,-0.8159999999999998,0.05945945945945946,414.0,4.30,0.0
1782,1,313,0.3119999999999896,0.05750798722044728,414.1,4.31,0.0
1783,3,579,2.5779999999999603,0.055267702936096716,414.4,4.30,0.0
1784,2,455,1.453999999999974,0.05714285714285714,414.7,4.30,0.0
1785,0,196,-0.8049999999999998,0.05612244897959184,414.8,4.31,0.0
1786,3,591,2.589999999999959,0.05583756345177665,415.1,4.31,0.0
1787,0,179,-0.8219999999999998,0.055865921787709494,415.2,4.31,0.0
1788,4,713,3.711999999999988,0.0546984572230014,415.6,4.31,0.0
1789,0,179,-0.8219999999999998,0.055865921787709494,415.6,4.31,0.0
1790,2,466,1.4649999999999728,0.055793991416309016,415.9,4.31,0.0
1791,2,446,1.444999999999975,0.05605381165919283,416.1,4.31,0.0
1792,2,447,1.4459999999999749,0.05592841163310962,416.4,4.31,0.0
1793,1,313,0.3119999999999896,0.054313099041533544,416.6,4.31,0.0
1794,3,610,2.608999999999957,0.05573770491803279,416.9,4.31,0.0
1795,2,464,1.462999999999973,0.05603448275862069,417.1,4.31,0.0
1796,10,1513,10.511999999999814,0.05551883674818242,417.9,4.30,0.0
1797,0,179,-0.8219999999999998,0.055865921787709494,418.0,4.30,0.0
1798,12,1794,12.792999999999658,0.055741360089186176,418.9,4.29,0.0
1799,3,604,2.6029999999999576,0.056291390728476824,419.3,4.29,0.0
1800,2,446,1.444999999999975,0.053811659192825115,419.5,4.29,0.0
1801,2,446,1.444999999999975,0.05605381165919283,419.7,4.29,0.0
1802,0,196,-0.8049999999999998,0.05612244897959184,419.8,4.29,0.0
1803,2,480,1.4789999999999712,0.05625,420.1,4.29,0.0
1804,3,579,2.5779999999999603,0.055267702936096716,420.4,4.29,0.0
1805,4,713,3.711999999999988,0.056100981767180924,420.7,4.29,0.0
1806,3,579,2.5779999999999603,0.055267702936096716,421.0,4.29,0.0
1807,0,183,-0.8179999999999998,0.060109289617486336,421.1,4.29,0.0
1808,3,583,2.58199999999996,0.05660377358490566,421.4,4.29,0.0
1809,3,602,2.600999999999958,0.05647840531561462,421.8,4.29,0.0
1810,4,713,3.711999999999988,0.056100981767180924,422.1,4.29,0.0
1811,2,479,1.4779999999999713,0.05636743215031315,422.4,4.29,0.0
1812,0,179,-0.8219999999999998,0.055865921787709494,422.5,4.29,0.0
1813,0,204,-0.7969999999999998,0.058823529411764705,422.6,4.29,0.0
1814,3,583,2.58199999999996,0.05660377358490566,422.9,4.29,0.0
1815,5,846,4.845000000000032,0.05555555555555555,423.3,4.29,0.0
1816,5,846,4.845000000000032,0.05555555555555555,423.8,4.29,0.0
1817,0,179,-0.8219999999999998,0.055865921787709494,423.9,4.29,0.0
1818,5,846,4.845000000000032,0.05555555555555555,424.3,4.29,0.0
1819,2,454,1.452999999999974,0.05726872246696035,424.6,4.29,0.0
1820,2,446,1.444999999999975,0.05605381165919283,424.8,4.29,0.0
1821,5,848,4.847000000000032,0.05660377358490566,425.3,4.28,0.0
1822,0,206,-0.7949999999999998,0.05825242718446602,425.4,4.29,0.0
1823,4,728,3.726999999999993,0.05631868131868132,425.8,4.28,0.0
1824,0,179,-0.8219999999999998,0.055865921787709494,425.9,4.29,0.0
1825,3,591,2.589999999999959,0.05583756345177665,426.1,4.28,0.0
1826,0,179,-0.8219999999999998,0.055865921787709494,426.2,4.29,0.0
1827,3,579,2.5779999999999603,0.055267702936096716,426.5,4.29,0.0
1828,2,446,1.444999999999975,0.05605381165919283,426.8,4.29,0.0
1829,2,446,1.444999999999975,0.05605381165919283,427.0,4.29,0.0
1830,5,852,4.851000000000034,0.056338028169014086,427.5,4.28,0.0
1831,4,713,3.711999999999988,0.0546984572230014,427.8,4.28,0.0
1832,2,446,1.444999999999975,0.05605381165919283,428.1,4.28,0.0
1833,2,459,1.4579999999999735,0.05664488017429194,428.3,4.28,0.0
1834,0,187,-0.8139999999999998,0.058823529411764705,428.4,4.28,0.0
1835,0,179,-0.8219999999999998,0.055865921787709494,428.5,4.28,0.0
1836,3,590,2.588999999999959,0.05593220338983051,428.8,4.28,0.0
1837,3,583,2.58199999999996,0.05660377358490566,429.2,4.28,0.0
1838,3,592,2.590999999999959,0.05574324324324324,429.5,4.28,0.0
1839,1,313,0.3119999999999896,0.05750798722044728,429.7,4.28,0.0
1840,1,314,0.3129999999999895,0.05732484076433121,429.8,4.28,0.0
1841,2,458,1.4569999999999736,0.056768558951965066,430.1,4.28,0.0
1842,4,713,3.711999999999988,0.0546984572230014,430.5,4.28,0.0
1843,1,313,0.3119999999999896,0.054313099041533544,430.6,4.28,0.0
1844,0,179,-0.8219999999999998,0.055865921787709494,430.7,4.28,0.0
1845,7,1126,7.125000000000028,0.05595026642984014,431.3,4.28,0.0
1846,0,179,-0.8219999999999998,0.055865921787709494,431.4,4.28,0.0
1847,4,713,3.711999999999988,0.056100981767180924,431.8,4.28,0.0
1848,5,855,4.854000000000035,0.056140350877192984,432.3,4.28,0.0
1849,4,713,3.711999999999988,0.056100981767180924,432.6,4.28,0.0
1850,4,735,3.7339999999999955,0.055782312925170066,433.0,4.27,0.0
1851,1,320,0.31899999999998885,0.05625,433.2,4.28,0.0
1852,1,313,0.3119999999999896,0.054313099041533544,433.3,4.28,0.0
1853,2,446,1.444999999999975,0.05605381165919283,433.6,4.28,0.0
1854,1,317,0.3159999999999892,0.056782334384858045,433.7,4.28,0.0
1855,0,179,-0.8219999999999998,0.055865921787709494,433.8,4.28,0.0
1856,2,446,1.444999999999975,0.05605381165919283,434.1,4.28,0.0
1857,3,579,2.5779999999999603,0.055267702936096716,434.4,4.28,0.0
1858,0,179,-0.8219999999999998,0.055865921787709494,434.5,4.28,0.0
1859,5,846,4.845000000000032,0.05555555555555555,434.9,4.28,0.0
1860,0,179,-0.8219999999999998,0.055865921787709494,435.0,4.28,0.0
1861,1,313,0.3119999999999896,0.054313099041533544,435.2,4.28,0.0
1862,0,192,-0.8089999999999998,0.057291666666666664,435.3,4.28,0.0
1863,3,588,2.5869999999999593,0.05612244897959184,435.6,4.28,0.0
1864,2,446,1.444999999999975,0.05605381165919283,435.8,4.28,0.0
1865,3,579,2.5779999999999603,0.055267702936096716,436.1,4.28,0.0
1866,1,340,0.33899999999998665,0.05588235294117647,436.3,4.28,0.0
1867,0,179,-0.8219999999999998,0.055865921787709494,436.4,4.28,0.0
1868,0,179,-0.8219999999999998,0.055865921787709494,436.5,4.28,0.0
1869,1,327,0.3259999999999881,0.0581039755351682,436.7,4.28,0.0
1870,2,447,1.4459999999999749,0.05592841163310962,436.9,4.28,0.0
1871,3,590,2.588999999999959,0.05593220338983051,437.2,4.28,0.0
1872,0,179,-0.8219999999999998,0.055865921787709494,437.3,4.28,0.0
1873,4,746,3.744999999999999,0.05630026809651475,437.7,4.28,0.0
1874,2,446,1.444999999999975,0.05605381165919283,437.9,4.28,0.0
1875,0,179,-0.8219999999999998,0.055865921787709494,438.0,4.28,0.0
1876,4,714,3.7129999999999885,0.056022408963585436,438.4,4.28,0.0
1877,2,446,1.444999999999975,0.05605381165919283,438.6,4.28,0.0
1878,1,338,0.33699999999998687,0.05621301775147929,438.8,4.28,0.0
1879,1,314,0.3129999999999895,0.05732484076433121,439.0,4.28,0.0
1880,6,979,5.978000000000075,0.05515832482124617,439.5,4.28,0.0
1881,1,332,0.3309999999999875,0.0572289156626506,439.7,4.28,0.0
1882,5,846,4.845000000000032,0.05555555555555555,440.1,4.28,0.0
1883,0,179,-0.8219999999999998,0.055865921787709494,440.2,4.28,0.0
1884,0,179,-0.8219999999999998,0.055865921787709494,440.3,4.28,0.0
1885,1,313,0.3119999999999896,0.05750798722044728,440.5,4.28,0.0
1886,3,579,2.5779999999999603,0.055267702936096716,440.8,4.28,0.0
1887,2,458,1.4569999999999736,0.056768558951965066,441.0,4.28,0.0
1888,2,447,1.4459999999999749,0.05592841163310962,441.3,4.28,0.0
1889,2,446,1.444999999999975,0.05605381165919283,441.5,4.28,0.0
1890,3,585,2.5839999999999597,0.05641025641025641,441.8,4.28,0.0
1891,1,319,0.31799999999998896,0.05642633228840126,442.0,4.28,0.0
1892,0,179,-0.8219999999999998,0.055865921787709494,442.1,4.28,0.0
1893,1,313,0.3119999999999896,0.05750798722044728,442.2,4.28,0.0
1894,2,458,1.4569999999999736,0.056768558951965066,442.5,4.28,0.0
1895,4,715,3.713999999999989,0.055944055944055944,442.8,4.28,0.0
1896,0,179,-0.8219999999999998,0.055865921787709494,442.9,4.28,0.0
1897,0,179,-0.8219999999999998,0.055865921787709494,443.0,4.28,0.0
1898,0,189,-0.8119999999999998,0.0582010582010582,443.1,4.29,0.0
1899,3,579,2.5779999999999603,0.055267702936096716,443.4,4.28,0.0
1900,0,179,-0.8219999999999998,0.055865921787709494,443.5,4.29,0.0
1901,2,465,1.4639999999999729,0.05591397849462366,443.8,4.29,0.0
1902,0,179,-0.8219999999999998,0.055865921787709494,443.9,4.29,0.0
1903,3,579,2.5779999999999603,0.055267702936096716,444.2,4.29,0.0
1904,0,179,-0.8219999999999998,0.05027932960893855,444.3,4.29,0.0
1905,0,190,-0.8109999999999998,0.05789473684210526,444.4,4.29,0.0
1906,10,1513,10.511999999999814,0.05551883674818242,445.2,4.28,0.0
1907,0,187,-0.8139999999999998,0.058823529411764705,445.3,4.28,0.0
1908,0,193,-0.8079999999999998,0.05699481865284974,445.4,4.29,0.0
1909,4,714,3.7129999999999885,0.056022408963585436,445.7,4.28,0.0
1910,1,338,0.33699999999998687,0.05621301775147929,445.9,4.29,0.0
1911,0,179,-0.8219999999999998,0.055865921787709494,446.0,4.29,0.0
1912,3,579,2.5779999999999603,0.055267702936096716,446.3,4.29,0.0
1913,1,313,0.3119999999999896,0.054313099041533544,446.5,4.29,0.0
1914,0,186,-0.8149999999999998,0.05913978494623656,446.6,4.29,0.0
1915,2,466,1.4649999999999728,0.055793991416309016,446.8,4.29,0.0
1916,4,713,3.711999999999988,0.0546984572230014,447.2,4.29,0.0
1917,3,579,2.5779999999999603,0.055267702936096716,447.5,4.29,0.0
1918,2,446,1.444999999999975,0.05605381165919283,447.8,4.29,0.0
1919,1,313,0.3119999999999896,0.054313099041533544,447.9,4.29,0.0
1920,1,313,0.3119999999999896,0.054313099041533544,448.1,4.29,0.0
1921,3,579,2.5779999999999603,0.055267702936096716,448.4,4.29,0.0
1922,0,179,-0.8219999999999998,0.055865921787709494,448.5,4.29,0.0
1923,4,735,3.7339999999999955,0.055782312925170066,448.9,4.29,0.0
1924,3,579,2.5779999999999603,0.055267702936096716,449.2,4.29,0.0
1925,5,857,4.856000000000035,0.056009334889148193,449.6,4.28,0.0
1926,0,179,-0.8219999999999998,0.055865921787709494,449.7,4.28,0.0
1927,2,461,1.4599999999999733,0.05639913232104121,450.0,4.28,0.0
1928,0,179,-0.8219999999999998,0.055865921787709494,450.1,4.29,0.0
1929,1,316,0.3149999999999893,0.056962025316455694,450.2,4.29,0.0
1930,4,729,3.7279999999999935,0.056241426611796985,450.6,4.29,0.0
1931,4,731,3.729999999999994,0.0560875512995896,451.0,4.28,0.0
1932,2,446,1.444999999999975,0.05605381165919283,451.2,4.28,0.0
1933,1,321,0.31999999999998874,0.056074766355140186,451.4,4.28,0.0
1934,3,579,2.5779999999999603,0.055267702936096716,451.7,4.28,0.0
1935,2,458,1.4569999999999736,0.056768558951965066,452.0,4.28,0.0
1936,0,188,-0.8129999999999998,0.05851063829787234,452.1,4.28,0.0
1937,8,1246,8.244999999999962,0.05537720706260032,452.7,4.28,0.0
1938,2,447,1.4459999999999749,0.05592841163310962,453.0,4.28,0.0
1939,2,465,1.4639999999999729,0.05591397849462366,453.2,4.28,0.0
1940,2,446,1.444999999999975,0.05605381165919283,453.4,4.28,0.0
1941,2,457,1.4559999999999738,0.05689277899343545,453.7,4.28,0.0
1942,1,341,0.33999999999998654,0.05571847507331378,453.9,4.28,0.0
1943,1,313,0.3119999999999896,0.05750798722044728,454.0,4.28,0.0
1944,1,313,0.3119999999999896,0.054313099041533544,454.2,4.28,0.0
1945,0,192,-0.8089999999999998,0.057291666666666664,454.3,4.28,0.0
1946,3,579,2.5779999999999603,0.055267702936096716,454.6,4.28,0.0
1947,10,1547,10.545999999999795,0.055591467356173235,455.4,4.28,0.0
1948,1,334,0.3329999999999873,0.05688622754491018,455.6,4.28,0.0
1949,2,446,1.444999999999975,0.053811659192825115,455.8,4.28,0.0
1950,2,466,1.4649999999999728,0.055793991416309016,456.1,4.28,0.0
1951,3,579,2.5779999999999603,0.055267702936096716,456.4,4.28,0.0
1952,5,861,4.860000000000037,0.05574912891986063,456.8,4.28,0.0
1953,1,313,0.3119999999999896,0.054313099041533544,457.0,4.28,0.0
1954,4,713,3.711999999999988,0.0546984572230014,457.4,4.27,0.0
1955,2,446,1.444999999999975,0.05605381165919283,457.6,4.27,0.0
1956,2,482,1.480999999999971,0.056016597510373446,457.8,4.27,0.0
1957,3,579,2.5779999999999603,0.055267702936096716,458.2,4.27,0.0
1958,5,851,4.850000000000033,0.0564042303172738,458.6,4.27,0.0
1959,0,196,-0.8049999999999998,0.05612244897959184,458.7,4.27,0.0
1960,1,313,0.3119999999999896,0.054313099041533544,458.9,4.27,0.0
1961,1,313,0.3119999999999896,0.05750798722044728,459.0,4.27,0.0
1962,0,179,-0.8219999999999998,0.055865921787709494,459.1,4.28,0.0
1963,3,579,2.5779999999999603,0.055267702936096716,459.4,4.27,0.0
1964,1,313,0.3119999999999896,0.054313099041533544,459.6,4.28,0.0
1965,1,332,0.3309999999999875,0.0572289156626506,459.8,4.28,0.0
1966,4,727,3.725999999999993,0.05639614855570839,460.2,4.27,0.0
1967,1,320,0.31899999999998885,0.05625,460.4,4.27,0.0
1968,0,179,-0.8219999999999998,0.055865921787709494,460.4,4.28,0.0
1969,0,179,-0.8219999999999998,0.055865921787709494,460.5,4.28,0.0
1970,5,846,4.845000000000032,0.05555555555555555,461.0,4.28,0.0
1971,1,315,0.3139999999999894,0.05714285714285714,461.1,4.28,0.0
1972,0,179,-0.8219999999999998,0.055865921787709494,461.2,4.28,0.0
1973,5,846,4.845000000000032,0.05555555555555555,461.7,4.28,0.0
1974,1,313,0.3119999999999896,0.05750798722044728,461.8,4.28,0.0
1975,0,197,-0.8039999999999998,0.05583756345177665,461.9,4.28,0.0
1976,0,179,-0.8219999999999998,0.055865921787709494,462.0,4.28,0.0
1977,0,179,-0.8219999999999998,0.055865921787709494,462.1,4.28,0.0
1978,5,852,4.851000000000034,0.056338028169014086,462.6,4.28,0.0
1979,0,179,-0.8219999999999998,0.055865921787709494,462.7,4.28,0.0
1980,0,179,-0.8219999999999998,0.055865921787709494,462.8,4.28,0.0
1981,0,179,-0.8219999999999998,0.055865921787709494,462.9,4.28,0.0
1982,0,179,-0.8219999999999998,0.055865921787709494,463.0,4.28,0.0
1983,3,584,2.5829999999999598,0.05650684931506849,463.3,4.28,0.0
1984,3,579,2.5779999999999603,0.055267702936096716,463.6,4.28,0.0
1985,3,579,2.5779999999999603,0.055267702936096716,463.9,4.28,0.0
1986,4,620,3.618999999999957,0.056451612903225805,464.2,4.28,0.0
1987,3,579,2.5779999999999603,0.05699481865284974,464.5,4.28,0.0
1988,0,184,-0.8169999999999998,0.059782608695652176,464.7,4.28,0.0
1989,2,460,1.4589999999999734,0.05652173913043478,464.9,4.28,0.0
1990,2,446,1.444999999999975,0.05605381165919283,465.1,4.28,0.0
1991,3,609,2.607999999999957,0.05582922824302135,465.4,4.28,0.0
1992,2,446,1.444999999999975,0.05605381165919283,465.7,4.28,0.0
1993,2,460,1.4589999999999734,0.05652173913043478,465.9,4.28,0.0
1994,1,313,0.3119999999999896,0.05750798722044728,466.1,4.28,0.0
1995,1,313,0.3119999999999896,0.05750798722044728,466.2,4.28,0.0
1996,3,585,2.5839999999999597,0.05641025641025641,466.5,4.28,0.0
1997,5,846,4.845000000000032,0.05555555555555555,467.0,4.28,0.0
1998,3,579,2.5779999999999603,0.055267702936096716,467.3,4.28,0.0
1999,7,1142,7.1410000000000196,0.05604203152364273,467.9,4.27,0.0
2000,1,313,0.3119999999999896,0.054313099041533544,468.1,4.28,0.0
2001,0,179,-0.8219999999999998,0.055865921787709494,471.0,4.25,0.0
2002,4,713,3.711999999999988,0.056100981767180924,471.3,4.25,0.0
2003,2,446,1.444999999999975,0.05605381165919283,471.6,4.25,0.0
2004,2,446,1.444999999999975,0.05605381165919283,471.8,4.25,0.0
2005,2,458,1.4569999999999736,0.056768558951965066,472.1,4.25,0.0
2006,1,333,0.3319999999999874,0.057057057057057055,472.3,4.25,0.0
2007,4,714,3.7129999999999885,0.056022408963585436,472.6,4.25,0.0
2008,2,446,1.444999999999975,0.05605381165919283,472.9,4.25,0.0
2009,4,713,3.711999999999988,0.056100981767180924,473.2,4.25,0.0
2010,2,446,1.444999999999975,0.05605381165919283,473.5,4.25,0.0
2011,7,1113,7.112000000000036,0.055705300988319856,474.1,4.24,0.0
2012,1,313,0.3119999999999896,0.054313099041533544,474.2,4.24,0.0
2013,4,713,3.711999999999988,0.056100981767180924,474.6,4.24,0.0
2014,1,313,0.3119999999999896,0.054313099041533544,474.7,4.24,0.0
2015,0,193,-0.8079999999999998,0.05699481865284974,474.8,4.25,0.0
2016,4,713,3.711999999999988,0.056100981767180924,475.2,4.24,0.0
2017,3,582,2.58099999999996,0.05670103092783505,475.5,4.24,0.0
2018,0,192,-0.8089999999999998,0.057291666666666664,475.6,4.24,0.0
2019,0,184,-0.8169999999999998,0.059782608695652176,475.7,4.25,0.0
2020,4,713,3.711999999999988,0.056100981767180924,476.1,4.24,0.0
2021,0,187,-0.8139999999999998,0.058823529411764705,476.2,4.25,0.0
2022,3,579,2.5779999999999603,0.055267702936096716,476.5,4.25,0.0
2023,0,187,-0.8139999999999998,0.058823529411764705,476.6,4.25,0.0
2024,1,313,0.3119999999999896,0.054313099041533544,476.8,4.25,0.0
2025,0,179,-0.8219999999999998,0.055865921787709494,476.9,4.25,0.0
2026,2,446,1.444999999999975,0.05605381165919283,477.1,4.25,0.0
2027,0,179,-0.8219999999999998,0.055865921787709494,477.2,4.25,0.0
2028,0,179,-0.8219999999999998,0.055865921787709494,477.3,4.25,0.0
2029,0,182,-0.8189999999999998,0.06043956043956044,477.4,4.25,0.0
2030,0,195,-0.8059999999999998,0.05641025641025641,477.5,4.25,0.0
2031,1,313,0.3119999999999896,0.054313099041533544,477.7,4.25,0.0
2032,10,1513,10.511999999999814,0.05551883674818242,478.5,4.25,0.0
2033,5,853,4.852000000000034,0.05627198124267292,478.9,4.25,0.0
2034,1,335,0.3339999999999872,0.056716417910447764,479.1,4.25,0.0
2035,0,179,-0.8219999999999998,0.055865921787709494,479.2,4.25,0.0
2036,2,455,1.453999999999974,0.05714285714285714,479.4,4.25,0.0
2037,0,179,-0.8219999999999998,0.055865921787709494,479.5,4.25,0.0
2038,0,179,-0.8219999999999998,0.055865921787709494,479.6,4.25,0.0
2039,1,313,0.3119999999999896,0.054313099041533544,479.8,4.25,0.0
2040,0,179,-0.8219999999999998,0.055865921787709494,480.0,4.25,0.0
2041,3,579,2.5779999999999603,0.055267702936096716,480.5,4.25,0.0
2042,1,313,0.3119999999999896,0.054313099041533544,480.9,4.25,0.0
2043,0,179,-0.8219999999999998,0.055865921787709494,481.1,4.25,0.0
2044,2,461,1.4599999999999733,0.05639913232104121,481.3,4.25,0.0
2045,0,179,-0.8219999999999998,0.055865921787709494,481.4,4.25,0.0
2046,0,179,-0.8219999999999998,0.055865921787709494,481.5,4.25,0.0
2047,2,446,1.444999999999975,0.053811659192825115,481.8,4.25,0.0
2048,6,979,5.978000000000075,0.056179775280898875,482.4,4.25,0.0
2049,0,179,-0.8219999999999998,0.055865921787709494,482.5,4.25,0.0
2050,0,195,-0.8059999999999998,0.05641025641025641,482.6,4.25,0.0
2051,1,315,0.3139999999999894,0.05714285714285714,482.8,4.25,0.0
2052,2,455,1.453999999999974,0.05714285714285714,483.0,4.25,0.0
2053,1,313,0.3119999999999896,0.054313099041533544,483.2,4.25,0.0
2054,1,313,0.3119999999999896,0.054313099041533544,483.4,4.25,0.0
2055,4,729,3.7279999999999935,0.056241426611796985,483.9,4.25,0.0
2056,1,313,0.3119999999999896,0.054313099041533544,484.2,4.25,0.0
2057,0,179,-0.8219999999999998,0.055865921787709494,484.3,4.25,0.0
2058,0,179,-0.8219999999999998,0.055865921787709494,484.4,4.25,0.0
2059,4,713,3.711999999999988,0.056100981767180924,485.1,4.25,0.0
2060,2,461,1.4599999999999733,0.05639913232104121,485.4,4.25,0.0
2061,2,457,1.4559999999999738,0.05689277899343545,485.7,4.25,0.0
2062,0,179,-0.8219999999999998,0.055865921787709494,485.8,4.25,0.0
2063,1,313,0.3119999999999896,0.054313099041533544,485.9,4.25,0.0
2064,4,728,3.726999999999993,0.05631868131868132,486.3,4.25,0.0
2065,4,713,3.711999999999988,0.056100981767180924,486.7,4.24,0.0
2066,5,854,4.853000000000034,0.05620608899297424,487.2,4.24,0.0
2067,3,579,2.5779999999999603,0.055267702936096716,487.5,4.24,0.0
2068,0,179,-0.8219999999999998,0.055865921787709494,487.6,4.24,0.0
2069,0,179,-0.8219999999999998,0.055865921787709494,487.7,4.24,0.0
2070,3,611,2.609999999999957,0.05564648117839607,488.0,4.24,0.0
2071,4,713,3.711999999999988,0.056100981767180924,488.4,4.24,0.0
2072,0,179,-0.8219999999999998,0.055865921787709494,488.5,4.24,0.0
2073,1,313,0.3119999999999896,0.05750798722044728,488.6,4.24,0.0
2074,0,179,-0.8219999999999998,0.055865921787709494,488.7,4.25,0.0
2075,3,583,2.58199999999996,0.05660377358490566,489.0,4.25,0.0
2076,5,850,4.849000000000033,0.05647058823529412,489.5,4.24,0.0
2077,4,713,3.711999999999988,0.056100981767180924,489.9,4.24,0.0
2078,2,446,1.444999999999975,0.05605381165919283,490.1,4.24,0.0
2079,2,446,1.444999999999975,0.05605381165919283,490.3,4.24,0.0
2080,0,179,-0.8219999999999998,0.055865921787709494,490.4,4.24,0.0
2081,1,313,0.3119999999999896,0.054313099041533544,490.6,4.24,0.0
2082,0,185,-0.8159999999999998,0.05945945945945946,490.7,4.24,0.0
2083,1,315,0.3139999999999894,0.05714285714285714,490.9,4.25,0.0
2084,0,179,-0.8219999999999998,0.055865921787709494,491.0,4.25,0.0
2085,2,458,1.4569999999999736,0.056768558951965066,491.2,4.25,0.0
2086,0,179,-0.8219999999999998,0.055865921787709494,491.3,4.25,0.0
2087,0,179,-0.8219999999999998,0.055865921787709494,491.4,4.25,0.0
2088,2,446,1.444999999999975,0.05605381165919283,491.6,4.25,0.0
2089,4,729,3.7279999999999935,0.056241426611796985,492.0,4.25,0.0
2090,0,179,-0.8219999999999998,0.055865921787709494,492.1,4.25,0.0
2091,0,179,-0.8219999999999998,0.055865921787709494,492.2,4.25,0.0
2092,1,313,0.3119999999999896,0.054313099041533544,492.4,4.25,0.0
2093,0,179,-0.8219999999999998,0.055865921787709494,492.4,4.25,0.0
2094,2,454,1.452999999999974,0.05726872246696035,492.7,4.25,0.0
2095,0,179,-0.8219999999999998,0.055865921787709494,492.8,4.25,0.0
2096,0,179,-0.8219999999999998,0.055865921787709494,492.9,4.25,0.0
2097,0,194,-0.8069999999999998,0.05670103092783505,493.0,4.26,0.0
2098,0,193,-0.8079999999999998,0.05699481865284974,493.1,4.26,0.0
2099,5,860,4.859000000000036,0.05581395348837209,493.5,4.25,0.0
2100,4,713,3.711999999999988,0.0546984572230014,493.9,4.25,0.0
2101,1,336,0.3349999999999871,0.05654761904761905,494.1,4.25,0.0
2102,1,313,0.3119999999999896,0.05750798722044728,494.3,4.25,0.0
2103,3,579,2.5779999999999603,0.055267702936096716,494.6,4.25,0.0
2104,0,187,-0.8139999999999998,0.058823529411764705,494.7,4.26,0.0
2105,5,863,4.862000000000037,0.055619930475086905,495.1,4.25,0.0
2106,0,186,-0.8149999999999998,0.05913978494623656,495.2,4.25,0.0
2107,1,313,0.3119999999999896,0.054313099041533544,495.4,4.26,0.0
2108,0,187,-0.8139999999999998,0.058823529411764705,495.5,4.26,0.0
2109,3,582,2.58099999999996,0.05670103092783505,495.8,4.26,0.0
2110,3,579,2.5779999999999603,0.055267702936096716,496.1,4.26,0.0
2111,0,192,-0.8089999999999998,0.057291666666666664,496.2,4.26,0.0
2112,6,984,5.983000000000077,0.05589430894308943,496.7,4.25,0.0
2113,0,179,-0.8219999999999998,0.055865921787709494,496.8,4.26,0.0
2114,3,579,2.5779999999999603,0.055267702936096716,497.1,4.25,0.0
2115,1,313,0.3119999999999896,0.05750798722044728,497.3,4.26,0.0
2116,2,446,1.444999999999975,0.05605381165919283,497.5,4.26,0.0
2117,1,313,0.3119999999999896,0.054313099041533544,497.7,4.26,0.0
2118,4,713,3.711999999999988,0.0546984572230014,498.0,4.25,0.0
2119,1,318,0.31699999999998907,0.05660377358490566,498.2,4.26,0.0
2120,8,1246,8.244999999999962,0.056179775280898875,498.8,4.25,0.0
2121,0,179,-0.8219999999999998,0.055865921787709494,498.9,4.25,0.0
2122,3,579,2.5779999999999603,0.055267702936096716,499.3,4.25,0.0
2123,3,579,2.5779999999999603,0.055267702936096716,499.6,4.25,0.0
2124,2,446,1.444999999999975,0.053811659192825115,499.8,4.25,0.0
2125,0,179,-0.8219999999999998,0.055865921787709494,499.9,4.25,0.0
2126,0,179,-0.8219999999999998,0.055865921787709494,500.0,4.25,0.0
2127,3,579,2.5779999999999603,0.055267702936096716,500.3,4.25,0.0
2128,0,179,-0.8219999999999998,0.055865921787709494,500.4,4.25,0.0
2129,0,179,-0.8219999999999998,0.05027932960893855,500.5,4.26,0.0
2130,2,446,1.444999999999975,0.05605381165919283,500.7,4.26,0.0
2131,3,610,2.608999999999957,0.05573770491803279,501.0,4.26,0.0
2132,2,446,1.444999999999975,0.053811659192825115,501.2,4.26,0.0
2133,0,206,-0.7949999999999998,0.05825242718446602,501.4,4.26,0.0
2134,1,313,0.3119999999999896,0.054313099041533544,501.5,4.26,0.0
2135,6,979,5.978000000000075,0.05515832482124617,502.0,4.25,0.0
2136,0,179,-0.8219999999999998,0.055865921787709494,502.1,4.26,0.0
2137,0,179,-0.8219999999999998,0.055865921787709494,502.2,4.26,0.0
2138,1,313,0.3119999999999896,0.054313099041533544,502.4,4.26,0.0
2139,2,446,1.444999999999975,0.05605381165919283,502.6,4.26,0.0
2140,0,184,-0.8169999999999998,0.059782608695652176,502.7,4.26,0.0
2141,4,713,3.711999999999988,0.056100981767180924,503.2,4.26,0.0
2142,2,463,1.461999999999973,0.056155507559395246,503.4,4.26,0.0
2143,3,579,2.5779999999999603,0.055267702936096716,503.7,4.26,0.0
2144,3,579,2.5779999999999603,0.055267702936096716,504.0,4.26,0.0
2145,7,1113,7.112000000000036,0.055705300988319856,504.6,4.25,0.0
2146,2,446,1.444999999999975,0.05605381165919283,504.8,4.25,0.0
2147,1,313,0.3119999999999896,0.054313099041533544,505.0,4.25,0.0
2148,3,579,2.5779999999999603,0.055267702936096716,505.3,4.25,0.0
2149,1,313,0.3119999999999896,0.054313099041533544,505.5,4.25,0.0
2150,1,321,0.31999999999998874,0.056074766355140186,505.7,4.25,0.0
2151,3,579,2.5779999999999603,0.055267702936096716,506.0,4.25,0.0
2152,3,582,2.58099999999996,0.05670103092783505,506.3,4.25,0.0
2153,2,454,1.452999999999974,0.05726872246696035,506.5,4.25,0.0
2154,0,215,-0.7859999999999998,0.05581395348837209,506.6,4.25,0.0
2155,3,579,2.5779999999999603,0.055267702936096716,506.9,4.25,0.0
2156,3,584,2.5829999999999598,0.05650684931506849,507.2,4.25,0.0
2157,2,446,1.444999999999975,0.05605381165919283,507.5,4.25,0.0
2158,1,313,0.3119999999999896,0.05750798722044728,507.6,4.25,0.0
2159,1,313,0.3119999999999896,0.054313099041533544,507.8,4.25,0.0
2160,1,313,0.3119999999999896,0.054313099041533544,508.0,4.25,0.0
2161,1,319,0.31799999999998896,0.05642633228840126,508.1,4.25,0.0
2162,1,318,0.31699999999998907,0.05660377358490566,508.3,4.26,0.0
2163,1,320,0.31899999999998885,0.05625,508.5,4.26,0.0
2164,2,446,1.444999999999975,0.05605381165919283,508.7,4.26,0.0
2165,0,179,-0.8219999999999998,0.055865921787709494,508.8,4.26,0.0
2166,3,579,2.5779999999999603,0.055267702936096716,509.1,4.26,0.0
2167,1,313,0.3119999999999896,0.05750798722044728,509.3,4.26,0.0
2168,3,579,2.5779999999999603,0.055267702936096716,509.5,4.26,0.0
2169,1,319,0.31799999999998896,0.05642633228840126,509.7,4.26,0.0
2170,1,313,0.3119999999999896,0.054313099041533544,509.9,4.26,0.0
2171,2,446,1.444999999999975,0.05605381165919283,510.1,4.26,0.0
2172,0,179,-0.8219999999999998,0.055865921787709494,510.2,4.26,0.0
2173,3,579,2.5779999999999603,0.055267702936096716,510.5,4.26,0.0
2174,0,179,-0.8219999999999998,0.055865921787709494,510.6,4.26,0.0
2175,0,179,-0.8219999999999998,0.055865921787709494,510.7,4.26,0.0
2176,2,446,1.444999999999975,0.05605381165919283,510.9,4.26,0.0
2177,3,579,2.5779999999999603,0.055267702936096716,511.2,4.26,0.0
2178,0,179,-0.8219999999999998,0.055865921787709494,511.3,4.26,0.0
2179,1,313,0.3119999999999896,0.05750798722044728,511.5,4.26,0.0
2180,4,713,3.711999999999988,0.0546984572230014,511.9,4.26,0.0
2181,0,179,-0.8219999999999998,0.055865921787709494,511.9,4.26,0.0
2182,3,585,2.5839999999999597,0.05641025641025641,512.2,4.26,0.0
2183,2,446,1.444999999999975,0.053811659192825115,512.5,4.26,0.0
2184,3,579,2.5779999999999603,0.055267702936096716,512.8,4.26,0.0
2185,1,315,0.3139999999999894,0.05714285714285714,513.0,4.26,0.0
2186,3,579,2.5779999999999603,0.055267702936096716,513.3,4.26,0.0
2187,1,313,0.3119999999999896,0.054313099041533544,513.4,4.26,0.0
2188,2,446,1.444999999999975,0.05605381165919283,513.7,4.26,0.0
2189,6,983,5.982000000000077,0.05595116988809766,514.2,4.26,0.0
2190,1,313,0.3119999999999896,0.054313099041533544,514.3,4.26,0.0
2191,1,336,0.3349999999999871,0.05654761904761905,514.5,4.26,0.0
2192,3,579,2.5779999999999603,0.055267702936096716,514.8,4.26,0.0
2193,4,713,3.711999999999988,0.056100981767180924,515.2,4.26,0.0
2194,0,186,-0.8149999999999998,0.05913978494623656,515.3,4.26,0.0
2195,3,579,2.5779999999999603,0.055267702936096716,515.6,4.26,0.0
2196,0,179,-0.8219999999999998,0.055865921787709494,515.7,4.26,0.0
2197,4,726,3.7249999999999925,0.05647382920110193,516.0,4.26,0.0
2198,4,713,3.711999999999988,0.056100981767180924,516.4,4.26,0.0
2199,3,579,2.5779999999999603,0.055267702936096716,516.7,4.26,0.0
2200,7,1113,7.112000000000036,0.055705300988319856,517.3,4.25,0.0
2201,1,315,0.3139999999999894,0.05714285714285714,517.4,4.26,0.0
2202,3,592,2.590999999999959,0.05574324324324324,517.8,4.25,0.0
2203,1,313,0.3119999999999896,0.05750798722044728,517.9,4.26,0.0
2204,0,179,-0.8219999999999998,0.055865921787709494,518.0,4.26,0.0
2205,6,979,5.978000000000075,0.05515832482124617,518.5,4.25,0.0
2206,1,313,0.3119999999999896,0.05750798722044728,518.7,4.25,0.0
2207,0,195,-0.8059999999999998,0.05641025641025641,518.8,4.26,0.0
2208,1,313,0.3119999999999896,0.054313099041533544,519.0,4.26,0.0
2209,0,179,-0.8219999999999998,0.055865921787709494,519.1,4.26,0.0
2210,8,1246,8.244999999999962,0.05537720706260032,519.7,4.25,0.0
2211,5,846,4.845000000000032,0.05555555555555555,520.2,4.25,0.0
2212,0,179,-0.8219999999999998,0.055865921787709494,520.3,4.25,0.0
2213,3,579,2.5779999999999603,0.055267702936096716,520.6,4.25,0.0
2214,2,454,1.452999999999974,0.05726872246696035,520.8,4.25,0.0
2215,1,313,0.3119999999999896,0.054313099041533544,521.0,4.25,0.0
2216,1,318,0.31699999999998907,0.05660377358490566,521.1,4.25,0.0
2217,2,446,1.444999999999975,0.05605381165919283,521.4,4.25,0.0
2218,0,184,-0.8169999999999998,0.059782608695652176,521.5,4.26,0.0
2219,0,179,-0.8219999999999998,0.055865921787709494,521.6,4.26,0.0
2220,1,315,0.3139999999999894,0.05714285714285714,521.7,4.26,0.0
2221,0,191,-0.8099999999999998,0.05759162303664921,521.8,4.26,0.0
2222,2,446,1.444999999999975,0.05605381165919283,522.0,4.26,0.0
2223,5,846,4.845000000000032,0.05555555555555555,522.5,4.26,0.0
2224,1,317,0.3159999999999892,0.056782334384858045,522.7,4.26,0.0
2225,0,196,-0.8049999999999998,0.05612244897959184,522.8,4.26,0.0
2226,1,313,0.3119999999999896,0.054313099041533544,522.9,4.26,0.0
2227,4,713,3.711999999999988,0.0546984572230014,523.3,4.26,0.0
2228,3,579,2.5779999999999603,0.055267702936096716,523.6,4.26,0.0
2229,4,713,3.711999999999988,0.056100981767180924,524.0,4.26,0.0
2230,1,337,0.335999999999987,0.05637982195845697,524.1,4.26,0.0
2231,3,584,2.5829999999999598,0.05650684931506849,524.4,4.26,0.0
2232,5,846,4.845000000000032,0.05555555555555555,524.9,4.25,0.0
2233,2,454,1.452999999999974,0.05726872246696035,525.1,4.25,0.0
2234,5,859,4.858000000000036,0.05587892898719441,525.5,4.25,0.0
2235,0,179,-0.8219999999999998,0.055865921787709494,525.6,4.25,0.0
2236,0,179,-0.8219999999999998,0.05027932960893855,525.7,4.26,0.0
2237,1,313,0.3119999999999896,0.054313099041533544,525.9,4.26,0.0
2238,5,858,4.857000000000036,0.055944055944055944,526.3,4.25,0.0
2239,0,179,-0.8219999999999998,0.055865921787709494,526.4,4.26,0.0
2240,0,179,-0.8219999999999998,0.055865921787709494,526.5,4.26,0.0
2241,0,189,-0.8119999999999998,0.0582010582010582,526.6,4.26,0.0
2242,0,186,-0.8149999999999998,0.05913978494623656,526.7,4.26,0.0
2243,1,313,0.3119999999999896,0.054313099041533544,526.9,4.26,0.0
2244,1,313,0.3119999999999896,0.054313099041533544,527.1,4.26,0.0
2245,2,446,1.444999999999975,0.05605381165919283,527.3,4.26,0.0
2246,2,446,1.444999999999975,0.05605381165919283,527.5,4.26,0.0
2247,2,446,1.444999999999975,0.05605381165919283,527.8,4.26,0.0
2248,0,191,-0.8099999999999998,0.05759162303664921,527.9,4.26,0.0
2249,6,979,5.978000000000075,0.056179775280898875,528.4,4.26,0.0
2250,4,713,3.711999999999988,0.056100981767180924,528.8,4.26,0.0
2251,1,319,0.31799999999998896,0.05642633228840126,528.9,4.26,0.0
2252,6,983,5.982000000000077,0.05595116988809766,529.4,4.26,0.0
2253,3,579,2.5779999999999603,0.055267702936096716,529.7,4.25,0.0
2254,0,179,-0.8219999999999998,0.055865921787709494,529.8,4.26,0.0
2255,1,313,0.3119999999999896,0.054313099041533544,530.0,4.26,0.0
2256,0,179,-0.8219999999999998,0.055865921787709494,530.1,4.26,0.0
2257,3,582,2.58099999999996,0.05670103092783505,530.4,4.26,0.0
2258,2,446,1.444999999999975,0.05605381165919283,530.6,4.26,0.0
2259,1,313,0.3119999999999896,0.054313099041533544,530.8,4.26,0.0
2260,2,446,1.444999999999975,0.053811659192825115,531.0,4.26,0.0
2261,2,446,1.444999999999975,0.05605381165919283,531.3,4.26,0.0
2262,0,197,-0.8039999999999998,0.05583756345177665,531.4,4.26,0.0
2263,3,580,2.57899999999996,0.056896551724137934,531.7,4.26,0.0
2264,0,179,-0.8219999999999998,0.055865921787709494,531.8,4.26,0.0
2265,2,446,1.444999999999975,0.05605381165919283,532.0,4.26,0.0
2266,1,313,0.3119999999999896,0.054313099041533544,532.2,4.26,0.0
2267,1,323,0.3219999999999885,0.05572755417956656,532.3,4.26,0.0
2268,4,727,3.725999999999993,0.05639614855570839,532.7,4.26,0.0
2269,0,179,-0.8219999999999998,0.055865921787709494,532.8,4.26,0.0
2270,1,317,0.3159999999999892,0.056782334384858045,533.0,4.26,0.0
2271,3,579,2.5779999999999603,0.055267702936096716,533.3,4.26,0.0
2272,0,179,-0.8219999999999998,0.055865921787709494,533.4,4.26,0.0
2273,6,979,5.978000000000075,0.056179775280898875,533.9,4.26,0.0
2274,2,446,1.444999999999975,0.05605381165919283,534.1,4.26,0.0
2275,4,713,3.711999999999988,0.0546984572230014,534.5,4.26,0.0
2276,8,1253,8.251999999999958,0.055865921787709494,535.1,4.25,0.0
2277,1,313,0.3119999999999896,0.054313099041533544,535.3,4.26,0.0
2278,2,446,1.444999999999975,0.05605381165919283,535.5,4.26,0.0
2279,0,184,-0.8169999999999998,0.059782608695652176,535.6,4.26,0.0
2280,3,581,2.57999999999996,0.05679862306368331,535.9,4.26,0.0
2281,2,459,1.4579999999999735,0.05664488017429194,536.2,4.26,0.0
2282,2,446,1.444999999999975,0.05605381165919283,536.4,4.26,0.0
2283,7,1113,7.112000000000036,0.055705300988319856,537.0,4.25,0.0
2284,1,313,0.3119999999999896,0.05750798722044728,537.1,4.25,0.0
2285,0,179,-0.8219999999999998,0.055865921787709494,537.2,4.26,0.0
2286,3,591,2.589999999999959,0.05583756345177665,537.5,4.25,0.0
2287,0,179,-0.8219999999999998,0.055865921787709494,537.6,4.26,0.0
2288,4,729,3.7279999999999935,0.056241426611796985,538.0,4.25,0.0
2289,0,179,-0.8219999999999998,0.055865921787709494,538.1,4.26,0.0
2290,1,313,0.3119999999999896,0.054313099041533544,538.3,4.26,0.0
2291,3,579,2.5779999999999603,0.055267702936096716,538.6,4.26,0.0
2292,0,179,-0.8219999999999998,0.055865921787709494,538.7,4.26,0.0
2293,1,313,0.3119999999999896,0.05750798722044728,538.8,4.26,0.0
2294,0,179,-0.8219999999999998,0.055865921787709494,538.9,4.26,0.0
2295,1,315,0.3139999999999894,0.05714285714285714,539.1,4.26,0.0
2296,0,182,-0.8189999999999998,0.06043956043956044,539.2,4.26,0.0
2297,0,186,-0.8149999999999998,0.05913978494623656,539.3,4.26,0.0
2298,0,179,-0.8219999999999998,0.055865921787709494,539.4,4.26,0.0
2299,4,713,3.711999999999988,0.0546984572230014,539.7,4.26,0.0
2300,3,580,2.57899999999996,0.056896551724137934,540.0,4.26,0.0
2301,4,734,3.732999999999995,0.055858310626702996,540.4,4.26,0.0
2302,3,585,2.5839999999999597,0.05641025641025641,540.7,4.26,0.0
2303,0,179,-0.8219999999999998,0.055865921787709494,540.8,4.26,0.0
2304,1,313,0.3119999999999896,0.054313099041533544,541.0,4.26,0.0
2305,3,583,2.58199999999996,0.05660377358490566,541.3,4.26,0.0
2306,0,179,-0.8219999999999998,0.055865921787709494,541.4,4.26,0.0
2307,3,586,2.5849999999999596,0.05631399317406143,541.7,4.26,0.0
2308,0,179,-0.8219999999999998,0.055865921787709494,541.8,4.26,0.0
2309,2,446,1.444999999999975,0.05605381165919283,542.0,4.26,0.0
2310,3,579,2.5779999999999603,0.055267702936096716,542.3,4.26,0.0
2311,2,446,1.444999999999975,0.05605381165919283,542.5,4.26,0.0
2312,4,713,3.711999999999988,0.056100981767180924,542.9,4.26,0.0
2313,1,313,0.3119999999999896,0.054313099041533544,543.1,4.26,0.0
2314,3,579,2.5779999999999603,0.055267702936096716,543.4,4.26,0.0
2315,0,179,-0.8219999999999998,0.055865921787709494,543.4,4.26,0.0
2316,3,582,2.58099999999996,0.05670103092783505,543.7,4.26,0.0
2317,3,582,2.58099999999996,0.05670103092783505,544.0,4.26,0.0
2318,3,579,2.5779999999999603,0.055267702936096716,544.3,4.26,0.0
2319,0,179,-0.8219999999999998,0.055865921787709494,544.4,4.26,0.0
2320,3,579,2.5779999999999603,0.055267702936096716,544.7,4.26,0.0
2321,3,579,2.5779999999999603,0.055267702936096716,545.0,4.26,0.0
2322,6,979,5.978000000000075,0.05515832482124617,545.5,4.26,0.0
2323,0,191,-0.8099999999999998,0.05759162303664921,545.6,4.26,0.0
2324,0,184,-0.8169999999999998,0.059782608695652176,545.7,4.26,0.0
2325,2,446,1.444999999999975,0.053811659192825115,546.0,4.26,0.0
2326,0,179,-0.8219999999999998,0.05027932960893855,546.1,4.26,0.0
2327,0,180,-0.8209999999999998,0.06111111111111111,546.2,4.26,0.0
2328,0,179,-0.8219999999999998,0.055865921787709494,546.3,4.26,0.0
2329,3,609,2.607999999999957,0.05582922824302135,546.6,4.26,0.0
2330,4,713,3.711999999999988,0.056100981767180924,546.9,4.26,0.0
2331,2,446,1.444999999999975,0.05605381165919283,547.2,4.26,0.0
2332,3,583,2.58199999999996,0.05660377358490566,547.5,4.26,0.0
2333,1,313,0.3119999999999896,0.05750798722044728,547.7,4.26,0.0
2334,3,579,2.5779999999999603,0.055267702936096716,548.0,4.26,0.0
2335,1,313,0.3119999999999896,0.05750798722044728,548.1,4.26,0.0
2336,4,713,3.711999999999988,0.056100981767180924,548.5,4.26,0.0
2337,6,979,5.978000000000075,0.056179775280898875,549.0,4.26,0.0
2338,1,315,0.3139999999999894,0.05714285714285714,549.2,4.26,0.0
2339,3,579,2.5779999999999603,0.055267702936096716,549.5,4.26,0.0
2340,7,1113,7.112000000000036,0.05480682839173405,550.1,4.26,0.0
2341,2,446,1.444999999999975,0.05605381165919283,550.3,4.26,0.0
2342,0,179,-0.8219999999999998,0.055865921787709494,550.4,4.26,0.0
2343,1,317,0.3159999999999892,0.056782334384858045,550.6,4.26,0.0
2344,3,579,2.5779999999999603,0.055267702936096716,550.9,4.26,0.0
2345,1,313,0.3119999999999896,0.05750798722044728,551.0,4.26,0.0
2346,0,179,-0.8219999999999998,0.055865921787709494,551.1,4.26,0.0
2347,1,313,0.3119999999999896,0.054313099041533544,551.3,4.26,0.0
2348,5,852,4.851000000000034,0.056338028169014086,551.7,4.26,0.0
2349,7,1113,7.112000000000036,0.055705300988319856,552.3,4.25,0.0
2350,2,467,1.4659999999999727,0.055674518201284794,552.6,4.25,0.0
2351,2,446,1.444999999999975,0.05605381165919283,552.8,4.25,0.0
2352,0,179,-0.8219999999999998,0.055865921787709494,552.9,4.26,0.0
2353,2,446,1.444999999999975,0.05605381165919283,553.2,4.26,0.0
2354,3,588,2.5869999999999593,0.05612244897959184,553.5,4.25,0.0
2355,3,579,2.5779999999999603,0.055267702936096716,553.8,4.25,0.0
2356,2,446,1.444999999999975,0.05605381165919283,554.0,4.25,0.0
2357,0,179,-0.8219999999999998,0.055865921787709494,554.1,4.26,0.0
2358,0,179,-0.8219999999999998,0.055865921787709494,554.2,4.26,0.0
2359,0,190,-0.8109999999999998,0.05789473684210526,554.3,4.26,0.0
2360,9,1396,9.394999999999879,0.055873925501432664,555.1,4.25,0.0
2361,0,179,-0.8219999999999998,0.055865921787709494,555.2,4.25,0.0
2362,0,195,-0.8059999999999998,0.05641025641025641,555.3,4.26,0.0
2363,4,729,3.7279999999999935,0.056241426611796985,555.6,4.25,0.0
2364,2,447,1.4459999999999749,0.05592841163310962,555.9,4.25,0.0
2365,2,446,1.444999999999975,0.053811659192825115,556.1,4.25,0.0
2366,0,179,-0.8219999999999998,0.055865921787709494,556.2,4.26,0.0
2367,1,313,0.3119999999999896,0.054313099041533544,556.4,4.26,0.0
2368,0,179,-0.8219999999999998,0.055865921787709494,556.5,4.26,0.0
2369,2,446,1.444999999999975,0.05605381165919283,556.7,4.26,0.0
2370,0,179,-0.8219999999999998,0.055865921787709494,556.8,4.26,0.0
2371,0,192,-0.8089999999999998,0.057291666666666664,556.9,4.26,0.0
2372,0,179,-0.8219999999999998,0.055865921787709494,557.0,4.26,0.0
2373,5,846,4.845000000000032,0.05555555555555555,557.4,4.26,0.0
2374,2,462,1.4609999999999732,0.05627705627705628,557.7,4.26,0.0
2375,6,979,5.978000000000075,0.056179775280898875,558.2,4.26,0.0
2376,0,179,-0.8219999999999998,0.05027932960893855,558.3,4.26,0.0
2377,1,323,0.3219999999999885,0.05572755417956656,558.4,4.26,0.0
2378,1,313,0.3119999999999896,0.054313099041533544,558.6,4.26,0.0
2379,4,713,3.711999999999988,0.056100981767180924,559.0,4.26,0.0
2380,2,459,1.4579999999999735,0.05664488017429194,559.2,4.26,0.0
2381,3,579,2.5779999999999603,0.055267702936096716,559.5,4.26,0.0
2382,3,588,2.5869999999999593,0.05612244897959184,559.9,4.26,0.0
2383,0,184,-0.8169999999999998,0.059782608695652176,560.0,4.26,0.0
2384,5,846,4.845000000000032,0.05555555555555555,560.5,4.26,0.0
2385,0,179,-0.8219999999999998,0.055865921787709494,560.6,4.26,0.0
2386,1,323,0.3219999999999885,0.05572755417956656,560.8,4.26,0.0
2387,0,179,-0.8219999999999998,0.055865921787709494,561.0,4.26,0.0
2388,2,448,1.4469999999999748,0.05580357142857143,561.5,4.25,0.0
2389,1,313,0.3119999999999896,0.054313099041533544,562.2,4.25,0.0
2390,3,587,2.5859999999999594,0.056218057921635436,563.2,4.25,0.0
2391,4,713,3.711999999999988,0.056100981767180924,563.9,4.24,0.0
2392,6,979,5.978000000000075,0.05515832482124617,565.3,4.23,0.0
2393,1,313,0.3119999999999896,0.05750798722044728,565.8,4.23,0.0
2394,0,179,-0.8219999999999998,0.055865921787709494,566.0,4.23,0.0
2395,0,189,-0.8119999999999998,0.0582010582010582,566.2,4.23,0.0
2396,2,457,1.4559999999999738,0.05689277899343545,566.7,4.23,0.0
2397,3,592,2.590999999999959,0.05574324324324324,567.3,4.23,0.0
2398,2,447,1.4459999999999749,0.05592841163310962,567.8,4.23,0.0
2399,1,313,0.3119999999999896,0.054313099041533544,568.2,4.22,0.0
2400,0,179,-0.8219999999999998,0.055865921787709494,568.4,4.22,0.0
2401,0,187,-0.8139999999999998,0.058823529411764705,568.6,4.22,0.0
2402,2,464,1.462999999999973,0.05603448275862069,569.0,4.22,0.0
2403,4,713,3.711999999999988,0.056100981767180924,569.8,4.22,0.0
2404,2,464,1.462999999999973,0.05603448275862069,570.3,4.22,0.0
2405,1,313,0.3119999999999896,0.05750798722044728,570.7,4.22,0.0
2406,5,846,4.845000000000032,0.05555555555555555,571.7,4.21,0.0
2407,3,579,2.5779999999999603,0.055267702936096716,572.2,4.21,0.0
2408,4,713,3.711999999999988,0.0546984572230014,572.9,4.21,0.0
2409,2,456,1.4549999999999739,0.05701754385964912,573.3,4.20,0.0
2410,3,579,2.5779999999999603,0.055267702936096716,573.9,4.20,0.0
2411,0,179,-0.8219999999999998,0.055865921787709494,574.1,4.20,0.0
2412,0,179,-0.8219999999999998,0.05027932960893855,574.3,4.20,0.0
2413,0,179,-0.8219999999999998,0.055865921787709494,574.6,4.20,0.0
2414,2,446,1.444999999999975,0.05605381165919283,575.0,4.20,0.0
2415,0,179,-0.8219999999999998,0.055865921787709494,575.2,4.20,0.0
2416,1,313,0.3119999999999896,0.054313099041533544,575.5,4.20,0.0
2417,0,179,-0.8219999999999998,0.055865921787709494,575.7,4.20,0.0
2418,1,313,0.3119999999999896,0.054313099041533544,576.0,4.20,0.0
2419,1,313,0.3119999999999896,0.054313099041533544,576.3,4.20,0.0
2420,1,313,0.3119999999999896,0.054313099041533544,576.6,4.20,0.0
2421,3,579,2.5779999999999603,0.055267702936096716,577.1,4.20,0.0
2422,0,179,-0.8219999999999998,0.055865921787709494,577.3,4.20,0.0
2423,0,179,-0.8219999999999998,0.055865921787709494,577.5,4.20,0.0
2424,4,713,3.711999999999988,0.056100981767180924,578.3,4.19,0.0
2425,4,713,3.711999999999988,0.0546984572230014,579.0,4.19,0.0
2426,3,579,2.5779999999999603,0.055267702936096716,579.6,4.19,0.0
2427,1,335,0.3339999999999872,0.056716417910447764,580.0,4.19,0.0
2428,1,313,0.3119999999999896,0.054313099041533544,580.3,4.19,0.0
2429,1,314,0.3129999999999895,0.05732484076433121,580.6,4.19,0.0
2430,2,460,1.4589999999999734,0.05652173913043478,581.1,4.18,0.0
2431,1,313,0.3119999999999896,0.054313099041533544,581.4,4.18,0.0
2432,1,313,0.3119999999999896,0.054313099041533544,581.8,4.18,0.0
2433,1,313,0.3119999999999896,0.05750798722044728,582.2,4.18,0.0
2434,0,184,-0.8169999999999998,0.059782608695652176,582.5,4.18,0.0
2435,2,454,1.452999999999974,0.05726872246696035,582.9,4.18,0.0
2436,1,322,0.32099999999998863,0.055900621118012424,583.3,4.18,0.0
2437,2,446,1.444999999999975,0.053811659192825115,583.8,4.18,0.0
2438,2,462,1.4609999999999732,0.05627705627705628,584.2,4.17,0.0
2439,4,734,3.732999999999995,0.055858310626702996,585.0,4.17,0.0
2440,4,728,3.726999999999993,0.05631868131868132,585.8,4.17,0.0
2441,0,179,-0.8219999999999998,0.055865921787709494,586.0,4.17,0.0
2442,1,339,0.33799999999998676,0.05604719764011799,586.3,4.17,0.0
2443,0,179,-0.8219999999999998,0.055865921787709494,586.5,4.17,0.0
2444,2,464,1.462999999999973,0.05603448275862069,587.0,4.17,0.0
2445,3,579,2.5779999999999603,0.055267702936096716,587.6,4.16,0.0
2446,0,184,-0.8169999999999998,0.059782608695652176,587.8,4.16,0.0
2447,3,579,2.5779999999999603,0.055267702936096716,588.4,4.16,0.0
2448,0,179,-0.8219999999999998,0.055865921787709494,588.5,4.16,0.0
2449,1,313,0.3119999999999896,0.05750798722044728,588.9,4.16,0.0
2450,6,979,5.978000000000075,0.05515832482124617,589.9,4.16,0.0
2451,3,586,2.5849999999999596,0.05631399317406143,590.5,4.15,0.0
2452,0,187,-0.8139999999999998,0.058823529411764705,590.7,4.15,0.0
2453,1,313,0.3119999999999896,0.05750798722044728,591.0,4.15,0.0
2454,1,313,0.3119999999999896,0.05750798722044728,591.3,4.15,0.0
2455,2,446,1.444999999999975,0.05605381165919283,591.7,4.15,0.0
2456,2,446,1.444999999999975,0.05605381165919283,592.1,4.15,0.0
2457,6,979,5.978000000000075,0.056179775280898875,593.1,4.14,0.0
2458,0,179,-0.8219999999999998,0.055865921787709494,593.3,4.14,0.0
2459,0,179,-0.8219999999999998,0.055865921787709494,593.4,4.15,0.0
2460,2,446,1.444999999999975,0.05605381165919283,593.8,4.14,0.0
2461,0,193,-0.8079999999999998,0.05699481865284974,594.0,4.14,0.0
2462,0,187,-0.8139999999999998,0.058823529411764705,594.2,4.15,0.0
2463,1,322,0.32099999999998863,0.055900621118012424,594.5,4.14,0.0
2464,0,184,-0.8169999999999998,0.059782608695652176,594.6,4.15,0.0
2465,2,446,1.444999999999975,0.05605381165919283,595.0,4.14,0.0
2466,1,318,0.31699999999998907,0.05660377358490566,595.3,4.14,0.0
2467,4,732,3.7309999999999945,0.056010928961748634,596.0,4.14,0.0
2468,5,846,4.845000000000032,0.05555555555555555,596.7,4.14,0.0
2469,0,179,-0.8219999999999998,0.055865921787709494,596.9,4.14,0.0
2470,0,179,-0.8219999999999998,0.055865921787709494,597.1,4.14,0.0
2471,1,313,0.3119999999999896,0.05750798722044728,597.3,4.14,0.0
2472,1,313,0.3119999999999896,0.054313099041533544,597.6,4.14,0.0
2473,1,313,0.3119999999999896,0.054313099041533544,597.9,4.14,0.0
2474,2,446,1.444999999999975,0.05605381165919283,598.3,4.14,0.0
2475,1,313,0.3119999999999896,0.05750798722044728,598.6,4.14,0.0
2476,5,846,4.845000000000032,0.05555555555555555,599.4,4.13,0.0
2477,2,446,1.444999999999975,0.05605381165919283,599.8,4.13,0.0
2478,6,979,5.978000000000075,0.05515832482124617,600.7,4.13,0.0
2479,4,736,3.734999999999996,0.05570652173913043,601.3,4.12,0.0
2480,2,446,1.444999999999975,0.053811659192825115,601.8,4.12,0.0
2481,9,1379,9.377999999999888,0.05583756345177665,603.0,4.12,0.0
2482,1,313,0.3119999999999896,0.054313099041533544,603.3,4.12,0.0
2483,0,179,-0.8219999999999998,0.055865921787709494,603.4,4.12,0.0
2484,0,191,-0.8099999999999998,0.05759162303664921,603.6,4.12,0.0
2485,1,313,0.3119999999999896,0.054313099041533544,603.9,4.12,0.0
2486,1,313,0.3119999999999896,0.05750798722044728,604.2,4.12,0.0
2487,3,579,2.5779999999999603,0.055267702936096716,604.7,4.11,0.0
2488,2,446,1.444999999999975,0.05605381165919283,605.1,4.11,0.0
2489,3,579,2.5779999999999603,0.055267702936096716,605.6,4.11,0.0
2490,2,446,1.444999999999975,0.05605381165919283,606.0,4.11,0.0
2491,1,317,0.3159999999999892,0.056782334384858045,606.3,4.11,0.0
2492,0,193,-0.8079999999999998,0.05699481865284974,606.4,4.11,0.0
2493,0,179,-0.8219999999999998,0.055865921787709494,606.6,4.11,0.0
2494,11,1646,11.64499999999974,0.05528554070473876,608.2,4.10,0.0
2495,1,317,0.3159999999999892,0.056782334384858045,608.5,4.10,0.0
2496,2,456,1.4549999999999739,0.05701754385964912,608.9,4.10,0.0
2497,0,179,-0.8219999999999998,0.055865921787709494,609.0,4.10,0.0
2498,0,179,-0.8219999999999998,0.05027932960893855,609.2,4.10,0.0
2499,0,179,-0.8219999999999998,0.055865921787709494,609.4,4.10,0.0
2500,3,591,2.589999999999959,0.05583756345177665,609.9,4.10,0.0
2501,0,179,-0.8219999999999998,0.055865921787709494,615.3,4.07,0.0
2502,0,190,-0.8109999999999998,0.05789473684210526,615.4,4.07,0.0
2503,0,179,-0.8219999999999998,0.055865921787709494,615.6,4.07,0.0
2504,2,446,1.444999999999975,0.053811659192825115,616.0,4.07,0.0
2505,2,446,1.444999999999975,0.05605381165919283,616.5,4.07,0.0
2506,3,584,2.5829999999999598,0.05650684931506849,617.0,4.06,0.0
2507,0,179,-0.8219999999999998,0.055865921787709494,617.2,4.06,0.0
2508,2,446,1.444999999999975,0.05605381165919283,617.6,4.06,0.0
2509,1,314,0.3129999999999895,0.05732484076433121,617.8,4.06,0.0
2510,2,446,1.444999999999975,0.053811659192825115,618.3,4.06,0.0
2511,8,1275,8.273999999999946,0.05568627450980392,619.5,4.05,0.0
2512,0,204,-0.7969999999999998,0.058823529411764705,619.7,4.06,0.0
2513,0,187,-0.8139999999999998,0.058823529411764705,619.9,4.06,0.0
2514,4,713,3.711999999999988,0.056100981767180924,620.7,4.05,0.0
2515,1,313,0.3119999999999896,0.054313099041533544,621.0,4.05,0.0
2516,0,179,-0.8219999999999998,0.055865921787709494,621.2,4.05,0.0
2517,0,179,-0.8219999999999998,0.055865921787709494,621.4,4.05,0.0
2518,1,335,0.3339999999999872,0.056716417910447764,621.8,4.05,0.0
2519,2,446,1.444999999999975,0.05605381165919283,622.2,4.05,0.0
2520,0,186,-0.8149999999999998,0.05913978494623656,622.4,4.05,0.0
2521,2,446,1.444999999999975,0.05605381165919283,622.8,4.05,0.0
2522,2,454,1.452999999999974,0.05726872246696035,623.2,4.05,0.0
2523,0,179,-0.8219999999999998,0.055865921787709494,623.4,4.05,0.0
2524,0,179,-0.8219999999999998,0.055865921787709494,623.5,4.05,0.0
2525,2,454,1.452999999999974,0.05726872246696035,623.9,4.05,0.0
2526,1,321,0.31999999999998874,0.056074766355140186,624.2,4.05,0.0
2527,0,179,-0.8219999999999998,0.055865921787709494,624.3,4.05,0.0
2528,1,313,0.3119999999999896,0.05750798722044728,624.6,4.05,0.0
2529,1,322,0.32099999999998863,0.055900621118012424,624.9,4.05,0.0
2530,0,192,-0.8089999999999998,0.057291666666666664,625.1,4.05,0.0
2531,3,579,2.5779999999999603,0.055267702936096716,625.6,4.05,0.0
2532,0,179,-0.8219999999999998,0.055865921787709494,625.7,4.05,0.0
2533,0,179,-0.8219999999999998,0.055865921787709494,625.9,4.05,0.0
2534,1,313,0.3119999999999896,0.05750798722044728,626.2,4.05,0.0
2535,3,579,2.5779999999999603,0.055267702936096716,626.7,4.05,0.0
2536,1,313,0.3119999999999896,0.054313099041533544,627.0,4.05,0.0
2537,3,579,2.5779999999999603,0.055267702936096716,627.6,4.04,0.0
2538,0,179,-0.8219999999999998,0.055865921787709494,627.7,4.04,0.0
2539,3,589,2.587999999999959,0.05602716468590832,628.2,4.04,0.0
2540,3,579,2.5779999999999603,0.055267702936096716,628.7,4.04,0.0
2541,1,314,0.3129999999999895,0.05732484076433121,629.0,4.04,0.0
2542,2,446,1.444999999999975,0.05605381165919283,629.4,4.04,0.0
2543,6,979,5.978000000000075,0.05515832482124617,630.3,4.04,0.0
2544,4,732,3.7309999999999945,0.056010928961748634,630.9,4.03,0.0
2545,0,184,-0.8169999999999998,0.059782608695652176,631.1,4.03,0.0
2546,0,190,-0.8109999999999998,0.05789473684210526,631.3,4.03,0.0
2547,0,185,-0.8159999999999998,0.05945945945945946,631.5,4.03,0.0
2548,0,179,-0.8219999999999998,0.055865921787709494,631.7,4.04,0.0
2549,2,456,1.4549999999999739,0.05701754385964912,632.1,4.03,0.0
2550,0,195,-0.8059999999999998,0.05641025641025641,632.2,4.03,0.0
2551,0,179,-0.8219999999999998,0.055865921787709494,632.4,4.04,0.0
2552,1,313,0.3119999999999896,0.05750798722044728,632.7,4.04,0.0
2553,0,211,-0.7899999999999998,0.05687203791469194,632.9,4.04,0.0
2554,7,1113,7.112000000000036,0.055705300988319856,633.9,4.03,0.0
2555,1,313,0.3119999999999896,0.05750798722044728,634.1,4.03,0.0
2556,2,446,1.444999999999975,0.05605381165919283,634.5,4.03,0.0
2557,2,446,1.444999999999975,0.053811659192825115,635.0,4.03,0.0
2558,1,315,0.3139999999999894,0.05714285714285714,635.2,4.03,0.0
2559,1,313,0.3119999999999896,0.05750798722044728,635.5,4.03,0.0
2560,1,313,0.3119999999999896,0.054313099041533544,635.8,4.03,0.0
2561,9,1399,9.397999999999877,0.05575411007862759,637.0,4.02,0.0
2562,3,579,2.5779999999999603,0.055267702936096716,637.5,4.02,0.0
2563,1,313,0.3119999999999896,0.054313099041533544,637.8,4.02,0.0
2564,3,579,2.5779999999999603,0.055267702936096716,638.3,4.02,0.0
2565,0,179,-0.8219999999999998,0.055865921787709494,638.4,4.02,0.0
2566,4,713,3.711999999999988,0.056100981767180924,639.1,4.02,0.0
2567,1,313,0.3119999999999896,0.054313099041533544,639.3,4.02,0.0
2568,0,179,-0.8219999999999998,0.055865921787709494,639.5,4.02,0.0
2569,0,179,-0.8219999999999998,0.055865921787709494,639.7,4.02,0.0
2570,2,446,1.444999999999975,0.053811659192825115,640.0,4.02,0.0
2571,1,313,0.3119999999999896,0.05750798722044728,640.3,4.02,0.0
2572,10,1513,10.511999999999814,0.05551883674818242,641.7,4.01,0.0
2573,2,463,1.461999999999973,0.056155507559395246,642.1,4.01,0.0
2574,5,846,4.845000000000032,0.05555555555555555,642.8,4.01,0.0
2575,0,189,-0.8119999999999998,0.0582010582010582,643.0,4.01,0.0
2576,4,713,3.711999999999988,0.056100981767180924,643.6,4.00,0.0
2577,0,179,-0.8219999999999998,0.055865921787709494,643.8,4.00,0.0
2578,1,313,0.3119999999999896,0.054313099041533544,644.0,4.00,0.0
2579,0,179,-0.8219999999999998,0.055865921787709494,644.2,4.00,0.0
2580,1,313,0.3119999999999896,0.05750798722044728,644.5,4.00,0.0
2581,5,846,4.845000000000032,0.05555555555555555,645.2,4.00,0.0
2582,0,179,-0.8219999999999998,0.055865921787709494,645.4,4.00,0.0
2583,5,852,4.851000000000034,0.056338028169014086,646.1,4.00,0.0
2584,0,179,-0.8219999999999998,0.055865921787709494,646.3,4.00,0.0
2585,1,340,0.33899999999998665,0.05588235294117647,646.6,4.00,0.0
2586,3,587,2.5859999999999594,0.056218057921635436,647.2,4.00,0.0
2587,5,846,4.845000000000032,0.05555555555555555,647.9,3.99,0.0
2588,0,189,-0.8119999999999998,0.0582010582010582,648.0,4.00,0.0
2589,4,713,3.711999999999988,0.0546984572230014,648.6,3.99,0.0
2590,0,179,-0.8219999999999998,0.055865921787709494,648.8,3.99,0.0
2591,0,189,-0.8119999999999998,0.0582010582010582,648.9,3.99,0.0
2592,0,179,-0.8219999999999998,0.055865921787709494,649.1,3.99,0.0
2593,1,313,0.3119999999999896,0.054313099041533544,649.4,3.99,0.0
2594,3,579,2.5779999999999603,0.055267702936096716,650.0,3.99,0.0
2595,1,313,0.3119999999999896,0.054313099041533544,650.3,3.99,0.0
2596,2,446,1.444999999999975,0.05605381165919283,650.7,3.99,0.0
2597,2,455,1.453999999999974,0.05714285714285714,651.1,3.99,0.0
2598,3,588,2.5869999999999593,0.05612244897959184,651.7,3.99,0.0
2599,0,179,-0.8219999999999998,0.055865921787709494,651.8,3.99,0.0
2600,0,179,-0.8219999999999998,0.055865921787709494,652.0,3.99,0.0
2601,0,183,-0.8179999999999998,0.060109289617486336,652.1,3.99,0.0
2602,1,313,0.3119999999999896,0.054313099041533544,652.4,3.99,0.0
2603,2,446,1.444999999999975,0.05605381165919283,652.8,3.99,0.0
2604,3,583,2.58199999999996,0.05660377358490566,653.2,3.99,0.0
2605,0,179,-0.8219999999999998,0.055865921787709494,653.4,3.99,0.0
2606,0,179,-0.8219999999999998,0.055865921787709494,653.5,3.99,0.0
2607,2,448,1.4469999999999748,0.05580357142857143,653.9,3.99,0.0
2608,0,179,-0.8219999999999998,0.055865921787709494,654.1,3.99,0.0
2609,3,579,2.5779999999999603,0.055267702936096716,654.5,3.99,0.0
2610,1,313,0.3119999999999896,0.054313099041533544,654.8,3.99,0.0
2611,1,319,0.31799999999998896,0.05642633228840126,655.1,3.99,0.0
2612,1,315,0.3139999999999894,0.05714285714285714,655.4,3.99,0.0
2613,4,713,3.711999999999988,0.056100981767180924,656.0,3.98,0.0
2614,3,579,2.5779999999999603,0.055267702936096716,656.5,3.98,0.0
2615,0,179,-0.8219999999999998,0.055865921787709494,656.6,3.98,0.0
2616,0,179,-0.8219999999999998,0.055865921787709494,656.8,3.98,0.0
2617,0,179,-0.8219999999999998,0.055865921787709494,657.0,3.99,0.0
2618,0,191,-0.8099999999999998,0.05759162303664921,657.1,3.99,0.0
2619,0,185,-0.8159999999999998,0.05945945945945946,657.3,3.99,0.0
2620,2,446,1.444999999999975,0.05605381165919283,657.7,3.99,0.0
2621,2,446,1.444999999999975,0.05605381165919283,658.1,3.98,0.0
2622,1,314,0.3129999999999895,0.05732484076433121,658.4,3.98,0.0
2623,2,449,1.4479999999999746,0.0556792873051225,658.7,3.98,0.0
2624,3,579,2.5779999999999603,0.055267702936096716,659.2,3.98,0.0
2625,0,179,-0.8219999999999998,0.055865921787709494,659.4,3.98,0.0
2626,0,179,-0.8219999999999998,0.055865921787709494,659.6,3.98,0.0
2627,3,585,2.5839999999999597,0.05641025641025641,660.1,3.98,0.0
2628,7,1113,7.112000000000036,0.055705300988319856,661.1,3.98,0.0
2629,2,446,1.444999999999975,0.05605381165919283,661.4,3.98,0.0
2630,1,318,0.31699999999998907,0.05660377358490566,661.7,3.98,0.0
2631,4,717,3.7159999999999895,0.05578800557880056,662.4,3.97,0.0
2632,1,313,0.3119999999999896,0.054313099041533544,662.6,3.97,0.0
2633,0,179,-0.8219999999999998,0.055865921787709494,662.8,3.97,0.0
2634,4,713,3.711999999999988,0.056100981767180924,663.4,3.97,0.0
2635,2,464,1.462999999999973,0.05603448275862069,663.9,3.97,0.0
2636,3,579,2.5779999999999603,0.055267702936096716,664.4,3.97,0.0
2637,1,313,0.3119999999999896,0.054313099041533544,664.6,3.97,0.0
2638,4,729,3.7279999999999935,0.056241426611796985,665.3,3.97,0.0
2639,2,464,1.462999999999973,0.05603448275862069,665.7,3.97,0.0
2640,1,313,0.3119999999999896,0.054313099041533544,665.9,3.97,0.0
2641,4,727,3.725999999999993,0.05639614855570839,666.6,3.96,0.0
2642,4,716,3.714999999999989,0.055865921787709494,667.2,3.96,0.0
2643,0,179,-0.8219999999999998,0.055865921787709494,667.4,3.96,0.0
2644,4,734,3.732999999999995,0.055858310626702996,668.0,3.96,0.0
2645,7,1113,7.112000000000036,0.055705300988319856,669.0,3.96,0.0
2646,1,317,0.3159999999999892,0.056782334384858045,669.3,3.95,0.0
2647,2,449,1.4479999999999746,0.0556792873051225,669.7,3.95,0.0
2648,1,313,0.3119999999999896,0.054313099041533544,669.9,3.95,0.0
2649,4,713,3.711999999999988,0.056100981767180924,670.6,3.95,0.0
2650,2,446,1.444999999999975,0.05605381165919283,671.0,3.95,0.0
2651,0,190,-0.8109999999999998,0.05789473684210526,671.1,3.95,0.0
2652,2,446,1.444999999999975,0.05605381165919283,671.5,3.95,0.0
2653,1,339,0.33799999999998676,0.05604719764011799,671.8,3.95,0.0
2654,3,587,2.5859999999999594,0.056218057921635436,672.3,3.95,0.0
2655,3,579,2.5779999999999603,0.055267702936096716,672.9,3.95,0.0
2656,3,582,2.58099999999996,0.05670103092783505,673.4,3.95,0.0
2657,4,728,3.726999999999993,0.05631868131868132,674.1,3.94,0.0
2658,8,1246,8.244999999999962,0.05537720706260032,675.3,3.94,0.0
2659,1,313,0.3119999999999896,0.054313099041533544,675.5,3.94,0.0
2660,4,713,3.711999999999988,0.056100981767180924,676.2,3.94,0.0
2661,1,321,0.31999999999998874,0.056074766355140186,676.5,3.93,0.0
2662,3,579,2.5779999999999603,0.055267702936096716,677.2,3.93,0.0
2663,4,731,3.729999999999994,0.0560875512995896,677.8,3.93,0.0
2664,1,313,0.3119999999999896,0.05750798722044728,678.1,3.93,0.0
2665,2,446,1.444999999999975,0.053811659192825115,678.5,3.93,0.0
2666,1,313,0.3119999999999896,0.05750798722044728,678.8,3.93,0.0
2667,1,315,0.3139999999999894,0.05714285714285714,679.0,3.93,0.0
2668,6,979,5.978000000000075,0.056179775280898875,679.9,3.93,0.0
2669,3,582,2.58099999999996,0.05670103092783505,680.6,3.92,0.0
2670,0,179,-0.8219999999999998,0.05027932960893855,680.7,3.92,0.0
2671,3,579,2.5779999999999603,0.055267702936096716,681.3,3.92,0.0
2672,6,979,5.978000000000075,0.05515832482124617,682.5,3.92,0.0
2673,2,446,1.444999999999975,0.05605381165919283,683.0,3.92,0.0
2674,0,179,-0.8219999999999998,0.055865921787709494,683.2,3.92,0.0
2675,0,179,-0.8219999999999998,0.055865921787709494,683.4,3.92,0.0
2676,0,179,-0.8219999999999998,0.055865921787709494,683.7,3.92,0.0
2677,1,321,0.31999999999998874,0.056074766355140186,684.1,3.91,0.0
2678,3,579,2.5779999999999603,0.055267702936096716,684.7,3.91,0.0
2679,1,313,0.3119999999999896,0.05750798722044728,685.0,3.91,0.0
2680,2,354,1.352999999999985,0.05649717514124294,685.5,3.91,0.0
2681,2,457,1.4559999999999738,0.05689277899343545,686.0,3.91,0.0
2682,4,621,3.6199999999999575,0.05636070853462158,686.6,3.91,0.0
2683,1,313,0.3119999999999896,0.05750798722044728,686.9,3.91,0.0
2684,1,315,0.3139999999999894,0.05714285714285714,687.2,3.91,0.0
2685,0,179,-0.8219999999999998,0.055865921787709494,687.4,3.91,0.0
2686,5,861,4.860000000000037,0.05574912891986063,688.1,3.90,0.0
2687,0,179,-0.8219999999999998,0.055865921787709494,688.3,3.91,0.0
2688,0,179,-0.8219999999999998,0.05027932960893855,688.5,3.91,0.0
2689,5,854,4.853000000000034,0.05620608899297424,689.2,3.90,0.0
2690,3,582,2.58099999999996,0.05670103092783505,689.8,3.90,0.0
2691,2,446,1.444999999999975,0.05605381165919283,690.2,3.90,0.0
2692,0,186,-0.8149999999999998,0.05913978494623656,690.3,3.90,0.0
2693,1,313,0.3119999999999896,0.054313099041533544,690.6,3.90,0.0
2694,0,189,-0.8119999999999998,0.0582010582010582,690.8,3.90,0.0
2695,6,979,5.978000000000075,0.056179775280898875,691.7,3.90,0.0
2696,2,446,1.444999999999975,0.05605381165919283,692.1,3.90,0.0
2697,4,713,3.711999999999988,0.0546984572230014,692.7,3.89,0.0
2698,2,446,1.444999999999975,0.05605381165919283,693.2,3.89,0.0
2699,2,446,1.444999999999975,0.05605381165919283,693.6,3.89,0.0
2700,0,179,-0.8219999999999998,0.055865921787709494,693.8,3.89,0.0
2701,3,582,2.58099999999996,0.05670103092783505,694.5,3.89,0.0
2702,3,579,2.5779999999999603,0.055267702936096716,695.0,3.89,0.0
2703,3,591,2.589999999999959,0.05583756345177665,695.6,3.89,0.0
2704,2,446,1.444999999999975,0.05605381165919283,696.1,3.89,0.0
2705,2,446,1.444999999999975,0.05605381165919283,696.5,3.89,0.0
2706,0,179,-0.8219999999999998,0.055865921787709494,696.7,3.89,0.0
2707,0,179,-0.8219999999999998,0.055865921787709494,696.9,3.89,0.0
2708,0,179,-0.8219999999999998,0.055865921787709494,697.1,3.89,0.0
2709,2,459,1.4579999999999735,0.05664488017429194,697.5,3.89,0.0
2710,1,313,0.3119999999999896,0.054313099041533544,697.8,3.88,0.0
2711,0,189,-0.8119999999999998,0.0582010582010582,698.0,3.89,0.0
2712,0,179,-0.8219999999999998,0.055865921787709494,698.1,3.89,0.0
2713,14,2000,15.998999999999544,0.056,700.3,3.88,0.0
2714,2,452,1.4509999999999743,0.05752212389380531,700.7,3.87,0.0
2715,0,211,-0.7899999999999998,0.05687203791469194,700.9,3.87,0.0
2716,0,179,-0.8219999999999998,0.055865921787709494,701.1,3.88,0.0
2717,6,979,5.978000000000075,0.056179775280898875,702.3,3.87,0.0
2718,2,457,1.4559999999999738,0.05689277899343545,702.7,3.87,0.0
2719,4,731,3.729999999999994,0.0560875512995896,703.5,3.87,0.0
2720,0,179,-0.8219999999999998,0.05027932960893855,703.7,3.87,0.0
2721,0,184,-0.8169999999999998,0.059782608695652176,703.9,3.87,0.0
2722,0,183,-0.8179999999999998,0.060109289617486336,704.1,3.87,0.0
2723,2,446,1.444999999999975,0.05605381165919283,704.5,3.87,0.0
2724,0,179,-0.8219999999999998,0.055865921787709494,704.6,3.87,0.0
2725,3,610,2.608999999999957,0.05573770491803279,705.3,3.87,0.0
2726,8,1250,8.24899999999996,0.056,706.4,3.86,0.0
2727,0,189,-0.8119999999999998,0.0582010582010582,706.6,3.86,0.0
2728,1,313,0.3119999999999896,0.054313099041533544,706.8,3.86,0.0
2729,2,461,1.4599999999999733,0.05639913232104121,707.3,3.86,0.0
2730,7,1113,7.112000000000036,0.055705300988319856,708.2,3.86,0.0
2731,7,1113,7.112000000000036,0.055705300988319856,709.3,3.85,0.0
2732,3,584,2.5829999999999598,0.05650684931506849,709.8,3.85,0.0
2733,5,846,4.845000000000032,0.05555555555555555,710.5,3.85,0.0
2734,1,313,0.3119999999999896,0.05750798722044728,710.9,3.85,0.0
2735,2,354,1.352999999999985,0.05649717514124294,711.2,3.85,0.0
2736,0,192,-0.8089999999999998,0.057291666666666664,711.4,3.85,0.0
2737,1,335,0.3339999999999872,0.056716417910447764,711.7,3.85,0.0
2738,0,192,-0.8089999999999998,0.057291666666666664,712.0,3.85,0.0
2739,5,846,4.845000000000032,0.05673758865248227,712.7,3.84,0.0
2740,1,341,0.33999999999998654,0.05571847507331378,713.0,3.84,0.0
2741,4,713,3.711999999999988,0.0546984572230014,713.7,3.84,0.0
2742,2,457,1.4559999999999738,0.05689277899343545,714.1,3.84,0.0
2743,5,846,4.845000000000032,0.05555555555555555,714.8,3.84,0.0
2744,2,467,1.4659999999999727,0.055674518201284794,715.3,3.84,0.0
2745,3,579,2.5779999999999603,0.055267702936096716,715.8,3.84,0.0
2746,4,713,3.711999999999988,0.0546984572230014,716.5,3.83,0.0
2747,5,846,4.845000000000032,0.05555555555555555,717.2,3.83,0.0
2748,4,713,3.711999999999988,0.0546984572230014,717.9,3.83,0.0
2749,4,713,3.711999999999988,0.0546984572230014,718.5,3.83,0.0
2750,4,713,3.711999999999988,0.056100981767180924,719.2,3.83,0.0
2751,4,732,3.7309999999999945,0.056010928961748634,719.8,3.82,0.0
2752,3,579,2.5779999999999603,0.05699481865284974,720.3,3.82,0.0
2753,8,1246,8.244999999999962,0.05537720706260032,721.5,3.82,0.0
2754,0,186,-0.8149999999999998,0.05913978494623656,721.6,3.82,0.0
2755,0,192,-0.8089999999999998,0.057291666666666664,721.8,3.82,0.0
2756,3,593,2.591999999999959,0.05564924114671164,722.3,3.82,0.0
2757,0,187,-0.8139999999999998,0.058823529411764705,722.5,3.82,0.0
2758,2,446,1.444999999999975,0.05605381165919283,722.9,3.82,0.0
2759,1,313,0.3119999999999896,0.05750798722044728,723.2,3.82,0.0
2760,0,193,-0.8079999999999998,0.05699481865284974,723.4,3.82,0.0
2761,3,579,2.5779999999999603,0.055267702936096716,723.9,3.82,0.0
2762,1,313,0.3119999999999896,0.054313099041533544,724.1,3.82,0.0
2763,1,313,0.3119999999999896,0.05750798722044728,724.4,3.82,0.0
2764,0,183,-0.8179999999999998,0.060109289617486336,724.6,3.82,0.0
2765,0,179,-0.8219999999999998,0.055865921787709494,724.8,3.82,0.0
2766,3,587,2.5859999999999594,0.056218057921635436,725.3,3.82,0.0
2767,1,313,0.3119999999999896,0.054313099041533544,725.6,3.81,0.0
2768,3,579,2.5779999999999603,0.055267702936096716,726.1,3.81,0.0
2769,0,179,-0.8219999999999998,0.055865921787709494,726.2,3.81,0.0
2770,5,846,4.845000000000032,0.05555555555555555,727.0,3.81,0.0
2771,3,580,2.57899999999996,0.056896551724137934,727.5,3.81,0.0
2772,1,319,0.31799999999998896,0.05642633228840126,727.8,3.81,0.0
2773,0,179,-0.8219999999999998,0.055865921787709494,727.9,3.81,0.0
2774,2,465,1.4639999999999729,0.05591397849462366,728.3,3.81,0.0
2775,4,714,3.7129999999999885,0.056022408963585436,728.9,3.81,0.0
2776,2,466,1.4649999999999728,0.055793991416309016,729.4,3.81,0.0
2777,0,179,-0.8219999999999998,0.055865921787709494,729.5,3.81,0.0
2778,2,446,1.444999999999975,0.05605381165919283,729.9,3.81,0.0
2779,0,179,-0.8219999999999998,0.055865921787709494,730.1,3.81,0.0
2780,1,313,0.3119999999999896,0.05750798722044728,730.4,3.81,0.0
2781,2,446,1.444999999999975,0.05605381165919283,730.8,3.81,0.0
2782,0,211,-0.7899999999999998,0.05687203791469194,731.0,3.81,0.0
2783,3,585,2.5839999999999597,0.05641025641025641,731.5,3.81,0.0
2784,3,583,2.58199999999996,0.05660377358490566,732.1,3.80,0.0
2785,2,446,1.444999999999975,0.05605381165919283,732.5,3.80,0.0
2786,4,728,3.726999999999993,0.05631868131868132,733.1,3.80,0.0
2787,2,446,1.444999999999975,0.05605381165919283,733.5,3.80,0.0
2788,0,208,-0.7929999999999998,0.057692307692307696,733.7,3.80,0.0
2789,0,189,-0.8119999999999998,0.0582010582010582,733.8,3.80,0.0
2790,1,313,0.3119999999999896,0.054313099041533544,734.1,3.80,0.0
2791,4,747,3.7459999999999996,0.05622489959839357,734.8,3.80,0.0
2792,1,313,0.3119999999999896,0.054313099041533544,735.0,3.80,0.0
2793,1,313,0.3119999999999896,0.054313099041533544,735.3,3.80,0.0
2794,0,179,-0.8219999999999998,0.055865921787709494,735.5,3.80,0.0
2795,0,184,-0.8169999999999998,0.059782608695652176,735.7,3.80,0.0
2796,6,979,5.978000000000075,0.056179775280898875,736.5,3.80,0.0
2797,5,846,4.845000000000032,0.05555555555555555,737.3,3.80,0.0
2798,0,195,-0.8059999999999998,0.05641025641025641,737.5,3.80,0.0
2799,1,313,0.3119999999999896,0.054313099041533544,737.8,3.80,0.0
2800,2,454,1.452999999999974,0.05726872246696035,738.2,3.79,0.0
2801,4,728,3.726999999999993,0.05631868131868132,738.9,3.79,0.0
2802,2,446,1.444999999999975,0.05605381165919283,739.4,3.79,0.0
2803,2,449,1.4479999999999746,0.0556792873051225,739.8,3.79,0.0
2804,1,313,0.3119999999999896,0.05750798722044728,740.1,3.79,0.0
2805,6,979,5.978000000000075,0.05515832482124617,741.0,3.79,0.0
2806,0,191,-0.8099999999999998,0.05759162303664921,741.1,3.79,0.0
2807,0,179,-0.8219999999999998,0.055865921787709494,741.3,3.79,0.0
2808,2,446,1.444999999999975,0.053811659192825115,741.7,3.79,0.0
2809,2,454,1.452999999999974,0.05726872246696035,742.1,3.79,0.0
2810,0,187,-0.8139999999999998,0.058823529411764705,742.3,3.79,0.0
2811,4,713,3.711999999999988,0.056100981767180924,742.8,3.79,0.0
2812,0,179,-0.8219999999999998,0.055865921787709494,742.9,3.79,0.0
2813,2,446,1.444999999999975,0.05605381165919283,743.1,3.79,0.0
2814,1,313,0.3119999999999896,0.054313099041533544,743.3,3.79,0.0
2815,0,187,-0.8139999999999998,0.058823529411764705,743.4,3.79,0.0
2816,2,446,1.444999999999975,0.05605381165919283,743.6,3.79,0.0
2817,1,313,0.3119999999999896,0.05750798722044728,743.8,3.79,0.0
2818,2,446,1.444999999999975,0.053811659192825115,744.0,3.79,0.0
2819,4,713,3.711999999999988,0.056100981767180924,744.4,3.79,0.0
2820,0,179,-0.8219999999999998,0.055865921787709494,744.5,3.79,0.0
2821,0,179,-0.8219999999999998,0.055865921787709494,744.6,3.79,0.0
2822,1,317,0.3159999999999892,0.056782334384858045,744.7,3.79,0.0
2823,3,579,2.5779999999999603,0.055267702936096716,745.0,3.79,0.0
2824,4,713,3.711999999999988,0.056100981767180924,745.4,3.79,0.0
2825,1,313,0.3119999999999896,0.05750798722044728,745.6,3.79,0.0
2826,0,179,-0.8219999999999998,0.055865921787709494,745.7,3.79,0.0
2827,7,1123,7.12200000000003,0.05609973285841496,746.3,3.79,0.0
2828,0,182,-0.8189999999999998,0.06043956043956044,746.4,3.79,0.0
2829,2,446,1.444999999999975,0.05605381165919283,746.6,3.79,0.0
2830,1,313,0.3119999999999896,0.054313099041533544,746.8,3.79,0.0
2831,0,179,-0.8219999999999998,0.055865921787709494,746.9,3.79,0.0
2832,1,313,0.3119999999999896,0.05750798722044728,747.1,3.79,0.0
2833,5,846,4.845000000000032,0.05555555555555555,747.5,3.79,0.0
2834,0,179,-0.8219999999999998,0.055865921787709494,747.6,3.79,0.0
2835,0,183,-0.8179999999999998,0.060109289617486336,747.7,3.79,0.0
2836,1,313,0.3119999999999896,0.05750798722044728,747.9,3.79,0.0
2837,2,446,1.444999999999975,0.05605381165919283,748.1,3.79,0.0
2838,5,846,4.845000000000032,0.05555555555555555,748.5,3.79,0.0
2839,2,462,1.4609999999999732,0.05627705627705628,748.8,3.79,0.0
2840,0,182,-0.8189999999999998,0.06043956043956044,748.9,3.79,0.0
2841,0,179,-0.8219999999999998,0.055865921787709494,749.0,3.79,0.0
2842,2,446,1.444999999999975,0.05605381165919283,749.2,3.79,0.0
2843,1,318,0.31699999999998907,0.05660377358490566,749.4,3.80,0.0
2844,1,313,0.3119999999999896,0.054313099041533544,749.5,3.80,0.0
2845,3,579,2.5779999999999603,0.055267702936096716,749.8,3.80,0.0
2846,1,317,0.3159999999999892,0.056782334384858045,750.0,3.80,0.0
2847,3,579,2.5779999999999603,0.055267702936096716,750.3,3.80,0.0
2848,0,179,-0.8219999999999998,0.055865921787709494,750.4,3.80,0.0
2849,2,464,1.462999999999973,0.05603448275862069,750.6,3.80,0.0
2850,1,313,0.3119999999999896,0.054313099041533544,750.8,3.80,0.0
2851,0,179,-0.8219999999999998,0.055865921787709494,750.9,3.80,0.0
2852,1,313,0.3119999999999896,0.054313099041533544,751.0,3.80,0.0
2853,2,446,1.444999999999975,0.05605381165919283,751.3,3.80,0.0
2854,3,586,2.5849999999999596,0.05631399317406143,751.6,3.80,0.0
2855,5,846,4.845000000000032,0.05555555555555555,752.0,3.80,0.0
2856,0,179,-0.8219999999999998,0.055865921787709494,752.1,3.80,0.0
2857,3,579,2.5779999999999603,0.055267702936096716,752.4,3.80,0.0
2858,1,336,0.3349999999999871,0.05654761904761905,752.6,3.80,0.0
2859,4,732,3.7309999999999945,0.056010928961748634,753.0,3.80,0.0
2860,1,313,0.3119999999999896,0.054313099041533544,753.1,3.80,0.0
2861,2,453,1.4519999999999742,0.05739514348785872,753.4,3.80,0.0
2862,2,446,1.444999999999975,0.053811659192825115,753.6,3.80,0.0
2863,3,579,2.5779999999999603,0.055267702936096716,753.9,3.80,0.0
2864,1,313,0.3119999999999896,0.054313099041533544,754.1,3.80,0.0
2865,1,313,0.3119999999999896,0.05750798722044728,754.2,3.80,0.0
2866,2,454,1.452999999999974,0.05726872246696035,754.5,3.80,0.0
2867,1,313,0.3119999999999896,0.054313099041533544,754.6,3.80,0.0
2868,0,179,-0.8219999999999998,0.055865921787709494,754.7,3.80,0.0
2869,2,458,1.4569999999999736,0.056768558951965066,755.0,3.80,0.0
2870,6,984,5.983000000000077,0.05589430894308943,755.5,3.80,0.0
2871,0,187,-0.8139999999999998,0.058823529411764705,755.6,3.80,0.0
2872,2,446,1.444999999999975,0.053811659192825115,755.8,3.80,0.0
2873,2,446,1.444999999999975,0.05605381165919283,756.0,3.80,0.0
2874,0,179,-0.8219999999999998,0.055865921787709494,756.1,3.80,0.0
2875,2,446,1.444999999999975,0.05605381165919283,756.4,3.80,0.0
2876,4,713,3.711999999999988,0.056100981767180924,756.7,3.80,0.0
2877,0,179,-0.8219999999999998,0.055865921787709494,756.8,3.80,0.0
2878,0,192,-0.8089999999999998,0.057291666666666664,756.9,3.80,0.0
2879,3,610,2.608999999999957,0.05573770491803279,757.2,3.80,0.0
2880,4,713,3.711999999999988,0.056100981767180924,757.6,3.80,0.0
2881,0,179,-0.8219999999999998,0.055865921787709494,757.7,3.80,0.0
2882,7,1133,7.1320000000000245,0.05560458958517211,758.3,3.80,0.0
2883,1,313,0.3119999999999896,0.054313099041533544,758.4,3.80,0.0
2884,0,197,-0.8039999999999998,0.05583756345177665,758.5,3.80,0.0
2885,4,731,3.729999999999994,0.0560875512995896,758.9,3.80,0.0
2886,5,846,4.845000000000032,0.05555555555555555,759.3,3.80,0.0
2887,3,584,2.5829999999999598,0.05650684931506849,759.6,3.80,0.0
2888,8,1253,8.251999999999958,0.055865921787709494,760.3,3.80,0.0
2889,1,313,0.3119999999999896,0.054313099041533544,760.4,3.80,0.0
2890,0,179,-0.8219999999999998,0.055865921787709494,760.5,3.80,0.0
2891,2,446,1.444999999999975,0.05605381165919283,760.8,3.80,0.0
2892,4,713,3.711999999999988,0.056100981767180924,761.1,3.80,0.0
2893,2,456,1.4549999999999739,0.05701754385964912,761.4,3.80,0.0
2894,0,179,-0.8219999999999998,0.055865921787709494,761.5,3.80,0.0
2895,0,184,-0.8169999999999998,0.059782608695652176,761.6,3.80,0.0
2896,0,179,-0.8219999999999998,0.055865921787709494,761.6,3.80,0.0
2897,0,179,-0.8219999999999998,0.055865921787709494,761.7,3.80,0.0
2898,1,318,0.31699999999998907,0.05660377358490566,761.9,3.80,0.0
2899,1,313,0.3119999999999896,0.054313099041533544,762.1,3.81,0.0
2900,0,179,-0.8219999999999998,0.055865921787709494,762.2,3.81,0.0
2901,2,446,1.444999999999975,0.05605381165919283,762.4,3.81,0.0
2902,1,313,0.3119999999999896,0.054313099041533544,762.6,3.81,0.0
2903,4,713,3.711999999999988,0.0546984572230014,762.9,3.81,0.0
2904,3,579,2.5779999999999603,0.055267702936096716,763.2,3.81,0.0
2905,1,313,0.3119999999999896,0.054313099041533544,763.4,3.81,0.0
2906,1,317,0.3159999999999892,0.056782334384858045,763.6,3.81,0.0
2907,0,179,-0.8219999999999998,0.055865921787709494,763.7,3.81,0.0
2908,5,846,4.845000000000032,0.05555555555555555,764.1,3.81,0.0
2909,1,313,0.3119999999999896,0.054313099041533544,764.2,3.81,0.0
2910,1,313,0.3119999999999896,0.054313099041533544,764.4,3.81,0.0
2911,2,446,1.444999999999975,0.05605381165919283,764.6,3.81,0.0
2912,0,179,-0.8219999999999998,0.055865921787709494,764.7,3.81,0.0
2913,4,713,3.711999999999988,0.0546984572230014,765.1,3.81,0.0
2914,0,179,-0.8219999999999998,0.055865921787709494,765.2,3.81,0.0
2915,1,313,0.3119999999999896,0.054313099041533544,765.4,3.81,0.0
2916,3,579,2.5779999999999603,0.055267702936096716,765.7,3.81,0.0
2917,1,313,0.3119999999999896,0.05750798722044728,765.8,3.81,0.0
2918,7,1113,7.112000000000036,0.055705300988319856,766.4,3.81,0.0
2919,5,846,4.845000000000032,0.05555555555555555,766.8,3.81,0.0
2920,0,179,-0.8219999999999998,0.055865921787709494,766.9,3.81,0.0
2921,4,713,3.711999999999988,0.0546984572230014,767.3,3.81,0.0
2922,8,1246,8.244999999999962,0.05537720706260032,767.9,3.81,0.0
2923,0,179,-0.8219999999999998,0.055865921787709494,768.0,3.81,0.0
2924,0,179,-0.8219999999999998,0.055865921787709494,768.1,3.81,0.0
2925,3,590,2.588999999999959,0.05593220338983051,768.4,3.81,0.0
2926,2,446,1.444999999999975,0.05605381165919283,768.7,3.81,0.0
2927,3,591,2.589999999999959,0.05583756345177665,769.0,3.81,0.0
2928,0,190,-0.8109999999999998,0.05789473684210526,769.1,3.81,0.0
2929,0,179,-0.8219999999999998,0.055865921787709494,769.2,3.81,0.0
2930,3,579,2.5779999999999603,0.055267702936096716,769.5,3.81,0.0
2931,5,857,4.856000000000035,0.056009334889148193,769.9,3.81,0.0
2932,1,313,0.3119999999999896,0.05750798722044728,770.1,3.81,0.0
2933,0,179,-0.8219999999999998,0.055865921787709494,770.1,3.81,0.0
2934,0,193,-0.8079999999999998,0.05699481865284974,770.2,3.81,0.0
2935,4,713,3.711999999999988,0.056100981767180924,770.6,3.81,0.0
2936,2,446,1.444999999999975,0.05605381165919283,770.8,3.81,0.0
2937,1,313,0.3119999999999896,0.054313099041533544,771.0,3.81,0.0
2938,0,190,-0.8109999999999998,0.05789473684210526,771.1,3.81,0.0
2939,0,189,-0.8119999999999998,0.0582010582010582,771.2,3.81,0.0
2940,2,446,1.444999999999975,0.05605381165919283,771.4,3.81,0.0
2941,1,338,0.33699999999998687,0.05621301775147929,771.6,3.81,0.0
2942,1,313,0.3119999999999896,0.05750798722044728,771.8,3.81,0.0
2943,0,179,-0.8219999999999998,0.055865921787709494,771.8,3.81,0.0
2944,3,579,2.5779999999999603,0.055267702936096716,772.1,3.81,0.0
2945,1,335,0.3339999999999872,0.056716417910447764,772.3,3.81,0.0
2946,0,179,-0.8219999999999998,0.055865921787709494,772.4,3.82,0.0
2947,2,446,1.444999999999975,0.05605381165919283,772.6,3.82,0.0
2948,1,313,0.3119999999999896,0.054313099041533544,772.8,3.82,0.0
2949,3,579,2.5779999999999603,0.055267702936096716,773.1,3.82,0.0
2950,4,727,3.725999999999993,0.05639614855570839,773.5,3.82,0.0
2951,0,179,-0.8219999999999998,0.055865921787709494,773.6,3.82,0.0
2952,0,179,-0.8219999999999998,0.05027932960893855,773.6,3.82,0.0
2953,4,713,3.711999999999988,0.0546984572230014,774.0,3.82,0.0
2954,2,446,1.444999999999975,0.05605381165919283,774.2,3.82,0.0
2955,0,179,-0.8219999999999998,0.055865921787709494,774.3,3.82,0.0
2956,0,179,-0.8219999999999998,0.055865921787709494,774.4,3.82,0.0
2957,4,729,3.7279999999999935,0.056241426611796985,774.8,3.82,0.0
2958,8,1246,8.244999999999962,0.05537720706260032,775.4,3.82,0.0
2959,0,179,-0.8219999999999998,0.055865921787709494,775.5,3.82,0.0
2960,5,846,4.845000000000032,0.05555555555555555,776.0,3.82,0.0
2961,2,454,1.452999999999974,0.05726872246696035,776.2,3.82,0.0
2962,0,179,-0.8219999999999998,0.055865921787709494,776.3,3.82,0.0
2963,1,313,0.3119999999999896,0.054313099041533544,776.5,3.82,0.0
2964,0,179,-0.8219999999999998,0.055865921787709494,776.6,3.82,0.0
2965,1,313,0.3119999999999896,0.05750798722044728,776.7,3.82,0.0
2966,0,179,-0.8219999999999998,0.055865921787709494,776.8,3.82,0.0
2967,4,729,3.7279999999999935,0.056241426611796985,777.2,3.82,0.0
2968,0,179,-0.8219999999999998,0.055865921787709494,777.3,3.82,0.0
2969,3,579,2.5779999999999603,0.055267702936096716,777.6,3.82,0.0
2970,1,313,0.3119999999999896,0.05750798722044728,777.7,3.82,0.0
2971,2,461,1.4599999999999733,0.05639913232104121,778.0,3.82,0.0
2972,0,179,-0.8219999999999998,0.055865921787709494,778.1,3.82,0.0
2973,4,713,3.711999999999988,0.056100981767180924,778.4,3.82,0.0
2974,3,579,2.5779999999999603,0.055267702936096716,778.7,3.82,0.0
2975,1,313,0.3119999999999896,0.054313099041533544,778.9,3.82,0.0
2976,0,192,-0.8089999999999998,0.057291666666666664,779.0,3.82,0.0
2977,1,313,0.3119999999999896,0.05750798722044728,779.2,3.82,0.0
2978,1,314,0.3129999999999895,0.05732484076433121,779.3,3.82,0.0
2979,4,713,3.711999999999988,0.0546984572230014,779.7,3.82,0.0
2980,0,179,-0.8219999999999998,0.055865921787709494,779.8,3.82,0.0
2981,2,446,1.444999999999975,0.05605381165919283,780.0,3.82,0.0
2982,4,713,3.711999999999988,0.0546984572230014,780.4,3.82,0.0
2983,0,179,-0.8219999999999998,0.055865921787709494,780.5,3.82,0.0
2984,0,182,-0.8189999999999998,0.06043956043956044,780.6,3.82,0.0
2985,0,179,-0.8219999999999998,0.055865921787709494,780.7,3.82,0.0
2986,3,579,2.5779999999999603,0.055267702936096716,781.0,3.82,0.0
2987,3,579,2.5779999999999603,0.055267702936096716,781.3,3.82,0.0
2988,3,579,2.5779999999999603,0.055267702936096716,781.6,3.82,0.0
2989,0,179,-0.8219999999999998,0.055865921787709494,781.7,3.83,0.0
2990,0,184,-0.8169999999999998,0.059782608695652176,781.8,3.83,0.0
2991,0,179,-0.8219999999999998,0.055865921787709494,781.9,3.83,0.0
2992,4,713,3.711999999999988,0.0546984572230014,782.2,3.83,0.0
2993,7,1113,7.112000000000036,0.055705300988319856,782.8,3.82,0.0
2994,2,462,1.4609999999999732,0.05627705627705628,783.0,3.82,0.0
2995,7,1113,7.112000000000036,0.055705300988319856,783.6,3.82,0.0
2996,2,479,1.4779999999999713,0.05636743215031315,783.9,3.82,0.0
2997,0,179,-0.8219999999999998,0.05027932960893855,784.0,3.82,0.0
2998,5,846,4.845000000000032,0.05555555555555555,784.4,3.82,0.0
2999,2,446,1.444999999999975,0.05605381165919283,784.6,3.82,0.0
3000,0,179,-0.8219999999999998,0.055865921787709494,784.7,3.82,0.0
3001,5,846,4.845000000000032,0.05555555555555555,788.0,3.81,0.0
3002,3,584,2.5829999999999598,0.05650684931506849,788.3,3.81,0.0
3003,3,579,2.5779999999999603,0.055267702936096716,788.6,3.81,0.0
3004,1,335,0.3339999999999872,0.056716417910447764,788.7,3.81,0.0
3005,0,179,-0.8219999999999998,0.055865921787709494,788.8,3.81,0.0
3006,1,313,0.3119999999999896,0.054313099041533544,789.0,3.81,0.0
3007,0,179,-0.8219999999999998,0.055865921787709494,789.1,3.81,0.0
3008,1,313,0.3119999999999896,0.054313099041533544,789.3,3.81,0.0
3009,8,1251,8.24999999999996,0.055955235811350916,789.9,3.81,0.0
3010,0,179,-0.8219999999999998,0.05027932960893855,790.0,3.81,0.0
3011,4,729,3.7279999999999935,0.056241426611796985,790.4,3.81,0.0
3012,0,179,-0.8219999999999998,0.055865921787709494,790.5,3.81,0.0
3013,4,713,3.711999999999988,0.056100981767180924,790.8,3.81,0.0
3014,0,185,-0.8159999999999998,0.05945945945945946,790.9,3.81,0.0
3015,0,179,-0.8219999999999998,0.055865921787709494,791.0,3.81,0.0
3016,2,446,1.444999999999975,0.05605381165919283,791.3,3.81,0.0
3017,0,179,-0.8219999999999998,0.055865921787709494,791.3,3.81,0.0
3018,3,584,2.5829999999999598,0.05650684931506849,791.6,3.81,0.0
3019,0,181,-0.8199999999999998,0.06077348066298342,791.7,3.81,0.0
3020,1,322,0.32099999999998863,0.055900621118012424,791.9,3.81,0.0
3021,2,446,1.444999999999975,0.05605381165919283,792.1,3.81,0.0
3022,3,579,2.5779999999999603,0.055267702936096716,792.4,3.81,0.0
3023,0,186,-0.8149999999999998,0.05913978494623656,792.5,3.82,0.0
3024,3,579,2.5779999999999603,0.055267702936096716,792.8,3.82,0.0
3025,3,579,2.5779999999999603,0.055267702936096716,793.1,3.82,0.0
3026,0,194,-0.8069999999999998,0.05670103092783505,793.2,3.82,0.0
3027,2,446,1.444999999999975,0.05605381165919283,793.5,3.82,0.0
3028,4,713,3.711999999999988,0.056100981767180924,793.8,3.82,0.0
3029,5,854,4.853000000000034,0.05620608899297424,794.3,3.81,0.0
3030,1,336,0.3349999999999871,0.05654761904761905,794.4,3.82,0.0
3031,1,313,0.3119999999999896,0.054313099041533544,794.6,3.82,0.0
3032,0,179,-0.8219999999999998,0.055865921787709494,794.7,3.82,0.0
3033,3,585,2.5839999999999597,0.05641025641025641,795.0,3.82,0.0
3034,0,179,-0.8219999999999998,0.055865921787709494,795.1,3.82,0.0
3035,3,584,2.5829999999999598,0.05650684931506849,795.4,3.82,0.0
3036,5,846,4.845000000000032,0.05555555555555555,795.8,3.82,0.0
3037,1,336,0.3349999999999871,0.05654761904761905,796.0,3.82,0.0
3038,2,446,1.444999999999975,0.05605381165919283,796.2,3.82,0.0
3039,0,179,-0.8219999999999998,0.055865921787709494,796.3,3.82,0.0
3040,5,852,4.851000000000034,0.056338028169014086,796.8,3.82,0.0
3041,1,313,0.3119999999999896,0.05750798722044728,796.9,3.82,0.0
3042,1,319,0.31799999999998896,0.05642633228840126,797.1,3.82,0.0
3043,2,446,1.444999999999975,0.05605381165919283,797.3,3.82,0.0
3044,0,179,-0.8219999999999998,0.055865921787709494,797.4,3.82,0.0
3045,3,579,2.5779999999999603,0.055267702936096716,797.7,3.82,0.0
3046,1,313,0.3119999999999896,0.054313099041533544,797.9,3.82,0.0
3047,5,846,4.845000000000032,0.05555555555555555,798.3,3.82,0.0
3048,1,319,0.31799999999998896,0.05642633228840126,798.5,3.82,0.0
3049,5,854,4.853000000000034,0.05620608899297424,798.9,3.82,0.0
3050,3,586,2.5849999999999596,0.05631399317406143,799.2,3.82,0.0
3051,4,713,3.711999999999988,0.056100981767180924,799.6,3.82,0.0
3052,2,457,1.4559999999999738,0.05689277899343545,799.8,3.82,0.0
3053,0,179,-0.8219999999999998,0.055865921787709494,799.9,3.82,0.0
3054,3,579,2.5779999999999603,0.055267702936096716,800.2,3.82,0.0
3055,0,189,-0.8119999999999998,0.0582010582010582,800.3,3.82,0.0
3056,2,446,1.444999999999975,0.05605381165919283,800.5,3.82,0.0
3057,4,713,3.711999999999988,0.056100981767180924,800.9,3.82,0.0
3058,4,713,3.711999999999988,0.0546984572230014,801.3,3.82,0.0
3059,1,313,0.3119999999999896,0.054313099041533544,801.4,3.82,0.0
3060,1,313,0.3119999999999896,0.054313099041533544,801.6,3.82,0.0
3061,1,313,0.3119999999999896,0.05750798722044728,801.8,3.82,0.0
3062,0,179,-0.8219999999999998,0.055865921787709494,801.9,3.82,0.0
3063,0,186,-0.8149999999999998,0.05913978494623656,801.9,3.82,0.0
3064,3,579,2.5779999999999603,0.055267702936096716,802.3,3.82,0.0
3065,1,315,0.3139999999999894,0.05714285714285714,802.4,3.82,0.0
3066,0,179,-0.8219999999999998,0.055865921787709494,802.5,3.82,0.0
3067,0,179,-0.8219999999999998,0.055865921787709494,802.6,3.82,0.0
3068,0,184,-0.8169999999999998,0.059782608695652176,802.7,3.82,0.0
3069,3,579,2.5779999999999603,0.055267702936096716,803.0,3.82,0.0
3070,5,846,4.845000000000032,0.05555555555555555,803.4,3.82,0.0
3071,0,179,-0.8219999999999998,0.055865921787709494,803.5,3.82,0.0
3072,3,579,2.5779999999999603,0.055267702936096716,803.8,3.82,0.0
3073,1,313,0.3119999999999896,0.054313099041533544,804.0,3.82,0.0
3074,0,179,-0.8219999999999998,0.055865921787709494,804.1,3.82,0.0
3075,3,589,2.587999999999959,0.05602716468590832,804.4,3.82,0.0
3076,1,313,0.3119999999999896,0.054313099041533544,804.5,3.82,0.0
3077,4,713,3.711999999999988,0.056100981767180924,804.9,3.82,0.0
3078,2,446,1.444999999999975,0.05605381165919283,805.1,3.82,0.0
3079,2,460,1.4589999999999734,0.05652173913043478,805.3,3.82,0.0
3080,2,446,1.444999999999975,0.053811659192825115,805.6,3.82,0.0
3081,3,579,2.5779999999999603,0.055267702936096716,805.9,3.82,0.0
3082,0,179,-0.8219999999999998,0.055865921787709494,806.0,3.83,0.0
3083,3,579,2.5779999999999603,0.055267702936096716,806.3,3.83,0.0
3084,9,1379,9.377999999999888,0.05583756345177665,807.0,3.82,0.0
3085,5,846,4.845000000000032,0.05555555555555555,807.4,3.82,0.0
3086,1,313,0.3119999999999896,0.054313099041533544,807.5,3.82,0.0
3087,1,313,0.3119999999999896,0.05750798722044728,807.7,3.82,0.0
3088,4,731,3.729999999999994,0.0560875512995896,808.1,3.82,0.0
3089,6,979,5.978000000000075,0.056179775280898875,808.6,3.82,0.0
3090,4,713,3.711999999999988,0.056100981767180924,809.0,3.82,0.0
3091,2,458,1.4569999999999736,0.056768558951965066,809.2,3.82,0.0
3092,0,190,-0.8109999999999998,0.05789473684210526,809.3,3.82,0.0
3093,0,190,-0.8109999999999998,0.05789473684210526,809.4,3.82,0.0
3094,0,179,-0.8219999999999998,0.055865921787709494,809.5,3.82,0.0
3095,1,336,0.3349999999999871,0.05654761904761905,809.7,3.82,0.0
3096,0,179,-0.8219999999999998,0.055865921787709494,809.8,3.82,0.0
3097,1,319,0.31799999999998896,0.05642633228840126,809.9,3.83,0.0
3098,7,1123,7.12200000000003,0.05609973285841496,810.5,3.82,0.0
3099,2,465,1.4639999999999729,0.05591397849462366,810.7,3.82,0.0
3100,1,320,0.31899999999998885,0.05625,810.9,3.82,0.0
3101,0,184,-0.8169999999999998,0.059782608695652176,811.0,3.83,0.0
3102,0,179,-0.8219999999999998,0.055865921787709494,811.1,3.83,0.0
3103,0,185,-0.8159999999999998,0.05945945945945946,811.2,3.83,0.0
3104,3,579,2.5779999999999603,0.055267702936096716,811.5,3.83,0.0
3105,0,194,-0.8069999999999998,0.05670103092783505,811.6,3.83,0.0
3106,1,314,0.3129999999999895,0.05732484076433121,811.7,3.83,0.0
3107,3,593,2.591999999999959,0.05564924114671164,812.0,3.83,0.0
3108,1,313,0.3119999999999896,0.054313099041533544,812.2,3.83,0.0
3109,5,860,4.859000000000036,0.05581395348837209,812.6,3.83,0.0
3110,0,179,-0.8219999999999998,0.055865921787709494,812.7,3.83,0.0
3111,2,456,1.4549999999999739,0.05701754385964912,813.0,3.83,0.0
3112,4,713,3.711999999999988,0.056100981767180924,813.4,3.83,0.0
3113,4,713,3.711999999999988,0.0546984572230014,813.7,3.83,0.0
3114,3,579,2.5779999999999603,0.055267702936096716,814.0,3.83,0.0
3115,0,179,-0.8219999999999998,0.055865921787709494,814.1,3.83,0.0
3116,1,313,0.3119999999999896,0.054313099041533544,814.3,3.83,0.0
3117,2,462,1.4609999999999732,0.05627705627705628,814.5,3.83,0.0
3118,1,318,0.31699999999998907,0.05660377358490566,814.7,3.83,0.0
3119,2,446,1.444999999999975,0.053811659192825115,814.9,3.83,0.0
3120,1,315,0.3139999999999894,0.05714285714285714,815.0,3.83,0.0
3121,0,192,-0.8089999999999998,0.057291666666666664,815.1,3.83,0.0
3122,0,194,-0.8069999999999998,0.05670103092783505,815.2,3.83,0.0
3123,4,713,3.711999999999988,0.056100981767180924,815.6,3.83,0.0
3124,0,214,-0.7869999999999998,0.056074766355140186,815.7,3.83,0.0
3125,0,179,-0.8219999999999998,0.055865921787709494,815.8,3.83,0.0
3126,0,209,-0.7919999999999998,0.05741626794258373,815.9,3.83,0.0
3127,1,313,0.3119999999999896,0.05750798722044728,816.1,3.83,0.0
3128,0,192,-0.8089999999999998,0.057291666666666664,816.2,3.83,0.0
3129,1,313,0.3119999999999896,0.05750798722044728,816.4,3.83,0.0
3130,3,593,2.591999999999959,0.05564924114671164,816.7,3.83,0.0
3131,1,313,0.3119999999999896,0.054313099041533544,816.8,3.83,0.0
3132,6,981,5.980000000000076,0.05606523955147808,817.3,3.83,0.0
3133,2,446,1.444999999999975,0.05605381165919283,817.5,3.83,0.0
3134,1,313,0.3119999999999896,0.05750798722044728,817.7,3.83,0.0
3135,3,579,2.5779999999999603,0.055267702936096716,818.0,3.83,0.0
3136,6,979,5.978000000000075,0.056179775280898875,818.5,3.83,0.0
3137,1,313,0.3119999999999896,0.054313099041533544,818.7,3.83,0.0
3138,10,1538,10.5369999999998,0.055916775032509754,819.5,3.83,0.0
3139,4,717,3.7159999999999895,0.05578800557880056,819.8,3.83,0.0
3140,0,197,-0.8039999999999998,0.05583756345177665,819.9,3.83,0.0
3141,3,584,2.5829999999999598,0.05650684931506849,820.2,3.83,0.0
3142,0,179,-0.8219999999999998,0.055865921787709494,820.3,3.83,0.0
3143,0,179,-0.8219999999999998,0.055865921787709494,820.4,3.83,0.0
3144,2,446,1.444999999999975,0.05605381165919283,820.6,3.83,0.0
3145,3,579,2.5779999999999603,0.055267702936096716,820.9,3.83,0.0
3146,2,446,1.444999999999975,0.05605381165919283,821.2,3.83,0.0
3147,3,582,2.58099999999996,0.05670103092783505,821.5,3.83,0.0
3148,2,457,1.4559999999999738,0.05689277899343545,821.7,3.83,0.0
3149,1,334,0.3329999999999873,0.05688622754491018,821.9,3.83,0.0
3150,0,179,-0.8219999999999998,0.055865921787709494,822.0,3.83,0.0
3151,0,183,-0.8179999999999998,0.060109289617486336,822.1,3.83,0.0
3152,4,713,3.711999999999988,0.056100981767180924,822.4,3.83,0.0
3153,0,193,-0.8079999999999998,0.05699481865284974,822.5,3.83,0.0
3154,3,609,2.607999999999957,0.05582922824302135,822.8,3.83,0.0
3155,0,179,-0.8219999999999998,0.055865921787709494,822.9,3.84,0.0
3156,0,192,-0.8089999999999998,0.057291666666666664,823.0,3.84,0.0
3157,1,336,0.3349999999999871,0.05654761904761905,823.2,3.84,0.0
3158,2,446,1.444999999999975,0.05605381165919283,823.4,3.84,0.0
3159,6,979,5.978000000000075,0.05515832482124617,823.9,3.84,0.0
3160,1,313,0.3119999999999896,0.054313099041533544,824.1,3.84,0.0
3161,1,313,0.3119999999999896,0.054313099041533544,824.3,3.84,0.0
3162,0,188,-0.8129999999999998,0.05851063829787234,824.4,3.84,0.0
3163,2,446,1.444999999999975,0.05605381165919283,824.6,3.84,0.0
3164,0,179,-0.8219999999999998,0.055865921787709494,824.7,3.84,0.0
3165,4,713,3.711999999999988,0.056100981767180924,825.0,3.84,0.0
3166,2,464,1.462999999999973,0.05603448275862069,825.3,3.84,0.0
3167,6,979,5.978000000000075,0.056179775280898875,825.8,3.84,0.0
3168,1,313,0.3119999999999896,0.054313099041533544,825.9,3.84,0.0
3169,1,313,0.3119999999999896,0.05750798722044728,826.1,3.84,0.0
3170,0,179,-0.8219999999999998,0.055865921787709494,826.2,3.84,0.0
3171,1,313,0.3119999999999896,0.054313099041533544,826.4,3.84,0.0
3172,4,713,3.711999999999988,0.056100981767180924,826.7,3.84,0.0
3173,0,179,-0.8219999999999998,0.055865921787709494,826.8,3.84,0.0
3174,2,453,1.4519999999999742,0.05739514348785872,827.1,3.84,0.0
3175,2,446,1.444999999999975,0.053811659192825115,827.3,3.84,0.0
3176,0,179,-0.8219999999999998,0.055865921787709494,827.4,3.84,0.0
3177,0,191,-0.8099999999999998,0.05759162303664921,827.5,3.84,0.0
3178,6,979,5.978000000000075,0.05515832482124617,828.0,3.84,0.0
3179,2,446,1.444999999999975,0.053811659192825115,828.2,3.84,0.0
3180,0,179,-0.8219999999999998,0.055865921787709494,828.3,3.84,0.0
3181,0,194,-0.8069999999999998,0.05670103092783505,828.4,3.84,0.0
3182,0,187,-0.8139999999999998,0.058823529411764705,828.5,3.84,0.0
3183,5,846,4.845000000000032,0.05555555555555555,828.9,3.84,0.0
3184,0,183,-0.8179999999999998,0.060109289617486336,829.0,3.84,0.0
3185,0,179,-0.8219999999999998,0.055865921787709494,829.1,3.84,0.0
3186,5,857,4.856000000000035,0.056009334889148193,829.5,3.84,0.0
3187,0,179,-0.8219999999999998,0.055865921787709494,829.6,3.84,0.0
3188,3,579,2.5779999999999603,0.055267702936096716,829.9,3.84,0.0
3189,0,179,-0.8219999999999998,0.05027932960893855,830.0,3.84,0.0
3190,4,713,3.711999999999988,0.056100981767180924,830.4,3.84,0.0
3191,0,179,-0.8219999999999998,0.055865921787709494,830.5,3.84,0.0
3192,0,183,-0.8179999999999998,0.060109289617486336,830.6,3.84,0.0
3193,2,446,1.444999999999975,0.05605381165919283,830.8,3.84,0.0
3194,5,846,4.845000000000032,0.05555555555555555,831.3,3.84,0.0
3195,4,713,3.711999999999988,0.0546984572230014,831.6,3.84,0.0
3196,5,874,4.873000000000041,0.05606407322654462,832.1,3.84,0.0
3197,1,313,0.3119999999999896,0.05750798722044728,832.3,3.84,0.0
3198,1,313,0.3119999999999896,0.054313099041533544,832.4,3.84,0.0
3199,4,713,3.711999999999988,0.056100981767180924,832.8,3.84,0.0
3200,4,713,3.711999999999988,0.056100981767180924,833.2,3.84,0.0
3201,1,313,0.3119999999999896,0.05750798722044728,833.3,3.84,0.0
3202,2,459,1.4579999999999735,0.05664488017429194,833.5,3.84,0.0
3203,1,314,0.3129999999999895,0.05732484076433121,833.7,3.84,0.0
3204,3,579,2.5779999999999603,0.055267702936096716,834.0,3.84,0.0
3205,0,179,-0.8219999999999998,0.055865921787709494,834.1,3.84,0.0
3206,1,313,0.3119999999999896,0.05750798722044728,834.3,3.84,0.0
3207,0,187,-0.8139999999999998,0.058823529411764705,834.4,3.84,0.0
3208,1,315,0.3139999999999894,0.05714285714285714,834.5,3.85,0.0
3209,0,183,-0.8179999999999998,0.060109289617486336,834.6,3.85,0.0
3210,0,179,-0.8219999999999998,0.055865921787709494,834.7,3.85,0.0
3211,2,460,1.4589999999999734,0.05652173913043478,834.9,3.85,0.0
3212,0,193,-0.8079999999999998,0.05699481865284974,835.0,3.85,0.0
3213,1,313,0.3119999999999896,0.054313099041533544,835.2,3.85,0.0
3214,1,336,0.3349999999999871,0.05654761904761905,835.4,3.85,0.0
3215,1,313,0.3119999999999896,0.054313099041533544,835.5,3.85,0.0
3216,2,446,1.444999999999975,0.05605381165919283,835.8,3.85,0.0
3217,6,988,5.987000000000078,0.05566801619433198,836.3,3.85,0.0
3218,1,313,0.3119999999999896,0.054313099041533544,836.4,3.85,0.0
3219,0,189,-0.8119999999999998,0.0582010582010582,836.5,3.85,0.0
3220,3,579,2.5779999999999603,0.055267702936096716,836.8,3.85,0.0
3221,2,446,1.444999999999975,0.053811659192825115,837.1,3.85,0.0
3222,0,183,-0.8179999999999998,0.060109289617486336,837.2,3.85,0.0
3223,2,446,1.444999999999975,0.05605381165919283,837.4,3.85,0.0
3224,0,179,-0.8219999999999998,0.055865921787709494,837.5,3.85,0.0
3225,3,579,2.5779999999999603,0.055267702936096716,837.8,3.85,0.0
3226,9,1379,9.377999999999888,0.05511240029006526,838.5,3.85,0.0
3227,8,1246,8.244999999999962,0.05537720706260032,839.1,3.85,0.0
3228,3,610,2.608999999999957,0.05573770491803279,839.4,3.85,0.0
3229,2,446,1.444999999999975,0.05605381165919283,839.7,3.85,0.0
3230,0,179,-0.8219999999999998,0.055865921787709494,839.8,3.85,0.0
3231,3,579,2.5779999999999603,0.055267702936096716,840.1,3.85,0.0
3232,0,179,-0.8219999999999998,0.055865921787709494,840.2,3.85,0.0
3233,0,179,-0.8219999999999998,0.055865921787709494,840.2,3.85,0.0
3234,2,461,1.4599999999999733,0.05639913232104121,840.5,3.85,0.0
3235,3,579,2.5779999999999603,0.055267702936096716,840.8,3.85,0.0
3236,5,846,4.845000000000032,0.05555555555555555,841.2,3.85,0.0
3237,0,179,-0.8219999999999998,0.055865921787709494,841.3,3.85,0.0
3238,4,713,3.711999999999988,0.056100981767180924,841.7,3.85,0.0
3239,1,313,0.3119999999999896,0.054313099041533544,841.8,3.85,0.0
3240,3,585,2.5839999999999597,0.05641025641025641,842.1,3.85,0.0
3241,1,313,0.3119999999999896,0.05750798722044728,842.3,3.85,0.0
3242,2,453,1.4519999999999742,0.05739514348785872,842.5,3.85,0.0
3243,0,191,-0.8099999999999998,0.05759162303664921,842.6,3.85,0.0
3244,0,179,-0.8219999999999998,0.055865921787709494,842.7,3.85,0.0
3245,3,579,2.5779999999999603,0.055267702936096716,843.0,3.85,0.0
3246,1,313,0.3119999999999896,0.054313099041533544,843.2,3.85,0.0
3247,4,713,3.711999999999988,0.056100981767180924,843.5,3.85,0.0
3248,4,713,3.711999999999988,0.0546984572230014,843.9,3.85,0.0
3249,5,855,4.854000000000035,0.056140350877192984,844.3,3.85,0.0
3250,3,579,2.5779999999999603,0.055267702936096716,844.6,3.85,0.0
3251,0,189,-0.8119999999999998,0.0582010582010582,844.7,3.85,0.0
3252,10,1513,10.511999999999814,0.056179775280898875,845.5,3.85,0.0
3253,6,979,5.978000000000075,0.056179775280898875,846.0,3.85,0.0
3254,2,446,1.444999999999975,0.053811659192825115,846.2,3.85,0.0
3255,0,179,-0.8219999999999998,0.055865921787709494,846.3,3.85,0.0
3256,1,313,0.3119999999999896,0.054313099041533544,846.5,3.85,0.0
3257,2,461,1.4599999999999733,0.05639913232104121,846.7,3.85,0.0
3258,5,846,4.845000000000032,0.05555555555555555,847.2,3.85,0.0
3259,2,461,1.4599999999999733,0.05639913232104121,847.4,3.85,0.0
3260,8,1246,8.244999999999962,0.05537720706260032,848.1,3.85,0.0
3261,0,179,-0.8219999999999998,0.055865921787709494,848.2,3.85,0.0
3262,6,998,5.997000000000082,0.056112224448897796,848.7,3.84,0.0
3263,1,313,0.3119999999999896,0.05750798722044728,848.8,3.85,0.0
3264,3,579,2.5779999999999603,0.055267702936096716,849.1,3.85,0.0
3265,5,846,4.845000000000032,0.05555555555555555,849.6,3.84,0.0
3266,6,979,5.978000000000075,0.05515832482124617,850.1,3.84,0.0
3267,1,313,0.3119999999999896,0.05750798722044728,850.2,3.84,0.0
3268,1,313,0.3119999999999896,0.054313099041533544,850.4,3.84,0.0
3269,0,179,-0.8219999999999998,0.055865921787709494,850.5,3.84,0.0
3270,0,191,-0.8099999999999998,0.05759162303664921,850.6,3.85,0.0
3271,3,591,2.589999999999959,0.05583756345177665,850.9,3.85,0.0
3272,3,579,2.5779999999999603,0.055267702936096716,851.2,3.85,0.0
3273,0,179,-0.8219999999999998,0.055865921787709494,851.3,3.85,0.0
3274,4,727,3.725999999999993,0.05639614855570839,851.6,3.85,0.0
3275,0,179,-0.8219999999999998,0.055865921787709494,851.7,3.85,0.0
3276,3,579,2.5779999999999603,0.055267702936096716,852.0,3.85,0.0
3277,2,446,1.444999999999975,0.05605381165919283,852.3,3.85,0.0
3278,2,446,1.444999999999975,0.053811659192825115,852.5,3.85,0.0
3279,1,313,0.3119999999999896,0.054313099041533544,852.7,3.85,0.0
3280,1,313,0.3119999999999896,0.05750798722044728,852.8,3.85,0.0
3281,4,713,3.711999999999988,0.056100981767180924,853.2,3.85,0.0
3282,2,454,1.452999999999974,0.05726872246696035,853.4,3.85,0.0
3283,1,313,0.3119999999999896,0.054313099041533544,853.6,3.85,0.0
3284,3,579,2.5779999999999603,0.055267702936096716,853.9,3.85,0.0
3285,0,179,-0.8219999999999998,0.055865921787709494,854.0,3.85,0.0
3286,1,315,0.3139999999999894,0.05714285714285714,854.1,3.85,0.0
3287,1,313,0.3119999999999896,0.05750798722044728,854.3,3.85,0.0
3288,5,849,4.848000000000033,0.05653710247349823,854.7,3.85,0.0
3289,0,182,-0.8189999999999998,0.06043956043956044,854.8,3.85,0.0
3290,0,179,-0.8219999999999998,0.055865921787709494,854.9,3.85,0.0
3291,3,579,2.5779999999999603,0.055267702936096716,855.2,3.85,0.0
3292,2,462,1.4609999999999732,0.05627705627705628,855.5,3.85,0.0
3293,3,579,2.5779999999999603,0.055267702936096716,855.8,3.85,0.0
3294,0,179,-0.8219999999999998,0.055865921787709494,855.9,3.85,0.0
3295,3,579,2.5779999999999603,0.055267702936096716,856.2,3.85,0.0
3296,0,187,-0.8139999999999998,0.058823529411764705,856.3,3.85,0.0
3297,5,848,4.847000000000032,0.05660377358490566,856.7,3.85,0.0
3298,2,454,1.452999999999974,0.05726872246696035,856.9,3.85,0.0
3299,4,713,3.711999999999988,0.0546984572230014,857.3,3.85,0.0
3300,0,179,-0.8219999999999998,0.055865921787709494,857.4,3.85,0.0
3301,2,461,1.4599999999999733,0.05639913232104121,857.6,3.85,0.0
3302,3,579,2.5779999999999603,0.055267702936096716,857.9,3.85,0.0
3303,0,185,-0.8159999999999998,0.05945945945945946,858.0,3.85,0.0
3304,0,179,-0.8219999999999998,0.055865921787709494,858.1,3.85,0.0
3305,3,579,2.5779999999999603,0.055267702936096716,858.4,3.85,0.0
3306,1,315,0.3139999999999894,0.05714285714285714,858.5,3.85,0.0
3307,1,314,0.3129999999999895,0.05732484076433121,858.7,3.85,0.0
3308,0,184,-0.8169999999999998,0.059782608695652176,858.8,3.85,0.0
3309,6,988,5.987000000000078,0.05566801619433198,859.3,3.85,0.0
3310,1,313,0.3119999999999896,0.054313099041533544,859.5,3.85,0.0
3311,2,446,1.444999999999975,0.05605381165919283,859.7,3.85,0.0
3312,3,579,2.5779999999999603,0.055267702936096716,860.0,3.85,0.0
3313,6,979,5.978000000000075,0.056179775280898875,860.5,3.85,0.0
3314,1,316,0.3149999999999893,0.056962025316455694,860.7,3.85,0.0
3315,0,179,-0.8219999999999998,0.055865921787709494,860.8,3.85,0.0
3316,0,179,-0.8219999999999998,0.055865921787709494,860.9,3.85,0.0
3317,1,313,0.3119999999999896,0.054313099041533544,861.0,3.85,0.0
3318,4,730,3.728999999999994,0.056164383561643834,861.4,3.85,0.0
3319,1,315,0.3139999999999894,0.05714285714285714,861.6,3.85,0.0
3320,5,846,4.845000000000032,0.05555555555555555,862.0,3.85,0.0
3321,0,179,-0.8219999999999998,0.055865921787709494,862.1,3.85,0.0
3322,1,313,0.3119999999999896,0.05750798722044728,862.2,3.85,0.0
3323,2,446,1.444999999999975,0.053811659192825115,862.5,3.85,0.0
3324,1,313,0.3119999999999896,0.054313099041533544,862.6,3.85,0.0
3325,1,337,0.335999999999987,0.05637982195845697,862.8,3.85,0.0
3326,0,179,-0.8219999999999998,0.055865921787709494,862.9,3.86,0.0
3327,3,582,2.58099999999996,0.05670103092783505,863.2,3.86,0.0
3328,4,713,3.711999999999988,0.056100981767180924,863.5,3.86,0.0
3329,0,179,-0.8219999999999998,0.055865921787709494,863.6,3.86,0.0
3330,3,583,2.58199999999996,0.05660377358490566,863.9,3.86,0.0
3331,3,579,2.5779999999999603,0.055267702936096716,864.2,3.86,0.0
3332,4,713,3.711999999999988,0.056100981767180924,864.6,3.85,0.0
3333,5,855,4.854000000000035,0.056140350877192984,865.0,3.85,0.0
3334,0,183,-0.8179999999999998,0.060109289617486336,865.1,3.85,0.0
3335,1,313,0.3119999999999896,0.05750798722044728,865.3,3.86,0.0
3336,0,182,-0.8189999999999998,0.06043956043956044,865.4,3.86,0.0
3337,0,195,-0.8059999999999998,0.05641025641025641,865.5,3.86,0.0
3338,1,321,0.31999999999998874,0.056074766355140186,865.7,3.86,0.0
3339,2,446,1.444999999999975,0.05605381165919283,865.9,3.86,0.0
3340,0,179,-0.8219999999999998,0.055865921787709494,866.0,3.86,0.0
3341,3,579,2.5779999999999603,0.055267702936096716,866.3,3.86,0.0
3342,1,313,0.3119999999999896,0.05750798722044728,866.5,3.86,0.0
3343,0,187,-0.8139999999999998,0.058823529411764705,866.6,3.86,0.0
3344,0,188,-0.8129999999999998,0.05851063829787234,866.6,3.86,0.0
3345,1,313,0.3119999999999896,0.05750798722044728,866.8,3.86,0.0
3346,1,339,0.33799999999998676,0.05604719764011799,867.0,3.86,0.0
3347,1,313,0.3119999999999896,0.054313099041533544,867.2,3.86,0.0
3348,3,580,2.57899999999996,0.056896551724137934,867.5,3.86,0.0
3349,1,313,0.3119999999999896,0.054313099041533544,867.6,3.86,0.0
3350,3,589,2.587999999999959,0.05602716468590832,867.9,3.86,0.0
3351,5,846,4.845000000000032,0.05555555555555555,868.4,3.86,0.0
3352,2,446,1.444999999999975,0.05605381165919283,868.6,3.86,0.0
3353,2,461,1.4599999999999733,0.05639913232104121,868.9,3.86,0.0
3354,1,321,0.31999999999998874,0.056074766355140186,869.0,3.86,0.0
3355,0,179,-0.8219999999999998,0.055865921787709494,869.1,3.86,0.0
3356,0,179,-0.8219999999999998,0.055865921787709494,869.2,3.86,0.0
3357,1,338,0.33699999999998687,0.05621301775147929,869.4,3.86,0.0
3358,13,1913,13.911999999999592,0.05541035023523262,870.4,3.86,0.0
3359,1,313,0.3119999999999896,0.054313099041533544,870.6,3.86,0.0
3360,0,188,-0.8129999999999998,0.05851063829787234,870.7,3.86,0.0
3361,0,179,-0.8219999999999998,0.055865921787709494,870.7,3.86,0.0
3362,2,446,1.444999999999975,0.053811659192825115,871.0,3.86,0.0
3363,0,179,-0.8219999999999998,0.055865921787709494,871.1,3.86,0.0
3364,1,313,0.3119999999999896,0.054313099041533544,871.2,3.86,0.0
3365,8,1246,8.244999999999962,0.05537720706260032,871.9,3.86,0.0
3366,1,313,0.3119999999999896,0.054313099041533544,872.1,3.86,0.0
3367,4,713,3.711999999999988,0.0546984572230014,872.4,3.86,0.0
3368,0,184,-0.8169999999999998,0.059782608695652176,872.5,3.86,0.0
3369,4,713,3.711999999999988,0.056100981767180924,872.9,3.86,0.0
3370,3,579,2.5779999999999603,0.055267702936096716,873.2,3.86,0.0
3371,6,979,5.978000000000075,0.05515832482124617,873.7,3.86,0.0
3372,0,194,-0.8069999999999998,0.05670103092783505,873.8,3.86,0.0
3373,7,1131,7.130000000000026,0.05570291777188329,874.4,3.86,0.0
3374,0,187,-0.8139999999999998,0.058823529411764705,874.5,3.86,0.0
3375,3,583,2.58199999999996,0.05660377358490566,874.8,3.86,0.0
3376,6,1004,6.003000000000084,0.055776892430278883,875.3,3.86,0.0
3377,0,179,-0.8219999999999998,0.055865921787709494,875.4,3.86,0.0
3378,3,579,2.5779999999999603,0.05699481865284974,875.7,3.86,0.0
3379,10,1513,10.511999999999814,0.05551883674818242,876.5,3.86,0.0
3380,1,313,0.3119999999999896,0.05750798722044728,876.6,3.86,0.0
3381,4,713,3.711999999999988,0.0546984572230014,877.0,3.86,0.0
3382,0,179,-0.8219999999999998,0.055865921787709494,877.1,3.86,0.0
3383,0,179,-0.8219999999999998,0.055865921787709494,877.2,3.86,0.0
3384,1,315,0.3139999999999894,0.05714285714285714,877.4,3.86,0.0
3385,0,179,-0.8219999999999998,0.055865921787709494,877.4,3.86,0.0
3386,2,466,1.4649999999999728,0.055793991416309016,877.7,3.86,0.0
3387,0,179,-0.8219999999999998,0.055865921787709494,877.8,3.86,0.0
3388,0,179,-0.8219999999999998,0.055865921787709494,877.9,3.86,0.0
3389,2,459,1.4579999999999735,0.05664488017429194,878.1,3.86,0.0
3390,3,579,2.5779999999999603,0.055267702936096716,878.4,3.86,0.0
3391,1,313,0.3119999999999896,0.054313099041533544,878.6,3.86,0.0
3392,0,179,-0.8219999999999998,0.055865921787709494,878.7,3.86,0.0
3393,1,313,0.3119999999999896,0.054313099041533544,878.8,3.86,0.0
3394,1,313,0.3119999999999896,0.054313099041533544,879.0,3.86,0.0
3395,3,579,2.5779999999999603,0.055267702936096716,879.3,3.86,0.0
3396,4,713,3.711999999999988,0.056100981767180924,879.6,3.86,0.0
3397,3,579,2.5779999999999603,0.055267702936096716,879.9,3.86,0.0
3398,4,728,3.726999999999993,0.05631868131868132,880.3,3.86,0.0
3399,6,979,5.978000000000075,0.05515832482124617,880.8,3.86,0.0
3400,8,1246,8.244999999999962,0.05537720706260032,881.4,3.86,0.0
3401,4,736,3.734999999999996,0.05570652173913043,881.8,3.86,0.0
3402,0,179,-0.8219999999999998,0.055865921787709494,881.9,3.86,0.0
3403,4,713,3.711999999999988,0.056100981767180924,882.3,3.86,0.0
3404,7,1113,7.112000000000036,0.055705300988319856,882.9,3.86,0.0
3405,0,179,-0.8219999999999998,0.055865921787709494,883.0,3.86,0.0
3406,2,456,1.4549999999999739,0.05701754385964912,883.2,3.86,0.0
3407,1,313,0.3119999999999896,0.054313099041533544,883.4,3.86,0.0
3408,0,179,-0.8219999999999998,0.055865921787709494,883.5,3.86,0.0
3409,0,179,-0.8219999999999998,0.055865921787709494,883.6,3.86,0.0
3410,2,446,1.444999999999975,0.05605381165919283,883.8,3.86,0.0
3411,4,713,3.711999999999988,0.0546984572230014,884.2,3.86,0.0
3412,0,186,-0.8149999999999998,0.05913978494623656,884.3,3.86,0.0
3413,1,313,0.3119999999999896,0.05750798722044728,884.4,3.86,0.0
3414,1,313,0.3119999999999896,0.054313099041533544,884.6,3.86,0.0
3415,11,1649,11.647999999999739,0.05579138872043663,885.5,3.86,0.0
3416,1,320,0.31899999999998885,0.05625,885.7,3.86,0.0
3417,1,313,0.3119999999999896,0.054313099041533544,885.8,3.86,0.0
3418,0,179,-0.8219999999999998,0.055865921787709494,885.9,3.86,0.0
3419,0,184,-0.8169999999999998,0.059782608695652176,886.0,3.86,0.0
3420,3,579,2.5779999999999603,0.05699481865284974,886.3,3.86,0.0
3421,0,195,-0.8059999999999998,0.05641025641025641,886.4,3.86,0.0
3422,3,579,2.5779999999999603,0.055267702936096716,886.7,3.86,0.0
3423,0,179,-0.8219999999999998,0.055865921787709494,886.8,3.86,0.0
3424,0,179,-0.8219999999999998,0.055865921787709494,886.9,3.86,0.0
3425,0,179,-0.8219999999999998,0.055865921787709494,887.0,3.86,0.0
3426,4,727,3.725999999999993,0.05639614855570839,887.3,3.86,0.0
3427,0,213,-0.7879999999999998,0.056338028169014086,887.5,3.86,0.0
3428,3,579,2.5779999999999603,0.055267702936096716,887.8,3.86,0.0
3429,0,179,-0.8219999999999998,0.055865921787709494,887.9,3.86,0.0
3430,0,190,-0.8109999999999998,0.05789473684210526,888.0,3.86,0.0
3431,4,732,3.7309999999999945,0.056010928961748634,888.3,3.86,0.0
3432,2,459,1.4579999999999735,0.05664488017429194,888.6,3.86,0.0
3433,0,179,-0.8219999999999998,0.055865921787709494,888.7,3.86,0.0
3434,0,179,-0.8219999999999998,0.055865921787709494,888.8,3.86,0.0
3435,4,729,3.7279999999999935,0.056241426611796985,889.2,3.86,0.0
3436,0,191,-0.8099999999999998,0.05759162303664921,889.3,3.87,0.0
3437,3,579,2.5779999999999603,0.055267702936096716,889.6,3.86,0.0
3438,0,179,-0.8219999999999998,0.055865921787709494,889.7,3.87,0.0
3439,0,179,-0.8219999999999998,0.055865921787709494,889.7,3.87,0.0
3440,3,579,2.5779999999999603,0.055267702936096716,890.0,3.87,0.0
3441,0,179,-0.8219999999999998,0.055865921787709494,890.1,3.87,0.0
3442,0,179,-0.8219999999999998,0.055865921787709494,890.2,3.87,0.0
3443,3,591,2.589999999999959,0.05583756345177665,890.5,3.87,0.0
3444,1,317,0.3159999999999892,0.056782334384858045,890.7,3.87,0.0
3445,0,179,-0.8219999999999998,0.055865921787709494,890.8,3.87,0.0
3446,4,713,3.711999999999988,0.056100981767180924,891.2,3.87,0.0
3447,1,313,0.3119999999999896,0.054313099041533544,891.3,3.87,0.0
3448,6,1002,6.001000000000083,0.05588822355289421,891.9,3.87,0.0
3449,0,182,-0.8189999999999998,0.06043956043956044,891.9,3.87,0.0
3450,0,179,-0.8219999999999998,0.055865921787709494,892.0,3.87,0.0
3451,0,189,-0.8119999999999998,0.0582010582010582,892.1,3.87,0.0
3452,2,446,1.444999999999975,0.053811659192825115,892.4,3.87,0.0
3453,6,979,5.978000000000075,0.05515832482124617,892.9,3.87,0.0
3454,0,179,-0.8219999999999998,0.05027932960893855,893.0,3.87,0.0
3455,2,453,1.4519999999999742,0.05739514348785872,893.2,3.87,0.0
3456,6,979,5.978000000000075,0.05515832482124617,893.7,3.87,0.0
3457,0,179,-0.8219999999999998,0.055865921787709494,893.8,3.87,0.0
3458,0,179,-0.8219999999999998,0.055865921787709494,893.9,3.87,0.0
3459,1,313,0.3119999999999896,0.054313099041533544,894.1,3.87,0.0
3460,6,1001,6.000000000000083,0.055944055944055944,894.6,3.87,0.0
3461,4,713,3.711999999999988,0.056100981767180924,894.9,3.87,0.0
3462,3,585,2.5839999999999597,0.05641025641025641,895.2,3.87,0.0
3463,2,446,1.444999999999975,0.053811659192825115,895.5,3.87,0.0
3464,3,579,2.5779999999999603,0.055267702936096716,895.8,3.87,0.0
3465,8,1256,8.254999999999956,0.05573248407643312,896.4,3.87,0.0
3466,3,579,2.5779999999999603,0.055267702936096716,896.7,3.87,0.0
3467,1,313,0.3119999999999896,0.054313099041533544,896.9,3.87,0.0
3468,1,313,0.3119999999999896,0.054313099041533544,897.0,3.87,0.0
3469,0,191,-0.8099999999999998,0.05759162303664921,897.2,3.87,0.0
3470,1,337,0.335999999999987,0.05637982195845697,897.3,3.87,0.0
3471,4,713,3.711999999999988,0.056100981767180924,897.7,3.87,0.0
3472,5,853,4.852000000000034,0.05627198124267292,898.2,3.87,0.0
3473,2,455,1.453999999999974,0.05714285714285714,898.4,3.87,0.0
3474,0,179,-0.8219999999999998,0.055865921787709494,898.5,3.87,0.0
3475,1,316,0.3149999999999893,0.056962025316455694,898.7,3.87,0.0
3476,3,579,2.5779999999999603,0.055267702936096716,899.0,3.87,0.0
3477,2,446,1.444999999999975,0.05605381165919283,899.2,3.87,0.0
3478,1,313,0.3119999999999896,0.054313099041533544,899.3,3.87,0.0
3479,6,984,5.983000000000077,0.05589430894308943,899.9,3.87,0.0
3480,0,179,-0.8219999999999998,0.055865921787709494,900.0,3.87,0.0
3481,3,579,2.5779999999999603,0.055267702936096716,900.3,3.87,0.0
3482,2,446,1.444999999999975,0.053811659192825115,900.5,3.87,0.0
3483,0,179,-0.8219999999999998,0.055865921787709494,900.6,3.87,0.0
3484,2,447,1.4459999999999749,0.05592841163310962,900.8,3.87,0.0
3485,8,1246,8.244999999999962,0.056179775280898875,901.5,3.87,0.0
3486,0,183,-0.8179999999999998,0.060109289617486336,901.6,3.87,0.0
3487,0,181,-0.8199999999999998,0.06077348066298342,901.7,3.87,0.0
3488,3,579,2.5779999999999603,0.055267702936096716,902.0,3.87,0.0
3489,1,313,0.3119999999999896,0.05750798722044728,902.1,3.87,0.0
3490,1,314,0.3129999999999895,0.05732484076433121,902.3,3.87,0.0
3491,0,179,-0.8219999999999998,0.055865921787709494,902.4,3.87,0.0
3492,0,179,-0.8219999999999998,0.055865921787709494,902.5,3.87,0.0
3493,0,179,-0.8219999999999998,0.055865921787709494,902.6,3.87,0.0
3494,3,587,2.5859999999999594,0.056218057921635436,902.9,3.87,0.0
3495,0,179,-0.8219999999999998,0.055865921787709494,903.0,3.87,0.0
3496,0,184,-0.8169999999999998,0.059782608695652176,903.1,3.87,0.0
3497,3,579,2.5779999999999603,0.05699481865284974,903.4,3.87,0.0
3498,1,336,0.3349999999999871,0.05654761904761905,903.5,3.87,0.0
3499,1,336,0.3349999999999871,0.05654761904761905,903.7,3.87,0.0
3500,2,454,1.452999999999974,0.05726872246696035,903.9,3.87,0.0
3501,0,195,-0.8059999999999998,0.05641025641025641,906.8,3.86,0.0
3502,7,1113,7.112000000000036,0.055705300988319856,907.4,3.86,0.0
3503,0,189,-0.8119999999999998,0.0582010582010582,907.5,3.86,0.0
3504,3,579,2.5779999999999603,0.055267702936096716,907.8,3.86,0.0
3505,2,446,1.444999999999975,0.05605381165919283,908.1,3.86,0.0
3506,0,179,-0.8219999999999998,0.055865921787709494,908.2,3.86,0.0
3507,0,186,-0.8149999999999998,0.05913978494623656,908.3,3.86,0.0
3508,4,731,3.729999999999994,0.0560875512995896,908.7,3.86,0.0
3509,1,313,0.3119999999999896,0.054313099041533544,908.9,3.86,0.0
3510,4,713,3.711999999999988,0.056100981767180924,909.2,3.86,0.0
3511,2,353,1.3519999999999852,0.056657223796033995,909.4,3.86,0.0
3512,0,179,-0.8219999999999998,0.055865921787709494,909.5,3.86,0.0
3513,3,579,2.5779999999999603,0.05699481865284974,909.8,3.86,0.0
3514,0,179,-0.8219999999999998,0.055865921787709494,909.9,3.86,0.0
3515,3,579,2.5779999999999603,0.055267702936096716,910.2,3.86,0.0
3516,2,446,1.444999999999975,0.05605381165919283,910.5,3.86,0.0
3517,7,1121,7.120000000000031,0.056199821587867974,911.1,3.86,0.0
3518,0,179,-0.8219999999999998,0.055865921787709494,911.2,3.86,0.0
3519,1,315,0.3139999999999894,0.05714285714285714,911.3,3.86,0.0
3520,3,579,2.5779999999999603,0.05699481865284974,911.6,3.86,0.0
3521,3,582,2.58099999999996,0.05670103092783505,911.9,3.86,0.0
3522,0,179,-0.8219999999999998,0.055865921787709494,912.0,3.86,0.0
3523,2,446,1.444999999999975,0.05605381165919283,912.3,3.86,0.0
3524,1,318,0.31699999999998907,0.05660377358490566,912.4,3.86,0.0
3525,0,179,-0.8219999999999998,0.055865921787709494,912.5,3.86,0.0
3526,7,1126,7.125000000000028,0.05595026642984014,913.1,3.86,0.0
3527,2,446,1.444999999999975,0.05605381165919283,913.3,3.86,0.0
3528,4,728,3.726999999999993,0.05631868131868132,913.7,3.86,0.0
3529,0,195,-0.8059999999999998,0.05641025641025641,913.8,3.86,0.0
3530,0,190,-0.8109999999999998,0.05789473684210526,913.9,3.86,0.0
3531,2,461,1.4599999999999733,0.05639913232104121,914.2,3.86,0.0
3532,1,313,0.3119999999999896,0.05750798722044728,914.3,3.86,0.0
3533,3,589,2.587999999999959,0.05602716468590832,914.6,3.86,0.0
3534,0,179,-0.8219999999999998,0.055865921787709494,914.7,3.86,0.0
3535,1,318,0.31699999999998907,0.05660377358490566,914.9,3.86,0.0
3536,4,713,3.711999999999988,0.056100981767180924,915.3,3.86,0.0
3537,0,179,-0.8219999999999998,0.055865921787709494,915.4,3.87,0.0
3538,0,179,-0.8219999999999998,0.055865921787709494,915.5,3.87,0.0
3539,1,335,0.3339999999999872,0.056716417910447764,915.6,3.87,0.0
3540,0,179,-0.8219999999999998,0.055865921787709494,915.7,3.87,0.0
3541,3,585,2.5839999999999597,0.05641025641025641,916.0,3.87,0.0
3542,2,447,1.4459999999999749,0.05592841163310962,916.3,3.87,0.0
3543,0,179,-0.8219999999999998,0.05027932960893855,916.4,3.87,0.0
3544,5,859,4.858000000000036,0.05587892898719441,916.8,3.87,0.0
3545,0,179,-0.8219999999999998,0.055865921787709494,916.9,3.87,0.0
3546,1,313,0.3119999999999896,0.054313099041533544,917.1,3.87,0.0
3547,2,465,1.4639999999999729,0.05591397849462366,917.3,3.87,0.0
3548,2,446,1.444999999999975,0.053811659192825115,917.5,3.87,0.0
3549,3,579,2.5779999999999603,0.055267702936096716,917.8,3.87,0.0
3550,4,713,3.711999999999988,0.056100981767180924,918.2,3.87,0.0
3551,4,735,3.7339999999999955,0.055782312925170066,918.6,3.87,0.0
3552,3,579,2.5779999999999603,0.055267702936096716,918.9,3.87,0.0
3553,1,322,0.32099999999998863,0.055900621118012424,919.1,3.87,0.0
3554,2,446,1.444999999999975,0.05605381165919283,919.3,3.87,0.0
3555,0,179,-0.8219999999999998,0.05027932960893855,919.4,3.87,0.0
3556,5,846,4.845000000000032,0.05555555555555555,919.8,3.87,0.0
3557,7,1113,7.112000000000036,0.055705300988319856,920.4,3.87,0.0
3558,1,313,0.3119999999999896,0.054313099041533544,920.6,3.87,0.0
3559,2,446,1.444999999999975,0.05605381165919283,920.8,3.87,0.0
3560,1,313,0.3119999999999896,0.054313099041533544,921.0,3.87,0.0
3561,2,458,1.4569999999999736,0.056768558951965066,921.2,3.87,0.0
3562,4,713,3.711999999999988,0.056100981767180924,921.6,3.87,0.0
3563,5,850,4.849000000000033,0.05647058823529412,922.0,3.87,0.0
3564,3,591,2.589999999999959,0.05583756345177665,922.3,3.87,0.0
3565,0,179,-0.8219999999999998,0.055865921787709494,922.4,3.87,0.0
3566,3,579,2.5779999999999603,0.055267702936096716,922.7,3.87,0.0
3567,1,319,0.31799999999998896,0.05642633228840126,922.9,3.87,0.0
3568,3,579,2.5779999999999603,0.055267702936096716,923.2,3.87,0.0
3569,2,446,1.444999999999975,0.05605381165919283,923.4,3.87,0.0
3570,2,446,1.444999999999975,0.05605381165919283,923.7,3.87,0.0
3571,0,179,-0.8219999999999998,0.055865921787709494,923.8,3.87,0.0
3572,0,179,-0.8219999999999998,0.055865921787709494,923.8,3.87,0.0
3573,1,313,0.3119999999999896,0.054313099041533544,924.0,3.87,0.0
3574,1,313,0.3119999999999896,0.054313099041533544,924.2,3.87,0.0
3575,0,179,-0.8219999999999998,0.05027932960893855,924.3,3.87,0.0
3576,3,579,2.5779999999999603,0.055267702936096716,924.6,3.87,0.0
3577,0,179,-0.8219999999999998,0.055865921787709494,924.7,3.87,0.0
3578,1,313,0.3119999999999896,0.054313099041533544,924.8,3.87,0.0
3579,3,579,2.5779999999999603,0.055267702936096716,925.1,3.87,0.0
3580,1,313,0.3119999999999896,0.05750798722044728,925.3,3.87,0.0
3581,1,320,0.31899999999998885,0.05625,925.4,3.87,0.0
3582,3,579,2.5779999999999603,0.055267702936096716,925.8,3.87,0.0
3583,3,579,2.5779999999999603,0.055267702936096716,926.1,3.87,0.0
3584,0,192,-0.8089999999999998,0.057291666666666664,926.2,3.87,0.0
3585,1,313,0.3119999999999896,0.05750798722044728,926.3,3.87,0.0
3586,4,713,3.711999999999988,0.0546984572230014,926.7,3.87,0.0
3587,0,179,-0.8219999999999998,0.055865921787709494,926.8,3.87,0.0
3588,0,187,-0.8139999999999998,0.058823529411764705,926.9,3.87,0.0
3589,1,317,0.3159999999999892,0.056782334384858045,927.0,3.87,0.0
3590,4,728,3.726999999999993,0.05631868131868132,927.4,3.87,0.0
3591,0,183,-0.8179999999999998,0.060109289617486336,927.5,3.87,0.0
3592,0,197,-0.8039999999999998,0.05583756345177665,927.6,3.87,0.0
3593,1,313,0.3119999999999896,0.05750798722044728,927.8,3.87,0.0
3594,4,729,3.7279999999999935,0.056241426611796985,928.2,3.87,0.0
3595,3,605,2.6039999999999575,0.05619834710743802,928.5,3.87,0.0
3596,1,313,0.3119999999999896,0.05750798722044728,928.6,3.87,0.0
3597,4,713,3.711999999999988,0.0546984572230014,929.0,3.87,0.0
3598,0,179,-0.8219999999999998,0.055865921787709494,929.1,3.87,0.0
3599,0,179,-0.8219999999999998,0.055865921787709494,929.2,3.87,0.0
3600,0,179,-0.8219999999999998,0.055865921787709494,929.3,3.87,0.0
3601,1,314,0.3129999999999895,0.05732484076433121,929.5,3.88,0.0
3602,0,185,-0.8159999999999998,0.05945945945945946,929.6,3.88,0.0
3603,1,313,0.3119999999999896,0.054313099041533544,929.7,3.88,0.0
3604,5,846,4.845000000000032,0.05555555555555555,930.2,3.88,0.0
3605,0,195,-0.8059999999999998,0.05641025641025641,930.3,3.88,0.0
3606,0,179,-0.8219999999999998,0.055865921787709494,930.4,3.88,0.0
3607,0,189,-0.8119999999999998,0.0582010582010582,930.5,3.88,0.0
3608,4,713,3.711999999999988,0.056100981767180924,930.8,3.88,0.0
3609,2,446,1.444999999999975,0.05605381165919283,931.1,3.88,0.0
3610,3,589,2.587999999999959,0.05602716468590832,931.4,3.88,0.0
3611,2,456,1.4549999999999739,0.05701754385964912,931.6,3.88,0.0
3612,3,585,2.5839999999999597,0.05641025641025641,931.9,3.88,0.0
3613,4,736,3.734999999999996,0.05570652173913043,932.3,3.88,0.0
3614,3,585,2.5839999999999597,0.05641025641025641,932.6,3.88,0.0
3615,5,846,4.845000000000032,0.05555555555555555,933.0,3.88,0.0
3616,0,182,-0.8189999999999998,0.06043956043956044,933.1,3.88,0.0
3617,0,179,-0.8219999999999998,0.055865921787709494,933.2,3.88,0.0
3618,1,313,0.3119999999999896,0.054313099041533544,933.4,3.88,0.0
3619,0,186,-0.8149999999999998,0.05913978494623656,933.5,3.88,0.0
3620,1,332,0.3309999999999875,0.0572289156626506,933.7,3.88,0.0
3621,3,579,2.5779999999999603,0.055267702936096716,934.0,3.88,0.0
3622,0,179,-0.8219999999999998,0.055865921787709494,934.1,3.88,0.0
3623,0,179,-0.8219999999999998,0.055865921787709494,934.2,3.88,0.0
3624,0,179,-0.8219999999999998,0.055865921787709494,934.2,3.88,0.0
3625,0,179,-0.8219999999999998,0.055865921787709494,934.3,3.88,0.0
3626,1,313,0.3119999999999896,0.05750798722044728,934.5,3.88,0.0
3627,0,179,-0.8219999999999998,0.055865921787709494,934.6,3.88,0.0
3628,0,179,-0.8219999999999998,0.055865921787709494,934.7,3.88,0.0
3629,2,446,1.444999999999975,0.05605381165919283,934.9,3.88,0.0
3630,0,179,-0.8219999999999998,0.055865921787709494,935.0,3.88,0.0
3631,0,179,-0.8219999999999998,0.055865921787709494,935.1,3.88,0.0
3632,2,446,1.444999999999975,0.053811659192825115,935.3,3.88,0.0
3633,3,579,2.5779999999999603,0.05699481865284974,935.6,3.88,0.0
3634,4,713,3.711999999999988,0.0546984572230014,936.0,3.88,0.0
3635,1,321,0.31999999999998874,0.056074766355140186,936.2,3.88,0.0
3636,2,446,1.444999999999975,0.05605381165919283,936.4,3.88,0.0
3637,2,446,1.444999999999975,0.053811659192825115,936.6,3.88,0.0
3638,2,459,1.4579999999999735,0.05664488017429194,936.9,3.88,0.0
3639,5,846,4.845000000000032,0.05555555555555555,937.3,3.88,0.0
3640,4,727,3.725999999999993,0.05639614855570839,937.7,3.88,0.0
3641,1,336,0.3349999999999871,0.05654761904761905,937.9,3.88,0.0
3642,2,446,1.444999999999975,0.05605381165919283,938.1,3.88,0.0
3643,1,313,0.3119999999999896,0.054313099041533544,938.3,3.88,0.0
3644,0,179,-0.8219999999999998,0.055865921787709494,938.4,3.88,0.0
3645,9,1379,9.377999999999888,0.05583756345177665,939.1,3.88,0.0
3646,2,446,1.444999999999975,0.05605381165919283,939.3,3.88,0.0
3647,3,581,2.57999999999996,0.05679862306368331,939.6,3.88,0.0
3648,2,446,1.444999999999975,0.05605381165919283,939.8,3.88,0.0
3649,5,846,4.845000000000032,0.05555555555555555,940.3,3.88,0.0
3650,0,179,-0.8219999999999998,0.05027932960893855,940.4,3.88,0.0
3651,1,336,0.3349999999999871,0.05654761904761905,940.5,3.88,0.0
3652,0,183,-0.8179999999999998,0.060109289617486336,940.6,3.88,0.0
3653,1,313,0.3119999999999896,0.05750798722044728,940.8,3.88,0.0
3654,0,188,-0.8129999999999998,0.05851063829787234,940.9,3.88,0.0
3655,1,313,0.3119999999999896,0.05750798722044728,941.0,3.89,0.0
3656,4,729,3.7279999999999935,0.056241426611796985,941.4,3.88,0.0
3657,1,315,0.3139999999999894,0.05714285714285714,941.6,3.88,0.0
3658,4,718,3.71699999999999,0.055710306406685235,942.0,3.88,0.0
3659,0,179,-0.8219999999999998,0.055865921787709494,942.1,3.89,0.0
3660,2,446,1.444999999999975,0.05605381165919283,942.3,3.89,0.0
3661,1,313,0.3119999999999896,0.05750798722044728,942.4,3.89,0.0
3662,0,185,-0.8159999999999998,0.05945945945945946,942.5,3.89,0.0
3663,1,339,0.33799999999998676,0.05604719764011799,942.7,3.89,0.0
3664,2,446,1.444999999999975,0.05605381165919283,943.0,3.89,0.0
3665,2,463,1.461999999999973,0.056155507559395246,943.2,3.89,0.0
3666,0,187,-0.8139999999999998,0.058823529411764705,943.3,3.89,0.0
3667,3,579,2.5779999999999603,0.055267702936096716,943.6,3.89,0.0
3668,0,179,-0.8219999999999998,0.055865921787709494,943.7,3.89,0.0
3669,2,446,1.444999999999975,0.053811659192825115,943.9,3.89,0.0
3670,5,846,4.845000000000032,0.05555555555555555,944.4,3.89,0.0
3671,1,335,0.3339999999999872,0.056716417910447764,944.5,3.89,0.0
3672,0,179,-0.8219999999999998,0.055865921787709494,944.6,3.89,0.0
3673,2,457,1.4559999999999738,0.05689277899343545,944.9,3.89,0.0
3674,0,188,-0.8129999999999998,0.05851063829787234,945.0,3.89,0.0
3675,3,579,2.5779999999999603,0.055267702936096716,945.3,3.89,0.0
3676,4,713,3.711999999999988,0.0546984572230014,945.6,3.89,0.0
3677,0,179,-0.8219999999999998,0.055865921787709494,945.7,3.89,0.0
3678,0,183,-0.8179999999999998,0.060109289617486336,945.8,3.89,0.0
3679,4,727,3.725999999999993,0.05639614855570839,946.2,3.89,0.0
3680,3,591,2.589999999999959,0.05583756345177665,946.5,3.89,0.0
3681,1,313,0.3119999999999896,0.054313099041533544,946.7,3.89,0.0
3682,0,179,-0.8219999999999998,0.055865921787709494,946.8,3.89,0.0
3683,5,854,4.853000000000034,0.05620608899297424,947.2,3.89,0.0
3684,1,313,0.3119999999999896,0.054313099041533544,947.4,3.89,0.0
3685,3,589,2.587999999999959,0.05602716468590832,947.7,3.89,0.0
3686,4,713,3.711999999999988,0.056100981767180924,948.1,3.89,0.0
3687,4,733,3.731999999999995,0.05593451568894952,948.5,3.89,0.0
3688,3,583,2.58199999999996,0.05660377358490566,948.8,3.89,0.0
3689,1,313,0.3119999999999896,0.054313099041533544,948.9,3.89,0.0
3690,5,853,4.852000000000034,0.05627198124267292,949.4,3.89,0.0
3691,2,454,1.452999999999974,0.05726872246696035,949.6,3.89,0.0
3692,0,189,-0.8119999999999998,0.0582010582010582,949.7,3.89,0.0
3693,6,979,5.978000000000075,0.05515832482124617,950.2,3.89,0.0
3694,2,453,1.4519999999999742,0.05739514348785872,950.5,3.89,0.0
3695,0,192,-0.8089999999999998,0.057291666666666664,950.6,3.89,0.0
3696,2,446,1.444999999999975,0.05605381165919283,950.8,3.89,0.0
3697,5,856,4.855000000000035,0.056074766355140186,951.2,3.89,0.0
3698,7,1113,7.112000000000036,0.055705300988319856,951.8,3.89,0.0
3699,0,179,-0.8219999999999998,0.055865921787709494,951.9,3.89,0.0
3700,1,336,0.3349999999999871,0.05654761904761905,952.1,3.89,0.0
3701,2,446,1.444999999999975,0.05605381165919283,952.3,3.89,0.0
3702,1,349,0.34799999999998565,0.05730659025787966,952.5,3.89,0.0
3703,2,457,1.4559999999999738,0.05689277899343545,952.7,3.89,0.0
3704,2,446,1.444999999999975,0.05605381165919283,953.0,3.89,0.0
3705,0,189,-0.8119999999999998,0.0582010582010582,953.1,3.89,0.0
3706,5,846,4.845000000000032,0.05555555555555555,953.5,3.89,0.0
3707,1,314,0.3129999999999895,0.05732484076433121,953.7,3.89,0.0
3708,1,313,0.3119999999999896,0.05750798722044728,953.8,3.89,0.0
3709,7,1119,7.118000000000032,0.05630026809651475,954.4,3.89,0.0
3710,3,591,2.589999999999959,0.05583756345177665,954.7,3.89,0.0
3711,0,185,-0.8159999999999998,0.05945945945945946,954.8,3.89,0.0
3712,4,713,3.711999999999988,0.0546984572230014,955.2,3.89,0.0
3713,0,179,-0.8219999999999998,0.055865921787709494,955.3,3.89,0.0
3714,2,456,1.4549999999999739,0.05701754385964912,955.5,3.89,0.0
3715,0,179,-0.8219999999999998,0.055865921787709494,955.6,3.89,0.0
3716,0,191,-0.8099999999999998,0.05759162303664921,955.7,3.89,0.0
3717,0,195,-0.8059999999999998,0.05641025641025641,955.8,3.89,0.0
3718,4,727,3.725999999999993,0.05639614855570839,956.2,3.89,0.0
3719,0,179,-0.8219999999999998,0.055865921787709494,956.3,3.89,0.0
3720,1,317,0.3159999999999892,0.056782334384858045,956.5,3.89,0.0
3721,2,453,1.4519999999999742,0.05739514348785872,956.7,3.89,0.0
3722,0,184,-0.8169999999999998,0.059782608695652176,956.8,3.89,0.0
3723,2,463,1.461999999999973,0.056155507559395246,957.0,3.89,0.0
3724,1,313,0.3119999999999896,0.054313099041533544,957.2,3.89,0.0
3725,5,846,4.845000000000032,0.05555555555555555,957.6,3.89,0.0
3726,1,313,0.3119999999999896,0.054313099041533544,957.8,3.89,0.0
3727,1,313,0.3119999999999896,0.054313099041533544,958.0,3.89,0.0
3728,1,335,0.3339999999999872,0.056716417910447764,958.1,3.89,0.0
3729,1,313,0.3119999999999896,0.05750798722044728,958.3,3.89,0.0
3730,3,579,2.5779999999999603,0.055267702936096716,958.6,3.89,0.0
3731,0,188,-0.8129999999999998,0.05851063829787234,958.7,3.89,0.0
3732,1,314,0.3129999999999895,0.05732484076433121,958.9,3.89,0.0
3733,4,750,4.7490000000000006,0.056,959.3,3.89,0.0
3734,1,313,0.3119999999999896,0.05750798722044728,959.4,3.89,0.0
3735,3,604,2.6029999999999576,0.056291390728476824,959.8,3.89,0.0
3736,0,186,-0.8149999999999998,0.05913978494623656,959.9,3.89,0.0
3737,0,179,-0.8219999999999998,0.055865921787709494,959.9,3.89,0.0
3738,0,184,-0.8169999999999998,0.059782608695652176,960.0,3.89,0.0
3739,3,579,2.5779999999999603,0.055267702936096716,960.3,3.89,0.0
3740,2,452,1.4509999999999743,0.05752212389380531,960.6,3.89,0.0
3741,3,579,2.5779999999999603,0.055267702936096716,960.9,3.89,0.0
3742,2,446,1.444999999999975,0.05605381165919283,961.1,3.89,0.0
3743,6,979,5.978000000000075,0.05515832482124617,961.6,3.89,0.0
3744,1,337,0.335999999999987,0.05637982195845697,961.8,3.89,0.0
3745,1,340,0.33899999999998665,0.05588235294117647,962.0,3.89,0.0
3746,5,846,4.845000000000032,0.05555555555555555,962.4,3.89,0.0
3747,2,446,1.444999999999975,0.05605381165919283,962.7,3.89,0.0
3748,1,313,0.3119999999999896,0.05750798722044728,962.8,3.89,0.0
3749,7,1121,7.120000000000031,0.056199821587867974,963.4,3.89,0.0
3750,1,319,0.31799999999998896,0.05642633228840126,963.6,3.89,0.0
3751,2,459,1.4579999999999735,0.05664488017429194,963.8,3.89,0.0
3752,4,713,3.711999999999988,0.056100981767180924,964.2,3.89,0.0
3753,0,179,-0.8219999999999998,0.055865921787709494,964.3,3.89,0.0
3754,6,979,5.978000000000075,0.05515832482124617,964.8,3.89,0.0
3755,0,179,-0.8219999999999998,0.055865921787709494,964.9,3.89,0.0
3756,0,179,-0.8219999999999998,0.055865921787709494,965.0,3.89,0.0
3757,0,189,-0.8119999999999998,0.0582010582010582,965.1,3.89,0.0
3758,1,313,0.3119999999999896,0.054313099041533544,965.2,3.89,0.0
3759,1,313,0.3119999999999896,0.05750798722044728,965.4,3.89,0.0
3760,1,313,0.3119999999999896,0.054313099041533544,965.6,3.90,0.0
3761,3,585,2.5839999999999597,0.05641025641025641,965.9,3.89,0.0
3762,0,191,-0.8099999999999998,0.05759162303664921,966.0,3.90,0.0
3763,1,332,0.3309999999999875,0.0572289156626506,966.1,3.90,0.0
3764,4,713,3.711999999999988,0.056100981767180924,966.5,3.90,0.0
3765,0,196,-0.8049999999999998,0.05612244897959184,966.6,3.90,0.0
3766,0,183,-0.8179999999999998,0.060109289617486336,966.7,3.90,0.0
3767,0,185,-0.8159999999999998,0.05945945945945946,966.8,3.90,0.0
3768,0,208,-0.7929999999999998,0.057692307692307696,966.9,3.90,0.0
3769,0,179,-0.8219999999999998,0.055865921787709494,967.0,3.90,0.0
3770,1,313,0.3119999999999896,0.05750798722044728,967.2,3.90,0.0
3771,3,579,2.5779999999999603,0.055267702936096716,967.5,3.90,0.0
3772,0,193,-0.8079999999999998,0.05699481865284974,967.6,3.90,0.0
3773,1,313,0.3119999999999896,0.054313099041533544,967.8,3.90,0.0
3774,4,733,3.731999999999995,0.05593451568894952,968.2,3.90,0.0
3775,1,313,0.3119999999999896,0.05750798722044728,968.3,3.90,0.0
3776,3,579,2.5779999999999603,0.055267702936096716,968.6,3.90,0.0
3777,0,187,-0.8139999999999998,0.058823529411764705,968.7,3.90,0.0
3778,3,590,2.588999999999959,0.05593220338983051,969.0,3.90,0.0
3779,0,179,-0.8219999999999998,0.055865921787709494,969.1,3.90,0.0
3780,4,713,3.711999999999988,0.056100981767180924,969.5,3.90,0.0
3781,1,313,0.3119999999999896,0.054313099041533544,969.7,3.90,0.0
3782,1,313,0.3119999999999896,0.05750798722044728,969.8,3.90,0.0
3783,2,459,1.4579999999999735,0.05664488017429194,970.1,3.90,0.0
3784,6,979,5.978000000000075,0.05515832482124617,970.6,3.90,0.0
3785,3,587,2.5859999999999594,0.056218057921635436,970.9,3.90,0.0
3786,2,456,1.4549999999999739,0.05701754385964912,971.1,3.90,0.0
3787,0,212,-0.7889999999999998,0.05660377358490566,971.2,3.90,0.0
3788,3,579,2.5779999999999603,0.055267702936096716,971.5,3.90,0.0
3789,1,313,0.3119999999999896,0.05750798722044728,971.7,3.90,0.0
3790,3,579,2.5779999999999603,0.055267702936096716,972.0,3.90,0.0
3791,0,186,-0.8149999999999998,0.05913978494623656,972.1,3.90,0.0
3792,0,179,-0.8219999999999998,0.055865921787709494,972.2,3.90,0.0
3793,3,586,2.5849999999999596,0.05631399317406143,972.5,3.90,0.0
3794,0,189,-0.8119999999999998,0.0582010582010582,972.6,3.90,0.0
3795,3,579,2.5779999999999603,0.055267702936096716,972.9,3.90,0.0
3796,1,313,0.3119999999999896,0.054313099041533544,973.1,3.90,0.0
3797,0,179,-0.8219999999999998,0.055865921787709494,973.2,3.90,0.0
3798,6,980,5.979000000000076,0.05612244897959184,973.7,3.90,0.0
3799,2,446,1.444999999999975,0.053811659192825115,973.9,3.90,0.0
3800,2,446,1.444999999999975,0.05605381165919283,974.2,3.90,0.0
3801,3,579,2.5779999999999603,0.055267702936096716,974.5,3.90,0.0
3802,3,579,2.5779999999999603,0.055267702936096716,974.8,3.90,0.0
3803,0,179,-0.8219999999999998,0.055865921787709494,974.9,3.90,0.0
3804,3,579,2.5779999999999603,0.055267702936096716,975.2,3.90,0.0
3805,1,313,0.3119999999999896,0.054313099041533544,975.3,3.90,0.0
3806,0,179,-0.8219999999999998,0.055865921787709494,975.4,3.90,0.0
3807,3,579,2.5779999999999603,0.055267702936096716,975.7,3.90,0.0
3808,1,313,0.3119999999999896,0.05750798722044728,975.9,3.90,0.0
3809,0,179,-0.8219999999999998,0.055865921787709494,976.0,3.90,0.0
3810,4,729,3.7279999999999935,0.056241426611796985,976.3,3.90,0.0
3811,2,446,1.444999999999975,0.05605381165919283,976.6,3.90,0.0
3812,0,179,-0.8219999999999998,0.055865921787709494,976.7,3.90,0.0
3813,0,179,-0.8219999999999998,0.055865921787709494,976.7,3.90,0.0
3814,1,313,0.3119999999999896,0.054313099041533544,976.9,3.91,0.0
3815,4,713,3.711999999999988,0.056100981767180924,977.3,3.90,0.0
3816,0,186,-0.8149999999999998,0.05913978494623656,977.4,3.91,0.0
3817,0,179,-0.8219999999999998,0.055865921787709494,977.5,3.91,0.0
3818,3,579,2.5779999999999603,0.055267702936096716,977.8,3.91,0.0
3819,1,313,0.3119999999999896,0.054313099041533544,977.9,3.91,0.0
3820,2,446,1.444999999999975,0.05605381165919283,978.1,3.91,0.0
3821,1,313,0.3119999999999896,0.05750798722044728,978.3,3.91,0.0
3822,5,846,4.845000000000032,0.05555555555555555,978.7,3.91,0.0
3823,8,1246,8.244999999999962,0.05537720706260032,979.4,3.90,0.0
3824,0,179,-0.8219999999999998,0.055865921787709494,979.5,3.91,0.0
3825,1,321,0.31999999999998874,0.056074766355140186,979.6,3.91,0.0
3826,2,446,1.444999999999975,0.05605381165919283,979.9,3.91,0.0
3827,0,179,-0.8219999999999998,0.061452513966480445,980.0,3.91,0.0
3828,1,315,0.3139999999999894,0.05714285714285714,980.1,3.91,0.0
3829,4,713,3.711999999999988,0.0546984572230014,980.5,3.91,0.0
3830,2,466,1.4649999999999728,0.055793991416309016,980.8,3.91,0.0
3831,1,313,0.3119999999999896,0.054313099041533544,980.9,3.91,0.0
3832,3,579,2.5779999999999603,0.055267702936096716,981.2,3.91,0.0
3833,1,316,0.3149999999999893,0.056962025316455694,981.4,3.91,0.0
3834,0,179,-0.8219999999999998,0.055865921787709494,981.5,3.91,0.0
3835,0,179,-0.8219999999999998,0.055865921787709494,981.6,3.91,0.0
3836,2,459,1.4579999999999735,0.05664488017429194,981.8,3.91,0.0
3837,1,313,0.3119999999999896,0.054313099041533544,982.0,3.91,0.0
3838,2,458,1.4569999999999736,0.056768558951965066,982.2,3.91,0.0
3839,0,179,-0.8219999999999998,0.055865921787709494,982.3,3.91,0.0
3840,0,179,-0.8219999999999998,0.055865921787709494,982.4,3.91,0.0
3841,1,313,0.3119999999999896,0.054313099041533544,982.5,3.91,0.0
3842,7,1113,7.112000000000036,0.055705300988319856,983.1,3.91,0.0
3843,1,313,0.3119999999999896,0.054313099041533544,983.3,3.91,0.0
3844,1,318,0.31699999999998907,0.05660377358490566,983.4,3.91,0.0
3845,0,187,-0.8139999999999998,0.058823529411764705,983.5,3.91,0.0
3846,5,846,4.845000000000032,0.05555555555555555,984.0,3.91,0.0
3847,3,579,2.5779999999999603,0.055267702936096716,984.3,3.91,0.0
3848,2,446,1.444999999999975,0.05605381165919283,984.6,3.91,0.0
3849,3,579,2.5779999999999603,0.055267702936096716,984.9,3.91,0.0
3850,0,179,-0.8219999999999998,0.055865921787709494,985.0,3.91,0.0
3851,1,313,0.3119999999999896,0.05750798722044728,985.1,3.91,0.0
3852,4,713,3.711999999999988,0.056100981767180924,985.5,3.91,0.0
3853,2,446,1.444999999999975,0.05605381165919283,985.7,3.91,0.0
3854,0,179,-0.8219999999999998,0.05027932960893855,985.8,3.91,0.0
3855,3,580,2.57899999999996,0.056896551724137934,986.1,3.91,0.0
3856,3,579,2.5779999999999603,0.055267702936096716,986.4,3.91,0.0
3857,0,179,-0.8219999999999998,0.055865921787709494,986.5,3.91,0.0
3858,5,846,4.845000000000032,0.05555555555555555,987.0,3.91,0.0
3859,0,179,-0.8219999999999998,0.055865921787709494,987.0,3.91,0.0
3860,0,189,-0.8119999999999998,0.0582010582010582,987.1,3.91,0.0
3861,1,314,0.3129999999999895,0.05732484076433121,987.3,3.91,0.0
3862,1,313,0.3119999999999896,0.054313099041533544,987.5,3.91,0.0
3863,6,1005,6.004000000000084,0.05572139303482587,988.0,3.91,0.0
3864,1,313,0.3119999999999896,0.05750798722044728,988.1,3.91,0.0
3865,1,319,0.31799999999998896,0.05642633228840126,988.3,3.91,0.0
3866,4,729,3.7279999999999935,0.056241426611796985,988.7,3.91,0.0
3867,1,313,0.3119999999999896,0.05750798722044728,988.8,3.91,0.0
3868,7,1113,7.112000000000036,0.055705300988319856,989.4,3.91,0.0
3869,0,179,-0.8219999999999998,0.055865921787709494,989.5,3.91,0.0
3870,3,579,2.5779999999999603,0.055267702936096716,989.8,3.91,0.0
3871,2,463,1.461999999999973,0.056155507559395246,990.1,3.91,0.0
3872,2,446,1.444999999999975,0.05605381165919283,990.3,3.91,0.0
3873,0,179,-0.8219999999999998,0.055865921787709494,990.4,3.91,0.0
3874,3,588,2.5869999999999593,0.05612244897959184,990.7,3.91,0.0
3875,5,852,4.851000000000034,0.056338028169014086,991.1,3.91,0.0
3876,2,446,1.444999999999975,0.05605381165919283,991.3,3.91,0.0
3877,0,179,-0.8219999999999998,0.055865921787709494,991.4,3.91,0.0
3878,0,192,-0.8089999999999998,0.057291666666666664,991.5,3.91,0.0
3879,1,317,0.3159999999999892,0.056782334384858045,991.7,3.91,0.0
3880,0,179,-0.8219999999999998,0.055865921787709494,991.8,3.91,0.0
3881,1,322,0.32099999999998863,0.055900621118012424,991.9,3.91,0.0
3882,2,446,1.444999999999975,0.053811659192825115,992.2,3.91,0.0
3883,2,465,1.4639999999999729,0.05591397849462366,992.4,3.91,0.0
3884,0,179,-0.8219999999999998,0.055865921787709494,992.5,3.91,0.0
3885,0,187,-0.8139999999999998,0.058823529411764705,992.6,3.92,0.0
3886,5,846,4.845000000000032,0.05555555555555555,993.0,3.91,0.0
3887,3,579,2.5779999999999603,0.055267702936096716,993.3,3.91,0.0
3888,0,179,-0.8219999999999998,0.05027932960893855,993.4,3.91,0.0
3889,2,446,1.444999999999975,0.05605381165919283,993.6,3.91,0.0
3890,1,313,0.3119999999999896,0.054313099041533544,993.8,3.92,0.0
3891,1,313,0.3119999999999896,0.054313099041533544,994.0,3.92,0.0
3892,3,579,2.5779999999999603,0.055267702936096716,994.3,3.92,0.0
3893,1,315,0.3139999999999894,0.05714285714285714,994.4,3.92,0.0
3894,3,579,2.5779999999999603,0.05699481865284974,994.7,3.92,0.0
3895,0,179,-0.8219999999999998,0.055865921787709494,994.8,3.92,0.0
3896,5,855,4.854000000000035,0.056140350877192984,995.3,3.92,0.0
3897,4,713,3.711999999999988,0.056100981767180924,995.6,3.92,0.0
3898,1,313,0.3119999999999896,0.054313099041533544,995.8,3.92,0.0
3899,0,179,-0.8219999999999998,0.055865921787709494,995.9,3.92,0.0
3900,1,313,0.3119999999999896,0.054313099041533544,996.1,3.92,0.0
3901,6,979,5.978000000000075,0.05515832482124617,996.6,3.92,0.0
3902,1,336,0.3349999999999871,0.05654761904761905,996.7,3.92,0.0
3903,1,313,0.3119999999999896,0.05750798722044728,996.9,3.92,0.0
3904,2,446,1.444999999999975,0.05605381165919283,997.1,3.92,0.0
3905,0,187,-0.8139999999999998,0.058823529411764705,997.2,3.92,0.0
3906,0,179,-0.8219999999999998,0.055865921787709494,997.3,3.92,0.0
3907,0,193,-0.8079999999999998,0.05699481865284974,997.4,3.92,0.0
3908,1,313,0.3119999999999896,0.054313099041533544,997.6,3.92,0.0
3909,5,857,4.856000000000035,0.056009334889148193,998.0,3.92,0.0
3910,5,846,4.845000000000032,0.05555555555555555,998.4,3.92,0.0
3911,3,581,2.57999999999996,0.05679862306368331,998.7,3.92,0.0
3912,2,446,1.444999999999975,0.05605381165919283,999.0,3.92,0.0
3913,7,1129,7.128000000000027,0.05580159433126661,999.5,3.92,0.0
3914,2,461,1.4599999999999733,0.05639913232104121,999.8,3.92,0.0
3915,3,579,2.5779999999999603,0.055267702936096716,1000.1,3.92,0.0
3916,2,446,1.444999999999975,0.05605381165919283,1000.3,3.92,0.0
3917,0,179,-0.8219999999999998,0.055865921787709494,1000.4,3.92,0.0
3918,4,735,3.7339999999999955,0.055782312925170066,1000.8,3.92,0.0
3919,0,179,-0.8219999999999998,0.055865921787709494,1000.9,3.92,0.0
3920,4,716,3.714999999999989,0.055865921787709494,1001.2,3.92,0.0
3921,1,321,0.31999999999998874,0.056074766355140186,1001.4,3.92,0.0
3922,0,179,-0.8219999999999998,0.055865921787709494,1001.5,3.92,0.0
3923,1,313,0.3119999999999896,0.05750798722044728,1001.7,3.92,0.0
3924,0,187,-0.8139999999999998,0.058823529411764705,1001.8,3.92,0.0
3925,0,179,-0.8219999999999998,0.055865921787709494,1001.9,3.92,0.0
3926,4,713,3.711999999999988,0.0546984572230014,1002.2,3.92,0.0
3927,0,179,-0.8219999999999998,0.055865921787709494,1002.3,3.92,0.0
3928,2,446,1.444999999999975,0.05605381165919283,1002.5,3.92,0.0
3929,1,313,0.3119999999999896,0.054313099041533544,1002.7,3.92,0.0
3930,1,313,0.3119999999999896,0.054313099041533544,1002.9,3.92,0.0
3931,0,179,-0.8219999999999998,0.055865921787709494,1003.0,3.92,0.0
3932,0,179,-0.8219999999999998,0.055865921787709494,1003.0,3.92,0.0
3933,5,846,4.845000000000032,0.05555555555555555,1003.5,3.92,0.0
3934,0,190,-0.8109999999999998,0.05789473684210526,1003.6,3.92,0.0
3935,0,189,-0.8119999999999998,0.0582010582010582,1003.7,3.92,0.0
3936,0,179,-0.8219999999999998,0.055865921787709494,1003.8,3.92,0.0
3937,0,186,-0.8149999999999998,0.05913978494623656,1003.9,3.92,0.0
3938,0,179,-0.8219999999999998,0.055865921787709494,1004.0,3.92,0.0
3939,2,446,1.444999999999975,0.05605381165919283,1004.2,3.92,0.0
3940,4,715,3.713999999999989,0.055944055944055944,1004.5,3.92,0.0
3941,1,316,0.3149999999999893,0.056962025316455694,1004.7,3.92,0.0
3942,0,179,-0.8219999999999998,0.055865921787709494,1004.8,3.92,0.0
3943,5,855,4.854000000000035,0.056140350877192984,1005.2,3.92,0.0
3944,4,713,3.711999999999988,0.056100981767180924,1005.6,3.92,0.0
3945,3,579,2.5779999999999603,0.055267702936096716,1005.9,3.92,0.0
3946,9,1379,9.377999999999888,0.05583756345177665,1006.6,3.92,0.0
3947,3,579,2.5779999999999603,0.055267702936096716,1006.9,3.92,0.0
3948,3,585,2.5839999999999597,0.05641025641025641,1007.2,3.92,0.0
3949,2,458,1.4569999999999736,0.056768558951965066,1007.4,3.92,0.0
3950,0,179,-0.8219999999999998,0.055865921787709494,1007.5,3.92,0.0
3951,2,446,1.444999999999975,0.05605381165919283,1007.7,3.92,0.0
3952,0,179,-0.8219999999999998,0.055865921787709494,1007.8,3.92,0.0
3953,3,588,2.5869999999999593,0.05612244897959184,1008.1,3.92,0.0
3954,1,335,0.3339999999999872,0.056716417910447764,1008.3,3.92,0.0
3955,3,579,2.5779999999999603,0.055267702936096716,1008.6,3.92,0.0
3956,3,579,2.5779999999999603,0.055267702936096716,1008.9,3.92,0.0
3957,0,194,-0.8069999999999998,0.05670103092783505,1009.0,3.92,0.0
3958,2,446,1.444999999999975,0.053811659192825115,1009.2,3.92,0.0
3959,0,187,-0.8139999999999998,0.058823529411764705,1009.3,3.92,0.0
3960,0,179,-0.8219999999999998,0.055865921787709494,1009.4,3.92,0.0
3961,3,579,2.5779999999999603,0.055267702936096716,1009.7,3.92,0.0
3962,0,195,-0.8059999999999998,0.05641025641025641,1009.8,3.92,0.0
3963,0,179,-0.8219999999999998,0.055865921787709494,1009.9,3.93,0.0
3964,2,446,1.444999999999975,0.05605381165919283,1010.1,3.93,0.0
3965,0,190,-0.8109999999999998,0.05789473684210526,1010.2,3.93,0.0
3966,0,182,-0.8189999999999998,0.06043956043956044,1010.3,3.93,0.0
3967,3,591,2.589999999999959,0.05583756345177665,1010.7,3.93,0.0
3968,0,179,-0.8219999999999998,0.055865921787709494,1010.7,3.93,0.0
3969,3,579,2.5779999999999603,0.055267702936096716,1011.0,3.93,0.0
3970,1,313,0.3119999999999896,0.05750798722044728,1011.2,3.93,0.0
3971,4,713,3.711999999999988,0.056100981767180924,1011.6,3.93,0.0
3972,6,979,5.978000000000075,0.05515832482124617,1012.1,3.93,0.0
3973,2,446,1.444999999999975,0.05605381165919283,1012.3,3.93,0.0
3974,0,193,-0.8079999999999998,0.05699481865284974,1012.4,3.93,0.0
3975,0,184,-0.8169999999999998,0.059782608695652176,1012.5,3.93,0.0
3976,1,318,0.31699999999998907,0.05660377358490566,1012.6,3.93,0.0
3977,0,182,-0.8189999999999998,0.06043956043956044,1012.7,3.93,0.0
3978,1,313,0.3119999999999896,0.05750798722044728,1012.9,3.93,0.0
3979,0,179,-0.8219999999999998,0.05027932960893855,1013.0,3.93,0.0
3980,2,446,1.444999999999975,0.05605381165919283,1013.2,3.93,0.0
3981,0,191,-0.8099999999999998,0.05759162303664921,1013.3,3.93,0.0
3982,5,855,4.854000000000035,0.056140350877192984,1013.8,3.93,0.0
3983,6,979,5.978000000000075,0.05515832482124617,1014.3,3.93,0.0
3984,2,446,1.444999999999975,0.053811659192825115,1014.5,3.93,0.0
3985,0,179,-0.8219999999999998,0.055865921787709494,1014.6,3.93,0.0
3986,1,313,0.3119999999999896,0.05750798722044728,1014.8,3.93,0.0
3987,1,313,0.3119999999999896,0.05750798722044728,1014.9,3.93,0.0
3988,0,179,-0.8219999999999998,0.055865921787709494,1015.0,3.93,0.0
3989,0,179,-0.8219999999999998,0.055865921787709494,1015.1,3.93,0.0
3990,0,192,-0.8089999999999998,0.057291666666666664,1015.2,3.93,0.0
3991,0,179,-0.8219999999999998,0.055865921787709494,1015.3,3.93,0.0
3992,0,182,-0.8189999999999998,0.06043956043956044,1015.4,3.93,0.0
3993,3,579,2.5779999999999603,0.055267702936096716,1015.7,3.93,0.0
3994,0,212,-0.7889999999999998,0.05660377358490566,1015.8,3.93,0.0
3995,1,335,0.3339999999999872,0.056716417910447764,1016.0,3.93,0.0
3996,2,446,1.444999999999975,0.05605381165919283,1016.2,3.93,0.0
3997,2,448,1.4469999999999748,0.05580357142857143,1016.4,3.93,0.0
3998,0,189,-0.8119999999999998,0.0582010582010582,1016.5,3.93,0.0
3999,4,713,3.711999999999988,0.0546984572230014,1016.9,3.93,0.0
4000,3,579,2.5779999999999603,0.055267702936096716,1017.2,3.93,0.0
4001,0,179,-0.8219999999999998,0.055865921787709494,1020.1,3.92,0.0
4002,1,313,0.3119999999999896,0.054313099041533544,1020.2,3.92,0.0
4003,0,190,-0.8109999999999998,0.05789473684210526,1020.3,3.92,0.0
4004,1,317,0.3159999999999892,0.056782334384858045,1020.5,3.92,0.0
4005,0,179,-0.8219999999999998,0.055865921787709494,1020.6,3.93,0.0
4006,0,190,-0.8109999999999998,0.05789473684210526,1020.7,3.93,0.0
4007,0,179,-0.8219999999999998,0.055865921787709494,1020.8,3.93,0.0
4008,2,446,1.444999999999975,0.05605381165919283,1021.0,3.93,0.0
4009,0,179,-0.8219999999999998,0.055865921787709494,1021.1,3.93,0.0
4010,1,313,0.3119999999999896,0.054313099041533544,1021.3,3.93,0.0
4011,3,579,2.5779999999999603,0.055267702936096716,1021.6,3.93,0.0
4012,2,446,1.444999999999975,0.05605381165919283,1021.8,3.93,0.0
4013,0,193,-0.8079999999999998,0.05699481865284974,1021.9,3.93,0.0
4014,0,179,-0.8219999999999998,0.055865921787709494,1022.0,3.93,0.0
4015,1,313,0.3119999999999896,0.054313099041533544,1022.1,3.93,0.0
4016,4,732,3.7309999999999945,0.056010928961748634,1022.5,3.93,0.0
4017,0,189,-0.8119999999999998,0.0582010582010582,1022.6,3.93,0.0
4018,2,446,1.444999999999975,0.05605381165919283,1022.8,3.93,0.0
4019,1,313,0.3119999999999896,0.054313099041533544,1023.0,3.93,0.0
4020,7,1125,7.124000000000029,0.056,1023.6,3.93,0.0
4021,1,315,0.3139999999999894,0.05714285714285714,1023.8,3.93,0.0
4022,1,336,0.3349999999999871,0.05654761904761905,1023.9,3.93,0.0
4023,0,179,-0.8219999999999998,0.055865921787709494,1024.0,3.93,0.0
4024,4,724,3.722999999999992,0.05662983425414365,1024.4,3.93,0.0
4025,0,179,-0.8219999999999998,0.05027932960893855,1024.5,3.93,0.0
4026,3,579,2.5779999999999603,0.055267702936096716,1024.8,3.93,0.0
4027,5,846,4.845000000000032,0.05555555555555555,1025.2,3.93,0.0
4028,8,1255,8.253999999999957,0.055776892430278883,1025.9,3.93,0.0
4029,0,179,-0.8219999999999998,0.055865921787709494,1026.0,3.93,0.0
4030,3,579,2.5779999999999603,0.055267702936096716,1026.3,3.93,0.0
4031,5,854,4.853000000000034,0.05620608899297424,1026.7,3.93,0.0
4032,5,846,4.845000000000032,0.05555555555555555,1027.1,3.93,0.0
4033,4,620,3.618999999999957,0.056451612903225805,1027.5,3.93,0.0
4034,5,846,4.845000000000032,0.05555555555555555,1027.9,3.93,0.0
4035,2,455,1.453999999999974,0.05714285714285714,1028.1,3.93,0.0
4036,2,446,1.444999999999975,0.05605381165919283,1028.4,3.93,0.0
4037,0,179,-0.8219999999999998,0.055865921787709494,1028.5,3.93,0.0
4038,0,190,-0.8109999999999998,0.05789473684210526,1028.6,3.93,0.0
4039,1,313,0.3119999999999896,0.05750798722044728,1028.7,3.93,0.0
4040,3,579,2.5779999999999603,0.055267702936096716,1029.0,3.93,0.0
4041,1,313,0.3119999999999896,0.05750798722044728,1029.2,3.93,0.0
4042,8,1255,8.253999999999957,0.055776892430278883,1029.8,3.93,0.0
4043,5,846,4.845000000000032,0.05555555555555555,1030.3,3.93,0.0
4044,4,713,3.711999999999988,0.056100981767180924,1030.6,3.92,0.0
4045,5,846,4.845000000000032,0.05555555555555555,1031.1,3.92,0.0
4046,0,179,-0.8219999999999998,0.055865921787709494,1031.2,3.92,0.0
4047,1,313,0.3119999999999896,0.05750798722044728,1031.3,3.92,0.0
4048,3,579,2.5779999999999603,0.055267702936096716,1031.6,3.92,0.0
4049,0,179,-0.8219999999999998,0.05027932960893855,1031.7,3.93,0.0
4050,2,458,1.4569999999999736,0.056768558951965066,1032.0,3.93,0.0
4051,2,446,1.444999999999975,0.05605381165919283,1032.2,3.93,0.0
4052,1,313,0.3119999999999896,0.054313099041533544,1032.4,3.93,0.0
4053,2,459,1.4579999999999735,0.05664488017429194,1032.6,3.93,0.0
4054,0,195,-0.8059999999999998,0.05641025641025641,1032.7,3.93,0.0
4055,3,579,2.5779999999999603,0.055267702936096716,1033.0,3.93,0.0
4056,2,446,1.444999999999975,0.05605381165919283,1033.2,3.93,0.0
4057,3,579,2.5779999999999603,0.055267702936096716,1033.6,3.93,0.0
4058,3,579,2.5779999999999603,0.055267702936096716,1033.9,3.93,0.0
4059,1,323,0.3219999999999885,0.05572755417956656,1034.0,3.93,0.0
4060,0,179,-0.8219999999999998,0.055865921787709494,1034.1,3.93,0.0
4061,4,713,3.711999999999988,0.056100981767180924,1034.5,3.93,0.0
4062,0,179,-0.8219999999999998,0.055865921787709494,1034.6,3.93,0.0
4063,2,446,1.444999999999975,0.05605381165919283,1034.8,3.93,0.0
4064,1,313,0.3119999999999896,0.054313099041533544,1035.0,3.93,0.0
4065,0,179,-0.8219999999999998,0.055865921787709494,1035.1,3.93,0.0
4066,0,179,-0.8219999999999998,0.055865921787709494,1035.2,3.93,0.0
4067,0,179,-0.8219999999999998,0.055865921787709494,1035.3,3.93,0.0
4068,2,446,1.444999999999975,0.05605381165919283,1035.5,3.93,0.0
4069,0,185,-0.8159999999999998,0.05945945945945946,1035.6,3.93,0.0
4070,0,179,-0.8219999999999998,0.055865921787709494,1035.7,3.93,0.0
4071,0,179,-0.8219999999999998,0.055865921787709494,1035.8,3.93,0.0
4072,0,195,-0.8059999999999998,0.05641025641025641,1035.9,3.93,0.0
4073,3,583,2.58199999999996,0.05660377358490566,1036.2,3.93,0.0
4074,0,185,-0.8159999999999998,0.05945945945945946,1036.3,3.93,0.0
4075,2,446,1.444999999999975,0.05605381165919283,1036.5,3.93,0.0
4076,0,179,-0.8219999999999998,0.055865921787709494,1036.6,3.93,0.0
4077,0,179,-0.8219999999999998,0.055865921787709494,1036.7,3.93,0.0
4078,4,718,3.71699999999999,0.055710306406685235,1037.1,3.93,0.0
4079,0,189,-0.8119999999999998,0.0582010582010582,1037.2,3.93,0.0
4080,0,179,-0.8219999999999998,0.055865921787709494,1037.3,3.93,0.0
4081,3,580,2.57899999999996,0.056896551724137934,1037.6,3.93,0.0
4082,1,321,0.31999999999998874,0.056074766355140186,1037.7,3.93,0.0
4083,5,846,4.845000000000032,0.05555555555555555,1038.2,3.93,0.0
4084,0,187,-0.8139999999999998,0.058823529411764705,1038.3,3.93,0.0
4085,4,713,3.711999999999988,0.056100981767180924,1038.6,3.93,0.0
4086,0,191,-0.8099999999999998,0.05759162303664921,1038.7,3.93,0.0
4087,5,751,4.75,0.0559254327563249,1039.1,3.93,0.0
4088,0,179,-0.8219999999999998,0.055865921787709494,1039.2,3.93,0.0
4089,1,313,0.3119999999999896,0.054313099041533544,1039.4,3.93,0.0
4090,0,187,-0.8139999999999998,0.058823529411764705,1039.5,3.94,0.0
4091,3,579,2.5779999999999603,0.055267702936096716,1039.8,3.94,0.0
4092,2,446,1.444999999999975,0.05605381165919283,1040.0,3.94,0.0
4093,0,186,-0.8149999999999998,0.05913978494623656,1040.1,3.94,0.0
4094,1,320,0.31899999999998885,0.05625,1040.3,3.94,0.0
4095,2,465,1.4639999999999729,0.05591397849462366,1040.5,3.94,0.0
4096,8,1246,8.244999999999962,0.05537720706260032,1041.2,3.93,0.0
4097,1,313,0.3119999999999896,0.054313099041533544,1041.3,3.94,0.0
4098,0,191,-0.8099999999999998,0.05759162303664921,1041.4,3.94,0.0
4099,0,193,-0.8079999999999998,0.05699481865284974,1041.6,3.94,0.0
4100,0,215,-0.7859999999999998,0.05581395348837209,1041.7,3.94,0.0
4101,3,584,2.5829999999999598,0.05650684931506849,1042.0,3.94,0.0
4102,2,446,1.444999999999975,0.05605381165919283,1042.2,3.94,0.0
4103,0,179,-0.8219999999999998,0.055865921787709494,1042.3,3.94,0.0
4104,1,336,0.3349999999999871,0.05654761904761905,1042.5,3.94,0.0
4105,2,446,1.444999999999975,0.053811659192825115,1042.7,3.94,0.0
4106,0,189,-0.8119999999999998,0.0582010582010582,1042.8,3.94,0.0
4107,1,313,0.3119999999999896,0.054313099041533544,1043.0,3.94,0.0
4108,1,321,0.31999999999998874,0.056074766355140186,1043.1,3.94,0.0
4109,0,179,-0.8219999999999998,0.055865921787709494,1043.2,3.94,0.0
4110,1,313,0.3119999999999896,0.054313099041533544,1043.4,3.94,0.0
4111,1,313,0.3119999999999896,0.054313099041533544,1043.6,3.94,0.0
4112,3,579,2.5779999999999603,0.055267702936096716,1043.9,3.94,0.0
4113,3,587,2.5859999999999594,0.056218057921635436,1044.2,3.94,0.0
4114,2,446,1.444999999999975,0.053811659192825115,1044.4,3.94,0.0
4115,0,179,-0.8219999999999998,0.055865921787709494,1044.5,3.94,0.0
4116,2,446,1.444999999999975,0.05605381165919283,1044.7,3.94,0.0
4117,3,586,2.5849999999999596,0.05631399317406143,1045.0,3.94,0.0
4118,1,313,0.3119999999999896,0.054313099041533544,1045.2,3.94,0.0
4119,2,460,1.4589999999999734,0.05652173913043478,1045.4,3.94,0.0
4120,3,579,2.5779999999999603,0.055267702936096716,1045.7,3.94,0.0
4121,2,446,1.444999999999975,0.05605381165919283,1046.0,3.94,0.0
4122,0,185,-0.8159999999999998,0.05945945945945946,1046.1,3.94,0.0
4123,2,463,1.461999999999973,0.056155507559395246,1046.3,3.94,0.0
4124,5,846,4.845000000000032,0.05555555555555555,1046.7,3.94,0.0
4125,0,179,-0.8219999999999998,0.055865921787709494,1046.8,3.94,0.0
4126,3,579,2.5779999999999603,0.05699481865284974,1047.1,3.94,0.0
4127,2,462,1.4609999999999732,0.05627705627705628,1047.4,3.94,0.0
4128,0,179,-0.8219999999999998,0.055865921787709494,1047.5,3.94,0.0
4129,2,462,1.4609999999999732,0.05627705627705628,1047.7,3.94,0.0
4130,3,601,2.599999999999958,0.056572379367720464,1048.0,3.94,0.0
4131,2,457,1.4559999999999738,0.05689277899343545,1048.2,3.94,0.0
4132,0,194,-0.8069999999999998,0.05670103092783505,1048.3,3.94,0.0
4133,1,323,0.3219999999999885,0.05572755417956656,1048.5,3.94,0.0
4134,0,179,-0.8219999999999998,0.055865921787709494,1048.6,3.94,0.0
4135,8,1246,8.244999999999962,0.05537720706260032,1049.3,3.94,0.0
4136,0,179,-0.8219999999999998,0.055865921787709494,1049.4,3.94,0.0
4137,0,187,-0.8139999999999998,0.058823529411764705,1049.5,3.94,0.0
4138,5,846,4.845000000000032,0.05555555555555555,1049.9,3.94,0.0
4139,1,313,0.3119999999999896,0.054313099041533544,1050.1,3.94,0.0
4140,0,179,-0.8219999999999998,0.055865921787709494,1050.2,3.94,0.0
4141,1,313,0.3119999999999896,0.05750798722044728,1050.3,3.94,0.0
4142,0,186,-0.8149999999999998,0.05913978494623656,1050.4,3.94,0.0
4143,2,446,1.444999999999975,0.05605381165919283,1050.6,3.94,0.0
4144,1,313,0.3119999999999896,0.05750798722044728,1050.8,3.94,0.0
4145,2,447,1.4459999999999749,0.05592841163310962,1051.0,3.94,0.0
4146,1,317,0.3159999999999892,0.056782334384858045,1051.2,3.95,0.0
4147,1,321,0.31999999999998874,0.056074766355140186,1051.4,3.95,0.0
4148,6,979,5.978000000000075,0.05515832482124617,1051.9,3.94,0.0
4149,1,313,0.3119999999999896,0.054313099041533544,1052.0,3.94,0.0
4150,0,196,-0.8049999999999998,0.05612244897959184,1052.1,3.95,0.0
4151,1,313,0.3119999999999896,0.054313099041533544,1052.3,3.95,0.0
4152,0,189,-0.8119999999999998,0.0582010582010582,1052.4,3.95,0.0
4153,0,179,-0.8219999999999998,0.055865921787709494,1052.5,3.95,0.0
4154,1,313,0.3119999999999896,0.05750798722044728,1052.7,3.95,0.0
4155,4,713,3.711999999999988,0.0546984572230014,1053.0,3.95,0.0
4156,5,846,4.845000000000032,0.05555555555555555,1053.4,3.95,0.0
4157,0,179,-0.8219999999999998,0.055865921787709494,1053.5,3.95,0.0
4158,3,579,2.5779999999999603,0.055267702936096716,1053.8,3.95,0.0
4159,2,446,1.444999999999975,0.05605381165919283,1054.1,3.95,0.0
4160,3,588,2.5869999999999593,0.05612244897959184,1054.4,3.95,0.0
4161,2,446,1.444999999999975,0.05605381165919283,1054.6,3.95,0.0
4162,5,846,4.845000000000032,0.05555555555555555,1055.0,3.95,0.0
4163,0,179,-0.8219999999999998,0.055865921787709494,1055.1,3.95,0.0
4164,0,179,-0.8219999999999998,0.055865921787709494,1055.2,3.95,0.0
4165,0,182,-0.8189999999999998,0.06043956043956044,1055.3,3.95,0.0
4166,3,579,2.5779999999999603,0.055267702936096716,1055.6,3.95,0.0
4167,2,446,1.444999999999975,0.05605381165919283,1055.8,3.95,0.0
4168,0,179,-0.8219999999999998,0.055865921787709494,1055.9,3.95,0.0
4169,5,846,4.845000000000032,0.05555555555555555,1056.4,3.95,0.0
4170,1,313,0.3119999999999896,0.054313099041533544,1056.5,3.95,0.0
4171,5,856,4.855000000000035,0.056074766355140186,1057.0,3.95,0.0
4172,3,591,2.589999999999959,0.05583756345177665,1057.3,3.95,0.0
4173,3,579,2.5779999999999603,0.055267702936096716,1057.6,3.95,0.0
4174,0,179,-0.8219999999999998,0.055865921787709494,1057.7,3.95,0.0
4175,3,589,2.587999999999959,0.05602716468590832,1058.0,3.95,0.0
4176,1,318,0.31699999999998907,0.05660377358490566,1058.1,3.95,0.0
4177,0,179,-0.8219999999999998,0.055865921787709494,1058.2,3.95,0.0
4178,1,313,0.3119999999999896,0.054313099041533544,1058.4,3.95,0.0
4179,0,195,-0.8059999999999998,0.05641025641025641,1058.5,3.95,0.0
4180,6,979,5.978000000000075,0.05515832482124617,1059.0,3.95,0.0
4181,2,446,1.444999999999975,0.05605381165919283,1059.2,3.95,0.0
4182,2,446,1.444999999999975,0.05605381165919283,1059.4,3.95,0.0
4183,0,179,-0.8219999999999998,0.055865921787709494,1059.5,3.95,0.0
4184,1,313,0.3119999999999896,0.054313099041533544,1059.7,3.95,0.0
4185,0,185,-0.8159999999999998,0.05945945945945946,1059.8,3.95,0.0
4186,2,446,1.444999999999975,0.05605381165919283,1060.0,3.95,0.0
4187,1,339,0.33799999999998676,0.05604719764011799,1060.2,3.95,0.0
4188,5,846,4.845000000000032,0.05555555555555555,1060.6,3.95,0.0
4189,2,446,1.444999999999975,0.05605381165919283,1060.9,3.95,0.0
4190,1,313,0.3119999999999896,0.054313099041533544,1061.0,3.95,0.0
4191,2,446,1.444999999999975,0.05605381165919283,1061.3,3.95,0.0
4192,2,446,1.444999999999975,0.05605381165919283,1061.5,3.95,0.0
4193,0,179,-0.8219999999999998,0.055865921787709494,1061.6,3.95,0.0
4194,2,446,1.444999999999975,0.05605381165919283,1061.8,3.95,0.0
4195,0,179,-0.8219999999999998,0.055865921787709494,1061.9,3.95,0.0
4196,1,335,0.3339999999999872,0.056716417910447764,1062.1,3.95,0.0
4197,4,713,3.711999999999988,0.056100981767180924,1062.4,3.95,0.0
4198,3,585,2.5839999999999597,0.05641025641025641,1062.7,3.95,0.0
4199,3,588,2.5869999999999593,0.05612244897959184,1063.0,3.95,0.0
4200,1,314,0.3129999999999895,0.05732484076433121,1063.2,3.95,0.0
4201,3,579,2.5779999999999603,0.055267702936096716,1063.5,3.95,0.0
4202,2,446,1.444999999999975,0.05605381165919283,1063.7,3.95,0.0
4203,1,315,0.3139999999999894,0.05714285714285714,1063.9,3.95,0.0
4204,3,579,2.5779999999999603,0.055267702936096716,1064.2,3.95,0.0
4205,2,447,1.4459999999999749,0.05592841163310962,1064.4,3.95,0.0
4206,2,446,1.444999999999975,0.05605381165919283,1064.6,3.95,0.0
4207,0,179,-0.8219999999999998,0.055865921787709494,1064.7,3.95,0.0
4208,1,336,0.3349999999999871,0.05654761904761905,1064.9,3.95,0.0
4209,1,313,0.3119999999999896,0.054313099041533544,1065.1,3.95,0.0
4210,2,446,1.444999999999975,0.053811659192825115,1065.3,3.95,0.0
4211,9,1379,9.377999999999888,0.05583756345177665,1066.0,3.95,0.0
4212,2,446,1.444999999999975,0.05605381165919283,1066.2,3.95,0.0
4213,2,457,1.4559999999999738,0.05689277899343545,1066.5,3.95,0.0
4214,1,313,0.3119999999999896,0.054313099041533544,1066.6,3.95,0.0
4215,0,179,-0.8219999999999998,0.055865921787709494,1066.7,3.95,0.0
4216,4,713,3.711999999999988,0.056100981767180924,1067.1,3.95,0.0
4217,1,313,0.3119999999999896,0.05750798722044728,1067.2,3.95,0.0
4218,4,713,3.711999999999988,0.056100981767180924,1067.6,3.95,0.0
4219,3,589,2.587999999999959,0.05602716468590832,1067.9,3.95,0.0
4220,1,313,0.3119999999999896,0.054313099041533544,1068.1,3.95,0.0
4221,0,193,-0.8079999999999998,0.05699481865284974,1068.2,3.95,0.0
4222,6,979,5.978000000000075,0.05515832482124617,1068.7,3.95,0.0
4223,1,313,0.3119999999999896,0.05750798722044728,1068.8,3.95,0.0
4224,2,457,1.4559999999999738,0.05689277899343545,1069.1,3.95,0.0
4225,3,579,2.5779999999999603,0.055267702936096716,1069.4,3.95,0.0
4226,6,979,5.978000000000075,0.05515832482124617,1069.9,3.95,0.0
4227,1,313,0.3119999999999896,0.054313099041533544,1070.0,3.95,0.0
4228,0,179,-0.8219999999999998,0.055865921787709494,1070.1,3.95,0.0
4229,0,179,-0.8219999999999998,0.055865921787709494,1070.2,3.95,0.0
4230,0,186,-0.8149999999999998,0.05913978494623656,1070.3,3.95,0.0
4231,0,179,-0.8219999999999998,0.055865921787709494,1070.4,3.95,0.0
4232,1,313,0.3119999999999896,0.05750798722044728,1070.5,3.95,0.0
4233,4,713,3.711999999999988,0.0546984572230014,1070.9,3.95,0.0
4234,1,313,0.3119999999999896,0.054313099041533544,1071.1,3.95,0.0
4235,4,713,3.711999999999988,0.056100981767180924,1071.4,3.95,0.0
4236,4,728,3.726999999999993,0.05631868131868132,1071.8,3.95,0.0
4237,1,316,0.3149999999999893,0.056962025316455694,1072.0,3.95,0.0
4238,3,585,2.5839999999999597,0.05641025641025641,1072.3,3.95,0.0
4239,0,181,-0.8199999999999998,0.06077348066298342,1072.4,3.95,0.0
4240,7,1113,7.112000000000036,0.055705300988319856,1072.9,3.95,0.0
4241,1,313,0.3119999999999896,0.054313099041533544,1073.1,3.95,0.0
4242,0,183,-0.8179999999999998,0.060109289617486336,1073.2,3.95,0.0
4243,0,179,-0.8219999999999998,0.055865921787709494,1073.3,3.95,0.0
4244,1,313,0.3119999999999896,0.054313099041533544,1073.5,3.95,0.0
4245,1,313,0.3119999999999896,0.05750798722044728,1073.6,3.95,0.0
4246,0,179,-0.8219999999999998,0.055865921787709494,1073.7,3.96,0.0
4247,4,713,3.711999999999988,0.056100981767180924,1074.1,3.96,0.0
4248,2,446,1.444999999999975,0.05605381165919283,1074.3,3.96,0.0
4249,1,313,0.3119999999999896,0.05750798722044728,1074.5,3.96,0.0
4250,3,579,2.5779999999999603,0.055267702936096716,1074.7,3.96,0.0
4251,0,179,-0.8219999999999998,0.055865921787709494,1074.8,3.96,0.0
4252,0,179,-0.8219999999999998,0.055865921787709494,1074.9,3.96,0.0
4253,1,320,0.31899999999998885,0.05625,1075.1,3.96,0.0
4254,4,713,3.711999999999988,0.056100981767180924,1075.5,3.96,0.0
4255,0,179,-0.8219999999999998,0.055865921787709494,1075.6,3.96,0.0
4256,0,179,-0.8219999999999998,0.055865921787709494,1075.6,3.96,0.0
4257,0,179,-0.8219999999999998,0.055865921787709494,1075.7,3.96,0.0
4258,3,579,2.5779999999999603,0.055267702936096716,1076.0,3.96,0.0
4259,0,192,-0.8089999999999998,0.057291666666666664,1076.1,3.96,0.0
4260,3,609,2.607999999999957,0.05582922824302135,1076.5,3.96,0.0
4261,2,446,1.444999999999975,0.05605381165919283,1076.7,3.96,0.0
4262,1,313,0.3119999999999896,0.054313099041533544,1076.8,3.96,0.0
4263,3,579,2.5779999999999603,0.055267702936096716,1077.1,3.96,0.0
4264,6,979,5.978000000000075,0.05515832482124617,1077.7,3.96,0.0
4265,0,184,-0.8169999999999998,0.059782608695652176,1077.8,3.96,0.0
4266,0,189,-0.8119999999999998,0.0582010582010582,1077.9,3.96,0.0
4267,2,446,1.444999999999975,0.05605381165919283,1078.1,3.96,0.0
4268,3,579,2.5779999999999603,0.055267702936096716,1078.4,3.96,0.0
4269,2,447,1.4459999999999749,0.05592841163310962,1078.6,3.96,0.0
4270,4,713,3.711999999999988,0.056100981767180924,1079.0,3.96,0.0
4271,1,313,0.3119999999999896,0.054313099041533544,1079.2,3.96,0.0
4272,0,183,-0.8179999999999998,0.060109289617486336,1079.2,3.96,0.0
4273,2,446,1.444999999999975,0.05605381165919283,1079.5,3.96,0.0
4274,3,579,2.5779999999999603,0.055267702936096716,1079.8,3.96,0.0
4275,0,179,-0.8219999999999998,0.055865921787709494,1079.9,3.96,0.0
4276,2,458,1.4569999999999736,0.056768558951965066,1080.1,3.96,0.0
4277,2,446,1.444999999999975,0.05605381165919283,1080.4,3.96,0.0
4278,1,313,0.3119999999999896,0.05750798722044728,1080.5,3.96,0.0
4279,3,579,2.5779999999999603,0.055267702936096716,1080.8,3.96,0.0
4280,1,313,0.3119999999999896,0.054313099041533544,1081.0,3.96,0.0
4281,0,179,-0.8219999999999998,0.055865921787709494,1081.1,3.96,0.0
4282,2,446,1.444999999999975,0.053811659192825115,1081.3,3.96,0.0
4283,5,846,4.845000000000032,0.05555555555555555,1081.7,3.96,0.0
4284,0,196,-0.8049999999999998,0.05612244897959184,1081.8,3.96,0.0
4285,3,584,2.5829999999999598,0.05650684931506849,1082.1,3.96,0.0
4286,4,713,3.711999999999988,0.056100981767180924,1082.5,3.96,0.0
4287,0,204,-0.7969999999999998,0.058823529411764705,1082.6,3.96,0.0
4288,0,184,-0.8169999999999998,0.059782608695652176,1082.7,3.96,0.0
4289,2,459,1.4579999999999735,0.05664488017429194,1082.9,3.96,0.0
4290,2,446,1.444999999999975,0.05605381165919283,1083.2,3.96,0.0
4291,0,179,-0.8219999999999998,0.055865921787709494,1083.3,3.96,0.0
4292,1,313,0.3119999999999896,0.054313099041533544,1083.4,3.96,0.0
4293,0,179,-0.8219999999999998,0.055865921787709494,1083.5,3.96,0.0
4294,0,179,-0.8219999999999998,0.055865921787709494,1083.6,3.96,0.0
4295,0,179,-0.8219999999999998,0.055865921787709494,1083.7,3.96,0.0
4296,3,579,2.5779999999999603,0.055267702936096716,1084.0,3.96,0.0
4297,4,728,3.726999999999993,0.05631868131868132,1084.4,3.96,0.0
4298,1,313,0.3119999999999896,0.05750798722044728,1084.5,3.96,0.0
4299,2,446,1.444999999999975,0.05605381165919283,1084.8,3.96,0.0
4300,4,713,3.711999999999988,0.056100981767180924,1085.1,3.96,0.0
4301,0,179,-0.8219999999999998,0.055865921787709494,1085.2,3.96,0.0
4302,2,463,1.461999999999973,0.056155507559395246,1085.5,3.96,0.0
4303,0,186,-0.8149999999999998,0.05913978494623656,1085.6,3.96,0.0
4304,2,446,1.444999999999975,0.05605381165919283,1085.8,3.96,0.0
4305,1,313,0.3119999999999896,0.05750798722044728,1085.9,3.97,0.0
4306,3,606,2.6049999999999573,0.056105610561056105,1086.3,3.97,0.0
4307,1,313,0.3119999999999896,0.054313099041533544,1086.4,3.97,0.0
4308,2,446,1.444999999999975,0.05605381165919283,1086.6,3.97,0.0
4309,1,322,0.32099999999998863,0.055900621118012424,1086.8,3.97,0.0
4310,1,313,0.3119999999999896,0.05750798722044728,1087.0,3.97,0.0
4311,2,455,1.453999999999974,0.05714285714285714,1087.2,3.97,0.0
4312,1,313,0.3119999999999896,0.05750798722044728,1087.4,3.97,0.0
4313,3,579,2.5779999999999603,0.055267702936096716,1087.7,3.97,0.0
4314,2,446,1.444999999999975,0.05605381165919283,1087.9,3.97,0.0
4315,3,579,2.5779999999999603,0.055267702936096716,1088.2,3.97,0.0
4316,1,313,0.3119999999999896,0.054313099041533544,1088.4,3.97,0.0
4317,0,179,-0.8219999999999998,0.055865921787709494,1088.4,3.97,0.0
4318,6,979,5.978000000000075,0.05515832482124617,1089.0,3.97,0.0
4319,2,447,1.4459999999999749,0.05592841163310962,1089.2,3.97,0.0
4320,1,313,0.3119999999999896,0.054313099041533544,1089.3,3.97,0.0
4321,3,579,2.5779999999999603,0.055267702936096716,1089.7,3.97,0.0
4322,2,446,1.444999999999975,0.053811659192825115,1089.9,3.97,0.0
4323,0,190,-0.8109999999999998,0.05789473684210526,1090.0,3.97,0.0
4324,1,313,0.3119999999999896,0.054313099041533544,1090.1,3.97,0.0
4325,2,461,1.4599999999999733,0.05639913232104121,1090.4,3.97,0.0
4326,3,579,2.5779999999999603,0.05699481865284974,1090.7,3.97,0.0
4327,1,313,0.3119999999999896,0.05750798722044728,1090.8,3.97,0.0
4328,0,187,-0.8139999999999998,0.058823529411764705,1090.9,3.97,0.0
4329,0,209,-0.7919999999999998,0.05741626794258373,1091.0,3.97,0.0
4330,0,179,-0.8219999999999998,0.055865921787709494,1091.1,3.97,0.0
4331,0,179,-0.8219999999999998,0.055865921787709494,1091.2,3.97,0.0
4332,1,313,0.3119999999999896,0.054313099041533544,1091.4,3.97,0.0
4333,3,579,2.5779999999999603,0.055267702936096716,1091.7,3.97,0.0
4334,1,331,0.32999999999998764,0.05740181268882175,1091.9,3.97,0.0
4335,3,579,2.5779999999999603,0.05699481865284974,1092.2,3.97,0.0
4336,0,184,-0.8169999999999998,0.059782608695652176,1092.3,3.97,0.0
4337,0,179,-0.8219999999999998,0.055865921787709494,1092.3,3.97,0.0
4338,0,179,-0.8219999999999998,0.055865921787709494,1092.4,3.97,0.0
4339,0,179,-0.8219999999999998,0.055865921787709494,1092.5,3.97,0.0
4340,0,179,-0.8219999999999998,0.055865921787709494,1092.6,3.97,0.0
4341,6,979,5.978000000000075,0.05515832482124617,1093.1,3.97,0.0
4342,0,179,-0.8219999999999998,0.055865921787709494,1093.2,3.97,0.0
4343,2,446,1.444999999999975,0.05605381165919283,1093.4,3.97,0.0
4344,2,446,1.444999999999975,0.053811659192825115,1093.7,3.97,0.0
4345,1,313,0.3119999999999896,0.05750798722044728,1093.8,3.97,0.0
4346,0,206,-0.7949999999999998,0.05825242718446602,1093.9,3.97,0.0
4347,3,579,2.5779999999999603,0.055267702936096716,1094.2,3.97,0.0
4348,5,846,4.845000000000032,0.05555555555555555,1094.7,3.97,0.0
4349,1,313,0.3119999999999896,0.054313099041533544,1094.8,3.97,0.0
4350,5,858,4.857000000000036,0.055944055944055944,1095.3,3.97,0.0
4351,0,195,-0.8059999999999998,0.05641025641025641,1095.4,3.97,0.0
4352,2,446,1.444999999999975,0.05605381165919283,1095.6,3.97,0.0
4353,1,315,0.3139999999999894,0.05714285714285714,1095.8,3.97,0.0
4354,0,179,-0.8219999999999998,0.05027932960893855,1095.8,3.97,0.0
4355,2,446,1.444999999999975,0.05605381165919283,1096.1,3.97,0.0
4356,0,183,-0.8179999999999998,0.060109289617486336,1096.2,3.97,0.0
4357,3,579,2.5779999999999603,0.055267702936096716,1096.5,3.97,0.0
4358,2,446,1.444999999999975,0.05605381165919283,1096.7,3.97,0.0
4359,2,458,1.4569999999999736,0.056768558951965066,1096.9,3.97,0.0
4360,0,179,-0.8219999999999998,0.055865921787709494,1097.0,3.98,0.0
4361,0,188,-0.8129999999999998,0.05851063829787234,1097.1,3.98,0.0
4362,2,446,1.444999999999975,0.05605381165919283,1097.4,3.98,0.0
4363,2,459,1.4579999999999735,0.05664488017429194,1097.6,3.98,0.0
4364,0,179,-0.8219999999999998,0.055865921787709494,1097.7,3.98,0.0
4365,1,313,0.3119999999999896,0.054313099041533544,1097.8,3.98,0.0
4366,1,316,0.3149999999999893,0.056962025316455694,1098.0,3.98,0.0
4367,0,179,-0.8219999999999998,0.055865921787709494,1098.1,3.98,0.0
4368,2,446,1.444999999999975,0.05605381165919283,1098.3,3.98,0.0
4369,1,336,0.3349999999999871,0.05654761904761905,1098.5,3.98,0.0
4370,0,179,-0.8219999999999998,0.055865921787709494,1098.6,3.98,0.0
4371,0,179,-0.8219999999999998,0.055865921787709494,1098.7,3.98,0.0
4372,5,846,4.845000000000032,0.05555555555555555,1099.1,3.98,0.0
4373,0,183,-0.8179999999999998,0.060109289617486336,1099.2,3.98,0.0
4374,2,446,1.444999999999975,0.05605381165919283,1099.4,3.98,0.0
4375,1,316,0.3149999999999893,0.056962025316455694,1099.6,3.98,0.0
4376,0,189,-0.8119999999999998,0.0582010582010582,1099.7,3.98,0.0
4377,5,874,4.873000000000041,0.05606407322654462,1100.1,3.98,0.0
4378,1,313,0.3119999999999896,0.054313099041533544,1100.3,3.98,0.0
4379,0,187,-0.8139999999999998,0.058823529411764705,1100.4,3.98,0.0
4380,3,579,2.5779999999999603,0.05699481865284974,1100.7,3.98,0.0
4381,1,313,0.3119999999999896,0.05750798722044728,1100.9,3.98,0.0
4382,2,459,1.4579999999999735,0.05664488017429194,1101.1,3.98,0.0
4383,0,185,-0.8159999999999998,0.05945945945945946,1101.2,3.98,0.0
4384,1,313,0.3119999999999896,0.054313099041533544,1101.4,3.98,0.0
4385,2,446,1.444999999999975,0.05605381165919283,1101.6,3.98,0.0
4386,0,185,-0.8159999999999998,0.05945945945945946,1101.7,3.98,0.0
4387,2,446,1.444999999999975,0.05605381165919283,1101.9,3.98,0.0
4388,0,192,-0.8089999999999998,0.057291666666666664,1102.0,3.98,0.0
4389,0,179,-0.8219999999999998,0.055865921787709494,1102.1,3.98,0.0
4390,4,734,3.732999999999995,0.055858310626702996,1102.5,3.98,0.0
4391,4,729,3.7279999999999935,0.056241426611796985,1102.8,3.98,0.0
4392,1,339,0.33799999999998676,0.05604719764011799,1103.0,3.98,0.0
4393,1,315,0.3139999999999894,0.05714285714285714,1103.2,3.98,0.0
4394,7,1114,7.113000000000035,0.05565529622980251,1103.7,3.98,0.0
4395,6,979,5.978000000000075,0.056179775280898875,1104.3,3.98,0.0
4396,1,313,0.3119999999999896,0.05750798722044728,1104.4,3.98,0.0
4397,0,179,-0.8219999999999998,0.055865921787709494,1104.5,3.98,0.0
4398,3,579,2.5779999999999603,0.055267702936096716,1104.8,3.98,0.0
4399,1,313,0.3119999999999896,0.05750798722044728,1105.0,3.98,0.0
4400,4,713,3.711999999999988,0.056100981767180924,1105.3,3.98,0.0
4401,0,179,-0.8219999999999998,0.055865921787709494,1105.4,3.98,0.0
4402,2,446,1.444999999999975,0.05605381165919283,1105.7,3.98,0.0
4403,9,1379,9.377999999999888,0.05583756345177665,1106.4,3.98,0.0
4404,5,853,4.852000000000034,0.05627198124267292,1106.8,3.98,0.0
4405,3,579,2.5779999999999603,0.055267702936096716,1107.1,3.98,0.0
4406,3,579,2.5779999999999603,0.055267702936096716,1107.4,3.98,0.0
4407,0,181,-0.8199999999999998,0.06077348066298342,1107.5,3.98,0.0
4408,0,179,-0.8219999999999998,0.055865921787709494,1107.6,3.98,0.0
4409,0,179,-0.8219999999999998,0.055865921787709494,1107.7,3.98,0.0
4410,3,579,2.5779999999999603,0.055267702936096716,1108.0,3.98,0.0
4411,1,313,0.3119999999999896,0.054313099041533544,1108.1,3.98,0.0
4412,1,313,0.3119999999999896,0.054313099041533544,1108.3,3.98,0.0
4413,0,188,-0.8129999999999998,0.05851063829787234,1108.4,3.98,0.0
4414,0,179,-0.8219999999999998,0.055865921787709494,1108.5,3.98,0.0
4415,0,179,-0.8219999999999998,0.055865921787709494,1108.6,3.98,0.0
4416,1,313,0.3119999999999896,0.05750798722044728,1108.7,3.98,0.0
4417,5,846,4.845000000000032,0.05555555555555555,1109.2,3.98,0.0
4418,8,1267,8.26599999999995,0.056037884767166535,1109.8,3.98,0.0
4419,1,313,0.3119999999999896,0.05750798722044728,1110.0,3.98,0.0
4420,7,1128,7.127000000000027,0.05585106382978723,1110.6,3.98,0.0
4421,3,579,2.5779999999999603,0.055267702936096716,1110.9,3.98,0.0
4422,1,338,0.33699999999998687,0.05621301775147929,1111.1,3.98,0.0
4423,6,979,5.978000000000075,0.05515832482124617,1111.6,3.98,0.0
4424,2,458,1.4569999999999736,0.056768558951965066,1111.8,3.98,0.0
4425,0,195,-0.8059999999999998,0.05641025641025641,1111.9,3.98,0.0
4426,0,194,-0.8069999999999998,0.05670103092783505,1112.0,3.98,0.0
4427,2,454,1.452999999999974,0.05726872246696035,1112.2,3.98,0.0
4428,3,579,2.5779999999999603,0.055267702936096716,1112.5,3.98,0.0
4429,2,446,1.444999999999975,0.05605381165919283,1112.8,3.98,0.0
4430,2,446,1.444999999999975,0.05605381165919283,1113.0,3.98,0.0
4431,0,179,-0.8219999999999998,0.055865921787709494,1113.1,3.98,0.0
4432,0,179,-0.8219999999999998,0.05027932960893855,1113.2,3.98,0.0
4433,1,313,0.3119999999999896,0.054313099041533544,1113.3,3.98,0.0
4434,4,713,3.711999999999988,0.056100981767180924,1113.7,3.98,0.0
4435,5,848,4.847000000000032,0.05660377358490566,1114.1,3.98,0.0
4436,3,579,2.5779999999999603,0.055267702936096716,1114.4,3.98,0.0
4437,3,591,2.589999999999959,0.05583756345177665,1114.7,3.98,0.0
4438,5,853,4.852000000000034,0.05627198124267292,1115.2,3.98,0.0
4439,0,179,-0.8219999999999998,0.055865921787709494,1115.3,3.98,0.0
4440,3,579,2.5779999999999603,0.055267702936096716,1115.6,3.98,0.0
4441,2,446,1.444999999999975,0.053811659192825115,1115.8,3.98,0.0
4442,1,335,0.3339999999999872,0.056716417910447764,1116.0,3.98,0.0
4443,2,446,1.444999999999975,0.05605381165919283,1116.2,3.98,0.0
4444,6,979,5.978000000000075,0.05515832482124617,1116.7,3.98,0.0
4445,1,317,0.3159999999999892,0.056782334384858045,1116.9,3.98,0.0
4446,4,728,3.726999999999993,0.05631868131868132,1117.3,3.98,0.0
4447,2,446,1.444999999999975,0.05605381165919283,1117.5,3.98,0.0
4448,3,579,2.5779999999999603,0.055267702936096716,1117.8,3.98,0.0
4449,3,586,2.5849999999999596,0.05631399317406143,1118.1,3.98,0.0
4450,4,727,3.725999999999993,0.05639614855570839,1118.5,3.98,0.0
4451,0,179,-0.8219999999999998,0.055865921787709494,1118.6,3.98,0.0
4452,0,179,-0.8219999999999998,0.055865921787709494,1118.7,3.98,0.0
4453,1,318,0.31699999999998907,0.05660377358490566,1118.8,3.98,0.0
4454,0,184,-0.8169999999999998,0.059782608695652176,1118.9,3.98,0.0
4455,0,179,-0.8219999999999998,0.055865921787709494,1119.0,3.98,0.0
4456,0,179,-0.8219999999999998,0.055865921787709494,1119.1,3.98,0.0
4457,0,193,-0.8079999999999998,0.05699481865284974,1119.2,3.98,0.0
4458,0,179,-0.8219999999999998,0.055865921787709494,1119.3,3.98,0.0
4459,0,179,-0.8219999999999998,0.055865921787709494,1119.4,3.98,0.0
4460,0,194,-0.8069999999999998,0.05670103092783505,1119.5,3.98,0.0
4461,4,713,3.711999999999988,0.056100981767180924,1119.9,3.98,0.0
4462,0,179,-0.8219999999999998,0.055865921787709494,1120.0,3.98,0.0
4463,3,579,2.5779999999999603,0.055267702936096716,1120.3,3.98,0.0
4464,1,313,0.3119999999999896,0.054313099041533544,1120.4,3.99,0.0
4465,0,179,-0.8219999999999998,0.055865921787709494,1120.5,3.99,0.0
4466,4,729,3.7279999999999935,0.056241426611796985,1120.9,3.99,0.0
4467,2,465,1.4639999999999729,0.05591397849462366,1121.1,3.99,0.0
4468,6,1004,6.003000000000084,0.055776892430278883,1121.6,3.98,0.0
4469,1,313,0.3119999999999896,0.054313099041533544,1121.8,3.98,0.0
4470,0,183,-0.8179999999999998,0.060109289617486336,1121.9,3.99,0.0
4471,4,715,3.713999999999989,0.055944055944055944,1122.2,3.98,0.0
4472,3,579,2.5779999999999603,0.055267702936096716,1122.5,3.98,0.0
4473,1,313,0.3119999999999896,0.054313099041533544,1122.7,3.99,0.0
4474,0,193,-0.8079999999999998,0.05699481865284974,1122.8,3.99,0.0
4475,0,179,-0.8219999999999998,0.055865921787709494,1122.9,3.99,0.0
4476,5,851,4.850000000000033,0.0564042303172738,1123.3,3.99,0.0
4477,7,1113,7.112000000000036,0.05480682839173405,1123.9,3.98,0.0
4478,0,188,-0.8129999999999998,0.05851063829787234,1124.0,3.98,0.0
4479,0,190,-0.8109999999999998,0.05789473684210526,1124.1,3.99,0.0
4480,0,179,-0.8219999999999998,0.055865921787709494,1124.2,3.99,0.0
4481,0,183,-0.8179999999999998,0.060109289617486336,1124.3,3.99,0.0
4482,5,862,4.861000000000037,0.05568445475638051,1124.7,3.99,0.0
4483,1,338,0.33699999999998687,0.05621301775147929,1124.9,3.99,0.0
4484,1,313,0.3119999999999896,0.054313099041533544,1125.1,3.99,0.0
4485,5,846,4.845000000000032,0.05555555555555555,1125.5,3.99,0.0
4486,3,582,2.58099999999996,0.05670103092783505,1125.8,3.99,0.0
4487,2,461,1.4599999999999733,0.05639913232104121,1126.0,3.99,0.0
4488,4,715,3.713999999999989,0.055944055944055944,1126.4,3.99,0.0
4489,0,179,-0.8219999999999998,0.055865921787709494,1126.5,3.99,0.0
4490,0,182,-0.8189999999999998,0.06043956043956044,1126.6,3.99,0.0
4491,2,446,1.444999999999975,0.05605381165919283,1126.8,3.99,0.0
4492,0,187,-0.8139999999999998,0.058823529411764705,1126.9,3.99,0.0
4493,0,197,-0.8039999999999998,0.05583756345177665,1127.0,3.99,0.0
4494,0,179,-0.8219999999999998,0.055865921787709494,1127.1,3.99,0.0
4495,2,455,1.453999999999974,0.05714285714285714,1127.4,3.99,0.0
4496,1,313,0.3119999999999896,0.05750798722044728,1127.5,3.99,0.0
4497,2,446,1.444999999999975,0.05605381165919283,1127.8,3.99,0.0
4498,3,579,2.5779999999999603,0.055267702936096716,1128.1,3.99,0.0
4499,2,446,1.444999999999975,0.05605381165919283,1128.3,3.99,0.0
4500,4,734,3.732999999999995,0.055858310626702996,1128.7,3.99,0.0
4501,3,592,2.590999999999959,0.05574324324324324,1131.8,3.98,0.0
4502,1,313,0.3119999999999896,0.054313099041533544,1132.0,3.98,0.0
4503,0,179,-0.8219999999999998,0.055865921787709494,1132.1,3.98,0.0
4504,2,448,1.4469999999999748,0.05580357142857143,1132.3,3.98,0.0
4505,1,313,0.3119999999999896,0.05750798722044728,1132.4,3.98,0.0
4506,3,579,2.5779999999999603,0.055267702936096716,1132.7,3.98,0.0
4507,2,459,1.4579999999999735,0.05664488017429194,1133.0,3.98,0.0
4508,0,179,-0.8219999999999998,0.055865921787709494,1133.1,3.98,0.0
4509,4,729,3.7279999999999935,0.056241426611796985,1133.4,3.98,0.0
4510,0,179,-0.8219999999999998,0.055865921787709494,1133.5,3.98,0.0
4511,1,336,0.3349999999999871,0.05654761904761905,1133.7,3.98,0.0
4512,5,846,4.845000000000032,0.05555555555555555,1134.1,3.98,0.0
4513,1,313,0.3119999999999896,0.05750798722044728,1134.3,3.98,0.0
4514,0,179,-0.8219999999999998,0.055865921787709494,1134.4,3.98,0.0
4515,1,313,0.3119999999999896,0.05750798722044728,1134.5,3.98,0.0
4516,2,461,1.4599999999999733,0.05639913232104121,1134.8,3.98,0.0
4517,3,584,2.5829999999999598,0.05650684931506849,1135.1,3.98,0.0
4518,1,313,0.3119999999999896,0.054313099041533544,1135.2,3.98,0.0
4519,1,313,0.3119999999999896,0.054313099041533544,1135.4,3.98,0.0
4520,5,862,4.861000000000037,0.05568445475638051,1135.8,3.98,0.0
4521,2,446,1.444999999999975,0.05605381165919283,1136.1,3.98,0.0
4522,0,192,-0.8089999999999998,0.057291666666666664,1136.2,3.98,0.0
4523,1,315,0.3139999999999894,0.05714285714285714,1136.3,3.98,0.0
4524,2,446,1.444999999999975,0.05605381165919283,1136.6,3.98,0.0
4525,0,187,-0.8139999999999998,0.058823529411764705,1136.7,3.98,0.0
4526,6,984,5.983000000000077,0.05589430894308943,1137.2,3.98,0.0
4527,2,446,1.444999999999975,0.05605381165919283,1137.4,3.98,0.0
4528,1,313,0.3119999999999896,0.054313099041533544,1137.5,3.98,0.0
4529,5,846,4.845000000000032,0.05555555555555555,1138.0,3.98,0.0
4530,0,192,-0.8089999999999998,0.057291666666666664,1138.1,3.98,0.0
4531,3,580,2.57899999999996,0.056896551724137934,1138.4,3.98,0.0
4532,0,179,-0.8219999999999998,0.055865921787709494,1138.5,3.98,0.0
4533,7,1120,7.119000000000032,0.05625,1139.1,3.98,0.0
4534,1,317,0.3159999999999892,0.056782334384858045,1139.2,3.98,0.0
4535,0,185,-0.8159999999999998,0.05945945945945946,1139.3,3.98,0.0
4536,5,846,4.845000000000032,0.05555555555555555,1139.8,3.98,0.0
4537,2,446,1.444999999999975,0.05605381165919283,1140.0,3.98,0.0
4538,1,313,0.3119999999999896,0.054313099041533544,1140.2,3.98,0.0
4539,1,221,0.21999999999999975,0.058823529411764705,1140.3,3.98,0.0
4540,0,185,-0.8159999999999998,0.05945945945945946,1140.4,3.98,0.0
4541,0,179,-0.8219999999999998,0.055865921787709494,1140.5,3.98,0.0
4542,0,186,-0.8149999999999998,0.05913978494623656,1140.6,3.98,0.0
4543,3,579,2.5779999999999603,0.055267702936096716,1140.9,3.98,0.0
4544,2,446,1.444999999999975,0.05605381165919283,1141.1,3.98,0.0
4545,0,179,-0.8219999999999998,0.055865921787709494,1141.2,3.98,0.0
4546,5,846,4.845000000000032,0.05555555555555555,1141.6,3.98,0.0
4547,3,592,2.590999999999959,0.05574324324324324,1141.9,3.98,0.0
4548,0,189,-0.8119999999999998,0.0582010582010582,1142.0,3.98,0.0
4549,11,1646,11.64499999999974,0.05528554070473876,1142.9,3.98,0.0
4550,2,446,1.444999999999975,0.05605381165919283,1143.1,3.98,0.0
4551,0,179,-0.8219999999999998,0.055865921787709494,1143.2,3.98,0.0
4552,0,193,-0.8079999999999998,0.05699481865284974,1143.3,3.98,0.0
4553,4,713,3.711999999999988,0.056100981767180924,1143.7,3.98,0.0
4554,3,579,2.5779999999999603,0.055267702936096716,1144.0,3.98,0.0
4555,3,609,2.607999999999957,0.05582922824302135,1144.3,3.98,0.0
4556,0,183,-0.8179999999999998,0.060109289617486336,1144.4,3.98,0.0
4557,2,446,1.444999999999975,0.05605381165919283,1144.6,3.98,0.0
4558,8,1246,8.244999999999962,0.05537720706260032,1145.3,3.98,0.0
4559,5,853,4.852000000000034,0.05627198124267292,1145.7,3.98,0.0
4560,2,482,1.480999999999971,0.056016597510373446,1146.0,3.98,0.0
4561,0,179,-0.8219999999999998,0.055865921787709494,1146.1,3.98,0.0
4562,1,339,0.33799999999998676,0.05604719764011799,1146.3,3.98,0.0
4563,3,588,2.5869999999999593,0.05612244897959184,1146.6,3.98,0.0
4564,3,579,2.5779999999999603,0.055267702936096716,1146.9,3.98,0.0
4565,1,313,0.3119999999999896,0.054313099041533544,1147.1,3.98,0.0
4566,1,313,0.3119999999999896,0.054313099041533544,1147.2,3.98,0.0
4567,2,446,1.444999999999975,0.05605381165919283,1147.5,3.98,0.0
4568,4,713,3.711999999999988,0.0546984572230014,1147.8,3.98,0.0
4569,0,182,-0.8189999999999998,0.06043956043956044,1147.9,3.98,0.0
4570,3,588,2.5869999999999593,0.05612244897959184,1148.2,3.98,0.0
4571,0,179,-0.8219999999999998,0.05027932960893855,1148.3,3.98,0.0
4572,2,446,1.444999999999975,0.05605381165919283,1148.6,3.98,0.0
4573,0,189,-0.8119999999999998,0.0582010582010582,1148.7,3.98,0.0
4574,0,179,-0.8219999999999998,0.055865921787709494,1148.8,3.98,0.0
4575,0,192,-0.8089999999999998,0.057291666666666664,1148.9,3.98,0.0
4576,1,313,0.3119999999999896,0.05750798722044728,1149.1,3.98,0.0
4577,0,179,-0.8219999999999998,0.055865921787709494,1149.2,3.98,0.0
4578,0,179,-0.8219999999999998,0.055865921787709494,1149.2,3.98,0.0
4579,4,713,3.711999999999988,0.056100981767180924,1149.6,3.98,0.0
4580,0,184,-0.8169999999999998,0.059782608695652176,1149.7,3.98,0.0
4581,4,730,3.728999999999994,0.056164383561643834,1150.1,3.98,0.0
4582,1,313,0.3119999999999896,0.05750798722044728,1150.3,3.98,0.0
4583,1,313,0.3119999999999896,0.054313099041533544,1150.4,3.98,0.0
4584,1,313,0.3119999999999896,0.054313099041533544,1150.6,3.98,0.0
4585,0,189,-0.8119999999999998,0.0582010582010582,1150.7,3.99,0.0
4586,0,190,-0.8109999999999998,0.05789473684210526,1150.8,3.99,0.0
4587,0,185,-0.8159999999999998,0.05945945945945946,1150.9,3.99,0.0
4588,6,983,5.982000000000077,0.05595116988809766,1151.4,3.99,0.0
4589,2,453,1.4519999999999742,0.05739514348785872,1151.6,3.99,0.0
4590,0,179,-0.8219999999999998,0.055865921787709494,1151.7,3.99,0.0
4591,1,313,0.3119999999999896,0.05750798722044728,1151.9,3.99,0.0
4592,0,186,-0.8149999999999998,0.05913978494623656,1152.0,3.99,0.0
4593,1,335,0.3339999999999872,0.056716417910447764,1152.2,3.99,0.0
4594,5,855,4.854000000000035,0.056140350877192984,1152.6,3.99,0.0
4595,0,179,-0.8219999999999998,0.055865921787709494,1152.7,3.99,0.0
4596,9,1379,9.377999999999888,0.05583756345177665,1153.4,3.99,0.0
4597,7,1113,7.112000000000036,0.055705300988319856,1154.0,3.98,0.0
4598,0,187,-0.8139999999999998,0.058823529411764705,1154.1,3.98,0.0
4599,0,179,-0.8219999999999998,0.055865921787709494,1154.2,3.99,0.0
4600,5,856,4.855000000000035,0.056074766355140186,1154.6,3.98,0.0
4601,3,582,2.58099999999996,0.05670103092783505,1154.9,3.98,0.0
4602,2,462,1.4609999999999732,0.05627705627705628,1155.2,3.98,0.0
4603,0,179,-0.8219999999999998,0.055865921787709494,1155.3,3.99,0.0
4604,1,313,0.3119999999999896,0.054313099041533544,1155.4,3.99,0.0
4605,6,979,5.978000000000075,0.05515832482124617,1156.0,3.98,0.0
4606,0,185,-0.8159999999999998,0.05945945945945946,1156.1,3.99,0.0
4607,5,846,4.845000000000032,0.05555555555555555,1156.5,3.98,0.0
4608,0,179,-0.8219999999999998,0.055865921787709494,1156.6,3.98,0.0
4609,2,448,1.4469999999999748,0.05580357142857143,1156.8,3.98,0.0
4610,5,846,4.845000000000032,0.05555555555555555,1157.3,3.98,0.0
4611,2,446,1.444999999999975,0.05605381165919283,1157.5,3.98,0.0
4612,2,446,1.444999999999975,0.053811659192825115,1157.8,3.98,0.0
4613,5,862,4.861000000000037,0.05568445475638051,1158.2,3.98,0.0
4614,0,187,-0.8139999999999998,0.058823529411764705,1158.3,3.98,0.0
4615,2,446,1.444999999999975,0.05605381165919283,1158.6,3.98,0.0
4616,0,179,-0.8219999999999998,0.055865921787709494,1158.7,3.98,0.0
4617,0,185,-0.8159999999999998,0.05945945945945946,1158.8,3.99,0.0
4618,0,179,-0.8219999999999998,0.055865921787709494,1158.9,3.99,0.0
4619,2,446,1.444999999999975,0.053811659192825115,1159.1,3.99,0.0
4620,2,455,1.453999999999974,0.05714285714285714,1159.3,3.99,0.0
4621,0,179,-0.8219999999999998,0.055865921787709494,1159.4,3.99,0.0
4622,6,987,5.986000000000078,0.05572441742654509,1159.9,3.99,0.0
4623,0,179,-0.8219999999999998,0.055865921787709494,1160.0,3.99,0.0
4624,0,191,-0.8099999999999998,0.05759162303664921,1160.1,3.99,0.0
4625,5,851,4.850000000000033,0.0564042303172738,1160.6,3.99,0.0
4626,1,313,0.3119999999999896,0.05750798722044728,1160.8,3.99,0.0
4627,5,874,4.873000000000041,0.05606407322654462,1161.2,3.99,0.0
4628,1,339,0.33799999999998676,0.05604719764011799,1161.4,3.99,0.0
4629,2,446,1.444999999999975,0.05605381165919283,1161.6,3.99,0.0
4630,1,318,0.31699999999998907,0.05660377358490566,1161.8,3.99,0.0
4631,7,1113,7.112000000000036,0.055705300988319856,1162.4,3.98,0.0
4632,1,314,0.3129999999999895,0.05732484076433121,1162.6,3.99,0.0
4633,0,179,-0.8219999999999998,0.055865921787709494,1162.7,3.99,0.0
4634,2,461,1.4599999999999733,0.05639913232104121,1163.2,3.98,0.0
4635,3,579,2.5779999999999603,0.055267702936096716,1164.0,3.98,0.0
4636,0,179,-0.8219999999999998,0.055865921787709494,1164.4,3.98,0.0
4637,4,713,3.711999999999988,0.056100981767180924,1165.2,3.98,0.0
4638,2,446,1.444999999999975,0.05605381165919283,1165.7,3.98,0.0
4639,1,313,0.3119999999999896,0.054313099041533544,1166.0,3.98,0.0
4640,2,446,1.444999999999975,0.053811659192825115,1166.3,3.98,0.0
4641,6,983,5.982000000000077,0.05595116988809766,1167.1,3.98,0.0
4642,0,211,-0.7899999999999998,0.05687203791469194,1167.4,3.98,0.0
4643,0,186,-0.8149999999999998,0.05913978494623656,1167.5,3.98,0.0
4644,1,316,0.3149999999999893,0.056962025316455694,1167.9,3.98,0.0
4645,0,179,-0.8219999999999998,0.05027932960893855,1168.1,3.98,0.0
4646,4,727,3.725999999999993,0.05639614855570839,1168.8,3.98,0.0
4647,1,313,0.3119999999999896,0.054313099041533544,1169.2,3.98,0.0
4648,0,189,-0.8119999999999998,0.0582010582010582,1169.4,3.98,0.0
4649,3,579,2.5779999999999603,0.055267702936096716,1170.0,3.97,0.0
4650,1,316,0.3149999999999893,0.056962025316455694,1170.3,3.97,0.0
4651,6,979,5.978000000000075,0.056179775280898875,1171.3,3.97,0.0
4652,2,446,1.444999999999975,0.05605381165919283,1171.8,3.97,0.0
4653,4,713,3.711999999999988,0.056100981767180924,1172.5,3.97,0.0
4654,0,191,-0.8099999999999998,0.05759162303664921,1172.6,3.97,0.0
4655,1,313,0.3119999999999896,0.05750798722044728,1172.9,3.97,0.0
4656,3,579,2.5779999999999603,0.055267702936096716,1173.5,3.97,0.0
4657,4,713,3.711999999999988,0.0546984572230014,1174.3,3.97,0.0
4658,2,456,1.4549999999999739,0.05701754385964912,1174.8,3.97,0.0
4659,3,587,2.5859999999999594,0.056218057921635436,1175.4,3.96,0.0
4660,1,338,0.33699999999998687,0.05621301775147929,1175.8,3.96,0.0
4661,1,313,0.3119999999999896,0.054313099041533544,1176.2,3.96,0.0
4662,0,179,-0.8219999999999998,0.055865921787709494,1176.3,3.96,0.0
4663,0,182,-0.8189999999999998,0.06043956043956044,1176.6,3.96,0.0
4664,2,446,1.444999999999975,0.053811659192825115,1177.1,3.96,0.0
4665,0,179,-0.8219999999999998,0.055865921787709494,1177.3,3.96,0.0
4666,0,179,-0.8219999999999998,0.055865921787709494,1177.5,3.96,0.0
4667,0,179,-0.8219999999999998,0.055865921787709494,1177.7,3.96,0.0
4668,3,580,2.57899999999996,0.056896551724137934,1178.3,3.96,0.0
4669,0,179,-0.8219999999999998,0.055865921787709494,1178.4,3.96,0.0
4670,3,583,2.58199999999996,0.05660377358490566,1179.0,3.96,0.0
4671,3,579,2.5779999999999603,0.055267702936096716,1179.6,3.96,0.0
4672,3,590,2.588999999999959,0.05593220338983051,1180.2,3.96,0.0
4673,6,979,5.978000000000075,0.05515832482124617,1181.3,3.96,0.0
4674,2,446,1.444999999999975,0.05605381165919283,1181.7,3.96,0.0
4675,1,313,0.3119999999999896,0.054313099041533544,1182.0,3.96,0.0
4676,0,179,-0.8219999999999998,0.055865921787709494,1182.2,3.96,0.0
4677,0,179,-0.8219999999999998,0.055865921787709494,1182.3,3.96,0.0
4678,0,180,-0.8209999999999998,0.06111111111111111,1182.5,3.96,0.0
4679,0,179,-0.8219999999999998,0.055865921787709494,1182.7,3.96,0.0
4680,3,579,2.5779999999999603,0.055267702936096716,1183.2,3.96,0.0
4681,0,179,-0.8219999999999998,0.055865921787709494,1183.4,3.96,0.0
4682,3,579,2.5779999999999603,0.055267702936096716,1184.0,3.96,0.0
4683,1,314,0.3129999999999895,0.05732484076433121,1184.3,3.96,0.0
4684,1,337,0.335999999999987,0.05637982195845697,1184.7,3.95,0.0
4685,4,713,3.711999999999988,0.056100981767180924,1185.4,3.95,0.0
4686,0,179,-0.8219999999999998,0.055865921787709494,1185.5,3.95,0.0
4687,0,179,-0.8219999999999998,0.055865921787709494,1185.7,3.95,0.0
4688,0,179,-0.8219999999999998,0.055865921787709494,1185.9,3.95,0.0
4689,5,854,4.853000000000034,0.05620608899297424,1186.7,3.95,0.0
4690,0,179,-0.8219999999999998,0.055865921787709494,1186.9,3.95,0.0
4691,1,313,0.3119999999999896,0.05750798722044728,1187.3,3.95,0.0
4692,1,313,0.3119999999999896,0.05750798722044728,1187.5,3.95,0.0
4693,1,317,0.3159999999999892,0.056782334384858045,1187.8,3.95,0.0
4694,0,179,-0.8219999999999998,0.055865921787709494,1188.0,3.95,0.0
4695,3,584,2.5829999999999598,0.05650684931506849,1188.7,3.95,0.0
4696,3,588,2.5869999999999593,0.05612244897959184,1189.3,3.95,0.0
4697,2,473,1.471999999999972,0.05708245243128964,1189.8,3.95,0.0
4698,5,846,4.845000000000032,0.05555555555555555,1190.6,3.95,0.0
4699,1,313,0.3119999999999896,0.05750798722044728,1190.9,3.95,0.0
4700,0,179,-0.8219999999999998,0.055865921787709494,1191.0,3.95,0.0
4701,0,179,-0.8219999999999998,0.055865921787709494,1191.2,3.95,0.0
4702,2,446,1.444999999999975,0.05605381165919283,1191.6,3.95,0.0
4703,2,354,1.352999999999985,0.05649717514124294,1191.9,3.95,0.0
4704,0,179,-0.8219999999999998,0.055865921787709494,1192.1,3.95,0.0
4705,2,461,1.4599999999999733,0.05639913232104121,1192.5,3.95,0.0
4706,0,179,-0.8219999999999998,0.055865921787709494,1192.7,3.95,0.0
4707,2,446,1.444999999999975,0.05605381165919283,1193.1,3.95,0.0
4708,0,191,-0.8099999999999998,0.05759162303664921,1193.2,3.95,0.0
4709,4,735,3.7339999999999955,0.055782312925170066,1193.9,3.95,0.0
4710,0,179,-0.8219999999999998,0.055865921787709494,1194.1,3.95,0.0
4711,1,313,0.3119999999999896,0.054313099041533544,1194.3,3.95,0.0
4712,0,184,-0.8169999999999998,0.059782608695652176,1194.5,3.95,0.0
4713,0,179,-0.8219999999999998,0.05027932960893855,1194.7,3.95,0.0
4714,5,846,4.845000000000032,0.05555555555555555,1195.4,3.94,0.0
4715,5,857,4.856000000000035,0.056009334889148193,1196.3,3.94,0.0
4716,1,313,0.3119999999999896,0.054313099041533544,1196.5,3.94,0.0
4717,2,446,1.444999999999975,0.05605381165919283,1197.0,3.94,0.0
4718,4,713,3.711999999999988,0.056100981767180924,1197.6,3.94,0.0
4719,0,179,-0.8219999999999998,0.055865921787709494,1197.8,3.94,0.0
4720,2,446,1.444999999999975,0.05605381165919283,1198.2,3.94,0.0
4721,3,579,2.5779999999999603,0.055267702936096716,1198.8,3.94,0.0
4722,3,579,2.5779999999999603,0.055267702936096716,1199.3,3.94,0.0
4723,1,340,0.33899999999998665,0.05588235294117647,1199.6,3.94,0.0
4724,6,979,5.978000000000075,0.056179775280898875,1200.5,3.94,0.0
4725,1,313,0.3119999999999896,0.054313099041533544,1200.8,3.94,0.0
4726,1,317,0.3159999999999892,0.056782334384858045,1201.1,3.94,0.0
4727,2,446,1.444999999999975,0.053811659192825115,1201.5,3.94,0.0
4728,3,581,2.57999999999996,0.05679862306368331,1202.0,3.93,0.0
4729,1,313,0.3119999999999896,0.054313099041533544,1202.3,3.93,0.0
4730,9,1380,9.378999999999888,0.05579710144927536,1203.5,3.93,0.0
4731,3,609,2.607999999999957,0.05582922824302135,1204.1,3.93,0.0
4732,2,453,1.4519999999999742,0.05739514348785872,1204.5,3.93,0.0
4733,3,593,2.591999999999959,0.05564924114671164,1205.0,3.93,0.0
4734,2,447,1.4459999999999749,0.05592841163310962,1205.4,3.93,0.0
4735,2,464,1.462999999999973,0.05603448275862069,1205.8,3.93,0.0
4736,1,313,0.3119999999999896,0.05750798722044728,1206.2,3.93,0.0
4737,1,313,0.3119999999999896,0.054313099041533544,1206.4,3.93,0.0
4738,1,339,0.33799999999998676,0.05604719764011799,1206.7,3.93,0.0
4739,4,713,3.711999999999988,0.056100981767180924,1207.4,3.93,0.0
4740,6,979,5.978000000000075,0.05515832482124617,1208.3,3.92,0.0
4741,7,1113,7.112000000000036,0.055705300988319856,1209.3,3.92,0.0
4742,0,187,-0.8139999999999998,0.058823529411764705,1209.4,3.92,0.0
4743,8,1246,8.244999999999962,0.05537720706260032,1210.6,3.92,0.0
4744,2,455,1.453999999999974,0.05714285714285714,1211.0,3.92,0.0
4745,3,579,2.5779999999999603,0.055267702936096716,1211.5,3.92,0.0
4746,2,446,1.444999999999975,0.05605381165919283,1211.9,3.92,0.0
4747,4,748,3.747,0.05614973262032086,1212.6,3.92,0.0
4748,1,313,0.3119999999999896,0.054313099041533544,1212.9,3.92,0.0
4749,0,179,-0.8219999999999998,0.05027932960893855,1213.1,3.92,0.0
4750,5,861,4.860000000000037,0.05574912891986063,1213.8,3.91,0.0
4751,0,179,-0.8219999999999998,0.055865921787709494,1214.0,3.91,0.0
4752,3,591,2.589999999999959,0.05583756345177665,1214.5,3.91,0.0
4753,0,179,-0.8219999999999998,0.055865921787709494,1214.7,3.91,0.0
4754,0,179,-0.8219999999999998,0.055865921787709494,1214.9,3.91,0.0
4755,0,179,-0.8219999999999998,0.055865921787709494,1215.1,3.91,0.0
4756,2,446,1.444999999999975,0.05605381165919283,1215.4,3.91,0.0
4757,2,457,1.4559999999999738,0.05689277899343545,1215.8,3.91,0.0
4758,3,579,2.5779999999999603,0.055267702936096716,1216.4,3.91,0.0
4759,1,331,0.32999999999998764,0.05740181268882175,1216.7,3.91,0.0
4760,6,979,5.978000000000075,0.056179775280898875,1217.6,3.91,0.0
4761,2,446,1.444999999999975,0.053811659192825115,1218.0,3.91,0.0
4762,3,583,2.58199999999996,0.05660377358490566,1218.5,3.91,0.0
4763,5,846,4.845000000000032,0.05555555555555555,1219.3,3.91,0.0
4764,9,1400,9.398999999999877,0.055714285714285716,1220.6,3.90,0.0
4765,1,318,0.31699999999998907,0.05660377358490566,1221.0,3.90,0.0
4766,1,313,0.3119999999999896,0.054313099041533544,1221.3,3.90,0.0
4767,1,313,0.3119999999999896,0.054313099041533544,1221.5,3.90,0.0
4768,4,748,3.747,0.05614973262032086,1222.2,3.90,0.0
4769,2,462,1.4609999999999732,0.05627705627705628,1222.7,3.90,0.0
4770,0,179,-0.8219999999999998,0.055865921787709494,1222.8,3.90,0.0
4771,2,446,1.444999999999975,0.05605381165919283,1223.3,3.90,0.0
4772,0,179,-0.8219999999999998,0.055865921787709494,1223.5,3.90,0.0
4773,0,179,-0.8219999999999998,0.055865921787709494,1223.7,3.90,0.0
4774,0,179,-0.8219999999999998,0.055865921787709494,1223.9,3.90,0.0
4775,1,313,0.3119999999999896,0.054313099041533544,1224.2,3.90,0.0
4776,0,192,-0.8089999999999998,0.057291666666666664,1224.4,3.90,0.0
4777,2,446,1.444999999999975,0.05605381165919283,1224.8,3.90,0.0
4778,2,446,1.444999999999975,0.05605381165919283,1225.4,3.90,0.0
4779,1,335,0.3339999999999872,0.056716417910447764,1225.8,3.90,0.0
4780,5,846,4.845000000000032,0.05673758865248227,1226.5,3.90,0.0
4781,1,313,0.3119999999999896,0.05750798722044728,1226.7,3.90,0.0
4782,0,179,-0.8219999999999998,0.05027932960893855,1226.9,3.90,0.0
4783,1,337,0.335999999999987,0.05637982195845697,1227.1,3.90,0.0
4784,0,192,-0.8089999999999998,0.057291666666666664,1227.2,3.90,0.0
4785,0,179,-0.8219999999999998,0.055865921787709494,1227.3,3.90,0.0
4786,2,461,1.4599999999999733,0.05639913232104121,1227.6,3.90,0.0
4787,0,191,-0.8099999999999998,0.05759162303664921,1227.7,3.90,0.0
4788,1,338,0.33699999999998687,0.05621301775147929,1227.8,3.90,0.0
4789,0,188,-0.8129999999999998,0.05851063829787234,1227.9,3.90,0.0
4790,2,463,1.461999999999973,0.056155507559395246,1228.2,3.90,0.0
4791,2,478,1.4769999999999714,0.056485355648535567,1228.4,3.90,0.0
4792,0,179,-0.8219999999999998,0.055865921787709494,1228.5,3.90,0.0
4793,9,1393,9.39199999999988,0.05599425699928212,1229.3,3.90,0.0
4794,0,179,-0.8219999999999998,0.055865921787709494,1229.4,3.90,0.0
4795,2,447,1.4459999999999749,0.05592841163310962,1229.6,3.90,0.0
4796,1,319,0.31799999999998896,0.05642633228840126,1229.8,3.90,0.0
4797,1,313,0.3119999999999896,0.054313099041533544,1230.0,3.90,0.0
4798,2,446,1.444999999999975,0.05605381165919283,1230.2,3.90,0.0
4799,0,193,-0.8079999999999998,0.05699481865284974,1230.3,3.90,0.0
4800,0,186,-0.8149999999999998,0.05913978494623656,1230.4,3.90,0.0
4801,2,454,1.452999999999974,0.05726872246696035,1230.7,3.90,0.0
4802,0,179,-0.8219999999999998,0.055865921787709494,1230.8,3.90,0.0
4803,7,1124,7.1230000000000295,0.05604982206405694,1231.4,3.90,0.0
4804,4,713,3.711999999999988,0.0546984572230014,1231.8,3.90,0.0
4805,5,846,4.845000000000032,0.05555555555555555,1232.3,3.90,0.0
4806,1,313,0.3119999999999896,0.05750798722044728,1232.5,3.90,0.0
4807,3,579,2.5779999999999603,0.055267702936096716,1232.8,3.90,0.0
4808,0,179,-0.8219999999999998,0.055865921787709494,1232.9,3.90,0.0
4809,1,313,0.3119999999999896,0.054313099041533544,1233.2,3.90,0.0
4810,0,179,-0.8219999999999998,0.055865921787709494,1233.4,3.90,0.0
4811,1,313,0.3119999999999896,0.05750798722044728,1233.8,3.90,0.0
4812,0,182,-0.8189999999999998,0.06043956043956044,1234.0,3.90,0.0
4813,1,313,0.3119999999999896,0.05750798722044728,1234.4,3.90,0.0
4814,3,609,2.607999999999957,0.05582922824302135,1235.1,3.90,0.0
4815,2,446,1.444999999999975,0.05605381165919283,1235.5,3.90,0.0
4816,0,179,-0.8219999999999998,0.055865921787709494,1235.7,3.90,0.0
4817,1,340,0.33899999999998665,0.05588235294117647,1236.0,3.90,0.0
4818,0,188,-0.8129999999999998,0.05851063829787234,1236.2,3.90,0.0
4819,1,313,0.3119999999999896,0.054313099041533544,1236.5,3.90,0.0
4820,4,713,3.711999999999988,0.056100981767180924,1237.1,3.90,0.0
4821,0,179,-0.8219999999999998,0.05027932960893855,1237.3,3.90,0.0
4822,0,187,-0.8139999999999998,0.058823529411764705,1237.5,3.90,0.0
4823,1,313,0.3119999999999896,0.054313099041533544,1237.8,3.90,0.0
4824,0,213,-0.7879999999999998,0.056338028169014086,1238.0,3.90,0.0
4825,5,858,4.857000000000036,0.055944055944055944,1238.8,3.90,0.0
4826,1,335,0.3339999999999872,0.056716417910447764,1239.0,3.90,0.0
4827,2,446,1.444999999999975,0.05605381165919283,1239.5,3.90,0.0
4828,0,179,-0.8219999999999998,0.055865921787709494,1239.6,3.90,0.0
4829,2,446,1.444999999999975,0.05605381165919283,1240.0,3.90,0.0
4830,1,313,0.3119999999999896,0.05750798722044728,1240.3,3.89,0.0
4831,1,336,0.3349999999999871,0.05654761904761905,1240.7,3.89,0.0
4832,3,610,2.608999999999957,0.05573770491803279,1241.2,3.89,0.0
4833,2,446,1.444999999999975,0.05605381165919283,1241.7,3.89,0.0
4834,2,458,1.4569999999999736,0.056768558951965066,1242.1,3.89,0.0
4835,0,189,-0.8119999999999998,0.0582010582010582,1242.3,3.89,0.0
4836,1,313,0.3119999999999896,0.054313099041533544,1242.6,3.89,0.0
4837,0,179,-0.8219999999999998,0.055865921787709494,1242.8,3.89,0.0
4838,2,446,1.444999999999975,0.05605381165919283,1243.3,3.89,0.0
4839,4,713,3.711999999999988,0.056100981767180924,1244.0,3.89,0.0
4840,0,179,-0.8219999999999998,0.055865921787709494,1244.2,3.89,0.0
4841,3,589,2.587999999999959,0.05602716468590832,1244.7,3.89,0.0
4842,0,179,-0.8219999999999998,0.055865921787709494,1244.9,3.89,0.0
4843,0,190,-0.8109999999999998,0.05789473684210526,1245.1,3.89,0.0
4844,2,446,1.444999999999975,0.053811659192825115,1245.5,3.89,0.0
4845,10,1513,10.511999999999814,0.05551883674818242,1247.3,3.89,0.0
4846,3,579,2.5779999999999603,0.05699481865284974,1248.0,3.88,0.0
4847,1,314,0.3129999999999895,0.05732484076433121,1248.4,3.88,0.0
4848,1,313,0.3119999999999896,0.05750798722044728,1248.7,3.88,0.0
4849,0,186,-0.8149999999999998,0.05913978494623656,1248.9,3.88,0.0
4850,3,588,2.5869999999999593,0.05612244897959184,1249.6,3.88,0.0
4851,2,446,1.444999999999975,0.05605381165919283,1250.0,3.88,0.0
4852,1,313,0.3119999999999896,0.05750798722044728,1250.4,3.88,0.0
4853,4,713,3.711999999999988,0.0546984572230014,1251.2,3.88,0.0
4854,0,190,-0.8109999999999998,0.05789473684210526,1251.3,3.88,0.0
4855,3,579,2.5779999999999603,0.055267702936096716,1251.9,3.88,0.0
4856,4,713,3.711999999999988,0.056100981767180924,1252.6,3.88,0.0
4857,4,713,3.711999999999988,0.056100981767180924,1253.3,3.88,0.0
4858,5,846,4.845000000000032,0.05555555555555555,1254.2,3.87,0.0
4859,4,713,3.711999999999988,0.056100981767180924,1255.0,3.87,0.0
4860,0,189,-0.8119999999999998,0.0582010582010582,1255.3,3.87,0.0
4861,0,179,-0.8219999999999998,0.055865921787709494,1255.5,3.87,0.0
4862,2,446,1.444999999999975,0.05605381165919283,1256.0,3.87,0.0
4863,1,313,0.3119999999999896,0.05750798722044728,1256.3,3.87,0.0
4864,2,446,1.444999999999975,0.053811659192825115,1256.8,3.87,0.0
4865,0,179,-0.8219999999999998,0.055865921787709494,1257.0,3.87,0.0
4866,1,313,0.3119999999999896,0.054313099041533544,1257.3,3.87,0.0
4867,0,179,-0.8219999999999998,0.055865921787709494,1257.5,3.87,0.0
4868,0,179,-0.8219999999999998,0.055865921787709494,1257.7,3.87,0.0
4869,5,846,4.845000000000032,0.05555555555555555,1258.6,3.87,0.0
4870,1,313,0.3119999999999896,0.05750798722044728,1259.0,3.87,0.0
4871,2,462,1.4609999999999732,0.05627705627705628,1259.5,3.87,0.0
4872,0,179,-0.8219999999999998,0.055865921787709494,1259.7,3.87,0.0
4873,1,313,0.3119999999999896,0.05750798722044728,1260.0,3.87,0.0
4874,3,579,2.5779999999999603,0.055267702936096716,1260.6,3.87,0.0
4875,0,184,-0.8169999999999998,0.059782608695652176,1260.8,3.87,0.0
4876,5,846,4.845000000000032,0.05555555555555555,1261.8,3.87,0.0
4877,2,446,1.444999999999975,0.053811659192825115,1262.2,3.86,0.0
4878,3,579,2.5779999999999603,0.055267702936096716,1262.9,3.86,0.0
4879,1,321,0.31999999999998874,0.056074766355140186,1263.3,3.86,0.0
4880,1,313,0.3119999999999896,0.054313099041533544,1263.7,3.86,0.0
4881,1,313,0.3119999999999896,0.05750798722044728,1264.0,3.86,0.0
4882,9,1379,9.377999999999888,0.05511240029006526,1265.6,3.86,0.0
4883,1,313,0.3119999999999896,0.054313099041533544,1265.9,3.86,0.0
4884,5,846,4.845000000000032,0.05555555555555555,1266.8,3.86,0.0
4885,3,579,2.5779999999999603,0.055267702936096716,1267.3,3.86,0.0
4886,3,590,2.588999999999959,0.05593220338983051,1267.9,3.85,0.0
4887,0,179,-0.8219999999999998,0.055865921787709494,1268.1,3.85,0.0
4888,2,461,1.4599999999999733,0.05639913232104121,1268.5,3.85,0.0
4889,3,579,2.5779999999999603,0.055267702936096716,1269.1,3.85,0.0
4890,1,340,0.33899999999998665,0.05588235294117647,1269.4,3.85,0.0
4891,0,179,-0.8219999999999998,0.055865921787709494,1269.5,3.85,0.0
4892,4,729,3.7279999999999935,0.056241426611796985,1270.2,3.85,0.0
4893,3,609,2.607999999999957,0.05582922824302135,1270.8,3.85,0.0
4894,2,446,1.444999999999975,0.05605381165919283,1271.2,3.85,0.0
4895,7,1113,7.112000000000036,0.055705300988319856,1272.3,3.85,0.0
4896,6,979,5.978000000000075,0.05515832482124617,1273.1,3.85,0.0
4897,5,852,4.851000000000034,0.056338028169014086,1274.0,3.84,0.0
4898,0,195,-0.8059999999999998,0.05641025641025641,1274.2,3.84,0.0
4899,4,724,3.722999999999992,0.05662983425414365,1275.1,3.84,0.0
4900,4,713,3.711999999999988,0.056100981767180924,1276.0,3.84,0.0
4901,2,455,1.453999999999974,0.05714285714285714,1276.4,3.84,0.0
4902,4,713,3.711999999999988,0.056100981767180924,1277.3,3.84,0.0
4903,0,179,-0.8219999999999998,0.055865921787709494,1277.5,3.84,0.0
4904,4,735,3.7339999999999955,0.055782312925170066,1278.3,3.84,0.0
4905,2,446,1.444999999999975,0.053811659192825115,1278.9,3.84,0.0
4906,1,313,0.3119999999999896,0.054313099041533544,1279.2,3.84,0.0
4907,1,313,0.3119999999999896,0.054313099041533544,1279.6,3.84,0.0
4908,0,189,-0.8119999999999998,0.0582010582010582,1279.8,3.84,0.0
4909,3,587,2.5859999999999594,0.056218057921635436,1280.4,3.83,0.0
4910,2,446,1.444999999999975,0.05605381165919283,1280.8,3.83,0.0
4911,1,313,0.3119999999999896,0.05750798722044728,1281.1,3.83,0.0
4912,0,185,-0.8159999999999998,0.05945945945945946,1281.3,3.83,0.0
4913,8,1254,8.252999999999957,0.05582137161084529,1282.5,3.83,0.0
4914,1,336,0.3349999999999871,0.05654761904761905,1282.8,3.83,0.0
4915,0,183,-0.8179999999999998,0.060109289617486336,1283.0,3.83,0.0
4916,7,1113,7.112000000000036,0.055705300988319856,1284.1,3.83,0.0
4917,0,189,-0.8119999999999998,0.0582010582010582,1284.3,3.83,0.0
4918,6,979,5.978000000000075,0.05515832482124617,1285.5,3.83,0.0
4919,0,179,-0.8219999999999998,0.055865921787709494,1285.7,3.83,0.0
4920,3,592,2.590999999999959,0.05574324324324324,1286.4,3.83,0.0
4921,3,589,2.587999999999959,0.05602716468590832,1287.1,3.82,0.0
4922,1,313,0.3119999999999896,0.054313099041533544,1287.5,3.82,0.0
4923,2,467,1.4659999999999727,0.055674518201284794,1288.0,3.82,0.0
4924,1,313,0.3119999999999896,0.05750798722044728,1288.3,3.82,0.0
4925,3,590,2.588999999999959,0.05593220338983051,1289.1,3.82,0.0
4926,1,313,0.3119999999999896,0.05750798722044728,1289.4,3.82,0.0
4927,1,313,0.3119999999999896,0.054313099041533544,1289.8,3.82,0.0
4928,1,313,0.3119999999999896,0.054313099041533544,1290.2,3.82,0.0
4929,1,313,0.3119999999999896,0.054313099041533544,1290.5,3.82,0.0
4930,1,315,0.3139999999999894,0.05714285714285714,1290.9,3.82,0.0
4931,8,1246,8.244999999999962,0.05537720706260032,1292.1,3.82,0.0
4932,7,1113,7.112000000000036,0.055705300988319856,1293.2,3.81,0.0
4933,0,179,-0.8219999999999998,0.055865921787709494,1293.4,3.81,0.0
4934,3,579,2.5779999999999603,0.055267702936096716,1294.0,3.81,0.0
4935,0,179,-0.8219999999999998,0.055865921787709494,1294.2,3.81,0.0
4936,1,313,0.3119999999999896,0.054313099041533544,1294.5,3.81,0.0
4937,5,851,4.850000000000033,0.0564042303172738,1295.3,3.81,0.0
4938,0,179,-0.8219999999999998,0.055865921787709494,1295.5,3.81,0.0
4939,4,713,3.711999999999988,0.056100981767180924,1296.4,3.81,0.0
4940,3,580,2.57899999999996,0.056896551724137934,1297.1,3.81,0.0
4941,1,315,0.3139999999999894,0.05714285714285714,1297.4,3.81,0.0
4942,0,179,-0.8219999999999998,0.05027932960893855,1297.7,3.81,0.0
4943,1,336,0.3349999999999871,0.05654761904761905,1298.1,3.81,0.0
4944,2,446,1.444999999999975,0.05605381165919283,1298.6,3.81,0.0
4945,0,179,-0.8219999999999998,0.055865921787709494,1298.8,3.81,0.0
4946,1,313,0.3119999999999896,0.054313099041533544,1299.1,3.81,0.0
4947,4,713,3.711999999999988,0.0546984572230014,1299.9,3.81,0.0
4948,4,737,3.735999999999996,0.05563093622795115,1300.8,3.80,0.0
4949,3,579,2.5779999999999603,0.055267702936096716,1301.5,3.80,0.0
4950,2,446,1.444999999999975,0.05605381165919283,1302.0,3.80,0.0
4951,2,477,1.4759999999999716,0.05660377358490566,1302.5,3.80,0.0
4952,1,319,0.31799999999998896,0.05642633228840126,1302.9,3.80,0.0
4953,0,179,-0.8219999999999998,0.055865921787709494,1303.1,3.80,0.0
4954,0,185,-0.8159999999999998,0.05945945945945946,1303.3,3.80,0.0
4955,1,313,0.3119999999999896,0.05750798722044728,1303.7,3.80,0.0
4956,4,730,3.728999999999994,0.056164383561643834,1304.5,3.80,0.0
4957,4,736,3.734999999999996,0.05570652173913043,1305.3,3.80,0.0
4958,0,183,-0.8179999999999998,0.060109289617486336,1305.4,3.80,0.0
4959,1,313,0.3119999999999896,0.054313099041533544,1305.8,3.80,0.0
4960,1,316,0.3149999999999893,0.056962025316455694,1306.2,3.80,0.0
4961,2,457,1.4559999999999738,0.05689277899343545,1306.7,3.80,0.0
4962,2,483,2.481999999999971,0.055900621118012424,1307.2,3.80,0.0
4963,3,586,2.5849999999999596,0.05631399317406143,1307.8,3.80,0.0
4964,1,313,0.3119999999999896,0.05750798722044728,1308.1,3.80,0.0
4965,2,454,1.452999999999974,0.05726872246696035,1308.6,3.79,0.0
4966,0,179,-0.8219999999999998,0.05027932960893855,1308.8,3.80,0.0
4967,0,179,-0.8219999999999998,0.055865921787709494,1309.0,3.80,0.0
4968,4,732,3.7309999999999945,0.056010928961748634,1309.8,3.79,0.0
4969,1,338,0.33699999999998687,0.05621301775147929,1310.1,3.79,0.0
4970,5,846,4.845000000000032,0.05555555555555555,1311.0,3.79,0.0
4971,2,448,1.4469999999999748,0.05580357142857143,1311.5,3.79,0.0
4972,2,463,1.461999999999973,0.056155507559395246,1312.1,3.79,0.0
4973,1,313,0.3119999999999896,0.054313099041533544,1312.4,3.79,0.0
4974,4,735,3.7339999999999955,0.055782312925170066,1313.2,3.79,0.0
4975,1,339,0.33799999999998676,0.05604719764011799,1313.6,3.79,0.0
4976,2,446,1.444999999999975,0.05605381165919283,1314.0,3.79,0.0
4977,4,713,3.711999999999988,0.056100981767180924,1314.7,3.79,0.0
4978,0,189,-0.8119999999999998,0.0582010582010582,1314.9,3.79,0.0
4979,1,313,0.3119999999999896,0.054313099041533544,1315.2,3.79,0.0
4980,5,854,4.853000000000034,0.05620608899297424,1316.0,3.78,0.0
4981,1,317,0.3159999999999892,0.056782334384858045,1316.3,3.78,0.0
4982,2,467,1.4659999999999727,0.055674518201284794,1316.8,3.78,0.0
4983,1,313,0.3119999999999896,0.05750798722044728,1317.2,3.78,0.0
4984,2,454,1.452999999999974,0.05726872246696035,1317.8,3.78,0.0
4985,2,446,1.444999999999975,0.05605381165919283,1318.3,3.78,0.0
4986,1,316,0.3149999999999893,0.056962025316455694,1318.7,3.78,0.0
4987,4,713,3.711999999999988,0.056100981767180924,1319.5,3.78,0.0
4988,2,449,1.4479999999999746,0.0556792873051225,1320.0,3.78,0.0
4989,0,179,-0.8219999999999998,0.055865921787709494,1320.3,3.78,0.0
4990,0,179,-0.8219999999999998,0.055865921787709494,1320.4,3.78,0.0
4991,0,183,-0.8179999999999998,0.060109289617486336,1320.7,3.78,0.0
4992,0,179,-0.8219999999999998,0.055865921787709494,1320.9,3.78,0.0
4993,0,191,-0.8099999999999998,0.05759162303664921,1321.1,3.78,0.0
4994,1,317,0.3159999999999892,0.056782334384858045,1321.5,3.78,0.0
4995,5,846,4.845000000000032,0.05555555555555555,1322.4,3.78,0.0
4996,0,179,-0.8219999999999998,0.055865921787709494,1322.6,3.78,0.0
4997,0,183,-0.8179999999999998,0.060109289617486336,1322.8,3.78,0.0
4998,0,179,-0.8219999999999998,0.055865921787709494,1323.0,3.78,0.0
4999,4,730,3.728999999999994,0.056164383561643834,1323.8,3.78,0.0
5000,2,464,1.462999999999973,0.05603448275862069,1324.3,3.78,0.0
5001,1,339,0.33799999999998676,0.05604719764011799,1330.6,3.76,0.0
5002,1,313,0.3119999999999896,0.05750798722044728,1330.9,3.76,0.0
5003,1,313,0.3119999999999896,0.054313099041533544,1331.2,3.76,0.0
5004,0,185,-0.8159999999999998,0.05945945945945946,1331.4,3.76,0.0
5005,3,579,2.5779999999999603,0.055267702936096716,1332.1,3.76,0.0
5006,1,340,0.33899999999998665,0.05588235294117647,1332.5,3.76,0.0
5007,3,592,2.590999999999959,0.05574324324324324,1333.2,3.76,0.0
5008,1,313,0.3119999999999896,0.05750798722044728,1333.5,3.76,0.0
5009,6,979,5.978000000000075,0.05515832482124617,1334.6,3.75,0.0
5010,0,179,-0.8219999999999998,0.055865921787709494,1334.8,3.75,0.0
5011,4,718,3.71699999999999,0.055710306406685235,1335.7,3.75,0.0
5012,1,313,0.3119999999999896,0.054313099041533544,1336.0,3.75,0.0
5013,2,446,1.444999999999975,0.053811659192825115,1336.6,3.75,0.0
5014,6,979,5.978000000000075,0.05515832482124617,1337.6,3.75,0.0
5015,3,579,2.5779999999999603,0.055267702936096716,1338.3,3.75,0.0
5016,2,446,1.444999999999975,0.05605381165919283,1338.8,3.75,0.0
5017,4,735,3.7339999999999955,0.055782312925170066,1339.6,3.75,0.0
5018,1,313,0.3119999999999896,0.05750798722044728,1340.0,3.75,0.0
5019,0,179,-0.8219999999999998,0.055865921787709494,1340.2,3.75,0.0
5020,1,318,0.31699999999998907,0.05660377358490566,1340.5,3.75,0.0
5021,5,853,4.852000000000034,0.05627198124267292,1341.5,3.74,0.0
5022,1,316,0.3149999999999893,0.056962025316455694,1341.9,3.74,0.0
5023,3,579,2.5779999999999603,0.055267702936096716,1342.5,3.74,0.0
5024,2,446,1.444999999999975,0.05605381165919283,1343.0,3.74,0.0
5025,4,727,3.725999999999993,0.05639614855570839,1343.8,3.74,0.0
5026,2,446,1.444999999999975,0.05605381165919283,1344.3,3.74,0.0
5027,0,179,-0.8219999999999998,0.055865921787709494,1344.5,3.74,0.0
5028,3,579,2.5779999999999603,0.055267702936096716,1345.1,3.74,0.0
5029,4,713,3.711999999999988,0.0546984572230014,1345.8,3.74,0.0
5030,1,314,0.3129999999999895,0.05732484076433121,1346.1,3.74,0.0
5031,1,313,0.3119999999999896,0.054313099041533544,1346.4,3.74,0.0
5032,4,729,3.7279999999999935,0.056241426611796985,1347.2,3.74,0.0
5033,0,179,-0.8219999999999998,0.055865921787709494,1347.4,3.74,0.0
5034,1,314,0.3129999999999895,0.05732484076433121,1347.8,3.74,0.0
5035,1,322,0.32099999999998863,0.055900621118012424,1348.1,3.74,0.0
5036,1,313,0.3119999999999896,0.05750798722044728,1348.5,3.74,0.0
5037,0,179,-0.8219999999999998,0.055865921787709494,1348.7,3.74,0.0
5038,0,185,-0.8159999999999998,0.05945945945945946,1348.9,3.74,0.0
5039,0,179,-0.8219999999999998,0.055865921787709494,1349.1,3.74,0.0
5040,0,179,-0.8219999999999998,0.055865921787709494,1349.2,3.74,0.0
5041,0,179,-0.8219999999999998,0.055865921787709494,1349.4,3.74,0.0
5042,1,313,0.3119999999999896,0.054313099041533544,1349.8,3.74,0.0
5043,1,335,0.3339999999999872,0.056716417910447764,1350.1,3.74,0.0
5044,1,315,0.3139999999999894,0.05714285714285714,1350.4,3.74,0.0
5045,3,611,2.609999999999957,0.05564648117839607,1351.1,3.73,0.0
5046,3,591,2.589999999999959,0.05583756345177665,1351.7,3.73,0.0
5047,10,1526,10.524999999999807,0.055701179554390565,1353.8,3.73,0.0
5048,4,713,3.711999999999988,0.056100981767180924,1354.7,3.73,0.0
5049,0,194,-0.8069999999999998,0.05670103092783505,1354.9,3.73,0.0
5050,0,179,-0.8219999999999998,0.055865921787709494,1355.1,3.73,0.0
5051,1,336,0.3349999999999871,0.05654761904761905,1355.4,3.73,0.0
5052,3,579,2.5779999999999603,0.055267702936096716,1356.1,3.73,0.0
5053,0,179,-0.8219999999999998,0.055865921787709494,1356.4,3.73,0.0
5054,1,314,0.3129999999999895,0.05732484076433121,1356.8,3.73,0.0
5055,2,446,1.444999999999975,0.05605381165919283,1357.3,3.72,0.0
5056,2,446,1.444999999999975,0.05605381165919283,1357.8,3.72,0.0
5057,0,187,-0.8139999999999998,0.058823529411764705,1358.1,3.72,0.0
5058,0,183,-0.8179999999999998,0.060109289617486336,1358.2,3.72,0.0
5059,6,980,5.979000000000076,0.05612244897959184,1359.3,3.72,0.0
5060,0,179,-0.8219999999999998,0.05027932960893855,1359.5,3.72,0.0
5061,0,186,-0.8149999999999998,0.05913978494623656,1359.7,3.72,0.0
5062,0,179,-0.8219999999999998,0.055865921787709494,1359.9,3.72,0.0
5063,0,179,-0.8219999999999998,0.055865921787709494,1360.1,3.72,0.0
5064,2,446,1.444999999999975,0.05605381165919283,1360.7,3.72,0.0
5065,3,579,2.5779999999999603,0.055267702936096716,1361.5,3.72,0.0
5066,2,451,1.4499999999999744,0.057649667405764965,1362.0,3.72,0.0
5067,5,846,4.845000000000032,0.05555555555555555,1363.0,3.72,0.0
5068,1,313,0.3119999999999896,0.05750798722044728,1363.4,3.72,0.0
5069,3,579,2.5779999999999603,0.055267702936096716,1364.1,3.72,0.0
5070,0,179,-0.8219999999999998,0.055865921787709494,1364.3,3.72,0.0
5071,0,195,-0.8059999999999998,0.05641025641025641,1364.5,3.72,0.0
5072,6,979,5.978000000000075,0.05515832482124617,1365.7,3.71,0.0
5073,3,579,2.5779999999999603,0.055267702936096716,1366.3,3.71,0.0
5074,2,466,1.4649999999999728,0.055793991416309016,1366.9,3.71,0.0
5075,0,179,-0.8219999999999998,0.055865921787709494,1367.1,3.71,0.0
5076,3,579,2.5779999999999603,0.055267702936096716,1367.7,3.71,0.0
5077,11,1646,11.64499999999974,0.05589307411907655,1369.5,3.71,0.0
5078,4,729,3.7279999999999935,0.056241426611796985,1370.3,3.71,0.0
5079,0,179,-0.8219999999999998,0.055865921787709494,1370.4,3.71,0.0
5080,5,846,4.845000000000032,0.05555555555555555,1371.4,3.70,0.0
5081,0,179,-0.8219999999999998,0.055865921787709494,1371.6,3.71,0.0
5082,2,446,1.444999999999975,0.05605381165919283,1372.1,3.70,0.0
5083,2,456,1.4549999999999739,0.05701754385964912,1372.6,3.70,0.0
5084,2,446,1.444999999999975,0.05605381165919283,1373.1,3.70,0.0
5085,2,454,1.452999999999974,0.05726872246696035,1373.6,3.70,0.0
5086,3,579,2.5779999999999603,0.055267702936096716,1374.3,3.70,0.0
5087,0,179,-0.8219999999999998,0.055865921787709494,1374.5,3.70,0.0
5088,1,313,0.3119999999999896,0.054313099041533544,1374.9,3.70,0.0
5089,4,713,3.711999999999988,0.0546984572230014,1375.8,3.70,0.0
5090,0,179,-0.8219999999999998,0.055865921787709494,1376.0,3.70,0.0
5091,3,579,2.5779999999999603,0.055267702936096716,1376.6,3.70,0.0
5092,2,461,1.4599999999999733,0.05639913232104121,1377.0,3.70,0.0
5093,0,185,-0.8159999999999998,0.05945945945945946,1377.2,3.70,0.0
5094,5,852,4.851000000000034,0.056338028169014086,1377.9,3.70,0.0
5095,5,851,4.850000000000033,0.0564042303172738,1378.7,3.70,0.0
5096,4,713,3.711999999999988,0.0546984572230014,1379.4,3.70,0.0
5097,4,713,3.711999999999988,0.056100981767180924,1380.2,3.69,0.0
5098,0,179,-0.8219999999999998,0.055865921787709494,1380.4,3.69,0.0
5099,4,713,3.711999999999988,0.056100981767180924,1381.3,3.69,0.0
5100,0,179,-0.8219999999999998,0.055865921787709494,1381.5,3.69,0.0
5101,0,179,-0.8219999999999998,0.055865921787709494,1381.7,3.69,0.0
5102,1,313,0.3119999999999896,0.054313099041533544,1382.1,3.69,0.0
5103,1,313,0.3119999999999896,0.054313099041533544,1382.4,3.69,0.0
5104,2,454,1.452999999999974,0.05726872246696035,1383.0,3.69,0.0
5105,1,313,0.3119999999999896,0.054313099041533544,1383.3,3.69,0.0
5106,1,313,0.3119999999999896,0.05750798722044728,1383.7,3.69,0.0
5107,7,1150,8.149000000000015,0.05565217391304348,1384.9,3.69,0.0
5108,2,465,1.4639999999999729,0.05591397849462366,1385.5,3.69,0.0
5109,6,979,5.978000000000075,0.056179775280898875,1386.7,3.69,0.0
5110,0,191,-0.8099999999999998,0.05759162303664921,1386.9,3.69,0.0
5111,0,179,-0.8219999999999998,0.055865921787709494,1387.1,3.69,0.0
5112,0,190,-0.8109999999999998,0.05789473684210526,1387.4,3.69,0.0
5113,4,713,3.711999999999988,0.0546984572230014,1388.2,3.68,0.0
5114,1,313,0.3119999999999896,0.054313099041533544,1388.6,3.68,0.0
5115,4,713,3.711999999999988,0.056100981767180924,1389.3,3.68,0.0
5116,1,313,0.3119999999999896,0.054313099041533544,1389.7,3.68,0.0
5117,2,446,1.444999999999975,0.05605381165919283,1390.2,3.68,0.0
5118,0,183,-0.8179999999999998,0.060109289617486336,1390.4,3.68,0.0
5119,1,313,0.3119999999999896,0.054313099041533544,1390.8,3.68,0.0
5120,0,179,-0.8219999999999998,0.055865921787709494,1390.9,3.68,0.0
5121,0,179,-0.8219999999999998,0.055865921787709494,1391.1,3.68,0.0
5122,1,315,0.3139999999999894,0.05714285714285714,1391.4,3.68,0.0
5123,1,320,0.31899999999998885,0.05625,1391.7,3.68,0.0
5124,0,186,-0.8149999999999998,0.05913978494623656,1391.9,3.68,0.0
5125,2,446,1.444999999999975,0.05605381165919283,1392.3,3.68,0.0
5126,1,313,0.3119999999999896,0.05750798722044728,1392.5,3.68,0.0
5127,5,860,4.859000000000036,0.05581395348837209,1393.3,3.68,0.0
5128,0,183,-0.8179999999999998,0.060109289617486336,1393.5,3.68,0.0
5129,0,179,-0.8219999999999998,0.055865921787709494,1393.7,3.68,0.0
5130,0,192,-0.8089999999999998,0.057291666666666664,1393.8,3.68,0.0
5131,1,313,0.3119999999999896,0.05750798722044728,1394.1,3.68,0.0
5132,0,179,-0.8219999999999998,0.055865921787709494,1394.3,3.68,0.0
5133,2,446,1.444999999999975,0.053811659192825115,1394.7,3.68,0.0
5134,5,846,4.845000000000032,0.05555555555555555,1395.5,3.68,0.0
5135,0,179,-0.8219999999999998,0.055865921787709494,1395.7,3.68,0.0
5136,5,852,4.851000000000034,0.056338028169014086,1396.4,3.68,0.0
5137,2,446,1.444999999999975,0.05605381165919283,1396.8,3.68,0.0
5138,0,187,-0.8139999999999998,0.058823529411764705,1397.0,3.68,0.0
5139,1,313,0.3119999999999896,0.05750798722044728,1397.3,3.68,0.0
5140,5,846,4.845000000000032,0.05555555555555555,1398.0,3.68,0.0
5141,0,179,-0.8219999999999998,0.055865921787709494,1398.2,3.68,0.0
5142,0,179,-0.8219999999999998,0.055865921787709494,1398.4,3.68,0.0
5143,0,179,-0.8219999999999998,0.055865921787709494,1398.5,3.68,0.0
5144,9,1396,9.394999999999879,0.055873925501432664,1399.8,3.68,0.0
5145,3,579,2.5779999999999603,0.055267702936096716,1400.3,3.68,0.0
5146,0,179,-0.8219999999999998,0.055865921787709494,1400.4,3.68,0.0
5147,0,179,-0.8219999999999998,0.055865921787709494,1400.6,3.68,0.0
5148,2,452,1.4509999999999743,0.05752212389380531,1401.0,3.68,0.0
5149,0,195,-0.8059999999999998,0.05641025641025641,1401.2,3.68,0.0
5150,2,446,1.444999999999975,0.05605381165919283,1401.5,3.68,0.0
5151,4,713,3.711999999999988,0.0546984572230014,1402.2,3.67,0.0
5152,3,579,2.5779999999999603,0.055267702936096716,1402.7,3.67,0.0
5153,3,579,2.5779999999999603,0.05699481865284974,1403.2,3.67,0.0
5154,1,313,0.3119999999999896,0.054313099041533544,1403.5,3.67,0.0
5155,1,341,0.33999999999998654,0.05571847507331378,1403.8,3.67,0.0
5156,0,179,-0.8219999999999998,0.055865921787709494,1404.0,3.67,0.0
5157,4,713,3.711999999999988,0.0546984572230014,1404.6,3.67,0.0
5158,4,713,3.711999999999988,0.056100981767180924,1405.2,3.67,0.0
5159,0,179,-0.8219999999999998,0.055865921787709494,1405.4,3.67,0.0
5160,0,179,-0.8219999999999998,0.055865921787709494,1405.5,3.67,0.0
5161,3,579,2.5779999999999603,0.055267702936096716,1406.0,3.67,0.0
5162,3,583,2.58199999999996,0.05660377358490566,1406.5,3.67,0.0
5163,0,183,-0.8179999999999998,0.060109289617486336,1406.7,3.67,0.0
5164,5,850,4.849000000000033,0.05647058823529412,1407.5,3.67,0.0
5165,0,179,-0.8219999999999998,0.055865921787709494,1407.6,3.67,0.0
5166,5,846,4.845000000000032,0.05555555555555555,1408.3,3.67,0.0
5167,1,335,0.3339999999999872,0.056716417910447764,1408.6,3.67,0.0
5168,2,446,1.444999999999975,0.05605381165919283,1409.1,3.67,0.0
5169,3,579,2.5779999999999603,0.055267702936096716,1409.7,3.67,0.0
5170,0,179,-0.8219999999999998,0.055865921787709494,1409.8,3.67,0.0
5171,0,179,-0.8219999999999998,0.055865921787709494,1410.0,3.67,0.0
5172,1,321,0.31999999999998874,0.056074766355140186,1410.3,3.67,0.0
5173,3,583,2.58199999999996,0.05660377358490566,1410.8,3.67,0.0
5174,4,713,3.711999999999988,0.056100981767180924,1411.4,3.67,0.0
5175,0,189,-0.8119999999999998,0.0582010582010582,1411.6,3.67,0.0
5176,6,979,5.978000000000075,0.05515832482124617,1412.5,3.67,0.0
5177,1,335,0.3339999999999872,0.056716417910447764,1412.8,3.67,0.0
5178,2,446,1.444999999999975,0.05605381165919283,1413.2,3.66,0.0
5179,2,446,1.444999999999975,0.05605381165919283,1413.6,3.66,0.0
5180,2,446,1.444999999999975,0.05605381165919283,1414.0,3.66,0.0
5181,0,179,-0.8219999999999998,0.055865921787709494,1414.1,3.66,0.0
5182,6,979,5.978000000000075,0.056179775280898875,1415.0,3.66,0.0
5183,0,189,-0.8119999999999998,0.0582010582010582,1415.2,3.66,0.0
5184,2,454,1.452999999999974,0.05726872246696035,1415.6,3.66,0.0
5185,0,179,-0.8219999999999998,0.055865921787709494,1415.8,3.66,0.0
5186,1,313,0.3119999999999896,0.054313099041533544,1416.0,3.66,0.0
5187,0,181,-0.8199999999999998,0.06077348066298342,1416.2,3.66,0.0
5188,0,183,-0.8179999999999998,0.060109289617486336,1416.4,3.66,0.0
5189,1,340,0.33899999999998665,0.05588235294117647,1416.7,3.66,0.0
5190,3,579,2.5779999999999603,0.055267702936096716,1417.2,3.66,0.0
5191,0,185,-0.8159999999999998,0.05945945945945946,1417.3,3.66,0.0
5192,2,446,1.444999999999975,0.05605381165919283,1417.8,3.66,0.0
5193,2,446,1.444999999999975,0.05605381165919283,1418.1,3.66,0.0
5194,2,446,1.444999999999975,0.053811659192825115,1418.5,3.66,0.0
5195,5,846,4.845000000000032,0.05555555555555555,1419.3,3.66,0.0
5196,0,179,-0.8219999999999998,0.055865921787709494,1419.4,3.66,0.0
5197,0,179,-0.8219999999999998,0.055865921787709494,1419.6,3.66,0.0
5198,1,313,0.3119999999999896,0.054313099041533544,1419.9,3.66,0.0
5199,2,455,1.453999999999974,0.05714285714285714,1420.3,3.66,0.0
5200,2,446,1.444999999999975,0.05605381165919283,1420.6,3.66,0.0
5201,0,179,-0.8219999999999998,0.055865921787709494,1420.8,3.66,0.0
5202,0,208,-0.7929999999999998,0.057692307692307696,1421.0,3.66,0.0
5203,0,188,-0.8129999999999998,0.05851063829787234,1421.2,3.66,0.0
5204,0,179,-0.8219999999999998,0.055865921787709494,1421.4,3.66,0.0
5205,3,579,2.5779999999999603,0.055267702936096716,1421.9,3.66,0.0
5206,2,446,1.444999999999975,0.053811659192825115,1422.5,3.66,0.0
5207,2,446,1.444999999999975,0.05605381165919283,1423.3,3.66,0.0
5208,4,713,3.711999999999988,0.056100981767180924,1424.6,3.66,0.0
5209,4,730,3.728999999999994,0.056164383561643834,1425.6,3.65,0.0
5210,4,713,3.711999999999988,0.056100981767180924,1426.2,3.65,0.0
5211,2,457,1.4559999999999738,0.05689277899343545,1426.6,3.65,0.0
5212,0,179,-0.8219999999999998,0.055865921787709494,1426.8,3.65,0.0
5213,0,191,-0.8099999999999998,0.05759162303664921,1427.0,3.65,0.0
5214,0,190,-0.8109999999999998,0.05789473684210526,1427.1,3.65,0.0
5215,0,184,-0.8169999999999998,0.059782608695652176,1427.3,3.65,0.0
5216,1,321,0.31999999999998874,0.056074766355140186,1427.5,3.65,0.0
5217,4,713,3.711999999999988,0.0546984572230014,1428.2,3.65,0.0
5218,0,187,-0.8139999999999998,0.058823529411764705,1428.4,3.65,0.0
5219,4,713,3.711999999999988,0.056100981767180924,1429.1,3.65,0.0
5220,3,579,2.5779999999999603,0.055267702936096716,1429.6,3.65,0.0
5221,2,446,1.444999999999975,0.05605381165919283,1430.0,3.65,0.0
5222,0,179,-0.8219999999999998,0.061452513966480445,1430.2,3.65,0.0
5223,2,446,1.444999999999975,0.05605381165919283,1430.6,3.65,0.0
5224,3,579,2.5779999999999603,0.055267702936096716,1431.1,3.65,0.0
5225,1,315,0.3139999999999894,0.05714285714285714,1431.3,3.65,0.0
5226,5,846,4.845000000000032,0.05555555555555555,1432.1,3.65,0.0
5227,2,460,1.4589999999999734,0.05652173913043478,1432.5,3.65,0.0
5228,3,579,2.5779999999999603,0.055267702936096716,1433.0,3.65,0.0
5229,2,446,1.444999999999975,0.05605381165919283,1433.4,3.65,0.0
5230,2,446,1.444999999999975,0.05605381165919283,1433.8,3.65,0.0
5231,1,314,0.3129999999999895,0.05732484076433121,1434.0,3.65,0.0
5232,1,313,0.3119999999999896,0.054313099041533544,1434.3,3.65,0.0
5233,1,313,0.3119999999999896,0.054313099041533544,1434.6,3.65,0.0
5234,3,579,2.5779999999999603,0.055267702936096716,1435.1,3.65,0.0
5235,2,446,1.444999999999975,0.05605381165919283,1435.5,3.65,0.0
5236,7,1113,7.112000000000036,0.055705300988319856,1436.7,3.65,0.0
5237,0,179,-0.8219999999999998,0.05027932960893855,1436.9,3.65,0.0
5238,1,314,0.3129999999999895,0.05732484076433121,1437.1,3.65,0.0
5239,4,718,3.71699999999999,0.055710306406685235,1437.9,3.64,0.0
5240,1,315,0.3139999999999894,0.05714285714285714,1438.1,3.64,0.0
5241,4,713,3.711999999999988,0.056100981767180924,1438.8,3.64,0.0
5242,0,179,-0.8219999999999998,0.055865921787709494,1438.9,3.64,0.0
5243,0,179,-0.8219999999999998,0.055865921787709494,1439.1,3.64,0.0
5244,0,185,-0.8159999999999998,0.05945945945945946,1439.2,3.64,0.0
5245,0,185,-0.8159999999999998,0.05945945945945946,1439.4,3.64,0.0
5246,2,446,1.444999999999975,0.05605381165919283,1439.8,3.64,0.0
5247,6,1001,6.000000000000083,0.055944055944055944,1440.6,3.64,0.0
5248,2,446,1.444999999999975,0.05605381165919283,1441.0,3.64,0.0
5249,1,335,0.3339999999999872,0.056716417910447764,1441.3,3.64,0.0
5250,1,313,0.3119999999999896,0.054313099041533544,1441.6,3.64,0.0
5251,0,179,-0.8219999999999998,0.055865921787709494,1441.7,3.64,0.0
5252,2,446,1.444999999999975,0.05605381165919283,1442.0,3.64,0.0
5253,0,189,-0.8119999999999998,0.0582010582010582,1442.2,3.64,0.0
5254,0,179,-0.8219999999999998,0.055865921787709494,1442.4,3.64,0.0
5255,2,446,1.444999999999975,0.05605381165919283,1442.7,3.64,0.0
5256,4,731,3.729999999999994,0.0560875512995896,1443.4,3.64,0.0
5257,1,317,0.3159999999999892,0.056782334384858045,1443.6,3.64,0.0
5258,2,446,1.444999999999975,0.053811659192825115,1444.0,3.64,0.0
5259,0,179,-0.8219999999999998,0.055865921787709494,1444.1,3.64,0.0
5260,3,579,2.5779999999999603,0.055267702936096716,1444.6,3.64,0.0
5261,6,979,5.978000000000075,0.05515832482124617,1445.2,3.64,0.0
5262,3,579,2.5779999999999603,0.055267702936096716,1445.6,3.64,0.0
5263,2,446,1.444999999999975,0.05605381165919283,1445.9,3.64,0.0
5264,0,179,-0.8219999999999998,0.055865921787709494,1446.0,3.64,0.0
5265,2,446,1.444999999999975,0.05605381165919283,1446.4,3.64,0.0
5266,7,1144,7.1430000000000184,0.055944055944055944,1447.3,3.64,0.0
5267,0,187,-0.8139999999999998,0.058823529411764705,1447.5,3.64,0.0
5268,3,579,2.5779999999999603,0.055267702936096716,1448.0,3.64,0.0
5269,1,313,0.3119999999999896,0.054313099041533544,1448.2,3.64,0.0
5270,0,179,-0.8219999999999998,0.055865921787709494,1448.4,3.64,0.0
5271,0,179,-0.8219999999999998,0.055865921787709494,1448.5,3.64,0.0
5272,1,313,0.3119999999999896,0.054313099041533544,1448.8,3.64,0.0
5273,2,446,1.444999999999975,0.053811659192825115,1449.3,3.64,0.0
5274,0,179,-0.8219999999999998,0.055865921787709494,1449.4,3.64,0.0
5275,0,179,-0.8219999999999998,0.055865921787709494,1449.6,3.64,0.0
5276,2,446,1.444999999999975,0.05605381165919283,1450.0,3.64,0.0
5277,2,446,1.444999999999975,0.05605381165919283,1450.4,3.64,0.0
5278,1,313,0.3119999999999896,0.054313099041533544,1450.7,3.64,0.0
5279,0,179,-0.8219999999999998,0.055865921787709494,1450.9,3.64,0.0
5280,1,313,0.3119999999999896,0.054313099041533544,1451.2,3.64,0.0
5281,3,604,2.6029999999999576,0.056291390728476824,1451.7,3.64,0.0
5282,3,587,2.5859999999999594,0.056218057921635436,1452.3,3.64,0.0
5283,4,713,3.711999999999988,0.056100981767180924,1453.0,3.64,0.0
5284,2,446,1.444999999999975,0.05605381165919283,1453.4,3.64,0.0
5285,3,579,2.5779999999999603,0.055267702936096716,1453.9,3.64,0.0
5286,4,730,3.728999999999994,0.056164383561643834,1454.7,3.63,0.0
5287,2,461,1.4599999999999733,0.05639913232104121,1455.1,3.63,0.0
5288,0,179,-0.8219999999999998,0.055865921787709494,1455.2,3.63,0.0
5289,2,446,1.444999999999975,0.05605381165919283,1455.6,3.63,0.0
5290,2,464,1.462999999999973,0.05603448275862069,1456.1,3.63,0.0
5291,0,179,-0.8219999999999998,0.055865921787709494,1456.2,3.63,0.0
5292,2,446,1.444999999999975,0.05605381165919283,1456.7,3.63,0.0
5293,0,186,-0.8149999999999998,0.05913978494623656,1456.9,3.63,0.0
5294,1,313,0.3119999999999896,0.054313099041533544,1457.2,3.63,0.0
5295,0,185,-0.8159999999999998,0.05945945945945946,1457.3,3.63,0.0
5296,0,179,-0.8219999999999998,0.055865921787709494,1457.5,3.63,0.0
5297,0,183,-0.8179999999999998,0.060109289617486336,1457.7,3.63,0.0
5298,1,313,0.3119999999999896,0.054313099041533544,1458.0,3.63,0.0
5299,1,313,0.3119999999999896,0.054313099041533544,1458.2,3.63,0.0
5300,1,313,0.3119999999999896,0.054313099041533544,1458.5,3.63,0.0
5301,4,713,3.711999999999988,0.056100981767180924,1459.1,3.63,0.0
5302,0,179,-0.8219999999999998,0.055865921787709494,1459.3,3.63,0.0
5303,0,179,-0.8219999999999998,0.055865921787709494,1459.4,3.63,0.0
5304,0,179,-0.8219999999999998,0.055865921787709494,1459.6,3.63,0.0
5305,0,189,-0.8119999999999998,0.0582010582010582,1459.8,3.63,0.0
5306,0,179,-0.8219999999999998,0.05027932960893855,1460.0,3.64,0.0
5307,0,179,-0.8219999999999998,0.055865921787709494,1460.1,3.64,0.0
5308,0,191,-0.8099999999999998,0.05759162303664921,1460.3,3.64,0.0
5309,4,713,3.711999999999988,0.056100981767180924,1461.3,3.63,0.0
5310,0,179,-0.8219999999999998,0.055865921787709494,1461.6,3.63,0.0
5311,5,846,4.845000000000032,0.05555555555555555,1462.6,3.63,0.0
5312,0,179,-0.8219999999999998,0.055865921787709494,1462.8,3.63,0.0
5313,1,313,0.3119999999999896,0.054313099041533544,1463.2,3.63,0.0
5314,1,313,0.3119999999999896,0.05750798722044728,1463.5,3.63,0.0
5315,1,313,0.3119999999999896,0.054313099041533544,1463.8,3.63,0.0
5316,3,590,2.588999999999959,0.05593220338983051,1464.3,3.63,0.0
5317,2,446,1.444999999999975,0.05605381165919283,1464.7,3.63,0.0
5318,0,179,-0.8219999999999998,0.055865921787709494,1464.9,3.63,0.0
5319,1,313,0.3119999999999896,0.054313099041533544,1465.2,3.63,0.0
5320,2,446,1.444999999999975,0.05605381165919283,1465.7,3.63,0.0
5321,0,179,-0.8219999999999998,0.055865921787709494,1465.8,3.63,0.0
5322,0,195,-0.8059999999999998,0.05641025641025641,1466.0,3.63,0.0
5323,2,446,1.444999999999975,0.05605381165919283,1466.5,3.63,0.0
5324,1,319,0.31799999999998896,0.05642633228840126,1466.8,3.63,0.0
5325,5,857,4.856000000000035,0.056009334889148193,1467.6,3.63,0.0
5326,2,446,1.444999999999975,0.053811659192825115,1468.0,3.63,0.0
5327,0,186,-0.8149999999999998,0.05913978494623656,1468.2,3.63,0.0
5328,1,313,0.3119999999999896,0.054313099041533544,1468.5,3.63,0.0
5329,3,579,2.5779999999999603,0.055267702936096716,1469.0,3.63,0.0
5330,1,337,0.335999999999987,0.05637982195845697,1469.3,3.63,0.0
5331,0,191,-0.8099999999999998,0.05759162303664921,1469.5,3.63,0.0
5332,0,187,-0.8139999999999998,0.058823529411764705,1469.7,3.63,0.0
5333,3,609,2.607999999999957,0.05582922824302135,1470.2,3.63,0.0
5334,3,587,2.5859999999999594,0.056218057921635436,1470.7,3.63,0.0
5335,2,446,1.444999999999975,0.053811659192825115,1471.1,3.63,0.0
5336,1,335,0.3339999999999872,0.056716417910447764,1471.4,3.63,0.0
5337,3,579,2.5779999999999603,0.055267702936096716,1471.9,3.63,0.0
5338,0,179,-0.8219999999999998,0.055865921787709494,1472.1,3.63,0.0
5339,0,179,-0.8219999999999998,0.055865921787709494,1472.2,3.63,0.0
5340,4,713,3.711999999999988,0.0546984572230014,1472.9,3.63,0.0
5341,5,853,4.852000000000034,0.05627198124267292,1473.7,3.62,0.0
5342,5,854,4.853000000000034,0.05620608899297424,1474.4,3.62,0.0
5343,2,446,1.444999999999975,0.05605381165919283,1474.9,3.62,0.0
5344,0,184,-0.8169999999999998,0.059782608695652176,1475.0,3.62,0.0
5345,0,179,-0.8219999999999998,0.055865921787709494,1475.2,3.62,0.0
5346,1,313,0.3119999999999896,0.05750798722044728,1475.5,3.62,0.0
5347,3,579,2.5779999999999603,0.055267702936096716,1476.0,3.62,0.0
5348,4,713,3.711999999999988,0.0546984572230014,1476.6,3.62,0.0
5349,3,579,2.5779999999999603,0.055267702936096716,1477.2,3.62,0.0
5350,0,195,-0.8059999999999998,0.05641025641025641,1477.3,3.62,0.0
5351,1,313,0.3119999999999896,0.05750798722044728,1477.6,3.62,0.0
5352,2,455,1.453999999999974,0.05714285714285714,1478.0,3.62,0.0
5353,0,179,-0.8219999999999998,0.055865921787709494,1478.2,3.62,0.0
5354,3,579,2.5779999999999603,0.055267702936096716,1478.8,3.62,0.0
5355,4,717,3.7159999999999895,0.05578800557880056,1479.4,3.62,0.0
5356,2,446,1.444999999999975,0.05605381165919283,1479.8,3.62,0.0
5357,2,446,1.444999999999975,0.05605381165919283,1480.2,3.62,0.0
5358,0,179,-0.8219999999999998,0.055865921787709494,1480.3,3.62,0.0
5359,1,313,0.3119999999999896,0.054313099041533544,1480.6,3.62,0.0
5360,0,179,-0.8219999999999998,0.055865921787709494,1480.8,3.62,0.0
5361,0,188,-0.8129999999999998,0.05851063829787234,1481.0,3.62,0.0
5362,4,715,3.713999999999989,0.055944055944055944,1481.6,3.62,0.0
5363,4,713,3.711999999999988,0.0546984572230014,1482.3,3.62,0.0
5364,0,182,-0.8189999999999998,0.06043956043956044,1482.4,3.62,0.0
5365,1,313,0.3119999999999896,0.054313099041533544,1482.7,3.62,0.0
5366,0,179,-0.8219999999999998,0.055865921787709494,1482.9,3.62,0.0
5367,0,189,-0.8119999999999998,0.0582010582010582,1483.1,3.62,0.0
5368,0,184,-0.8169999999999998,0.059782608695652176,1483.2,3.62,0.0
5369,0,189,-0.8119999999999998,0.0582010582010582,1483.4,3.62,0.0
5370,5,846,4.845000000000032,0.05555555555555555,1484.3,3.62,0.0
5371,4,715,3.713999999999989,0.055944055944055944,1485.0,3.62,0.0
5372,3,579,2.5779999999999603,0.055267702936096716,1485.5,3.62,0.0
5373,0,189,-0.8119999999999998,0.0582010582010582,1485.7,3.62,0.0
5374,0,179,-0.8219999999999998,0.05027932960893855,1485.9,3.62,0.0
5375,0,197,-0.8039999999999998,0.05583756345177665,1486.1,3.62,0.0
5376,0,179,-0.8219999999999998,0.055865921787709494,1486.3,3.62,0.0
5377,1,313,0.3119999999999896,0.05750798722044728,1486.6,3.62,0.0
5378,2,446,1.444999999999975,0.053811659192825115,1487.0,3.62,0.0
5379,4,713,3.711999999999988,0.056100981767180924,1487.8,3.62,0.0
5380,6,979,5.978000000000075,0.056179775280898875,1488.8,3.61,0.0
5381,6,979,5.978000000000075,0.05515832482124617,1489.9,3.61,0.0
5382,0,191,-0.8099999999999998,0.05759162303664921,1490.0,3.61,0.0
5383,1,313,0.3119999999999896,0.054313099041533544,1490.3,3.61,0.0
5384,3,579,2.5779999999999603,0.055267702936096716,1490.8,3.61,0.0
5385,2,446,1.444999999999975,0.05605381165919283,1491.2,3.61,0.0
5386,0,182,-0.8189999999999998,0.06043956043956044,1491.4,3.61,0.0
5387,0,187,-0.8139999999999998,0.058823529411764705,1491.6,3.61,0.0
5388,2,446,1.444999999999975,0.05605381165919283,1492.0,3.61,0.0
5389,0,179,-0.8219999999999998,0.055865921787709494,1492.1,3.61,0.0
5390,1,313,0.3119999999999896,0.05750798722044728,1492.4,3.61,0.0
5391,0,179,-0.8219999999999998,0.055865921787709494,1492.5,3.61,0.0
5392,3,589,2.587999999999959,0.05602716468590832,1493.1,3.61,0.0
5393,4,713,3.711999999999988,0.056100981767180924,1493.7,3.61,0.0
5394,4,713,3.711999999999988,0.056100981767180924,1494.3,3.61,0.0
5395,5,846,4.845000000000032,0.05555555555555555,1495.0,3.61,0.0
5396,0,187,-0.8139999999999998,0.058823529411764705,1495.2,3.61,0.0
5397,2,446,1.444999999999975,0.05605381165919283,1495.6,3.61,0.0
5398,5,846,4.845000000000032,0.05555555555555555,1496.3,3.61,0.0
5399,6,979,5.978000000000075,0.05515832482124617,1497.1,3.61,0.0
5400,0,195,-0.8059999999999998,0.05641025641025641,1497.3,3.61,0.0
5401,0,179,-0.8219999999999998,0.05027932960893855,1497.4,3.61,0.0
5402,1,313,0.3119999999999896,0.054313099041533544,1497.7,3.61,0.0
5403,0,179,-0.8219999999999998,0.055865921787709494,1497.8,3.61,0.0
5404,0,196,-0.8049999999999998,0.05612244897959184,1498.0,3.61,0.0
5405,2,446,1.444999999999975,0.05605381165919283,1498.4,3.61,0.0
5406,2,446,1.444999999999975,0.05605381165919283,1498.8,3.61,0.0
5407,2,464,1.462999999999973,0.05603448275862069,1499.2,3.61,0.0
5408,3,579,2.5779999999999603,0.055267702936096716,1499.7,3.61,0.0
5409,0,179,-0.8219999999999998,0.055865921787709494,1499.8,3.61,0.0
5410,2,446,1.444999999999975,0.05605381165919283,1500.2,3.61,0.0
5411,7,1113,7.112000000000036,0.055705300988319856,1501.1,3.61,0.0
5412,2,459,1.4579999999999735,0.05664488017429194,1501.5,3.61,0.0
5413,0,179,-0.8219999999999998,0.055865921787709494,1501.6,3.61,0.0
5414,5,846,4.845000000000032,0.05555555555555555,1502.4,3.60,0.0
5415,0,187,-0.8139999999999998,0.058823529411764705,1502.5,3.60,0.0
5416,0,179,-0.8219999999999998,0.055865921787709494,1502.7,3.60,0.0
5417,1,313,0.3119999999999896,0.05750798722044728,1503.0,3.60,0.0
5418,3,579,2.5779999999999603,0.05699481865284974,1503.4,3.60,0.0
5419,4,713,3.711999999999988,0.056100981767180924,1504.1,3.60,0.0
5420,0,183,-0.8179999999999998,0.060109289617486336,1504.2,3.60,0.0
5421,1,313,0.3119999999999896,0.054313099041533544,1504.5,3.60,0.0
5422,1,313,0.3119999999999896,0.05750798722044728,1504.7,3.60,0.0
5423,3,591,2.589999999999959,0.05583756345177665,1505.3,3.60,0.0
5424,2,459,1.4579999999999735,0.05664488017429194,1505.7,3.60,0.0
5425,5,859,4.858000000000036,0.05587892898719441,1506.5,3.60,0.0
5426,5,855,4.854000000000035,0.056140350877192984,1507.2,3.60,0.0
5427,1,337,0.335999999999987,0.05637982195845697,1507.6,3.60,0.0
5428,1,318,0.31699999999998907,0.05660377358490566,1507.8,3.60,0.0
5429,1,330,0.32899999999998775,0.05757575757575758,1508.1,3.60,0.0
5430,3,579,2.5779999999999603,0.055267702936096716,1508.7,3.60,0.0
5431,4,713,3.711999999999988,0.056100981767180924,1509.3,3.60,0.0
5432,3,579,2.5779999999999603,0.055267702936096716,1509.9,3.60,0.0
5433,3,579,2.5779999999999603,0.055267702936096716,1510.4,3.60,0.0
5434,3,610,2.608999999999957,0.05573770491803279,1511.0,3.60,0.0
5435,3,593,2.591999999999959,0.05564924114671164,1511.5,3.60,0.0
5436,0,192,-0.8089999999999998,0.057291666666666664,1511.7,3.60,0.0
5437,3,583,2.58199999999996,0.05660377358490566,1512.4,3.60,0.0
5438,1,313,0.3119999999999896,0.05750798722044728,1512.7,3.60,0.0
5439,3,588,2.5869999999999593,0.05612244897959184,1513.3,3.59,0.0
5440,3,579,2.5779999999999603,0.055267702936096716,1514.0,3.59,0.0
5441,1,313,0.3119999999999896,0.05750798722044728,1514.3,3.59,0.0
5442,1,321,0.31999999999998874,0.056074766355140186,1514.6,3.59,0.0
5443,1,333,0.3319999999999874,0.057057057057057055,1514.9,3.59,0.0
5444,1,313,0.3119999999999896,0.054313099041533544,1515.2,3.59,0.0
5445,0,179,-0.8219999999999998,0.055865921787709494,1515.5,3.59,0.0
5446,2,446,1.444999999999975,0.05605381165919283,1515.9,3.59,0.0
5447,4,713,3.711999999999988,0.056100981767180924,1516.6,3.59,0.0
5448,1,313,0.3119999999999896,0.05750798722044728,1516.9,3.59,0.0
5449,5,846,4.845000000000032,0.05555555555555555,1517.7,3.59,0.0
5450,2,446,1.444999999999975,0.05605381165919283,1518.1,3.59,0.0
5451,0,179,-0.8219999999999998,0.055865921787709494,1518.3,3.59,0.0
5452,0,179,-0.8219999999999998,0.055865921787709494,1518.5,3.59,0.0
5453,2,446,1.444999999999975,0.05605381165919283,1518.9,3.59,0.0
5454,0,179,-0.8219999999999998,0.055865921787709494,1519.1,3.59,0.0
5455,1,336,0.3349999999999871,0.05654761904761905,1519.4,3.59,0.0
5456,8,1246,8.244999999999962,0.056179775280898875,1520.5,3.59,0.0
5457,0,179,-0.8219999999999998,0.055865921787709494,1520.7,3.59,0.0
5458,2,446,1.444999999999975,0.053811659192825115,1521.1,3.59,0.0
5459,4,713,3.711999999999988,0.056100981767180924,1521.8,3.59,0.0
5460,4,731,3.729999999999994,0.0560875512995896,1522.4,3.59,0.0
5461,4,713,3.711999999999988,0.0546984572230014,1523.1,3.59,0.0
5462,0,179,-0.8219999999999998,0.055865921787709494,1523.3,3.59,0.0
5463,1,313,0.3119999999999896,0.054313099041533544,1523.7,3.59,0.0
5464,4,731,3.729999999999994,0.0560875512995896,1524.5,3.58,0.0
5465,0,179,-0.8219999999999998,0.055865921787709494,1524.7,3.58,0.0
5466,1,313,0.3119999999999896,0.054313099041533544,1525.0,3.58,0.0
5467,1,315,0.3139999999999894,0.05714285714285714,1525.3,3.58,0.0
5468,0,210,-0.7909999999999998,0.05714285714285714,1525.5,3.59,0.0
5469,1,313,0.3119999999999896,0.054313099041533544,1525.8,3.59,0.0
5470,2,446,1.444999999999975,0.05605381165919283,1526.1,3.58,0.0
5471,3,579,2.5779999999999603,0.055267702936096716,1526.6,3.58,0.0
5472,0,179,-0.8219999999999998,0.055865921787709494,1526.8,3.58,0.0
5473,1,319,0.31799999999998896,0.05642633228840126,1527.0,3.58,0.0
5474,1,313,0.3119999999999896,0.05750798722044728,1527.3,3.58,0.0
5475,3,610,2.608999999999957,0.05573770491803279,1527.8,3.58,0.0
5476,3,579,2.5779999999999603,0.05699481865284974,1528.3,3.58,0.0
5477,0,183,-0.8179999999999998,0.060109289617486336,1528.5,3.58,0.0
5478,4,713,3.711999999999988,0.0546984572230014,1529.1,3.58,0.0
5479,6,979,5.978000000000075,0.05515832482124617,1529.9,3.58,0.0
5480,4,713,3.711999999999988,0.056100981767180924,1530.5,3.58,0.0
5481,1,313,0.3119999999999896,0.054313099041533544,1530.8,3.58,0.0
5482,0,179,-0.8219999999999998,0.055865921787709494,1530.9,3.58,0.0
5483,3,583,2.58199999999996,0.05660377358490566,1531.6,3.58,0.0
5484,4,715,3.713999999999989,0.055944055944055944,1532.3,3.58,0.0
5485,3,591,2.589999999999959,0.05583756345177665,1532.8,3.58,0.0
5486,4,729,3.7279999999999935,0.056241426611796985,1533.5,3.58,0.0
5487,4,713,3.711999999999988,0.0546984572230014,1534.1,3.58,0.0
5488,0,179,-0.8219999999999998,0.055865921787709494,1534.3,3.58,0.0
5489,2,446,1.444999999999975,0.05605381165919283,1534.7,3.58,0.0
5490,3,582,2.58099999999996,0.05670103092783505,1535.2,3.58,0.0
5491,2,465,1.4639999999999729,0.05591397849462366,1535.6,3.58,0.0
5492,1,313,0.3119999999999896,0.054313099041533544,1535.9,3.58,0.0
5493,0,179,-0.8219999999999998,0.055865921787709494,1536.0,3.58,0.0
5494,1,336,0.3349999999999871,0.05654761904761905,1536.3,3.58,0.0
5495,0,179,-0.8219999999999998,0.055865921787709494,1536.5,3.58,0.0
5496,0,179,-0.8219999999999998,0.055865921787709494,1536.7,3.58,0.0
5497,3,579,2.5779999999999603,0.055267702936096716,1537.2,3.58,0.0
5498,0,187,-0.8139999999999998,0.058823529411764705,1537.4,3.58,0.0
5499,6,979,5.978000000000075,0.056179775280898875,1538.2,3.58,0.0
5500,0,179,-0.8219999999999998,0.055865921787709494,1538.4,3.58,0.0
5501,3,579,2.5779999999999603,0.055267702936096716,1543.7,3.56,0.0
5502,0,179,-0.8219999999999998,0.055865921787709494,1543.9,3.56,0.0
5503,0,179,-0.8219999999999998,0.055865921787709494,1544.0,3.56,0.0
5504,0,186,-0.8149999999999998,0.05913978494623656,1544.2,3.56,0.0
5505,2,446,1.444999999999975,0.05605381165919283,1544.6,3.56,0.0
5506,2,446,1.444999999999975,0.05605381165919283,1545.0,3.56,0.0
5507,3,579,2.5779999999999603,0.05699481865284974,1545.6,3.56,0.0
5508,2,463,1.461999999999973,0.056155507559395246,1546.1,3.56,0.0
5509,0,179,-0.8219999999999998,0.055865921787709494,1546.3,3.56,0.0
5510,0,179,-0.8219999999999998,0.055865921787709494,1546.5,3.56,0.0
5511,2,446,1.444999999999975,0.05605381165919283,1547.0,3.56,0.0
5512,0,185,-0.8159999999999998,0.05945945945945946,1547.2,3.56,0.0
5513,2,446,1.444999999999975,0.05605381165919283,1547.6,3.56,0.0
5514,0,179,-0.8219999999999998,0.055865921787709494,1547.8,3.56,0.0
5515,0,179,-0.8219999999999998,0.055865921787709494,1548.0,3.56,0.0
5516,4,731,3.729999999999994,0.0560875512995896,1548.8,3.56,0.0
5517,1,313,0.3119999999999896,0.054313099041533544,1549.2,3.56,0.0
5518,3,588,2.5869999999999593,0.05612244897959184,1549.9,3.56,0.0
5519,0,188,-0.8129999999999998,0.05851063829787234,1550.1,3.56,0.0
5520,6,979,5.978000000000075,0.05515832482124617,1551.2,3.56,0.0
5521,2,446,1.444999999999975,0.05605381165919283,1551.7,3.56,0.0
5522,0,179,-0.8219999999999998,0.055865921787709494,1551.9,3.56,0.0
5523,4,730,3.728999999999994,0.056164383561643834,1552.8,3.56,0.0
5524,0,179,-0.8219999999999998,0.055865921787709494,1553.0,3.56,0.0
5525,1,340,0.33899999999998665,0.05588235294117647,1553.3,3.56,0.0
5526,1,313,0.3119999999999896,0.054313099041533544,1553.6,3.56,0.0
5527,1,316,0.3149999999999893,0.056962025316455694,1554.0,3.56,0.0
5528,1,336,0.3349999999999871,0.05654761904761905,1554.3,3.56,0.0
5529,7,1113,7.112000000000036,0.055705300988319856,1555.3,3.56,0.0
5530,3,584,2.5829999999999598,0.05650684931506849,1556.0,3.55,0.0
5531,3,589,2.587999999999959,0.05602716468590832,1556.6,3.55,0.0
5532,0,179,-0.8219999999999998,0.055865921787709494,1556.8,3.55,0.0
5533,4,713,3.711999999999988,0.056100981767180924,1557.6,3.55,0.0
5534,1,337,0.335999999999987,0.05637982195845697,1557.9,3.55,0.0
5535,8,1246,8.244999999999962,0.056179775280898875,1559.2,3.55,0.0
5536,0,179,-0.8219999999999998,0.055865921787709494,1559.4,3.55,0.0
5537,6,984,5.983000000000077,0.05589430894308943,1560.4,3.55,0.0
5538,1,313,0.3119999999999896,0.054313099041533544,1560.8,3.55,0.0
5539,2,446,1.444999999999975,0.053811659192825115,1561.2,3.55,0.0
5540,0,186,-0.8149999999999998,0.05913978494623656,1561.4,3.55,0.0
5541,3,579,2.5779999999999603,0.055267702936096716,1561.9,3.55,0.0
5542,0,190,-0.8109999999999998,0.05789473684210526,1562.1,3.55,0.0
5543,1,313,0.3119999999999896,0.05750798722044728,1562.4,3.55,0.0
5544,2,446,1.444999999999975,0.05605381165919283,1562.9,3.55,0.0
5545,0,179,-0.8219999999999998,0.055865921787709494,1563.1,3.55,0.0
5546,0,189,-0.8119999999999998,0.0582010582010582,1563.3,3.55,0.0
5547,2,446,1.444999999999975,0.05605381165919283,1563.8,3.55,0.0
5548,6,981,5.980000000000076,0.05606523955147808,1564.8,3.55,0.0
5549,3,579,2.5779999999999603,0.055267702936096716,1565.4,3.55,0.0
5550,0,179,-0.8219999999999998,0.055865921787709494,1565.6,3.55,0.0
5551,3,579,2.5779999999999603,0.055267702936096716,1566.2,3.54,0.0
5552,3,579,2.5779999999999603,0.055267702936096716,1566.7,3.54,0.0
5553,8,1246,8.244999999999962,0.05537720706260032,1568.0,3.54,0.0
5554,2,446,1.444999999999975,0.053811659192825115,1568.4,3.54,0.0
5555,4,713,3.711999999999988,0.056100981767180924,1569.0,3.54,0.0
5556,2,456,1.4549999999999739,0.05701754385964912,1569.5,3.54,0.0
5557,0,179,-0.8219999999999998,0.055865921787709494,1569.6,3.54,0.0
5558,7,1113,7.112000000000036,0.055705300988319856,1570.6,3.54,0.0
5559,1,339,0.33799999999998676,0.05604719764011799,1571.0,3.54,0.0
5560,6,981,5.980000000000076,0.05606523955147808,1572.1,3.54,0.0
5561,1,319,0.31799999999998896,0.05642633228840126,1572.5,3.54,0.0
5562,2,449,1.4479999999999746,0.0556792873051225,1573.0,3.54,0.0
5563,4,713,3.711999999999988,0.0546984572230014,1573.8,3.54,0.0
5564,2,465,1.4639999999999729,0.05591397849462366,1574.3,3.53,0.0
5565,10,1513,10.511999999999814,0.05551883674818242,1576.0,3.53,0.0
5566,2,461,1.4599999999999733,0.05639913232104121,1576.4,3.53,0.0
5567,0,184,-0.8169999999999998,0.059782608695652176,1576.6,3.53,0.0
5568,3,579,2.5779999999999603,0.055267702936096716,1577.2,3.53,0.0
5569,0,187,-0.8139999999999998,0.058823529411764705,1577.4,3.53,0.0
5570,2,460,1.4589999999999734,0.05652173913043478,1577.8,3.53,0.0
5571,0,179,-0.8219999999999998,0.055865921787709494,1578.0,3.53,0.0
5572,0,179,-0.8219999999999998,0.055865921787709494,1578.2,3.53,0.0
5573,1,335,0.3339999999999872,0.056716417910447764,1578.6,3.53,0.0
5574,3,579,2.5779999999999603,0.05699481865284974,1579.2,3.53,0.0
5575,2,446,1.444999999999975,0.05605381165919283,1579.6,3.53,0.0
5576,2,453,1.4519999999999742,0.05739514348785872,1580.1,3.53,0.0
5577,0,179,-0.8219999999999998,0.055865921787709494,1580.3,3.53,0.0
5578,0,179,-0.8219999999999998,0.055865921787709494,1580.5,3.53,0.0
5579,3,609,2.607999999999957,0.05582922824302135,1581.1,3.53,0.0
5580,7,1113,7.112000000000036,0.055705300988319856,1582.3,3.53,0.0
5581,5,846,4.845000000000032,0.05555555555555555,1583.2,3.53,0.0
5582,3,579,2.5779999999999603,0.055267702936096716,1583.8,3.53,0.0
5583,2,461,1.4599999999999733,0.05639913232104121,1584.3,3.52,0.0
5584,1,313,0.3119999999999896,0.054313099041533544,1584.7,3.52,0.0
5585,0,185,-0.8159999999999998,0.05945945945945946,1584.9,3.52,0.0
5586,2,446,1.444999999999975,0.053811659192825115,1585.3,3.52,0.0
5587,0,189,-0.8119999999999998,0.0582010582010582,1585.5,3.52,0.0
5588,4,713,3.711999999999988,0.056100981767180924,1586.3,3.52,0.0
5589,1,318,0.31699999999998907,0.05660377358490566,1586.6,3.52,0.0
5590,2,353,1.3519999999999852,0.056657223796033995,1587.0,3.52,0.0
5591,0,179,-0.8219999999999998,0.055865921787709494,1587.2,3.52,0.0
5592,0,179,-0.8219999999999998,0.055865921787709494,1587.4,3.52,0.0
5593,2,446,1.444999999999975,0.05605381165919283,1587.9,3.52,0.0
5594,2,446,1.444999999999975,0.05605381165919283,1588.4,3.52,0.0
5595,1,350,1.3489999999999855,0.05714285714285714,1588.8,3.52,0.0
5596,2,446,1.444999999999975,0.05605381165919283,1589.2,3.52,0.0
5597,3,579,2.5779999999999603,0.055267702936096716,1589.9,3.52,0.0
5598,0,179,-0.8219999999999998,0.055865921787709494,1590.1,3.52,0.0
5599,0,179,-0.8219999999999998,0.055865921787709494,1590.3,3.52,0.0
5600,7,1127,7.126000000000028,0.055900621118012424,1591.5,3.52,0.0
5601,2,446,1.444999999999975,0.05605381165919283,1592.0,3.52,0.0
5602,0,179,-0.8219999999999998,0.055865921787709494,1592.2,3.52,0.0
5603,4,713,3.711999999999988,0.056100981767180924,1593.0,3.52,0.0
5604,4,733,3.731999999999995,0.05593451568894952,1593.8,3.52,0.0
5605,2,457,1.4559999999999738,0.05689277899343545,1594.4,3.52,0.0
5606,6,983,5.982000000000077,0.05595116988809766,1595.4,3.51,0.0
5607,3,579,2.5779999999999603,0.055267702936096716,1596.0,3.51,0.0
5608,2,446,1.444999999999975,0.05605381165919283,1596.5,3.51,0.0
5609,3,579,2.5779999999999603,0.055267702936096716,1597.0,3.51,0.0
5610,6,887,5.8860000000000445,0.05636978579481398,1597.8,3.51,0.0
5611,4,715,3.713999999999989,0.055944055944055944,1598.4,3.51,0.0
5612,0,179,-0.8219999999999998,0.055865921787709494,1598.6,3.51,0.0
5613,1,317,0.3159999999999892,0.056782334384858045,1598.9,3.51,0.0
5614,8,1246,8.244999999999962,0.05537720706260032,1600.0,3.51,0.0
5615,0,183,-0.8179999999999998,0.060109289617486336,1600.2,3.51,0.0
5616,2,461,1.4599999999999733,0.05639913232104121,1600.6,3.51,0.0
5617,0,179,-0.8219999999999998,0.055865921787709494,1600.8,3.51,0.0
5618,0,210,-0.7909999999999998,0.05714285714285714,1600.9,3.51,0.0
5619,2,446,1.444999999999975,0.05605381165919283,1601.4,3.51,0.0
5620,3,579,2.5779999999999603,0.055267702936096716,1601.9,3.51,0.0
5621,1,335,0.3339999999999872,0.056716417910447764,1602.2,3.51,0.0
5622,2,457,1.4559999999999738,0.05689277899343545,1602.6,3.51,0.0
5623,5,849,4.848000000000033,0.05653710247349823,1603.4,3.51,0.0
5624,3,586,2.5849999999999596,0.05631399317406143,1603.9,3.51,0.0
5625,3,579,2.5779999999999603,0.055267702936096716,1604.5,3.51,0.0
5626,0,179,-0.8219999999999998,0.055865921787709494,1604.7,3.51,0.0
5627,6,979,5.978000000000075,0.05515832482124617,1605.5,3.51,0.0
5628,0,179,-0.8219999999999998,0.055865921787709494,1605.7,3.51,0.0
5629,5,856,4.855000000000035,0.056074766355140186,1606.5,3.50,0.0
5630,0,179,-0.8219999999999998,0.055865921787709494,1606.7,3.50,0.0
5631,2,456,1.4549999999999739,0.05701754385964912,1607.2,3.50,0.0
5632,4,723,3.7219999999999915,0.056708160442600276,1608.1,3.50,0.0
5633,3,582,2.58099999999996,0.05670103092783505,1608.4,3.50,0.0
5634,1,313,0.3119999999999896,0.054313099041533544,1608.6,3.50,0.0
5635,8,1248,8.24699999999996,0.05608974358974359,1609.6,3.50,0.0
5636,5,851,4.850000000000033,0.0564042303172738,1610.4,3.50,0.0
5637,2,446,1.444999999999975,0.05605381165919283,1610.8,3.50,0.0
5638,0,179,-0.8219999999999998,0.055865921787709494,1611.0,3.50,0.0
5639,0,179,-0.8219999999999998,0.05027932960893855,1611.2,3.50,0.0
5640,2,466,1.4649999999999728,0.055793991416309016,1611.6,3.50,0.0
5641,0,184,-0.8169999999999998,0.059782608695652176,1611.8,3.50,0.0
5642,3,579,2.5779999999999603,0.055267702936096716,1612.3,3.50,0.0
5643,4,713,3.711999999999988,0.056100981767180924,1612.9,3.50,0.0
5644,1,313,0.3119999999999896,0.05750798722044728,1613.2,3.50,0.0
5645,4,713,3.711999999999988,0.056100981767180924,1613.9,3.50,0.0
5646,4,713,3.711999999999988,0.056100981767180924,1614.5,3.50,0.0
5647,0,179,-0.8219999999999998,0.055865921787709494,1614.7,3.50,0.0
5648,2,453,1.4519999999999742,0.05739514348785872,1615.1,3.50,0.0
5649,0,179,-0.8219999999999998,0.055865921787709494,1615.3,3.50,0.0
5650,3,579,2.5779999999999603,0.055267702936096716,1615.8,3.50,0.0
5651,1,313,0.3119999999999896,0.054313099041533544,1616.1,3.50,0.0
5652,0,183,-0.8179999999999998,0.060109289617486336,1616.2,3.50,0.0
5653,0,197,-0.8039999999999998,0.05583756345177665,1616.4,3.50,0.0
5654,2,353,1.3519999999999852,0.056657223796033995,1616.7,3.50,0.0
5655,1,313,0.3119999999999896,0.054313099041533544,1617.0,3.50,0.0
5656,11,1651,11.649999999999737,0.05572380375529982,1618.5,3.50,0.0
5657,4,713,3.711999999999988,0.056100981767180924,1619.2,3.49,0.0
5658,0,192,-0.8089999999999998,0.057291666666666664,1619.4,3.49,0.0
5659,1,313,0.3119999999999896,0.054313099041533544,1619.6,3.49,0.0
5660,0,179,-0.8219999999999998,0.055865921787709494,1619.8,3.49,0.0
5661,1,313,0.3119999999999896,0.054313099041533544,1620.1,3.49,0.0
5662,0,188,-0.8129999999999998,0.05851063829787234,1620.2,3.50,0.0
5663,3,579,2.5779999999999603,0.055267702936096716,1620.7,3.49,0.0
5664,1,313,0.3119999999999896,0.054313099041533544,1621.0,3.49,0.0
5665,0,179,-0.8219999999999998,0.055865921787709494,1621.2,3.49,0.0
5666,0,179,-0.8219999999999998,0.055865921787709494,1621.4,3.50,0.0
5667,1,339,0.33799999999998676,0.05604719764011799,1621.7,3.50,0.0
5668,1,313,0.3119999999999896,0.05750798722044728,1622.0,3.50,0.0
5669,1,313,0.3119999999999896,0.05750798722044728,1622.2,3.50,0.0
5670,6,1005,6.004000000000084,0.05572139303482587,1623.2,3.49,0.0
5671,0,179,-0.8219999999999998,0.055865921787709494,1623.4,3.49,0.0
5672,2,446,1.444999999999975,0.05605381165919283,1623.9,3.49,0.0
5673,2,454,1.452999999999974,0.05726872246696035,1624.3,3.49,0.0
5674,5,846,4.845000000000032,0.05555555555555555,1625.1,3.49,0.0
5675,1,313,0.3119999999999896,0.054313099041533544,1625.4,3.49,0.0
5676,0,179,-0.8219999999999998,0.055865921787709494,1625.6,3.49,0.0
5677,1,318,0.31699999999998907,0.05660377358490566,1625.9,3.49,0.0
5678,4,713,3.711999999999988,0.056100981767180924,1626.6,3.49,0.0
5679,0,185,-0.8159999999999998,0.05945945945945946,1626.7,3.49,0.0
5680,2,446,1.444999999999975,0.053811659192825115,1627.2,3.49,0.0
5681,5,848,4.847000000000032,0.05660377358490566,1627.9,3.49,0.0
5682,0,179,-0.8219999999999998,0.055865921787709494,1628.1,3.49,0.0
5683,1,313,0.3119999999999896,0.054313099041533544,1628.4,3.49,0.0
5684,3,588,2.5869999999999593,0.05612244897959184,1628.9,3.49,0.0
5685,0,179,-0.8219999999999998,0.055865921787709494,1629.1,3.49,0.0
5686,0,183,-0.8179999999999998,0.060109289617486336,1629.2,3.49,0.0
5687,9,1383,9.381999999999886,0.05567606652205351,1630.5,3.49,0.0
5688,0,211,-0.7899999999999998,0.05687203791469194,1630.6,3.49,0.0
5689,2,446,1.444999999999975,0.05605381165919283,1631.0,3.49,0.0
5690,0,179,-0.8219999999999998,0.055865921787709494,1631.2,3.49,0.0
5691,4,713,3.711999999999988,0.056100981767180924,1631.8,3.49,0.0
5692,1,316,0.3149999999999893,0.056962025316455694,1632.1,3.49,0.0
5693,2,446,1.444999999999975,0.05605381165919283,1632.5,3.49,0.0
5694,8,1246,8.244999999999962,0.05537720706260032,1633.6,3.49,0.0
5695,2,446,1.444999999999975,0.053811659192825115,1634.0,3.49,0.0
5696,4,732,3.7309999999999945,0.056010928961748634,1634.6,3.49,0.0
5697,0,179,-0.8219999999999998,0.055865921787709494,1634.7,3.49,0.0
5698,3,588,2.5869999999999593,0.05612244897959184,1635.3,3.49,0.0
5699,2,456,1.4549999999999739,0.05701754385964912,1635.7,3.48,0.0
5700,3,609,2.607999999999957,0.05582922824302135,1636.2,3.48,0.0
5701,1,313,0.3119999999999896,0.054313099041533544,1636.5,3.48,0.0
5702,0,194,-0.8069999999999998,0.05670103092783505,1636.6,3.48,0.0
5703,5,846,4.845000000000032,0.05555555555555555,1637.3,3.48,0.0
5704,6,984,5.983000000000077,0.05589430894308943,1638.2,3.48,0.0
5705,2,464,1.462999999999973,0.05603448275862069,1638.6,3.48,0.0
5706,4,713,3.711999999999988,0.0546984572230014,1639.2,3.48,0.0
5707,0,190,-0.8109999999999998,0.05789473684210526,1639.4,3.48,0.0
5708,0,191,-0.8099999999999998,0.05759162303664921,1639.5,3.48,0.0
5709,1,313,0.3119999999999896,0.05750798722044728,1639.8,3.48,0.0
5710,12,1779,12.777999999999667,0.05564924114671164,1641.4,3.48,0.0
5711,4,732,3.7309999999999945,0.056010928961748634,1642.1,3.48,0.0
5712,2,446,1.444999999999975,0.053811659192825115,1642.5,3.48,0.0
5713,0,179,-0.8219999999999998,0.055865921787709494,1642.6,3.48,0.0
5714,1,313,0.3119999999999896,0.054313099041533544,1642.9,3.48,0.0
5715,0,179,-0.8219999999999998,0.055865921787709494,1643.1,3.48,0.0
5716,0,179,-0.8219999999999998,0.055865921787709494,1643.2,3.48,0.0
5717,5,853,4.852000000000034,0.05627198124267292,1644.0,3.48,0.0
5718,5,846,4.845000000000032,0.05555555555555555,1644.7,3.48,0.0
5719,7,1113,7.112000000000036,0.055705300988319856,1645.7,3.48,0.0
5720,0,179,-0.8219999999999998,0.055865921787709494,1645.9,3.48,0.0
5721,0,179,-0.8219999999999998,0.055865921787709494,1646.0,3.48,0.0
5722,2,456,1.4549999999999739,0.05701754385964912,1646.4,3.48,0.0
5723,0,179,-0.8219999999999998,0.05027932960893855,1646.6,3.48,0.0
5724,3,589,2.587999999999959,0.05602716468590832,1647.1,3.48,0.0
5725,2,352,1.3509999999999853,0.056818181818181816,1647.4,3.48,0.0
5726,6,979,5.978000000000075,0.05515832482124617,1648.3,3.47,0.0
5727,1,336,0.3349999999999871,0.05654761904761905,1648.6,3.47,0.0
5728,2,459,1.4579999999999735,0.05664488017429194,1649.0,3.47,0.0
5729,3,584,2.5829999999999598,0.05650684931506849,1649.5,3.47,0.0
5730,0,179,-0.8219999999999998,0.055865921787709494,1649.7,3.47,0.0
5731,1,340,0.33899999999998665,0.05588235294117647,1649.9,3.47,0.0
5732,0,179,-0.8219999999999998,0.055865921787709494,1650.1,3.47,0.0
5733,1,313,0.3119999999999896,0.05750798722044728,1650.4,3.47,0.0
5734,2,446,1.444999999999975,0.05605381165919283,1650.8,3.47,0.0
5735,1,317,0.3159999999999892,0.056782334384858045,1651.1,3.47,0.0
5736,0,179,-0.8219999999999998,0.055865921787709494,1651.2,3.47,0.0
5737,4,713,3.711999999999988,0.0546984572230014,1651.9,3.47,0.0
5738,0,179,-0.8219999999999998,0.055865921787709494,1652.0,3.47,0.0
5739,0,187,-0.8139999999999998,0.058823529411764705,1652.2,3.47,0.0
5740,0,179,-0.8219999999999998,0.055865921787709494,1652.3,3.47,0.0
5741,5,846,4.845000000000032,0.05555555555555555,1653.0,3.47,0.0
5742,0,179,-0.8219999999999998,0.05027932960893855,1653.2,3.47,0.0
5743,2,446,1.444999999999975,0.05605381165919283,1653.6,3.47,0.0
5744,0,193,-0.8079999999999998,0.05699481865284974,1653.8,3.47,0.0
5745,0,179,-0.8219999999999998,0.055865921787709494,1654.0,3.47,0.0
5746,1,313,0.3119999999999896,0.054313099041533544,1654.2,3.47,0.0
5747,2,446,1.444999999999975,0.05605381165919283,1654.6,3.47,0.0
5748,2,446,1.444999999999975,0.05605381165919283,1655.0,3.47,0.0
5749,0,179,-0.8219999999999998,0.055865921787709494,1655.2,3.47,0.0
5750,2,446,1.444999999999975,0.05605381165919283,1655.5,3.47,0.0
5751,1,313,0.3119999999999896,0.054313099041533544,1655.8,3.47,0.0
5752,0,179,-0.8219999999999998,0.055865921787709494,1656.0,3.47,0.0
5753,2,447,1.4459999999999749,0.05592841163310962,1656.4,3.47,0.0
5754,0,179,-0.8219999999999998,0.055865921787709494,1656.5,3.47,0.0
5755,4,713,3.711999999999988,0.056100981767180924,1657.1,3.47,0.0
5756,1,313,0.3119999999999896,0.054313099041533544,1657.4,3.47,0.0
5757,3,579,2.5779999999999603,0.055267702936096716,1657.9,3.47,0.0
5758,4,713,3.711999999999988,0.056100981767180924,1658.5,3.47,0.0
5759,0,191,-0.8099999999999998,0.05759162303664921,1658.7,3.47,0.0
5760,1,313,0.3119999999999896,0.05750798722044728,1658.9,3.47,0.0
5761,4,713,3.711999999999988,0.0546984572230014,1659.6,3.47,0.0
5762,3,579,2.5779999999999603,0.055267702936096716,1660.1,3.47,0.0
5763,2,446,1.444999999999975,0.05605381165919283,1660.4,3.47,0.0
5764,0,179,-0.8219999999999998,0.055865921787709494,1660.6,3.47,0.0
5765,0,179,-0.8219999999999998,0.055865921787709494,1660.8,3.47,0.0
5766,1,313,0.3119999999999896,0.05750798722044728,1661.0,3.47,0.0
5767,6,984,5.983000000000077,0.05589430894308943,1661.9,3.47,0.0
5768,0,179,-0.8219999999999998,0.055865921787709494,1662.0,3.47,0.0
5769,5,851,4.850000000000033,0.0564042303172738,1662.8,3.47,0.0
5770,1,335,0.3339999999999872,0.056716417910447764,1663.1,3.47,0.0
5771,1,313,0.3119999999999896,0.054313099041533544,1663.4,3.47,0.0
5772,2,446,1.444999999999975,0.05605381165919283,1663.8,3.47,0.0
5773,2,446,1.444999999999975,0.05605381165919283,1664.2,3.47,0.0
5774,1,313,0.3119999999999896,0.05750798722044728,1664.4,3.47,0.0
5775,1,322,0.32099999999998863,0.055900621118012424,1664.7,3.47,0.0
5776,1,313,0.3119999999999896,0.05750798722044728,1665.0,3.47,0.0
5777,3,579,2.5779999999999603,0.055267702936096716,1665.6,3.47,0.0
5778,1,313,0.3119999999999896,0.054313099041533544,1665.8,3.47,0.0
5779,0,189,-0.8119999999999998,0.0582010582010582,1666.0,3.47,0.0
5780,1,313,0.3119999999999896,0.054313099041533544,1666.3,3.47,0.0
5781,0,179,-0.8219999999999998,0.055865921787709494,1666.4,3.47,0.0
5782,3,579,2.5779999999999603,0.055267702936096716,1666.9,3.47,0.0
5783,2,446,1.444999999999975,0.05605381165919283,1667.3,3.47,0.0
5784,2,458,1.4569999999999736,0.056768558951965066,1667.7,3.47,0.0
5785,1,313,0.3119999999999896,0.05750798722044728,1668.0,3.47,0.0
5786,4,713,3.711999999999988,0.0546984572230014,1668.7,3.47,0.0
5787,3,579,2.5779999999999603,0.055267702936096716,1669.2,3.47,0.0
5788,0,179,-0.8219999999999998,0.055865921787709494,1669.3,3.47,0.0
5789,4,713,3.711999999999988,0.0546984572230014,1669.9,3.47,0.0
5790,1,317,0.3159999999999892,0.056782334384858045,1670.2,3.47,0.0
5791,2,446,1.444999999999975,0.05605381165919283,1670.6,3.47,0.0
5792,2,473,1.471999999999972,0.05708245243128964,1671.0,3.47,0.0
5793,0,179,-0.8219999999999998,0.055865921787709494,1671.1,3.47,0.0
5794,0,179,-0.8219999999999998,0.055865921787709494,1671.3,3.47,0.0
5795,1,338,0.33699999999998687,0.05621301775147929,1671.6,3.47,0.0
5796,0,179,-0.8219999999999998,0.055865921787709494,1671.7,3.47,0.0
5797,1,313,0.3119999999999896,0.054313099041533544,1672.0,3.47,0.0
5798,0,179,-0.8219999999999998,0.055865921787709494,1672.1,3.47,0.0
5799,2,446,1.444999999999975,0.05605381165919283,1672.5,3.47,0.0
5800,3,579,2.5779999999999603,0.055267702936096716,1681.6,3.45,0.0
5801,2,458,1.4569999999999736,0.056768558951965066,1682.1,3.45,0.0
5802,0,187,-0.8139999999999998,0.058823529411764705,1682.3,3.45,0.0
5803,1,336,0.3349999999999871,0.05654761904761905,1682.6,3.45,0.0
5804,1,313,0.3119999999999896,0.054313099041533544,1682.8,3.45,0.0
5805,4,732,3.7309999999999945,0.056010928961748634,1683.5,3.45,0.0
5806,5,846,4.845000000000032,0.05555555555555555,1684.3,3.45,0.0
5807,1,315,0.3139999999999894,0.05714285714285714,1684.5,3.45,0.0
5808,0,179,-0.8219999999999998,0.055865921787709494,1684.7,3.45,0.0
5809,5,754,4.753000000000001,0.05570291777188329,1685.4,3.45,0.0
5810,4,729,3.7279999999999935,0.056241426611796985,1686.1,3.45,0.0
5811,2,465,1.4639999999999729,0.05591397849462366,1686.5,3.45,0.0
5812,3,579,2.5779999999999603,0.055267702936096716,1687.1,3.45,0.0
5813,1,313,0.3119999999999896,0.05750798722044728,1687.4,3.45,0.0
5814,3,579,2.5779999999999603,0.055267702936096716,1688.1,3.44,0.0
5815,0,183,-0.8179999999999998,0.060109289617486336,1688.3,3.44,0.0
5816,1,313,0.3119999999999896,0.054313099041533544,1688.6,3.44,0.0
5817,0,186,-0.8149999999999998,0.05913978494623656,1688.8,3.45,0.0
5818,1,321,0.31999999999998874,0.056074766355140186,1689.1,3.44,0.0
5819,0,179,-0.8219999999999998,0.055865921787709494,1689.4,3.45,0.0
5820,3,579,2.5779999999999603,0.055267702936096716,1690.1,3.44,0.0
5821,1,313,0.3119999999999896,0.05750798722044728,1690.5,3.44,0.0
5822,0,179,-0.8219999999999998,0.05027932960893855,1690.7,3.44,0.0
5823,0,191,-0.8099999999999998,0.05759162303664921,1690.9,3.44,0.0
5824,1,313,0.3119999999999896,0.054313099041533544,1691.2,3.44,0.0
5825,6,979,5.978000000000075,0.05515832482124617,1692.3,3.44,0.0
5826,2,446,1.444999999999975,0.05605381165919283,1692.7,3.44,0.0
5827,0,179,-0.8219999999999998,0.055865921787709494,1692.9,3.44,0.0
5828,2,455,1.453999999999974,0.05714285714285714,1693.4,3.44,0.0
5829,2,458,1.4569999999999736,0.056768558951965066,1693.8,3.44,0.0
5830,2,455,1.453999999999974,0.05714285714285714,1694.2,3.44,0.0
5831,0,183,-0.8179999999999998,0.060109289617486336,1694.3,3.44,0.0
5832,4,713,3.711999999999988,0.0546984572230014,1695.0,3.44,0.0
5833,2,455,1.453999999999974,0.05714285714285714,1695.3,3.44,0.0
5834,2,446,1.444999999999975,0.05605381165919283,1695.7,3.44,0.0
5835,2,452,1.4509999999999743,0.05752212389380531,1696.1,3.44,0.0
5836,1,313,0.3119999999999896,0.054313099041533544,1696.4,3.44,0.0
5837,1,318,0.31699999999998907,0.05660377358490566,1696.6,3.44,0.0
5838,0,189,-0.8119999999999998,0.0582010582010582,1696.8,3.44,0.0
5839,0,179,-0.8219999999999998,0.055865921787709494,1697.0,3.44,0.0
5840,0,189,-0.8119999999999998,0.0582010582010582,1697.1,3.44,0.0
5841,0,179,-0.8219999999999998,0.055865921787709494,1697.3,3.44,0.0
5842,2,446,1.444999999999975,0.05605381165919283,1697.7,3.44,0.0
5843,1,315,0.3139999999999894,0.05714285714285714,1698.0,3.44,0.0
5844,2,446,1.444999999999975,0.05605381165919283,1698.4,3.44,0.0
5845,4,713,3.711999999999988,0.0546984572230014,1699.0,3.44,0.0
5846,0,179,-0.8219999999999998,0.055865921787709494,1699.1,3.44,0.0
5847,0,179,-0.8219999999999998,0.055865921787709494,1699.3,3.44,0.0
5848,6,979,5.978000000000075,0.05515832482124617,1700.1,3.44,0.0
5849,4,715,3.713999999999989,0.055944055944055944,1700.8,3.44,0.0
5850,2,456,1.4549999999999739,0.05701754385964912,1701.3,3.44,0.0
5851,0,179,-0.8219999999999998,0.055865921787709494,1701.5,3.44,0.0
5852,3,579,2.5779999999999603,0.055267702936096716,1702.1,3.44,0.0
5853,1,313,0.3119999999999896,0.054313099041533544,1702.4,3.44,0.0
5854,0,179,-0.8219999999999998,0.055865921787709494,1702.6,3.44,0.0
5855,1,313,0.3119999999999896,0.054313099041533544,1702.9,3.44,0.0
5856,1,313,0.3119999999999896,0.05750798722044728,1703.2,3.44,0.0
5857,1,313,0.3119999999999896,0.05750798722044728,1703.6,3.44,0.0
5858,1,315,0.3139999999999894,0.05714285714285714,1703.9,3.44,0.0
5859,4,730,3.728999999999994,0.056164383561643834,1704.7,3.44,0.0
5860,1,313,0.3119999999999896,0.054313099041533544,1705.0,3.44,0.0
5861,0,179,-0.8219999999999998,0.055865921787709494,1705.2,3.44,0.0
5862,0,179,-0.8219999999999998,0.055865921787709494,1705.4,3.44,0.0
5863,6,985,5.984000000000077,0.05583756345177665,1706.5,3.44,0.0
5864,2,459,1.4579999999999735,0.05664488017429194,1707.0,3.44,0.0
5865,0,179,-0.8219999999999998,0.055865921787709494,1707.2,3.44,0.0
5866,4,713,3.711999999999988,0.0546984572230014,1708.0,3.44,0.0
5867,0,187,-0.8139999999999998,0.058823529411764705,1708.2,3.44,0.0
5868,3,579,2.5779999999999603,0.055267702936096716,1708.8,3.43,0.0
5869,5,846,4.845000000000032,0.05555555555555555,1709.7,3.43,0.0
5870,1,318,0.31699999999998907,0.05660377358490566,1710.0,3.43,0.0
5871,2,460,1.4589999999999734,0.05652173913043478,1710.6,3.43,0.0
5872,1,321,0.31999999999998874,0.056074766355140186,1710.9,3.43,0.0
5873,0,187,-0.8139999999999998,0.058823529411764705,1711.1,3.43,0.0
5874,3,579,2.5779999999999603,0.055267702936096716,1711.8,3.43,0.0
5875,0,179,-0.8219999999999998,0.055865921787709494,1711.9,3.43,0.0
5876,2,446,1.444999999999975,0.05605381165919283,1712.4,3.43,0.0
5877,8,1246,8.244999999999962,0.05537720706260032,1713.9,3.43,0.0
5878,0,183,-0.8179999999999998,0.060109289617486336,1714.1,3.43,0.0
5879,0,179,-0.8219999999999998,0.055865921787709494,1714.3,3.43,0.0
5880,6,979,5.978000000000075,0.05515832482124617,1715.4,3.43,0.0
5881,5,846,4.845000000000032,0.05555555555555555,1716.3,3.43,0.0
5882,0,179,-0.8219999999999998,0.055865921787709494,1716.5,3.43,0.0
5883,0,179,-0.8219999999999998,0.055865921787709494,1716.7,3.43,0.0
5884,0,179,-0.8219999999999998,0.055865921787709494,1716.9,3.43,0.0
5885,0,179,-0.8219999999999998,0.055865921787709494,1717.1,3.43,0.0
5886,1,313,0.3119999999999896,0.054313099041533544,1717.5,3.43,0.0
5887,5,846,4.845000000000032,0.05555555555555555,1718.3,3.43,0.0
5888,1,314,0.3129999999999895,0.05732484076433121,1718.6,3.43,0.0
5889,2,447,1.4459999999999749,0.05592841163310962,1719.0,3.43,0.0
5890,1,313,0.3119999999999896,0.054313099041533544,1719.3,3.43,0.0
5891,1,313,0.3119999999999896,0.054313099041533544,1719.6,3.43,0.0
5892,3,579,2.5779999999999603,0.055267702936096716,1720.2,3.43,0.0
5893,1,313,0.3119999999999896,0.05750798722044728,1720.5,3.43,0.0
5894,0,194,-0.8069999999999998,0.05670103092783505,1720.7,3.43,0.0
5895,4,713,3.711999999999988,0.056100981767180924,1721.4,3.43,0.0
5896,0,179,-0.8219999999999998,0.055865921787709494,1721.6,3.43,0.0
5897,1,320,0.31899999999998885,0.05625,1721.9,3.43,0.0
5898,0,179,-0.8219999999999998,0.055865921787709494,1722.1,3.43,0.0
5899,3,579,2.5779999999999603,0.055267702936096716,1722.6,3.42,0.0
5900,0,184,-0.8169999999999998,0.059782608695652176,1722.8,3.43,0.0
5901,2,460,1.4589999999999734,0.05652173913043478,1723.3,3.42,0.0
5902,0,194,-0.8069999999999998,0.05670103092783505,1723.5,3.43,0.0
5903,3,579,2.5779999999999603,0.055267702936096716,1724.0,3.42,0.0
5904,0,179,-0.8219999999999998,0.055865921787709494,1724.2,3.42,0.0
5905,8,1246,8.244999999999962,0.056179775280898875,1725.3,3.42,0.0
5906,2,474,1.4729999999999719,0.056962025316455694,1725.7,3.42,0.0
5907,2,454,1.452999999999974,0.05726872246696035,1726.1,3.42,0.0
5908,2,446,1.444999999999975,0.05605381165919283,1726.6,3.42,0.0
5909,1,338,0.33699999999998687,0.05621301775147929,1726.9,3.42,0.0
5910,4,713,3.711999999999988,0.056100981767180924,1727.5,3.42,0.0
5911,0,182,-0.8189999999999998,0.06043956043956044,1727.7,3.42,0.0
5912,1,313,0.3119999999999896,0.05750798722044728,1728.0,3.42,0.0
5913,4,750,4.7490000000000006,0.056,1728.8,3.42,0.0
5914,1,313,0.3119999999999896,0.05750798722044728,1729.1,3.42,0.0
5915,3,589,2.587999999999959,0.05602716468590832,1729.7,3.42,0.0
5916,6,979,5.978000000000075,0.05515832482124617,1730.8,3.42,0.0
5917,0,179,-0.8219999999999998,0.055865921787709494,1731.0,3.42,0.0
5918,0,179,-0.8219999999999998,0.055865921787709494,1731.2,3.42,0.0
5919,0,179,-0.8219999999999998,0.055865921787709494,1731.4,3.42,0.0
5920,2,447,1.4459999999999749,0.05592841163310962,1731.8,3.42,0.0
5921,7,1128,7.127000000000027,0.05585106382978723,1732.8,3.42,0.0
5922,2,456,1.4549999999999739,0.05701754385964912,1733.2,3.42,0.0
5923,0,179,-0.8219999999999998,0.055865921787709494,1733.3,3.42,0.0
5924,0,179,-0.8219999999999998,0.055865921787709494,1733.5,3.42,0.0
5925,2,446,1.444999999999975,0.05605381165919283,1733.9,3.42,0.0
5926,1,313,0.3119999999999896,0.05750798722044728,1734.2,3.42,0.0
5927,4,730,3.728999999999994,0.056164383561643834,1734.8,3.42,0.0
5928,1,313,0.3119999999999896,0.054313099041533544,1735.1,3.42,0.0
5929,1,313,0.3119999999999896,0.054313099041533544,1735.4,3.42,0.0
5930,0,179,-0.8219999999999998,0.055865921787709494,1735.5,3.42,0.0
5931,0,183,-0.8179999999999998,0.060109289617486336,1735.7,3.42,0.0
5932,0,179,-0.8219999999999998,0.055865921787709494,1735.8,3.42,0.0
5933,1,313,0.3119999999999896,0.054313099041533544,1736.1,3.42,0.0
5934,0,179,-0.8219999999999998,0.055865921787709494,1736.2,3.42,0.0
5935,1,313,0.3119999999999896,0.05750798722044728,1736.5,3.42,0.0
5936,1,313,0.3119999999999896,0.05750798722044728,1736.8,3.42,0.0
5937,1,314,0.3129999999999895,0.05732484076433121,1737.1,3.42,0.0
5938,0,179,-0.8219999999999998,0.05027932960893855,1737.2,3.42,0.0
5939,3,592,2.590999999999959,0.05574324324324324,1737.8,3.42,0.0
5940,2,446,1.444999999999975,0.05605381165919283,1738.2,3.42,0.0
5941,2,456,1.4549999999999739,0.05701754385964912,1738.6,3.42,0.0
5942,3,579,2.5779999999999603,0.05699481865284974,1739.1,3.42,0.0
5943,3,586,2.5849999999999596,0.05631399317406143,1739.5,3.42,0.0
5944,0,179,-0.8219999999999998,0.055865921787709494,1739.7,3.42,0.0
5945,3,579,2.5779999999999603,0.055267702936096716,1740.2,3.42,0.0
5946,2,446,1.444999999999975,0.05605381165919283,1740.5,3.42,0.0
5947,0,179,-0.8219999999999998,0.055865921787709494,1740.7,3.42,0.0
5948,2,459,1.4579999999999735,0.05664488017429194,1741.1,3.42,0.0
5949,3,579,2.5779999999999603,0.055267702936096716,1741.6,3.42,0.0
5950,6,979,5.978000000000075,0.056179775280898875,1742.5,3.42,0.0
5951,2,446,1.444999999999975,0.05605381165919283,1742.8,3.42,0.0
5952,0,189,-0.8119999999999998,0.0582010582010582,1743.0,3.42,0.0
5953,0,186,-0.8149999999999998,0.05913978494623656,1743.2,3.42,0.0
5954,1,313,0.3119999999999896,0.054313099041533544,1743.4,3.42,0.0
5955,0,186,-0.8149999999999998,0.05913978494623656,1743.6,3.42,0.0
5956,1,313,0.3119999999999896,0.05750798722044728,1743.8,3.42,0.0
5957,5,846,4.845000000000032,0.05555555555555555,1744.6,3.42,0.0
5958,0,183,-0.8179999999999998,0.060109289617486336,1744.8,3.42,0.0
5959,0,179,-0.8219999999999998,0.055865921787709494,1744.9,3.42,0.0
5960,3,581,2.57999999999996,0.05679862306368331,1745.4,3.42,0.0
5961,9,1379,9.377999999999888,0.05511240029006526,1746.6,3.41,0.0
5962,4,729,3.7279999999999935,0.056241426611796985,1747.3,3.41,0.0
5963,3,579,2.5779999999999603,0.055267702936096716,1747.8,3.41,0.0
5964,2,446,1.444999999999975,0.05605381165919283,1748.2,3.41,0.0
5965,0,179,-0.8219999999999998,0.055865921787709494,1748.3,3.41,0.0
5966,3,579,2.5779999999999603,0.055267702936096716,1748.9,3.41,0.0
5967,1,313,0.3119999999999896,0.05750798722044728,1749.1,3.41,0.0
5968,0,207,-0.7939999999999998,0.057971014492753624,1749.3,3.41,0.0
5969,3,579,2.5779999999999603,0.055267702936096716,1749.8,3.41,0.0
5970,1,340,0.33899999999998665,0.05588235294117647,1750.1,3.41,0.0
5971,2,451,1.4499999999999744,0.057649667405764965,1750.5,3.41,0.0
5972,2,446,1.444999999999975,0.05605381165919283,1750.9,3.41,0.0
5973,0,183,-0.8179999999999998,0.060109289617486336,1751.1,3.41,0.0
5974,0,179,-0.8219999999999998,0.055865921787709494,1751.2,3.41,0.0
5975,1,317,0.3159999999999892,0.056782334384858045,1751.5,3.41,0.0
5976,3,579,2.5779999999999603,0.055267702936096716,1752.0,3.41,0.0
5977,4,713,3.711999999999988,0.056100981767180924,1752.7,3.41,0.0
5978,3,579,2.5779999999999603,0.055267702936096716,1753.2,3.41,0.0
5979,2,446,1.444999999999975,0.053811659192825115,1753.6,3.41,0.0
5980,3,579,2.5779999999999603,0.055267702936096716,1754.1,3.41,0.0
5981,0,193,-0.8079999999999998,0.05699481865284974,1754.3,3.41,0.0
5982,2,448,1.4469999999999748,0.05580357142857143,1754.7,3.41,0.0
5983,0,179,-0.8219999999999998,0.055865921787709494,1754.9,3.41,0.0
5984,1,313,0.3119999999999896,0.05750798722044728,1755.2,3.41,0.0
5985,1,319,0.31799999999998896,0.05642633228840126,1755.5,3.41,0.0
5986,8,1246,8.244999999999962,0.05537720706260032,1756.6,3.41,0.0
5987,0,179,-0.8219999999999998,0.055865921787709494,1756.8,3.41,0.0
5988,0,179,-0.8219999999999998,0.055865921787709494,1757.0,3.41,0.0
5989,1,313,0.3119999999999896,0.05750798722044728,1757.2,3.41,0.0
5990,2,446,1.444999999999975,0.05605381165919283,1757.6,3.41,0.0
5991,0,185,-0.8159999999999998,0.05945945945945946,1757.8,3.41,0.0
5992,4,713,3.711999999999988,0.056100981767180924,1758.5,3.41,0.0
5993,4,713,3.711999999999988,0.056100981767180924,1759.1,3.41,0.0
5994,2,446,1.444999999999975,0.05605381165919283,1759.5,3.41,0.0
5995,7,1113,7.112000000000036,0.055705300988319856,1760.5,3.41,0.0
5996,0,179,-0.8219999999999998,0.055865921787709494,1760.7,3.41,0.0
5997,0,184,-0.8169999999999998,0.059782608695652176,1760.8,3.41,0.0
5998,0,179,-0.8219999999999998,0.055865921787709494,1761.0,3.41,0.0
5999,0,179,-0.8219999999999998,0.055865921787709494,1761.2,3.41,0.0
6000,3,587,2.5859999999999594,0.056218057921635436,1761.7,3.41,0.0
6001,4,713,3.711999999999988,0.0546984572230014,1767.0,3.40,0.0
6002,4,713,3.711999999999988,0.056100981767180924,1767.7,3.40,0.0
6003,4,713,3.711999999999988,0.0546984572230014,1768.3,3.40,0.0
6004,1,339,0.33799999999998676,0.05604719764011799,1768.6,3.40,0.0
6005,4,713,3.711999999999988,0.056100981767180924,1769.3,3.39,0.0
6006,0,189,-0.8119999999999998,0.0582010582010582,1769.4,3.39,0.0
6007,5,846,4.845000000000032,0.05555555555555555,1770.2,3.39,0.0
6008,2,446,1.444999999999975,0.05605381165919283,1770.6,3.39,0.0
6009,1,313,0.3119999999999896,0.054313099041533544,1770.9,3.39,0.0
6010,0,179,-0.8219999999999998,0.055865921787709494,1771.1,3.39,0.0
6011,1,313,0.3119999999999896,0.05750798722044728,1771.4,3.39,0.0
6012,1,313,0.3119999999999896,0.054313099041533544,1771.7,3.39,0.0
6013,2,446,1.444999999999975,0.05605381165919283,1772.1,3.39,0.0
6014,0,179,-0.8219999999999998,0.055865921787709494,1772.2,3.39,0.0
6015,0,189,-0.8119999999999998,0.0582010582010582,1772.4,3.39,0.0
6016,0,191,-0.8099999999999998,0.05759162303664921,1772.6,3.39,0.0
6017,1,327,0.3259999999999881,0.0581039755351682,1772.9,3.39,0.0
6018,2,446,1.444999999999975,0.05605381165919283,1773.3,3.39,0.0
6019,3,583,2.58199999999996,0.05660377358490566,1773.8,3.39,0.0
6020,1,318,0.31699999999998907,0.05660377358490566,1774.1,3.39,0.0
6021,0,184,-0.8169999999999998,0.059782608695652176,1774.3,3.39,0.0
6022,4,713,3.711999999999988,0.056100981767180924,1774.9,3.39,0.0
6023,3,591,2.589999999999959,0.05583756345177665,1775.5,3.39,0.0
6024,0,179,-0.8219999999999998,0.055865921787709494,1775.6,3.39,0.0
6025,0,179,-0.8219999999999998,0.055865921787709494,1775.8,3.39,0.0
6026,0,179,-0.8219999999999998,0.055865921787709494,1775.9,3.39,0.0
6027,0,186,-0.8149999999999998,0.05913978494623656,1776.1,3.39,0.0
6028,3,579,2.5779999999999603,0.055267702936096716,1776.7,3.39,0.0
6029,2,446,1.444999999999975,0.05605381165919283,1777.1,3.39,0.0
6030,2,446,1.444999999999975,0.05605381165919283,1777.4,3.39,0.0
6031,4,713,3.711999999999988,0.0546984572230014,1778.1,3.39,0.0
6032,0,179,-0.8219999999999998,0.055865921787709494,1778.3,3.39,0.0
6033,1,313,0.3119999999999896,0.054313099041533544,1778.5,3.39,0.0
6034,4,719,3.71799999999999,0.055632823365785816,1779.3,3.39,0.0
6035,0,179,-0.8219999999999998,0.055865921787709494,1779.4,3.39,0.0
6036,1,337,0.335999999999987,0.05637982195845697,1779.8,3.39,0.0
6037,0,192,-0.8089999999999998,0.057291666666666664,1780.0,3.39,0.0
6038,2,465,1.4639999999999729,0.05591397849462366,1780.4,3.39,0.0
6039,5,846,4.845000000000032,0.05555555555555555,1781.2,3.39,0.0
6040,1,313,0.3119999999999896,0.054313099041533544,1781.5,3.39,0.0
6041,2,446,1.444999999999975,0.05605381165919283,1781.9,3.39,0.0
6042,2,446,1.444999999999975,0.05605381165919283,1782.3,3.39,0.0
6043,0,179,-0.8219999999999998,0.055865921787709494,1782.4,3.39,0.0
6044,1,313,0.3119999999999896,0.054313099041533544,1782.7,3.39,0.0
6045,0,179,-0.8219999999999998,0.055865921787709494,1782.9,3.39,0.0
6046,0,179,-0.8219999999999998,0.055865921787709494,1783.0,3.39,0.0
6047,1,313,0.3119999999999896,0.054313099041533544,1783.3,3.39,0.0
6048,5,849,4.848000000000033,0.05653710247349823,1784.1,3.39,0.0
6049,0,193,-0.8079999999999998,0.05699481865284974,1784.3,3.39,0.0
6050,1,313,0.3119999999999896,0.054313099041533544,1784.6,3.39,0.0
6051,4,732,3.7309999999999945,0.056010928961748634,1785.2,3.39,0.0
6052,3,579,2.5779999999999603,0.055267702936096716,1785.8,3.39,0.0
6053,2,446,1.444999999999975,0.05605381165919283,1786.2,3.39,0.0
6054,0,179,-0.8219999999999998,0.055865921787709494,1786.3,3.39,0.0
6055,3,584,2.5829999999999598,0.05650684931506849,1786.9,3.39,0.0
6056,2,446,1.444999999999975,0.05605381165919283,1787.3,3.39,0.0
6057,3,579,2.5779999999999603,0.055267702936096716,1787.8,3.39,0.0
6058,3,588,2.5869999999999593,0.05612244897959184,1788.4,3.39,0.0
6059,5,875,4.874000000000041,0.056,1789.2,3.39,0.0
6060,5,846,4.845000000000032,0.05555555555555555,1790.0,3.39,0.0
6061,4,715,3.713999999999989,0.055944055944055944,1790.6,3.39,0.0
6062,0,186,-0.8149999999999998,0.05913978494623656,1790.8,3.39,0.0
6063,1,313,0.3119999999999896,0.054313099041533544,1791.1,3.39,0.0
6064,1,313,0.3119999999999896,0.054313099041533544,1791.4,3.39,0.0
6065,4,729,3.7279999999999935,0.056241426611796985,1792.0,3.39,0.0
6066,3,593,2.591999999999959,0.05564924114671164,1792.6,3.38,0.0
6067,0,184,-0.8169999999999998,0.059782608695652176,1792.7,3.38,0.0
6068,1,335,0.3339999999999872,0.056716417910447764,1793.0,3.38,0.0
6069,0,187,-0.8139999999999998,0.058823529411764705,1793.2,3.39,0.0
6070,2,457,1.4559999999999738,0.05689277899343545,1793.6,3.38,0.0
6071,0,179,-0.8219999999999998,0.055865921787709494,1793.8,3.39,0.0
6072,5,846,4.845000000000032,0.05555555555555555,1794.5,3.38,0.0
6073,0,179,-0.8219999999999998,0.055865921787709494,1794.7,3.38,0.0
6074,0,192,-0.8089999999999998,0.057291666666666664,1794.9,3.38,0.0
6075,10,1513,10.511999999999814,0.05551883674818242,1796.2,3.38,0.0
6076,1,338,0.33699999999998687,0.05621301775147929,1796.5,3.38,0.0
6077,1,336,0.3349999999999871,0.05654761904761905,1796.8,3.38,0.0
6078,3,590,2.588999999999959,0.05593220338983051,1797.4,3.38,0.0
6079,0,179,-0.8219999999999998,0.055865921787709494,1797.5,3.38,0.0
6080,3,579,2.5779999999999603,0.055267702936096716,1798.1,3.38,0.0
6081,0,179,-0.8219999999999998,0.055865921787709494,1798.2,3.38,0.0
6082,6,986,5.985000000000078,0.055780933062880324,1799.1,3.38,0.0
6083,1,313,0.3119999999999896,0.05750798722044728,1799.4,3.38,0.0
6084,1,336,0.3349999999999871,0.05654761904761905,1799.7,3.38,0.0
6085,0,183,-0.8179999999999998,0.060109289617486336,1799.9,3.38,0.0
6086,2,446,1.444999999999975,0.05605381165919283,1800.3,3.38,0.0
6087,0,182,-0.8189999999999998,0.06043956043956044,1800.5,3.38,0.0
6088,1,313,0.3119999999999896,0.054313099041533544,1800.7,3.38,0.0
6089,5,855,4.854000000000035,0.056140350877192984,1801.5,3.38,0.0
6090,4,713,3.711999999999988,0.056100981767180924,1802.2,3.38,0.0
6091,3,579,2.5779999999999603,0.055267702936096716,1802.7,3.38,0.0
6092,0,196,-0.8049999999999998,0.05612244897959184,1802.9,3.38,0.0
6093,2,446,1.444999999999975,0.05605381165919283,1803.3,3.38,0.0
6094,4,727,3.725999999999993,0.05639614855570839,1803.9,3.38,0.0
6095,1,337,0.335999999999987,0.05637982195845697,1804.2,3.38,0.0
6096,2,446,1.444999999999975,0.05605381165919283,1804.7,3.38,0.0
6097,1,313,0.3119999999999896,0.05750798722044728,1804.9,3.38,0.0
6098,2,446,1.444999999999975,0.05605381165919283,1805.3,3.38,0.0
6099,2,446,1.444999999999975,0.05605381165919283,1805.8,3.38,0.0
6100,0,186,-0.8149999999999998,0.05913978494623656,1805.9,3.38,0.0
6101,0,179,-0.8219999999999998,0.055865921787709494,1806.1,3.38,0.0
6102,0,194,-0.8069999999999998,0.05670103092783505,1806.3,3.38,0.0
6103,1,313,0.3119999999999896,0.054313099041533544,1806.6,3.38,0.0
6104,0,179,-0.8219999999999998,0.055865921787709494,1806.7,3.38,0.0
6105,2,446,1.444999999999975,0.053811659192825115,1807.1,3.38,0.0
6106,0,179,-0.8219999999999998,0.055865921787709494,1807.3,3.38,0.0
6107,2,458,1.4569999999999736,0.056768558951965066,1807.7,3.38,0.0
6108,0,179,-0.8219999999999998,0.055865921787709494,1807.8,3.38,0.0
6109,1,313,0.3119999999999896,0.054313099041533544,1808.1,3.38,0.0
6110,2,461,1.4599999999999733,0.05639913232104121,1808.5,3.38,0.0
6111,2,446,1.444999999999975,0.053811659192825115,1809.0,3.38,0.0
6112,1,313,0.3119999999999896,0.054313099041533544,1809.3,3.38,0.0
6113,1,313,0.3119999999999896,0.05750798722044728,1809.5,3.38,0.0
6114,0,195,-0.8059999999999998,0.05641025641025641,1809.7,3.38,0.0
6115,7,1113,7.112000000000036,0.055705300988319856,1810.7,3.38,0.0
6116,0,192,-0.8089999999999998,0.057291666666666664,1810.9,3.38,0.0
6117,3,579,2.5779999999999603,0.055267702936096716,1811.5,3.38,0.0
6118,0,179,-0.8219999999999998,0.055865921787709494,1811.6,3.38,0.0
6119,0,185,-0.8159999999999998,0.05945945945945946,1811.8,3.38,0.0
6120,5,846,4.845000000000032,0.05555555555555555,1812.6,3.38,0.0
6121,5,846,4.845000000000032,0.05555555555555555,1813.4,3.38,0.0
6122,3,583,2.58199999999996,0.05660377358490566,1813.9,3.38,0.0
6123,5,850,4.849000000000033,0.05647058823529412,1814.7,3.37,0.0
6124,3,583,2.58199999999996,0.05660377358490566,1815.2,3.37,0.0
6125,1,313,0.3119999999999896,0.054313099041533544,1815.5,3.37,0.0
6126,2,457,1.4559999999999738,0.05689277899343545,1815.9,3.37,0.0
6127,0,179,-0.8219999999999998,0.055865921787709494,1816.0,3.37,0.0
6128,2,446,1.444999999999975,0.05605381165919283,1816.4,3.37,0.0
6129,6,1005,6.004000000000084,0.05572139303482587,1817.3,3.37,0.0
6130,0,179,-0.8219999999999998,0.055865921787709494,1817.5,3.37,0.0
6131,0,191,-0.8099999999999998,0.05759162303664921,1817.7,3.37,0.0
6132,0,179,-0.8219999999999998,0.055865921787709494,1817.8,3.37,0.0
6133,2,446,1.444999999999975,0.053811659192825115,1818.2,3.37,0.0
6134,1,313,0.3119999999999896,0.054313099041533544,1818.5,3.37,0.0
6135,4,713,3.711999999999988,0.0546984572230014,1819.2,3.37,0.0
6136,2,462,1.4609999999999732,0.05627705627705628,1819.6,3.37,0.0
6137,4,713,3.711999999999988,0.056100981767180924,1820.3,3.37,0.0
6138,1,313,0.3119999999999896,0.054313099041533544,1820.5,3.37,0.0
6139,4,732,3.7309999999999945,0.056010928961748634,1821.2,3.37,0.0
6140,0,179,-0.8219999999999998,0.055865921787709494,1821.4,3.37,0.0
6141,3,588,2.5869999999999593,0.05612244897959184,1821.9,3.37,0.0
6142,0,183,-0.8179999999999998,0.060109289617486336,1822.1,3.37,0.0
6143,3,579,2.5779999999999603,0.055267702936096716,1822.6,3.37,0.0
6144,3,579,2.5779999999999603,0.055267702936096716,1823.1,3.37,0.0
6145,0,196,-0.8049999999999998,0.05612244897959184,1823.3,3.37,0.0
6146,5,855,4.854000000000035,0.056140350877192984,1824.1,3.37,0.0
6147,3,579,2.5779999999999603,0.055267702936096716,1824.6,3.37,0.0
6148,4,713,3.711999999999988,0.056100981767180924,1825.2,3.37,0.0
6149,2,446,1.444999999999975,0.05605381165919283,1825.6,3.37,0.0
6150,2,446,1.444999999999975,0.05605381165919283,1826.0,3.37,0.0
6151,4,715,3.713999999999989,0.055944055944055944,1826.7,3.37,0.0
6152,0,179,-0.8219999999999998,0.055865921787709494,1826.8,3.37,0.0
6153,2,446,1.444999999999975,0.05605381165919283,1827.2,3.37,0.0
6154,2,446,1.444999999999975,0.053811659192825115,1827.6,3.37,0.0
6155,2,446,1.444999999999975,0.05605381165919283,1828.1,3.37,0.0
6156,0,189,-0.8119999999999998,0.0582010582010582,1828.2,3.37,0.0
6157,1,336,0.3349999999999871,0.05654761904761905,1828.5,3.37,0.0
6158,1,313,0.3119999999999896,0.054313099041533544,1828.8,3.37,0.0
6159,3,579,2.5779999999999603,0.055267702936096716,1829.4,3.37,0.0
6160,4,713,3.711999999999988,0.056100981767180924,1830.0,3.37,0.0
6161,3,609,2.607999999999957,0.05582922824302135,1830.6,3.37,0.0
6162,0,179,-0.8219999999999998,0.055865921787709494,1830.7,3.37,0.0
6163,2,446,1.444999999999975,0.05605381165919283,1831.1,3.37,0.0
6164,0,179,-0.8219999999999998,0.055865921787709494,1831.3,3.37,0.0
6165,0,179,-0.8219999999999998,0.055865921787709494,1831.4,3.37,0.0
6166,3,579,2.5779999999999603,0.055267702936096716,1831.9,3.37,0.0
6167,0,179,-0.8219999999999998,0.055865921787709494,1832.1,3.37,0.0
6168,9,1379,9.377999999999888,0.05511240029006526,1833.4,3.36,0.0
6169,0,179,-0.8219999999999998,0.055865921787709494,1833.5,3.37,0.0
6170,4,713,3.711999999999988,0.056100981767180924,1834.2,3.36,0.0
6171,3,579,2.5779999999999603,0.05699481865284974,1834.7,3.36,0.0
6172,0,179,-0.8219999999999998,0.055865921787709494,1834.9,3.36,0.0
6173,0,179,-0.8219999999999998,0.055865921787709494,1835.0,3.36,0.0
6174,4,732,3.7309999999999945,0.056010928961748634,1835.7,3.36,0.0
6175,0,179,-0.8219999999999998,0.055865921787709494,1835.9,3.36,0.0
6176,1,313,0.3119999999999896,0.05750798722044728,1836.1,3.36,0.0
6177,0,179,-0.8219999999999998,0.055865921787709494,1836.3,3.36,0.0
6178,9,1379,9.377999999999888,0.05583756345177665,1837.5,3.36,0.0
6179,6,979,5.978000000000075,0.05515832482124617,1838.4,3.36,0.0
6180,4,713,3.711999999999988,0.056100981767180924,1839.1,3.36,0.0
6181,3,579,2.5779999999999603,0.055267702936096716,1839.6,3.36,0.0
6182,1,313,0.3119999999999896,0.054313099041533544,1839.8,3.36,0.0
6183,4,728,3.726999999999993,0.05631868131868132,1840.5,3.36,0.0
6184,6,979,5.978000000000075,0.05515832482124617,1841.4,3.36,0.0
6185,2,446,1.444999999999975,0.05605381165919283,1841.8,3.36,0.0
6186,1,313,0.3119999999999896,0.054313099041533544,1842.1,3.36,0.0
6187,4,713,3.711999999999988,0.0546984572230014,1842.8,3.36,0.0
6188,0,184,-0.8169999999999998,0.059782608695652176,1842.9,3.36,0.0
6189,1,313,0.3119999999999896,0.05750798722044728,1843.2,3.36,0.0
6190,0,187,-0.8139999999999998,0.058823529411764705,1843.4,3.36,0.0
6191,1,313,0.3119999999999896,0.054313099041533544,1843.7,3.36,0.0
6192,1,313,0.3119999999999896,0.054313099041533544,1844.0,3.36,0.0
6193,1,313,0.3119999999999896,0.054313099041533544,1844.3,3.36,0.0
6194,0,192,-0.8089999999999998,0.057291666666666664,1844.4,3.36,0.0
6195,6,982,5.981000000000076,0.0560081466395112,1845.3,3.36,0.0
6196,1,340,0.33899999999998665,0.05588235294117647,1845.6,3.36,0.0
6197,1,313,0.3119999999999896,0.05750798722044728,1845.9,3.36,0.0
6198,2,446,1.444999999999975,0.053811659192825115,1846.3,3.36,0.0
6199,1,322,0.32099999999998863,0.055900621118012424,1846.6,3.36,0.0
6200,2,462,1.4609999999999732,0.05627705627705628,1847.0,3.36,0.0
6201,4,732,3.7309999999999945,0.056010928961748634,1847.7,3.36,0.0
6202,1,313,0.3119999999999896,0.054313099041533544,1848.0,3.36,0.0
6203,4,727,3.725999999999993,0.05639614855570839,1848.6,3.36,0.0
6204,2,456,1.4549999999999739,0.05701754385964912,1849.1,3.36,0.0
6205,1,313,0.3119999999999896,0.054313099041533544,1849.3,3.36,0.0
6206,6,1001,6.000000000000083,0.055944055944055944,1850.2,3.35,0.0
6207,0,185,-0.8159999999999998,0.05945945945945946,1850.4,3.35,0.0
6208,7,1113,7.112000000000036,0.055705300988319856,1851.4,3.35,0.0
6209,1,322,0.32099999999998863,0.055900621118012424,1851.7,3.35,0.0
6210,0,179,-0.8219999999999998,0.055865921787709494,1851.9,3.35,0.0
6211,3,582,2.58099999999996,0.05670103092783505,1852.4,3.35,0.0
6212,0,187,-0.8139999999999998,0.058823529411764705,1852.6,3.35,0.0
6213,2,446,1.444999999999975,0.05605381165919283,1853.0,3.35,0.0
6214,2,446,1.444999999999975,0.05605381165919283,1853.4,3.35,0.0
6215,1,313,0.3119999999999896,0.054313099041533544,1853.7,3.35,0.0
6216,0,186,-0.8149999999999998,0.05913978494623656,1853.9,3.35,0.0
6217,0,179,-0.8219999999999998,0.055865921787709494,1854.0,3.35,0.0
6218,1,335,0.3339999999999872,0.056716417910447764,1854.4,3.35,0.0
6219,1,313,0.3119999999999896,0.054313099041533544,1854.7,3.35,0.0
6220,4,713,3.711999999999988,0.056100981767180924,1855.3,3.35,0.0
6221,0,179,-0.8219999999999998,0.055865921787709494,1855.4,3.35,0.0
6222,2,446,1.444999999999975,0.05605381165919283,1855.9,3.35,0.0
6223,3,579,2.5779999999999603,0.055267702936096716,1856.4,3.35,0.0
6224,0,179,-0.8219999999999998,0.055865921787709494,1856.6,3.35,0.0
6225,5,846,4.845000000000032,0.054373522458628844,1857.3,3.35,0.0
6226,2,446,1.444999999999975,0.053811659192825115,1857.7,3.35,0.0
6227,0,184,-0.8169999999999998,0.059782608695652176,1857.9,3.35,0.0
6228,2,463,1.461999999999973,0.056155507559395246,1858.3,3.35,0.0
6229,3,579,2.5779999999999603,0.055267702936096716,1858.9,3.35,0.0
6230,0,179,-0.8219999999999998,0.055865921787709494,1859.0,3.35,0.0
6231,3,579,2.5779999999999603,0.055267702936096716,1859.6,3.35,0.0
6232,4,735,3.7339999999999955,0.055782312925170066,1860.2,3.35,0.0
6233,3,584,2.5829999999999598,0.05650684931506849,1860.7,3.35,0.0
6234,4,713,3.711999999999988,0.056100981767180924,1861.4,3.35,0.0
6235,3,579,2.5779999999999603,0.055267702936096716,1861.9,3.35,0.0
6236,1,313,0.3119999999999896,0.054313099041533544,1862.2,3.35,0.0
6237,3,579,2.5779999999999603,0.055267702936096716,1862.7,3.35,0.0
6238,0,179,-0.8219999999999998,0.055865921787709494,1862.9,3.35,0.0
6239,1,313,0.3119999999999896,0.05750798722044728,1863.2,3.35,0.0
6240,4,713,3.711999999999988,0.0546984572230014,1863.9,3.35,0.0
6241,4,713,3.711999999999988,0.056100981767180924,1864.6,3.35,0.0
6242,0,179,-0.8219999999999998,0.055865921787709494,1864.7,3.35,0.0
6243,5,855,4.854000000000035,0.056140350877192984,1865.5,3.35,0.0
6244,0,179,-0.8219999999999998,0.055865921787709494,1865.7,3.35,0.0
6245,0,179,-0.8219999999999998,0.055865921787709494,1865.8,3.35,0.0
6246,5,852,4.851000000000034,0.056338028169014086,1866.6,3.35,0.0
6247,0,185,-0.8159999999999998,0.05945945945945946,1866.8,3.35,0.0
6248,1,313,0.3119999999999896,0.05750798722044728,1867.1,3.35,0.0
6249,0,184,-0.8169999999999998,0.059782608695652176,1867.2,3.35,0.0
6250,2,462,1.4609999999999732,0.05627705627705628,1867.6,3.35,0.0
6251,0,179,-0.8219999999999998,0.055865921787709494,1867.8,3.35,0.0
6252,4,713,3.711999999999988,0.0546984572230014,1868.5,3.35,0.0
6253,0,179,-0.8219999999999998,0.05027932960893855,1868.6,3.35,0.0
6254,5,861,4.860000000000037,0.05574912891986063,1869.4,3.35,0.0
6255,0,179,-0.8219999999999998,0.055865921787709494,1869.6,3.35,0.0
6256,3,579,2.5779999999999603,0.055267702936096716,1870.1,3.35,0.0
6257,3,579,2.5779999999999603,0.055267702936096716,1870.6,3.35,0.0
6258,5,846,4.845000000000032,0.05555555555555555,1871.4,3.34,0.0
6259,4,713,3.711999999999988,0.056100981767180924,1872.0,3.34,0.0
6260,3,579,2.5779999999999603,0.055267702936096716,1872.6,3.34,0.0
6261,1,313,0.3119999999999896,0.054313099041533544,1872.9,3.34,0.0
6262,0,179,-0.8219999999999998,0.055865921787709494,1873.0,3.34,0.0
6263,3,609,2.607999999999957,0.05582922824302135,1873.6,3.34,0.0
6264,1,313,0.3119999999999896,0.05750798722044728,1873.9,3.34,0.0
6265,1,313,0.3119999999999896,0.054313099041533544,1874.2,3.34,0.0
6266,1,313,0.3119999999999896,0.054313099041533544,1874.4,3.34,0.0
6267,5,846,4.845000000000032,0.05555555555555555,1875.2,3.34,0.0
6268,1,320,0.31899999999998885,0.05625,1875.5,3.34,0.0
6269,2,446,1.444999999999975,0.05605381165919283,1876.0,3.34,0.0
6270,1,313,0.3119999999999896,0.05750798722044728,1876.2,3.34,0.0
6271,1,313,0.3119999999999896,0.054313099041533544,1876.5,3.34,0.0
6272,1,322,0.32099999999998863,0.055900621118012424,1876.8,3.34,0.0
6273,0,179,-0.8219999999999998,0.055865921787709494,1877.0,3.34,0.0
6274,0,188,-0.8129999999999998,0.05851063829787234,1877.1,3.34,0.0
6275,0,179,-0.8219999999999998,0.055865921787709494,1877.3,3.34,0.0
6276,1,313,0.3119999999999896,0.054313099041533544,1877.6,3.34,0.0
6277,1,313,0.3119999999999896,0.054313099041533544,1877.9,3.34,0.0
6278,9,1379,9.377999999999888,0.05583756345177665,1879.2,3.34,0.0
6279,2,460,1.4589999999999734,0.05652173913043478,1879.6,3.34,0.0
6280,3,579,2.5779999999999603,0.05699481865284974,1880.1,3.34,0.0
6281,6,984,5.983000000000077,0.05589430894308943,1881.0,3.34,0.0
6282,5,846,4.845000000000032,0.05555555555555555,1881.8,3.34,0.0
6283,1,313,0.3119999999999896,0.054313099041533544,1882.0,3.34,0.0
6284,2,446,1.444999999999975,0.053811659192825115,1882.5,3.34,0.0
6285,4,713,3.711999999999988,0.056100981767180924,1883.1,3.34,0.0
6286,4,713,3.711999999999988,0.0546984572230014,1883.7,3.34,0.0
6287,0,179,-0.8219999999999998,0.055865921787709494,1883.9,3.34,0.0
6288,1,313,0.3119999999999896,0.054313099041533544,1884.2,3.34,0.0
6289,2,446,1.444999999999975,0.05605381165919283,1884.6,3.34,0.0
6290,0,179,-0.8219999999999998,0.055865921787709494,1884.8,3.34,0.0
6291,3,579,2.5779999999999603,0.055267702936096716,1885.3,3.34,0.0
6292,0,179,-0.8219999999999998,0.055865921787709494,1885.5,3.34,0.0
6293,2,446,1.444999999999975,0.053811659192825115,1885.9,3.34,0.0
6294,9,1388,9.386999999999883,0.056195965417867436,1887.0,3.34,0.0
6295,4,713,3.711999999999988,0.056100981767180924,1888.0,3.33,0.0
6296,1,313,0.3119999999999896,0.054313099041533544,1888.4,3.33,0.0
6297,0,179,-0.8219999999999998,0.055865921787709494,1888.6,3.33,0.0
6298,0,179,-0.8219999999999998,0.055865921787709494,1888.7,3.34,0.0
6299,1,320,0.31899999999998885,0.05625,1889.0,3.34,0.0
6300,6,979,5.978000000000075,0.056179775280898875,1889.9,3.33,0.0
6301,0,179,-0.8219999999999998,0.055865921787709494,1890.1,3.33,0.0
6302,2,446,1.444999999999975,0.05605381165919283,1890.5,3.33,0.0
6303,5,846,4.845000000000032,0.05555555555555555,1891.3,3.33,0.0
6304,2,446,1.444999999999975,0.053811659192825115,1891.7,3.33,0.0
6305,3,579,2.5779999999999603,0.05699481865284974,1892.2,3.33,0.0
6306,0,183,-0.8179999999999998,0.060109289617486336,1892.5,3.33,0.0
6307,1,313,0.3119999999999896,0.054313099041533544,1892.7,3.33,0.0
6308,5,846,4.845000000000032,0.05555555555555555,1893.5,3.33,0.0
6309,0,179,-0.8219999999999998,0.055865921787709494,1893.7,3.33,0.0
6310,5,846,4.845000000000032,0.05555555555555555,1894.5,3.33,0.0
6311,6,979,5.978000000000075,0.05515832482124617,1895.4,3.33,0.0
6312,3,590,2.588999999999959,0.05593220338983051,1896.0,3.33,0.0
6313,6,988,5.987000000000078,0.05566801619433198,1896.9,3.33,0.0
6314,0,186,-0.8149999999999998,0.05913978494623656,1897.1,3.33,0.0
6315,0,179,-0.8219999999999998,0.055865921787709494,1897.3,3.33,0.0
6316,5,846,4.845000000000032,0.05555555555555555,1898.1,3.33,0.0
6317,4,713,3.711999999999988,0.056100981767180924,1898.7,3.33,0.0
6318,0,179,-0.8219999999999998,0.055865921787709494,1898.9,3.33,0.0
6319,1,341,0.33999999999998654,0.05571847507331378,1899.3,3.33,0.0
6320,0,179,-0.8219999999999998,0.055865921787709494,1899.4,3.33,0.0
6321,5,846,4.845000000000032,0.05555555555555555,1900.2,3.33,0.0
6322,1,315,0.3139999999999894,0.05714285714285714,1900.5,3.33,0.0
6323,2,459,1.4579999999999735,0.05664488017429194,1900.9,3.33,0.0
6324,5,881,4.880000000000043,0.05561861520998865,1901.8,3.33,0.0
6325,0,179,-0.8219999999999998,0.055865921787709494,1901.9,3.33,0.0
6326,7,1130,7.129000000000026,0.05575221238938053,1903.0,3.32,0.0
6327,1,338,0.33699999999998687,0.05621301775147929,1903.3,3.32,0.0
6328,3,579,2.5779999999999603,0.055267702936096716,1903.8,3.32,0.0
6329,1,336,0.3349999999999871,0.05654761904761905,1904.1,3.32,0.0
6330,3,589,2.587999999999959,0.05602716468590832,1904.7,3.32,0.0
6331,1,335,0.3339999999999872,0.056716417910447764,1905.0,3.32,0.0
6332,7,1113,7.112000000000036,0.055705300988319856,1906.0,3.32,0.0
6333,0,187,-0.8139999999999998,0.058823529411764705,1906.2,3.32,0.0
6334,3,582,2.58099999999996,0.05670103092783505,1906.7,3.32,0.0
6335,0,189,-0.8119999999999998,0.0582010582010582,1906.9,3.32,0.0
6336,0,179,-0.8219999999999998,0.055865921787709494,1907.0,3.32,0.0
6337,2,459,1.4579999999999735,0.05664488017429194,1907.4,3.32,0.0
6338,3,583,2.58199999999996,0.05660377358490566,1907.9,3.32,0.0
6339,0,179,-0.8219999999999998,0.055865921787709494,1908.1,3.32,0.0
6340,3,579,2.5779999999999603,0.055267702936096716,1908.7,3.32,0.0
6341,1,317,0.3159999999999892,0.056782334384858045,1908.9,3.32,0.0
6342,3,579,2.5779999999999603,0.055267702936096716,1909.5,3.32,0.0
6343,4,727,3.725999999999993,0.05639614855570839,1910.1,3.32,0.0
6344,2,446,1.444999999999975,0.05605381165919283,1910.6,3.32,0.0
6345,4,713,3.711999999999988,0.056100981767180924,1911.2,3.32,0.0
6346,0,179,-0.8219999999999998,0.055865921787709494,1911.4,3.32,0.0
6347,1,316,0.3149999999999893,0.056962025316455694,1911.7,3.32,0.0
6348,0,193,-0.8079999999999998,0.05699481865284974,1911.8,3.32,0.0
6349,0,189,-0.8119999999999998,0.0582010582010582,1912.0,3.32,0.0
6350,0,179,-0.8219999999999998,0.05027932960893855,1912.2,3.32,0.0
6351,5,846,4.845000000000032,0.05555555555555555,1913.0,3.32,0.0
6352,1,313,0.3119999999999896,0.054313099041533544,1913.3,3.32,0.0
6353,2,446,1.444999999999975,0.05605381165919283,1913.7,3.32,0.0
6354,0,179,-0.8219999999999998,0.055865921787709494,1913.9,3.32,0.0
6355,2,446,1.444999999999975,0.05605381165919283,1914.3,3.32,0.0
6356,0,179,-0.8219999999999998,0.055865921787709494,1914.4,3.32,0.0
6357,0,179,-0.8219999999999998,0.055865921787709494,1914.6,3.32,0.0
6358,0,179,-0.8219999999999998,0.055865921787709494,1914.8,3.32,0.0
6359,4,713,3.711999999999988,0.056100981767180924,1915.6,3.32,0.0
6360,0,179,-0.8219999999999998,0.055865921787709494,1915.7,3.32,0.0
6361,1,313,0.3119999999999896,0.054313099041533544,1916.1,3.32,0.0
6362,3,579,2.5779999999999603,0.055267702936096716,1916.6,3.32,0.0
6363,2,446,1.444999999999975,0.05605381165919283,1917.0,3.32,0.0
6364,4,730,3.728999999999994,0.056164383561643834,1917.7,3.32,0.0
6365,0,179,-0.8219999999999998,0.055865921787709494,1917.9,3.32,0.0
6366,2,446,1.444999999999975,0.05605381165919283,1918.3,3.32,0.0
6367,10,1513,10.511999999999814,0.05551883674818242,1919.9,3.32,0.0
6368,0,184,-0.8169999999999998,0.059782608695652176,1920.0,3.32,0.0
6369,0,190,-0.8109999999999998,0.05789473684210526,1920.2,3.32,0.0
6370,2,446,1.444999999999975,0.053811659192825115,1920.6,3.32,0.0
6371,0,179,-0.8219999999999998,0.055865921787709494,1920.8,3.32,0.0
6372,0,190,-0.8109999999999998,0.05789473684210526,1921.0,3.32,0.0
6373,0,194,-0.8069999999999998,0.05670103092783505,1921.1,3.32,0.0
6374,4,736,3.734999999999996,0.05570652173913043,1921.8,3.32,0.0
6375,2,466,1.4649999999999728,0.055793991416309016,1922.4,3.32,0.0
6376,2,459,1.4579999999999735,0.05664488017429194,1922.8,3.32,0.0
6377,1,320,0.31899999999998885,0.05625,1923.1,3.32,0.0
6378,2,446,1.444999999999975,0.05605381165919283,1923.5,3.32,0.0
6379,3,579,2.5779999999999603,0.055267702936096716,1924.1,3.32,0.0
6380,0,183,-0.8179999999999998,0.060109289617486336,1924.3,3.32,0.0
6381,6,979,5.978000000000075,0.05515832482124617,1925.2,3.31,0.0
6382,1,337,0.335999999999987,0.05637982195845697,1925.5,3.31,0.0
6383,3,584,2.5829999999999598,0.05650684931506849,1926.1,3.31,0.0
6384,0,179,-0.8219999999999998,0.055865921787709494,1926.2,3.31,0.0
6385,0,179,-0.8219999999999998,0.055865921787709494,1926.4,3.32,0.0
6386,1,313,0.3119999999999896,0.054313099041533544,1926.7,3.32,0.0
6387,4,713,3.711999999999988,0.056100981767180924,1927.4,3.31,0.0
6388,2,446,1.444999999999975,0.05605381165919283,1927.8,3.31,0.0
6389,1,313,0.3119999999999896,0.054313099041533544,1928.1,3.31,0.0
6390,0,179,-0.8219999999999998,0.055865921787709494,1928.2,3.31,0.0
6391,2,463,1.461999999999973,0.056155507559395246,1928.6,3.31,0.0
6392,1,350,1.3489999999999855,0.05714285714285714,1928.9,3.31,0.0
6393,0,179,-0.8219999999999998,0.055865921787709494,1929.1,3.31,0.0
6394,6,979,5.978000000000075,0.05515832482124617,1930.0,3.31,0.0
6395,3,586,2.5849999999999596,0.05631399317406143,1930.6,3.31,0.0
6396,1,313,0.3119999999999896,0.054313099041533544,1930.8,3.31,0.0
6397,2,464,1.462999999999973,0.05603448275862069,1931.3,3.31,0.0
6398,0,179,-0.8219999999999998,0.055865921787709494,1931.4,3.31,0.0
6399,3,579,2.5779999999999603,0.05699481865284974,1931.9,3.31,0.0
6400,2,446,1.444999999999975,0.05605381165919283,1932.3,3.31,0.0
6401,1,313,0.3119999999999896,0.054313099041533544,1932.6,3.31,0.0
6402,2,446,1.444999999999975,0.05605381165919283,1933.1,3.31,0.0
6403,8,1246,8.244999999999962,0.056179775280898875,1934.5,3.31,0.0
6404,0,179,-0.8219999999999998,0.055865921787709494,1934.7,3.31,0.0
6405,0,187,-0.8139999999999998,0.058823529411764705,1935.0,3.31,0.0
6406,5,754,4.753000000000001,0.05570291777188329,1935.7,3.31,0.0
6407,0,179,-0.8219999999999998,0.05027932960893855,1935.8,3.31,0.0
6408,0,179,-0.8219999999999998,0.055865921787709494,1936.0,3.31,0.0
6409,1,336,0.3349999999999871,0.05654761904761905,1936.3,3.31,0.0
6410,0,179,-0.8219999999999998,0.055865921787709494,1936.5,3.31,0.0
6411,3,589,2.587999999999959,0.05602716468590832,1937.0,3.31,0.0
6412,3,579,2.5779999999999603,0.055267702936096716,1937.6,3.31,0.0
6413,4,750,4.7490000000000006,0.056,1938.3,3.31,0.0
6414,0,179,-0.8219999999999998,0.055865921787709494,1938.5,3.31,0.0
6415,1,313,0.3119999999999896,0.054313099041533544,1938.8,3.31,0.0
6416,1,313,0.3119999999999896,0.054313099041533544,1939.1,3.31,0.0
6417,3,586,2.5849999999999596,0.05631399317406143,1939.6,3.31,0.0
6418,0,179,-0.8219999999999998,0.055865921787709494,1939.8,3.31,0.0
6419,1,313,0.3119999999999896,0.054313099041533544,1940.1,3.31,0.0
6420,2,463,1.461999999999973,0.056155507559395246,1940.5,3.31,0.0
6421,2,446,1.444999999999975,0.05605381165919283,1941.0,3.31,0.0
6422,0,179,-0.8219999999999998,0.05027932960893855,1941.1,3.31,0.0
6423,0,179,-0.8219999999999998,0.055865921787709494,1941.3,3.31,0.0
6424,0,189,-0.8119999999999998,0.0582010582010582,1941.5,3.31,0.0
6425,1,319,0.31799999999998896,0.05642633228840126,1941.8,3.31,0.0
6426,2,446,1.444999999999975,0.05605381165919283,1942.2,3.31,0.0
6427,4,726,3.7249999999999925,0.05647382920110193,1942.9,3.31,0.0
6428,0,179,-0.8219999999999998,0.055865921787709494,1943.1,3.31,0.0
6429,1,313,0.3119999999999896,0.05750798722044728,1943.3,3.31,0.0
6430,3,611,2.609999999999957,0.05564648117839607,1943.9,3.31,0.0
6431,5,846,4.845000000000032,0.05555555555555555,1944.7,3.31,0.0
6432,2,447,1.4459999999999749,0.05592841163310962,1945.2,3.31,0.0
6433,2,446,1.444999999999975,0.05605381165919283,1945.6,3.31,0.0
6434,0,179,-0.8219999999999998,0.055865921787709494,1945.7,3.31,0.0
6435,1,313,0.3119999999999896,0.05750798722044728,1946.0,3.31,0.0
6436,3,583,2.58199999999996,0.05660377358490566,1946.6,3.31,0.0
6437,0,179,-0.8219999999999998,0.055865921787709494,1946.7,3.31,0.0
6438,3,579,2.5779999999999603,0.05699481865284974,1947.3,3.31,0.0
6439,2,446,1.444999999999975,0.05605381165919283,1947.7,3.31,0.0
6440,1,313,0.3119999999999896,0.05750798722044728,1948.0,3.31,0.0
6441,0,187,-0.8139999999999998,0.058823529411764705,1948.1,3.31,0.0
6442,0,188,-0.8129999999999998,0.05851063829787234,1948.3,3.31,0.0
6443,0,179,-0.8219999999999998,0.055865921787709494,1948.5,3.31,0.0
6444,0,179,-0.8219999999999998,0.055865921787709494,1948.6,3.31,0.0
6445,2,446,1.444999999999975,0.053811659192825115,1949.0,3.31,0.0
6446,5,846,4.845000000000032,0.05555555555555555,1949.9,3.31,0.0
6447,0,187,-0.8139999999999998,0.058823529411764705,1950.0,3.31,0.0
6448,0,190,-0.8109999999999998,0.05789473684210526,1950.2,3.31,0.0
6449,2,446,1.444999999999975,0.05605381165919283,1950.6,3.31,0.0
6450,0,179,-0.8219999999999998,0.055865921787709494,1950.8,3.31,0.0
6451,0,179,-0.8219999999999998,0.055865921787709494,1951.0,3.31,0.0
6452,7,1131,7.130000000000026,0.05570291777188329,1952.0,3.31,0.0
6453,1,336,0.3349999999999871,0.05654761904761905,1952.3,3.31,0.0
6454,4,732,3.7309999999999945,0.056010928961748634,1953.0,3.31,0.0
6455,2,446,1.444999999999975,0.05605381165919283,1953.4,3.30,0.0
6456,3,579,2.5779999999999603,0.055267702936096716,1953.9,3.30,0.0
6457,5,846,4.845000000000032,0.05555555555555555,1954.8,3.30,0.0
6458,2,453,1.4519999999999742,0.05739514348785872,1955.3,3.30,0.0
6459,1,313,0.3119999999999896,0.054313099041533544,1955.6,3.30,0.0
6460,0,179,-0.8219999999999998,0.055865921787709494,1955.7,3.30,0.0
6461,0,179,-0.8219999999999998,0.055865921787709494,1955.9,3.30,0.0
6462,2,461,1.4599999999999733,0.05639913232104121,1956.3,3.30,0.0
6463,2,446,1.444999999999975,0.05605381165919283,1956.7,3.30,0.0
6464,4,713,3.711999999999988,0.0546984572230014,1957.4,3.30,0.0
6465,1,315,0.3139999999999894,0.05714285714285714,1957.7,3.30,0.0
6466,1,313,0.3119999999999896,0.054313099041533544,1958.0,3.30,0.0
6467,0,179,-0.8219999999999998,0.055865921787709494,1958.1,3.30,0.0
6468,3,579,2.5779999999999603,0.055267702936096716,1958.7,3.30,0.0
6469,2,456,1.4549999999999739,0.05701754385964912,1959.1,3.30,0.0
6470,2,446,1.444999999999975,0.05605381165919283,1959.5,3.30,0.0
6471,1,313,0.3119999999999896,0.054313099041533544,1959.8,3.30,0.0
6472,0,179,-0.8219999999999998,0.055865921787709494,1960.0,3.30,0.0
6473,5,858,4.857000000000036,0.055944055944055944,1960.8,3.30,0.0
6474,2,446,1.444999999999975,0.053811659192825115,1961.2,3.30,0.0
6475,2,446,1.444999999999975,0.053811659192825115,1961.6,3.30,0.0
6476,0,179,-0.8219999999999998,0.055865921787709494,1961.8,3.30,0.0
6477,3,579,2.5779999999999603,0.055267702936096716,1962.3,3.30,0.0
6478,1,313,0.3119999999999896,0.054313099041533544,1962.6,3.30,0.0
6479,3,582,2.58099999999996,0.05670103092783505,1963.2,3.30,0.0
6480,0,179,-0.8219999999999998,0.055865921787709494,1963.3,3.30,0.0
6481,2,463,1.461999999999973,0.056155507559395246,1963.8,3.30,0.0
6482,2,462,1.4609999999999732,0.05627705627705628,1964.3,3.30,0.0
6483,3,592,2.590999999999959,0.05574324324324324,1964.8,3.30,0.0
6484,2,446,1.444999999999975,0.05605381165919283,1965.3,3.30,0.0
6485,0,179,-0.8219999999999998,0.055865921787709494,1965.4,3.30,0.0
6486,0,179,-0.8219999999999998,0.055865921787709494,1965.6,3.30,0.0
6487,2,446,1.444999999999975,0.05605381165919283,1966.0,3.30,0.0
6488,1,313,0.3119999999999896,0.054313099041533544,1966.3,3.30,0.0
6489,5,857,4.856000000000035,0.056009334889148193,1967.1,3.30,0.0
6490,3,579,2.5779999999999603,0.05699481865284974,1967.7,3.30,0.0
6491,2,446,1.444999999999975,0.05605381165919283,1968.1,3.30,0.0
6492,2,446,1.444999999999975,0.05605381165919283,1968.5,3.30,0.0
6493,1,321,0.31999999999998874,0.056074766355140186,1968.8,3.30,0.0
6494,0,179,-0.8219999999999998,0.05027932960893855,1969.0,3.30,0.0
6495,0,179,-0.8219999999999998,0.055865921787709494,1969.1,3.30,0.0
6496,3,588,2.5869999999999593,0.05612244897959184,1969.7,3.30,0.0
6497,0,179,-0.8219999999999998,0.055865921787709494,1969.9,3.30,0.0
6498,1,313,0.3119999999999896,0.054313099041533544,1970.2,3.30,0.0
6499,1,318,0.31699999999998907,0.05660377358490566,1970.5,3.30,0.0
6500,1,313,0.3119999999999896,0.054313099041533544,1970.8,3.30,0.0
6501,0,179,-0.8219999999999998,0.055865921787709494,1975.8,3.29,0.0
6502,6,979,5.978000000000075,0.056179775280898875,1976.7,3.29,0.0
6503,0,179,-0.8219999999999998,0.055865921787709494,1976.9,3.29,0.0
6504,0,179,-0.8219999999999998,0.061452513966480445,1977.0,3.29,0.0
6505,2,446,1.444999999999975,0.05605381165919283,1977.4,3.29,0.0
6506,0,189,-0.8119999999999998,0.0582010582010582,1977.6,3.29,0.0
6507,0,186,-0.8149999999999998,0.05913978494623656,1977.8,3.29,0.0
6508,0,179,-0.8219999999999998,0.055865921787709494,1978.0,3.29,0.0
6509,1,313,0.3119999999999896,0.054313099041533544,1978.2,3.29,0.0
6510,5,861,4.860000000000037,0.05574912891986063,1979.1,3.29,0.0
6511,0,213,-0.7879999999999998,0.056338028169014086,1979.3,3.29,0.0
6512,8,1246,8.244999999999962,0.05537720706260032,1980.4,3.29,0.0
6513,2,449,1.4479999999999746,0.0556792873051225,1980.9,3.29,0.0
6514,1,315,0.3139999999999894,0.05714285714285714,1981.2,3.29,0.0
6515,2,462,1.4609999999999732,0.05627705627705628,1981.6,3.29,0.0
6516,5,846,4.845000000000032,0.05555555555555555,1982.4,3.29,0.0
6517,5,846,4.845000000000032,0.05555555555555555,1983.2,3.29,0.0
6518,0,179,-0.8219999999999998,0.05027932960893855,1983.4,3.29,0.0
6519,5,846,4.845000000000032,0.05555555555555555,1984.2,3.29,0.0
6520,0,179,-0.8219999999999998,0.055865921787709494,1984.3,3.29,0.0
6521,0,186,-0.8149999999999998,0.05913978494623656,1984.5,3.29,0.0
6522,3,579,2.5779999999999603,0.055267702936096716,1985.0,3.29,0.0
6523,0,179,-0.8219999999999998,0.055865921787709494,1985.2,3.29,0.0
6524,1,313,0.3119999999999896,0.054313099041533544,1985.5,3.29,0.0
6525,0,179,-0.8219999999999998,0.055865921787709494,1985.7,3.29,0.0
6526,2,446,1.444999999999975,0.05605381165919283,1986.1,3.29,0.0
6527,0,183,-0.8179999999999998,0.060109289617486336,1986.3,3.29,0.0
6528,3,579,2.5779999999999603,0.055267702936096716,1986.9,3.29,0.0
6529,4,713,3.711999999999988,0.056100981767180924,1987.5,3.29,0.0
6530,1,323,0.3219999999999885,0.05572755417956656,1987.8,3.29,0.0
6531,2,454,1.452999999999974,0.05726872246696035,1988.2,3.29,0.0
6532,1,313,0.3119999999999896,0.05750798722044728,1988.6,3.29,0.0
6533,1,315,0.3139999999999894,0.05714285714285714,1988.9,3.29,0.0
6534,0,187,-0.8139999999999998,0.058823529411764705,1989.1,3.29,0.0
6535,4,717,3.7159999999999895,0.05578800557880056,1989.7,3.28,0.0
6536,3,591,2.589999999999959,0.05583756345177665,1990.4,3.28,0.0
6537,3,579,2.5779999999999603,0.055267702936096716,1990.9,3.28,0.0
6538,1,313,0.3119999999999896,0.05750798722044728,1991.2,3.28,0.0
6539,5,853,4.852000000000034,0.05627198124267292,1992.0,3.28,0.0
6540,5,846,4.845000000000032,0.05555555555555555,1992.8,3.28,0.0
6541,0,210,-0.7909999999999998,0.05714285714285714,1993.1,3.28,0.0
6542,2,446,1.444999999999975,0.053811659192825115,1993.5,3.28,0.0
6543,3,579,2.5779999999999603,0.055267702936096716,1994.0,3.28,0.0
6544,4,713,3.711999999999988,0.056100981767180924,1994.7,3.28,0.0
6545,1,317,0.3159999999999892,0.056782334384858045,1995.0,3.28,0.0
6546,6,979,5.978000000000075,0.05515832482124617,1995.9,3.28,0.0
6547,0,186,-0.8149999999999998,0.05913978494623656,1996.1,3.28,0.0
6548,3,579,2.5779999999999603,0.055267702936096716,1996.7,3.28,0.0
6549,0,179,-0.8219999999999998,0.055865921787709494,1996.8,3.28,0.0
6550,1,313,0.3119999999999896,0.054313099041533544,1997.1,3.28,0.0
6551,0,179,-0.8219999999999998,0.055865921787709494,1997.3,3.28,0.0
6552,0,185,-0.8159999999999998,0.05945945945945946,1997.4,3.28,0.0
6553,4,713,3.711999999999988,0.0546984572230014,1998.1,3.28,0.0
6554,1,322,0.32099999999998863,0.055900621118012424,1998.4,3.28,0.0
6555,0,186,-0.8149999999999998,0.05913978494623656,1998.6,3.28,0.0
6556,3,579,2.5779999999999603,0.055267702936096716,1999.1,3.28,0.0
6557,0,179,-0.8219999999999998,0.055865921787709494,1999.3,3.28,0.0
6558,2,462,1.4609999999999732,0.05627705627705628,1999.7,3.28,0.0
6559,2,446,1.444999999999975,0.05605381165919283,2000.2,3.28,0.0
6560,3,579,2.5779999999999603,0.055267702936096716,2000.8,3.28,0.0
6561,2,466,1.4649999999999728,0.055793991416309016,2001.2,3.28,0.0
6562,3,579,2.5779999999999603,0.05699481865284974,2001.8,3.28,0.0
6563,4,748,3.747,0.05614973262032086,2002.5,3.28,0.0
6564,1,313,0.3119999999999896,0.054313099041533544,2002.8,3.28,0.0
6565,5,846,4.845000000000032,0.05555555555555555,2003.6,3.28,0.0
6566,0,179,-0.8219999999999998,0.055865921787709494,2003.7,3.28,0.0
6567,3,589,2.587999999999959,0.05602716468590832,2004.3,3.28,0.0
6568,2,446,1.444999999999975,0.05605381165919283,2004.7,3.28,0.0
6569,3,579,2.5779999999999603,0.055267702936096716,2005.3,3.28,0.0
6570,0,179,-0.8219999999999998,0.055865921787709494,2005.4,3.28,0.0
6571,0,179,-0.8219999999999998,0.055865921787709494,2005.6,3.28,0.0
6572,1,339,0.33799999999998676,0.05604719764011799,2005.9,3.28,0.0
6573,0,179,-0.8219999999999998,0.055865921787709494,2006.1,3.28,0.0
6574,0,179,-0.8219999999999998,0.055865921787709494,2006.3,3.28,0.0
6575,3,609,2.607999999999957,0.05582922824302135,2006.8,3.28,0.0
6576,0,179,-0.8219999999999998,0.055865921787709494,2007.0,3.28,0.0
6577,6,1004,6.003000000000084,0.055776892430278883,2007.9,3.28,0.0
6578,2,446,1.444999999999975,0.05605381165919283,2008.3,3.28,0.0
6579,3,579,2.5779999999999603,0.055267702936096716,2008.9,3.28,0.0
6580,2,446,1.444999999999975,0.053811659192825115,2009.3,3.28,0.0
6581,0,179,-0.8219999999999998,0.055865921787709494,2009.4,3.28,0.0
6582,0,179,-0.8219999999999998,0.055865921787709494,2009.6,3.28,0.0
6583,7,1126,7.125000000000028,0.05595026642984014,2010.7,3.27,0.0
6584,2,446,1.444999999999975,0.05605381165919283,2011.1,3.27,0.0
6585,1,313,0.3119999999999896,0.054313099041533544,2011.4,3.27,0.0
6586,0,179,-0.8219999999999998,0.055865921787709494,2011.5,3.27,0.0
6587,0,179,-0.8219999999999998,0.055865921787709494,2011.7,3.27,0.0
6588,0,210,-0.7909999999999998,0.05714285714285714,2011.9,3.28,0.0
6589,1,313,0.3119999999999896,0.054313099041533544,2012.2,3.28,0.0
6590,1,313,0.3119999999999896,0.054313099041533544,2012.5,3.28,0.0
6591,1,313,0.3119999999999896,0.05750798722044728,2012.8,3.28,0.0
6592,0,179,-0.8219999999999998,0.055865921787709494,2012.9,3.28,0.0
6593,4,713,3.711999999999988,0.056100981767180924,2013.6,3.27,0.0
6594,0,179,-0.8219999999999998,0.05027932960893855,2013.7,3.28,0.0
6595,0,179,-0.8219999999999998,0.05027932960893855,2013.9,3.28,0.0
6596,0,179,-0.8219999999999998,0.055865921787709494,2014.1,3.28,0.0
6597,0,185,-0.8159999999999998,0.05945945945945946,2014.2,3.28,0.0
6598,7,1113,7.112000000000036,0.055705300988319856,2015.2,3.27,0.0
6599,2,352,1.3509999999999853,0.056818181818181816,2015.6,3.27,0.0
6600,3,584,2.5829999999999598,0.05650684931506849,2016.1,3.27,0.0
6601,2,446,1.444999999999975,0.05605381165919283,2016.5,3.27,0.0
6602,0,179,-0.8219999999999998,0.055865921787709494,2016.7,3.27,0.0
6603,1,316,0.3149999999999893,0.056962025316455694,2017.0,3.27,0.0
6604,3,588,2.5869999999999593,0.05612244897959184,2017.5,3.27,0.0
6605,2,446,1.444999999999975,0.05605381165919283,2017.9,3.27,0.0
6606,4,713,3.711999999999988,0.056100981767180924,2018.6,3.27,0.0
6607,0,179,-0.8219999999999998,0.055865921787709494,2018.7,3.27,0.0
6608,2,446,1.444999999999975,0.053811659192825115,2019.2,3.27,0.0
6609,4,735,3.7339999999999955,0.055782312925170066,2019.8,3.27,0.0
6610,1,313,0.3119999999999896,0.054313099041533544,2020.2,3.27,0.0
6611,2,446,1.444999999999975,0.05605381165919283,2020.6,3.27,0.0
6612,2,447,1.4459999999999749,0.05592841163310962,2021.0,3.27,0.0
6613,2,446,1.444999999999975,0.05605381165919283,2021.4,3.27,0.0
6614,6,979,5.978000000000075,0.056179775280898875,2022.3,3.27,0.0
6615,0,179,-0.8219999999999998,0.055865921787709494,2022.5,3.27,0.0
6616,2,456,1.4549999999999739,0.05701754385964912,2022.9,3.27,0.0
6617,0,191,-0.8099999999999998,0.05759162303664921,2023.1,3.27,0.0
6618,10,1513,10.511999999999814,0.05551883674818242,2024.5,3.27,0.0
6619,6,980,5.979000000000076,0.05612244897959184,2025.4,3.27,0.0
6620,10,1521,10.51999999999981,0.055884286653517426,2026.8,3.27,0.0
6621,2,446,1.444999999999975,0.05605381165919283,2027.2,3.27,0.0
6622,0,179,-0.8219999999999998,0.055865921787709494,2027.3,3.27,0.0
6623,1,313,0.3119999999999896,0.054313099041533544,2027.6,3.27,0.0
6624,5,846,4.845000000000032,0.05555555555555555,2028.4,3.27,0.0
6625,0,179,-0.8219999999999998,0.055865921787709494,2028.6,3.27,0.0
6626,0,179,-0.8219999999999998,0.055865921787709494,2028.8,3.27,0.0
6627,5,859,4.858000000000036,0.05587892898719441,2029.6,3.27,0.0
6628,3,586,2.5849999999999596,0.05631399317406143,2030.1,3.27,0.0
6629,3,593,2.591999999999959,0.05564924114671164,2030.7,3.26,0.0
6630,4,713,3.711999999999988,0.056100981767180924,2031.3,3.26,0.0
6631,1,313,0.3119999999999896,0.054313099041533544,2031.6,3.26,0.0
6632,0,179,-0.8219999999999998,0.055865921787709494,2031.8,3.26,0.0
6633,2,456,1.4549999999999739,0.05701754385964912,2032.2,3.26,0.0
6634,5,846,4.845000000000032,0.05555555555555555,2033.0,3.26,0.0
6635,1,313,0.3119999999999896,0.054313099041533544,2033.3,3.26,0.0
6636,3,579,2.5779999999999603,0.055267702936096716,2033.8,3.26,0.0
6637,1,313,0.3119999999999896,0.054313099041533544,2034.1,3.26,0.0
6638,1,319,0.31799999999998896,0.05642633228840126,2034.4,3.26,0.0
6639,0,179,-0.8219999999999998,0.055865921787709494,2034.6,3.26,0.0
6640,0,185,-0.8159999999999998,0.05945945945945946,2034.8,3.26,0.0
6641,0,179,-0.8219999999999998,0.055865921787709494,2035.0,3.26,0.0
6642,3,579,2.5779999999999603,0.055267702936096716,2035.5,3.26,0.0
6643,2,446,1.444999999999975,0.05605381165919283,2036.0,3.26,0.0
6644,8,1276,8.274999999999945,0.055642633228840124,2037.2,3.26,0.0
6645,3,579,2.5779999999999603,0.055267702936096716,2037.7,3.26,0.0
6646,2,446,1.444999999999975,0.05605381165919283,2038.2,3.26,0.0
6647,0,179,-0.8219999999999998,0.055865921787709494,2038.3,3.26,0.0
6648,0,179,-0.8219999999999998,0.055865921787709494,2038.5,3.26,0.0
6649,0,179,-0.8219999999999998,0.055865921787709494,2038.7,3.26,0.0
6650,7,1113,7.112000000000036,0.055705300988319856,2039.7,3.26,0.0
6651,2,457,1.4559999999999738,0.05689277899343545,2040.1,3.26,0.0
6652,0,186,-0.8149999999999998,0.05913978494623656,2040.3,3.26,0.0
6653,6,979,5.978000000000075,0.05515832482124617,2041.2,3.26,0.0
6654,1,313,0.3119999999999896,0.05750798722044728,2041.5,3.26,0.0
6655,2,446,1.444999999999975,0.05605381165919283,2041.9,3.26,0.0
6656,2,456,1.4549999999999739,0.05701754385964912,2042.3,3.26,0.0
6657,0,183,-0.8179999999999998,0.060109289617486336,2042.5,3.26,0.0
6658,2,446,1.444999999999975,0.05605381165919283,2042.9,3.26,0.0
6659,0,179,-0.8219999999999998,0.055865921787709494,2043.1,3.26,0.0
6660,1,313,0.3119999999999896,0.05750798722044728,2043.4,3.26,0.0
6661,0,179,-0.8219999999999998,0.055865921787709494,2043.5,3.26,0.0
6662,0,179,-0.8219999999999998,0.055865921787709494,2043.7,3.26,0.0
6663,4,713,3.711999999999988,0.0546984572230014,2044.3,3.26,0.0
6664,0,179,-0.8219999999999998,0.055865921787709494,2044.5,3.26,0.0
6665,0,191,-0.8099999999999998,0.05759162303664921,2044.7,3.26,0.0
6666,6,979,5.978000000000075,0.05515832482124617,2045.6,3.26,0.0
6667,1,313,0.3119999999999896,0.05750798722044728,2045.9,3.26,0.0
6668,3,579,2.5779999999999603,0.055267702936096716,2046.5,3.26,0.0
6669,0,194,-0.8069999999999998,0.05670103092783505,2046.6,3.26,0.0
6670,5,846,4.845000000000032,0.05555555555555555,2047.4,3.26,0.0
6671,2,446,1.444999999999975,0.05605381165919283,2047.8,3.26,0.0
6672,3,579,2.5779999999999603,0.055267702936096716,2048.4,3.26,0.0
6673,5,846,4.845000000000032,0.05555555555555555,2049.2,3.26,0.0
6674,4,732,3.7309999999999945,0.056010928961748634,2049.8,3.26,0.0
6675,4,713,3.711999999999988,0.0546984572230014,2050.5,3.26,0.0
6676,1,313,0.3119999999999896,0.05750798722044728,2050.8,3.26,0.0
6677,2,463,1.461999999999973,0.056155507559395246,2051.2,3.26,0.0
6678,0,209,-0.7919999999999998,0.05741626794258373,2051.4,3.26,0.0
6679,0,185,-0.8159999999999998,0.05945945945945946,2051.6,3.26,0.0
6680,7,1113,7.112000000000036,0.055705300988319856,2052.6,3.25,0.0
6681,1,313,0.3119999999999896,0.054313099041533544,2052.9,3.25,0.0
6682,3,582,2.58099999999996,0.05670103092783505,2053.5,3.25,0.0
6683,0,183,-0.8179999999999998,0.060109289617486336,2053.6,3.25,0.0
6684,2,446,1.444999999999975,0.05605381165919283,2054.0,3.25,0.0
6685,0,189,-0.8119999999999998,0.0582010582010582,2054.2,3.25,0.0
6686,2,446,1.444999999999975,0.05605381165919283,2054.7,3.25,0.0
6687,2,456,1.4549999999999739,0.05701754385964912,2055.1,3.25,0.0
6688,4,713,3.711999999999988,0.056100981767180924,2055.8,3.25,0.0
6689,0,179,-0.8219999999999998,0.055865921787709494,2055.9,3.25,0.0
6690,2,446,1.444999999999975,0.05605381165919283,2056.3,3.25,0.0
6691,2,458,1.4569999999999736,0.056768558951965066,2056.8,3.25,0.0
6692,0,182,-0.8189999999999998,0.06043956043956044,2056.9,3.25,0.0
6693,0,179,-0.8219999999999998,0.055865921787709494,2057.1,3.25,0.0
6694,1,333,0.3319999999999874,0.057057057057057055,2057.4,3.25,0.0
6695,1,314,0.3129999999999895,0.05732484076433121,2057.7,3.25,0.0
6696,6,979,5.978000000000075,0.056179775280898875,2058.6,3.25,0.0
6697,1,313,0.3119999999999896,0.05750798722044728,2058.9,3.25,0.0
6698,0,179,-0.8219999999999998,0.055865921787709494,2059.1,3.25,0.0
6699,0,179,-0.8219999999999998,0.055865921787709494,2059.2,3.25,0.0
6700,0,179,-0.8219999999999998,0.055865921787709494,2059.4,3.25,0.0
6701,3,582,2.58099999999996,0.05670103092783505,2059.9,3.25,0.0
6702,0,192,-0.8089999999999998,0.057291666666666664,2060.1,3.25,0.0
6703,0,193,-0.8079999999999998,0.05699481865284974,2060.3,3.25,0.0
6704,0,184,-0.8169999999999998,0.059782608695652176,2060.5,3.25,0.0
6705,2,453,1.4519999999999742,0.05739514348785872,2060.9,3.25,0.0
6706,0,190,-0.8109999999999998,0.05789473684210526,2061.0,3.25,0.0
6707,1,341,0.33999999999998654,0.05571847507331378,2061.4,3.25,0.0
6708,4,713,3.711999999999988,0.0546984572230014,2062.0,3.25,0.0
6709,3,583,2.58199999999996,0.05660377358490566,2062.6,3.25,0.0
6710,1,316,0.3149999999999893,0.056962025316455694,2062.9,3.25,0.0
6711,2,446,1.444999999999975,0.05605381165919283,2063.3,3.25,0.0
6712,0,210,-0.7909999999999998,0.05714285714285714,2063.6,3.25,0.0
6713,1,313,0.3119999999999896,0.05750798722044728,2063.9,3.25,0.0
6714,1,313,0.3119999999999896,0.054313099041533544,2064.2,3.25,0.0
6715,1,313,0.3119999999999896,0.05750798722044728,2064.5,3.25,0.0
6716,0,192,-0.8089999999999998,0.057291666666666664,2064.7,3.25,0.0
6717,0,208,-0.7929999999999998,0.057692307692307696,2064.9,3.25,0.0
6718,0,206,-0.7949999999999998,0.05825242718446602,2065.1,3.25,0.0
6719,2,446,1.444999999999975,0.05605381165919283,2065.5,3.25,0.0
6720,1,338,0.33699999999998687,0.05621301775147929,2065.8,3.25,0.0
6721,2,446,1.444999999999975,0.05605381165919283,2066.2,3.25,0.0
6722,3,579,2.5779999999999603,0.05699481865284974,2066.7,3.25,0.0
6723,4,729,3.7279999999999935,0.056241426611796985,2067.4,3.25,0.0
6724,1,338,0.33699999999998687,0.05621301775147929,2067.7,3.25,0.0
6725,2,446,1.444999999999975,0.05605381165919283,2068.2,3.25,0.0
6726,2,461,1.4599999999999733,0.05639913232104121,2068.6,3.25,0.0
6727,3,584,2.5829999999999598,0.05650684931506849,2069.1,3.25,0.0
6728,7,1121,7.120000000000031,0.056199821587867974,2070.2,3.25,0.0
6729,0,179,-0.8219999999999998,0.05027932960893855,2070.3,3.25,0.0
6730,1,341,0.33999999999998654,0.05571847507331378,2070.6,3.25,0.0
6731,0,186,-0.8149999999999998,0.05913978494623656,2070.8,3.25,0.0
6732,0,179,-0.8219999999999998,0.055865921787709494,2071.0,3.25,0.0
6733,1,335,0.3339999999999872,0.056716417910447764,2071.3,3.25,0.0
6734,3,581,2.57999999999996,0.05679862306368331,2071.9,3.25,0.0
6735,0,193,-0.8079999999999998,0.05699481865284974,2072.0,3.25,0.0
6736,0,179,-0.8219999999999998,0.05027932960893855,2072.2,3.25,0.0
6737,5,846,4.845000000000032,0.05555555555555555,2073.0,3.25,0.0
6738,3,579,2.5779999999999603,0.05699481865284974,2073.6,3.25,0.0
6739,3,579,2.5779999999999603,0.05699481865284974,2074.1,3.25,0.0
6740,0,187,-0.8139999999999998,0.058823529411764705,2074.3,3.25,0.0
6741,3,579,2.5779999999999603,0.055267702936096716,2074.9,3.25,0.0
6742,0,179,-0.8219999999999998,0.055865921787709494,2075.0,3.25,0.0
6743,5,846,4.845000000000032,0.05555555555555555,2075.8,3.25,0.0
6744,2,446,1.444999999999975,0.05605381165919283,2076.3,3.25,0.0
6745,3,600,2.598999999999958,0.056666666666666664,2076.8,3.25,0.0
6746,0,179,-0.8219999999999998,0.055865921787709494,2077.0,3.25,0.0
6747,1,313,0.3119999999999896,0.054313099041533544,2077.3,3.25,0.0
6748,0,188,-0.8129999999999998,0.05851063829787234,2077.5,3.25,0.0
6749,0,192,-0.8089999999999998,0.057291666666666664,2077.6,3.25,0.0
6750,0,179,-0.8219999999999998,0.055865921787709494,2077.8,3.25,0.0
6751,6,979,5.978000000000075,0.05515832482124617,2078.7,3.25,0.0
6752,0,179,-0.8219999999999998,0.055865921787709494,2078.9,3.25,0.0
6753,2,447,1.4459999999999749,0.05592841163310962,2079.4,3.25,0.0
6754,4,735,3.7339999999999955,0.055782312925170066,2080.0,3.25,0.0
6755,0,179,-0.8219999999999998,0.055865921787709494,2080.2,3.25,0.0
6756,1,320,0.31899999999998885,0.05625,2080.5,3.25,0.0
6757,0,191,-0.8099999999999998,0.05759162303664921,2080.7,3.25,0.0
6758,4,713,3.711999999999988,0.056100981767180924,2081.4,3.25,0.0
6759,1,335,0.3339999999999872,0.056716417910447764,2081.7,3.25,0.0
6760,3,579,2.5779999999999603,0.055267702936096716,2082.2,3.25,0.0
6761,1,313,0.3119999999999896,0.054313099041533544,2082.5,3.25,0.0
6762,4,713,3.711999999999988,0.056100981767180924,2083.1,3.25,0.0
6763,2,464,1.462999999999973,0.05603448275862069,2083.6,3.25,0.0
6764,2,456,1.4549999999999739,0.05701754385964912,2084.0,3.25,0.0
6765,0,179,-0.8219999999999998,0.055865921787709494,2084.2,3.25,0.0
6766,0,180,-0.8209999999999998,0.06111111111111111,2084.4,3.25,0.0
6767,5,854,4.853000000000034,0.05620608899297424,2085.2,3.25,0.0
6768,3,585,2.5839999999999597,0.05641025641025641,2085.8,3.25,0.0
6769,1,315,0.3139999999999894,0.05714285714285714,2086.1,3.25,0.0
6770,0,183,-0.8179999999999998,0.060109289617486336,2086.2,3.25,0.0
6771,2,461,1.4599999999999733,0.05639913232104121,2086.6,3.25,0.0
6772,3,579,2.5779999999999603,0.055267702936096716,2087.2,3.25,0.0
6773,2,460,1.4589999999999734,0.05652173913043478,2087.6,3.24,0.0
6774,1,313,0.3119999999999896,0.05750798722044728,2087.9,3.24,0.0
6775,6,979,5.978000000000075,0.05515832482124617,2088.8,3.24,0.0
6776,7,1113,7.112000000000036,0.055705300988319856,2090.0,3.24,0.0
6777,3,579,2.5779999999999603,0.055267702936096716,2090.5,3.24,0.0
6778,0,179,-0.8219999999999998,0.055865921787709494,2090.7,3.24,0.0
6779,2,446,1.444999999999975,0.05605381165919283,2091.1,3.24,0.0
6780,1,339,0.33799999999998676,0.05604719764011799,2091.4,3.24,0.0
6781,7,1113,7.112000000000036,0.055705300988319856,2092.5,3.24,0.0
6782,0,192,-0.8089999999999998,0.057291666666666664,2092.6,3.24,0.0
6783,1,313,0.3119999999999896,0.054313099041533544,2092.9,3.24,0.0
6784,0,179,-0.8219999999999998,0.055865921787709494,2093.1,3.24,0.0
6785,0,179,-0.8219999999999998,0.055865921787709494,2093.2,3.24,0.0
6786,1,313,0.3119999999999896,0.054313099041533544,2093.5,3.24,0.0
6787,0,179,-0.8219999999999998,0.055865921787709494,2093.7,3.24,0.0
6788,0,179,-0.8219999999999998,0.055865921787709494,2093.9,3.24,0.0
6789,2,446,1.444999999999975,0.05605381165919283,2094.3,3.24,0.0
6790,1,313,0.3119999999999896,0.054313099041533544,2094.6,3.24,0.0
6791,1,313,0.3119999999999896,0.054313099041533544,2094.9,3.24,0.0
6792,0,186,-0.8149999999999998,0.05913978494623656,2095.1,3.24,0.0
6793,2,456,1.4549999999999739,0.05701754385964912,2095.5,3.24,0.0
6794,1,313,0.3119999999999896,0.054313099041533544,2095.7,3.24,0.0
6795,2,467,1.4659999999999727,0.055674518201284794,2096.2,3.24,0.0
6796,1,313,0.3119999999999896,0.05750798722044728,2096.5,3.24,0.0
6797,1,313,0.3119999999999896,0.054313099041533544,2096.8,3.24,0.0
6798,7,1123,7.12200000000003,0.05609973285841496,2097.9,3.24,0.0
6799,0,179,-0.8219999999999998,0.055865921787709494,2098.0,3.24,0.0
6800,0,193,-0.8079999999999998,0.05699481865284974,2098.2,3.24,0.0
6801,2,465,1.4639999999999729,0.05591397849462366,2098.7,3.24,0.0
6802,0,184,-0.8169999999999998,0.059782608695652176,2098.8,3.24,0.0
6803,0,179,-0.8219999999999998,0.055865921787709494,2099.0,3.24,0.0
6804,0,179,-0.8219999999999998,0.055865921787709494,2099.2,3.24,0.0
6805,4,713,3.711999999999988,0.056100981767180924,2099.8,3.24,0.0
6806,0,179,-0.8219999999999998,0.055865921787709494,2100.0,3.24,0.0
6807,0,182,-0.8189999999999998,0.06043956043956044,2100.2,3.24,0.0
6808,0,179,-0.8219999999999998,0.055865921787709494,2100.3,3.24,0.0
6809,2,446,1.444999999999975,0.05605381165919283,2100.8,3.24,0.0
6810,10,1513,10.511999999999814,0.05551883674818242,2102.2,3.24,0.0
6811,2,457,1.4559999999999738,0.05689277899343545,2102.6,3.24,0.0
6812,1,321,0.31999999999998874,0.056074766355140186,2102.9,3.24,0.0
6813,1,313,0.3119999999999896,0.054313099041533544,2103.2,3.24,0.0
6814,2,446,1.444999999999975,0.05605381165919283,2103.6,3.24,0.0
6815,4,713,3.711999999999988,0.056100981767180924,2104.2,3.24,0.0
6816,6,988,5.987000000000078,0.05566801619433198,2105.2,3.24,0.0
6817,0,186,-0.8149999999999998,0.05913978494623656,2105.3,3.24,0.0
6818,1,313,0.3119999999999896,0.054313099041533544,2105.6,3.24,0.0
6819,7,1113,7.112000000000036,0.055705300988319856,2106.7,3.24,0.0
6820,0,186,-0.8149999999999998,0.05913978494623656,2106.8,3.24,0.0
6821,0,182,-0.8189999999999998,0.06043956043956044,2107.0,3.24,0.0
6822,1,313,0.3119999999999896,0.05750798722044728,2107.3,3.24,0.0
6823,0,179,-0.8219999999999998,0.055865921787709494,2107.5,3.24,0.0
6824,3,579,2.5779999999999603,0.055267702936096716,2108.0,3.24,0.0
6825,0,186,-0.8149999999999998,0.05913978494623656,2108.2,3.24,0.0
6826,2,446,1.444999999999975,0.05605381165919283,2108.6,3.24,0.0
6827,4,714,3.7129999999999885,0.056022408963585436,2109.2,3.24,0.0
6828,4,713,3.711999999999988,0.0546984572230014,2109.9,3.24,0.0
6829,1,313,0.3119999999999896,0.05750798722044728,2110.1,3.24,0.0
6830,1,313,0.3119999999999896,0.05750798722044728,2110.4,3.24,0.0
6831,3,579,2.5779999999999603,0.055267702936096716,2111.0,3.24,0.0
6832,3,579,2.5779999999999603,0.055267702936096716,2111.5,3.24,0.0
6833,1,321,0.31999999999998874,0.056074766355140186,2111.8,3.24,0.0
6834,5,846,4.845000000000032,0.05555555555555555,2112.6,3.24,0.0
6835,0,179,-0.8219999999999998,0.055865921787709494,2112.8,3.24,0.0
6836,4,732,3.7309999999999945,0.056010928961748634,2113.4,3.24,0.0
6837,0,179,-0.8219999999999998,0.055865921787709494,2113.6,3.24,0.0
6838,3,579,2.5779999999999603,0.055267702936096716,2114.2,3.23,0.0
6839,0,179,-0.8219999999999998,0.055865921787709494,2114.3,3.24,0.0
6840,0,179,-0.8219999999999998,0.055865921787709494,2114.5,3.24,0.0
6841,0,188,-0.8129999999999998,0.05851063829787234,2114.6,3.24,0.0
6842,2,461,1.4599999999999733,0.05639913232104121,2115.1,3.24,0.0
6843,4,713,3.711999999999988,0.056100981767180924,2115.7,3.23,0.0
6844,0,179,-0.8219999999999998,0.055865921787709494,2115.9,3.24,0.0
6845,0,179,-0.8219999999999998,0.055865921787709494,2116.1,3.24,0.0
6846,2,446,1.444999999999975,0.05605381165919283,2116.5,3.24,0.0
6847,1,313,0.3119999999999896,0.05750798722044728,2116.7,3.24,0.0
6848,2,446,1.444999999999975,0.053811659192825115,2117.2,3.23,0.0
6849,4,718,3.71699999999999,0.055710306406685235,2117.8,3.23,0.0
6850,0,179,-0.8219999999999998,0.055865921787709494,2118.0,3.23,0.0
6851,2,446,1.444999999999975,0.05605381165919283,2118.4,3.23,0.0
6852,5,875,4.874000000000041,0.056,2119.2,3.23,0.0
6853,1,316,0.3149999999999893,0.056962025316455694,2119.5,3.23,0.0
6854,1,316,0.3149999999999893,0.056962025316455694,2119.8,3.23,0.0
6855,1,313,0.3119999999999896,0.05750798722044728,2120.1,3.23,0.0
6856,5,855,4.854000000000035,0.056140350877192984,2120.8,3.23,0.0
6857,2,446,1.444999999999975,0.05605381165919283,2121.2,3.23,0.0
6858,0,190,-0.8109999999999998,0.05789473684210526,2121.4,3.23,0.0
6859,3,589,2.587999999999959,0.05602716468590832,2122.0,3.23,0.0
6860,0,179,-0.8219999999999998,0.05027932960893855,2122.1,3.23,0.0
6861,3,581,2.57999999999996,0.05679862306368331,2122.7,3.23,0.0
6862,1,313,0.3119999999999896,0.054313099041533544,2123.0,3.23,0.0
6863,2,446,1.444999999999975,0.05605381165919283,2123.4,3.23,0.0
6864,3,579,2.5779999999999603,0.055267702936096716,2123.9,3.23,0.0
6865,4,734,3.732999999999995,0.055858310626702996,2124.6,3.23,0.0
6866,4,713,3.711999999999988,0.056100981767180924,2125.3,3.23,0.0
6867,4,713,3.711999999999988,0.0546984572230014,2125.9,3.23,0.0
6868,1,338,0.33699999999998687,0.05621301775147929,2126.2,3.23,0.0
6869,0,190,-0.8109999999999998,0.05789473684210526,2126.4,3.23,0.0
6870,0,182,-0.8189999999999998,0.06043956043956044,2126.6,3.23,0.0
6871,7,1120,7.119000000000032,0.05625,2127.6,3.23,0.0
6872,3,579,2.5779999999999603,0.055267702936096716,2128.1,3.23,0.0
6873,1,317,0.3159999999999892,0.056782334384858045,2128.4,3.23,0.0
6874,1,313,0.3119999999999896,0.054313099041533544,2128.7,3.23,0.0
6875,0,186,-0.8149999999999998,0.05913978494623656,2128.8,3.23,0.0
6876,3,579,2.5779999999999603,0.055267702936096716,2129.3,3.23,0.0
6877,1,313,0.3119999999999896,0.05750798722044728,2129.6,3.23,0.0
6878,1,337,0.335999999999987,0.05637982195845697,2129.9,3.23,0.0
6879,0,189,-0.8119999999999998,0.0582010582010582,2130.1,3.23,0.0
6880,2,460,1.4589999999999734,0.05652173913043478,2130.5,3.23,0.0
6881,0,179,-0.8219999999999998,0.05027932960893855,2130.7,3.23,0.0
6882,0,188,-0.8129999999999998,0.05851063829787234,2130.8,3.23,0.0
6883,0,182,-0.8189999999999998,0.06043956043956044,2131.0,3.23,0.0
6884,0,179,-0.8219999999999998,0.055865921787709494,2131.2,3.23,0.0
6885,5,853,4.852000000000034,0.05627198124267292,2131.9,3.23,0.0
6886,0,179,-0.8219999999999998,0.055865921787709494,2132.1,3.23,0.0
6887,7,1113,7.112000000000036,0.055705300988319856,2133.1,3.23,0.0
6888,4,732,3.7309999999999945,0.056010928961748634,2133.7,3.23,0.0
6889,2,459,1.4579999999999735,0.05664488017429194,2134.2,3.23,0.0
6890,0,179,-0.8219999999999998,0.055865921787709494,2134.3,3.23,0.0
6891,4,713,3.711999999999988,0.056100981767180924,2135.0,3.23,0.0
6892,4,731,3.729999999999994,0.0560875512995896,2135.6,3.23,0.0
6893,2,447,1.4459999999999749,0.05592841163310962,2136.0,3.23,0.0
6894,4,713,3.711999999999988,0.056100981767180924,2136.7,3.23,0.0
6895,2,457,1.4559999999999738,0.05689277899343545,2137.2,3.23,0.0
6896,0,179,-0.8219999999999998,0.055865921787709494,2137.3,3.23,0.0
6897,2,462,1.4609999999999732,0.05627705627705628,2137.7,3.23,0.0
6898,4,715,3.713999999999989,0.055944055944055944,2138.4,3.23,0.0
6899,4,729,3.7279999999999935,0.056241426611796985,2139.1,3.23,0.0
6900,4,727,3.725999999999993,0.05639614855570839,2139.8,3.23,0.0
6901,0,179,-0.8219999999999998,0.055865921787709494,2140.0,3.23,0.0
6902,6,979,5.978000000000075,0.05515832482124617,2140.8,3.22,0.0
6903,0,179,-0.8219999999999998,0.055865921787709494,2141.0,3.22,0.0
6904,2,454,1.452999999999974,0.05726872246696035,2141.4,3.22,0.0
6905,1,313,0.3119999999999896,0.054313099041533544,2141.7,3.22,0.0
6906,2,448,1.4469999999999748,0.05580357142857143,2142.1,3.22,0.0
6907,3,579,2.5779999999999603,0.055267702936096716,2142.6,3.22,0.0
6908,1,313,0.3119999999999896,0.054313099041533544,2142.9,3.22,0.0
6909,0,187,-0.8139999999999998,0.058823529411764705,2143.2,3.22,0.0
6910,1,313,0.3119999999999896,0.054313099041533544,2143.5,3.22,0.0
6911,0,185,-0.8159999999999998,0.05945945945945946,2143.7,3.22,0.0
6912,3,591,2.589999999999959,0.05583756345177665,2144.3,3.22,0.0
6913,0,182,-0.8189999999999998,0.06043956043956044,2144.5,3.22,0.0
6914,4,713,3.711999999999988,0.0546984572230014,2145.2,3.22,0.0
6915,0,179,-0.8219999999999998,0.055865921787709494,2145.3,3.22,0.0
6916,0,179,-0.8219999999999998,0.055865921787709494,2145.5,3.22,0.0
6917,2,456,1.4549999999999739,0.05701754385964912,2145.9,3.22,0.0
6918,2,453,1.4519999999999742,0.05739514348785872,2146.4,3.22,0.0
6919,0,185,-0.8159999999999998,0.05945945945945946,2146.5,3.22,0.0
6920,2,453,1.4519999999999742,0.05739514348785872,2146.9,3.22,0.0
6921,0,179,-0.8219999999999998,0.055865921787709494,2147.1,3.22,0.0
6922,0,179,-0.8219999999999998,0.055865921787709494,2147.3,3.22,0.0
6923,2,446,1.444999999999975,0.053811659192825115,2147.7,3.22,0.0
6924,5,846,4.845000000000032,0.05555555555555555,2148.6,3.22,0.0
6925,3,584,2.5829999999999598,0.05650684931506849,2149.2,3.22,0.0
6926,0,179,-0.8219999999999998,0.055865921787709494,2149.3,3.22,0.0
6927,0,179,-0.8219999999999998,0.055865921787709494,2149.5,3.22,0.0
6928,2,460,1.4589999999999734,0.05652173913043478,2150.0,3.22,0.0
6929,6,980,5.979000000000076,0.05612244897959184,2150.9,3.22,0.0
6930,0,179,-0.8219999999999998,0.055865921787709494,2151.0,3.22,0.0
6931,0,179,-0.8219999999999998,0.055865921787709494,2151.2,3.22,0.0
6932,4,713,3.711999999999988,0.056100981767180924,2151.9,3.22,0.0
6933,1,337,0.335999999999987,0.05637982195845697,2152.2,3.22,0.0
6934,1,331,0.32999999999998764,0.05740181268882175,2152.4,3.22,0.0
6935,1,313,0.3119999999999896,0.05750798722044728,2152.7,3.22,0.0
6936,2,446,1.444999999999975,0.053811659192825115,2153.2,3.22,0.0
6937,2,461,1.4599999999999733,0.05639913232104121,2153.6,3.22,0.0
6938,3,579,2.5779999999999603,0.055267702936096716,2154.1,3.22,0.0
6939,0,186,-0.8149999999999998,0.05913978494623656,2154.3,3.22,0.0
6940,2,463,1.461999999999973,0.056155507559395246,2154.7,3.22,0.0
6941,0,179,-0.8219999999999998,0.055865921787709494,2154.9,3.22,0.0
6942,1,313,0.3119999999999896,0.05750798722044728,2155.2,3.22,0.0
6943,3,583,2.58199999999996,0.05660377358490566,2155.7,3.22,0.0
6944,2,446,1.444999999999975,0.05605381165919283,2156.1,3.22,0.0
6945,2,446,1.444999999999975,0.05605381165919283,2156.6,3.22,0.0
6946,0,179,-0.8219999999999998,0.055865921787709494,2156.7,3.22,0.0
6947,0,179,-0.8219999999999998,0.055865921787709494,2156.9,3.22,0.0
6948,2,446,1.444999999999975,0.05605381165919283,2157.3,3.22,0.0
6949,3,579,2.5779999999999603,0.055267702936096716,2157.9,3.22,0.0
6950,4,713,3.711999999999988,0.056100981767180924,2158.5,3.22,0.0
6951,4,733,3.731999999999995,0.05593451568894952,2159.2,3.22,0.0
6952,8,1254,8.252999999999957,0.05582137161084529,2160.4,3.22,0.0
6953,1,313,0.3119999999999896,0.054313099041533544,2160.7,3.22,0.0
6954,0,186,-0.8149999999999998,0.05913978494623656,2160.8,3.22,0.0
6955,6,979,5.978000000000075,0.056179775280898875,2161.7,3.22,0.0
6956,0,179,-0.8219999999999998,0.05027932960893855,2161.9,3.22,0.0
6957,2,466,1.4649999999999728,0.055793991416309016,2162.3,3.22,0.0
6958,5,846,4.845000000000032,0.05555555555555555,2163.2,3.22,0.0
6959,0,190,-0.8109999999999998,0.05789473684210526,2163.3,3.22,0.0
6960,3,579,2.5779999999999603,0.055267702936096716,2163.9,3.22,0.0
6961,3,579,2.5779999999999603,0.055267702936096716,2164.4,3.22,0.0
6962,2,447,1.4459999999999749,0.05592841163310962,2164.8,3.22,0.0
6963,0,179,-0.8219999999999998,0.055865921787709494,2165.0,3.22,0.0
6964,6,979,5.978000000000075,0.05515832482124617,2165.9,3.22,0.0
6965,4,713,3.711999999999988,0.056100981767180924,2166.6,3.22,0.0
6966,1,313,0.3119999999999896,0.05750798722044728,2166.9,3.22,0.0
6967,4,713,3.711999999999988,0.0546984572230014,2167.5,3.21,0.0
6968,0,183,-0.8179999999999998,0.060109289617486336,2167.7,3.21,0.0
6969,1,313,0.3119999999999896,0.054313099041533544,2168.0,3.21,0.0
6970,5,846,4.845000000000032,0.05555555555555555,2168.8,3.21,0.0
6971,1,340,0.33899999999998665,0.05588235294117647,2169.1,3.21,0.0
6972,0,189,-0.8119999999999998,0.0582010582010582,2169.2,3.21,0.0
6973,4,717,3.7159999999999895,0.05578800557880056,2169.9,3.21,0.0
6974,2,449,1.4479999999999746,0.0556792873051225,2170.3,3.21,0.0
6975,0,179,-0.8219999999999998,0.05027932960893855,2170.5,3.21,0.0
6976,7,1113,7.112000000000036,0.055705300988319856,2171.5,3.21,0.0
6977,4,713,3.711999999999988,0.056100981767180924,2172.1,3.21,0.0
6978,7,1113,7.112000000000036,0.055705300988319856,2173.2,3.21,0.0
6979,0,179,-0.8219999999999998,0.055865921787709494,2173.3,3.21,0.0
6980,1,317,0.3159999999999892,0.056782334384858045,2173.6,3.21,0.0
6981,2,463,1.461999999999973,0.056155507559395246,2174.1,3.21,0.0
6982,1,336,0.3349999999999871,0.05654761904761905,2174.4,3.21,0.0
6983,1,313,0.3119999999999896,0.054313099041533544,2174.7,3.21,0.0
6984,0,186,-0.8149999999999998,0.05913978494623656,2174.9,3.21,0.0
6985,0,179,-0.8219999999999998,0.055865921787709494,2175.0,3.21,0.0
6986,6,979,5.978000000000075,0.05515832482124617,2176.0,3.21,0.0
6987,1,313,0.3119999999999896,0.05750798722044728,2176.3,3.21,0.0
6988,1,313,0.3119999999999896,0.054313099041533544,2176.6,3.21,0.0
6989,8,1257,8.255999999999956,0.05568814638027048,2177.8,3.21,0.0
6990,6,1001,6.000000000000083,0.055944055944055944,2178.7,3.21,0.0
6991,0,179,-0.8219999999999998,0.055865921787709494,2178.8,3.21,0.0
6992,1,313,0.3119999999999896,0.054313099041533544,2179.1,3.21,0.0
6993,1,313,0.3119999999999896,0.054313099041533544,2179.4,3.21,0.0
6994,0,184,-0.8169999999999998,0.059782608695652176,2179.5,3.21,0.0
6995,0,179,-0.8219999999999998,0.055865921787709494,2179.7,3.21,0.0
6996,1,313,0.3119999999999896,0.054313099041533544,2180.0,3.21,0.0
6997,3,579,2.5779999999999603,0.055267702936096716,2180.5,3.21,0.0
6998,2,446,1.444999999999975,0.05605381165919283,2180.9,3.21,0.0
6999,1,313,0.3119999999999896,0.054313099041533544,2181.2,3.21,0.0
7000,2,465,1.4639999999999729,0.05591397849462366,2181.6,3.21,0.0
7001,3,584,2.5829999999999598,0.05650684931506849,2187.4,3.20,0.0
7002,2,446,1.444999999999975,0.05605381165919283,2187.8,3.20,0.0
7003,0,179,-0.8219999999999998,0.055865921787709494,2188.0,3.20,0.0
7004,1,313,0.3119999999999896,0.054313099041533544,2188.3,3.20,0.0
7005,3,585,2.5839999999999597,0.05641025641025641,2188.9,3.20,0.0
7006,1,313,0.3119999999999896,0.054313099041533544,2189.2,3.20,0.0
7007,1,313,0.3119999999999896,0.054313099041533544,2189.6,3.20,0.0
7008,1,323,0.3219999999999885,0.05572755417956656,2189.9,3.20,0.0
7009,3,588,2.5869999999999593,0.05612244897959184,2190.4,3.20,0.0
7010,9,1398,9.396999999999878,0.055793991416309016,2191.7,3.20,0.0
7011,0,186,-0.8149999999999998,0.05913978494623656,2191.9,3.20,0.0
7012,1,317,0.3159999999999892,0.056782334384858045,2192.2,3.20,0.0
7013,1,313,0.3119999999999896,0.054313099041533544,2192.5,3.20,0.0
7014,0,179,-0.8219999999999998,0.055865921787709494,2192.7,3.20,0.0
7015,0,179,-0.8219999999999998,0.055865921787709494,2192.8,3.20,0.0
7016,1,315,0.3139999999999894,0.05714285714285714,2193.1,3.20,0.0
7017,0,184,-0.8169999999999998,0.059782608695652176,2193.3,3.20,0.0
7018,1,321,0.31999999999998874,0.056074766355140186,2193.6,3.20,0.0
7019,0,192,-0.8089999999999998,0.057291666666666664,2193.8,3.20,0.0
7020,1,336,0.3349999999999871,0.05654761904761905,2194.1,3.20,0.0
7021,5,854,4.853000000000034,0.05620608899297424,2195.0,3.20,0.0
7022,0,179,-0.8219999999999998,0.055865921787709494,2195.2,3.20,0.0
7023,0,179,-0.8219999999999998,0.055865921787709494,2195.5,3.20,0.0
7024,1,337,0.335999999999987,0.05637982195845697,2195.8,3.20,0.0
7025,0,179,-0.8219999999999998,0.055865921787709494,2195.9,3.20,0.0
7026,2,459,1.4579999999999735,0.05664488017429194,2196.4,3.20,0.0
7027,5,846,4.845000000000032,0.05555555555555555,2197.3,3.20,0.0
7028,3,589,2.587999999999959,0.05602716468590832,2197.9,3.20,0.0
7029,3,586,2.5849999999999596,0.05631399317406143,2198.4,3.20,0.0
7030,1,313,0.3119999999999896,0.054313099041533544,2198.7,3.20,0.0
7031,0,187,-0.8139999999999998,0.058823529411764705,2198.9,3.20,0.0
7032,6,979,5.978000000000075,0.05515832482124617,2199.8,3.20,0.0
7033,1,221,0.21999999999999975,0.058823529411764705,2200.0,3.20,0.0
7034,0,179,-0.8219999999999998,0.055865921787709494,2200.2,3.20,0.0
7035,0,179,-0.8219999999999998,0.055865921787709494,2200.4,3.20,0.0
7036,1,313,0.3119999999999896,0.05750798722044728,2200.6,3.20,0.0
7037,0,179,-0.8219999999999998,0.055865921787709494,2200.8,3.20,0.0
7038,1,313,0.3119999999999896,0.054313099041533544,2201.1,3.20,0.0
7039,1,314,0.3129999999999895,0.05732484076433121,2201.4,3.20,0.0
7040,0,185,-0.8159999999999998,0.05945945945945946,2201.6,3.20,0.0
7041,3,584,2.5829999999999598,0.05650684931506849,2202.2,3.20,0.0
7042,3,591,2.589999999999959,0.05583756345177665,2202.8,3.20,0.0
7043,2,462,1.4609999999999732,0.05627705627705628,2203.2,3.20,0.0
7044,6,979,5.978000000000075,0.05515832482124617,2204.2,3.20,0.0
7045,0,195,-0.8059999999999998,0.05641025641025641,2204.4,3.20,0.0
7046,4,713,3.711999999999988,0.056100981767180924,2205.1,3.20,0.0
7047,3,579,2.5779999999999603,0.055267702936096716,2205.6,3.20,0.0
7048,4,714,3.7129999999999885,0.056022408963585436,2206.2,3.20,0.0
7049,0,183,-0.8179999999999998,0.060109289617486336,2206.4,3.20,0.0
7050,3,579,2.5779999999999603,0.055267702936096716,2207.0,3.19,0.0
7051,0,187,-0.8139999999999998,0.058823529411764705,2207.2,3.19,0.0
7052,0,179,-0.8219999999999998,0.05027932960893855,2207.4,3.20,0.0
7053,1,335,0.3339999999999872,0.056716417910447764,2207.7,3.20,0.0
7054,1,313,0.3119999999999896,0.054313099041533544,2208.1,3.20,0.0
7055,2,446,1.444999999999975,0.05605381165919283,2208.5,3.19,0.0
7056,1,336,0.3349999999999871,0.05654761904761905,2208.8,3.19,0.0
7057,0,179,-0.8219999999999998,0.055865921787709494,2209.0,3.20,0.0
7058,0,179,-0.8219999999999998,0.055865921787709494,2209.2,3.20,0.0
7059,2,446,1.444999999999975,0.05605381165919283,2209.6,3.20,0.0
7060,0,192,-0.8089999999999998,0.057291666666666664,2209.8,3.20,0.0
7061,1,313,0.3119999999999896,0.054313099041533544,2210.1,3.20,0.0
7062,3,587,2.5859999999999594,0.056218057921635436,2210.6,3.20,0.0
7063,1,313,0.3119999999999896,0.05750798722044728,2210.9,3.20,0.0
7064,0,190,-0.8109999999999998,0.05789473684210526,2211.1,3.20,0.0
7065,3,579,2.5779999999999603,0.055267702936096716,2211.7,3.19,0.0
7066,1,341,0.33999999999998654,0.05571847507331378,2212.0,3.19,0.0
7067,0,179,-0.8219999999999998,0.055865921787709494,2212.2,3.19,0.0
7068,1,313,0.3119999999999896,0.054313099041533544,2212.6,3.19,0.0
7069,1,336,0.3349999999999871,0.05654761904761905,2212.9,3.19,0.0
7070,3,579,2.5779999999999603,0.05699481865284974,2213.5,3.19,0.0
7071,1,313,0.3119999999999896,0.054313099041533544,2213.8,3.19,0.0
7072,2,446,1.444999999999975,0.053811659192825115,2214.2,3.19,0.0
7073,4,713,3.711999999999988,0.0546984572230014,2214.9,3.19,0.0
7074,0,179,-0.8219999999999998,0.055865921787709494,2215.1,3.19,0.0
7075,4,733,3.731999999999995,0.05593451568894952,2215.8,3.19,0.0
7076,1,313,0.3119999999999896,0.054313099041533544,2216.1,3.19,0.0
7077,1,323,0.3219999999999885,0.05572755417956656,2216.4,3.19,0.0
7078,0,179,-0.8219999999999998,0.055865921787709494,2216.6,3.19,0.0
7079,2,446,1.444999999999975,0.05605381165919283,2217.0,3.19,0.0
7080,1,313,0.3119999999999896,0.054313099041533544,2217.3,3.19,0.0
7081,4,713,3.711999999999988,0.0546984572230014,2218.0,3.19,0.0
7082,0,192,-0.8089999999999998,0.057291666666666664,2218.2,3.19,0.0
7083,3,579,2.5779999999999603,0.055267702936096716,2218.9,3.19,0.0
7084,1,338,0.33699999999998687,0.05621301775147929,2219.3,3.19,0.0
7085,1,317,0.3159999999999892,0.056782334384858045,2219.6,3.19,0.0
7086,1,313,0.3119999999999896,0.05750798722044728,2220.0,3.19,0.0
7087,1,313,0.3119999999999896,0.054313099041533544,2220.3,3.19,0.0
7088,4,713,3.711999999999988,0.056100981767180924,2221.1,3.19,0.0
7089,2,446,1.444999999999975,0.05605381165919283,2221.6,3.19,0.0
7090,0,179,-0.8219999999999998,0.055865921787709494,2221.8,3.19,0.0
7091,5,846,4.845000000000032,0.05555555555555555,2222.6,3.19,0.0
7092,2,461,1.4599999999999733,0.05639913232104121,2223.0,3.19,0.0
7093,3,579,2.5779999999999603,0.055267702936096716,2223.6,3.19,0.0
7094,0,179,-0.8219999999999998,0.055865921787709494,2223.8,3.19,0.0
7095,0,179,-0.8219999999999998,0.05027932960893855,2223.9,3.19,0.0
7096,5,846,4.845000000000032,0.05555555555555555,2224.7,3.19,0.0
7097,3,579,2.5779999999999603,0.055267702936096716,2225.3,3.19,0.0
7098,0,179,-0.8219999999999998,0.055865921787709494,2225.5,3.19,0.0
7099,6,979,5.978000000000075,0.05515832482124617,2226.6,3.19,0.0
7100,1,313,0.3119999999999896,0.054313099041533544,2226.9,3.19,0.0
7101,3,579,2.5779999999999603,0.055267702936096716,2227.5,3.19,0.0
7102,0,179,-0.8219999999999998,0.055865921787709494,2227.7,3.19,0.0
7103,4,717,3.7159999999999895,0.05578800557880056,2228.4,3.19,0.0
7104,0,179,-0.8219999999999998,0.055865921787709494,2228.5,3.19,0.0
7105,0,191,-0.8099999999999998,0.05759162303664921,2228.7,3.19,0.0
7106,0,179,-0.8219999999999998,0.055865921787709494,2228.9,3.19,0.0
7107,1,318,0.31699999999998907,0.05660377358490566,2229.2,3.19,0.0
7108,3,605,2.6039999999999575,0.05619834710743802,2229.8,3.19,0.0
7109,0,179,-0.8219999999999998,0.055865921787709494,2229.9,3.19,0.0
7110,1,313,0.3119999999999896,0.054313099041533544,2230.3,3.19,0.0
7111,1,319,0.31799999999998896,0.05642633228840126,2230.6,3.19,0.0
7112,0,179,-0.8219999999999998,0.055865921787709494,2230.7,3.19,0.0
7113,6,979,5.978000000000075,0.05515832482124617,2231.6,3.19,0.0
7114,1,313,0.3119999999999896,0.054313099041533544,2231.9,3.19,0.0
7115,3,608,2.606999999999957,0.05592105263157895,2232.5,3.19,0.0
7116,0,179,-0.8219999999999998,0.055865921787709494,2232.7,3.19,0.0
7117,0,179,-0.8219999999999998,0.055865921787709494,2232.8,3.19,0.0
7118,3,579,2.5779999999999603,0.055267702936096716,2233.3,3.19,0.0
7119,0,187,-0.8139999999999998,0.058823529411764705,2233.5,3.19,0.0
7120,1,313,0.3119999999999896,0.05750798722044728,2233.8,3.19,0.0
7121,3,579,2.5779999999999603,0.055267702936096716,2234.3,3.19,0.0
7122,1,317,0.3159999999999892,0.056782334384858045,2234.6,3.19,0.0
7123,0,184,-0.8169999999999998,0.059782608695652176,2234.8,3.19,0.0
7124,3,581,2.57999999999996,0.05679862306368331,2235.3,3.19,0.0
7125,0,193,-0.8079999999999998,0.05699481865284974,2235.5,3.19,0.0
7126,0,179,-0.8219999999999998,0.055865921787709494,2235.7,3.19,0.0
7127,4,713,3.711999999999988,0.0546984572230014,2236.3,3.19,0.0
7128,7,1113,7.112000000000036,0.055705300988319856,2237.3,3.19,0.0
7129,2,447,1.4459999999999749,0.05592841163310962,2237.7,3.19,0.0
7130,5,855,4.854000000000035,0.056140350877192984,2238.5,3.19,0.0
7131,2,465,1.4639999999999729,0.05591397849462366,2238.9,3.19,0.0
7132,1,313,0.3119999999999896,0.054313099041533544,2239.2,3.19,0.0
7133,9,1379,9.377999999999888,0.05583756345177665,2240.5,3.18,0.0
7134,1,313,0.3119999999999896,0.05750798722044728,2240.7,3.18,0.0
7135,3,579,2.5779999999999603,0.055267702936096716,2241.3,3.18,0.0
7136,2,446,1.444999999999975,0.05605381165919283,2241.7,3.18,0.0
7137,3,589,2.587999999999959,0.05602716468590832,2242.2,3.18,0.0
7138,1,321,0.31999999999998874,0.056074766355140186,2242.5,3.18,0.0
7139,2,446,1.444999999999975,0.05605381165919283,2242.9,3.18,0.0
7140,2,446,1.444999999999975,0.053811659192825115,2243.3,3.18,0.0
7141,7,1132,7.131000000000025,0.05565371024734982,2244.4,3.18,0.0
7142,2,446,1.444999999999975,0.053811659192825115,2244.8,3.18,0.0
7143,0,183,-0.8179999999999998,0.060109289617486336,2245.0,3.18,0.0
7144,0,179,-0.8219999999999998,0.055865921787709494,2245.1,3.18,0.0
7145,1,315,0.3139999999999894,0.05714285714285714,2245.5,3.18,0.0
7146,1,335,0.3339999999999872,0.056716417910447764,2245.8,3.18,0.0
7147,1,323,0.3219999999999885,0.05572755417956656,2246.1,3.18,0.0
7148,0,179,-0.8219999999999998,0.055865921787709494,2246.3,3.18,0.0
7149,10,1514,10.512999999999813,0.056142668428005284,2247.6,3.18,0.0
7150,1,337,0.335999999999987,0.05637982195845697,2247.9,3.18,0.0
7151,2,446,1.444999999999975,0.05605381165919283,2248.3,3.18,0.0
7152,1,313,0.3119999999999896,0.05750798722044728,2248.6,3.18,0.0
7153,2,446,1.444999999999975,0.053811659192825115,2249.0,3.18,0.0
7154,0,188,-0.8129999999999998,0.05851063829787234,2249.2,3.18,0.0
7155,1,313,0.3119999999999896,0.05750798722044728,2249.5,3.18,0.0
7156,2,446,1.444999999999975,0.053811659192825115,2249.9,3.18,0.0
7157,0,179,-0.8219999999999998,0.055865921787709494,2250.1,3.18,0.0
7158,2,446,1.444999999999975,0.05605381165919283,2250.6,3.18,0.0
7159,2,446,1.444999999999975,0.05605381165919283,2251.1,3.18,0.0
7160,0,179,-0.8219999999999998,0.055865921787709494,2251.2,3.18,0.0
7161,1,313,0.3119999999999896,0.054313099041533544,2251.6,3.18,0.0
7162,3,579,2.5779999999999603,0.055267702936096716,2252.2,3.18,0.0
7163,1,313,0.3119999999999896,0.054313099041533544,2252.6,3.18,0.0
7164,0,186,-0.8149999999999998,0.05913978494623656,2252.8,3.18,0.0
7165,0,179,-0.8219999999999998,0.055865921787709494,2253.0,3.18,0.0
7166,4,713,3.711999999999988,0.056100981767180924,2253.7,3.18,0.0
7167,2,446,1.444999999999975,0.05605381165919283,2254.1,3.18,0.0
7168,2,446,1.444999999999975,0.053811659192825115,2254.6,3.18,0.0
7169,1,313,0.3119999999999896,0.054313099041533544,2254.9,3.18,0.0
7170,1,318,0.31699999999998907,0.05660377358490566,2255.2,3.18,0.0
7171,0,179,-0.8219999999999998,0.055865921787709494,2255.4,3.18,0.0
7172,0,179,-0.8219999999999998,0.055865921787709494,2255.6,3.18,0.0
7173,0,179,-0.8219999999999998,0.055865921787709494,2255.7,3.18,0.0
7174,2,453,1.4519999999999742,0.05739514348785872,2256.2,3.18,0.0
7175,4,713,3.711999999999988,0.0546984572230014,2256.9,3.18,0.0
7176,0,179,-0.8219999999999998,0.055865921787709494,2257.1,3.18,0.0
7177,1,315,0.3139999999999894,0.05714285714285714,2257.4,3.18,0.0
7178,2,446,1.444999999999975,0.05605381165919283,2257.9,3.18,0.0
7179,1,341,0.33999999999998654,0.05571847507331378,2258.2,3.18,0.0
7180,1,313,0.3119999999999896,0.05750798722044728,2258.5,3.18,0.0
7181,1,313,0.3119999999999896,0.05750798722044728,2258.8,3.18,0.0
7182,5,846,4.845000000000032,0.05555555555555555,2259.6,3.18,0.0
7183,0,179,-0.8219999999999998,0.055865921787709494,2259.8,3.18,0.0
7184,3,579,2.5779999999999603,0.055267702936096716,2260.4,3.18,0.0
7185,1,313,0.3119999999999896,0.054313099041533544,2260.7,3.18,0.0
7186,1,313,0.3119999999999896,0.054313099041533544,2260.9,3.18,0.0
7187,0,195,-0.8059999999999998,0.05641025641025641,2261.1,3.18,0.0
7188,3,592,2.590999999999959,0.05574324324324324,2261.7,3.18,0.0
7189,3,579,2.5779999999999603,0.055267702936096716,2262.2,3.18,0.0
7190,0,192,-0.8089999999999998,0.057291666666666664,2262.4,3.18,0.0
7191,0,179,-0.8219999999999998,0.055865921787709494,2262.6,3.18,0.0
7192,3,579,2.5779999999999603,0.055267702936096716,2263.1,3.18,0.0
7193,1,313,0.3119999999999896,0.054313099041533544,2263.4,3.18,0.0
7194,0,179,-0.8219999999999998,0.055865921787709494,2263.6,3.18,0.0
7195,8,1246,8.244999999999962,0.05537720706260032,2264.8,3.18,0.0
7196,3,583,2.58199999999996,0.05660377358490566,2265.3,3.18,0.0
7197,2,446,1.444999999999975,0.05605381165919283,2265.7,3.18,0.0
7198,1,339,0.33799999999998676,0.05604719764011799,2266.1,3.18,0.0
7199,2,446,1.444999999999975,0.05605381165919283,2266.5,3.18,0.0
7200,4,713,3.711999999999988,0.056100981767180924,2267.2,3.18,0.0
7201,1,313,0.3119999999999896,0.05750798722044728,2267.5,3.18,0.0
7202,2,455,1.453999999999974,0.05714285714285714,2267.9,3.18,0.0
7203,1,313,0.3119999999999896,0.05750798722044728,2268.2,3.18,0.0
7204,3,585,2.5839999999999597,0.05641025641025641,2268.8,3.18,0.0
7205,0,192,-0.8089999999999998,0.057291666666666664,2268.9,3.18,0.0
7206,7,1114,7.113000000000035,0.05565529622980251,2270.0,3.17,0.0
7207,4,713,3.711999999999988,0.056100981767180924,2270.6,3.17,0.0
7208,1,336,0.3349999999999871,0.05654761904761905,2271.0,3.17,0.0
7209,2,458,1.4569999999999736,0.056768558951965066,2271.4,3.17,0.0
7210,0,184,-0.8169999999999998,0.059782608695652176,2271.5,3.17,0.0
7211,3,579,2.5779999999999603,0.055267702936096716,2272.1,3.17,0.0
7212,5,857,4.856000000000035,0.056009334889148193,2272.9,3.17,0.0
7213,1,313,0.3119999999999896,0.054313099041533544,2273.2,3.17,0.0
7214,2,446,1.444999999999975,0.05605381165919283,2273.6,3.17,0.0
7215,2,459,1.4579999999999735,0.05664488017429194,2274.0,3.17,0.0
7216,0,179,-0.8219999999999998,0.055865921787709494,2274.2,3.17,0.0
7217,4,713,3.711999999999988,0.056100981767180924,2274.8,3.17,0.0
7218,0,190,-0.8109999999999998,0.05789473684210526,2275.0,3.17,0.0
7219,0,179,-0.8219999999999998,0.055865921787709494,2275.2,3.17,0.0
7220,1,313,0.3119999999999896,0.054313099041533544,2275.4,3.17,0.0
7221,1,313,0.3119999999999896,0.05750798722044728,2275.7,3.17,0.0
7222,0,179,-0.8219999999999998,0.055865921787709494,2275.9,3.17,0.0
7223,1,313,0.3119999999999896,0.054313099041533544,2276.2,3.17,0.0
7224,0,184,-0.8169999999999998,0.059782608695652176,2276.3,3.17,0.0
7225,2,446,1.444999999999975,0.05605381165919283,2276.7,3.17,0.0
7226,0,191,-0.8099999999999998,0.05759162303664921,2276.9,3.17,0.0
7227,4,727,3.725999999999993,0.05639614855570839,2277.6,3.17,0.0
7228,1,313,0.3119999999999896,0.054313099041533544,2277.9,3.17,0.0
7229,1,338,0.33699999999998687,0.05621301775147929,2278.3,3.17,0.0
7230,3,579,2.5779999999999603,0.055267702936096716,2278.9,3.17,0.0
7231,2,446,1.444999999999975,0.05605381165919283,2279.4,3.17,0.0
7232,4,713,3.711999999999988,0.056100981767180924,2280.0,3.17,0.0
7233,1,313,0.3119999999999896,0.05750798722044728,2280.3,3.17,0.0
7234,2,446,1.444999999999975,0.053811659192825115,2280.7,3.17,0.0
7235,1,313,0.3119999999999896,0.054313099041533544,2281.0,3.17,0.0
7236,1,314,0.3129999999999895,0.05732484076433121,2281.3,3.17,0.0
7237,4,713,3.711999999999988,0.0546984572230014,2282.0,3.17,0.0
7238,0,179,-0.8219999999999998,0.055865921787709494,2282.2,3.17,0.0
7239,4,730,3.728999999999994,0.056164383561643834,2283.0,3.17,0.0
7240,5,846,4.845000000000032,0.05555555555555555,2284.0,3.17,0.0
7241,2,461,1.4599999999999733,0.05639913232104121,2284.5,3.17,0.0
7242,1,313,0.3119999999999896,0.054313099041533544,2284.8,3.17,0.0
7243,1,317,0.3159999999999892,0.056782334384858045,2285.2,3.17,0.0
7244,5,846,4.845000000000032,0.05555555555555555,2286.2,3.17,0.0
7245,0,184,-0.8169999999999998,0.059782608695652176,2286.3,3.17,0.0
7246,0,190,-0.8109999999999998,0.05789473684210526,2286.5,3.17,0.0
7247,0,186,-0.8149999999999998,0.05913978494623656,2286.7,3.17,0.0
7248,4,713,3.711999999999988,0.056100981767180924,2287.4,3.17,0.0
7249,0,179,-0.8219999999999998,0.055865921787709494,2287.6,3.17,0.0
7250,3,579,2.5779999999999603,0.055267702936096716,2288.2,3.17,0.0
7251,5,846,4.845000000000032,0.05555555555555555,2288.9,3.17,0.0
7252,3,579,2.5779999999999603,0.055267702936096716,2289.5,3.17,0.0
7253,0,179,-0.8219999999999998,0.055865921787709494,2289.6,3.17,0.0
7254,0,186,-0.8149999999999998,0.05913978494623656,2289.8,3.17,0.0
7255,4,713,3.711999999999988,0.056100981767180924,2290.4,3.17,0.0
7256,2,446,1.444999999999975,0.05605381165919283,2290.9,3.17,0.0
7257,7,1113,7.112000000000036,0.055705300988319856,2291.9,3.17,0.0
7258,3,585,2.5839999999999597,0.05641025641025641,2292.5,3.17,0.0
7259,0,195,-0.8059999999999998,0.05641025641025641,2292.6,3.17,0.0
7260,1,341,0.33999999999998654,0.05571847507331378,2293.0,3.17,0.0
7261,3,579,2.5779999999999603,0.055267702936096716,2293.5,3.17,0.0
7262,0,179,-0.8219999999999998,0.055865921787709494,2293.6,3.17,0.0
7263,4,713,3.711999999999988,0.0546984572230014,2294.3,3.17,0.0
7264,1,313,0.3119999999999896,0.05750798722044728,2294.6,3.17,0.0
7265,1,313,0.3119999999999896,0.054313099041533544,2294.9,3.17,0.0
7266,3,589,2.587999999999959,0.05602716468590832,2295.5,3.17,0.0
7267,1,313,0.3119999999999896,0.054313099041533544,2295.8,3.17,0.0
7268,0,183,-0.8179999999999998,0.060109289617486336,2296.0,3.17,0.0
7269,3,579,2.5779999999999603,0.055267702936096716,2296.6,3.17,0.0
7270,2,454,1.452999999999974,0.05726872246696035,2297.0,3.17,0.0
7271,5,846,4.845000000000032,0.05555555555555555,2297.8,3.16,0.0
7272,3,579,2.5779999999999603,0.055267702936096716,2298.3,3.16,0.0
7273,0,179,-0.8219999999999998,0.055865921787709494,2298.5,3.16,0.0
7274,0,179,-0.8219999999999998,0.055865921787709494,2298.7,3.16,0.0
7275,2,446,1.444999999999975,0.05605381165919283,2299.1,3.16,0.0
7276,6,979,5.978000000000075,0.05515832482124617,2300.0,3.16,0.0
7277,1,313,0.3119999999999896,0.054313099041533544,2300.3,3.16,0.0
7278,0,186,-0.8149999999999998,0.05913978494623656,2300.5,3.16,0.0
7279,0,179,-0.8219999999999998,0.055865921787709494,2300.6,3.16,0.0
7280,3,591,2.589999999999959,0.05583756345177665,2301.2,3.16,0.0
7281,2,446,1.444999999999975,0.05605381165919283,2301.6,3.16,0.0
7282,0,179,-0.8219999999999998,0.055865921787709494,2301.8,3.16,0.0
7283,0,179,-0.8219999999999998,0.055865921787709494,2302.0,3.16,0.0
7284,0,179,-0.8219999999999998,0.055865921787709494,2302.1,3.16,0.0
7285,1,313,0.3119999999999896,0.054313099041533544,2302.4,3.16,0.0
7286,2,457,1.4559999999999738,0.05689277899343545,2302.8,3.16,0.0
7287,0,188,-0.8129999999999998,0.05851063829787234,2303.0,3.16,0.0
7288,3,582,2.58099999999996,0.05670103092783505,2303.6,3.16,0.0
7289,0,179,-0.8219999999999998,0.055865921787709494,2303.8,3.16,0.0
7290,6,1003,6.002000000000083,0.05583250249252243,2304.7,3.16,0.0
7291,0,179,-0.8219999999999998,0.055865921787709494,2304.9,3.16,0.0
7292,5,854,4.853000000000034,0.05620608899297424,2305.7,3.16,0.0
7293,0,179,-0.8219999999999998,0.055865921787709494,2305.9,3.16,0.0
7294,0,188,-0.8129999999999998,0.05851063829787234,2306.0,3.16,0.0
7295,3,591,2.589999999999959,0.05583756345177665,2306.6,3.16,0.0
7296,1,313,0.3119999999999896,0.05750798722044728,2306.9,3.16,0.0
7297,2,455,1.453999999999974,0.05714285714285714,2307.4,3.16,0.0
7298,6,979,5.978000000000075,0.05515832482124617,2308.3,3.16,0.0
7299,2,452,1.4509999999999743,0.05752212389380531,2308.7,3.16,0.0
7300,1,313,0.3119999999999896,0.05750798722044728,2309.0,3.16,0.0
7301,1,317,0.3159999999999892,0.056782334384858045,2309.3,3.16,0.0
7302,1,313,0.3119999999999896,0.054313099041533544,2309.6,3.16,0.0
7303,4,727,3.725999999999993,0.05639614855570839,2310.3,3.16,0.0
7304,0,184,-0.8169999999999998,0.059782608695652176,2310.5,3.16,0.0
7305,0,179,-0.8219999999999998,0.055865921787709494,2310.7,3.16,0.0
7306,0,179,-0.8219999999999998,0.055865921787709494,2310.8,3.16,0.0
7307,0,185,-0.8159999999999998,0.05945945945945946,2311.0,3.16,0.0
7308,3,593,2.591999999999959,0.05564924114671164,2311.6,3.16,0.0
7309,1,336,0.3349999999999871,0.05654761904761905,2311.9,3.16,0.0
7310,3,610,2.608999999999957,0.05573770491803279,2312.5,3.16,0.0
7311,1,314,0.3129999999999895,0.05732484076433121,2312.8,3.16,0.0
7312,2,465,1.4639999999999729,0.05591397849462366,2313.3,3.16,0.0
7313,0,179,-0.8219999999999998,0.055865921787709494,2313.4,3.16,0.0
7314,2,456,1.4549999999999739,0.05701754385964912,2313.9,3.16,0.0
7315,0,179,-0.8219999999999998,0.055865921787709494,2314.0,3.16,0.0
7316,1,313,0.3119999999999896,0.054313099041533544,2314.3,3.16,0.0
7317,0,179,-0.8219999999999998,0.055865921787709494,2314.5,3.16,0.0
7318,0,188,-0.8129999999999998,0.05851063829787234,2314.7,3.16,0.0
7319,0,190,-0.8109999999999998,0.05789473684210526,2314.9,3.16,0.0
7320,4,713,3.711999999999988,0.056100981767180924,2315.6,3.16,0.0
7321,3,583,2.58199999999996,0.05660377358490566,2316.1,3.16,0.0
7322,1,321,0.31999999999998874,0.056074766355140186,2316.4,3.16,0.0
7323,0,184,-0.8169999999999998,0.059782608695652176,2316.6,3.16,0.0
7324,4,713,3.711999999999988,0.056100981767180924,2317.2,3.16,0.0
7325,0,179,-0.8219999999999998,0.055865921787709494,2317.4,3.16,0.0
7326,0,179,-0.8219999999999998,0.055865921787709494,2317.6,3.16,0.0
7327,0,179,-0.8219999999999998,0.055865921787709494,2317.8,3.16,0.0
7328,6,979,5.978000000000075,0.05515832482124617,2318.7,3.16,0.0
7329,4,717,3.7159999999999895,0.05578800557880056,2319.4,3.16,0.0
7330,6,979,5.978000000000075,0.056179775280898875,2320.3,3.16,0.0
7331,3,579,2.5779999999999603,0.055267702936096716,2320.9,3.16,0.0
7332,1,320,0.31899999999998885,0.05625,2321.2,3.16,0.0
7333,2,446,1.444999999999975,0.05605381165919283,2321.6,3.16,0.0
7334,6,979,5.978000000000075,0.05515832482124617,2322.5,3.16,0.0
7335,1,313,0.3119999999999896,0.05750798722044728,2322.8,3.16,0.0
7336,3,588,2.5869999999999593,0.05612244897959184,2323.3,3.16,0.0
7337,0,179,-0.8219999999999998,0.055865921787709494,2323.5,3.16,0.0
7338,0,179,-0.8219999999999998,0.055865921787709494,2323.6,3.16,0.0
7339,1,314,0.3129999999999895,0.05732484076433121,2323.9,3.16,0.0
7340,7,1113,7.112000000000036,0.055705300988319856,2324.9,3.16,0.0
7341,4,731,3.729999999999994,0.0560875512995896,2325.6,3.16,0.0
7342,1,335,0.3339999999999872,0.056716417910447764,2325.9,3.16,0.0
7343,2,446,1.444999999999975,0.05605381165919283,2326.4,3.16,0.0
7344,11,1646,11.64499999999974,0.05589307411907655,2328.0,3.16,0.0
7345,1,313,0.3119999999999896,0.054313099041533544,2328.3,3.16,0.0
7346,1,319,0.31799999999998896,0.05642633228840126,2328.6,3.16,0.0
7347,6,979,5.978000000000075,0.05515832482124617,2329.5,3.15,0.0
7348,1,313,0.3119999999999896,0.054313099041533544,2329.8,3.15,0.0
7349,5,846,4.845000000000032,0.05555555555555555,2330.6,3.15,0.0
7350,1,313,0.3119999999999896,0.054313099041533544,2330.9,3.15,0.0
7351,0,179,-0.8219999999999998,0.055865921787709494,2331.1,3.15,0.0
7352,0,190,-0.8109999999999998,0.05789473684210526,2331.3,3.15,0.0
7353,2,453,1.4519999999999742,0.05739514348785872,2331.7,3.15,0.0
7354,8,1251,8.24999999999996,0.055955235811350916,2332.9,3.15,0.0
7355,5,852,4.851000000000034,0.056338028169014086,2333.6,3.15,0.0
7356,2,447,1.4459999999999749,0.05592841163310962,2334.0,3.15,0.0
7357,4,713,3.711999999999988,0.056100981767180924,2334.7,3.15,0.0
7358,3,583,2.58199999999996,0.05660377358490566,2335.3,3.15,0.0
7359,3,600,2.598999999999958,0.056666666666666664,2335.8,3.15,0.0
7360,1,313,0.3119999999999896,0.054313099041533544,2336.1,3.15,0.0
7361,0,179,-0.8219999999999998,0.055865921787709494,2336.3,3.15,0.0
7362,0,179,-0.8219999999999998,0.055865921787709494,2336.4,3.15,0.0
7363,3,579,2.5779999999999603,0.055267702936096716,2337.0,3.15,0.0
7364,1,313,0.3119999999999896,0.05750798722044728,2337.3,3.15,0.0
7365,3,579,2.5779999999999603,0.055267702936096716,2337.8,3.15,0.0
7366,1,313,0.3119999999999896,0.05750798722044728,2338.1,3.15,0.0
7367,2,446,1.444999999999975,0.05605381165919283,2338.5,3.15,0.0
7368,0,179,-0.8219999999999998,0.055865921787709494,2338.7,3.15,0.0
7369,1,313,0.3119999999999896,0.054313099041533544,2339.0,3.15,0.0
7370,0,195,-0.8059999999999998,0.05641025641025641,2339.1,3.15,0.0
7371,0,186,-0.8149999999999998,0.05913978494623656,2339.3,3.15,0.0
7372,3,588,2.5869999999999593,0.05612244897959184,2339.8,3.15,0.0
7373,3,590,2.588999999999959,0.05593220338983051,2340.3,3.15,0.0
7374,2,457,1.4559999999999738,0.05689277899343545,2340.8,3.15,0.0
7375,5,846,4.845000000000032,0.05555555555555555,2341.6,3.15,0.0
7376,1,335,0.3339999999999872,0.056716417910447764,2341.9,3.15,0.0
7377,1,313,0.3119999999999896,0.05750798722044728,2342.3,3.15,0.0
7378,0,179,-0.8219999999999998,0.055865921787709494,2342.5,3.15,0.0
7379,0,179,-0.8219999999999998,0.055865921787709494,2342.7,3.15,0.0
7380,1,313,0.3119999999999896,0.054313099041533544,2343.0,3.15,0.0
7381,2,446,1.444999999999975,0.053811659192825115,2343.4,3.15,0.0
7382,0,179,-0.8219999999999998,0.055865921787709494,2343.6,3.15,0.0
7383,2,446,1.444999999999975,0.05605381165919283,2344.1,3.15,0.0
7384,2,480,1.4789999999999712,0.05625,2344.5,3.15,0.0
7385,8,1246,8.244999999999962,0.05537720706260032,2345.7,3.15,0.0
7386,1,313,0.3119999999999896,0.054313099041533544,2346.0,3.15,0.0
7387,1,313,0.3119999999999896,0.05750798722044728,2346.3,3.15,0.0
7388,6,979,5.978000000000075,0.056179775280898875,2347.2,3.15,0.0
7389,5,846,4.845000000000032,0.05555555555555555,2348.0,3.15,0.0
7390,3,579,2.5779999999999603,0.055267702936096716,2348.5,3.15,0.0
7391,1,313,0.3119999999999896,0.054313099041533544,2348.8,3.15,0.0
7392,0,179,-0.8219999999999998,0.055865921787709494,2349.0,3.15,0.0
7393,0,179,-0.8219999999999998,0.055865921787709494,2349.1,3.15,0.0
7394,2,446,1.444999999999975,0.05605381165919283,2349.5,3.15,0.0
7395,2,456,1.4549999999999739,0.05701754385964912,2350.0,3.15,0.0
7396,0,179,-0.8219999999999998,0.055865921787709494,2350.2,3.15,0.0
7397,6,983,5.982000000000077,0.05595116988809766,2351.1,3.15,0.0
7398,1,313,0.3119999999999896,0.054313099041533544,2351.4,3.15,0.0
7399,0,179,-0.8219999999999998,0.055865921787709494,2351.5,3.15,0.0
7400,4,737,3.735999999999996,0.05563093622795115,2352.2,3.15,0.0
7401,5,846,4.845000000000032,0.05555555555555555,2353.0,3.15,0.0
7402,1,313,0.3119999999999896,0.054313099041533544,2353.4,3.15,0.0
7403,3,579,2.5779999999999603,0.05699481865284974,2353.9,3.15,0.0
7404,2,446,1.444999999999975,0.05605381165919283,2354.3,3.15,0.0
7405,0,179,-0.8219999999999998,0.055865921787709494,2354.5,3.15,0.0
7406,0,186,-0.8149999999999998,0.05913978494623656,2354.7,3.15,0.0
7407,0,185,-0.8159999999999998,0.05945945945945946,2354.8,3.15,0.0
7408,1,315,0.3139999999999894,0.05714285714285714,2355.1,3.15,0.0
7409,2,446,1.444999999999975,0.053811659192825115,2355.5,3.15,0.0
7410,1,336,0.3349999999999871,0.05654761904761905,2355.9,3.15,0.0
7411,2,446,1.444999999999975,0.05605381165919283,2356.3,3.15,0.0
7412,0,179,-0.8219999999999998,0.055865921787709494,2356.4,3.15,0.0
7413,1,338,0.33699999999998687,0.05621301775147929,2356.8,3.15,0.0
7414,0,179,-0.8219999999999998,0.055865921787709494,2356.9,3.15,0.0
7415,1,318,0.31699999999998907,0.05660377358490566,2357.2,3.15,0.0
7416,1,320,0.31899999999998885,0.05625,2357.5,3.15,0.0
7417,4,713,3.711999999999988,0.056100981767180924,2358.2,3.15,0.0
7418,4,736,3.734999999999996,0.05570652173913043,2358.9,3.15,0.0
7419,3,579,2.5779999999999603,0.055267702936096716,2359.4,3.14,0.0
7420,1,317,0.3159999999999892,0.056782334384858045,2359.7,3.14,0.0
7421,3,609,2.607999999999957,0.05582922824302135,2360.3,3.14,0.0
7422,0,192,-0.8089999999999998,0.057291666666666664,2360.5,3.14,0.0
7423,0,179,-0.8219999999999998,0.055865921787709494,2360.7,3.14,0.0
7424,0,192,-0.8089999999999998,0.057291666666666664,2360.9,3.14,0.0
7425,1,313,0.3119999999999896,0.054313099041533544,2361.3,3.14,0.0
7426,1,313,0.3119999999999896,0.05750798722044728,2361.5,3.15,0.0
7427,3,579,2.5779999999999603,0.055267702936096716,2361.8,3.15,0.0
7428,4,713,3.711999999999988,0.056100981767180924,2362.5,3.14,0.0
7429,0,179,-0.8219999999999998,0.055865921787709494,2362.7,3.14,0.0
7430,0,179,-0.8219999999999998,0.055865921787709494,2362.9,3.14,0.0
7431,5,846,4.845000000000032,0.05555555555555555,2363.7,3.14,0.0
7432,4,713,3.711999999999988,0.0546984572230014,2364.4,3.14,0.0
7433,5,846,4.845000000000032,0.054373522458628844,2365.2,3.14,0.0
7434,0,193,-0.8079999999999998,0.05699481865284974,2365.3,3.14,0.0
7435,6,979,5.978000000000075,0.056179775280898875,2366.3,3.14,0.0
7436,2,446,1.444999999999975,0.053811659192825115,2366.7,3.14,0.0
7437,3,579,2.5779999999999603,0.055267702936096716,2367.2,3.14,0.0
7438,3,579,2.5779999999999603,0.055267702936096716,2367.8,3.14,0.0
7439,2,446,1.444999999999975,0.05605381165919283,2368.2,3.14,0.0
7440,7,1113,7.112000000000036,0.055705300988319856,2369.2,3.14,0.0
7441,0,184,-0.8169999999999998,0.059782608695652176,2369.4,3.14,0.0
7442,1,313,0.3119999999999896,0.054313099041533544,2369.7,3.14,0.0
7443,1,313,0.3119999999999896,0.054313099041533544,2370.0,3.14,0.0
7444,4,718,3.71699999999999,0.055710306406685235,2370.7,3.14,0.0
7445,6,979,5.978000000000075,0.05515832482124617,2371.6,3.14,0.0
7446,1,320,0.31899999999998885,0.05625,2371.9,3.14,0.0
7447,0,179,-0.8219999999999998,0.055865921787709494,2372.0,3.14,0.0
7448,0,179,-0.8219999999999998,0.055865921787709494,2372.2,3.14,0.0
7449,0,189,-0.8119999999999998,0.0582010582010582,2372.4,3.14,0.0
7450,2,458,1.4569999999999736,0.056768558951965066,2372.8,3.14,0.0
7451,0,179,-0.8219999999999998,0.055865921787709494,2373.0,3.14,0.0
7452,0,179,-0.8219999999999998,0.055865921787709494,2373.2,3.14,0.0
7453,9,1389,9.387999999999883,0.056155507559395246,2374.5,3.14,0.0
7454,0,179,-0.8219999999999998,0.055865921787709494,2374.7,3.14,0.0
7455,1,313,0.3119999999999896,0.05750798722044728,2374.9,3.14,0.0
7456,4,728,3.726999999999993,0.05631868131868132,2375.6,3.14,0.0
7457,3,585,2.5839999999999597,0.05641025641025641,2376.2,3.14,0.0
7458,0,179,-0.8219999999999998,0.055865921787709494,2376.3,3.14,0.0
7459,2,465,1.4639999999999729,0.05591397849462366,2376.8,3.14,0.0
7460,1,313,0.3119999999999896,0.054313099041533544,2377.1,3.14,0.0
7461,1,316,0.3149999999999893,0.056962025316455694,2377.3,3.14,0.0
7462,1,318,0.31699999999998907,0.05660377358490566,2377.6,3.14,0.0
7463,1,313,0.3119999999999896,0.054313099041533544,2378.0,3.14,0.0
7464,2,446,1.444999999999975,0.05605381165919283,2378.4,3.14,0.0
7465,1,313,0.3119999999999896,0.054313099041533544,2378.7,3.14,0.0
7466,3,579,2.5779999999999603,0.055267702936096716,2379.3,3.14,0.0
7467,1,313,0.3119999999999896,0.054313099041533544,2379.6,3.14,0.0
7468,0,179,-0.8219999999999998,0.055865921787709494,2379.7,3.14,0.0
7469,0,193,-0.8079999999999998,0.05699481865284974,2379.9,3.14,0.0
7470,4,728,3.726999999999993,0.05631868131868132,2380.6,3.14,0.0
7471,1,336,0.3349999999999871,0.05654761904761905,2380.9,3.14,0.0
7472,3,579,2.5779999999999603,0.055267702936096716,2381.5,3.14,0.0
7473,0,190,-0.8109999999999998,0.05789473684210526,2381.7,3.14,0.0
7474,0,182,-0.8189999999999998,0.06043956043956044,2381.8,3.14,0.0
7475,0,179,-0.8219999999999998,0.055865921787709494,2382.0,3.14,0.0
7476,3,579,2.5779999999999603,0.055267702936096716,2382.5,3.14,0.0
7477,1,334,0.3329999999999873,0.05688622754491018,2382.8,3.14,0.0
7478,0,183,-0.8179999999999998,0.060109289617486336,2383.0,3.14,0.0
7479,2,462,1.4609999999999732,0.05627705627705628,2383.4,3.14,0.0
7480,3,609,2.607999999999957,0.05582922824302135,2384.0,3.14,0.0
7481,1,313,0.3119999999999896,0.05750798722044728,2384.3,3.14,0.0
7482,2,463,1.461999999999973,0.056155507559395246,2384.8,3.14,0.0
7483,7,1113,7.112000000000036,0.055705300988319856,2385.8,3.14,0.0
7484,8,1246,8.244999999999962,0.056179775280898875,2387.0,3.14,0.0
7485,4,713,3.711999999999988,0.056100981767180924,2387.6,3.14,0.0
7486,5,846,4.845000000000032,0.05555555555555555,2388.4,3.13,0.0
7487,2,446,1.444999999999975,0.05605381165919283,2388.8,3.13,0.0
7488,5,846,4.845000000000032,0.05555555555555555,2389.6,3.13,0.0
7489,0,179,-0.8219999999999998,0.055865921787709494,2389.8,3.13,0.0
7490,2,446,1.444999999999975,0.05605381165919283,2390.2,3.13,0.0
7491,2,446,1.444999999999975,0.05605381165919283,2390.7,3.13,0.0
7492,1,313,0.3119999999999896,0.05750798722044728,2390.9,3.13,0.0
7493,1,313,0.3119999999999896,0.05750798722044728,2391.2,3.13,0.0
7494,0,179,-0.8219999999999998,0.055865921787709494,2391.4,3.13,0.0
7495,1,313,0.3119999999999896,0.05750798722044728,2391.7,3.13,0.0
7496,2,466,1.4649999999999728,0.055793991416309016,2392.1,3.13,0.0
7497,3,579,2.5779999999999603,0.055267702936096716,2392.7,3.13,0.0
7498,0,179,-0.8219999999999998,0.055865921787709494,2392.9,3.13,0.0
7499,0,179,-0.8219999999999998,0.055865921787709494,2393.0,3.13,0.0
7500,0,190,-0.8109999999999998,0.05789473684210526,2393.2,3.13,0.0
7501,0,183,-0.8179999999999998,0.060109289617486336,2398.4,3.13,0.0
7502,6,980,5.979000000000076,0.05612244897959184,2399.3,3.13,0.0
7503,3,579,2.5779999999999603,0.05699481865284974,2399.9,3.13,0.0
7504,0,179,-0.8219999999999998,0.055865921787709494,2400.0,3.13,0.0
7505,0,179,-0.8219999999999998,0.055865921787709494,2400.2,3.13,0.0
7506,3,579,2.5779999999999603,0.055267702936096716,2400.8,3.13,0.0
7507,2,446,1.444999999999975,0.05605381165919283,2401.2,3.13,0.0
7508,1,317,0.3159999999999892,0.056782334384858045,2401.5,3.13,0.0
7509,2,446,1.444999999999975,0.05605381165919283,2401.9,3.13,0.0
7510,0,179,-0.8219999999999998,0.055865921787709494,2402.1,3.13,0.0
7511,2,446,1.444999999999975,0.05605381165919283,2402.5,3.13,0.0
7512,2,446,1.444999999999975,0.05605381165919283,2402.9,3.13,0.0
7513,2,457,1.4559999999999738,0.05689277899343545,2403.3,3.13,0.0
7514,0,189,-0.8119999999999998,0.0582010582010582,2403.5,3.13,0.0
7515,1,313,0.3119999999999896,0.054313099041533544,2403.8,3.13,0.0
7516,1,316,0.3149999999999893,0.056962025316455694,2404.0,3.13,0.0
7517,8,1249,8.24799999999996,0.05604483586869496,2405.2,3.13,0.0
7518,2,446,1.444999999999975,0.05605381165919283,2405.6,3.13,0.0
7519,0,179,-0.8219999999999998,0.055865921787709494,2405.8,3.13,0.0
7520,2,446,1.444999999999975,0.053811659192825115,2406.2,3.13,0.0
7521,2,446,1.444999999999975,0.05605381165919283,2406.6,3.13,0.0
7522,1,313,0.3119999999999896,0.054313099041533544,2406.9,3.13,0.0
7523,3,579,2.5779999999999603,0.055267702936096716,2407.4,3.13,0.0
7524,5,861,4.860000000000037,0.05574912891986063,2408.2,3.12,0.0
7525,3,590,2.588999999999959,0.05593220338983051,2408.9,3.12,0.0
7526,2,446,1.444999999999975,0.05605381165919283,2409.3,3.12,0.0
7527,2,459,1.4579999999999735,0.05664488017429194,2409.7,3.12,0.0
7528,0,179,-0.8219999999999998,0.055865921787709494,2409.9,3.12,0.0
7529,1,313,0.3119999999999896,0.054313099041533544,2410.2,3.12,0.0
7530,1,313,0.3119999999999896,0.054313099041533544,2410.6,3.12,0.0
7531,1,313,0.3119999999999896,0.05750798722044728,2410.9,3.12,0.0
7532,1,335,0.3339999999999872,0.056716417910447764,2411.2,3.12,0.0
7533,2,456,1.4549999999999739,0.05701754385964912,2411.7,3.12,0.0
7534,3,590,2.588999999999959,0.05593220338983051,2412.2,3.12,0.0
7535,2,446,1.444999999999975,0.05605381165919283,2412.7,3.12,0.0
7536,3,587,2.5859999999999594,0.056218057921635436,2413.7,3.12,0.0
7537,0,179,-0.8219999999999998,0.055865921787709494,2413.9,3.12,0.0
7538,1,313,0.3119999999999896,0.05750798722044728,2414.3,3.12,0.0
7539,5,846,4.845000000000032,0.05555555555555555,2415.3,3.12,0.0
7540,2,447,1.4459999999999749,0.05592841163310962,2415.6,3.12,0.0
7541,4,713,3.711999999999988,0.056100981767180924,2416.5,3.12,0.0
7542,1,313,0.3119999999999896,0.05750798722044728,2417.0,3.12,0.0
7543,0,179,-0.8219999999999998,0.055865921787709494,2417.3,3.12,0.0
7544,4,729,3.7279999999999935,0.056241426611796985,2418.1,3.12,0.0
7545,1,322,0.32099999999998863,0.055900621118012424,2418.5,3.12,0.0
7546,2,446,1.444999999999975,0.053811659192825115,2419.0,3.12,0.0
7547,2,446,1.444999999999975,0.05605381165919283,2419.5,3.12,0.0
7548,0,184,-0.8169999999999998,0.059782608695652176,2419.7,3.12,0.0
7549,0,192,-0.8089999999999998,0.057291666666666664,2419.9,3.12,0.0
7550,0,187,-0.8139999999999998,0.058823529411764705,2420.1,3.12,0.0
7551,0,179,-0.8219999999999998,0.055865921787709494,2420.3,3.12,0.0
7552,9,1379,9.377999999999888,0.05583756345177665,2421.8,3.12,0.0
7553,0,197,-0.8039999999999998,0.05583756345177665,2422.0,3.12,0.0
7554,0,179,-0.8219999999999998,0.055865921787709494,2422.2,3.12,0.0
7555,1,320,0.31899999999998885,0.05625,2422.5,3.12,0.0
7556,2,457,1.4559999999999738,0.05689277899343545,2423.1,3.12,0.0
7557,3,590,2.588999999999959,0.05593220338983051,2423.7,3.12,0.0
7558,0,188,-0.8129999999999998,0.05851063829787234,2423.9,3.12,0.0
7559,0,179,-0.8219999999999998,0.05027932960893855,2424.1,3.12,0.0
7560,1,313,0.3119999999999896,0.054313099041533544,2424.4,3.12,0.0
7561,4,713,3.711999999999988,0.056100981767180924,2425.3,3.12,0.0
7562,1,313,0.3119999999999896,0.054313099041533544,2425.7,3.12,0.0
7563,0,179,-0.8219999999999998,0.055865921787709494,2425.9,3.12,0.0
7564,4,713,3.711999999999988,0.0546984572230014,2426.7,3.12,0.0
7565,0,179,-0.8219999999999998,0.055865921787709494,2426.9,3.12,0.0
7566,4,729,3.7279999999999935,0.056241426611796985,2427.7,3.12,0.0
7567,1,313,0.3119999999999896,0.05750798722044728,2428.1,3.12,0.0
7568,1,318,0.31699999999998907,0.05660377358490566,2428.5,3.12,0.0
7569,0,179,-0.8219999999999998,0.055865921787709494,2428.7,3.12,0.0
7570,0,179,-0.8219999999999998,0.055865921787709494,2428.8,3.12,0.0
7571,5,846,4.845000000000032,0.05555555555555555,2429.8,3.12,0.0
7572,10,1513,10.511999999999814,0.05551883674818242,2431.6,3.11,0.0
7573,2,454,1.452999999999974,0.05726872246696035,2432.1,3.11,0.0
7574,3,579,2.5779999999999603,0.055267702936096716,2432.7,3.11,0.0
7575,4,718,3.71699999999999,0.055710306406685235,2433.6,3.11,0.0
7576,0,179,-0.8219999999999998,0.055865921787709494,2433.8,3.11,0.0
7577,3,579,2.5779999999999603,0.055267702936096716,2434.5,3.11,0.0
7578,1,313,0.3119999999999896,0.054313099041533544,2435.0,3.11,0.0
7579,2,446,1.444999999999975,0.05605381165919283,2435.6,3.11,0.0
7580,0,186,-0.8149999999999998,0.05913978494623656,2435.7,3.11,0.0
7581,3,579,2.5779999999999603,0.055267702936096716,2436.3,3.11,0.0
7582,1,313,0.3119999999999896,0.05750798722044728,2436.7,3.11,0.0
7583,2,453,1.4519999999999742,0.05739514348785872,2437.2,3.11,0.0
7584,1,313,0.3119999999999896,0.054313099041533544,2437.6,3.11,0.0
7585,0,179,-0.8219999999999998,0.055865921787709494,2437.8,3.11,0.0
7586,0,187,-0.8139999999999998,0.058823529411764705,2438.0,3.11,0.0
7587,4,713,3.711999999999988,0.0546984572230014,2438.8,3.11,0.0
7588,5,846,4.845000000000032,0.05555555555555555,2439.6,3.11,0.0
7589,1,321,0.31999999999998874,0.056074766355140186,2439.9,3.11,0.0
7590,0,179,-0.8219999999999998,0.055865921787709494,2440.1,3.11,0.0
7591,6,979,5.978000000000075,0.056179775280898875,2441.1,3.11,0.0
7592,0,179,-0.8219999999999998,0.055865921787709494,2441.3,3.11,0.0
7593,0,179,-0.8219999999999998,0.055865921787709494,2441.4,3.11,0.0
7594,4,735,3.7339999999999955,0.055782312925170066,2442.2,3.11,0.0
7595,3,579,2.5779999999999603,0.055267702936096716,2442.7,3.11,0.0
7596,1,313,0.3119999999999896,0.05750798722044728,2443.0,3.11,0.0
7597,6,979,5.978000000000075,0.05515832482124617,2443.9,3.11,0.0
7598,1,338,0.33699999999998687,0.05621301775147929,2444.3,3.11,0.0
7599,3,609,2.607999999999957,0.05582922824302135,2445.0,3.11,0.0
7600,2,446,1.444999999999975,0.05605381165919283,2445.4,3.11,0.0
7601,1,335,0.3339999999999872,0.056716417910447764,2445.7,3.11,0.0
7602,3,579,2.5779999999999603,0.055267702936096716,2446.3,3.11,0.0
7603,1,313,0.3119999999999896,0.05750798722044728,2446.6,3.11,0.0
7604,5,852,4.851000000000034,0.056338028169014086,2447.4,3.11,0.0
7605,0,195,-0.8059999999999998,0.05641025641025641,2447.6,3.11,0.0
7606,3,579,2.5779999999999603,0.055267702936096716,2448.2,3.11,0.0
7607,2,453,1.4519999999999742,0.05739514348785872,2448.6,3.11,0.0
7608,0,186,-0.8149999999999998,0.05913978494623656,2448.8,3.11,0.0
7609,2,446,1.444999999999975,0.05605381165919283,2449.2,3.11,0.0
7610,0,179,-0.8219999999999998,0.055865921787709494,2449.4,3.11,0.0
7611,3,610,2.608999999999957,0.05573770491803279,2450.0,3.11,0.0
7612,6,979,5.978000000000075,0.056179775280898875,2450.9,3.11,0.0
7613,2,463,1.461999999999973,0.056155507559395246,2451.4,3.11,0.0
7614,0,179,-0.8219999999999998,0.055865921787709494,2451.5,3.11,0.0
7615,0,179,-0.8219999999999998,0.055865921787709494,2451.7,3.11,0.0
7616,0,179,-0.8219999999999998,0.055865921787709494,2451.9,3.11,0.0
7617,0,179,-0.8219999999999998,0.05027932960893855,2452.0,3.11,0.0
7618,0,179,-0.8219999999999998,0.055865921787709494,2452.2,3.11,0.0
7619,2,446,1.444999999999975,0.05605381165919283,2452.7,3.11,0.0
7620,1,313,0.3119999999999896,0.05750798722044728,2453.1,3.11,0.0
7621,2,446,1.444999999999975,0.05605381165919283,2453.6,3.11,0.0
7622,0,179,-0.8219999999999998,0.055865921787709494,2453.7,3.11,0.0
7623,3,579,2.5779999999999603,0.055267702936096716,2454.3,3.11,0.0
7624,1,313,0.3119999999999896,0.054313099041533544,2454.7,3.11,0.0
7625,3,579,2.5779999999999603,0.055267702936096716,2455.2,3.11,0.0
7626,0,187,-0.8139999999999998,0.058823529411764705,2455.4,3.11,0.0
7627,2,446,1.444999999999975,0.05605381165919283,2455.9,3.11,0.0
7628,2,446,1.444999999999975,0.05605381165919283,2456.3,3.11,0.0
7629,3,610,2.608999999999957,0.05573770491803279,2456.9,3.11,0.0
7630,2,446,1.444999999999975,0.05605381165919283,2457.3,3.11,0.0
7631,0,179,-0.8219999999999998,0.055865921787709494,2457.5,3.11,0.0
7632,1,313,0.3119999999999896,0.05750798722044728,2457.7,3.11,0.0
7633,3,587,2.5859999999999594,0.056218057921635436,2458.3,3.11,0.0
7634,0,179,-0.8219999999999998,0.055865921787709494,2458.5,3.11,0.0
7635,0,179,-0.8219999999999998,0.055865921787709494,2458.6,3.11,0.0
7636,0,187,-0.8139999999999998,0.058823529411764705,2458.8,3.11,0.0
7637,1,333,0.3319999999999874,0.057057057057057055,2459.1,3.11,0.0
7638,2,446,1.444999999999975,0.05605381165919283,2459.5,3.11,0.0
7639,3,579,2.5779999999999603,0.055267702936096716,2460.1,3.11,0.0
7640,0,179,-0.8219999999999998,0.055865921787709494,2460.2,3.11,0.0
7641,4,713,3.711999999999988,0.0546984572230014,2460.9,3.11,0.0
7642,0,183,-0.8179999999999998,0.060109289617486336,2461.1,3.11,0.0
7643,5,846,4.845000000000032,0.05555555555555555,2461.9,3.10,0.0
7644,0,179,-0.8219999999999998,0.055865921787709494,2462.0,3.11,0.0
7645,0,191,-0.8099999999999998,0.05759162303664921,2462.2,3.11,0.0
7646,3,610,2.608999999999957,0.05573770491803279,2462.8,3.11,0.0
7647,2,446,1.444999999999975,0.05605381165919283,2463.2,3.10,0.0
7648,0,179,-0.8219999999999998,0.055865921787709494,2463.3,3.11,0.0
7649,5,846,4.845000000000032,0.05555555555555555,2464.2,3.10,0.0
7650,0,186,-0.8149999999999998,0.05913978494623656,2464.3,3.10,0.0
7651,1,320,0.31899999999998885,0.05625,2464.6,3.10,0.0
7652,4,714,3.7129999999999885,0.056022408963585436,2465.3,3.10,0.0
7653,3,609,2.607999999999957,0.05582922824302135,2465.9,3.10,0.0
7654,5,846,4.845000000000032,0.05555555555555555,2466.7,3.10,0.0
7655,1,335,0.3339999999999872,0.056716417910447764,2467.0,3.10,0.0
7656,4,737,3.735999999999996,0.05563093622795115,2467.7,3.10,0.0
7657,6,979,5.978000000000075,0.056179775280898875,2468.6,3.10,0.0
7658,2,446,1.444999999999975,0.05605381165919283,2469.0,3.10,0.0
7659,3,589,2.587999999999959,0.05602716468590832,2469.6,3.10,0.0
7660,0,179,-0.8219999999999998,0.055865921787709494,2469.7,3.10,0.0
7661,1,313,0.3119999999999896,0.05750798722044728,2470.0,3.10,0.0
7662,3,585,2.5839999999999597,0.05641025641025641,2470.6,3.10,0.0
7663,0,179,-0.8219999999999998,0.055865921787709494,2470.8,3.10,0.0
7664,0,179,-0.8219999999999998,0.055865921787709494,2470.9,3.10,0.0
7665,0,184,-0.8169999999999998,0.059782608695652176,2471.1,3.10,0.0
7666,6,979,5.978000000000075,0.05515832482124617,2472.0,3.10,0.0
7667,0,179,-0.8219999999999998,0.055865921787709494,2472.2,3.10,0.0
7668,7,1113,7.112000000000036,0.055705300988319856,2473.2,3.10,0.0
7669,0,179,-0.8219999999999998,0.055865921787709494,2473.4,3.10,0.0
7670,0,186,-0.8149999999999998,0.05913978494623656,2473.5,3.10,0.0
7671,3,579,2.5779999999999603,0.055267702936096716,2474.1,3.10,0.0
7672,0,189,-0.8119999999999998,0.0582010582010582,2474.2,3.10,0.0
7673,2,446,1.444999999999975,0.05605381165919283,2474.7,3.10,0.0
7674,7,1113,7.112000000000036,0.055705300988319856,2475.7,3.10,0.0
7675,2,446,1.444999999999975,0.05605381165919283,2476.2,3.10,0.0
7676,1,313,0.3119999999999896,0.05750798722044728,2476.5,3.10,0.0
7677,1,313,0.3119999999999896,0.05750798722044728,2476.8,3.10,0.0
7678,0,179,-0.8219999999999998,0.055865921787709494,2476.9,3.10,0.0
7679,1,335,0.3339999999999872,0.056716417910447764,2477.2,3.10,0.0
7680,2,454,1.452999999999974,0.05726872246696035,2477.7,3.10,0.0
7681,2,446,1.444999999999975,0.05605381165919283,2478.1,3.10,0.0
7682,1,313,0.3119999999999896,0.054313099041533544,2478.4,3.10,0.0
7683,3,587,2.5859999999999594,0.056218057921635436,2478.9,3.10,0.0
7684,4,713,3.711999999999988,0.056100981767180924,2479.5,3.10,0.0
7685,2,446,1.444999999999975,0.053811659192825115,2479.9,3.10,0.0
7686,0,179,-0.8219999999999998,0.055865921787709494,2480.1,3.10,0.0
7687,2,446,1.444999999999975,0.05605381165919283,2480.5,3.10,0.0
7688,0,179,-0.8219999999999998,0.055865921787709494,2480.7,3.10,0.0
7689,0,179,-0.8219999999999998,0.055865921787709494,2480.8,3.10,0.0
7690,1,313,0.3119999999999896,0.054313099041533544,2481.1,3.10,0.0
7691,0,186,-0.8149999999999998,0.05913978494623656,2481.3,3.10,0.0
7692,0,187,-0.8139999999999998,0.058823529411764705,2481.5,3.10,0.0
7693,1,337,0.335999999999987,0.05637982195845697,2481.8,3.10,0.0
7694,0,179,-0.8219999999999998,0.055865921787709494,2481.9,3.10,0.0
7695,0,186,-0.8149999999999998,0.05913978494623656,2482.1,3.10,0.0
7696,2,467,1.4659999999999727,0.055674518201284794,2482.5,3.10,0.0
7697,2,446,1.444999999999975,0.05605381165919283,2483.0,3.10,0.0
7698,0,179,-0.8219999999999998,0.055865921787709494,2483.1,3.10,0.0
7699,3,579,2.5779999999999603,0.055267702936096716,2483.7,3.10,0.0
7700,0,186,-0.8149999999999998,0.05913978494623656,2483.9,3.10,0.0
7701,2,446,1.444999999999975,0.05605381165919283,2484.3,3.10,0.0
7702,0,209,-0.7919999999999998,0.05741626794258373,2484.5,3.10,0.0
7703,2,446,1.444999999999975,0.05605381165919283,2484.9,3.10,0.0
7704,1,313,0.3119999999999896,0.05750798722044728,2485.2,3.10,0.0
7705,5,846,4.845000000000032,0.05555555555555555,2485.9,3.10,0.0
7706,1,316,0.3149999999999893,0.056962025316455694,2486.2,3.10,0.0
7707,1,313,0.3119999999999896,0.054313099041533544,2486.5,3.10,0.0
7708,0,179,-0.8219999999999998,0.055865921787709494,2486.7,3.10,0.0
7709,0,179,-0.8219999999999998,0.055865921787709494,2486.8,3.10,0.0
7710,2,448,1.4469999999999748,0.05580357142857143,2487.3,3.10,0.0
7711,6,986,5.985000000000078,0.055780933062880324,2488.2,3.10,0.0
7712,0,179,-0.8219999999999998,0.055865921787709494,2488.4,3.10,0.0
7713,8,1246,8.244999999999962,0.05537720706260032,2489.5,3.10,0.0
7714,3,583,2.58199999999996,0.05660377358490566,2490.1,3.10,0.0
7715,1,313,0.3119999999999896,0.05750798722044728,2490.4,3.10,0.0
7716,1,313,0.3119999999999896,0.05750798722044728,2490.7,3.10,0.0
7717,2,446,1.444999999999975,0.05605381165919283,2491.1,3.10,0.0
7718,2,446,1.444999999999975,0.05605381165919283,2491.5,3.10,0.0
7719,2,446,1.444999999999975,0.05605381165919283,2491.9,3.10,0.0
7720,4,713,3.711999999999988,0.056100981767180924,2492.7,3.10,0.0
7721,0,183,-0.8179999999999998,0.060109289617486336,2492.8,3.10,0.0
7722,0,179,-0.8219999999999998,0.055865921787709494,2493.0,3.10,0.0
7723,0,179,-0.8219999999999998,0.061452513966480445,2493.2,3.10,0.0
7724,1,313,0.3119999999999896,0.054313099041533544,2493.5,3.10,0.0
7725,1,339,0.33799999999998676,0.05604719764011799,2493.8,3.10,0.0
7726,4,713,3.711999999999988,0.0546984572230014,2494.5,3.10,0.0
7727,1,313,0.3119999999999896,0.054313099041533544,2494.8,3.10,0.0
7728,0,186,-0.8149999999999998,0.05913978494623656,2495.0,3.10,0.0
7729,0,179,-0.8219999999999998,0.055865921787709494,2495.1,3.10,0.0
7730,0,179,-0.8219999999999998,0.055865921787709494,2495.3,3.10,0.0
7731,4,713,3.711999999999988,0.056100981767180924,2495.9,3.10,0.0
7732,1,335,0.3339999999999872,0.056716417910447764,2496.3,3.10,0.0
7733,1,315,0.3139999999999894,0.05714285714285714,2496.5,3.10,0.0
7734,0,179,-0.8219999999999998,0.055865921787709494,2496.7,3.10,0.0
7735,2,446,1.444999999999975,0.05605381165919283,2497.1,3.10,0.0
7736,4,713,3.711999999999988,0.056100981767180924,2497.8,3.10,0.0
7737,2,446,1.444999999999975,0.053811659192825115,2498.2,3.10,0.0
7738,2,448,1.4469999999999748,0.05580357142857143,2498.6,3.10,0.0
7739,0,179,-0.8219999999999998,0.055865921787709494,2498.8,3.10,0.0
7740,1,315,0.3139999999999894,0.05714285714285714,2499.1,3.10,0.0
7741,2,446,1.444999999999975,0.05605381165919283,2499.5,3.10,0.0
7742,1,313,0.3119999999999896,0.05750798722044728,2499.7,3.10,0.0
7743,2,460,1.4589999999999734,0.05652173913043478,2500.2,3.10,0.0
7744,0,189,-0.8119999999999998,0.0582010582010582,2500.3,3.10,0.0
7745,1,313,0.3119999999999896,0.054313099041533544,2500.6,3.10,0.0
7746,2,446,1.444999999999975,0.05605381165919283,2501.0,3.10,0.0
7747,1,313,0.3119999999999896,0.054313099041533544,2501.3,3.10,0.0
7748,2,461,1.4599999999999733,0.05639913232104121,2501.8,3.10,0.0
7749,1,315,0.3139999999999894,0.05714285714285714,2502.0,3.10,0.0
7750,7,1124,7.1230000000000295,0.05604982206405694,2503.1,3.10,0.0
7751,1,313,0.3119999999999896,0.054313099041533544,2503.4,3.10,0.0
7752,2,452,1.4509999999999743,0.05752212389380531,2503.8,3.10,0.0
7753,6,982,5.981000000000076,0.0560081466395112,2504.7,3.10,0.0
7754,1,314,0.3129999999999895,0.05732484076433121,2505.0,3.10,0.0
7755,0,196,-0.8049999999999998,0.05612244897959184,2505.2,3.10,0.0
7756,2,446,1.444999999999975,0.05605381165919283,2505.6,3.10,0.0
7757,4,715,3.713999999999989,0.055944055944055944,2506.2,3.10,0.0
7758,0,179,-0.8219999999999998,0.055865921787709494,2506.4,3.10,0.0
7759,2,451,1.4499999999999744,0.057649667405764965,2506.8,3.10,0.0
7760,4,713,3.711999999999988,0.0546984572230014,2507.5,3.10,0.0
7761,4,713,3.711999999999988,0.0546984572230014,2508.1,3.09,0.0
7762,1,340,0.33899999999998665,0.05588235294117647,2508.4,3.09,0.0
7763,0,179,-0.8219999999999998,0.055865921787709494,2508.6,3.09,0.0
7764,4,713,3.711999999999988,0.056100981767180924,2509.2,3.09,0.0
7765,0,179,-0.8219999999999998,0.055865921787709494,2509.4,3.09,0.0
7766,0,179,-0.8219999999999998,0.055865921787709494,2509.6,3.09,0.0
7767,0,179,-0.8219999999999998,0.055865921787709494,2509.7,3.10,0.0
7768,4,713,3.711999999999988,0.056100981767180924,2510.4,3.09,0.0
7769,1,313,0.3119999999999896,0.054313099041533544,2510.7,3.09,0.0
7770,4,713,3.711999999999988,0.056100981767180924,2511.3,3.09,0.0
7771,4,713,3.711999999999988,0.056100981767180924,2512.0,3.09,0.0
7772,0,179,-0.8219999999999998,0.055865921787709494,2512.2,3.09,0.0
7773,5,849,4.848000000000033,0.05653710247349823,2513.0,3.09,0.0
7774,1,336,0.3349999999999871,0.05654761904761905,2513.3,3.09,0.0
7775,5,846,4.845000000000032,0.05555555555555555,2514.1,3.09,0.0
7776,1,313,0.3119999999999896,0.054313099041533544,2514.4,3.09,0.0
7777,0,189,-0.8119999999999998,0.0582010582010582,2514.5,3.09,0.0
7778,1,316,0.3149999999999893,0.056962025316455694,2514.8,3.09,0.0
7779,3,581,2.57999999999996,0.05679862306368331,2515.4,3.09,0.0
7780,2,446,1.444999999999975,0.05605381165919283,2515.8,3.09,0.0
7781,0,179,-0.8219999999999998,0.055865921787709494,2516.0,3.09,0.0
7782,3,590,2.588999999999959,0.05593220338983051,2516.5,3.09,0.0
7783,0,183,-0.8179999999999998,0.060109289617486336,2516.7,3.09,0.0
7784,1,313,0.3119999999999896,0.054313099041533544,2517.0,3.09,0.0
7785,1,318,0.31699999999998907,0.05660377358490566,2517.3,3.09,0.0
7786,1,313,0.3119999999999896,0.054313099041533544,2517.6,3.09,0.0
7787,9,1287,9.28599999999994,0.055944055944055944,2518.8,3.09,0.0
7788,3,579,2.5779999999999603,0.055267702936096716,2519.3,3.09,0.0
7789,1,320,0.31899999999998885,0.05625,2519.7,3.09,0.0
7790,1,313,0.3119999999999896,0.05750798722044728,2519.9,3.09,0.0
7791,0,209,-0.7919999999999998,0.05741626794258373,2520.1,3.09,0.0
7792,3,579,2.5779999999999603,0.055267702936096716,2520.7,3.09,0.0
7793,4,713,3.711999999999988,0.0546984572230014,2521.3,3.09,0.0
7794,0,182,-0.8189999999999998,0.06043956043956044,2521.5,3.09,0.0
7795,3,579,2.5779999999999603,0.055267702936096716,2522.0,3.09,0.0
7796,0,179,-0.8219999999999998,0.055865921787709494,2522.2,3.09,0.0
7797,8,1246,8.244999999999962,0.05537720706260032,2523.4,3.09,0.0
7798,4,713,3.711999999999988,0.0546984572230014,2524.0,3.09,0.0
7799,5,860,4.859000000000036,0.05581395348837209,2524.8,3.09,0.0
7800,3,579,2.5779999999999603,0.055267702936096716,2525.4,3.09,0.0
7801,2,446,1.444999999999975,0.05605381165919283,2525.8,3.09,0.0
7802,4,713,3.711999999999988,0.056100981767180924,2526.5,3.09,0.0
7803,0,179,-0.8219999999999998,0.055865921787709494,2526.6,3.09,0.0
7804,0,179,-0.8219999999999998,0.055865921787709494,2526.8,3.09,0.0
7805,7,1122,7.121000000000031,0.05614973262032086,2527.8,3.09,0.0
7806,0,208,-0.7929999999999998,0.057692307692307696,2528.0,3.09,0.0
7807,2,449,1.4479999999999746,0.0556792873051225,2528.5,3.09,0.0
7808,6,979,5.978000000000075,0.056179775280898875,2529.4,3.09,0.0
7809,4,713,3.711999999999988,0.0546984572230014,2530.1,3.09,0.0
7810,1,313,0.3119999999999896,0.054313099041533544,2530.3,3.09,0.0
7811,3,579,2.5779999999999603,0.055267702936096716,2530.9,3.09,0.0
7812,1,313,0.3119999999999896,0.054313099041533544,2531.2,3.09,0.0
7813,1,313,0.3119999999999896,0.05750798722044728,2531.5,3.09,0.0
7814,1,315,0.3139999999999894,0.05714285714285714,2531.8,3.09,0.0
7815,4,736,3.734999999999996,0.05570652173913043,2532.4,3.09,0.0
7816,0,179,-0.8219999999999998,0.055865921787709494,2532.6,3.09,0.0
7817,3,579,2.5779999999999603,0.055267702936096716,2533.2,3.09,0.0
7818,0,205,-0.7959999999999998,0.05853658536585366,2533.4,3.09,0.0
7819,3,579,2.5779999999999603,0.055267702936096716,2533.9,3.09,0.0
7820,3,579,2.5779999999999603,0.055267702936096716,2534.5,3.09,0.0
7821,0,185,-0.8159999999999998,0.05945945945945946,2534.6,3.09,0.0
7822,1,313,0.3119999999999896,0.054313099041533544,2534.9,3.09,0.0
7823,1,313,0.3119999999999896,0.054313099041533544,2535.2,3.09,0.0
7824,0,208,-0.7929999999999998,0.057692307692307696,2535.4,3.09,0.0
7825,2,446,1.444999999999975,0.05605381165919283,2535.8,3.09,0.0
7826,4,731,3.729999999999994,0.0560875512995896,2536.5,3.09,0.0
7827,1,313,0.3119999999999896,0.054313099041533544,2536.8,3.09,0.0
7828,0,179,-0.8219999999999998,0.055865921787709494,2537.0,3.09,0.0
7829,3,579,2.5779999999999603,0.055267702936096716,2537.5,3.09,0.0
7830,0,183,-0.8179999999999998,0.060109289617486336,2537.7,3.09,0.0
7831,8,1246,8.244999999999962,0.05537720706260032,2538.9,3.08,0.0
7832,3,587,2.5859999999999594,0.056218057921635436,2539.4,3.08,0.0
7833,2,447,1.4459999999999749,0.05592841163310962,2539.9,3.08,0.0
7834,0,179,-0.8219999999999998,0.055865921787709494,2540.0,3.08,0.0
7835,4,713,3.711999999999988,0.056100981767180924,2540.7,3.08,0.0
7836,0,188,-0.8129999999999998,0.05851063829787234,2540.9,3.08,0.0
7837,2,454,1.452999999999974,0.05726872246696035,2541.3,3.08,0.0
7838,3,592,2.590999999999959,0.05574324324324324,2541.8,3.08,0.0
7839,2,466,1.4649999999999728,0.055793991416309016,2542.3,3.08,0.0
7840,3,585,2.5839999999999597,0.05641025641025641,2542.8,3.08,0.0
7841,1,314,0.3129999999999895,0.05732484076433121,2543.1,3.08,0.0
7842,2,446,1.444999999999975,0.053811659192825115,2543.6,3.08,0.0
7843,3,579,2.5779999999999603,0.055267702936096716,2544.1,3.08,0.0
7844,4,713,3.711999999999988,0.056100981767180924,2544.8,3.08,0.0
7845,4,713,3.711999999999988,0.056100981767180924,2545.4,3.08,0.0
7846,4,713,3.711999999999988,0.0546984572230014,2546.1,3.08,0.0
7847,4,713,3.711999999999988,0.056100981767180924,2546.8,3.08,0.0
7848,4,713,3.711999999999988,0.0546984572230014,2547.4,3.08,0.0
7849,2,463,1.461999999999973,0.056155507559395246,2547.9,3.08,0.0
7850,0,179,-0.8219999999999998,0.055865921787709494,2548.0,3.08,0.0
7851,0,179,-0.8219999999999998,0.055865921787709494,2548.2,3.08,0.0
7852,0,210,-0.7909999999999998,0.05714285714285714,2548.4,3.08,0.0
7853,0,179,-0.8219999999999998,0.055865921787709494,2548.6,3.08,0.0
7854,1,313,0.3119999999999896,0.054313099041533544,2548.9,3.08,0.0
7855,6,999,5.998000000000082,0.056056056056056056,2549.8,3.08,0.0
7856,3,579,2.5779999999999603,0.055267702936096716,2550.4,3.08,0.0
7857,6,984,5.983000000000077,0.05589430894308943,2551.3,3.08,0.0
7858,0,179,-0.8219999999999998,0.055865921787709494,2551.4,3.08,0.0
7859,0,187,-0.8139999999999998,0.058823529411764705,2551.6,3.08,0.0
7860,8,1246,8.244999999999962,0.05537720706260032,2552.8,3.08,0.0
7861,1,339,0.33799999999998676,0.05604719764011799,2553.1,3.08,0.0
7862,3,587,2.5859999999999594,0.056218057921635436,2553.6,3.08,0.0
7863,4,732,3.7309999999999945,0.056010928961748634,2554.3,3.08,0.0
7864,2,446,1.444999999999975,0.05605381165919283,2554.8,3.08,0.0
7865,0,179,-0.8219999999999998,0.055865921787709494,2554.9,3.08,0.0
7866,0,179,-0.8219999999999998,0.055865921787709494,2555.1,3.08,0.0
7867,5,846,4.845000000000032,0.05555555555555555,2555.9,3.08,0.0
7868,3,579,2.5779999999999603,0.055267702936096716,2556.4,3.08,0.0
7869,0,179,-0.8219999999999998,0.055865921787709494,2556.6,3.08,0.0
7870,2,457,1.4559999999999738,0.05689277899343545,2557.0,3.08,0.0
7871,0,183,-0.8179999999999998,0.060109289617486336,2557.2,3.08,0.0
7872,0,183,-0.8179999999999998,0.060109289617486336,2557.4,3.08,0.0
7873,4,729,3.7279999999999935,0.056241426611796985,2558.1,3.08,0.0
7874,1,313,0.3119999999999896,0.054313099041533544,2558.4,3.08,0.0
7875,0,179,-0.8219999999999998,0.055865921787709494,2558.6,3.08,0.0
7876,2,456,1.4549999999999739,0.05701754385964912,2559.0,3.08,0.0
7877,0,186,-0.8149999999999998,0.05913978494623656,2559.2,3.08,0.0
7878,7,1113,7.112000000000036,0.05480682839173405,2560.2,3.08,0.0
7879,0,195,-0.8059999999999998,0.05641025641025641,2560.4,3.08,0.0
7880,0,179,-0.8219999999999998,0.055865921787709494,2560.6,3.08,0.0
7881,0,179,-0.8219999999999998,0.055865921787709494,2560.7,3.08,0.0
7882,5,846,4.845000000000032,0.05555555555555555,2561.5,3.08,0.0
7883,0,183,-0.8179999999999998,0.060109289617486336,2561.7,3.08,0.0
7884,0,185,-0.8159999999999998,0.05945945945945946,2561.8,3.08,0.0
7885,2,446,1.444999999999975,0.053811659192825115,2562.3,3.08,0.0
7886,3,579,2.5779999999999603,0.055267702936096716,2562.8,3.08,0.0
7887,0,186,-0.8149999999999998,0.05913978494623656,2562.9,3.08,0.0
7888,0,179,-0.8219999999999998,0.055865921787709494,2563.1,3.08,0.0
7889,1,313,0.3119999999999896,0.05750798722044728,2563.4,3.08,0.0
7890,3,579,2.5779999999999603,0.055267702936096716,2563.9,3.08,0.0
7891,2,446,1.444999999999975,0.05605381165919283,2564.3,3.08,0.0
7892,0,179,-0.8219999999999998,0.055865921787709494,2564.5,3.08,0.0
7893,1,313,0.3119999999999896,0.054313099041533544,2564.8,3.08,0.0
7894,8,1246,8.244999999999962,0.05537720706260032,2565.9,3.08,0.0
7895,0,179,-0.8219999999999998,0.055865921787709494,2566.1,3.08,0.0
7896,1,335,0.3339999999999872,0.056716417910447764,2566.4,3.08,0.0
7897,0,194,-0.8069999999999998,0.05670103092783505,2566.6,3.08,0.0
7898,0,187,-0.8139999999999998,0.058823529411764705,2566.8,3.08,0.0
7899,1,313,0.3119999999999896,0.05750798722044728,2567.0,3.08,0.0
7900,0,179,-0.8219999999999998,0.055865921787709494,2567.2,3.08,0.0
7901,2,446,1.444999999999975,0.05605381165919283,2567.6,3.08,0.0
7902,1,313,0.3119999999999896,0.054313099041533544,2567.9,3.08,0.0
7903,3,583,2.58199999999996,0.05660377358490566,2568.4,3.08,0.0
7904,0,179,-0.8219999999999998,0.055865921787709494,2568.6,3.08,0.0
7905,2,465,1.4639999999999729,0.05591397849462366,2569.0,3.08,0.0
7906,1,321,0.31999999999998874,0.056074766355140186,2569.3,3.08,0.0
7907,2,446,1.444999999999975,0.05605381165919283,2569.7,3.08,0.0
7908,1,313,0.3119999999999896,0.054313099041533544,2570.0,3.08,0.0
7909,0,179,-0.8219999999999998,0.055865921787709494,2570.2,3.08,0.0
7910,4,713,3.711999999999988,0.0546984572230014,2570.8,3.08,0.0
7911,0,179,-0.8219999999999998,0.055865921787709494,2571.0,3.08,0.0
7912,1,315,0.3139999999999894,0.05714285714285714,2571.3,3.08,0.0
7913,0,179,-0.8219999999999998,0.055865921787709494,2571.5,3.08,0.0
7914,4,713,3.711999999999988,0.0546984572230014,2572.1,3.08,0.0
7915,1,339,0.33799999999998676,0.05604719764011799,2572.4,3.08,0.0
7916,2,461,1.4599999999999733,0.05639913232104121,2572.9,3.08,0.0
7917,1,313,0.3119999999999896,0.054313099041533544,2573.1,3.08,0.0
7918,3,580,2.57899999999996,0.056896551724137934,2573.7,3.08,0.0
7919,4,732,3.7309999999999945,0.056010928961748634,2574.3,3.08,0.0
7920,4,713,3.711999999999988,0.056100981767180924,2575.0,3.08,0.0
7921,10,1513,10.511999999999814,0.05551883674818242,2576.4,3.07,0.0
7922,2,446,1.444999999999975,0.05605381165919283,2576.8,3.07,0.0
7923,0,189,-0.8119999999999998,0.0582010582010582,2577.0,3.07,0.0
7924,9,1382,9.380999999999887,0.055716353111432707,2578.3,3.07,0.0
7925,2,446,1.444999999999975,0.053811659192825115,2578.7,3.07,0.0
7926,2,461,1.4599999999999733,0.05639913232104121,2579.1,3.07,0.0
7927,3,579,2.5779999999999603,0.055267702936096716,2579.6,3.07,0.0
7928,0,179,-0.8219999999999998,0.055865921787709494,2579.8,3.07,0.0
7929,7,1113,7.112000000000036,0.055705300988319856,2580.8,3.07,0.0
7930,0,192,-0.8089999999999998,0.057291666666666664,2581.0,3.07,0.0
7931,1,335,0.3339999999999872,0.056716417910447764,2581.3,3.07,0.0
7932,1,323,0.3219999999999885,0.05572755417956656,2581.6,3.07,0.0
7933,2,460,1.4589999999999734,0.05652173913043478,2582.0,3.07,0.0
7934,4,713,3.711999999999988,0.0546984572230014,2582.7,3.07,0.0
7935,1,313,0.3119999999999896,0.054313099041533544,2583.0,3.07,0.0
7936,6,988,5.987000000000078,0.05566801619433198,2583.9,3.07,0.0
7937,0,191,-0.8099999999999998,0.05759162303664921,2584.0,3.07,0.0
7938,0,179,-0.8219999999999998,0.061452513966480445,2584.2,3.07,0.0
7939,6,979,5.978000000000075,0.05515832482124617,2585.1,3.07,0.0
7940,1,313,0.3119999999999896,0.054313099041533544,2585.4,3.07,0.0
7941,2,446,1.444999999999975,0.05605381165919283,2585.8,3.07,0.0
7942,5,846,4.845000000000032,0.05555555555555555,2586.6,3.07,0.0
7943,3,579,2.5779999999999603,0.055267702936096716,2587.1,3.07,0.0
7944,2,461,1.4599999999999733,0.05639913232104121,2587.5,3.07,0.0
7945,0,187,-0.8139999999999998,0.058823529411764705,2587.7,3.07,0.0
7946,5,846,4.845000000000032,0.05555555555555555,2588.5,3.07,0.0
7947,1,313,0.3119999999999896,0.054313099041533544,2588.8,3.07,0.0
7948,0,186,-0.8149999999999998,0.05913978494623656,2589.0,3.07,0.0
7949,0,183,-0.8179999999999998,0.060109289617486336,2589.1,3.07,0.0
7950,0,179,-0.8219999999999998,0.055865921787709494,2589.3,3.07,0.0
7951,0,179,-0.8219999999999998,0.055865921787709494,2589.4,3.07,0.0
7952,1,339,0.33799999999998676,0.05604719764011799,2589.8,3.07,0.0
7953,0,187,-0.8139999999999998,0.058823529411764705,2589.9,3.07,0.0
7954,2,462,1.4609999999999732,0.05627705627705628,2590.4,3.07,0.0
7955,0,179,-0.8219999999999998,0.055865921787709494,2590.6,3.07,0.0
7956,3,579,2.5779999999999603,0.055267702936096716,2591.1,3.07,0.0
7957,0,190,-0.8109999999999998,0.05789473684210526,2591.3,3.07,0.0
7958,1,313,0.3119999999999896,0.054313099041533544,2591.6,3.07,0.0
7959,2,446,1.444999999999975,0.053811659192825115,2592.0,3.07,0.0
7960,1,313,0.3119999999999896,0.054313099041533544,2592.3,3.07,0.0
7961,0,179,-0.8219999999999998,0.055865921787709494,2592.5,3.07,0.0
7962,0,179,-0.8219999999999998,0.055865921787709494,2592.6,3.07,0.0
7963,1,313,0.3119999999999896,0.054313099041533544,2592.9,3.07,0.0
7964,0,179,-0.8219999999999998,0.055865921787709494,2593.1,3.07,0.0
7965,1,319,0.31799999999998896,0.05642633228840126,2593.4,3.07,0.0
7966,7,1113,7.112000000000036,0.055705300988319856,2594.5,3.07,0.0
7967,0,179,-0.8219999999999998,0.055865921787709494,2594.7,3.07,0.0
7968,0,179,-0.8219999999999998,0.061452513966480445,2594.9,3.07,0.0
7969,4,713,3.711999999999988,0.0546984572230014,2595.5,3.07,0.0
7970,0,179,-0.8219999999999998,0.055865921787709494,2595.7,3.07,0.0
7971,0,184,-0.8169999999999998,0.059782608695652176,2595.9,3.07,0.0
7972,7,1113,7.112000000000036,0.055705300988319856,2596.9,3.07,0.0
7973,1,317,0.3159999999999892,0.056782334384858045,2597.2,3.07,0.0
7974,0,179,-0.8219999999999998,0.055865921787709494,2597.3,3.07,0.0
7975,2,457,1.4559999999999738,0.05689277899343545,2597.8,3.07,0.0
7976,0,179,-0.8219999999999998,0.055865921787709494,2598.0,3.07,0.0
7977,0,179,-0.8219999999999998,0.055865921787709494,2598.1,3.07,0.0
7978,1,339,0.33799999999998676,0.05604719764011799,2598.4,3.07,0.0
7979,3,589,2.587999999999959,0.05602716468590832,2599.0,3.07,0.0
7980,0,179,-0.8219999999999998,0.055865921787709494,2599.2,3.07,0.0
7981,3,579,2.5779999999999603,0.055267702936096716,2599.7,3.07,0.0
7982,0,179,-0.8219999999999998,0.055865921787709494,2599.8,3.07,0.0
7983,6,979,5.978000000000075,0.05515832482124617,2600.8,3.07,0.0
7984,0,179,-0.8219999999999998,0.055865921787709494,2600.9,3.07,0.0
7985,0,179,-0.8219999999999998,0.055865921787709494,2601.1,3.07,0.0
7986,5,846,4.845000000000032,0.05555555555555555,2601.9,3.07,0.0
7987,3,579,2.5779999999999603,0.055267702936096716,2602.5,3.07,0.0
7988,9,1379,9.377999999999888,0.05583756345177665,2603.8,3.07,0.0
7989,0,179,-0.8219999999999998,0.055865921787709494,2603.9,3.07,0.0
7990,3,579,2.5779999999999603,0.055267702936096716,2604.4,3.07,0.0
7991,4,717,3.7159999999999895,0.05578800557880056,2605.1,3.07,0.0
7992,4,729,3.7279999999999935,0.056241426611796985,2605.8,3.07,0.0
7993,0,179,-0.8219999999999998,0.055865921787709494,2606.0,3.07,0.0
7994,3,579,2.5779999999999603,0.055267702936096716,2606.5,3.07,0.0
7995,1,313,0.3119999999999896,0.05750798722044728,2606.8,3.07,0.0
7996,0,179,-0.8219999999999998,0.055865921787709494,2607.0,3.07,0.0
7997,1,316,0.3149999999999893,0.056962025316455694,2607.3,3.07,0.0
7998,3,587,2.5859999999999594,0.056218057921635436,2607.8,3.07,0.0
7999,0,188,-0.8129999999999998,0.05851063829787234,2608.0,3.07,0.0
8000,1,335,0.3339999999999872,0.056716417910447764,2608.3,3.07,0.0
8001,5,846,4.845000000000032,0.05555555555555555,2614.2,3.06,0.0
8002,3,579,2.5779999999999603,0.055267702936096716,2614.8,3.06,0.0
8003,0,186,-0.8149999999999998,0.05913978494623656,2614.9,3.06,0.0
8004,0,186,-0.8149999999999998,0.05913978494623656,2615.1,3.06,0.0
8005,2,457,1.4559999999999738,0.05689277899343545,2615.5,3.06,0.0
8006,2,446,1.444999999999975,0.05605381165919283,2616.0,3.06,0.0
8007,4,713,3.711999999999988,0.0546984572230014,2616.6,3.06,0.0
8008,6,979,5.978000000000075,0.05515832482124617,2617.6,3.06,0.0
8009,3,579,2.5779999999999603,0.055267702936096716,2618.1,3.06,0.0
8010,2,446,1.444999999999975,0.05605381165919283,2618.5,3.06,0.0
8011,4,729,3.7279999999999935,0.056241426611796985,2619.2,3.06,0.0
8012,5,852,4.851000000000034,0.056338028169014086,2620.0,3.06,0.0
8013,1,317,0.3159999999999892,0.056782334384858045,2620.3,3.06,0.0
8014,5,846,4.845000000000032,0.05555555555555555,2621.1,3.06,0.0
8015,5,846,4.845000000000032,0.05555555555555555,2621.9,3.06,0.0
8016,5,860,4.859000000000036,0.05581395348837209,2622.7,3.06,0.0
8017,3,579,2.5779999999999603,0.055267702936096716,2623.2,3.06,0.0
8018,5,846,4.845000000000032,0.05555555555555555,2624.0,3.06,0.0
8019,7,1113,7.112000000000036,0.055705300988319856,2625.0,3.06,0.0
8020,2,446,1.444999999999975,0.05605381165919283,2625.4,3.06,0.0
8021,0,179,-0.8219999999999998,0.055865921787709494,2625.6,3.06,0.0
8022,1,313,0.3119999999999896,0.05750798722044728,2625.9,3.06,0.0
8023,0,179,-0.8219999999999998,0.055865921787709494,2626.0,3.06,0.0
8024,0,179,-0.8219999999999998,0.055865921787709494,2626.2,3.06,0.0
8025,1,318,0.31699999999998907,0.05660377358490566,2626.5,3.06,0.0
8026,1,313,0.3119999999999896,0.05750798722044728,2626.8,3.06,0.0
8027,5,852,4.851000000000034,0.056338028169014086,2627.6,3.06,0.0
8028,0,186,-0.8149999999999998,0.05913978494623656,2627.7,3.06,0.0
8029,0,184,-0.8169999999999998,0.059782608695652176,2627.9,3.06,0.0
8030,2,446,1.444999999999975,0.053811659192825115,2628.3,3.06,0.0
8031,1,313,0.3119999999999896,0.05750798722044728,2628.6,3.06,0.0
8032,0,179,-0.8219999999999998,0.055865921787709494,2628.8,3.06,0.0
8033,3,585,2.5839999999999597,0.05641025641025641,2629.3,3.06,0.0
8034,2,454,1.452999999999974,0.05726872246696035,2629.7,3.06,0.0
8035,0,179,-0.8219999999999998,0.055865921787709494,2629.9,3.06,0.0
8036,1,313,0.3119999999999896,0.054313099041533544,2630.2,3.06,0.0
8037,1,313,0.3119999999999896,0.054313099041533544,2630.4,3.06,0.0
8038,0,179,-0.8219999999999998,0.055865921787709494,2630.6,3.06,0.0
8039,2,453,1.4519999999999742,0.05739514348785872,2631.0,3.06,0.0
8040,1,313,0.3119999999999896,0.05750798722044728,2631.3,3.06,0.0
8041,3,579,2.5779999999999603,0.055267702936096716,2631.8,3.06,0.0
8042,0,179,-0.8219999999999998,0.055865921787709494,2632.0,3.06,0.0
8043,0,179,-0.8219999999999998,0.055865921787709494,2632.2,3.06,0.0
8044,0,179,-0.8219999999999998,0.055865921787709494,2632.3,3.06,0.0
8045,5,855,4.854000000000035,0.056140350877192984,2633.1,3.06,0.0
8046,1,314,0.3129999999999895,0.05732484076433121,2633.4,3.06,0.0
8047,3,579,2.5779999999999603,0.055267702936096716,2633.9,3.06,0.0
8048,6,980,5.979000000000076,0.05612244897959184,2634.8,3.05,0.0
8049,3,606,2.6049999999999573,0.056105610561056105,2635.4,3.05,0.0
8050,0,183,-0.8179999999999998,0.060109289617486336,2635.6,3.05,0.0
8051,1,313,0.3119999999999896,0.054313099041533544,2635.8,3.05,0.0
8052,1,314,0.3129999999999895,0.05732484076433121,2636.2,3.05,0.0
8053,0,179,-0.8219999999999998,0.055865921787709494,2636.3,3.06,0.0
8054,1,319,0.31799999999998896,0.05642633228840126,2636.6,3.06,0.0
8055,1,313,0.3119999999999896,0.054313099041533544,2636.9,3.06,0.0
8056,4,713,3.711999999999988,0.056100981767180924,2637.6,3.05,0.0
8057,0,179,-0.8219999999999998,0.055865921787709494,2637.7,3.05,0.0
8058,2,446,1.444999999999975,0.05605381165919283,2638.1,3.05,0.0
8059,2,447,1.4459999999999749,0.05592841163310962,2638.6,3.05,0.0
8060,0,179,-0.8219999999999998,0.055865921787709494,2638.7,3.05,0.0
8061,1,316,0.3149999999999893,0.056962025316455694,2639.0,3.05,0.0
8062,3,579,2.5779999999999603,0.055267702936096716,2639.6,3.05,0.0
8063,0,179,-0.8219999999999998,0.055865921787709494,2639.7,3.05,0.0
8064,0,187,-0.8139999999999998,0.058823529411764705,2639.9,3.06,0.0
8065,2,465,1.4639999999999729,0.05591397849462366,2640.3,3.05,0.0
8066,0,182,-0.8189999999999998,0.06043956043956044,2640.5,3.06,0.0
8067,0,184,-0.8169999999999998,0.059782608695652176,2640.7,3.06,0.0
8068,1,313,0.3119999999999896,0.054313099041533544,2641.0,3.06,0.0
8069,6,983,5.982000000000077,0.05595116988809766,2641.9,3.05,0.0
8070,1,313,0.3119999999999896,0.05750798722044728,2642.2,3.05,0.0
8071,4,731,3.729999999999994,0.0560875512995896,2642.9,3.05,0.0
8072,4,713,3.711999999999988,0.0546984572230014,2643.5,3.05,0.0
8073,2,446,1.444999999999975,0.05605381165919283,2643.9,3.05,0.0
8074,3,579,2.5779999999999603,0.055267702936096716,2644.4,3.05,0.0
8075,0,191,-0.8099999999999998,0.05759162303664921,2644.6,3.05,0.0
8076,4,732,3.7309999999999945,0.056010928961748634,2645.3,3.05,0.0
8077,3,579,2.5779999999999603,0.055267702936096716,2645.9,3.05,0.0
8078,1,313,0.3119999999999896,0.05750798722044728,2646.2,3.05,0.0
8079,0,189,-0.8119999999999998,0.0582010582010582,2646.4,3.05,0.0
8080,0,179,-0.8219999999999998,0.055865921787709494,2646.5,3.05,0.0
8081,0,185,-0.8159999999999998,0.05945945945945946,2646.7,3.05,0.0
8082,6,1005,6.004000000000084,0.05572139303482587,2647.6,3.05,0.0
8083,9,1379,9.377999999999888,0.05583756345177665,2648.9,3.05,0.0
8084,0,190,-0.8109999999999998,0.05789473684210526,2649.1,3.05,0.0
8085,1,313,0.3119999999999896,0.054313099041533544,2649.4,3.05,0.0
8086,0,179,-0.8219999999999998,0.055865921787709494,2649.5,3.05,0.0
8087,0,179,-0.8219999999999998,0.055865921787709494,2649.7,3.05,0.0
8088,6,979,5.978000000000075,0.05515832482124617,2650.6,3.05,0.0
8089,6,1003,6.002000000000083,0.05583250249252243,2651.5,3.05,0.0
8090,0,179,-0.8219999999999998,0.055865921787709494,2651.7,3.05,0.0
8091,1,313,0.3119999999999896,0.05750798722044728,2652.0,3.05,0.0
8092,0,185,-0.8159999999999998,0.05945945945945946,2652.2,3.05,0.0
8093,2,446,1.444999999999975,0.05605381165919283,2652.6,3.05,0.0
8094,2,463,1.461999999999973,0.056155507559395246,2653.0,3.05,0.0
8095,0,179,-0.8219999999999998,0.055865921787709494,2653.2,3.05,0.0
8096,1,313,0.3119999999999896,0.054313099041533544,2653.5,3.05,0.0
8097,0,179,-0.8219999999999998,0.055865921787709494,2653.7,3.05,0.0
8098,2,446,1.444999999999975,0.05605381165919283,2654.1,3.05,0.0
8099,2,456,1.4549999999999739,0.05701754385964912,2654.5,3.05,0.0
8100,1,313,0.3119999999999896,0.05750798722044728,2654.8,3.05,0.0
8101,0,179,-0.8219999999999998,0.055865921787709494,2655.0,3.05,0.0
8102,1,318,0.31699999999998907,0.05660377358490566,2655.3,3.05,0.0
8103,0,179,-0.8219999999999998,0.055865921787709494,2655.4,3.05,0.0
8104,3,579,2.5779999999999603,0.055267702936096716,2656.0,3.05,0.0
8105,0,182,-0.8189999999999998,0.06043956043956044,2656.1,3.05,0.0
8106,0,190,-0.8109999999999998,0.05789473684210526,2656.3,3.05,0.0
8107,0,179,-0.8219999999999998,0.055865921787709494,2656.5,3.05,0.0
8108,0,195,-0.8059999999999998,0.05641025641025641,2656.6,3.05,0.0
8109,1,313,0.3119999999999896,0.054313099041533544,2656.9,3.05,0.0
8110,2,446,1.444999999999975,0.05605381165919283,2657.3,3.05,0.0
8111,0,179,-0.8219999999999998,0.055865921787709494,2657.5,3.05,0.0
8112,2,454,1.452999999999974,0.05726872246696035,2657.9,3.05,0.0
8113,2,447,1.4459999999999749,0.05592841163310962,2658.3,3.05,0.0
8114,12,1779,12.777999999999667,0.05508712759977515,2660.0,3.05,0.0
8115,0,179,-0.8219999999999998,0.055865921787709494,2660.2,3.05,0.0
8116,2,457,1.4559999999999738,0.05689277899343545,2660.6,3.05,0.0
8117,1,313,0.3119999999999896,0.054313099041533544,2660.9,3.05,0.0
8118,1,313,0.3119999999999896,0.054313099041533544,2661.2,3.05,0.0
8119,0,194,-0.8069999999999998,0.05670103092783505,2661.4,3.05,0.0
8120,0,179,-0.8219999999999998,0.055865921787709494,2661.6,3.05,0.0
8121,0,179,-0.8219999999999998,0.055865921787709494,2661.7,3.05,0.0
8122,1,317,0.3159999999999892,0.056782334384858045,2662.0,3.05,0.0
8123,0,179,-0.8219999999999998,0.055865921787709494,2662.2,3.05,0.0
8124,1,313,0.3119999999999896,0.054313099041533544,2662.5,3.05,0.0
8125,0,179,-0.8219999999999998,0.055865921787709494,2662.6,3.05,0.0
8126,1,313,0.3119999999999896,0.05750798722044728,2663.0,3.05,0.0
8127,3,609,2.607999999999957,0.05582922824302135,2663.5,3.05,0.0
8128,2,446,1.444999999999975,0.053811659192825115,2663.9,3.05,0.0
8129,1,339,0.33799999999998676,0.05604719764011799,2664.3,3.05,0.0
8130,3,579,2.5779999999999603,0.055267702936096716,2664.8,3.05,0.0
8131,1,313,0.3119999999999896,0.05750798722044728,2665.1,3.05,0.0
8132,3,588,2.5869999999999593,0.05612244897959184,2665.6,3.05,0.0
8133,4,713,3.711999999999988,0.056100981767180924,2666.3,3.05,0.0
8134,1,339,0.33799999999998676,0.05604719764011799,2666.6,3.05,0.0
8135,3,579,2.5779999999999603,0.055267702936096716,2667.2,3.05,0.0
8136,2,446,1.444999999999975,0.05605381165919283,2667.6,3.05,0.0
8137,1,313,0.3119999999999896,0.054313099041533544,2667.9,3.05,0.0
8138,0,195,-0.8059999999999998,0.05641025641025641,2668.1,3.05,0.0
8139,2,446,1.444999999999975,0.053811659192825115,2668.5,3.05,0.0
8140,4,713,3.711999999999988,0.0546984572230014,2669.1,3.05,0.0
8141,2,446,1.444999999999975,0.05605381165919283,2669.6,3.05,0.0
8142,0,179,-0.8219999999999998,0.055865921787709494,2669.7,3.05,0.0
8143,0,179,-0.8219999999999998,0.05027932960893855,2669.9,3.05,0.0
8144,3,590,2.588999999999959,0.05593220338983051,2670.5,3.05,0.0
8145,2,446,1.444999999999975,0.05605381165919283,2670.9,3.05,0.0
8146,3,579,2.5779999999999603,0.055267702936096716,2671.4,3.05,0.0
8147,4,713,3.711999999999988,0.0546984572230014,2672.1,3.05,0.0
8148,1,313,0.3119999999999896,0.054313099041533544,2672.3,3.05,0.0
8149,3,579,2.5779999999999603,0.055267702936096716,2672.9,3.05,0.0
8150,3,589,2.587999999999959,0.05602716468590832,2673.4,3.05,0.0
8151,0,179,-0.8219999999999998,0.055865921787709494,2673.6,3.05,0.0
8152,0,190,-0.8109999999999998,0.05789473684210526,2673.8,3.05,0.0
8153,3,579,2.5779999999999603,0.055267702936096716,2674.3,3.05,0.0
8154,0,189,-0.8119999999999998,0.0582010582010582,2674.5,3.05,0.0
8155,1,313,0.3119999999999896,0.054313099041533544,2674.8,3.05,0.0
8156,3,579,2.5779999999999603,0.05699481865284974,2675.4,3.05,0.0
8157,1,313,0.3119999999999896,0.05750798722044728,2675.6,3.05,0.0
8158,1,313,0.3119999999999896,0.054313099041533544,2675.9,3.05,0.0
8159,1,313,0.3119999999999896,0.054313099041533544,2676.2,3.05,0.0
8160,1,320,0.31899999999998885,0.05625,2676.5,3.05,0.0
8161,1,321,0.31999999999998874,0.056074766355140186,2676.8,3.05,0.0
8162,0,179,-0.8219999999999998,0.055865921787709494,2677.0,3.05,0.0
8163,0,179,-0.8219999999999998,0.055865921787709494,2677.1,3.05,0.0
8164,1,313,0.3119999999999896,0.05750798722044728,2677.4,3.05,0.0
8165,0,191,-0.8099999999999998,0.05759162303664921,2677.6,3.05,0.0
8166,1,318,0.31699999999998907,0.05660377358490566,2677.9,3.05,0.0
8167,2,456,1.4549999999999739,0.05701754385964912,2678.3,3.05,0.0
8168,4,713,3.711999999999988,0.0546984572230014,2679.0,3.05,0.0
8169,0,179,-0.8219999999999998,0.055865921787709494,2679.2,3.05,0.0
8170,3,579,2.5779999999999603,0.055267702936096716,2679.7,3.05,0.0
8171,6,979,5.978000000000075,0.05515832482124617,2680.6,3.05,0.0
8172,1,337,0.335999999999987,0.05637982195845697,2680.9,3.05,0.0
8173,0,186,-0.8149999999999998,0.05913978494623656,2681.1,3.05,0.0
8174,7,1019,7.018000000000088,0.05593719332679097,2682.1,3.05,0.0
8175,2,446,1.444999999999975,0.05605381165919283,2682.5,3.05,0.0
8176,5,846,4.845000000000032,0.05555555555555555,2683.3,3.05,0.0
8177,1,335,0.3339999999999872,0.056716417910447764,2683.6,3.05,0.0
8178,0,187,-0.8139999999999998,0.058823529411764705,2683.7,3.05,0.0
8179,1,313,0.3119999999999896,0.054313099041533544,2684.0,3.05,0.0
8180,0,179,-0.8219999999999998,0.055865921787709494,2684.2,3.05,0.0
8181,0,179,-0.8219999999999998,0.055865921787709494,2684.4,3.05,0.0
8182,0,179,-0.8219999999999998,0.055865921787709494,2684.5,3.05,0.0
8183,0,179,-0.8219999999999998,0.055865921787709494,2684.7,3.05,0.0
8184,1,313,0.3119999999999896,0.054313099041533544,2685.0,3.05,0.0
8185,6,981,5.980000000000076,0.05606523955147808,2685.9,3.05,0.0
8186,0,179,-0.8219999999999998,0.055865921787709494,2686.0,3.05,0.0
8187,3,579,2.5779999999999603,0.055267702936096716,2686.6,3.05,0.0
8188,0,195,-0.8059999999999998,0.05641025641025641,2686.8,3.05,0.0
8189,3,580,2.57899999999996,0.056896551724137934,2687.3,3.05,0.0
8190,5,846,4.845000000000032,0.05555555555555555,2688.1,3.05,0.0
8191,2,446,1.444999999999975,0.053811659192825115,2688.5,3.05,0.0
8192,7,1113,7.112000000000036,0.055705300988319856,2689.5,3.05,0.0
8193,4,713,3.711999999999988,0.056100981767180924,2690.2,3.05,0.0
8194,4,713,3.711999999999988,0.056100981767180924,2690.9,3.05,0.0
8195,5,857,4.856000000000035,0.056009334889148193,2691.7,3.04,0.0
8196,1,313,0.3119999999999896,0.054313099041533544,2692.0,3.04,0.0
8197,5,846,4.845000000000032,0.05555555555555555,2692.7,3.04,0.0
8198,8,1246,8.244999999999962,0.05537720706260032,2693.9,3.04,0.0
8199,0,179,-0.8219999999999998,0.055865921787709494,2694.1,3.04,0.0
8200,2,446,1.444999999999975,0.05605381165919283,2694.5,3.04,0.0
8201,3,579,2.5779999999999603,0.055267702936096716,2695.0,3.04,0.0
8202,0,179,-0.8219999999999998,0.055865921787709494,2695.2,3.04,0.0
8203,0,179,-0.8219999999999998,0.055865921787709494,2695.4,3.04,0.0
8204,8,1274,8.272999999999946,0.05572998430141287,2696.6,3.04,0.0
8205,0,179,-0.8219999999999998,0.055865921787709494,2696.7,3.04,0.0
8206,1,315,0.3139999999999894,0.05714285714285714,2697.0,3.04,0.0
8207,0,187,-0.8139999999999998,0.058823529411764705,2697.2,3.04,0.0
8208,0,181,-0.8199999999999998,0.06077348066298342,2697.4,3.04,0.0
8209,2,446,1.444999999999975,0.053811659192825115,2697.8,3.04,0.0
8210,0,179,-0.8219999999999998,0.055865921787709494,2698.0,3.04,0.0
8211,2,461,1.4599999999999733,0.05639913232104121,2698.4,3.04,0.0
8212,4,730,3.728999999999994,0.056164383561643834,2699.1,3.04,0.0
8213,4,713,3.711999999999988,0.056100981767180924,2699.8,3.04,0.0
8214,0,179,-0.8219999999999998,0.055865921787709494,2700.0,3.04,0.0
8215,3,579,2.5779999999999603,0.055267702936096716,2700.5,3.04,0.0
8216,3,579,2.5779999999999603,0.055267702936096716,2701.0,3.04,0.0
8217,1,313,0.3119999999999896,0.05750798722044728,2701.3,3.04,0.0
8218,0,179,-0.8219999999999998,0.055865921787709494,2701.5,3.04,0.0
8219,5,852,4.851000000000034,0.056338028169014086,2702.2,3.04,0.0
8220,5,846,4.845000000000032,0.05555555555555555,2703.1,3.04,0.0
8221,1,313,0.3119999999999896,0.054313099041533544,2703.3,3.04,0.0
8222,0,179,-0.8219999999999998,0.055865921787709494,2703.5,3.04,0.0
8223,1,321,0.31999999999998874,0.056074766355140186,2703.8,3.04,0.0
8224,0,186,-0.8149999999999998,0.05913978494623656,2704.0,3.04,0.0
8225,0,190,-0.8109999999999998,0.05789473684210526,2704.2,3.04,0.0
8226,1,319,0.31799999999998896,0.05642633228840126,2704.5,3.04,0.0
8227,1,335,0.3339999999999872,0.056716417910447764,2704.8,3.04,0.0
8228,0,179,-0.8219999999999998,0.055865921787709494,2704.9,3.04,0.0
8229,0,179,-0.8219999999999998,0.055865921787709494,2705.1,3.04,0.0
8230,2,449,1.4479999999999746,0.0556792873051225,2705.5,3.04,0.0
8231,1,313,0.3119999999999896,0.054313099041533544,2705.8,3.04,0.0
8232,1,313,0.3119999999999896,0.054313099041533544,2706.1,3.04,0.0
8233,1,313,0.3119999999999896,0.05750798722044728,2706.4,3.04,0.0
8234,1,336,0.3349999999999871,0.05654761904761905,2706.7,3.04,0.0
8235,4,729,3.7279999999999935,0.056241426611796985,2707.3,3.04,0.0
8236,3,579,2.5779999999999603,0.055267702936096716,2707.9,3.04,0.0
8237,3,581,2.57999999999996,0.05679862306368331,2708.4,3.04,0.0
8238,3,584,2.5829999999999598,0.05650684931506849,2708.9,3.04,0.0
8239,1,316,0.3149999999999893,0.056962025316455694,2709.2,3.04,0.0
8240,0,185,-0.8159999999999998,0.05945945945945946,2709.4,3.04,0.0
8241,1,313,0.3119999999999896,0.05750798722044728,2709.7,3.04,0.0
8242,3,579,2.5779999999999603,0.055267702936096716,2710.2,3.04,0.0
8243,4,713,3.711999999999988,0.056100981767180924,2710.9,3.04,0.0
8244,2,446,1.444999999999975,0.053811659192825115,2711.3,3.04,0.0
8245,0,183,-0.8179999999999998,0.060109289617486336,2711.5,3.04,0.0
8246,5,846,4.845000000000032,0.05555555555555555,2712.3,3.04,0.0
8247,2,446,1.444999999999975,0.05605381165919283,2712.7,3.04,0.0
8248,0,186,-0.8149999999999998,0.05913978494623656,2712.8,3.04,0.0
8249,2,446,1.444999999999975,0.05605381165919283,2713.3,3.04,0.0
8250,5,846,4.845000000000032,0.05555555555555555,2714.1,3.04,0.0
8251,2,446,1.444999999999975,0.05605381165919283,2714.5,3.04,0.0
8252,0,179,-0.8219999999999998,0.055865921787709494,2714.6,3.04,0.0
8253,8,1251,8.24999999999996,0.055955235811350916,2715.8,3.04,0.0
8254,3,579,2.5779999999999603,0.055267702936096716,2716.3,3.04,0.0
8255,1,314,0.3129999999999895,0.05732484076433121,2716.6,3.04,0.0
8256,0,179,-0.8219999999999998,0.055865921787709494,2716.8,3.04,0.0
8257,2,454,1.452999999999974,0.05726872246696035,2717.2,3.04,0.0
8258,2,446,1.444999999999975,0.05605381165919283,2717.6,3.04,0.0
8259,3,579,2.5779999999999603,0.055267702936096716,2718.1,3.04,0.0
8260,1,313,0.3119999999999896,0.05750798722044728,2718.4,3.04,0.0
8261,3,581,2.57999999999996,0.05679862306368331,2719.0,3.04,0.0
8262,3,581,2.57999999999996,0.05679862306368331,2719.5,3.04,0.0
8263,2,446,1.444999999999975,0.05605381165919283,2719.9,3.04,0.0
8264,0,179,-0.8219999999999998,0.055865921787709494,2720.1,3.04,0.0
8265,3,588,2.5869999999999593,0.05612244897959184,2720.6,3.04,0.0
8266,4,713,3.711999999999988,0.056100981767180924,2721.3,3.04,0.0
8267,3,579,2.5779999999999603,0.055267702936096716,2721.8,3.04,0.0
8268,0,179,-0.8219999999999998,0.055865921787709494,2722.0,3.04,0.0
8269,2,446,1.444999999999975,0.05605381165919283,2722.4,3.04,0.0
8270,1,315,0.3139999999999894,0.05714285714285714,2722.7,3.04,0.0
8271,1,313,0.3119999999999896,0.05750798722044728,2723.0,3.04,0.0
8272,4,713,3.711999999999988,0.0546984572230014,2723.7,3.04,0.0
8273,3,579,2.5779999999999603,0.055267702936096716,2724.2,3.04,0.0
8274,0,193,-0.8079999999999998,0.05699481865284974,2724.4,3.04,0.0
8275,0,179,-0.8219999999999998,0.055865921787709494,2724.6,3.04,0.0
8276,0,179,-0.8219999999999998,0.055865921787709494,2724.7,3.04,0.0
8277,0,189,-0.8119999999999998,0.0582010582010582,2724.9,3.04,0.0
8278,0,184,-0.8169999999999998,0.059782608695652176,2725.0,3.04,0.0
8279,0,179,-0.8219999999999998,0.055865921787709494,2725.2,3.04,0.0
8280,3,579,2.5779999999999603,0.055267702936096716,2725.8,3.04,0.0
8281,2,446,1.444999999999975,0.05605381165919283,2726.2,3.04,0.0
8282,0,179,-0.8219999999999998,0.055865921787709494,2726.3,3.04,0.0
8283,0,179,-0.8219999999999998,0.055865921787709494,2726.5,3.04,0.0
8284,0,185,-0.8159999999999998,0.05945945945945946,2726.7,3.04,0.0
8285,0,191,-0.8099999999999998,0.05759162303664921,2726.9,3.04,0.0
8286,7,1113,7.112000000000036,0.055705300988319856,2727.9,3.04,0.0
8287,0,179,-0.8219999999999998,0.055865921787709494,2728.1,3.04,0.0
8288,0,179,-0.8219999999999998,0.055865921787709494,2728.2,3.04,0.0
8289,8,1246,8.244999999999962,0.05537720706260032,2729.4,3.04,0.0
8290,5,846,4.845000000000032,0.05555555555555555,2730.2,3.04,0.0
8291,0,186,-0.8149999999999998,0.05913978494623656,2730.4,3.04,0.0
8292,0,179,-0.8219999999999998,0.055865921787709494,2730.5,3.04,0.0
8293,0,187,-0.8139999999999998,0.058823529411764705,2730.7,3.04,0.0
8294,0,197,-0.8039999999999998,0.05583756345177665,2730.9,3.04,0.0
8295,3,588,2.5869999999999593,0.05612244897959184,2731.4,3.04,0.0
8296,0,179,-0.8219999999999998,0.055865921787709494,2731.6,3.04,0.0
8297,2,450,1.4489999999999745,0.057777777777777775,2732.0,3.04,0.0
8298,0,179,-0.8219999999999998,0.055865921787709494,2732.2,3.04,0.0
8299,2,459,1.4579999999999735,0.05664488017429194,2732.6,3.04,0.0
8300,1,313,0.3119999999999896,0.054313099041533544,2732.9,3.04,0.0
8301,3,579,2.5779999999999603,0.055267702936096716,2733.4,3.04,0.0
8302,2,452,1.4509999999999743,0.05752212389380531,2733.8,3.04,0.0
8303,0,179,-0.8219999999999998,0.055865921787709494,2734.0,3.04,0.0
8304,3,579,2.5779999999999603,0.055267702936096716,2734.5,3.04,0.0
8305,4,714,3.7129999999999885,0.056022408963585436,2735.1,3.04,0.0
8306,0,179,-0.8219999999999998,0.05027932960893855,2735.3,3.04,0.0
8307,3,579,2.5779999999999603,0.055267702936096716,2735.9,3.04,0.0
8308,4,713,3.711999999999988,0.056100981767180924,2736.6,3.04,0.0
8309,0,179,-0.8219999999999998,0.055865921787709494,2736.7,3.04,0.0
8310,3,579,2.5779999999999603,0.055267702936096716,2737.3,3.04,0.0
8311,2,446,1.444999999999975,0.05605381165919283,2737.8,3.04,0.0
8312,2,446,1.444999999999975,0.05605381165919283,2738.2,3.04,0.0
8313,6,979,5.978000000000075,0.056179775280898875,2739.2,3.04,0.0
8314,1,313,0.3119999999999896,0.054313099041533544,2739.5,3.04,0.0
8315,0,179,-0.8219999999999998,0.055865921787709494,2739.7,3.04,0.0
8316,4,713,3.711999999999988,0.056100981767180924,2740.3,3.04,0.0
8317,11,1646,11.64499999999974,0.05589307411907655,2742.0,3.03,0.0
8318,1,313,0.3119999999999896,0.05750798722044728,2742.3,3.03,0.0
8319,1,313,0.3119999999999896,0.054313099041533544,2742.6,3.03,0.0
8320,1,313,0.3119999999999896,0.05750798722044728,2742.9,3.03,0.0
8321,0,185,-0.8159999999999998,0.05945945945945946,2743.1,3.03,0.0
8322,0,179,-0.8219999999999998,0.055865921787709494,2743.3,3.03,0.0
8323,2,446,1.444999999999975,0.053811659192825115,2743.8,3.03,0.0
8324,1,313,0.3119999999999896,0.054313099041533544,2744.1,3.03,0.0
8325,6,979,5.978000000000075,0.056179775280898875,2745.0,3.03,0.0
8326,1,323,0.3219999999999885,0.05572755417956656,2745.4,3.03,0.0
8327,1,313,0.3119999999999896,0.05750798722044728,2745.7,3.03,0.0
8328,1,313,0.3119999999999896,0.054313099041533544,2746.1,3.03,0.0
8329,2,446,1.444999999999975,0.05605381165919283,2746.5,3.03,0.0
8330,4,732,3.7309999999999945,0.056010928961748634,2747.2,3.03,0.0
8331,2,446,1.444999999999975,0.05605381165919283,2747.6,3.03,0.0
8332,6,979,5.978000000000075,0.056179775280898875,2748.4,3.03,0.0
8333,3,579,2.5779999999999603,0.055267702936096716,2749.0,3.03,0.0
8334,2,446,1.444999999999975,0.05605381165919283,2749.4,3.03,0.0
8335,6,979,5.978000000000075,0.05515832482124617,2750.3,3.03,0.0
8336,5,859,4.858000000000036,0.05587892898719441,2751.1,3.03,0.0
8337,0,179,-0.8219999999999998,0.055865921787709494,2751.3,3.03,0.0
8338,1,313,0.3119999999999896,0.054313099041533544,2751.5,3.03,0.0
8339,0,179,-0.8219999999999998,0.055865921787709494,2751.7,3.03,0.0
8340,6,979,5.978000000000075,0.05515832482124617,2752.6,3.03,0.0
8341,0,179,-0.8219999999999998,0.055865921787709494,2752.8,3.03,0.0
8342,1,313,0.3119999999999896,0.054313099041533544,2753.1,3.03,0.0
8343,1,313,0.3119999999999896,0.054313099041533544,2753.4,3.03,0.0
8344,2,446,1.444999999999975,0.05605381165919283,2753.8,3.03,0.0
8345,2,446,1.444999999999975,0.05605381165919283,2754.2,3.03,0.0
8346,0,179,-0.8219999999999998,0.055865921787709494,2754.3,3.03,0.0
8347,0,179,-0.8219999999999998,0.055865921787709494,2754.5,3.03,0.0
8348,0,179,-0.8219999999999998,0.055865921787709494,2754.7,3.03,0.0
8349,1,313,0.3119999999999896,0.05750798722044728,2755.0,3.03,0.0
8350,1,318,0.31699999999998907,0.05660377358490566,2755.3,3.03,0.0
8351,6,979,5.978000000000075,0.05515832482124617,2756.2,3.03,0.0
8352,0,179,-0.8219999999999998,0.055865921787709494,2756.3,3.03,0.0
8353,1,313,0.3119999999999896,0.054313099041533544,2756.6,3.03,0.0
8354,0,186,-0.8149999999999998,0.05913978494623656,2756.8,3.03,0.0
8355,2,453,1.4519999999999742,0.05739514348785872,2757.2,3.03,0.0
8356,2,446,1.444999999999975,0.05605381165919283,2757.7,3.03,0.0
8357,0,179,-0.8219999999999998,0.055865921787709494,2757.8,3.03,0.0
8358,3,579,2.5779999999999603,0.055267702936096716,2758.4,3.03,0.0
8359,0,179,-0.8219999999999998,0.055865921787709494,2758.5,3.03,0.0
8360,3,579,2.5779999999999603,0.055267702936096716,2759.1,3.03,0.0
8361,1,313,0.3119999999999896,0.05750798722044728,2759.4,3.03,0.0
8362,3,580,2.57899999999996,0.056896551724137934,2759.9,3.03,0.0
8363,2,462,1.4609999999999732,0.05627705627705628,2760.3,3.03,0.0
8364,6,979,5.978000000000075,0.05515832482124617,2761.2,3.03,0.0
8365,4,713,3.711999999999988,0.0546984572230014,2761.8,3.03,0.0
8366,2,458,1.4569999999999736,0.056768558951965066,2762.3,3.03,0.0
8367,1,338,0.33699999999998687,0.05621301775147929,2762.6,3.03,0.0
8368,1,313,0.3119999999999896,0.054313099041533544,2762.9,3.03,0.0
8369,3,586,2.5849999999999596,0.05631399317406143,2763.4,3.03,0.0
8370,0,179,-0.8219999999999998,0.055865921787709494,2763.6,3.03,0.0
8371,4,713,3.711999999999988,0.056100981767180924,2764.2,3.03,0.0
8372,1,313,0.3119999999999896,0.054313099041533544,2764.6,3.03,0.0
8373,0,179,-0.8219999999999998,0.055865921787709494,2764.7,3.03,0.0
8374,0,184,-0.8169999999999998,0.059782608695652176,2764.9,3.03,0.0
8375,1,313,0.3119999999999896,0.054313099041533544,2765.2,3.03,0.0
8376,3,579,2.5779999999999603,0.055267702936096716,2765.7,3.03,0.0
8377,5,846,4.845000000000032,0.05555555555555555,2766.5,3.03,0.0
8378,3,579,2.5779999999999603,0.055267702936096716,2767.0,3.03,0.0
8379,0,179,-0.8219999999999998,0.055865921787709494,2767.2,3.03,0.0
8380,1,341,0.33999999999998654,0.05571847507331378,2767.5,3.03,0.0
8381,3,579,2.5779999999999603,0.055267702936096716,2768.1,3.03,0.0
8382,3,579,2.5779999999999603,0.055267702936096716,2768.6,3.03,0.0
8383,1,331,0.32999999999998764,0.05740181268882175,2768.9,3.03,0.0
8384,2,461,1.4599999999999733,0.05639913232104121,2769.4,3.03,0.0
8385,2,465,1.4639999999999729,0.05591397849462366,2769.8,3.03,0.0
8386,0,179,-0.8219999999999998,0.055865921787709494,2770.0,3.03,0.0
8387,2,446,1.444999999999975,0.05605381165919283,2770.5,3.03,0.0
8388,2,465,1.4639999999999729,0.05591397849462366,2770.9,3.03,0.0
8389,2,457,1.4559999999999738,0.05689277899343545,2771.3,3.03,0.0
8390,1,313,0.3119999999999896,0.054313099041533544,2771.6,3.03,0.0
8391,0,179,-0.8219999999999998,0.055865921787709494,2771.7,3.03,0.0
8392,0,209,-0.7919999999999998,0.05741626794258373,2771.9,3.03,0.0
8393,2,446,1.444999999999975,0.05605381165919283,2772.4,3.03,0.0
8394,6,979,5.978000000000075,0.05515832482124617,2773.3,3.03,0.0
8395,1,333,0.3319999999999874,0.057057057057057055,2773.7,3.03,0.0
8396,1,317,0.3159999999999892,0.056782334384858045,2773.9,3.03,0.0
8397,0,189,-0.8119999999999998,0.0582010582010582,2774.1,3.03,0.0
8398,2,461,1.4599999999999733,0.05639913232104121,2774.6,3.03,0.0
8399,4,713,3.711999999999988,0.056100981767180924,2775.2,3.03,0.0
8400,2,446,1.444999999999975,0.05605381165919283,2775.7,3.03,0.0
8401,0,206,-0.7949999999999998,0.05825242718446602,2775.9,3.03,0.0
8402,1,318,0.31699999999998907,0.05660377358490566,2776.1,3.03,0.0
8403,0,179,-0.8219999999999998,0.055865921787709494,2776.3,3.03,0.0
8404,1,317,0.3159999999999892,0.056782334384858045,2776.6,3.03,0.0
8405,0,195,-0.8059999999999998,0.05641025641025641,2776.8,3.03,0.0
8406,1,313,0.3119999999999896,0.054313099041533544,2777.0,3.03,0.0
8407,0,179,-0.8219999999999998,0.055865921787709494,2777.2,3.03,0.0
8408,0,186,-0.8149999999999998,0.05913978494623656,2777.4,3.03,0.0
8409,0,192,-0.8089999999999998,0.057291666666666664,2777.5,3.03,0.0
8410,6,979,5.978000000000075,0.056179775280898875,2778.4,3.03,0.0
8411,0,191,-0.8099999999999998,0.05759162303664921,2778.6,3.03,0.0
8412,0,179,-0.8219999999999998,0.055865921787709494,2778.7,3.03,0.0
8413,3,579,2.5779999999999603,0.055267702936096716,2779.3,3.03,0.0
8414,0,179,-0.8219999999999998,0.055865921787709494,2779.4,3.03,0.0
8415,4,713,3.711999999999988,0.0546984572230014,2780.0,3.03,0.0
8416,5,846,4.845000000000032,0.05555555555555555,2780.8,3.03,0.0
8417,3,610,2.608999999999957,0.05573770491803279,2781.4,3.03,0.0
8418,1,313,0.3119999999999896,0.05750798722044728,2781.6,3.03,0.0
8419,1,313,0.3119999999999896,0.054313099041533544,2781.9,3.03,0.0
8420,4,713,3.711999999999988,0.056100981767180924,2782.6,3.03,0.0
8421,0,179,-0.8219999999999998,0.055865921787709494,2782.7,3.03,0.0
8422,1,313,0.3119999999999896,0.05750798722044728,2783.0,3.03,0.0
8423,0,186,-0.8149999999999998,0.05913978494623656,2783.2,3.03,0.0
8424,0,187,-0.8139999999999998,0.058823529411764705,2783.4,3.03,0.0
8425,1,313,0.3119999999999896,0.05750798722044728,2783.6,3.03,0.0
8426,1,315,0.3139999999999894,0.05714285714285714,2783.9,3.03,0.0
8427,0,189,-0.8119999999999998,0.0582010582010582,2784.1,3.03,0.0
8428,2,454,1.452999999999974,0.05726872246696035,2784.5,3.03,0.0
8429,3,579,2.5779999999999603,0.055267702936096716,2785.0,3.03,0.0
8430,1,313,0.3119999999999896,0.054313099041533544,2785.3,3.03,0.0
8431,0,189,-0.8119999999999998,0.0582010582010582,2785.5,3.03,0.0
8432,0,179,-0.8219999999999998,0.055865921787709494,2785.6,3.03,0.0
8433,0,184,-0.8169999999999998,0.059782608695652176,2785.8,3.03,0.0
8434,5,853,4.852000000000034,0.05627198124267292,2786.6,3.03,0.0
8435,5,846,4.845000000000032,0.05555555555555555,2787.3,3.03,0.0
8436,0,193,-0.8079999999999998,0.05699481865284974,2787.5,3.03,0.0
8437,1,313,0.3119999999999896,0.05750798722044728,2787.8,3.03,0.0
8438,0,195,-0.8059999999999998,0.05641025641025641,2788.0,3.03,0.0
8439,1,317,0.3159999999999892,0.056782334384858045,2788.2,3.03,0.0
8440,1,313,0.3119999999999896,0.054313099041533544,2788.5,3.03,0.0
8441,4,713,3.711999999999988,0.056100981767180924,2789.2,3.03,0.0
8442,6,979,5.978000000000075,0.05515832482124617,2790.1,3.03,0.0
8443,2,459,1.4579999999999735,0.05664488017429194,2790.5,3.03,0.0
8444,5,846,4.845000000000032,0.05555555555555555,2791.2,3.03,0.0
8445,2,446,1.444999999999975,0.05605381165919283,2791.7,3.03,0.0
8446,0,179,-0.8219999999999998,0.055865921787709494,2791.9,3.03,0.0
8447,2,446,1.444999999999975,0.05605381165919283,2792.3,3.03,0.0
8448,0,179,-0.8219999999999998,0.055865921787709494,2792.5,3.03,0.0
8449,2,461,1.4599999999999733,0.05639913232104121,2792.9,3.03,0.0
8450,1,314,0.3129999999999895,0.05732484076433121,2793.2,3.03,0.0
8451,1,339,0.33799999999998676,0.05604719764011799,2793.5,3.03,0.0
8452,0,179,-0.8219999999999998,0.055865921787709494,2793.6,3.03,0.0
8453,1,313,0.3119999999999896,0.05750798722044728,2793.9,3.03,0.0
8454,0,193,-0.8079999999999998,0.05699481865284974,2794.1,3.03,0.0
8455,0,190,-0.8109999999999998,0.05789473684210526,2794.3,3.03,0.0
8456,2,464,1.462999999999973,0.05603448275862069,2794.7,3.03,0.0
8457,1,322,0.32099999999998863,0.055900621118012424,2795.0,3.03,0.0
8458,2,446,1.444999999999975,0.05605381165919283,2795.4,3.03,0.0
8459,4,725,3.723999999999992,0.05655172413793103,2796.0,3.03,0.0
8460,1,313,0.3119999999999896,0.05750798722044728,2796.3,3.03,0.0
8461,3,579,2.5779999999999603,0.055267702936096716,2796.8,3.03,0.0
8462,2,446,1.444999999999975,0.05605381165919283,2797.2,3.03,0.0
8463,5,846,4.845000000000032,0.05555555555555555,2798.0,3.03,0.0
8464,1,313,0.3119999999999896,0.054313099041533544,2798.2,3.03,0.0
8465,0,196,-0.8049999999999998,0.05612244897959184,2798.4,3.03,0.0
8466,1,313,0.3119999999999896,0.05750798722044728,2798.7,3.03,0.0
8467,0,179,-0.8219999999999998,0.055865921787709494,2798.9,3.03,0.0
8468,1,313,0.3119999999999896,0.05750798722044728,2799.1,3.03,0.0
8469,2,446,1.444999999999975,0.05605381165919283,2799.5,3.03,0.0
8470,4,713,3.711999999999988,0.056100981767180924,2800.2,3.03,0.0
8471,1,313,0.3119999999999896,0.054313099041533544,2800.5,3.03,0.0
8472,0,187,-0.8139999999999998,0.058823529411764705,2800.6,3.03,0.0
8473,0,179,-0.8219999999999998,0.055865921787709494,2800.8,3.03,0.0
8474,0,179,-0.8219999999999998,0.055865921787709494,2800.9,3.03,0.0
8475,0,179,-0.8219999999999998,0.055865921787709494,2801.1,3.03,0.0
8476,0,179,-0.8219999999999998,0.055865921787709494,2801.3,3.03,0.0
8477,1,340,0.33899999999998665,0.05588235294117647,2801.6,3.03,0.0
8478,1,313,0.3119999999999896,0.054313099041533544,2801.8,3.03,0.0
8479,1,319,0.31799999999998896,0.05642633228840126,2802.1,3.03,0.0
8480,6,1005,6.004000000000084,0.05572139303482587,2803.0,3.03,0.0
8481,2,457,1.4559999999999738,0.05689277899343545,2803.4,3.03,0.0
8482,2,446,1.444999999999975,0.053811659192825115,2803.8,3.03,0.0
8483,2,446,1.444999999999975,0.05605381165919283,2804.2,3.03,0.0
8484,5,846,4.845000000000032,0.05555555555555555,2805.0,3.02,0.0
8485,2,446,1.444999999999975,0.05605381165919283,2805.4,3.02,0.0
8486,3,579,2.5779999999999603,0.055267702936096716,2805.9,3.02,0.0
8487,0,186,-0.8149999999999998,0.05913978494623656,2806.1,3.02,0.0
8488,0,183,-0.8179999999999998,0.060109289617486336,2806.3,3.03,0.0
8489,2,446,1.444999999999975,0.05605381165919283,2806.7,3.02,0.0
8490,0,179,-0.8219999999999998,0.055865921787709494,2806.8,3.03,0.0
8491,1,313,0.3119999999999896,0.05750798722044728,2807.1,3.03,0.0
8492,2,446,1.444999999999975,0.05605381165919283,2807.5,3.03,0.0
8493,2,449,1.4479999999999746,0.0556792873051225,2807.9,3.03,0.0
8494,1,313,0.3119999999999896,0.054313099041533544,2808.2,3.03,0.0
8495,1,313,0.3119999999999896,0.05750798722044728,2808.5,3.03,0.0
8496,2,446,1.444999999999975,0.05605381165919283,2808.9,3.03,0.0
8497,1,313,0.3119999999999896,0.054313099041533544,2809.2,3.03,0.0
8498,0,179,-0.8219999999999998,0.055865921787709494,2809.3,3.03,0.0
8499,2,446,1.444999999999975,0.05605381165919283,2809.7,3.03,0.0
8500,1,336,0.3349999999999871,0.05654761904761905,2810.0,3.03,0.0
8501,0,179,-0.8219999999999998,0.055865921787709494,2815.1,3.02,0.0
8502,2,446,1.444999999999975,0.05605381165919283,2815.5,3.02,0.0
8503,3,592,2.590999999999959,0.05574324324324324,2816.0,3.02,0.0
8504,5,846,4.845000000000032,0.05555555555555555,2816.8,3.02,0.0
8505,0,179,-0.8219999999999998,0.055865921787709494,2816.9,3.02,0.0
8506,1,337,0.335999999999987,0.05637982195845697,2817.2,3.02,0.0
8507,1,315,0.3139999999999894,0.05714285714285714,2817.5,3.02,0.0
8508,6,1003,6.002000000000083,0.05583250249252243,2818.4,3.02,0.0
8509,5,846,4.845000000000032,0.05555555555555555,2819.2,3.02,0.0
8510,6,979,5.978000000000075,0.05515832482124617,2820.1,3.02,0.0
8511,2,446,1.444999999999975,0.05605381165919283,2820.5,3.02,0.0
8512,4,713,3.711999999999988,0.056100981767180924,2821.1,3.02,0.0
8513,0,179,-0.8219999999999998,0.055865921787709494,2821.3,3.02,0.0
8514,0,189,-0.8119999999999998,0.0582010582010582,2821.5,3.02,0.0
8515,1,313,0.3119999999999896,0.054313099041533544,2821.7,3.02,0.0
8516,2,446,1.444999999999975,0.05605381165919283,2822.1,3.02,0.0
8517,4,713,3.711999999999988,0.056100981767180924,2822.8,3.02,0.0
8518,0,187,-0.8139999999999998,0.058823529411764705,2823.0,3.02,0.0
8519,0,179,-0.8219999999999998,0.055865921787709494,2823.1,3.02,0.0
8520,4,713,3.711999999999988,0.0546984572230014,2823.8,3.02,0.0
8521,3,579,2.5779999999999603,0.055267702936096716,2824.3,3.02,0.0
8522,0,187,-0.8139999999999998,0.058823529411764705,2824.5,3.02,0.0
8523,1,313,0.3119999999999896,0.05750798722044728,2824.7,3.02,0.0
8524,0,179,-0.8219999999999998,0.055865921787709494,2824.9,3.02,0.0
8525,0,179,-0.8219999999999998,0.055865921787709494,2825.1,3.02,0.0
8526,2,446,1.444999999999975,0.053811659192825115,2825.4,3.02,0.0
8527,0,179,-0.8219999999999998,0.055865921787709494,2825.6,3.02,0.0
8528,2,459,1.4579999999999735,0.05664488017429194,2826.0,3.02,0.0
8529,2,446,1.444999999999975,0.05605381165919283,2826.4,3.02,0.0
8530,2,446,1.444999999999975,0.05605381165919283,2826.8,3.02,0.0
8531,4,713,3.711999999999988,0.056100981767180924,2827.5,3.02,0.0
8532,0,179,-0.8219999999999998,0.055865921787709494,2827.6,3.02,0.0
8533,1,321,0.31999999999998874,0.056074766355140186,2827.9,3.02,0.0
8534,1,313,0.3119999999999896,0.054313099041533544,2828.2,3.02,0.0
8535,0,179,-0.8219999999999998,0.055865921787709494,2828.4,3.02,0.0
8536,2,467,1.4659999999999727,0.055674518201284794,2828.8,3.02,0.0
8537,4,713,3.711999999999988,0.056100981767180924,2829.4,3.02,0.0
8538,1,315,0.3139999999999894,0.05714285714285714,2829.7,3.02,0.0
8539,0,190,-0.8109999999999998,0.05789473684210526,2829.9,3.02,0.0
8540,0,190,-0.8109999999999998,0.05789473684210526,2830.1,3.02,0.0
8541,0,179,-0.8219999999999998,0.055865921787709494,2830.2,3.02,0.0
8542,1,319,0.31799999999998896,0.05642633228840126,2830.5,3.02,0.0
8543,0,179,-0.8219999999999998,0.055865921787709494,2830.7,3.02,0.0
8544,0,197,-0.8039999999999998,0.05583756345177665,2830.8,3.02,0.0
8545,3,588,2.5869999999999593,0.05612244897959184,2831.4,3.02,0.0
8546,2,446,1.444999999999975,0.053811659192825115,2831.8,3.02,0.0
8547,3,579,2.5779999999999603,0.055267702936096716,2832.3,3.02,0.0
8548,2,446,1.444999999999975,0.05605381165919283,2832.7,3.02,0.0
8549,1,316,0.3149999999999893,0.056962025316455694,2833.0,3.02,0.0
8550,3,589,2.587999999999959,0.05602716468590832,2833.5,3.02,0.0
8551,0,191,-0.8099999999999998,0.05759162303664921,2833.7,3.02,0.0
8552,6,1002,6.001000000000083,0.05588822355289421,2834.6,3.02,0.0
8553,0,192,-0.8089999999999998,0.057291666666666664,2834.8,3.02,0.0
8554,0,192,-0.8089999999999998,0.057291666666666664,2835.0,3.02,0.0
8555,1,313,0.3119999999999896,0.054313099041533544,2835.2,3.02,0.0
8556,0,186,-0.8149999999999998,0.05913978494623656,2835.4,3.02,0.0
8557,3,585,2.5839999999999597,0.05641025641025641,2835.9,3.02,0.0
8558,3,585,2.5839999999999597,0.05641025641025641,2836.5,3.02,0.0
8559,1,335,0.3339999999999872,0.056716417910447764,2836.8,3.02,0.0
8560,1,339,0.33799999999998676,0.05604719764011799,2837.1,3.02,0.0
8561,1,313,0.3119999999999896,0.05750798722044728,2837.4,3.02,0.0
8562,3,579,2.5779999999999603,0.055267702936096716,2837.9,3.02,0.0
8563,1,316,0.3149999999999893,0.056962025316455694,2838.2,3.02,0.0
8564,6,989,5.988000000000079,0.055611729019211326,2839.1,3.02,0.0
8565,1,313,0.3119999999999896,0.054313099041533544,2839.4,3.02,0.0
8566,0,179,-0.8219999999999998,0.055865921787709494,2839.5,3.02,0.0
8567,2,446,1.444999999999975,0.05605381165919283,2839.9,3.02,0.0
8568,0,190,-0.8109999999999998,0.05789473684210526,2840.1,3.02,0.0
8569,0,179,-0.8219999999999998,0.055865921787709494,2840.3,3.02,0.0
8570,4,733,3.731999999999995,0.05593451568894952,2840.9,3.02,0.0
8571,7,1113,7.112000000000036,0.05480682839173405,2841.9,3.02,0.0
8572,3,579,2.5779999999999603,0.055267702936096716,2842.5,3.02,0.0
8573,2,446,1.444999999999975,0.05605381165919283,2842.9,3.02,0.0
8574,3,581,2.57999999999996,0.05679862306368331,2843.4,3.02,0.0
8575,4,713,3.711999999999988,0.056100981767180924,2844.1,3.02,0.0
8576,7,1129,7.128000000000027,0.05580159433126661,2845.1,3.01,0.0
8577,0,183,-0.8179999999999998,0.060109289617486336,2845.2,3.01,0.0
8578,2,464,1.462999999999973,0.05603448275862069,2845.7,3.01,0.0
8579,6,979,5.978000000000075,0.05515832482124617,2846.5,3.01,0.0
8580,0,185,-0.8159999999999998,0.05945945945945946,2846.7,3.01,0.0
8581,0,179,-0.8219999999999998,0.055865921787709494,2846.9,3.01,0.0
8582,2,446,1.444999999999975,0.05605381165919283,2847.3,3.01,0.0
8583,7,1113,7.112000000000036,0.055705300988319856,2848.3,3.01,0.0
8584,2,446,1.444999999999975,0.05605381165919283,2848.7,3.01,0.0
8585,0,194,-0.8069999999999998,0.05670103092783505,2848.8,3.01,0.0
8586,1,313,0.3119999999999896,0.054313099041533544,2849.1,3.01,0.0
8587,1,313,0.3119999999999896,0.05750798722044728,2849.4,3.01,0.0
8588,0,179,-0.8219999999999998,0.055865921787709494,2849.6,3.01,0.0
8589,3,579,2.5779999999999603,0.055267702936096716,2850.1,3.01,0.0
8590,1,313,0.3119999999999896,0.054313099041533544,2850.4,3.01,0.0
8591,0,179,-0.8219999999999998,0.055865921787709494,2850.5,3.01,0.0
8592,1,313,0.3119999999999896,0.054313099041533544,2850.8,3.01,0.0
8593,4,732,3.7309999999999945,0.056010928961748634,2851.4,3.01,0.0
8594,0,179,-0.8219999999999998,0.055865921787709494,2851.6,3.01,0.0
8595,0,179,-0.8219999999999998,0.055865921787709494,2851.8,3.01,0.0
8596,0,187,-0.8139999999999998,0.058823529411764705,2851.9,3.01,0.0
8597,5,846,4.845000000000032,0.05555555555555555,2852.7,3.01,0.0
8598,2,446,1.444999999999975,0.05605381165919283,2853.1,3.01,0.0
8599,0,187,-0.8139999999999998,0.058823529411764705,2853.3,3.01,0.0
8600,3,579,2.5779999999999603,0.055267702936096716,2853.8,3.01,0.0
8601,0,187,-0.8139999999999998,0.058823529411764705,2854.0,3.01,0.0
8602,2,446,1.444999999999975,0.05605381165919283,2854.3,3.01,0.0
8603,1,313,0.3119999999999896,0.054313099041533544,2854.6,3.01,0.0
8604,3,590,2.588999999999959,0.05593220338983051,2855.2,3.01,0.0
8605,0,192,-0.8089999999999998,0.057291666666666664,2855.3,3.01,0.0
8606,0,179,-0.8219999999999998,0.055865921787709494,2855.5,3.01,0.0
8607,0,191,-0.8099999999999998,0.05759162303664921,2855.7,3.01,0.0
8608,1,313,0.3119999999999896,0.054313099041533544,2856.0,3.01,0.0
8609,1,313,0.3119999999999896,0.05750798722044728,2856.2,3.01,0.0
8610,4,713,3.711999999999988,0.056100981767180924,2856.9,3.01,0.0
8611,2,446,1.444999999999975,0.05605381165919283,2857.3,3.01,0.0
8612,3,579,2.5779999999999603,0.055267702936096716,2857.8,3.01,0.0
8613,2,446,1.444999999999975,0.05605381165919283,2858.2,3.01,0.0
8614,1,336,0.3349999999999871,0.05654761904761905,2858.5,3.01,0.0
8615,3,579,2.5779999999999603,0.055267702936096716,2859.1,3.01,0.0
8616,2,457,1.4559999999999738,0.05689277899343545,2859.5,3.01,0.0
8617,4,716,3.714999999999989,0.055865921787709494,2860.1,3.01,0.0
8618,0,188,-0.8129999999999998,0.05851063829787234,2860.3,3.01,0.0
8619,3,579,2.5779999999999603,0.055267702936096716,2860.9,3.01,0.0
8620,4,713,3.711999999999988,0.056100981767180924,2861.7,3.01,0.0
8621,7,1130,7.129000000000026,0.05575221238938053,2862.8,3.01,0.0
8622,4,713,3.711999999999988,0.0546984572230014,2863.5,3.01,0.0
8623,0,179,-0.8219999999999998,0.055865921787709494,2863.6,3.01,0.0
8624,3,592,2.590999999999959,0.05574324324324324,2864.1,3.01,0.0
8625,1,318,0.31699999999998907,0.05660377358490566,2864.4,3.01,0.0
8626,0,179,-0.8219999999999998,0.055865921787709494,2864.6,3.01,0.0
8627,1,313,0.3119999999999896,0.05750798722044728,2864.9,3.01,0.0
8628,2,446,1.444999999999975,0.05605381165919283,2865.3,3.01,0.0
8629,1,313,0.3119999999999896,0.054313099041533544,2865.7,3.01,0.0
8630,5,858,4.857000000000036,0.055944055944055944,2866.6,3.01,0.0
8631,2,446,1.444999999999975,0.05605381165919283,2867.1,3.01,0.0
8632,3,579,2.5779999999999603,0.05699481865284974,2867.6,3.01,0.0
8633,1,335,0.3339999999999872,0.056716417910447764,2867.9,3.01,0.0
8634,1,313,0.3119999999999896,0.05750798722044728,2868.2,3.01,0.0
8635,0,187,-0.8139999999999998,0.058823529411764705,2868.4,3.01,0.0
8636,2,462,1.4609999999999732,0.05627705627705628,2868.8,3.01,0.0
8637,0,179,-0.8219999999999998,0.055865921787709494,2869.0,3.01,0.0
8638,4,714,3.7129999999999885,0.056022408963585436,2869.6,3.01,0.0
8639,1,340,0.33899999999998665,0.05588235294117647,2869.9,3.01,0.0
8640,0,179,-0.8219999999999998,0.055865921787709494,2870.1,3.01,0.0
8641,1,313,0.3119999999999896,0.054313099041533544,2870.4,3.01,0.0
8642,2,446,1.444999999999975,0.05605381165919283,2870.8,3.01,0.0
8643,0,187,-0.8139999999999998,0.058823529411764705,2870.9,3.01,0.0
8644,2,446,1.444999999999975,0.05605381165919283,2871.4,3.01,0.0
8645,0,179,-0.8219999999999998,0.055865921787709494,2871.5,3.01,0.0
8646,3,591,2.589999999999959,0.05583756345177665,2872.1,3.01,0.0
8647,5,846,4.845000000000032,0.05555555555555555,2872.8,3.01,0.0
8648,4,713,3.711999999999988,0.0546984572230014,2873.5,3.01,0.0
8649,2,457,1.4559999999999738,0.05689277899343545,2873.9,3.01,0.0
8650,0,179,-0.8219999999999998,0.055865921787709494,2874.0,3.01,0.0
8651,3,579,2.5779999999999603,0.055267702936096716,2874.5,3.01,0.0
8652,5,846,4.845000000000032,0.05555555555555555,2875.3,3.01,0.0
8653,2,456,1.4549999999999739,0.05701754385964912,2875.7,3.01,0.0
8654,1,313,0.3119999999999896,0.054313099041533544,2876.0,3.01,0.0
8655,0,186,-0.8149999999999998,0.05913978494623656,2876.1,3.01,0.0
8656,0,179,-0.8219999999999998,0.055865921787709494,2876.3,3.01,0.0
8657,2,446,1.444999999999975,0.05605381165919283,2876.7,3.01,0.0
8658,0,179,-0.8219999999999998,0.055865921787709494,2876.9,3.01,0.0
8659,2,454,1.452999999999974,0.05726872246696035,2877.3,3.01,0.0
8660,3,609,2.607999999999957,0.05582922824302135,2877.8,3.01,0.0
8661,0,189,-0.8119999999999998,0.0582010582010582,2878.0,3.01,0.0
8662,2,446,1.444999999999975,0.05605381165919283,2878.4,3.01,0.0
8663,1,338,0.33699999999998687,0.05621301775147929,2878.7,3.01,0.0
8664,0,179,-0.8219999999999998,0.055865921787709494,2878.8,3.01,0.0
8665,2,460,1.4589999999999734,0.05652173913043478,2879.2,3.01,0.0
8666,5,846,4.845000000000032,0.05555555555555555,2880.0,3.01,0.0
8667,5,856,4.855000000000035,0.056074766355140186,2880.7,3.01,0.0
8668,3,582,2.58099999999996,0.05670103092783505,2881.3,3.01,0.0
8669,0,179,-0.8219999999999998,0.055865921787709494,2881.4,3.01,0.0
8670,1,313,0.3119999999999896,0.05750798722044728,2881.7,3.01,0.0
8671,1,336,0.3349999999999871,0.05654761904761905,2882.0,3.01,0.0
8672,2,446,1.444999999999975,0.053811659192825115,2882.4,3.01,0.0
8673,3,579,2.5779999999999603,0.055267702936096716,2882.9,3.01,0.0
8674,6,979,5.978000000000075,0.056179775280898875,2883.8,3.01,0.0
8675,4,713,3.711999999999988,0.056100981767180924,2884.4,3.01,0.0
8676,1,313,0.3119999999999896,0.054313099041533544,2884.7,3.01,0.0
8677,0,179,-0.8219999999999998,0.055865921787709494,2884.9,3.01,0.0
8678,0,179,-0.8219999999999998,0.055865921787709494,2885.1,3.01,0.0
8679,1,336,0.3349999999999871,0.05654761904761905,2885.4,3.01,0.0
8680,1,335,0.3339999999999872,0.056716417910447764,2885.7,3.01,0.0
8681,3,610,2.608999999999957,0.05573770491803279,2886.3,3.01,0.0
8682,3,585,2.5839999999999597,0.05641025641025641,2886.8,3.01,0.0
8683,1,313,0.3119999999999896,0.054313099041533544,2887.1,3.01,0.0
8684,9,1379,9.377999999999888,0.05583756345177665,2888.6,3.01,0.0
8685,1,316,0.3149999999999893,0.056962025316455694,2888.9,3.01,0.0
8686,1,313,0.3119999999999896,0.054313099041533544,2889.2,3.01,0.0
8687,0,179,-0.8219999999999998,0.055865921787709494,2889.3,3.01,0.0
8688,6,988,5.987000000000078,0.05566801619433198,2890.2,3.01,0.0
8689,3,586,2.5849999999999596,0.05631399317406143,2890.7,3.01,0.0
8690,3,581,2.57999999999996,0.05679862306368331,2891.3,3.01,0.0
8691,1,313,0.3119999999999896,0.054313099041533544,2891.6,3.01,0.0
8692,5,846,4.845000000000032,0.05555555555555555,2892.3,3.01,0.0
8693,0,192,-0.8089999999999998,0.057291666666666664,2892.5,3.01,0.0
8694,0,179,-0.8219999999999998,0.055865921787709494,2892.7,3.01,0.0
8695,3,579,2.5779999999999603,0.05699481865284974,2893.2,3.01,0.0
8696,1,313,0.3119999999999896,0.054313099041533544,2893.4,3.01,0.0
8697,2,446,1.444999999999975,0.05605381165919283,2893.9,3.01,0.0
8698,2,453,1.4519999999999742,0.05739514348785872,2894.3,3.01,0.0
8699,0,179,-0.8219999999999998,0.055865921787709494,2894.5,3.01,0.0
8700,1,316,0.3149999999999893,0.056962025316455694,2894.9,3.01,0.0
8701,6,979,5.978000000000075,0.05515832482124617,2896.0,3.00,0.0
8702,1,336,0.3349999999999871,0.05654761904761905,2896.5,3.00,0.0
8703,3,581,2.57999999999996,0.05679862306368331,2897.2,3.00,0.0
8704,3,579,2.5779999999999603,0.055267702936096716,2897.7,3.00,0.0
8705,7,1113,7.112000000000036,0.055705300988319856,2898.7,3.00,0.0
8706,4,713,3.711999999999988,0.056100981767180924,2899.4,3.00,0.0
8707,0,185,-0.8159999999999998,0.05945945945945946,2899.6,3.00,0.0
8708,0,191,-0.8099999999999998,0.05759162303664921,2899.8,3.00,0.0
8709,2,446,1.444999999999975,0.053811659192825115,2900.2,3.00,0.0
8710,1,321,0.31999999999998874,0.056074766355140186,2900.5,3.00,0.0
8711,2,461,1.4599999999999733,0.05639913232104121,2901.1,3.00,0.0
8712,3,579,2.5779999999999603,0.055267702936096716,2901.7,3.00,0.0
8713,0,184,-0.8169999999999998,0.059782608695652176,2901.8,3.00,0.0
8714,6,979,5.978000000000075,0.05515832482124617,2902.8,3.00,0.0
8715,3,583,2.58199999999996,0.05660377358490566,2903.3,3.00,0.0
8716,0,186,-0.8149999999999998,0.05913978494623656,2903.5,3.00,0.0
8717,2,446,1.444999999999975,0.05605381165919283,2904.0,3.00,0.0
8718,0,179,-0.8219999999999998,0.055865921787709494,2904.2,3.00,0.0
8719,2,446,1.444999999999975,0.05605381165919283,2904.6,3.00,0.0
8720,0,179,-0.8219999999999998,0.055865921787709494,2904.8,3.00,0.0
8721,1,313,0.3119999999999896,0.054313099041533544,2905.1,3.00,0.0
8722,0,210,-0.7909999999999998,0.05714285714285714,2905.3,3.00,0.0
8723,1,313,0.3119999999999896,0.054313099041533544,2905.6,3.00,0.0
8724,1,337,0.335999999999987,0.05637982195845697,2905.9,3.00,0.0
8725,0,187,-0.8139999999999998,0.058823529411764705,2906.1,3.00,0.0
8726,0,186,-0.8149999999999998,0.05913978494623656,2906.3,3.00,0.0
8727,0,179,-0.8219999999999998,0.055865921787709494,2906.4,3.00,0.0
8728,4,713,3.711999999999988,0.0546984572230014,2907.1,3.00,0.0
8729,2,456,1.4549999999999739,0.05701754385964912,2907.6,3.00,0.0
8730,2,462,1.4609999999999732,0.05627705627705628,2908.0,3.00,0.0
8731,2,446,1.444999999999975,0.05605381165919283,2908.6,3.00,0.0
8732,0,179,-0.8219999999999998,0.055865921787709494,2908.8,3.00,0.0
8733,3,579,2.5779999999999603,0.055267702936096716,2909.4,3.00,0.0
8734,3,588,2.5869999999999593,0.05612244897959184,2910.0,3.00,0.0
8735,1,313,0.3119999999999896,0.054313099041533544,2910.4,3.00,0.0
8736,2,446,1.444999999999975,0.05605381165919283,2910.9,3.00,0.0
8737,2,446,1.444999999999975,0.053811659192825115,2911.3,3.00,0.0
8738,1,337,0.335999999999987,0.05637982195845697,2911.7,3.00,0.0
8739,3,579,2.5779999999999603,0.055267702936096716,2912.4,3.00,0.0
8740,5,846,4.845000000000032,0.05555555555555555,2913.2,3.00,0.0
8741,8,1246,8.244999999999962,0.05537720706260032,2914.3,3.00,0.0
8742,3,579,2.5779999999999603,0.055267702936096716,2914.9,3.00,0.0
8743,0,179,-0.8219999999999998,0.055865921787709494,2915.1,3.00,0.0
8744,1,313,0.3119999999999896,0.054313099041533544,2915.4,3.00,0.0
8745,0,189,-0.8119999999999998,0.0582010582010582,2915.6,3.00,0.0
8746,2,448,1.4469999999999748,0.05580357142857143,2916.1,3.00,0.0
8747,5,846,4.845000000000032,0.05555555555555555,2917.0,3.00,0.0
8748,5,846,4.845000000000032,0.05555555555555555,2917.9,3.00,0.0
8749,0,184,-0.8169999999999998,0.059782608695652176,2918.0,3.00,0.0
8750,1,317,0.3159999999999892,0.056782334384858045,2918.3,3.00,0.0
8751,2,446,1.444999999999975,0.05605381165919283,2918.8,3.00,0.0
8752,4,730,3.728999999999994,0.056164383561643834,2919.6,3.00,0.0
8753,2,446,1.444999999999975,0.05605381165919283,2920.0,3.00,0.0
8754,4,713,3.711999999999988,0.0546984572230014,2920.8,3.00,0.0
8755,1,313,0.3119999999999896,0.054313099041533544,2921.0,3.00,0.0
8756,0,191,-0.8099999999999998,0.05759162303664921,2921.2,3.00,0.0
8757,4,713,3.711999999999988,0.056100981767180924,2921.9,3.00,0.0
8758,0,193,-0.8079999999999998,0.05699481865284974,2922.0,3.00,0.0
8759,0,179,-0.8219999999999998,0.055865921787709494,2922.2,3.00,0.0
8760,0,179,-0.8219999999999998,0.055865921787709494,2922.3,3.00,0.0
8761,1,337,0.335999999999987,0.05637982195845697,2922.6,3.00,0.0
8762,2,446,1.444999999999975,0.05605381165919283,2923.1,3.00,0.0
8763,2,446,1.444999999999975,0.05605381165919283,2923.5,3.00,0.0
8764,2,461,1.4599999999999733,0.05639913232104121,2923.9,3.00,0.0
8765,7,1113,7.112000000000036,0.055705300988319856,2925.0,3.00,0.0
8766,2,456,1.4549999999999739,0.05701754385964912,2925.4,3.00,0.0
8767,0,179,-0.8219999999999998,0.055865921787709494,2925.6,3.00,0.0
8768,1,315,0.3139999999999894,0.05714285714285714,2925.9,3.00,0.0
8769,6,979,5.978000000000075,0.056179775280898875,2926.8,3.00,0.0
8770,0,186,-0.8149999999999998,0.05913978494623656,2926.9,3.00,0.0
8771,3,579,2.5779999999999603,0.05699481865284974,2927.5,3.00,0.0
8772,2,446,1.444999999999975,0.053811659192825115,2927.9,3.00,0.0
8773,1,313,0.3119999999999896,0.05750798722044728,2928.1,3.00,0.0
8774,4,716,3.714999999999989,0.055865921787709494,2928.8,3.00,0.0
8775,0,196,-0.8049999999999998,0.05612244897959184,2929.0,3.00,0.0
8776,3,579,2.5779999999999603,0.055267702936096716,2929.5,3.00,0.0
8777,0,184,-0.8169999999999998,0.059782608695652176,2929.7,3.00,0.0
8778,0,179,-0.8219999999999998,0.055865921787709494,2929.8,3.00,0.0
8779,4,728,3.726999999999993,0.05631868131868132,2930.4,3.00,0.0
8780,4,713,3.711999999999988,0.056100981767180924,2931.1,3.00,0.0
8781,0,189,-0.8119999999999998,0.0582010582010582,2931.3,3.00,0.0
8782,2,464,1.462999999999973,0.05603448275862069,2931.7,3.00,0.0
8783,3,609,2.607999999999957,0.05582922824302135,2932.3,3.00,0.0
8784,1,313,0.3119999999999896,0.054313099041533544,2932.5,3.00,0.0
8785,4,736,3.734999999999996,0.05570652173913043,2933.2,3.00,0.0
8786,0,190,-0.8109999999999998,0.05789473684210526,2933.4,3.00,0.0
8787,0,191,-0.8099999999999998,0.05759162303664921,2933.6,3.00,0.0
8788,2,447,1.4459999999999749,0.05592841163310962,2934.0,3.00,0.0
8789,2,446,1.444999999999975,0.05605381165919283,2934.4,3.00,0.0
8790,2,446,1.444999999999975,0.053811659192825115,2934.8,3.00,0.0
8791,1,313,0.3119999999999896,0.054313099041533544,2935.1,3.00,0.0
8792,2,446,1.444999999999975,0.05605381165919283,2935.6,3.00,0.0
8793,0,179,-0.8219999999999998,0.055865921787709494,2935.8,3.00,0.0
8794,2,461,1.4599999999999733,0.05639913232104121,2936.3,3.00,0.0
8795,1,335,0.3339999999999872,0.056716417910447764,2936.6,3.00,0.0
8796,0,179,-0.8219999999999998,0.055865921787709494,2936.8,3.00,0.0
8797,10,1513,10.511999999999814,0.05551883674818242,2938.1,2.99,0.0
8798,0,189,-0.8119999999999998,0.0582010582010582,2938.2,2.99,0.0
8799,1,313,0.3119999999999896,0.054313099041533544,2938.5,2.99,0.0
8800,0,194,-0.8069999999999998,0.05670103092783505,2938.7,2.99,0.0
8801,4,620,3.618999999999957,0.056451612903225805,2939.2,2.99,0.0
8802,1,339,0.33799999999998676,0.05604719764011799,2939.4,2.99,0.0
8803,2,446,1.444999999999975,0.05605381165919283,2939.7,2.99,0.0
8804,2,446,1.444999999999975,0.05605381165919283,2939.9,2.99,0.0
8805,0,185,-0.8159999999999998,0.05945945945945946,2940.0,3.00,0.0
8806,1,221,0.21999999999999975,0.058823529411764705,2940.2,3.00,0.0
8807,2,466,1.4649999999999728,0.055793991416309016,2940.4,3.00,0.0
8808,1,313,0.3119999999999896,0.054313099041533544,2940.6,3.00,0.0
8809,2,446,1.444999999999975,0.053811659192825115,2940.8,3.00,0.0
8810,3,592,2.590999999999959,0.05574324324324324,2941.1,3.00,0.0
8811,1,313,0.3119999999999896,0.054313099041533544,2941.3,3.00,0.0
8812,1,338,0.33699999999998687,0.05621301775147929,2941.5,3.00,0.0
8813,2,463,1.461999999999973,0.056155507559395246,2941.7,3.00,0.0
8814,3,609,2.607999999999957,0.05582922824302135,2942.1,3.00,0.0
8815,4,713,3.711999999999988,0.056100981767180924,2942.4,3.00,0.0
8816,0,190,-0.8109999999999998,0.05789473684210526,2942.6,3.00,0.0
8817,0,179,-0.8219999999999998,0.055865921787709494,2942.7,3.00,0.0
8818,5,846,4.845000000000032,0.05555555555555555,2943.7,3.00,0.0
8819,2,446,1.444999999999975,0.05605381165919283,2944.7,3.00,0.0
8820,3,579,2.5779999999999603,0.055267702936096716,2945.4,2.99,0.0
8821,5,846,4.845000000000032,0.05555555555555555,2946.4,2.99,0.0
8822,5,846,4.845000000000032,0.05555555555555555,2946.9,2.99,0.0
8823,6,979,5.978000000000075,0.05515832482124617,2947.6,2.99,0.0
8824,3,581,2.57999999999996,0.05679862306368331,2947.9,2.99,0.0
8825,3,579,2.5779999999999603,0.055267702936096716,2948.3,2.99,0.0
8826,2,458,1.4569999999999736,0.056768558951965066,2948.6,2.99,0.0
8827,1,323,0.3219999999999885,0.05572755417956656,2948.9,2.99,0.0
8828,5,846,4.845000000000032,0.05555555555555555,2949.4,2.99,0.0
8829,0,191,-0.8099999999999998,0.05759162303664921,2949.6,2.99,0.0
8830,3,579,2.5779999999999603,0.05699481865284974,2950.1,2.99,0.0
8831,2,446,1.444999999999975,0.05605381165919283,2950.6,2.99,0.0
8832,1,313,0.3119999999999896,0.054313099041533544,2951.0,2.99,0.0
8833,3,579,2.5779999999999603,0.055267702936096716,2951.7,2.99,0.0
8834,0,179,-0.8219999999999998,0.055865921787709494,2951.9,2.99,0.0
8835,3,579,2.5779999999999603,0.055267702936096716,2952.5,2.99,0.0
8836,0,179,-0.8219999999999998,0.055865921787709494,2952.7,2.99,0.0
8837,1,320,0.31899999999998885,0.05625,2953.0,2.99,0.0
8838,0,179,-0.8219999999999998,0.055865921787709494,2953.2,2.99,0.0
8839,0,192,-0.8089999999999998,0.057291666666666664,2953.4,2.99,0.0
8840,5,846,4.845000000000032,0.05555555555555555,2954.3,2.99,0.0
8841,0,179,-0.8219999999999998,0.055865921787709494,2954.5,2.99,0.0
8842,0,179,-0.8219999999999998,0.055865921787709494,2954.7,2.99,0.0
8843,2,459,1.4579999999999735,0.05664488017429194,2955.1,2.99,0.0
8844,3,579,2.5779999999999603,0.055267702936096716,2955.7,2.99,0.0
8845,0,179,-0.8219999999999998,0.055865921787709494,2956.0,2.99,0.0
8846,5,846,4.845000000000032,0.05555555555555555,2956.8,2.99,0.0
8847,4,713,3.711999999999988,0.056100981767180924,2957.5,2.99,0.0
8848,2,446,1.444999999999975,0.053811659192825115,2958.0,2.99,0.0
8849,0,179,-0.8219999999999998,0.055865921787709494,2958.2,2.99,0.0
8850,2,455,1.453999999999974,0.05714285714285714,2958.7,2.99,0.0
8851,3,579,2.5779999999999603,0.055267702936096716,2959.4,2.99,0.0
8852,3,589,2.587999999999959,0.05602716468590832,2959.9,2.99,0.0
8853,2,466,1.4649999999999728,0.055793991416309016,2960.4,2.99,0.0
8854,3,579,2.5779999999999603,0.055267702936096716,2961.0,2.99,0.0
8855,0,179,-0.8219999999999998,0.055865921787709494,2961.1,2.99,0.0
8856,6,979,5.978000000000075,0.05515832482124617,2962.1,2.99,0.0
8857,1,313,0.3119999999999896,0.054313099041533544,2962.4,2.99,0.0
8858,1,313,0.3119999999999896,0.05750798722044728,2962.7,2.99,0.0
8859,2,446,1.444999999999975,0.05605381165919283,2963.2,2.99,0.0
8860,0,179,-0.8219999999999998,0.055865921787709494,2963.4,2.99,0.0
8861,4,714,3.7129999999999885,0.056022408963585436,2964.0,2.99,0.0
8862,1,313,0.3119999999999896,0.054313099041533544,2964.4,2.99,0.0
8863,2,447,1.4459999999999749,0.05592841163310962,2964.8,2.99,0.0
8864,3,579,2.5779999999999603,0.055267702936096716,2965.3,2.99,0.0
8865,0,179,-0.8219999999999998,0.055865921787709494,2965.5,2.99,0.0
8866,2,453,1.4519999999999742,0.05739514348785872,2965.9,2.99,0.0
8867,2,446,1.444999999999975,0.05605381165919283,2966.3,2.99,0.0
8868,2,446,1.444999999999975,0.05605381165919283,2966.8,2.99,0.0
8869,3,579,2.5779999999999603,0.055267702936096716,2967.3,2.99,0.0
8870,2,477,1.4759999999999716,0.05660377358490566,2967.8,2.99,0.0
8871,2,476,1.4749999999999717,0.05672268907563025,2968.2,2.99,0.0
8872,2,446,1.444999999999975,0.05605381165919283,2968.6,2.99,0.0
8873,0,179,-0.8219999999999998,0.055865921787709494,2968.8,2.99,0.0
8874,3,579,2.5779999999999603,0.055267702936096716,2969.3,2.99,0.0
8875,3,579,2.5779999999999603,0.055267702936096716,2969.9,2.99,0.0
8876,4,713,3.711999999999988,0.056100981767180924,2970.5,2.99,0.0
8877,2,446,1.444999999999975,0.05605381165919283,2970.9,2.99,0.0
8878,1,313,0.3119999999999896,0.054313099041533544,2971.2,2.99,0.0
8879,0,191,-0.8099999999999998,0.05759162303664921,2971.4,2.99,0.0
8880,0,179,-0.8219999999999998,0.055865921787709494,2971.5,2.99,0.0
8881,1,321,0.31999999999998874,0.056074766355140186,2971.8,2.99,0.0
8882,1,339,0.33799999999998676,0.05604719764011799,2972.1,2.99,0.0
8883,2,446,1.444999999999975,0.05605381165919283,2972.6,2.99,0.0
8884,1,313,0.3119999999999896,0.05750798722044728,2972.9,2.99,0.0
8885,0,188,-0.8129999999999998,0.05851063829787234,2973.0,2.99,0.0
8886,0,191,-0.8099999999999998,0.05759162303664921,2973.2,2.99,0.0
8887,2,446,1.444999999999975,0.05605381165919283,2973.6,2.99,0.0
8888,0,179,-0.8219999999999998,0.055865921787709494,2973.8,2.99,0.0
8889,0,186,-0.8149999999999998,0.05913978494623656,2973.9,2.99,0.0
8890,3,581,2.57999999999996,0.05679862306368331,2974.5,2.99,0.0
8891,0,179,-0.8219999999999998,0.055865921787709494,2974.6,2.99,0.0
8892,0,184,-0.8169999999999998,0.059782608695652176,2974.8,2.99,0.0
8893,5,851,4.850000000000033,0.0564042303172738,2975.6,2.99,0.0
8894,0,179,-0.8219999999999998,0.055865921787709494,2975.7,2.99,0.0
8895,2,446,1.444999999999975,0.05605381165919283,2976.1,2.99,0.0
8896,1,313,0.3119999999999896,0.05750798722044728,2976.4,2.99,0.0
8897,2,446,1.444999999999975,0.05605381165919283,2976.8,2.99,0.0
8898,1,313,0.3119999999999896,0.054313099041533544,2977.1,2.99,0.0
8899,2,446,1.444999999999975,0.05605381165919283,2977.5,2.99,0.0
8900,2,446,1.444999999999975,0.05605381165919283,2977.9,2.99,0.0
8901,3,579,2.5779999999999603,0.055267702936096716,2978.4,2.99,0.0
8902,0,187,-0.8139999999999998,0.058823529411764705,2978.6,2.99,0.0
8903,4,713,3.711999999999988,0.0546984572230014,2979.2,2.99,0.0
8904,2,460,1.4589999999999734,0.05652173913043478,2979.6,2.99,0.0
8905,1,313,0.3119999999999896,0.054313099041533544,2979.9,2.99,0.0
8906,3,585,2.5839999999999597,0.05641025641025641,2980.4,2.99,0.0
8907,0,179,-0.8219999999999998,0.055865921787709494,2980.6,2.99,0.0
8908,0,179,-0.8219999999999998,0.055865921787709494,2980.7,2.99,0.0
8909,1,316,0.3149999999999893,0.056962025316455694,2981.0,2.99,0.0
8910,3,591,2.589999999999959,0.05583756345177665,2981.6,2.99,0.0
8911,0,179,-0.8219999999999998,0.055865921787709494,2981.7,2.99,0.0
8912,2,446,1.444999999999975,0.05605381165919283,2982.1,2.99,0.0
8913,2,456,1.4549999999999739,0.05701754385964912,2982.5,2.99,0.0
8914,1,313,0.3119999999999896,0.054313099041533544,2982.8,2.99,0.0
8915,1,322,0.32099999999998863,0.055900621118012424,2983.1,2.99,0.0
8916,3,586,2.5849999999999596,0.05631399317406143,2983.6,2.99,0.0
8917,0,179,-0.8219999999999998,0.055865921787709494,2983.8,2.99,0.0
8918,1,313,0.3119999999999896,0.054313099041533544,2984.1,2.99,0.0
8919,1,313,0.3119999999999896,0.054313099041533544,2984.3,2.99,0.0
8920,2,446,1.444999999999975,0.05605381165919283,2984.8,2.99,0.0
8921,2,446,1.444999999999975,0.05605381165919283,2985.2,2.99,0.0
8922,0,184,-0.8169999999999998,0.059782608695652176,2985.3,2.99,0.0
8923,2,446,1.444999999999975,0.05605381165919283,2985.7,2.99,0.0
8924,2,458,1.4569999999999736,0.056768558951965066,2986.1,2.99,0.0
8925,0,179,-0.8219999999999998,0.055865921787709494,2986.3,2.99,0.0
8926,0,179,-0.8219999999999998,0.055865921787709494,2986.4,2.99,0.0
8927,2,446,1.444999999999975,0.05605381165919283,2986.8,2.99,0.0
8928,0,187,-0.8139999999999998,0.058823529411764705,2987.0,2.99,0.0
8929,2,446,1.444999999999975,0.05605381165919283,2987.4,2.99,0.0
8930,2,456,1.4549999999999739,0.05701754385964912,2987.8,2.99,0.0
8931,6,979,5.978000000000075,0.05515832482124617,2988.6,2.99,0.0
8932,1,337,0.335999999999987,0.05637982195845697,2989.0,2.99,0.0
8933,0,189,-0.8119999999999998,0.0582010582010582,2989.1,2.99,0.0
8934,4,713,3.711999999999988,0.056100981767180924,2989.8,2.99,0.0
8935,5,846,4.845000000000032,0.05555555555555555,2990.5,2.99,0.0
8936,5,846,4.845000000000032,0.05555555555555555,2991.3,2.99,0.0
8937,2,446,1.444999999999975,0.05605381165919283,2991.6,2.99,0.0
8938,1,313,0.3119999999999896,0.054313099041533544,2991.9,2.99,0.0
8939,0,179,-0.8219999999999998,0.055865921787709494,2992.1,2.99,0.0
8940,0,179,-0.8219999999999998,0.055865921787709494,2992.2,2.99,0.0
8941,0,192,-0.8089999999999998,0.057291666666666664,2992.4,2.99,0.0
8942,6,979,5.978000000000075,0.056179775280898875,2993.3,2.99,0.0
8943,2,463,1.461999999999973,0.056155507559395246,2993.7,2.99,0.0
8944,1,313,0.3119999999999896,0.05750798722044728,2994.0,2.99,0.0
8945,0,179,-0.8219999999999998,0.055865921787709494,2994.2,2.99,0.0
8946,4,713,3.711999999999988,0.0546984572230014,2994.8,2.99,0.0
8947,2,481,1.4799999999999711,0.056133056133056136,2995.2,2.99,0.0
8948,3,583,2.58199999999996,0.05660377358490566,2995.8,2.99,0.0
8949,1,317,0.3159999999999892,0.056782334384858045,2996.0,2.99,0.0
8950,2,446,1.444999999999975,0.05605381165919283,2996.4,2.99,0.0
8951,1,313,0.3119999999999896,0.054313099041533544,2996.7,2.99,0.0
8952,3,579,2.5779999999999603,0.055267702936096716,2997.2,2.99,0.0
8953,1,320,0.31899999999998885,0.05625,2997.5,2.99,0.0
8954,0,179,-0.8219999999999998,0.055865921787709494,2997.6,2.99,0.0
8955,1,313,0.3119999999999896,0.054313099041533544,2997.9,2.99,0.0
8956,2,446,1.444999999999975,0.05605381165919283,2998.3,2.99,0.0
8957,0,182,-0.8189999999999998,0.06043956043956044,2998.5,2.99,0.0
8958,1,313,0.3119999999999896,0.05750798722044728,2998.8,2.99,0.0
8959,0,193,-0.8079999999999998,0.05699481865284974,2999.0,2.99,0.0
8960,1,313,0.3119999999999896,0.05750798722044728,2999.2,2.99,0.0
8961,2,461,1.4599999999999733,0.05639913232104121,2999.7,2.99,0.0
8962,2,459,1.4579999999999735,0.05664488017429194,3000.1,2.99,0.0
8963,3,609,2.607999999999957,0.05582922824302135,3000.6,2.99,0.0
8964,1,313,0.3119999999999896,0.054313099041533544,3000.9,2.99,0.0
8965,1,313,0.3119999999999896,0.05750798722044728,3001.2,2.99,0.0
8966,2,457,1.4559999999999738,0.05689277899343545,3001.6,2.99,0.0
8967,1,313,0.3119999999999896,0.05750798722044728,3001.8,2.99,0.0
8968,1,313,0.3119999999999896,0.054313099041533544,3002.1,2.99,0.0
8969,3,579,2.5779999999999603,0.055267702936096716,3002.6,2.99,0.0
8970,3,579,2.5779999999999603,0.055267702936096716,3003.2,2.99,0.0
8971,4,731,3.729999999999994,0.0560875512995896,3003.8,2.99,0.0
8972,2,446,1.444999999999975,0.05605381165919283,3004.2,2.99,0.0
8973,1,313,0.3119999999999896,0.054313099041533544,3004.5,2.99,0.0
8974,3,579,2.5779999999999603,0.055267702936096716,3005.1,2.99,0.0
8975,1,337,0.335999999999987,0.05637982195845697,3005.3,2.99,0.0
8976,0,182,-0.8189999999999998,0.06043956043956044,3005.5,2.99,0.0
8977,6,979,5.978000000000075,0.05515832482124617,3006.4,2.99,0.0
8978,5,846,4.845000000000032,0.05555555555555555,3007.2,2.99,0.0
8979,7,1113,7.112000000000036,0.055705300988319856,3008.2,2.99,0.0
8980,1,313,0.3119999999999896,0.05750798722044728,3008.4,2.99,0.0
8981,1,315,0.3139999999999894,0.05714285714285714,3008.7,2.99,0.0
8982,3,584,2.5829999999999598,0.05650684931506849,3009.2,2.99,0.0
8983,0,187,-0.8139999999999998,0.058823529411764705,3009.4,2.99,0.0
8984,1,313,0.3119999999999896,0.054313099041533544,3009.7,2.99,0.0
8985,2,456,1.4549999999999739,0.05701754385964912,3010.1,2.99,0.0
8986,3,584,2.5829999999999598,0.05650684931506849,3010.6,2.99,0.0
8987,0,179,-0.8219999999999998,0.055865921787709494,3010.8,2.99,0.0
8988,2,452,1.4509999999999743,0.05752212389380531,3011.2,2.99,0.0
8989,0,179,-0.8219999999999998,0.055865921787709494,3011.3,2.99,0.0
8990,6,1007,6.006000000000085,0.05561072492552135,3012.2,2.98,0.0
8991,0,179,-0.8219999999999998,0.055865921787709494,3012.4,2.98,0.0
8992,4,727,3.725999999999993,0.05639614855570839,3013.0,2.98,0.0
8993,6,979,5.978000000000075,0.05515832482124617,3013.9,2.98,0.0
8994,3,588,2.5869999999999593,0.05612244897959184,3014.4,2.98,0.0
8995,4,713,3.711999999999988,0.056100981767180924,3015.1,2.98,0.0
8996,8,1246,8.244999999999962,0.05537720706260032,3016.2,2.98,0.0
8997,1,313,0.3119999999999896,0.05750798722044728,3016.5,2.98,0.0
8998,0,179,-0.8219999999999998,0.055865921787709494,3016.7,2.98,0.0
8999,2,458,1.4569999999999736,0.056768558951965066,3017.1,2.98,0.0
9000,1,313,0.3119999999999896,0.054313099041533544,3017.3,2.98,0.0
9001,1,338,0.33699999999998687,0.05621301775147929,3022.6,2.98,0.0
9002,13,1939,13.937999999999578,0.0556988138215575,3024.3,2.98,0.0
9003,1,313,0.3119999999999896,0.05750798722044728,3024.6,2.98,0.0
9004,1,313,0.3119999999999896,0.054313099041533544,3024.9,2.98,0.0
9005,3,579,2.5779999999999603,0.055267702936096716,3025.4,2.98,0.0
9006,0,187,-0.8139999999999998,0.058823529411764705,3025.5,2.98,0.0
9007,2,446,1.444999999999975,0.05605381165919283,3025.9,2.98,0.0
9008,2,446,1.444999999999975,0.05605381165919283,3026.3,2.98,0.0
9009,0,179,-0.8219999999999998,0.055865921787709494,3026.5,2.98,0.0
9010,0,179,-0.8219999999999998,0.055865921787709494,3026.6,2.98,0.0
9011,1,313,0.3119999999999896,0.05750798722044728,3026.9,2.98,0.0
9012,1,313,0.3119999999999896,0.05750798722044728,3027.2,2.98,0.0
9013,0,183,-0.8179999999999998,0.060109289617486336,3027.4,2.98,0.0
9014,0,189,-0.8119999999999998,0.0582010582010582,3027.5,2.98,0.0
9015,1,313,0.3119999999999896,0.054313099041533544,3027.8,2.98,0.0
9016,0,179,-0.8219999999999998,0.055865921787709494,3028.0,2.98,0.0
9017,0,182,-0.8189999999999998,0.06043956043956044,3028.2,2.98,0.0
9018,6,979,5.978000000000075,0.05515832482124617,3029.0,2.98,0.0
9019,2,458,1.4569999999999736,0.056768558951965066,3029.4,2.98,0.0
9020,0,179,-0.8219999999999998,0.055865921787709494,3029.6,2.98,0.0
9021,3,580,2.57899999999996,0.056896551724137934,3030.1,2.98,0.0
9022,6,1005,6.004000000000084,0.05572139303482587,3031.0,2.98,0.0
9023,1,313,0.3119999999999896,0.054313099041533544,3031.3,2.98,0.0
9024,3,579,2.5779999999999603,0.055267702936096716,3031.8,2.98,0.0
9025,0,186,-0.8149999999999998,0.05913978494623656,3032.0,2.98,0.0
9026,1,313,0.3119999999999896,0.05750798722044728,3032.2,2.98,0.0
9027,3,579,2.5779999999999603,0.05699481865284974,3032.8,2.98,0.0
9028,4,713,3.711999999999988,0.0546984572230014,3033.4,2.98,0.0
9029,12,1779,12.777999999999667,0.05564924114671164,3035.0,2.98,0.0
9030,1,313,0.3119999999999896,0.05750798722044728,3035.3,2.98,0.0
9031,0,197,-0.8039999999999998,0.05583756345177665,3035.5,2.98,0.0
9032,3,579,2.5779999999999603,0.055267702936096716,3036.0,2.98,0.0
9033,1,313,0.3119999999999896,0.05750798722044728,3036.3,2.98,0.0
9034,4,713,3.711999999999988,0.0546984572230014,3037.0,2.97,0.0
9035,6,988,5.987000000000078,0.05566801619433198,3037.9,2.97,0.0
9036,1,313,0.3119999999999896,0.05750798722044728,3038.2,2.97,0.0
9037,0,179,-0.8219999999999998,0.055865921787709494,3038.3,2.97,0.0
9038,4,713,3.711999999999988,0.056100981767180924,3039.0,2.97,0.0
9039,3,587,2.5859999999999594,0.056218057921635436,3039.5,2.97,0.0
9040,2,460,1.4589999999999734,0.05652173913043478,3040.0,2.97,0.0
9041,8,1246,8.244999999999962,0.05537720706260032,3041.1,2.97,0.0
9042,0,179,-0.8219999999999998,0.055865921787709494,3041.3,2.97,0.0
9043,3,579,2.5779999999999603,0.055267702936096716,3041.8,2.97,0.0
9044,0,183,-0.8179999999999998,0.060109289617486336,3041.9,2.97,0.0
9045,4,713,3.711999999999988,0.0546984572230014,3042.6,2.97,0.0
9046,3,579,2.5779999999999603,0.055267702936096716,3043.1,2.97,0.0
9047,2,459,1.4579999999999735,0.05664488017429194,3043.5,2.97,0.0
9048,3,579,2.5779999999999603,0.05699481865284974,3044.0,2.97,0.0
9049,0,179,-0.8219999999999998,0.055865921787709494,3044.2,2.97,0.0
9050,0,182,-0.8189999999999998,0.06043956043956044,3044.4,2.97,0.0
9051,3,579,2.5779999999999603,0.055267702936096716,3044.9,2.97,0.0
9052,2,446,1.444999999999975,0.05605381165919283,3045.3,2.97,0.0
9053,5,846,4.845000000000032,0.05555555555555555,3046.1,2.97,0.0
9054,1,313,0.3119999999999896,0.054313099041533544,3046.4,2.97,0.0
9055,3,589,2.587999999999959,0.05602716468590832,3046.9,2.97,0.0
9056,0,184,-0.8169999999999998,0.059782608695652176,3047.1,2.97,0.0
9057,1,313,0.3119999999999896,0.054313099041533544,3047.4,2.97,0.0
9058,1,313,0.3119999999999896,0.054313099041533544,3047.6,2.97,0.0
9059,0,179,-0.8219999999999998,0.055865921787709494,3047.8,2.97,0.0
9060,2,446,1.444999999999975,0.05605381165919283,3048.2,2.97,0.0
9061,3,579,2.5779999999999603,0.055267702936096716,3048.7,2.97,0.0
9062,1,313,0.3119999999999896,0.054313099041533544,3049.0,2.97,0.0
9063,2,465,1.4639999999999729,0.05591397849462366,3049.5,2.97,0.0
9064,4,735,3.7339999999999955,0.055782312925170066,3050.1,2.97,0.0
9065,0,183,-0.8179999999999998,0.060109289617486336,3050.3,2.97,0.0
9066,1,313,0.3119999999999896,0.05750798722044728,3050.6,2.97,0.0
9067,2,446,1.444999999999975,0.05605381165919283,3051.0,2.97,0.0
9068,1,320,0.31899999999998885,0.05625,3051.3,2.97,0.0
9069,0,179,-0.8219999999999998,0.055865921787709494,3051.4,2.97,0.0
9070,0,188,-0.8129999999999998,0.05851063829787234,3051.6,2.97,0.0
9071,3,579,2.5779999999999603,0.055267702936096716,3052.1,2.97,0.0
9072,1,313,0.3119999999999896,0.054313099041533544,3052.4,2.97,0.0
9073,1,313,0.3119999999999896,0.05750798722044728,3052.7,2.97,0.0
9074,1,317,0.3159999999999892,0.056782334384858045,3052.9,2.97,0.0
9075,2,465,1.4639999999999729,0.05591397849462366,3053.4,2.97,0.0
9076,0,179,-0.8219999999999998,0.055865921787709494,3053.5,2.97,0.0
9077,0,179,-0.8219999999999998,0.055865921787709494,3053.7,2.97,0.0
9078,5,851,4.850000000000033,0.0564042303172738,3054.5,2.97,0.0
9079,2,446,1.444999999999975,0.053811659192825115,3054.9,2.97,0.0
9080,1,313,0.3119999999999896,0.054313099041533544,3055.2,2.97,0.0
9081,5,846,4.845000000000032,0.05555555555555555,3055.9,2.97,0.0
9082,2,464,1.462999999999973,0.05603448275862069,3056.3,2.97,0.0
9083,1,313,0.3119999999999896,0.05750798722044728,3056.6,2.97,0.0
9084,0,179,-0.8219999999999998,0.055865921787709494,3056.8,2.97,0.0
9085,7,1118,7.117000000000033,0.05635062611806798,3057.8,2.97,0.0
9086,0,179,-0.8219999999999998,0.055865921787709494,3057.9,2.97,0.0
9087,0,183,-0.8179999999999998,0.060109289617486336,3058.1,2.97,0.0
9088,1,313,0.3119999999999896,0.05750798722044728,3058.4,2.97,0.0
9089,2,462,1.4609999999999732,0.05627705627705628,3058.8,2.97,0.0
9090,6,1002,6.001000000000083,0.05588822355289421,3059.7,2.97,0.0
9091,0,186,-0.8149999999999998,0.05913978494623656,3059.9,2.97,0.0
9092,2,481,1.4799999999999711,0.056133056133056136,3060.3,2.97,0.0
9093,7,1113,7.112000000000036,0.055705300988319856,3061.3,2.97,0.0
9094,3,610,2.608999999999957,0.05573770491803279,3061.8,2.97,0.0
9095,5,846,4.845000000000032,0.05555555555555555,3062.6,2.97,0.0
9096,0,179,-0.8219999999999998,0.055865921787709494,3062.8,2.97,0.0
9097,1,313,0.3119999999999896,0.054313099041533544,3063.1,2.97,0.0
9098,2,482,1.480999999999971,0.056016597510373446,3063.5,2.97,0.0
9099,5,846,4.845000000000032,0.05555555555555555,3064.3,2.97,0.0
9100,2,446,1.444999999999975,0.05605381165919283,3064.7,2.97,0.0
9101,1,321,0.31999999999998874,0.056074766355140186,3064.9,2.97,0.0
9102,4,749,3.748,0.056074766355140186,3065.6,2.97,0.0
9103,2,446,1.444999999999975,0.05605381165919283,3066.0,2.97,0.0
9104,3,579,2.5779999999999603,0.055267702936096716,3066.5,2.97,0.0
9105,0,183,-0.8179999999999998,0.060109289617486336,3066.7,2.97,0.0
9106,0,179,-0.8219999999999998,0.055865921787709494,3066.9,2.97,0.0
9107,0,179,-0.8219999999999998,0.055865921787709494,3067.0,2.97,0.0
9108,5,846,4.845000000000032,0.05555555555555555,3067.8,2.97,0.0
9109,3,579,2.5779999999999603,0.055267702936096716,3068.3,2.97,0.0
9110,1,313,0.3119999999999896,0.05750798722044728,3068.6,2.97,0.0
9111,2,446,1.444999999999975,0.05605381165919283,3069.0,2.97,0.0
9112,0,195,-0.8059999999999998,0.05641025641025641,3069.2,2.97,0.0
9113,8,1276,8.274999999999945,0.055642633228840124,3070.3,2.97,0.0
9114,5,846,4.845000000000032,0.05555555555555555,3071.1,2.97,0.0
9115,1,313,0.3119999999999896,0.054313099041533544,3071.4,2.97,0.0
9116,3,579,2.5779999999999603,0.055267702936096716,3071.9,2.97,0.0
9117,4,713,3.711999999999988,0.056100981767180924,3072.5,2.97,0.0
9118,3,579,2.5779999999999603,0.055267702936096716,3073.0,2.97,0.0
9119,2,463,1.461999999999973,0.056155507559395246,3073.5,2.97,0.0
9120,4,729,3.7279999999999935,0.056241426611796985,3074.1,2.97,0.0
9121,1,313,0.3119999999999896,0.05750798722044728,3074.4,2.97,0.0
9122,0,179,-0.8219999999999998,0.055865921787709494,3074.6,2.97,0.0
9123,1,313,0.3119999999999896,0.05750798722044728,3074.8,2.97,0.0
9124,0,179,-0.8219999999999998,0.055865921787709494,3075.0,2.97,0.0
9125,1,313,0.3119999999999896,0.054313099041533544,3075.3,2.97,0.0
9126,3,579,2.5779999999999603,0.05699481865284974,3075.8,2.97,0.0
9127,0,196,-0.8049999999999998,0.05612244897959184,3076.0,2.97,0.0
9128,9,1379,9.377999999999888,0.05511240029006526,3077.3,2.97,0.0
9129,1,313,0.3119999999999896,0.05750798722044728,3077.6,2.97,0.0
9130,0,179,-0.8219999999999998,0.055865921787709494,3077.7,2.97,0.0
9131,3,579,2.5779999999999603,0.055267702936096716,3078.2,2.97,0.0
9132,0,191,-0.8099999999999998,0.05759162303664921,3078.4,2.97,0.0
9133,6,979,5.978000000000075,0.05515832482124617,3079.3,2.97,0.0
9134,0,179,-0.8219999999999998,0.055865921787709494,3079.5,2.97,0.0
9135,2,447,1.4459999999999749,0.05592841163310962,3079.9,2.97,0.0
9136,2,462,1.4609999999999732,0.05627705627705628,3080.3,2.97,0.0
9137,3,579,2.5779999999999603,0.055267702936096716,3080.8,2.97,0.0
9138,1,314,0.3129999999999895,0.05732484076433121,3081.1,2.97,0.0
9139,4,717,3.7159999999999895,0.05578800557880056,3081.7,2.97,0.0
9140,3,590,2.588999999999959,0.05593220338983051,3082.3,2.97,0.0
9141,7,1113,7.112000000000036,0.055705300988319856,3083.3,2.97,0.0
9142,0,188,-0.8129999999999998,0.05851063829787234,3083.4,2.97,0.0
9143,0,179,-0.8219999999999998,0.055865921787709494,3083.6,2.97,0.0
9144,2,465,1.4639999999999729,0.05591397849462366,3084.1,2.97,0.0
9145,6,980,5.979000000000076,0.05612244897959184,3084.9,2.96,0.0
9146,1,339,0.33799999999998676,0.05604719764011799,3085.2,2.96,0.0
9147,1,335,0.3339999999999872,0.056716417910447764,3085.5,2.96,0.0
9148,1,313,0.3119999999999896,0.054313099041533544,3085.8,2.96,0.0
9149,2,446,1.444999999999975,0.05605381165919283,3086.3,2.96,0.0
9150,0,179,-0.8219999999999998,0.055865921787709494,3086.5,2.96,0.0
9151,1,313,0.3119999999999896,0.05750798722044728,3086.8,2.96,0.0
9152,7,1113,7.112000000000036,0.055705300988319856,3087.7,2.96,0.0
9153,0,186,-0.8149999999999998,0.05913978494623656,3087.9,2.96,0.0
9154,0,187,-0.8139999999999998,0.058823529411764705,3088.1,2.96,0.0
9155,3,579,2.5779999999999603,0.055267702936096716,3088.6,2.96,0.0
9156,2,454,1.452999999999974,0.05726872246696035,3089.0,2.96,0.0
9157,0,179,-0.8219999999999998,0.055865921787709494,3089.1,2.96,0.0
9158,0,179,-0.8219999999999998,0.055865921787709494,3089.3,2.96,0.0
9159,2,446,1.444999999999975,0.053811659192825115,3089.7,2.96,0.0
9160,0,184,-0.8169999999999998,0.059782608695652176,3089.9,2.96,0.0
9161,1,313,0.3119999999999896,0.054313099041533544,3090.2,2.96,0.0
9162,1,340,0.33899999999998665,0.05588235294117647,3090.5,2.96,0.0
9163,2,446,1.444999999999975,0.05605381165919283,3090.9,2.96,0.0
9164,0,179,-0.8219999999999998,0.055865921787709494,3091.0,2.97,0.0
9165,4,717,3.7159999999999895,0.05578800557880056,3091.7,2.96,0.0
9166,0,191,-0.8099999999999998,0.05759162303664921,3091.9,2.96,0.0
9167,0,179,-0.8219999999999998,0.055865921787709494,3092.0,2.97,0.0
9168,2,455,1.453999999999974,0.05714285714285714,3092.4,2.96,0.0
9169,3,579,2.5779999999999603,0.055267702936096716,3092.9,2.96,0.0
9170,1,321,0.31999999999998874,0.056074766355140186,3093.2,2.96,0.0
9171,2,457,1.4559999999999738,0.05689277899343545,3093.6,2.96,0.0
9172,1,313,0.3119999999999896,0.05750798722044728,3093.9,2.96,0.0
9173,4,713,3.711999999999988,0.056100981767180924,3094.6,2.96,0.0
9174,1,315,0.3139999999999894,0.05714285714285714,3094.8,2.96,0.0
9175,1,335,0.3339999999999872,0.056716417910447764,3095.1,2.96,0.0
9176,5,846,4.845000000000032,0.05555555555555555,3095.9,2.96,0.0
9177,3,585,2.5839999999999597,0.05641025641025641,3096.4,2.96,0.0
9178,0,179,-0.8219999999999998,0.055865921787709494,3096.6,2.96,0.0
9179,0,187,-0.8139999999999998,0.058823529411764705,3096.8,2.96,0.0
9180,0,185,-0.8159999999999998,0.05945945945945946,3096.9,2.96,0.0
9181,2,457,1.4559999999999738,0.05689277899343545,3097.3,2.96,0.0
9182,0,179,-0.8219999999999998,0.055865921787709494,3097.5,2.96,0.0
9183,1,322,0.32099999999998863,0.055900621118012424,3097.8,2.96,0.0
9184,0,179,-0.8219999999999998,0.05027932960893855,3097.9,2.96,0.0
9185,0,183,-0.8179999999999998,0.060109289617486336,3098.1,2.97,0.0
9186,0,187,-0.8139999999999998,0.058823529411764705,3098.3,2.97,0.0
9187,2,447,1.4459999999999749,0.05592841163310962,3098.7,2.97,0.0
9188,3,609,2.607999999999957,0.05582922824302135,3099.3,2.96,0.0
9189,3,579,2.5779999999999603,0.055267702936096716,3099.8,2.96,0.0
9190,1,322,0.32099999999998863,0.055900621118012424,3100.1,2.96,0.0
9191,0,179,-0.8219999999999998,0.055865921787709494,3100.3,2.96,0.0
9192,0,179,-0.8219999999999998,0.055865921787709494,3100.4,2.97,0.0
9193,1,322,0.32099999999998863,0.055900621118012424,3100.7,2.97,0.0
9194,3,579,2.5779999999999603,0.055267702936096716,3101.2,2.96,0.0
9195,0,189,-0.8119999999999998,0.0582010582010582,3101.4,2.97,0.0
9196,1,315,0.3139999999999894,0.05714285714285714,3101.7,2.97,0.0
9197,1,321,0.31999999999998874,0.056074766355140186,3102.0,2.97,0.0
9198,2,446,1.444999999999975,0.05605381165919283,3102.4,2.97,0.0
9199,1,313,0.3119999999999896,0.05750798722044728,3102.7,2.97,0.0
9200,3,579,2.5779999999999603,0.055267702936096716,3103.2,2.97,0.0
9201,3,579,2.5779999999999603,0.055267702936096716,3103.7,2.96,0.0
9202,0,179,-0.8219999999999998,0.055865921787709494,3103.9,2.97,0.0
9203,3,579,2.5779999999999603,0.055267702936096716,3104.4,2.96,0.0
9204,1,313,0.3119999999999896,0.05750798722044728,3104.7,2.96,0.0
9205,0,179,-0.8219999999999998,0.055865921787709494,3104.8,2.97,0.0
9206,3,585,2.5839999999999597,0.05641025641025641,3105.4,2.96,0.0
9207,2,465,1.4639999999999729,0.05591397849462366,3105.8,2.96,0.0
9208,0,179,-0.8219999999999998,0.055865921787709494,3105.9,2.96,0.0
9209,0,179,-0.8219999999999998,0.055865921787709494,3106.1,2.97,0.0
9210,0,179,-0.8219999999999998,0.055865921787709494,3106.3,2.97,0.0
9211,3,579,2.5779999999999603,0.05699481865284974,3106.8,2.97,0.0
9212,3,579,2.5779999999999603,0.055267702936096716,3107.3,2.96,0.0
9213,1,319,0.31799999999998896,0.05642633228840126,3107.6,2.97,0.0
9214,1,313,0.3119999999999896,0.05750798722044728,3107.8,2.97,0.0
9215,3,579,2.5779999999999603,0.055267702936096716,3108.3,2.96,0.0
9216,3,591,2.589999999999959,0.05583756345177665,3108.9,2.96,0.0
9217,0,185,-0.8159999999999998,0.05945945945945946,3109.0,2.96,0.0
9218,0,196,-0.8049999999999998,0.05612244897959184,3109.2,2.97,0.0
9219,5,859,4.858000000000036,0.05587892898719441,3110.0,2.96,0.0
9220,3,581,2.57999999999996,0.05679862306368331,3110.5,2.96,0.0
9221,1,313,0.3119999999999896,0.05750798722044728,3110.8,2.96,0.0
9222,0,210,-0.7909999999999998,0.05714285714285714,3111.0,2.96,0.0
9223,3,579,2.5779999999999603,0.055267702936096716,3111.5,2.96,0.0
9224,0,179,-0.8219999999999998,0.055865921787709494,3111.6,2.96,0.0
9225,4,713,3.711999999999988,0.0546984572230014,3112.3,2.96,0.0
9226,0,189,-0.8119999999999998,0.0582010582010582,3112.5,2.96,0.0
9227,5,846,4.845000000000032,0.05555555555555555,3113.2,2.96,0.0
9228,4,732,3.7309999999999945,0.056010928961748634,3113.9,2.96,0.0
9229,2,446,1.444999999999975,0.05605381165919283,3114.3,2.96,0.0
9230,3,593,2.591999999999959,0.05564924114671164,3114.8,2.96,0.0
9231,1,321,0.31999999999998874,0.056074766355140186,3115.1,2.96,0.0
9232,0,192,-0.8089999999999998,0.057291666666666664,3115.3,2.96,0.0
9233,4,713,3.711999999999988,0.0546984572230014,3115.9,2.96,0.0
9234,1,313,0.3119999999999896,0.05750798722044728,3116.2,2.96,0.0
9235,2,459,1.4579999999999735,0.05664488017429194,3116.6,2.96,0.0
9236,5,860,4.859000000000036,0.05581395348837209,3117.4,2.96,0.0
9237,1,313,0.3119999999999896,0.05750798722044728,3117.7,2.96,0.0
9238,10,1513,10.511999999999814,0.05551883674818242,3119.1,2.96,0.0
9239,4,619,3.617999999999957,0.05654281098546042,3119.6,2.96,0.0
9240,0,179,-0.8219999999999998,0.055865921787709494,3119.8,2.96,0.0
9241,3,579,2.5779999999999603,0.055267702936096716,3120.3,2.96,0.0
9242,0,179,-0.8219999999999998,0.055865921787709494,3120.4,2.96,0.0
9243,4,713,3.711999999999988,0.056100981767180924,3121.1,2.96,0.0
9244,1,313,0.3119999999999896,0.054313099041533544,3121.4,2.96,0.0
9245,0,179,-0.8219999999999998,0.055865921787709494,3121.5,2.96,0.0
9246,2,482,1.480999999999971,0.056016597510373446,3122.0,2.96,0.0
9247,1,313,0.3119999999999896,0.054313099041533544,3122.3,2.96,0.0
9248,5,846,4.845000000000032,0.05555555555555555,3123.0,2.96,0.0
9249,1,313,0.3119999999999896,0.054313099041533544,3123.3,2.96,0.0
9250,2,459,1.4579999999999735,0.05664488017429194,3123.7,2.96,0.0
9251,0,179,-0.8219999999999998,0.055865921787709494,3123.9,2.96,0.0
9252,4,713,3.711999999999988,0.056100981767180924,3124.5,2.96,0.0
9253,0,179,-0.8219999999999998,0.055865921787709494,3124.7,2.96,0.0
9254,5,857,4.856000000000035,0.056009334889148193,3125.5,2.96,0.0
9255,0,187,-0.8139999999999998,0.058823529411764705,3125.6,2.96,0.0
9256,0,179,-0.8219999999999998,0.055865921787709494,3125.8,2.96,0.0
9257,2,446,1.444999999999975,0.05605381165919283,3126.2,2.96,0.0
9258,0,179,-0.8219999999999998,0.055865921787709494,3126.3,2.96,0.0
9259,1,313,0.3119999999999896,0.05750798722044728,3126.6,2.96,0.0
9260,2,446,1.444999999999975,0.05605381165919283,3127.0,2.96,0.0
9261,2,446,1.444999999999975,0.05605381165919283,3127.4,2.96,0.0
9262,0,179,-0.8219999999999998,0.055865921787709494,3127.6,2.96,0.0
9263,2,452,1.4509999999999743,0.05752212389380531,3128.0,2.96,0.0
9264,2,459,1.4579999999999735,0.05664488017429194,3128.4,2.96,0.0
9265,0,195,-0.8059999999999998,0.05641025641025641,3128.6,2.96,0.0
9266,7,1113,7.112000000000036,0.05480682839173405,3129.5,2.96,0.0
9267,0,188,-0.8129999999999998,0.05851063829787234,3129.7,2.96,0.0
9268,4,713,3.711999999999988,0.0546984572230014,3130.3,2.96,0.0
9269,1,338,0.33699999999998687,0.05621301775147929,3130.7,2.96,0.0
9270,0,191,-0.8099999999999998,0.05759162303664921,3130.8,2.96,0.0
9271,1,313,0.3119999999999896,0.054313099041533544,3131.1,2.96,0.0
9272,3,581,2.57999999999996,0.05679862306368331,3131.6,2.96,0.0
9273,1,336,0.3349999999999871,0.05654761904761905,3131.9,2.96,0.0
9274,0,189,-0.8119999999999998,0.0582010582010582,3132.1,2.96,0.0
9275,1,313,0.3119999999999896,0.05750798722044728,3132.4,2.96,0.0
9276,0,183,-0.8179999999999998,0.060109289617486336,3132.5,2.96,0.0
9277,0,179,-0.8219999999999998,0.055865921787709494,3132.7,2.96,0.0
9278,4,727,3.725999999999993,0.05639614855570839,3133.3,2.96,0.0
9279,2,446,1.444999999999975,0.05605381165919283,3133.7,2.96,0.0
9280,6,981,5.980000000000076,0.05606523955147808,3134.6,2.96,0.0
9281,0,179,-0.8219999999999998,0.055865921787709494,3134.8,2.96,0.0
9282,2,446,1.444999999999975,0.053811659192825115,3135.2,2.96,0.0
9283,2,446,1.444999999999975,0.05605381165919283,3135.6,2.96,0.0
9284,0,191,-0.8099999999999998,0.05759162303664921,3135.8,2.96,0.0
9285,2,458,1.4569999999999736,0.056768558951965066,3136.2,2.96,0.0
9286,0,183,-0.8179999999999998,0.060109289617486336,3136.3,2.96,0.0
9287,2,446,1.444999999999975,0.05605381165919283,3136.7,2.96,0.0
9288,1,313,0.3119999999999896,0.05750798722044728,3137.0,2.96,0.0
9289,5,850,4.849000000000033,0.05647058823529412,3137.8,2.96,0.0
9290,1,313,0.3119999999999896,0.054313099041533544,3138.1,2.96,0.0
9291,0,185,-0.8159999999999998,0.05945945945945946,3138.2,2.96,0.0
9292,3,579,2.5779999999999603,0.055267702936096716,3138.7,2.96,0.0
9293,0,188,-0.8129999999999998,0.05851063829787234,3138.9,2.96,0.0
9294,1,313,0.3119999999999896,0.05750798722044728,3139.2,2.96,0.0
9295,2,446,1.444999999999975,0.05605381165919283,3139.6,2.96,0.0
9296,0,191,-0.8099999999999998,0.05759162303664921,3139.8,2.96,0.0
9297,2,446,1.444999999999975,0.05605381165919283,3140.2,2.96,0.0
9298,5,853,4.852000000000034,0.05627198124267292,3141.0,2.96,0.0
9299,0,195,-0.8059999999999998,0.05641025641025641,3141.1,2.96,0.0
9300,6,979,5.978000000000075,0.05515832482124617,3142.0,2.96,0.0
9301,8,1246,8.244999999999962,0.05537720706260032,3143.1,2.96,0.0
9302,1,323,0.3219999999999885,0.05572755417956656,3143.4,2.96,0.0
9303,0,179,-0.8219999999999998,0.055865921787709494,3143.5,2.96,0.0
9304,0,191,-0.8099999999999998,0.05759162303664921,3143.7,2.96,0.0
9305,4,725,3.723999999999992,0.05655172413793103,3144.4,2.96,0.0
9306,2,446,1.444999999999975,0.053811659192825115,3144.8,2.96,0.0
9307,1,313,0.3119999999999896,0.054313099041533544,3145.0,2.96,0.0
9308,0,179,-0.8219999999999998,0.055865921787709494,3145.2,2.96,0.0
9309,6,979,5.978000000000075,0.05515832482124617,3146.1,2.96,0.0
9310,4,713,3.711999999999988,0.056100981767180924,3146.7,2.96,0.0
9311,0,185,-0.8159999999999998,0.05945945945945946,3146.9,2.96,0.0
9312,0,179,-0.8219999999999998,0.055865921787709494,3147.1,2.96,0.0
9313,0,179,-0.8219999999999998,0.055865921787709494,3147.2,2.96,0.0
9314,0,192,-0.8089999999999998,0.057291666666666664,3147.4,2.96,0.0
9315,1,313,0.3119999999999896,0.054313099041533544,3147.7,2.96,0.0
9316,4,716,3.714999999999989,0.055865921787709494,3148.3,2.96,0.0
9317,0,179,-0.8219999999999998,0.055865921787709494,3148.5,2.96,0.0
9318,5,846,4.845000000000032,0.05555555555555555,3149.3,2.96,0.0
9319,3,582,2.58099999999996,0.05670103092783505,3149.8,2.96,0.0
9320,0,179,-0.8219999999999998,0.055865921787709494,3149.9,2.96,0.0
9321,1,313,0.3119999999999896,0.054313099041533544,3150.2,2.96,0.0
9322,2,460,1.4589999999999734,0.05652173913043478,3150.6,2.96,0.0
9323,1,313,0.3119999999999896,0.05750798722044728,3150.9,2.96,0.0
9324,7,1113,7.112000000000036,0.055705300988319856,3151.9,2.96,0.0
9325,0,179,-0.8219999999999998,0.055865921787709494,3152.1,2.96,0.0
9326,1,313,0.3119999999999896,0.054313099041533544,3152.4,2.96,0.0
9327,0,185,-0.8159999999999998,0.05945945945945946,3152.5,2.96,0.0
9328,2,460,1.4589999999999734,0.05652173913043478,3153.0,2.96,0.0
9329,0,179,-0.8219999999999998,0.055865921787709494,3153.1,2.96,0.0
9330,6,979,5.978000000000075,0.05515832482124617,3154.0,2.96,0.0
9331,0,179,-0.8219999999999998,0.055865921787709494,3154.2,2.96,0.0
9332,0,179,-0.8219999999999998,0.055865921787709494,3154.3,2.96,0.0
9333,1,313,0.3119999999999896,0.054313099041533544,3154.6,2.96,0.0
9334,0,181,-0.8199999999999998,0.06077348066298342,3154.8,2.96,0.0
9335,2,455,1.453999999999974,0.05714285714285714,3155.2,2.96,0.0
9336,0,196,-0.8049999999999998,0.05612244897959184,3155.4,2.96,0.0
9337,0,179,-0.8219999999999998,0.055865921787709494,3155.5,2.96,0.0
9338,3,579,2.5779999999999603,0.055267702936096716,3156.0,2.96,0.0
9339,1,313,0.3119999999999896,0.05750798722044728,3156.3,2.96,0.0
9340,1,341,0.33999999999998654,0.05571847507331378,3156.6,2.96,0.0
9341,0,187,-0.8139999999999998,0.058823529411764705,3156.8,2.96,0.0
9342,0,194,-0.8069999999999998,0.05670103092783505,3157.0,2.96,0.0
9343,5,862,4.861000000000037,0.05568445475638051,3157.7,2.96,0.0
9344,3,589,2.587999999999959,0.05602716468590832,3158.3,2.96,0.0
9345,1,313,0.3119999999999896,0.054313099041533544,3158.5,2.96,0.0
9346,2,447,1.4459999999999749,0.05592841163310962,3158.9,2.96,0.0
9347,2,446,1.444999999999975,0.053811659192825115,3159.3,2.96,0.0
9348,5,853,4.852000000000034,0.05627198124267292,3160.1,2.96,0.0
9349,4,713,3.711999999999988,0.056100981767180924,3160.8,2.96,0.0
9350,2,455,1.453999999999974,0.05714285714285714,3161.2,2.96,0.0
9351,0,196,-0.8049999999999998,0.05612244897959184,3161.3,2.96,0.0
9352,5,846,4.845000000000032,0.05555555555555555,3162.1,2.96,0.0
9353,3,579,2.5779999999999603,0.05699481865284974,3162.6,2.96,0.0
9354,2,446,1.444999999999975,0.05605381165919283,3163.0,2.96,0.0
9355,0,186,-0.8149999999999998,0.05913978494623656,3163.2,2.96,0.0
9356,2,466,1.4649999999999728,0.055793991416309016,3163.6,2.96,0.0
9357,0,191,-0.8099999999999998,0.05759162303664921,3163.8,2.96,0.0
9358,0,179,-0.8219999999999998,0.055865921787709494,3163.9,2.96,0.0
9359,1,313,0.3119999999999896,0.054313099041533544,3164.2,2.96,0.0
9360,1,313,0.3119999999999896,0.054313099041533544,3164.5,2.96,0.0
9361,5,860,4.859000000000036,0.05581395348837209,3165.3,2.96,0.0
9362,1,313,0.3119999999999896,0.054313099041533544,3165.6,2.96,0.0
9363,1,313,0.3119999999999896,0.054313099041533544,3165.8,2.96,0.0
9364,1,313,0.3119999999999896,0.054313099041533544,3166.1,2.96,0.0
9365,2,446,1.444999999999975,0.05605381165919283,3166.5,2.96,0.0
9366,2,446,1.444999999999975,0.05605381165919283,3167.0,2.96,0.0
9367,2,457,1.4559999999999738,0.05689277899343545,3167.4,2.96,0.0
9368,3,579,2.5779999999999603,0.055267702936096716,3167.9,2.96,0.0
9369,0,179,-0.8219999999999998,0.055865921787709494,3168.0,2.96,0.0
9370,0,194,-0.8069999999999998,0.05670103092783505,3168.2,2.96,0.0
9371,0,194,-0.8069999999999998,0.05670103092783505,3168.4,2.96,0.0
9372,2,446,1.444999999999975,0.053811659192825115,3168.8,2.96,0.0
9373,6,1003,6.002000000000083,0.05583250249252243,3169.7,2.96,0.0
9374,0,187,-0.8139999999999998,0.058823529411764705,3169.8,2.96,0.0
9375,7,1122,7.121000000000031,0.05614973262032086,3170.8,2.96,0.0
9376,1,335,0.3339999999999872,0.056716417910447764,3171.1,2.96,0.0
9377,1,319,0.31799999999998896,0.05642633228840126,3171.4,2.96,0.0
9378,3,579,2.5779999999999603,0.055267702936096716,3171.9,2.96,0.0
9379,1,318,0.31699999999998907,0.05660377358490566,3172.2,2.96,0.0
9380,2,448,1.4469999999999748,0.05580357142857143,3172.6,2.96,0.0
9381,3,579,2.5779999999999603,0.055267702936096716,3173.1,2.96,0.0
9382,1,313,0.3119999999999896,0.05750798722044728,3173.4,2.96,0.0
9383,1,313,0.3119999999999896,0.054313099041533544,3173.7,2.96,0.0
9384,2,446,1.444999999999975,0.053811659192825115,3174.1,2.96,0.0
9385,0,179,-0.8219999999999998,0.055865921787709494,3174.2,2.96,0.0
9386,3,579,2.5779999999999603,0.055267702936096716,3174.7,2.96,0.0
9387,0,179,-0.8219999999999998,0.055865921787709494,3174.9,2.96,0.0
9388,2,446,1.444999999999975,0.05605381165919283,3175.3,2.96,0.0
9389,2,446,1.444999999999975,0.05605381165919283,3175.7,2.96,0.0
9390,4,735,3.7339999999999955,0.055782312925170066,3176.4,2.96,0.0
9391,0,183,-0.8179999999999998,0.060109289617486336,3176.5,2.96,0.0
9392,3,589,2.587999999999959,0.05602716468590832,3177.0,2.96,0.0
9393,0,179,-0.8219999999999998,0.055865921787709494,3177.2,2.96,0.0
9394,0,179,-0.8219999999999998,0.055865921787709494,3177.3,2.96,0.0
9395,0,185,-0.8159999999999998,0.05945945945945946,3177.5,2.96,0.0
9396,3,609,2.607999999999957,0.05582922824302135,3178.0,2.96,0.0
9397,3,592,2.590999999999959,0.05574324324324324,3178.6,2.96,0.0
9398,2,482,1.480999999999971,0.056016597510373446,3179.0,2.96,0.0
9399,6,979,5.978000000000075,0.05515832482124617,3179.8,2.96,0.0
9400,2,465,1.4639999999999729,0.05591397849462366,3180.3,2.96,0.0
9401,5,853,4.852000000000034,0.05627198124267292,3181.0,2.96,0.0
9402,0,179,-0.8219999999999998,0.055865921787709494,3181.2,2.96,0.0
9403,2,460,1.4589999999999734,0.05652173913043478,3181.6,2.96,0.0
9404,5,852,4.851000000000034,0.056338028169014086,3182.3,2.96,0.0
9405,1,313,0.3119999999999896,0.05750798722044728,3182.6,2.96,0.0
9406,0,179,-0.8219999999999998,0.055865921787709494,3182.8,2.96,0.0
9407,0,179,-0.8219999999999998,0.055865921787709494,3182.9,2.96,0.0
9408,3,586,2.5849999999999596,0.05631399317406143,3183.4,2.96,0.0
9409,1,313,0.3119999999999896,0.054313099041533544,3183.7,2.96,0.0
9410,12,1796,12.794999999999657,0.0556792873051225,3185.4,2.95,0.0
9411,0,179,-0.8219999999999998,0.055865921787709494,3185.5,2.95,0.0
9412,3,579,2.5779999999999603,0.055267702936096716,3186.0,2.95,0.0
9413,4,715,3.713999999999989,0.055944055944055944,3186.7,2.95,0.0
9414,2,454,1.452999999999974,0.05726872246696035,3187.0,2.95,0.0
9415,3,603,2.6019999999999577,0.05638474295190713,3187.6,2.95,0.0
9416,6,979,5.978000000000075,0.05515832482124617,3188.5,2.95,0.0
9417,0,187,-0.8139999999999998,0.058823529411764705,3188.6,2.95,0.0
9418,1,316,0.3149999999999893,0.056962025316455694,3188.9,2.95,0.0
9419,1,335,0.3339999999999872,0.056716417910447764,3189.2,2.95,0.0
9420,0,179,-0.8219999999999998,0.055865921787709494,3189.4,2.95,0.0
9421,0,179,-0.8219999999999998,0.055865921787709494,3189.5,2.95,0.0
9422,5,853,4.852000000000034,0.05627198124267292,3190.3,2.95,0.0
9423,0,185,-0.8159999999999998,0.05945945945945946,3190.5,2.95,0.0
9424,4,713,3.711999999999988,0.056100981767180924,3191.1,2.95,0.0
9425,0,179,-0.8219999999999998,0.055865921787709494,3191.2,2.95,0.0
9426,1,313,0.3119999999999896,0.05750798722044728,3191.5,2.95,0.0
9427,3,579,2.5779999999999603,0.055267702936096716,3192.1,2.95,0.0
9428,0,179,-0.8219999999999998,0.055865921787709494,3192.2,2.95,0.0
9429,1,313,0.3119999999999896,0.05750798722044728,3192.5,2.95,0.0
9430,0,191,-0.8099999999999998,0.05759162303664921,3192.7,2.95,0.0
9431,2,446,1.444999999999975,0.05605381165919283,3193.1,2.95,0.0
9432,0,179,-0.8219999999999998,0.055865921787709494,3193.2,2.95,0.0
9433,4,713,3.711999999999988,0.056100981767180924,3193.8,2.95,0.0
9434,3,579,2.5779999999999603,0.055267702936096716,3194.4,2.95,0.0
9435,2,446,1.444999999999975,0.05605381165919283,3194.8,2.95,0.0
9436,1,313,0.3119999999999896,0.054313099041533544,3195.0,2.95,0.0
9437,1,319,0.31799999999998896,0.05642633228840126,3195.3,2.95,0.0
9438,0,210,-0.7909999999999998,0.05714285714285714,3195.5,2.95,0.0
9439,3,579,2.5779999999999603,0.055267702936096716,3196.0,2.95,0.0
9440,0,179,-0.8219999999999998,0.055865921787709494,3196.2,2.95,0.0
9441,3,579,2.5779999999999603,0.055267702936096716,3196.7,2.95,0.0
9442,1,315,0.3139999999999894,0.05714285714285714,3197.0,2.95,0.0
9443,0,179,-0.8219999999999998,0.05027932960893855,3197.1,2.95,0.0
9444,5,853,4.852000000000034,0.05627198124267292,3197.9,2.95,0.0
9445,0,184,-0.8169999999999998,0.059782608695652176,3198.1,2.95,0.0
9446,0,184,-0.8169999999999998,0.059782608695652176,3198.2,2.95,0.0
9447,5,846,4.845000000000032,0.05555555555555555,3199.0,2.95,0.0
9448,2,446,1.444999999999975,0.05605381165919283,3199.4,2.95,0.0
9449,1,313,0.3119999999999896,0.05750798722044728,3199.7,2.95,0.0
9450,1,313,0.3119999999999896,0.054313099041533544,3200.0,2.95,0.0
9451,0,179,-0.8219999999999998,0.055865921787709494,3200.1,2.95,0.0
9452,0,179,-0.8219999999999998,0.055865921787709494,3200.3,2.95,0.0
9453,3,579,2.5779999999999603,0.055267702936096716,3200.8,2.95,0.0
9454,0,179,-0.8219999999999998,0.055865921787709494,3201.0,2.95,0.0
9455,2,446,1.444999999999975,0.05605381165919283,3201.3,2.95,0.0
9456,2,446,1.444999999999975,0.05605381165919283,3201.7,2.95,0.0
9457,3,579,2.5779999999999603,0.055267702936096716,3202.2,2.95,0.0
9458,3,579,2.5779999999999603,0.055267702936096716,3202.7,2.95,0.0
9459,2,451,1.4499999999999744,0.057649667405764965,3203.1,2.95,0.0
9460,1,313,0.3119999999999896,0.05750798722044728,3203.4,2.95,0.0
9461,1,339,0.33799999999998676,0.05604719764011799,3203.7,2.95,0.0
9462,3,609,2.607999999999957,0.05582922824302135,3204.3,2.95,0.0
9463,4,715,3.713999999999989,0.055944055944055944,3204.9,2.95,0.0
9464,3,579,2.5779999999999603,0.055267702936096716,3205.5,2.95,0.0
9465,0,179,-0.8219999999999998,0.055865921787709494,3205.6,2.95,0.0
9466,0,179,-0.8219999999999998,0.055865921787709494,3205.8,2.95,0.0
9467,1,313,0.3119999999999896,0.05750798722044728,3206.0,2.95,0.0
9468,9,1379,9.377999999999888,0.05583756345177665,3207.3,2.95,0.0
9469,2,456,1.4549999999999739,0.05701754385964912,3207.7,2.95,0.0
9470,0,179,-0.8219999999999998,0.055865921787709494,3207.9,2.95,0.0
9471,1,321,0.31999999999998874,0.056074766355140186,3208.2,2.95,0.0
9472,2,455,1.453999999999974,0.05714285714285714,3208.6,2.95,0.0
9473,0,186,-0.8149999999999998,0.05913978494623656,3208.7,2.95,0.0
9474,1,313,0.3119999999999896,0.054313099041533544,3209.0,2.95,0.0
9475,0,179,-0.8219999999999998,0.055865921787709494,3209.2,2.95,0.0
9476,2,460,1.4589999999999734,0.05652173913043478,3209.6,2.95,0.0
9477,0,179,-0.8219999999999998,0.055865921787709494,3209.7,2.95,0.0
9478,4,713,3.711999999999988,0.0546984572230014,3210.4,2.95,0.0
9479,7,1113,7.112000000000036,0.055705300988319856,3211.4,2.95,0.0
9480,1,318,0.31699999999998907,0.05660377358490566,3211.7,2.95,0.0
9481,1,313,0.3119999999999896,0.054313099041533544,3211.9,2.95,0.0
9482,1,313,0.3119999999999896,0.054313099041533544,3212.2,2.95,0.0
9483,3,584,2.5829999999999598,0.05650684931506849,3212.7,2.95,0.0
9484,2,455,1.453999999999974,0.05714285714285714,3213.2,2.95,0.0
9485,0,183,-0.8179999999999998,0.060109289617486336,3213.3,2.95,0.0
9486,0,184,-0.8169999999999998,0.059782608695652176,3213.5,2.95,0.0
9487,0,179,-0.8219999999999998,0.055865921787709494,3213.6,2.95,0.0
9488,1,313,0.3119999999999896,0.054313099041533544,3213.9,2.95,0.0
9489,0,195,-0.8059999999999998,0.05641025641025641,3214.1,2.95,0.0
9490,0,179,-0.8219999999999998,0.055865921787709494,3214.3,2.95,0.0
9491,1,313,0.3119999999999896,0.05750798722044728,3214.5,2.95,0.0
9492,2,451,1.4499999999999744,0.057649667405764965,3215.0,2.95,0.0
9493,3,579,2.5779999999999603,0.055267702936096716,3215.5,2.95,0.0
9494,0,179,-0.8219999999999998,0.055865921787709494,3215.6,2.95,0.0
9495,0,179,-0.8219999999999998,0.055865921787709494,3215.8,2.95,0.0
9496,7,1128,7.127000000000027,0.05585106382978723,3216.8,2.95,0.0
9497,1,338,0.33699999999998687,0.05621301775147929,3217.1,2.95,0.0
9498,0,179,-0.8219999999999998,0.055865921787709494,3217.3,2.95,0.0
9499,0,183,-0.8179999999999998,0.060109289617486336,3217.4,2.95,0.0
9500,6,979,5.978000000000075,0.05515832482124617,3218.3,2.95,0.0
9501,3,579,2.5779999999999603,0.055267702936096716,3223.8,2.95,0.0
9502,4,713,3.711999999999988,0.056100981767180924,3224.5,2.95,0.0
9503,3,579,2.5779999999999603,0.055267702936096716,3225.0,2.95,0.0
9504,3,583,2.58199999999996,0.05660377358490566,3225.5,2.95,0.0
9505,8,1246,8.244999999999962,0.05537720706260032,3226.6,2.95,0.0
9506,2,446,1.444999999999975,0.05605381165919283,3227.0,2.95,0.0
9507,4,713,3.711999999999988,0.056100981767180924,3227.7,2.95,0.0
9508,1,319,0.31799999999998896,0.05642633228840126,3227.9,2.95,0.0
9509,4,713,3.711999999999988,0.0546984572230014,3228.6,2.95,0.0
9510,0,181,-0.8199999999999998,0.06077348066298342,3228.7,2.95,0.0
9511,1,313,0.3119999999999896,0.054313099041533544,3229.0,2.95,0.0
9512,0,191,-0.8099999999999998,0.05759162303664921,3229.2,2.95,0.0
9513,4,713,3.711999999999988,0.0546984572230014,3229.9,2.95,0.0
9514,2,446,1.444999999999975,0.05605381165919283,3230.3,2.95,0.0
9515,2,446,1.444999999999975,0.05605381165919283,3230.8,2.95,0.0
9516,2,446,1.444999999999975,0.05605381165919283,3231.2,2.95,0.0
9517,0,179,-0.8219999999999998,0.055865921787709494,3231.3,2.95,0.0
9518,1,337,0.335999999999987,0.05637982195845697,3231.7,2.95,0.0
9519,0,195,-0.8059999999999998,0.05641025641025641,3231.8,2.95,0.0
9520,2,448,1.4469999999999748,0.05580357142857143,3232.2,2.95,0.0
9521,3,579,2.5779999999999603,0.055267702936096716,3232.7,2.95,0.0
9522,1,313,0.3119999999999896,0.054313099041533544,3233.0,2.95,0.0
9523,1,313,0.3119999999999896,0.054313099041533544,3233.3,2.95,0.0
9524,1,332,0.3309999999999875,0.0572289156626506,3233.6,2.95,0.0
9525,0,179,-0.8219999999999998,0.055865921787709494,3233.7,2.95,0.0
9526,3,591,2.589999999999959,0.05583756345177665,3234.3,2.95,0.0
9527,0,179,-0.8219999999999998,0.055865921787709494,3234.5,2.95,0.0
9528,0,179,-0.8219999999999998,0.055865921787709494,3234.6,2.95,0.0
9529,1,313,0.3119999999999896,0.05750798722044728,3234.9,2.95,0.0
9530,8,1249,8.24799999999996,0.05604483586869496,3236.1,2.95,0.0
9531,0,179,-0.8219999999999998,0.055865921787709494,3236.2,2.95,0.0
9532,0,191,-0.8099999999999998,0.05759162303664921,3236.4,2.95,0.0
9533,0,183,-0.8179999999999998,0.060109289617486336,3236.5,2.95,0.0
9534,0,179,-0.8219999999999998,0.055865921787709494,3236.7,2.95,0.0
9535,4,713,3.711999999999988,0.056100981767180924,3237.3,2.95,0.0
9536,12,1779,12.777999999999667,0.05564924114671164,3238.4,2.94,0.0
9537,0,179,-0.8219999999999998,0.055865921787709494,3238.5,2.95,0.0
9538,1,313,0.3119999999999896,0.05750798722044728,3238.7,2.95,0.0
9539,0,195,-0.8059999999999998,0.05641025641025641,3238.8,2.95,0.0
9540,1,313,0.3119999999999896,0.054313099041533544,3238.9,2.95,0.0
9541,4,715,3.713999999999989,0.055944055944055944,3239.4,2.95,0.0
9542,0,183,-0.8179999999999998,0.060109289617486336,3239.5,2.95,0.0
9543,0,182,-0.8189999999999998,0.06043956043956044,3239.6,2.95,0.0
9544,2,446,1.444999999999975,0.05605381165919283,3239.8,2.95,0.0
9545,1,313,0.3119999999999896,0.054313099041533544,3240.0,2.95,0.0
9546,0,183,-0.8179999999999998,0.060109289617486336,3240.1,2.95,0.0
9547,0,192,-0.8089999999999998,0.057291666666666664,3240.2,2.95,0.0
9548,1,335,0.3339999999999872,0.056716417910447764,3240.4,2.95,0.0
9549,0,186,-0.8149999999999998,0.05913978494623656,3240.6,2.95,0.0
9550,4,713,3.711999999999988,0.0546984572230014,3241.2,2.95,0.0
9551,0,179,-0.8219999999999998,0.055865921787709494,3241.4,2.95,0.0
9552,4,713,3.711999999999988,0.056100981767180924,3242.1,2.95,0.0
9553,3,583,2.58199999999996,0.05660377358490566,3242.6,2.95,0.0
9554,3,580,2.57899999999996,0.056896551724137934,3243.1,2.95,0.0
9555,1,313,0.3119999999999896,0.05750798722044728,3243.4,2.95,0.0
9556,0,179,-0.8219999999999998,0.055865921787709494,3243.5,2.95,0.0
9557,0,191,-0.8099999999999998,0.05759162303664921,3243.7,2.95,0.0
9558,4,713,3.711999999999988,0.0546984572230014,3244.3,2.95,0.0
9559,0,179,-0.8219999999999998,0.055865921787709494,3244.5,2.95,0.0
9560,1,313,0.3119999999999896,0.054313099041533544,3244.8,2.95,0.0
9561,0,179,-0.8219999999999998,0.055865921787709494,3245.0,2.95,0.0
9562,1,313,0.3119999999999896,0.05750798722044728,3245.3,2.95,0.0
9563,0,186,-0.8149999999999998,0.05913978494623656,3245.4,2.95,0.0
9564,3,588,2.5869999999999593,0.05612244897959184,3246.0,2.95,0.0
9565,3,579,2.5779999999999603,0.055267702936096716,3246.5,2.95,0.0
9566,1,313,0.3119999999999896,0.054313099041533544,3246.8,2.95,0.0
9567,1,313,0.3119999999999896,0.054313099041533544,3247.1,2.95,0.0
9568,0,179,-0.8219999999999998,0.055865921787709494,3247.2,2.95,0.0
9569,0,188,-0.8129999999999998,0.05851063829787234,3247.4,2.95,0.0
9570,4,715,3.713999999999989,0.055944055944055944,3248.0,2.95,0.0
9571,1,315,0.3139999999999894,0.05714285714285714,3248.3,2.95,0.0
9572,3,579,2.5779999999999603,0.055267702936096716,3248.8,2.95,0.0
9573,0,179,-0.8219999999999998,0.055865921787709494,3249.0,2.95,0.0
9574,0,188,-0.8129999999999998,0.05851063829787234,3249.1,2.95,0.0
9575,0,179,-0.8219999999999998,0.055865921787709494,3249.3,2.95,0.0
9576,0,185,-0.8159999999999998,0.05945945945945946,3249.5,2.95,0.0
9577,1,313,0.3119999999999896,0.054313099041533544,3249.8,2.95,0.0
9578,2,462,1.4609999999999732,0.05627705627705628,3250.2,2.95,0.0
9579,0,179,-0.8219999999999998,0.055865921787709494,3250.3,2.95,0.0
9580,3,579,2.5779999999999603,0.05699481865284974,3250.8,2.95,0.0
9581,4,715,3.713999999999989,0.055944055944055944,3251.5,2.95,0.0
9582,2,446,1.444999999999975,0.05605381165919283,3251.9,2.95,0.0
9583,1,313,0.3119999999999896,0.05750798722044728,3252.2,2.95,0.0
9584,3,579,2.5779999999999603,0.055267702936096716,3252.7,2.95,0.0
9585,0,184,-0.8169999999999998,0.059782608695652176,3252.9,2.95,0.0
9586,1,318,0.31699999999998907,0.05660377358490566,3253.1,2.95,0.0
9587,0,179,-0.8219999999999998,0.055865921787709494,3253.3,2.95,0.0
9588,2,456,1.4549999999999739,0.05701754385964912,3253.7,2.95,0.0
9589,0,188,-0.8129999999999998,0.05851063829787234,3253.9,2.95,0.0
9590,3,579,2.5779999999999603,0.055267702936096716,3254.4,2.95,0.0
9591,4,713,3.711999999999988,0.056100981767180924,3255.0,2.95,0.0
9592,6,979,5.978000000000075,0.056179775280898875,3255.9,2.95,0.0
9593,0,179,-0.8219999999999998,0.055865921787709494,3256.1,2.95,0.0
9594,0,179,-0.8219999999999998,0.055865921787709494,3256.2,2.95,0.0
9595,6,1004,6.003000000000084,0.055776892430278883,3257.2,2.95,0.0
9596,1,313,0.3119999999999896,0.05750798722044728,3257.4,2.95,0.0
9597,1,313,0.3119999999999896,0.05750798722044728,3257.7,2.95,0.0
9598,3,579,2.5779999999999603,0.055267702936096716,3258.3,2.95,0.0
9599,1,321,0.31999999999998874,0.056074766355140186,3258.6,2.95,0.0
9600,0,179,-0.8219999999999998,0.055865921787709494,3258.7,2.95,0.0
9601,3,579,2.5779999999999603,0.055267702936096716,3259.2,2.95,0.0
9602,0,179,-0.8219999999999998,0.055865921787709494,3259.4,2.95,0.0
9603,1,313,0.3119999999999896,0.054313099041533544,3259.7,2.95,0.0
9604,0,187,-0.8139999999999998,0.058823529411764705,3259.8,2.95,0.0
9605,1,313,0.3119999999999896,0.05750798722044728,3260.1,2.95,0.0
9606,5,853,4.852000000000034,0.05627198124267292,3260.9,2.95,0.0
9607,1,313,0.3119999999999896,0.05750798722044728,3261.2,2.95,0.0
9608,6,979,5.978000000000075,0.056179775280898875,3262.0,2.95,0.0
9609,0,179,-0.8219999999999998,0.055865921787709494,3262.2,2.95,0.0
9610,6,1005,6.004000000000084,0.05572139303482587,3262.7,2.95,0.0
9611,2,446,1.444999999999975,0.05605381165919283,3263.0,2.95,0.0
9612,4,713,3.711999999999988,0.0546984572230014,3263.4,2.95,0.0
9613,1,336,0.3349999999999871,0.05654761904761905,3263.5,2.95,0.0
9614,2,446,1.444999999999975,0.05605381165919283,3263.8,2.95,0.0
9615,0,179,-0.8219999999999998,0.055865921787709494,3263.9,2.95,0.0
9616,0,179,-0.8219999999999998,0.055865921787709494,3264.0,2.95,0.0
9617,0,179,-0.8219999999999998,0.055865921787709494,3264.1,2.95,0.0
9618,3,579,2.5779999999999603,0.055267702936096716,3264.4,2.95,0.0
9619,2,446,1.444999999999975,0.05605381165919283,3264.6,2.95,0.0
9620,3,585,2.5839999999999597,0.05641025641025641,3264.9,2.95,0.0
9621,0,179,-0.8219999999999998,0.055865921787709494,3265.0,2.95,0.0
9622,2,462,1.4609999999999732,0.05627705627705628,3265.3,2.95,0.0
9623,2,446,1.444999999999975,0.05605381165919283,3265.5,2.95,0.0
9624,2,446,1.444999999999975,0.05605381165919283,3265.7,2.95,0.0
9625,1,313,0.3119999999999896,0.05750798722044728,3265.9,2.95,0.0
9626,1,313,0.3119999999999896,0.054313099041533544,3266.1,2.95,0.0
9627,2,446,1.444999999999975,0.05605381165919283,3266.3,2.95,0.0
9628,0,187,-0.8139999999999998,0.058823529411764705,3266.4,2.95,0.0
9629,6,979,5.978000000000075,0.056179775280898875,3266.9,2.95,0.0
9630,3,579,2.5779999999999603,0.055267702936096716,3267.2,2.95,0.0
9631,3,611,2.609999999999957,0.05564648117839607,3267.5,2.95,0.0
9632,4,713,3.711999999999988,0.0546984572230014,3267.9,2.95,0.0
9633,0,192,-0.8089999999999998,0.057291666666666664,3268.0,2.95,0.0
9634,0,179,-0.8219999999999998,0.055865921787709494,3268.1,2.95,0.0
9635,2,462,1.4609999999999732,0.05627705627705628,3268.4,2.95,0.0
9636,6,1001,6.000000000000083,0.055944055944055944,3268.9,2.95,0.0
9637,2,446,1.444999999999975,0.05605381165919283,3269.1,2.95,0.0
9638,2,457,1.4559999999999738,0.05689277899343545,3269.4,2.95,0.0
9639,0,179,-0.8219999999999998,0.055865921787709494,3269.5,2.95,0.0
9640,6,1001,6.000000000000083,0.055944055944055944,3270.0,2.95,0.0
9641,5,846,4.845000000000032,0.05555555555555555,3270.4,2.95,0.0
9642,3,579,2.5779999999999603,0.05699481865284974,3270.7,2.95,0.0
9643,0,179,-0.8219999999999998,0.055865921787709494,3270.8,2.95,0.0
9644,3,579,2.5779999999999603,0.055267702936096716,3271.1,2.95,0.0
9645,1,332,0.3309999999999875,0.0572289156626506,3271.3,2.95,0.0
9646,4,731,3.729999999999994,0.0560875512995896,3271.7,2.95,0.0
9647,1,341,0.33999999999998654,0.05571847507331378,3271.9,2.95,0.0
9648,0,179,-0.8219999999999998,0.055865921787709494,3272.0,2.95,0.0
9649,1,320,0.31899999999998885,0.05625,3272.1,2.95,0.0
9650,3,580,2.57899999999996,0.056896551724137934,3272.5,2.95,0.0
9651,4,713,3.711999999999988,0.0546984572230014,3272.8,2.95,0.0
9652,6,979,5.978000000000075,0.05515832482124617,3273.3,2.95,0.0
9653,1,313,0.3119999999999896,0.054313099041533544,3273.5,2.95,0.0
9654,0,179,-0.8219999999999998,0.055865921787709494,3273.6,2.95,0.0
9655,1,313,0.3119999999999896,0.054313099041533544,3273.8,2.95,0.0
9656,2,465,1.4639999999999729,0.05591397849462366,3274.0,2.95,0.0
9657,0,184,-0.8169999999999998,0.059782608695652176,3274.1,2.95,0.0
9658,2,446,1.444999999999975,0.05605381165919283,3274.3,2.95,0.0
9659,0,183,-0.8179999999999998,0.060109289617486336,3274.4,2.95,0.0
9660,2,446,1.444999999999975,0.05605381165919283,3274.7,2.95,0.0
9661,3,579,2.5779999999999603,0.055267702936096716,3275.0,2.95,0.0
9662,0,179,-0.8219999999999998,0.055865921787709494,3275.1,2.95,0.0
9663,4,730,3.728999999999994,0.056164383561643834,3275.5,2.95,0.0
9664,1,313,0.3119999999999896,0.05750798722044728,3275.6,2.95,0.0
9665,3,609,2.607999999999957,0.05582922824302135,3275.9,2.95,0.0
9666,1,321,0.31999999999998874,0.056074766355140186,3276.1,2.95,0.0
9667,3,579,2.5779999999999603,0.055267702936096716,3276.4,2.95,0.0
9668,2,446,1.444999999999975,0.05605381165919283,3276.6,2.95,0.0
9669,2,446,1.444999999999975,0.05605381165919283,3276.9,2.95,0.0
9670,4,713,3.711999999999988,0.056100981767180924,3277.3,2.95,0.0
9671,2,446,1.444999999999975,0.05605381165919283,3277.5,2.95,0.0
9672,0,179,-0.8219999999999998,0.055865921787709494,3277.6,2.95,0.0
9673,0,187,-0.8139999999999998,0.058823529411764705,3277.7,2.95,0.0
9674,2,446,1.444999999999975,0.05605381165919283,3277.9,2.95,0.0
9675,0,188,-0.8129999999999998,0.05851063829787234,3278.0,2.95,0.0
9676,0,190,-0.8109999999999998,0.05789473684210526,3278.1,2.95,0.0
9677,0,179,-0.8219999999999998,0.055865921787709494,3278.2,2.95,0.0
9678,1,337,0.335999999999987,0.05637982195845697,3278.4,2.95,0.0
9679,3,579,2.5779999999999603,0.055267702936096716,3278.7,2.95,0.0
9680,3,583,2.58199999999996,0.05660377358490566,3279.0,2.95,0.0
9681,2,446,1.444999999999975,0.053811659192825115,3279.2,2.95,0.0
9682,1,313,0.3119999999999896,0.054313099041533544,3279.4,2.95,0.0
9683,0,184,-0.8169999999999998,0.059782608695652176,3279.5,2.95,0.0
9684,1,313,0.3119999999999896,0.054313099041533544,3279.7,2.95,0.0
9685,0,191,-0.8099999999999998,0.05759162303664921,3279.8,2.95,0.0
9686,0,179,-0.8219999999999998,0.055865921787709494,3279.9,2.95,0.0
9687,2,446,1.444999999999975,0.053811659192825115,3280.1,2.95,0.0
9688,2,462,1.4609999999999732,0.05627705627705628,3280.3,2.95,0.0
9689,0,179,-0.8219999999999998,0.055865921787709494,3280.4,2.95,0.0
9690,7,1113,7.112000000000036,0.05480682839173405,3281.0,2.95,0.0
9691,6,979,5.978000000000075,0.05515832482124617,3281.5,2.95,0.0
9692,1,314,0.3129999999999895,0.05732484076433121,3281.7,2.95,0.0
9693,4,727,3.725999999999993,0.05639614855570839,3282.1,2.95,0.0
9694,0,190,-0.8109999999999998,0.05789473684210526,3282.2,2.95,0.0
9695,1,313,0.3119999999999896,0.05750798722044728,3282.3,2.95,0.0
9696,2,446,1.444999999999975,0.05605381165919283,3282.6,2.95,0.0
9697,2,446,1.444999999999975,0.05605381165919283,3282.8,2.95,0.0
9698,0,179,-0.8219999999999998,0.055865921787709494,3282.9,2.95,0.0
9699,6,980,5.979000000000076,0.05612244897959184,3283.4,2.95,0.0
9700,0,179,-0.8219999999999998,0.055865921787709494,3283.5,2.95,0.0
9701,4,729,3.7279999999999935,0.056241426611796985,3283.9,2.95,0.0
9702,1,313,0.3119999999999896,0.054313099041533544,3284.1,2.95,0.0
9703,1,321,0.31999999999998874,0.056074766355140186,3284.2,2.95,0.0
9704,0,190,-0.8109999999999998,0.05789473684210526,3284.3,2.95,0.0
9705,2,446,1.444999999999975,0.05605381165919283,3284.6,2.96,0.0
9706,4,713,3.711999999999988,0.056100981767180924,3284.9,2.95,0.0
9707,0,179,-0.8219999999999998,0.055865921787709494,3285.0,2.96,0.0
9708,2,464,1.462999999999973,0.05603448275862069,3285.3,2.96,0.0
9709,0,179,-0.8219999999999998,0.055865921787709494,3285.4,2.96,0.0
9710,1,313,0.3119999999999896,0.05750798722044728,3285.5,2.96,0.0
9711,0,187,-0.8139999999999998,0.058823529411764705,3285.6,2.96,0.0
9712,3,579,2.5779999999999603,0.055267702936096716,3286.0,2.96,0.0
9713,0,179,-0.8219999999999998,0.055865921787709494,3286.1,2.96,0.0
9714,1,313,0.3119999999999896,0.054313099041533544,3286.3,2.96,0.0
9715,4,730,3.728999999999994,0.056164383561643834,3286.7,2.96,0.0
9716,0,179,-0.8219999999999998,0.055865921787709494,3286.8,2.96,0.0
9717,5,852,4.851000000000034,0.056338028169014086,3287.2,2.96,0.0
9718,0,179,-0.8219999999999998,0.055865921787709494,3287.3,2.96,0.0
9719,3,586,2.5849999999999596,0.05631399317406143,3287.6,2.96,0.0
9720,0,179,-0.8219999999999998,0.055865921787709494,3287.7,2.96,0.0
9721,0,179,-0.8219999999999998,0.055865921787709494,3287.8,2.96,0.0
9722,0,194,-0.8069999999999998,0.05670103092783505,3287.9,2.96,0.0
9723,1,337,0.335999999999987,0.05637982195845697,3288.1,2.96,0.0
9724,1,313,0.3119999999999896,0.054313099041533544,3288.2,2.96,0.0
9725,4,713,3.711999999999988,0.0546984572230014,3288.6,2.96,0.0
9726,5,856,4.855000000000035,0.056074766355140186,3289.1,2.96,0.0
9727,4,713,3.711999999999988,0.056100981767180924,3289.4,2.96,0.0
9728,2,457,1.4559999999999738,0.05689277899343545,3289.7,2.96,0.0
9729,2,446,1.444999999999975,0.05605381165919283,3289.9,2.96,0.0
9730,1,313,0.3119999999999896,0.054313099041533544,3290.1,2.96,0.0
9731,3,611,2.609999999999957,0.05564648117839607,3290.4,2.96,0.0
9732,0,179,-0.8219999999999998,0.055865921787709494,3290.5,2.96,0.0
9733,5,862,4.861000000000037,0.05568445475638051,3291.0,2.96,0.0
9734,5,853,4.852000000000034,0.05627198124267292,3291.4,2.96,0.0
9735,0,179,-0.8219999999999998,0.055865921787709494,3291.5,2.96,0.0
9736,7,1121,7.120000000000031,0.056199821587867974,3292.1,2.96,0.0
9737,0,184,-0.8169999999999998,0.059782608695652176,3292.2,2.96,0.0
9738,1,313,0.3119999999999896,0.05750798722044728,3292.4,2.96,0.0
9739,0,183,-0.8179999999999998,0.060109289617486336,3292.5,2.96,0.0
9740,0,189,-0.8119999999999998,0.0582010582010582,3292.6,2.96,0.0
9741,1,313,0.3119999999999896,0.05750798722044728,3292.7,2.96,0.0
9742,2,462,1.4609999999999732,0.05627705627705628,3293.0,2.96,0.0
9743,4,713,3.711999999999988,0.0546984572230014,3293.4,2.96,0.0
9744,3,585,2.5839999999999597,0.05641025641025641,3293.7,2.96,0.0
9745,0,179,-0.8219999999999998,0.055865921787709494,3293.8,2.96,0.0
9746,4,618,3.6169999999999565,0.05663430420711974,3294.1,2.96,0.0
9747,1,313,0.3119999999999896,0.05750798722044728,3294.2,2.96,0.0
9748,2,446,1.444999999999975,0.05605381165919283,3294.5,2.96,0.0
9749,0,179,-0.8219999999999998,0.055865921787709494,3294.6,2.96,0.0
9750,8,1246,8.244999999999962,0.05537720706260032,3295.2,2.96,0.0
9751,0,179,-0.8219999999999998,0.055865921787709494,3295.3,2.96,0.0
9752,1,323,0.3219999999999885,0.05572755417956656,3295.5,2.96,0.0
9753,1,336,0.3349999999999871,0.05654761904761905,3295.7,2.96,0.0
9754,0,179,-0.8219999999999998,0.055865921787709494,3295.8,2.96,0.0
9755,4,713,3.711999999999988,0.0546984572230014,3296.1,2.96,0.0
9756,0,179,-0.8219999999999998,0.055865921787709494,3296.2,2.96,0.0
9757,2,461,1.4599999999999733,0.05639913232104121,3296.5,2.96,0.0
9758,5,846,4.845000000000032,0.05555555555555555,3296.9,2.96,0.0
9759,0,179,-0.8219999999999998,0.055865921787709494,3297.0,2.96,0.0
9760,2,446,1.444999999999975,0.05605381165919283,3297.3,2.96,0.0
9761,3,579,2.5779999999999603,0.05699481865284974,3297.5,2.96,0.0
9762,2,462,1.4609999999999732,0.05627705627705628,3297.8,2.96,0.0
9763,9,1397,9.395999999999878,0.05583392984967788,3298.5,2.96,0.0
9764,0,190,-0.8109999999999998,0.05789473684210526,3298.6,2.96,0.0
9765,0,189,-0.8119999999999998,0.0582010582010582,3298.7,2.96,0.0
9766,1,332,0.3309999999999875,0.0572289156626506,3298.9,2.96,0.0
9767,2,446,1.444999999999975,0.05605381165919283,3299.1,2.96,0.0
9768,0,191,-0.8099999999999998,0.05759162303664921,3299.2,2.96,0.0
9769,1,313,0.3119999999999896,0.05750798722044728,3299.4,2.96,0.0
9770,4,713,3.711999999999988,0.0546984572230014,3299.8,2.96,0.0
9771,1,337,0.335999999999987,0.05637982195845697,3300.0,2.96,0.0
9772,0,187,-0.8139999999999998,0.058823529411764705,3300.1,2.96,0.0
9773,1,313,0.3119999999999896,0.054313099041533544,3300.2,2.96,0.0
9774,2,446,1.444999999999975,0.05605381165919283,3300.5,2.96,0.0
9775,2,446,1.444999999999975,0.05605381165919283,3300.7,2.96,0.0
9776,1,337,0.335999999999987,0.05637982195845697,3300.9,2.96,0.0
9777,3,579,2.5779999999999603,0.055267702936096716,3301.2,2.96,0.0
9778,2,457,1.4559999999999738,0.05689277899343545,3301.4,2.96,0.0
9779,2,454,1.452999999999974,0.05726872246696035,3301.7,2.96,0.0
9780,2,452,1.4509999999999743,0.05752212389380531,3301.9,2.96,0.0
9781,0,179,-0.8219999999999998,0.055865921787709494,3302.0,2.96,0.0
9782,1,313,0.3119999999999896,0.054313099041533544,3302.2,2.96,0.0
9783,5,853,4.852000000000034,0.05627198124267292,3302.6,2.96,0.0
9784,0,179,-0.8219999999999998,0.055865921787709494,3302.7,2.96,0.0
9785,0,187,-0.8139999999999998,0.058823529411764705,3302.8,2.96,0.0
9786,1,313,0.3119999999999896,0.054313099041533544,3303.0,2.96,0.0
9787,5,849,4.848000000000033,0.05653710247349823,3303.4,2.96,0.0
9788,1,317,0.3159999999999892,0.056782334384858045,3303.6,2.96,0.0
9789,2,446,1.444999999999975,0.05605381165919283,3303.8,2.96,0.0
9790,0,186,-0.8149999999999998,0.05913978494623656,3303.9,2.96,0.0
9791,3,579,2.5779999999999603,0.055267702936096716,3304.2,2.96,0.0
9792,1,313,0.3119999999999896,0.05750798722044728,3304.4,2.96,0.0
9793,0,179,-0.8219999999999998,0.055865921787709494,3304.5,2.96,0.0
9794,0,179,-0.8219999999999998,0.055865921787709494,3304.6,2.96,0.0
9795,1,323,0.3219999999999885,0.05572755417956656,3304.8,2.96,0.0
9796,0,192,-0.8089999999999998,0.057291666666666664,3304.9,2.96,0.0
9797,0,179,-0.8219999999999998,0.055865921787709494,3304.9,2.96,0.0
9798,3,579,2.5779999999999603,0.05699481865284974,3305.2,2.96,0.0
9799,1,337,0.335999999999987,0.05637982195845697,3305.4,2.96,0.0
9800,1,313,0.3119999999999896,0.05750798722044728,3305.6,2.96,0.0
9801,2,446,1.444999999999975,0.05605381165919283,3305.8,2.97,0.0
9802,2,458,1.4569999999999736,0.056768558951965066,3306.1,2.97,0.0
9803,0,189,-0.8119999999999998,0.0582010582010582,3306.2,2.97,0.0
9804,1,335,0.3339999999999872,0.056716417910447764,3306.3,2.97,0.0
9805,2,462,1.4609999999999732,0.05627705627705628,3306.6,2.97,0.0
9806,5,859,4.858000000000036,0.05587892898719441,3307.0,2.97,0.0
9807,1,336,0.3349999999999871,0.05654761904761905,3307.2,2.97,0.0
9808,3,585,2.5839999999999597,0.05641025641025641,3307.5,2.97,0.0
9809,0,179,-0.8219999999999998,0.055865921787709494,3307.6,2.97,0.0
9810,0,179,-0.8219999999999998,0.055865921787709494,3307.7,2.97,0.0
9811,3,579,2.5779999999999603,0.055267702936096716,3308.0,2.97,0.0
9812,1,313,0.3119999999999896,0.054313099041533544,3308.2,2.97,0.0
9813,1,313,0.3119999999999896,0.054313099041533544,3308.3,2.97,0.0
9814,2,446,1.444999999999975,0.05605381165919283,3308.6,2.97,0.0
9815,4,713,3.711999999999988,0.056100981767180924,3308.9,2.97,0.0
9816,1,313,0.3119999999999896,0.054313099041533544,3309.1,2.97,0.0
9817,3,579,2.5779999999999603,0.055267702936096716,3309.4,2.97,0.0
9818,0,204,-0.7969999999999998,0.058823529411764705,3309.5,2.97,0.0
9819,0,179,-0.8219999999999998,0.055865921787709494,3309.6,2.97,0.0
9820,0,179,-0.8219999999999998,0.055865921787709494,3309.7,2.97,0.0
9821,9,1379,9.377999999999888,0.05583756345177665,3310.4,2.97,0.0
9822,0,179,-0.8219999999999998,0.055865921787709494,3310.5,2.97,0.0
9823,0,179,-0.8219999999999998,0.055865921787709494,3310.6,2.97,0.0
9824,4,713,3.711999999999988,0.0546984572230014,3311.0,2.97,0.0
9825,2,447,1.4459999999999749,0.05592841163310962,3311.2,2.97,0.0
9826,0,187,-0.8139999999999998,0.058823529411764705,3311.3,2.97,0.0
9827,2,466,1.4649999999999728,0.055793991416309016,3311.6,2.97,0.0
9828,0,179,-0.8219999999999998,0.055865921787709494,3311.7,2.97,0.0
9829,0,187,-0.8139999999999998,0.058823529411764705,3311.8,2.97,0.0
9830,0,179,-0.8219999999999998,0.055865921787709494,3311.9,2.97,0.0
9831,0,179,-0.8219999999999998,0.055865921787709494,3312.0,2.97,0.0
9832,0,179,-0.8219999999999998,0.055865921787709494,3312.1,2.97,0.0
9833,5,846,4.845000000000032,0.05555555555555555,3312.5,2.97,0.0
9834,1,315,0.3139999999999894,0.05714285714285714,3312.7,2.97,0.0
9835,0,192,-0.8089999999999998,0.057291666666666664,3312.8,2.97,0.0
9836,0,189,-0.8119999999999998,0.0582010582010582,3312.9,2.97,0.0
9837,1,313,0.3119999999999896,0.054313099041533544,3313.0,2.97,0.0
9838,1,313,0.3119999999999896,0.05750798722044728,3313.2,2.97,0.0
9839,0,179,-0.8219999999999998,0.055865921787709494,3313.3,2.97,0.0
9840,1,313,0.3119999999999896,0.05750798722044728,3313.5,2.97,0.0
9841,0,184,-0.8169999999999998,0.059782608695652176,3313.6,2.97,0.0
9842,3,579,2.5779999999999603,0.055267702936096716,3313.9,2.97,0.0
9843,2,446,1.444999999999975,0.05605381165919283,3314.1,2.97,0.0
9844,2,446,1.444999999999975,0.05605381165919283,3314.3,2.97,0.0
9845,0,179,-0.8219999999999998,0.055865921787709494,3314.4,2.97,0.0
9846,1,315,0.3139999999999894,0.05714285714285714,3314.6,2.97,0.0
9847,0,179,-0.8219999999999998,0.055865921787709494,3314.7,2.97,0.0
9848,0,179,-0.8219999999999998,0.055865921787709494,3314.8,2.97,0.0
9849,4,713,3.711999999999988,0.056100981767180924,3315.2,2.97,0.0
9850,0,179,-0.8219999999999998,0.055865921787709494,3315.3,2.97,0.0
9851,2,462,1.4609999999999732,0.05627705627705628,3315.5,2.97,0.0
9852,2,446,1.444999999999975,0.05605381165919283,3315.7,2.97,0.0
9853,6,979,5.978000000000075,0.05515832482124617,3316.3,2.97,0.0
9854,6,979,5.978000000000075,0.05515832482124617,3316.8,2.97,0.0
9855,0,179,-0.8219999999999998,0.055865921787709494,3316.9,2.97,0.0
9856,1,313,0.3119999999999896,0.05750798722044728,3317.0,2.97,0.0
9857,2,446,1.444999999999975,0.05605381165919283,3317.3,2.97,0.0
9858,0,189,-0.8119999999999998,0.0582010582010582,3317.4,2.97,0.0
9859,3,585,2.5839999999999597,0.05641025641025641,3317.7,2.97,0.0
9860,1,340,0.33899999999998665,0.05588235294117647,3317.8,2.97,0.0
9861,1,313,0.3119999999999896,0.054313099041533544,3318.0,2.97,0.0
9862,0,179,-0.8219999999999998,0.055865921787709494,3318.1,2.97,0.0
9863,0,179,-0.8219999999999998,0.055865921787709494,3318.2,2.97,0.0
9864,3,579,2.5779999999999603,0.055267702936096716,3318.5,2.97,0.0
9865,1,315,0.3139999999999894,0.05714285714285714,3318.7,2.97,0.0
9866,7,1122,7.121000000000031,0.05614973262032086,3319.3,2.97,0.0
9867,3,579,2.5779999999999603,0.055267702936096716,3319.6,2.97,0.0
9868,2,453,1.4519999999999742,0.05739514348785872,3319.8,2.97,0.0
9869,6,979,5.978000000000075,0.05515832482124617,3320.3,2.97,0.0
9870,0,179,-0.8219999999999998,0.055865921787709494,3320.4,2.97,0.0
9871,4,713,3.711999999999988,0.0546984572230014,3320.8,2.97,0.0
9872,4,713,3.711999999999988,0.056100981767180924,3321.2,2.97,0.0
9873,0,192,-0.8089999999999998,0.057291666666666664,3321.3,2.97,0.0
9874,3,610,2.608999999999957,0.05573770491803279,3321.6,2.97,0.0
9875,7,1113,7.112000000000036,0.05480682839173405,3322.2,2.97,0.0
9876,0,213,-0.7879999999999998,0.056338028169014086,3322.3,2.97,0.0
9877,2,456,1.4549999999999739,0.05701754385964912,3322.6,2.97,0.0
9878,3,582,2.58099999999996,0.05670103092783505,3322.9,2.97,0.0
9879,1,313,0.3119999999999896,0.05750798722044728,3323.1,2.97,0.0
9880,2,446,1.444999999999975,0.05605381165919283,3323.3,2.97,0.0
9881,2,446,1.444999999999975,0.05605381165919283,3323.5,2.97,0.0
9882,1,313,0.3119999999999896,0.054313099041533544,3323.7,2.97,0.0
9883,5,853,4.852000000000034,0.05627198124267292,3324.1,2.97,0.0
9884,0,179,-0.8219999999999998,0.055865921787709494,3324.2,2.97,0.0
9885,3,579,2.5779999999999603,0.055267702936096716,3324.5,2.97,0.0
9886,0,179,-0.8219999999999998,0.055865921787709494,3324.6,2.97,0.0
9887,1,313,0.3119999999999896,0.054313099041533544,3324.8,2.97,0.0
9888,2,446,1.444999999999975,0.05605381165919283,3325.0,2.97,0.0
9889,0,191,-0.8099999999999998,0.05759162303664921,3325.1,2.97,0.0
9890,1,313,0.3119999999999896,0.054313099041533544,3325.3,2.97,0.0
9891,0,179,-0.8219999999999998,0.055865921787709494,3325.4,2.97,0.0
9892,0,179,-0.8219999999999998,0.055865921787709494,3325.5,2.97,0.0
9893,0,181,-0.8199999999999998,0.06077348066298342,3325.6,2.98,0.0
9894,6,979,5.978000000000075,0.056179775280898875,3326.1,2.97,0.0
9895,1,341,0.33999999999998654,0.05571847507331378,3326.3,2.98,0.0
9896,0,192,-0.8089999999999998,0.057291666666666664,3326.4,2.98,0.0
9897,1,313,0.3119999999999896,0.05750798722044728,3326.5,2.98,0.0
9898,2,446,1.444999999999975,0.05605381165919283,3326.8,2.98,0.0
9899,0,184,-0.8169999999999998,0.059782608695652176,3326.9,2.98,0.0
9900,6,979,5.978000000000075,0.05515832482124617,3327.4,2.98,0.0
9901,4,713,3.711999999999988,0.056100981767180924,3327.8,2.98,0.0
9902,3,582,2.58099999999996,0.05670103092783505,3328.1,2.98,0.0
9903,0,190,-0.8109999999999998,0.05789473684210526,3328.2,2.98,0.0
9904,2,448,1.4469999999999748,0.05580357142857143,3328.4,2.98,0.0
9905,1,323,0.3219999999999885,0.05572755417956656,3328.6,2.98,0.0
9906,4,731,3.729999999999994,0.0560875512995896,3328.9,2.98,0.0
9907,4,713,3.711999999999988,0.056100981767180924,3329.3,2.98,0.0
9908,0,189,-0.8119999999999998,0.0582010582010582,3329.4,2.98,0.0
9909,1,313,0.3119999999999896,0.054313099041533544,3329.6,2.98,0.0
9910,0,179,-0.8219999999999998,0.055865921787709494,3329.7,2.98,0.0
9911,3,579,2.5779999999999603,0.055267702936096716,3330.0,2.98,0.0
9912,0,179,-0.8219999999999998,0.055865921787709494,3330.1,2.98,0.0
9913,2,462,1.4609999999999732,0.05627705627705628,3330.3,2.98,0.0
9914,3,579,2.5779999999999603,0.055267702936096716,3330.6,2.98,0.0
9915,5,846,4.845000000000032,0.05555555555555555,3331.1,2.98,0.0
9916,4,713,3.711999999999988,0.0546984572230014,3331.5,2.98,0.0
9917,0,185,-0.8159999999999998,0.05945945945945946,3331.6,2.98,0.0
9918,0,179,-0.8219999999999998,0.055865921787709494,3331.7,2.98,0.0
9919,1,322,0.32099999999998863,0.055900621118012424,3331.8,2.98,0.0
9920,2,446,1.444999999999975,0.05605381165919283,3332.1,2.98,0.0
9921,0,187,-0.8139999999999998,0.058823529411764705,3332.1,2.98,0.0
9922,1,313,0.3119999999999896,0.054313099041533544,3332.3,2.98,0.0
9923,0,188,-0.8129999999999998,0.05851063829787234,3332.4,2.98,0.0
9924,0,179,-0.8219999999999998,0.055865921787709494,3332.5,2.98,0.0
9925,1,313,0.3119999999999896,0.054313099041533544,3332.7,2.98,0.0
9926,4,713,3.711999999999988,0.0546984572230014,3333.0,2.98,0.0
9927,6,987,5.986000000000078,0.05572441742654509,3333.6,2.98,0.0
9928,3,579,2.5779999999999603,0.055267702936096716,3333.9,2.98,0.0
9929,0,179,-0.8219999999999998,0.055865921787709494,3334.0,2.98,0.0
9930,2,446,1.444999999999975,0.053811659192825115,3334.2,2.98,0.0
9931,0,179,-0.8219999999999998,0.055865921787709494,3334.3,2.98,0.0
9932,3,579,2.5779999999999603,0.055267702936096716,3334.6,2.98,0.0
9933,0,194,-0.8069999999999998,0.05670103092783505,3334.7,2.98,0.0
9934,4,713,3.711999999999988,0.056100981767180924,3335.1,2.98,0.0
9935,6,1004,6.003000000000084,0.055776892430278883,3335.6,2.98,0.0
9936,2,463,1.461999999999973,0.056155507559395246,3335.8,2.98,0.0
9937,2,446,1.444999999999975,0.05605381165919283,3336.1,2.98,0.0
9938,6,979,5.978000000000075,0.056179775280898875,3336.6,2.98,0.0
9939,0,179,-0.8219999999999998,0.055865921787709494,3336.7,2.98,0.0
9940,2,446,1.444999999999975,0.05605381165919283,3336.9,2.98,0.0
9941,0,196,-0.8049999999999998,0.05612244897959184,3337.0,2.98,0.0
9942,1,313,0.3119999999999896,0.054313099041533544,3337.2,2.98,0.0
9943,0,179,-0.8219999999999998,0.05027932960893855,3337.3,2.98,0.0
9944,0,183,-0.8179999999999998,0.060109289617486336,3337.4,2.98,0.0
9945,4,713,3.711999999999988,0.056100981767180924,3337.8,2.98,0.0
9946,1,316,0.3149999999999893,0.056962025316455694,3337.9,2.98,0.0
9947,2,461,1.4599999999999733,0.05639913232104121,3338.2,2.98,0.0
9948,2,446,1.444999999999975,0.05605381165919283,3338.4,2.98,0.0
9949,3,585,2.5839999999999597,0.05641025641025641,3338.7,2.98,0.0
9950,2,446,1.444999999999975,0.05605381165919283,3338.9,2.98,0.0
9951,3,589,2.587999999999959,0.05602716468590832,3339.2,2.98,0.0
9952,3,579,2.5779999999999603,0.055267702936096716,3339.6,2.98,0.0
9953,1,335,0.3339999999999872,0.056716417910447764,3339.7,2.98,0.0
9954,0,179,-0.8219999999999998,0.055865921787709494,3339.8,2.98,0.0
9955,0,179,-0.8219999999999998,0.055865921787709494,3339.9,2.98,0.0
9956,1,321,0.31999999999998874,0.056074766355140186,3340.1,2.98,0.0
9957,0,212,-0.7889999999999998,0.05660377358490566,3340.2,2.98,0.0
9958,0,179,-0.8219999999999998,0.055865921787709494,3340.3,2.98,0.0
9959,1,313,0.3119999999999896,0.054313099041533544,3340.4,2.98,0.0
9960,3,579,2.5779999999999603,0.055267702936096716,3340.8,2.98,0.0
9961,0,197,-0.8039999999999998,0.05583756345177665,3340.9,2.98,0.0
9962,0,179,-0.8219999999999998,0.055865921787709494,3341.0,2.98,0.0
9963,0,179,-0.8219999999999998,0.055865921787709494,3341.0,2.98,0.0
9964,4,713,3.711999999999988,0.056100981767180924,3341.4,2.98,0.0
9965,0,179,-0.8219999999999998,0.055865921787709494,3341.5,2.98,0.0
9966,1,313,0.3119999999999896,0.054313099041533544,3341.7,2.98,0.0
9967,1,317,0.3159999999999892,0.056782334384858045,3341.8,2.98,0.0
9968,3,579,2.5779999999999603,0.055267702936096716,3342.2,2.98,0.0
9969,0,191,-0.8099999999999998,0.05759162303664921,3342.3,2.98,0.0
9970,0,186,-0.8149999999999998,0.05913978494623656,3342.4,2.98,0.0
9971,4,713,3.711999999999988,0.056100981767180924,3342.8,2.98,0.0
9972,0,186,-0.8149999999999998,0.05913978494623656,3342.9,2.98,0.0
9973,0,179,-0.8219999999999998,0.055865921787709494,3343.0,2.98,0.0
9974,0,186,-0.8149999999999998,0.05913978494623656,3343.1,2.98,0.0
9975,1,313,0.3119999999999896,0.054313099041533544,3343.2,2.98,0.0
9976,1,313,0.3119999999999896,0.05750798722044728,3343.4,2.98,0.0
9977,4,713,3.711999999999988,0.056100981767180924,3343.8,2.98,0.0
9978,0,186,-0.8149999999999998,0.05913978494623656,3343.9,2.98,0.0
9979,0,187,-0.8139999999999998,0.058823529411764705,3344.0,2.98,0.0
9980,0,179,-0.8219999999999998,0.055865921787709494,3344.1,2.98,0.0
9981,1,323,0.3219999999999885,0.05572755417956656,3344.3,2.98,0.0
9982,0,179,-0.8219999999999998,0.055865921787709494,3344.4,2.99,0.0
9983,4,733,3.731999999999995,0.05593451568894952,3344.8,2.98,0.0
9984,0,179,-0.8219999999999998,0.055865921787709494,3344.9,2.99,0.0
9985,0,179,-0.8219999999999998,0.055865921787709494,3345.0,2.99,0.0
9986,1,313,0.3119999999999896,0.05750798722044728,3345.1,2.99,0.0
9987,1,341,0.33999999999998654,0.05571847507331378,3345.3,2.99,0.0
9988,0,179,-0.8219999999999998,0.055865921787709494,3345.4,2.99,0.0
9989,2,465,1.4639999999999729,0.05591397849462366,3345.6,2.99,0.0
9990,1,315,0.3139999999999894,0.05714285714285714,3345.8,2.99,0.0
9991,4,713,3.711999999999988,0.056100981767180924,3346.2,2.99,0.0
9992,5,846,4.845000000000032,0.05555555555555555,3346.6,2.99,0.0
9993,2,446,1.444999999999975,0.05605381165919283,3346.9,2.99,0.0
9994,5,846,4.845000000000032,0.05555555555555555,3347.3,2.99,0.0
9995,1,335,0.3339999999999872,0.056716417910447764,3347.5,2.99,0.0
9996,1,313,0.3119999999999896,0.05750798722044728,3347.6,2.99,0.0
9997,1,316,0.3149999999999893,0.056962025316455694,3347.8,2.99,0.0
9998,3,579,2.5779999999999603,0.055267702936096716,3348.1,2.99,0.0
9999,0,189,-0.8119999999999998,0.0582010582010582,3348.2,2.99,0.0
