episode,score,steps,total_reward,flap_rate,elapsed_s,eps_per_sec,gpu_memory_mb
0,3,579,2.5779999999999603,0.055267702936096716,0.3,3.27,0.0
1,4,713,3.711999999999988,0.056100981767180924,0.7,2.81,0.0
2,2,446,1.444999999999975,0.05605381165919283,1.0,3.15,0.0
3,2,455,1.453999999999974,0.05714285714285714,1.2,3.29,0.0
4,1,313,0.3119999999999896,0.054313099041533544,1.4,3.62,0.0
5,2,450,1.4489999999999745,0.05333333333333334,1.6,3.69,0.0
6,0,192,-0.8089999999999998,0.057291666666666664,1.7,4.06,0.0
7,2,453,1.4519999999999742,0.05739514348785872,2.0,4.05,0.0
8,1,313,0.3119999999999896,0.05750798722044728,2.1,4.20,0.0
9,0,179,-0.8219999999999998,0.055865921787709494,2.2,4.46,0.0
10,3,579,2.5779999999999603,0.055267702936096716,2.5,4.33,0.0
11,1,315,0.3139999999999894,0.05396825396825397,2.7,4.43,0.0
12,0,217,0.21600000000000016,0.05069124423963134,2.8,4.62,0.0
13,0,188,-0.8129999999999998,0.05851063829787234,2.9,4.81,0.0
14,2,459,1.4579999999999735,0.05664488017429194,3.2,4.75,0.0
15,1,316,0.3149999999999893,0.056962025316455694,3.3,4.82,0.0
16,0,179,-0.8219999999999998,0.055865921787709494,3.4,4.97,0.0
17,8,1246,8.244999999999962,0.05537720706260032,4.1,4.42,0.0
18,0,190,-0.8109999999999998,0.05789473684210526,4.2,4.55,0.0
19,0,193,-0.8079999999999998,0.05699481865284974,4.3,4.68,0.0
20,0,180,-0.8209999999999998,0.05,4.4,4.81,0.0
21,1,313,0.3119999999999896,0.054313099041533544,4.5,4.86,0.0
22,1,313,0.3119999999999896,0.054313099041533544,4.7,4.90,0.0
23,1,314,0.3129999999999895,0.05732484076433121,4.9,4.94,0.0
24,4,713,3.711999999999988,0.056100981767180924,5.2,4.79,0.0
25,2,446,1.444999999999975,0.053811659192825115,5.5,4.76,0.0
26,0,179,-0.8219999999999998,0.055865921787709494,5.5,4.87,0.0
27,1,313,0.3119999999999896,0.054313099041533544,5.7,4.89,0.0
28,0,179,-0.8219999999999998,0.055865921787709494,5.8,4.98,0.0
29,1,313,0.3119999999999896,0.054313099041533544,6.0,5.02,0.0
30,2,463,1.461999999999973,0.056155507559395246,6.2,4.98,0.0
31,1,313,0.3119999999999896,0.05750798722044728,6.4,4.99,0.0
32,0,179,-0.8219999999999998,0.055865921787709494,6.5,5.07,0.0
33,0,179,-0.8219999999999998,0.055865921787709494,6.6,5.14,0.0
34,3,580,2.57899999999996,0.056896551724137934,6.9,5.05,0.0
35,2,446,1.444999999999975,0.05605381165919283,7.2,5.02,0.0
36,5,846,4.845000000000032,0.05555555555555555,7.6,4.86,0.0
37,3,579,2.5779999999999603,0.055267702936096716,7.9,4.79,0.0
38,0,179,-0.8219999999999998,0.055865921787709494,8.0,4.85,0.0
39,0,185,-0.8159999999999998,0.05945945945945946,8.1,4.91,0.0
40,4,713,3.711999999999988,0.056100981767180924,8.5,4.82,0.0
41,5,853,4.852000000000034,0.05627198124267292,9.0,4.69,0.0
42,3,579,2.5779999999999603,0.055267702936096716,9.3,4.64,0.0
43,2,446,1.444999999999975,0.05605381165919283,9.5,4.63,0.0
44,6,979,5.978000000000075,0.056179775280898875,10.0,4.49,0.0
45,3,579,2.5779999999999603,0.055267702936096716,10.3,4.46,0.0
46,2,455,1.453999999999974,0.05714285714285714,10.6,4.45,0.0
47,0,187,-0.8139999999999998,0.058823529411764705,10.7,4.50,0.0
48,0,179,-0.8219999999999998,0.055865921787709494,10.8,4.56,0.0
49,1,313,0.3119999999999896,0.054313099041533544,10.9,4.58,0.0
50,0,186,-0.8149999999999998,0.05913978494623656,11.0,4.63,0.0
51,1,313,0.3119999999999896,0.054313099041533544,11.2,4.65,0.0
52,0,212,-0.7889999999999998,0.05188679245283019,11.3,4.69,0.0
53,1,342,0.3409999999999864,0.05263157894736842,11.5,4.71,0.0
54,1,314,0.3129999999999895,0.05732484076433121,11.6,4.73,0.0
55,1,313,0.3119999999999896,0.05750798722044728,11.8,4.75,0.0
56,2,446,1.444999999999975,0.05605381165919283,12.0,4.74,0.0
57,5,846,4.845000000000032,0.05555555555555555,12.5,4.65,0.0
58,5,849,4.848000000000033,0.05418138987043581,12.9,4.57,0.0
59,0,179,-0.8219999999999998,0.055865921787709494,13.0,4.61,0.0
60,2,449,1.4479999999999746,0.053452115812917596,13.2,4.61,0.0
61,0,192,-0.8089999999999998,0.057291666666666664,13.3,4.65,0.0
62,1,321,0.31999999999998874,0.056074766355140186,13.5,4.67,0.0
63,3,579,2.5779999999999603,0.0535405872193437,13.8,4.63,0.0
64,0,179,-0.8219999999999998,0.055865921787709494,13.9,4.68,0.0
65,0,180,-0.8209999999999998,0.05,14.0,4.72,0.0
66,1,340,0.33899999999998665,0.052941176470588235,14.2,4.73,0.0
67,4,715,3.713999999999989,0.05454545454545454,14.5,4.67,0.0
68,0,202,-0.7989999999999998,0.054455445544554455,14.7,4.71,0.0
69,1,313,0.3119999999999896,0.054313099041533544,14.8,4.72,0.0
70,0,180,-0.8209999999999998,0.05,14.9,4.76,0.0
71,1,313,0.3119999999999896,0.054313099041533544,15.1,4.78,0.0
72,0,179,-0.8219999999999998,0.055865921787709494,15.2,4.81,0.0
73,0,198,-0.8029999999999998,0.050505050505050504,15.3,4.85,0.0
74,0,186,-0.8149999999999998,0.05913978494623656,15.4,4.88,0.0
75,0,179,-0.8219999999999998,0.055865921787709494,15.5,4.92,0.0
76,4,713,3.711999999999988,0.056100981767180924,15.8,4.86,0.0
77,1,313,0.3119999999999896,0.054313099041533544,16.0,4.88,0.0
78,1,313,0.3119999999999896,0.054313099041533544,16.2,4.89,0.0
79,3,579,2.5779999999999603,0.055267702936096716,16.5,4.86,0.0
80,0,179,-0.8219999999999998,0.05027932960893855,16.5,4.90,0.0
81,5,846,4.845000000000032,0.05555555555555555,17.0,4.83,0.0
82,8,1265,8.263999999999951,0.05612648221343874,17.7,4.70,0.0
83,2,354,1.352999999999985,0.05649717514124294,17.9,4.70,0.0
84,1,317,0.3159999999999892,0.056782334384858045,18.1,4.71,0.0
85,1,313,0.3119999999999896,0.054313099041533544,18.2,4.72,0.0
86,0,186,-0.8149999999999998,0.05913978494623656,18.3,4.74,0.0
87,5,846,4.845000000000032,0.05555555555555555,18.9,4.67,0.0
88,7,1147,7.146000000000017,0.05579773321708806,19.5,4.56,0.0
89,1,322,0.32099999999998863,0.052795031055900624,19.7,4.56,0.0
90,0,187,-0.8139999999999998,0.058823529411764705,19.9,4.58,0.0
91,0,179,-0.8219999999999998,0.055865921787709494,20.0,4.61,0.0
92,1,313,0.3119999999999896,0.054313099041533544,20.1,4.62,0.0
93,1,313,0.3119999999999896,0.054313099041533544,20.3,4.63,0.0
94,1,313,0.3119999999999896,0.054313099041533544,20.5,4.64,0.0
95,6,979,5.978000000000075,0.056179775280898875,21.0,4.57,0.0
96,0,179,-0.8219999999999998,0.055865921787709494,21.1,4.59,0.0
97,0,187,-0.8139999999999998,0.058823529411764705,21.2,4.62,0.0
98,0,179,-0.8219999999999998,0.055865921787709494,21.3,4.64,0.0
99,1,313,0.3119999999999896,0.054313099041533544,21.5,4.65,0.0
100,2,446,1.444999999999975,0.053811659192825115,21.7,4.65,0.0
101,2,454,1.452999999999974,0.05726872246696035,22.0,4.64,0.0
102,5,846,4.845000000000032,0.05555555555555555,22.4,4.59,0.0
103,0,189,-0.8119999999999998,0.0582010582010582,22.5,4.62,0.0
104,1,320,0.31899999999998885,0.05625,22.7,4.63,0.0
105,0,179,-0.8219999999999998,0.055865921787709494,22.8,4.65,0.0
106,8,1152,8.151000000000014,0.0546875,23.4,4.57,0.0
107,3,584,2.5829999999999598,0.05650684931506849,23.7,4.56,0.0
108,2,446,1.444999999999975,0.053811659192825115,23.9,4.55,0.0
109,5,846,4.845000000000032,0.05555555555555555,24.4,4.51,0.0
110,0,186,-0.8149999999999998,0.05913978494623656,24.5,4.54,0.0
111,1,336,0.3349999999999871,0.05654761904761905,24.7,4.54,0.0
112,0,205,-0.7959999999999998,0.05853658536585366,24.8,4.56,0.0
113,1,320,0.31899999999998885,0.05625,24.9,4.57,0.0
114,3,579,2.5779999999999603,0.055267702936096716,25.2,4.56,0.0
115,0,190,-0.8109999999999998,0.05789473684210526,25.3,4.58,0.0
116,1,318,0.31699999999998907,0.05660377358490566,25.5,4.59,0.0
117,0,190,-0.8109999999999998,0.05789473684210526,25.6,4.61,0.0
118,6,979,5.978000000000075,0.05515832482124617,26.2,4.55,0.0
119,0,187,-0.8139999999999998,0.058823529411764705,26.3,4.57,0.0
120,8,1246,8.244999999999962,0.05537720706260032,26.9,4.49,0.0
121,0,192,-0.8089999999999998,0.057291666666666664,27.0,4.51,0.0
122,4,713,3.711999999999988,0.056100981767180924,27.4,4.49,0.0
123,2,446,1.444999999999975,0.05605381165919283,27.7,4.48,0.0
124,1,313,0.3119999999999896,0.054313099041533544,27.8,4.49,0.0
125,1,313,0.3119999999999896,0.054313099041533544,28.0,4.50,0.0
126,2,446,1.444999999999975,0.05605381165919283,28.2,4.50,0.0
127,3,590,2.588999999999959,0.05593220338983051,28.5,4.49,0.0
128,4,736,3.734999999999996,0.05570652173913043,28.9,4.46,0.0
129,3,588,2.5869999999999593,0.05612244897959184,29.2,4.45,0.0
130,1,315,0.3139999999999894,0.05714285714285714,29.4,4.46,0.0
131,0,184,-0.8169999999999998,0.05434782608695652,29.5,4.48,0.0
132,0,179,-0.8219999999999998,0.05027932960893855,29.6,4.50,0.0
133,6,979,5.978000000000075,0.05515832482124617,30.1,4.46,0.0
134,0,179,-0.8219999999999998,0.055865921787709494,30.2,4.48,0.0
135,1,333,0.3319999999999874,0.057057057057057055,30.3,4.48,0.0
136,0,179,-0.8219999999999998,0.055865921787709494,30.4,4.50,0.0
137,1,313,0.3119999999999896,0.054313099041533544,30.6,4.51,0.0
138,1,313,0.3119999999999896,0.054313099041533544,30.8,4.52,0.0
139,0,200,-0.8009999999999998,0.05,30.9,4.53,0.0
140,2,459,1.4579999999999735,0.05664488017429194,31.2,4.53,0.0
141,3,579,2.5779999999999603,0.055267702936096716,31.5,4.51,0.0
142,2,446,1.444999999999975,0.05605381165919283,31.7,4.51,0.0
143,0,187,-0.8139999999999998,0.058823529411764705,31.8,4.53,0.0
144,3,590,2.588999999999959,0.05423728813559322,32.1,4.51,0.0
145,6,979,5.978000000000075,0.05515832482124617,32.6,4.47,0.0
146,2,446,1.444999999999975,0.053811659192825115,32.9,4.47,0.0
147,2,459,1.4579999999999735,0.05664488017429194,33.1,4.47,0.0
148,2,446,1.444999999999975,0.05605381165919283,33.3,4.47,0.0
149,2,446,1.444999999999975,0.05605381165919283,33.6,4.47,0.0
150,8,1246,8.244999999999962,0.05537720706260032,34.2,4.41,0.0
151,2,446,1.444999999999975,0.05605381165919283,34.5,4.41,0.0
152,1,326,0.3249999999999882,0.05214723926380368,34.6,4.42,0.0
153,0,180,-0.8209999999999998,0.05,34.7,4.43,0.0
154,1,332,0.3309999999999875,0.0572289156626506,34.9,4.44,0.0
155,0,184,-0.8169999999999998,0.059782608695652176,35.0,4.46,0.0
156,2,453,1.4519999999999742,0.05739514348785872,35.3,4.45,0.0
157,4,721,3.719999999999991,0.056865464632454926,35.7,4.43,0.0
158,1,336,0.3349999999999871,0.05357142857142857,35.8,4.44,0.0
159,2,446,1.444999999999975,0.05605381165919283,36.1,4.44,0.0
160,5,846,4.845000000000032,0.05555555555555555,36.5,4.41,0.0
161,2,478,1.4769999999999714,0.056485355648535567,36.8,4.40,0.0
162,2,446,1.444999999999975,0.053811659192825115,37.0,4.40,0.0
163,1,313,0.3119999999999896,0.054313099041533544,37.2,4.41,0.0
164,2,463,1.461999999999973,0.056155507559395246,37.4,4.41,0.0
165,4,713,3.711999999999988,0.0546984572230014,37.8,4.39,0.0
166,1,218,0.21700000000000008,0.05045871559633028,37.9,4.40,0.0
167,3,592,2.590999999999959,0.05405405405405406,38.2,4.39,0.0
168,1,336,0.3349999999999871,0.05654761904761905,38.4,4.40,0.0
169,1,319,0.31799999999998896,0.05642633228840126,38.6,4.41,0.0
170,0,184,-0.8169999999999998,0.059782608695652176,38.7,4.42,0.0
171,5,876,4.875000000000042,0.05593607305936073,39.1,4.39,0.0
172,3,579,2.5779999999999603,0.055267702936096716,39.4,4.39,0.0
173,2,449,1.4479999999999746,0.053452115812917596,39.7,4.39,0.0
174,0,190,-0.8109999999999998,0.05789473684210526,39.8,4.40,0.0
175,2,454,1.452999999999974,0.05726872246696035,40.0,4.40,0.0
176,3,579,2.5779999999999603,0.055267702936096716,40.3,4.39,0.0
177,1,326,0.3249999999999882,0.05521472392638037,40.5,4.40,0.0
178,0,179,-0.8219999999999998,0.055865921787709494,40.6,4.41,0.0
179,1,324,0.3229999999999884,0.05246913580246913,40.7,4.42,0.0
180,9,1379,9.377999999999888,0.05583756345177665,41.5,4.37,0.0
181,0,179,-0.8219999999999998,0.055865921787709494,41.6,4.38,0.0
182,2,446,1.444999999999975,0.05605381165919283,41.8,4.38,0.0
183,1,313,0.3119999999999896,0.054313099041533544,42.0,4.39,0.0
184,1,313,0.3119999999999896,0.05750798722044728,42.1,4.39,0.0
185,1,313,0.3119999999999896,0.054313099041533544,42.3,4.40,0.0
186,0,179,-0.8219999999999998,0.055865921787709494,42.4,4.41,0.0
187,0,191,-0.8099999999999998,0.05759162303664921,42.5,4.43,0.0
188,0,200,-0.8009999999999998,0.05,42.6,4.44,0.0
189,0,189,-0.8119999999999998,0.0582010582010582,42.7,4.45,0.0
190,0,189,-0.8119999999999998,0.0582010582010582,42.8,4.47,0.0
191,0,190,-0.8109999999999998,0.05789473684210526,42.9,4.48,0.0
192,0,179,-0.8219999999999998,0.055865921787709494,43.0,4.49,0.0
193,2,446,1.444999999999975,0.05605381165919283,43.2,4.49,0.0
194,0,193,-0.8079999999999998,0.05699481865284974,43.3,4.50,0.0
195,7,1132,7.131000000000025,0.054770318021201414,43.9,4.46,0.0
196,2,446,1.444999999999975,0.053811659192825115,44.2,4.46,0.0
197,1,326,0.3249999999999882,0.05521472392638037,44.3,4.47,0.0
198,0,179,-0.8219999999999998,0.055865921787709494,44.4,4.48,0.0
199,9,1395,9.39399999999988,0.05591397849462366,45.2,4.43,0.0
200,0,179,-0.8219999999999998,0.055865921787709494,45.3,4.44,0.0
201,2,446,1.444999999999975,0.05605381165919283,45.5,4.44,0.0
202,3,584,2.5829999999999598,0.05650684931506849,45.8,4.43,0.0
203,1,313,0.3119999999999896,0.054313099041533544,46.0,4.44,0.0
204,4,713,3.711999999999988,0.056100981767180924,46.3,4.42,0.0
205,9,1379,9.377999999999888,0.05511240029006526,47.1,4.38,0.0
206,3,579,2.5779999999999603,0.055267702936096716,47.4,4.37,0.0
207,6,1001,6.000000000000083,0.055944055944055944,47.9,4.34,0.0
208,0,217,0.21600000000000016,0.05069124423963134,48.0,4.35,0.0
209,3,484,2.482999999999971,0.05371900826446281,48.3,4.35,0.0
210,9,1379,9.377999999999888,0.05583756345177665,49.0,4.31,0.0
211,1,348,0.34699999999998576,0.05747126436781609,49.2,4.31,0.0
212,3,579,2.5779999999999603,0.055267702936096716,49.5,4.31,0.0
213,1,313,0.3119999999999896,0.05750798722044728,49.6,4.31,0.0
214,0,186,-0.8149999999999998,0.05913978494623656,49.7,4.32,0.0
215,2,452,1.4509999999999743,0.05309734513274336,50.0,4.32,0.0
216,1,313,0.3119999999999896,0.05750798722044728,50.1,4.33,0.0
217,4,717,3.7159999999999895,0.05578800557880056,50.5,4.32,0.0
218,3,579,2.5779999999999603,0.055267702936096716,50.8,4.31,0.0
219,1,342,0.3409999999999864,0.05263157894736842,51.0,4.31,0.0
220,4,729,3.7279999999999935,0.056241426611796985,51.4,4.30,0.0
221,0,181,-0.8199999999999998,0.06077348066298342,51.5,4.31,0.0
222,1,313,0.3119999999999896,0.054313099041533544,51.6,4.32,0.0
223,3,591,2.589999999999959,0.05583756345177665,51.9,4.31,0.0
224,1,335,0.3339999999999872,0.056716417910447764,52.1,4.32,0.0
225,3,583,2.58199999999996,0.05660377358490566,52.4,4.31,0.0
226,1,313,0.3119999999999896,0.054313099041533544,52.6,4.32,0.0
227,0,179,-0.8219999999999998,0.055865921787709494,52.7,4.33,0.0
228,1,313,0.3119999999999896,0.054313099041533544,52.9,4.33,0.0
229,2,457,1.4559999999999738,0.05689277899343545,53.1,4.33,0.0
230,1,314,0.3129999999999895,0.05732484076433121,53.3,4.34,0.0
231,0,212,-0.7889999999999998,0.05188679245283019,53.4,4.35,0.0
232,1,314,0.3129999999999895,0.05732484076433121,53.5,4.35,0.0
233,0,189,-0.8119999999999998,0.0582010582010582,53.6,4.36,0.0
234,2,467,1.4659999999999727,0.055674518201284794,53.9,4.36,0.0
235,2,446,1.444999999999975,0.053811659192825115,54.1,4.36,0.0
236,5,846,4.845000000000032,0.05555555555555555,54.6,4.34,0.0
237,2,461,1.4599999999999733,0.05639913232104121,54.8,4.34,0.0
238,1,313,0.3119999999999896,0.054313099041533544,55.0,4.35,0.0
239,3,579,2.5779999999999603,0.055267702936096716,55.3,4.34,0.0
240,0,186,-0.8149999999999998,0.05913978494623656,55.4,4.35,0.0
241,2,446,1.444999999999975,0.05605381165919283,55.6,4.35,0.0
242,3,579,2.5779999999999603,0.055267702936096716,55.9,4.35,0.0
243,1,339,0.33799999999998676,0.05604719764011799,56.1,4.35,0.0
244,3,593,2.591999999999959,0.05564924114671164,56.4,4.34,0.0
245,0,190,-0.8109999999999998,0.05789473684210526,56.5,4.36,0.0
246,2,456,1.4549999999999739,0.05701754385964912,56.7,4.35,0.0
247,2,446,1.444999999999975,0.05605381165919283,57.0,4.35,0.0
248,3,581,2.57999999999996,0.05679862306368331,57.3,4.35,0.0
249,1,313,0.3119999999999896,0.05750798722044728,57.4,4.35,0.0
250,4,727,3.725999999999993,0.05639614855570839,57.8,4.34,0.0
251,0,184,-0.8169999999999998,0.059782608695652176,57.9,4.35,0.0
252,1,313,0.3119999999999896,0.054313099041533544,58.1,4.36,0.0
253,4,713,3.711999999999988,0.056100981767180924,58.5,4.34,0.0
254,0,179,-0.8219999999999998,0.055865921787709494,58.6,4.35,0.0
255,0,194,-0.8069999999999998,0.05670103092783505,58.7,4.36,0.0
256,2,452,1.4509999999999743,0.05309734513274336,58.9,4.36,0.0
257,1,313,0.3119999999999896,0.054313099041533544,59.1,4.37,0.0
258,0,179,-0.8219999999999998,0.055865921787709494,59.2,4.38,0.0
259,0,179,-0.8219999999999998,0.055865921787709494,59.2,4.39,0.0
260,3,579,2.5779999999999603,0.055267702936096716,59.6,4.38,0.0
261,6,983,5.982000000000077,0.05595116988809766,60.1,4.36,0.0
262,4,713,3.711999999999988,0.056100981767180924,60.5,4.35,0.0
263,2,457,1.4559999999999738,0.05689277899343545,60.7,4.35,0.0
264,1,313,0.3119999999999896,0.054313099041533544,60.9,4.35,0.0
265,1,313,0.3119999999999896,0.054313099041533544,61.0,4.36,0.0
266,3,579,2.5779999999999603,0.055267702936096716,61.3,4.35,0.0
267,0,187,-0.8139999999999998,0.058823529411764705,61.4,4.36,0.0
268,2,454,1.452999999999974,0.05726872246696035,61.7,4.36,0.0
269,2,456,1.4549999999999739,0.05701754385964912,61.9,4.36,0.0
270,0,208,-0.7929999999999998,0.057692307692307696,62.0,4.37,0.0
271,0,179,-0.8219999999999998,0.055865921787709494,62.1,4.38,0.0
272,0,179,-0.8219999999999998,0.055865921787709494,62.2,4.39,0.0
273,4,731,3.729999999999994,0.0560875512995896,62.6,4.38,0.0
274,0,182,-0.8189999999999998,0.06043956043956044,62.7,4.39,0.0
275,5,846,4.845000000000032,0.05555555555555555,63.1,4.37,0.0
276,1,313,0.3119999999999896,0.05750798722044728,63.3,4.38,0.0
277,2,446,1.444999999999975,0.05605381165919283,63.5,4.38,0.0
278,10,1523,10.521999999999808,0.05581089954038083,64.3,4.34,0.0
279,2,459,1.4579999999999735,0.05664488017429194,64.6,4.34,0.0
280,0,179,-0.8219999999999998,0.055865921787709494,64.7,4.35,0.0
281,5,873,4.872000000000041,0.056128293241695305,65.1,4.33,0.0
282,2,446,1.444999999999975,0.05605381165919283,65.3,4.33,0.0
283,2,446,1.444999999999975,0.05605381165919283,65.6,4.33,0.0
284,7,1113,7.112000000000036,0.055705300988319856,66.2,4.31,0.0
285,0,179,-0.8219999999999998,0.055865921787709494,66.3,4.32,0.0
286,7,1113,7.112000000000036,0.055705300988319856,66.8,4.29,0.0
287,0,179,-0.8219999999999998,0.055865921787709494,66.9,4.30,0.0
288,1,327,0.3259999999999881,0.0581039755351682,67.1,4.31,0.0
289,4,713,3.711999999999988,0.056100981767180924,67.5,4.30,0.0
290,2,461,1.4599999999999733,0.05639913232104121,67.7,4.30,0.0
291,0,215,-0.7859999999999998,0.05116279069767442,67.8,4.31,0.0
292,1,313,0.3119999999999896,0.05750798722044728,68.0,4.31,0.0
293,3,579,2.5779999999999603,0.055267702936096716,68.3,4.31,0.0
294,2,457,1.4559999999999738,0.05689277899343545,68.5,4.31,0.0
295,3,586,2.5849999999999596,0.05631399317406143,68.8,4.30,0.0
296,0,183,-0.8179999999999998,0.060109289617486336,68.9,4.31,0.0
297,3,579,2.5779999999999603,0.055267702936096716,69.2,4.30,0.0
298,1,313,0.3119999999999896,0.054313099041533544,69.4,4.31,0.0
299,5,846,4.845000000000032,0.05555555555555555,69.8,4.30,0.0
300,0,210,-0.7909999999999998,0.05714285714285714,69.9,4.30,0.0
301,1,313,0.3119999999999896,0.054313099041533544,70.1,4.31,0.0
302,1,313,0.3119999999999896,0.054313099041533544,70.3,4.31,0.0
303,0,185,-0.8159999999999998,0.05945945945945946,70.4,4.32,0.0
304,3,579,2.5779999999999603,0.055267702936096716,70.7,4.32,0.0
305,2,446,1.444999999999975,0.05605381165919283,70.9,4.32,0.0
306,5,846,4.845000000000032,0.05555555555555555,71.4,4.30,0.0
307,0,186,-0.8149999999999998,0.05913978494623656,71.4,4.31,0.0
308,5,856,4.855000000000035,0.056074766355140186,71.9,4.30,0.0
309,2,446,1.444999999999975,0.05605381165919283,72.1,4.30,0.0
310,0,179,-0.8219999999999998,0.055865921787709494,72.2,4.31,0.0
311,3,579,2.5779999999999603,0.055267702936096716,72.5,4.30,0.0
312,0,179,-0.8219999999999998,0.055865921787709494,72.6,4.31,0.0
313,5,859,4.858000000000036,0.05587892898719441,73.1,4.30,0.0
314,0,179,-0.8219999999999998,0.055865921787709494,73.2,4.31,0.0
315,0,186,-0.8149999999999998,0.05913978494623656,73.3,4.31,0.0
316,1,335,0.3339999999999872,0.056716417910447764,73.4,4.32,0.0
317,2,446,1.444999999999975,0.05605381165919283,73.7,4.32,0.0
318,2,446,1.444999999999975,0.05605381165919283,73.9,4.32,0.0
319,3,579,2.5779999999999603,0.055267702936096716,74.2,4.31,0.0
320,7,1113,7.112000000000036,0.055705300988319856,74.8,4.29,0.0
321,2,465,1.4639999999999729,0.053763440860215055,75.0,4.29,0.0
322,0,179,-0.8219999999999998,0.055865921787709494,75.1,4.30,0.0
323,3,579,2.5779999999999603,0.055267702936096716,75.4,4.30,0.0
324,2,454,1.452999999999974,0.05726872246696035,75.6,4.30,0.0
325,2,455,1.453999999999974,0.05714285714285714,75.9,4.30,0.0
326,2,446,1.444999999999975,0.05605381165919283,76.1,4.30,0.0
327,4,713,3.711999999999988,0.0546984572230014,76.5,4.29,0.0
328,1,313,0.3119999999999896,0.054313099041533544,76.7,4.29,0.0
329,8,1251,8.24999999999996,0.055955235811350916,77.3,4.27,0.0
330,0,196,-0.8049999999999998,0.05612244897959184,77.4,4.28,0.0
331,0,179,-0.8219999999999998,0.05027932960893855,77.5,4.28,0.0
332,0,179,-0.8219999999999998,0.055865921787709494,77.6,4.29,0.0
333,2,446,1.444999999999975,0.05605381165919283,77.8,4.29,0.0
334,0,188,-0.8129999999999998,0.05851063829787234,77.9,4.30,0.0
335,1,328,0.32699999999998797,0.057926829268292686,78.1,4.30,0.0
336,0,187,-0.8139999999999998,0.058823529411764705,78.2,4.31,0.0
337,0,179,-0.8219999999999998,0.05027932960893855,78.3,4.32,0.0
338,4,713,3.711999999999988,0.056100981767180924,78.7,4.31,0.0
339,0,179,-0.8219999999999998,0.055865921787709494,78.8,4.32,0.0
340,0,193,-0.8079999999999998,0.05699481865284974,78.9,4.32,0.0
341,3,579,2.5779999999999603,0.055267702936096716,79.2,4.32,0.0
342,0,182,-0.8189999999999998,0.04945054945054945,79.3,4.33,0.0
343,3,579,2.5779999999999603,0.055267702936096716,79.6,4.32,0.0
344,2,446,1.444999999999975,0.053811659192825115,79.8,4.32,0.0
345,5,846,4.845000000000032,0.05555555555555555,80.3,4.31,0.0
346,1,314,0.3129999999999895,0.05732484076433121,80.4,4.31,0.0
347,2,446,1.444999999999975,0.05605381165919283,80.7,4.31,0.0
348,2,446,1.444999999999975,0.053811659192825115,80.9,4.31,0.0
349,2,446,1.444999999999975,0.05605381165919283,81.1,4.31,0.0
350,0,189,-0.8119999999999998,0.0582010582010582,81.2,4.32,0.0
351,0,179,-0.8219999999999998,0.055865921787709494,81.3,4.33,0.0
352,0,194,-0.8069999999999998,0.05670103092783505,81.4,4.33,0.0
353,1,313,0.3119999999999896,0.054313099041533544,81.6,4.34,0.0
354,0,186,-0.8149999999999998,0.05913978494623656,81.7,4.35,0.0
355,0,192,-0.8089999999999998,0.057291666666666664,81.8,4.35,0.0
356,3,579,2.5779999999999603,0.055267702936096716,82.1,4.35,0.0
357,2,446,1.444999999999975,0.05605381165919283,82.3,4.35,0.0
358,0,191,-0.8099999999999998,0.05759162303664921,82.4,4.35,0.0
359,0,179,-0.8219999999999998,0.055865921787709494,82.5,4.36,0.0
360,2,446,1.444999999999975,0.05605381165919283,82.8,4.36,0.0
361,0,196,-0.8049999999999998,0.05612244897959184,82.9,4.37,0.0
362,0,189,-0.8119999999999998,0.0582010582010582,83.0,4.38,0.0
363,13,1913,13.911999999999592,0.05541035023523262,84.0,4.34,0.0
364,0,187,-0.8139999999999998,0.058823529411764705,84.1,4.34,0.0
365,1,334,0.3329999999999873,0.05688622754491018,84.2,4.35,0.0
366,2,446,1.444999999999975,0.053811659192825115,84.5,4.35,0.0
367,3,581,2.57999999999996,0.05679862306368331,84.8,4.34,0.0
368,5,846,4.845000000000032,0.05555555555555555,85.2,4.33,0.0
369,0,186,-0.8149999999999998,0.05913978494623656,85.3,4.34,0.0
370,4,713,3.711999999999988,0.056100981767180924,85.7,4.33,0.0
371,5,846,4.845000000000032,0.05555555555555555,86.2,4.32,0.0
372,1,313,0.3119999999999896,0.054313099041533544,86.3,4.32,0.0
373,0,184,-0.8169999999999998,0.059782608695652176,86.4,4.33,0.0
374,1,313,0.3119999999999896,0.054313099041533544,86.6,4.33,0.0
375,0,179,-0.8219999999999998,0.055865921787709494,86.7,4.34,0.0
376,3,579,2.5779999999999603,0.055267702936096716,87.0,4.33,0.0
377,1,313,0.3119999999999896,0.054313099041533544,87.1,4.34,0.0
378,4,717,3.7159999999999895,0.05578800557880056,87.5,4.33,0.0
379,0,179,-0.8219999999999998,0.05027932960893855,87.6,4.34,0.0
380,2,446,1.444999999999975,0.05605381165919283,87.8,4.34,0.0
381,5,851,4.850000000000033,0.0564042303172738,88.3,4.33,0.0
382,4,713,3.711999999999988,0.0546984572230014,88.7,4.32,0.0
383,2,446,1.444999999999975,0.05605381165919283,88.9,4.32,0.0
384,2,446,1.444999999999975,0.053811659192825115,89.1,4.32,0.0
385,0,186,-0.8149999999999998,0.05913978494623656,89.2,4.33,0.0
386,1,313,0.3119999999999896,0.054313099041533544,89.4,4.33,0.0
387,1,349,0.34799999999998565,0.05730659025787966,89.6,4.33,0.0
388,0,197,-0.8039999999999998,0.050761421319796954,89.7,4.34,0.0
389,0,179,-0.8219999999999998,0.055865921787709494,89.8,4.34,0.0
390,2,459,1.4579999999999735,0.05664488017429194,90.0,4.34,0.0
391,4,713,3.711999999999988,0.0546984572230014,90.4,4.34,0.0
392,1,313,0.3119999999999896,0.054313099041533544,90.5,4.34,0.0
393,1,313,0.3119999999999896,0.054313099041533544,90.7,4.34,0.0
394,3,591,2.589999999999959,0.05583756345177665,91.0,4.34,0.0
395,2,471,1.4699999999999722,0.05732484076433121,91.3,4.34,0.0
396,0,184,-0.8169999999999998,0.059782608695652176,91.4,4.35,0.0
397,3,579,2.5779999999999603,0.055267702936096716,91.7,4.34,0.0
398,1,313,0.3119999999999896,0.054313099041533544,91.8,4.35,0.0
399,1,313,0.3119999999999896,0.054313099041533544,92.0,4.35,0.0
400,1,313,0.3119999999999896,0.054313099041533544,92.1,4.35,0.0
401,0,186,-0.8149999999999998,0.05913978494623656,92.2,4.36,0.0
402,0,189,-0.8119999999999998,0.0582010582010582,92.3,4.36,0.0
403,2,454,1.452999999999974,0.05726872246696035,92.6,4.36,0.0
404,2,446,1.444999999999975,0.05605381165919283,92.8,4.36,0.0
405,2,446,1.444999999999975,0.05605381165919283,93.0,4.36,0.0
406,2,446,1.444999999999975,0.05605381165919283,93.3,4.36,0.0
407,1,338,0.33699999999998687,0.05621301775147929,93.5,4.37,0.0
408,0,179,-0.8219999999999998,0.055865921787709494,93.6,4.37,0.0
409,2,446,1.444999999999975,0.05605381165919283,93.8,4.37,0.0
410,4,717,3.7159999999999895,0.05578800557880056,94.2,4.36,0.0
411,1,313,0.3119999999999896,0.054313099041533544,94.3,4.37,0.0
412,2,451,1.4499999999999744,0.05321507760532151,94.6,4.37,0.0
413,1,313,0.3119999999999896,0.054313099041533544,94.7,4.37,0.0
414,0,186,-0.8149999999999998,0.05913978494623656,94.8,4.38,0.0
415,3,579,2.5779999999999603,0.055267702936096716,95.2,4.37,0.0
416,3,579,2.5779999999999603,0.055267702936096716,95.5,4.37,0.0
417,2,446,1.444999999999975,0.05605381165919283,95.7,4.37,0.0
418,1,327,0.3259999999999881,0.0581039755351682,95.9,4.37,0.0
419,1,313,0.3119999999999896,0.054313099041533544,96.0,4.37,0.0
420,3,579,2.5779999999999603,0.055267702936096716,96.3,4.37,0.0
421,4,713,3.711999999999988,0.056100981767180924,96.7,4.36,0.0
422,4,713,3.711999999999988,0.056100981767180924,97.1,4.36,0.0
423,2,457,1.4559999999999738,0.05689277899343545,97.3,4.36,0.0
424,0,185,-0.8159999999999998,0.05945945945945946,97.4,4.36,0.0
425,10,1513,10.511999999999814,0.05551883674818242,98.2,4.34,0.0
426,2,446,1.444999999999975,0.05605381165919283,98.4,4.34,0.0
427,0,187,-0.8139999999999998,0.058823529411764705,98.5,4.34,0.0
428,2,446,1.444999999999975,0.05605381165919283,98.7,4.34,0.0
429,3,612,2.6109999999999567,0.05392156862745098,99.1,4.34,0.0
430,4,736,3.734999999999996,0.05570652173913043,99.5,4.33,0.0
431,0,195,-0.8059999999999998,0.05641025641025641,99.6,4.34,0.0
432,0,179,-0.8219999999999998,0.055865921787709494,99.6,4.35,0.0
433,7,1123,7.12200000000003,0.05609973285841496,100.2,4.33,0.0
434,2,446,1.444999999999975,0.05605381165919283,100.5,4.33,0.0
435,1,313,0.3119999999999896,0.054313099041533544,100.6,4.33,0.0
436,0,179,-0.8219999999999998,0.055865921787709494,100.7,4.34,0.0
437,7,1113,7.112000000000036,0.055705300988319856,101.3,4.32,0.0
438,3,587,2.5859999999999594,0.056218057921635436,101.6,4.32,0.0
439,3,579,2.5779999999999603,0.055267702936096716,101.9,4.32,0.0
440,3,579,2.5779999999999603,0.055267702936096716,102.2,4.31,0.0
441,4,713,3.711999999999988,0.056100981767180924,102.6,4.31,0.0
442,4,714,3.7129999999999885,0.056022408963585436,103.0,4.30,0.0
443,2,482,1.480999999999971,0.05394190871369295,103.2,4.30,0.0
444,1,338,0.33699999999998687,0.05621301775147929,103.4,4.30,0.0
445,0,179,-0.8219999999999998,0.055865921787709494,103.5,4.31,0.0
446,1,324,0.3229999999999884,0.05246913580246913,103.7,4.31,0.0
447,3,588,2.5869999999999593,0.05612244897959184,104.0,4.31,0.0
448,6,979,5.978000000000075,0.05515832482124617,104.5,4.30,0.0
449,2,452,1.4509999999999743,0.05752212389380531,104.7,4.30,0.0
450,0,186,-0.8149999999999998,0.05913978494623656,104.8,4.30,0.0
451,4,713,3.711999999999988,0.0546984572230014,105.2,4.30,0.0
452,0,179,-0.8219999999999998,0.055865921787709494,105.3,4.30,0.0
453,2,446,1.444999999999975,0.05605381165919283,105.5,4.30,0.0
454,1,331,0.32999999999998764,0.05740181268882175,105.7,4.31,0.0
455,4,713,3.711999999999988,0.0546984572230014,106.0,4.30,0.0
456,3,591,2.589999999999959,0.05583756345177665,106.4,4.30,0.0
457,0,179,-0.8219999999999998,0.055865921787709494,106.4,4.30,0.0
458,4,732,3.7309999999999945,0.056010928961748634,106.8,4.30,0.0
459,2,459,1.4579999999999735,0.05664488017429194,107.1,4.30,0.0
460,1,328,0.32699999999998797,0.051829268292682924,107.2,4.30,0.0
461,4,713,3.711999999999988,0.056100981767180924,107.6,4.29,0.0
462,2,446,1.444999999999975,0.05605381165919283,107.8,4.29,0.0
463,1,313,0.3119999999999896,0.054313099041533544,108.0,4.30,0.0
464,0,179,-0.8219999999999998,0.055865921787709494,108.1,4.30,0.0
465,3,587,2.5859999999999594,0.056218057921635436,108.4,4.30,0.0
466,0,185,-0.8159999999999998,0.05945945945945946,108.5,4.30,0.0
467,1,335,0.3339999999999872,0.056716417910447764,108.7,4.31,0.0
468,3,603,2.6019999999999577,0.05638474295190713,109.0,4.30,0.0
469,0,198,-0.8029999999999998,0.050505050505050504,109.1,4.31,0.0
470,0,185,-0.8159999999999998,0.05945945945945946,109.2,4.31,0.0
471,0,184,-0.8169999999999998,0.059782608695652176,109.3,4.32,0.0
472,0,183,-0.8179999999999998,0.060109289617486336,109.4,4.32,0.0
473,2,446,1.444999999999975,0.05605381165919283,109.6,4.32,0.0
474,6,979,5.978000000000075,0.056179775280898875,110.1,4.31,0.0
475,2,446,1.444999999999975,0.05605381165919283,110.4,4.31,0.0
476,3,579,2.5779999999999603,0.055267702936096716,110.7,4.31,0.0
477,0,179,-0.8219999999999998,0.055865921787709494,110.8,4.32,0.0
478,1,313,0.3119999999999896,0.054313099041533544,110.9,4.32,0.0
479,4,731,3.729999999999994,0.0560875512995896,111.3,4.31,0.0
480,2,446,1.444999999999975,0.05605381165919283,111.6,4.31,0.0
481,6,979,5.978000000000075,0.056179775280898875,112.1,4.30,0.0
482,2,446,1.444999999999975,0.05605381165919283,112.3,4.30,0.0
483,0,200,-0.8009999999999998,0.05,112.4,4.31,0.0
484,1,313,0.3119999999999896,0.054313099041533544,112.6,4.31,0.0
485,0,179,-0.8219999999999998,0.055865921787709494,112.7,4.31,0.0
486,1,342,0.3409999999999864,0.05263157894736842,112.9,4.32,0.0
487,0,179,-0.8219999999999998,0.055865921787709494,113.0,4.32,0.0
488,2,446,1.444999999999975,0.05605381165919283,113.2,4.32,0.0
489,1,334,0.3329999999999873,0.05688622754491018,113.4,4.32,0.0
490,0,198,-0.8029999999999998,0.050505050505050504,113.5,4.33,0.0
491,0,184,-0.8169999999999998,0.059782608695652176,113.6,4.33,0.0
492,0,189,-0.8119999999999998,0.0582010582010582,113.7,4.34,0.0
493,0,179,-0.8219999999999998,0.055865921787709494,113.8,4.34,0.0
494,2,455,1.453999999999974,0.05714285714285714,114.0,4.34,0.0
495,0,179,-0.8219999999999998,0.055865921787709494,114.1,4.35,0.0
496,0,179,-0.8219999999999998,0.055865921787709494,114.2,4.35,0.0
497,0,179,-0.8219999999999998,0.055865921787709494,114.3,4.36,0.0
498,0,179,-0.8219999999999998,0.055865921787709494,114.4,4.36,0.0
499,1,331,0.32999999999998764,0.05740181268882175,114.6,4.36,0.0
500,0,188,-0.8129999999999998,0.05851063829787234,114.7,4.37,0.0
501,3,594,2.5929999999999587,0.05387205387205387,117.5,4.27,0.0
502,0,201,-0.7999999999999998,0.05472636815920398,117.6,4.28,0.0
503,1,313,0.3119999999999896,0.054313099041533544,117.8,4.28,0.0
504,3,585,2.5839999999999597,0.05641025641025641,118.1,4.28,0.0
505,2,446,1.444999999999975,0.05605381165919283,118.3,4.28,0.0
506,1,321,0.31999999999998874,0.056074766355140186,118.5,4.28,0.0
507,5,865,4.864000000000038,0.05433526011560694,118.9,4.27,0.0
508,1,313,0.3119999999999896,0.05750798722044728,119.1,4.27,0.0
509,5,846,4.845000000000032,0.05555555555555555,119.5,4.27,0.0
510,2,460,1.4589999999999734,0.05434782608695652,119.7,4.27,0.0
511,0,179,-0.8219999999999998,0.055865921787709494,119.8,4.27,0.0
512,5,846,4.845000000000032,0.05555555555555555,120.3,4.27,0.0
513,2,462,1.4609999999999732,0.05411255411255411,120.5,4.27,0.0
514,3,579,2.5779999999999603,0.055267702936096716,120.8,4.26,0.0
515,2,446,1.444999999999975,0.05605381165919283,121.1,4.26,0.0
516,2,446,1.444999999999975,0.05605381165919283,121.3,4.26,0.0
517,1,313,0.3119999999999896,0.054313099041533544,121.5,4.26,0.0
518,0,195,-0.8059999999999998,0.05128205128205128,121.6,4.27,0.0
519,5,846,4.845000000000032,0.05555555555555555,122.0,4.26,0.0
520,1,313,0.3119999999999896,0.054313099041533544,122.2,4.26,0.0
521,4,618,3.6169999999999565,0.05663430420711974,122.5,4.26,0.0
522,2,446,1.444999999999975,0.05605381165919283,122.7,4.26,0.0
523,0,179,-0.8219999999999998,0.055865921787709494,122.8,4.27,0.0
524,2,467,1.4659999999999727,0.05353319057815846,123.1,4.27,0.0
525,1,313,0.3119999999999896,0.05750798722044728,123.2,4.27,0.0
526,4,713,3.711999999999988,0.0546984572230014,123.6,4.26,0.0
527,0,179,-0.8219999999999998,0.055865921787709494,123.7,4.27,0.0
528,0,179,-0.8219999999999998,0.055865921787709494,123.8,4.27,0.0
529,1,313,0.3119999999999896,0.054313099041533544,124.0,4.28,0.0
530,0,179,-0.8219999999999998,0.055865921787709494,124.0,4.28,0.0
531,0,192,-0.8089999999999998,0.057291666666666664,124.1,4.29,0.0
532,4,619,3.617999999999957,0.05654281098546042,124.5,4.28,0.0
533,0,179,-0.8219999999999998,0.055865921787709494,124.6,4.29,0.0
534,2,446,1.444999999999975,0.053811659192825115,124.8,4.29,0.0
535,1,322,0.32099999999998863,0.055900621118012424,125.0,4.29,0.0
536,3,579,2.5779999999999603,0.055267702936096716,125.3,4.29,0.0
537,3,594,2.5929999999999587,0.05387205387205387,125.6,4.28,0.0
538,1,313,0.3119999999999896,0.054313099041533544,125.7,4.29,0.0
539,0,179,-0.8219999999999998,0.055865921787709494,125.8,4.29,0.0
540,0,179,-0.8219999999999998,0.055865921787709494,125.9,4.30,0.0
541,2,468,1.4669999999999725,0.053418803418803416,126.2,4.30,0.0
542,0,190,-0.8109999999999998,0.05789473684210526,126.3,4.30,0.0
543,0,184,-0.8169999999999998,0.059782608695652176,126.4,4.30,0.0
544,1,313,0.3119999999999896,0.054313099041533544,126.5,4.31,0.0
545,4,717,3.7159999999999895,0.05578800557880056,126.9,4.30,0.0
546,3,615,2.6139999999999564,0.056910569105691054,127.2,4.30,0.0
547,0,186,-0.8149999999999998,0.05913978494623656,127.3,4.30,0.0
548,1,313,0.3119999999999896,0.054313099041533544,127.5,4.31,0.0
549,1,313,0.3119999999999896,0.054313099041533544,127.7,4.31,0.0
550,0,185,-0.8159999999999998,0.05945945945945946,127.8,4.31,0.0
551,0,179,-0.8219999999999998,0.055865921787709494,127.9,4.32,0.0
552,1,336,0.3349999999999871,0.05654761904761905,128.0,4.32,0.0
553,0,189,-0.8119999999999998,0.0582010582010582,128.1,4.32,0.0
554,2,446,1.444999999999975,0.05605381165919283,128.4,4.32,0.0
555,2,451,1.4499999999999744,0.05321507760532151,128.6,4.32,0.0
556,2,456,1.4549999999999739,0.05701754385964912,128.9,4.32,0.0
557,4,714,3.7129999999999885,0.0546218487394958,129.2,4.32,0.0
558,2,455,1.453999999999974,0.05714285714285714,129.5,4.32,0.0
559,6,979,5.978000000000075,0.05515832482124617,130.0,4.31,0.0
560,0,188,-0.8129999999999998,0.05851063829787234,130.1,4.31,0.0
561,4,713,3.711999999999988,0.0546984572230014,130.5,4.31,0.0
562,0,179,-0.8219999999999998,0.055865921787709494,130.6,4.31,0.0
563,0,200,-0.8009999999999998,0.05,130.7,4.32,0.0
564,0,179,-0.8219999999999998,0.055865921787709494,130.8,4.32,0.0
565,0,179,-0.8219999999999998,0.055865921787709494,130.8,4.33,0.0
566,2,446,1.444999999999975,0.05605381165919283,131.1,4.33,0.0
567,0,179,-0.8219999999999998,0.055865921787709494,131.2,4.33,0.0
568,3,582,2.58099999999996,0.05670103092783505,131.5,4.33,0.0
569,3,484,2.482999999999971,0.05371900826446281,131.7,4.33,0.0
570,1,313,0.3119999999999896,0.05750798722044728,131.9,4.33,0.0
571,0,179,-0.8219999999999998,0.055865921787709494,132.0,4.33,0.0
572,0,193,-0.8079999999999998,0.05699481865284974,132.1,4.34,0.0
573,6,980,5.979000000000076,0.05612244897959184,132.6,4.33,0.0
574,3,580,2.57899999999996,0.05344827586206897,132.9,4.33,0.0
575,0,179,-0.8219999999999998,0.055865921787709494,133.0,4.33,0.0
576,2,459,1.4579999999999735,0.05664488017429194,133.2,4.33,0.0
577,1,313,0.3119999999999896,0.054313099041533544,133.4,4.33,0.0
578,1,313,0.3119999999999896,0.054313099041533544,133.6,4.33,0.0
579,1,313,0.3119999999999896,0.054313099041533544,133.7,4.34,0.0
580,0,191,-0.8099999999999998,0.05759162303664921,133.8,4.34,0.0
581,0,184,-0.8169999999999998,0.059782608695652176,133.9,4.35,0.0
582,2,446,1.444999999999975,0.05605381165919283,134.2,4.35,0.0
583,1,313,0.3119999999999896,0.054313099041533544,134.3,4.35,0.0
584,1,313,0.3119999999999896,0.054313099041533544,134.5,4.35,0.0
585,2,472,1.470999999999972,0.05508474576271186,134.7,4.35,0.0
586,0,204,-0.7969999999999998,0.058823529411764705,134.8,4.35,0.0
587,1,324,0.3229999999999884,0.05246913580246913,135.0,4.36,0.0
588,2,466,1.4649999999999728,0.0536480686695279,135.3,4.35,0.0
589,0,179,-0.8219999999999998,0.055865921787709494,135.3,4.36,0.0
590,2,446,1.444999999999975,0.05605381165919283,135.6,4.36,0.0
591,0,179,-0.8219999999999998,0.055865921787709494,135.7,4.36,0.0
592,5,846,4.845000000000032,0.05555555555555555,136.1,4.36,0.0
593,1,315,0.3139999999999894,0.05714285714285714,136.3,4.36,0.0
594,2,455,1.453999999999974,0.05714285714285714,136.5,4.36,0.0
595,1,336,0.3349999999999871,0.05654761904761905,136.7,4.36,0.0
596,5,846,4.845000000000032,0.05555555555555555,137.1,4.35,0.0
597,3,596,2.5949999999999585,0.053691275167785234,137.4,4.35,0.0
598,0,179,-0.8219999999999998,0.055865921787709494,137.5,4.36,0.0
599,0,191,-0.8099999999999998,0.05759162303664921,137.6,4.36,0.0
600,1,313,0.3119999999999896,0.054313099041533544,137.8,4.36,0.0
601,2,446,1.444999999999975,0.053811659192825115,138.1,4.36,0.0
602,0,179,-0.8219999999999998,0.055865921787709494,138.1,4.36,0.0
603,1,313,0.3119999999999896,0.054313099041533544,138.3,4.37,0.0
604,0,186,-0.8149999999999998,0.05913978494623656,138.4,4.37,0.0
605,1,320,0.31899999999998885,0.05625,138.6,4.37,0.0
606,0,179,-0.8219999999999998,0.055865921787709494,138.7,4.38,0.0
607,0,190,-0.8109999999999998,0.05789473684210526,138.8,4.38,0.0
608,0,183,-0.8179999999999998,0.060109289617486336,138.9,4.39,0.0
609,0,184,-0.8169999999999998,0.059782608695652176,139.0,4.39,0.0
610,0,188,-0.8129999999999998,0.05851063829787234,139.1,4.39,0.0
611,0,179,-0.8219999999999998,0.055865921787709494,139.2,4.40,0.0
612,3,579,2.5779999999999603,0.055267702936096716,139.5,4.40,0.0
613,3,579,2.5779999999999603,0.055267702936096716,139.8,4.39,0.0
614,5,859,4.858000000000036,0.05587892898719441,140.2,4.39,0.0
615,0,179,-0.8219999999999998,0.055865921787709494,140.3,4.39,0.0
616,3,579,2.5779999999999603,0.055267702936096716,140.6,4.39,0.0
617,1,314,0.3129999999999895,0.05732484076433121,140.8,4.39,0.0
618,0,191,-0.8099999999999998,0.05759162303664921,140.9,4.39,0.0
619,0,179,-0.8219999999999998,0.055865921787709494,141.0,4.40,0.0
620,2,446,1.444999999999975,0.05605381165919283,141.2,4.40,0.0
621,2,450,1.4489999999999745,0.05333333333333334,141.5,4.40,0.0
622,3,580,2.57899999999996,0.056896551724137934,141.8,4.39,0.0
623,0,179,-0.8219999999999998,0.055865921787709494,141.9,4.40,0.0
624,2,446,1.444999999999975,0.053811659192825115,142.1,4.40,0.0
625,0,179,-0.8219999999999998,0.055865921787709494,142.2,4.40,0.0
626,2,446,1.444999999999975,0.05605381165919283,142.4,4.40,0.0
627,2,353,1.3519999999999852,0.056657223796033995,142.6,4.40,0.0
628,0,182,-0.8189999999999998,0.06043956043956044,142.7,4.41,0.0
629,1,313,0.3119999999999896,0.054313099041533544,142.9,4.41,0.0
630,2,446,1.444999999999975,0.05605381165919283,143.1,4.41,0.0
631,3,587,2.5859999999999594,0.056218057921635436,143.4,4.41,0.0
632,4,742,3.740999999999998,0.05660377358490566,143.8,4.40,0.0
633,9,1379,9.377999999999888,0.05583756345177665,144.5,4.39,0.0
634,3,605,2.6039999999999575,0.05619834710743802,144.8,4.39,0.0
635,2,446,1.444999999999975,0.05605381165919283,145.0,4.39,0.0
636,0,187,-0.8139999999999998,0.058823529411764705,145.1,4.39,0.0
637,3,592,2.590999999999959,0.05574324324324324,145.4,4.39,0.0
638,5,846,4.845000000000032,0.05555555555555555,145.9,4.38,0.0
639,2,446,1.444999999999975,0.05605381165919283,146.1,4.38,0.0
640,0,182,-0.8189999999999998,0.06043956043956044,146.2,4.38,0.0
641,9,1379,9.377999999999888,0.05511240029006526,146.9,4.37,0.0
642,6,979,5.978000000000075,0.056179775280898875,147.4,4.36,0.0
643,1,313,0.3119999999999896,0.054313099041533544,147.6,4.36,0.0
644,3,592,2.590999999999959,0.05574324324324324,147.9,4.36,0.0
645,1,313,0.3119999999999896,0.054313099041533544,148.1,4.36,0.0
646,5,850,4.849000000000033,0.05647058823529412,148.5,4.36,0.0
647,1,313,0.3119999999999896,0.054313099041533544,148.7,4.36,0.0
648,0,179,-0.8219999999999998,0.055865921787709494,148.8,4.36,0.0
649,6,979,5.978000000000075,0.056179775280898875,149.3,4.35,0.0
650,0,179,-0.8219999999999998,0.055865921787709494,149.4,4.36,0.0
651,2,446,1.444999999999975,0.05605381165919283,149.6,4.36,0.0
652,0,192,-0.8089999999999998,0.057291666666666664,149.7,4.36,0.0
653,1,313,0.3119999999999896,0.05750798722044728,149.9,4.36,0.0
654,0,189,-0.8119999999999998,0.0582010582010582,150.0,4.37,0.0
655,3,579,2.5779999999999603,0.055267702936096716,150.3,4.37,0.0
656,2,450,1.4489999999999745,0.05333333333333334,150.5,4.37,0.0
657,3,579,2.5779999999999603,0.055267702936096716,150.8,4.36,0.0
658,1,313,0.3119999999999896,0.05750798722044728,151.0,4.37,0.0
659,1,339,0.33799999999998676,0.05604719764011799,151.2,4.37,0.0
660,1,313,0.3119999999999896,0.054313099041533544,151.3,4.37,0.0
661,3,579,2.5779999999999603,0.055267702936096716,151.6,4.37,0.0
662,1,313,0.3119999999999896,0.054313099041533544,151.8,4.37,0.0
663,1,338,0.33699999999998687,0.05621301775147929,152.0,4.37,0.0
664,9,1383,9.381999999999886,0.05567606652205351,152.7,4.36,0.0
665,2,446,1.444999999999975,0.05605381165919283,152.9,4.36,0.0
666,1,313,0.3119999999999896,0.05750798722044728,153.1,4.36,0.0
667,4,721,3.719999999999991,0.05409153952843273,153.5,4.35,0.0
668,1,313,0.3119999999999896,0.054313099041533544,153.6,4.35,0.0
669,1,313,0.3119999999999896,0.054313099041533544,153.8,4.36,0.0
670,2,455,1.453999999999974,0.05714285714285714,154.0,4.36,0.0
671,0,189,-0.8119999999999998,0.0582010582010582,154.1,4.36,0.0
672,0,192,-0.8089999999999998,0.057291666666666664,154.2,4.36,0.0
673,2,459,1.4579999999999735,0.05664488017429194,154.5,4.36,0.0
674,2,446,1.444999999999975,0.05605381165919283,154.7,4.36,0.0
675,7,1120,7.119000000000032,0.05625,155.3,4.35,0.0
676,1,320,0.31899999999998885,0.053125,155.5,4.35,0.0
677,3,585,2.5839999999999597,0.05641025641025641,155.8,4.35,0.0
678,4,713,3.711999999999988,0.0546984572230014,156.2,4.35,0.0
679,0,179,-0.8219999999999998,0.055865921787709494,156.3,4.35,0.0
680,1,337,0.335999999999987,0.05637982195845697,156.4,4.35,0.0
681,0,179,-0.8219999999999998,0.055865921787709494,156.5,4.36,0.0
682,6,979,5.978000000000075,0.056179775280898875,157.1,4.35,0.0
683,0,179,-0.8219999999999998,0.055865921787709494,157.2,4.35,0.0
684,1,313,0.3119999999999896,0.054313099041533544,157.3,4.35,0.0
685,6,979,5.978000000000075,0.05515832482124617,157.8,4.35,0.0
686,0,179,-0.8219999999999998,0.055865921787709494,157.9,4.35,0.0
687,5,846,4.845000000000032,0.05555555555555555,158.4,4.34,0.0
688,2,446,1.444999999999975,0.05605381165919283,158.6,4.34,0.0
689,0,182,-0.8189999999999998,0.06043956043956044,158.7,4.35,0.0
690,7,1113,7.112000000000036,0.055705300988319856,159.3,4.34,0.0
691,0,179,-0.8219999999999998,0.055865921787709494,159.4,4.34,0.0
692,8,1246,8.244999999999962,0.05537720706260032,160.0,4.33,0.0
693,0,179,-0.8219999999999998,0.055865921787709494,160.1,4.33,0.0
694,2,446,1.444999999999975,0.053811659192825115,160.4,4.33,0.0
695,6,1002,6.001000000000083,0.05588822355289421,160.9,4.33,0.0
696,4,713,3.711999999999988,0.056100981767180924,161.3,4.32,0.0
697,1,313,0.3119999999999896,0.054313099041533544,161.4,4.32,0.0
698,3,613,2.6119999999999566,0.053833605220228384,161.7,4.32,0.0
699,0,179,-0.8219999999999998,0.055865921787709494,161.8,4.33,0.0
700,0,196,-0.8049999999999998,0.05102040816326531,161.9,4.33,0.0
701,0,188,-0.8129999999999998,0.05851063829787234,162.0,4.33,0.0
702,6,979,5.978000000000075,0.056179775280898875,162.5,4.33,0.0
703,4,719,3.71799999999999,0.054242002781641166,162.9,4.32,0.0
704,1,331,0.32999999999998764,0.05740181268882175,163.1,4.32,0.0
705,2,455,1.453999999999974,0.05714285714285714,163.3,4.32,0.0
706,4,713,3.711999999999988,0.056100981767180924,163.7,4.32,0.0
707,0,179,-0.8219999999999998,0.055865921787709494,163.8,4.32,0.0
708,2,479,1.4779999999999713,0.05636743215031315,164.0,4.32,0.0
709,1,313,0.3119999999999896,0.054313099041533544,164.2,4.32,0.0
710,0,186,-0.8149999999999998,0.05913978494623656,164.3,4.33,0.0
711,5,846,4.845000000000032,0.05555555555555555,164.7,4.32,0.0
712,7,1113,7.112000000000036,0.055705300988319856,165.3,4.31,0.0
713,1,313,0.3119999999999896,0.054313099041533544,165.5,4.32,0.0
714,0,179,-0.8219999999999998,0.055865921787709494,165.6,4.32,0.0
715,1,313,0.3119999999999896,0.05750798722044728,165.7,4.32,0.0
716,4,713,3.711999999999988,0.056100981767180924,166.1,4.32,0.0
717,0,200,-0.8009999999999998,0.05,166.2,4.32,0.0
718,1,221,0.21999999999999975,0.049773755656108594,166.3,4.32,0.0
719,4,713,3.711999999999988,0.056100981767180924,166.7,4.32,0.0
720,0,179,-0.8219999999999998,0.055865921787709494,166.8,4.32,0.0
721,0,194,-0.8069999999999998,0.05670103092783505,166.9,4.33,0.0
722,0,189,-0.8119999999999998,0.0582010582010582,167.0,4.33,0.0
723,2,456,1.4549999999999739,0.05701754385964912,167.2,4.33,0.0
724,0,179,-0.8219999999999998,0.05027932960893855,167.3,4.33,0.0
725,4,713,3.711999999999988,0.056100981767180924,167.7,4.33,0.0
726,1,313,0.3119999999999896,0.054313099041533544,167.8,4.33,0.0
727,1,313,0.3119999999999896,0.05750798722044728,168.0,4.33,0.0
728,2,446,1.444999999999975,0.05605381165919283,168.2,4.33,0.0
729,2,446,1.444999999999975,0.05605381165919283,168.5,4.33,0.0
730,1,315,0.3139999999999894,0.05714285714285714,168.6,4.34,0.0
731,2,464,1.462999999999973,0.05603448275862069,168.8,4.34,0.0
732,3,579,2.5779999999999603,0.055267702936096716,169.2,4.33,0.0
733,4,731,3.729999999999994,0.0560875512995896,169.5,4.33,0.0
734,1,313,0.3119999999999896,0.054313099041533544,169.7,4.33,0.0
735,0,179,-0.8219999999999998,0.055865921787709494,169.8,4.34,0.0
736,0,192,-0.8089999999999998,0.057291666666666664,169.9,4.34,0.0
737,0,179,-0.8219999999999998,0.055865921787709494,170.0,4.34,0.0
738,2,446,1.444999999999975,0.05605381165919283,170.2,4.34,0.0
739,3,579,2.5779999999999603,0.055267702936096716,170.5,4.34,0.0
740,1,313,0.3119999999999896,0.054313099041533544,170.7,4.34,0.0
741,8,1246,8.244999999999962,0.05537720706260032,171.3,4.33,0.0
742,1,219,0.21799999999999997,0.0593607305936073,171.4,4.33,0.0
743,1,313,0.3119999999999896,0.054313099041533544,171.6,4.34,0.0
744,2,446,1.444999999999975,0.05605381165919283,171.8,4.34,0.0
745,0,188,-0.8129999999999998,0.05851063829787234,171.9,4.34,0.0
746,3,609,2.607999999999957,0.05582922824302135,172.2,4.34,0.0
747,3,579,2.5779999999999603,0.055267702936096716,172.5,4.34,0.0
748,1,313,0.3119999999999896,0.054313099041533544,172.7,4.34,0.0
749,0,179,-0.8219999999999998,0.055865921787709494,172.8,4.34,0.0
750,2,446,1.444999999999975,0.05605381165919283,173.0,4.34,0.0
751,1,336,0.3349999999999871,0.05654761904761905,173.2,4.34,0.0
752,3,579,2.5779999999999603,0.055267702936096716,173.5,4.34,0.0
753,0,179,-0.8219999999999998,0.055865921787709494,173.6,4.34,0.0
754,1,332,0.3309999999999875,0.0572289156626506,173.8,4.34,0.0
755,2,454,1.452999999999974,0.05726872246696035,174.0,4.34,0.0
756,0,179,-0.8219999999999998,0.055865921787709494,174.1,4.35,0.0
757,4,713,3.711999999999988,0.056100981767180924,174.5,4.34,0.0
758,3,587,2.5859999999999594,0.056218057921635436,174.8,4.34,0.0
759,3,594,2.5929999999999587,0.05387205387205387,175.1,4.34,0.0
760,1,318,0.31699999999998907,0.05660377358490566,175.3,4.34,0.0
761,2,446,1.444999999999975,0.05605381165919283,175.5,4.34,0.0
762,1,318,0.31699999999998907,0.05660377358490566,175.7,4.34,0.0
763,6,979,5.978000000000075,0.05515832482124617,176.2,4.34,0.0
764,6,979,5.978000000000075,0.05515832482124617,176.7,4.33,0.0
765,0,179,-0.8219999999999998,0.055865921787709494,176.9,4.33,0.0
766,0,193,-0.8079999999999998,0.05699481865284974,177.0,4.33,0.0
767,0,188,-0.8129999999999998,0.05851063829787234,177.1,4.34,0.0
768,3,579,2.5779999999999603,0.055267702936096716,177.4,4.34,0.0
769,3,579,2.5779999999999603,0.055267702936096716,177.7,4.33,0.0
770,1,313,0.3119999999999896,0.054313099041533544,177.9,4.33,0.0
771,1,341,0.33999999999998654,0.05278592375366569,178.1,4.34,0.0
772,3,579,2.5779999999999603,0.055267702936096716,178.4,4.33,0.0
773,1,313,0.3119999999999896,0.05750798722044728,178.6,4.33,0.0
774,1,313,0.3119999999999896,0.05750798722044728,178.7,4.34,0.0
775,3,580,2.57899999999996,0.056896551724137934,179.1,4.33,0.0
776,2,446,1.444999999999975,0.053811659192825115,179.3,4.33,0.0
777,1,313,0.3119999999999896,0.054313099041533544,179.5,4.34,0.0
778,1,313,0.3119999999999896,0.05750798722044728,179.6,4.34,0.0
779,2,446,1.444999999999975,0.05605381165919283,179.8,4.34,0.0
780,1,313,0.3119999999999896,0.054313099041533544,180.0,4.34,0.0
781,4,749,3.748,0.056074766355140186,180.4,4.33,0.0
782,1,342,0.3409999999999864,0.05263157894736842,180.6,4.34,0.0
783,0,179,-0.8219999999999998,0.05027932960893855,180.7,4.34,0.0
784,0,179,-0.8219999999999998,0.055865921787709494,180.8,4.34,0.0
785,1,317,0.3159999999999892,0.056782334384858045,180.9,4.34,0.0
786,1,313,0.3119999999999896,0.054313099041533544,181.1,4.35,0.0
787,1,313,0.3119999999999896,0.054313099041533544,181.3,4.35,0.0
788,1,313,0.3119999999999896,0.054313099041533544,181.5,4.35,0.0
789,6,979,5.978000000000075,0.056179775280898875,182.0,4.34,0.0
790,4,713,3.711999999999988,0.056100981767180924,182.4,4.34,0.0
791,0,196,-0.8049999999999998,0.05102040816326531,182.5,4.34,0.0
792,1,313,0.3119999999999896,0.054313099041533544,182.6,4.34,0.0
793,3,579,2.5779999999999603,0.055267702936096716,182.9,4.34,0.0
794,3,579,2.5779999999999603,0.055267702936096716,183.2,4.34,0.0
795,1,319,0.31799999999998896,0.05329153605015674,183.4,4.34,0.0
796,2,446,1.444999999999975,0.05605381165919283,183.6,4.34,0.0
797,4,722,3.720999999999991,0.054016620498614956,184.0,4.34,0.0
798,0,209,-0.7919999999999998,0.05741626794258373,184.1,4.34,0.0
799,2,446,1.444999999999975,0.05605381165919283,184.3,4.34,0.0
800,0,206,-0.7949999999999998,0.05825242718446602,184.5,4.34,0.0
801,4,713,3.711999999999988,0.056100981767180924,184.8,4.34,0.0
802,0,180,-0.8209999999999998,0.05,184.9,4.34,0.0
803,1,318,0.31699999999998907,0.05660377358490566,185.1,4.34,0.0
804,1,313,0.3119999999999896,0.054313099041533544,185.3,4.35,0.0
805,3,579,2.5779999999999603,0.055267702936096716,185.6,4.34,0.0
806,2,459,1.4579999999999735,0.05664488017429194,185.8,4.34,0.0
807,0,179,-0.8219999999999998,0.055865921787709494,185.9,4.35,0.0
808,2,470,1.4689999999999723,0.05531914893617021,186.2,4.35,0.0
809,2,446,1.444999999999975,0.053811659192825115,186.4,4.35,0.0
810,4,749,3.748,0.056074766355140186,186.8,4.34,0.0
811,1,218,0.21700000000000008,0.05045871559633028,186.9,4.34,0.0
812,0,186,-0.8149999999999998,0.05913978494623656,187.0,4.35,0.0
813,5,858,4.857000000000036,0.055944055944055944,187.5,4.34,0.0
814,4,713,3.711999999999988,0.056100981767180924,187.8,4.34,0.0
815,2,483,2.481999999999971,0.055900621118012424,188.1,4.34,0.0
816,0,179,-0.8219999999999998,0.055865921787709494,188.2,4.34,0.0
817,8,1246,8.244999999999962,0.05537720706260032,188.8,4.33,0.0
818,0,190,-0.8109999999999998,0.05789473684210526,188.9,4.33,0.0
819,0,179,-0.8219999999999998,0.055865921787709494,189.0,4.34,0.0
820,3,602,2.600999999999958,0.05647840531561462,189.4,4.34,0.0
821,1,313,0.3119999999999896,0.054313099041533544,189.5,4.34,0.0
822,8,1246,8.244999999999962,0.05457463884430177,190.2,4.33,0.0
823,0,179,-0.8219999999999998,0.055865921787709494,190.3,4.33,0.0
824,1,317,0.3159999999999892,0.056782334384858045,190.4,4.33,0.0
825,2,459,1.4579999999999735,0.05664488017429194,190.7,4.33,0.0
826,4,713,3.711999999999988,0.0546984572230014,191.1,4.33,0.0
827,3,579,2.5779999999999603,0.055267702936096716,191.4,4.33,0.0
828,0,179,-0.8219999999999998,0.055865921787709494,191.5,4.33,0.0
829,0,209,-0.7919999999999998,0.05741626794258373,191.6,4.33,0.0
830,5,851,4.850000000000033,0.0564042303172738,192.1,4.33,0.0
831,3,579,2.5779999999999603,0.05699481865284974,192.4,4.33,0.0
832,0,193,-0.8079999999999998,0.05699481865284974,192.5,4.33,0.0
833,2,446,1.444999999999975,0.05605381165919283,192.7,4.33,0.0
834,2,352,1.3509999999999853,0.056818181818181816,192.9,4.33,0.0
835,3,579,2.5779999999999603,0.055267702936096716,193.2,4.33,0.0
836,1,313,0.3119999999999896,0.054313099041533544,193.3,4.33,0.0
837,0,179,-0.8219999999999998,0.055865921787709494,193.4,4.33,0.0
838,2,446,1.444999999999975,0.05605381165919283,193.7,4.33,0.0
839,2,446,1.444999999999975,0.05605381165919283,193.9,4.33,0.0
840,2,446,1.444999999999975,0.05605381165919283,194.1,4.33,0.0
841,1,335,0.3339999999999872,0.056716417910447764,194.3,4.33,0.0
842,0,179,-0.8219999999999998,0.055865921787709494,194.4,4.34,0.0
843,6,979,5.978000000000075,0.05515832482124617,194.9,4.33,0.0
844,1,313,0.3119999999999896,0.054313099041533544,195.1,4.33,0.0
845,3,579,2.5779999999999603,0.055267702936096716,195.4,4.33,0.0
846,1,313,0.3119999999999896,0.054313099041533544,195.5,4.33,0.0
847,1,313,0.3119999999999896,0.05750798722044728,195.7,4.33,0.0
848,1,313,0.3119999999999896,0.05750798722044728,195.9,4.33,0.0
849,6,989,5.988000000000079,0.054600606673407485,196.4,4.33,0.0
850,0,188,-0.8129999999999998,0.05851063829787234,196.5,4.33,0.0
851,0,179,-0.8219999999999998,0.05027932960893855,196.5,4.33,0.0
852,5,846,4.845000000000032,0.05555555555555555,197.0,4.33,0.0
853,1,329,0.32799999999998786,0.0547112462006079,197.2,4.33,0.0
854,0,192,-0.8089999999999998,0.052083333333333336,197.3,4.33,0.0
855,1,336,0.3349999999999871,0.05654761904761905,197.4,4.34,0.0
856,0,184,-0.8169999999999998,0.059782608695652176,197.5,4.34,0.0
857,4,713,3.711999999999988,0.056100981767180924,197.9,4.34,0.0
858,2,456,1.4549999999999739,0.05701754385964912,198.1,4.34,0.0
859,1,332,0.3309999999999875,0.0572289156626506,198.3,4.34,0.0
860,0,200,-0.8009999999999998,0.05,198.4,4.34,0.0
861,1,318,0.31699999999998907,0.05660377358490566,198.6,4.34,0.0
862,1,313,0.3119999999999896,0.054313099041533544,198.7,4.34,0.0
863,0,179,-0.8219999999999998,0.055865921787709494,198.8,4.35,0.0
864,0,179,-0.8219999999999998,0.055865921787709494,198.9,4.35,0.0
865,5,846,4.845000000000032,0.05555555555555555,199.4,4.34,0.0
866,1,313,0.3119999999999896,0.05750798722044728,199.5,4.35,0.0
867,3,587,2.5859999999999594,0.056218057921635436,199.8,4.34,0.0
868,0,179,-0.8219999999999998,0.055865921787709494,199.9,4.35,0.0
869,2,446,1.444999999999975,0.05605381165919283,200.2,4.35,0.0
870,1,313,0.3119999999999896,0.05750798722044728,200.3,4.35,0.0
871,6,979,5.978000000000075,0.05515832482124617,200.8,4.34,0.0
872,5,846,4.845000000000032,0.05555555555555555,201.3,4.34,0.0
873,5,752,4.751,0.05452127659574468,201.7,4.33,0.0
874,2,446,1.444999999999975,0.05605381165919283,201.9,4.33,0.0
875,0,181,-0.8199999999999998,0.049723756906077346,202.0,4.34,0.0
876,2,446,1.444999999999975,0.05605381165919283,202.3,4.34,0.0
877,0,193,-0.8079999999999998,0.05699481865284974,202.4,4.34,0.0
878,8,1246,8.244999999999962,0.05537720706260032,203.0,4.33,0.0
879,0,179,-0.8219999999999998,0.055865921787709494,203.1,4.33,0.0
880,1,313,0.3119999999999896,0.054313099041533544,203.3,4.33,0.0
881,0,189,-0.8119999999999998,0.0582010582010582,203.4,4.34,0.0
882,0,184,-0.8169999999999998,0.059782608695652176,203.5,4.34,0.0
883,0,185,-0.8159999999999998,0.05945945945945946,203.5,4.34,0.0
884,0,179,-0.8219999999999998,0.055865921787709494,203.6,4.35,0.0
885,0,179,-0.8219999999999998,0.055865921787709494,203.7,4.35,0.0
886,1,313,0.3119999999999896,0.054313099041533544,203.9,4.35,0.0
887,3,583,2.58199999999996,0.05660377358490566,204.2,4.35,0.0
888,0,196,-0.8049999999999998,0.05612244897959184,204.3,4.35,0.0
889,0,191,-0.8099999999999998,0.05759162303664921,204.4,4.35,0.0
890,6,979,5.978000000000075,0.056179775280898875,204.9,4.35,0.0
891,3,579,2.5779999999999603,0.055267702936096716,205.2,4.35,0.0
892,0,179,-0.8219999999999998,0.055865921787709494,205.3,4.35,0.0
893,2,456,1.4549999999999739,0.05701754385964912,205.5,4.35,0.0
894,2,446,1.444999999999975,0.053811659192825115,205.8,4.35,0.0
895,0,179,-0.8219999999999998,0.055865921787709494,205.9,4.35,0.0
896,4,713,3.711999999999988,0.0546984572230014,206.2,4.35,0.0
897,1,328,0.32699999999998797,0.057926829268292686,206.4,4.35,0.0
898,1,315,0.3139999999999894,0.05714285714285714,206.6,4.35,0.0
899,1,337,0.335999999999987,0.05637982195845697,206.8,4.35,0.0
900,3,579,2.5779999999999603,0.055267702936096716,207.1,4.35,0.0
901,1,313,0.3119999999999896,0.05750798722044728,207.2,4.35,0.0
902,0,187,-0.8139999999999998,0.058823529411764705,207.3,4.36,0.0
903,0,192,-0.8089999999999998,0.057291666666666664,207.4,4.36,0.0
904,2,461,1.4599999999999733,0.05639913232104121,207.7,4.36,0.0
905,3,587,2.5859999999999594,0.056218057921635436,208.0,4.36,0.0
906,3,579,2.5779999999999603,0.055267702936096716,208.3,4.35,0.0
907,5,846,4.845000000000032,0.05555555555555555,208.7,4.35,0.0
908,3,589,2.587999999999959,0.05602716468590832,209.0,4.35,0.0
909,1,332,0.3309999999999875,0.0572289156626506,209.2,4.35,0.0
910,1,334,0.3329999999999873,0.05688622754491018,209.4,4.35,0.0
911,6,999,5.998000000000082,0.056056056056056056,209.9,4.35,0.0
912,2,454,1.452999999999974,0.05726872246696035,210.1,4.34,0.0
913,0,186,-0.8149999999999998,0.05913978494623656,210.2,4.35,0.0
914,2,479,1.4779999999999713,0.05636743215031315,210.5,4.35,0.0
915,2,446,1.444999999999975,0.05605381165919283,210.7,4.35,0.0
916,2,477,1.4759999999999716,0.05660377358490566,211.0,4.35,0.0
917,1,313,0.3119999999999896,0.054313099041533544,211.1,4.35,0.0
918,2,446,1.444999999999975,0.05605381165919283,211.4,4.35,0.0
919,0,179,-0.8219999999999998,0.055865921787709494,211.5,4.35,0.0
920,0,179,-0.8219999999999998,0.055865921787709494,211.6,4.35,0.0
921,1,313,0.3119999999999896,0.054313099041533544,211.7,4.35,0.0
922,1,318,0.31699999999998907,0.05660377358490566,211.9,4.36,0.0
923,0,192,-0.8089999999999998,0.057291666666666664,212.0,4.36,0.0
924,1,313,0.3119999999999896,0.054313099041533544,212.2,4.36,0.0
925,2,446,1.444999999999975,0.05605381165919283,212.4,4.36,0.0
926,4,713,3.711999999999988,0.056100981767180924,212.8,4.36,0.0
927,0,179,-0.8219999999999998,0.055865921787709494,212.9,4.36,0.0
928,4,713,3.711999999999988,0.056100981767180924,213.3,4.36,0.0
929,3,579,2.5779999999999603,0.055267702936096716,213.6,4.35,0.0
930,4,715,3.713999999999989,0.055944055944055944,214.0,4.35,0.0
931,2,453,1.4519999999999742,0.05739514348785872,214.3,4.35,0.0
932,4,713,3.711999999999988,0.056100981767180924,214.6,4.35,0.0
933,1,313,0.3119999999999896,0.054313099041533544,214.8,4.35,0.0
934,0,179,-0.8219999999999998,0.055865921787709494,214.9,4.35,0.0
935,3,585,2.5839999999999597,0.05641025641025641,215.2,4.35,0.0
936,3,585,2.5839999999999597,0.05641025641025641,215.5,4.35,0.0
937,2,446,1.444999999999975,0.05605381165919283,215.8,4.35,0.0
938,2,446,1.444999999999975,0.05605381165919283,216.0,4.35,0.0
939,14,2000,15.998999999999544,0.0555,217.0,4.33,0.0
940,5,846,4.845000000000032,0.054373522458628844,217.5,4.33,0.0
941,0,194,-0.8069999999999998,0.05670103092783505,217.6,4.33,0.0
942,2,473,1.471999999999972,0.05708245243128964,217.8,4.33,0.0
943,0,179,-0.8219999999999998,0.055865921787709494,217.9,4.33,0.0
944,4,713,3.711999999999988,0.0546984572230014,218.3,4.33,0.0
945,2,450,1.4489999999999745,0.05333333333333334,218.5,4.33,0.0
946,1,321,0.31999999999998874,0.056074766355140186,218.7,4.33,0.0
947,1,313,0.3119999999999896,0.054313099041533544,218.8,4.33,0.0
948,3,582,2.58099999999996,0.05670103092783505,219.1,4.33,0.0
949,1,313,0.3119999999999896,0.054313099041533544,219.3,4.33,0.0
950,0,179,-0.8219999999999998,0.055865921787709494,219.4,4.33,0.0
951,0,205,-0.7959999999999998,0.05853658536585366,219.5,4.34,0.0
952,0,189,-0.8119999999999998,0.0582010582010582,219.6,4.34,0.0
953,0,179,-0.8219999999999998,0.055865921787709494,219.7,4.34,0.0
954,2,446,1.444999999999975,0.05605381165919283,219.9,4.34,0.0
955,0,192,-0.8089999999999998,0.057291666666666664,220.0,4.35,0.0
956,2,446,1.444999999999975,0.053811659192825115,220.3,4.35,0.0
957,0,201,-0.7999999999999998,0.05970149253731343,220.4,4.35,0.0
958,0,179,-0.8219999999999998,0.055865921787709494,220.4,4.35,0.0
959,3,587,2.5859999999999594,0.056218057921635436,220.8,4.35,0.0
960,0,195,-0.8059999999999998,0.05641025641025641,220.9,4.35,0.0
961,5,850,4.849000000000033,0.05647058823529412,221.3,4.35,0.0
962,0,187,-0.8139999999999998,0.058823529411764705,221.4,4.35,0.0
963,3,579,2.5779999999999603,0.055267702936096716,221.7,4.35,0.0
964,1,221,0.21999999999999975,0.058823529411764705,221.8,4.35,0.0
965,4,713,3.711999999999988,0.056100981767180924,222.2,4.35,0.0
966,1,323,0.3219999999999885,0.05572755417956656,222.4,4.35,0.0
967,0,179,-0.8219999999999998,0.055865921787709494,222.5,4.35,0.0
968,2,446,1.444999999999975,0.05605381165919283,222.7,4.35,0.0
969,1,313,0.3119999999999896,0.054313099041533544,222.9,4.35,0.0
970,0,179,-0.8219999999999998,0.055865921787709494,222.9,4.36,0.0
971,0,193,-0.8079999999999998,0.05699481865284974,223.0,4.36,0.0
972,0,191,-0.8099999999999998,0.05759162303664921,223.1,4.36,0.0
973,2,457,1.4559999999999738,0.05689277899343545,223.4,4.36,0.0
974,3,590,2.588999999999959,0.05593220338983051,223.7,4.36,0.0
975,0,179,-0.8219999999999998,0.055865921787709494,223.8,4.36,0.0
976,3,579,2.5779999999999603,0.055267702936096716,224.1,4.36,0.0
977,2,453,1.4519999999999742,0.05739514348785872,224.3,4.36,0.0
978,1,313,0.3119999999999896,0.054313099041533544,224.5,4.36,0.0
979,0,186,-0.8149999999999998,0.05913978494623656,224.6,4.36,0.0
980,1,313,0.3119999999999896,0.054313099041533544,224.7,4.36,0.0
981,9,1392,9.390999999999881,0.05603448275862069,225.5,4.36,0.0
982,2,446,1.444999999999975,0.05605381165919283,225.7,4.36,0.0
983,0,184,-0.8169999999999998,0.059782608695652176,225.8,4.36,0.0
984,6,979,5.978000000000075,0.056179775280898875,226.3,4.35,0.0
985,0,179,-0.8219999999999998,0.055865921787709494,226.4,4.36,0.0
986,2,351,1.3499999999999854,0.05698005698005698,226.6,4.36,0.0
987,1,313,0.3119999999999896,0.054313099041533544,226.7,4.36,0.0
988,4,713,3.711999999999988,0.056100981767180924,227.1,4.35,0.0
989,3,583,2.58199999999996,0.05660377358490566,227.4,4.35,0.0
990,0,179,-0.8219999999999998,0.055865921787709494,227.5,4.36,0.0
991,6,979,5.978000000000075,0.05515832482124617,228.0,4.35,0.0
992,0,179,-0.8219999999999998,0.055865921787709494,228.1,4.35,0.0
993,2,354,1.352999999999985,0.05649717514124294,228.3,4.35,0.0
994,0,189,-0.8119999999999998,0.0582010582010582,228.4,4.36,0.0
995,2,447,1.4459999999999749,0.05592841163310962,228.6,4.36,0.0
996,1,321,0.31999999999998874,0.056074766355140186,228.8,4.36,0.0
997,0,191,-0.8099999999999998,0.05759162303664921,228.9,4.36,0.0
998,3,591,2.589999999999959,0.05583756345177665,229.2,4.36,0.0
999,1,313,0.3119999999999896,0.054313099041533544,229.4,4.36,0.0
1000,0,184,-0.8169999999999998,0.059782608695652176,229.5,4.36,0.0
1001,3,579,2.5779999999999603,0.055267702936096716,232.8,4.30,0.0
1002,0,179,-0.8219999999999998,0.055865921787709494,232.9,4.31,0.0
1003,9,1389,9.387999999999883,0.056155507559395246,233.6,4.30,0.0
1004,1,313,0.3119999999999896,0.054313099041533544,233.8,4.30,0.0
1005,3,579,2.5779999999999603,0.055267702936096716,234.1,4.30,0.0
1006,0,179,-0.8219999999999998,0.055865921787709494,234.2,4.30,0.0
1007,1,313,0.3119999999999896,0.054313099041533544,234.3,4.30,0.0
1008,1,313,0.3119999999999896,0.054313099041533544,234.5,4.30,0.0
1009,4,730,3.728999999999994,0.056164383561643834,234.9,4.30,0.0
1010,1,319,0.31799999999998896,0.05642633228840126,235.1,4.30,0.0
1011,2,446,1.444999999999975,0.05605381165919283,235.3,4.30,0.0
1012,2,446,1.444999999999975,0.05605381165919283,235.5,4.30,0.0
1013,1,336,0.3349999999999871,0.05654761904761905,235.7,4.30,0.0
1014,2,446,1.444999999999975,0.05605381165919283,235.9,4.30,0.0
1015,2,446,1.444999999999975,0.05605381165919283,236.2,4.30,0.0
1016,2,446,1.444999999999975,0.05605381165919283,236.4,4.30,0.0
1017,2,446,1.444999999999975,0.05605381165919283,236.6,4.30,0.0
1018,2,446,1.444999999999975,0.053811659192825115,236.9,4.30,0.0
1019,0,187,-0.8139999999999998,0.058823529411764705,237.0,4.30,0.0
1020,0,210,-0.7909999999999998,0.05714285714285714,237.1,4.31,0.0
1021,0,191,-0.8099999999999998,0.05759162303664921,237.2,4.31,0.0
1022,5,874,4.873000000000041,0.05606407322654462,237.6,4.31,0.0
1023,2,447,1.4459999999999749,0.05592841163310962,237.9,4.30,0.0
1024,1,313,0.3119999999999896,0.054313099041533544,238.0,4.31,0.0
1025,1,322,0.32099999999998863,0.055900621118012424,238.2,4.31,0.0
1026,2,454,1.452999999999974,0.05726872246696035,238.4,4.31,0.0
1027,3,582,2.58099999999996,0.05670103092783505,238.7,4.31,0.0
1028,3,579,2.5779999999999603,0.055267702936096716,239.0,4.31,0.0
1029,3,579,2.5779999999999603,0.055267702936096716,239.3,4.30,0.0
1030,1,338,0.33699999999998687,0.05621301775147929,239.5,4.30,0.0
1031,3,585,2.5839999999999597,0.05641025641025641,239.8,4.30,0.0
1032,1,315,0.3139999999999894,0.05714285714285714,240.0,4.30,0.0
1033,5,846,4.845000000000032,0.05555555555555555,240.4,4.30,0.0
1034,1,313,0.3119999999999896,0.054313099041533544,240.6,4.30,0.0
1035,1,313,0.3119999999999896,0.054313099041533544,240.7,4.30,0.0
1036,1,313,0.3119999999999896,0.054313099041533544,240.9,4.30,0.0
1037,0,193,-0.8079999999999998,0.05699481865284974,241.0,4.31,0.0
1038,1,313,0.3119999999999896,0.054313099041533544,241.2,4.31,0.0
1039,0,179,-0.8219999999999998,0.055865921787709494,241.3,4.31,0.0
1040,0,189,-0.8119999999999998,0.0582010582010582,241.4,4.31,0.0
1041,4,731,3.729999999999994,0.0560875512995896,241.8,4.31,0.0
1042,2,446,1.444999999999975,0.05605381165919283,242.0,4.31,0.0
1043,3,593,2.591999999999959,0.05564924114671164,242.3,4.31,0.0
1044,2,446,1.444999999999975,0.05605381165919283,242.6,4.31,0.0
1045,3,587,2.5859999999999594,0.056218057921635436,242.9,4.31,0.0
1046,1,319,0.31799999999998896,0.05642633228840126,243.0,4.31,0.0
1047,0,179,-0.8219999999999998,0.055865921787709494,243.1,4.31,0.0
1048,3,579,2.5779999999999603,0.055267702936096716,243.4,4.31,0.0
1049,1,336,0.3349999999999871,0.05654761904761905,243.6,4.31,0.0
1050,1,313,0.3119999999999896,0.054313099041533544,243.8,4.31,0.0
1051,0,179,-0.8219999999999998,0.055865921787709494,243.9,4.31,0.0
1052,0,179,-0.8219999999999998,0.055865921787709494,244.0,4.32,0.0
1053,3,579,2.5779999999999603,0.05699481865284974,244.3,4.31,0.0
1054,2,446,1.444999999999975,0.05605381165919283,244.5,4.32,0.0
1055,2,446,1.444999999999975,0.05605381165919283,244.7,4.32,0.0
1056,5,846,4.845000000000032,0.05555555555555555,245.2,4.31,0.0
1057,2,446,1.444999999999975,0.05605381165919283,245.4,4.31,0.0
1058,3,579,2.5779999999999603,0.055267702936096716,245.7,4.31,0.0
1059,2,446,1.444999999999975,0.05605381165919283,245.9,4.31,0.0
1060,4,713,3.711999999999988,0.056100981767180924,246.3,4.31,0.0
1061,1,313,0.3119999999999896,0.054313099041533544,246.5,4.31,0.0
1062,0,186,-0.8149999999999998,0.05913978494623656,246.6,4.31,0.0
1063,3,579,2.5779999999999603,0.055267702936096716,246.9,4.31,0.0
1064,1,316,0.3149999999999893,0.056962025316455694,247.0,4.31,0.0
1065,2,446,1.444999999999975,0.05605381165919283,247.3,4.31,0.0
1066,2,459,1.4579999999999735,0.05664488017429194,247.5,4.31,0.0
1067,3,589,2.587999999999959,0.05602716468590832,247.8,4.31,0.0
1068,0,179,-0.8219999999999998,0.055865921787709494,247.9,4.31,0.0
1069,0,179,-0.8219999999999998,0.055865921787709494,248.0,4.31,0.0
1070,3,579,2.5779999999999603,0.055267702936096716,248.3,4.31,0.0
1071,2,467,1.4659999999999727,0.055674518201284794,248.6,4.31,0.0
1072,2,473,1.471999999999972,0.05708245243128964,248.8,4.31,0.0
1073,4,723,3.7219999999999915,0.056708160442600276,249.2,4.31,0.0
1074,0,206,-0.7949999999999998,0.05825242718446602,249.3,4.31,0.0
1075,2,446,1.444999999999975,0.05605381165919283,249.6,4.31,0.0
1076,2,462,1.4609999999999732,0.05627705627705628,249.8,4.31,0.0
1077,0,189,-0.8119999999999998,0.0582010582010582,249.9,4.31,0.0
1078,7,1113,7.112000000000036,0.05480682839173405,250.5,4.31,0.0
1079,1,339,0.33799999999998676,0.05604719764011799,250.7,4.31,0.0
1080,0,193,-0.8079999999999998,0.05699481865284974,250.8,4.31,0.0
1081,0,179,-0.8219999999999998,0.055865921787709494,250.9,4.31,0.0
1082,2,446,1.444999999999975,0.05605381165919283,251.1,4.31,0.0
1083,2,446,1.444999999999975,0.05605381165919283,251.3,4.31,0.0
1084,1,313,0.3119999999999896,0.054313099041533544,251.5,4.31,0.0
1085,0,186,-0.8149999999999998,0.05913978494623656,251.6,4.32,0.0
1086,3,579,2.5779999999999603,0.055267702936096716,251.9,4.32,0.0
1087,6,1001,6.000000000000083,0.055944055944055944,252.4,4.31,0.0
1088,0,206,-0.7949999999999998,0.05825242718446602,252.6,4.31,0.0
1089,0,187,-0.8139999999999998,0.058823529411764705,252.6,4.31,0.0
1090,0,188,-0.8129999999999998,0.05851063829787234,252.7,4.32,0.0
1091,2,458,1.4569999999999736,0.056768558951965066,253.0,4.32,0.0
1092,4,713,3.711999999999988,0.056100981767180924,253.4,4.31,0.0
1093,1,313,0.3119999999999896,0.054313099041533544,253.5,4.32,0.0
1094,3,579,2.5779999999999603,0.055267702936096716,253.8,4.31,0.0
1095,3,582,2.58099999999996,0.05670103092783505,254.1,4.31,0.0
1096,2,446,1.444999999999975,0.05605381165919283,254.4,4.31,0.0
1097,0,189,-0.8119999999999998,0.0582010582010582,254.5,4.31,0.0
1098,0,185,-0.8159999999999998,0.05945945945945946,254.6,4.32,0.0
1099,1,313,0.3119999999999896,0.054313099041533544,254.7,4.32,0.0
1100,3,579,2.5779999999999603,0.055267702936096716,255.0,4.32,0.0
1101,0,188,-0.8129999999999998,0.05851063829787234,255.1,4.32,0.0
1102,5,846,4.845000000000032,0.05555555555555555,255.6,4.32,0.0
1103,0,193,-0.8079999999999998,0.05699481865284974,255.7,4.32,0.0
1104,1,316,0.3149999999999893,0.056962025316455694,255.8,4.32,0.0
1105,3,589,2.587999999999959,0.05602716468590832,256.2,4.32,0.0
1106,0,179,-0.8219999999999998,0.055865921787709494,256.2,4.32,0.0
1107,9,1393,9.39199999999988,0.05599425699928212,257.0,4.31,0.0
1108,0,186,-0.8149999999999998,0.05913978494623656,257.1,4.31,0.0
1109,3,597,2.5959999999999583,0.05695142378559464,257.4,4.31,0.0
1110,1,313,0.3119999999999896,0.054313099041533544,257.6,4.31,0.0
1111,0,183,-0.8179999999999998,0.060109289617486336,257.7,4.32,0.0
1112,3,579,2.5779999999999603,0.055267702936096716,258.0,4.31,0.0
1113,4,727,3.725999999999993,0.05639614855570839,258.3,4.31,0.0
1114,5,846,4.845000000000032,0.05555555555555555,258.8,4.31,0.0
1115,1,321,0.31999999999998874,0.056074766355140186,258.9,4.31,0.0
1116,0,189,-0.8119999999999998,0.0582010582010582,259.0,4.31,0.0
1117,0,195,-0.8059999999999998,0.05641025641025641,259.1,4.31,0.0
1118,0,179,-0.8219999999999998,0.055865921787709494,259.2,4.32,0.0
1119,6,979,5.978000000000075,0.05515832482124617,259.7,4.31,0.0
1120,3,579,2.5779999999999603,0.055267702936096716,260.0,4.31,0.0
1121,3,579,2.5779999999999603,0.055267702936096716,260.3,4.31,0.0
1122,0,179,-0.8219999999999998,0.055865921787709494,260.4,4.31,0.0
1123,1,338,0.33699999999998687,0.05621301775147929,260.6,4.31,0.0
1124,4,713,3.711999999999988,0.056100981767180924,261.0,4.31,0.0
1125,3,611,2.609999999999957,0.05564648117839607,261.3,4.31,0.0
1126,0,179,-0.8219999999999998,0.055865921787709494,261.4,4.31,0.0
1127,5,846,4.845000000000032,0.05555555555555555,261.8,4.31,0.0
1128,2,448,1.4469999999999748,0.05580357142857143,262.1,4.31,0.0
1129,2,446,1.444999999999975,0.05605381165919283,262.3,4.31,0.0
1130,1,335,0.3339999999999872,0.056716417910447764,262.5,4.31,0.0
1131,0,179,-0.8219999999999998,0.055865921787709494,262.6,4.31,0.0
1132,2,446,1.444999999999975,0.053811659192825115,262.8,4.31,0.0
1133,1,333,0.3319999999999874,0.057057057057057055,263.0,4.31,0.0
1134,3,589,2.587999999999959,0.05602716468590832,263.3,4.31,0.0
1135,1,313,0.3119999999999896,0.054313099041533544,263.5,4.31,0.0
1136,0,179,-0.8219999999999998,0.055865921787709494,263.6,4.31,0.0
1137,2,354,1.352999999999985,0.05649717514124294,263.7,4.31,0.0
1138,0,179,-0.8219999999999998,0.055865921787709494,263.8,4.32,0.0
1139,0,191,-0.8099999999999998,0.05759162303664921,263.9,4.32,0.0
1140,3,579,2.5779999999999603,0.055267702936096716,264.2,4.32,0.0
1141,3,585,2.5839999999999597,0.05641025641025641,264.6,4.32,0.0
1142,3,579,2.5779999999999603,0.055267702936096716,264.9,4.32,0.0
1143,4,713,3.711999999999988,0.056100981767180924,265.2,4.31,0.0
1144,0,191,-0.8099999999999998,0.05759162303664921,265.3,4.32,0.0
1145,1,319,0.31799999999998896,0.05642633228840126,265.5,4.32,0.0
1146,2,446,1.444999999999975,0.05605381165919283,265.7,4.32,0.0
1147,1,313,0.3119999999999896,0.05750798722044728,265.9,4.32,0.0
1148,1,316,0.3149999999999893,0.056962025316455694,266.1,4.32,0.0
1149,1,313,0.3119999999999896,0.054313099041533544,266.2,4.32,0.0
1150,0,179,-0.8219999999999998,0.055865921787709494,266.3,4.32,0.0
1151,0,179,-0.8219999999999998,0.055865921787709494,266.4,4.32,0.0
1152,1,313,0.3119999999999896,0.054313099041533544,266.6,4.33,0.0
1153,1,313,0.3119999999999896,0.054313099041533544,266.8,4.33,0.0
1154,0,179,-0.8219999999999998,0.055865921787709494,266.8,4.33,0.0
1155,3,579,2.5779999999999603,0.055267702936096716,267.1,4.33,0.0
1156,0,179,-0.8219999999999998,0.055865921787709494,267.2,4.33,0.0
1157,0,179,-0.8219999999999998,0.055865921787709494,267.3,4.33,0.0
1158,0,183,-0.8179999999999998,0.060109289617486336,267.4,4.33,0.0
1159,2,446,1.444999999999975,0.05605381165919283,267.7,4.33,0.0
1160,2,452,1.4509999999999743,0.05752212389380531,267.9,4.33,0.0
1161,1,313,0.3119999999999896,0.05750798722044728,268.1,4.33,0.0
1162,3,579,2.5779999999999603,0.055267702936096716,268.4,4.33,0.0
1163,0,179,-0.8219999999999998,0.055865921787709494,268.5,4.34,0.0
1164,0,179,-0.8219999999999998,0.05027932960893855,268.6,4.34,0.0
1165,2,446,1.444999999999975,0.05605381165919283,268.8,4.34,0.0
1166,9,1393,9.39199999999988,0.05599425699928212,269.5,4.33,0.0
1167,5,846,4.845000000000032,0.05555555555555555,270.0,4.33,0.0
1168,3,579,2.5779999999999603,0.055267702936096716,270.3,4.33,0.0
1169,2,446,1.444999999999975,0.05605381165919283,270.5,4.33,0.0
1170,0,189,-0.8119999999999998,0.0582010582010582,270.6,4.33,0.0
1171,0,179,-0.8219999999999998,0.055865921787709494,270.7,4.33,0.0
1172,4,714,3.7129999999999885,0.056022408963585436,271.1,4.33,0.0
1173,2,446,1.444999999999975,0.05605381165919283,271.3,4.33,0.0
1174,2,483,2.481999999999971,0.055900621118012424,271.5,4.33,0.0
1175,5,751,4.75,0.0559254327563249,271.9,4.32,0.0
1176,1,339,0.33799999999998676,0.05604719764011799,272.1,4.33,0.0
1177,0,187,-0.8139999999999998,0.058823529411764705,272.2,4.33,0.0
1178,0,179,-0.8219999999999998,0.055865921787709494,272.3,4.33,0.0
1179,1,332,0.3309999999999875,0.0572289156626506,272.5,4.33,0.0
1180,1,313,0.3119999999999896,0.054313099041533544,272.7,4.33,0.0
1181,2,446,1.444999999999975,0.05605381165919283,272.9,4.33,0.0
1182,1,336,0.3349999999999871,0.05654761904761905,273.1,4.33,0.0
1183,0,187,-0.8139999999999998,0.058823529411764705,273.2,4.33,0.0
1184,3,579,2.5779999999999603,0.055267702936096716,273.5,4.33,0.0
1185,3,579,2.5779999999999603,0.055267702936096716,273.8,4.33,0.0
1186,1,319,0.31799999999998896,0.05642633228840126,274.0,4.33,0.0
1187,5,874,4.873000000000041,0.05606407322654462,274.4,4.33,0.0
1188,3,579,2.5779999999999603,0.055267702936096716,274.7,4.33,0.0
1189,2,453,1.4519999999999742,0.05739514348785872,275.0,4.33,0.0
1190,2,446,1.444999999999975,0.05605381165919283,275.2,4.33,0.0
1191,0,179,-0.8219999999999998,0.055865921787709494,275.3,4.33,0.0
1192,3,588,2.5869999999999593,0.05612244897959184,275.6,4.33,0.0
1193,0,189,-0.8119999999999998,0.0582010582010582,275.7,4.33,0.0
1194,8,1248,8.24699999999996,0.05608974358974359,276.4,4.32,0.0
1195,0,185,-0.8159999999999998,0.05945945945945946,276.5,4.33,0.0
1196,0,179,-0.8219999999999998,0.05027932960893855,276.5,4.33,0.0
1197,0,188,-0.8129999999999998,0.05851063829787234,276.6,4.33,0.0
1198,2,446,1.444999999999975,0.05605381165919283,276.9,4.33,0.0
1199,0,186,-0.8149999999999998,0.05913978494623656,277.0,4.33,0.0
1200,0,179,-0.8219999999999998,0.055865921787709494,277.1,4.33,0.0
1201,9,1383,9.381999999999886,0.05567606652205351,277.8,4.33,0.0
1202,0,179,-0.8219999999999998,0.055865921787709494,277.9,4.33,0.0
1203,0,179,-0.8219999999999998,0.055865921787709494,278.0,4.33,0.0
1204,1,322,0.32099999999998863,0.055900621118012424,278.2,4.33,0.0
1205,0,179,-0.8219999999999998,0.055865921787709494,278.2,4.33,0.0
1206,1,314,0.3129999999999895,0.05732484076433121,278.4,4.34,0.0
1207,4,745,3.743999999999999,0.056375838926174496,278.8,4.33,0.0
1208,0,179,-0.8219999999999998,0.055865921787709494,278.9,4.33,0.0
1209,4,713,3.711999999999988,0.0546984572230014,279.3,4.33,0.0
1210,1,313,0.3119999999999896,0.054313099041533544,279.4,4.33,0.0
1211,0,189,-0.8119999999999998,0.0582010582010582,279.5,4.34,0.0
1212,1,313,0.3119999999999896,0.054313099041533544,279.7,4.34,0.0
1213,0,179,-0.8219999999999998,0.055865921787709494,279.8,4.34,0.0
1214,1,313,0.3119999999999896,0.054313099041533544,280.0,4.34,0.0
1215,0,185,-0.8159999999999998,0.05945945945945946,280.1,4.34,0.0
1216,5,854,4.853000000000034,0.05620608899297424,280.5,4.34,0.0
1217,2,446,1.444999999999975,0.05605381165919283,280.7,4.34,0.0
1218,9,1412,9.41099999999987,0.05594900849858357,281.5,4.33,0.0
1219,3,583,2.58199999999996,0.05660377358490566,281.8,4.33,0.0
1220,4,713,3.711999999999988,0.056100981767180924,282.1,4.33,0.0
1221,3,591,2.589999999999959,0.05583756345177665,282.4,4.33,0.0
1222,4,729,3.7279999999999935,0.056241426611796985,282.8,4.32,0.0
1223,0,179,-0.8219999999999998,0.055865921787709494,282.9,4.33,0.0
1224,0,179,-0.8219999999999998,0.055865921787709494,283.0,4.33,0.0
1225,0,179,-0.8219999999999998,0.055865921787709494,283.1,4.33,0.0
1226,1,335,0.3339999999999872,0.056716417910447764,283.3,4.33,0.0
1227,6,979,5.978000000000075,0.056179775280898875,283.8,4.33,0.0
1228,4,713,3.711999999999988,0.056100981767180924,284.2,4.32,0.0
1229,3,580,2.57899999999996,0.056896551724137934,284.5,4.32,0.0
1230,5,846,4.845000000000032,0.05555555555555555,284.9,4.32,0.0
1231,2,446,1.444999999999975,0.05605381165919283,285.2,4.32,0.0
1232,3,580,2.57899999999996,0.056896551724137934,285.5,4.32,0.0
1233,2,463,1.461999999999973,0.056155507559395246,285.7,4.32,0.0
1234,1,313,0.3119999999999896,0.05750798722044728,285.9,4.32,0.0
1235,1,313,0.3119999999999896,0.054313099041533544,286.0,4.32,0.0
1236,1,313,0.3119999999999896,0.05750798722044728,286.2,4.32,0.0
1237,2,467,1.4659999999999727,0.055674518201284794,286.4,4.32,0.0
1238,3,579,2.5779999999999603,0.055267702936096716,286.7,4.32,0.0
1239,0,184,-0.8169999999999998,0.059782608695652176,286.8,4.32,0.0
1240,1,313,0.3119999999999896,0.054313099041533544,287.0,4.32,0.0
1241,4,713,3.711999999999988,0.056100981767180924,287.4,4.32,0.0
1242,0,179,-0.8219999999999998,0.055865921787709494,287.5,4.32,0.0
1243,0,189,-0.8119999999999998,0.0582010582010582,287.6,4.33,0.0
1244,0,184,-0.8169999999999998,0.059782608695652176,287.7,4.33,0.0
1245,0,179,-0.8219999999999998,0.055865921787709494,287.8,4.33,0.0
1246,1,334,0.3329999999999873,0.05688622754491018,287.9,4.33,0.0
1247,0,179,-0.8219999999999998,0.055865921787709494,288.0,4.33,0.0
1248,3,579,2.5779999999999603,0.055267702936096716,288.3,4.33,0.0
1249,0,193,-0.8079999999999998,0.05699481865284974,288.4,4.33,0.0
1250,2,446,1.444999999999975,0.05605381165919283,288.7,4.33,0.0
1251,1,320,0.31899999999998885,0.05625,288.8,4.33,0.0
1252,3,579,2.5779999999999603,0.05699481865284974,289.1,4.33,0.0
1253,2,456,1.4549999999999739,0.05701754385964912,289.4,4.33,0.0
1254,0,179,-0.8219999999999998,0.055865921787709494,289.5,4.34,0.0
1255,2,458,1.4569999999999736,0.056768558951965066,289.7,4.34,0.0
1256,1,313,0.3119999999999896,0.05750798722044728,289.9,4.34,0.0
1257,0,190,-0.8109999999999998,0.05789473684210526,290.0,4.34,0.0
1258,0,195,-0.8059999999999998,0.05641025641025641,290.1,4.34,0.0
1259,5,846,4.845000000000032,0.05555555555555555,290.5,4.34,0.0
1260,1,313,0.3119999999999896,0.054313099041533544,290.7,4.34,0.0
1261,1,313,0.3119999999999896,0.05750798722044728,290.8,4.34,0.0
1262,0,185,-0.8159999999999998,0.05945945945945946,290.9,4.34,0.0
1263,5,846,4.845000000000032,0.05555555555555555,291.4,4.34,0.0
1264,2,457,1.4559999999999738,0.05689277899343545,291.6,4.34,0.0
1265,10,1513,10.511999999999814,0.05551883674818242,292.4,4.33,0.0
1266,4,713,3.711999999999988,0.0546984572230014,292.8,4.33,0.0
1267,0,179,-0.8219999999999998,0.055865921787709494,292.9,4.33,0.0
1268,0,188,-0.8129999999999998,0.05851063829787234,293.0,4.33,0.0
1269,3,581,2.57999999999996,0.05679862306368331,293.3,4.33,0.0
1270,3,579,2.5779999999999603,0.055267702936096716,293.6,4.33,0.0
1271,8,1246,8.244999999999962,0.05537720706260032,294.2,4.32,0.0
1272,2,446,1.444999999999975,0.05605381165919283,294.5,4.32,0.0
1273,5,857,4.856000000000035,0.056009334889148193,294.9,4.32,0.0
1274,0,186,-0.8149999999999998,0.05913978494623656,295.0,4.32,0.0
1275,0,179,-0.8219999999999998,0.055865921787709494,295.1,4.32,0.0
1276,2,457,1.4559999999999738,0.05689277899343545,295.3,4.32,0.0
1277,0,179,-0.8219999999999998,0.055865921787709494,295.4,4.33,0.0
1278,2,458,1.4569999999999736,0.056768558951965066,295.7,4.33,0.0
1279,1,313,0.3119999999999896,0.054313099041533544,295.8,4.33,0.0
1280,4,731,3.729999999999994,0.0560875512995896,296.2,4.32,0.0
1281,2,446,1.444999999999975,0.053811659192825115,296.5,4.32,0.0
1282,1,313,0.3119999999999896,0.054313099041533544,296.6,4.33,0.0
1283,1,313,0.3119999999999896,0.054313099041533544,296.8,4.33,0.0
1284,1,219,0.21799999999999997,0.0593607305936073,296.9,4.33,0.0
1285,1,313,0.3119999999999896,0.054313099041533544,297.1,4.33,0.0
1286,1,334,0.3329999999999873,0.05688622754491018,297.2,4.33,0.0
1287,3,579,2.5779999999999603,0.055267702936096716,297.5,4.33,0.0
1288,2,446,1.444999999999975,0.05605381165919283,297.8,4.33,0.0
1289,0,179,-0.8219999999999998,0.055865921787709494,297.9,4.33,0.0
1290,2,460,1.4589999999999734,0.05652173913043478,298.1,4.33,0.0
1291,0,179,-0.8219999999999998,0.05027932960893855,298.2,4.33,0.0
1292,2,353,1.3519999999999852,0.056657223796033995,298.4,4.33,0.0
1293,7,1113,7.112000000000036,0.055705300988319856,299.0,4.33,0.0
1294,3,579,2.5779999999999603,0.055267702936096716,299.3,4.33,0.0
1295,0,179,-0.8219999999999998,0.055865921787709494,299.4,4.33,0.0
1296,1,316,0.3149999999999893,0.056962025316455694,299.6,4.33,0.0
1297,0,179,-0.8219999999999998,0.055865921787709494,299.7,4.33,0.0
1298,1,313,0.3119999999999896,0.054313099041533544,299.8,4.33,0.0
1299,0,179,-0.8219999999999998,0.055865921787709494,299.9,4.33,0.0
1300,7,1124,7.1230000000000295,0.05604982206405694,300.5,4.33,0.0
1301,2,455,1.453999999999974,0.05714285714285714,300.7,4.33,0.0
1302,2,446,1.444999999999975,0.05605381165919283,301.0,4.33,0.0
1303,1,332,0.3309999999999875,0.0572289156626506,301.2,4.33,0.0
1304,0,179,-0.8219999999999998,0.055865921787709494,301.3,4.33,0.0
1305,1,314,0.3129999999999895,0.05732484076433121,301.4,4.33,0.0
1306,1,337,0.335999999999987,0.05637982195845697,301.6,4.33,0.0
1307,0,184,-0.8169999999999998,0.059782608695652176,301.7,4.34,0.0
1308,0,189,-0.8119999999999998,0.0582010582010582,301.8,4.34,0.0
1309,3,581,2.57999999999996,0.05679862306368331,302.1,4.34,0.0
1310,4,713,3.711999999999988,0.056100981767180924,302.5,4.33,0.0
1311,3,579,2.5779999999999603,0.055267702936096716,302.8,4.33,0.0
1312,2,464,1.462999999999973,0.05603448275862069,303.0,4.33,0.0
1313,3,579,2.5779999999999603,0.055267702936096716,303.4,4.33,0.0
1314,1,315,0.3139999999999894,0.05714285714285714,303.5,4.33,0.0
1315,0,179,-0.8219999999999998,0.055865921787709494,303.6,4.33,0.0
1316,5,846,4.845000000000032,0.05555555555555555,304.1,4.33,0.0
1317,0,179,-0.8219999999999998,0.055865921787709494,304.1,4.33,0.0
1318,0,189,-0.8119999999999998,0.0582010582010582,304.2,4.34,0.0
1319,2,446,1.444999999999975,0.05605381165919283,304.5,4.34,0.0
1320,0,187,-0.8139999999999998,0.058823529411764705,304.6,4.34,0.0
1321,0,179,-0.8219999999999998,0.055865921787709494,304.7,4.34,0.0
1322,2,446,1.444999999999975,0.05605381165919283,304.9,4.34,0.0
1323,3,579,2.5779999999999603,0.055267702936096716,305.2,4.34,0.0
1324,0,189,-0.8119999999999998,0.0582010582010582,305.3,4.34,0.0
1325,2,472,1.470999999999972,0.057203389830508475,305.6,4.34,0.0
1326,2,446,1.444999999999975,0.05605381165919283,305.8,4.34,0.0
1327,3,579,2.5779999999999603,0.055267702936096716,306.1,4.34,0.0
1328,1,313,0.3119999999999896,0.054313099041533544,306.3,4.34,0.0
1329,3,580,2.57899999999996,0.056896551724137934,306.6,4.34,0.0
1330,3,579,2.5779999999999603,0.055267702936096716,306.9,4.34,0.0
1331,3,586,2.5849999999999596,0.05631399317406143,307.2,4.34,0.0
1332,2,446,1.444999999999975,0.05605381165919283,307.4,4.34,0.0
1333,3,585,2.5839999999999597,0.05641025641025641,307.8,4.33,0.0
1334,3,593,2.591999999999959,0.05564924114671164,308.1,4.33,0.0
1335,0,179,-0.8219999999999998,0.055865921787709494,308.2,4.34,0.0
1336,3,579,2.5779999999999603,0.055267702936096716,308.5,4.33,0.0
1337,5,850,4.849000000000033,0.05647058823529412,308.9,4.33,0.0
1338,3,579,2.5779999999999603,0.055267702936096716,309.2,4.33,0.0
1339,1,313,0.3119999999999896,0.05750798722044728,309.4,4.33,0.0
1340,4,723,3.7219999999999915,0.056708160442600276,309.8,4.33,0.0
1341,2,446,1.444999999999975,0.053811659192825115,310.0,4.33,0.0
1342,3,579,2.5779999999999603,0.055267702936096716,310.3,4.33,0.0
1343,0,179,-0.8219999999999998,0.055865921787709494,310.4,4.33,0.0
1344,3,579,2.5779999999999603,0.055267702936096716,310.8,4.33,0.0
1345,4,734,3.732999999999995,0.055858310626702996,311.2,4.33,0.0
1346,0,179,-0.8219999999999998,0.055865921787709494,311.3,4.33,0.0
1347,1,313,0.3119999999999896,0.054313099041533544,311.4,4.33,0.0
1348,2,446,1.444999999999975,0.05605381165919283,311.7,4.33,0.0
1349,1,313,0.3119999999999896,0.054313099041533544,311.8,4.33,0.0
1350,4,713,3.711999999999988,0.056100981767180924,312.2,4.33,0.0
1351,1,328,0.32699999999998797,0.057926829268292686,312.4,4.33,0.0
1352,0,179,-0.8219999999999998,0.055865921787709494,312.5,4.33,0.0
1353,1,314,0.3129999999999895,0.05732484076433121,312.6,4.33,0.0
1354,0,179,-0.8219999999999998,0.055865921787709494,312.7,4.33,0.0
1355,5,846,4.845000000000032,0.05555555555555555,313.2,4.33,0.0
1356,4,713,3.711999999999988,0.056100981767180924,313.5,4.33,0.0
1357,2,446,1.444999999999975,0.05605381165919283,313.8,4.33,0.0
1358,0,192,-0.8089999999999998,0.057291666666666664,313.9,4.33,0.0
1359,1,315,0.3139999999999894,0.05714285714285714,314.0,4.33,0.0
1360,2,446,1.444999999999975,0.05605381165919283,314.3,4.33,0.0
1361,5,846,4.845000000000032,0.05555555555555555,314.7,4.33,0.0
1362,1,313,0.3119999999999896,0.054313099041533544,314.9,4.33,0.0
1363,0,185,-0.8159999999999998,0.05945945945945946,315.0,4.33,0.0
1364,3,579,2.5779999999999603,0.055267702936096716,315.3,4.33,0.0
1365,0,179,-0.8219999999999998,0.055865921787709494,315.4,4.33,0.0
1366,2,446,1.444999999999975,0.05605381165919283,315.6,4.33,0.0
1367,1,319,0.31799999999998896,0.05642633228840126,315.8,4.33,0.0
1368,0,190,-0.8109999999999998,0.05789473684210526,315.9,4.33,0.0
1369,2,446,1.444999999999975,0.05605381165919283,316.1,4.33,0.0
1370,0,192,-0.8089999999999998,0.057291666666666664,316.2,4.34,0.0
1371,0,179,-0.8219999999999998,0.055865921787709494,316.3,4.34,0.0
1372,3,586,2.5849999999999596,0.05631399317406143,316.6,4.34,0.0
1373,0,184,-0.8169999999999998,0.059782608695652176,316.7,4.34,0.0
1374,1,327,0.3259999999999881,0.0581039755351682,316.9,4.34,0.0
1375,0,189,-0.8119999999999998,0.0582010582010582,317.0,4.34,0.0
1376,2,446,1.444999999999975,0.05605381165919283,317.2,4.34,0.0
1377,2,446,1.444999999999975,0.05605381165919283,317.5,4.34,0.0
1378,0,179,-0.8219999999999998,0.055865921787709494,317.6,4.34,0.0
1379,3,580,2.57899999999996,0.056896551724137934,317.9,4.34,0.0
1380,7,1125,7.124000000000029,0.056,318.4,4.34,0.0
1381,0,179,-0.8219999999999998,0.055865921787709494,318.5,4.34,0.0
1382,0,187,-0.8139999999999998,0.058823529411764705,318.6,4.34,0.0
1383,3,582,2.58099999999996,0.05670103092783505,319.0,4.34,0.0
1384,0,179,-0.8219999999999998,0.055865921787709494,319.0,4.34,0.0
1385,0,188,-0.8129999999999998,0.05851063829787234,319.1,4.34,0.0
1386,2,446,1.444999999999975,0.05605381165919283,319.4,4.34,0.0
1387,6,979,5.978000000000075,0.05515832482124617,319.9,4.34,0.0
1388,5,846,4.845000000000032,0.05555555555555555,320.3,4.34,0.0
1389,6,984,5.983000000000077,0.05589430894308943,320.9,4.33,0.0
1390,2,472,1.470999999999972,0.057203389830508475,321.1,4.33,0.0
1391,1,333,0.3319999999999874,0.057057057057057055,321.3,4.33,0.0
1392,0,179,-0.8219999999999998,0.055865921787709494,321.4,4.33,0.0
1393,3,579,2.5779999999999603,0.055267702936096716,321.7,4.33,0.0
1394,2,462,1.4609999999999732,0.05627705627705628,321.9,4.33,0.0
1395,0,179,-0.8219999999999998,0.055865921787709494,322.0,4.34,0.0
1396,0,190,-0.8109999999999998,0.05789473684210526,322.1,4.34,0.0
1397,5,875,4.874000000000041,0.056,322.6,4.33,0.0
1398,2,456,1.4549999999999739,0.05701754385964912,322.8,4.33,0.0
1399,5,846,4.845000000000032,0.05555555555555555,323.3,4.33,0.0
1400,1,221,0.21999999999999975,0.058823529411764705,323.4,4.33,0.0
1401,1,316,0.3149999999999893,0.056962025316455694,323.5,4.33,0.0
1402,0,179,-0.8219999999999998,0.055865921787709494,323.6,4.34,0.0
1403,0,179,-0.8219999999999998,0.055865921787709494,323.7,4.34,0.0
1404,0,179,-0.8219999999999998,0.055865921787709494,323.8,4.34,0.0
1405,2,446,1.444999999999975,0.05605381165919283,324.1,4.34,0.0
1406,0,179,-0.8219999999999998,0.055865921787709494,324.2,4.34,0.0
1407,1,313,0.3119999999999896,0.054313099041533544,324.3,4.34,0.0
1408,1,313,0.3119999999999896,0.054313099041533544,324.5,4.34,0.0
1409,0,179,-0.8219999999999998,0.055865921787709494,324.6,4.34,0.0
1410,2,446,1.444999999999975,0.05605381165919283,324.8,4.34,0.0
1411,6,979,5.978000000000075,0.05515832482124617,325.3,4.34,0.0
1412,3,579,2.5779999999999603,0.05699481865284974,325.7,4.34,0.0
1413,0,202,-0.7989999999999998,0.0594059405940594,325.8,4.34,0.0
1414,0,183,-0.8179999999999998,0.060109289617486336,325.9,4.34,0.0
1415,2,459,1.4579999999999735,0.05664488017429194,326.1,4.34,0.0
1416,2,446,1.444999999999975,0.05605381165919283,326.3,4.34,0.0
1417,2,446,1.444999999999975,0.053811659192825115,326.6,4.34,0.0
1418,5,846,4.845000000000032,0.05555555555555555,327.0,4.34,0.0
1419,2,446,1.444999999999975,0.05605381165919283,327.3,4.34,0.0
1420,6,979,5.978000000000075,0.05515832482124617,327.8,4.33,0.0
1421,1,339,0.33799999999998676,0.05604719764011799,328.0,4.34,0.0
1422,0,192,-0.8089999999999998,0.057291666666666664,328.1,4.34,0.0
1423,0,184,-0.8169999999999998,0.059782608695652176,328.2,4.34,0.0
1424,2,453,1.4519999999999742,0.05739514348785872,328.4,4.34,0.0
1425,3,579,2.5779999999999603,0.055267702936096716,328.7,4.34,0.0
1426,4,746,3.744999999999999,0.05630026809651475,329.1,4.34,0.0
1427,4,727,3.725999999999993,0.05639614855570839,329.5,4.33,0.0
1428,1,338,0.33699999999998687,0.05621301775147929,329.7,4.33,0.0
1429,3,579,2.5779999999999603,0.055267702936096716,330.0,4.33,0.0
1430,2,457,1.4559999999999738,0.05689277899343545,330.2,4.33,0.0
1431,1,335,0.3339999999999872,0.056716417910447764,330.4,4.33,0.0
1432,1,313,0.3119999999999896,0.054313099041533544,330.5,4.34,0.0
1433,0,179,-0.8219999999999998,0.055865921787709494,330.6,4.34,0.0
1434,1,313,0.3119999999999896,0.05750798722044728,330.8,4.34,0.0
1435,2,446,1.444999999999975,0.05605381165919283,331.0,4.34,0.0
1436,0,190,-0.8109999999999998,0.05789473684210526,331.1,4.34,0.0
1437,0,187,-0.8139999999999998,0.058823529411764705,331.2,4.34,0.0
1438,0,184,-0.8169999999999998,0.059782608695652176,331.3,4.34,0.0
1439,0,179,-0.8219999999999998,0.055865921787709494,331.4,4.34,0.0
1440,3,579,2.5779999999999603,0.055267702936096716,331.7,4.34,0.0
1441,4,713,3.711999999999988,0.0546984572230014,332.1,4.34,0.0
1442,1,329,0.32799999999998786,0.057750759878419454,332.3,4.34,0.0
1443,3,579,2.5779999999999603,0.055267702936096716,332.6,4.34,0.0
1444,5,846,4.845000000000032,0.05555555555555555,333.0,4.34,0.0
1445,2,461,1.4599999999999733,0.05639913232104121,333.3,4.34,0.0
1446,0,185,-0.8159999999999998,0.05945945945945946,333.4,4.34,0.0
1447,4,713,3.711999999999988,0.0546984572230014,333.8,4.34,0.0
1448,0,179,-0.8219999999999998,0.055865921787709494,333.9,4.34,0.0
1449,0,186,-0.8149999999999998,0.05913978494623656,334.0,4.34,0.0
1450,3,587,2.5859999999999594,0.056218057921635436,334.3,4.34,0.0
1451,2,446,1.444999999999975,0.05605381165919283,334.5,4.34,0.0
1452,0,179,-0.8219999999999998,0.055865921787709494,334.6,4.34,0.0
1453,1,313,0.3119999999999896,0.05750798722044728,334.8,4.34,0.0
1454,0,179,-0.8219999999999998,0.055865921787709494,334.9,4.35,0.0
1455,1,313,0.3119999999999896,0.054313099041533544,335.0,4.35,0.0
1456,2,446,1.444999999999975,0.05605381165919283,335.3,4.35,0.0
1457,0,189,-0.8119999999999998,0.0582010582010582,335.4,4.35,0.0
1458,6,979,5.978000000000075,0.05515832482124617,335.9,4.34,0.0
1459,0,179,-0.8219999999999998,0.055865921787709494,336.0,4.35,0.0
1460,6,994,5.99300000000008,0.056338028169014086,336.5,4.34,0.0
1461,1,320,0.31899999999998885,0.05625,336.7,4.34,0.0
1462,0,189,-0.8119999999999998,0.0582010582010582,336.8,4.34,0.0
1463,2,446,1.444999999999975,0.05605381165919283,337.0,4.34,0.0
1464,0,192,-0.8089999999999998,0.057291666666666664,337.1,4.35,0.0
1465,2,465,1.4639999999999729,0.05591397849462366,337.3,4.35,0.0
1466,3,579,2.5779999999999603,0.055267702936096716,337.6,4.34,0.0
1467,0,179,-0.8219999999999998,0.055865921787709494,337.7,4.35,0.0
1468,1,313,0.3119999999999896,0.054313099041533544,337.9,4.35,0.0
1469,1,337,0.335999999999987,0.05637982195845697,338.1,4.35,0.0
1470,3,589,2.587999999999959,0.05602716468590832,338.4,4.35,0.0
1471,6,979,5.978000000000075,0.05515832482124617,338.9,4.34,0.0
1472,0,179,-0.8219999999999998,0.055865921787709494,339.0,4.35,0.0
1473,3,581,2.57999999999996,0.05679862306368331,339.3,4.34,0.0
1474,0,189,-0.8119999999999998,0.0582010582010582,339.4,4.35,0.0
1475,0,179,-0.8219999999999998,0.055865921787709494,339.5,4.35,0.0
1476,0,179,-0.8219999999999998,0.055865921787709494,339.6,4.35,0.0
1477,0,213,-0.7879999999999998,0.056338028169014086,339.7,4.35,0.0
1478,7,1113,7.112000000000036,0.055705300988319856,340.3,4.35,0.0
1479,1,336,0.3349999999999871,0.05654761904761905,340.5,4.35,0.0
1480,3,579,2.5779999999999603,0.055267702936096716,340.8,4.35,0.0
1481,0,179,-0.8219999999999998,0.055865921787709494,340.9,4.35,0.0
1482,2,480,1.4789999999999712,0.05625,341.1,4.35,0.0
1483,3,579,2.5779999999999603,0.055267702936096716,341.4,4.35,0.0
1484,2,446,1.444999999999975,0.05605381165919283,341.6,4.35,0.0
1485,0,179,-0.8219999999999998,0.055865921787709494,341.7,4.35,0.0
1486,0,179,-0.8219999999999998,0.055865921787709494,341.8,4.35,0.0
1487,0,188,-0.8129999999999998,0.05851063829787234,342.0,4.35,0.0
1488,2,446,1.444999999999975,0.05605381165919283,342.2,4.35,0.0
1489,2,446,1.444999999999975,0.05605381165919283,342.4,4.35,0.0
1490,2,446,1.444999999999975,0.05605381165919283,342.7,4.35,0.0
1491,1,313,0.3119999999999896,0.054313099041533544,342.8,4.35,0.0
1492,5,852,4.851000000000034,0.056338028169014086,343.3,4.35,0.0
1493,0,179,-0.8219999999999998,0.055865921787709494,343.4,4.35,0.0
1494,0,193,-0.8079999999999998,0.05699481865284974,343.5,4.35,0.0
1495,0,179,-0.8219999999999998,0.055865921787709494,343.6,4.35,0.0
1496,0,192,-0.8089999999999998,0.057291666666666664,343.7,4.36,0.0
1497,3,589,2.587999999999959,0.05602716468590832,344.0,4.36,0.0
1498,6,981,5.980000000000076,0.05606523955147808,344.5,4.35,0.0
1499,2,481,1.4799999999999711,0.056133056133056136,344.7,4.35,0.0
1500,5,860,4.859000000000036,0.05581395348837209,345.2,4.35,0.0
1501,3,581,2.57999999999996,0.05679862306368331,348.2,4.31,0.0
1502,5,846,4.845000000000032,0.05555555555555555,348.6,4.31,0.0
1503,2,466,1.4649999999999728,0.055793991416309016,348.8,4.31,0.0
1504,0,192,-0.8089999999999998,0.057291666666666664,348.9,4.31,0.0
1505,4,733,3.731999999999995,0.05593451568894952,349.3,4.31,0.0
1506,1,315,0.3139999999999894,0.05714285714285714,349.5,4.31,0.0
1507,2,446,1.444999999999975,0.05605381165919283,349.7,4.31,0.0
1508,2,467,1.4659999999999727,0.055674518201284794,350.0,4.31,0.0
1509,4,713,3.711999999999988,0.0546984572230014,350.3,4.31,0.0
1510,0,179,-0.8219999999999998,0.055865921787709494,350.4,4.31,0.0
1511,0,179,-0.8219999999999998,0.055865921787709494,350.5,4.31,0.0
1512,1,313,0.3119999999999896,0.05750798722044728,350.7,4.31,0.0
1513,0,179,-0.8219999999999998,0.055865921787709494,350.8,4.32,0.0
1514,2,460,1.4589999999999734,0.05652173913043478,351.0,4.32,0.0
1515,3,579,2.5779999999999603,0.055267702936096716,351.4,4.31,0.0
1516,1,313,0.3119999999999896,0.054313099041533544,351.5,4.32,0.0
1517,0,215,-0.7859999999999998,0.05581395348837209,351.7,4.32,0.0
1518,1,319,0.31799999999998896,0.05642633228840126,351.9,4.32,0.0
1519,1,313,0.3119999999999896,0.054313099041533544,352.0,4.32,0.0
1520,0,182,-0.8189999999999998,0.06043956043956044,352.2,4.32,0.0
1521,2,446,1.444999999999975,0.05605381165919283,352.4,4.32,0.0
1522,1,313,0.3119999999999896,0.054313099041533544,352.6,4.32,0.0
1523,0,179,-0.8219999999999998,0.055865921787709494,352.7,4.32,0.0
1524,2,446,1.444999999999975,0.05605381165919283,353.0,4.32,0.0
1525,0,179,-0.8219999999999998,0.055865921787709494,353.2,4.32,0.0
1526,0,187,-0.8139999999999998,0.058823529411764705,353.3,4.32,0.0
1527,0,179,-0.8219999999999998,0.055865921787709494,353.4,4.32,0.0
1528,2,446,1.444999999999975,0.053811659192825115,353.7,4.32,0.0
1529,4,732,3.7309999999999945,0.056010928961748634,354.1,4.32,0.0
1530,0,185,-0.8159999999999998,0.05945945945945946,354.2,4.32,0.0
1531,0,179,-0.8219999999999998,0.055865921787709494,354.3,4.32,0.0
1532,1,313,0.3119999999999896,0.054313099041533544,354.4,4.33,0.0
1533,1,313,0.3119999999999896,0.054313099041533544,354.6,4.33,0.0
1534,1,313,0.3119999999999896,0.054313099041533544,354.8,4.33,0.0
1535,1,316,0.3149999999999893,0.056962025316455694,354.9,4.33,0.0
1536,2,474,1.4729999999999719,0.056962025316455694,355.2,4.33,0.0
1537,3,579,2.5779999999999603,0.055267702936096716,355.5,4.33,0.0
1538,1,313,0.3119999999999896,0.054313099041533544,355.6,4.33,0.0
1539,0,187,-0.8139999999999998,0.058823529411764705,355.7,4.33,0.0
1540,5,860,4.859000000000036,0.05581395348837209,356.2,4.33,0.0
1541,0,179,-0.8219999999999998,0.055865921787709494,356.3,4.33,0.0
1542,3,579,2.5779999999999603,0.055267702936096716,356.6,4.33,0.0
1543,8,1246,8.244999999999962,0.05537720706260032,357.3,4.32,0.0
1544,2,463,1.461999999999973,0.056155507559395246,357.5,4.32,0.0
1545,1,313,0.3119999999999896,0.054313099041533544,357.7,4.32,0.0
1546,1,313,0.3119999999999896,0.054313099041533544,357.8,4.32,0.0
1547,1,313,0.3119999999999896,0.054313099041533544,358.0,4.32,0.0
1548,6,988,5.987000000000078,0.05566801619433198,358.5,4.32,0.0
1549,0,188,-0.8129999999999998,0.05851063829787234,358.6,4.32,0.0
1550,1,313,0.3119999999999896,0.054313099041533544,358.8,4.32,0.0
1551,0,179,-0.8219999999999998,0.055865921787709494,358.9,4.32,0.0
1552,4,713,3.711999999999988,0.0546984572230014,359.2,4.32,0.0
1553,2,447,1.4459999999999749,0.05592841163310962,359.5,4.32,0.0
1554,2,446,1.444999999999975,0.053811659192825115,359.7,4.32,0.0
1555,2,455,1.453999999999974,0.05714285714285714,360.0,4.32,0.0
1556,2,455,1.453999999999974,0.05714285714285714,360.2,4.32,0.0
1557,0,185,-0.8159999999999998,0.05945945945945946,360.3,4.32,0.0
1558,2,446,1.444999999999975,0.05605381165919283,360.5,4.32,0.0
1559,3,579,2.5779999999999603,0.055267702936096716,360.8,4.32,0.0
1560,3,609,2.607999999999957,0.05582922824302135,361.1,4.32,0.0
1561,2,458,1.4569999999999736,0.056768558951965066,361.4,4.32,0.0
1562,2,479,1.4779999999999713,0.05636743215031315,361.6,4.32,0.0
1563,2,481,1.4799999999999711,0.056133056133056136,361.9,4.32,0.0
1564,5,856,4.855000000000035,0.056074766355140186,362.4,4.32,0.0
1565,3,579,2.5779999999999603,0.055267702936096716,362.7,4.32,0.0
1566,1,314,0.3129999999999895,0.05732484076433121,362.8,4.32,0.0
1567,1,313,0.3119999999999896,0.054313099041533544,363.0,4.32,0.0
1568,0,187,-0.8139999999999998,0.058823529411764705,363.1,4.32,0.0
1569,0,193,-0.8079999999999998,0.05699481865284974,363.2,4.32,0.0
1570,0,179,-0.8219999999999998,0.055865921787709494,363.3,4.32,0.0
1571,1,336,0.3349999999999871,0.05654761904761905,363.4,4.33,0.0
1572,2,456,1.4549999999999739,0.05701754385964912,363.7,4.33,0.0
1573,3,579,2.5779999999999603,0.055267702936096716,364.0,4.32,0.0
1574,3,589,2.587999999999959,0.05602716468590832,364.3,4.32,0.0
1575,0,214,-0.7869999999999998,0.056074766355140186,364.4,4.32,0.0
1576,3,583,2.58199999999996,0.05660377358490566,364.7,4.32,0.0
1577,0,179,-0.8219999999999998,0.055865921787709494,364.8,4.33,0.0
1578,0,196,-0.8049999999999998,0.05612244897959184,364.9,4.33,0.0
1579,1,313,0.3119999999999896,0.054313099041533544,365.1,4.33,0.0
1580,3,591,2.589999999999959,0.05583756345177665,365.4,4.33,0.0
1581,0,179,-0.8219999999999998,0.055865921787709494,365.5,4.33,0.0
1582,4,713,3.711999999999988,0.0546984572230014,365.8,4.33,0.0
1583,2,461,1.4599999999999733,0.05639913232104121,366.1,4.33,0.0
1584,0,179,-0.8219999999999998,0.055865921787709494,366.2,4.33,0.0
1585,0,183,-0.8179999999999998,0.060109289617486336,366.3,4.33,0.0
1586,4,713,3.711999999999988,0.056100981767180924,366.6,4.33,0.0
1587,0,179,-0.8219999999999998,0.055865921787709494,366.7,4.33,0.0
1588,1,313,0.3119999999999896,0.054313099041533544,366.9,4.33,0.0
1589,1,313,0.3119999999999896,0.054313099041533544,367.1,4.33,0.0
1590,5,846,4.845000000000032,0.05555555555555555,367.5,4.33,0.0
1591,0,179,-0.8219999999999998,0.055865921787709494,367.6,4.33,0.0
1592,0,188,-0.8129999999999998,0.05851063829787234,367.7,4.33,0.0
1593,2,461,1.4599999999999733,0.05639913232104121,367.9,4.33,0.0
1594,4,713,3.711999999999988,0.056100981767180924,368.3,4.33,0.0
1595,4,727,3.725999999999993,0.05639614855570839,368.7,4.33,0.0
1596,0,184,-0.8169999999999998,0.059782608695652176,368.8,4.33,0.0
1597,3,579,2.5779999999999603,0.055267702936096716,369.1,4.33,0.0
1598,1,313,0.3119999999999896,0.05750798722044728,369.3,4.33,0.0
1599,0,179,-0.8219999999999998,0.055865921787709494,369.4,4.33,0.0
1600,0,179,-0.8219999999999998,0.055865921787709494,369.5,4.33,0.0
1601,2,446,1.444999999999975,0.05605381165919283,369.7,4.33,0.0
1602,0,184,-0.8169999999999998,0.059782608695652176,369.8,4.34,0.0
1603,1,313,0.3119999999999896,0.05750798722044728,369.9,4.34,0.0
1604,4,713,3.711999999999988,0.0546984572230014,370.3,4.33,0.0
1605,2,446,1.444999999999975,0.05605381165919283,370.5,4.33,0.0
1606,1,332,0.3309999999999875,0.0572289156626506,370.7,4.34,0.0
1607,7,1131,7.130000000000026,0.05570291777188329,371.3,4.33,0.0
1608,5,856,4.855000000000035,0.056074766355140186,371.7,4.33,0.0
1609,2,457,1.4559999999999738,0.05689277899343545,372.0,4.33,0.0
1610,1,313,0.3119999999999896,0.054313099041533544,372.1,4.33,0.0
1611,1,349,0.34799999999998565,0.05730659025787966,372.3,4.33,0.0
1612,7,1130,7.129000000000026,0.05575221238938053,372.9,4.33,0.0
1613,0,179,-0.8219999999999998,0.055865921787709494,373.0,4.33,0.0
1614,0,186,-0.8149999999999998,0.05913978494623656,373.1,4.33,0.0
1615,2,446,1.444999999999975,0.05605381165919283,373.3,4.33,0.0
1616,1,313,0.3119999999999896,0.05750798722044728,373.5,4.33,0.0
1617,2,446,1.444999999999975,0.05605381165919283,373.7,4.33,0.0
1618,7,1114,7.113000000000035,0.05565529622980251,374.3,4.33,0.0
1619,1,315,0.3139999999999894,0.05714285714285714,374.4,4.33,0.0
1620,5,846,4.845000000000032,0.05555555555555555,374.9,4.32,0.0
1621,3,579,2.5779999999999603,0.055267702936096716,375.2,4.32,0.0
1622,0,185,-0.8159999999999998,0.05945945945945946,375.3,4.32,0.0
1623,1,320,0.31899999999998885,0.05625,375.5,4.33,0.0
1624,1,313,0.3119999999999896,0.054313099041533544,375.6,4.33,0.0
1625,10,1520,10.51899999999981,0.05592105263157895,376.4,4.32,0.0
1626,2,457,1.4559999999999738,0.05689277899343545,376.7,4.32,0.0
1627,2,455,1.453999999999974,0.05714285714285714,376.9,4.32,0.0
1628,6,986,5.985000000000078,0.055780933062880324,377.4,4.32,0.0
1629,2,446,1.444999999999975,0.05605381165919283,377.7,4.32,0.0
1630,1,313,0.3119999999999896,0.054313099041533544,377.8,4.32,0.0
1631,0,179,-0.8219999999999998,0.055865921787709494,377.9,4.32,0.0
1632,5,846,4.845000000000032,0.05555555555555555,378.3,4.32,0.0
1633,2,446,1.444999999999975,0.05605381165919283,378.6,4.32,0.0
1634,0,183,-0.8179999999999998,0.060109289617486336,378.7,4.32,0.0
1635,3,604,2.6029999999999576,0.056291390728476824,379.0,4.32,0.0
1636,1,314,0.3129999999999895,0.05732484076433121,379.2,4.32,0.0
1637,4,713,3.711999999999988,0.056100981767180924,379.5,4.32,0.0
1638,0,186,-0.8149999999999998,0.05913978494623656,379.6,4.32,0.0
1639,3,580,2.57899999999996,0.056896551724137934,379.9,4.32,0.0
1640,0,179,-0.8219999999999998,0.055865921787709494,380.0,4.32,0.0
1641,8,1274,8.272999999999946,0.05572998430141287,380.7,4.31,0.0
1642,3,579,2.5779999999999603,0.055267702936096716,381.0,4.31,0.0
1643,0,179,-0.8219999999999998,0.055865921787709494,381.1,4.31,0.0
1644,6,1001,6.000000000000083,0.055944055944055944,381.6,4.31,0.0
1645,3,584,2.5829999999999598,0.05650684931506849,381.9,4.31,0.0
1646,1,313,0.3119999999999896,0.054313099041533544,382.1,4.31,0.0
1647,0,185,-0.8159999999999998,0.05945945945945946,382.2,4.31,0.0
1648,0,179,-0.8219999999999998,0.055865921787709494,382.3,4.31,0.0
1649,3,579,2.5779999999999603,0.055267702936096716,382.6,4.31,0.0
1650,2,459,1.4579999999999735,0.05664488017429194,382.8,4.31,0.0
1651,3,579,2.5779999999999603,0.055267702936096716,383.1,4.31,0.0
1652,3,606,2.6049999999999573,0.056105610561056105,383.4,4.31,0.0
1653,2,446,1.444999999999975,0.053811659192825115,383.6,4.31,0.0
1654,0,179,-0.8219999999999998,0.055865921787709494,383.7,4.31,0.0
1655,4,732,3.7309999999999945,0.056010928961748634,384.1,4.31,0.0
1656,2,446,1.444999999999975,0.05605381165919283,384.4,4.31,0.0
1657,1,313,0.3119999999999896,0.05750798722044728,384.5,4.31,0.0
1658,3,579,2.5779999999999603,0.055267702936096716,384.8,4.31,0.0
1659,1,313,0.3119999999999896,0.05750798722044728,385.0,4.31,0.0
1660,3,587,2.5859999999999594,0.056218057921635436,385.3,4.31,0.0
1661,0,185,-0.8159999999999998,0.05945945945945946,385.4,4.31,0.0
1662,1,314,0.3129999999999895,0.05732484076433121,385.6,4.31,0.0
1663,0,179,-0.8219999999999998,0.055865921787709494,385.7,4.31,0.0
1664,0,179,-0.8219999999999998,0.055865921787709494,385.7,4.32,0.0
1665,1,313,0.3119999999999896,0.05750798722044728,385.9,4.32,0.0
1666,3,579,2.5779999999999603,0.055267702936096716,386.2,4.32,0.0
1667,5,846,4.845000000000032,0.05555555555555555,386.7,4.31,0.0
1668,1,313,0.3119999999999896,0.05750798722044728,386.9,4.31,0.0
1669,5,846,4.845000000000032,0.05555555555555555,387.3,4.31,0.0
1670,3,589,2.587999999999959,0.05602716468590832,387.6,4.31,0.0
1671,0,209,-0.7919999999999998,0.05741626794258373,387.7,4.31,0.0
1672,9,1384,9.382999999999885,0.05563583815028902,388.5,4.31,0.0
1673,2,446,1.444999999999975,0.053811659192825115,388.7,4.31,0.0
1674,1,315,0.3139999999999894,0.05714285714285714,388.9,4.31,0.0
1675,1,313,0.3119999999999896,0.05750798722044728,389.0,4.31,0.0
1676,1,318,0.31699999999998907,0.05660377358490566,389.2,4.31,0.0
1677,0,179,-0.8219999999999998,0.055865921787709494,389.3,4.31,0.0
1678,1,313,0.3119999999999896,0.05750798722044728,389.4,4.31,0.0
1679,0,179,-0.8219999999999998,0.055865921787709494,389.5,4.31,0.0
1680,0,179,-0.8219999999999998,0.055865921787709494,389.6,4.31,0.0
1681,0,179,-0.8219999999999998,0.055865921787709494,389.7,4.32,0.0
1682,1,313,0.3119999999999896,0.054313099041533544,389.9,4.32,0.0
1683,3,592,2.590999999999959,0.05574324324324324,390.2,4.32,0.0
1684,0,179,-0.8219999999999998,0.055865921787709494,390.3,4.32,0.0
1685,1,313,0.3119999999999896,0.054313099041533544,390.5,4.32,0.0
1686,1,315,0.3139999999999894,0.05714285714285714,390.7,4.32,0.0
1687,3,602,2.600999999999958,0.05647840531561462,391.0,4.32,0.0
1688,0,179,-0.8219999999999998,0.055865921787709494,391.1,4.32,0.0
1689,1,336,0.3349999999999871,0.05654761904761905,391.3,4.32,0.0
1690,4,715,3.713999999999989,0.055944055944055944,391.7,4.32,0.0
1691,0,208,-0.7929999999999998,0.057692307692307696,391.8,4.32,0.0
1692,0,189,-0.8119999999999998,0.0582010582010582,391.9,4.32,0.0
1693,0,190,-0.8109999999999998,0.05789473684210526,392.0,4.32,0.0
1694,2,462,1.4609999999999732,0.05627705627705628,392.2,4.32,0.0
1695,0,179,-0.8219999999999998,0.055865921787709494,392.3,4.32,0.0
1696,2,446,1.444999999999975,0.05605381165919283,392.5,4.32,0.0
1697,1,313,0.3119999999999896,0.054313099041533544,392.7,4.32,0.0
1698,6,979,5.978000000000075,0.056179775280898875,393.2,4.32,0.0
1699,0,179,-0.8219999999999998,0.055865921787709494,393.3,4.32,0.0
1700,3,597,2.5959999999999583,0.05695142378559464,393.6,4.32,0.0
1701,0,185,-0.8159999999999998,0.05945945945945946,393.7,4.32,0.0
1702,11,1646,11.64499999999974,0.05528554070473876,394.7,4.32,0.0
1703,0,187,-0.8139999999999998,0.058823529411764705,394.8,4.32,0.0
1704,4,726,3.7249999999999925,0.05647382920110193,395.1,4.31,0.0
1705,0,179,-0.8219999999999998,0.055865921787709494,395.2,4.32,0.0
1706,0,179,-0.8219999999999998,0.055865921787709494,395.3,4.32,0.0
1707,5,851,4.850000000000033,0.0564042303172738,395.8,4.32,0.0
1708,3,579,2.5779999999999603,0.055267702936096716,396.1,4.31,0.0
1709,0,179,-0.8219999999999998,0.05027932960893855,396.2,4.32,0.0
1710,1,313,0.3119999999999896,0.054313099041533544,396.3,4.32,0.0
1711,2,460,1.4589999999999734,0.05652173913043478,396.6,4.32,0.0
1712,1,317,0.3159999999999892,0.056782334384858045,396.7,4.32,0.0
1713,3,582,2.58099999999996,0.05670103092783505,397.0,4.32,0.0
1714,0,203,-0.7979999999999998,0.059113300492610835,397.2,4.32,0.0
1715,1,313,0.3119999999999896,0.054313099041533544,397.3,4.32,0.0
1716,0,179,-0.8219999999999998,0.055865921787709494,397.4,4.32,0.0
1717,0,208,-0.7929999999999998,0.057692307692307696,397.5,4.32,0.0
1718,7,1113,7.112000000000036,0.055705300988319856,398.1,4.32,0.0
1719,1,321,0.31999999999998874,0.056074766355140186,398.3,4.32,0.0
1720,0,185,-0.8159999999999998,0.05945945945945946,398.4,4.32,0.0
1721,1,320,0.31899999999998885,0.05625,398.5,4.32,0.0
1722,0,179,-0.8219999999999998,0.055865921787709494,398.6,4.32,0.0
1723,2,446,1.444999999999975,0.05605381165919283,398.9,4.32,0.0
1724,0,194,-0.8069999999999998,0.05670103092783505,399.0,4.32,0.0
1725,4,727,3.725999999999993,0.05639614855570839,399.3,4.32,0.0
1726,0,186,-0.8149999999999998,0.05913978494623656,399.4,4.32,0.0
1727,1,313,0.3119999999999896,0.054313099041533544,399.6,4.32,0.0
1728,2,447,1.4459999999999749,0.05592841163310962,399.8,4.32,0.0
1729,0,184,-0.8169999999999998,0.059782608695652176,399.9,4.33,0.0
1730,0,179,-0.8219999999999998,0.055865921787709494,400.0,4.33,0.0
1731,4,713,3.711999999999988,0.0546984572230014,400.4,4.33,0.0
1732,0,182,-0.8189999999999998,0.06043956043956044,400.5,4.33,0.0
1733,1,313,0.3119999999999896,0.05750798722044728,400.6,4.33,0.0
1734,0,179,-0.8219999999999998,0.055865921787709494,400.7,4.33,0.0
1735,1,313,0.3119999999999896,0.054313099041533544,400.9,4.33,0.0
1736,1,319,0.31799999999998896,0.05642633228840126,401.1,4.33,0.0
1737,5,862,4.861000000000037,0.05568445475638051,401.5,4.33,0.0
1738,0,184,-0.8169999999999998,0.059782608695652176,401.6,4.33,0.0
1739,1,313,0.3119999999999896,0.05750798722044728,401.8,4.33,0.0
1740,2,446,1.444999999999975,0.05605381165919283,402.0,4.33,0.0
1741,9,1380,9.378999999999888,0.05579710144927536,402.7,4.33,0.0
1742,1,313,0.3119999999999896,0.054313099041533544,402.9,4.33,0.0
1743,0,186,-0.8149999999999998,0.05913978494623656,403.0,4.33,0.0
1744,5,846,4.845000000000032,0.05555555555555555,403.4,4.33,0.0
1745,3,579,2.5779999999999603,0.055267702936096716,403.7,4.32,0.0
1746,3,579,2.5779999999999603,0.055267702936096716,404.0,4.32,0.0
1747,3,579,2.5779999999999603,0.055267702936096716,404.3,4.32,0.0
1748,0,179,-0.8219999999999998,0.055865921787709494,404.4,4.32,0.0
1749,1,313,0.3119999999999896,0.05750798722044728,404.6,4.33,0.0
1750,4,713,3.711999999999988,0.056100981767180924,405.0,4.32,0.0
1751,2,446,1.444999999999975,0.053811659192825115,405.2,4.32,0.0
1752,0,179,-0.8219999999999998,0.055865921787709494,405.3,4.32,0.0
1753,2,446,1.444999999999975,0.053811659192825115,405.6,4.32,0.0
1754,0,184,-0.8169999999999998,0.059782608695652176,405.7,4.33,0.0
1755,3,579,2.5779999999999603,0.055267702936096716,406.0,4.33,0.0
1756,1,313,0.3119999999999896,0.054313099041533544,406.1,4.33,0.0
1757,9,1379,9.377999999999888,0.05583756345177665,406.9,4.32,0.0
1758,1,313,0.3119999999999896,0.05750798722044728,407.1,4.32,0.0
1759,0,188,-0.8129999999999998,0.05851063829787234,407.2,4.32,0.0
1760,1,320,0.31899999999998885,0.05625,407.3,4.32,0.0
1761,0,184,-0.8169999999999998,0.059782608695652176,407.4,4.32,0.0
1762,1,319,0.31799999999998896,0.05642633228840126,407.6,4.33,0.0
1763,0,179,-0.8219999999999998,0.05027932960893855,407.7,4.33,0.0
1764,1,313,0.3119999999999896,0.054313099041533544,407.9,4.33,0.0
1765,2,471,1.4699999999999722,0.05732484076433121,408.1,4.33,0.0
1766,3,610,2.608999999999957,0.05573770491803279,408.5,4.33,0.0
1767,0,190,-0.8109999999999998,0.05789473684210526,408.6,4.33,0.0
1768,0,191,-0.8099999999999998,0.05759162303664921,408.7,4.33,0.0
1769,3,579,2.5779999999999603,0.055267702936096716,409.0,4.33,0.0
1770,6,979,5.978000000000075,0.05515832482124617,409.5,4.32,0.0
1771,1,313,0.3119999999999896,0.05750798722044728,409.7,4.33,0.0
1772,0,179,-0.8219999999999998,0.055865921787709494,409.8,4.33,0.0
1773,0,179,-0.8219999999999998,0.055865921787709494,409.9,4.33,0.0
1774,1,336,0.3349999999999871,0.05654761904761905,410.1,4.33,0.0
1775,0,179,-0.8219999999999998,0.055865921787709494,410.2,4.33,0.0
1776,4,713,3.711999999999988,0.0546984572230014,410.5,4.33,0.0
1777,4,713,3.711999999999988,0.0546984572230014,410.9,4.33,0.0
1778,1,313,0.3119999999999896,0.054313099041533544,411.1,4.33,0.0
1779,5,853,4.852000000000034,0.05627198124267292,411.5,4.33,0.0
1780,0,185,-0.8159999999999998,0.05945945945945946,411.6,4.33,0.0
1781,1,317,0.3159999999999892,0.056782334384858045,411.8,4.33,0.0
1782,3,579,2.5779999999999603,0.055267702936096716,412.1,4.33,0.0
1783,2,446,1.444999999999975,0.05605381165919283,412.3,4.33,0.0
1784,10,1513,10.511999999999814,0.05551883674818242,413.1,4.32,0.0
1785,3,599,2.597999999999958,0.05676126878130217,413.5,4.32,0.0
1786,0,179,-0.8219999999999998,0.055865921787709494,413.6,4.32,0.0
1787,4,728,3.726999999999993,0.05631868131868132,413.9,4.32,0.0
1788,0,179,-0.8219999999999998,0.055865921787709494,414.0,4.32,0.0
1789,1,313,0.3119999999999896,0.054313099041533544,414.2,4.32,0.0
1790,2,446,1.444999999999975,0.05605381165919283,414.4,4.32,0.0
1791,8,1246,8.244999999999962,0.05537720706260032,415.1,4.32,0.0
1792,1,332,0.3309999999999875,0.0572289156626506,415.3,4.32,0.0
1793,3,603,2.6019999999999577,0.05638474295190713,415.6,4.32,0.0
1794,2,453,1.4519999999999742,0.05739514348785872,415.8,4.32,0.0
1795,10,1513,10.511999999999814,0.05551883674818242,416.7,4.31,0.0
1796,0,179,-0.8219999999999998,0.055865921787709494,416.8,4.31,0.0
1797,7,1123,7.12200000000003,0.05609973285841496,417.4,4.31,0.0
1798,6,979,5.978000000000075,0.05515832482124617,417.9,4.30,0.0
1799,2,446,1.444999999999975,0.053811659192825115,418.1,4.30,0.0
1800,2,446,1.444999999999975,0.05605381165919283,418.4,4.30,0.0
1801,0,196,-0.8049999999999998,0.05612244897959184,418.5,4.31,0.0
1802,2,476,1.4749999999999717,0.05672268907563025,418.7,4.31,0.0
1803,3,579,2.5779999999999603,0.055267702936096716,419.0,4.31,0.0
1804,5,858,4.857000000000036,0.055944055944055944,419.5,4.30,0.0
1805,8,1246,8.244999999999962,0.05537720706260032,420.2,4.30,0.0
1806,0,183,-0.8179999999999998,0.060109289617486336,420.3,4.30,0.0
1807,3,580,2.57899999999996,0.056896551724137934,420.6,4.30,0.0
1808,3,602,2.600999999999958,0.05647840531561462,420.9,4.30,0.0
1809,4,713,3.711999999999988,0.0546984572230014,421.3,4.30,0.0
1810,2,446,1.444999999999975,0.05605381165919283,421.5,4.30,0.0
1811,0,179,-0.8219999999999998,0.055865921787709494,421.6,4.30,0.0
1812,4,713,3.711999999999988,0.056100981767180924,422.0,4.30,0.0
1813,3,583,2.58199999999996,0.05660377358490566,422.3,4.30,0.0
1814,5,846,4.845000000000032,0.05555555555555555,422.7,4.29,0.0
1815,5,846,4.845000000000032,0.05555555555555555,423.2,4.29,0.0
1816,0,179,-0.8219999999999998,0.055865921787709494,423.3,4.29,0.0
1817,5,851,4.850000000000033,0.0564042303172738,423.7,4.29,0.0
1818,2,454,1.452999999999974,0.05726872246696035,424.0,4.29,0.0
1819,2,446,1.444999999999975,0.05605381165919283,424.2,4.29,0.0
1820,5,846,4.845000000000032,0.05555555555555555,424.6,4.29,0.0
1821,0,179,-0.8219999999999998,0.055865921787709494,424.7,4.29,0.0
1822,4,728,3.726999999999993,0.05631868131868132,425.1,4.29,0.0
1823,0,179,-0.8219999999999998,0.055865921787709494,425.2,4.29,0.0
1824,3,579,2.5779999999999603,0.055267702936096716,425.5,4.29,0.0
1825,0,179,-0.8219999999999998,0.055865921787709494,425.6,4.29,0.0
1826,3,579,2.5779999999999603,0.055267702936096716,425.9,4.29,0.0
1827,2,446,1.444999999999975,0.05605381165919283,426.1,4.29,0.0
1828,2,446,1.444999999999975,0.05605381165919283,426.4,4.29,0.0
1829,5,852,4.851000000000034,0.056338028169014086,426.8,4.29,0.0
1830,4,713,3.711999999999988,0.0546984572230014,427.3,4.29,0.0
1831,2,446,1.444999999999975,0.05605381165919283,427.5,4.29,0.0
1832,0,211,-0.7899999999999998,0.05687203791469194,427.6,4.29,0.0
1833,0,187,-0.8139999999999998,0.058823529411764705,427.7,4.29,0.0
1834,0,179,-0.8219999999999998,0.055865921787709494,427.8,4.29,0.0
1835,3,579,2.5779999999999603,0.055267702936096716,428.1,4.29,0.0
1836,2,474,1.4729999999999719,0.056962025316455694,428.4,4.29,0.0
1837,4,727,3.725999999999993,0.05639614855570839,428.8,4.29,0.0
1838,1,313,0.3119999999999896,0.05750798722044728,428.9,4.29,0.0
1839,1,314,0.3129999999999895,0.05732484076433121,429.1,4.29,0.0
1840,2,456,1.4549999999999739,0.05701754385964912,429.3,4.29,0.0
1841,0,212,-0.7889999999999998,0.05660377358490566,429.4,4.29,0.0
1842,1,313,0.3119999999999896,0.054313099041533544,429.6,4.29,0.0
1843,0,179,-0.8219999999999998,0.055865921787709494,429.7,4.29,0.0
1844,7,1121,7.120000000000031,0.056199821587867974,430.3,4.29,0.0
1845,0,179,-0.8219999999999998,0.055865921787709494,430.4,4.29,0.0
1846,0,190,-0.8109999999999998,0.05789473684210526,430.5,4.29,0.0
1847,5,850,4.849000000000033,0.05647058823529412,431.0,4.29,0.0
1848,0,184,-0.8169999999999998,0.059782608695652176,431.1,4.29,0.0
1849,4,735,3.7339999999999955,0.055782312925170066,431.5,4.29,0.0
1850,4,729,3.7279999999999935,0.056241426611796985,431.8,4.29,0.0
1851,1,313,0.3119999999999896,0.054313099041533544,432.0,4.29,0.0
1852,2,446,1.444999999999975,0.05605381165919283,432.2,4.29,0.0
1853,1,317,0.3159999999999892,0.056782334384858045,432.4,4.29,0.0
1854,0,179,-0.8219999999999998,0.055865921787709494,432.5,4.29,0.0
1855,2,446,1.444999999999975,0.05605381165919283,432.7,4.29,0.0
1856,3,579,2.5779999999999603,0.055267702936096716,433.0,4.29,0.0
1857,0,179,-0.8219999999999998,0.055865921787709494,433.1,4.29,0.0
1858,2,478,1.4769999999999714,0.056485355648535567,433.4,4.29,0.0
1859,0,192,-0.8089999999999998,0.057291666666666664,433.5,4.29,0.0
1860,1,313,0.3119999999999896,0.054313099041533544,433.6,4.29,0.0
1861,0,192,-0.8089999999999998,0.057291666666666664,433.7,4.29,0.0
1862,5,846,4.845000000000032,0.05555555555555555,434.2,4.29,0.0
1863,3,579,2.5779999999999603,0.055267702936096716,434.5,4.29,0.0
1864,3,579,2.5779999999999603,0.055267702936096716,434.8,4.29,0.0
1865,1,313,0.3119999999999896,0.05750798722044728,434.9,4.29,0.0
1866,0,179,-0.8219999999999998,0.055865921787709494,435.0,4.29,0.0
1867,0,179,-0.8219999999999998,0.055865921787709494,435.1,4.29,0.0
1868,1,340,0.33899999999998665,0.05588235294117647,435.3,4.29,0.0
1869,2,463,1.461999999999973,0.056155507559395246,435.6,4.29,0.0
1870,3,590,2.588999999999959,0.05593220338983051,435.9,4.29,0.0
1871,0,179,-0.8219999999999998,0.055865921787709494,436.0,4.29,0.0
1872,4,746,3.744999999999999,0.05630026809651475,436.4,4.29,0.0
1873,2,446,1.444999999999975,0.05605381165919283,436.6,4.29,0.0
1874,0,179,-0.8219999999999998,0.055865921787709494,436.7,4.29,0.0
1875,4,714,3.7129999999999885,0.056022408963585436,437.0,4.29,0.0
1876,2,446,1.444999999999975,0.05605381165919283,437.3,4.29,0.0
1877,1,338,0.33699999999998687,0.05621301775147929,437.5,4.29,0.0
1878,1,314,0.3129999999999895,0.05732484076433121,437.6,4.29,0.0
1879,6,979,5.978000000000075,0.056179775280898875,438.1,4.29,0.0
1880,1,332,0.3309999999999875,0.0572289156626506,438.3,4.29,0.0
1881,2,459,1.4579999999999735,0.05664488017429194,438.5,4.29,0.0
1882,0,179,-0.8219999999999998,0.055865921787709494,438.6,4.29,0.0
1883,0,179,-0.8219999999999998,0.055865921787709494,438.7,4.29,0.0
1884,1,313,0.3119999999999896,0.05750798722044728,438.9,4.30,0.0
1885,4,713,3.711999999999988,0.056100981767180924,439.3,4.29,0.0
1886,2,458,1.4569999999999736,0.056768558951965066,439.5,4.29,0.0
1887,2,446,1.444999999999975,0.05605381165919283,439.7,4.29,0.0
1888,2,446,1.444999999999975,0.05605381165919283,440.0,4.29,0.0
1889,3,585,2.5839999999999597,0.05641025641025641,440.3,4.29,0.0
1890,1,319,0.31799999999998896,0.05642633228840126,440.4,4.29,0.0
1891,0,179,-0.8219999999999998,0.055865921787709494,440.5,4.29,0.0
1892,1,313,0.3119999999999896,0.05750798722044728,440.7,4.30,0.0
1893,2,458,1.4569999999999736,0.056768558951965066,440.9,4.30,0.0
1894,4,715,3.713999999999989,0.055944055944055944,441.3,4.29,0.0
1895,0,179,-0.8219999999999998,0.055865921787709494,441.4,4.30,0.0
1896,0,179,-0.8219999999999998,0.055865921787709494,441.5,4.30,0.0
1897,0,189,-0.8119999999999998,0.0582010582010582,441.6,4.30,0.0
1898,3,579,2.5779999999999603,0.055267702936096716,441.9,4.30,0.0
1899,0,179,-0.8219999999999998,0.055865921787709494,442.0,4.30,0.0
1900,2,465,1.4639999999999729,0.05591397849462366,442.2,4.30,0.0
1901,0,179,-0.8219999999999998,0.055865921787709494,442.3,4.30,0.0
1902,3,579,2.5779999999999603,0.055267702936096716,442.7,4.30,0.0
1903,0,179,-0.8219999999999998,0.05027932960893855,442.7,4.30,0.0
1904,0,190,-0.8109999999999998,0.05789473684210526,442.8,4.30,0.0
1905,10,1513,10.511999999999814,0.05551883674818242,443.6,4.30,0.0
1906,0,189,-0.8119999999999998,0.0582010582010582,443.7,4.30,0.0
1907,1,313,0.3119999999999896,0.054313099041533544,443.9,4.30,0.0
1908,4,714,3.7129999999999885,0.056022408963585436,444.3,4.30,0.0
1909,1,338,0.33699999999998687,0.05621301775147929,444.5,4.30,0.0
1910,0,179,-0.8219999999999998,0.055865921787709494,444.5,4.30,0.0
1911,6,979,5.978000000000075,0.05515832482124617,445.1,4.30,0.0
1912,1,313,0.3119999999999896,0.054313099041533544,445.2,4.30,0.0
1913,0,179,-0.8219999999999998,0.05027932960893855,445.3,4.30,0.0
1914,2,466,1.4649999999999728,0.055793991416309016,445.6,4.30,0.0
1915,4,713,3.711999999999988,0.0546984572230014,445.9,4.30,0.0
1916,3,579,2.5779999999999603,0.055267702936096716,446.2,4.30,0.0
1917,2,446,1.444999999999975,0.05605381165919283,446.5,4.30,0.0
1918,1,313,0.3119999999999896,0.054313099041533544,446.6,4.30,0.0
1919,1,313,0.3119999999999896,0.054313099041533544,446.8,4.30,0.0
1920,5,846,4.845000000000032,0.05555555555555555,447.2,4.30,0.0
1921,0,179,-0.8219999999999998,0.055865921787709494,447.3,4.30,0.0
1922,4,735,3.7339999999999955,0.055782312925170066,447.7,4.29,0.0
1923,3,579,2.5779999999999603,0.055267702936096716,448.0,4.29,0.0
1924,5,857,4.856000000000035,0.056009334889148193,448.5,4.29,0.0
1925,0,179,-0.8219999999999998,0.055865921787709494,448.6,4.29,0.0
1926,2,461,1.4599999999999733,0.05639913232104121,448.9,4.29,0.0
1927,0,179,-0.8219999999999998,0.055865921787709494,448.9,4.29,0.0
1928,1,316,0.3149999999999893,0.056962025316455694,449.1,4.30,0.0
1929,4,729,3.7279999999999935,0.056241426611796985,449.5,4.29,0.0
1930,6,979,5.978000000000075,0.05515832482124617,450.0,4.29,0.0
1931,2,446,1.444999999999975,0.05605381165919283,450.2,4.29,0.0
1932,1,321,0.31999999999998874,0.056074766355140186,450.4,4.29,0.0
1933,3,579,2.5779999999999603,0.055267702936096716,450.7,4.29,0.0
1934,2,458,1.4569999999999736,0.056768558951965066,451.0,4.29,0.0
1935,0,188,-0.8129999999999998,0.05851063829787234,451.1,4.29,0.0
1936,8,1246,8.244999999999962,0.05537720706260032,451.7,4.29,0.0
1937,2,447,1.4459999999999749,0.05592841163310962,452.0,4.29,0.0
1938,2,465,1.4639999999999729,0.05591397849462366,452.2,4.29,0.0
1939,2,446,1.444999999999975,0.05605381165919283,452.5,4.29,0.0
1940,2,457,1.4559999999999738,0.05689277899343545,452.7,4.29,0.0
1941,1,341,0.33999999999998654,0.05571847507331378,452.9,4.29,0.0
1942,1,315,0.3139999999999894,0.05714285714285714,453.1,4.29,0.0
1943,1,313,0.3119999999999896,0.054313099041533544,453.2,4.29,0.0
1944,0,192,-0.8089999999999998,0.057291666666666664,453.3,4.29,0.0
1945,3,592,2.590999999999959,0.05574324324324324,453.6,4.29,0.0
1946,10,1513,10.511999999999814,0.05551883674818242,454.5,4.28,0.0
1947,1,313,0.3119999999999896,0.05750798722044728,454.6,4.28,0.0
1948,2,446,1.444999999999975,0.053811659192825115,454.9,4.28,0.0
1949,2,466,1.4649999999999728,0.055793991416309016,455.1,4.28,0.0
1950,3,579,2.5779999999999603,0.055267702936096716,455.4,4.28,0.0
1951,5,861,4.860000000000037,0.05574912891986063,455.8,4.28,0.0
1952,1,313,0.3119999999999896,0.054313099041533544,456.0,4.28,0.0
1953,4,713,3.711999999999988,0.0546984572230014,456.4,4.28,0.0
1954,2,446,1.444999999999975,0.05605381165919283,456.6,4.28,0.0
1955,2,446,1.444999999999975,0.05605381165919283,456.8,4.28,0.0
1956,3,611,2.609999999999957,0.05564648117839607,457.2,4.28,0.0
1957,5,855,4.854000000000035,0.056140350877192984,457.6,4.28,0.0
1958,0,184,-0.8169999999999998,0.059782608695652176,457.7,4.28,0.0
1959,1,313,0.3119999999999896,0.054313099041533544,457.9,4.28,0.0
1960,1,313,0.3119999999999896,0.05750798722044728,458.1,4.28,0.0
1961,0,179,-0.8219999999999998,0.055865921787709494,458.2,4.28,0.0
1962,2,460,1.4589999999999734,0.05652173913043478,458.4,4.28,0.0
1963,1,313,0.3119999999999896,0.054313099041533544,458.6,4.28,0.0
1964,1,334,0.3329999999999873,0.05688622754491018,458.7,4.28,0.0
1965,4,727,3.725999999999993,0.05639614855570839,459.1,4.28,0.0
1966,1,320,0.31899999999998885,0.05625,459.3,4.28,0.0
1967,0,179,-0.8219999999999998,0.055865921787709494,459.4,4.28,0.0
1968,0,179,-0.8219999999999998,0.055865921787709494,459.5,4.29,0.0
1969,5,846,4.845000000000032,0.05555555555555555,459.9,4.28,0.0
1970,1,315,0.3139999999999894,0.05714285714285714,460.1,4.28,0.0
1971,0,179,-0.8219999999999998,0.055865921787709494,460.2,4.29,0.0
1972,5,846,4.845000000000032,0.05555555555555555,460.6,4.28,0.0
1973,1,313,0.3119999999999896,0.05750798722044728,460.8,4.28,0.0
1974,0,197,-0.8039999999999998,0.05583756345177665,460.9,4.28,0.0
1975,0,179,-0.8219999999999998,0.055865921787709494,461.0,4.29,0.0
1976,0,179,-0.8219999999999998,0.055865921787709494,461.1,4.29,0.0
1977,5,852,4.851000000000034,0.056338028169014086,461.5,4.29,0.0
1978,0,179,-0.8219999999999998,0.055865921787709494,461.6,4.29,0.0
1979,0,179,-0.8219999999999998,0.055865921787709494,461.7,4.29,0.0
1980,0,179,-0.8219999999999998,0.055865921787709494,461.8,4.29,0.0
1981,0,179,-0.8219999999999998,0.055865921787709494,461.9,4.29,0.0
1982,3,584,2.5829999999999598,0.05650684931506849,462.2,4.29,0.0
1983,3,579,2.5779999999999603,0.055267702936096716,462.5,4.29,0.0
1984,3,579,2.5779999999999603,0.055267702936096716,462.8,4.29,0.0
1985,4,620,3.618999999999957,0.056451612903225805,463.2,4.29,0.0
1986,3,579,2.5779999999999603,0.05699481865284974,463.5,4.29,0.0
1987,0,186,-0.8149999999999998,0.05913978494623656,463.6,4.29,0.0
1988,2,460,1.4589999999999734,0.05652173913043478,463.8,4.29,0.0
1989,2,446,1.444999999999975,0.05605381165919283,464.0,4.29,0.0
1990,3,609,2.607999999999957,0.05582922824302135,464.3,4.29,0.0
1991,2,446,1.444999999999975,0.05605381165919283,464.6,4.29,0.0
1992,3,579,2.5779999999999603,0.055267702936096716,464.9,4.29,0.0
1993,1,313,0.3119999999999896,0.05750798722044728,465.0,4.29,0.0
1994,1,313,0.3119999999999896,0.05750798722044728,465.2,4.29,0.0
1995,3,579,2.5779999999999603,0.055267702936096716,465.5,4.29,0.0
1996,5,854,4.853000000000034,0.05620608899297424,465.9,4.29,0.0
1997,3,579,2.5779999999999603,0.055267702936096716,466.3,4.29,0.0
1998,7,1142,7.1410000000000196,0.05604203152364273,466.8,4.28,0.0
1999,1,313,0.3119999999999896,0.054313099041533544,467.0,4.28,0.0
2000,0,179,-0.8219999999999998,0.055865921787709494,467.1,4.28,0.0
2001,4,713,3.711999999999988,0.056100981767180924,470.4,4.26,0.0
2002,2,446,1.444999999999975,0.05605381165919283,470.6,4.26,0.0
2003,2,446,1.444999999999975,0.05605381165919283,470.9,4.26,0.0
2004,2,467,1.4659999999999727,0.055674518201284794,471.1,4.26,0.0
2005,1,335,0.3339999999999872,0.056716417910447764,471.3,4.26,0.0
2006,4,714,3.7129999999999885,0.056022408963585436,471.7,4.26,0.0
2007,2,446,1.444999999999975,0.05605381165919283,471.9,4.26,0.0
2008,4,713,3.711999999999988,0.056100981767180924,472.3,4.25,0.0
2009,2,446,1.444999999999975,0.05605381165919283,472.5,4.25,0.0
2010,7,1113,7.112000000000036,0.055705300988319856,473.1,4.25,0.0
2011,1,313,0.3119999999999896,0.054313099041533544,473.2,4.25,0.0
2012,4,713,3.711999999999988,0.056100981767180924,473.6,4.25,0.0
2013,1,313,0.3119999999999896,0.054313099041533544,473.8,4.25,0.0
2014,0,193,-0.8079999999999998,0.05699481865284974,473.9,4.25,0.0
2015,4,713,3.711999999999988,0.056100981767180924,474.2,4.25,0.0
2016,3,582,2.58099999999996,0.05670103092783505,474.6,4.25,0.0
2017,0,192,-0.8089999999999998,0.057291666666666664,474.7,4.25,0.0
2018,0,184,-0.8169999999999998,0.059782608695652176,474.7,4.25,0.0
2019,4,713,3.711999999999988,0.056100981767180924,475.1,4.25,0.0
2020,0,187,-0.8139999999999998,0.058823529411764705,475.2,4.25,0.0
2021,3,579,2.5779999999999603,0.055267702936096716,475.6,4.25,0.0
2022,0,187,-0.8139999999999998,0.058823529411764705,475.7,4.25,0.0
2023,1,313,0.3119999999999896,0.054313099041533544,475.8,4.25,0.0
2024,0,179,-0.8219999999999998,0.055865921787709494,475.9,4.25,0.0
2025,2,446,1.444999999999975,0.05605381165919283,476.2,4.25,0.0
2026,0,179,-0.8219999999999998,0.055865921787709494,476.3,4.26,0.0
2027,0,179,-0.8219999999999998,0.055865921787709494,476.4,4.26,0.0
2028,0,182,-0.8189999999999998,0.06043956043956044,476.5,4.26,0.0
2029,0,195,-0.8059999999999998,0.05641025641025641,476.6,4.26,0.0
2030,1,313,0.3119999999999896,0.054313099041533544,476.8,4.26,0.0
2031,10,1513,10.511999999999814,0.05551883674818242,477.6,4.25,0.0
2032,5,853,4.852000000000034,0.05627198124267292,478.1,4.25,0.0
2033,1,313,0.3119999999999896,0.054313099041533544,478.2,4.25,0.0
2034,0,179,-0.8219999999999998,0.055865921787709494,478.3,4.25,0.0
2035,2,455,1.453999999999974,0.05714285714285714,478.6,4.25,0.0
2036,0,179,-0.8219999999999998,0.055865921787709494,478.6,4.26,0.0
2037,0,179,-0.8219999999999998,0.055865921787709494,478.7,4.26,0.0
2038,1,313,0.3119999999999896,0.054313099041533544,478.9,4.26,0.0
2039,0,179,-0.8219999999999998,0.055865921787709494,479.0,4.26,0.0
2040,3,579,2.5779999999999603,0.055267702936096716,479.3,4.26,0.0
2041,1,313,0.3119999999999896,0.054313099041533544,479.5,4.26,0.0
2042,0,179,-0.8219999999999998,0.055865921787709494,479.6,4.26,0.0
2043,2,461,1.4599999999999733,0.05639913232104121,479.8,4.26,0.0
2044,0,179,-0.8219999999999998,0.055865921787709494,479.9,4.26,0.0
2045,0,179,-0.8219999999999998,0.055865921787709494,480.0,4.26,0.0
2046,2,446,1.444999999999975,0.053811659192825115,480.2,4.26,0.0
2047,6,979,5.978000000000075,0.056179775280898875,480.7,4.26,0.0
2048,0,179,-0.8219999999999998,0.055865921787709494,480.8,4.26,0.0
2049,0,195,-0.8059999999999998,0.05641025641025641,480.9,4.26,0.0
2050,1,315,0.3139999999999894,0.05714285714285714,481.1,4.26,0.0
2051,2,455,1.453999999999974,0.05714285714285714,481.4,4.26,0.0
2052,1,313,0.3119999999999896,0.054313099041533544,481.5,4.26,0.0
2053,1,313,0.3119999999999896,0.054313099041533544,481.7,4.26,0.0
2054,4,729,3.7279999999999935,0.056241426611796985,482.1,4.26,0.0
2055,1,313,0.3119999999999896,0.054313099041533544,482.3,4.26,0.0
2056,0,179,-0.8219999999999998,0.055865921787709494,482.4,4.26,0.0
2057,0,179,-0.8219999999999998,0.055865921787709494,482.5,4.27,0.0
2058,4,713,3.711999999999988,0.056100981767180924,482.8,4.26,0.0
2059,2,461,1.4599999999999733,0.05639913232104121,483.1,4.26,0.0
2060,2,457,1.4559999999999738,0.05689277899343545,483.3,4.26,0.0
2061,0,179,-0.8219999999999998,0.055865921787709494,483.4,4.27,0.0
2062,1,313,0.3119999999999896,0.054313099041533544,483.6,4.27,0.0
2063,4,728,3.726999999999993,0.05631868131868132,484.0,4.26,0.0
2064,4,713,3.711999999999988,0.056100981767180924,484.3,4.26,0.0
2065,5,854,4.853000000000034,0.05620608899297424,484.8,4.26,0.0
2066,3,579,2.5779999999999603,0.055267702936096716,485.1,4.26,0.0
2067,0,179,-0.8219999999999998,0.055865921787709494,485.2,4.26,0.0
2068,0,179,-0.8219999999999998,0.055865921787709494,485.3,4.26,0.0
2069,3,611,2.609999999999957,0.05564648117839607,485.6,4.26,0.0
2070,4,713,3.711999999999988,0.056100981767180924,486.0,4.26,0.0
2071,0,179,-0.8219999999999998,0.055865921787709494,486.1,4.26,0.0
2072,1,313,0.3119999999999896,0.05750798722044728,486.3,4.26,0.0
2073,0,179,-0.8219999999999998,0.055865921787709494,486.4,4.26,0.0
2074,3,583,2.58199999999996,0.05660377358490566,486.7,4.26,0.0
2075,5,850,4.849000000000033,0.05647058823529412,487.1,4.26,0.0
2076,4,713,3.711999999999988,0.056100981767180924,487.5,4.26,0.0
2077,2,446,1.444999999999975,0.05605381165919283,487.7,4.26,0.0
2078,2,446,1.444999999999975,0.05605381165919283,488.0,4.26,0.0
2079,0,179,-0.8219999999999998,0.055865921787709494,488.1,4.26,0.0
2080,1,313,0.3119999999999896,0.054313099041533544,488.2,4.26,0.0
2081,0,185,-0.8159999999999998,0.05945945945945946,488.3,4.26,0.0
2082,1,315,0.3139999999999894,0.05714285714285714,488.5,4.26,0.0
2083,0,179,-0.8219999999999998,0.055865921787709494,488.6,4.27,0.0
2084,2,458,1.4569999999999736,0.056768558951965066,488.8,4.27,0.0
2085,0,179,-0.8219999999999998,0.055865921787709494,488.9,4.27,0.0
2086,0,179,-0.8219999999999998,0.055865921787709494,489.0,4.27,0.0
2087,2,446,1.444999999999975,0.05605381165919283,489.2,4.27,0.0
2088,4,729,3.7279999999999935,0.056241426611796985,489.6,4.27,0.0
2089,0,179,-0.8219999999999998,0.055865921787709494,489.7,4.27,0.0
2090,0,179,-0.8219999999999998,0.055865921787709494,489.8,4.27,0.0
2091,1,313,0.3119999999999896,0.054313099041533544,490.0,4.27,0.0
2092,0,179,-0.8219999999999998,0.055865921787709494,490.1,4.27,0.0
2093,2,454,1.452999999999974,0.05726872246696035,490.3,4.27,0.0
2094,0,179,-0.8219999999999998,0.055865921787709494,490.4,4.27,0.0
2095,0,179,-0.8219999999999998,0.055865921787709494,490.5,4.27,0.0
2096,0,194,-0.8069999999999998,0.05670103092783505,490.6,4.27,0.0
2097,0,193,-0.8079999999999998,0.05699481865284974,490.7,4.28,0.0
2098,5,860,4.859000000000036,0.05581395348837209,491.2,4.27,0.0
2099,4,713,3.711999999999988,0.0546984572230014,491.6,4.27,0.0
2100,1,336,0.3349999999999871,0.05654761904761905,491.8,4.27,0.0
2101,1,313,0.3119999999999896,0.05750798722044728,491.9,4.27,0.0
2102,3,579,2.5779999999999603,0.055267702936096716,492.2,4.27,0.0
2103,0,187,-0.8139999999999998,0.058823529411764705,492.3,4.27,0.0
2104,5,863,4.862000000000037,0.055619930475086905,492.8,4.27,0.0
2105,0,192,-0.8089999999999998,0.057291666666666664,492.9,4.27,0.0
2106,1,313,0.3119999999999896,0.054313099041533544,493.1,4.27,0.0
2107,0,187,-0.8139999999999998,0.058823529411764705,493.2,4.27,0.0
2108,3,582,2.58099999999996,0.05670103092783505,493.5,4.27,0.0
2109,3,579,2.5779999999999603,0.055267702936096716,493.7,4.27,0.0
2110,0,190,-0.8109999999999998,0.05789473684210526,493.8,4.27,0.0
2111,6,984,5.983000000000077,0.05589430894308943,494.4,4.27,0.0
2112,0,179,-0.8219999999999998,0.055865921787709494,494.5,4.27,0.0
2113,3,579,2.5779999999999603,0.055267702936096716,494.8,4.27,0.0
2114,1,313,0.3119999999999896,0.05750798722044728,494.9,4.27,0.0
2115,2,446,1.444999999999975,0.05605381165919283,495.2,4.27,0.0
2116,1,313,0.3119999999999896,0.054313099041533544,495.3,4.27,0.0
2117,4,713,3.711999999999988,0.0546984572230014,495.7,4.27,0.0
2118,1,318,0.31699999999998907,0.05660377358490566,495.9,4.27,0.0
2119,8,1246,8.244999999999962,0.056179775280898875,496.5,4.27,0.0
2120,0,179,-0.8219999999999998,0.055865921787709494,496.6,4.27,0.0
2121,3,579,2.5779999999999603,0.055267702936096716,496.9,4.27,0.0
2122,3,579,2.5779999999999603,0.055267702936096716,497.2,4.27,0.0
2123,2,454,1.452999999999974,0.05726872246696035,497.5,4.27,0.0
2124,0,179,-0.8219999999999998,0.055865921787709494,497.6,4.27,0.0
2125,0,179,-0.8219999999999998,0.055865921787709494,497.6,4.27,0.0
2126,3,579,2.5779999999999603,0.055267702936096716,497.9,4.27,0.0
2127,0,179,-0.8219999999999998,0.055865921787709494,498.0,4.27,0.0
2128,0,179,-0.8219999999999998,0.05027932960893855,498.1,4.27,0.0
2129,2,446,1.444999999999975,0.05605381165919283,498.4,4.27,0.0
2130,3,610,2.608999999999957,0.05573770491803279,498.7,4.27,0.0
2131,2,446,1.444999999999975,0.053811659192825115,498.9,4.27,0.0
2132,0,206,-0.7949999999999998,0.05825242718446602,499.0,4.27,0.0
2133,1,313,0.3119999999999896,0.054313099041533544,499.2,4.27,0.0
2134,6,979,5.978000000000075,0.05515832482124617,499.7,4.27,0.0
2135,0,179,-0.8219999999999998,0.055865921787709494,499.8,4.27,0.0
2136,0,179,-0.8219999999999998,0.055865921787709494,499.9,4.27,0.0
2137,1,313,0.3119999999999896,0.054313099041533544,500.1,4.28,0.0
2138,2,446,1.444999999999975,0.05605381165919283,500.3,4.28,0.0
2139,0,184,-0.8169999999999998,0.059782608695652176,500.4,4.28,0.0
2140,4,713,3.711999999999988,0.056100981767180924,500.8,4.28,0.0
2141,2,463,1.461999999999973,0.056155507559395246,501.0,4.28,0.0
2142,10,1513,10.511999999999814,0.05551883674818242,501.8,4.27,0.0
2143,3,584,2.5829999999999598,0.05650684931506849,502.1,4.27,0.0
2144,7,1113,7.112000000000036,0.055705300988319856,502.7,4.27,0.0
2145,2,446,1.444999999999975,0.05605381165919283,502.9,4.27,0.0
2146,1,313,0.3119999999999896,0.054313099041533544,503.1,4.27,0.0
2147,3,579,2.5779999999999603,0.055267702936096716,503.4,4.27,0.0
2148,1,313,0.3119999999999896,0.054313099041533544,503.6,4.27,0.0
2149,1,321,0.31999999999998874,0.056074766355140186,503.8,4.27,0.0
2150,3,579,2.5779999999999603,0.055267702936096716,504.1,4.27,0.0
2151,3,582,2.58099999999996,0.05670103092783505,504.4,4.27,0.0
2152,2,454,1.452999999999974,0.05726872246696035,504.6,4.27,0.0
2153,0,215,-0.7859999999999998,0.05581395348837209,504.7,4.27,0.0
2154,3,579,2.5779999999999603,0.055267702936096716,505.0,4.27,0.0
2155,3,584,2.5829999999999598,0.05650684931506849,505.3,4.27,0.0
2156,2,446,1.444999999999975,0.05605381165919283,505.6,4.27,0.0
2157,1,313,0.3119999999999896,0.05750798722044728,505.7,4.27,0.0
2158,1,313,0.3119999999999896,0.054313099041533544,505.9,4.27,0.0
2159,1,313,0.3119999999999896,0.054313099041533544,506.1,4.27,0.0
2160,1,319,0.31799999999998896,0.05642633228840126,506.2,4.27,0.0
2161,1,318,0.31699999999998907,0.05660377358490566,506.4,4.27,0.0
2162,1,320,0.31899999999998885,0.05625,506.6,4.27,0.0
2163,2,446,1.444999999999975,0.05605381165919283,506.8,4.27,0.0
2164,0,179,-0.8219999999999998,0.055865921787709494,506.9,4.27,0.0
2165,3,579,2.5779999999999603,0.055267702936096716,507.2,4.27,0.0
2166,1,313,0.3119999999999896,0.05750798722044728,507.4,4.27,0.0
2167,3,579,2.5779999999999603,0.055267702936096716,507.7,4.27,0.0
2168,1,319,0.31799999999998896,0.05642633228840126,507.8,4.27,0.0
2169,1,313,0.3119999999999896,0.054313099041533544,508.0,4.27,0.0
2170,2,446,1.444999999999975,0.05605381165919283,508.3,4.27,0.0
2171,0,179,-0.8219999999999998,0.055865921787709494,508.3,4.27,0.0
2172,3,579,2.5779999999999603,0.055267702936096716,508.7,4.27,0.0
2173,0,179,-0.8219999999999998,0.055865921787709494,508.7,4.27,0.0
2174,0,179,-0.8219999999999998,0.055865921787709494,508.8,4.27,0.0
2175,2,446,1.444999999999975,0.05605381165919283,509.1,4.27,0.0
2176,3,579,2.5779999999999603,0.055267702936096716,509.4,4.27,0.0
2177,0,179,-0.8219999999999998,0.055865921787709494,509.5,4.27,0.0
2178,1,313,0.3119999999999896,0.05750798722044728,509.6,4.28,0.0
2179,4,713,3.711999999999988,0.0546984572230014,510.0,4.27,0.0
2180,0,179,-0.8219999999999998,0.055865921787709494,510.1,4.28,0.0
2181,3,591,2.589999999999959,0.05583756345177665,510.4,4.27,0.0
2182,2,446,1.444999999999975,0.053811659192825115,510.7,4.27,0.0
2183,3,579,2.5779999999999603,0.055267702936096716,511.0,4.27,0.0
2184,1,315,0.3139999999999894,0.05714285714285714,511.2,4.27,0.0
2185,3,579,2.5779999999999603,0.055267702936096716,511.4,4.27,0.0
2186,1,313,0.3119999999999896,0.054313099041533544,511.6,4.27,0.0
2187,2,446,1.444999999999975,0.05605381165919283,511.8,4.27,0.0
2188,6,983,5.982000000000077,0.05595116988809766,512.4,4.27,0.0
2189,1,313,0.3119999999999896,0.054313099041533544,512.5,4.27,0.0
2190,1,336,0.3349999999999871,0.05654761904761905,512.7,4.27,0.0
2191,3,579,2.5779999999999603,0.055267702936096716,513.0,4.27,0.0
2192,4,713,3.711999999999988,0.056100981767180924,513.4,4.27,0.0
2193,0,184,-0.8169999999999998,0.059782608695652176,513.5,4.27,0.0
2194,3,579,2.5779999999999603,0.055267702936096716,513.8,4.27,0.0
2195,0,179,-0.8219999999999998,0.055865921787709494,513.9,4.27,0.0
2196,4,726,3.7249999999999925,0.05647382920110193,514.2,4.27,0.0
2197,11,1646,11.64499999999974,0.05589307411907655,515.1,4.27,0.0
2198,3,579,2.5779999999999603,0.055267702936096716,515.4,4.27,0.0
2199,7,1113,7.112000000000036,0.055705300988319856,516.0,4.26,0.0
2200,1,315,0.3139999999999894,0.05714285714285714,516.2,4.26,0.0
2201,3,592,2.590999999999959,0.05574324324324324,516.5,4.26,0.0
2202,1,313,0.3119999999999896,0.05750798722044728,516.6,4.26,0.0
2203,0,179,-0.8219999999999998,0.055865921787709494,516.7,4.27,0.0
2204,6,979,5.978000000000075,0.05515832482124617,517.2,4.26,0.0
2205,1,313,0.3119999999999896,0.05750798722044728,517.4,4.26,0.0
2206,0,195,-0.8059999999999998,0.05641025641025641,517.5,4.26,0.0
2207,1,313,0.3119999999999896,0.054313099041533544,517.7,4.27,0.0
2208,0,179,-0.8219999999999998,0.055865921787709494,517.8,4.27,0.0
2209,6,979,5.978000000000075,0.05515832482124617,518.3,4.26,0.0
2210,5,846,4.845000000000032,0.05555555555555555,518.7,4.26,0.0
2211,0,179,-0.8219999999999998,0.055865921787709494,518.8,4.26,0.0
2212,3,579,2.5779999999999603,0.055267702936096716,519.1,4.26,0.0
2213,2,454,1.452999999999974,0.05726872246696035,519.3,4.26,0.0
2214,1,313,0.3119999999999896,0.054313099041533544,519.5,4.26,0.0
2215,1,318,0.31699999999998907,0.05660377358490566,519.7,4.26,0.0
2216,2,446,1.444999999999975,0.05605381165919283,519.9,4.26,0.0
2217,0,184,-0.8169999999999998,0.059782608695652176,520.0,4.27,0.0
2218,0,179,-0.8219999999999998,0.055865921787709494,520.1,4.27,0.0
2219,1,315,0.3139999999999894,0.05714285714285714,520.2,4.27,0.0
2220,8,1274,8.272999999999946,0.05572998430141287,520.9,4.26,0.0
2221,2,446,1.444999999999975,0.05605381165919283,521.1,4.26,0.0
2222,5,846,4.845000000000032,0.05555555555555555,521.6,4.26,0.0
2223,1,317,0.3159999999999892,0.056782334384858045,521.7,4.26,0.0
2224,0,196,-0.8049999999999998,0.05612244897959184,521.9,4.26,0.0
2225,1,313,0.3119999999999896,0.054313099041533544,522.0,4.26,0.0
2226,4,713,3.711999999999988,0.0546984572230014,522.4,4.26,0.0
2227,3,579,2.5779999999999603,0.055267702936096716,522.7,4.26,0.0
2228,4,713,3.711999999999988,0.056100981767180924,523.1,4.26,0.0
2229,1,337,0.335999999999987,0.05637982195845697,523.2,4.26,0.0
2230,3,579,2.5779999999999603,0.055267702936096716,523.5,4.26,0.0
2231,5,846,4.845000000000032,0.05555555555555555,524.0,4.26,0.0
2232,2,454,1.452999999999974,0.05726872246696035,524.2,4.26,0.0
2233,5,859,4.858000000000036,0.05587892898719441,524.6,4.26,0.0
2234,0,179,-0.8219999999999998,0.055865921787709494,524.7,4.26,0.0
2235,0,179,-0.8219999999999998,0.05027932960893855,524.8,4.26,0.0
2236,1,313,0.3119999999999896,0.054313099041533544,525.0,4.26,0.0
2237,5,858,4.857000000000036,0.055944055944055944,525.4,4.26,0.0
2238,0,179,-0.8219999999999998,0.055865921787709494,525.5,4.26,0.0
2239,0,179,-0.8219999999999998,0.055865921787709494,525.6,4.26,0.0
2240,0,189,-0.8119999999999998,0.0582010582010582,525.7,4.26,0.0
2241,0,186,-0.8149999999999998,0.05913978494623656,525.8,4.26,0.0
2242,1,313,0.3119999999999896,0.054313099041533544,526.0,4.26,0.0
2243,1,313,0.3119999999999896,0.054313099041533544,526.2,4.26,0.0
2244,2,446,1.444999999999975,0.05605381165919283,526.4,4.26,0.0
2245,2,446,1.444999999999975,0.05605381165919283,526.6,4.26,0.0
2246,2,446,1.444999999999975,0.05605381165919283,526.9,4.26,0.0
2247,0,191,-0.8099999999999998,0.05759162303664921,527.0,4.27,0.0
2248,6,979,5.978000000000075,0.056179775280898875,527.5,4.26,0.0
2249,4,713,3.711999999999988,0.056100981767180924,527.8,4.26,0.0
2250,1,319,0.31799999999998896,0.05642633228840126,528.0,4.26,0.0
2251,6,983,5.982000000000077,0.05595116988809766,528.5,4.26,0.0
2252,3,579,2.5779999999999603,0.055267702936096716,528.8,4.26,0.0
2253,0,179,-0.8219999999999998,0.055865921787709494,528.9,4.26,0.0
2254,1,313,0.3119999999999896,0.054313099041533544,529.1,4.26,0.0
2255,0,179,-0.8219999999999998,0.055865921787709494,529.2,4.26,0.0
2256,3,582,2.58099999999996,0.05670103092783505,529.5,4.26,0.0
2257,2,446,1.444999999999975,0.05605381165919283,529.7,4.26,0.0
2258,1,313,0.3119999999999896,0.054313099041533544,529.9,4.26,0.0
2259,2,461,1.4599999999999733,0.05639913232104121,530.1,4.26,0.0
2260,2,446,1.444999999999975,0.05605381165919283,530.4,4.26,0.0
2261,0,197,-0.8039999999999998,0.05583756345177665,530.5,4.26,0.0
2262,3,580,2.57899999999996,0.056896551724137934,530.8,4.26,0.0
2263,0,179,-0.8219999999999998,0.055865921787709494,530.9,4.26,0.0
2264,2,446,1.444999999999975,0.05605381165919283,531.1,4.26,0.0
2265,1,313,0.3119999999999896,0.054313099041533544,531.3,4.27,0.0
2266,1,323,0.3219999999999885,0.05572755417956656,531.4,4.27,0.0
2267,4,727,3.725999999999993,0.05639614855570839,531.8,4.26,0.0
2268,0,179,-0.8219999999999998,0.055865921787709494,531.9,4.27,0.0
2269,1,317,0.3159999999999892,0.056782334384858045,532.1,4.27,0.0
2270,3,579,2.5779999999999603,0.055267702936096716,532.4,4.27,0.0
2271,0,179,-0.8219999999999998,0.055865921787709494,532.5,4.27,0.0
2272,6,979,5.978000000000075,0.056179775280898875,533.0,4.26,0.0
2273,2,446,1.444999999999975,0.05605381165919283,533.2,4.26,0.0
2274,4,713,3.711999999999988,0.0546984572230014,533.6,4.26,0.0
2275,10,1419,10.417999999999866,0.05567300916138125,534.3,4.26,0.0
2276,1,313,0.3119999999999896,0.054313099041533544,534.5,4.26,0.0
2277,2,446,1.444999999999975,0.05605381165919283,534.7,4.26,0.0
2278,0,189,-0.8119999999999998,0.0582010582010582,534.8,4.26,0.0
2279,3,581,2.57999999999996,0.05679862306368331,535.1,4.26,0.0
2280,2,459,1.4579999999999735,0.05664488017429194,535.4,4.26,0.0
2281,2,446,1.444999999999975,0.05605381165919283,535.6,4.26,0.0
2282,7,1113,7.112000000000036,0.055705300988319856,536.2,4.26,0.0
2283,1,313,0.3119999999999896,0.05750798722044728,536.3,4.26,0.0
2284,0,179,-0.8219999999999998,0.055865921787709494,536.4,4.26,0.0
2285,3,587,2.5859999999999594,0.056218057921635436,536.7,4.26,0.0
2286,0,179,-0.8219999999999998,0.055865921787709494,536.8,4.26,0.0
2287,4,729,3.7279999999999935,0.056241426611796985,537.2,4.26,0.0
2288,0,179,-0.8219999999999998,0.055865921787709494,537.3,4.26,0.0
2289,1,313,0.3119999999999896,0.054313099041533544,537.5,4.26,0.0
2290,3,579,2.5779999999999603,0.055267702936096716,537.8,4.26,0.0
2291,0,179,-0.8219999999999998,0.055865921787709494,537.9,4.26,0.0
2292,1,313,0.3119999999999896,0.05750798722044728,538.0,4.26,0.0
2293,0,179,-0.8219999999999998,0.055865921787709494,538.1,4.26,0.0
2294,1,315,0.3139999999999894,0.05714285714285714,538.3,4.26,0.0
2295,0,182,-0.8189999999999998,0.06043956043956044,538.4,4.26,0.0
2296,0,186,-0.8149999999999998,0.05913978494623656,538.5,4.27,0.0
2297,0,179,-0.8219999999999998,0.055865921787709494,538.6,4.27,0.0
2298,4,713,3.711999999999988,0.0546984572230014,538.9,4.27,0.0
2299,3,580,2.57899999999996,0.056896551724137934,539.2,4.27,0.0
2300,4,734,3.732999999999995,0.055858310626702996,539.6,4.26,0.0
2301,3,585,2.5839999999999597,0.05641025641025641,539.9,4.26,0.0
2302,0,179,-0.8219999999999998,0.055865921787709494,540.0,4.26,0.0
2303,1,313,0.3119999999999896,0.054313099041533544,540.2,4.27,0.0
2304,3,583,2.58199999999996,0.05660377358490566,540.5,4.26,0.0
2305,0,179,-0.8219999999999998,0.055865921787709494,540.6,4.27,0.0
2306,3,586,2.5849999999999596,0.05631399317406143,540.9,4.27,0.0
2307,0,179,-0.8219999999999998,0.055865921787709494,541.0,4.27,0.0
2308,2,446,1.444999999999975,0.05605381165919283,541.2,4.27,0.0
2309,3,579,2.5779999999999603,0.055267702936096716,541.5,4.27,0.0
2310,2,446,1.444999999999975,0.05605381165919283,541.8,4.27,0.0
2311,4,713,3.711999999999988,0.056100981767180924,542.2,4.26,0.0
2312,1,313,0.3119999999999896,0.054313099041533544,542.3,4.27,0.0
2313,3,579,2.5779999999999603,0.055267702936096716,542.6,4.26,0.0
2314,0,179,-0.8219999999999998,0.055865921787709494,542.7,4.27,0.0
2315,3,582,2.58099999999996,0.05670103092783505,543.0,4.27,0.0
2316,3,582,2.58099999999996,0.05670103092783505,543.3,4.26,0.0
2317,3,579,2.5779999999999603,0.055267702936096716,543.6,4.26,0.0
2318,0,179,-0.8219999999999998,0.055865921787709494,543.7,4.27,0.0
2319,3,579,2.5779999999999603,0.055267702936096716,544.0,4.26,0.0
2320,3,579,2.5779999999999603,0.055267702936096716,544.3,4.26,0.0
2321,6,979,5.978000000000075,0.05515832482124617,544.8,4.26,0.0
2322,0,191,-0.8099999999999998,0.05759162303664921,544.9,4.26,0.0
2323,0,184,-0.8169999999999998,0.059782608695652176,545.0,4.26,0.0
2324,2,446,1.444999999999975,0.053811659192825115,545.3,4.26,0.0
2325,0,179,-0.8219999999999998,0.05027932960893855,545.4,4.27,0.0
2326,0,180,-0.8209999999999998,0.06111111111111111,545.5,4.27,0.0
2327,0,179,-0.8219999999999998,0.055865921787709494,545.6,4.27,0.0
2328,3,609,2.607999999999957,0.05582922824302135,545.9,4.27,0.0
2329,4,713,3.711999999999988,0.056100981767180924,546.3,4.27,0.0
2330,2,446,1.444999999999975,0.05605381165919283,546.5,4.27,0.0
2331,3,583,2.58199999999996,0.05660377358490566,546.8,4.26,0.0
2332,1,313,0.3119999999999896,0.05750798722044728,547.0,4.26,0.0
2333,3,579,2.5779999999999603,0.055267702936096716,547.3,4.26,0.0
2334,1,313,0.3119999999999896,0.05750798722044728,547.5,4.26,0.0
2335,4,713,3.711999999999988,0.0546984572230014,547.9,4.26,0.0
2336,6,979,5.978000000000075,0.056179775280898875,548.4,4.26,0.0
2337,1,315,0.3139999999999894,0.05714285714285714,548.6,4.26,0.0
2338,3,579,2.5779999999999603,0.055267702936096716,548.9,4.26,0.0
2339,7,1113,7.112000000000036,0.05480682839173405,549.5,4.26,0.0
2340,2,446,1.444999999999975,0.05605381165919283,549.7,4.26,0.0
2341,0,179,-0.8219999999999998,0.055865921787709494,549.8,4.26,0.0
2342,1,317,0.3159999999999892,0.056782334384858045,550.0,4.26,0.0
2343,3,579,2.5779999999999603,0.055267702936096716,550.3,4.26,0.0
2344,1,313,0.3119999999999896,0.05750798722044728,550.4,4.26,0.0
2345,0,179,-0.8219999999999998,0.055865921787709494,550.5,4.26,0.0
2346,1,313,0.3119999999999896,0.054313099041533544,550.7,4.26,0.0
2347,5,852,4.851000000000034,0.056338028169014086,551.2,4.26,0.0
2348,6,979,5.978000000000075,0.05515832482124617,551.7,4.26,0.0
2349,2,467,1.4659999999999727,0.055674518201284794,552.0,4.26,0.0
2350,2,446,1.444999999999975,0.05605381165919283,552.2,4.26,0.0
2351,0,179,-0.8219999999999998,0.055865921787709494,552.3,4.26,0.0
2352,2,446,1.444999999999975,0.05605381165919283,552.5,4.26,0.0
2353,3,586,2.5849999999999596,0.05631399317406143,552.9,4.26,0.0
2354,3,579,2.5779999999999603,0.055267702936096716,553.2,4.26,0.0
2355,2,446,1.444999999999975,0.05605381165919283,553.4,4.26,0.0
2356,0,179,-0.8219999999999998,0.055865921787709494,553.5,4.26,0.0
2357,0,179,-0.8219999999999998,0.055865921787709494,553.6,4.26,0.0
2358,0,190,-0.8109999999999998,0.05789473684210526,553.7,4.26,0.0
2359,9,1396,9.394999999999879,0.055873925501432664,554.4,4.26,0.0
2360,0,179,-0.8219999999999998,0.055865921787709494,554.5,4.26,0.0
2361,0,195,-0.8059999999999998,0.05641025641025641,554.6,4.26,0.0
2362,4,729,3.7279999999999935,0.056241426611796985,555.0,4.26,0.0
2363,2,447,1.4459999999999749,0.05592841163310962,555.2,4.26,0.0
2364,2,446,1.444999999999975,0.053811659192825115,555.4,4.26,0.0
2365,0,179,-0.8219999999999998,0.055865921787709494,555.5,4.26,0.0
2366,1,313,0.3119999999999896,0.054313099041533544,555.7,4.26,0.0
2367,0,179,-0.8219999999999998,0.055865921787709494,555.8,4.26,0.0
2368,2,446,1.444999999999975,0.05605381165919283,556.0,4.26,0.0
2369,0,179,-0.8219999999999998,0.055865921787709494,556.1,4.26,0.0
2370,0,192,-0.8089999999999998,0.057291666666666664,556.2,4.26,0.0
2371,0,179,-0.8219999999999998,0.055865921787709494,556.3,4.26,0.0
2372,5,846,4.845000000000032,0.05555555555555555,556.8,4.26,0.0
2373,2,462,1.4609999999999732,0.05627705627705628,557.0,4.26,0.0
2374,6,979,5.978000000000075,0.056179775280898875,557.6,4.26,0.0
2375,0,179,-0.8219999999999998,0.05027932960893855,557.7,4.26,0.0
2376,1,323,0.3219999999999885,0.05572755417956656,557.8,4.26,0.0
2377,1,313,0.3119999999999896,0.054313099041533544,558.0,4.26,0.0
2378,4,713,3.711999999999988,0.056100981767180924,558.4,4.26,0.0
2379,2,459,1.4579999999999735,0.05664488017429194,558.6,4.26,0.0
2380,3,579,2.5779999999999603,0.055267702936096716,558.9,4.26,0.0
2381,3,588,2.5869999999999593,0.05612244897959184,559.2,4.26,0.0
2382,0,184,-0.8169999999999998,0.059782608695652176,559.3,4.26,0.0
2383,5,846,4.845000000000032,0.05555555555555555,559.7,4.26,0.0
2384,0,179,-0.8219999999999998,0.055865921787709494,559.8,4.26,0.0
2385,1,323,0.3219999999999885,0.05572755417956656,560.0,4.26,0.0
2386,0,179,-0.8219999999999998,0.055865921787709494,560.1,4.26,0.0
2387,2,448,1.4469999999999748,0.05580357142857143,560.3,4.26,0.0
2388,1,313,0.3119999999999896,0.054313099041533544,560.5,4.26,0.0
2389,3,587,2.5859999999999594,0.056218057921635436,560.8,4.26,0.0
2390,4,713,3.711999999999988,0.056100981767180924,561.2,4.26,0.0
2391,1,337,0.335999999999987,0.05637982195845697,561.4,4.26,0.0
2392,1,313,0.3119999999999896,0.05750798722044728,561.6,4.26,0.0
2393,0,179,-0.8219999999999998,0.055865921787709494,561.7,4.26,0.0
2394,0,189,-0.8119999999999998,0.0582010582010582,561.8,4.26,0.0
2395,2,457,1.4559999999999738,0.05689277899343545,562.0,4.26,0.0
2396,3,592,2.590999999999959,0.05574324324324324,562.4,4.26,0.0
2397,2,447,1.4459999999999749,0.05592841163310962,562.6,4.26,0.0
2398,1,313,0.3119999999999896,0.054313099041533544,562.8,4.26,0.0
2399,0,179,-0.8219999999999998,0.055865921787709494,562.8,4.26,0.0
2400,0,187,-0.8139999999999998,0.058823529411764705,562.9,4.27,0.0
2401,2,464,1.462999999999973,0.05603448275862069,563.2,4.26,0.0
2402,4,713,3.711999999999988,0.056100981767180924,563.6,4.26,0.0
2403,2,446,1.444999999999975,0.05605381165919283,563.8,4.26,0.0
2404,1,313,0.3119999999999896,0.05750798722044728,564.0,4.26,0.0
2405,5,846,4.845000000000032,0.05555555555555555,564.4,4.26,0.0
2406,3,579,2.5779999999999603,0.055267702936096716,564.7,4.26,0.0
2407,4,713,3.711999999999988,0.0546984572230014,565.1,4.26,0.0
2408,2,456,1.4549999999999739,0.05701754385964912,565.4,4.26,0.0
2409,3,579,2.5779999999999603,0.055267702936096716,565.7,4.26,0.0
2410,0,179,-0.8219999999999998,0.055865921787709494,565.7,4.26,0.0
2411,0,179,-0.8219999999999998,0.05027932960893855,565.8,4.26,0.0
2412,0,179,-0.8219999999999998,0.055865921787709494,565.9,4.26,0.0
2413,2,446,1.444999999999975,0.05605381165919283,566.2,4.26,0.0
2414,0,179,-0.8219999999999998,0.055865921787709494,566.3,4.26,0.0
2415,1,313,0.3119999999999896,0.054313099041533544,566.4,4.27,0.0
2416,0,179,-0.8219999999999998,0.055865921787709494,566.5,4.27,0.0
2417,1,313,0.3119999999999896,0.054313099041533544,566.7,4.27,0.0
2418,1,313,0.3119999999999896,0.054313099041533544,566.9,4.27,0.0
2419,1,313,0.3119999999999896,0.054313099041533544,567.0,4.27,0.0
2420,3,579,2.5779999999999603,0.055267702936096716,567.3,4.27,0.0
2421,4,713,3.711999999999988,0.056100981767180924,567.7,4.27,0.0
2422,0,179,-0.8219999999999998,0.055865921787709494,567.8,4.27,0.0
2423,4,713,3.711999999999988,0.056100981767180924,568.2,4.27,0.0
2424,4,713,3.711999999999988,0.0546984572230014,568.5,4.27,0.0
2425,3,579,2.5779999999999603,0.055267702936096716,568.8,4.26,0.0
2426,4,713,3.711999999999988,0.056100981767180924,569.2,4.26,0.0
2427,1,313,0.3119999999999896,0.054313099041533544,569.4,4.26,0.0
2428,1,315,0.3139999999999894,0.05714285714285714,569.5,4.26,0.0
2429,2,460,1.4589999999999734,0.05652173913043478,569.8,4.26,0.0
2430,1,313,0.3119999999999896,0.054313099041533544,570.0,4.27,0.0
2431,1,313,0.3119999999999896,0.054313099041533544,570.1,4.27,0.0
2432,1,313,0.3119999999999896,0.05750798722044728,570.3,4.27,0.0
2433,0,184,-0.8169999999999998,0.059782608695652176,570.4,4.27,0.0
2434,2,454,1.452999999999974,0.05726872246696035,570.6,4.27,0.0
2435,1,322,0.32099999999998863,0.055900621118012424,570.8,4.27,0.0
2436,2,446,1.444999999999975,0.053811659192825115,571.0,4.27,0.0
2437,2,462,1.4609999999999732,0.05627705627705628,571.3,4.27,0.0
2438,4,734,3.732999999999995,0.055858310626702996,571.6,4.27,0.0
2439,4,728,3.726999999999993,0.05631868131868132,572.0,4.27,0.0
2440,0,179,-0.8219999999999998,0.055865921787709494,572.1,4.27,0.0
2441,1,339,0.33799999999998676,0.05604719764011799,572.3,4.27,0.0
2442,0,179,-0.8219999999999998,0.055865921787709494,572.4,4.27,0.0
2443,2,464,1.462999999999973,0.05603448275862069,572.7,4.27,0.0
2444,3,579,2.5779999999999603,0.055267702936096716,573.0,4.27,0.0
2445,0,192,-0.8089999999999998,0.057291666666666664,573.1,4.27,0.0
2446,3,579,2.5779999999999603,0.055267702936096716,573.4,4.27,0.0
2447,0,179,-0.8219999999999998,0.055865921787709494,573.5,4.27,0.0
2448,1,313,0.3119999999999896,0.05750798722044728,573.6,4.27,0.0
2449,6,979,5.978000000000075,0.05515832482124617,574.1,4.27,0.0
2450,3,586,2.5849999999999596,0.05631399317406143,574.4,4.27,0.0
2451,0,187,-0.8139999999999998,0.058823529411764705,574.5,4.27,0.0
2452,1,313,0.3119999999999896,0.05750798722044728,574.7,4.27,0.0
2453,1,313,0.3119999999999896,0.05750798722044728,574.9,4.27,0.0
2454,2,446,1.444999999999975,0.05605381165919283,575.1,4.27,0.0
2455,2,446,1.444999999999975,0.05605381165919283,575.3,4.27,0.0
2456,6,979,5.978000000000075,0.056179775280898875,575.9,4.27,0.0
2457,0,179,-0.8219999999999998,0.055865921787709494,576.0,4.27,0.0
2458,0,179,-0.8219999999999998,0.055865921787709494,576.0,4.27,0.0
2459,2,446,1.444999999999975,0.05605381165919283,576.3,4.27,0.0
2460,0,193,-0.8079999999999998,0.05699481865284974,576.4,4.27,0.0
2461,0,187,-0.8139999999999998,0.058823529411764705,576.5,4.27,0.0
2462,1,322,0.32099999999998863,0.055900621118012424,576.6,4.27,0.0
2463,0,184,-0.8169999999999998,0.059782608695652176,576.7,4.27,0.0
2464,2,446,1.444999999999975,0.05605381165919283,577.0,4.27,0.0
2465,1,318,0.31699999999998907,0.05660377358490566,577.1,4.27,0.0
2466,4,732,3.7309999999999945,0.056010928961748634,577.5,4.27,0.0
2467,1,319,0.31799999999998896,0.05642633228840126,577.7,4.27,0.0
2468,0,179,-0.8219999999999998,0.055865921787709494,577.8,4.27,0.0
2469,0,179,-0.8219999999999998,0.055865921787709494,577.9,4.27,0.0
2470,1,313,0.3119999999999896,0.05750798722044728,578.1,4.27,0.0
2471,1,313,0.3119999999999896,0.054313099041533544,578.2,4.28,0.0
2472,1,313,0.3119999999999896,0.054313099041533544,578.4,4.28,0.0
2473,2,446,1.444999999999975,0.05605381165919283,578.6,4.28,0.0
2474,1,313,0.3119999999999896,0.05750798722044728,578.8,4.28,0.0
2475,5,846,4.845000000000032,0.05555555555555555,579.2,4.27,0.0
2476,2,446,1.444999999999975,0.05605381165919283,579.5,4.27,0.0
2477,6,979,5.978000000000075,0.05515832482124617,580.0,4.27,0.0
2478,4,736,3.734999999999996,0.05570652173913043,580.4,4.27,0.0
2479,2,446,1.444999999999975,0.053811659192825115,580.6,4.27,0.0
2480,3,579,2.5779999999999603,0.055267702936096716,580.9,4.27,0.0
2481,1,313,0.3119999999999896,0.054313099041533544,581.1,4.27,0.0
2482,0,179,-0.8219999999999998,0.055865921787709494,581.2,4.27,0.0
2483,0,191,-0.8099999999999998,0.05759162303664921,581.2,4.27,0.0
2484,1,313,0.3119999999999896,0.054313099041533544,581.4,4.27,0.0
2485,1,313,0.3119999999999896,0.05750798722044728,581.6,4.27,0.0
2486,3,579,2.5779999999999603,0.055267702936096716,581.9,4.27,0.0
2487,2,446,1.444999999999975,0.05605381165919283,582.1,4.27,0.0
2488,3,579,2.5779999999999603,0.055267702936096716,582.4,4.27,0.0
2489,2,446,1.444999999999975,0.05605381165919283,582.6,4.27,0.0
2490,1,317,0.3159999999999892,0.056782334384858045,582.8,4.27,0.0
2491,0,193,-0.8079999999999998,0.05699481865284974,582.9,4.28,0.0
2492,0,179,-0.8219999999999998,0.055865921787709494,583.0,4.28,0.0
2493,11,1646,11.64499999999974,0.05528554070473876,583.9,4.27,0.0
2494,1,317,0.3159999999999892,0.056782334384858045,584.0,4.27,0.0
2495,2,456,1.4549999999999739,0.05701754385964912,584.3,4.27,0.0
2496,0,179,-0.8219999999999998,0.055865921787709494,584.4,4.27,0.0
2497,0,179,-0.8219999999999998,0.05027932960893855,584.4,4.27,0.0
2498,0,179,-0.8219999999999998,0.055865921787709494,584.5,4.28,0.0
2499,3,591,2.589999999999959,0.05583756345177665,584.9,4.27,0.0
2500,0,179,-0.8219999999999998,0.055865921787709494,585.0,4.28,0.0
2501,0,190,-0.8109999999999998,0.05789473684210526,588.0,4.26,0.0
2502,0,179,-0.8219999999999998,0.055865921787709494,588.1,4.26,0.0
2503,2,446,1.444999999999975,0.053811659192825115,588.3,4.26,0.0
2504,2,446,1.444999999999975,0.05605381165919283,588.5,4.26,0.0
2505,3,584,2.5829999999999598,0.05650684931506849,588.9,4.26,0.0
2506,0,179,-0.8219999999999998,0.055865921787709494,589.0,4.26,0.0
2507,2,446,1.444999999999975,0.05605381165919283,589.2,4.26,0.0
2508,1,314,0.3129999999999895,0.05732484076433121,589.4,4.26,0.0
2509,2,446,1.444999999999975,0.053811659192825115,589.6,4.26,0.0
2510,8,1275,8.273999999999946,0.05568627450980392,590.3,4.25,0.0
2511,0,204,-0.7969999999999998,0.058823529411764705,590.4,4.25,0.0
2512,0,187,-0.8139999999999998,0.058823529411764705,590.5,4.26,0.0
2513,4,713,3.711999999999988,0.056100981767180924,590.8,4.25,0.0
2514,1,313,0.3119999999999896,0.054313099041533544,591.0,4.26,0.0
2515,0,179,-0.8219999999999998,0.055865921787709494,591.1,4.26,0.0
2516,0,179,-0.8219999999999998,0.055865921787709494,591.2,4.26,0.0
2517,1,335,0.3339999999999872,0.056716417910447764,591.4,4.26,0.0
2518,2,446,1.444999999999975,0.05605381165919283,591.6,4.26,0.0
2519,0,186,-0.8149999999999998,0.05913978494623656,591.7,4.26,0.0
2520,2,446,1.444999999999975,0.05605381165919283,591.9,4.26,0.0
2521,5,846,4.845000000000032,0.05555555555555555,592.4,4.26,0.0
2522,0,179,-0.8219999999999998,0.055865921787709494,592.5,4.26,0.0
2523,0,179,-0.8219999999999998,0.055865921787709494,592.6,4.26,0.0
2524,2,454,1.452999999999974,0.05726872246696035,592.8,4.26,0.0
2525,1,321,0.31999999999998874,0.056074766355140186,593.0,4.26,0.0
2526,0,179,-0.8219999999999998,0.055865921787709494,593.1,4.26,0.0
2527,1,313,0.3119999999999896,0.05750798722044728,593.2,4.26,0.0
2528,1,322,0.32099999999998863,0.055900621118012424,593.4,4.26,0.0
2529,0,192,-0.8089999999999998,0.057291666666666664,593.5,4.26,0.0
2530,3,579,2.5779999999999603,0.055267702936096716,593.8,4.26,0.0
2531,0,179,-0.8219999999999998,0.055865921787709494,593.9,4.26,0.0
2532,0,179,-0.8219999999999998,0.055865921787709494,594.0,4.26,0.0
2533,1,313,0.3119999999999896,0.05750798722044728,594.1,4.26,0.0
2534,3,579,2.5779999999999603,0.055267702936096716,594.4,4.26,0.0
2535,1,313,0.3119999999999896,0.054313099041533544,594.6,4.27,0.0
2536,3,579,2.5779999999999603,0.055267702936096716,594.9,4.26,0.0
2537,0,179,-0.8219999999999998,0.055865921787709494,595.0,4.27,0.0
2538,3,589,2.587999999999959,0.05602716468590832,595.3,4.27,0.0
2539,3,579,2.5779999999999603,0.055267702936096716,595.6,4.26,0.0
2540,1,314,0.3129999999999895,0.05732484076433121,595.8,4.27,0.0
2541,2,446,1.444999999999975,0.05605381165919283,596.0,4.27,0.0
2542,6,979,5.978000000000075,0.05515832482124617,596.5,4.26,0.0
2543,4,732,3.7309999999999945,0.056010928961748634,596.9,4.26,0.0
2544,0,183,-0.8179999999999998,0.060109289617486336,597.0,4.26,0.0
2545,0,190,-0.8109999999999998,0.05789473684210526,597.1,4.26,0.0
2546,0,185,-0.8159999999999998,0.05945945945945946,597.2,4.26,0.0
2547,0,179,-0.8219999999999998,0.055865921787709494,597.3,4.27,0.0
2548,2,456,1.4549999999999739,0.05701754385964912,597.6,4.27,0.0
2549,0,195,-0.8059999999999998,0.05641025641025641,597.6,4.27,0.0
2550,0,179,-0.8219999999999998,0.055865921787709494,597.7,4.27,0.0
2551,1,313,0.3119999999999896,0.05750798722044728,597.9,4.27,0.0
2552,0,211,-0.7899999999999998,0.05687203791469194,598.0,4.27,0.0
2553,7,1113,7.112000000000036,0.055705300988319856,598.6,4.27,0.0
2554,1,313,0.3119999999999896,0.05750798722044728,598.7,4.27,0.0
2555,2,446,1.444999999999975,0.05605381165919283,599.0,4.27,0.0
2556,2,446,1.444999999999975,0.053811659192825115,599.2,4.27,0.0
2557,1,315,0.3139999999999894,0.05714285714285714,599.4,4.27,0.0
2558,1,313,0.3119999999999896,0.05750798722044728,599.5,4.27,0.0
2559,1,313,0.3119999999999896,0.054313099041533544,599.7,4.27,0.0
2560,9,1399,9.397999999999877,0.05575411007862759,600.4,4.27,0.0
2561,3,579,2.5779999999999603,0.055267702936096716,600.7,4.26,0.0
2562,1,313,0.3119999999999896,0.054313099041533544,600.9,4.27,0.0
2563,3,579,2.5779999999999603,0.055267702936096716,601.2,4.26,0.0
2564,0,179,-0.8219999999999998,0.055865921787709494,601.3,4.27,0.0
2565,4,713,3.711999999999988,0.056100981767180924,601.6,4.26,0.0
2566,1,313,0.3119999999999896,0.054313099041533544,601.8,4.27,0.0
2567,0,179,-0.8219999999999998,0.055865921787709494,601.9,4.27,0.0
2568,0,179,-0.8219999999999998,0.055865921787709494,602.0,4.27,0.0
2569,1,313,0.3119999999999896,0.054313099041533544,602.2,4.27,0.0
2570,1,313,0.3119999999999896,0.05750798722044728,602.3,4.27,0.0
2571,10,1513,10.511999999999814,0.05551883674818242,603.1,4.26,0.0
2572,2,463,1.461999999999973,0.056155507559395246,603.4,4.26,0.0
2573,5,846,4.845000000000032,0.05555555555555555,603.8,4.26,0.0
2574,0,189,-0.8119999999999998,0.0582010582010582,603.9,4.26,0.0
2575,4,713,3.711999999999988,0.056100981767180924,604.3,4.26,0.0
2576,0,179,-0.8219999999999998,0.055865921787709494,604.4,4.26,0.0
2577,1,313,0.3119999999999896,0.054313099041533544,604.5,4.26,0.0
2578,0,179,-0.8219999999999998,0.055865921787709494,604.6,4.27,0.0
2579,1,313,0.3119999999999896,0.05750798722044728,604.8,4.27,0.0
2580,5,846,4.845000000000032,0.05555555555555555,605.2,4.26,0.0
2581,0,179,-0.8219999999999998,0.055865921787709494,605.3,4.27,0.0
2582,5,846,4.845000000000032,0.05555555555555555,605.8,4.26,0.0
2583,0,179,-0.8219999999999998,0.055865921787709494,605.9,4.26,0.0
2584,1,340,0.33899999999998665,0.05588235294117647,606.0,4.27,0.0
2585,3,617,3.615999999999956,0.05672609400324149,606.4,4.26,0.0
2586,5,846,4.845000000000032,0.05555555555555555,606.8,4.26,0.0
2587,0,189,-0.8119999999999998,0.0582010582010582,606.9,4.26,0.0
2588,4,713,3.711999999999988,0.0546984572230014,607.3,4.26,0.0
2589,0,179,-0.8219999999999998,0.055865921787709494,607.4,4.26,0.0
2590,0,189,-0.8119999999999998,0.0582010582010582,607.5,4.27,0.0
2591,0,179,-0.8219999999999998,0.055865921787709494,607.6,4.27,0.0
2592,1,313,0.3119999999999896,0.054313099041533544,607.7,4.27,0.0
2593,3,579,2.5779999999999603,0.055267702936096716,608.0,4.27,0.0
2594,1,313,0.3119999999999896,0.054313099041533544,608.2,4.27,0.0
2595,2,446,1.444999999999975,0.05605381165919283,608.4,4.27,0.0
2596,2,455,1.453999999999974,0.05714285714285714,608.7,4.27,0.0
2597,3,588,2.5869999999999593,0.05612244897959184,609.0,4.27,0.0
2598,0,179,-0.8219999999999998,0.055865921787709494,609.1,4.27,0.0
2599,0,179,-0.8219999999999998,0.055865921787709494,609.1,4.27,0.0
2600,0,184,-0.8169999999999998,0.059782608695652176,609.2,4.27,0.0
2601,1,313,0.3119999999999896,0.054313099041533544,609.4,4.27,0.0
2602,2,446,1.444999999999975,0.05605381165919283,609.6,4.27,0.0
2603,3,583,2.58199999999996,0.05660377358490566,610.0,4.27,0.0
2604,0,179,-0.8219999999999998,0.055865921787709494,610.0,4.27,0.0
2605,0,179,-0.8219999999999998,0.055865921787709494,610.1,4.27,0.0
2606,2,448,1.4469999999999748,0.05580357142857143,610.4,4.27,0.0
2607,0,179,-0.8219999999999998,0.055865921787709494,610.5,4.27,0.0
2608,3,579,2.5779999999999603,0.055267702936096716,610.8,4.27,0.0
2609,1,313,0.3119999999999896,0.054313099041533544,611.0,4.27,0.0
2610,1,319,0.31799999999998896,0.05642633228840126,611.2,4.27,0.0
2611,1,315,0.3139999999999894,0.05714285714285714,611.3,4.27,0.0
2612,0,197,-0.8039999999999998,0.05583756345177665,611.4,4.27,0.0
2613,3,579,2.5779999999999603,0.055267702936096716,611.7,4.27,0.0
2614,0,179,-0.8219999999999998,0.055865921787709494,611.8,4.27,0.0
2615,0,179,-0.8219999999999998,0.055865921787709494,611.9,4.28,0.0
2616,0,179,-0.8219999999999998,0.055865921787709494,612.0,4.28,0.0
2617,0,195,-0.8059999999999998,0.05641025641025641,612.1,4.28,0.0
2618,0,185,-0.8159999999999998,0.05945945945945946,612.2,4.28,0.0
2619,2,446,1.444999999999975,0.05605381165919283,612.5,4.28,0.0
2620,2,446,1.444999999999975,0.05605381165919283,612.7,4.28,0.0
2621,1,313,0.3119999999999896,0.05750798722044728,612.9,4.28,0.0
2622,2,449,1.4479999999999746,0.0556792873051225,613.1,4.28,0.0
2623,3,579,2.5779999999999603,0.055267702936096716,613.4,4.28,0.0
2624,0,179,-0.8219999999999998,0.055865921787709494,613.5,4.28,0.0
2625,0,179,-0.8219999999999998,0.055865921787709494,613.6,4.28,0.0
2626,3,585,2.5839999999999597,0.05641025641025641,613.9,4.28,0.0
2627,7,1113,7.112000000000036,0.055705300988319856,614.5,4.28,0.0
2628,2,446,1.444999999999975,0.05605381165919283,614.8,4.28,0.0
2629,1,318,0.31699999999998907,0.05660377358490566,615.0,4.28,0.0
2630,4,717,3.7159999999999895,0.05578800557880056,615.4,4.28,0.0
2631,1,313,0.3119999999999896,0.054313099041533544,615.5,4.28,0.0
2632,0,179,-0.8219999999999998,0.055865921787709494,615.6,4.28,0.0
2633,4,713,3.711999999999988,0.056100981767180924,616.0,4.28,0.0
2634,2,464,1.462999999999973,0.05603448275862069,616.2,4.28,0.0
2635,3,579,2.5779999999999603,0.055267702936096716,616.5,4.28,0.0
2636,1,313,0.3119999999999896,0.054313099041533544,616.7,4.28,0.0
2637,4,729,3.7279999999999935,0.056241426611796985,617.1,4.27,0.0
2638,2,464,1.462999999999973,0.05603448275862069,617.4,4.27,0.0
2639,1,313,0.3119999999999896,0.054313099041533544,617.5,4.28,0.0
2640,4,727,3.725999999999993,0.05639614855570839,617.9,4.27,0.0
2641,4,716,3.714999999999989,0.055865921787709494,618.3,4.27,0.0
2642,0,179,-0.8219999999999998,0.055865921787709494,618.4,4.27,0.0
2643,4,734,3.732999999999995,0.055858310626702996,618.8,4.27,0.0
2644,7,1113,7.112000000000036,0.055705300988319856,619.4,4.27,0.0
2645,1,317,0.3159999999999892,0.056782334384858045,619.5,4.27,0.0
2646,2,449,1.4479999999999746,0.0556792873051225,619.8,4.27,0.0
2647,1,313,0.3119999999999896,0.054313099041533544,619.9,4.27,0.0
2648,4,713,3.711999999999988,0.056100981767180924,620.3,4.27,0.0
2649,2,446,1.444999999999975,0.05605381165919283,620.5,4.27,0.0
2650,0,190,-0.8109999999999998,0.05789473684210526,620.6,4.27,0.0
2651,2,446,1.444999999999975,0.05605381165919283,620.9,4.27,0.0
2652,1,339,0.33799999999998676,0.05604719764011799,621.1,4.27,0.0
2653,3,587,2.5859999999999594,0.056218057921635436,621.4,4.27,0.0
2654,3,579,2.5779999999999603,0.055267702936096716,621.7,4.27,0.0
2655,3,582,2.58099999999996,0.05670103092783505,622.0,4.27,0.0
2656,4,728,3.726999999999993,0.05631868131868132,622.4,4.27,0.0
2657,8,1246,8.244999999999962,0.05537720706260032,623.1,4.27,0.0
2658,1,313,0.3119999999999896,0.054313099041533544,623.3,4.27,0.0
2659,4,713,3.711999999999988,0.056100981767180924,623.6,4.27,0.0
2660,1,321,0.31999999999998874,0.056074766355140186,623.8,4.27,0.0
2661,3,579,2.5779999999999603,0.055267702936096716,624.1,4.27,0.0
2662,4,731,3.729999999999994,0.0560875512995896,624.5,4.26,0.0
2663,1,313,0.3119999999999896,0.05750798722044728,624.6,4.26,0.0
2664,2,446,1.444999999999975,0.053811659192825115,624.9,4.26,0.0
2665,1,313,0.3119999999999896,0.05750798722044728,625.0,4.27,0.0
2666,1,315,0.3139999999999894,0.05714285714285714,625.2,4.27,0.0
2667,6,979,5.978000000000075,0.056179775280898875,625.7,4.26,0.0
2668,3,580,2.57899999999996,0.056896551724137934,626.1,4.26,0.0
2669,0,179,-0.8219999999999998,0.05027932960893855,626.2,4.26,0.0
2670,3,579,2.5779999999999603,0.055267702936096716,626.5,4.26,0.0
2671,6,979,5.978000000000075,0.05515832482124617,627.0,4.26,0.0
2672,2,446,1.444999999999975,0.05605381165919283,627.2,4.26,0.0
2673,0,179,-0.8219999999999998,0.055865921787709494,627.3,4.26,0.0
2674,0,179,-0.8219999999999998,0.055865921787709494,627.4,4.26,0.0
2675,0,179,-0.8219999999999998,0.055865921787709494,627.5,4.26,0.0
2676,1,321,0.31999999999998874,0.056074766355140186,627.7,4.26,0.0
2677,3,579,2.5779999999999603,0.055267702936096716,628.0,4.26,0.0
2678,1,313,0.3119999999999896,0.05750798722044728,628.2,4.26,0.0
2679,2,446,1.444999999999975,0.05605381165919283,628.4,4.26,0.0
2680,2,457,1.4559999999999738,0.05689277899343545,628.7,4.26,0.0
2681,4,621,3.6199999999999575,0.05636070853462158,629.0,4.26,0.0
2682,1,313,0.3119999999999896,0.05750798722044728,629.2,4.26,0.0
2683,1,315,0.3139999999999894,0.05714285714285714,629.3,4.26,0.0
2684,0,179,-0.8219999999999998,0.055865921787709494,629.4,4.27,0.0
2685,5,861,4.860000000000037,0.05574912891986063,629.9,4.26,0.0
2686,0,179,-0.8219999999999998,0.055865921787709494,630.0,4.27,0.0
2687,0,179,-0.8219999999999998,0.05027932960893855,630.1,4.27,0.0
2688,5,854,4.853000000000034,0.05620608899297424,630.5,4.26,0.0
2689,3,582,2.58099999999996,0.05670103092783505,630.9,4.26,0.0
2690,2,446,1.444999999999975,0.05605381165919283,631.1,4.26,0.0
2691,0,186,-0.8149999999999998,0.05913978494623656,631.2,4.26,0.0
2692,1,313,0.3119999999999896,0.054313099041533544,631.4,4.27,0.0
2693,0,189,-0.8119999999999998,0.0582010582010582,631.5,4.27,0.0
2694,6,979,5.978000000000075,0.056179775280898875,632.0,4.26,0.0
2695,2,446,1.444999999999975,0.05605381165919283,632.2,4.26,0.0
2696,4,713,3.711999999999988,0.0546984572230014,632.6,4.26,0.0
2697,2,446,1.444999999999975,0.05605381165919283,632.8,4.26,0.0
2698,2,446,1.444999999999975,0.05605381165919283,633.1,4.26,0.0
2699,0,179,-0.8219999999999998,0.055865921787709494,633.2,4.26,0.0
2700,3,582,2.58099999999996,0.05670103092783505,633.5,4.26,0.0
2701,3,579,2.5779999999999603,0.055267702936096716,633.8,4.26,0.0
2702,3,591,2.589999999999959,0.05583756345177665,634.1,4.26,0.0
2703,2,446,1.444999999999975,0.05605381165919283,634.4,4.26,0.0
2704,2,446,1.444999999999975,0.05605381165919283,634.6,4.26,0.0
2705,0,179,-0.8219999999999998,0.055865921787709494,634.7,4.26,0.0
2706,0,179,-0.8219999999999998,0.055865921787709494,634.8,4.26,0.0
2707,0,179,-0.8219999999999998,0.055865921787709494,634.9,4.27,0.0
2708,2,459,1.4579999999999735,0.05664488017429194,635.2,4.27,0.0
2709,1,313,0.3119999999999896,0.054313099041533544,635.3,4.27,0.0
2710,0,189,-0.8119999999999998,0.0582010582010582,635.4,4.27,0.0
2711,0,179,-0.8219999999999998,0.055865921787709494,635.5,4.27,0.0
2712,14,2000,15.998999999999544,0.056,636.6,4.26,0.0
2713,2,452,1.4509999999999743,0.05752212389380531,636.8,4.26,0.0
2714,4,713,3.711999999999988,0.0546984572230014,637.2,4.26,0.0
2715,0,179,-0.8219999999999998,0.055865921787709494,637.3,4.26,0.0
2716,6,979,5.978000000000075,0.056179775280898875,637.8,4.26,0.0
2717,2,457,1.4559999999999738,0.05689277899343545,638.1,4.26,0.0
2718,4,731,3.729999999999994,0.0560875512995896,638.5,4.26,0.0
2719,0,179,-0.8219999999999998,0.05027932960893855,638.6,4.26,0.0
2720,0,183,-0.8179999999999998,0.060109289617486336,638.7,4.26,0.0
2721,0,183,-0.8179999999999998,0.060109289617486336,638.8,4.26,0.0
2722,2,446,1.444999999999975,0.05605381165919283,639.0,4.26,0.0
2723,0,179,-0.8219999999999998,0.055865921787709494,639.1,4.26,0.0
2724,3,610,2.608999999999957,0.05573770491803279,639.4,4.26,0.0
2725,8,1250,8.24899999999996,0.056,640.1,4.26,0.0
2726,0,189,-0.8119999999999998,0.0582010582010582,640.2,4.26,0.0
2727,1,313,0.3119999999999896,0.054313099041533544,640.4,4.26,0.0
2728,2,461,1.4599999999999733,0.05639913232104121,640.6,4.26,0.0
2729,7,1113,7.112000000000036,0.055705300988319856,641.2,4.26,0.0
2730,7,1113,7.112000000000036,0.055705300988319856,641.8,4.26,0.0
2731,4,731,3.729999999999994,0.0560875512995896,642.1,4.25,0.0
2732,5,846,4.845000000000032,0.05555555555555555,642.6,4.25,0.0
2733,1,313,0.3119999999999896,0.05750798722044728,642.8,4.25,0.0
2734,2,354,1.352999999999985,0.05649717514124294,643.0,4.25,0.0
2735,0,192,-0.8089999999999998,0.057291666666666664,643.1,4.25,0.0
2736,1,313,0.3119999999999896,0.054313099041533544,643.2,4.26,0.0
2737,0,192,-0.8089999999999998,0.057291666666666664,643.3,4.26,0.0
2738,5,846,4.845000000000032,0.05555555555555555,643.8,4.25,0.0
2739,1,341,0.33999999999998654,0.05571847507331378,644.0,4.25,0.0
2740,4,713,3.711999999999988,0.0546984572230014,644.3,4.25,0.0
2741,2,457,1.4559999999999738,0.05689277899343545,644.6,4.25,0.0
2742,5,846,4.845000000000032,0.05555555555555555,645.0,4.25,0.0
2743,2,467,1.4659999999999727,0.055674518201284794,645.3,4.25,0.0
2744,3,579,2.5779999999999603,0.055267702936096716,645.6,4.25,0.0
2745,4,713,3.711999999999988,0.0546984572230014,645.9,4.25,0.0
2746,5,846,4.845000000000032,0.05555555555555555,646.4,4.25,0.0
2747,4,713,3.711999999999988,0.0546984572230014,646.8,4.25,0.0
2748,4,713,3.711999999999988,0.0546984572230014,647.1,4.25,0.0
2749,4,713,3.711999999999988,0.056100981767180924,647.5,4.25,0.0
2750,4,732,3.7309999999999945,0.056010928961748634,647.9,4.25,0.0
2751,3,579,2.5779999999999603,0.05699481865284974,648.2,4.25,0.0
2752,8,1246,8.244999999999962,0.05537720706260032,648.9,4.24,0.0
2753,0,179,-0.8219999999999998,0.05027932960893855,649.0,4.24,0.0
2754,0,192,-0.8089999999999998,0.057291666666666664,649.1,4.24,0.0
2755,3,593,2.591999999999959,0.05564924114671164,649.4,4.24,0.0
2756,0,187,-0.8139999999999998,0.058823529411764705,649.5,4.24,0.0
2757,2,446,1.444999999999975,0.05605381165919283,649.7,4.24,0.0
2758,1,313,0.3119999999999896,0.05750798722044728,649.9,4.25,0.0
2759,0,193,-0.8079999999999998,0.05699481865284974,650.0,4.25,0.0
2760,3,579,2.5779999999999603,0.055267702936096716,650.3,4.25,0.0
2761,1,313,0.3119999999999896,0.054313099041533544,650.5,4.25,0.0
2762,1,313,0.3119999999999896,0.05750798722044728,650.6,4.25,0.0
2763,0,183,-0.8179999999999998,0.060109289617486336,650.7,4.25,0.0
2764,0,179,-0.8219999999999998,0.055865921787709494,650.8,4.25,0.0
2765,3,587,2.5859999999999594,0.056218057921635436,651.1,4.25,0.0
2766,1,313,0.3119999999999896,0.054313099041533544,651.3,4.25,0.0
2767,3,579,2.5779999999999603,0.055267702936096716,651.6,4.25,0.0
2768,0,179,-0.8219999999999998,0.055865921787709494,651.7,4.25,0.0
2769,5,846,4.845000000000032,0.05555555555555555,652.1,4.25,0.0
2770,3,580,2.57899999999996,0.056896551724137934,652.4,4.25,0.0
2771,1,319,0.31799999999998896,0.05642633228840126,652.6,4.25,0.0
2772,0,179,-0.8219999999999998,0.055865921787709494,652.7,4.25,0.0
2773,2,465,1.4639999999999729,0.05591397849462366,652.9,4.25,0.0
2774,4,714,3.7129999999999885,0.056022408963585436,653.3,4.25,0.0
2775,2,466,1.4649999999999728,0.055793991416309016,653.6,4.25,0.0
2776,0,179,-0.8219999999999998,0.055865921787709494,653.7,4.25,0.0
2777,2,446,1.444999999999975,0.05605381165919283,653.9,4.25,0.0
2778,0,179,-0.8219999999999998,0.055865921787709494,654.0,4.25,0.0
2779,1,313,0.3119999999999896,0.05750798722044728,654.1,4.25,0.0
2780,2,446,1.444999999999975,0.05605381165919283,654.4,4.25,0.0
2781,0,211,-0.7899999999999998,0.05687203791469194,654.5,4.25,0.0
2782,3,585,2.5839999999999597,0.05641025641025641,654.8,4.25,0.0
2783,3,583,2.58199999999996,0.05660377358490566,655.1,4.25,0.0
2784,2,446,1.444999999999975,0.05605381165919283,655.3,4.25,0.0
2785,4,713,3.711999999999988,0.056100981767180924,655.7,4.25,0.0
2786,2,446,1.444999999999975,0.05605381165919283,655.9,4.25,0.0
2787,0,206,-0.7949999999999998,0.05825242718446602,656.0,4.25,0.0
2788,0,189,-0.8119999999999998,0.0582010582010582,656.1,4.25,0.0
2789,1,313,0.3119999999999896,0.054313099041533544,656.3,4.25,0.0
2790,4,747,3.7459999999999996,0.05622489959839357,656.7,4.25,0.0
2791,1,313,0.3119999999999896,0.054313099041533544,656.9,4.25,0.0
2792,1,313,0.3119999999999896,0.054313099041533544,657.0,4.25,0.0
2793,0,179,-0.8219999999999998,0.055865921787709494,657.1,4.25,0.0
2794,0,184,-0.8169999999999998,0.059782608695652176,657.2,4.25,0.0
2795,6,979,5.978000000000075,0.056179775280898875,657.7,4.25,0.0
2796,5,846,4.845000000000032,0.05555555555555555,658.2,4.25,0.0
2797,0,195,-0.8059999999999998,0.05641025641025641,658.3,4.25,0.0
2798,1,313,0.3119999999999896,0.054313099041533544,658.4,4.25,0.0
2799,2,454,1.452999999999974,0.05726872246696035,658.7,4.25,0.0
2800,4,728,3.726999999999993,0.05631868131868132,659.0,4.25,0.0
2801,2,446,1.444999999999975,0.05605381165919283,659.3,4.25,0.0
2802,2,449,1.4479999999999746,0.0556792873051225,659.5,4.25,0.0
2803,1,313,0.3119999999999896,0.05750798722044728,659.7,4.25,0.0
2804,6,979,5.978000000000075,0.05515832482124617,660.2,4.25,0.0
2805,0,191,-0.8099999999999998,0.05759162303664921,660.3,4.25,0.0
2806,0,179,-0.8219999999999998,0.055865921787709494,660.4,4.25,0.0
2807,2,446,1.444999999999975,0.053811659192825115,660.6,4.25,0.0
2808,2,454,1.452999999999974,0.05726872246696035,660.8,4.25,0.0
2809,0,187,-0.8139999999999998,0.058823529411764705,660.9,4.25,0.0
2810,4,713,3.711999999999988,0.056100981767180924,661.3,4.25,0.0
2811,0,179,-0.8219999999999998,0.055865921787709494,661.4,4.25,0.0
2812,2,446,1.444999999999975,0.05605381165919283,661.6,4.25,0.0
2813,1,313,0.3119999999999896,0.054313099041533544,661.8,4.25,0.0
2814,0,187,-0.8139999999999998,0.058823529411764705,661.9,4.25,0.0
2815,2,446,1.444999999999975,0.05605381165919283,662.1,4.25,0.0
2816,1,313,0.3119999999999896,0.05750798722044728,662.3,4.25,0.0
2817,2,446,1.444999999999975,0.053811659192825115,662.5,4.25,0.0
2818,4,713,3.711999999999988,0.056100981767180924,662.9,4.25,0.0
2819,0,179,-0.8219999999999998,0.055865921787709494,663.0,4.25,0.0
2820,0,179,-0.8219999999999998,0.055865921787709494,663.0,4.25,0.0
2821,1,317,0.3159999999999892,0.056782334384858045,663.2,4.26,0.0
2822,3,579,2.5779999999999603,0.055267702936096716,663.5,4.25,0.0
2823,4,713,3.711999999999988,0.056100981767180924,663.9,4.25,0.0
2824,1,313,0.3119999999999896,0.05750798722044728,664.0,4.25,0.0
2825,0,179,-0.8219999999999998,0.055865921787709494,664.1,4.26,0.0
2826,7,1123,7.12200000000003,0.05609973285841496,664.7,4.25,0.0
2827,0,181,-0.8199999999999998,0.06077348066298342,664.8,4.25,0.0
2828,2,446,1.444999999999975,0.05605381165919283,665.0,4.25,0.0
2829,1,313,0.3119999999999896,0.054313099041533544,665.2,4.25,0.0
2830,0,179,-0.8219999999999998,0.055865921787709494,665.3,4.26,0.0
2831,1,313,0.3119999999999896,0.05750798722044728,665.5,4.26,0.0
2832,5,846,4.845000000000032,0.05555555555555555,665.9,4.25,0.0
2833,0,179,-0.8219999999999998,0.055865921787709494,666.0,4.26,0.0
2834,0,183,-0.8179999999999998,0.060109289617486336,666.1,4.26,0.0
2835,1,313,0.3119999999999896,0.05750798722044728,666.3,4.26,0.0
2836,2,446,1.444999999999975,0.05605381165919283,666.5,4.26,0.0
2837,5,846,4.845000000000032,0.05555555555555555,666.9,4.26,0.0
2838,2,459,1.4579999999999735,0.05664488017429194,667.2,4.26,0.0
2839,0,182,-0.8189999999999998,0.06043956043956044,667.3,4.26,0.0
2840,0,179,-0.8219999999999998,0.055865921787709494,667.4,4.26,0.0
2841,2,446,1.444999999999975,0.05605381165919283,667.6,4.26,0.0
2842,1,318,0.31699999999998907,0.05660377358490566,667.8,4.26,0.0
2843,1,313,0.3119999999999896,0.054313099041533544,667.9,4.26,0.0
2844,3,579,2.5779999999999603,0.055267702936096716,668.3,4.26,0.0
2845,1,317,0.3159999999999892,0.056782334384858045,668.4,4.26,0.0
2846,3,579,2.5779999999999603,0.055267702936096716,668.7,4.26,0.0
2847,0,179,-0.8219999999999998,0.055865921787709494,668.8,4.26,0.0
2848,2,464,1.462999999999973,0.05603448275862069,669.0,4.26,0.0
2849,1,313,0.3119999999999896,0.054313099041533544,669.2,4.26,0.0
2850,0,179,-0.8219999999999998,0.055865921787709494,669.3,4.26,0.0
2851,1,313,0.3119999999999896,0.054313099041533544,669.5,4.26,0.0
2852,2,446,1.444999999999975,0.05605381165919283,669.7,4.26,0.0
2853,3,586,2.5849999999999596,0.05631399317406143,670.0,4.26,0.0
2854,1,321,0.31999999999998874,0.056074766355140186,670.2,4.26,0.0
2855,0,179,-0.8219999999999998,0.055865921787709494,670.3,4.26,0.0
2856,3,579,2.5779999999999603,0.055267702936096716,670.6,4.26,0.0
2857,1,336,0.3349999999999871,0.05654761904761905,670.7,4.26,0.0
2858,4,732,3.7309999999999945,0.056010928961748634,671.1,4.26,0.0
2859,1,313,0.3119999999999896,0.054313099041533544,671.3,4.26,0.0
2860,2,451,1.4499999999999744,0.057649667405764965,671.5,4.26,0.0
2861,2,446,1.444999999999975,0.053811659192825115,671.7,4.26,0.0
2862,3,579,2.5779999999999603,0.055267702936096716,672.0,4.26,0.0
2863,1,313,0.3119999999999896,0.054313099041533544,672.2,4.26,0.0
2864,1,313,0.3119999999999896,0.05750798722044728,672.4,4.26,0.0
2865,2,454,1.452999999999974,0.05726872246696035,672.6,4.26,0.0
2866,1,313,0.3119999999999896,0.054313099041533544,672.8,4.26,0.0
2867,0,179,-0.8219999999999998,0.055865921787709494,672.9,4.26,0.0
2868,2,458,1.4569999999999736,0.056768558951965066,673.1,4.26,0.0
2869,6,984,5.983000000000077,0.05589430894308943,673.6,4.26,0.0
2870,0,187,-0.8139999999999998,0.058823529411764705,673.7,4.26,0.0
2871,2,446,1.444999999999975,0.053811659192825115,673.9,4.26,0.0
2872,2,446,1.444999999999975,0.05605381165919283,674.2,4.26,0.0
2873,0,179,-0.8219999999999998,0.055865921787709494,674.3,4.26,0.0
2874,2,446,1.444999999999975,0.05605381165919283,674.5,4.26,0.0
2875,4,713,3.711999999999988,0.056100981767180924,674.9,4.26,0.0
2876,0,179,-0.8219999999999998,0.055865921787709494,675.0,4.26,0.0
2877,0,192,-0.8089999999999998,0.057291666666666664,675.1,4.26,0.0
2878,3,610,2.608999999999957,0.05573770491803279,675.4,4.26,0.0
2879,4,713,3.711999999999988,0.056100981767180924,675.8,4.26,0.0
2880,0,179,-0.8219999999999998,0.055865921787709494,675.9,4.26,0.0
2881,7,1133,7.1320000000000245,0.05560458958517211,676.5,4.26,0.0
2882,1,313,0.3119999999999896,0.054313099041533544,676.6,4.26,0.0
2883,0,197,-0.8039999999999998,0.05583756345177665,676.7,4.26,0.0
2884,4,731,3.729999999999994,0.0560875512995896,677.1,4.26,0.0
2885,5,846,4.845000000000032,0.05555555555555555,677.6,4.26,0.0
2886,3,584,2.5829999999999598,0.05650684931506849,677.9,4.26,0.0
2887,8,1253,8.251999999999958,0.055865921787709494,678.5,4.26,0.0
2888,1,313,0.3119999999999896,0.054313099041533544,678.7,4.26,0.0
2889,0,179,-0.8219999999999998,0.055865921787709494,678.8,4.26,0.0
2890,2,446,1.444999999999975,0.05605381165919283,679.0,4.26,0.0
2891,4,713,3.711999999999988,0.056100981767180924,679.4,4.26,0.0
2892,2,456,1.4549999999999739,0.05701754385964912,679.6,4.26,0.0
2893,0,179,-0.8219999999999998,0.055865921787709494,679.7,4.26,0.0
2894,0,185,-0.8159999999999998,0.05945945945945946,679.8,4.26,0.0
2895,0,179,-0.8219999999999998,0.055865921787709494,679.9,4.26,0.0
2896,0,179,-0.8219999999999998,0.055865921787709494,680.0,4.26,0.0
2897,1,318,0.31699999999998907,0.05660377358490566,680.1,4.26,0.0
2898,1,313,0.3119999999999896,0.054313099041533544,680.3,4.26,0.0
2899,0,179,-0.8219999999999998,0.055865921787709494,680.4,4.26,0.0
2900,2,446,1.444999999999975,0.05605381165919283,680.6,4.26,0.0
2901,1,313,0.3119999999999896,0.054313099041533544,680.8,4.26,0.0
2902,4,713,3.711999999999988,0.0546984572230014,681.2,4.26,0.0
2903,3,579,2.5779999999999603,0.055267702936096716,681.5,4.26,0.0
2904,1,313,0.3119999999999896,0.054313099041533544,681.6,4.26,0.0
2905,1,317,0.3159999999999892,0.056782334384858045,681.8,4.26,0.0
2906,0,179,-0.8219999999999998,0.055865921787709494,681.9,4.26,0.0
2907,5,846,4.845000000000032,0.05555555555555555,682.3,4.26,0.0
2908,1,313,0.3119999999999896,0.054313099041533544,682.5,4.26,0.0
2909,1,313,0.3119999999999896,0.054313099041533544,682.7,4.26,0.0
2910,2,446,1.444999999999975,0.05605381165919283,682.9,4.26,0.0
2911,0,179,-0.8219999999999998,0.055865921787709494,683.0,4.26,0.0
2912,4,713,3.711999999999988,0.0546984572230014,683.4,4.26,0.0
2913,0,179,-0.8219999999999998,0.055865921787709494,683.5,4.26,0.0
2914,1,313,0.3119999999999896,0.054313099041533544,683.6,4.26,0.0
2915,3,579,2.5779999999999603,0.055267702936096716,683.9,4.26,0.0
2916,1,313,0.3119999999999896,0.05750798722044728,684.1,4.26,0.0
2917,7,1113,7.112000000000036,0.055705300988319856,684.7,4.26,0.0
2918,5,846,4.845000000000032,0.05555555555555555,685.1,4.26,0.0
2919,0,179,-0.8219999999999998,0.055865921787709494,685.2,4.26,0.0
2920,4,713,3.711999999999988,0.0546984572230014,685.6,4.26,0.0
2921,8,1246,8.244999999999962,0.05537720706260032,686.2,4.26,0.0
2922,0,179,-0.8219999999999998,0.055865921787709494,686.3,4.26,0.0
2923,0,179,-0.8219999999999998,0.055865921787709494,686.4,4.26,0.0
2924,3,590,2.588999999999959,0.05593220338983051,686.7,4.26,0.0
2925,2,446,1.444999999999975,0.05605381165919283,686.9,4.26,0.0
2926,3,591,2.589999999999959,0.05583756345177665,687.2,4.26,0.0
2927,0,190,-0.8109999999999998,0.05789473684210526,687.3,4.26,0.0
2928,0,179,-0.8219999999999998,0.055865921787709494,687.4,4.26,0.0
2929,3,579,2.5779999999999603,0.055267702936096716,687.8,4.26,0.0
2930,5,857,4.856000000000035,0.056009334889148193,688.2,4.26,0.0
2931,1,313,0.3119999999999896,0.05750798722044728,688.4,4.26,0.0
2932,0,179,-0.8219999999999998,0.055865921787709494,688.5,4.26,0.0
2933,0,193,-0.8079999999999998,0.05699481865284974,688.6,4.26,0.0
2934,4,713,3.711999999999988,0.056100981767180924,688.9,4.26,0.0
2935,2,446,1.444999999999975,0.05605381165919283,689.2,4.26,0.0
2936,1,313,0.3119999999999896,0.054313099041533544,689.3,4.26,0.0
2937,0,190,-0.8109999999999998,0.05789473684210526,689.4,4.26,0.0
2938,0,189,-0.8119999999999998,0.0582010582010582,689.5,4.26,0.0
2939,2,446,1.444999999999975,0.05605381165919283,689.8,4.26,0.0
2940,1,338,0.33699999999998687,0.05621301775147929,689.9,4.26,0.0
2941,1,313,0.3119999999999896,0.05750798722044728,690.1,4.26,0.0
2942,0,179,-0.8219999999999998,0.055865921787709494,690.2,4.26,0.0
2943,3,579,2.5779999999999603,0.055267702936096716,690.5,4.26,0.0
2944,1,335,0.3339999999999872,0.056716417910447764,690.7,4.26,0.0
2945,0,179,-0.8219999999999998,0.055865921787709494,690.8,4.26,0.0
2946,2,446,1.444999999999975,0.05605381165919283,691.0,4.26,0.0
2947,1,313,0.3119999999999896,0.054313099041533544,691.2,4.27,0.0
2948,3,579,2.5779999999999603,0.055267702936096716,691.5,4.26,0.0
2949,4,727,3.725999999999993,0.05639614855570839,691.8,4.26,0.0
2950,0,179,-0.8219999999999998,0.055865921787709494,691.9,4.26,0.0
2951,0,179,-0.8219999999999998,0.05027932960893855,692.0,4.27,0.0
2952,5,846,4.845000000000032,0.05555555555555555,692.5,4.26,0.0
2953,2,446,1.444999999999975,0.05605381165919283,692.7,4.26,0.0
2954,0,179,-0.8219999999999998,0.055865921787709494,692.8,4.27,0.0
2955,0,179,-0.8219999999999998,0.055865921787709494,692.9,4.27,0.0
2956,4,729,3.7279999999999935,0.056241426611796985,693.3,4.27,0.0
2957,8,1246,8.244999999999962,0.05537720706260032,693.9,4.26,0.0
2958,0,179,-0.8219999999999998,0.055865921787709494,694.0,4.26,0.0
2959,5,846,4.845000000000032,0.05555555555555555,694.5,4.26,0.0
2960,2,454,1.452999999999974,0.05726872246696035,694.7,4.26,0.0
2961,0,179,-0.8219999999999998,0.055865921787709494,694.8,4.26,0.0
2962,1,313,0.3119999999999896,0.054313099041533544,695.0,4.26,0.0
2963,0,179,-0.8219999999999998,0.055865921787709494,695.1,4.26,0.0
2964,1,313,0.3119999999999896,0.05750798722044728,695.2,4.26,0.0
2965,0,179,-0.8219999999999998,0.055865921787709494,695.3,4.27,0.0
2966,4,729,3.7279999999999935,0.056241426611796985,695.7,4.26,0.0
2967,0,179,-0.8219999999999998,0.055865921787709494,695.8,4.27,0.0
2968,3,579,2.5779999999999603,0.055267702936096716,696.1,4.27,0.0
2969,1,313,0.3119999999999896,0.05750798722044728,696.3,4.27,0.0
2970,2,461,1.4599999999999733,0.05639913232104121,696.5,4.27,0.0
2971,0,179,-0.8219999999999998,0.055865921787709494,696.6,4.27,0.0
2972,4,713,3.711999999999988,0.056100981767180924,697.0,4.27,0.0
2973,3,579,2.5779999999999603,0.055267702936096716,697.3,4.27,0.0
2974,1,313,0.3119999999999896,0.054313099041533544,697.4,4.27,0.0
2975,0,192,-0.8089999999999998,0.057291666666666664,697.5,4.27,0.0
2976,1,313,0.3119999999999896,0.05750798722044728,697.7,4.27,0.0
2977,1,314,0.3129999999999895,0.05732484076433121,697.9,4.27,0.0
2978,4,713,3.711999999999988,0.0546984572230014,698.2,4.27,0.0
2979,0,179,-0.8219999999999998,0.055865921787709494,698.3,4.27,0.0
2980,2,446,1.444999999999975,0.05605381165919283,698.6,4.27,0.0
2981,4,713,3.711999999999988,0.0546984572230014,698.9,4.27,0.0
2982,0,179,-0.8219999999999998,0.061452513966480445,699.0,4.27,0.0
2983,0,184,-0.8169999999999998,0.059782608695652176,699.1,4.27,0.0
2984,0,179,-0.8219999999999998,0.055865921787709494,699.2,4.27,0.0
2985,3,579,2.5779999999999603,0.055267702936096716,699.5,4.27,0.0
2986,3,579,2.5779999999999603,0.055267702936096716,699.8,4.27,0.0
2987,3,579,2.5779999999999603,0.055267702936096716,700.1,4.27,0.0
2988,0,179,-0.8219999999999998,0.055865921787709494,700.2,4.27,0.0
2989,0,182,-0.8189999999999998,0.06043956043956044,700.3,4.27,0.0
2990,0,179,-0.8219999999999998,0.055865921787709494,700.4,4.27,0.0
2991,4,713,3.711999999999988,0.0546984572230014,700.8,4.27,0.0
2992,7,1113,7.112000000000036,0.055705300988319856,701.4,4.27,0.0
2993,2,462,1.4609999999999732,0.05627705627705628,701.6,4.27,0.0
2994,7,1113,7.112000000000036,0.055705300988319856,702.2,4.27,0.0
2995,2,477,1.4759999999999716,0.05660377358490566,702.4,4.27,0.0
2996,0,179,-0.8219999999999998,0.05027932960893855,702.5,4.27,0.0
2997,5,846,4.845000000000032,0.05555555555555555,703.0,4.26,0.0
2998,2,446,1.444999999999975,0.05605381165919283,703.2,4.26,0.0
2999,0,179,-0.8219999999999998,0.055865921787709494,703.3,4.27,0.0
3000,5,846,4.845000000000032,0.05555555555555555,703.8,4.26,0.0
3001,3,584,2.5829999999999598,0.05650684931506849,707.0,4.25,0.0
3002,3,579,2.5779999999999603,0.055267702936096716,707.3,4.25,0.0
3003,1,335,0.3339999999999872,0.056716417910447764,707.5,4.25,0.0
3004,0,179,-0.8219999999999998,0.055865921787709494,707.6,4.25,0.0
3005,1,313,0.3119999999999896,0.054313099041533544,707.7,4.25,0.0
3006,0,179,-0.8219999999999998,0.055865921787709494,707.8,4.25,0.0
3007,1,313,0.3119999999999896,0.054313099041533544,708.0,4.25,0.0
3008,8,1251,8.24999999999996,0.055955235811350916,708.6,4.25,0.0
3009,0,179,-0.8219999999999998,0.05027932960893855,708.7,4.25,0.0
3010,4,729,3.7279999999999935,0.056241426611796985,709.1,4.25,0.0
3011,0,179,-0.8219999999999998,0.055865921787709494,709.2,4.25,0.0
3012,4,713,3.711999999999988,0.056100981767180924,709.6,4.25,0.0
3013,0,185,-0.8159999999999998,0.05945945945945946,709.7,4.25,0.0
3014,0,179,-0.8219999999999998,0.055865921787709494,709.8,4.25,0.0
3015,2,446,1.444999999999975,0.05605381165919283,710.0,4.25,0.0
3016,0,179,-0.8219999999999998,0.055865921787709494,710.1,4.25,0.0
3017,3,584,2.5829999999999598,0.05650684931506849,710.4,4.25,0.0
3018,0,181,-0.8199999999999998,0.06077348066298342,710.5,4.25,0.0
3019,1,322,0.32099999999998863,0.055900621118012424,710.7,4.25,0.0
3020,2,446,1.444999999999975,0.05605381165919283,710.9,4.25,0.0
3021,3,579,2.5779999999999603,0.055267702936096716,711.2,4.25,0.0
3022,0,186,-0.8149999999999998,0.05913978494623656,711.3,4.25,0.0
3023,3,579,2.5779999999999603,0.055267702936096716,711.6,4.25,0.0
3024,3,579,2.5779999999999603,0.055267702936096716,711.9,4.25,0.0
3025,0,194,-0.8069999999999998,0.05670103092783505,712.0,4.25,0.0
3026,2,446,1.444999999999975,0.05605381165919283,712.3,4.25,0.0
3027,4,713,3.711999999999988,0.056100981767180924,712.6,4.25,0.0
3028,5,854,4.853000000000034,0.05620608899297424,713.1,4.25,0.0
3029,1,336,0.3349999999999871,0.05654761904761905,713.3,4.25,0.0
3030,1,313,0.3119999999999896,0.054313099041533544,713.4,4.25,0.0
3031,0,179,-0.8219999999999998,0.055865921787709494,713.5,4.25,0.0
3032,3,585,2.5839999999999597,0.05641025641025641,713.8,4.25,0.0
3033,0,179,-0.8219999999999998,0.055865921787709494,713.9,4.25,0.0
3034,3,584,2.5829999999999598,0.05650684931506849,714.2,4.25,0.0
3035,5,846,4.845000000000032,0.05555555555555555,714.7,4.25,0.0
3036,1,336,0.3349999999999871,0.05654761904761905,714.8,4.25,0.0
3037,2,446,1.444999999999975,0.05605381165919283,715.1,4.25,0.0
3038,0,179,-0.8219999999999998,0.055865921787709494,715.2,4.25,0.0
3039,5,852,4.851000000000034,0.056338028169014086,715.6,4.25,0.0
3040,1,313,0.3119999999999896,0.05750798722044728,715.8,4.25,0.0
3041,1,319,0.31799999999998896,0.05642633228840126,715.9,4.25,0.0
3042,2,446,1.444999999999975,0.05605381165919283,716.2,4.25,0.0
3043,0,179,-0.8219999999999998,0.055865921787709494,716.3,4.25,0.0
3044,3,579,2.5779999999999603,0.055267702936096716,716.6,4.25,0.0
3045,1,313,0.3119999999999896,0.054313099041533544,716.7,4.25,0.0
3046,5,846,4.845000000000032,0.05555555555555555,717.2,4.25,0.0
3047,1,319,0.31799999999998896,0.05642633228840126,717.3,4.25,0.0
3048,5,854,4.853000000000034,0.05620608899297424,717.8,4.25,0.0
3049,3,586,2.5849999999999596,0.05631399317406143,718.1,4.25,0.0
3050,4,713,3.711999999999988,0.056100981767180924,718.4,4.25,0.0
3051,2,457,1.4559999999999738,0.05689277899343545,718.7,4.25,0.0
3052,0,179,-0.8219999999999998,0.055865921787709494,718.8,4.25,0.0
3053,3,579,2.5779999999999603,0.055267702936096716,719.1,4.25,0.0
3054,0,189,-0.8119999999999998,0.0582010582010582,719.2,4.25,0.0
3055,2,446,1.444999999999975,0.05605381165919283,719.4,4.25,0.0
3056,4,713,3.711999999999988,0.056100981767180924,719.8,4.25,0.0
3057,4,713,3.711999999999988,0.0546984572230014,720.2,4.25,0.0
3058,1,313,0.3119999999999896,0.054313099041533544,720.3,4.25,0.0
3059,1,313,0.3119999999999896,0.054313099041533544,720.5,4.25,0.0
3060,1,313,0.3119999999999896,0.05750798722044728,720.7,4.25,0.0
3061,0,179,-0.8219999999999998,0.055865921787709494,720.7,4.25,0.0
3062,0,186,-0.8149999999999998,0.05913978494623656,720.8,4.25,0.0
3063,3,579,2.5779999999999603,0.055267702936096716,721.2,4.25,0.0
3064,1,315,0.3139999999999894,0.05714285714285714,721.3,4.25,0.0
3065,0,179,-0.8219999999999998,0.055865921787709494,721.4,4.25,0.0
3066,0,179,-0.8219999999999998,0.055865921787709494,721.5,4.25,0.0
3067,0,184,-0.8169999999999998,0.059782608695652176,721.6,4.25,0.0
3068,3,579,2.5779999999999603,0.055267702936096716,721.9,4.25,0.0
3069,5,846,4.845000000000032,0.05555555555555555,722.4,4.25,0.0
3070,0,179,-0.8219999999999998,0.055865921787709494,722.4,4.25,0.0
3071,3,579,2.5779999999999603,0.055267702936096716,722.7,4.25,0.0
3072,1,313,0.3119999999999896,0.054313099041533544,722.9,4.25,0.0
3073,0,179,-0.8219999999999998,0.055865921787709494,723.0,4.25,0.0
3074,3,589,2.587999999999959,0.05602716468590832,723.3,4.25,0.0
3075,1,313,0.3119999999999896,0.054313099041533544,723.5,4.25,0.0
3076,4,713,3.711999999999988,0.056100981767180924,723.8,4.25,0.0
3077,2,446,1.444999999999975,0.05605381165919283,724.1,4.25,0.0
3078,2,460,1.4589999999999734,0.05652173913043478,724.3,4.25,0.0
3079,2,446,1.444999999999975,0.053811659192825115,724.5,4.25,0.0
3080,3,579,2.5779999999999603,0.055267702936096716,724.9,4.25,0.0
3081,0,179,-0.8219999999999998,0.055865921787709494,724.9,4.25,0.0
3082,3,579,2.5779999999999603,0.055267702936096716,725.2,4.25,0.0
3083,9,1379,9.377999999999888,0.05583756345177665,726.0,4.25,0.0
3084,5,846,4.845000000000032,0.05555555555555555,726.4,4.25,0.0
3085,1,313,0.3119999999999896,0.054313099041533544,726.6,4.25,0.0
3086,1,313,0.3119999999999896,0.05750798722044728,726.7,4.25,0.0
3087,4,731,3.729999999999994,0.0560875512995896,727.1,4.25,0.0
3088,6,979,5.978000000000075,0.056179775280898875,727.6,4.25,0.0
3089,4,713,3.711999999999988,0.056100981767180924,728.0,4.24,0.0
3090,2,458,1.4569999999999736,0.056768558951965066,728.2,4.24,0.0
3091,0,190,-0.8109999999999998,0.05789473684210526,728.3,4.25,0.0
3092,0,190,-0.8109999999999998,0.05789473684210526,728.4,4.25,0.0
3093,0,179,-0.8219999999999998,0.055865921787709494,728.5,4.25,0.0
3094,1,336,0.3349999999999871,0.05654761904761905,728.7,4.25,0.0
3095,0,179,-0.8219999999999998,0.055865921787709494,728.8,4.25,0.0
3096,2,352,1.3509999999999853,0.056818181818181816,729.0,4.25,0.0
3097,7,1122,7.121000000000031,0.05614973262032086,729.6,4.25,0.0
3098,2,465,1.4639999999999729,0.05591397849462366,729.8,4.25,0.0
3099,1,320,0.31899999999998885,0.05625,730.0,4.25,0.0
3100,0,184,-0.8169999999999998,0.059782608695652176,730.1,4.25,0.0
3101,0,179,-0.8219999999999998,0.055865921787709494,730.2,4.25,0.0
3102,0,184,-0.8169999999999998,0.059782608695652176,730.3,4.25,0.0
3103,3,579,2.5779999999999603,0.055267702936096716,730.6,4.25,0.0
3104,0,194,-0.8069999999999998,0.05670103092783505,730.7,4.25,0.0
3105,1,314,0.3129999999999895,0.05732484076433121,730.8,4.25,0.0
3106,3,593,2.591999999999959,0.05564924114671164,731.1,4.25,0.0
3107,1,313,0.3119999999999896,0.054313099041533544,731.3,4.25,0.0
3108,5,860,4.859000000000036,0.05581395348837209,731.7,4.25,0.0
3109,0,179,-0.8219999999999998,0.055865921787709494,731.8,4.25,0.0
3110,2,456,1.4549999999999739,0.05701754385964912,732.1,4.25,0.0
3111,4,713,3.711999999999988,0.056100981767180924,732.5,4.25,0.0
3112,4,713,3.711999999999988,0.0546984572230014,732.9,4.25,0.0
3113,3,579,2.5779999999999603,0.055267702936096716,733.2,4.25,0.0
3114,0,179,-0.8219999999999998,0.055865921787709494,733.2,4.25,0.0
3115,1,313,0.3119999999999896,0.054313099041533544,733.4,4.25,0.0
3116,2,462,1.4609999999999732,0.05627705627705628,733.7,4.25,0.0
3117,1,318,0.31699999999998907,0.05660377358490566,733.8,4.25,0.0
3118,2,446,1.444999999999975,0.053811659192825115,734.0,4.25,0.0
3119,1,315,0.3139999999999894,0.05714285714285714,734.2,4.25,0.0
3120,0,190,-0.8109999999999998,0.05789473684210526,734.3,4.25,0.0
3121,0,194,-0.8069999999999998,0.05670103092783505,734.4,4.25,0.0
3122,4,713,3.711999999999988,0.056100981767180924,734.8,4.25,0.0
3123,0,214,-0.7869999999999998,0.056074766355140186,734.9,4.25,0.0
3124,0,179,-0.8219999999999998,0.055865921787709494,735.0,4.25,0.0
3125,0,209,-0.7919999999999998,0.05741626794258373,735.1,4.25,0.0
3126,1,313,0.3119999999999896,0.05750798722044728,735.3,4.25,0.0
3127,0,192,-0.8089999999999998,0.057291666666666664,735.4,4.25,0.0
3128,1,313,0.3119999999999896,0.05750798722044728,735.5,4.25,0.0
3129,3,593,2.591999999999959,0.05564924114671164,735.8,4.25,0.0
3130,1,313,0.3119999999999896,0.054313099041533544,736.0,4.25,0.0
3131,6,981,5.980000000000076,0.05606523955147808,736.5,4.25,0.0
3132,2,446,1.444999999999975,0.05605381165919283,736.7,4.25,0.0
3133,1,313,0.3119999999999896,0.05750798722044728,736.9,4.25,0.0
3134,3,579,2.5779999999999603,0.055267702936096716,737.2,4.25,0.0
3135,6,979,5.978000000000075,0.056179775280898875,737.7,4.25,0.0
3136,1,313,0.3119999999999896,0.054313099041533544,737.9,4.25,0.0
3137,1,337,0.335999999999987,0.05637982195845697,738.1,4.25,0.0
3138,4,717,3.7159999999999895,0.05578800557880056,738.4,4.25,0.0
3139,0,197,-0.8039999999999998,0.05583756345177665,738.5,4.25,0.0
3140,3,584,2.5829999999999598,0.05650684931506849,738.8,4.25,0.0
3141,0,179,-0.8219999999999998,0.055865921787709494,738.9,4.25,0.0
3142,0,179,-0.8219999999999998,0.055865921787709494,739.0,4.25,0.0
3143,2,446,1.444999999999975,0.05605381165919283,739.3,4.25,0.0
3144,3,579,2.5779999999999603,0.055267702936096716,739.6,4.25,0.0
3145,2,446,1.444999999999975,0.05605381165919283,739.8,4.25,0.0
3146,3,582,2.58099999999996,0.05670103092783505,740.1,4.25,0.0
3147,2,457,1.4559999999999738,0.05689277899343545,740.3,4.25,0.0
3148,1,334,0.3329999999999873,0.05688622754491018,740.5,4.25,0.0
3149,0,179,-0.8219999999999998,0.055865921787709494,740.6,4.25,0.0
3150,0,183,-0.8179999999999998,0.060109289617486336,740.7,4.25,0.0
3151,4,713,3.711999999999988,0.056100981767180924,741.1,4.25,0.0
3152,0,193,-0.8079999999999998,0.05699481865284974,741.2,4.25,0.0
3153,3,609,2.607999999999957,0.05582922824302135,741.5,4.25,0.0
3154,0,179,-0.8219999999999998,0.055865921787709494,741.6,4.25,0.0
3155,0,192,-0.8089999999999998,0.057291666666666664,741.7,4.26,0.0
3156,1,336,0.3349999999999871,0.05654761904761905,741.8,4.26,0.0
3157,2,446,1.444999999999975,0.05605381165919283,742.1,4.26,0.0
3158,6,979,5.978000000000075,0.05515832482124617,742.6,4.25,0.0
3159,1,313,0.3119999999999896,0.054313099041533544,742.8,4.25,0.0
3160,1,313,0.3119999999999896,0.054313099041533544,742.9,4.25,0.0
3161,0,186,-0.8149999999999998,0.05913978494623656,743.0,4.26,0.0
3162,2,446,1.444999999999975,0.05605381165919283,743.3,4.26,0.0
3163,0,179,-0.8219999999999998,0.055865921787709494,743.4,4.26,0.0
3164,4,713,3.711999999999988,0.056100981767180924,743.8,4.26,0.0
3165,2,464,1.462999999999973,0.05603448275862069,744.0,4.26,0.0
3166,2,464,1.462999999999973,0.05603448275862069,744.2,4.26,0.0
3167,1,313,0.3119999999999896,0.054313099041533544,744.4,4.26,0.0
3168,1,313,0.3119999999999896,0.05750798722044728,744.6,4.26,0.0
3169,0,179,-0.8219999999999998,0.055865921787709494,744.7,4.26,0.0
3170,1,313,0.3119999999999896,0.054313099041533544,744.8,4.26,0.0
3171,4,713,3.711999999999988,0.056100981767180924,745.2,4.26,0.0
3172,0,179,-0.8219999999999998,0.055865921787709494,745.3,4.26,0.0
3173,2,453,1.4519999999999742,0.05739514348785872,745.5,4.26,0.0
3174,2,446,1.444999999999975,0.053811659192825115,745.8,4.26,0.0
3175,0,179,-0.8219999999999998,0.055865921787709494,745.9,4.26,0.0
3176,0,191,-0.8099999999999998,0.05759162303664921,746.0,4.26,0.0
3177,6,979,5.978000000000075,0.05515832482124617,746.5,4.26,0.0
3178,2,446,1.444999999999975,0.053811659192825115,746.7,4.26,0.0
3179,0,179,-0.8219999999999998,0.055865921787709494,746.8,4.26,0.0
3180,0,194,-0.8069999999999998,0.05670103092783505,746.9,4.26,0.0
3181,0,187,-0.8139999999999998,0.058823529411764705,747.0,4.26,0.0
3182,5,846,4.845000000000032,0.05555555555555555,747.5,4.26,0.0
3183,0,183,-0.8179999999999998,0.060109289617486336,747.6,4.26,0.0
3184,0,179,-0.8219999999999998,0.055865921787709494,747.6,4.26,0.0
3185,5,857,4.856000000000035,0.056009334889148193,748.1,4.26,0.0
3186,0,179,-0.8219999999999998,0.055865921787709494,748.2,4.26,0.0
3187,3,579,2.5779999999999603,0.055267702936096716,748.5,4.26,0.0
3188,0,179,-0.8219999999999998,0.05027932960893855,748.6,4.26,0.0
3189,4,713,3.711999999999988,0.056100981767180924,748.9,4.26,0.0
3190,0,179,-0.8219999999999998,0.055865921787709494,749.0,4.26,0.0
3191,0,183,-0.8179999999999998,0.060109289617486336,749.1,4.26,0.0
3192,2,446,1.444999999999975,0.05605381165919283,749.4,4.26,0.0
3193,5,846,4.845000000000032,0.05555555555555555,749.8,4.26,0.0
3194,4,713,3.711999999999988,0.0546984572230014,750.2,4.26,0.0
3195,5,874,4.873000000000041,0.05606407322654462,750.6,4.26,0.0
3196,1,313,0.3119999999999896,0.05750798722044728,750.8,4.26,0.0
3197,1,313,0.3119999999999896,0.054313099041533544,751.0,4.26,0.0
3198,4,713,3.711999999999988,0.056100981767180924,751.3,4.26,0.0
3199,4,713,3.711999999999988,0.056100981767180924,751.7,4.26,0.0
3200,1,313,0.3119999999999896,0.05750798722044728,751.9,4.26,0.0
3201,2,459,1.4579999999999735,0.05664488017429194,752.1,4.26,0.0
3202,1,314,0.3129999999999895,0.05732484076433121,752.3,4.26,0.0
3203,3,579,2.5779999999999603,0.055267702936096716,752.6,4.26,0.0
3204,0,179,-0.8219999999999998,0.055865921787709494,752.7,4.26,0.0
3205,1,313,0.3119999999999896,0.05750798722044728,752.8,4.26,0.0
3206,0,187,-0.8139999999999998,0.058823529411764705,752.9,4.26,0.0
3207,1,315,0.3139999999999894,0.05714285714285714,753.1,4.26,0.0
3208,0,183,-0.8179999999999998,0.060109289617486336,753.2,4.26,0.0
3209,0,179,-0.8219999999999998,0.055865921787709494,753.3,4.26,0.0
3210,2,460,1.4589999999999734,0.05652173913043478,753.5,4.26,0.0
3211,0,193,-0.8079999999999998,0.05699481865284974,753.6,4.26,0.0
3212,1,313,0.3119999999999896,0.054313099041533544,753.8,4.26,0.0
3213,1,336,0.3349999999999871,0.05654761904761905,754.0,4.26,0.0
3214,1,313,0.3119999999999896,0.054313099041533544,754.2,4.26,0.0
3215,2,446,1.444999999999975,0.05605381165919283,754.4,4.26,0.0
3216,6,988,5.987000000000078,0.05566801619433198,754.9,4.26,0.0
3217,1,313,0.3119999999999896,0.054313099041533544,755.1,4.26,0.0
3218,0,189,-0.8119999999999998,0.0582010582010582,755.2,4.26,0.0
3219,3,579,2.5779999999999603,0.055267702936096716,755.5,4.26,0.0
3220,2,446,1.444999999999975,0.053811659192825115,755.7,4.26,0.0
3221,0,183,-0.8179999999999998,0.060109289617486336,755.8,4.26,0.0
3222,2,446,1.444999999999975,0.05605381165919283,756.1,4.26,0.0
3223,0,179,-0.8219999999999998,0.055865921787709494,756.2,4.26,0.0
3224,3,579,2.5779999999999603,0.055267702936096716,756.5,4.26,0.0
3225,9,1379,9.377999999999888,0.05511240029006526,757.2,4.26,0.0
3226,8,1246,8.244999999999962,0.05537720706260032,757.8,4.26,0.0
3227,3,610,2.608999999999957,0.05573770491803279,758.2,4.26,0.0
3228,2,446,1.444999999999975,0.05605381165919283,758.4,4.26,0.0
3229,0,179,-0.8219999999999998,0.055865921787709494,758.5,4.26,0.0
3230,3,579,2.5779999999999603,0.055267702936096716,758.8,4.26,0.0
3231,0,179,-0.8219999999999998,0.055865921787709494,758.9,4.26,0.0
3232,0,179,-0.8219999999999998,0.055865921787709494,759.0,4.26,0.0
3233,2,461,1.4599999999999733,0.05639913232104121,759.2,4.26,0.0
3234,3,579,2.5779999999999603,0.055267702936096716,759.5,4.26,0.0
3235,5,846,4.845000000000032,0.05555555555555555,760.0,4.26,0.0
3236,0,179,-0.8219999999999998,0.055865921787709494,760.1,4.26,0.0
3237,4,713,3.711999999999988,0.056100981767180924,760.4,4.26,0.0
3238,1,313,0.3119999999999896,0.054313099041533544,760.6,4.26,0.0
3239,3,585,2.5839999999999597,0.05641025641025641,760.9,4.26,0.0
3240,1,313,0.3119999999999896,0.05750798722044728,761.1,4.26,0.0
3241,2,453,1.4519999999999742,0.05739514348785872,761.3,4.26,0.0
3242,0,191,-0.8099999999999998,0.05759162303664921,761.4,4.26,0.0
3243,0,179,-0.8219999999999998,0.055865921787709494,761.5,4.26,0.0
3244,3,579,2.5779999999999603,0.055267702936096716,761.8,4.26,0.0
3245,1,313,0.3119999999999896,0.054313099041533544,762.0,4.26,0.0
3246,4,713,3.711999999999988,0.056100981767180924,762.4,4.26,0.0
3247,4,713,3.711999999999988,0.0546984572230014,762.7,4.26,0.0
3248,5,855,4.854000000000035,0.056140350877192984,763.2,4.26,0.0
3249,3,579,2.5779999999999603,0.055267702936096716,763.5,4.26,0.0
3250,0,189,-0.8119999999999998,0.0582010582010582,763.6,4.26,0.0
3251,10,1513,10.511999999999814,0.056179775280898875,764.4,4.25,0.0
3252,3,590,2.588999999999959,0.05593220338983051,764.7,4.25,0.0
3253,2,446,1.444999999999975,0.053811659192825115,764.9,4.25,0.0
3254,0,179,-0.8219999999999998,0.055865921787709494,765.0,4.25,0.0
3255,1,313,0.3119999999999896,0.054313099041533544,765.2,4.26,0.0
3256,2,461,1.4599999999999733,0.05639913232104121,765.4,4.26,0.0
3257,5,846,4.845000000000032,0.05555555555555555,765.9,4.25,0.0
3258,2,461,1.4599999999999733,0.05639913232104121,766.1,4.25,0.0
3259,8,1246,8.244999999999962,0.05537720706260032,766.7,4.25,0.0
3260,0,179,-0.8219999999999998,0.055865921787709494,766.8,4.25,0.0
3261,6,996,5.995000000000081,0.05622489959839357,767.4,4.25,0.0
3262,1,313,0.3119999999999896,0.05750798722044728,767.5,4.25,0.0
3263,3,579,2.5779999999999603,0.055267702936096716,767.8,4.25,0.0
3264,5,846,4.845000000000032,0.05555555555555555,768.3,4.25,0.0
3265,6,979,5.978000000000075,0.05515832482124617,768.8,4.25,0.0
3266,1,313,0.3119999999999896,0.05750798722044728,769.0,4.25,0.0
3267,1,313,0.3119999999999896,0.054313099041533544,769.1,4.25,0.0
3268,0,179,-0.8219999999999998,0.055865921787709494,769.2,4.25,0.0
3269,0,191,-0.8099999999999998,0.05759162303664921,769.3,4.25,0.0
3270,3,591,2.589999999999959,0.05583756345177665,769.6,4.25,0.0
3271,3,579,2.5779999999999603,0.055267702936096716,769.9,4.25,0.0
3272,0,179,-0.8219999999999998,0.055865921787709494,770.0,4.25,0.0
3273,4,727,3.725999999999993,0.05639614855570839,770.4,4.25,0.0
3274,0,179,-0.8219999999999998,0.055865921787709494,770.5,4.25,0.0
3275,3,579,2.5779999999999603,0.055267702936096716,770.8,4.25,0.0
3276,2,446,1.444999999999975,0.05605381165919283,771.0,4.25,0.0
3277,2,446,1.444999999999975,0.053811659192825115,771.2,4.25,0.0
3278,1,313,0.3119999999999896,0.054313099041533544,771.4,4.25,0.0
3279,1,313,0.3119999999999896,0.05750798722044728,771.5,4.25,0.0
3280,4,713,3.711999999999988,0.056100981767180924,771.9,4.25,0.0
3281,2,446,1.444999999999975,0.053811659192825115,772.2,4.25,0.0
3282,1,313,0.3119999999999896,0.054313099041533544,772.3,4.25,0.0
3283,3,579,2.5779999999999603,0.055267702936096716,772.6,4.25,0.0
3284,0,179,-0.8219999999999998,0.055865921787709494,772.7,4.25,0.0
3285,1,315,0.3139999999999894,0.05714285714285714,772.9,4.25,0.0
3286,1,313,0.3119999999999896,0.05750798722044728,773.0,4.25,0.0
3287,5,849,4.848000000000033,0.05653710247349823,773.5,4.25,0.0
3288,0,182,-0.8189999999999998,0.06043956043956044,773.5,4.25,0.0
3289,0,179,-0.8219999999999998,0.055865921787709494,773.6,4.25,0.0
3290,3,579,2.5779999999999603,0.055267702936096716,773.9,4.25,0.0
3291,2,462,1.4609999999999732,0.05627705627705628,774.2,4.25,0.0
3292,3,579,2.5779999999999603,0.055267702936096716,774.5,4.25,0.0
3293,0,179,-0.8219999999999998,0.055865921787709494,774.6,4.25,0.0
3294,3,579,2.5779999999999603,0.055267702936096716,774.9,4.25,0.0
3295,0,187,-0.8139999999999998,0.058823529411764705,775.0,4.25,0.0
3296,5,848,4.847000000000032,0.05660377358490566,775.4,4.25,0.0
3297,2,454,1.452999999999974,0.05726872246696035,775.7,4.25,0.0
3298,4,713,3.711999999999988,0.0546984572230014,776.0,4.25,0.0
3299,0,179,-0.8219999999999998,0.055865921787709494,776.1,4.25,0.0
3300,2,461,1.4599999999999733,0.05639913232104121,776.4,4.25,0.0
3301,3,579,2.5779999999999603,0.055267702936096716,776.7,4.25,0.0
3302,0,185,-0.8159999999999998,0.05945945945945946,776.8,4.25,0.0
3303,0,179,-0.8219999999999998,0.055865921787709494,776.9,4.25,0.0
3304,3,579,2.5779999999999603,0.055267702936096716,777.2,4.25,0.0
3305,1,315,0.3139999999999894,0.05714285714285714,777.3,4.25,0.0
3306,1,314,0.3129999999999895,0.05732484076433121,777.5,4.25,0.0
3307,0,184,-0.8169999999999998,0.059782608695652176,777.6,4.25,0.0
3308,6,988,5.987000000000078,0.05566801619433198,778.1,4.25,0.0
3309,1,313,0.3119999999999896,0.054313099041533544,778.3,4.25,0.0
3310,2,446,1.444999999999975,0.05605381165919283,778.5,4.25,0.0
3311,3,579,2.5779999999999603,0.055267702936096716,778.8,4.25,0.0
3312,6,979,5.978000000000075,0.056179775280898875,779.3,4.25,0.0
3313,1,316,0.3149999999999893,0.056962025316455694,779.5,4.25,0.0
3314,0,179,-0.8219999999999998,0.055865921787709494,779.6,4.25,0.0
3315,0,179,-0.8219999999999998,0.055865921787709494,779.7,4.25,0.0
3316,1,313,0.3119999999999896,0.054313099041533544,779.8,4.25,0.0
3317,4,730,3.728999999999994,0.056164383561643834,780.2,4.25,0.0
3318,1,315,0.3139999999999894,0.05714285714285714,780.4,4.25,0.0
3319,5,846,4.845000000000032,0.05555555555555555,780.8,4.25,0.0
3320,0,179,-0.8219999999999998,0.055865921787709494,780.9,4.25,0.0
3321,1,313,0.3119999999999896,0.05750798722044728,781.1,4.25,0.0
3322,2,446,1.444999999999975,0.053811659192825115,781.3,4.25,0.0
3323,1,313,0.3119999999999896,0.054313099041533544,781.5,4.25,0.0
3324,1,337,0.335999999999987,0.05637982195845697,781.6,4.25,0.0
3325,0,179,-0.8219999999999998,0.055865921787709494,781.7,4.25,0.0
3326,3,582,2.58099999999996,0.05670103092783505,782.0,4.25,0.0
3327,4,713,3.711999999999988,0.056100981767180924,782.4,4.25,0.0
3328,0,179,-0.8219999999999998,0.055865921787709494,782.5,4.25,0.0
3329,3,583,2.58199999999996,0.05660377358490566,782.8,4.25,0.0
3330,3,579,2.5779999999999603,0.055267702936096716,783.1,4.25,0.0
3331,4,713,3.711999999999988,0.056100981767180924,783.5,4.25,0.0
3332,5,855,4.854000000000035,0.056140350877192984,783.9,4.25,0.0
3333,0,183,-0.8179999999999998,0.060109289617486336,784.0,4.25,0.0
3334,1,313,0.3119999999999896,0.05750798722044728,784.2,4.25,0.0
3335,0,182,-0.8189999999999998,0.06043956043956044,784.3,4.25,0.0
3336,0,195,-0.8059999999999998,0.05641025641025641,784.4,4.25,0.0
3337,1,321,0.31999999999998874,0.056074766355140186,784.6,4.25,0.0
3338,2,446,1.444999999999975,0.05605381165919283,784.8,4.25,0.0
3339,0,179,-0.8219999999999998,0.055865921787709494,784.9,4.26,0.0
3340,3,579,2.5779999999999603,0.055267702936096716,785.2,4.26,0.0
3341,1,313,0.3119999999999896,0.05750798722044728,785.3,4.26,0.0
3342,0,187,-0.8139999999999998,0.058823529411764705,785.4,4.26,0.0
3343,0,188,-0.8129999999999998,0.05851063829787234,785.5,4.26,0.0
3344,1,313,0.3119999999999896,0.05750798722044728,785.7,4.26,0.0
3345,1,339,0.33799999999998676,0.05604719764011799,785.9,4.26,0.0
3346,1,313,0.3119999999999896,0.054313099041533544,786.0,4.26,0.0
3347,3,580,2.57899999999996,0.056896551724137934,786.3,4.26,0.0
3348,1,313,0.3119999999999896,0.054313099041533544,786.5,4.26,0.0
3349,3,589,2.587999999999959,0.05602716468590832,786.8,4.26,0.0
3350,5,846,4.845000000000032,0.05555555555555555,787.2,4.26,0.0
3351,2,446,1.444999999999975,0.05605381165919283,787.5,4.26,0.0
3352,2,461,1.4599999999999733,0.05639913232104121,787.7,4.26,0.0
3353,1,321,0.31999999999998874,0.056074766355140186,787.9,4.26,0.0
3354,0,179,-0.8219999999999998,0.055865921787709494,788.0,4.26,0.0
3355,0,179,-0.8219999999999998,0.055865921787709494,788.1,4.26,0.0
3356,1,338,0.33699999999998687,0.05621301775147929,788.2,4.26,0.0
3357,13,1913,13.911999999999592,0.05541035023523262,789.2,4.25,0.0
3358,1,313,0.3119999999999896,0.054313099041533544,789.4,4.26,0.0
3359,0,188,-0.8129999999999998,0.05851063829787234,789.5,4.26,0.0
3360,0,179,-0.8219999999999998,0.055865921787709494,789.6,4.26,0.0
3361,2,446,1.444999999999975,0.053811659192825115,789.8,4.26,0.0
3362,0,179,-0.8219999999999998,0.055865921787709494,789.9,4.26,0.0
3363,1,313,0.3119999999999896,0.054313099041533544,790.1,4.26,0.0
3364,8,1246,8.244999999999962,0.05537720706260032,790.7,4.26,0.0
3365,1,313,0.3119999999999896,0.054313099041533544,790.9,4.26,0.0
3366,4,713,3.711999999999988,0.0546984572230014,791.3,4.26,0.0
3367,0,184,-0.8169999999999998,0.059782608695652176,791.4,4.26,0.0
3368,4,713,3.711999999999988,0.056100981767180924,791.8,4.25,0.0
3369,3,579,2.5779999999999603,0.055267702936096716,792.1,4.25,0.0
3370,6,979,5.978000000000075,0.05515832482124617,792.6,4.25,0.0
3371,0,194,-0.8069999999999998,0.05670103092783505,792.7,4.25,0.0
3372,7,1131,7.130000000000026,0.05570291777188329,793.4,4.25,0.0
3373,0,187,-0.8139999999999998,0.058823529411764705,793.5,4.25,0.0
3374,3,583,2.58199999999996,0.05660377358490566,793.8,4.25,0.0
3375,6,1004,6.003000000000084,0.055776892430278883,794.3,4.25,0.0
3376,0,179,-0.8219999999999998,0.055865921787709494,794.4,4.25,0.0
3377,3,579,2.5779999999999603,0.05699481865284974,794.7,4.25,0.0
3378,10,1513,10.511999999999814,0.05551883674818242,795.5,4.25,0.0
3379,1,313,0.3119999999999896,0.05750798722044728,795.7,4.25,0.0
3380,4,713,3.711999999999988,0.0546984572230014,796.0,4.25,0.0
3381,0,179,-0.8219999999999998,0.055865921787709494,796.1,4.25,0.0
3382,0,179,-0.8219999999999998,0.055865921787709494,796.2,4.25,0.0
3383,1,315,0.3139999999999894,0.05714285714285714,796.4,4.25,0.0
3384,0,179,-0.8219999999999998,0.055865921787709494,796.5,4.25,0.0
3385,2,466,1.4649999999999728,0.055793991416309016,796.8,4.25,0.0
3386,0,179,-0.8219999999999998,0.055865921787709494,796.9,4.25,0.0
3387,0,179,-0.8219999999999998,0.055865921787709494,797.0,4.25,0.0
3388,2,459,1.4579999999999735,0.05664488017429194,797.2,4.25,0.0
3389,3,579,2.5779999999999603,0.055267702936096716,797.5,4.25,0.0
3390,1,313,0.3119999999999896,0.054313099041533544,797.7,4.25,0.0
3391,0,179,-0.8219999999999998,0.055865921787709494,797.8,4.25,0.0
3392,1,313,0.3119999999999896,0.054313099041533544,797.9,4.25,0.0
3393,1,313,0.3119999999999896,0.054313099041533544,798.1,4.25,0.0
3394,3,579,2.5779999999999603,0.055267702936096716,798.4,4.25,0.0
3395,4,713,3.711999999999988,0.056100981767180924,798.7,4.25,0.0
3396,3,579,2.5779999999999603,0.055267702936096716,799.0,4.25,0.0
3397,4,728,3.726999999999993,0.05631868131868132,799.4,4.25,0.0
3398,6,979,5.978000000000075,0.05515832482124617,799.9,4.25,0.0
3399,8,1246,8.244999999999962,0.05537720706260032,800.6,4.25,0.0
3400,4,736,3.734999999999996,0.05570652173913043,801.0,4.25,0.0
3401,0,179,-0.8219999999999998,0.055865921787709494,801.1,4.25,0.0
3402,4,713,3.711999999999988,0.056100981767180924,801.5,4.25,0.0
3403,7,1113,7.112000000000036,0.055705300988319856,802.1,4.24,0.0
3404,0,179,-0.8219999999999998,0.055865921787709494,802.2,4.24,0.0
3405,2,456,1.4549999999999739,0.05701754385964912,802.4,4.24,0.0
3406,1,313,0.3119999999999896,0.054313099041533544,802.6,4.25,0.0
3407,0,179,-0.8219999999999998,0.055865921787709494,802.6,4.25,0.0
3408,0,179,-0.8219999999999998,0.055865921787709494,802.7,4.25,0.0
3409,2,446,1.444999999999975,0.05605381165919283,803.0,4.25,0.0
3410,4,713,3.711999999999988,0.0546984572230014,803.3,4.25,0.0
3411,0,186,-0.8149999999999998,0.05913978494623656,803.4,4.25,0.0
3412,1,313,0.3119999999999896,0.05750798722044728,803.6,4.25,0.0
3413,1,313,0.3119999999999896,0.054313099041533544,803.8,4.25,0.0
3414,11,1649,11.647999999999739,0.05579138872043663,804.6,4.24,0.0
3415,1,320,0.31899999999998885,0.05625,804.8,4.24,0.0
3416,1,313,0.3119999999999896,0.054313099041533544,805.0,4.24,0.0
3417,0,179,-0.8219999999999998,0.055865921787709494,805.1,4.25,0.0
3418,0,184,-0.8169999999999998,0.059782608695652176,805.1,4.25,0.0
3419,3,579,2.5779999999999603,0.05699481865284974,805.4,4.25,0.0
3420,0,195,-0.8059999999999998,0.05641025641025641,805.6,4.25,0.0
3421,3,579,2.5779999999999603,0.055267702936096716,805.9,4.25,0.0
3422,0,179,-0.8219999999999998,0.055865921787709494,806.0,4.25,0.0
3423,0,179,-0.8219999999999998,0.055865921787709494,806.1,4.25,0.0
3424,0,179,-0.8219999999999998,0.055865921787709494,806.2,4.25,0.0
3425,4,727,3.725999999999993,0.05639614855570839,806.6,4.25,0.0
3426,0,213,-0.7879999999999998,0.056338028169014086,806.7,4.25,0.0
3427,3,579,2.5779999999999603,0.055267702936096716,807.0,4.25,0.0
3428,0,179,-0.8219999999999998,0.055865921787709494,807.1,4.25,0.0
3429,0,190,-0.8109999999999998,0.05789473684210526,807.2,4.25,0.0
3430,4,732,3.7309999999999945,0.056010928961748634,807.6,4.25,0.0
3431,2,459,1.4579999999999735,0.05664488017429194,807.8,4.25,0.0
3432,0,179,-0.8219999999999998,0.055865921787709494,807.9,4.25,0.0
3433,0,179,-0.8219999999999998,0.055865921787709494,808.0,4.25,0.0
3434,4,729,3.7279999999999935,0.056241426611796985,808.4,4.25,0.0
3435,0,191,-0.8099999999999998,0.05759162303664921,808.5,4.25,0.0
3436,3,579,2.5779999999999603,0.055267702936096716,808.8,4.25,0.0
3437,0,179,-0.8219999999999998,0.055865921787709494,808.9,4.25,0.0
3438,0,179,-0.8219999999999998,0.055865921787709494,808.9,4.25,0.0
3439,3,579,2.5779999999999603,0.055267702936096716,809.2,4.25,0.0
3440,0,179,-0.8219999999999998,0.055865921787709494,809.3,4.25,0.0
3441,0,179,-0.8219999999999998,0.055865921787709494,809.4,4.25,0.0
3442,3,591,2.589999999999959,0.05583756345177665,809.7,4.25,0.0
3443,1,317,0.3159999999999892,0.056782334384858045,809.9,4.25,0.0
3444,0,179,-0.8219999999999998,0.055865921787709494,810.0,4.25,0.0
3445,4,713,3.711999999999988,0.056100981767180924,810.4,4.25,0.0
3446,1,313,0.3119999999999896,0.054313099041533544,810.5,4.25,0.0
3447,6,1002,6.001000000000083,0.05588822355289421,811.0,4.25,0.0
3448,0,182,-0.8189999999999998,0.06043956043956044,811.1,4.25,0.0
3449,0,179,-0.8219999999999998,0.055865921787709494,811.2,4.25,0.0
3450,0,189,-0.8119999999999998,0.0582010582010582,811.3,4.25,0.0
3451,2,446,1.444999999999975,0.053811659192825115,811.6,4.25,0.0
3452,6,979,5.978000000000075,0.05515832482124617,812.1,4.25,0.0
3453,0,179,-0.8219999999999998,0.05027932960893855,812.2,4.25,0.0
3454,2,453,1.4519999999999742,0.05739514348785872,812.4,4.25,0.0
3455,6,979,5.978000000000075,0.05515832482124617,812.9,4.25,0.0
3456,0,179,-0.8219999999999998,0.055865921787709494,813.0,4.25,0.0
3457,0,179,-0.8219999999999998,0.055865921787709494,813.1,4.25,0.0
3458,1,313,0.3119999999999896,0.054313099041533544,813.3,4.25,0.0
3459,6,1001,6.000000000000083,0.055944055944055944,813.8,4.25,0.0
3460,4,713,3.711999999999988,0.056100981767180924,814.2,4.25,0.0
3461,3,585,2.5839999999999597,0.05641025641025641,814.5,4.25,0.0
3462,2,446,1.444999999999975,0.053811659192825115,814.8,4.25,0.0
3463,3,579,2.5779999999999603,0.055267702936096716,815.1,4.25,0.0
3464,8,1256,8.254999999999956,0.05573248407643312,815.8,4.25,0.0
3465,3,579,2.5779999999999603,0.055267702936096716,816.1,4.25,0.0
3466,1,313,0.3119999999999896,0.054313099041533544,816.2,4.25,0.0
3467,1,313,0.3119999999999896,0.054313099041533544,816.4,4.25,0.0
3468,0,191,-0.8099999999999998,0.05759162303664921,816.5,4.25,0.0
3469,1,337,0.335999999999987,0.05637982195845697,816.7,4.25,0.0
3470,4,713,3.711999999999988,0.056100981767180924,817.0,4.25,0.0
3471,5,853,4.852000000000034,0.05627198124267292,817.5,4.25,0.0
3472,2,455,1.453999999999974,0.05714285714285714,817.7,4.25,0.0
3473,0,179,-0.8219999999999998,0.055865921787709494,817.8,4.25,0.0
3474,1,316,0.3149999999999893,0.056962025316455694,818.0,4.25,0.0
3475,3,579,2.5779999999999603,0.055267702936096716,818.3,4.25,0.0
3476,2,446,1.444999999999975,0.05605381165919283,818.5,4.25,0.0
3477,1,313,0.3119999999999896,0.054313099041533544,818.7,4.25,0.0
3478,6,984,5.983000000000077,0.05589430894308943,819.2,4.25,0.0
3479,0,179,-0.8219999999999998,0.055865921787709494,819.3,4.25,0.0
3480,3,579,2.5779999999999603,0.055267702936096716,819.6,4.25,0.0
3481,2,446,1.444999999999975,0.053811659192825115,819.8,4.25,0.0
3482,0,179,-0.8219999999999998,0.055865921787709494,819.9,4.25,0.0
3483,2,447,1.4459999999999749,0.05592841163310962,820.1,4.25,0.0
3484,8,1246,8.244999999999962,0.056179775280898875,820.8,4.25,0.0
3485,0,183,-0.8179999999999998,0.060109289617486336,820.9,4.25,0.0
3486,0,181,-0.8199999999999998,0.06077348066298342,821.0,4.25,0.0
3487,3,579,2.5779999999999603,0.055267702936096716,821.3,4.25,0.0
3488,1,313,0.3119999999999896,0.05750798722044728,821.4,4.25,0.0
3489,1,314,0.3129999999999895,0.05732484076433121,821.6,4.25,0.0
3490,0,179,-0.8219999999999998,0.055865921787709494,821.7,4.25,0.0
3491,0,179,-0.8219999999999998,0.055865921787709494,821.8,4.25,0.0
3492,0,179,-0.8219999999999998,0.055865921787709494,821.9,4.25,0.0
3493,3,587,2.5859999999999594,0.056218057921635436,822.2,4.25,0.0
3494,0,179,-0.8219999999999998,0.055865921787709494,822.3,4.25,0.0
3495,0,184,-0.8169999999999998,0.059782608695652176,822.4,4.25,0.0
3496,3,579,2.5779999999999603,0.05699481865284974,822.7,4.25,0.0
3497,1,336,0.3349999999999871,0.05654761904761905,822.9,4.25,0.0
3498,1,336,0.3349999999999871,0.05654761904761905,823.1,4.25,0.0
3499,2,454,1.452999999999974,0.05726872246696035,823.3,4.25,0.0
3500,0,195,-0.8059999999999998,0.05641025641025641,823.4,4.25,0.0
3501,7,1113,7.112000000000036,0.055705300988319856,826.9,4.24,0.0
3502,0,189,-0.8119999999999998,0.0582010582010582,827.0,4.24,0.0
3503,3,579,2.5779999999999603,0.055267702936096716,827.3,4.24,0.0
3504,2,446,1.444999999999975,0.05605381165919283,827.5,4.24,0.0
3505,0,179,-0.8219999999999998,0.055865921787709494,827.6,4.24,0.0
3506,0,186,-0.8149999999999998,0.05913978494623656,827.7,4.24,0.0
3507,4,731,3.729999999999994,0.0560875512995896,828.1,4.24,0.0
3508,1,313,0.3119999999999896,0.054313099041533544,828.3,4.24,0.0
3509,4,713,3.711999999999988,0.056100981767180924,828.7,4.24,0.0
3510,2,353,1.3519999999999852,0.056657223796033995,828.8,4.24,0.0
3511,0,179,-0.8219999999999998,0.055865921787709494,828.9,4.24,0.0
3512,3,579,2.5779999999999603,0.05699481865284974,829.2,4.24,0.0
3513,0,179,-0.8219999999999998,0.055865921787709494,829.3,4.24,0.0
3514,3,579,2.5779999999999603,0.055267702936096716,829.6,4.24,0.0
3515,2,446,1.444999999999975,0.05605381165919283,829.9,4.24,0.0
3516,7,1121,7.120000000000031,0.056199821587867974,830.4,4.24,0.0
3517,0,179,-0.8219999999999998,0.055865921787709494,830.5,4.24,0.0
3518,1,315,0.3139999999999894,0.05714285714285714,830.7,4.24,0.0
3519,3,579,2.5779999999999603,0.05699481865284974,831.0,4.24,0.0
3520,3,582,2.58099999999996,0.05670103092783505,831.3,4.24,0.0
3521,0,179,-0.8219999999999998,0.055865921787709494,831.4,4.24,0.0
3522,2,446,1.444999999999975,0.05605381165919283,831.6,4.24,0.0
3523,1,318,0.31699999999998907,0.05660377358490566,831.8,4.24,0.0
3524,0,179,-0.8219999999999998,0.055865921787709494,831.9,4.24,0.0
3525,7,1126,7.125000000000028,0.05595026642984014,832.5,4.24,0.0
3526,2,446,1.444999999999975,0.05605381165919283,832.7,4.24,0.0
3527,4,728,3.726999999999993,0.05631868131868132,833.1,4.23,0.0
3528,0,195,-0.8059999999999998,0.05641025641025641,833.2,4.24,0.0
3529,0,190,-0.8109999999999998,0.05789473684210526,833.3,4.24,0.0
3530,2,461,1.4599999999999733,0.05639913232104121,833.5,4.24,0.0
3531,1,313,0.3119999999999896,0.05750798722044728,833.7,4.24,0.0
3532,3,589,2.587999999999959,0.05602716468590832,834.0,4.24,0.0
3533,0,179,-0.8219999999999998,0.055865921787709494,834.1,4.24,0.0
3534,1,318,0.31699999999998907,0.05660377358490566,834.3,4.24,0.0
3535,4,713,3.711999999999988,0.056100981767180924,834.7,4.24,0.0
3536,0,179,-0.8219999999999998,0.055865921787709494,834.7,4.24,0.0
3537,0,179,-0.8219999999999998,0.055865921787709494,834.8,4.24,0.0
3538,1,335,0.3339999999999872,0.056716417910447764,835.0,4.24,0.0
3539,0,179,-0.8219999999999998,0.055865921787709494,835.1,4.24,0.0
3540,3,585,2.5839999999999597,0.05641025641025641,835.4,4.24,0.0
3541,2,447,1.4459999999999749,0.05592841163310962,835.7,4.24,0.0
3542,0,179,-0.8219999999999998,0.05027932960893855,835.7,4.24,0.0
3543,5,859,4.858000000000036,0.05587892898719441,836.2,4.24,0.0
3544,0,179,-0.8219999999999998,0.055865921787709494,836.3,4.24,0.0
3545,1,313,0.3119999999999896,0.054313099041533544,836.5,4.24,0.0
3546,2,465,1.4639999999999729,0.05591397849462366,836.7,4.24,0.0
3547,2,446,1.444999999999975,0.053811659192825115,836.9,4.24,0.0
3548,3,579,2.5779999999999603,0.055267702936096716,837.2,4.24,0.0
3549,4,713,3.711999999999988,0.056100981767180924,837.6,4.24,0.0
3550,4,735,3.7339999999999955,0.055782312925170066,838.0,4.24,0.0
3551,3,579,2.5779999999999603,0.055267702936096716,838.3,4.24,0.0
3552,1,322,0.32099999999998863,0.055900621118012424,838.5,4.24,0.0
3553,2,446,1.444999999999975,0.05605381165919283,838.7,4.24,0.0
3554,0,179,-0.8219999999999998,0.05027932960893855,838.8,4.24,0.0
3555,5,846,4.845000000000032,0.05555555555555555,839.2,4.24,0.0
3556,7,1113,7.112000000000036,0.055705300988319856,839.8,4.24,0.0
3557,1,313,0.3119999999999896,0.054313099041533544,840.0,4.24,0.0
3558,2,446,1.444999999999975,0.05605381165919283,840.2,4.24,0.0
3559,1,313,0.3119999999999896,0.054313099041533544,840.4,4.24,0.0
3560,2,458,1.4569999999999736,0.056768558951965066,840.6,4.24,0.0
3561,4,713,3.711999999999988,0.056100981767180924,841.0,4.24,0.0
3562,5,850,4.849000000000033,0.05647058823529412,841.4,4.23,0.0
3563,3,591,2.589999999999959,0.05583756345177665,841.7,4.23,0.0
3564,0,179,-0.8219999999999998,0.055865921787709494,841.8,4.23,0.0
3565,3,579,2.5779999999999603,0.055267702936096716,842.1,4.23,0.0
3566,1,319,0.31799999999998896,0.05642633228840126,842.3,4.23,0.0
3567,3,579,2.5779999999999603,0.055267702936096716,842.6,4.23,0.0
3568,2,446,1.444999999999975,0.05605381165919283,842.8,4.23,0.0
3569,2,446,1.444999999999975,0.05605381165919283,843.0,4.23,0.0
3570,0,179,-0.8219999999999998,0.055865921787709494,843.1,4.24,0.0
3571,0,179,-0.8219999999999998,0.055865921787709494,843.2,4.24,0.0
3572,1,313,0.3119999999999896,0.054313099041533544,843.4,4.24,0.0
3573,1,313,0.3119999999999896,0.054313099041533544,843.6,4.24,0.0
3574,0,179,-0.8219999999999998,0.05027932960893855,843.6,4.24,0.0
3575,3,579,2.5779999999999603,0.055267702936096716,844.0,4.24,0.0
3576,0,179,-0.8219999999999998,0.055865921787709494,844.1,4.24,0.0
3577,1,313,0.3119999999999896,0.054313099041533544,844.2,4.24,0.0
3578,3,579,2.5779999999999603,0.055267702936096716,844.5,4.24,0.0
3579,1,313,0.3119999999999896,0.05750798722044728,844.7,4.24,0.0
3580,1,320,0.31899999999998885,0.05625,844.8,4.24,0.0
3581,3,579,2.5779999999999603,0.055267702936096716,845.2,4.24,0.0
3582,3,579,2.5779999999999603,0.055267702936096716,845.5,4.24,0.0
3583,0,192,-0.8089999999999998,0.057291666666666664,845.6,4.24,0.0
3584,1,313,0.3119999999999896,0.05750798722044728,845.7,4.24,0.0
3585,4,713,3.711999999999988,0.0546984572230014,846.1,4.24,0.0
3586,0,179,-0.8219999999999998,0.055865921787709494,846.2,4.24,0.0
3587,0,187,-0.8139999999999998,0.058823529411764705,846.3,4.24,0.0
3588,1,317,0.3159999999999892,0.056782334384858045,846.5,4.24,0.0
3589,4,728,3.726999999999993,0.05631868131868132,846.8,4.24,0.0
3590,0,183,-0.8179999999999998,0.060109289617486336,846.9,4.24,0.0
3591,0,197,-0.8039999999999998,0.05583756345177665,847.0,4.24,0.0
3592,1,313,0.3119999999999896,0.05750798722044728,847.2,4.24,0.0
3593,4,729,3.7279999999999935,0.056241426611796985,847.6,4.24,0.0
3594,3,605,2.6039999999999575,0.05619834710743802,847.9,4.24,0.0
3595,1,313,0.3119999999999896,0.05750798722044728,848.1,4.24,0.0
3596,4,713,3.711999999999988,0.0546984572230014,848.4,4.24,0.0
3597,0,179,-0.8219999999999998,0.055865921787709494,848.5,4.24,0.0
3598,0,179,-0.8219999999999998,0.055865921787709494,848.6,4.24,0.0
3599,0,179,-0.8219999999999998,0.055865921787709494,848.7,4.24,0.0
3600,1,314,0.3129999999999895,0.05732484076433121,848.9,4.24,0.0
3601,0,185,-0.8159999999999998,0.05945945945945946,849.0,4.24,0.0
3602,1,313,0.3119999999999896,0.054313099041533544,849.1,4.24,0.0
3603,5,846,4.845000000000032,0.05555555555555555,849.6,4.24,0.0
3604,0,195,-0.8059999999999998,0.05641025641025641,849.7,4.24,0.0
3605,0,179,-0.8219999999999998,0.055865921787709494,849.8,4.24,0.0
3606,0,189,-0.8119999999999998,0.0582010582010582,849.9,4.24,0.0
3607,4,713,3.711999999999988,0.056100981767180924,850.2,4.24,0.0
3608,2,446,1.444999999999975,0.05605381165919283,850.5,4.24,0.0
3609,3,589,2.587999999999959,0.05602716468590832,850.8,4.24,0.0
3610,2,456,1.4549999999999739,0.05701754385964912,851.0,4.24,0.0
3611,3,585,2.5839999999999597,0.05641025641025641,851.3,4.24,0.0
3612,4,736,3.734999999999996,0.05570652173913043,851.7,4.24,0.0
3613,3,585,2.5839999999999597,0.05641025641025641,852.0,4.24,0.0
3614,5,846,4.845000000000032,0.05555555555555555,852.5,4.24,0.0
3615,0,182,-0.8189999999999998,0.06043956043956044,852.6,4.24,0.0
3616,0,179,-0.8219999999999998,0.055865921787709494,852.6,4.24,0.0
3617,1,313,0.3119999999999896,0.054313099041533544,852.8,4.24,0.0
3618,0,186,-0.8149999999999998,0.05913978494623656,852.9,4.24,0.0
3619,1,332,0.3309999999999875,0.0572289156626506,853.1,4.24,0.0
3620,3,579,2.5779999999999603,0.055267702936096716,853.4,4.24,0.0
3621,0,179,-0.8219999999999998,0.055865921787709494,853.5,4.24,0.0
3622,0,179,-0.8219999999999998,0.055865921787709494,853.6,4.24,0.0
3623,0,179,-0.8219999999999998,0.055865921787709494,853.7,4.25,0.0
3624,0,179,-0.8219999999999998,0.055865921787709494,853.8,4.25,0.0
3625,1,313,0.3119999999999896,0.05750798722044728,853.9,4.25,0.0
3626,0,179,-0.8219999999999998,0.055865921787709494,854.0,4.25,0.0
3627,0,179,-0.8219999999999998,0.055865921787709494,854.1,4.25,0.0
3628,2,446,1.444999999999975,0.05605381165919283,854.4,4.25,0.0
3629,0,179,-0.8219999999999998,0.055865921787709494,854.5,4.25,0.0
3630,0,179,-0.8219999999999998,0.055865921787709494,854.6,4.25,0.0
3631,2,446,1.444999999999975,0.053811659192825115,854.8,4.25,0.0
3632,3,579,2.5779999999999603,0.05699481865284974,855.1,4.25,0.0
3633,4,713,3.711999999999988,0.0546984572230014,855.5,4.25,0.0
3634,1,321,0.31999999999998874,0.056074766355140186,855.6,4.25,0.0
3635,2,446,1.444999999999975,0.05605381165919283,855.9,4.25,0.0
3636,2,446,1.444999999999975,0.053811659192825115,856.1,4.25,0.0
3637,2,459,1.4579999999999735,0.05664488017429194,856.3,4.25,0.0
3638,5,846,4.845000000000032,0.05555555555555555,856.8,4.25,0.0
3639,4,727,3.725999999999993,0.05639614855570839,857.2,4.25,0.0
3640,1,336,0.3349999999999871,0.05654761904761905,857.3,4.25,0.0
3641,2,446,1.444999999999975,0.05605381165919283,857.6,4.25,0.0
3642,1,313,0.3119999999999896,0.054313099041533544,857.7,4.25,0.0
3643,0,179,-0.8219999999999998,0.055865921787709494,857.8,4.25,0.0
3644,9,1379,9.377999999999888,0.05583756345177665,858.5,4.25,0.0
3645,2,446,1.444999999999975,0.05605381165919283,858.8,4.25,0.0
3646,3,581,2.57999999999996,0.05679862306368331,859.1,4.25,0.0
3647,2,446,1.444999999999975,0.05605381165919283,859.3,4.25,0.0
3648,5,846,4.845000000000032,0.05555555555555555,859.7,4.24,0.0
3649,0,179,-0.8219999999999998,0.05027932960893855,859.8,4.25,0.0
3650,1,336,0.3349999999999871,0.05654761904761905,860.0,4.25,0.0
3651,0,183,-0.8179999999999998,0.060109289617486336,860.1,4.25,0.0
3652,1,313,0.3119999999999896,0.05750798722044728,860.3,4.25,0.0
3653,0,188,-0.8129999999999998,0.05851063829787234,860.3,4.25,0.0
3654,1,313,0.3119999999999896,0.05750798722044728,860.5,4.25,0.0
3655,4,729,3.7279999999999935,0.056241426611796985,860.9,4.25,0.0
3656,1,315,0.3139999999999894,0.05714285714285714,861.0,4.25,0.0
3657,4,718,3.71699999999999,0.055710306406685235,861.4,4.25,0.0
3658,0,179,-0.8219999999999998,0.055865921787709494,861.5,4.25,0.0
3659,2,446,1.444999999999975,0.05605381165919283,861.8,4.25,0.0
3660,1,313,0.3119999999999896,0.05750798722044728,861.9,4.25,0.0
3661,0,185,-0.8159999999999998,0.05945945945945946,862.0,4.25,0.0
3662,1,339,0.33799999999998676,0.05604719764011799,862.2,4.25,0.0
3663,2,446,1.444999999999975,0.05605381165919283,862.4,4.25,0.0
3664,2,463,1.461999999999973,0.056155507559395246,862.7,4.25,0.0
3665,0,187,-0.8139999999999998,0.058823529411764705,862.8,4.25,0.0
3666,3,579,2.5779999999999603,0.055267702936096716,863.1,4.25,0.0
3667,0,179,-0.8219999999999998,0.055865921787709494,863.2,4.25,0.0
3668,2,446,1.444999999999975,0.053811659192825115,863.4,4.25,0.0
3669,5,846,4.845000000000032,0.05555555555555555,863.8,4.25,0.0
3670,1,335,0.3339999999999872,0.056716417910447764,864.0,4.25,0.0
3671,0,179,-0.8219999999999998,0.055865921787709494,864.1,4.25,0.0
3672,2,457,1.4559999999999738,0.05689277899343545,864.3,4.25,0.0
3673,0,188,-0.8129999999999998,0.05851063829787234,864.4,4.25,0.0
3674,3,579,2.5779999999999603,0.055267702936096716,864.7,4.25,0.0
3675,4,713,3.711999999999988,0.0546984572230014,865.1,4.25,0.0
3676,0,179,-0.8219999999999998,0.055865921787709494,865.2,4.25,0.0
3677,0,183,-0.8179999999999998,0.060109289617486336,865.3,4.25,0.0
3678,4,727,3.725999999999993,0.05639614855570839,865.7,4.25,0.0
3679,3,591,2.589999999999959,0.05583756345177665,866.0,4.25,0.0
3680,1,313,0.3119999999999896,0.054313099041533544,866.1,4.25,0.0
3681,0,179,-0.8219999999999998,0.055865921787709494,866.2,4.25,0.0
3682,5,854,4.853000000000034,0.05620608899297424,866.7,4.25,0.0
3683,1,313,0.3119999999999896,0.054313099041533544,866.8,4.25,0.0
3684,3,589,2.587999999999959,0.05602716468590832,867.1,4.25,0.0
3685,4,713,3.711999999999988,0.056100981767180924,867.5,4.25,0.0
3686,4,733,3.731999999999995,0.05593451568894952,867.9,4.25,0.0
3687,3,583,2.58199999999996,0.05660377358490566,868.2,4.25,0.0
3688,1,313,0.3119999999999896,0.054313099041533544,868.4,4.25,0.0
3689,5,853,4.852000000000034,0.05627198124267292,868.8,4.25,0.0
3690,2,454,1.452999999999974,0.05726872246696035,869.0,4.25,0.0
3691,0,189,-0.8119999999999998,0.0582010582010582,869.1,4.25,0.0
3692,6,979,5.978000000000075,0.05515832482124617,869.7,4.25,0.0
3693,2,453,1.4519999999999742,0.05739514348785872,869.9,4.25,0.0
3694,0,192,-0.8089999999999998,0.057291666666666664,870.0,4.25,0.0
3695,2,446,1.444999999999975,0.05605381165919283,870.2,4.25,0.0
3696,5,856,4.855000000000035,0.056074766355140186,870.7,4.25,0.0
3697,7,1113,7.112000000000036,0.055705300988319856,871.2,4.24,0.0
3698,0,179,-0.8219999999999998,0.055865921787709494,871.3,4.25,0.0
3699,1,336,0.3349999999999871,0.05654761904761905,871.5,4.25,0.0
3700,2,446,1.444999999999975,0.05605381165919283,871.7,4.25,0.0
3701,1,349,0.34799999999998565,0.05730659025787966,871.9,4.25,0.0
3702,2,457,1.4559999999999738,0.05689277899343545,872.1,4.25,0.0
3703,2,446,1.444999999999975,0.05605381165919283,872.4,4.25,0.0
3704,0,189,-0.8119999999999998,0.0582010582010582,872.5,4.25,0.0
3705,5,846,4.845000000000032,0.05555555555555555,872.9,4.25,0.0
3706,1,314,0.3129999999999895,0.05732484076433121,873.1,4.25,0.0
3707,1,313,0.3119999999999896,0.05750798722044728,873.2,4.25,0.0
3708,7,1119,7.118000000000032,0.05630026809651475,873.8,4.24,0.0
3709,3,591,2.589999999999959,0.05583756345177665,874.1,4.24,0.0
3710,0,185,-0.8159999999999998,0.05945945945945946,874.2,4.24,0.0
3711,4,713,3.711999999999988,0.0546984572230014,874.6,4.24,0.0
3712,0,179,-0.8219999999999998,0.055865921787709494,874.7,4.24,0.0
3713,2,456,1.4549999999999739,0.05701754385964912,874.9,4.24,0.0
3714,0,179,-0.8219999999999998,0.055865921787709494,875.0,4.25,0.0
3715,0,191,-0.8099999999999998,0.05759162303664921,875.1,4.25,0.0
3716,0,195,-0.8059999999999998,0.05641025641025641,875.2,4.25,0.0
3717,4,727,3.725999999999993,0.05639614855570839,875.6,4.25,0.0
3718,0,179,-0.8219999999999998,0.055865921787709494,875.7,4.25,0.0
3719,1,317,0.3159999999999892,0.056782334384858045,875.8,4.25,0.0
3720,2,453,1.4519999999999742,0.05739514348785872,876.1,4.25,0.0
3721,0,184,-0.8169999999999998,0.059782608695652176,876.2,4.25,0.0
3722,2,463,1.461999999999973,0.056155507559395246,876.4,4.25,0.0
3723,1,313,0.3119999999999896,0.054313099041533544,876.6,4.25,0.0
3724,5,846,4.845000000000032,0.05555555555555555,877.0,4.25,0.0
3725,1,313,0.3119999999999896,0.054313099041533544,877.2,4.25,0.0
3726,1,313,0.3119999999999896,0.054313099041533544,877.4,4.25,0.0
3727,1,335,0.3339999999999872,0.056716417910447764,877.5,4.25,0.0
3728,1,313,0.3119999999999896,0.05750798722044728,877.7,4.25,0.0
3729,3,579,2.5779999999999603,0.055267702936096716,878.0,4.25,0.0
3730,0,188,-0.8129999999999998,0.05851063829787234,878.1,4.25,0.0
3731,1,314,0.3129999999999895,0.05732484076433121,878.2,4.25,0.0
3732,4,750,4.7490000000000006,0.056,878.6,4.25,0.0
3733,1,313,0.3119999999999896,0.05750798722044728,878.8,4.25,0.0
3734,3,604,2.6029999999999576,0.056291390728476824,879.1,4.25,0.0
3735,0,186,-0.8149999999999998,0.05913978494623656,879.2,4.25,0.0
3736,0,179,-0.8219999999999998,0.055865921787709494,879.3,4.25,0.0
3737,0,184,-0.8169999999999998,0.059782608695652176,879.4,4.25,0.0
3738,3,579,2.5779999999999603,0.055267702936096716,879.7,4.25,0.0
3739,2,452,1.4509999999999743,0.05752212389380531,879.9,4.25,0.0
3740,3,579,2.5779999999999603,0.055267702936096716,880.2,4.25,0.0
3741,2,446,1.444999999999975,0.05605381165919283,880.4,4.25,0.0
3742,6,979,5.978000000000075,0.05515832482124617,880.9,4.25,0.0
3743,1,337,0.335999999999987,0.05637982195845697,881.1,4.25,0.0
3744,1,340,0.33899999999998665,0.05588235294117647,881.3,4.25,0.0
3745,5,846,4.845000000000032,0.05555555555555555,881.7,4.25,0.0
3746,2,446,1.444999999999975,0.05605381165919283,882.0,4.25,0.0
3747,1,313,0.3119999999999896,0.05750798722044728,882.1,4.25,0.0
3748,7,1121,7.120000000000031,0.056199821587867974,882.7,4.25,0.0
3749,1,319,0.31799999999998896,0.05642633228840126,882.9,4.25,0.0
3750,2,459,1.4579999999999735,0.05664488017429194,883.1,4.25,0.0
3751,4,713,3.711999999999988,0.056100981767180924,883.5,4.25,0.0
3752,0,179,-0.8219999999999998,0.055865921787709494,883.6,4.25,0.0
3753,6,979,5.978000000000075,0.05515832482124617,884.1,4.25,0.0
3754,0,179,-0.8219999999999998,0.055865921787709494,884.2,4.25,0.0
3755,0,179,-0.8219999999999998,0.055865921787709494,884.3,4.25,0.0
3756,0,189,-0.8119999999999998,0.0582010582010582,884.4,4.25,0.0
3757,1,313,0.3119999999999896,0.054313099041533544,884.5,4.25,0.0
3758,1,313,0.3119999999999896,0.05750798722044728,884.7,4.25,0.0
3759,1,313,0.3119999999999896,0.054313099041533544,884.8,4.25,0.0
3760,3,585,2.5839999999999597,0.05641025641025641,885.1,4.25,0.0
3761,0,191,-0.8099999999999998,0.05759162303664921,885.2,4.25,0.0
3762,1,332,0.3309999999999875,0.0572289156626506,885.4,4.25,0.0
3763,4,713,3.711999999999988,0.056100981767180924,885.8,4.25,0.0
3764,0,196,-0.8049999999999998,0.05612244897959184,885.9,4.25,0.0
3765,0,183,-0.8179999999999998,0.060109289617486336,886.0,4.25,0.0
3766,0,185,-0.8159999999999998,0.05945945945945946,886.1,4.25,0.0
3767,0,208,-0.7929999999999998,0.057692307692307696,886.2,4.25,0.0
3768,0,179,-0.8219999999999998,0.055865921787709494,886.3,4.25,0.0
3769,1,313,0.3119999999999896,0.05750798722044728,886.4,4.25,0.0
3770,3,579,2.5779999999999603,0.055267702936096716,886.7,4.25,0.0
3771,0,193,-0.8079999999999998,0.05699481865284974,886.8,4.25,0.0
3772,1,313,0.3119999999999896,0.054313099041533544,887.0,4.25,0.0
3773,4,733,3.731999999999995,0.05593451568894952,887.4,4.25,0.0
3774,1,313,0.3119999999999896,0.05750798722044728,887.5,4.25,0.0
3775,3,579,2.5779999999999603,0.055267702936096716,887.8,4.25,0.0
3776,0,187,-0.8139999999999998,0.058823529411764705,887.9,4.25,0.0
3777,3,590,2.588999999999959,0.05593220338983051,888.2,4.25,0.0
3778,0,179,-0.8219999999999998,0.055865921787709494,888.3,4.25,0.0
3779,4,713,3.711999999999988,0.056100981767180924,888.7,4.25,0.0
3780,1,313,0.3119999999999896,0.054313099041533544,888.9,4.25,0.0
3781,1,313,0.3119999999999896,0.05750798722044728,889.0,4.25,0.0
3782,2,459,1.4579999999999735,0.05664488017429194,889.3,4.25,0.0
3783,6,979,5.978000000000075,0.05515832482124617,889.8,4.25,0.0
3784,3,587,2.5859999999999594,0.056218057921635436,890.1,4.25,0.0
3785,2,456,1.4549999999999739,0.05701754385964912,890.3,4.25,0.0
3786,0,212,-0.7889999999999998,0.05660377358490566,890.4,4.25,0.0
3787,3,579,2.5779999999999603,0.055267702936096716,890.7,4.25,0.0
3788,1,313,0.3119999999999896,0.05750798722044728,890.9,4.25,0.0
3789,3,579,2.5779999999999603,0.055267702936096716,891.2,4.25,0.0
3790,0,186,-0.8149999999999998,0.05913978494623656,891.3,4.25,0.0
3791,0,179,-0.8219999999999998,0.055865921787709494,891.4,4.25,0.0
3792,3,586,2.5849999999999596,0.05631399317406143,891.7,4.25,0.0
3793,0,189,-0.8119999999999998,0.0582010582010582,891.8,4.25,0.0
3794,3,579,2.5779999999999603,0.055267702936096716,892.1,4.25,0.0
3795,1,313,0.3119999999999896,0.054313099041533544,892.3,4.25,0.0
3796,0,179,-0.8219999999999998,0.055865921787709494,892.4,4.26,0.0
3797,6,980,5.979000000000076,0.05612244897959184,892.9,4.25,0.0
3798,2,446,1.444999999999975,0.053811659192825115,893.1,4.25,0.0
3799,2,446,1.444999999999975,0.05605381165919283,893.3,4.25,0.0
3800,3,579,2.5779999999999603,0.055267702936096716,893.6,4.25,0.0
3801,3,579,2.5779999999999603,0.055267702936096716,893.9,4.25,0.0
3802,0,179,-0.8219999999999998,0.055865921787709494,894.0,4.25,0.0
3803,3,579,2.5779999999999603,0.055267702936096716,894.3,4.25,0.0
3804,1,313,0.3119999999999896,0.054313099041533544,894.5,4.25,0.0
3805,0,179,-0.8219999999999998,0.055865921787709494,894.6,4.25,0.0
3806,3,579,2.5779999999999603,0.055267702936096716,894.9,4.25,0.0
3807,1,313,0.3119999999999896,0.05750798722044728,895.0,4.25,0.0
3808,0,179,-0.8219999999999998,0.055865921787709494,895.1,4.26,0.0
3809,4,729,3.7279999999999935,0.056241426611796985,895.5,4.25,0.0
3810,2,446,1.444999999999975,0.05605381165919283,895.7,4.25,0.0
3811,0,179,-0.8219999999999998,0.055865921787709494,895.8,4.26,0.0
3812,0,179,-0.8219999999999998,0.055865921787709494,895.9,4.26,0.0
3813,1,313,0.3119999999999896,0.054313099041533544,896.1,4.26,0.0
3814,4,713,3.711999999999988,0.056100981767180924,896.4,4.26,0.0
3815,0,186,-0.8149999999999998,0.05913978494623656,896.5,4.26,0.0
3816,0,179,-0.8219999999999998,0.055865921787709494,896.6,4.26,0.0
3817,3,579,2.5779999999999603,0.055267702936096716,896.9,4.26,0.0
3818,1,313,0.3119999999999896,0.054313099041533544,897.1,4.26,0.0
3819,2,446,1.444999999999975,0.05605381165919283,897.3,4.26,0.0
3820,1,313,0.3119999999999896,0.05750798722044728,897.5,4.26,0.0
3821,5,846,4.845000000000032,0.05555555555555555,897.9,4.26,0.0
3822,8,1246,8.244999999999962,0.05537720706260032,898.6,4.25,0.0
3823,0,179,-0.8219999999999998,0.055865921787709494,898.7,4.26,0.0
3824,1,321,0.31999999999998874,0.056074766355140186,898.8,4.26,0.0
3825,2,446,1.444999999999975,0.05605381165919283,899.1,4.26,0.0
3826,0,179,-0.8219999999999998,0.061452513966480445,899.2,4.26,0.0
3827,1,315,0.3139999999999894,0.05714285714285714,899.3,4.26,0.0
3828,4,713,3.711999999999988,0.0546984572230014,899.7,4.26,0.0
3829,2,466,1.4649999999999728,0.055793991416309016,899.9,4.26,0.0
3830,1,313,0.3119999999999896,0.054313099041533544,900.1,4.26,0.0
3831,3,579,2.5779999999999603,0.055267702936096716,900.4,4.26,0.0
3832,1,316,0.3149999999999893,0.056962025316455694,900.6,4.26,0.0
3833,0,179,-0.8219999999999998,0.055865921787709494,900.7,4.26,0.0
3834,0,179,-0.8219999999999998,0.055865921787709494,900.7,4.26,0.0
3835,2,459,1.4579999999999735,0.05664488017429194,901.0,4.26,0.0
3836,1,313,0.3119999999999896,0.054313099041533544,901.1,4.26,0.0
3837,2,458,1.4569999999999736,0.056768558951965066,901.4,4.26,0.0
3838,0,179,-0.8219999999999998,0.055865921787709494,901.5,4.26,0.0
3839,0,179,-0.8219999999999998,0.055865921787709494,901.6,4.26,0.0
3840,1,313,0.3119999999999896,0.054313099041533544,901.7,4.26,0.0
3841,7,1113,7.112000000000036,0.055705300988319856,902.3,4.26,0.0
3842,1,313,0.3119999999999896,0.054313099041533544,902.5,4.26,0.0
3843,1,318,0.31699999999998907,0.05660377358490566,902.6,4.26,0.0
3844,0,187,-0.8139999999999998,0.058823529411764705,902.7,4.26,0.0
3845,5,846,4.845000000000032,0.05555555555555555,903.2,4.26,0.0
3846,3,579,2.5779999999999603,0.055267702936096716,903.5,4.26,0.0
3847,2,446,1.444999999999975,0.05605381165919283,903.7,4.26,0.0
3848,3,579,2.5779999999999603,0.055267702936096716,904.0,4.26,0.0
3849,0,179,-0.8219999999999998,0.055865921787709494,904.1,4.26,0.0
3850,1,313,0.3119999999999896,0.05750798722044728,904.3,4.26,0.0
3851,4,713,3.711999999999988,0.056100981767180924,904.6,4.26,0.0
3852,2,446,1.444999999999975,0.05605381165919283,904.9,4.26,0.0
3853,0,179,-0.8219999999999998,0.05027932960893855,905.0,4.26,0.0
3854,3,580,2.57899999999996,0.056896551724137934,905.3,4.26,0.0
3855,3,579,2.5779999999999603,0.055267702936096716,905.6,4.26,0.0
3856,0,179,-0.8219999999999998,0.055865921787709494,905.7,4.26,0.0
3857,5,846,4.845000000000032,0.05555555555555555,906.1,4.26,0.0
3858,0,179,-0.8219999999999998,0.055865921787709494,906.2,4.26,0.0
3859,0,189,-0.8119999999999998,0.0582010582010582,906.3,4.26,0.0
3860,1,314,0.3129999999999895,0.05732484076433121,906.5,4.26,0.0
3861,1,313,0.3119999999999896,0.054313099041533544,906.6,4.26,0.0
3862,6,1005,6.004000000000084,0.05572139303482587,907.1,4.26,0.0
3863,1,313,0.3119999999999896,0.05750798722044728,907.3,4.26,0.0
3864,1,319,0.31799999999998896,0.05642633228840126,907.5,4.26,0.0
3865,4,729,3.7279999999999935,0.056241426611796985,907.9,4.26,0.0
3866,1,313,0.3119999999999896,0.05750798722044728,908.0,4.26,0.0
3867,7,1113,7.112000000000036,0.055705300988319856,908.6,4.26,0.0
3868,0,179,-0.8219999999999998,0.055865921787709494,908.7,4.26,0.0
3869,3,579,2.5779999999999603,0.055267702936096716,909.0,4.26,0.0
3870,2,463,1.461999999999973,0.056155507559395246,909.2,4.26,0.0
3871,2,446,1.444999999999975,0.05605381165919283,909.4,4.26,0.0
3872,0,179,-0.8219999999999998,0.055865921787709494,909.5,4.26,0.0
3873,3,588,2.5869999999999593,0.05612244897959184,909.8,4.26,0.0
3874,5,852,4.851000000000034,0.056338028169014086,910.3,4.26,0.0
3875,2,446,1.444999999999975,0.05605381165919283,910.5,4.26,0.0
3876,0,179,-0.8219999999999998,0.055865921787709494,910.6,4.26,0.0
3877,0,192,-0.8089999999999998,0.057291666666666664,910.7,4.26,0.0
3878,1,317,0.3159999999999892,0.056782334384858045,910.9,4.26,0.0
3879,0,179,-0.8219999999999998,0.055865921787709494,910.9,4.26,0.0
3880,1,322,0.32099999999998863,0.055900621118012424,911.1,4.26,0.0
3881,2,446,1.444999999999975,0.053811659192825115,911.3,4.26,0.0
3882,2,465,1.4639999999999729,0.05591397849462366,911.6,4.26,0.0
3883,0,179,-0.8219999999999998,0.055865921787709494,911.7,4.26,0.0
3884,0,187,-0.8139999999999998,0.058823529411764705,911.8,4.26,0.0
3885,5,846,4.845000000000032,0.05555555555555555,912.2,4.26,0.0
3886,3,579,2.5779999999999603,0.055267702936096716,912.5,4.26,0.0
3887,0,179,-0.8219999999999998,0.05027932960893855,912.6,4.26,0.0
3888,2,446,1.444999999999975,0.05605381165919283,912.8,4.26,0.0
3889,1,313,0.3119999999999896,0.054313099041533544,913.0,4.26,0.0
3890,1,313,0.3119999999999896,0.054313099041533544,913.2,4.26,0.0
3891,3,579,2.5779999999999603,0.055267702936096716,913.5,4.26,0.0
3892,1,315,0.3139999999999894,0.05714285714285714,913.6,4.26,0.0
3893,3,579,2.5779999999999603,0.05699481865284974,913.9,4.26,0.0
3894,0,179,-0.8219999999999998,0.055865921787709494,914.0,4.26,0.0
3895,5,855,4.854000000000035,0.056140350877192984,914.4,4.26,0.0
3896,4,713,3.711999999999988,0.056100981767180924,914.8,4.26,0.0
3897,1,313,0.3119999999999896,0.054313099041533544,915.0,4.26,0.0
3898,0,179,-0.8219999999999998,0.055865921787709494,915.1,4.26,0.0
3899,1,313,0.3119999999999896,0.054313099041533544,915.2,4.26,0.0
3900,6,979,5.978000000000075,0.05515832482124617,915.7,4.26,0.0
3901,1,336,0.3349999999999871,0.05654761904761905,915.9,4.26,0.0
3902,1,313,0.3119999999999896,0.05750798722044728,916.1,4.26,0.0
3903,2,446,1.444999999999975,0.05605381165919283,916.3,4.26,0.0
3904,0,187,-0.8139999999999998,0.058823529411764705,916.4,4.26,0.0
3905,0,179,-0.8219999999999998,0.055865921787709494,916.5,4.26,0.0
3906,0,193,-0.8079999999999998,0.05699481865284974,916.6,4.26,0.0
3907,1,313,0.3119999999999896,0.054313099041533544,916.7,4.26,0.0
3908,5,857,4.856000000000035,0.056009334889148193,917.2,4.26,0.0
3909,5,846,4.845000000000032,0.05555555555555555,917.6,4.26,0.0
3910,3,581,2.57999999999996,0.05679862306368331,917.9,4.26,0.0
3911,2,446,1.444999999999975,0.05605381165919283,918.2,4.26,0.0
3912,7,1129,7.128000000000027,0.05580159433126661,918.8,4.26,0.0
3913,2,461,1.4599999999999733,0.05639913232104121,919.0,4.26,0.0
3914,3,579,2.5779999999999603,0.055267702936096716,919.3,4.26,0.0
3915,2,446,1.444999999999975,0.05605381165919283,919.5,4.26,0.0
3916,0,179,-0.8219999999999998,0.055865921787709494,919.6,4.26,0.0
3917,4,735,3.7339999999999955,0.055782312925170066,920.0,4.26,0.0
3918,0,179,-0.8219999999999998,0.055865921787709494,920.1,4.26,0.0
3919,4,716,3.714999999999989,0.055865921787709494,920.5,4.26,0.0
3920,1,321,0.31999999999998874,0.056074766355140186,920.6,4.26,0.0
3921,0,179,-0.8219999999999998,0.055865921787709494,920.7,4.26,0.0
3922,1,313,0.3119999999999896,0.05750798722044728,920.9,4.26,0.0
3923,0,187,-0.8139999999999998,0.058823529411764705,921.0,4.26,0.0
3924,0,179,-0.8219999999999998,0.055865921787709494,921.1,4.26,0.0
3925,4,713,3.711999999999988,0.0546984572230014,921.5,4.26,0.0
3926,0,179,-0.8219999999999998,0.055865921787709494,921.6,4.26,0.0
3927,2,446,1.444999999999975,0.05605381165919283,921.8,4.26,0.0
3928,1,313,0.3119999999999896,0.054313099041533544,922.0,4.26,0.0
3929,1,313,0.3119999999999896,0.054313099041533544,922.1,4.26,0.0
3930,0,179,-0.8219999999999998,0.055865921787709494,922.2,4.26,0.0
3931,0,179,-0.8219999999999998,0.055865921787709494,922.3,4.26,0.0
3932,5,846,4.845000000000032,0.05555555555555555,922.8,4.26,0.0
3933,0,190,-0.8109999999999998,0.05789473684210526,922.8,4.26,0.0
3934,0,189,-0.8119999999999998,0.0582010582010582,922.9,4.26,0.0
3935,0,179,-0.8219999999999998,0.055865921787709494,923.0,4.26,0.0
3936,0,186,-0.8149999999999998,0.05913978494623656,923.1,4.26,0.0
3937,0,179,-0.8219999999999998,0.055865921787709494,923.2,4.27,0.0
3938,2,446,1.444999999999975,0.05605381165919283,923.5,4.27,0.0
3939,4,715,3.713999999999989,0.055944055944055944,923.8,4.26,0.0
3940,1,316,0.3149999999999893,0.056962025316455694,924.0,4.27,0.0
3941,0,179,-0.8219999999999998,0.055865921787709494,924.1,4.27,0.0
3942,5,855,4.854000000000035,0.056140350877192984,924.5,4.26,0.0
3943,4,713,3.711999999999988,0.056100981767180924,924.9,4.26,0.0
3944,3,579,2.5779999999999603,0.055267702936096716,925.2,4.26,0.0
3945,9,1379,9.377999999999888,0.05583756345177665,925.9,4.26,0.0
3946,3,579,2.5779999999999603,0.055267702936096716,926.2,4.26,0.0
3947,3,585,2.5839999999999597,0.05641025641025641,926.5,4.26,0.0
3948,2,458,1.4569999999999736,0.056768558951965066,926.8,4.26,0.0
3949,0,179,-0.8219999999999998,0.055865921787709494,926.9,4.26,0.0
3950,2,446,1.444999999999975,0.05605381165919283,927.1,4.26,0.0
3951,0,179,-0.8219999999999998,0.055865921787709494,927.2,4.26,0.0
3952,3,588,2.5869999999999593,0.05612244897959184,927.5,4.26,0.0
3953,1,335,0.3339999999999872,0.056716417910447764,927.7,4.26,0.0
3954,3,579,2.5779999999999603,0.055267702936096716,928.0,4.26,0.0
3955,3,579,2.5779999999999603,0.055267702936096716,928.3,4.26,0.0
3956,0,194,-0.8069999999999998,0.05670103092783505,928.4,4.26,0.0
3957,2,446,1.444999999999975,0.053811659192825115,928.6,4.26,0.0
3958,0,187,-0.8139999999999998,0.058823529411764705,928.7,4.26,0.0
3959,0,179,-0.8219999999999998,0.055865921787709494,928.8,4.26,0.0
3960,3,579,2.5779999999999603,0.055267702936096716,929.1,4.26,0.0
3961,0,195,-0.8059999999999998,0.05641025641025641,929.2,4.26,0.0
3962,0,179,-0.8219999999999998,0.055865921787709494,929.3,4.26,0.0
3963,2,446,1.444999999999975,0.05605381165919283,929.5,4.26,0.0
3964,0,190,-0.8109999999999998,0.05789473684210526,929.6,4.27,0.0
3965,0,182,-0.8189999999999998,0.06043956043956044,929.7,4.27,0.0
3966,3,591,2.589999999999959,0.05583756345177665,930.0,4.27,0.0
3967,0,179,-0.8219999999999998,0.055865921787709494,930.1,4.27,0.0
3968,3,579,2.5779999999999603,0.055267702936096716,930.4,4.27,0.0
3969,1,313,0.3119999999999896,0.05750798722044728,930.6,4.27,0.0
3970,4,713,3.711999999999988,0.056100981767180924,930.9,4.27,0.0
3971,6,979,5.978000000000075,0.05515832482124617,931.4,4.26,0.0
3972,2,446,1.444999999999975,0.05605381165919283,931.7,4.26,0.0
3973,0,193,-0.8079999999999998,0.05699481865284974,931.8,4.27,0.0
3974,0,184,-0.8169999999999998,0.059782608695652176,931.9,4.27,0.0
3975,1,318,0.31699999999998907,0.05660377358490566,932.0,4.27,0.0
3976,0,182,-0.8189999999999998,0.06043956043956044,932.1,4.27,0.0
3977,1,313,0.3119999999999896,0.05750798722044728,932.3,4.27,0.0
3978,0,179,-0.8219999999999998,0.05027932960893855,932.4,4.27,0.0
3979,2,446,1.444999999999975,0.05605381165919283,932.6,4.27,0.0
3980,0,191,-0.8099999999999998,0.05759162303664921,932.7,4.27,0.0
3981,5,855,4.854000000000035,0.056140350877192984,933.2,4.27,0.0
3982,6,979,5.978000000000075,0.05515832482124617,933.7,4.27,0.0
3983,2,446,1.444999999999975,0.053811659192825115,933.9,4.27,0.0
3984,0,179,-0.8219999999999998,0.055865921787709494,934.0,4.27,0.0
3985,1,313,0.3119999999999896,0.05750798722044728,934.1,4.27,0.0
3986,1,313,0.3119999999999896,0.05750798722044728,934.3,4.27,0.0
3987,0,179,-0.8219999999999998,0.055865921787709494,934.4,4.27,0.0
3988,0,179,-0.8219999999999998,0.055865921787709494,934.5,4.27,0.0
3989,0,192,-0.8089999999999998,0.057291666666666664,934.6,4.27,0.0
3990,0,179,-0.8219999999999998,0.055865921787709494,934.7,4.27,0.0
3991,0,182,-0.8189999999999998,0.06043956043956044,934.8,4.27,0.0
3992,3,579,2.5779999999999603,0.055267702936096716,935.1,4.27,0.0
3993,0,212,-0.7889999999999998,0.05660377358490566,935.2,4.27,0.0
3994,1,335,0.3339999999999872,0.056716417910447764,935.4,4.27,0.0
3995,2,446,1.444999999999975,0.05605381165919283,935.6,4.27,0.0
3996,2,448,1.4469999999999748,0.05580357142857143,935.8,4.27,0.0
3997,0,189,-0.8119999999999998,0.0582010582010582,935.9,4.27,0.0
3998,4,713,3.711999999999988,0.0546984572230014,936.3,4.27,0.0
3999,3,579,2.5779999999999603,0.055267702936096716,936.6,4.27,0.0
4000,0,179,-0.8219999999999998,0.055865921787709494,936.7,4.27,0.0
4001,1,313,0.3119999999999896,0.054313099041533544,939.7,4.26,0.0
4002,0,190,-0.8109999999999998,0.05789473684210526,939.8,4.26,0.0
4003,1,317,0.3159999999999892,0.056782334384858045,940.0,4.26,0.0
4004,0,179,-0.8219999999999998,0.055865921787709494,940.1,4.26,0.0
4005,0,190,-0.8109999999999998,0.05789473684210526,940.2,4.26,0.0
4006,0,179,-0.8219999999999998,0.055865921787709494,940.3,4.26,0.0
4007,2,446,1.444999999999975,0.05605381165919283,940.5,4.26,0.0
4008,0,179,-0.8219999999999998,0.055865921787709494,940.6,4.26,0.0
4009,1,313,0.3119999999999896,0.054313099041533544,940.8,4.26,0.0
4010,3,579,2.5779999999999603,0.055267702936096716,941.1,4.26,0.0
4011,2,446,1.444999999999975,0.05605381165919283,941.3,4.26,0.0
4012,0,193,-0.8079999999999998,0.05699481865284974,941.4,4.26,0.0
4013,0,179,-0.8219999999999998,0.055865921787709494,941.5,4.26,0.0
4014,1,313,0.3119999999999896,0.054313099041533544,941.6,4.26,0.0
4015,4,732,3.7309999999999945,0.056010928961748634,942.0,4.26,0.0
4016,0,189,-0.8119999999999998,0.0582010582010582,942.1,4.26,0.0
4017,2,446,1.444999999999975,0.05605381165919283,942.3,4.26,0.0
4018,1,313,0.3119999999999896,0.054313099041533544,942.5,4.26,0.0
4019,7,1125,7.124000000000029,0.056,943.1,4.26,0.0
4020,1,315,0.3139999999999894,0.05714285714285714,943.3,4.26,0.0
4021,1,336,0.3349999999999871,0.05654761904761905,943.4,4.26,0.0
4022,0,179,-0.8219999999999998,0.055865921787709494,943.5,4.26,0.0
4023,4,724,3.722999999999992,0.05662983425414365,943.9,4.26,0.0
4024,0,179,-0.8219999999999998,0.05027932960893855,944.0,4.26,0.0
4025,3,579,2.5779999999999603,0.055267702936096716,944.3,4.26,0.0
4026,5,846,4.845000000000032,0.05555555555555555,944.7,4.26,0.0
4027,8,1255,8.253999999999957,0.055776892430278883,945.4,4.26,0.0
4028,0,179,-0.8219999999999998,0.055865921787709494,945.5,4.26,0.0
4029,3,579,2.5779999999999603,0.055267702936096716,945.8,4.26,0.0
4030,5,854,4.853000000000034,0.05620608899297424,946.2,4.26,0.0
4031,5,846,4.845000000000032,0.05555555555555555,946.7,4.26,0.0
4032,4,620,3.618999999999957,0.056451612903225805,947.0,4.26,0.0
4033,5,846,4.845000000000032,0.05555555555555555,947.4,4.26,0.0
4034,2,455,1.453999999999974,0.05714285714285714,947.7,4.26,0.0
4035,2,446,1.444999999999975,0.05605381165919283,947.9,4.26,0.0
4036,0,179,-0.8219999999999998,0.055865921787709494,948.0,4.26,0.0
4037,0,190,-0.8109999999999998,0.05789473684210526,948.1,4.26,0.0
4038,1,313,0.3119999999999896,0.05750798722044728,948.2,4.26,0.0
4039,3,579,2.5779999999999603,0.055267702936096716,948.5,4.26,0.0
4040,1,313,0.3119999999999896,0.05750798722044728,948.7,4.26,0.0
4041,8,1255,8.253999999999957,0.055776892430278883,949.4,4.26,0.0
4042,5,846,4.845000000000032,0.05555555555555555,949.8,4.26,0.0
4043,4,713,3.711999999999988,0.056100981767180924,950.2,4.26,0.0
4044,5,846,4.845000000000032,0.05555555555555555,950.6,4.26,0.0
4045,0,179,-0.8219999999999998,0.055865921787709494,950.7,4.26,0.0
4046,1,313,0.3119999999999896,0.05750798722044728,950.9,4.26,0.0
4047,3,579,2.5779999999999603,0.055267702936096716,951.2,4.26,0.0
4048,0,179,-0.8219999999999998,0.05027932960893855,951.3,4.26,0.0
4049,2,458,1.4569999999999736,0.056768558951965066,951.5,4.26,0.0
4050,2,446,1.444999999999975,0.05605381165919283,951.7,4.26,0.0
4051,1,313,0.3119999999999896,0.054313099041533544,951.9,4.26,0.0
4052,2,459,1.4579999999999735,0.05664488017429194,952.1,4.26,0.0
4053,0,195,-0.8059999999999998,0.05641025641025641,952.2,4.26,0.0
4054,3,579,2.5779999999999603,0.055267702936096716,952.5,4.26,0.0
4055,2,446,1.444999999999975,0.05605381165919283,952.8,4.26,0.0
4056,3,579,2.5779999999999603,0.055267702936096716,953.1,4.26,0.0
4057,3,579,2.5779999999999603,0.055267702936096716,953.4,4.26,0.0
4058,1,323,0.3219999999999885,0.05572755417956656,953.5,4.26,0.0
4059,0,179,-0.8219999999999998,0.055865921787709494,953.6,4.26,0.0
4060,4,713,3.711999999999988,0.056100981767180924,954.0,4.26,0.0
4061,0,179,-0.8219999999999998,0.055865921787709494,954.1,4.26,0.0
4062,2,446,1.444999999999975,0.05605381165919283,954.3,4.26,0.0
4063,1,313,0.3119999999999896,0.054313099041533544,954.5,4.26,0.0
4064,0,179,-0.8219999999999998,0.055865921787709494,954.6,4.26,0.0
4065,0,179,-0.8219999999999998,0.055865921787709494,954.7,4.26,0.0
4066,0,179,-0.8219999999999998,0.055865921787709494,954.8,4.26,0.0
4067,2,446,1.444999999999975,0.05605381165919283,955.0,4.26,0.0
4068,0,185,-0.8159999999999998,0.05945945945945946,955.1,4.26,0.0
4069,0,179,-0.8219999999999998,0.055865921787709494,955.2,4.26,0.0
4070,0,179,-0.8219999999999998,0.055865921787709494,955.3,4.26,0.0
4071,0,195,-0.8059999999999998,0.05641025641025641,955.4,4.26,0.0
4072,3,583,2.58199999999996,0.05660377358490566,955.7,4.26,0.0
4073,0,185,-0.8159999999999998,0.05945945945945946,955.8,4.26,0.0
4074,2,446,1.444999999999975,0.05605381165919283,956.0,4.26,0.0
4075,0,179,-0.8219999999999998,0.055865921787709494,956.1,4.26,0.0
4076,0,179,-0.8219999999999998,0.055865921787709494,956.2,4.26,0.0
4077,4,718,3.71699999999999,0.055710306406685235,956.6,4.26,0.0
4078,0,189,-0.8119999999999998,0.0582010582010582,956.7,4.26,0.0
4079,0,179,-0.8219999999999998,0.055865921787709494,956.8,4.26,0.0
4080,3,580,2.57899999999996,0.056896551724137934,957.1,4.26,0.0
4081,1,321,0.31999999999998874,0.056074766355140186,957.2,4.26,0.0
4082,5,846,4.845000000000032,0.05555555555555555,957.7,4.26,0.0
4083,0,187,-0.8139999999999998,0.058823529411764705,957.8,4.26,0.0
4084,4,713,3.711999999999988,0.056100981767180924,958.2,4.26,0.0
4085,0,191,-0.8099999999999998,0.05759162303664921,958.3,4.26,0.0
4086,5,751,4.75,0.0559254327563249,958.6,4.26,0.0
4087,0,179,-0.8219999999999998,0.055865921787709494,958.7,4.26,0.0
4088,1,313,0.3119999999999896,0.054313099041533544,958.9,4.26,0.0
4089,0,187,-0.8139999999999998,0.058823529411764705,959.0,4.26,0.0
4090,3,579,2.5779999999999603,0.055267702936096716,959.3,4.26,0.0
4091,2,446,1.444999999999975,0.05605381165919283,959.5,4.26,0.0
4092,0,186,-0.8149999999999998,0.05913978494623656,959.6,4.27,0.0
4093,1,320,0.31899999999998885,0.05625,959.8,4.27,0.0
4094,2,465,1.4639999999999729,0.05591397849462366,960.0,4.27,0.0
4095,8,1246,8.244999999999962,0.05537720706260032,960.7,4.26,0.0
4096,1,313,0.3119999999999896,0.054313099041533544,960.8,4.26,0.0
4097,0,191,-0.8099999999999998,0.05759162303664921,960.9,4.26,0.0
4098,0,193,-0.8079999999999998,0.05699481865284974,961.0,4.27,0.0
4099,0,215,-0.7859999999999998,0.05581395348837209,961.1,4.27,0.0
4100,3,584,2.5829999999999598,0.05650684931506849,961.4,4.27,0.0
4101,2,446,1.444999999999975,0.05605381165919283,961.7,4.27,0.0
4102,0,179,-0.8219999999999998,0.055865921787709494,961.8,4.27,0.0
4103,1,336,0.3349999999999871,0.05654761904761905,961.9,4.27,0.0
4104,2,446,1.444999999999975,0.053811659192825115,962.2,4.27,0.0
4105,0,189,-0.8119999999999998,0.0582010582010582,962.3,4.27,0.0
4106,1,313,0.3119999999999896,0.054313099041533544,962.4,4.27,0.0
4107,1,321,0.31999999999998874,0.056074766355140186,962.6,4.27,0.0
4108,0,179,-0.8219999999999998,0.055865921787709494,962.7,4.27,0.0
4109,1,313,0.3119999999999896,0.054313099041533544,962.8,4.27,0.0
4110,1,313,0.3119999999999896,0.054313099041533544,963.0,4.27,0.0
4111,3,579,2.5779999999999603,0.055267702936096716,963.3,4.27,0.0
4112,3,587,2.5859999999999594,0.056218057921635436,963.6,4.27,0.0
4113,2,446,1.444999999999975,0.053811659192825115,963.8,4.27,0.0
4114,0,179,-0.8219999999999998,0.055865921787709494,963.9,4.27,0.0
4115,2,446,1.444999999999975,0.05605381165919283,964.2,4.27,0.0
4116,3,586,2.5849999999999596,0.05631399317406143,964.5,4.27,0.0
4117,1,313,0.3119999999999896,0.054313099041533544,964.6,4.27,0.0
4118,2,460,1.4589999999999734,0.05652173913043478,964.9,4.27,0.0
4119,3,579,2.5779999999999603,0.055267702936096716,965.2,4.27,0.0
4120,2,446,1.444999999999975,0.05605381165919283,965.4,4.27,0.0
4121,0,185,-0.8159999999999998,0.05945945945945946,965.5,4.27,0.0
4122,2,463,1.461999999999973,0.056155507559395246,965.7,4.27,0.0
4123,5,846,4.845000000000032,0.05555555555555555,966.2,4.27,0.0
4124,0,179,-0.8219999999999998,0.055865921787709494,966.3,4.27,0.0
4125,3,579,2.5779999999999603,0.05699481865284974,966.6,4.27,0.0
4126,2,462,1.4609999999999732,0.05627705627705628,966.8,4.27,0.0
4127,0,179,-0.8219999999999998,0.055865921787709494,966.9,4.27,0.0
4128,2,462,1.4609999999999732,0.05627705627705628,967.2,4.27,0.0
4129,3,601,2.599999999999958,0.056572379367720464,967.5,4.27,0.0
4130,2,457,1.4559999999999738,0.05689277899343545,967.7,4.27,0.0
4131,0,194,-0.8069999999999998,0.05670103092783505,967.8,4.27,0.0
4132,1,323,0.3219999999999885,0.05572755417956656,968.0,4.27,0.0
4133,0,179,-0.8219999999999998,0.055865921787709494,968.1,4.27,0.0
4134,8,1246,8.244999999999962,0.05537720706260032,968.7,4.27,0.0
4135,0,179,-0.8219999999999998,0.055865921787709494,968.8,4.27,0.0
4136,0,187,-0.8139999999999998,0.058823529411764705,968.9,4.27,0.0
4137,5,846,4.845000000000032,0.05555555555555555,969.3,4.27,0.0
4138,1,313,0.3119999999999896,0.054313099041533544,969.5,4.27,0.0
4139,0,179,-0.8219999999999998,0.055865921787709494,969.6,4.27,0.0
4140,1,313,0.3119999999999896,0.05750798722044728,969.7,4.27,0.0
4141,0,186,-0.8149999999999998,0.05913978494623656,969.8,4.27,0.0
4142,2,446,1.444999999999975,0.05605381165919283,970.1,4.27,0.0
4143,1,313,0.3119999999999896,0.05750798722044728,970.2,4.27,0.0
4144,2,447,1.4459999999999749,0.05592841163310962,970.5,4.27,0.0
4145,1,317,0.3159999999999892,0.056782334384858045,970.6,4.27,0.0
4146,1,321,0.31999999999998874,0.056074766355140186,970.8,4.27,0.0
4147,6,979,5.978000000000075,0.05515832482124617,971.3,4.27,0.0
4148,1,313,0.3119999999999896,0.054313099041533544,971.5,4.27,0.0
4149,0,196,-0.8049999999999998,0.05612244897959184,971.6,4.27,0.0
4150,1,313,0.3119999999999896,0.054313099041533544,971.7,4.27,0.0
4151,0,189,-0.8119999999999998,0.0582010582010582,971.8,4.27,0.0
4152,0,179,-0.8219999999999998,0.055865921787709494,971.9,4.27,0.0
4153,1,313,0.3119999999999896,0.05750798722044728,972.1,4.27,0.0
4154,4,713,3.711999999999988,0.0546984572230014,972.4,4.27,0.0
4155,5,846,4.845000000000032,0.05555555555555555,972.9,4.27,0.0
4156,0,179,-0.8219999999999998,0.055865921787709494,973.0,4.27,0.0
4157,3,579,2.5779999999999603,0.055267702936096716,973.3,4.27,0.0
4158,2,446,1.444999999999975,0.05605381165919283,973.5,4.27,0.0
4159,3,588,2.5869999999999593,0.05612244897959184,973.8,4.27,0.0
4160,2,446,1.444999999999975,0.05605381165919283,974.0,4.27,0.0
4161,5,846,4.845000000000032,0.05555555555555555,974.5,4.27,0.0
4162,0,179,-0.8219999999999998,0.055865921787709494,974.6,4.27,0.0
4163,0,179,-0.8219999999999998,0.055865921787709494,974.6,4.27,0.0
4164,0,182,-0.8189999999999998,0.06043956043956044,974.7,4.27,0.0
4165,3,579,2.5779999999999603,0.055267702936096716,975.0,4.27,0.0
4166,2,446,1.444999999999975,0.05605381165919283,975.3,4.27,0.0
4167,0,179,-0.8219999999999998,0.055865921787709494,975.4,4.27,0.0
4168,5,846,4.845000000000032,0.05555555555555555,975.8,4.27,0.0
4169,1,313,0.3119999999999896,0.054313099041533544,976.0,4.27,0.0
4170,5,856,4.855000000000035,0.056074766355140186,976.4,4.27,0.0
4171,3,591,2.589999999999959,0.05583756345177665,976.7,4.27,0.0
4172,3,579,2.5779999999999603,0.055267702936096716,977.0,4.27,0.0
4173,0,179,-0.8219999999999998,0.055865921787709494,977.1,4.27,0.0
4174,3,589,2.587999999999959,0.05602716468590832,977.4,4.27,0.0
4175,1,318,0.31699999999998907,0.05660377358490566,977.6,4.27,0.0
4176,0,179,-0.8219999999999998,0.055865921787709494,977.7,4.27,0.0
4177,1,313,0.3119999999999896,0.054313099041533544,977.9,4.27,0.0
4178,0,195,-0.8059999999999998,0.05641025641025641,978.0,4.27,0.0
4179,6,979,5.978000000000075,0.05515832482124617,978.5,4.27,0.0
4180,2,446,1.444999999999975,0.05605381165919283,978.7,4.27,0.0
4181,2,446,1.444999999999975,0.05605381165919283,978.9,4.27,0.0
4182,0,179,-0.8219999999999998,0.055865921787709494,979.0,4.27,0.0
4183,1,313,0.3119999999999896,0.054313099041533544,979.2,4.27,0.0
4184,0,185,-0.8159999999999998,0.05945945945945946,979.3,4.27,0.0
4185,2,446,1.444999999999975,0.05605381165919283,979.5,4.27,0.0
4186,1,339,0.33799999999998676,0.05604719764011799,979.7,4.27,0.0
4187,5,846,4.845000000000032,0.05555555555555555,980.1,4.27,0.0
4188,2,446,1.444999999999975,0.05605381165919283,980.4,4.27,0.0
4189,1,313,0.3119999999999896,0.054313099041533544,980.5,4.27,0.0
4190,2,446,1.444999999999975,0.05605381165919283,980.7,4.27,0.0
4191,2,446,1.444999999999975,0.05605381165919283,981.0,4.27,0.0
4192,0,179,-0.8219999999999998,0.055865921787709494,981.1,4.27,0.0
4193,2,446,1.444999999999975,0.05605381165919283,981.3,4.27,0.0
4194,0,179,-0.8219999999999998,0.055865921787709494,981.4,4.27,0.0
4195,1,335,0.3339999999999872,0.056716417910447764,981.6,4.27,0.0
4196,4,713,3.711999999999988,0.056100981767180924,981.9,4.27,0.0
4197,3,585,2.5839999999999597,0.05641025641025641,982.2,4.27,0.0
4198,3,588,2.5869999999999593,0.05612244897959184,982.6,4.27,0.0
4199,1,314,0.3129999999999895,0.05732484076433121,982.7,4.27,0.0
4200,3,579,2.5779999999999603,0.055267702936096716,983.0,4.27,0.0
4201,2,446,1.444999999999975,0.05605381165919283,983.3,4.27,0.0
4202,1,315,0.3139999999999894,0.05714285714285714,983.4,4.27,0.0
4203,3,579,2.5779999999999603,0.055267702936096716,983.7,4.27,0.0
4204,2,447,1.4459999999999749,0.05592841163310962,984.0,4.27,0.0
4205,2,446,1.444999999999975,0.05605381165919283,984.2,4.27,0.0
4206,0,179,-0.8219999999999998,0.055865921787709494,984.3,4.27,0.0
4207,1,336,0.3349999999999871,0.05654761904761905,984.5,4.27,0.0
4208,1,313,0.3119999999999896,0.054313099041533544,984.6,4.27,0.0
4209,2,446,1.444999999999975,0.053811659192825115,984.9,4.27,0.0
4210,9,1379,9.377999999999888,0.05583756345177665,985.6,4.27,0.0
4211,2,446,1.444999999999975,0.05605381165919283,985.8,4.27,0.0
4212,2,457,1.4559999999999738,0.05689277899343545,986.1,4.27,0.0
4213,1,313,0.3119999999999896,0.054313099041533544,986.2,4.27,0.0
4214,0,179,-0.8219999999999998,0.055865921787709494,986.3,4.27,0.0
4215,4,713,3.711999999999988,0.056100981767180924,986.7,4.27,0.0
4216,1,313,0.3119999999999896,0.05750798722044728,986.9,4.27,0.0
4217,4,713,3.711999999999988,0.056100981767180924,987.2,4.27,0.0
4218,3,589,2.587999999999959,0.05602716468590832,987.5,4.27,0.0
4219,1,313,0.3119999999999896,0.054313099041533544,987.7,4.27,0.0
4220,0,193,-0.8079999999999998,0.05699481865284974,987.8,4.27,0.0
4221,6,979,5.978000000000075,0.05515832482124617,988.3,4.27,0.0
4222,1,313,0.3119999999999896,0.05750798722044728,988.5,4.27,0.0
4223,2,457,1.4559999999999738,0.05689277899343545,988.7,4.27,0.0
4224,3,579,2.5779999999999603,0.055267702936096716,989.0,4.27,0.0
4225,6,979,5.978000000000075,0.05515832482124617,989.5,4.27,0.0
4226,1,313,0.3119999999999896,0.054313099041533544,989.7,4.27,0.0
4227,0,179,-0.8219999999999998,0.055865921787709494,989.8,4.27,0.0
4228,0,179,-0.8219999999999998,0.055865921787709494,989.9,4.27,0.0
4229,0,186,-0.8149999999999998,0.05913978494623656,990.0,4.27,0.0
4230,0,179,-0.8219999999999998,0.055865921787709494,990.1,4.27,0.0
4231,1,313,0.3119999999999896,0.05750798722044728,990.2,4.27,0.0
4232,4,713,3.711999999999988,0.0546984572230014,990.6,4.27,0.0
4233,1,313,0.3119999999999896,0.054313099041533544,990.7,4.27,0.0
4234,4,713,3.711999999999988,0.056100981767180924,991.1,4.27,0.0
4235,4,728,3.726999999999993,0.05631868131868132,991.5,4.27,0.0
4236,1,316,0.3149999999999893,0.056962025316455694,991.7,4.27,0.0
4237,3,585,2.5839999999999597,0.05641025641025641,992.0,4.27,0.0
4238,0,181,-0.8199999999999998,0.06077348066298342,992.1,4.27,0.0
4239,7,1113,7.112000000000036,0.055705300988319856,992.6,4.27,0.0
4240,1,313,0.3119999999999896,0.054313099041533544,992.8,4.27,0.0
4241,0,183,-0.8179999999999998,0.060109289617486336,992.9,4.27,0.0
4242,0,179,-0.8219999999999998,0.055865921787709494,993.0,4.27,0.0
4243,1,313,0.3119999999999896,0.054313099041533544,993.2,4.27,0.0
4244,1,313,0.3119999999999896,0.05750798722044728,993.3,4.27,0.0
4245,0,179,-0.8219999999999998,0.055865921787709494,993.4,4.27,0.0
4246,4,713,3.711999999999988,0.056100981767180924,993.8,4.27,0.0
4247,2,446,1.444999999999975,0.05605381165919283,994.0,4.27,0.0
4248,1,313,0.3119999999999896,0.05750798722044728,994.2,4.27,0.0
4249,3,579,2.5779999999999603,0.055267702936096716,994.5,4.27,0.0
4250,0,179,-0.8219999999999998,0.055865921787709494,994.6,4.27,0.0
4251,0,179,-0.8219999999999998,0.055865921787709494,994.7,4.27,0.0
4252,1,320,0.31899999999998885,0.05625,994.9,4.28,0.0
4253,4,713,3.711999999999988,0.056100981767180924,995.2,4.27,0.0
4254,0,179,-0.8219999999999998,0.055865921787709494,995.3,4.28,0.0
4255,0,179,-0.8219999999999998,0.055865921787709494,995.4,4.28,0.0
4256,0,179,-0.8219999999999998,0.055865921787709494,995.5,4.28,0.0
4257,3,579,2.5779999999999603,0.055267702936096716,995.8,4.28,0.0
4258,0,192,-0.8089999999999998,0.057291666666666664,995.9,4.28,0.0
4259,3,609,2.607999999999957,0.05582922824302135,996.2,4.28,0.0
4260,2,446,1.444999999999975,0.05605381165919283,996.5,4.28,0.0
4261,1,313,0.3119999999999896,0.054313099041533544,996.6,4.28,0.0
4262,3,579,2.5779999999999603,0.055267702936096716,996.9,4.28,0.0
4263,6,979,5.978000000000075,0.05515832482124617,997.4,4.27,0.0
4264,0,184,-0.8169999999999998,0.059782608695652176,997.5,4.28,0.0
4265,0,189,-0.8119999999999998,0.0582010582010582,997.6,4.28,0.0
4266,2,446,1.444999999999975,0.05605381165919283,997.9,4.28,0.0
4267,3,579,2.5779999999999603,0.055267702936096716,998.2,4.28,0.0
4268,2,447,1.4459999999999749,0.05592841163310962,998.4,4.28,0.0
4269,4,713,3.711999999999988,0.056100981767180924,998.8,4.28,0.0
4270,1,313,0.3119999999999896,0.054313099041533544,998.9,4.28,0.0
4271,0,183,-0.8179999999999998,0.060109289617486336,999.0,4.28,0.0
4272,2,446,1.444999999999975,0.05605381165919283,999.3,4.28,0.0
4273,3,579,2.5779999999999603,0.055267702936096716,999.6,4.28,0.0
4274,0,179,-0.8219999999999998,0.055865921787709494,999.7,4.28,0.0
4275,2,458,1.4569999999999736,0.056768558951965066,999.9,4.28,0.0
4276,2,446,1.444999999999975,0.05605381165919283,1000.1,4.28,0.0
4277,1,313,0.3119999999999896,0.05750798722044728,1000.3,4.28,0.0
4278,3,579,2.5779999999999603,0.055267702936096716,1000.6,4.28,0.0
4279,1,313,0.3119999999999896,0.054313099041533544,1000.8,4.28,0.0
4280,0,179,-0.8219999999999998,0.055865921787709494,1000.8,4.28,0.0
4281,2,446,1.444999999999975,0.053811659192825115,1001.1,4.28,0.0
4282,5,846,4.845000000000032,0.05555555555555555,1001.5,4.28,0.0
4283,0,196,-0.8049999999999998,0.05612244897959184,1001.6,4.28,0.0
4284,3,584,2.5829999999999598,0.05650684931506849,1001.9,4.28,0.0
4285,4,713,3.711999999999988,0.056100981767180924,1002.3,4.28,0.0
4286,0,204,-0.7969999999999998,0.058823529411764705,1002.4,4.28,0.0
4287,0,184,-0.8169999999999998,0.059782608695652176,1002.5,4.28,0.0
4288,2,459,1.4579999999999735,0.05664488017429194,1002.7,4.28,0.0
4289,2,446,1.444999999999975,0.05605381165919283,1003.0,4.28,0.0
4290,0,179,-0.8219999999999998,0.055865921787709494,1003.1,4.28,0.0
4291,1,313,0.3119999999999896,0.054313099041533544,1003.2,4.28,0.0
4292,0,179,-0.8219999999999998,0.055865921787709494,1003.3,4.28,0.0
4293,0,179,-0.8219999999999998,0.055865921787709494,1003.4,4.28,0.0
4294,0,179,-0.8219999999999998,0.061452513966480445,1003.5,4.28,0.0
4295,3,579,2.5779999999999603,0.055267702936096716,1003.8,4.28,0.0
4296,4,728,3.726999999999993,0.05631868131868132,1004.2,4.28,0.0
4297,1,313,0.3119999999999896,0.05750798722044728,1004.3,4.28,0.0
4298,2,446,1.444999999999975,0.05605381165919283,1004.6,4.28,0.0
4299,4,713,3.711999999999988,0.056100981767180924,1005.0,4.28,0.0
4300,0,179,-0.8219999999999998,0.055865921787709494,1005.0,4.28,0.0
4301,2,463,1.461999999999973,0.056155507559395246,1005.3,4.28,0.0
4302,0,186,-0.8149999999999998,0.05913978494623656,1005.4,4.28,0.0
4303,2,446,1.444999999999975,0.05605381165919283,1005.6,4.28,0.0
4304,1,313,0.3119999999999896,0.05750798722044728,1005.8,4.28,0.0
4305,3,606,2.6049999999999573,0.056105610561056105,1006.1,4.28,0.0
4306,1,313,0.3119999999999896,0.054313099041533544,1006.3,4.28,0.0
4307,2,446,1.444999999999975,0.05605381165919283,1006.5,4.28,0.0
4308,1,322,0.32099999999998863,0.055900621118012424,1006.7,4.28,0.0
4309,1,313,0.3119999999999896,0.05750798722044728,1006.8,4.28,0.0
4310,2,455,1.453999999999974,0.05714285714285714,1007.0,4.28,0.0
4311,1,313,0.3119999999999896,0.05750798722044728,1007.2,4.28,0.0
4312,3,579,2.5779999999999603,0.055267702936096716,1007.5,4.28,0.0
4313,2,446,1.444999999999975,0.05605381165919283,1007.8,4.28,0.0
4314,3,579,2.5779999999999603,0.055267702936096716,1008.1,4.28,0.0
4315,1,313,0.3119999999999896,0.054313099041533544,1008.2,4.28,0.0
4316,0,179,-0.8219999999999998,0.055865921787709494,1008.3,4.28,0.0
4317,6,979,5.978000000000075,0.05515832482124617,1008.8,4.28,0.0
4318,2,447,1.4459999999999749,0.05592841163310962,1009.1,4.28,0.0
4319,1,313,0.3119999999999896,0.054313099041533544,1009.2,4.28,0.0
4320,3,579,2.5779999999999603,0.055267702936096716,1009.5,4.28,0.0
4321,2,446,1.444999999999975,0.053811659192825115,1009.8,4.28,0.0
4322,0,190,-0.8109999999999998,0.05789473684210526,1009.9,4.28,0.0
4323,1,313,0.3119999999999896,0.054313099041533544,1010.0,4.28,0.0
4324,2,461,1.4599999999999733,0.05639913232104121,1010.3,4.28,0.0
4325,3,579,2.5779999999999603,0.05699481865284974,1010.6,4.28,0.0
4326,1,313,0.3119999999999896,0.05750798722044728,1010.7,4.28,0.0
4327,0,187,-0.8139999999999998,0.058823529411764705,1010.8,4.28,0.0
4328,0,209,-0.7919999999999998,0.05741626794258373,1010.9,4.28,0.0
4329,0,179,-0.8219999999999998,0.055865921787709494,1011.0,4.28,0.0
4330,0,179,-0.8219999999999998,0.055865921787709494,1011.1,4.28,0.0
4331,1,313,0.3119999999999896,0.054313099041533544,1011.3,4.28,0.0
4332,3,579,2.5779999999999603,0.055267702936096716,1011.6,4.28,0.0
4333,1,331,0.32999999999998764,0.05740181268882175,1011.8,4.28,0.0
4334,3,579,2.5779999999999603,0.05699481865284974,1012.1,4.28,0.0
4335,0,184,-0.8169999999999998,0.059782608695652176,1012.1,4.28,0.0
4336,0,179,-0.8219999999999998,0.055865921787709494,1012.2,4.28,0.0
4337,0,179,-0.8219999999999998,0.055865921787709494,1012.3,4.29,0.0
4338,0,179,-0.8219999999999998,0.055865921787709494,1012.4,4.29,0.0
4339,0,179,-0.8219999999999998,0.055865921787709494,1012.5,4.29,0.0
4340,6,979,5.978000000000075,0.05515832482124617,1013.0,4.29,0.0
4341,0,179,-0.8219999999999998,0.055865921787709494,1013.1,4.29,0.0
4342,2,446,1.444999999999975,0.05605381165919283,1013.3,4.29,0.0
4343,2,446,1.444999999999975,0.053811659192825115,1013.6,4.29,0.0
4344,1,313,0.3119999999999896,0.05750798722044728,1013.7,4.29,0.0
4345,0,206,-0.7949999999999998,0.05825242718446602,1013.8,4.29,0.0
4346,3,579,2.5779999999999603,0.055267702936096716,1014.1,4.29,0.0
4347,5,846,4.845000000000032,0.05555555555555555,1014.6,4.29,0.0
4348,1,313,0.3119999999999896,0.054313099041533544,1014.7,4.29,0.0
4349,5,858,4.857000000000036,0.055944055944055944,1015.2,4.28,0.0
4350,0,195,-0.8059999999999998,0.05641025641025641,1015.3,4.29,0.0
4351,2,446,1.444999999999975,0.05605381165919283,1015.5,4.29,0.0
4352,1,315,0.3139999999999894,0.05714285714285714,1015.7,4.29,0.0
4353,0,179,-0.8219999999999998,0.05027932960893855,1015.8,4.29,0.0
4354,2,446,1.444999999999975,0.05605381165919283,1016.0,4.29,0.0
4355,0,183,-0.8179999999999998,0.060109289617486336,1016.1,4.29,0.0
4356,3,579,2.5779999999999603,0.055267702936096716,1016.4,4.29,0.0
4357,2,446,1.444999999999975,0.05605381165919283,1016.7,4.29,0.0
4358,2,458,1.4569999999999736,0.056768558951965066,1016.9,4.29,0.0
4359,0,179,-0.8219999999999998,0.055865921787709494,1017.0,4.29,0.0
4360,0,188,-0.8129999999999998,0.05851063829787234,1017.1,4.29,0.0
4361,2,446,1.444999999999975,0.05605381165919283,1017.3,4.29,0.0
4362,2,459,1.4579999999999735,0.05664488017429194,1017.6,4.29,0.0
4363,0,179,-0.8219999999999998,0.055865921787709494,1017.6,4.29,0.0
4364,1,313,0.3119999999999896,0.054313099041533544,1017.8,4.29,0.0
4365,1,316,0.3149999999999893,0.056962025316455694,1018.0,4.29,0.0
4366,0,179,-0.8219999999999998,0.055865921787709494,1018.1,4.29,0.0
4367,2,446,1.444999999999975,0.05605381165919283,1018.3,4.29,0.0
4368,1,336,0.3349999999999871,0.05654761904761905,1018.5,4.29,0.0
4369,0,179,-0.8219999999999998,0.055865921787709494,1018.6,4.29,0.0
4370,0,179,-0.8219999999999998,0.055865921787709494,1018.7,4.29,0.0
4371,5,846,4.845000000000032,0.05555555555555555,1019.1,4.29,0.0
4372,0,183,-0.8179999999999998,0.060109289617486336,1019.2,4.29,0.0
4373,2,446,1.444999999999975,0.05605381165919283,1019.4,4.29,0.0
4374,1,316,0.3149999999999893,0.056962025316455694,1019.6,4.29,0.0
4375,0,189,-0.8119999999999998,0.0582010582010582,1019.7,4.29,0.0
4376,5,874,4.873000000000041,0.05606407322654462,1020.1,4.29,0.0
4377,1,313,0.3119999999999896,0.054313099041533544,1020.3,4.29,0.0
4378,0,187,-0.8139999999999998,0.058823529411764705,1020.4,4.29,0.0
4379,3,579,2.5779999999999603,0.05699481865284974,1020.7,4.29,0.0
4380,1,313,0.3119999999999896,0.05750798722044728,1020.9,4.29,0.0
4381,2,459,1.4579999999999735,0.05664488017429194,1021.1,4.29,0.0
4382,0,185,-0.8159999999999998,0.05945945945945946,1021.2,4.29,0.0
4383,1,313,0.3119999999999896,0.054313099041533544,1021.4,4.29,0.0
4384,2,446,1.444999999999975,0.05605381165919283,1021.6,4.29,0.0
4385,0,185,-0.8159999999999998,0.05945945945945946,1021.7,4.29,0.0
4386,2,446,1.444999999999975,0.05605381165919283,1021.9,4.29,0.0
4387,0,192,-0.8089999999999998,0.057291666666666664,1022.1,4.29,0.0
4388,0,179,-0.8219999999999998,0.055865921787709494,1022.1,4.29,0.0
4389,4,734,3.732999999999995,0.055858310626702996,1022.5,4.29,0.0
4390,4,729,3.7279999999999935,0.056241426611796985,1022.9,4.29,0.0
4391,1,339,0.33799999999998676,0.05604719764011799,1023.1,4.29,0.0
4392,1,315,0.3139999999999894,0.05714285714285714,1023.2,4.29,0.0
4393,7,1114,7.113000000000035,0.05565529622980251,1023.8,4.29,0.0
4394,6,979,5.978000000000075,0.056179775280898875,1024.3,4.29,0.0
4395,1,313,0.3119999999999896,0.05750798722044728,1024.5,4.29,0.0
4396,0,179,-0.8219999999999998,0.055865921787709494,1024.6,4.29,0.0
4397,3,579,2.5779999999999603,0.055267702936096716,1024.9,4.29,0.0
4398,1,313,0.3119999999999896,0.05750798722044728,1025.0,4.29,0.0
4399,4,713,3.711999999999988,0.056100981767180924,1025.4,4.29,0.0
4400,0,179,-0.8219999999999998,0.055865921787709494,1025.5,4.29,0.0
4401,2,446,1.444999999999975,0.05605381165919283,1025.7,4.29,0.0
4402,9,1379,9.377999999999888,0.05583756345177665,1026.5,4.29,0.0
4403,5,853,4.852000000000034,0.05627198124267292,1026.9,4.29,0.0
4404,3,579,2.5779999999999603,0.055267702936096716,1027.2,4.29,0.0
4405,3,579,2.5779999999999603,0.055267702936096716,1027.5,4.29,0.0
4406,0,181,-0.8199999999999998,0.06077348066298342,1027.6,4.29,0.0
4407,0,179,-0.8219999999999998,0.055865921787709494,1027.7,4.29,0.0
4408,0,179,-0.8219999999999998,0.055865921787709494,1027.8,4.29,0.0
4409,3,579,2.5779999999999603,0.055267702936096716,1028.1,4.29,0.0
4410,1,313,0.3119999999999896,0.054313099041533544,1028.3,4.29,0.0
4411,1,313,0.3119999999999896,0.054313099041533544,1028.4,4.29,0.0
4412,0,188,-0.8129999999999998,0.05851063829787234,1028.5,4.29,0.0
4413,0,179,-0.8219999999999998,0.055865921787709494,1028.6,4.29,0.0
4414,0,179,-0.8219999999999998,0.055865921787709494,1028.7,4.29,0.0
4415,1,313,0.3119999999999896,0.05750798722044728,1028.9,4.29,0.0
4416,5,846,4.845000000000032,0.05555555555555555,1029.3,4.29,0.0
4417,8,1267,8.26599999999995,0.056037884767166535,1030.0,4.29,0.0
4418,1,313,0.3119999999999896,0.05750798722044728,1030.1,4.29,0.0
4419,7,1128,7.127000000000027,0.05585106382978723,1030.7,4.29,0.0
4420,3,579,2.5779999999999603,0.055267702936096716,1031.0,4.29,0.0
4421,1,338,0.33699999999998687,0.05621301775147929,1031.2,4.29,0.0
4422,6,979,5.978000000000075,0.05515832482124617,1031.7,4.29,0.0
4423,2,458,1.4569999999999736,0.056768558951965066,1031.9,4.29,0.0
4424,0,195,-0.8059999999999998,0.05641025641025641,1032.0,4.29,0.0
4425,0,194,-0.8069999999999998,0.05670103092783505,1032.1,4.29,0.0
4426,2,454,1.452999999999974,0.05726872246696035,1032.4,4.29,0.0
4427,3,579,2.5779999999999603,0.055267702936096716,1032.7,4.29,0.0
4428,2,446,1.444999999999975,0.05605381165919283,1032.9,4.29,0.0
4429,2,446,1.444999999999975,0.05605381165919283,1033.1,4.29,0.0
4430,0,179,-0.8219999999999998,0.055865921787709494,1033.2,4.29,0.0
4431,0,179,-0.8219999999999998,0.05027932960893855,1033.3,4.29,0.0
4432,1,313,0.3119999999999896,0.054313099041533544,1033.5,4.29,0.0
4433,4,713,3.711999999999988,0.056100981767180924,1033.8,4.29,0.0
4434,5,848,4.847000000000032,0.05660377358490566,1034.3,4.29,0.0
4435,3,579,2.5779999999999603,0.055267702936096716,1034.6,4.29,0.0
4436,3,591,2.589999999999959,0.05583756345177665,1034.9,4.29,0.0
4437,5,853,4.852000000000034,0.05627198124267292,1035.3,4.29,0.0
4438,0,179,-0.8219999999999998,0.055865921787709494,1035.4,4.29,0.0
4439,3,579,2.5779999999999603,0.055267702936096716,1035.7,4.29,0.0
4440,2,446,1.444999999999975,0.053811659192825115,1035.9,4.29,0.0
4441,1,335,0.3339999999999872,0.056716417910447764,1036.1,4.29,0.0
4442,2,446,1.444999999999975,0.05605381165919283,1036.4,4.29,0.0
4443,6,979,5.978000000000075,0.05515832482124617,1036.9,4.29,0.0
4444,1,317,0.3159999999999892,0.056782334384858045,1037.0,4.29,0.0
4445,4,728,3.726999999999993,0.05631868131868132,1037.4,4.29,0.0
4446,2,446,1.444999999999975,0.05605381165919283,1037.6,4.29,0.0
4447,3,579,2.5779999999999603,0.055267702936096716,1037.9,4.29,0.0
4448,3,586,2.5849999999999596,0.05631399317406143,1038.2,4.29,0.0
4449,4,727,3.725999999999993,0.05639614855570839,1038.6,4.28,0.0
4450,0,179,-0.8219999999999998,0.055865921787709494,1038.7,4.29,0.0
4451,0,179,-0.8219999999999998,0.055865921787709494,1038.8,4.29,0.0
4452,1,318,0.31699999999998907,0.05660377358490566,1039.0,4.29,0.0
4453,0,184,-0.8169999999999998,0.059782608695652176,1039.1,4.29,0.0
4454,0,179,-0.8219999999999998,0.055865921787709494,1039.2,4.29,0.0
4455,0,179,-0.8219999999999998,0.055865921787709494,1039.2,4.29,0.0
4456,0,193,-0.8079999999999998,0.05699481865284974,1039.3,4.29,0.0
4457,0,179,-0.8219999999999998,0.055865921787709494,1039.4,4.29,0.0
4458,0,179,-0.8219999999999998,0.055865921787709494,1039.5,4.29,0.0
4459,0,194,-0.8069999999999998,0.05670103092783505,1039.6,4.29,0.0
4460,4,713,3.711999999999988,0.056100981767180924,1040.0,4.29,0.0
4461,0,179,-0.8219999999999998,0.055865921787709494,1040.1,4.29,0.0
4462,3,579,2.5779999999999603,0.055267702936096716,1040.4,4.29,0.0
4463,1,313,0.3119999999999896,0.054313099041533544,1040.6,4.29,0.0
4464,0,179,-0.8219999999999998,0.055865921787709494,1040.6,4.29,0.0
4465,4,729,3.7279999999999935,0.056241426611796985,1041.0,4.29,0.0
4466,2,465,1.4639999999999729,0.05591397849462366,1041.3,4.29,0.0
4467,6,1004,6.003000000000084,0.055776892430278883,1041.8,4.29,0.0
4468,1,313,0.3119999999999896,0.054313099041533544,1041.9,4.29,0.0
4469,0,183,-0.8179999999999998,0.060109289617486336,1042.0,4.29,0.0
4470,4,715,3.713999999999989,0.055944055944055944,1042.4,4.29,0.0
4471,3,579,2.5779999999999603,0.055267702936096716,1042.7,4.29,0.0
4472,1,313,0.3119999999999896,0.054313099041533544,1042.9,4.29,0.0
4473,0,193,-0.8079999999999998,0.05699481865284974,1043.0,4.29,0.0
4474,0,179,-0.8219999999999998,0.055865921787709494,1043.0,4.29,0.0
4475,5,851,4.850000000000033,0.0564042303172738,1043.5,4.29,0.0
4476,7,1113,7.112000000000036,0.05480682839173405,1044.1,4.29,0.0
4477,0,188,-0.8129999999999998,0.05851063829787234,1044.1,4.29,0.0
4478,0,190,-0.8109999999999998,0.05789473684210526,1044.2,4.29,0.0
4479,0,179,-0.8219999999999998,0.055865921787709494,1044.3,4.29,0.0
4480,0,183,-0.8179999999999998,0.060109289617486336,1044.4,4.29,0.0
4481,5,862,4.861000000000037,0.05568445475638051,1044.9,4.29,0.0
4482,1,338,0.33699999999998687,0.05621301775147929,1045.1,4.29,0.0
4483,1,313,0.3119999999999896,0.054313099041533544,1045.2,4.29,0.0
4484,5,846,4.845000000000032,0.05555555555555555,1045.7,4.29,0.0
4485,3,582,2.58099999999996,0.05670103092783505,1046.0,4.29,0.0
4486,2,461,1.4599999999999733,0.05639913232104121,1046.2,4.29,0.0
4487,4,715,3.713999999999989,0.055944055944055944,1046.6,4.29,0.0
4488,0,179,-0.8219999999999998,0.055865921787709494,1046.7,4.29,0.0
4489,0,182,-0.8189999999999998,0.06043956043956044,1046.8,4.29,0.0
4490,2,446,1.444999999999975,0.05605381165919283,1047.0,4.29,0.0
4491,0,187,-0.8139999999999998,0.058823529411764705,1047.1,4.29,0.0
4492,0,197,-0.8039999999999998,0.05583756345177665,1047.2,4.29,0.0
4493,0,179,-0.8219999999999998,0.055865921787709494,1047.3,4.29,0.0
4494,2,455,1.453999999999974,0.05714285714285714,1047.5,4.29,0.0
4495,1,313,0.3119999999999896,0.05750798722044728,1047.7,4.29,0.0
4496,2,446,1.444999999999975,0.05605381165919283,1047.9,4.29,0.0
4497,3,579,2.5779999999999603,0.055267702936096716,1048.2,4.29,0.0
4498,2,446,1.444999999999975,0.05605381165919283,1048.5,4.29,0.0
4499,4,734,3.732999999999995,0.055858310626702996,1048.9,4.29,0.0
4500,3,592,2.590999999999959,0.05574324324324324,1049.2,4.29,0.0
4501,1,313,0.3119999999999896,0.054313099041533544,1052.2,4.28,0.0
4502,0,179,-0.8219999999999998,0.055865921787709494,1052.3,4.28,0.0
4503,2,448,1.4469999999999748,0.05580357142857143,1052.6,4.28,0.0
4504,1,313,0.3119999999999896,0.05750798722044728,1052.7,4.28,0.0
4505,3,579,2.5779999999999603,0.055267702936096716,1053.0,4.28,0.0
4506,2,459,1.4579999999999735,0.05664488017429194,1053.3,4.28,0.0
4507,0,179,-0.8219999999999998,0.055865921787709494,1053.4,4.28,0.0
4508,4,729,3.7279999999999935,0.056241426611796985,1053.7,4.28,0.0
4509,0,179,-0.8219999999999998,0.055865921787709494,1053.8,4.28,0.0
4510,1,336,0.3349999999999871,0.05654761904761905,1054.0,4.28,0.0
4511,5,846,4.845000000000032,0.05555555555555555,1054.4,4.28,0.0
4512,1,313,0.3119999999999896,0.05750798722044728,1054.6,4.28,0.0
4513,0,179,-0.8219999999999998,0.055865921787709494,1054.7,4.28,0.0
4514,1,313,0.3119999999999896,0.05750798722044728,1054.8,4.28,0.0
4515,2,461,1.4599999999999733,0.05639913232104121,1055.1,4.28,0.0
4516,3,584,2.5829999999999598,0.05650684931506849,1055.4,4.28,0.0
4517,1,313,0.3119999999999896,0.054313099041533544,1055.6,4.28,0.0
4518,1,313,0.3119999999999896,0.054313099041533544,1055.7,4.28,0.0
4519,5,862,4.861000000000037,0.05568445475638051,1056.2,4.28,0.0
4520,2,446,1.444999999999975,0.05605381165919283,1056.4,4.28,0.0
4521,0,192,-0.8089999999999998,0.057291666666666664,1056.5,4.28,0.0
4522,1,315,0.3139999999999894,0.05714285714285714,1056.7,4.28,0.0
4523,2,446,1.444999999999975,0.05605381165919283,1056.9,4.28,0.0
4524,0,187,-0.8139999999999998,0.058823529411764705,1057.0,4.28,0.0
4525,5,846,4.845000000000032,0.05555555555555555,1057.4,4.28,0.0
4526,2,446,1.444999999999975,0.05605381165919283,1057.7,4.28,0.0
4527,1,313,0.3119999999999896,0.054313099041533544,1057.8,4.28,0.0
4528,5,846,4.845000000000032,0.05555555555555555,1058.3,4.28,0.0
4529,0,192,-0.8089999999999998,0.057291666666666664,1058.4,4.28,0.0
4530,3,580,2.57899999999996,0.056896551724137934,1058.7,4.28,0.0
4531,0,179,-0.8219999999999998,0.055865921787709494,1058.8,4.28,0.0
4532,7,1120,7.119000000000032,0.05625,1059.4,4.28,0.0
4533,1,317,0.3159999999999892,0.056782334384858045,1059.5,4.28,0.0
4534,0,185,-0.8159999999999998,0.05945945945945946,1059.6,4.28,0.0
4535,5,846,4.845000000000032,0.05555555555555555,1060.1,4.28,0.0
4536,2,446,1.444999999999975,0.05605381165919283,1060.3,4.28,0.0
4537,1,313,0.3119999999999896,0.054313099041533544,1060.5,4.28,0.0
4538,1,221,0.21999999999999975,0.058823529411764705,1060.6,4.28,0.0
4539,0,185,-0.8159999999999998,0.05945945945945946,1060.7,4.28,0.0
4540,0,179,-0.8219999999999998,0.055865921787709494,1060.8,4.28,0.0
4541,0,186,-0.8149999999999998,0.05913978494623656,1060.9,4.28,0.0
4542,3,579,2.5779999999999603,0.055267702936096716,1061.2,4.28,0.0
4543,2,446,1.444999999999975,0.05605381165919283,1061.4,4.28,0.0
4544,0,179,-0.8219999999999998,0.055865921787709494,1061.5,4.28,0.0
4545,5,846,4.845000000000032,0.05555555555555555,1061.9,4.28,0.0
4546,3,592,2.590999999999959,0.05574324324324324,1062.2,4.28,0.0
4547,0,189,-0.8119999999999998,0.0582010582010582,1062.3,4.28,0.0
4548,11,1646,11.64499999999974,0.05528554070473876,1063.2,4.28,0.0
4549,2,446,1.444999999999975,0.05605381165919283,1063.4,4.28,0.0
4550,0,179,-0.8219999999999998,0.055865921787709494,1063.5,4.28,0.0
4551,0,193,-0.8079999999999998,0.05699481865284974,1063.6,4.28,0.0
4552,4,713,3.711999999999988,0.056100981767180924,1064.0,4.28,0.0
4553,3,579,2.5779999999999603,0.055267702936096716,1064.3,4.28,0.0
4554,3,609,2.607999999999957,0.05582922824302135,1064.6,4.28,0.0
4555,0,183,-0.8179999999999998,0.060109289617486336,1064.7,4.28,0.0
4556,2,446,1.444999999999975,0.05605381165919283,1065.0,4.28,0.0
4557,8,1246,8.244999999999962,0.05537720706260032,1065.6,4.28,0.0
4558,5,853,4.852000000000034,0.05627198124267292,1066.1,4.28,0.0
4559,2,482,1.480999999999971,0.056016597510373446,1066.3,4.28,0.0
4560,0,179,-0.8219999999999998,0.055865921787709494,1066.4,4.28,0.0
4561,1,339,0.33799999999998676,0.05604719764011799,1066.6,4.28,0.0
4562,3,588,2.5869999999999593,0.05612244897959184,1066.9,4.28,0.0
4563,3,579,2.5779999999999603,0.055267702936096716,1067.2,4.28,0.0
4564,1,313,0.3119999999999896,0.054313099041533544,1067.4,4.28,0.0
4565,1,313,0.3119999999999896,0.054313099041533544,1067.5,4.28,0.0
4566,2,446,1.444999999999975,0.05605381165919283,1067.8,4.28,0.0
4567,4,713,3.711999999999988,0.0546984572230014,1068.2,4.28,0.0
4568,0,182,-0.8189999999999998,0.06043956043956044,1068.2,4.28,0.0
4569,3,588,2.5869999999999593,0.05612244897959184,1068.6,4.28,0.0
4570,0,179,-0.8219999999999998,0.05027932960893855,1068.7,4.28,0.0
4571,2,446,1.444999999999975,0.05605381165919283,1068.9,4.28,0.0
4572,0,189,-0.8119999999999998,0.0582010582010582,1069.0,4.28,0.0
4573,0,179,-0.8219999999999998,0.055865921787709494,1069.1,4.28,0.0
4574,0,192,-0.8089999999999998,0.057291666666666664,1069.2,4.28,0.0
4575,1,313,0.3119999999999896,0.05750798722044728,1069.4,4.28,0.0
4576,0,179,-0.8219999999999998,0.055865921787709494,1069.5,4.28,0.0
4577,0,179,-0.8219999999999998,0.055865921787709494,1069.6,4.28,0.0
4578,4,713,3.711999999999988,0.056100981767180924,1069.9,4.28,0.0
4579,0,184,-0.8169999999999998,0.059782608695652176,1070.0,4.28,0.0
4580,4,730,3.728999999999994,0.056164383561643834,1070.4,4.28,0.0
4581,1,313,0.3119999999999896,0.05750798722044728,1070.6,4.28,0.0
4582,1,313,0.3119999999999896,0.054313099041533544,1070.7,4.28,0.0
4583,1,313,0.3119999999999896,0.054313099041533544,1070.9,4.28,0.0
4584,0,189,-0.8119999999999998,0.0582010582010582,1071.0,4.28,0.0
4585,0,190,-0.8109999999999998,0.05789473684210526,1071.1,4.28,0.0
4586,0,185,-0.8159999999999998,0.05945945945945946,1071.2,4.28,0.0
4587,6,983,5.982000000000077,0.05595116988809766,1071.7,4.28,0.0
4588,2,453,1.4519999999999742,0.05739514348785872,1071.9,4.28,0.0
4589,0,179,-0.8219999999999998,0.055865921787709494,1072.0,4.28,0.0
4590,1,313,0.3119999999999896,0.05750798722044728,1072.2,4.28,0.0
4591,0,179,-0.8219999999999998,0.05027932960893855,1072.3,4.28,0.0
4592,1,335,0.3339999999999872,0.056716417910447764,1072.5,4.28,0.0
4593,5,855,4.854000000000035,0.056140350877192984,1072.9,4.28,0.0
4594,0,179,-0.8219999999999998,0.055865921787709494,1073.0,4.28,0.0
4595,9,1379,9.377999999999888,0.05583756345177665,1073.7,4.28,0.0
4596,7,1113,7.112000000000036,0.055705300988319856,1074.3,4.28,0.0
4597,0,187,-0.8139999999999998,0.058823529411764705,1074.4,4.28,0.0
4598,0,179,-0.8219999999999998,0.055865921787709494,1074.5,4.28,0.0
4599,5,856,4.855000000000035,0.056074766355140186,1074.9,4.28,0.0
4600,3,582,2.58099999999996,0.05670103092783505,1075.2,4.28,0.0
4601,2,462,1.4609999999999732,0.05627705627705628,1075.5,4.28,0.0
4602,0,179,-0.8219999999999998,0.055865921787709494,1075.6,4.28,0.0
4603,1,313,0.3119999999999896,0.054313099041533544,1075.7,4.28,0.0
4604,6,979,5.978000000000075,0.05515832482124617,1076.2,4.28,0.0
4605,0,185,-0.8159999999999998,0.05945945945945946,1076.3,4.28,0.0
4606,5,846,4.845000000000032,0.05555555555555555,1076.8,4.28,0.0
4607,0,179,-0.8219999999999998,0.055865921787709494,1076.9,4.28,0.0
4608,2,448,1.4469999999999748,0.05580357142857143,1077.1,4.28,0.0
4609,5,846,4.845000000000032,0.05555555555555555,1077.6,4.28,0.0
4610,2,446,1.444999999999975,0.05605381165919283,1077.8,4.28,0.0
4611,2,446,1.444999999999975,0.053811659192825115,1078.0,4.28,0.0
4612,5,862,4.861000000000037,0.05568445475638051,1078.5,4.28,0.0
4613,0,187,-0.8139999999999998,0.058823529411764705,1078.6,4.28,0.0
4614,2,446,1.444999999999975,0.05605381165919283,1078.8,4.28,0.0
4615,0,179,-0.8219999999999998,0.055865921787709494,1078.9,4.28,0.0
4616,0,185,-0.8159999999999998,0.05945945945945946,1079.0,4.28,0.0
4617,0,179,-0.8219999999999998,0.055865921787709494,1079.1,4.28,0.0
4618,2,446,1.444999999999975,0.053811659192825115,1079.3,4.28,0.0
4619,2,455,1.453999999999974,0.05714285714285714,1079.5,4.28,0.0
4620,0,179,-0.8219999999999998,0.055865921787709494,1079.6,4.28,0.0
4621,6,987,5.986000000000078,0.05572441742654509,1080.1,4.28,0.0
4622,0,179,-0.8219999999999998,0.055865921787709494,1080.2,4.28,0.0
4623,0,191,-0.8099999999999998,0.05759162303664921,1080.3,4.28,0.0
4624,5,851,4.850000000000033,0.0564042303172738,1080.8,4.28,0.0
4625,1,313,0.3119999999999896,0.05750798722044728,1080.9,4.28,0.0
4626,5,874,4.873000000000041,0.05606407322654462,1081.4,4.28,0.0
4627,1,339,0.33799999999998676,0.05604719764011799,1081.6,4.28,0.0
4628,2,446,1.444999999999975,0.05605381165919283,1081.8,4.28,0.0
4629,1,318,0.31699999999998907,0.05660377358490566,1082.0,4.28,0.0
4630,7,1113,7.112000000000036,0.055705300988319856,1082.6,4.28,0.0
4631,1,314,0.3129999999999895,0.05732484076433121,1082.7,4.28,0.0
4632,0,179,-0.8219999999999998,0.055865921787709494,1082.8,4.28,0.0
4633,2,461,1.4599999999999733,0.05639913232104121,1083.1,4.28,0.0
4634,3,579,2.5779999999999603,0.055267702936096716,1083.4,4.28,0.0
4635,0,179,-0.8219999999999998,0.055865921787709494,1083.5,4.28,0.0
4636,4,713,3.711999999999988,0.056100981767180924,1083.8,4.28,0.0
4637,2,446,1.444999999999975,0.05605381165919283,1084.1,4.28,0.0
4638,1,313,0.3119999999999896,0.054313099041533544,1084.2,4.28,0.0
4639,2,446,1.444999999999975,0.053811659192825115,1084.4,4.28,0.0
4640,6,983,5.982000000000077,0.05595116988809766,1084.9,4.28,0.0
4641,0,211,-0.7899999999999998,0.05687203791469194,1085.1,4.28,0.0
4642,0,186,-0.8149999999999998,0.05913978494623656,1085.2,4.28,0.0
4643,1,316,0.3149999999999893,0.056962025316455694,1085.3,4.28,0.0
4644,0,179,-0.8219999999999998,0.05027932960893855,1085.4,4.28,0.0
4645,4,727,3.725999999999993,0.05639614855570839,1085.8,4.28,0.0
4646,1,313,0.3119999999999896,0.054313099041533544,1086.0,4.28,0.0
4647,0,189,-0.8119999999999998,0.0582010582010582,1086.1,4.28,0.0
4648,3,579,2.5779999999999603,0.055267702936096716,1086.4,4.28,0.0
4649,1,316,0.3149999999999893,0.056962025316455694,1086.5,4.28,0.0
4650,6,979,5.978000000000075,0.056179775280898875,1087.0,4.28,0.0
4651,2,446,1.444999999999975,0.05605381165919283,1087.3,4.28,0.0
4652,4,713,3.711999999999988,0.056100981767180924,1087.6,4.28,0.0
4653,0,191,-0.8099999999999998,0.05759162303664921,1087.7,4.28,0.0
4654,1,313,0.3119999999999896,0.05750798722044728,1087.9,4.28,0.0
4655,3,579,2.5779999999999603,0.055267702936096716,1088.2,4.28,0.0
4656,4,713,3.711999999999988,0.0546984572230014,1088.6,4.28,0.0
4657,2,456,1.4549999999999739,0.05701754385964912,1088.8,4.28,0.0
4658,3,587,2.5859999999999594,0.056218057921635436,1089.1,4.28,0.0
4659,1,338,0.33699999999998687,0.05621301775147929,1089.3,4.28,0.0
4660,1,313,0.3119999999999896,0.054313099041533544,1089.4,4.28,0.0
4661,0,179,-0.8219999999999998,0.055865921787709494,1089.5,4.28,0.0
4662,0,182,-0.8189999999999998,0.06043956043956044,1089.6,4.28,0.0
4663,2,446,1.444999999999975,0.053811659192825115,1089.9,4.28,0.0
4664,0,179,-0.8219999999999998,0.055865921787709494,1090.0,4.28,0.0
4665,0,179,-0.8219999999999998,0.055865921787709494,1090.1,4.28,0.0
4666,0,179,-0.8219999999999998,0.055865921787709494,1090.1,4.28,0.0
4667,3,580,2.57899999999996,0.056896551724137934,1090.4,4.28,0.0
4668,0,179,-0.8219999999999998,0.055865921787709494,1090.5,4.28,0.0
4669,3,583,2.58199999999996,0.05660377358490566,1090.8,4.28,0.0
4670,3,579,2.5779999999999603,0.055267702936096716,1091.1,4.28,0.0
4671,3,590,2.588999999999959,0.05593220338983051,1091.4,4.28,0.0
4672,6,979,5.978000000000075,0.05515832482124617,1091.9,4.28,0.0
4673,2,446,1.444999999999975,0.05605381165919283,1092.2,4.28,0.0
4674,1,313,0.3119999999999896,0.054313099041533544,1092.3,4.28,0.0
4675,0,179,-0.8219999999999998,0.055865921787709494,1092.4,4.28,0.0
4676,0,179,-0.8219999999999998,0.055865921787709494,1092.5,4.28,0.0
4677,0,179,-0.8219999999999998,0.061452513966480445,1092.6,4.28,0.0
4678,0,179,-0.8219999999999998,0.055865921787709494,1092.7,4.28,0.0
4679,3,579,2.5779999999999603,0.055267702936096716,1093.0,4.28,0.0
4680,0,179,-0.8219999999999998,0.055865921787709494,1093.1,4.28,0.0
4681,3,579,2.5779999999999603,0.055267702936096716,1093.4,4.28,0.0
4682,1,314,0.3129999999999895,0.05732484076433121,1093.6,4.28,0.0
4683,1,337,0.335999999999987,0.05637982195845697,1093.8,4.28,0.0
4684,4,713,3.711999999999988,0.056100981767180924,1094.1,4.28,0.0
4685,0,179,-0.8219999999999998,0.055865921787709494,1094.2,4.28,0.0
4686,0,179,-0.8219999999999998,0.055865921787709494,1094.3,4.28,0.0
4687,0,179,-0.8219999999999998,0.055865921787709494,1094.4,4.28,0.0
4688,5,854,4.853000000000034,0.05620608899297424,1094.9,4.28,0.0
4689,0,179,-0.8219999999999998,0.055865921787709494,1095.0,4.28,0.0
4690,1,313,0.3119999999999896,0.05750798722044728,1095.1,4.28,0.0
4691,1,313,0.3119999999999896,0.05750798722044728,1095.3,4.28,0.0
4692,1,317,0.3159999999999892,0.056782334384858045,1095.5,4.28,0.0
4693,0,179,-0.8219999999999998,0.055865921787709494,1095.6,4.28,0.0
4694,3,584,2.5829999999999598,0.05650684931506849,1095.9,4.28,0.0
4695,3,588,2.5869999999999593,0.05612244897959184,1096.2,4.28,0.0
4696,2,473,1.471999999999972,0.05708245243128964,1096.4,4.28,0.0
4697,5,846,4.845000000000032,0.05555555555555555,1096.9,4.28,0.0
4698,1,313,0.3119999999999896,0.05750798722044728,1097.0,4.28,0.0
4699,0,179,-0.8219999999999998,0.055865921787709494,1097.1,4.28,0.0
4700,0,179,-0.8219999999999998,0.055865921787709494,1097.2,4.28,0.0
4701,2,446,1.444999999999975,0.05605381165919283,1097.4,4.28,0.0
4702,2,354,1.352999999999985,0.05649717514124294,1097.6,4.28,0.0
4703,0,179,-0.8219999999999998,0.055865921787709494,1097.7,4.29,0.0
4704,2,461,1.4599999999999733,0.05639913232104121,1098.0,4.29,0.0
4705,0,179,-0.8219999999999998,0.055865921787709494,1098.0,4.29,0.0
4706,2,446,1.444999999999975,0.05605381165919283,1098.3,4.29,0.0
4707,0,191,-0.8099999999999998,0.05759162303664921,1098.4,4.29,0.0
4708,4,735,3.7339999999999955,0.055782312925170066,1098.8,4.29,0.0
4709,0,179,-0.8219999999999998,0.055865921787709494,1098.8,4.29,0.0
4710,1,313,0.3119999999999896,0.054313099041533544,1099.0,4.29,0.0
4711,0,184,-0.8169999999999998,0.059782608695652176,1099.1,4.29,0.0
4712,0,179,-0.8219999999999998,0.05027932960893855,1099.2,4.29,0.0
4713,5,846,4.845000000000032,0.05555555555555555,1099.6,4.29,0.0
4714,5,857,4.856000000000035,0.056009334889148193,1100.1,4.29,0.0
4715,1,313,0.3119999999999896,0.054313099041533544,1100.2,4.29,0.0
4716,2,446,1.444999999999975,0.05605381165919283,1100.5,4.29,0.0
4717,4,713,3.711999999999988,0.056100981767180924,1100.8,4.29,0.0
4718,0,179,-0.8219999999999998,0.055865921787709494,1100.9,4.29,0.0
4719,2,446,1.444999999999975,0.05605381165919283,1101.2,4.29,0.0
4720,3,579,2.5779999999999603,0.055267702936096716,1101.5,4.29,0.0
4721,3,579,2.5779999999999603,0.055267702936096716,1101.8,4.29,0.0
4722,1,340,0.33899999999998665,0.05588235294117647,1101.9,4.29,0.0
4723,6,979,5.978000000000075,0.056179775280898875,1102.4,4.29,0.0
4724,1,313,0.3119999999999896,0.054313099041533544,1102.6,4.29,0.0
4725,1,317,0.3159999999999892,0.056782334384858045,1102.8,4.29,0.0
4726,2,446,1.444999999999975,0.053811659192825115,1103.0,4.29,0.0
4727,3,581,2.57999999999996,0.05679862306368331,1103.3,4.29,0.0
4728,1,313,0.3119999999999896,0.054313099041533544,1103.5,4.29,0.0
4729,9,1380,9.378999999999888,0.05579710144927536,1104.2,4.28,0.0
4730,3,609,2.607999999999957,0.05582922824302135,1104.5,4.28,0.0
4731,2,453,1.4519999999999742,0.05739514348785872,1104.7,4.28,0.0
4732,3,593,2.591999999999959,0.05564924114671164,1105.0,4.28,0.0
4733,2,447,1.4459999999999749,0.05592841163310962,1105.3,4.28,0.0
4734,2,464,1.462999999999973,0.05603448275862069,1105.5,4.28,0.0
4735,1,313,0.3119999999999896,0.05750798722044728,1105.7,4.28,0.0
4736,1,313,0.3119999999999896,0.054313099041533544,1105.8,4.28,0.0
4737,1,339,0.33799999999998676,0.05604719764011799,1106.0,4.28,0.0
4738,4,713,3.711999999999988,0.056100981767180924,1106.4,4.28,0.0
4739,6,979,5.978000000000075,0.05515832482124617,1106.9,4.28,0.0
4740,7,1113,7.112000000000036,0.055705300988319856,1107.5,4.28,0.0
4741,0,187,-0.8139999999999998,0.058823529411764705,1107.6,4.28,0.0
4742,8,1246,8.244999999999962,0.05537720706260032,1108.2,4.28,0.0
4743,2,455,1.453999999999974,0.05714285714285714,1108.4,4.28,0.0
4744,3,579,2.5779999999999603,0.055267702936096716,1108.7,4.28,0.0
4745,2,446,1.444999999999975,0.05605381165919283,1109.0,4.28,0.0
4746,4,748,3.747,0.05614973262032086,1109.4,4.28,0.0
4747,1,313,0.3119999999999896,0.054313099041533544,1109.5,4.28,0.0
4748,0,179,-0.8219999999999998,0.05027932960893855,1109.6,4.28,0.0
4749,5,861,4.860000000000037,0.05574912891986063,1110.1,4.28,0.0
4750,0,179,-0.8219999999999998,0.055865921787709494,1110.2,4.28,0.0
4751,3,591,2.589999999999959,0.05583756345177665,1110.5,4.28,0.0
4752,0,179,-0.8219999999999998,0.055865921787709494,1110.6,4.28,0.0
4753,0,179,-0.8219999999999998,0.055865921787709494,1110.7,4.28,0.0
4754,0,179,-0.8219999999999998,0.055865921787709494,1110.8,4.28,0.0
4755,2,446,1.444999999999975,0.05605381165919283,1111.0,4.28,0.0
4756,2,457,1.4559999999999738,0.05689277899343545,1111.2,4.28,0.0
4757,3,579,2.5779999999999603,0.055267702936096716,1111.5,4.28,0.0
4758,1,331,0.32999999999998764,0.05740181268882175,1111.7,4.28,0.0
4759,6,979,5.978000000000075,0.056179775280898875,1112.2,4.28,0.0
4760,2,446,1.444999999999975,0.053811659192825115,1112.4,4.28,0.0
4761,3,583,2.58199999999996,0.05660377358490566,1112.7,4.28,0.0
4762,5,846,4.845000000000032,0.05555555555555555,1113.2,4.28,0.0
4763,9,1400,9.398999999999877,0.055714285714285716,1113.9,4.28,0.0
4764,1,318,0.31699999999998907,0.05660377358490566,1114.1,4.28,0.0
4765,1,313,0.3119999999999896,0.054313099041533544,1114.2,4.28,0.0
4766,1,313,0.3119999999999896,0.054313099041533544,1114.4,4.28,0.0
4767,4,748,3.747,0.05614973262032086,1114.8,4.28,0.0
4768,2,462,1.4609999999999732,0.05627705627705628,1115.0,4.28,0.0
4769,0,179,-0.8219999999999998,0.055865921787709494,1115.1,4.28,0.0
4770,2,446,1.444999999999975,0.05605381165919283,1115.4,4.28,0.0
4771,0,179,-0.8219999999999998,0.055865921787709494,1115.4,4.28,0.0
4772,0,179,-0.8219999999999998,0.055865921787709494,1115.5,4.28,0.0
4773,0,179,-0.8219999999999998,0.055865921787709494,1115.6,4.28,0.0
4774,1,313,0.3119999999999896,0.054313099041533544,1115.8,4.28,0.0
4775,0,192,-0.8089999999999998,0.057291666666666664,1115.9,4.28,0.0
4776,2,446,1.444999999999975,0.05605381165919283,1116.1,4.28,0.0
4777,2,446,1.444999999999975,0.05605381165919283,1116.4,4.28,0.0
4778,1,335,0.3339999999999872,0.056716417910447764,1116.5,4.28,0.0
4779,5,846,4.845000000000032,0.05673758865248227,1117.0,4.28,0.0
4780,1,313,0.3119999999999896,0.05750798722044728,1117.1,4.28,0.0
4781,0,179,-0.8219999999999998,0.05027932960893855,1117.2,4.28,0.0
4782,1,337,0.335999999999987,0.05637982195845697,1117.4,4.28,0.0
4783,0,192,-0.8089999999999998,0.057291666666666664,1117.5,4.28,0.0
4784,0,179,-0.8219999999999998,0.055865921787709494,1117.6,4.28,0.0
4785,2,461,1.4599999999999733,0.05639913232104121,1117.8,4.28,0.0
4786,0,191,-0.8099999999999998,0.05759162303664921,1117.9,4.28,0.0
4787,1,338,0.33699999999998687,0.05621301775147929,1118.1,4.28,0.0
4788,0,188,-0.8129999999999998,0.05851063829787234,1118.2,4.28,0.0
4789,2,463,1.461999999999973,0.056155507559395246,1118.4,4.28,0.0
4790,2,478,1.4769999999999714,0.056485355648535567,1118.7,4.28,0.0
4791,0,179,-0.8219999999999998,0.055865921787709494,1118.8,4.28,0.0
4792,9,1393,9.39199999999988,0.05599425699928212,1119.5,4.28,0.0
4793,0,179,-0.8219999999999998,0.055865921787709494,1119.6,4.28,0.0
4794,2,447,1.4459999999999749,0.05592841163310962,1119.8,4.28,0.0
4795,0,179,-0.8219999999999998,0.055865921787709494,1119.9,4.28,0.0
4796,1,313,0.3119999999999896,0.054313099041533544,1120.1,4.28,0.0
4797,2,446,1.444999999999975,0.05605381165919283,1120.3,4.28,0.0
4798,0,193,-0.8079999999999998,0.05699481865284974,1120.4,4.28,0.0
4799,0,186,-0.8149999999999998,0.05913978494623656,1120.5,4.28,0.0
4800,2,454,1.452999999999974,0.05726872246696035,1120.7,4.28,0.0
4801,0,179,-0.8219999999999998,0.055865921787709494,1120.8,4.28,0.0
4802,7,1124,7.1230000000000295,0.05604982206405694,1121.4,4.28,0.0
4803,4,713,3.711999999999988,0.0546984572230014,1121.8,4.28,0.0
4804,5,846,4.845000000000032,0.05555555555555555,1122.2,4.28,0.0
4805,1,313,0.3119999999999896,0.05750798722044728,1122.4,4.28,0.0
4806,3,579,2.5779999999999603,0.055267702936096716,1122.7,4.28,0.0
4807,0,179,-0.8219999999999998,0.055865921787709494,1122.8,4.28,0.0
4808,1,313,0.3119999999999896,0.054313099041533544,1122.9,4.28,0.0
4809,0,179,-0.8219999999999998,0.055865921787709494,1123.0,4.28,0.0
4810,1,313,0.3119999999999896,0.05750798722044728,1123.2,4.28,0.0
4811,0,182,-0.8189999999999998,0.06043956043956044,1123.3,4.28,0.0
4812,1,313,0.3119999999999896,0.05750798722044728,1123.4,4.28,0.0
4813,3,609,2.607999999999957,0.05582922824302135,1123.8,4.28,0.0
4814,2,446,1.444999999999975,0.05605381165919283,1124.0,4.28,0.0
4815,0,179,-0.8219999999999998,0.055865921787709494,1124.1,4.28,0.0
4816,1,340,0.33899999999998665,0.05588235294117647,1124.3,4.28,0.0
4817,0,188,-0.8129999999999998,0.05851063829787234,1124.4,4.29,0.0
4818,1,313,0.3119999999999896,0.054313099041533544,1124.5,4.29,0.0
4819,4,713,3.711999999999988,0.056100981767180924,1124.9,4.28,0.0
4820,0,179,-0.8219999999999998,0.05027932960893855,1125.0,4.29,0.0
4821,0,187,-0.8139999999999998,0.058823529411764705,1125.1,4.29,0.0
4822,1,313,0.3119999999999896,0.054313099041533544,1125.2,4.29,0.0
4823,0,213,-0.7879999999999998,0.056338028169014086,1125.4,4.29,0.0
4824,5,858,4.857000000000036,0.055944055944055944,1125.8,4.29,0.0
4825,1,335,0.3339999999999872,0.056716417910447764,1126.0,4.29,0.0
4826,2,446,1.444999999999975,0.05605381165919283,1126.2,4.29,0.0
4827,0,179,-0.8219999999999998,0.055865921787709494,1126.3,4.29,0.0
4828,2,446,1.444999999999975,0.05605381165919283,1126.5,4.29,0.0
4829,1,313,0.3119999999999896,0.05750798722044728,1126.7,4.29,0.0
4830,1,336,0.3349999999999871,0.05654761904761905,1126.9,4.29,0.0
4831,3,610,2.608999999999957,0.05573770491803279,1127.2,4.29,0.0
4832,2,446,1.444999999999975,0.05605381165919283,1127.4,4.29,0.0
4833,2,458,1.4569999999999736,0.056768558951965066,1127.6,4.29,0.0
4834,0,189,-0.8119999999999998,0.0582010582010582,1127.7,4.29,0.0
4835,1,313,0.3119999999999896,0.054313099041533544,1127.9,4.29,0.0
4836,0,179,-0.8219999999999998,0.055865921787709494,1128.0,4.29,0.0
4837,2,446,1.444999999999975,0.05605381165919283,1128.2,4.29,0.0
4838,4,713,3.711999999999988,0.056100981767180924,1128.6,4.29,0.0
4839,0,179,-0.8219999999999998,0.055865921787709494,1128.7,4.29,0.0
4840,3,589,2.587999999999959,0.05602716468590832,1129.0,4.29,0.0
4841,0,179,-0.8219999999999998,0.055865921787709494,1129.1,4.29,0.0
4842,0,190,-0.8109999999999998,0.05789473684210526,1129.2,4.29,0.0
4843,2,446,1.444999999999975,0.053811659192825115,1129.4,4.29,0.0
4844,10,1513,10.511999999999814,0.05551883674818242,1130.2,4.29,0.0
4845,3,579,2.5779999999999603,0.05699481865284974,1130.5,4.29,0.0
4846,1,314,0.3129999999999895,0.05732484076433121,1130.7,4.29,0.0
4847,1,313,0.3119999999999896,0.05750798722044728,1130.9,4.29,0.0
4848,0,186,-0.8149999999999998,0.05913978494623656,1131.0,4.29,0.0
4849,3,588,2.5869999999999593,0.05612244897959184,1131.3,4.29,0.0
4850,2,446,1.444999999999975,0.05605381165919283,1131.5,4.29,0.0
4851,1,313,0.3119999999999896,0.05750798722044728,1131.7,4.29,0.0
4852,4,713,3.711999999999988,0.0546984572230014,1132.0,4.29,0.0
4853,0,190,-0.8109999999999998,0.05789473684210526,1132.1,4.29,0.0
4854,3,579,2.5779999999999603,0.055267702936096716,1132.4,4.29,0.0
4855,4,713,3.711999999999988,0.056100981767180924,1132.8,4.29,0.0
4856,4,713,3.711999999999988,0.056100981767180924,1133.2,4.29,0.0
4857,5,846,4.845000000000032,0.05555555555555555,1133.6,4.29,0.0
4858,4,713,3.711999999999988,0.056100981767180924,1134.0,4.28,0.0
4859,0,189,-0.8119999999999998,0.0582010582010582,1134.1,4.29,0.0
4860,0,179,-0.8219999999999998,0.055865921787709494,1134.2,4.29,0.0
4861,2,446,1.444999999999975,0.05605381165919283,1134.4,4.29,0.0
4862,1,313,0.3119999999999896,0.05750798722044728,1134.6,4.29,0.0
4863,2,446,1.444999999999975,0.053811659192825115,1134.8,4.29,0.0
4864,0,179,-0.8219999999999998,0.055865921787709494,1134.9,4.29,0.0
4865,1,313,0.3119999999999896,0.054313099041533544,1135.0,4.29,0.0
4866,0,179,-0.8219999999999998,0.055865921787709494,1135.1,4.29,0.0
4867,0,179,-0.8219999999999998,0.055865921787709494,1135.2,4.29,0.0
4868,5,846,4.845000000000032,0.05555555555555555,1135.7,4.29,0.0
4869,1,313,0.3119999999999896,0.05750798722044728,1135.8,4.29,0.0
4870,2,462,1.4609999999999732,0.05627705627705628,1136.1,4.29,0.0
4871,0,179,-0.8219999999999998,0.055865921787709494,1136.2,4.29,0.0
4872,1,313,0.3119999999999896,0.05750798722044728,1136.3,4.29,0.0
4873,3,579,2.5779999999999603,0.055267702936096716,1136.6,4.29,0.0
4874,0,184,-0.8169999999999998,0.059782608695652176,1136.7,4.29,0.0
4875,5,846,4.845000000000032,0.05555555555555555,1137.2,4.29,0.0
4876,2,446,1.444999999999975,0.053811659192825115,1137.4,4.29,0.0
4877,3,579,2.5779999999999603,0.055267702936096716,1137.7,4.29,0.0
4878,1,321,0.31999999999998874,0.056074766355140186,1137.9,4.29,0.0
4879,1,313,0.3119999999999896,0.054313099041533544,1138.0,4.29,0.0
4880,1,313,0.3119999999999896,0.05750798722044728,1138.2,4.29,0.0
4881,9,1379,9.377999999999888,0.05511240029006526,1138.9,4.29,0.0
4882,1,313,0.3119999999999896,0.054313099041533544,1139.1,4.29,0.0
4883,5,846,4.845000000000032,0.05555555555555555,1139.5,4.29,0.0
4884,3,579,2.5779999999999603,0.055267702936096716,1139.8,4.29,0.0
4885,3,590,2.588999999999959,0.05593220338983051,1140.1,4.29,0.0
4886,0,179,-0.8219999999999998,0.055865921787709494,1140.2,4.29,0.0
4887,2,461,1.4599999999999733,0.05639913232104121,1140.4,4.29,0.0
4888,3,579,2.5779999999999603,0.055267702936096716,1140.7,4.29,0.0
4889,1,340,0.33899999999998665,0.05588235294117647,1140.9,4.29,0.0
4890,0,179,-0.8219999999999998,0.055865921787709494,1141.0,4.29,0.0
4891,4,729,3.7279999999999935,0.056241426611796985,1141.4,4.29,0.0
4892,3,609,2.607999999999957,0.05582922824302135,1141.7,4.29,0.0
4893,2,446,1.444999999999975,0.05605381165919283,1141.9,4.29,0.0
4894,7,1113,7.112000000000036,0.055705300988319856,1142.5,4.28,0.0
4895,6,979,5.978000000000075,0.05515832482124617,1143.0,4.28,0.0
4896,5,852,4.851000000000034,0.056338028169014086,1143.5,4.28,0.0
4897,0,195,-0.8059999999999998,0.05641025641025641,1143.6,4.28,0.0
4898,4,724,3.722999999999992,0.05662983425414365,1144.0,4.28,0.0
4899,4,713,3.711999999999988,0.056100981767180924,1144.3,4.28,0.0
4900,2,455,1.453999999999974,0.05714285714285714,1144.6,4.28,0.0
4901,4,713,3.711999999999988,0.056100981767180924,1144.9,4.28,0.0
4902,0,179,-0.8219999999999998,0.055865921787709494,1145.0,4.28,0.0
4903,4,735,3.7339999999999955,0.055782312925170066,1145.4,4.28,0.0
4904,2,446,1.444999999999975,0.053811659192825115,1145.6,4.28,0.0
4905,1,313,0.3119999999999896,0.054313099041533544,1145.8,4.28,0.0
4906,1,313,0.3119999999999896,0.054313099041533544,1146.0,4.28,0.0
4907,0,189,-0.8119999999999998,0.0582010582010582,1146.1,4.28,0.0
4908,3,587,2.5859999999999594,0.056218057921635436,1146.4,4.28,0.0
4909,2,446,1.444999999999975,0.05605381165919283,1146.6,4.28,0.0
4910,1,313,0.3119999999999896,0.05750798722044728,1146.8,4.28,0.0
4911,0,185,-0.8159999999999998,0.05945945945945946,1146.9,4.28,0.0
4912,8,1254,8.252999999999957,0.05582137161084529,1147.5,4.28,0.0
4913,1,336,0.3349999999999871,0.05654761904761905,1147.7,4.28,0.0
4914,0,183,-0.8179999999999998,0.060109289617486336,1147.8,4.28,0.0
4915,7,1113,7.112000000000036,0.055705300988319856,1148.4,4.28,0.0
4916,0,189,-0.8119999999999998,0.0582010582010582,1148.5,4.28,0.0
4917,6,979,5.978000000000075,0.05515832482124617,1149.0,4.28,0.0
4918,0,179,-0.8219999999999998,0.055865921787709494,1149.0,4.28,0.0
4919,3,592,2.590999999999959,0.05574324324324324,1149.4,4.28,0.0
4920,3,589,2.587999999999959,0.05602716468590832,1149.7,4.28,0.0
4921,1,313,0.3119999999999896,0.054313099041533544,1149.8,4.28,0.0
4922,2,467,1.4659999999999727,0.055674518201284794,1150.1,4.28,0.0
4923,1,313,0.3119999999999896,0.05750798722044728,1150.2,4.28,0.0
4924,3,590,2.588999999999959,0.05593220338983051,1150.5,4.28,0.0
4925,1,313,0.3119999999999896,0.05750798722044728,1150.7,4.28,0.0
4926,1,313,0.3119999999999896,0.054313099041533544,1150.9,4.28,0.0
4927,1,313,0.3119999999999896,0.054313099041533544,1151.0,4.28,0.0
4928,1,313,0.3119999999999896,0.054313099041533544,1151.2,4.28,0.0
4929,1,315,0.3139999999999894,0.05714285714285714,1151.3,4.28,0.0
4930,8,1246,8.244999999999962,0.05537720706260032,1152.0,4.28,0.0
4931,7,1113,7.112000000000036,0.055705300988319856,1152.6,4.28,0.0
4932,0,179,-0.8219999999999998,0.055865921787709494,1152.7,4.28,0.0
4933,3,579,2.5779999999999603,0.055267702936096716,1152.9,4.28,0.0
4934,0,179,-0.8219999999999998,0.055865921787709494,1153.0,4.28,0.0
4935,1,313,0.3119999999999896,0.054313099041533544,1153.2,4.28,0.0
4936,5,851,4.850000000000033,0.0564042303172738,1153.7,4.28,0.0
4937,0,179,-0.8219999999999998,0.055865921787709494,1153.7,4.28,0.0
4938,4,713,3.711999999999988,0.056100981767180924,1154.1,4.28,0.0
4939,3,580,2.57899999999996,0.056896551724137934,1154.4,4.28,0.0
4940,1,315,0.3139999999999894,0.05714285714285714,1154.6,4.28,0.0
4941,0,179,-0.8219999999999998,0.05027932960893855,1154.7,4.28,0.0
4942,1,336,0.3349999999999871,0.05654761904761905,1154.8,4.28,0.0
4943,2,446,1.444999999999975,0.05605381165919283,1155.1,4.28,0.0
4944,0,179,-0.8219999999999998,0.055865921787709494,1155.2,4.28,0.0
4945,1,313,0.3119999999999896,0.054313099041533544,1155.3,4.28,0.0
4946,4,713,3.711999999999988,0.0546984572230014,1155.7,4.28,0.0
4947,4,737,3.735999999999996,0.05563093622795115,1156.1,4.28,0.0
4948,3,579,2.5779999999999603,0.055267702936096716,1156.4,4.28,0.0
4949,2,446,1.444999999999975,0.05605381165919283,1156.6,4.28,0.0
4950,2,477,1.4759999999999716,0.05660377358490566,1156.9,4.28,0.0
4951,1,319,0.31799999999998896,0.05642633228840126,1157.0,4.28,0.0
4952,0,179,-0.8219999999999998,0.055865921787709494,1157.1,4.28,0.0
4953,0,185,-0.8159999999999998,0.05945945945945946,1157.2,4.28,0.0
4954,1,313,0.3119999999999896,0.05750798722044728,1157.4,4.28,0.0
4955,4,730,3.728999999999994,0.056164383561643834,1157.8,4.28,0.0
4956,4,736,3.734999999999996,0.05570652173913043,1158.1,4.28,0.0
4957,0,183,-0.8179999999999998,0.060109289617486336,1158.2,4.28,0.0
4958,1,313,0.3119999999999896,0.054313099041533544,1158.4,4.28,0.0
4959,1,316,0.3149999999999893,0.056962025316455694,1158.6,4.28,0.0
4960,2,457,1.4559999999999738,0.05689277899343545,1158.8,4.28,0.0
4961,2,483,2.481999999999971,0.055900621118012424,1159.1,4.28,0.0
4962,3,586,2.5849999999999596,0.05631399317406143,1159.4,4.28,0.0
4963,1,313,0.3119999999999896,0.05750798722044728,1159.5,4.28,0.0
4964,2,454,1.452999999999974,0.05726872246696035,1159.8,4.28,0.0
4965,0,179,-0.8219999999999998,0.05027932960893855,1159.9,4.28,0.0
4966,0,179,-0.8219999999999998,0.055865921787709494,1159.9,4.28,0.0
4967,4,732,3.7309999999999945,0.056010928961748634,1160.3,4.28,0.0
4968,1,338,0.33699999999998687,0.05621301775147929,1160.5,4.28,0.0
4969,5,846,4.845000000000032,0.05555555555555555,1160.9,4.28,0.0
4970,2,448,1.4469999999999748,0.05580357142857143,1161.2,4.28,0.0
4971,2,463,1.461999999999973,0.056155507559395246,1161.4,4.28,0.0
4972,1,313,0.3119999999999896,0.054313099041533544,1161.6,4.28,0.0
4973,4,735,3.7339999999999955,0.055782312925170066,1161.9,4.28,0.0
4974,1,339,0.33799999999998676,0.05604719764011799,1162.1,4.28,0.0
4975,2,446,1.444999999999975,0.05605381165919283,1162.3,4.28,0.0
4976,4,713,3.711999999999988,0.056100981767180924,1162.7,4.28,0.0
4977,0,189,-0.8119999999999998,0.0582010582010582,1162.8,4.28,0.0
4978,1,313,0.3119999999999896,0.054313099041533544,1163.0,4.28,0.0
4979,3,579,2.5779999999999603,0.055267702936096716,1163.3,4.28,0.0
4980,1,317,0.3159999999999892,0.056782334384858045,1163.4,4.28,0.0
4981,2,467,1.4659999999999727,0.055674518201284794,1163.7,4.28,0.0
4982,1,313,0.3119999999999896,0.05750798722044728,1163.8,4.28,0.0
4983,2,454,1.452999999999974,0.05726872246696035,1164.1,4.28,0.0
4984,2,446,1.444999999999975,0.05605381165919283,1164.3,4.28,0.0
4985,1,316,0.3149999999999893,0.056962025316455694,1164.5,4.28,0.0
4986,4,713,3.711999999999988,0.056100981767180924,1164.9,4.28,0.0
4987,2,449,1.4479999999999746,0.0556792873051225,1165.1,4.28,0.0
4988,0,179,-0.8219999999999998,0.055865921787709494,1165.2,4.28,0.0
4989,0,179,-0.8219999999999998,0.055865921787709494,1165.3,4.28,0.0
4990,0,183,-0.8179999999999998,0.060109289617486336,1165.4,4.28,0.0
4991,0,179,-0.8219999999999998,0.055865921787709494,1165.5,4.28,0.0
4992,0,191,-0.8099999999999998,0.05759162303664921,1165.6,4.28,0.0
4993,1,317,0.3159999999999892,0.056782334384858045,1165.7,4.28,0.0
4994,5,846,4.845000000000032,0.05555555555555555,1166.2,4.28,0.0
4995,0,179,-0.8219999999999998,0.055865921787709494,1166.3,4.28,0.0
4996,0,183,-0.8179999999999998,0.060109289617486336,1166.4,4.28,0.0
4997,0,179,-0.8219999999999998,0.055865921787709494,1166.5,4.28,0.0
4998,4,730,3.728999999999994,0.056164383561643834,1166.9,4.28,0.0
4999,2,464,1.462999999999973,0.05603448275862069,1167.1,4.28,0.0
5000,1,339,0.33799999999998676,0.05604719764011799,1167.3,4.28,0.0
5001,1,313,0.3119999999999896,0.05750798722044728,1170.1,4.27,0.0
5002,1,313,0.3119999999999896,0.054313099041533544,1170.3,4.27,0.0
5003,0,185,-0.8159999999999998,0.05945945945945946,1170.4,4.28,0.0
5004,3,579,2.5779999999999603,0.055267702936096716,1170.7,4.28,0.0
5005,1,340,0.33899999999998665,0.05588235294117647,1170.9,4.28,0.0
5006,3,592,2.590999999999959,0.05574324324324324,1171.2,4.28,0.0
5007,1,313,0.3119999999999896,0.05750798722044728,1171.3,4.28,0.0
5008,6,979,5.978000000000075,0.05515832482124617,1171.9,4.27,0.0
5009,0,179,-0.8219999999999998,0.055865921787709494,1171.9,4.27,0.0
5010,4,718,3.71699999999999,0.055710306406685235,1172.3,4.27,0.0
5011,1,313,0.3119999999999896,0.054313099041533544,1172.5,4.27,0.0
5012,2,446,1.444999999999975,0.053811659192825115,1172.7,4.27,0.0
5013,6,979,5.978000000000075,0.05515832482124617,1173.2,4.27,0.0
5014,3,579,2.5779999999999603,0.055267702936096716,1173.5,4.27,0.0
5015,2,446,1.444999999999975,0.05605381165919283,1173.8,4.27,0.0
5016,4,735,3.7339999999999955,0.055782312925170066,1174.1,4.27,0.0
5017,1,313,0.3119999999999896,0.05750798722044728,1174.3,4.27,0.0
5018,0,179,-0.8219999999999998,0.055865921787709494,1174.4,4.27,0.0
5019,1,318,0.31699999999998907,0.05660377358490566,1174.6,4.27,0.0
5020,5,853,4.852000000000034,0.05627198124267292,1175.0,4.27,0.0
5021,1,316,0.3149999999999893,0.056962025316455694,1175.2,4.27,0.0
5022,3,579,2.5779999999999603,0.055267702936096716,1175.5,4.27,0.0
5023,2,446,1.444999999999975,0.05605381165919283,1175.7,4.27,0.0
5024,4,727,3.725999999999993,0.05639614855570839,1176.1,4.27,0.0
5025,2,446,1.444999999999975,0.05605381165919283,1176.3,4.27,0.0
5026,0,179,-0.8219999999999998,0.055865921787709494,1176.4,4.27,0.0
5027,3,579,2.5779999999999603,0.055267702936096716,1176.7,4.27,0.0
5028,4,713,3.711999999999988,0.0546984572230014,1177.1,4.27,0.0
5029,1,314,0.3129999999999895,0.05732484076433121,1177.2,4.27,0.0
5030,1,313,0.3119999999999896,0.054313099041533544,1177.4,4.27,0.0
5031,4,729,3.7279999999999935,0.056241426611796985,1177.8,4.27,0.0
5032,0,179,-0.8219999999999998,0.055865921787709494,1177.9,4.27,0.0
5033,1,314,0.3129999999999895,0.05732484076433121,1178.0,4.27,0.0
5034,1,322,0.32099999999998863,0.055900621118012424,1178.2,4.27,0.0
5035,1,313,0.3119999999999896,0.05750798722044728,1178.4,4.27,0.0
5036,0,179,-0.8219999999999998,0.055865921787709494,1178.5,4.27,0.0
5037,0,185,-0.8159999999999998,0.05945945945945946,1178.6,4.27,0.0
5038,0,179,-0.8219999999999998,0.055865921787709494,1178.6,4.28,0.0
5039,0,179,-0.8219999999999998,0.055865921787709494,1178.7,4.28,0.0
5040,0,179,-0.8219999999999998,0.055865921787709494,1178.8,4.28,0.0
5041,1,313,0.3119999999999896,0.054313099041533544,1179.0,4.28,0.0
5042,1,335,0.3339999999999872,0.056716417910447764,1179.2,4.28,0.0
5043,1,315,0.3139999999999894,0.05714285714285714,1179.3,4.28,0.0
5044,3,611,2.609999999999957,0.05564648117839607,1179.7,4.28,0.0
5045,3,591,2.589999999999959,0.05583756345177665,1180.0,4.28,0.0
5046,10,1526,10.524999999999807,0.055701179554390565,1180.8,4.27,0.0
5047,4,713,3.711999999999988,0.056100981767180924,1181.1,4.27,0.0
5048,0,194,-0.8069999999999998,0.05670103092783505,1181.2,4.27,0.0
5049,0,179,-0.8219999999999998,0.055865921787709494,1181.3,4.27,0.0
5050,1,336,0.3349999999999871,0.05654761904761905,1181.5,4.28,0.0
5051,3,579,2.5779999999999603,0.055267702936096716,1181.8,4.27,0.0
5052,0,179,-0.8219999999999998,0.055865921787709494,1181.9,4.28,0.0
5053,1,318,0.31699999999998907,0.05660377358490566,1182.1,4.28,0.0
5054,2,446,1.444999999999975,0.05605381165919283,1182.3,4.28,0.0
5055,2,446,1.444999999999975,0.05605381165919283,1182.5,4.28,0.0
5056,0,187,-0.8139999999999998,0.058823529411764705,1182.6,4.28,0.0
5057,0,183,-0.8179999999999998,0.060109289617486336,1182.7,4.28,0.0
5058,6,980,5.979000000000076,0.05612244897959184,1183.2,4.28,0.0
5059,0,192,-0.8089999999999998,0.057291666666666664,1183.3,4.28,0.0
5060,0,186,-0.8149999999999998,0.05913978494623656,1183.4,4.28,0.0
5061,0,179,-0.8219999999999998,0.055865921787709494,1183.5,4.28,0.0
5062,0,179,-0.8219999999999998,0.055865921787709494,1183.6,4.28,0.0
5063,2,446,1.444999999999975,0.05605381165919283,1183.8,4.28,0.0
5064,3,579,2.5779999999999603,0.055267702936096716,1184.1,4.28,0.0
5065,2,451,1.4499999999999744,0.057649667405764965,1184.4,4.28,0.0
5066,5,846,4.845000000000032,0.05555555555555555,1184.8,4.28,0.0
5067,1,313,0.3119999999999896,0.05750798722044728,1185.0,4.28,0.0
5068,3,579,2.5779999999999603,0.055267702936096716,1185.3,4.28,0.0
5069,0,179,-0.8219999999999998,0.055865921787709494,1185.4,4.28,0.0
5070,0,195,-0.8059999999999998,0.05641025641025641,1185.5,4.28,0.0
5071,6,979,5.978000000000075,0.05515832482124617,1186.0,4.28,0.0
5072,3,579,2.5779999999999603,0.055267702936096716,1186.3,4.28,0.0
5073,2,466,1.4649999999999728,0.055793991416309016,1186.6,4.28,0.0
5074,0,179,-0.8219999999999998,0.055865921787709494,1186.7,4.28,0.0
5075,3,579,2.5779999999999603,0.055267702936096716,1187.0,4.28,0.0
5076,11,1646,11.64499999999974,0.05589307411907655,1187.9,4.27,0.0
5077,4,729,3.7279999999999935,0.056241426611796985,1188.3,4.27,0.0
5078,0,179,-0.8219999999999998,0.055865921787709494,1188.4,4.27,0.0
5079,5,846,4.845000000000032,0.05555555555555555,1188.8,4.27,0.0
5080,0,179,-0.8219999999999998,0.055865921787709494,1188.9,4.27,0.0
5081,2,446,1.444999999999975,0.05605381165919283,1189.2,4.27,0.0
5082,2,456,1.4549999999999739,0.05701754385964912,1189.4,4.27,0.0
5083,2,446,1.444999999999975,0.05605381165919283,1189.6,4.27,0.0
5084,2,454,1.452999999999974,0.05726872246696035,1189.9,4.27,0.0
5085,3,579,2.5779999999999603,0.055267702936096716,1190.2,4.27,0.0
5086,0,179,-0.8219999999999998,0.055865921787709494,1190.3,4.27,0.0
5087,1,313,0.3119999999999896,0.054313099041533544,1190.5,4.27,0.0
5088,4,713,3.711999999999988,0.0546984572230014,1190.8,4.27,0.0
5089,0,179,-0.8219999999999998,0.055865921787709494,1190.9,4.27,0.0
5090,3,579,2.5779999999999603,0.055267702936096716,1191.2,4.27,0.0
5091,2,461,1.4599999999999733,0.05639913232104121,1191.5,4.27,0.0
5092,0,185,-0.8159999999999998,0.05945945945945946,1191.6,4.27,0.0
5093,5,852,4.851000000000034,0.056338028169014086,1192.0,4.27,0.0
5094,5,851,4.850000000000033,0.0564042303172738,1192.4,4.27,0.0
5095,4,713,3.711999999999988,0.0546984572230014,1192.8,4.27,0.0
5096,4,713,3.711999999999988,0.056100981767180924,1193.2,4.27,0.0
5097,0,179,-0.8219999999999998,0.055865921787709494,1193.3,4.27,0.0
5098,4,713,3.711999999999988,0.056100981767180924,1193.7,4.27,0.0
5099,0,179,-0.8219999999999998,0.055865921787709494,1193.7,4.27,0.0
5100,0,179,-0.8219999999999998,0.055865921787709494,1193.8,4.27,0.0
5101,1,313,0.3119999999999896,0.054313099041533544,1194.0,4.27,0.0
5102,1,313,0.3119999999999896,0.054313099041533544,1194.2,4.27,0.0
5103,2,454,1.452999999999974,0.05726872246696035,1194.4,4.27,0.0
5104,1,313,0.3119999999999896,0.054313099041533544,1194.6,4.27,0.0
5105,1,313,0.3119999999999896,0.05750798722044728,1194.7,4.27,0.0
5106,7,1150,8.149000000000015,0.05565217391304348,1195.3,4.27,0.0
5107,2,465,1.4639999999999729,0.05591397849462366,1195.6,4.27,0.0
5108,6,979,5.978000000000075,0.056179775280898875,1196.1,4.27,0.0
5109,0,191,-0.8099999999999998,0.05759162303664921,1196.2,4.27,0.0
5110,0,179,-0.8219999999999998,0.055865921787709494,1196.3,4.27,0.0
5111,0,190,-0.8109999999999998,0.05789473684210526,1196.4,4.27,0.0
5112,4,713,3.711999999999988,0.0546984572230014,1196.7,4.27,0.0
5113,1,313,0.3119999999999896,0.054313099041533544,1196.9,4.27,0.0
5114,4,713,3.711999999999988,0.056100981767180924,1197.3,4.27,0.0
5115,1,313,0.3119999999999896,0.054313099041533544,1197.4,4.27,0.0
5116,2,446,1.444999999999975,0.05605381165919283,1197.7,4.27,0.0
5117,0,183,-0.8179999999999998,0.060109289617486336,1197.8,4.27,0.0
5118,1,313,0.3119999999999896,0.054313099041533544,1197.9,4.27,0.0
5119,0,179,-0.8219999999999998,0.055865921787709494,1198.0,4.27,0.0
5120,0,179,-0.8219999999999998,0.055865921787709494,1198.1,4.27,0.0
5121,1,315,0.3139999999999894,0.05714285714285714,1198.3,4.27,0.0
5122,1,320,0.31899999999998885,0.05625,1198.5,4.27,0.0
5123,0,186,-0.8149999999999998,0.05913978494623656,1198.6,4.28,0.0
5124,2,446,1.444999999999975,0.05605381165919283,1198.8,4.28,0.0
5125,1,313,0.3119999999999896,0.05750798722044728,1198.9,4.28,0.0
5126,5,860,4.859000000000036,0.05581395348837209,1199.4,4.27,0.0
5127,0,183,-0.8179999999999998,0.060109289617486336,1199.5,4.28,0.0
5128,0,179,-0.8219999999999998,0.055865921787709494,1199.6,4.28,0.0
5129,0,192,-0.8089999999999998,0.057291666666666664,1199.7,4.28,0.0
5130,1,313,0.3119999999999896,0.05750798722044728,1199.9,4.28,0.0
5131,0,179,-0.8219999999999998,0.055865921787709494,1199.9,4.28,0.0
5132,2,446,1.444999999999975,0.053811659192825115,1200.2,4.28,0.0
5133,5,846,4.845000000000032,0.05555555555555555,1200.6,4.28,0.0
5134,0,179,-0.8219999999999998,0.055865921787709494,1200.7,4.28,0.0
5135,5,852,4.851000000000034,0.056338028169014086,1201.2,4.28,0.0
5136,2,446,1.444999999999975,0.05605381165919283,1201.4,4.28,0.0
5137,0,187,-0.8139999999999998,0.058823529411764705,1201.5,4.28,0.0
5138,1,313,0.3119999999999896,0.05750798722044728,1201.6,4.28,0.0
5139,5,846,4.845000000000032,0.05555555555555555,1202.1,4.28,0.0
5140,0,179,-0.8219999999999998,0.055865921787709494,1202.2,4.28,0.0
5141,0,179,-0.8219999999999998,0.055865921787709494,1202.3,4.28,0.0
5142,0,179,-0.8219999999999998,0.055865921787709494,1202.4,4.28,0.0
5143,9,1396,9.394999999999879,0.055873925501432664,1203.1,4.28,0.0
5144,3,579,2.5779999999999603,0.055267702936096716,1203.4,4.28,0.0
5145,2,462,1.4609999999999732,0.05627705627705628,1203.6,4.28,0.0
5146,0,179,-0.8219999999999998,0.055865921787709494,1203.7,4.28,0.0
5147,2,452,1.4509999999999743,0.05752212389380531,1203.9,4.28,0.0
5148,0,195,-0.8059999999999998,0.05641025641025641,1204.1,4.28,0.0
5149,2,446,1.444999999999975,0.05605381165919283,1204.3,4.28,0.0
5150,4,713,3.711999999999988,0.0546984572230014,1204.7,4.28,0.0
5151,3,579,2.5779999999999603,0.055267702936096716,1205.0,4.28,0.0
5152,3,579,2.5779999999999603,0.05699481865284974,1205.3,4.28,0.0
5153,1,313,0.3119999999999896,0.054313099041533544,1205.4,4.28,0.0
5154,1,341,0.33999999999998654,0.05571847507331378,1205.6,4.28,0.0
5155,0,179,-0.8219999999999998,0.055865921787709494,1205.7,4.28,0.0
5156,4,713,3.711999999999988,0.0546984572230014,1206.0,4.28,0.0
5157,1,322,0.32099999999998863,0.055900621118012424,1206.2,4.28,0.0
5158,0,179,-0.8219999999999998,0.055865921787709494,1206.3,4.28,0.0
5159,0,179,-0.8219999999999998,0.055865921787709494,1206.4,4.28,0.0
5160,3,579,2.5779999999999603,0.055267702936096716,1206.7,4.28,0.0
5161,3,589,2.587999999999959,0.05602716468590832,1207.0,4.28,0.0
5162,0,183,-0.8179999999999998,0.060109289617486336,1207.1,4.28,0.0
5163,5,850,4.849000000000033,0.05647058823529412,1207.6,4.28,0.0
5164,0,179,-0.8219999999999998,0.055865921787709494,1207.6,4.28,0.0
5165,5,846,4.845000000000032,0.05555555555555555,1208.1,4.28,0.0
5166,1,319,0.31799999999998896,0.05642633228840126,1208.2,4.28,0.0
5167,2,446,1.444999999999975,0.05605381165919283,1208.5,4.28,0.0
5168,3,579,2.5779999999999603,0.055267702936096716,1208.8,4.28,0.0
5169,0,179,-0.8219999999999998,0.055865921787709494,1208.9,4.28,0.0
5170,0,179,-0.8219999999999998,0.055865921787709494,1209.0,4.28,0.0
5171,1,321,0.31999999999998874,0.056074766355140186,1209.1,4.28,0.0
5172,3,583,2.58199999999996,0.05660377358490566,1209.4,4.28,0.0
5173,4,713,3.711999999999988,0.056100981767180924,1209.8,4.28,0.0
5174,0,189,-0.8119999999999998,0.0582010582010582,1209.9,4.28,0.0
5175,0,192,-0.8089999999999998,0.057291666666666664,1210.0,4.28,0.0
5176,1,335,0.3339999999999872,0.056716417910447764,1210.2,4.28,0.0
5177,2,446,1.444999999999975,0.05605381165919283,1210.4,4.28,0.0
5178,2,446,1.444999999999975,0.05605381165919283,1210.7,4.28,0.0
5179,2,446,1.444999999999975,0.05605381165919283,1210.9,4.28,0.0
5180,0,179,-0.8219999999999998,0.055865921787709494,1211.0,4.28,0.0
5181,6,979,5.978000000000075,0.056179775280898875,1211.5,4.28,0.0
5182,0,189,-0.8119999999999998,0.0582010582010582,1211.6,4.28,0.0
5183,2,454,1.452999999999974,0.05726872246696035,1211.8,4.28,0.0
5184,0,179,-0.8219999999999998,0.055865921787709494,1211.9,4.28,0.0
5185,1,313,0.3119999999999896,0.054313099041533544,1212.1,4.28,0.0
5186,0,181,-0.8199999999999998,0.06077348066298342,1212.2,4.28,0.0
5187,0,183,-0.8179999999999998,0.060109289617486336,1212.3,4.28,0.0
5188,1,340,0.33899999999998665,0.05588235294117647,1212.4,4.28,0.0
5189,3,579,2.5779999999999603,0.055267702936096716,1212.7,4.28,0.0
5190,0,185,-0.8159999999999998,0.05945945945945946,1212.8,4.28,0.0
5191,2,446,1.444999999999975,0.05605381165919283,1213.1,4.28,0.0
5192,2,446,1.444999999999975,0.05605381165919283,1213.3,4.28,0.0
5193,2,446,1.444999999999975,0.053811659192825115,1213.5,4.28,0.0
5194,5,846,4.845000000000032,0.05555555555555555,1214.0,4.28,0.0
5195,0,179,-0.8219999999999998,0.055865921787709494,1214.1,4.28,0.0
5196,0,179,-0.8219999999999998,0.055865921787709494,1214.2,4.28,0.0
5197,1,313,0.3119999999999896,0.054313099041533544,1214.3,4.28,0.0
5198,2,455,1.453999999999974,0.05714285714285714,1214.6,4.28,0.0
5199,2,446,1.444999999999975,0.05605381165919283,1214.8,4.28,0.0
5200,0,179,-0.8219999999999998,0.055865921787709494,1214.9,4.28,0.0
5201,0,208,-0.7929999999999998,0.057692307692307696,1215.0,4.28,0.0
5202,0,188,-0.8129999999999998,0.05851063829787234,1215.1,4.28,0.0
5203,0,179,-0.8219999999999998,0.055865921787709494,1215.2,4.28,0.0
5204,3,579,2.5779999999999603,0.055267702936096716,1215.5,4.28,0.0
5205,2,446,1.444999999999975,0.053811659192825115,1215.7,4.28,0.0
5206,2,446,1.444999999999975,0.05605381165919283,1216.0,4.28,0.0
5207,4,713,3.711999999999988,0.056100981767180924,1216.3,4.28,0.0
5208,4,730,3.728999999999994,0.056164383561643834,1216.7,4.28,0.0
5209,4,713,3.711999999999988,0.056100981767180924,1217.1,4.28,0.0
5210,2,457,1.4559999999999738,0.05689277899343545,1217.3,4.28,0.0
5211,0,179,-0.8219999999999998,0.055865921787709494,1217.4,4.28,0.0
5212,0,191,-0.8099999999999998,0.05759162303664921,1217.5,4.28,0.0
5213,0,190,-0.8109999999999998,0.05789473684210526,1217.6,4.28,0.0
5214,0,184,-0.8169999999999998,0.059782608695652176,1217.7,4.28,0.0
5215,1,321,0.31999999999998874,0.056074766355140186,1217.9,4.28,0.0
5216,4,713,3.711999999999988,0.0546984572230014,1218.3,4.28,0.0
5217,0,187,-0.8139999999999998,0.058823529411764705,1218.4,4.28,0.0
5218,4,713,3.711999999999988,0.056100981767180924,1218.7,4.28,0.0
5219,3,579,2.5779999999999603,0.055267702936096716,1219.0,4.28,0.0
5220,2,446,1.444999999999975,0.05605381165919283,1219.3,4.28,0.0
5221,0,179,-0.8219999999999998,0.061452513966480445,1219.4,4.28,0.0
5222,2,446,1.444999999999975,0.05605381165919283,1219.6,4.28,0.0
5223,3,579,2.5779999999999603,0.055267702936096716,1219.9,4.28,0.0
5224,1,315,0.3139999999999894,0.05714285714285714,1220.1,4.28,0.0
5225,5,846,4.845000000000032,0.05555555555555555,1220.5,4.28,0.0
5226,2,460,1.4589999999999734,0.05652173913043478,1220.8,4.28,0.0
5227,3,579,2.5779999999999603,0.055267702936096716,1221.1,4.28,0.0
5228,2,446,1.444999999999975,0.05605381165919283,1221.3,4.28,0.0
5229,2,446,1.444999999999975,0.05605381165919283,1221.6,4.28,0.0
5230,1,314,0.3129999999999895,0.05732484076433121,1221.7,4.28,0.0
5231,1,313,0.3119999999999896,0.054313099041533544,1221.9,4.28,0.0
5232,1,313,0.3119999999999896,0.054313099041533544,1222.1,4.28,0.0
5233,3,579,2.5779999999999603,0.055267702936096716,1222.4,4.28,0.0
5234,2,446,1.444999999999975,0.05605381165919283,1222.6,4.28,0.0
5235,7,1113,7.112000000000036,0.055705300988319856,1223.2,4.28,0.0
5236,0,179,-0.8219999999999998,0.05027932960893855,1223.3,4.28,0.0
5237,1,314,0.3129999999999895,0.05732484076433121,1223.5,4.28,0.0
5238,4,718,3.71699999999999,0.055710306406685235,1223.8,4.28,0.0
5239,1,315,0.3139999999999894,0.05714285714285714,1224.0,4.28,0.0
5240,4,713,3.711999999999988,0.056100981767180924,1224.4,4.28,0.0
5241,0,179,-0.8219999999999998,0.055865921787709494,1224.5,4.28,0.0
5242,0,179,-0.8219999999999998,0.055865921787709494,1224.6,4.28,0.0
5243,0,185,-0.8159999999999998,0.05945945945945946,1224.7,4.28,0.0
5244,0,185,-0.8159999999999998,0.05945945945945946,1224.8,4.28,0.0
5245,2,446,1.444999999999975,0.05605381165919283,1225.0,4.28,0.0
5246,6,1001,6.000000000000083,0.055944055944055944,1225.5,4.28,0.0
5247,2,446,1.444999999999975,0.05605381165919283,1225.7,4.28,0.0
5248,1,335,0.3339999999999872,0.056716417910447764,1225.9,4.28,0.0
5249,1,313,0.3119999999999896,0.054313099041533544,1226.1,4.28,0.0
5250,0,179,-0.8219999999999998,0.055865921787709494,1226.2,4.28,0.0
5251,2,446,1.444999999999975,0.05605381165919283,1226.4,4.28,0.0
5252,0,189,-0.8119999999999998,0.0582010582010582,1226.5,4.28,0.0
5253,0,179,-0.8219999999999998,0.055865921787709494,1226.6,4.28,0.0
5254,2,446,1.444999999999975,0.05605381165919283,1226.8,4.28,0.0
5255,4,731,3.729999999999994,0.0560875512995896,1227.2,4.28,0.0
5256,1,317,0.3159999999999892,0.056782334384858045,1227.4,4.28,0.0
5257,2,446,1.444999999999975,0.053811659192825115,1227.6,4.28,0.0
5258,0,179,-0.8219999999999998,0.055865921787709494,1227.7,4.28,0.0
5259,3,579,2.5779999999999603,0.055267702936096716,1228.0,4.28,0.0
5260,6,979,5.978000000000075,0.05515832482124617,1228.5,4.28,0.0
5261,3,579,2.5779999999999603,0.055267702936096716,1228.8,4.28,0.0
5262,2,446,1.444999999999975,0.05605381165919283,1229.0,4.28,0.0
5263,0,179,-0.8219999999999998,0.055865921787709494,1229.1,4.28,0.0
5264,2,446,1.444999999999975,0.05605381165919283,1229.3,4.28,0.0
5265,7,1144,7.1430000000000184,0.055944055944055944,1230.0,4.28,0.0
5266,0,187,-0.8139999999999998,0.058823529411764705,1230.1,4.28,0.0
5267,3,579,2.5779999999999603,0.055267702936096716,1230.4,4.28,0.0
5268,1,313,0.3119999999999896,0.054313099041533544,1230.5,4.28,0.0
5269,0,179,-0.8219999999999998,0.055865921787709494,1230.6,4.28,0.0
5270,0,179,-0.8219999999999998,0.055865921787709494,1230.7,4.28,0.0
5271,1,313,0.3119999999999896,0.054313099041533544,1230.9,4.28,0.0
5272,2,446,1.444999999999975,0.053811659192825115,1231.1,4.28,0.0
5273,0,179,-0.8219999999999998,0.055865921787709494,1231.2,4.28,0.0
5274,0,179,-0.8219999999999998,0.055865921787709494,1231.3,4.28,0.0
5275,2,446,1.444999999999975,0.05605381165919283,1231.5,4.28,0.0
5276,2,446,1.444999999999975,0.05605381165919283,1231.8,4.28,0.0
5277,1,313,0.3119999999999896,0.054313099041533544,1231.9,4.28,0.0
5278,0,179,-0.8219999999999998,0.055865921787709494,1232.0,4.28,0.0
5279,1,313,0.3119999999999896,0.054313099041533544,1232.2,4.29,0.0
5280,3,604,2.6029999999999576,0.056291390728476824,1232.5,4.28,0.0
5281,3,587,2.5859999999999594,0.056218057921635436,1232.8,4.28,0.0
5282,4,713,3.711999999999988,0.056100981767180924,1233.2,4.28,0.0
5283,2,446,1.444999999999975,0.05605381165919283,1233.4,4.28,0.0
5284,3,579,2.5779999999999603,0.055267702936096716,1233.7,4.28,0.0
5285,4,730,3.728999999999994,0.056164383561643834,1234.1,4.28,0.0
5286,2,461,1.4599999999999733,0.05639913232104121,1234.3,4.28,0.0
5287,0,179,-0.8219999999999998,0.05027932960893855,1234.4,4.28,0.0
5288,2,446,1.444999999999975,0.05605381165919283,1234.6,4.28,0.0
5289,2,464,1.462999999999973,0.05603448275862069,1234.9,4.28,0.0
5290,0,179,-0.8219999999999998,0.055865921787709494,1235.0,4.28,0.0
5291,2,446,1.444999999999975,0.05605381165919283,1235.2,4.28,0.0
5292,0,186,-0.8149999999999998,0.05913978494623656,1235.3,4.28,0.0
5293,1,313,0.3119999999999896,0.054313099041533544,1235.5,4.29,0.0
5294,0,185,-0.8159999999999998,0.05945945945945946,1235.6,4.29,0.0
5295,0,179,-0.8219999999999998,0.055865921787709494,1235.7,4.29,0.0
5296,0,183,-0.8179999999999998,0.060109289617486336,1235.8,4.29,0.0
5297,1,313,0.3119999999999896,0.054313099041533544,1235.9,4.29,0.0
5298,1,313,0.3119999999999896,0.054313099041533544,1236.1,4.29,0.0
5299,1,313,0.3119999999999896,0.054313099041533544,1236.2,4.29,0.0
5300,4,713,3.711999999999988,0.056100981767180924,1236.6,4.29,0.0
5301,0,179,-0.8219999999999998,0.055865921787709494,1236.7,4.29,0.0
5302,0,179,-0.8219999999999998,0.055865921787709494,1236.8,4.29,0.0
5303,0,179,-0.8219999999999998,0.055865921787709494,1236.9,4.29,0.0
5304,0,189,-0.8119999999999998,0.0582010582010582,1237.0,4.29,0.0
5305,0,179,-0.8219999999999998,0.05027932960893855,1237.1,4.29,0.0
5306,0,179,-0.8219999999999998,0.055865921787709494,1237.2,4.29,0.0
5307,0,191,-0.8099999999999998,0.05759162303664921,1237.3,4.29,0.0
5308,4,713,3.711999999999988,0.056100981767180924,1237.6,4.29,0.0
5309,0,179,-0.8219999999999998,0.055865921787709494,1237.7,4.29,0.0
5310,5,846,4.845000000000032,0.05555555555555555,1238.2,4.29,0.0
5311,0,179,-0.8219999999999998,0.055865921787709494,1238.3,4.29,0.0
5312,1,313,0.3119999999999896,0.054313099041533544,1238.4,4.29,0.0
5313,1,313,0.3119999999999896,0.05750798722044728,1238.6,4.29,0.0
5314,1,313,0.3119999999999896,0.054313099041533544,1238.8,4.29,0.0
5315,3,590,2.588999999999959,0.05593220338983051,1239.1,4.29,0.0
5316,2,446,1.444999999999975,0.05605381165919283,1239.3,4.29,0.0
5317,0,179,-0.8219999999999998,0.055865921787709494,1239.4,4.29,0.0
5318,1,313,0.3119999999999896,0.054313099041533544,1239.6,4.29,0.0
5319,2,446,1.444999999999975,0.05605381165919283,1239.8,4.29,0.0
5320,0,179,-0.8219999999999998,0.055865921787709494,1239.9,4.29,0.0
5321,0,195,-0.8059999999999998,0.05641025641025641,1240.0,4.29,0.0
5322,2,446,1.444999999999975,0.05605381165919283,1240.2,4.29,0.0
5323,1,319,0.31799999999998896,0.05642633228840126,1240.4,4.29,0.0
5324,5,857,4.856000000000035,0.056009334889148193,1240.8,4.29,0.0
5325,2,446,1.444999999999975,0.053811659192825115,1241.1,4.29,0.0
5326,0,186,-0.8149999999999998,0.05913978494623656,1241.2,4.29,0.0
5327,1,313,0.3119999999999896,0.054313099041533544,1241.3,4.29,0.0
5328,3,579,2.5779999999999603,0.055267702936096716,1241.6,4.29,0.0
5329,1,337,0.335999999999987,0.05637982195845697,1241.8,4.29,0.0
5330,0,191,-0.8099999999999998,0.05759162303664921,1241.9,4.29,0.0
5331,0,187,-0.8139999999999998,0.058823529411764705,1242.0,4.29,0.0
5332,3,609,2.607999999999957,0.05582922824302135,1242.3,4.29,0.0
5333,3,587,2.5859999999999594,0.056218057921635436,1242.6,4.29,0.0
5334,2,446,1.444999999999975,0.053811659192825115,1242.8,4.29,0.0
5335,1,335,0.3339999999999872,0.056716417910447764,1243.0,4.29,0.0
5336,3,579,2.5779999999999603,0.055267702936096716,1243.3,4.29,0.0
5337,0,179,-0.8219999999999998,0.055865921787709494,1243.4,4.29,0.0
5338,0,179,-0.8219999999999998,0.055865921787709494,1243.5,4.29,0.0
5339,4,713,3.711999999999988,0.0546984572230014,1243.9,4.29,0.0
5340,5,853,4.852000000000034,0.05627198124267292,1244.3,4.29,0.0
5341,5,854,4.853000000000034,0.05620608899297424,1244.8,4.29,0.0
5342,2,446,1.444999999999975,0.05605381165919283,1245.0,4.29,0.0
5343,0,184,-0.8169999999999998,0.059782608695652176,1245.1,4.29,0.0
5344,0,179,-0.8219999999999998,0.055865921787709494,1245.2,4.29,0.0
5345,1,313,0.3119999999999896,0.05750798722044728,1245.4,4.29,0.0
5346,3,579,2.5779999999999603,0.055267702936096716,1245.7,4.29,0.0
5347,4,713,3.711999999999988,0.0546984572230014,1246.0,4.29,0.0
5348,3,579,2.5779999999999603,0.055267702936096716,1246.3,4.29,0.0
5349,1,317,0.3159999999999892,0.056782334384858045,1246.5,4.29,0.0
5350,1,313,0.3119999999999896,0.05750798722044728,1246.7,4.29,0.0
5351,2,455,1.453999999999974,0.05714285714285714,1246.9,4.29,0.0
5352,0,179,-0.8219999999999998,0.055865921787709494,1247.0,4.29,0.0
5353,3,579,2.5779999999999603,0.055267702936096716,1247.3,4.29,0.0
5354,4,717,3.7159999999999895,0.05578800557880056,1247.7,4.29,0.0
5355,2,446,1.444999999999975,0.05605381165919283,1247.9,4.29,0.0
5356,2,446,1.444999999999975,0.05605381165919283,1248.1,4.29,0.0
5357,0,179,-0.8219999999999998,0.055865921787709494,1248.2,4.29,0.0
5358,1,313,0.3119999999999896,0.054313099041533544,1248.4,4.29,0.0
5359,0,179,-0.8219999999999998,0.055865921787709494,1248.5,4.29,0.0
5360,0,188,-0.8129999999999998,0.05851063829787234,1248.6,4.29,0.0
5361,4,715,3.713999999999989,0.055944055944055944,1248.9,4.29,0.0
5362,4,713,3.711999999999988,0.0546984572230014,1249.3,4.29,0.0
5363,0,182,-0.8189999999999998,0.06043956043956044,1249.4,4.29,0.0
5364,1,313,0.3119999999999896,0.054313099041533544,1249.6,4.29,0.0
5365,0,179,-0.8219999999999998,0.055865921787709494,1249.7,4.29,0.0
5366,0,189,-0.8119999999999998,0.0582010582010582,1249.8,4.29,0.0
5367,0,184,-0.8169999999999998,0.059782608695652176,1249.9,4.29,0.0
5368,0,189,-0.8119999999999998,0.0582010582010582,1250.0,4.30,0.0
5369,5,846,4.845000000000032,0.05555555555555555,1250.4,4.29,0.0
5370,4,715,3.713999999999989,0.055944055944055944,1250.8,4.29,0.0
5371,3,579,2.5779999999999603,0.055267702936096716,1251.1,4.29,0.0
5372,0,189,-0.8119999999999998,0.0582010582010582,1251.2,4.29,0.0
5373,0,179,-0.8219999999999998,0.05027932960893855,1251.3,4.29,0.0
5374,0,197,-0.8039999999999998,0.05583756345177665,1251.4,4.30,0.0
5375,0,179,-0.8219999999999998,0.055865921787709494,1251.5,4.30,0.0
5376,1,313,0.3119999999999896,0.05750798722044728,1251.6,4.30,0.0
5377,2,446,1.444999999999975,0.053811659192825115,1251.9,4.30,0.0
5378,4,713,3.711999999999988,0.056100981767180924,1252.2,4.30,0.0
5379,6,979,5.978000000000075,0.056179775280898875,1252.7,4.29,0.0
5380,6,979,5.978000000000075,0.05515832482124617,1253.2,4.29,0.0
5381,0,191,-0.8099999999999998,0.05759162303664921,1253.3,4.29,0.0
5382,1,313,0.3119999999999896,0.054313099041533544,1253.5,4.29,0.0
5383,3,579,2.5779999999999603,0.055267702936096716,1253.8,4.29,0.0
5384,2,446,1.444999999999975,0.05605381165919283,1254.0,4.29,0.0
5385,0,182,-0.8189999999999998,0.06043956043956044,1254.1,4.29,0.0
5386,0,196,-0.8049999999999998,0.05612244897959184,1254.2,4.30,0.0
5387,2,446,1.444999999999975,0.05605381165919283,1254.4,4.30,0.0
5388,0,179,-0.8219999999999998,0.055865921787709494,1254.5,4.30,0.0
5389,1,313,0.3119999999999896,0.05750798722044728,1254.7,4.30,0.0
5390,0,179,-0.8219999999999998,0.055865921787709494,1254.8,4.30,0.0
5391,3,589,2.587999999999959,0.05602716468590832,1255.1,4.30,0.0
5392,4,713,3.711999999999988,0.056100981767180924,1255.5,4.30,0.0
5393,4,713,3.711999999999988,0.056100981767180924,1255.8,4.30,0.0
5394,5,846,4.845000000000032,0.05555555555555555,1256.3,4.29,0.0
5395,0,187,-0.8139999999999998,0.058823529411764705,1256.4,4.29,0.0
5396,2,446,1.444999999999975,0.05605381165919283,1256.6,4.29,0.0
5397,5,846,4.845000000000032,0.05555555555555555,1257.0,4.29,0.0
5398,6,979,5.978000000000075,0.05515832482124617,1257.6,4.29,0.0
5399,0,195,-0.8059999999999998,0.05641025641025641,1257.7,4.29,0.0
5400,0,179,-0.8219999999999998,0.05027932960893855,1257.8,4.29,0.0
5401,1,313,0.3119999999999896,0.054313099041533544,1257.9,4.29,0.0
5402,0,179,-0.8219999999999998,0.055865921787709494,1258.0,4.29,0.0
5403,0,196,-0.8049999999999998,0.05612244897959184,1258.1,4.30,0.0
5404,2,446,1.444999999999975,0.05605381165919283,1258.3,4.30,0.0
5405,2,446,1.444999999999975,0.05605381165919283,1258.6,4.30,0.0
5406,2,464,1.462999999999973,0.05603448275862069,1258.8,4.30,0.0
5407,3,579,2.5779999999999603,0.055267702936096716,1259.1,4.30,0.0
5408,0,179,-0.8219999999999998,0.055865921787709494,1259.2,4.30,0.0
5409,2,446,1.444999999999975,0.05605381165919283,1259.4,4.30,0.0
5410,7,1113,7.112000000000036,0.055705300988319856,1260.0,4.29,0.0
5411,2,459,1.4579999999999735,0.05664488017429194,1260.2,4.29,0.0
5412,0,179,-0.8219999999999998,0.055865921787709494,1260.3,4.29,0.0
5413,5,846,4.845000000000032,0.05555555555555555,1260.8,4.29,0.0
5414,0,187,-0.8139999999999998,0.058823529411764705,1260.9,4.29,0.0
5415,0,179,-0.8219999999999998,0.055865921787709494,1261.0,4.30,0.0
5416,1,313,0.3119999999999896,0.05750798722044728,1261.1,4.30,0.0
5417,3,579,2.5779999999999603,0.05699481865284974,1261.4,4.30,0.0
5418,4,713,3.711999999999988,0.056100981767180924,1261.8,4.29,0.0
5419,0,183,-0.8179999999999998,0.060109289617486336,1261.9,4.30,0.0
5420,1,313,0.3119999999999896,0.054313099041533544,1262.0,4.30,0.0
5421,1,313,0.3119999999999896,0.05750798722044728,1262.2,4.30,0.0
5422,1,339,0.33799999999998676,0.05604719764011799,1262.4,4.30,0.0
5423,2,459,1.4579999999999735,0.05664488017429194,1262.6,4.30,0.0
5424,5,859,4.858000000000036,0.05587892898719441,1263.1,4.30,0.0
5425,5,855,4.854000000000035,0.056140350877192984,1263.5,4.29,0.0
5426,1,337,0.335999999999987,0.05637982195845697,1263.7,4.29,0.0
5427,1,318,0.31699999999998907,0.05660377358490566,1263.8,4.29,0.0
5428,1,330,0.32899999999998775,0.05757575757575758,1264.0,4.30,0.0
5429,3,579,2.5779999999999603,0.055267702936096716,1264.3,4.29,0.0
5430,4,713,3.711999999999988,0.056100981767180924,1264.7,4.29,0.0
5431,3,579,2.5779999999999603,0.055267702936096716,1265.0,4.29,0.0
5432,3,579,2.5779999999999603,0.055267702936096716,1265.3,4.29,0.0
5433,3,610,2.608999999999957,0.05573770491803279,1265.6,4.29,0.0
5434,3,593,2.591999999999959,0.05564924114671164,1265.9,4.29,0.0
5435,0,192,-0.8089999999999998,0.057291666666666664,1266.0,4.29,0.0
5436,3,583,2.58199999999996,0.05660377358490566,1266.4,4.29,0.0
5437,1,313,0.3119999999999896,0.05750798722044728,1266.6,4.29,0.0
5438,3,588,2.5869999999999593,0.05612244897959184,1266.9,4.29,0.0
5439,3,579,2.5779999999999603,0.055267702936096716,1267.2,4.29,0.0
5440,1,313,0.3119999999999896,0.05750798722044728,1267.3,4.29,0.0
5441,1,321,0.31999999999998874,0.056074766355140186,1267.5,4.29,0.0
5442,1,333,0.3319999999999874,0.057057057057057055,1267.7,4.29,0.0
5443,1,313,0.3119999999999896,0.054313099041533544,1267.8,4.29,0.0
5444,0,179,-0.8219999999999998,0.055865921787709494,1267.9,4.29,0.0
5445,2,446,1.444999999999975,0.05605381165919283,1268.2,4.29,0.0
5446,0,179,-0.8219999999999998,0.055865921787709494,1268.2,4.29,0.0
5447,1,313,0.3119999999999896,0.05750798722044728,1268.4,4.30,0.0
5448,5,846,4.845000000000032,0.05555555555555555,1268.8,4.29,0.0
5449,2,446,1.444999999999975,0.05605381165919283,1269.1,4.29,0.0
5450,0,179,-0.8219999999999998,0.055865921787709494,1269.2,4.29,0.0
5451,0,179,-0.8219999999999998,0.055865921787709494,1269.3,4.30,0.0
5452,2,446,1.444999999999975,0.05605381165919283,1269.5,4.30,0.0
5453,0,179,-0.8219999999999998,0.055865921787709494,1269.6,4.30,0.0
5454,1,336,0.3349999999999871,0.05654761904761905,1269.8,4.30,0.0
5455,8,1246,8.244999999999962,0.056179775280898875,1270.4,4.29,0.0
5456,0,179,-0.8219999999999998,0.055865921787709494,1270.5,4.30,0.0
5457,2,446,1.444999999999975,0.053811659192825115,1270.7,4.30,0.0
5458,4,713,3.711999999999988,0.056100981767180924,1271.1,4.29,0.0
5459,4,731,3.729999999999994,0.0560875512995896,1271.5,4.29,0.0
5460,4,713,3.711999999999988,0.0546984572230014,1271.9,4.29,0.0
5461,0,179,-0.8219999999999998,0.055865921787709494,1272.0,4.29,0.0
5462,1,313,0.3119999999999896,0.054313099041533544,1272.1,4.29,0.0
5463,4,731,3.729999999999994,0.0560875512995896,1272.5,4.29,0.0
5464,0,179,-0.8219999999999998,0.055865921787709494,1272.6,4.29,0.0
5465,1,339,0.33799999999998676,0.05604719764011799,1272.8,4.29,0.0
5466,1,315,0.3139999999999894,0.05714285714285714,1272.9,4.29,0.0
5467,0,210,-0.7909999999999998,0.05714285714285714,1273.0,4.30,0.0
5468,1,313,0.3119999999999896,0.054313099041533544,1273.2,4.30,0.0
5469,2,446,1.444999999999975,0.05605381165919283,1273.4,4.30,0.0
5470,3,579,2.5779999999999603,0.055267702936096716,1273.7,4.30,0.0
5471,0,179,-0.8219999999999998,0.055865921787709494,1273.8,4.30,0.0
5472,1,319,0.31799999999998896,0.05642633228840126,1274.0,4.30,0.0
5473,1,313,0.3119999999999896,0.05750798722044728,1274.2,4.30,0.0
5474,3,610,2.608999999999957,0.05573770491803279,1274.5,4.30,0.0
5475,3,579,2.5779999999999603,0.05699481865284974,1274.8,4.30,0.0
5476,0,183,-0.8179999999999998,0.060109289617486336,1274.9,4.30,0.0
5477,4,713,3.711999999999988,0.0546984572230014,1275.2,4.30,0.0
5478,6,979,5.978000000000075,0.05515832482124617,1275.8,4.29,0.0
5479,4,713,3.711999999999988,0.056100981767180924,1276.1,4.29,0.0
5480,1,313,0.3119999999999896,0.054313099041533544,1276.3,4.29,0.0
5481,0,179,-0.8219999999999998,0.055865921787709494,1276.4,4.29,0.0
5482,3,583,2.58199999999996,0.05660377358490566,1276.7,4.29,0.0
5483,4,715,3.713999999999989,0.055944055944055944,1277.1,4.29,0.0
5484,3,591,2.589999999999959,0.05583756345177665,1277.4,4.29,0.0
5485,4,729,3.7279999999999935,0.056241426611796985,1277.7,4.29,0.0
5486,4,713,3.711999999999988,0.0546984572230014,1278.1,4.29,0.0
5487,0,179,-0.8219999999999998,0.055865921787709494,1278.2,4.29,0.0
5488,2,446,1.444999999999975,0.05605381165919283,1278.4,4.29,0.0
5489,3,582,2.58099999999996,0.05670103092783505,1278.7,4.29,0.0
5490,2,465,1.4639999999999729,0.05591397849462366,1279.0,4.29,0.0
5491,1,313,0.3119999999999896,0.054313099041533544,1279.1,4.29,0.0
5492,0,179,-0.8219999999999998,0.055865921787709494,1279.2,4.29,0.0
5493,1,336,0.3349999999999871,0.05654761904761905,1279.4,4.29,0.0
5494,0,179,-0.8219999999999998,0.055865921787709494,1279.5,4.29,0.0
5495,0,179,-0.8219999999999998,0.05027932960893855,1279.6,4.30,0.0
5496,3,579,2.5779999999999603,0.055267702936096716,1279.9,4.29,0.0
5497,0,187,-0.8139999999999998,0.058823529411764705,1280.0,4.30,0.0
5498,6,979,5.978000000000075,0.056179775280898875,1280.5,4.29,0.0
5499,0,179,-0.8219999999999998,0.055865921787709494,1280.6,4.29,0.0
5500,3,579,2.5779999999999603,0.055267702936096716,1280.9,4.29,0.0
5501,0,179,-0.8219999999999998,0.055865921787709494,1283.7,4.29,0.0
5502,0,179,-0.8219999999999998,0.055865921787709494,1283.8,4.29,0.0
5503,0,186,-0.8149999999999998,0.05913978494623656,1283.9,4.29,0.0
5504,2,446,1.444999999999975,0.05605381165919283,1284.1,4.29,0.0
5505,2,446,1.444999999999975,0.05605381165919283,1284.4,4.29,0.0
5506,3,579,2.5779999999999603,0.05699481865284974,1284.6,4.29,0.0
5507,2,463,1.461999999999973,0.056155507559395246,1284.9,4.29,0.0
5508,0,179,-0.8219999999999998,0.055865921787709494,1285.0,4.29,0.0
5509,0,179,-0.8219999999999998,0.055865921787709494,1285.1,4.29,0.0
5510,2,446,1.444999999999975,0.05605381165919283,1285.3,4.29,0.0
5511,0,185,-0.8159999999999998,0.05945945945945946,1285.4,4.29,0.0
5512,2,446,1.444999999999975,0.05605381165919283,1285.6,4.29,0.0
5513,0,179,-0.8219999999999998,0.055865921787709494,1285.7,4.29,0.0
5514,0,179,-0.8219999999999998,0.055865921787709494,1285.8,4.29,0.0
5515,4,731,3.729999999999994,0.0560875512995896,1286.2,4.29,0.0
5516,1,313,0.3119999999999896,0.054313099041533544,1286.4,4.29,0.0
5517,3,588,2.5869999999999593,0.05612244897959184,1286.7,4.29,0.0
5518,0,188,-0.8129999999999998,0.05851063829787234,1286.8,4.29,0.0
5519,6,979,5.978000000000075,0.05515832482124617,1287.3,4.29,0.0
5520,2,446,1.444999999999975,0.05605381165919283,1287.5,4.29,0.0
5521,0,179,-0.8219999999999998,0.055865921787709494,1287.6,4.29,0.0
5522,4,730,3.728999999999994,0.056164383561643834,1288.0,4.29,0.0
5523,0,179,-0.8219999999999998,0.055865921787709494,1288.1,4.29,0.0
5524,1,340,0.33899999999998665,0.05588235294117647,1288.2,4.29,0.0
5525,1,313,0.3119999999999896,0.054313099041533544,1288.4,4.29,0.0
5526,1,316,0.3149999999999893,0.056962025316455694,1288.6,4.29,0.0
5527,1,336,0.3349999999999871,0.05654761904761905,1288.8,4.29,0.0
5528,7,1113,7.112000000000036,0.055705300988319856,1289.3,4.29,0.0
5529,3,584,2.5829999999999598,0.05650684931506849,1289.6,4.29,0.0
5530,3,589,2.587999999999959,0.05602716468590832,1289.9,4.29,0.0
5531,0,179,-0.8219999999999998,0.055865921787709494,1290.0,4.29,0.0
5532,4,713,3.711999999999988,0.056100981767180924,1290.4,4.29,0.0
5533,1,337,0.335999999999987,0.05637982195845697,1290.6,4.29,0.0
5534,8,1246,8.244999999999962,0.056179775280898875,1291.2,4.29,0.0
5535,0,179,-0.8219999999999998,0.055865921787709494,1291.3,4.29,0.0
5536,6,984,5.983000000000077,0.05589430894308943,1291.8,4.29,0.0
5537,1,313,0.3119999999999896,0.054313099041533544,1292.0,4.29,0.0
5538,2,446,1.444999999999975,0.053811659192825115,1292.2,4.29,0.0
5539,0,186,-0.8149999999999998,0.05913978494623656,1292.3,4.29,0.0
5540,3,579,2.5779999999999603,0.055267702936096716,1292.6,4.29,0.0
5541,0,190,-0.8109999999999998,0.05789473684210526,1292.7,4.29,0.0
5542,1,313,0.3119999999999896,0.05750798722044728,1292.9,4.29,0.0
5543,2,446,1.444999999999975,0.05605381165919283,1293.1,4.29,0.0
5544,0,179,-0.8219999999999998,0.055865921787709494,1293.2,4.29,0.0
5545,0,189,-0.8119999999999998,0.0582010582010582,1293.3,4.29,0.0
5546,2,446,1.444999999999975,0.05605381165919283,1293.5,4.29,0.0
5547,6,981,5.980000000000076,0.05606523955147808,1294.1,4.29,0.0
5548,3,579,2.5779999999999603,0.055267702936096716,1294.4,4.29,0.0
5549,0,179,-0.8219999999999998,0.055865921787709494,1294.4,4.29,0.0
5550,3,579,2.5779999999999603,0.055267702936096716,1294.8,4.29,0.0
5551,3,579,2.5779999999999603,0.055267702936096716,1295.1,4.29,0.0
5552,8,1246,8.244999999999962,0.05537720706260032,1295.7,4.29,0.0
5553,2,446,1.444999999999975,0.053811659192825115,1295.9,4.29,0.0
5554,4,713,3.711999999999988,0.056100981767180924,1296.3,4.29,0.0
5555,2,456,1.4549999999999739,0.05701754385964912,1296.5,4.29,0.0
5556,0,179,-0.8219999999999998,0.055865921787709494,1296.6,4.29,0.0
5557,7,1113,7.112000000000036,0.055705300988319856,1297.2,4.28,0.0
5558,1,339,0.33799999999998676,0.05604719764011799,1297.4,4.28,0.0
5559,6,981,5.980000000000076,0.05606523955147808,1297.9,4.28,0.0
5560,1,319,0.31799999999998896,0.05642633228840126,1298.1,4.28,0.0
5561,2,449,1.4479999999999746,0.0556792873051225,1298.3,4.28,0.0
5562,4,713,3.711999999999988,0.0546984572230014,1298.7,4.28,0.0
5563,2,465,1.4639999999999729,0.05591397849462366,1298.9,4.28,0.0
5564,10,1513,10.511999999999814,0.05551883674818242,1299.7,4.28,0.0
5565,2,461,1.4599999999999733,0.05639913232104121,1299.9,4.28,0.0
5566,0,184,-0.8169999999999998,0.059782608695652176,1300.0,4.28,0.0
5567,3,579,2.5779999999999603,0.055267702936096716,1300.3,4.28,0.0
5568,0,187,-0.8139999999999998,0.058823529411764705,1300.4,4.28,0.0
5569,2,460,1.4589999999999734,0.05652173913043478,1300.7,4.28,0.0
5570,0,179,-0.8219999999999998,0.055865921787709494,1300.8,4.28,0.0
5571,0,179,-0.8219999999999998,0.055865921787709494,1300.9,4.28,0.0
5572,1,335,0.3339999999999872,0.056716417910447764,1301.0,4.28,0.0
5573,3,579,2.5779999999999603,0.05699481865284974,1301.3,4.28,0.0
5574,2,446,1.444999999999975,0.05605381165919283,1301.6,4.28,0.0
5575,2,453,1.4519999999999742,0.05739514348785872,1301.8,4.28,0.0
5576,0,179,-0.8219999999999998,0.055865921787709494,1301.9,4.28,0.0
5577,0,179,-0.8219999999999998,0.055865921787709494,1302.0,4.28,0.0
5578,3,609,2.607999999999957,0.05582922824302135,1302.3,4.28,0.0
5579,7,1113,7.112000000000036,0.055705300988319856,1302.9,4.28,0.0
5580,5,846,4.845000000000032,0.05555555555555555,1303.3,4.28,0.0
5581,3,579,2.5779999999999603,0.055267702936096716,1303.6,4.28,0.0
5582,2,461,1.4599999999999733,0.05639913232104121,1303.9,4.28,0.0
5583,1,313,0.3119999999999896,0.054313099041533544,1304.0,4.28,0.0
5584,0,185,-0.8159999999999998,0.05945945945945946,1304.1,4.28,0.0
5585,2,446,1.444999999999975,0.053811659192825115,1304.4,4.28,0.0
5586,0,189,-0.8119999999999998,0.0582010582010582,1304.4,4.28,0.0
5587,4,713,3.711999999999988,0.056100981767180924,1304.8,4.28,0.0
5588,1,318,0.31699999999998907,0.05660377358490566,1305.0,4.28,0.0
5589,2,353,1.3519999999999852,0.056657223796033995,1305.2,4.28,0.0
5590,0,179,-0.8219999999999998,0.055865921787709494,1305.3,4.28,0.0
5591,0,179,-0.8219999999999998,0.05027932960893855,1305.4,4.28,0.0
5592,2,446,1.444999999999975,0.05605381165919283,1305.6,4.28,0.0
5593,2,446,1.444999999999975,0.05605381165919283,1305.8,4.28,0.0
5594,1,350,1.3489999999999855,0.05714285714285714,1306.0,4.28,0.0
5595,2,446,1.444999999999975,0.05605381165919283,1306.2,4.28,0.0
5596,3,579,2.5779999999999603,0.055267702936096716,1306.5,4.28,0.0
5597,0,179,-0.8219999999999998,0.055865921787709494,1306.6,4.28,0.0
5598,0,179,-0.8219999999999998,0.055865921787709494,1306.7,4.28,0.0
5599,7,1127,7.126000000000028,0.055900621118012424,1307.3,4.28,0.0
5600,2,446,1.444999999999975,0.05605381165919283,1307.5,4.28,0.0
5601,0,179,-0.8219999999999998,0.055865921787709494,1307.6,4.28,0.0
5602,4,713,3.711999999999988,0.056100981767180924,1308.0,4.28,0.0
5603,4,733,3.731999999999995,0.05593451568894952,1308.4,4.28,0.0
5604,2,457,1.4559999999999738,0.05689277899343545,1308.6,4.28,0.0
5605,6,983,5.982000000000077,0.05595116988809766,1309.2,4.28,0.0
5606,3,579,2.5779999999999603,0.055267702936096716,1309.5,4.28,0.0
5607,2,446,1.444999999999975,0.05605381165919283,1309.7,4.28,0.0
5608,3,579,2.5779999999999603,0.055267702936096716,1310.0,4.28,0.0
5609,6,887,5.8860000000000445,0.05636978579481398,1310.5,4.28,0.0
5610,4,715,3.713999999999989,0.055944055944055944,1310.8,4.28,0.0
5611,0,179,-0.8219999999999998,0.055865921787709494,1310.9,4.28,0.0
5612,1,317,0.3159999999999892,0.056782334384858045,1311.1,4.28,0.0
5613,8,1246,8.244999999999962,0.05537720706260032,1311.7,4.28,0.0
5614,0,183,-0.8179999999999998,0.060109289617486336,1311.8,4.28,0.0
5615,2,461,1.4599999999999733,0.05639913232104121,1312.1,4.28,0.0
5616,0,179,-0.8219999999999998,0.055865921787709494,1312.2,4.28,0.0
5617,0,210,-0.7909999999999998,0.05714285714285714,1312.3,4.28,0.0
5618,2,446,1.444999999999975,0.05605381165919283,1312.5,4.28,0.0
5619,3,579,2.5779999999999603,0.055267702936096716,1312.8,4.28,0.0
5620,1,335,0.3339999999999872,0.056716417910447764,1313.0,4.28,0.0
5621,2,457,1.4559999999999738,0.05689277899343545,1313.2,4.28,0.0
5622,5,849,4.848000000000033,0.05653710247349823,1313.6,4.28,0.0
5623,3,586,2.5849999999999596,0.05631399317406143,1314.0,4.28,0.0
5624,3,579,2.5779999999999603,0.055267702936096716,1314.2,4.28,0.0
5625,0,179,-0.8219999999999998,0.055865921787709494,1314.3,4.28,0.0
5626,6,979,5.978000000000075,0.05515832482124617,1314.9,4.28,0.0
5627,0,179,-0.8219999999999998,0.055865921787709494,1314.9,4.28,0.0
5628,5,856,4.855000000000035,0.056074766355140186,1315.4,4.28,0.0
5629,0,179,-0.8219999999999998,0.055865921787709494,1315.5,4.28,0.0
5630,2,456,1.4549999999999739,0.05701754385964912,1315.7,4.28,0.0
5631,4,723,3.7219999999999915,0.056708160442600276,1316.1,4.28,0.0
5632,3,582,2.58099999999996,0.05670103092783505,1316.4,4.28,0.0
5633,1,313,0.3119999999999896,0.054313099041533544,1316.6,4.28,0.0
5634,8,1248,8.24699999999996,0.05608974358974359,1317.2,4.28,0.0
5635,5,851,4.850000000000033,0.0564042303172738,1317.6,4.28,0.0
5636,2,446,1.444999999999975,0.05605381165919283,1317.9,4.28,0.0
5637,0,179,-0.8219999999999998,0.055865921787709494,1318.0,4.28,0.0
5638,0,179,-0.8219999999999998,0.05027932960893855,1318.0,4.28,0.0
5639,2,466,1.4649999999999728,0.055793991416309016,1318.3,4.28,0.0
5640,0,184,-0.8169999999999998,0.059782608695652176,1318.4,4.28,0.0
5641,3,579,2.5779999999999603,0.055267702936096716,1318.7,4.28,0.0
5642,4,713,3.711999999999988,0.056100981767180924,1319.0,4.28,0.0
5643,1,313,0.3119999999999896,0.05750798722044728,1319.2,4.28,0.0
5644,4,713,3.711999999999988,0.056100981767180924,1319.6,4.28,0.0
5645,4,713,3.711999999999988,0.056100981767180924,1319.9,4.28,0.0
5646,0,179,-0.8219999999999998,0.055865921787709494,1320.0,4.28,0.0
5647,2,453,1.4519999999999742,0.05739514348785872,1320.3,4.28,0.0
5648,0,179,-0.8219999999999998,0.055865921787709494,1320.3,4.28,0.0
5649,3,579,2.5779999999999603,0.055267702936096716,1320.7,4.28,0.0
5650,1,313,0.3119999999999896,0.054313099041533544,1320.8,4.28,0.0
5651,0,183,-0.8179999999999998,0.060109289617486336,1320.9,4.28,0.0
5652,0,197,-0.8039999999999998,0.05583756345177665,1321.0,4.28,0.0
5653,2,353,1.3519999999999852,0.056657223796033995,1321.2,4.28,0.0
5654,1,313,0.3119999999999896,0.054313099041533544,1321.4,4.28,0.0
5655,11,1651,11.649999999999737,0.05572380375529982,1322.2,4.28,0.0
5656,4,713,3.711999999999988,0.056100981767180924,1322.6,4.28,0.0
5657,0,192,-0.8089999999999998,0.057291666666666664,1322.7,4.28,0.0
5658,1,313,0.3119999999999896,0.054313099041533544,1322.8,4.28,0.0
5659,0,179,-0.8219999999999998,0.055865921787709494,1322.9,4.28,0.0
5660,1,313,0.3119999999999896,0.054313099041533544,1323.1,4.28,0.0
5661,0,188,-0.8129999999999998,0.05851063829787234,1323.2,4.28,0.0
5662,3,579,2.5779999999999603,0.055267702936096716,1323.5,4.28,0.0
5663,1,313,0.3119999999999896,0.054313099041533544,1323.7,4.28,0.0
5664,0,179,-0.8219999999999998,0.055865921787709494,1323.7,4.28,0.0
5665,0,179,-0.8219999999999998,0.055865921787709494,1323.8,4.28,0.0
5666,1,339,0.33799999999998676,0.05604719764011799,1324.0,4.28,0.0
5667,1,313,0.3119999999999896,0.05750798722044728,1324.2,4.28,0.0
5668,1,313,0.3119999999999896,0.05750798722044728,1324.3,4.28,0.0
5669,6,1005,6.004000000000084,0.05572139303482587,1324.9,4.28,0.0
5670,0,179,-0.8219999999999998,0.055865921787709494,1325.0,4.28,0.0
5671,2,446,1.444999999999975,0.05605381165919283,1325.2,4.28,0.0
5672,2,454,1.452999999999974,0.05726872246696035,1325.4,4.28,0.0
5673,5,846,4.845000000000032,0.05555555555555555,1325.9,4.28,0.0
5674,1,313,0.3119999999999896,0.054313099041533544,1326.0,4.28,0.0
5675,0,179,-0.8219999999999998,0.055865921787709494,1326.1,4.28,0.0
5676,1,318,0.31699999999998907,0.05660377358490566,1326.3,4.28,0.0
5677,4,713,3.711999999999988,0.056100981767180924,1326.7,4.28,0.0
5678,0,185,-0.8159999999999998,0.05945945945945946,1326.8,4.28,0.0
5679,2,446,1.444999999999975,0.053811659192825115,1327.0,4.28,0.0
5680,5,848,4.847000000000032,0.05660377358490566,1327.4,4.28,0.0
5681,0,179,-0.8219999999999998,0.055865921787709494,1327.5,4.28,0.0
5682,1,313,0.3119999999999896,0.054313099041533544,1327.7,4.28,0.0
5683,3,588,2.5869999999999593,0.05612244897959184,1328.0,4.28,0.0
5684,0,179,-0.8219999999999998,0.055865921787709494,1328.1,4.28,0.0
5685,0,183,-0.8179999999999998,0.060109289617486336,1328.2,4.28,0.0
5686,9,1383,9.381999999999886,0.05567606652205351,1328.9,4.28,0.0
5687,0,211,-0.7899999999999998,0.05687203791469194,1329.0,4.28,0.0
5688,2,446,1.444999999999975,0.05605381165919283,1329.2,4.28,0.0
5689,0,179,-0.8219999999999998,0.055865921787709494,1329.3,4.28,0.0
5690,4,713,3.711999999999988,0.056100981767180924,1329.7,4.28,0.0
5691,1,316,0.3149999999999893,0.056962025316455694,1329.8,4.28,0.0
5692,2,446,1.444999999999975,0.05605381165919283,1330.1,4.28,0.0
5693,8,1246,8.244999999999962,0.05537720706260032,1330.7,4.28,0.0
5694,2,446,1.444999999999975,0.053811659192825115,1330.9,4.28,0.0
5695,4,732,3.7309999999999945,0.056010928961748634,1331.3,4.28,0.0
5696,0,179,-0.8219999999999998,0.055865921787709494,1331.4,4.28,0.0
5697,3,588,2.5869999999999593,0.05612244897959184,1331.7,4.28,0.0
5698,2,456,1.4549999999999739,0.05701754385964912,1332.0,4.28,0.0
5699,3,609,2.607999999999957,0.05582922824302135,1332.3,4.28,0.0
5700,1,313,0.3119999999999896,0.054313099041533544,1332.4,4.28,0.0
5701,0,194,-0.8069999999999998,0.05670103092783505,1332.5,4.28,0.0
5702,5,846,4.845000000000032,0.05555555555555555,1333.0,4.28,0.0
5703,6,984,5.983000000000077,0.05589430894308943,1333.5,4.28,0.0
5704,2,464,1.462999999999973,0.05603448275862069,1333.7,4.28,0.0
5705,4,713,3.711999999999988,0.0546984572230014,1334.1,4.28,0.0
5706,0,190,-0.8109999999999998,0.05789473684210526,1334.2,4.28,0.0
5707,0,191,-0.8099999999999998,0.05759162303664921,1334.3,4.28,0.0
5708,1,313,0.3119999999999896,0.05750798722044728,1334.5,4.28,0.0
5709,12,1779,12.777999999999667,0.05564924114671164,1335.4,4.28,0.0
5710,4,732,3.7309999999999945,0.056010928961748634,1335.8,4.28,0.0
5711,2,446,1.444999999999975,0.053811659192825115,1336.0,4.28,0.0
5712,0,179,-0.8219999999999998,0.055865921787709494,1336.1,4.28,0.0
5713,1,313,0.3119999999999896,0.054313099041533544,1336.2,4.28,0.0
5714,0,179,-0.8219999999999998,0.055865921787709494,1336.3,4.28,0.0
5715,0,179,-0.8219999999999998,0.055865921787709494,1336.4,4.28,0.0
5716,5,853,4.852000000000034,0.05627198124267292,1336.9,4.28,0.0
5717,5,846,4.845000000000032,0.05555555555555555,1337.3,4.28,0.0
5718,7,1113,7.112000000000036,0.055705300988319856,1337.9,4.27,0.0
5719,0,179,-0.8219999999999998,0.055865921787709494,1338.0,4.28,0.0
5720,0,179,-0.8219999999999998,0.055865921787709494,1338.1,4.28,0.0
5721,2,456,1.4549999999999739,0.05701754385964912,1338.3,4.28,0.0
5722,0,179,-0.8219999999999998,0.05027932960893855,1338.4,4.28,0.0
5723,3,589,2.587999999999959,0.05602716468590832,1338.7,4.28,0.0
5724,2,352,1.3509999999999853,0.056818181818181816,1338.9,4.28,0.0
5725,6,979,5.978000000000075,0.05515832482124617,1339.4,4.28,0.0
5726,1,336,0.3349999999999871,0.05654761904761905,1339.6,4.28,0.0
5727,2,459,1.4579999999999735,0.05664488017429194,1339.8,4.28,0.0
5728,3,584,2.5829999999999598,0.05650684931506849,1340.1,4.28,0.0
5729,0,179,-0.8219999999999998,0.055865921787709494,1340.2,4.28,0.0
5730,1,340,0.33899999999998665,0.05588235294117647,1340.4,4.28,0.0
5731,0,179,-0.8219999999999998,0.055865921787709494,1340.5,4.28,0.0
5732,1,313,0.3119999999999896,0.05750798722044728,1340.6,4.28,0.0
5733,2,446,1.444999999999975,0.05605381165919283,1340.9,4.28,0.0
5734,1,317,0.3159999999999892,0.056782334384858045,1341.1,4.28,0.0
5735,0,179,-0.8219999999999998,0.055865921787709494,1341.1,4.28,0.0
5736,4,713,3.711999999999988,0.0546984572230014,1341.5,4.28,0.0
5737,0,179,-0.8219999999999998,0.055865921787709494,1341.6,4.28,0.0
5738,0,189,-0.8119999999999998,0.0582010582010582,1341.7,4.28,0.0
5739,0,179,-0.8219999999999998,0.055865921787709494,1341.8,4.28,0.0
5740,5,846,4.845000000000032,0.05555555555555555,1342.2,4.28,0.0
5741,0,179,-0.8219999999999998,0.05027932960893855,1342.3,4.28,0.0
5742,2,446,1.444999999999975,0.05605381165919283,1342.6,4.28,0.0
5743,0,193,-0.8079999999999998,0.05699481865284974,1342.6,4.28,0.0
5744,0,179,-0.8219999999999998,0.055865921787709494,1342.7,4.28,0.0
5745,1,313,0.3119999999999896,0.054313099041533544,1342.9,4.28,0.0
5746,2,446,1.444999999999975,0.05605381165919283,1343.1,4.28,0.0
5747,2,446,1.444999999999975,0.05605381165919283,1343.4,4.28,0.0
5748,0,179,-0.8219999999999998,0.055865921787709494,1343.5,4.28,0.0
5749,2,446,1.444999999999975,0.05605381165919283,1343.7,4.28,0.0
5750,1,313,0.3119999999999896,0.054313099041533544,1343.9,4.28,0.0
5751,0,179,-0.8219999999999998,0.055865921787709494,1344.0,4.28,0.0
5752,2,447,1.4459999999999749,0.05592841163310962,1344.2,4.28,0.0
5753,0,179,-0.8219999999999998,0.055865921787709494,1344.3,4.28,0.0
5754,4,713,3.711999999999988,0.056100981767180924,1344.6,4.28,0.0
5755,1,313,0.3119999999999896,0.054313099041533544,1344.8,4.28,0.0
5756,3,579,2.5779999999999603,0.055267702936096716,1345.1,4.28,0.0
5757,4,713,3.711999999999988,0.056100981767180924,1345.5,4.28,0.0
5758,0,191,-0.8099999999999998,0.05759162303664921,1345.6,4.28,0.0
5759,1,313,0.3119999999999896,0.05750798722044728,1345.7,4.28,0.0
5760,4,713,3.711999999999988,0.0546984572230014,1346.1,4.28,0.0
5761,3,579,2.5779999999999603,0.055267702936096716,1346.4,4.28,0.0
5762,2,446,1.444999999999975,0.05605381165919283,1346.7,4.28,0.0
5763,0,179,-0.8219999999999998,0.055865921787709494,1346.7,4.28,0.0
5764,0,179,-0.8219999999999998,0.055865921787709494,1346.8,4.28,0.0
5765,1,313,0.3119999999999896,0.05750798722044728,1347.0,4.28,0.0
5766,6,984,5.983000000000077,0.05589430894308943,1347.5,4.28,0.0
5767,0,179,-0.8219999999999998,0.055865921787709494,1347.6,4.28,0.0
5768,5,851,4.850000000000033,0.0564042303172738,1348.0,4.28,0.0
5769,1,335,0.3339999999999872,0.056716417910447764,1348.2,4.28,0.0
5770,1,313,0.3119999999999896,0.054313099041533544,1348.4,4.28,0.0
5771,2,446,1.444999999999975,0.05605381165919283,1348.6,4.28,0.0
5772,2,446,1.444999999999975,0.05605381165919283,1348.8,4.28,0.0
5773,1,313,0.3119999999999896,0.05750798722044728,1349.0,4.28,0.0
5774,1,322,0.32099999999998863,0.055900621118012424,1349.2,4.28,0.0
5775,1,313,0.3119999999999896,0.05750798722044728,1349.3,4.28,0.0
5776,3,579,2.5779999999999603,0.055267702936096716,1349.6,4.28,0.0
5777,1,313,0.3119999999999896,0.054313099041533544,1349.8,4.28,0.0
5778,0,189,-0.8119999999999998,0.0582010582010582,1349.9,4.28,0.0
5779,1,313,0.3119999999999896,0.054313099041533544,1350.1,4.28,0.0
5780,0,179,-0.8219999999999998,0.055865921787709494,1350.2,4.28,0.0
5781,3,579,2.5779999999999603,0.055267702936096716,1350.5,4.28,0.0
5782,2,446,1.444999999999975,0.05605381165919283,1350.7,4.28,0.0
5783,2,458,1.4569999999999736,0.056768558951965066,1350.9,4.28,0.0
5784,1,313,0.3119999999999896,0.05750798722044728,1351.1,4.28,0.0
5785,4,713,3.711999999999988,0.0546984572230014,1351.5,4.28,0.0
5786,3,579,2.5779999999999603,0.055267702936096716,1351.8,4.28,0.0
5787,0,179,-0.8219999999999998,0.055865921787709494,1351.9,4.28,0.0
5788,4,713,3.711999999999988,0.0546984572230014,1352.2,4.28,0.0
5789,1,317,0.3159999999999892,0.056782334384858045,1352.4,4.28,0.0
5790,2,446,1.444999999999975,0.05605381165919283,1352.6,4.28,0.0
5791,2,473,1.471999999999972,0.05708245243128964,1352.9,4.28,0.0
5792,0,179,-0.8219999999999998,0.055865921787709494,1353.0,4.28,0.0
5793,0,179,-0.8219999999999998,0.055865921787709494,1353.1,4.28,0.0
5794,1,338,0.33699999999998687,0.05621301775147929,1353.3,4.28,0.0
5795,0,179,-0.8219999999999998,0.055865921787709494,1353.3,4.28,0.0
5796,1,313,0.3119999999999896,0.054313099041533544,1353.5,4.28,0.0
5797,0,179,-0.8219999999999998,0.055865921787709494,1353.6,4.28,0.0
5798,2,446,1.444999999999975,0.05605381165919283,1353.8,4.28,0.0
5799,3,579,2.5779999999999603,0.055267702936096716,1354.1,4.28,0.0
5800,2,458,1.4569999999999736,0.056768558951965066,1354.4,4.28,0.0
5801,0,187,-0.8139999999999998,0.058823529411764705,1354.5,4.28,0.0
5802,1,336,0.3349999999999871,0.05654761904761905,1354.6,4.28,0.0
5803,1,313,0.3119999999999896,0.054313099041533544,1354.8,4.28,0.0
5804,4,732,3.7309999999999945,0.056010928961748634,1355.2,4.28,0.0
5805,5,846,4.845000000000032,0.05555555555555555,1355.6,4.28,0.0
5806,1,315,0.3139999999999894,0.05714285714285714,1355.8,4.28,0.0
5807,0,179,-0.8219999999999998,0.055865921787709494,1355.9,4.28,0.0
5808,5,754,4.753000000000001,0.05570291777188329,1356.3,4.28,0.0
5809,4,729,3.7279999999999935,0.056241426611796985,1356.6,4.28,0.0
5810,2,465,1.4639999999999729,0.05591397849462366,1356.9,4.28,0.0
5811,3,579,2.5779999999999603,0.055267702936096716,1357.2,4.28,0.0
5812,1,313,0.3119999999999896,0.05750798722044728,1357.4,4.28,0.0
5813,3,579,2.5779999999999603,0.055267702936096716,1357.7,4.28,0.0
5814,0,183,-0.8179999999999998,0.060109289617486336,1357.8,4.28,0.0
5815,1,313,0.3119999999999896,0.054313099041533544,1357.9,4.28,0.0
5816,0,186,-0.8149999999999998,0.05913978494623656,1358.0,4.28,0.0
5817,1,321,0.31999999999998874,0.056074766355140186,1358.2,4.28,0.0
5818,0,179,-0.8219999999999998,0.055865921787709494,1358.3,4.28,0.0
5819,3,579,2.5779999999999603,0.055267702936096716,1358.6,4.28,0.0
5820,1,313,0.3119999999999896,0.05750798722044728,1358.7,4.28,0.0
5821,0,179,-0.8219999999999998,0.05027932960893855,1358.8,4.28,0.0
5822,0,191,-0.8099999999999998,0.05759162303664921,1358.9,4.29,0.0
5823,1,313,0.3119999999999896,0.054313099041533544,1359.1,4.29,0.0
5824,6,979,5.978000000000075,0.05515832482124617,1359.6,4.28,0.0
5825,2,446,1.444999999999975,0.05605381165919283,1359.8,4.28,0.0
5826,0,179,-0.8219999999999998,0.055865921787709494,1359.9,4.28,0.0
5827,2,455,1.453999999999974,0.05714285714285714,1360.2,4.28,0.0
5828,2,458,1.4569999999999736,0.056768558951965066,1360.4,4.28,0.0
5829,2,455,1.453999999999974,0.05714285714285714,1360.6,4.28,0.0
5830,0,183,-0.8179999999999998,0.060109289617486336,1360.7,4.29,0.0
5831,4,713,3.711999999999988,0.0546984572230014,1361.1,4.28,0.0
5832,2,455,1.453999999999974,0.05714285714285714,1361.3,4.28,0.0
5833,2,446,1.444999999999975,0.05605381165919283,1361.6,4.28,0.0
5834,2,452,1.4509999999999743,0.05752212389380531,1361.8,4.28,0.0
5835,1,313,0.3119999999999896,0.054313099041533544,1362.0,4.29,0.0
5836,1,318,0.31699999999998907,0.05660377358490566,1362.1,4.29,0.0
5837,0,189,-0.8119999999999998,0.0582010582010582,1362.2,4.29,0.0
5838,0,179,-0.8219999999999998,0.055865921787709494,1362.3,4.29,0.0
5839,0,189,-0.8119999999999998,0.0582010582010582,1362.4,4.29,0.0
5840,0,179,-0.8219999999999998,0.055865921787709494,1362.5,4.29,0.0
5841,2,446,1.444999999999975,0.05605381165919283,1362.7,4.29,0.0
5842,1,315,0.3139999999999894,0.05714285714285714,1362.9,4.29,0.0
5843,2,446,1.444999999999975,0.05605381165919283,1363.1,4.29,0.0
5844,4,713,3.711999999999988,0.0546984572230014,1363.5,4.29,0.0
5845,0,179,-0.8219999999999998,0.055865921787709494,1363.6,4.29,0.0
5846,0,179,-0.8219999999999998,0.055865921787709494,1363.7,4.29,0.0
5847,6,979,5.978000000000075,0.05515832482124617,1364.2,4.29,0.0
5848,4,715,3.713999999999989,0.055944055944055944,1364.6,4.29,0.0
5849,2,456,1.4549999999999739,0.05701754385964912,1364.8,4.29,0.0
5850,0,179,-0.8219999999999998,0.055865921787709494,1364.9,4.29,0.0
5851,3,579,2.5779999999999603,0.055267702936096716,1365.2,4.29,0.0
5852,1,313,0.3119999999999896,0.054313099041533544,1365.4,4.29,0.0
5853,0,179,-0.8219999999999998,0.055865921787709494,1365.5,4.29,0.0
5854,1,313,0.3119999999999896,0.054313099041533544,1365.6,4.29,0.0
5855,1,313,0.3119999999999896,0.05750798722044728,1365.8,4.29,0.0
5856,1,313,0.3119999999999896,0.05750798722044728,1366.0,4.29,0.0
5857,1,315,0.3139999999999894,0.05714285714285714,1366.1,4.29,0.0
5858,4,730,3.728999999999994,0.056164383561643834,1366.5,4.29,0.0
5859,1,313,0.3119999999999896,0.054313099041533544,1366.7,4.29,0.0
5860,0,179,-0.8219999999999998,0.055865921787709494,1366.8,4.29,0.0
5861,0,179,-0.8219999999999998,0.055865921787709494,1366.8,4.29,0.0
5862,6,985,5.984000000000077,0.05583756345177665,1367.4,4.29,0.0
5863,2,459,1.4579999999999735,0.05664488017429194,1367.6,4.29,0.0
5864,0,179,-0.8219999999999998,0.055865921787709494,1367.7,4.29,0.0
5865,4,713,3.711999999999988,0.0546984572230014,1368.1,4.29,0.0
5866,0,187,-0.8139999999999998,0.058823529411764705,1368.2,4.29,0.0
5867,3,579,2.5779999999999603,0.055267702936096716,1368.5,4.29,0.0
5868,5,846,4.845000000000032,0.05555555555555555,1368.9,4.29,0.0
5869,1,318,0.31699999999998907,0.05660377358490566,1369.1,4.29,0.0
5870,2,460,1.4589999999999734,0.05652173913043478,1369.3,4.29,0.0
5871,1,321,0.31999999999998874,0.056074766355140186,1369.5,4.29,0.0
5872,0,187,-0.8139999999999998,0.058823529411764705,1369.6,4.29,0.0
5873,3,579,2.5779999999999603,0.055267702936096716,1369.9,4.29,0.0
5874,0,179,-0.8219999999999998,0.055865921787709494,1370.0,4.29,0.0
5875,2,446,1.444999999999975,0.05605381165919283,1370.2,4.29,0.0
5876,8,1246,8.244999999999962,0.05537720706260032,1370.9,4.29,0.0
5877,0,183,-0.8179999999999998,0.060109289617486336,1371.0,4.29,0.0
5878,0,179,-0.8219999999999998,0.055865921787709494,1371.1,4.29,0.0
5879,6,979,5.978000000000075,0.05515832482124617,1371.6,4.29,0.0
5880,5,846,4.845000000000032,0.05555555555555555,1372.0,4.29,0.0
5881,0,179,-0.8219999999999998,0.055865921787709494,1372.1,4.29,0.0
5882,0,179,-0.8219999999999998,0.055865921787709494,1372.2,4.29,0.0
5883,0,179,-0.8219999999999998,0.055865921787709494,1372.3,4.29,0.0
5884,0,179,-0.8219999999999998,0.055865921787709494,1372.4,4.29,0.0
5885,1,313,0.3119999999999896,0.054313099041533544,1372.6,4.29,0.0
5886,5,846,4.845000000000032,0.05555555555555555,1373.0,4.29,0.0
5887,1,314,0.3129999999999895,0.05732484076433121,1373.2,4.29,0.0
5888,2,447,1.4459999999999749,0.05592841163310962,1373.4,4.29,0.0
5889,1,313,0.3119999999999896,0.054313099041533544,1373.6,4.29,0.0
5890,1,313,0.3119999999999896,0.054313099041533544,1373.7,4.29,0.0
5891,3,579,2.5779999999999603,0.055267702936096716,1374.0,4.29,0.0
5892,1,313,0.3119999999999896,0.05750798722044728,1374.2,4.29,0.0
5893,0,194,-0.8069999999999998,0.05670103092783505,1374.3,4.29,0.0
5894,4,713,3.711999999999988,0.056100981767180924,1374.7,4.29,0.0
5895,0,179,-0.8219999999999998,0.055865921787709494,1374.8,4.29,0.0
5896,1,320,0.31899999999998885,0.05625,1374.9,4.29,0.0
5897,0,179,-0.8219999999999998,0.055865921787709494,1375.0,4.29,0.0
5898,3,579,2.5779999999999603,0.055267702936096716,1375.3,4.29,0.0
5899,0,184,-0.8169999999999998,0.059782608695652176,1375.4,4.29,0.0
5900,2,460,1.4589999999999734,0.05652173913043478,1375.7,4.29,0.0
5901,0,194,-0.8069999999999998,0.05670103092783505,1375.8,4.29,0.0
5902,3,579,2.5779999999999603,0.055267702936096716,1376.0,4.29,0.0
5903,0,179,-0.8219999999999998,0.055865921787709494,1376.1,4.29,0.0
5904,8,1246,8.244999999999962,0.056179775280898875,1376.8,4.29,0.0
5905,2,474,1.4729999999999719,0.056962025316455694,1377.0,4.29,0.0
5906,2,454,1.452999999999974,0.05726872246696035,1377.3,4.29,0.0
5907,2,446,1.444999999999975,0.05605381165919283,1377.5,4.29,0.0
5908,1,338,0.33699999999998687,0.05621301775147929,1377.7,4.29,0.0
5909,4,713,3.711999999999988,0.056100981767180924,1378.0,4.29,0.0
5910,0,182,-0.8189999999999998,0.06043956043956044,1378.1,4.29,0.0
5911,1,313,0.3119999999999896,0.05750798722044728,1378.3,4.29,0.0
5912,4,750,4.7490000000000006,0.056,1378.7,4.29,0.0
5913,1,313,0.3119999999999896,0.05750798722044728,1378.9,4.29,0.0
5914,3,589,2.587999999999959,0.05602716468590832,1379.2,4.29,0.0
5915,6,979,5.978000000000075,0.05515832482124617,1379.7,4.29,0.0
5916,0,179,-0.8219999999999998,0.05027932960893855,1379.8,4.29,0.0
5917,0,179,-0.8219999999999998,0.055865921787709494,1379.9,4.29,0.0
5918,0,179,-0.8219999999999998,0.055865921787709494,1380.0,4.29,0.0
5919,2,447,1.4459999999999749,0.05592841163310962,1380.2,4.29,0.0
5920,7,1128,7.127000000000027,0.05585106382978723,1380.8,4.29,0.0
5921,2,456,1.4549999999999739,0.05701754385964912,1381.0,4.29,0.0
5922,0,179,-0.8219999999999998,0.055865921787709494,1381.1,4.29,0.0
5923,0,179,-0.8219999999999998,0.055865921787709494,1381.2,4.29,0.0
5924,2,446,1.444999999999975,0.05605381165919283,1381.5,4.29,0.0
5925,1,313,0.3119999999999896,0.05750798722044728,1381.6,4.29,0.0
5926,4,730,3.728999999999994,0.056164383561643834,1382.0,4.29,0.0
5927,1,313,0.3119999999999896,0.054313099041533544,1382.1,4.29,0.0
5928,1,313,0.3119999999999896,0.054313099041533544,1382.3,4.29,0.0
5929,0,179,-0.8219999999999998,0.055865921787709494,1382.4,4.29,0.0
5930,0,183,-0.8179999999999998,0.060109289617486336,1382.5,4.29,0.0
5931,0,179,-0.8219999999999998,0.055865921787709494,1382.6,4.29,0.0
5932,1,313,0.3119999999999896,0.054313099041533544,1382.8,4.29,0.0
5933,0,179,-0.8219999999999998,0.055865921787709494,1382.8,4.29,0.0
5934,1,313,0.3119999999999896,0.05750798722044728,1383.0,4.29,0.0
5935,1,313,0.3119999999999896,0.05750798722044728,1383.2,4.29,0.0
5936,1,314,0.3129999999999895,0.05732484076433121,1383.3,4.29,0.0
5937,0,179,-0.8219999999999998,0.05027932960893855,1383.4,4.29,0.0
5938,3,592,2.590999999999959,0.05574324324324324,1383.7,4.29,0.0
5939,2,446,1.444999999999975,0.05605381165919283,1384.0,4.29,0.0
5940,2,456,1.4549999999999739,0.05701754385964912,1384.2,4.29,0.0
5941,3,579,2.5779999999999603,0.05699481865284974,1384.5,4.29,0.0
5942,3,586,2.5849999999999596,0.05631399317406143,1384.8,4.29,0.0
5943,0,179,-0.8219999999999998,0.055865921787709494,1384.9,4.29,0.0
5944,3,579,2.5779999999999603,0.055267702936096716,1385.2,4.29,0.0
5945,2,446,1.444999999999975,0.05605381165919283,1385.4,4.29,0.0
5946,0,179,-0.8219999999999998,0.055865921787709494,1385.5,4.29,0.0
5947,2,459,1.4579999999999735,0.05664488017429194,1385.8,4.29,0.0
5948,3,579,2.5779999999999603,0.055267702936096716,1386.1,4.29,0.0
5949,6,979,5.978000000000075,0.056179775280898875,1386.6,4.29,0.0
5950,2,446,1.444999999999975,0.05605381165919283,1386.8,4.29,0.0
5951,0,189,-0.8119999999999998,0.0582010582010582,1386.9,4.29,0.0
5952,0,186,-0.8149999999999998,0.05913978494623656,1387.0,4.29,0.0
5953,1,313,0.3119999999999896,0.054313099041533544,1387.2,4.29,0.0
5954,0,186,-0.8149999999999998,0.05913978494623656,1387.3,4.29,0.0
5955,1,313,0.3119999999999896,0.05750798722044728,1387.5,4.29,0.0
5956,5,846,4.845000000000032,0.05555555555555555,1387.9,4.29,0.0
5957,0,183,-0.8179999999999998,0.060109289617486336,1388.0,4.29,0.0
5958,0,179,-0.8219999999999998,0.055865921787709494,1388.1,4.29,0.0
5959,3,581,2.57999999999996,0.05679862306368331,1388.4,4.29,0.0
5960,9,1379,9.377999999999888,0.05511240029006526,1389.1,4.29,0.0
5961,4,729,3.7279999999999935,0.056241426611796985,1389.5,4.29,0.0
5962,3,579,2.5779999999999603,0.055267702936096716,1389.8,4.29,0.0
5963,2,446,1.444999999999975,0.05605381165919283,1390.1,4.29,0.0
5964,0,179,-0.8219999999999998,0.055865921787709494,1390.1,4.29,0.0
5965,3,579,2.5779999999999603,0.055267702936096716,1390.4,4.29,0.0
5966,1,313,0.3119999999999896,0.05750798722044728,1390.6,4.29,0.0
5967,0,207,-0.7939999999999998,0.057971014492753624,1390.7,4.29,0.0
5968,3,579,2.5779999999999603,0.055267702936096716,1391.0,4.29,0.0
5969,1,340,0.33899999999998665,0.05588235294117647,1391.2,4.29,0.0
5970,2,451,1.4499999999999744,0.057649667405764965,1391.4,4.29,0.0
5971,2,446,1.444999999999975,0.05605381165919283,1391.7,4.29,0.0
5972,0,183,-0.8179999999999998,0.060109289617486336,1391.8,4.29,0.0
5973,0,179,-0.8219999999999998,0.055865921787709494,1391.9,4.29,0.0
5974,1,317,0.3159999999999892,0.056782334384858045,1392.0,4.29,0.0
5975,3,579,2.5779999999999603,0.055267702936096716,1392.3,4.29,0.0
5976,4,713,3.711999999999988,0.056100981767180924,1392.7,4.29,0.0
5977,3,579,2.5779999999999603,0.055267702936096716,1393.0,4.29,0.0
5978,2,446,1.444999999999975,0.053811659192825115,1393.3,4.29,0.0
5979,3,579,2.5779999999999603,0.055267702936096716,1393.6,4.29,0.0
5980,0,193,-0.8079999999999998,0.05699481865284974,1393.7,4.29,0.0
5981,2,448,1.4469999999999748,0.05580357142857143,1393.9,4.29,0.0
5982,0,179,-0.8219999999999998,0.055865921787709494,1394.0,4.29,0.0
5983,1,313,0.3119999999999896,0.05750798722044728,1394.2,4.29,0.0
5984,1,319,0.31799999999998896,0.05642633228840126,1394.3,4.29,0.0
5985,8,1246,8.244999999999962,0.05537720706260032,1395.0,4.29,0.0
5986,0,179,-0.8219999999999998,0.055865921787709494,1395.1,4.29,0.0
5987,0,179,-0.8219999999999998,0.055865921787709494,1395.2,4.29,0.0
5988,1,313,0.3119999999999896,0.05750798722044728,1395.3,4.29,0.0
5989,2,446,1.444999999999975,0.05605381165919283,1395.6,4.29,0.0
5990,0,185,-0.8159999999999998,0.05945945945945946,1395.7,4.29,0.0
5991,4,713,3.711999999999988,0.056100981767180924,1396.0,4.29,0.0
5992,4,713,3.711999999999988,0.056100981767180924,1396.4,4.29,0.0
5993,2,446,1.444999999999975,0.05605381165919283,1396.6,4.29,0.0
5994,7,1113,7.112000000000036,0.055705300988319856,1397.2,4.29,0.0
5995,0,179,-0.8219999999999998,0.055865921787709494,1397.3,4.29,0.0
5996,0,184,-0.8169999999999998,0.059782608695652176,1397.4,4.29,0.0
5997,0,179,-0.8219999999999998,0.055865921787709494,1397.5,4.29,0.0
5998,0,179,-0.8219999999999998,0.055865921787709494,1397.6,4.29,0.0
5999,3,587,2.5859999999999594,0.056218057921635436,1397.9,4.29,0.0
6000,4,713,3.711999999999988,0.0546984572230014,1398.3,4.29,0.0
6001,4,713,3.711999999999988,0.056100981767180924,1401.4,4.28,0.0
6002,4,713,3.711999999999988,0.0546984572230014,1401.8,4.28,0.0
6003,1,339,0.33799999999998676,0.05604719764011799,1401.9,4.28,0.0
6004,4,713,3.711999999999988,0.056100981767180924,1402.3,4.28,0.0
6005,0,189,-0.8119999999999998,0.0582010582010582,1402.4,4.28,0.0
6006,5,846,4.845000000000032,0.05555555555555555,1402.9,4.28,0.0
6007,2,446,1.444999999999975,0.05605381165919283,1403.1,4.28,0.0
6008,1,313,0.3119999999999896,0.054313099041533544,1403.3,4.28,0.0
6009,0,179,-0.8219999999999998,0.055865921787709494,1403.4,4.28,0.0
6010,1,313,0.3119999999999896,0.05750798722044728,1403.5,4.28,0.0
6011,1,313,0.3119999999999896,0.054313099041533544,1403.7,4.28,0.0
6012,2,446,1.444999999999975,0.05605381165919283,1403.9,4.28,0.0
6013,0,179,-0.8219999999999998,0.055865921787709494,1404.0,4.28,0.0
6014,0,189,-0.8119999999999998,0.0582010582010582,1404.1,4.28,0.0
6015,0,191,-0.8099999999999998,0.05759162303664921,1404.2,4.28,0.0
6016,1,327,0.3259999999999881,0.0581039755351682,1404.4,4.28,0.0
6017,2,446,1.444999999999975,0.05605381165919283,1404.6,4.28,0.0
6018,3,583,2.58199999999996,0.05660377358490566,1404.9,4.28,0.0
6019,1,318,0.31699999999998907,0.05660377358490566,1405.1,4.28,0.0
6020,0,184,-0.8169999999999998,0.059782608695652176,1405.2,4.28,0.0
6021,4,713,3.711999999999988,0.056100981767180924,1405.6,4.28,0.0
6022,3,591,2.589999999999959,0.05583756345177665,1405.9,4.28,0.0
6023,0,179,-0.8219999999999998,0.055865921787709494,1406.0,4.28,0.0
6024,0,179,-0.8219999999999998,0.055865921787709494,1406.0,4.29,0.0
6025,0,179,-0.8219999999999998,0.055865921787709494,1406.1,4.29,0.0
6026,0,186,-0.8149999999999998,0.05913978494623656,1406.2,4.29,0.0
6027,3,579,2.5779999999999603,0.055267702936096716,1406.5,4.29,0.0
6028,2,446,1.444999999999975,0.05605381165919283,1406.8,4.29,0.0
6029,2,446,1.444999999999975,0.05605381165919283,1407.0,4.29,0.0
6030,4,713,3.711999999999988,0.0546984572230014,1407.4,4.29,0.0
6031,0,179,-0.8219999999999998,0.055865921787709494,1407.5,4.29,0.0
6032,1,313,0.3119999999999896,0.054313099041533544,1407.6,4.29,0.0
6033,4,719,3.71799999999999,0.055632823365785816,1408.0,4.29,0.0
6034,0,179,-0.8219999999999998,0.055865921787709494,1408.1,4.29,0.0
6035,1,337,0.335999999999987,0.05637982195845697,1408.3,4.29,0.0
6036,0,192,-0.8089999999999998,0.057291666666666664,1408.4,4.29,0.0
6037,2,465,1.4639999999999729,0.05591397849462366,1408.6,4.29,0.0
6038,5,846,4.845000000000032,0.05555555555555555,1409.1,4.29,0.0
6039,1,313,0.3119999999999896,0.054313099041533544,1409.2,4.29,0.0
6040,2,446,1.444999999999975,0.05605381165919283,1409.5,4.29,0.0
6041,2,446,1.444999999999975,0.05605381165919283,1409.7,4.29,0.0
6042,0,179,-0.8219999999999998,0.055865921787709494,1409.8,4.29,0.0
6043,1,313,0.3119999999999896,0.054313099041533544,1410.0,4.29,0.0
6044,0,179,-0.8219999999999998,0.055865921787709494,1410.1,4.29,0.0
6045,0,179,-0.8219999999999998,0.055865921787709494,1410.1,4.29,0.0
6046,1,313,0.3119999999999896,0.054313099041533544,1410.3,4.29,0.0
6047,5,849,4.848000000000033,0.05653710247349823,1410.7,4.29,0.0
6048,0,193,-0.8079999999999998,0.05699481865284974,1410.8,4.29,0.0
6049,1,313,0.3119999999999896,0.054313099041533544,1411.0,4.29,0.0
6050,4,732,3.7309999999999945,0.056010928961748634,1411.4,4.29,0.0
6051,3,579,2.5779999999999603,0.055267702936096716,1411.7,4.29,0.0
6052,2,446,1.444999999999975,0.05605381165919283,1411.9,4.29,0.0
6053,0,179,-0.8219999999999998,0.055865921787709494,1412.0,4.29,0.0
6054,3,584,2.5829999999999598,0.05650684931506849,1412.3,4.29,0.0
6055,2,446,1.444999999999975,0.05605381165919283,1412.6,4.29,0.0
6056,3,579,2.5779999999999603,0.055267702936096716,1412.9,4.29,0.0
6057,3,588,2.5869999999999593,0.05612244897959184,1413.2,4.29,0.0
6058,5,875,4.874000000000041,0.056,1413.7,4.29,0.0
6059,5,846,4.845000000000032,0.05555555555555555,1414.1,4.29,0.0
6060,4,715,3.713999999999989,0.055944055944055944,1414.5,4.28,0.0
6061,0,186,-0.8149999999999998,0.05913978494623656,1414.6,4.29,0.0
6062,1,313,0.3119999999999896,0.054313099041533544,1414.7,4.29,0.0
6063,1,313,0.3119999999999896,0.054313099041533544,1414.9,4.29,0.0
6064,4,729,3.7279999999999935,0.056241426611796985,1415.3,4.29,0.0
6065,3,593,2.591999999999959,0.05564924114671164,1415.6,4.29,0.0
6066,0,184,-0.8169999999999998,0.059782608695652176,1415.7,4.29,0.0
6067,1,335,0.3339999999999872,0.056716417910447764,1415.9,4.29,0.0
6068,0,189,-0.8119999999999998,0.0582010582010582,1415.9,4.29,0.0
6069,2,457,1.4559999999999738,0.05689277899343545,1416.2,4.29,0.0
6070,0,179,-0.8219999999999998,0.055865921787709494,1416.3,4.29,0.0
6071,5,846,4.845000000000032,0.05555555555555555,1416.7,4.29,0.0
6072,0,179,-0.8219999999999998,0.055865921787709494,1416.8,4.29,0.0
6073,0,192,-0.8089999999999998,0.057291666666666664,1416.9,4.29,0.0
6074,10,1513,10.511999999999814,0.05551883674818242,1417.7,4.29,0.0
6075,1,338,0.33699999999998687,0.05621301775147929,1417.9,4.29,0.0
6076,1,336,0.3349999999999871,0.05654761904761905,1418.0,4.29,0.0
6077,3,590,2.588999999999959,0.05593220338983051,1418.3,4.29,0.0
6078,0,179,-0.8219999999999998,0.055865921787709494,1418.4,4.29,0.0
6079,3,579,2.5779999999999603,0.055267702936096716,1418.7,4.29,0.0
6080,0,179,-0.8219999999999998,0.055865921787709494,1418.8,4.29,0.0
6081,6,986,5.985000000000078,0.055780933062880324,1419.4,4.29,0.0
6082,1,313,0.3119999999999896,0.05750798722044728,1419.5,4.29,0.0
6083,1,336,0.3349999999999871,0.05654761904761905,1419.7,4.29,0.0
6084,0,183,-0.8179999999999998,0.060109289617486336,1419.8,4.29,0.0
6085,2,446,1.444999999999975,0.05605381165919283,1420.0,4.29,0.0
6086,0,182,-0.8189999999999998,0.06043956043956044,1420.1,4.29,0.0
6087,1,313,0.3119999999999896,0.054313099041533544,1420.3,4.29,0.0
6088,5,855,4.854000000000035,0.056140350877192984,1420.7,4.29,0.0
6089,4,713,3.711999999999988,0.056100981767180924,1421.1,4.29,0.0
6090,3,579,2.5779999999999603,0.055267702936096716,1421.4,4.29,0.0
6091,0,196,-0.8049999999999998,0.05612244897959184,1421.5,4.29,0.0
6092,5,846,4.845000000000032,0.05673758865248227,1421.9,4.28,0.0
6093,4,727,3.725999999999993,0.05639614855570839,1422.3,4.28,0.0
6094,1,337,0.335999999999987,0.05637982195845697,1422.5,4.28,0.0
6095,2,446,1.444999999999975,0.05605381165919283,1422.7,4.28,0.0
6096,1,313,0.3119999999999896,0.05750798722044728,1422.9,4.28,0.0
6097,2,446,1.444999999999975,0.05605381165919283,1423.1,4.28,0.0
6098,2,446,1.444999999999975,0.05605381165919283,1423.3,4.28,0.0
6099,0,186,-0.8149999999999998,0.05913978494623656,1423.4,4.29,0.0
6100,0,179,-0.8219999999999998,0.055865921787709494,1423.5,4.29,0.0
6101,0,194,-0.8069999999999998,0.05670103092783505,1423.6,4.29,0.0
6102,1,313,0.3119999999999896,0.054313099041533544,1423.8,4.29,0.0
6103,0,179,-0.8219999999999998,0.055865921787709494,1423.9,4.29,0.0
6104,2,446,1.444999999999975,0.053811659192825115,1424.1,4.29,0.0
6105,0,179,-0.8219999999999998,0.055865921787709494,1424.2,4.29,0.0
6106,2,458,1.4569999999999736,0.056768558951965066,1424.4,4.29,0.0
6107,0,179,-0.8219999999999998,0.055865921787709494,1424.5,4.29,0.0
6108,1,313,0.3119999999999896,0.054313099041533544,1424.7,4.29,0.0
6109,2,461,1.4599999999999733,0.05639913232104121,1424.9,4.29,0.0
6110,2,446,1.444999999999975,0.053811659192825115,1425.2,4.29,0.0
6111,1,313,0.3119999999999896,0.054313099041533544,1425.3,4.29,0.0
6112,1,313,0.3119999999999896,0.05750798722044728,1425.5,4.29,0.0
6113,0,195,-0.8059999999999998,0.05641025641025641,1425.6,4.29,0.0
6114,7,1113,7.112000000000036,0.055705300988319856,1426.2,4.29,0.0
6115,0,192,-0.8089999999999998,0.057291666666666664,1426.3,4.29,0.0
6116,3,579,2.5779999999999603,0.055267702936096716,1426.6,4.29,0.0
6117,0,179,-0.8219999999999998,0.055865921787709494,1426.7,4.29,0.0
6118,0,185,-0.8159999999999998,0.05945945945945946,1426.8,4.29,0.0
6119,5,846,4.845000000000032,0.05555555555555555,1427.2,4.29,0.0
6120,5,846,4.845000000000032,0.05555555555555555,1427.6,4.29,0.0
6121,3,583,2.58199999999996,0.05660377358490566,1427.9,4.29,0.0
6122,5,850,4.849000000000033,0.05647058823529412,1428.4,4.29,0.0
6123,3,583,2.58199999999996,0.05660377358490566,1428.7,4.29,0.0
6124,1,313,0.3119999999999896,0.054313099041533544,1428.9,4.29,0.0
6125,2,457,1.4559999999999738,0.05689277899343545,1429.1,4.29,0.0
6126,0,179,-0.8219999999999998,0.055865921787709494,1429.2,4.29,0.0
6127,2,446,1.444999999999975,0.05605381165919283,1429.4,4.29,0.0
6128,6,1005,6.004000000000084,0.05572139303482587,1430.0,4.29,0.0
6129,0,179,-0.8219999999999998,0.055865921787709494,1430.1,4.29,0.0
6130,0,191,-0.8099999999999998,0.05759162303664921,1430.2,4.29,0.0
6131,0,179,-0.8219999999999998,0.055865921787709494,1430.2,4.29,0.0
6132,2,446,1.444999999999975,0.053811659192825115,1430.5,4.29,0.0
6133,1,313,0.3119999999999896,0.054313099041533544,1430.7,4.29,0.0
6134,4,713,3.711999999999988,0.0546984572230014,1431.0,4.29,0.0
6135,2,462,1.4609999999999732,0.05627705627705628,1431.3,4.29,0.0
6136,4,713,3.711999999999988,0.056100981767180924,1431.6,4.29,0.0
6137,1,313,0.3119999999999896,0.054313099041533544,1431.8,4.29,0.0
6138,4,732,3.7309999999999945,0.056010928961748634,1432.2,4.29,0.0
6139,0,179,-0.8219999999999998,0.055865921787709494,1432.3,4.29,0.0
6140,3,588,2.5869999999999593,0.05612244897959184,1432.6,4.29,0.0
6141,0,183,-0.8179999999999998,0.060109289617486336,1432.7,4.29,0.0
6142,3,579,2.5779999999999603,0.055267702936096716,1433.0,4.29,0.0
6143,3,579,2.5779999999999603,0.055267702936096716,1433.3,4.29,0.0
6144,0,196,-0.8049999999999998,0.05612244897959184,1433.4,4.29,0.0
6145,5,855,4.854000000000035,0.056140350877192984,1433.8,4.29,0.0
6146,3,579,2.5779999999999603,0.055267702936096716,1434.1,4.29,0.0
6147,4,713,3.711999999999988,0.056100981767180924,1434.5,4.29,0.0
6148,2,446,1.444999999999975,0.05605381165919283,1434.7,4.29,0.0
6149,2,446,1.444999999999975,0.05605381165919283,1434.9,4.29,0.0
6150,4,715,3.713999999999989,0.055944055944055944,1435.3,4.29,0.0
6151,0,179,-0.8219999999999998,0.055865921787709494,1435.4,4.29,0.0
6152,2,446,1.444999999999975,0.05605381165919283,1435.6,4.29,0.0
6153,2,446,1.444999999999975,0.053811659192825115,1435.9,4.29,0.0
6154,2,446,1.444999999999975,0.05605381165919283,1436.1,4.29,0.0
6155,0,189,-0.8119999999999998,0.0582010582010582,1436.2,4.29,0.0
6156,1,336,0.3349999999999871,0.05654761904761905,1436.4,4.29,0.0
6157,1,313,0.3119999999999896,0.054313099041533544,1436.6,4.29,0.0
6158,3,579,2.5779999999999603,0.055267702936096716,1436.9,4.29,0.0
6159,4,713,3.711999999999988,0.056100981767180924,1437.2,4.29,0.0
6160,3,609,2.607999999999957,0.05582922824302135,1437.5,4.29,0.0
6161,0,179,-0.8219999999999998,0.055865921787709494,1437.6,4.29,0.0
6162,2,446,1.444999999999975,0.05605381165919283,1437.9,4.29,0.0
6163,0,179,-0.8219999999999998,0.055865921787709494,1438.0,4.29,0.0
6164,0,179,-0.8219999999999998,0.055865921787709494,1438.0,4.29,0.0
6165,3,579,2.5779999999999603,0.055267702936096716,1438.4,4.29,0.0
6166,0,179,-0.8219999999999998,0.055865921787709494,1438.4,4.29,0.0
6167,9,1379,9.377999999999888,0.05511240029006526,1439.2,4.29,0.0
6168,0,179,-0.8219999999999998,0.055865921787709494,1439.2,4.29,0.0
6169,4,713,3.711999999999988,0.056100981767180924,1439.6,4.29,0.0
6170,3,579,2.5779999999999603,0.05699481865284974,1439.9,4.29,0.0
6171,0,179,-0.8219999999999998,0.055865921787709494,1440.0,4.29,0.0
6172,0,179,-0.8219999999999998,0.055865921787709494,1440.1,4.29,0.0
6173,4,732,3.7309999999999945,0.056010928961748634,1440.5,4.29,0.0
6174,0,179,-0.8219999999999998,0.055865921787709494,1440.6,4.29,0.0
6175,1,313,0.3119999999999896,0.05750798722044728,1440.7,4.29,0.0
6176,0,179,-0.8219999999999998,0.055865921787709494,1440.8,4.29,0.0
6177,9,1379,9.377999999999888,0.05583756345177665,1441.5,4.29,0.0
6178,6,979,5.978000000000075,0.05515832482124617,1442.1,4.28,0.0
6179,4,713,3.711999999999988,0.056100981767180924,1442.4,4.28,0.0
6180,3,579,2.5779999999999603,0.055267702936096716,1442.7,4.28,0.0
6181,1,313,0.3119999999999896,0.054313099041533544,1442.9,4.28,0.0
6182,4,728,3.726999999999993,0.05631868131868132,1443.3,4.28,0.0
6183,6,979,5.978000000000075,0.05515832482124617,1443.8,4.28,0.0
6184,2,446,1.444999999999975,0.05605381165919283,1444.0,4.28,0.0
6185,1,313,0.3119999999999896,0.054313099041533544,1444.2,4.28,0.0
6186,4,713,3.711999999999988,0.0546984572230014,1444.5,4.28,0.0
6187,0,184,-0.8169999999999998,0.059782608695652176,1444.6,4.28,0.0
6188,1,313,0.3119999999999896,0.05750798722044728,1444.8,4.28,0.0
6189,0,187,-0.8139999999999998,0.058823529411764705,1444.9,4.28,0.0
6190,1,313,0.3119999999999896,0.054313099041533544,1445.1,4.28,0.0
6191,1,313,0.3119999999999896,0.054313099041533544,1445.2,4.28,0.0
6192,1,313,0.3119999999999896,0.054313099041533544,1445.4,4.28,0.0
6193,0,192,-0.8089999999999998,0.057291666666666664,1445.5,4.29,0.0
6194,6,982,5.981000000000076,0.0560081466395112,1446.0,4.28,0.0
6195,1,340,0.33899999999998665,0.05588235294117647,1446.2,4.28,0.0
6196,1,313,0.3119999999999896,0.05750798722044728,1446.3,4.28,0.0
6197,2,446,1.444999999999975,0.053811659192825115,1446.6,4.28,0.0
6198,1,322,0.32099999999998863,0.055900621118012424,1446.7,4.28,0.0
6199,2,462,1.4609999999999732,0.05627705627705628,1447.0,4.28,0.0
6200,4,732,3.7309999999999945,0.056010928961748634,1447.4,4.28,0.0
6201,1,313,0.3119999999999896,0.054313099041533544,1447.5,4.28,0.0
6202,4,727,3.725999999999993,0.05639614855570839,1447.9,4.28,0.0
6203,2,456,1.4549999999999739,0.05701754385964912,1448.2,4.28,0.0
6204,1,313,0.3119999999999896,0.054313099041533544,1448.3,4.28,0.0
6205,6,1001,6.000000000000083,0.055944055944055944,1448.8,4.28,0.0
6206,0,185,-0.8159999999999998,0.05945945945945946,1448.9,4.28,0.0
6207,7,1113,7.112000000000036,0.055705300988319856,1449.5,4.28,0.0
6208,1,322,0.32099999999998863,0.055900621118012424,1449.7,4.28,0.0
6209,0,179,-0.8219999999999998,0.055865921787709494,1449.8,4.28,0.0
6210,3,582,2.58099999999996,0.05670103092783505,1450.1,4.28,0.0
6211,0,187,-0.8139999999999998,0.058823529411764705,1450.2,4.28,0.0
6212,2,446,1.444999999999975,0.05605381165919283,1450.4,4.28,0.0
6213,2,446,1.444999999999975,0.05605381165919283,1450.6,4.28,0.0
6214,1,313,0.3119999999999896,0.054313099041533544,1450.8,4.28,0.0
6215,0,186,-0.8149999999999998,0.05913978494623656,1450.9,4.28,0.0
6216,0,179,-0.8219999999999998,0.055865921787709494,1451.0,4.28,0.0
6217,1,335,0.3339999999999872,0.056716417910447764,1451.2,4.28,0.0
6218,1,313,0.3119999999999896,0.054313099041533544,1451.3,4.29,0.0
6219,4,713,3.711999999999988,0.056100981767180924,1451.7,4.28,0.0
6220,0,179,-0.8219999999999998,0.055865921787709494,1451.8,4.29,0.0
6221,2,446,1.444999999999975,0.05605381165919283,1452.0,4.29,0.0
6222,3,579,2.5779999999999603,0.055267702936096716,1452.3,4.28,0.0
6223,0,179,-0.8219999999999998,0.055865921787709494,1452.4,4.29,0.0
6224,5,846,4.845000000000032,0.054373522458628844,1452.8,4.28,0.0
6225,2,446,1.444999999999975,0.053811659192825115,1453.1,4.28,0.0
6226,0,184,-0.8169999999999998,0.059782608695652176,1453.2,4.29,0.0
6227,2,463,1.461999999999973,0.056155507559395246,1453.4,4.29,0.0
6228,3,579,2.5779999999999603,0.055267702936096716,1453.7,4.28,0.0
6229,0,179,-0.8219999999999998,0.055865921787709494,1453.8,4.29,0.0
6230,3,579,2.5779999999999603,0.055267702936096716,1454.1,4.29,0.0
6231,4,735,3.7339999999999955,0.055782312925170066,1454.5,4.28,0.0
6232,3,584,2.5829999999999598,0.05650684931506849,1454.8,4.28,0.0
6233,4,713,3.711999999999988,0.056100981767180924,1455.2,4.28,0.0
6234,3,579,2.5779999999999603,0.055267702936096716,1455.5,4.28,0.0
6235,1,313,0.3119999999999896,0.054313099041533544,1455.6,4.28,0.0
6236,3,579,2.5779999999999603,0.055267702936096716,1455.9,4.28,0.0
6237,0,179,-0.8219999999999998,0.055865921787709494,1456.0,4.28,0.0
6238,1,315,0.3139999999999894,0.05714285714285714,1456.2,4.28,0.0
6239,4,713,3.711999999999988,0.0546984572230014,1456.6,4.28,0.0
6240,4,713,3.711999999999988,0.056100981767180924,1457.0,4.28,0.0
6241,0,179,-0.8219999999999998,0.055865921787709494,1457.0,4.28,0.0
6242,5,855,4.854000000000035,0.056140350877192984,1457.5,4.28,0.0
6243,0,179,-0.8219999999999998,0.055865921787709494,1457.6,4.28,0.0
6244,0,179,-0.8219999999999998,0.055865921787709494,1457.7,4.28,0.0
6245,5,852,4.851000000000034,0.056338028169014086,1458.1,4.28,0.0
6246,0,185,-0.8159999999999998,0.05945945945945946,1458.2,4.28,0.0
6247,1,313,0.3119999999999896,0.05750798722044728,1458.4,4.28,0.0
6248,0,184,-0.8169999999999998,0.059782608695652176,1458.5,4.28,0.0
6249,2,462,1.4609999999999732,0.05627705627705628,1458.7,4.28,0.0
6250,0,179,-0.8219999999999998,0.055865921787709494,1458.8,4.29,0.0
6251,4,713,3.711999999999988,0.0546984572230014,1459.2,4.28,0.0
6252,0,179,-0.8219999999999998,0.05027932960893855,1459.3,4.29,0.0
6253,5,861,4.860000000000037,0.05574912891986063,1459.7,4.28,0.0
6254,0,192,-0.8089999999999998,0.057291666666666664,1459.8,4.28,0.0
6255,3,579,2.5779999999999603,0.055267702936096716,1460.1,4.28,0.0
6256,3,579,2.5779999999999603,0.055267702936096716,1460.4,4.28,0.0
6257,5,846,4.845000000000032,0.05555555555555555,1460.9,4.28,0.0
6258,4,713,3.711999999999988,0.056100981767180924,1461.2,4.28,0.0
6259,3,579,2.5779999999999603,0.055267702936096716,1461.5,4.28,0.0
6260,1,313,0.3119999999999896,0.054313099041533544,1461.7,4.28,0.0
6261,0,179,-0.8219999999999998,0.055865921787709494,1461.8,4.28,0.0
6262,3,609,2.607999999999957,0.05582922824302135,1462.1,4.28,0.0
6263,1,313,0.3119999999999896,0.05750798722044728,1462.3,4.28,0.0
6264,1,313,0.3119999999999896,0.054313099041533544,1462.4,4.28,0.0
6265,1,313,0.3119999999999896,0.054313099041533544,1462.6,4.28,0.0
6266,5,846,4.845000000000032,0.05555555555555555,1463.0,4.28,0.0
6267,1,320,0.31899999999998885,0.05625,1463.2,4.28,0.0
6268,2,446,1.444999999999975,0.05605381165919283,1463.4,4.28,0.0
6269,1,313,0.3119999999999896,0.05750798722044728,1463.6,4.28,0.0
6270,1,313,0.3119999999999896,0.054313099041533544,1463.7,4.28,0.0
6271,1,322,0.32099999999998863,0.055900621118012424,1463.9,4.28,0.0
6272,0,179,-0.8219999999999998,0.055865921787709494,1464.0,4.28,0.0
6273,0,188,-0.8129999999999998,0.05851063829787234,1464.1,4.29,0.0
6274,0,179,-0.8219999999999998,0.055865921787709494,1464.2,4.29,0.0
6275,1,313,0.3119999999999896,0.054313099041533544,1464.4,4.29,0.0
6276,1,313,0.3119999999999896,0.054313099041533544,1464.5,4.29,0.0
6277,9,1379,9.377999999999888,0.05583756345177665,1465.3,4.28,0.0
6278,2,460,1.4589999999999734,0.05652173913043478,1465.5,4.28,0.0
6279,3,579,2.5779999999999603,0.05699481865284974,1465.8,4.28,0.0
6280,6,984,5.983000000000077,0.05589430894308943,1466.3,4.28,0.0
6281,5,846,4.845000000000032,0.05555555555555555,1466.7,4.28,0.0
6282,1,313,0.3119999999999896,0.054313099041533544,1466.9,4.28,0.0
6283,2,446,1.444999999999975,0.053811659192825115,1467.2,4.28,0.0
6284,4,713,3.711999999999988,0.056100981767180924,1467.5,4.28,0.0
6285,4,713,3.711999999999988,0.0546984572230014,1467.9,4.28,0.0
6286,0,179,-0.8219999999999998,0.055865921787709494,1468.0,4.28,0.0
6287,1,313,0.3119999999999896,0.054313099041533544,1468.2,4.28,0.0
6288,2,446,1.444999999999975,0.05605381165919283,1468.4,4.28,0.0
6289,0,179,-0.8219999999999998,0.055865921787709494,1468.5,4.28,0.0
6290,3,579,2.5779999999999603,0.055267702936096716,1468.8,4.28,0.0
6291,0,179,-0.8219999999999998,0.055865921787709494,1468.9,4.28,0.0
6292,2,446,1.444999999999975,0.053811659192825115,1469.1,4.28,0.0
6293,9,1388,9.386999999999883,0.056195965417867436,1469.8,4.28,0.0
6294,4,713,3.711999999999988,0.056100981767180924,1470.2,4.28,0.0
6295,1,313,0.3119999999999896,0.054313099041533544,1470.4,4.28,0.0
6296,0,179,-0.8219999999999998,0.055865921787709494,1470.5,4.28,0.0
6297,0,179,-0.8219999999999998,0.055865921787709494,1470.6,4.28,0.0
6298,1,320,0.31899999999998885,0.05625,1470.7,4.28,0.0
6299,6,979,5.978000000000075,0.056179775280898875,1471.3,4.28,0.0
6300,0,179,-0.8219999999999998,0.055865921787709494,1471.3,4.28,0.0
6301,2,446,1.444999999999975,0.05605381165919283,1471.6,4.28,0.0
6302,5,846,4.845000000000032,0.05555555555555555,1472.0,4.28,0.0
6303,2,446,1.444999999999975,0.053811659192825115,1472.3,4.28,0.0
6304,3,579,2.5779999999999603,0.05699481865284974,1472.6,4.28,0.0
6305,0,183,-0.8179999999999998,0.060109289617486336,1472.7,4.28,0.0
6306,1,313,0.3119999999999896,0.054313099041533544,1472.8,4.28,0.0
6307,5,846,4.845000000000032,0.05555555555555555,1473.3,4.28,0.0
6308,0,179,-0.8219999999999998,0.055865921787709494,1473.4,4.28,0.0
6309,0,179,-0.8219999999999998,0.055865921787709494,1473.4,4.28,0.0
6310,6,979,5.978000000000075,0.05515832482124617,1474.0,4.28,0.0
6311,3,590,2.588999999999959,0.05593220338983051,1474.3,4.28,0.0
6312,6,988,5.987000000000078,0.05566801619433198,1474.8,4.28,0.0
6313,0,186,-0.8149999999999998,0.05913978494623656,1474.9,4.28,0.0
6314,0,179,-0.8219999999999998,0.055865921787709494,1475.0,4.28,0.0
6315,5,846,4.845000000000032,0.05555555555555555,1475.4,4.28,0.0
6316,4,713,3.711999999999988,0.056100981767180924,1475.8,4.28,0.0
6317,0,179,-0.8219999999999998,0.055865921787709494,1475.9,4.28,0.0
6318,1,341,0.33999999999998654,0.05571847507331378,1476.0,4.28,0.0
6319,0,179,-0.8219999999999998,0.055865921787709494,1476.1,4.28,0.0
6320,5,846,4.845000000000032,0.05555555555555555,1476.6,4.28,0.0
6321,1,315,0.3139999999999894,0.05714285714285714,1476.7,4.28,0.0
6322,2,459,1.4579999999999735,0.05664488017429194,1477.0,4.28,0.0
6323,5,881,4.880000000000043,0.05561861520998865,1477.4,4.28,0.0
6324,0,179,-0.8219999999999998,0.055865921787709494,1477.5,4.28,0.0
6325,7,1130,7.129000000000026,0.05575221238938053,1478.1,4.28,0.0
6326,1,338,0.33699999999998687,0.05621301775147929,1478.3,4.28,0.0
6327,3,579,2.5779999999999603,0.055267702936096716,1478.6,4.28,0.0
6328,1,336,0.3349999999999871,0.05654761904761905,1478.8,4.28,0.0
6329,3,589,2.587999999999959,0.05602716468590832,1479.1,4.28,0.0
6330,1,335,0.3339999999999872,0.056716417910447764,1479.3,4.28,0.0
6331,7,1113,7.112000000000036,0.055705300988319856,1479.8,4.28,0.0
6332,0,187,-0.8139999999999998,0.058823529411764705,1479.9,4.28,0.0
6333,3,584,2.5829999999999598,0.05650684931506849,1480.2,4.28,0.0
6334,0,189,-0.8119999999999998,0.0582010582010582,1480.3,4.28,0.0
6335,0,179,-0.8219999999999998,0.055865921787709494,1480.4,4.28,0.0
6336,2,446,1.444999999999975,0.053811659192825115,1480.7,4.28,0.0
6337,3,583,2.58199999999996,0.05660377358490566,1481.0,4.28,0.0
6338,0,179,-0.8219999999999998,0.055865921787709494,1481.0,4.28,0.0
6339,3,579,2.5779999999999603,0.055267702936096716,1481.3,4.28,0.0
6340,1,315,0.3139999999999894,0.05714285714285714,1481.5,4.28,0.0
6341,3,579,2.5779999999999603,0.055267702936096716,1481.8,4.28,0.0
6342,4,727,3.725999999999993,0.05639614855570839,1482.2,4.28,0.0
6343,2,446,1.444999999999975,0.05605381165919283,1482.4,4.28,0.0
6344,4,713,3.711999999999988,0.056100981767180924,1482.8,4.28,0.0
6345,0,179,-0.8219999999999998,0.055865921787709494,1482.9,4.28,0.0
6346,1,316,0.3149999999999893,0.056962025316455694,1483.0,4.28,0.0
6347,0,193,-0.8079999999999998,0.05699481865284974,1483.1,4.28,0.0
6348,0,189,-0.8119999999999998,0.0582010582010582,1483.2,4.28,0.0
6349,0,179,-0.8219999999999998,0.05027932960893855,1483.3,4.28,0.0
6350,5,846,4.845000000000032,0.05555555555555555,1483.8,4.28,0.0
6351,1,313,0.3119999999999896,0.054313099041533544,1483.9,4.28,0.0
6352,2,446,1.444999999999975,0.05605381165919283,1484.2,4.28,0.0
6353,0,179,-0.8219999999999998,0.055865921787709494,1484.3,4.28,0.0
6354,2,446,1.444999999999975,0.05605381165919283,1484.5,4.28,0.0
6355,0,179,-0.8219999999999998,0.055865921787709494,1484.6,4.28,0.0
6356,0,179,-0.8219999999999998,0.055865921787709494,1484.7,4.28,0.0
6357,0,179,-0.8219999999999998,0.055865921787709494,1484.8,4.28,0.0
6358,4,713,3.711999999999988,0.056100981767180924,1485.1,4.28,0.0
6359,0,179,-0.8219999999999998,0.055865921787709494,1485.2,4.28,0.0
6360,1,313,0.3119999999999896,0.054313099041533544,1485.4,4.28,0.0
6361,3,579,2.5779999999999603,0.055267702936096716,1485.7,4.28,0.0
6362,2,446,1.444999999999975,0.05605381165919283,1485.9,4.28,0.0
6363,4,730,3.728999999999994,0.056164383561643834,1486.3,4.28,0.0
6364,0,179,-0.8219999999999998,0.055865921787709494,1486.4,4.28,0.0
6365,2,446,1.444999999999975,0.05605381165919283,1486.6,4.28,0.0
6366,10,1513,10.511999999999814,0.05551883674818242,1487.4,4.28,0.0
6367,0,184,-0.8169999999999998,0.059782608695652176,1487.5,4.28,0.0
6368,0,190,-0.8109999999999998,0.05789473684210526,1487.6,4.28,0.0
6369,2,446,1.444999999999975,0.053811659192825115,1487.9,4.28,0.0
6370,0,179,-0.8219999999999998,0.055865921787709494,1487.9,4.28,0.0
6371,0,190,-0.8109999999999998,0.05789473684210526,1488.0,4.28,0.0
6372,0,194,-0.8069999999999998,0.05670103092783505,1488.1,4.28,0.0
6373,4,736,3.734999999999996,0.05570652173913043,1488.5,4.28,0.0
6374,2,466,1.4649999999999728,0.055793991416309016,1488.8,4.28,0.0
6375,2,459,1.4579999999999735,0.05664488017429194,1489.0,4.28,0.0
6376,1,320,0.31899999999998885,0.05625,1489.2,4.28,0.0
6377,2,446,1.444999999999975,0.05605381165919283,1489.4,4.28,0.0
6378,3,579,2.5779999999999603,0.055267702936096716,1489.7,4.28,0.0
6379,0,183,-0.8179999999999998,0.060109289617486336,1489.8,4.28,0.0
6380,6,979,5.978000000000075,0.05515832482124617,1490.4,4.28,0.0
6381,1,337,0.335999999999987,0.05637982195845697,1490.5,4.28,0.0
6382,3,584,2.5829999999999598,0.05650684931506849,1490.8,4.28,0.0
6383,0,179,-0.8219999999999998,0.055865921787709494,1490.9,4.28,0.0
6384,0,179,-0.8219999999999998,0.055865921787709494,1491.0,4.28,0.0
6385,1,313,0.3119999999999896,0.054313099041533544,1491.2,4.28,0.0
6386,4,713,3.711999999999988,0.056100981767180924,1491.5,4.28,0.0
6387,2,446,1.444999999999975,0.05605381165919283,1491.8,4.28,0.0
6388,1,313,0.3119999999999896,0.054313099041533544,1491.9,4.28,0.0
6389,0,179,-0.8219999999999998,0.055865921787709494,1492.0,4.28,0.0
6390,2,463,1.461999999999973,0.056155507559395246,1492.3,4.28,0.0
6391,1,350,1.3489999999999855,0.05714285714285714,1492.5,4.28,0.0
6392,0,179,-0.8219999999999998,0.055865921787709494,1492.5,4.28,0.0
6393,6,979,5.978000000000075,0.05515832482124617,1493.1,4.28,0.0
6394,3,586,2.5849999999999596,0.05631399317406143,1493.4,4.28,0.0
6395,1,313,0.3119999999999896,0.054313099041533544,1493.5,4.28,0.0
6396,2,464,1.462999999999973,0.05603448275862069,1493.8,4.28,0.0
6397,0,179,-0.8219999999999998,0.055865921787709494,1493.9,4.28,0.0
6398,3,579,2.5779999999999603,0.05699481865284974,1494.2,4.28,0.0
6399,2,446,1.444999999999975,0.05605381165919283,1494.4,4.28,0.0
6400,1,313,0.3119999999999896,0.054313099041533544,1494.6,4.28,0.0
6401,2,446,1.444999999999975,0.05605381165919283,1494.8,4.28,0.0
6402,8,1246,8.244999999999962,0.056179775280898875,1495.5,4.28,0.0
6403,0,179,-0.8219999999999998,0.055865921787709494,1495.6,4.28,0.0
6404,0,187,-0.8139999999999998,0.058823529411764705,1495.7,4.28,0.0
6405,5,754,4.753000000000001,0.05570291777188329,1496.1,4.28,0.0
6406,0,179,-0.8219999999999998,0.05027932960893855,1496.2,4.28,0.0
6407,0,179,-0.8219999999999998,0.055865921787709494,1496.2,4.28,0.0
6408,1,336,0.3349999999999871,0.05654761904761905,1496.4,4.28,0.0
6409,0,179,-0.8219999999999998,0.055865921787709494,1496.5,4.28,0.0
6410,3,589,2.587999999999959,0.05602716468590832,1496.8,4.28,0.0
6411,3,579,2.5779999999999603,0.055267702936096716,1497.1,4.28,0.0
6412,4,750,4.7490000000000006,0.056,1497.5,4.28,0.0
6413,0,179,-0.8219999999999998,0.055865921787709494,1497.6,4.28,0.0
6414,1,313,0.3119999999999896,0.054313099041533544,1497.8,4.28,0.0
6415,1,313,0.3119999999999896,0.054313099041533544,1497.9,4.28,0.0
6416,3,586,2.5849999999999596,0.05631399317406143,1498.2,4.28,0.0
6417,0,179,-0.8219999999999998,0.055865921787709494,1498.3,4.28,0.0
6418,1,313,0.3119999999999896,0.054313099041533544,1498.5,4.28,0.0
6419,2,463,1.461999999999973,0.056155507559395246,1498.7,4.28,0.0
6420,2,446,1.444999999999975,0.05605381165919283,1499.0,4.28,0.0
6421,0,179,-0.8219999999999998,0.05027932960893855,1499.0,4.28,0.0
6422,0,179,-0.8219999999999998,0.055865921787709494,1499.1,4.28,0.0
6423,0,189,-0.8119999999999998,0.0582010582010582,1499.2,4.28,0.0
6424,1,319,0.31799999999998896,0.05642633228840126,1499.4,4.29,0.0
6425,2,446,1.444999999999975,0.05605381165919283,1499.6,4.29,0.0
6426,4,726,3.7249999999999925,0.05647382920110193,1500.0,4.28,0.0
6427,0,179,-0.8219999999999998,0.055865921787709494,1500.1,4.29,0.0
6428,1,313,0.3119999999999896,0.05750798722044728,1500.3,4.29,0.0
6429,3,587,2.5859999999999594,0.056218057921635436,1500.6,4.29,0.0
6430,5,846,4.845000000000032,0.05555555555555555,1501.0,4.28,0.0
6431,2,447,1.4459999999999749,0.05592841163310962,1501.2,4.28,0.0
6432,2,446,1.444999999999975,0.05605381165919283,1501.5,4.28,0.0
6433,0,179,-0.8219999999999998,0.055865921787709494,1501.6,4.28,0.0
6434,1,313,0.3119999999999896,0.05750798722044728,1501.7,4.29,0.0
6435,3,583,2.58199999999996,0.05660377358490566,1502.0,4.28,0.0
6436,0,179,-0.8219999999999998,0.055865921787709494,1502.1,4.29,0.0
6437,3,579,2.5779999999999603,0.05699481865284974,1502.4,4.29,0.0
6438,2,446,1.444999999999975,0.05605381165919283,1502.6,4.29,0.0
6439,1,313,0.3119999999999896,0.05750798722044728,1502.8,4.29,0.0
6440,0,187,-0.8139999999999998,0.058823529411764705,1502.9,4.29,0.0
6441,0,188,-0.8129999999999998,0.05851063829787234,1503.0,4.29,0.0
6442,0,179,-0.8219999999999998,0.055865921787709494,1503.1,4.29,0.0
6443,0,179,-0.8219999999999998,0.055865921787709494,1503.2,4.29,0.0
6444,2,446,1.444999999999975,0.053811659192825115,1503.4,4.29,0.0
6445,5,846,4.845000000000032,0.05555555555555555,1503.8,4.29,0.0
6446,0,187,-0.8139999999999998,0.058823529411764705,1503.9,4.29,0.0
6447,0,190,-0.8109999999999998,0.05789473684210526,1504.0,4.29,0.0
6448,2,446,1.444999999999975,0.05605381165919283,1504.3,4.29,0.0
6449,0,179,-0.8219999999999998,0.055865921787709494,1504.4,4.29,0.0
6450,0,179,-0.8219999999999998,0.055865921787709494,1504.5,4.29,0.0
6451,7,1131,7.130000000000026,0.05570291777188329,1505.0,4.29,0.0
6452,1,336,0.3349999999999871,0.05654761904761905,1505.2,4.29,0.0
6453,4,732,3.7309999999999945,0.056010928961748634,1505.6,4.29,0.0
6454,2,446,1.444999999999975,0.05605381165919283,1505.8,4.29,0.0
6455,3,579,2.5779999999999603,0.055267702936096716,1506.1,4.29,0.0
6456,5,846,4.845000000000032,0.05555555555555555,1506.6,4.29,0.0
6457,2,453,1.4519999999999742,0.05739514348785872,1506.8,4.29,0.0
6458,1,313,0.3119999999999896,0.054313099041533544,1507.0,4.29,0.0
6459,0,179,-0.8219999999999998,0.055865921787709494,1507.1,4.29,0.0
6460,0,179,-0.8219999999999998,0.055865921787709494,1507.1,4.29,0.0
6461,2,461,1.4599999999999733,0.05639913232104121,1507.4,4.29,0.0
6462,2,446,1.444999999999975,0.05605381165919283,1507.6,4.29,0.0
6463,4,713,3.711999999999988,0.0546984572230014,1508.0,4.29,0.0
6464,1,315,0.3139999999999894,0.05714285714285714,1508.2,4.29,0.0
6465,1,313,0.3119999999999896,0.054313099041533544,1508.3,4.29,0.0
6466,0,179,-0.8219999999999998,0.055865921787709494,1508.4,4.29,0.0
6467,3,579,2.5779999999999603,0.055267702936096716,1508.7,4.29,0.0
6468,2,456,1.4549999999999739,0.05701754385964912,1509.0,4.29,0.0
6469,2,446,1.444999999999975,0.05605381165919283,1509.2,4.29,0.0
6470,1,313,0.3119999999999896,0.054313099041533544,1509.4,4.29,0.0
6471,0,179,-0.8219999999999998,0.055865921787709494,1509.4,4.29,0.0
6472,5,858,4.857000000000036,0.055944055944055944,1509.9,4.29,0.0
6473,2,446,1.444999999999975,0.053811659192825115,1510.1,4.29,0.0
6474,2,446,1.444999999999975,0.053811659192825115,1510.4,4.29,0.0
6475,0,179,-0.8219999999999998,0.055865921787709494,1510.4,4.29,0.0
6476,3,579,2.5779999999999603,0.055267702936096716,1510.8,4.29,0.0
6477,1,313,0.3119999999999896,0.054313099041533544,1510.9,4.29,0.0
6478,3,582,2.58099999999996,0.05670103092783505,1511.2,4.29,0.0
6479,0,179,-0.8219999999999998,0.055865921787709494,1511.3,4.29,0.0
6480,2,463,1.461999999999973,0.056155507559395246,1511.6,4.29,0.0
6481,2,462,1.4609999999999732,0.05627705627705628,1511.8,4.29,0.0
6482,3,592,2.590999999999959,0.05574324324324324,1512.1,4.29,0.0
6483,2,446,1.444999999999975,0.05605381165919283,1512.3,4.29,0.0
6484,0,179,-0.8219999999999998,0.055865921787709494,1512.4,4.29,0.0
6485,0,179,-0.8219999999999998,0.055865921787709494,1512.5,4.29,0.0
6486,2,446,1.444999999999975,0.05605381165919283,1512.8,4.29,0.0
6487,1,313,0.3119999999999896,0.054313099041533544,1512.9,4.29,0.0
6488,5,857,4.856000000000035,0.056009334889148193,1513.3,4.29,0.0
6489,3,579,2.5779999999999603,0.05699481865284974,1513.6,4.29,0.0
6490,2,446,1.444999999999975,0.05605381165919283,1513.9,4.29,0.0
6491,2,446,1.444999999999975,0.05605381165919283,1514.1,4.29,0.0
6492,1,321,0.31999999999998874,0.056074766355140186,1514.3,4.29,0.0
6493,0,179,-0.8219999999999998,0.05027932960893855,1514.4,4.29,0.0
6494,0,179,-0.8219999999999998,0.055865921787709494,1514.5,4.29,0.0
6495,3,588,2.5869999999999593,0.05612244897959184,1514.8,4.29,0.0
6496,0,179,-0.8219999999999998,0.055865921787709494,1514.9,4.29,0.0
6497,1,313,0.3119999999999896,0.054313099041533544,1515.0,4.29,0.0
6498,1,318,0.31699999999998907,0.05660377358490566,1515.2,4.29,0.0
6499,1,313,0.3119999999999896,0.054313099041533544,1515.4,4.29,0.0
6500,0,179,-0.8219999999999998,0.055865921787709494,1515.5,4.29,0.0
6501,6,979,5.978000000000075,0.056179775280898875,1518.7,4.28,0.0
6502,0,179,-0.8219999999999998,0.055865921787709494,1518.8,4.28,0.0
6503,0,179,-0.8219999999999998,0.061452513966480445,1518.9,4.28,0.0
6504,2,446,1.444999999999975,0.05605381165919283,1519.1,4.28,0.0
6505,0,189,-0.8119999999999998,0.0582010582010582,1519.2,4.28,0.0
6506,0,186,-0.8149999999999998,0.05913978494623656,1519.3,4.28,0.0
6507,0,179,-0.8219999999999998,0.055865921787709494,1519.4,4.28,0.0
6508,1,313,0.3119999999999896,0.054313099041533544,1519.6,4.28,0.0
6509,5,846,4.845000000000032,0.05555555555555555,1520.0,4.28,0.0
6510,0,213,-0.7879999999999998,0.056338028169014086,1520.1,4.28,0.0
6511,8,1246,8.244999999999962,0.05537720706260032,1520.8,4.28,0.0
6512,2,449,1.4479999999999746,0.0556792873051225,1521.0,4.28,0.0
6513,1,315,0.3139999999999894,0.05714285714285714,1521.2,4.28,0.0
6514,2,462,1.4609999999999732,0.05627705627705628,1521.4,4.28,0.0
6515,5,846,4.845000000000032,0.05555555555555555,1521.8,4.28,0.0
6516,5,846,4.845000000000032,0.05555555555555555,1522.3,4.28,0.0
6517,0,179,-0.8219999999999998,0.05027932960893855,1522.4,4.28,0.0
6518,5,846,4.845000000000032,0.05555555555555555,1522.8,4.28,0.0
6519,0,179,-0.8219999999999998,0.055865921787709494,1522.9,4.28,0.0
6520,0,186,-0.8149999999999998,0.05913978494623656,1523.0,4.28,0.0
6521,3,579,2.5779999999999603,0.055267702936096716,1523.3,4.28,0.0
6522,0,179,-0.8219999999999998,0.055865921787709494,1523.4,4.28,0.0
6523,1,313,0.3119999999999896,0.054313099041533544,1523.6,4.28,0.0
6524,0,179,-0.8219999999999998,0.055865921787709494,1523.7,4.28,0.0
6525,2,446,1.444999999999975,0.05605381165919283,1523.9,4.28,0.0
6526,0,183,-0.8179999999999998,0.060109289617486336,1524.0,4.28,0.0
6527,3,579,2.5779999999999603,0.055267702936096716,1524.3,4.28,0.0
6528,4,713,3.711999999999988,0.056100981767180924,1524.7,4.28,0.0
6529,1,323,0.3219999999999885,0.05572755417956656,1524.8,4.28,0.0
6530,2,454,1.452999999999974,0.05726872246696035,1525.1,4.28,0.0
6531,1,313,0.3119999999999896,0.05750798722044728,1525.2,4.28,0.0
6532,1,315,0.3139999999999894,0.05714285714285714,1525.4,4.28,0.0
6533,0,187,-0.8139999999999998,0.058823529411764705,1525.5,4.28,0.0
6534,4,717,3.7159999999999895,0.05578800557880056,1525.9,4.28,0.0
6535,3,591,2.589999999999959,0.05583756345177665,1526.2,4.28,0.0
6536,3,579,2.5779999999999603,0.055267702936096716,1526.5,4.28,0.0
6537,1,313,0.3119999999999896,0.05750798722044728,1526.6,4.28,0.0
6538,5,853,4.852000000000034,0.05627198124267292,1527.1,4.28,0.0
6539,5,846,4.845000000000032,0.05555555555555555,1527.5,4.28,0.0
6540,0,210,-0.7909999999999998,0.05714285714285714,1527.6,4.28,0.0
6541,2,446,1.444999999999975,0.053811659192825115,1527.8,4.28,0.0
6542,3,579,2.5779999999999603,0.055267702936096716,1528.2,4.28,0.0
6543,4,713,3.711999999999988,0.056100981767180924,1528.5,4.28,0.0
6544,1,317,0.3159999999999892,0.056782334384858045,1528.7,4.28,0.0
6545,6,979,5.978000000000075,0.05515832482124617,1529.2,4.28,0.0
6546,0,179,-0.8219999999999998,0.05027932960893855,1529.3,4.28,0.0
6547,3,579,2.5779999999999603,0.055267702936096716,1529.6,4.28,0.0
6548,0,179,-0.8219999999999998,0.055865921787709494,1529.7,4.28,0.0
6549,1,313,0.3119999999999896,0.054313099041533544,1529.9,4.28,0.0
6550,0,179,-0.8219999999999998,0.055865921787709494,1530.0,4.28,0.0
6551,0,185,-0.8159999999999998,0.05945945945945946,1530.1,4.28,0.0
6552,4,713,3.711999999999988,0.0546984572230014,1530.4,4.28,0.0
6553,1,322,0.32099999999998863,0.055900621118012424,1530.6,4.28,0.0
6554,0,186,-0.8149999999999998,0.05913978494623656,1530.7,4.28,0.0
6555,3,579,2.5779999999999603,0.055267702936096716,1531.0,4.28,0.0
6556,0,179,-0.8219999999999998,0.055865921787709494,1531.1,4.28,0.0
6557,2,462,1.4609999999999732,0.05627705627705628,1531.3,4.28,0.0
6558,2,446,1.444999999999975,0.05605381165919283,1531.6,4.28,0.0
6559,3,579,2.5779999999999603,0.055267702936096716,1531.9,4.28,0.0
6560,2,466,1.4649999999999728,0.055793991416309016,1532.1,4.28,0.0
6561,3,579,2.5779999999999603,0.05699481865284974,1532.4,4.28,0.0
6562,4,748,3.747,0.05614973262032086,1532.8,4.28,0.0
6563,1,313,0.3119999999999896,0.054313099041533544,1533.0,4.28,0.0
6564,5,846,4.845000000000032,0.05555555555555555,1533.4,4.28,0.0
6565,0,179,-0.8219999999999998,0.055865921787709494,1533.5,4.28,0.0
6566,3,589,2.587999999999959,0.05602716468590832,1533.8,4.28,0.0
6567,2,446,1.444999999999975,0.05605381165919283,1534.1,4.28,0.0
6568,3,579,2.5779999999999603,0.055267702936096716,1534.4,4.28,0.0
6569,0,179,-0.8219999999999998,0.055865921787709494,1534.4,4.28,0.0
6570,0,179,-0.8219999999999998,0.055865921787709494,1534.5,4.28,0.0
6571,1,339,0.33799999999998676,0.05604719764011799,1534.7,4.28,0.0
6572,0,179,-0.8219999999999998,0.055865921787709494,1534.8,4.28,0.0
6573,0,179,-0.8219999999999998,0.055865921787709494,1534.9,4.28,0.0
6574,3,609,2.607999999999957,0.05582922824302135,1535.2,4.28,0.0
6575,0,179,-0.8219999999999998,0.055865921787709494,1535.3,4.28,0.0
6576,6,1004,6.003000000000084,0.055776892430278883,1535.8,4.28,0.0
6577,2,446,1.444999999999975,0.05605381165919283,1536.1,4.28,0.0
6578,3,579,2.5779999999999603,0.055267702936096716,1536.4,4.28,0.0
6579,2,446,1.444999999999975,0.053811659192825115,1536.6,4.28,0.0
6580,0,179,-0.8219999999999998,0.055865921787709494,1536.7,4.28,0.0
6581,0,179,-0.8219999999999998,0.055865921787709494,1536.8,4.28,0.0
6582,7,1126,7.125000000000028,0.05595026642984014,1537.4,4.28,0.0
6583,2,446,1.444999999999975,0.05605381165919283,1537.6,4.28,0.0
6584,1,313,0.3119999999999896,0.054313099041533544,1537.8,4.28,0.0
6585,0,179,-0.8219999999999998,0.055865921787709494,1537.9,4.28,0.0
6586,0,179,-0.8219999999999998,0.055865921787709494,1538.0,4.28,0.0
6587,0,210,-0.7909999999999998,0.05714285714285714,1538.1,4.28,0.0
6588,1,313,0.3119999999999896,0.054313099041533544,1538.2,4.28,0.0
6589,1,313,0.3119999999999896,0.054313099041533544,1538.4,4.28,0.0
6590,1,313,0.3119999999999896,0.05750798722044728,1538.6,4.28,0.0
6591,0,179,-0.8219999999999998,0.055865921787709494,1538.7,4.28,0.0
6592,4,713,3.711999999999988,0.056100981767180924,1539.0,4.28,0.0
6593,0,179,-0.8219999999999998,0.05027932960893855,1539.1,4.28,0.0
6594,0,179,-0.8219999999999998,0.05027932960893855,1539.2,4.28,0.0
6595,0,179,-0.8219999999999998,0.055865921787709494,1539.3,4.29,0.0
6596,0,185,-0.8159999999999998,0.05945945945945946,1539.4,4.29,0.0
6597,7,1113,7.112000000000036,0.055705300988319856,1540.0,4.28,0.0
6598,2,352,1.3509999999999853,0.056818181818181816,1540.2,4.28,0.0
6599,3,584,2.5829999999999598,0.05650684931506849,1540.5,4.28,0.0
6600,2,446,1.444999999999975,0.05605381165919283,1540.7,4.28,0.0
6601,0,179,-0.8219999999999998,0.055865921787709494,1540.8,4.28,0.0
6602,1,316,0.3149999999999893,0.056962025316455694,1541.0,4.28,0.0
6603,3,588,2.5869999999999593,0.05612244897959184,1541.3,4.28,0.0
6604,2,446,1.444999999999975,0.05605381165919283,1541.5,4.28,0.0
6605,4,713,3.711999999999988,0.056100981767180924,1541.9,4.28,0.0
6606,0,179,-0.8219999999999998,0.055865921787709494,1542.0,4.28,0.0
6607,2,446,1.444999999999975,0.053811659192825115,1542.2,4.28,0.0
6608,4,735,3.7339999999999955,0.055782312925170066,1542.6,4.28,0.0
6609,1,313,0.3119999999999896,0.054313099041533544,1542.8,4.28,0.0
6610,2,446,1.444999999999975,0.05605381165919283,1543.0,4.28,0.0
6611,2,447,1.4459999999999749,0.05592841163310962,1543.2,4.28,0.0
6612,2,446,1.444999999999975,0.05605381165919283,1543.5,4.28,0.0
6613,6,979,5.978000000000075,0.056179775280898875,1544.0,4.28,0.0
6614,0,179,-0.8219999999999998,0.055865921787709494,1544.1,4.28,0.0
6615,5,875,4.874000000000041,0.056,1544.5,4.28,0.0
6616,0,191,-0.8099999999999998,0.05759162303664921,1544.6,4.28,0.0
6617,10,1513,10.511999999999814,0.05551883674818242,1545.4,4.28,0.0
6618,6,980,5.979000000000076,0.05612244897959184,1545.9,4.28,0.0
6619,10,1521,10.51999999999981,0.055884286653517426,1546.7,4.28,0.0
6620,2,446,1.444999999999975,0.05605381165919283,1547.0,4.28,0.0
6621,0,179,-0.8219999999999998,0.055865921787709494,1547.1,4.28,0.0
6622,1,313,0.3119999999999896,0.054313099041533544,1547.2,4.28,0.0
6623,5,846,4.845000000000032,0.05555555555555555,1547.7,4.28,0.0
6624,0,179,-0.8219999999999998,0.055865921787709494,1547.8,4.28,0.0
6625,0,179,-0.8219999999999998,0.055865921787709494,1547.9,4.28,0.0
6626,5,859,4.858000000000036,0.05587892898719441,1548.3,4.28,0.0
6627,3,586,2.5849999999999596,0.05631399317406143,1548.6,4.28,0.0
6628,3,593,2.591999999999959,0.05564924114671164,1548.9,4.28,0.0
6629,4,713,3.711999999999988,0.056100981767180924,1549.3,4.28,0.0
6630,1,313,0.3119999999999896,0.054313099041533544,1549.5,4.28,0.0
6631,0,179,-0.8219999999999998,0.055865921787709494,1549.6,4.28,0.0
6632,2,456,1.4549999999999739,0.05701754385964912,1549.8,4.28,0.0
6633,5,846,4.845000000000032,0.05555555555555555,1550.3,4.28,0.0
6634,1,313,0.3119999999999896,0.054313099041533544,1550.4,4.28,0.0
6635,3,579,2.5779999999999603,0.055267702936096716,1550.7,4.28,0.0
6636,1,313,0.3119999999999896,0.054313099041533544,1550.9,4.28,0.0
6637,1,319,0.31799999999998896,0.05642633228840126,1551.1,4.28,0.0
6638,0,179,-0.8219999999999998,0.055865921787709494,1551.1,4.28,0.0
6639,0,185,-0.8159999999999998,0.05945945945945946,1551.2,4.28,0.0
6640,0,179,-0.8219999999999998,0.055865921787709494,1551.3,4.28,0.0
6641,3,579,2.5779999999999603,0.055267702936096716,1551.6,4.28,0.0
6642,2,446,1.444999999999975,0.05605381165919283,1551.9,4.28,0.0
6643,8,1276,8.274999999999945,0.055642633228840124,1552.5,4.28,0.0
6644,3,579,2.5779999999999603,0.055267702936096716,1552.8,4.28,0.0
6645,2,446,1.444999999999975,0.05605381165919283,1553.1,4.28,0.0
6646,0,179,-0.8219999999999998,0.055865921787709494,1553.2,4.28,0.0
6647,0,179,-0.8219999999999998,0.055865921787709494,1553.3,4.28,0.0
6648,0,179,-0.8219999999999998,0.055865921787709494,1553.3,4.28,0.0
6649,7,1113,7.112000000000036,0.055705300988319856,1553.9,4.28,0.0
6650,2,457,1.4559999999999738,0.05689277899343545,1554.2,4.28,0.0
6651,0,186,-0.8149999999999998,0.05913978494623656,1554.3,4.28,0.0
6652,6,979,5.978000000000075,0.05515832482124617,1554.8,4.28,0.0
6653,1,313,0.3119999999999896,0.05750798722044728,1555.0,4.28,0.0
6654,2,446,1.444999999999975,0.05605381165919283,1555.2,4.28,0.0
6655,2,456,1.4549999999999739,0.05701754385964912,1555.4,4.28,0.0
6656,0,183,-0.8179999999999998,0.060109289617486336,1555.5,4.28,0.0
6657,2,446,1.444999999999975,0.05605381165919283,1555.8,4.28,0.0
6658,0,179,-0.8219999999999998,0.055865921787709494,1555.9,4.28,0.0
6659,1,313,0.3119999999999896,0.05750798722044728,1556.0,4.28,0.0
6660,0,179,-0.8219999999999998,0.055865921787709494,1556.1,4.28,0.0
6661,0,179,-0.8219999999999998,0.055865921787709494,1556.2,4.28,0.0
6662,4,713,3.711999999999988,0.0546984572230014,1556.6,4.28,0.0
6663,0,179,-0.8219999999999998,0.055865921787709494,1556.7,4.28,0.0
6664,0,191,-0.8099999999999998,0.05759162303664921,1556.8,4.28,0.0
6665,6,979,5.978000000000075,0.05515832482124617,1557.3,4.28,0.0
6666,1,313,0.3119999999999896,0.05750798722044728,1557.5,4.28,0.0
6667,3,579,2.5779999999999603,0.055267702936096716,1557.8,4.28,0.0
6668,0,194,-0.8069999999999998,0.05670103092783505,1557.9,4.28,0.0
6669,5,846,4.845000000000032,0.05555555555555555,1558.3,4.28,0.0
6670,2,446,1.444999999999975,0.05605381165919283,1558.6,4.28,0.0
6671,3,579,2.5779999999999603,0.055267702936096716,1558.9,4.28,0.0
6672,5,846,4.845000000000032,0.05555555555555555,1559.3,4.28,0.0
6673,4,732,3.7309999999999945,0.056010928961748634,1559.7,4.28,0.0
6674,4,713,3.711999999999988,0.0546984572230014,1560.1,4.28,0.0
6675,1,313,0.3119999999999896,0.05750798722044728,1560.2,4.28,0.0
6676,2,463,1.461999999999973,0.056155507559395246,1560.5,4.28,0.0
6677,0,209,-0.7919999999999998,0.05741626794258373,1560.6,4.28,0.0
6678,0,185,-0.8159999999999998,0.05945945945945946,1560.7,4.28,0.0
6679,7,1113,7.112000000000036,0.055705300988319856,1561.3,4.28,0.0
6680,1,313,0.3119999999999896,0.054313099041533544,1561.4,4.28,0.0
6681,3,582,2.58099999999996,0.05670103092783505,1561.7,4.28,0.0
6682,0,183,-0.8179999999999998,0.060109289617486336,1561.8,4.28,0.0
6683,2,446,1.444999999999975,0.05605381165919283,1562.1,4.28,0.0
6684,0,189,-0.8119999999999998,0.0582010582010582,1562.2,4.28,0.0
6685,2,446,1.444999999999975,0.05605381165919283,1562.4,4.28,0.0
6686,2,456,1.4549999999999739,0.05701754385964912,1562.6,4.28,0.0
6687,4,713,3.711999999999988,0.056100981767180924,1563.0,4.28,0.0
6688,0,179,-0.8219999999999998,0.055865921787709494,1563.1,4.28,0.0
6689,2,446,1.444999999999975,0.05605381165919283,1563.3,4.28,0.0
6690,2,458,1.4569999999999736,0.056768558951965066,1563.6,4.28,0.0
6691,0,182,-0.8189999999999998,0.06043956043956044,1563.7,4.28,0.0
6692,0,179,-0.8219999999999998,0.055865921787709494,1563.7,4.28,0.0
6693,1,333,0.3319999999999874,0.057057057057057055,1563.9,4.28,0.0
6694,1,314,0.3129999999999895,0.05732484076433121,1564.1,4.28,0.0
6695,6,979,5.978000000000075,0.056179775280898875,1564.6,4.28,0.0
6696,1,313,0.3119999999999896,0.05750798722044728,1564.7,4.28,0.0
6697,0,179,-0.8219999999999998,0.055865921787709494,1564.8,4.28,0.0
6698,0,179,-0.8219999999999998,0.055865921787709494,1564.9,4.28,0.0
6699,0,179,-0.8219999999999998,0.055865921787709494,1565.0,4.28,0.0
6700,3,582,2.58099999999996,0.05670103092783505,1565.3,4.28,0.0
6701,0,192,-0.8089999999999998,0.057291666666666664,1565.4,4.28,0.0
6702,0,193,-0.8079999999999998,0.05699481865284974,1565.5,4.28,0.0
6703,0,184,-0.8169999999999998,0.059782608695652176,1565.6,4.28,0.0
6704,2,453,1.4519999999999742,0.05739514348785872,1565.9,4.28,0.0
6705,0,190,-0.8109999999999998,0.05789473684210526,1566.0,4.28,0.0
6706,1,341,0.33999999999998654,0.05571847507331378,1566.1,4.28,0.0
6707,4,713,3.711999999999988,0.0546984572230014,1566.5,4.28,0.0
6708,3,583,2.58199999999996,0.05660377358490566,1566.8,4.28,0.0
6709,1,316,0.3149999999999893,0.056962025316455694,1567.0,4.28,0.0
6710,2,446,1.444999999999975,0.05605381165919283,1567.2,4.28,0.0
6711,0,210,-0.7909999999999998,0.05714285714285714,1567.3,4.28,0.0
6712,1,313,0.3119999999999896,0.05750798722044728,1567.5,4.28,0.0
6713,1,313,0.3119999999999896,0.054313099041533544,1567.7,4.28,0.0
6714,1,313,0.3119999999999896,0.05750798722044728,1567.8,4.28,0.0
6715,0,192,-0.8089999999999998,0.057291666666666664,1567.9,4.28,0.0
6716,0,208,-0.7929999999999998,0.057692307692307696,1568.0,4.28,0.0
6717,0,206,-0.7949999999999998,0.05825242718446602,1568.1,4.28,0.0
6718,2,446,1.444999999999975,0.05605381165919283,1568.4,4.28,0.0
6719,1,338,0.33699999999998687,0.05621301775147929,1568.5,4.28,0.0
6720,2,446,1.444999999999975,0.05605381165919283,1568.8,4.28,0.0
6721,3,579,2.5779999999999603,0.05699481865284974,1569.1,4.28,0.0
6722,4,729,3.7279999999999935,0.056241426611796985,1569.4,4.28,0.0
6723,1,338,0.33699999999998687,0.05621301775147929,1569.6,4.28,0.0
6724,2,446,1.444999999999975,0.05605381165919283,1569.8,4.28,0.0
6725,2,461,1.4599999999999733,0.05639913232104121,1570.1,4.28,0.0
6726,3,584,2.5829999999999598,0.05650684931506849,1570.4,4.28,0.0
6727,7,1121,7.120000000000031,0.056199821587867974,1570.9,4.28,0.0
6728,0,179,-0.8219999999999998,0.05027932960893855,1571.0,4.28,0.0
6729,1,341,0.33999999999998654,0.05571847507331378,1571.2,4.28,0.0
6730,0,186,-0.8149999999999998,0.05913978494623656,1571.3,4.28,0.0
6731,0,179,-0.8219999999999998,0.055865921787709494,1571.4,4.28,0.0
6732,1,335,0.3339999999999872,0.056716417910447764,1571.6,4.28,0.0
6733,3,581,2.57999999999996,0.05679862306368331,1571.9,4.28,0.0
6734,0,193,-0.8079999999999998,0.05699481865284974,1572.0,4.28,0.0
6735,0,179,-0.8219999999999998,0.05027932960893855,1572.1,4.28,0.0
6736,5,846,4.845000000000032,0.05555555555555555,1572.5,4.28,0.0
6737,3,579,2.5779999999999603,0.05699481865284974,1572.8,4.28,0.0
6738,3,579,2.5779999999999603,0.05699481865284974,1573.1,4.28,0.0
6739,0,187,-0.8139999999999998,0.058823529411764705,1573.2,4.28,0.0
6740,3,579,2.5779999999999603,0.055267702936096716,1573.5,4.28,0.0
6741,0,179,-0.8219999999999998,0.055865921787709494,1573.6,4.28,0.0
6742,5,846,4.845000000000032,0.05555555555555555,1574.0,4.28,0.0
6743,2,446,1.444999999999975,0.05605381165919283,1574.3,4.28,0.0
6744,3,600,2.598999999999958,0.056666666666666664,1574.6,4.28,0.0
6745,0,179,-0.8219999999999998,0.055865921787709494,1574.7,4.28,0.0
6746,1,313,0.3119999999999896,0.054313099041533544,1574.8,4.28,0.0
6747,0,188,-0.8129999999999998,0.05851063829787234,1574.9,4.28,0.0
6748,0,192,-0.8089999999999998,0.057291666666666664,1575.0,4.29,0.0
6749,0,179,-0.8219999999999998,0.055865921787709494,1575.1,4.29,0.0
6750,6,979,5.978000000000075,0.05515832482124617,1575.6,4.28,0.0
6751,0,179,-0.8219999999999998,0.055865921787709494,1575.7,4.29,0.0
6752,2,447,1.4459999999999749,0.05592841163310962,1575.9,4.29,0.0
6753,4,735,3.7339999999999955,0.055782312925170066,1576.3,4.28,0.0
6754,0,179,-0.8219999999999998,0.055865921787709494,1576.4,4.29,0.0
6755,1,320,0.31899999999998885,0.05625,1576.6,4.29,0.0
6756,0,191,-0.8099999999999998,0.05759162303664921,1576.7,4.29,0.0
6757,4,713,3.711999999999988,0.056100981767180924,1577.1,4.29,0.0
6758,1,335,0.3339999999999872,0.056716417910447764,1577.2,4.29,0.0
6759,3,579,2.5779999999999603,0.055267702936096716,1577.5,4.29,0.0
6760,1,313,0.3119999999999896,0.054313099041533544,1577.7,4.29,0.0
6761,4,713,3.711999999999988,0.056100981767180924,1578.1,4.28,0.0
6762,2,464,1.462999999999973,0.05603448275862069,1578.3,4.28,0.0
6763,2,456,1.4549999999999739,0.05701754385964912,1578.6,4.28,0.0
6764,0,179,-0.8219999999999998,0.055865921787709494,1578.7,4.29,0.0
6765,0,180,-0.8209999999999998,0.06111111111111111,1578.8,4.29,0.0
6766,5,854,4.853000000000034,0.05620608899297424,1579.2,4.29,0.0
6767,3,585,2.5839999999999597,0.05641025641025641,1579.5,4.28,0.0
6768,1,315,0.3139999999999894,0.05714285714285714,1579.7,4.29,0.0
6769,0,183,-0.8179999999999998,0.060109289617486336,1579.8,4.29,0.0
6770,2,461,1.4599999999999733,0.05639913232104121,1580.0,4.29,0.0
6771,3,579,2.5779999999999603,0.055267702936096716,1580.3,4.29,0.0
6772,2,460,1.4589999999999734,0.05652173913043478,1580.6,4.29,0.0
6773,1,313,0.3119999999999896,0.05750798722044728,1580.7,4.29,0.0
6774,6,979,5.978000000000075,0.05515832482124617,1581.2,4.28,0.0
6775,7,1113,7.112000000000036,0.055705300988319856,1581.8,4.28,0.0
6776,3,579,2.5779999999999603,0.055267702936096716,1582.1,4.28,0.0
6777,0,179,-0.8219999999999998,0.055865921787709494,1582.2,4.28,0.0
6778,2,446,1.444999999999975,0.05605381165919283,1582.4,4.28,0.0
6779,1,339,0.33799999999998676,0.05604719764011799,1582.6,4.28,0.0
6780,7,1113,7.112000000000036,0.055705300988319856,1583.2,4.28,0.0
6781,0,192,-0.8089999999999998,0.057291666666666664,1583.3,4.28,0.0
6782,1,313,0.3119999999999896,0.054313099041533544,1583.5,4.28,0.0
6783,0,179,-0.8219999999999998,0.055865921787709494,1583.6,4.28,0.0
6784,0,179,-0.8219999999999998,0.055865921787709494,1583.7,4.28,0.0
6785,1,313,0.3119999999999896,0.054313099041533544,1583.8,4.28,0.0
6786,0,179,-0.8219999999999998,0.055865921787709494,1583.9,4.28,0.0
6787,0,179,-0.8219999999999998,0.055865921787709494,1584.0,4.29,0.0
6788,2,446,1.444999999999975,0.05605381165919283,1584.2,4.29,0.0
6789,1,313,0.3119999999999896,0.054313099041533544,1584.4,4.29,0.0
6790,1,313,0.3119999999999896,0.054313099041533544,1584.6,4.29,0.0
6791,0,186,-0.8149999999999998,0.05913978494623656,1584.7,4.29,0.0
6792,2,456,1.4549999999999739,0.05701754385964912,1584.9,4.29,0.0
6793,1,313,0.3119999999999896,0.054313099041533544,1585.1,4.29,0.0
6794,2,467,1.4659999999999727,0.055674518201284794,1585.3,4.29,0.0
6795,1,313,0.3119999999999896,0.05750798722044728,1585.5,4.29,0.0
6796,1,313,0.3119999999999896,0.054313099041533544,1585.6,4.29,0.0
6797,7,1123,7.12200000000003,0.05609973285841496,1586.2,4.29,0.0
6798,0,179,-0.8219999999999998,0.055865921787709494,1586.3,4.29,0.0
6799,0,193,-0.8079999999999998,0.05699481865284974,1586.4,4.29,0.0
6800,2,465,1.4639999999999729,0.05591397849462366,1586.7,4.29,0.0
6801,0,184,-0.8169999999999998,0.059782608695652176,1586.8,4.29,0.0
6802,0,179,-0.8219999999999998,0.055865921787709494,1586.9,4.29,0.0
6803,0,179,-0.8219999999999998,0.055865921787709494,1587.0,4.29,0.0
6804,4,713,3.711999999999988,0.056100981767180924,1587.3,4.29,0.0
6805,0,179,-0.8219999999999998,0.055865921787709494,1587.4,4.29,0.0
6806,0,182,-0.8189999999999998,0.06043956043956044,1587.5,4.29,0.0
6807,0,179,-0.8219999999999998,0.055865921787709494,1587.6,4.29,0.0
6808,2,446,1.444999999999975,0.05605381165919283,1587.8,4.29,0.0
6809,10,1513,10.511999999999814,0.05551883674818242,1588.6,4.29,0.0
6810,2,457,1.4559999999999738,0.05689277899343545,1588.9,4.29,0.0
6811,1,321,0.31999999999998874,0.056074766355140186,1589.0,4.29,0.0
6812,1,313,0.3119999999999896,0.054313099041533544,1589.2,4.29,0.0
6813,2,446,1.444999999999975,0.05605381165919283,1589.4,4.29,0.0
6814,4,713,3.711999999999988,0.056100981767180924,1589.8,4.29,0.0
6815,6,988,5.987000000000078,0.05566801619433198,1590.3,4.29,0.0
6816,0,186,-0.8149999999999998,0.05913978494623656,1590.4,4.29,0.0
6817,1,313,0.3119999999999896,0.054313099041533544,1590.6,4.29,0.0
6818,7,1113,7.112000000000036,0.055705300988319856,1591.2,4.29,0.0
6819,0,186,-0.8149999999999998,0.05913978494623656,1591.3,4.29,0.0
6820,0,182,-0.8189999999999998,0.06043956043956044,1591.4,4.29,0.0
6821,1,313,0.3119999999999896,0.05750798722044728,1591.5,4.29,0.0
6822,0,179,-0.8219999999999998,0.055865921787709494,1591.6,4.29,0.0
6823,3,579,2.5779999999999603,0.055267702936096716,1591.9,4.29,0.0
6824,0,179,-0.8219999999999998,0.05027932960893855,1592.0,4.29,0.0
6825,2,446,1.444999999999975,0.05605381165919283,1592.2,4.29,0.0
6826,4,714,3.7129999999999885,0.056022408963585436,1592.6,4.29,0.0
6827,4,713,3.711999999999988,0.0546984572230014,1593.0,4.29,0.0
6828,1,313,0.3119999999999896,0.05750798722044728,1593.2,4.29,0.0
6829,1,313,0.3119999999999896,0.05750798722044728,1593.3,4.29,0.0
6830,3,579,2.5779999999999603,0.055267702936096716,1593.6,4.29,0.0
6831,3,579,2.5779999999999603,0.055267702936096716,1593.9,4.29,0.0
6832,1,321,0.31999999999998874,0.056074766355140186,1594.1,4.29,0.0
6833,5,846,4.845000000000032,0.05555555555555555,1594.6,4.29,0.0
6834,0,179,-0.8219999999999998,0.055865921787709494,1594.6,4.29,0.0
6835,4,732,3.7309999999999945,0.056010928961748634,1595.0,4.29,0.0
6836,0,179,-0.8219999999999998,0.055865921787709494,1595.1,4.29,0.0
6837,3,579,2.5779999999999603,0.055267702936096716,1595.4,4.29,0.0
6838,0,179,-0.8219999999999998,0.055865921787709494,1595.5,4.29,0.0
6839,0,179,-0.8219999999999998,0.055865921787709494,1595.6,4.29,0.0
6840,0,188,-0.8129999999999998,0.05851063829787234,1595.7,4.29,0.0
6841,2,461,1.4599999999999733,0.05639913232104121,1595.9,4.29,0.0
6842,4,713,3.711999999999988,0.056100981767180924,1596.3,4.29,0.0
6843,0,179,-0.8219999999999998,0.055865921787709494,1596.4,4.29,0.0
6844,0,179,-0.8219999999999998,0.055865921787709494,1596.5,4.29,0.0
6845,2,446,1.444999999999975,0.05605381165919283,1596.7,4.29,0.0
6846,1,313,0.3119999999999896,0.05750798722044728,1596.9,4.29,0.0
6847,2,446,1.444999999999975,0.053811659192825115,1597.1,4.29,0.0
6848,4,718,3.71699999999999,0.055710306406685235,1597.5,4.29,0.0
6849,0,179,-0.8219999999999998,0.055865921787709494,1597.6,4.29,0.0
6850,2,446,1.444999999999975,0.05605381165919283,1597.8,4.29,0.0
6851,5,875,4.874000000000041,0.056,1598.3,4.29,0.0
6852,1,316,0.3149999999999893,0.056962025316455694,1598.4,4.29,0.0
6853,1,316,0.3149999999999893,0.056962025316455694,1598.6,4.29,0.0
6854,1,313,0.3119999999999896,0.05750798722044728,1598.8,4.29,0.0
6855,5,855,4.854000000000035,0.056140350877192984,1599.2,4.29,0.0
6856,2,446,1.444999999999975,0.05605381165919283,1599.4,4.29,0.0
6857,0,190,-0.8109999999999998,0.05789473684210526,1599.5,4.29,0.0
6858,3,589,2.587999999999959,0.05602716468590832,1599.8,4.29,0.0
6859,0,179,-0.8219999999999998,0.05027932960893855,1599.9,4.29,0.0
6860,3,581,2.57999999999996,0.05679862306368331,1600.3,4.29,0.0
6861,1,313,0.3119999999999896,0.054313099041533544,1600.4,4.29,0.0
6862,2,446,1.444999999999975,0.05605381165919283,1600.6,4.29,0.0
6863,3,579,2.5779999999999603,0.055267702936096716,1600.9,4.29,0.0
6864,4,734,3.732999999999995,0.055858310626702996,1601.3,4.29,0.0
6865,4,713,3.711999999999988,0.056100981767180924,1601.7,4.29,0.0
6866,4,713,3.711999999999988,0.0546984572230014,1602.1,4.29,0.0
6867,1,338,0.33699999999998687,0.05621301775147929,1602.2,4.29,0.0
6868,0,190,-0.8109999999999998,0.05789473684210526,1602.3,4.29,0.0
6869,0,182,-0.8189999999999998,0.06043956043956044,1602.4,4.29,0.0
6870,7,1120,7.119000000000032,0.05625,1603.0,4.29,0.0
6871,3,579,2.5779999999999603,0.055267702936096716,1603.3,4.29,0.0
6872,1,317,0.3159999999999892,0.056782334384858045,1603.5,4.29,0.0
6873,1,313,0.3119999999999896,0.054313099041533544,1603.6,4.29,0.0
6874,0,186,-0.8149999999999998,0.05913978494623656,1603.7,4.29,0.0
6875,3,579,2.5779999999999603,0.055267702936096716,1604.0,4.29,0.0
6876,1,313,0.3119999999999896,0.05750798722044728,1604.2,4.29,0.0
6877,1,337,0.335999999999987,0.05637982195845697,1604.4,4.29,0.0
6878,0,195,-0.8059999999999998,0.05641025641025641,1604.5,4.29,0.0
6879,2,460,1.4589999999999734,0.05652173913043478,1604.7,4.29,0.0
6880,0,179,-0.8219999999999998,0.05027932960893855,1604.8,4.29,0.0
6881,0,188,-0.8129999999999998,0.05851063829787234,1604.9,4.29,0.0
6882,0,182,-0.8189999999999998,0.06043956043956044,1605.0,4.29,0.0
6883,0,179,-0.8219999999999998,0.055865921787709494,1605.1,4.29,0.0
6884,5,853,4.852000000000034,0.05627198124267292,1605.6,4.29,0.0
6885,0,179,-0.8219999999999998,0.055865921787709494,1605.6,4.29,0.0
6886,7,1113,7.112000000000036,0.055705300988319856,1606.2,4.29,0.0
6887,4,732,3.7309999999999945,0.056010928961748634,1606.6,4.29,0.0
6888,2,459,1.4579999999999735,0.05664488017429194,1606.9,4.29,0.0
6889,0,179,-0.8219999999999998,0.055865921787709494,1607.0,4.29,0.0
6890,4,713,3.711999999999988,0.056100981767180924,1607.3,4.29,0.0
6891,4,731,3.729999999999994,0.0560875512995896,1607.7,4.29,0.0
6892,2,447,1.4459999999999749,0.05592841163310962,1608.0,4.29,0.0
6893,4,713,3.711999999999988,0.056100981767180924,1608.3,4.29,0.0
6894,2,457,1.4559999999999738,0.05689277899343545,1608.6,4.29,0.0
6895,0,179,-0.8219999999999998,0.055865921787709494,1608.7,4.29,0.0
6896,2,462,1.4609999999999732,0.05627705627705628,1608.9,4.29,0.0
6897,4,715,3.713999999999989,0.055944055944055944,1609.3,4.29,0.0
6898,4,729,3.7279999999999935,0.056241426611796985,1609.7,4.29,0.0
6899,4,727,3.725999999999993,0.05639614855570839,1610.1,4.29,0.0
6900,0,179,-0.8219999999999998,0.055865921787709494,1610.2,4.29,0.0
6901,6,979,5.978000000000075,0.05515832482124617,1610.7,4.29,0.0
6902,0,179,-0.8219999999999998,0.055865921787709494,1610.8,4.29,0.0
6903,2,454,1.452999999999974,0.05726872246696035,1611.0,4.29,0.0
6904,1,313,0.3119999999999896,0.054313099041533544,1611.2,4.29,0.0
6905,2,448,1.4469999999999748,0.05580357142857143,1611.4,4.29,0.0
6906,3,579,2.5779999999999603,0.055267702936096716,1611.7,4.29,0.0
6907,1,313,0.3119999999999896,0.054313099041533544,1611.9,4.29,0.0
6908,0,187,-0.8139999999999998,0.058823529411764705,1612.0,4.29,0.0
6909,1,313,0.3119999999999896,0.054313099041533544,1612.1,4.29,0.0
6910,0,185,-0.8159999999999998,0.05945945945945946,1612.2,4.29,0.0
6911,3,591,2.589999999999959,0.05583756345177665,1612.5,4.29,0.0
6912,0,182,-0.8189999999999998,0.06043956043956044,1612.6,4.29,0.0
6913,4,713,3.711999999999988,0.056100981767180924,1613.0,4.29,0.0
6914,0,179,-0.8219999999999998,0.055865921787709494,1613.1,4.29,0.0
6915,0,179,-0.8219999999999998,0.055865921787709494,1613.2,4.29,0.0
6916,2,456,1.4549999999999739,0.05701754385964912,1613.4,4.29,0.0
6917,2,453,1.4519999999999742,0.05739514348785872,1613.6,4.29,0.0
6918,0,185,-0.8159999999999998,0.05945945945945946,1613.7,4.29,0.0
6919,2,453,1.4519999999999742,0.05739514348785872,1614.0,4.29,0.0
6920,0,179,-0.8219999999999998,0.055865921787709494,1614.1,4.29,0.0
6921,0,179,-0.8219999999999998,0.055865921787709494,1614.2,4.29,0.0
6922,2,446,1.444999999999975,0.053811659192825115,1614.4,4.29,0.0
6923,5,846,4.845000000000032,0.05555555555555555,1614.8,4.29,0.0
6924,3,584,2.5829999999999598,0.05650684931506849,1615.1,4.29,0.0
6925,0,179,-0.8219999999999998,0.055865921787709494,1615.2,4.29,0.0
6926,0,179,-0.8219999999999998,0.055865921787709494,1615.3,4.29,0.0
6927,2,460,1.4589999999999734,0.05652173913043478,1615.6,4.29,0.0
6928,6,980,5.979000000000076,0.05612244897959184,1616.1,4.29,0.0
6929,0,179,-0.8219999999999998,0.055865921787709494,1616.2,4.29,0.0
6930,0,179,-0.8219999999999998,0.055865921787709494,1616.3,4.29,0.0
6931,4,713,3.711999999999988,0.056100981767180924,1616.6,4.29,0.0
6932,1,337,0.335999999999987,0.05637982195845697,1616.8,4.29,0.0
6933,1,331,0.32999999999998764,0.05740181268882175,1617.0,4.29,0.0
6934,1,313,0.3119999999999896,0.05750798722044728,1617.1,4.29,0.0
6935,2,446,1.444999999999975,0.053811659192825115,1617.4,4.29,0.0
6936,2,461,1.4599999999999733,0.05639913232104121,1617.6,4.29,0.0
6937,3,579,2.5779999999999603,0.055267702936096716,1617.9,4.29,0.0
6938,0,179,-0.8219999999999998,0.05027932960893855,1618.0,4.29,0.0
6939,2,463,1.461999999999973,0.056155507559395246,1618.3,4.29,0.0
6940,0,179,-0.8219999999999998,0.055865921787709494,1618.4,4.29,0.0
6941,1,313,0.3119999999999896,0.05750798722044728,1618.5,4.29,0.0
6942,3,583,2.58199999999996,0.05660377358490566,1618.8,4.29,0.0
6943,2,446,1.444999999999975,0.05605381165919283,1619.1,4.29,0.0
6944,2,446,1.444999999999975,0.05605381165919283,1619.3,4.29,0.0
6945,0,179,-0.8219999999999998,0.055865921787709494,1619.4,4.29,0.0
6946,0,179,-0.8219999999999998,0.055865921787709494,1619.5,4.29,0.0
6947,2,446,1.444999999999975,0.05605381165919283,1619.7,4.29,0.0
6948,3,579,2.5779999999999603,0.055267702936096716,1620.0,4.29,0.0
6949,4,713,3.711999999999988,0.056100981767180924,1620.4,4.29,0.0
6950,4,733,3.731999999999995,0.05593451568894952,1620.8,4.29,0.0
6951,8,1254,8.252999999999957,0.05582137161084529,1621.4,4.29,0.0
6952,1,313,0.3119999999999896,0.054313099041533544,1621.6,4.29,0.0
6953,0,186,-0.8149999999999998,0.05913978494623656,1621.7,4.29,0.0
6954,6,979,5.978000000000075,0.056179775280898875,1622.2,4.29,0.0
6955,0,179,-0.8219999999999998,0.05027932960893855,1622.3,4.29,0.0
6956,2,466,1.4649999999999728,0.055793991416309016,1622.5,4.29,0.0
6957,5,846,4.845000000000032,0.05555555555555555,1623.0,4.29,0.0
6958,0,190,-0.8109999999999998,0.05789473684210526,1623.1,4.29,0.0
6959,3,579,2.5779999999999603,0.055267702936096716,1623.4,4.29,0.0
6960,3,579,2.5779999999999603,0.055267702936096716,1623.7,4.29,0.0
6961,2,447,1.4459999999999749,0.05592841163310962,1623.9,4.29,0.0
6962,0,179,-0.8219999999999998,0.055865921787709494,1624.0,4.29,0.0
6963,6,979,5.978000000000075,0.05515832482124617,1624.5,4.29,0.0
6964,4,713,3.711999999999988,0.056100981767180924,1624.9,4.29,0.0
6965,1,313,0.3119999999999896,0.05750798722044728,1625.1,4.29,0.0
6966,4,713,3.711999999999988,0.0546984572230014,1625.4,4.29,0.0
6967,0,183,-0.8179999999999998,0.060109289617486336,1625.5,4.29,0.0
6968,1,313,0.3119999999999896,0.054313099041533544,1625.7,4.29,0.0
6969,5,846,4.845000000000032,0.05555555555555555,1626.1,4.29,0.0
6970,1,340,0.33899999999998665,0.05588235294117647,1626.3,4.29,0.0
6971,0,189,-0.8119999999999998,0.0582010582010582,1626.4,4.29,0.0
6972,4,717,3.7159999999999895,0.05578800557880056,1626.8,4.29,0.0
6973,2,449,1.4479999999999746,0.0556792873051225,1627.0,4.29,0.0
6974,0,179,-0.8219999999999998,0.05027932960893855,1627.1,4.29,0.0
6975,7,1113,7.112000000000036,0.055705300988319856,1627.7,4.29,0.0
6976,4,713,3.711999999999988,0.056100981767180924,1628.1,4.29,0.0
6977,7,1113,7.112000000000036,0.055705300988319856,1628.7,4.28,0.0
6978,0,179,-0.8219999999999998,0.055865921787709494,1628.8,4.28,0.0
6979,1,317,0.3159999999999892,0.056782334384858045,1628.9,4.28,0.0
6980,2,463,1.461999999999973,0.056155507559395246,1629.2,4.28,0.0
6981,1,336,0.3349999999999871,0.05654761904761905,1629.4,4.29,0.0
6982,1,313,0.3119999999999896,0.054313099041533544,1629.5,4.29,0.0
6983,0,186,-0.8149999999999998,0.05913978494623656,1629.6,4.29,0.0
6984,0,179,-0.8219999999999998,0.055865921787709494,1629.7,4.29,0.0
6985,6,979,5.978000000000075,0.05515832482124617,1630.2,4.29,0.0
6986,1,313,0.3119999999999896,0.05750798722044728,1630.4,4.29,0.0
6987,1,313,0.3119999999999896,0.054313099041533544,1630.6,4.29,0.0
6988,8,1257,8.255999999999956,0.05568814638027048,1631.2,4.28,0.0
6989,6,1001,6.000000000000083,0.055944055944055944,1631.7,4.28,0.0
6990,0,179,-0.8219999999999998,0.055865921787709494,1631.8,4.28,0.0
6991,1,313,0.3119999999999896,0.054313099041533544,1632.0,4.28,0.0
6992,1,313,0.3119999999999896,0.054313099041533544,1632.1,4.28,0.0
6993,0,184,-0.8169999999999998,0.059782608695652176,1632.2,4.28,0.0
6994,0,179,-0.8219999999999998,0.055865921787709494,1632.3,4.29,0.0
6995,1,313,0.3119999999999896,0.054313099041533544,1632.5,4.29,0.0
6996,3,579,2.5779999999999603,0.055267702936096716,1632.8,4.29,0.0
6997,2,446,1.444999999999975,0.05605381165919283,1633.0,4.29,0.0
6998,1,313,0.3119999999999896,0.054313099041533544,1633.2,4.29,0.0
6999,2,465,1.4639999999999729,0.05591397849462366,1633.4,4.29,0.0
7000,3,584,2.5829999999999598,0.05650684931506849,1633.8,4.29,0.0
7001,2,446,1.444999999999975,0.05605381165919283,1636.9,4.28,0.0
7002,0,179,-0.8219999999999998,0.055865921787709494,1637.0,4.28,0.0
7003,1,313,0.3119999999999896,0.054313099041533544,1637.2,4.28,0.0
7004,3,585,2.5839999999999597,0.05641025641025641,1637.5,4.28,0.0
7005,1,313,0.3119999999999896,0.054313099041533544,1637.6,4.28,0.0
7006,1,313,0.3119999999999896,0.054313099041533544,1637.8,4.28,0.0
7007,1,314,0.3129999999999895,0.05732484076433121,1638.0,4.28,0.0
7008,3,588,2.5869999999999593,0.05612244897959184,1638.3,4.28,0.0
7009,9,1398,9.396999999999878,0.055793991416309016,1639.0,4.28,0.0
7010,0,186,-0.8149999999999998,0.05913978494623656,1639.1,4.28,0.0
7011,1,317,0.3159999999999892,0.056782334384858045,1639.3,4.28,0.0
7012,1,313,0.3119999999999896,0.054313099041533544,1639.4,4.28,0.0
7013,0,179,-0.8219999999999998,0.055865921787709494,1639.5,4.28,0.0
7014,0,179,-0.8219999999999998,0.055865921787709494,1639.6,4.28,0.0
7015,1,315,0.3139999999999894,0.05714285714285714,1639.8,4.28,0.0
7016,0,184,-0.8169999999999998,0.059782608695652176,1639.9,4.28,0.0
7017,1,321,0.31999999999998874,0.056074766355140186,1640.0,4.28,0.0
7018,0,192,-0.8089999999999998,0.057291666666666664,1640.1,4.28,0.0
7019,1,336,0.3349999999999871,0.05654761904761905,1640.3,4.28,0.0
7020,5,856,4.855000000000035,0.056074766355140186,1640.8,4.28,0.0
7021,0,179,-0.8219999999999998,0.055865921787709494,1640.9,4.28,0.0
7022,0,179,-0.8219999999999998,0.055865921787709494,1640.9,4.28,0.0
7023,1,337,0.335999999999987,0.05637982195845697,1641.1,4.28,0.0
7024,0,179,-0.8219999999999998,0.055865921787709494,1641.2,4.28,0.0
7025,2,459,1.4579999999999735,0.05664488017429194,1641.5,4.28,0.0
7026,5,846,4.845000000000032,0.05555555555555555,1641.9,4.28,0.0
7027,3,589,2.587999999999959,0.05602716468590832,1642.2,4.28,0.0
7028,3,586,2.5849999999999596,0.05631399317406143,1642.5,4.28,0.0
7029,1,313,0.3119999999999896,0.054313099041533544,1642.7,4.28,0.0
7030,0,187,-0.8139999999999998,0.058823529411764705,1642.8,4.28,0.0
7031,7,1113,7.112000000000036,0.055705300988319856,1643.3,4.28,0.0
7032,0,179,-0.8219999999999998,0.055865921787709494,1643.4,4.28,0.0
7033,0,179,-0.8219999999999998,0.055865921787709494,1643.5,4.28,0.0
7034,0,179,-0.8219999999999998,0.055865921787709494,1643.6,4.28,0.0
7035,1,313,0.3119999999999896,0.05750798722044728,1643.8,4.28,0.0
7036,0,179,-0.8219999999999998,0.055865921787709494,1643.9,4.28,0.0
7037,1,313,0.3119999999999896,0.054313099041533544,1644.0,4.28,0.0
7038,1,314,0.3129999999999895,0.05732484076433121,1644.2,4.28,0.0
7039,0,185,-0.8159999999999998,0.05945945945945946,1644.3,4.28,0.0
7040,3,584,2.5829999999999598,0.05650684931506849,1644.6,4.28,0.0
7041,3,591,2.589999999999959,0.05583756345177665,1644.9,4.28,0.0
7042,2,462,1.4609999999999732,0.05627705627705628,1645.1,4.28,0.0
7043,6,979,5.978000000000075,0.05515832482124617,1645.7,4.28,0.0
7044,0,195,-0.8059999999999998,0.05641025641025641,1645.8,4.28,0.0
7045,4,713,3.711999999999988,0.056100981767180924,1646.1,4.28,0.0
7046,3,579,2.5779999999999603,0.055267702936096716,1646.4,4.28,0.0
7047,4,714,3.7129999999999885,0.056022408963585436,1646.8,4.28,0.0
7048,0,183,-0.8179999999999998,0.060109289617486336,1646.9,4.28,0.0
7049,3,579,2.5779999999999603,0.055267702936096716,1647.2,4.28,0.0
7050,0,187,-0.8139999999999998,0.058823529411764705,1647.3,4.28,0.0
7051,0,179,-0.8219999999999998,0.05027932960893855,1647.4,4.28,0.0
7052,1,335,0.3339999999999872,0.056716417910447764,1647.6,4.28,0.0
7053,1,313,0.3119999999999896,0.054313099041533544,1647.7,4.28,0.0
7054,2,446,1.444999999999975,0.05605381165919283,1648.0,4.28,0.0
7055,1,336,0.3349999999999871,0.05654761904761905,1648.1,4.28,0.0
7056,0,179,-0.8219999999999998,0.055865921787709494,1648.2,4.28,0.0
7057,0,179,-0.8219999999999998,0.055865921787709494,1648.3,4.28,0.0
7058,2,446,1.444999999999975,0.05605381165919283,1648.6,4.28,0.0
7059,0,192,-0.8089999999999998,0.057291666666666664,1648.7,4.28,0.0
7060,1,313,0.3119999999999896,0.054313099041533544,1648.8,4.28,0.0
7061,3,587,2.5859999999999594,0.056218057921635436,1649.1,4.28,0.0
7062,1,313,0.3119999999999896,0.05750798722044728,1649.3,4.28,0.0
7063,0,190,-0.8109999999999998,0.05789473684210526,1649.4,4.28,0.0
7064,3,579,2.5779999999999603,0.055267702936096716,1649.7,4.28,0.0
7065,1,341,0.33999999999998654,0.05571847507331378,1649.9,4.28,0.0
7066,0,179,-0.8219999999999998,0.055865921787709494,1650.0,4.28,0.0
7067,1,313,0.3119999999999896,0.054313099041533544,1650.1,4.28,0.0
7068,1,336,0.3349999999999871,0.05654761904761905,1650.3,4.28,0.0
7069,3,579,2.5779999999999603,0.05699481865284974,1650.6,4.28,0.0
7070,1,313,0.3119999999999896,0.054313099041533544,1650.8,4.28,0.0
7071,2,446,1.444999999999975,0.053811659192825115,1651.0,4.28,0.0
7072,4,713,3.711999999999988,0.0546984572230014,1651.4,4.28,0.0
7073,0,179,-0.8219999999999998,0.055865921787709494,1651.5,4.28,0.0
7074,4,733,3.731999999999995,0.05593451568894952,1651.8,4.28,0.0
7075,1,313,0.3119999999999896,0.054313099041533544,1652.0,4.28,0.0
7076,1,323,0.3219999999999885,0.05572755417956656,1652.2,4.28,0.0
7077,0,179,-0.8219999999999998,0.055865921787709494,1652.3,4.28,0.0
7078,2,446,1.444999999999975,0.05605381165919283,1652.5,4.28,0.0
7079,1,313,0.3119999999999896,0.054313099041533544,1652.7,4.28,0.0
7080,4,713,3.711999999999988,0.0546984572230014,1653.0,4.28,0.0
7081,0,192,-0.8089999999999998,0.057291666666666664,1653.1,4.28,0.0
7082,3,579,2.5779999999999603,0.055267702936096716,1653.4,4.28,0.0
7083,1,338,0.33699999999998687,0.05621301775147929,1653.6,4.28,0.0
7084,1,317,0.3159999999999892,0.056782334384858045,1653.8,4.28,0.0
7085,1,313,0.3119999999999896,0.05750798722044728,1653.9,4.28,0.0
7086,1,313,0.3119999999999896,0.054313099041533544,1654.1,4.28,0.0
7087,4,713,3.711999999999988,0.056100981767180924,1654.4,4.28,0.0
7088,2,446,1.444999999999975,0.05605381165919283,1654.7,4.28,0.0
7089,0,179,-0.8219999999999998,0.055865921787709494,1654.8,4.28,0.0
7090,5,846,4.845000000000032,0.05555555555555555,1655.2,4.28,0.0
7091,2,461,1.4599999999999733,0.05639913232104121,1655.4,4.28,0.0
7092,3,579,2.5779999999999603,0.055267702936096716,1655.8,4.28,0.0
7093,0,179,-0.8219999999999998,0.055865921787709494,1655.9,4.28,0.0
7094,0,179,-0.8219999999999998,0.05027932960893855,1655.9,4.28,0.0
7095,5,846,4.845000000000032,0.05555555555555555,1656.4,4.28,0.0
7096,3,579,2.5779999999999603,0.055267702936096716,1656.7,4.28,0.0
7097,0,179,-0.8219999999999998,0.055865921787709494,1656.8,4.28,0.0
7098,6,979,5.978000000000075,0.05515832482124617,1657.3,4.28,0.0
7099,1,313,0.3119999999999896,0.054313099041533544,1657.5,4.28,0.0
7100,3,579,2.5779999999999603,0.055267702936096716,1657.8,4.28,0.0
7101,0,179,-0.8219999999999998,0.055865921787709494,1657.9,4.28,0.0
7102,4,717,3.7159999999999895,0.05578800557880056,1658.2,4.28,0.0
7103,0,179,-0.8219999999999998,0.055865921787709494,1658.3,4.28,0.0
7104,0,191,-0.8099999999999998,0.05759162303664921,1658.4,4.28,0.0
7105,0,179,-0.8219999999999998,0.055865921787709494,1658.5,4.28,0.0
7106,1,318,0.31699999999998907,0.05660377358490566,1658.7,4.28,0.0
7107,3,605,2.6039999999999575,0.05619834710743802,1659.0,4.28,0.0
7108,0,179,-0.8219999999999998,0.055865921787709494,1659.1,4.28,0.0
7109,1,313,0.3119999999999896,0.054313099041533544,1659.3,4.29,0.0
7110,1,319,0.31799999999998896,0.05642633228840126,1659.4,4.29,0.0
7111,0,179,-0.8219999999999998,0.055865921787709494,1659.5,4.29,0.0
7112,6,979,5.978000000000075,0.05515832482124617,1660.0,4.28,0.0
7113,1,313,0.3119999999999896,0.054313099041533544,1660.2,4.29,0.0
7114,3,608,2.606999999999957,0.05592105263157895,1660.5,4.28,0.0
7115,0,179,-0.8219999999999998,0.055865921787709494,1660.6,4.29,0.0
7116,0,179,-0.8219999999999998,0.055865921787709494,1660.7,4.29,0.0
7117,3,579,2.5779999999999603,0.055267702936096716,1661.0,4.29,0.0
7118,0,187,-0.8139999999999998,0.058823529411764705,1661.1,4.29,0.0
7119,1,313,0.3119999999999896,0.05750798722044728,1661.2,4.29,0.0
7120,3,579,2.5779999999999603,0.055267702936096716,1661.5,4.29,0.0
7121,1,317,0.3159999999999892,0.056782334384858045,1661.7,4.29,0.0
7122,0,184,-0.8169999999999998,0.059782608695652176,1661.8,4.29,0.0
7123,3,581,2.57999999999996,0.05679862306368331,1662.1,4.29,0.0
7124,0,193,-0.8079999999999998,0.05699481865284974,1662.2,4.29,0.0
7125,0,179,-0.8219999999999998,0.055865921787709494,1662.3,4.29,0.0
7126,4,713,3.711999999999988,0.0546984572230014,1662.7,4.29,0.0
7127,7,1113,7.112000000000036,0.055705300988319856,1663.3,4.29,0.0
7128,2,447,1.4459999999999749,0.05592841163310962,1663.5,4.29,0.0
7129,5,855,4.854000000000035,0.056140350877192984,1663.9,4.29,0.0
7130,2,465,1.4639999999999729,0.05591397849462366,1664.2,4.29,0.0
7131,1,313,0.3119999999999896,0.054313099041533544,1664.3,4.29,0.0
7132,9,1379,9.377999999999888,0.05583756345177665,1665.1,4.28,0.0
7133,1,313,0.3119999999999896,0.05750798722044728,1665.2,4.28,0.0
7134,3,579,2.5779999999999603,0.055267702936096716,1665.5,4.28,0.0
7135,2,446,1.444999999999975,0.05605381165919283,1665.8,4.28,0.0
7136,3,589,2.587999999999959,0.05602716468590832,1666.1,4.28,0.0
7137,1,321,0.31999999999998874,0.056074766355140186,1666.3,4.28,0.0
7138,2,446,1.444999999999975,0.05605381165919283,1666.5,4.28,0.0
7139,2,446,1.444999999999975,0.053811659192825115,1666.7,4.28,0.0
7140,7,1132,7.131000000000025,0.05565371024734982,1667.3,4.28,0.0
7141,2,446,1.444999999999975,0.053811659192825115,1667.6,4.28,0.0
7142,0,183,-0.8179999999999998,0.060109289617486336,1667.7,4.28,0.0
7143,0,179,-0.8219999999999998,0.055865921787709494,1667.8,4.28,0.0
7144,1,315,0.3139999999999894,0.05714285714285714,1667.9,4.28,0.0
7145,1,335,0.3339999999999872,0.056716417910447764,1668.1,4.28,0.0
7146,1,323,0.3219999999999885,0.05572755417956656,1668.3,4.28,0.0
7147,0,179,-0.8219999999999998,0.055865921787709494,1668.4,4.28,0.0
7148,10,1514,10.512999999999813,0.056142668428005284,1669.2,4.28,0.0
7149,1,337,0.335999999999987,0.05637982195845697,1669.4,4.28,0.0
7150,2,446,1.444999999999975,0.05605381165919283,1669.6,4.28,0.0
7151,1,313,0.3119999999999896,0.05750798722044728,1669.8,4.28,0.0
7152,2,446,1.444999999999975,0.053811659192825115,1670.0,4.28,0.0
7153,0,188,-0.8129999999999998,0.05851063829787234,1670.1,4.28,0.0
7154,1,313,0.3119999999999896,0.05750798722044728,1670.3,4.28,0.0
7155,2,446,1.444999999999975,0.053811659192825115,1670.5,4.28,0.0
7156,0,179,-0.8219999999999998,0.055865921787709494,1670.6,4.28,0.0
7157,2,446,1.444999999999975,0.05605381165919283,1670.8,4.28,0.0
7158,2,446,1.444999999999975,0.05605381165919283,1671.0,4.28,0.0
7159,0,179,-0.8219999999999998,0.055865921787709494,1671.1,4.28,0.0
7160,1,313,0.3119999999999896,0.054313099041533544,1671.3,4.28,0.0
7161,3,579,2.5779999999999603,0.055267702936096716,1671.6,4.28,0.0
7162,1,313,0.3119999999999896,0.054313099041533544,1671.8,4.28,0.0
7163,0,186,-0.8149999999999998,0.05913978494623656,1671.9,4.29,0.0
7164,0,179,-0.8219999999999998,0.055865921787709494,1672.0,4.29,0.0
7165,4,713,3.711999999999988,0.056100981767180924,1672.3,4.29,0.0
7166,2,446,1.444999999999975,0.05605381165919283,1672.6,4.29,0.0
7167,2,446,1.444999999999975,0.053811659192825115,1672.8,4.29,0.0
7168,1,313,0.3119999999999896,0.054313099041533544,1673.0,4.29,0.0
7169,1,318,0.31699999999998907,0.05660377358490566,1673.1,4.29,0.0
7170,0,179,-0.8219999999999998,0.055865921787709494,1673.2,4.29,0.0
7171,0,179,-0.8219999999999998,0.055865921787709494,1673.3,4.29,0.0
7172,0,179,-0.8219999999999998,0.055865921787709494,1673.4,4.29,0.0
7173,2,453,1.4519999999999742,0.05739514348785872,1673.6,4.29,0.0
7174,4,713,3.711999999999988,0.0546984572230014,1674.0,4.29,0.0
7175,0,179,-0.8219999999999998,0.055865921787709494,1674.1,4.29,0.0
7176,1,315,0.3139999999999894,0.05714285714285714,1674.3,4.29,0.0
7177,2,446,1.444999999999975,0.05605381165919283,1674.5,4.29,0.0
7178,1,341,0.33999999999998654,0.05571847507331378,1674.7,4.29,0.0
7179,1,313,0.3119999999999896,0.05750798722044728,1674.9,4.29,0.0
7180,1,313,0.3119999999999896,0.05750798722044728,1675.0,4.29,0.0
7181,5,846,4.845000000000032,0.05555555555555555,1675.5,4.29,0.0
7182,0,179,-0.8219999999999998,0.055865921787709494,1675.6,4.29,0.0
7183,3,579,2.5779999999999603,0.055267702936096716,1675.9,4.29,0.0
7184,1,313,0.3119999999999896,0.054313099041533544,1676.0,4.29,0.0
7185,1,313,0.3119999999999896,0.054313099041533544,1676.2,4.29,0.0
7186,0,195,-0.8059999999999998,0.05641025641025641,1676.3,4.29,0.0
7187,3,592,2.590999999999959,0.05574324324324324,1676.6,4.29,0.0
7188,3,579,2.5779999999999603,0.055267702936096716,1676.9,4.29,0.0
7189,0,192,-0.8089999999999998,0.057291666666666664,1677.0,4.29,0.0
7190,0,179,-0.8219999999999998,0.055865921787709494,1677.1,4.29,0.0
7191,3,579,2.5779999999999603,0.055267702936096716,1677.4,4.29,0.0
7192,1,313,0.3119999999999896,0.054313099041533544,1677.6,4.29,0.0
7193,0,179,-0.8219999999999998,0.055865921787709494,1677.7,4.29,0.0
7194,8,1246,8.244999999999962,0.05537720706260032,1678.3,4.29,0.0
7195,3,583,2.58199999999996,0.05660377358490566,1678.6,4.29,0.0
7196,2,446,1.444999999999975,0.05605381165919283,1678.8,4.29,0.0
7197,8,1257,8.255999999999956,0.05568814638027048,1679.5,4.29,0.0
7198,2,446,1.444999999999975,0.05605381165919283,1679.8,4.29,0.0
7199,4,713,3.711999999999988,0.056100981767180924,1680.1,4.29,0.0
7200,1,313,0.3119999999999896,0.05750798722044728,1680.3,4.29,0.0
7201,2,455,1.453999999999974,0.05714285714285714,1680.5,4.29,0.0
7202,1,313,0.3119999999999896,0.05750798722044728,1680.7,4.29,0.0
7203,3,585,2.5839999999999597,0.05641025641025641,1681.0,4.29,0.0
7204,0,192,-0.8089999999999998,0.057291666666666664,1681.1,4.29,0.0
7205,7,1114,7.113000000000035,0.05565529622980251,1681.7,4.28,0.0
7206,4,713,3.711999999999988,0.056100981767180924,1682.1,4.28,0.0
7207,1,336,0.3349999999999871,0.05654761904761905,1682.2,4.28,0.0
7208,2,458,1.4569999999999736,0.056768558951965066,1682.5,4.28,0.0
7209,0,184,-0.8169999999999998,0.059782608695652176,1682.6,4.29,0.0
7210,3,579,2.5779999999999603,0.055267702936096716,1682.9,4.28,0.0
7211,5,857,4.856000000000035,0.056009334889148193,1683.3,4.28,0.0
7212,1,313,0.3119999999999896,0.054313099041533544,1683.5,4.28,0.0
7213,2,446,1.444999999999975,0.05605381165919283,1683.7,4.28,0.0
7214,2,459,1.4579999999999735,0.05664488017429194,1684.0,4.28,0.0
7215,0,179,-0.8219999999999998,0.055865921787709494,1684.1,4.28,0.0
7216,4,713,3.711999999999988,0.056100981767180924,1684.4,4.28,0.0
7217,0,190,-0.8109999999999998,0.05789473684210526,1684.5,4.28,0.0
7218,0,179,-0.8219999999999998,0.055865921787709494,1684.6,4.29,0.0
7219,1,313,0.3119999999999896,0.054313099041533544,1684.8,4.29,0.0
7220,1,313,0.3119999999999896,0.05750798722044728,1685.0,4.29,0.0
7221,0,179,-0.8219999999999998,0.055865921787709494,1685.1,4.29,0.0
7222,1,313,0.3119999999999896,0.054313099041533544,1685.2,4.29,0.0
7223,0,184,-0.8169999999999998,0.059782608695652176,1685.3,4.29,0.0
7224,2,446,1.444999999999975,0.05605381165919283,1685.6,4.29,0.0
7225,0,191,-0.8099999999999998,0.05759162303664921,1685.7,4.29,0.0
7226,4,727,3.725999999999993,0.05639614855570839,1686.0,4.29,0.0
7227,1,313,0.3119999999999896,0.054313099041533544,1686.2,4.29,0.0
7228,1,338,0.33699999999998687,0.05621301775147929,1686.4,4.29,0.0
7229,3,579,2.5779999999999603,0.055267702936096716,1686.7,4.29,0.0
7230,2,446,1.444999999999975,0.05605381165919283,1686.9,4.29,0.0
7231,4,713,3.711999999999988,0.056100981767180924,1687.3,4.29,0.0
7232,1,313,0.3119999999999896,0.05750798722044728,1687.4,4.29,0.0
7233,2,446,1.444999999999975,0.053811659192825115,1687.7,4.29,0.0
7234,1,313,0.3119999999999896,0.054313099041533544,1687.9,4.29,0.0
7235,1,314,0.3129999999999895,0.05732484076433121,1688.0,4.29,0.0
7236,4,713,3.711999999999988,0.0546984572230014,1688.4,4.29,0.0
7237,0,179,-0.8219999999999998,0.055865921787709494,1688.5,4.29,0.0
7238,4,730,3.728999999999994,0.056164383561643834,1688.9,4.29,0.0
7239,5,846,4.845000000000032,0.05555555555555555,1689.3,4.29,0.0
7240,2,461,1.4599999999999733,0.05639913232104121,1689.5,4.29,0.0
7241,1,313,0.3119999999999896,0.054313099041533544,1689.7,4.29,0.0
7242,1,317,0.3159999999999892,0.056782334384858045,1689.9,4.29,0.0
7243,5,846,4.845000000000032,0.05555555555555555,1690.3,4.29,0.0
7244,0,184,-0.8169999999999998,0.059782608695652176,1690.4,4.29,0.0
7245,0,190,-0.8109999999999998,0.05789473684210526,1690.5,4.29,0.0
7246,0,186,-0.8149999999999998,0.05913978494623656,1690.6,4.29,0.0
7247,4,713,3.711999999999988,0.056100981767180924,1690.9,4.29,0.0
7248,0,179,-0.8219999999999998,0.055865921787709494,1691.0,4.29,0.0
7249,3,579,2.5779999999999603,0.055267702936096716,1691.3,4.29,0.0
7250,5,846,4.845000000000032,0.05555555555555555,1691.8,4.29,0.0
7251,3,579,2.5779999999999603,0.055267702936096716,1692.1,4.29,0.0
7252,0,179,-0.8219999999999998,0.055865921787709494,1692.2,4.29,0.0
7253,0,186,-0.8149999999999998,0.05913978494623656,1692.3,4.29,0.0
7254,4,713,3.711999999999988,0.056100981767180924,1692.7,4.29,0.0
7255,2,446,1.444999999999975,0.05605381165919283,1692.9,4.29,0.0
7256,7,1113,7.112000000000036,0.055705300988319856,1693.5,4.29,0.0
7257,3,585,2.5839999999999597,0.05641025641025641,1693.8,4.29,0.0
7258,0,195,-0.8059999999999998,0.05641025641025641,1693.9,4.29,0.0
7259,1,341,0.33999999999998654,0.05571847507331378,1694.1,4.29,0.0
7260,3,579,2.5779999999999603,0.055267702936096716,1694.4,4.29,0.0
7261,0,179,-0.8219999999999998,0.055865921787709494,1694.5,4.29,0.0
7262,4,713,3.711999999999988,0.0546984572230014,1694.8,4.29,0.0
7263,1,313,0.3119999999999896,0.05750798722044728,1695.0,4.29,0.0
7264,1,313,0.3119999999999896,0.054313099041533544,1695.2,4.29,0.0
7265,3,589,2.587999999999959,0.05602716468590832,1695.5,4.29,0.0
7266,1,313,0.3119999999999896,0.054313099041533544,1695.7,4.29,0.0
7267,0,183,-0.8179999999999998,0.060109289617486336,1695.7,4.29,0.0
7268,3,579,2.5779999999999603,0.055267702936096716,1696.0,4.29,0.0
7269,2,454,1.452999999999974,0.05726872246696035,1696.3,4.29,0.0
7270,5,846,4.845000000000032,0.05555555555555555,1696.7,4.29,0.0
7271,3,579,2.5779999999999603,0.055267702936096716,1697.0,4.29,0.0
7272,0,179,-0.8219999999999998,0.055865921787709494,1697.1,4.29,0.0
7273,0,179,-0.8219999999999998,0.055865921787709494,1697.2,4.29,0.0
7274,2,446,1.444999999999975,0.05605381165919283,1697.4,4.29,0.0
7275,6,979,5.978000000000075,0.05515832482124617,1697.9,4.29,0.0
7276,1,313,0.3119999999999896,0.054313099041533544,1698.1,4.29,0.0
7277,0,186,-0.8149999999999998,0.05913978494623656,1698.2,4.29,0.0
7278,0,179,-0.8219999999999998,0.055865921787709494,1698.3,4.29,0.0
7279,3,591,2.589999999999959,0.05583756345177665,1698.6,4.29,0.0
7280,2,446,1.444999999999975,0.05605381165919283,1698.8,4.29,0.0
7281,0,179,-0.8219999999999998,0.055865921787709494,1698.9,4.29,0.0
7282,0,194,-0.8069999999999998,0.05670103092783505,1699.0,4.29,0.0
7283,0,179,-0.8219999999999998,0.055865921787709494,1699.1,4.29,0.0
7284,1,313,0.3119999999999896,0.054313099041533544,1699.3,4.29,0.0
7285,2,457,1.4559999999999738,0.05689277899343545,1699.5,4.29,0.0
7286,0,188,-0.8129999999999998,0.05851063829787234,1699.6,4.29,0.0
7287,3,582,2.58099999999996,0.05670103092783505,1699.9,4.29,0.0
7288,0,179,-0.8219999999999998,0.055865921787709494,1700.0,4.29,0.0
7289,6,1003,6.002000000000083,0.05583250249252243,1700.5,4.29,0.0
7290,0,179,-0.8219999999999998,0.055865921787709494,1700.6,4.29,0.0
7291,5,854,4.853000000000034,0.05620608899297424,1701.0,4.29,0.0
7292,0,179,-0.8219999999999998,0.055865921787709494,1701.1,4.29,0.0
7293,0,188,-0.8129999999999998,0.05851063829787234,1701.2,4.29,0.0
7294,3,591,2.589999999999959,0.05583756345177665,1701.5,4.29,0.0
7295,1,313,0.3119999999999896,0.05750798722044728,1701.7,4.29,0.0
7296,2,455,1.453999999999974,0.05714285714285714,1701.9,4.29,0.0
7297,6,979,5.978000000000075,0.05515832482124617,1702.4,4.29,0.0
7298,2,452,1.4509999999999743,0.05752212389380531,1702.7,4.29,0.0
7299,1,313,0.3119999999999896,0.05750798722044728,1702.8,4.29,0.0
7300,1,317,0.3159999999999892,0.056782334384858045,1703.0,4.29,0.0
7301,1,313,0.3119999999999896,0.054313099041533544,1703.2,4.29,0.0
7302,4,727,3.725999999999993,0.05639614855570839,1703.5,4.29,0.0
7303,0,184,-0.8169999999999998,0.059782608695652176,1703.6,4.29,0.0
7304,0,179,-0.8219999999999998,0.055865921787709494,1703.7,4.29,0.0
7305,0,179,-0.8219999999999998,0.055865921787709494,1703.8,4.29,0.0
7306,0,185,-0.8159999999999998,0.05945945945945946,1703.9,4.29,0.0
7307,3,593,2.591999999999959,0.05564924114671164,1704.2,4.29,0.0
7308,1,336,0.3349999999999871,0.05654761904761905,1704.4,4.29,0.0
7309,3,610,2.608999999999957,0.05573770491803279,1704.7,4.29,0.0
7310,1,314,0.3129999999999895,0.05732484076433121,1704.9,4.29,0.0
7311,2,465,1.4639999999999729,0.05591397849462366,1705.1,4.29,0.0
7312,0,179,-0.8219999999999998,0.055865921787709494,1705.2,4.29,0.0
7313,2,456,1.4549999999999739,0.05701754385964912,1705.5,4.29,0.0
7314,0,179,-0.8219999999999998,0.055865921787709494,1705.6,4.29,0.0
7315,1,313,0.3119999999999896,0.054313099041533544,1705.7,4.29,0.0
7316,0,179,-0.8219999999999998,0.055865921787709494,1705.8,4.29,0.0
7317,0,188,-0.8129999999999998,0.05851063829787234,1705.9,4.29,0.0
7318,0,190,-0.8109999999999998,0.05789473684210526,1706.0,4.29,0.0
7319,4,713,3.711999999999988,0.056100981767180924,1706.4,4.29,0.0
7320,3,583,2.58199999999996,0.05660377358490566,1706.7,4.29,0.0
7321,1,321,0.31999999999998874,0.056074766355140186,1706.8,4.29,0.0
7322,0,184,-0.8169999999999998,0.059782608695652176,1706.9,4.29,0.0
7323,4,713,3.711999999999988,0.056100981767180924,1707.3,4.29,0.0
7324,0,179,-0.8219999999999998,0.055865921787709494,1707.4,4.29,0.0
7325,0,179,-0.8219999999999998,0.055865921787709494,1707.5,4.29,0.0
7326,0,179,-0.8219999999999998,0.055865921787709494,1707.6,4.29,0.0
7327,6,979,5.978000000000075,0.05515832482124617,1708.1,4.29,0.0
7328,4,717,3.7159999999999895,0.05578800557880056,1708.5,4.29,0.0
7329,6,979,5.978000000000075,0.056179775280898875,1709.0,4.29,0.0
7330,3,579,2.5779999999999603,0.055267702936096716,1709.3,4.29,0.0
7331,1,320,0.31899999999998885,0.05625,1709.4,4.29,0.0
7332,2,446,1.444999999999975,0.05605381165919283,1709.7,4.29,0.0
7333,6,979,5.978000000000075,0.05515832482124617,1710.2,4.29,0.0
7334,1,313,0.3119999999999896,0.05750798722044728,1710.3,4.29,0.0
7335,3,588,2.5869999999999593,0.05612244897959184,1710.6,4.29,0.0
7336,0,179,-0.8219999999999998,0.055865921787709494,1710.7,4.29,0.0
7337,0,179,-0.8219999999999998,0.055865921787709494,1710.8,4.29,0.0
7338,1,314,0.3129999999999895,0.05732484076433121,1711.0,4.29,0.0
7339,7,1113,7.112000000000036,0.055705300988319856,1711.6,4.29,0.0
7340,4,731,3.729999999999994,0.0560875512995896,1711.9,4.29,0.0
7341,1,335,0.3339999999999872,0.056716417910447764,1712.1,4.29,0.0
7342,2,446,1.444999999999975,0.05605381165919283,1712.3,4.29,0.0
7343,11,1646,11.64499999999974,0.05589307411907655,1713.2,4.29,0.0
7344,1,313,0.3119999999999896,0.054313099041533544,1713.4,4.29,0.0
7345,1,319,0.31799999999998896,0.05642633228840126,1713.5,4.29,0.0
7346,6,979,5.978000000000075,0.05515832482124617,1714.0,4.29,0.0
7347,1,313,0.3119999999999896,0.054313099041533544,1714.2,4.29,0.0
7348,5,846,4.845000000000032,0.05555555555555555,1714.6,4.29,0.0
7349,1,313,0.3119999999999896,0.054313099041533544,1714.8,4.29,0.0
7350,0,179,-0.8219999999999998,0.055865921787709494,1714.9,4.29,0.0
7351,0,190,-0.8109999999999998,0.05789473684210526,1715.0,4.29,0.0
7352,2,453,1.4519999999999742,0.05739514348785872,1715.2,4.29,0.0
7353,8,1251,8.24999999999996,0.055955235811350916,1715.9,4.29,0.0
7354,5,852,4.851000000000034,0.056338028169014086,1716.3,4.29,0.0
7355,2,447,1.4459999999999749,0.05592841163310962,1716.5,4.29,0.0
7356,4,713,3.711999999999988,0.056100981767180924,1716.9,4.29,0.0
7357,3,583,2.58199999999996,0.05660377358490566,1717.2,4.28,0.0
7358,3,600,2.598999999999958,0.056666666666666664,1717.5,4.28,0.0
7359,1,313,0.3119999999999896,0.054313099041533544,1717.7,4.28,0.0
7360,0,179,-0.8219999999999998,0.055865921787709494,1717.8,4.29,0.0
7361,0,179,-0.8219999999999998,0.055865921787709494,1717.9,4.29,0.0
7362,3,579,2.5779999999999603,0.055267702936096716,1718.2,4.29,0.0
7363,1,313,0.3119999999999896,0.05750798722044728,1718.3,4.29,0.0
7364,3,579,2.5779999999999603,0.055267702936096716,1718.6,4.29,0.0
7365,1,313,0.3119999999999896,0.05750798722044728,1718.8,4.29,0.0
7366,2,446,1.444999999999975,0.05605381165919283,1719.0,4.29,0.0
7367,0,179,-0.8219999999999998,0.055865921787709494,1719.1,4.29,0.0
7368,1,313,0.3119999999999896,0.054313099041533544,1719.3,4.29,0.0
7369,0,195,-0.8059999999999998,0.05641025641025641,1719.4,4.29,0.0
7370,0,186,-0.8149999999999998,0.05913978494623656,1719.5,4.29,0.0
7371,3,588,2.5869999999999593,0.05612244897959184,1719.8,4.29,0.0
7372,3,590,2.588999999999959,0.05593220338983051,1720.1,4.29,0.0
7373,2,457,1.4559999999999738,0.05689277899343545,1720.3,4.29,0.0
7374,5,846,4.845000000000032,0.05555555555555555,1720.7,4.29,0.0
7375,1,335,0.3339999999999872,0.056716417910447764,1720.9,4.29,0.0
7376,1,313,0.3119999999999896,0.05750798722044728,1721.1,4.29,0.0
7377,0,179,-0.8219999999999998,0.055865921787709494,1721.2,4.29,0.0
7378,0,179,-0.8219999999999998,0.055865921787709494,1721.3,4.29,0.0
7379,1,313,0.3119999999999896,0.054313099041533544,1721.4,4.29,0.0
7380,2,446,1.444999999999975,0.053811659192825115,1721.7,4.29,0.0
7381,0,179,-0.8219999999999998,0.055865921787709494,1721.7,4.29,0.0
7382,2,446,1.444999999999975,0.05605381165919283,1722.0,4.29,0.0
7383,2,480,1.4789999999999712,0.05625,1722.2,4.29,0.0
7384,8,1246,8.244999999999962,0.05537720706260032,1722.9,4.29,0.0
7385,1,313,0.3119999999999896,0.054313099041533544,1723.0,4.29,0.0
7386,1,313,0.3119999999999896,0.05750798722044728,1723.2,4.29,0.0
7387,6,979,5.978000000000075,0.056179775280898875,1723.7,4.29,0.0
7388,5,846,4.845000000000032,0.05555555555555555,1724.1,4.29,0.0
7389,3,579,2.5779999999999603,0.055267702936096716,1724.5,4.29,0.0
7390,1,313,0.3119999999999896,0.054313099041533544,1724.6,4.29,0.0
7391,0,179,-0.8219999999999998,0.055865921787709494,1724.7,4.29,0.0
7392,0,179,-0.8219999999999998,0.055865921787709494,1724.8,4.29,0.0
7393,2,446,1.444999999999975,0.05605381165919283,1725.0,4.29,0.0
7394,2,456,1.4549999999999739,0.05701754385964912,1725.3,4.29,0.0
7395,0,179,-0.8219999999999998,0.055865921787709494,1725.4,4.29,0.0
7396,6,983,5.982000000000077,0.05595116988809766,1725.9,4.29,0.0
7397,1,313,0.3119999999999896,0.054313099041533544,1726.0,4.29,0.0
7398,0,179,-0.8219999999999998,0.055865921787709494,1726.1,4.29,0.0
7399,4,737,3.735999999999996,0.05563093622795115,1726.5,4.29,0.0
7400,5,846,4.845000000000032,0.05555555555555555,1726.9,4.29,0.0
7401,1,313,0.3119999999999896,0.054313099041533544,1727.1,4.29,0.0
7402,3,579,2.5779999999999603,0.05699481865284974,1727.4,4.29,0.0
7403,2,446,1.444999999999975,0.05605381165919283,1727.6,4.29,0.0
7404,0,179,-0.8219999999999998,0.055865921787709494,1727.7,4.29,0.0
7405,0,186,-0.8149999999999998,0.05913978494623656,1727.8,4.29,0.0
7406,0,185,-0.8159999999999998,0.05945945945945946,1727.9,4.29,0.0
7407,1,315,0.3139999999999894,0.05714285714285714,1728.1,4.29,0.0
7408,2,446,1.444999999999975,0.053811659192825115,1728.3,4.29,0.0
7409,1,336,0.3349999999999871,0.05654761904761905,1728.5,4.29,0.0
7410,2,446,1.444999999999975,0.05605381165919283,1728.7,4.29,0.0
7411,0,179,-0.8219999999999998,0.055865921787709494,1728.8,4.29,0.0
7412,1,313,0.3119999999999896,0.054313099041533544,1729.0,4.29,0.0
7413,0,179,-0.8219999999999998,0.055865921787709494,1729.1,4.29,0.0
7414,1,318,0.31699999999998907,0.05660377358490566,1729.3,4.29,0.0
7415,1,320,0.31899999999998885,0.05625,1729.4,4.29,0.0
7416,4,713,3.711999999999988,0.056100981767180924,1729.8,4.29,0.0
7417,4,736,3.734999999999996,0.05570652173913043,1730.2,4.29,0.0
7418,3,579,2.5779999999999603,0.055267702936096716,1730.5,4.29,0.0
7419,0,179,-0.8219999999999998,0.055865921787709494,1730.6,4.29,0.0
7420,3,609,2.607999999999957,0.05582922824302135,1730.9,4.29,0.0
7421,0,192,-0.8089999999999998,0.057291666666666664,1731.0,4.29,0.0
7422,0,179,-0.8219999999999998,0.055865921787709494,1731.1,4.29,0.0
7423,0,192,-0.8089999999999998,0.057291666666666664,1731.2,4.29,0.0
7424,1,313,0.3119999999999896,0.054313099041533544,1731.4,4.29,0.0
7425,1,313,0.3119999999999896,0.05750798722044728,1731.5,4.29,0.0
7426,3,579,2.5779999999999603,0.055267702936096716,1731.8,4.29,0.0
7427,4,713,3.711999999999988,0.056100981767180924,1732.2,4.29,0.0
7428,0,179,-0.8219999999999998,0.055865921787709494,1732.3,4.29,0.0
7429,0,179,-0.8219999999999998,0.055865921787709494,1732.4,4.29,0.0
7430,5,846,4.845000000000032,0.05555555555555555,1732.8,4.29,0.0
7431,4,713,3.711999999999988,0.0546984572230014,1733.2,4.29,0.0
7432,5,846,4.845000000000032,0.054373522458628844,1733.6,4.29,0.0
7433,0,193,-0.8079999999999998,0.05699481865284974,1733.7,4.29,0.0
7434,6,979,5.978000000000075,0.056179775280898875,1734.2,4.29,0.0
7435,2,446,1.444999999999975,0.053811659192825115,1734.5,4.29,0.0
7436,3,579,2.5779999999999603,0.055267702936096716,1734.8,4.29,0.0
7437,3,579,2.5779999999999603,0.055267702936096716,1735.1,4.29,0.0
7438,2,446,1.444999999999975,0.05605381165919283,1735.3,4.29,0.0
7439,7,1113,7.112000000000036,0.055705300988319856,1735.9,4.29,0.0
7440,0,184,-0.8169999999999998,0.059782608695652176,1736.0,4.29,0.0
7441,1,313,0.3119999999999896,0.054313099041533544,1736.1,4.29,0.0
7442,1,313,0.3119999999999896,0.054313099041533544,1736.3,4.29,0.0
7443,4,718,3.71699999999999,0.055710306406685235,1736.7,4.29,0.0
7444,6,979,5.978000000000075,0.05515832482124617,1737.2,4.29,0.0
7445,1,320,0.31899999999998885,0.05625,1737.3,4.29,0.0
7446,0,179,-0.8219999999999998,0.055865921787709494,1737.4,4.29,0.0
7447,0,179,-0.8219999999999998,0.055865921787709494,1737.5,4.29,0.0
7448,0,189,-0.8119999999999998,0.0582010582010582,1737.6,4.29,0.0
7449,2,458,1.4569999999999736,0.056768558951965066,1737.9,4.29,0.0
7450,0,179,-0.8219999999999998,0.055865921787709494,1738.0,4.29,0.0
7451,0,179,-0.8219999999999998,0.055865921787709494,1738.0,4.29,0.0
7452,9,1389,9.387999999999883,0.056155507559395246,1738.8,4.29,0.0
7453,0,179,-0.8219999999999998,0.055865921787709494,1738.9,4.29,0.0
7454,1,313,0.3119999999999896,0.05750798722044728,1739.0,4.29,0.0
7455,4,728,3.726999999999993,0.05631868131868132,1739.4,4.29,0.0
7456,3,585,2.5839999999999597,0.05641025641025641,1739.7,4.29,0.0
7457,0,179,-0.8219999999999998,0.055865921787709494,1739.8,4.29,0.0
7458,2,465,1.4639999999999729,0.05591397849462366,1740.0,4.29,0.0
7459,1,313,0.3119999999999896,0.054313099041533544,1740.2,4.29,0.0
7460,1,316,0.3149999999999893,0.056962025316455694,1740.4,4.29,0.0
7461,1,318,0.31699999999998907,0.05660377358490566,1740.5,4.29,0.0
7462,1,313,0.3119999999999896,0.054313099041533544,1740.7,4.29,0.0
7463,2,446,1.444999999999975,0.05605381165919283,1740.9,4.29,0.0
7464,1,313,0.3119999999999896,0.054313099041533544,1741.1,4.29,0.0
7465,3,579,2.5779999999999603,0.055267702936096716,1741.4,4.29,0.0
7466,1,313,0.3119999999999896,0.054313099041533544,1741.6,4.29,0.0
7467,0,179,-0.8219999999999998,0.055865921787709494,1741.7,4.29,0.0
7468,0,193,-0.8079999999999998,0.05699481865284974,1741.8,4.29,0.0
7469,4,728,3.726999999999993,0.05631868131868132,1742.1,4.29,0.0
7470,1,336,0.3349999999999871,0.05654761904761905,1742.3,4.29,0.0
7471,3,579,2.5779999999999603,0.055267702936096716,1742.6,4.29,0.0
7472,2,446,1.444999999999975,0.053811659192825115,1742.8,4.29,0.0
7473,0,182,-0.8189999999999998,0.06043956043956044,1742.9,4.29,0.0
7474,0,179,-0.8219999999999998,0.055865921787709494,1743.0,4.29,0.0
7475,3,579,2.5779999999999603,0.055267702936096716,1743.3,4.29,0.0
7476,1,334,0.3329999999999873,0.05688622754491018,1743.5,4.29,0.0
7477,0,183,-0.8179999999999998,0.060109289617486336,1743.6,4.29,0.0
7478,2,462,1.4609999999999732,0.05627705627705628,1743.8,4.29,0.0
7479,3,609,2.607999999999957,0.05582922824302135,1744.1,4.29,0.0
7480,1,313,0.3119999999999896,0.05750798722044728,1744.3,4.29,0.0
7481,2,463,1.461999999999973,0.056155507559395246,1744.6,4.29,0.0
7482,7,1113,7.112000000000036,0.055705300988319856,1745.1,4.29,0.0
7483,8,1246,8.244999999999962,0.056179775280898875,1745.8,4.29,0.0
7484,4,713,3.711999999999988,0.056100981767180924,1746.2,4.29,0.0
7485,5,846,4.845000000000032,0.05555555555555555,1746.6,4.29,0.0
7486,2,446,1.444999999999975,0.05605381165919283,1746.8,4.29,0.0
7487,5,846,4.845000000000032,0.05555555555555555,1747.3,4.29,0.0
7488,0,179,-0.8219999999999998,0.055865921787709494,1747.4,4.29,0.0
7489,2,446,1.444999999999975,0.05605381165919283,1747.6,4.29,0.0
7490,2,446,1.444999999999975,0.05605381165919283,1747.8,4.29,0.0
7491,1,313,0.3119999999999896,0.05750798722044728,1748.0,4.29,0.0
7492,1,313,0.3119999999999896,0.05750798722044728,1748.2,4.29,0.0
7493,0,179,-0.8219999999999998,0.055865921787709494,1748.2,4.29,0.0
7494,1,313,0.3119999999999896,0.05750798722044728,1748.4,4.29,0.0
7495,2,466,1.4649999999999728,0.055793991416309016,1748.7,4.29,0.0
7496,3,579,2.5779999999999603,0.055267702936096716,1749.0,4.29,0.0
7497,0,179,-0.8219999999999998,0.055865921787709494,1749.1,4.29,0.0
7498,0,179,-0.8219999999999998,0.055865921787709494,1749.1,4.29,0.0
7499,0,190,-0.8109999999999998,0.05789473684210526,1749.2,4.29,0.0
7500,0,183,-0.8179999999999998,0.060109289617486336,1749.3,4.29,0.0
7501,6,980,5.979000000000076,0.05612244897959184,1752.6,4.28,0.0
7502,3,579,2.5779999999999603,0.05699481865284974,1752.9,4.28,0.0
7503,0,179,-0.8219999999999998,0.055865921787709494,1753.0,4.28,0.0
7504,0,179,-0.8219999999999998,0.055865921787709494,1753.1,4.28,0.0
7505,3,579,2.5779999999999603,0.055267702936096716,1753.4,4.28,0.0
7506,2,446,1.444999999999975,0.05605381165919283,1753.6,4.28,0.0
7507,1,317,0.3159999999999892,0.056782334384858045,1753.8,4.28,0.0
7508,2,446,1.444999999999975,0.05605381165919283,1754.0,4.28,0.0
7509,0,179,-0.8219999999999998,0.055865921787709494,1754.1,4.28,0.0
7510,2,446,1.444999999999975,0.05605381165919283,1754.3,4.28,0.0
7511,2,446,1.444999999999975,0.05605381165919283,1754.6,4.28,0.0
7512,2,457,1.4559999999999738,0.05689277899343545,1754.8,4.28,0.0
7513,0,189,-0.8119999999999998,0.0582010582010582,1754.9,4.28,0.0
7514,1,313,0.3119999999999896,0.054313099041533544,1755.1,4.28,0.0
7515,1,316,0.3149999999999893,0.056962025316455694,1755.2,4.28,0.0
7516,8,1249,8.24799999999996,0.05604483586869496,1755.9,4.28,0.0
7517,2,446,1.444999999999975,0.05605381165919283,1756.2,4.28,0.0
7518,0,179,-0.8219999999999998,0.055865921787709494,1756.3,4.28,0.0
7519,2,446,1.444999999999975,0.053811659192825115,1756.5,4.28,0.0
7520,2,446,1.444999999999975,0.05605381165919283,1756.7,4.28,0.0
7521,1,313,0.3119999999999896,0.054313099041533544,1756.9,4.28,0.0
7522,3,579,2.5779999999999603,0.055267702936096716,1757.2,4.28,0.0
7523,5,861,4.860000000000037,0.05574912891986063,1757.7,4.28,0.0
7524,3,590,2.588999999999959,0.05593220338983051,1758.0,4.28,0.0
7525,2,446,1.444999999999975,0.05605381165919283,1758.2,4.28,0.0
7526,2,459,1.4579999999999735,0.05664488017429194,1758.5,4.28,0.0
7527,0,179,-0.8219999999999998,0.055865921787709494,1758.6,4.28,0.0
7528,1,313,0.3119999999999896,0.054313099041533544,1758.7,4.28,0.0
7529,1,313,0.3119999999999896,0.054313099041533544,1758.9,4.28,0.0
7530,1,313,0.3119999999999896,0.05750798722044728,1759.1,4.28,0.0
7531,1,335,0.3339999999999872,0.056716417910447764,1759.2,4.28,0.0
7532,2,456,1.4549999999999739,0.05701754385964912,1759.5,4.28,0.0
7533,3,590,2.588999999999959,0.05593220338983051,1759.8,4.28,0.0
7534,2,446,1.444999999999975,0.05605381165919283,1760.0,4.28,0.0
7535,3,587,2.5859999999999594,0.056218057921635436,1760.3,4.28,0.0
7536,0,179,-0.8219999999999998,0.055865921787709494,1760.4,4.28,0.0
7537,1,313,0.3119999999999896,0.05750798722044728,1760.6,4.28,0.0
7538,5,846,4.845000000000032,0.05555555555555555,1761.0,4.28,0.0
7539,2,447,1.4459999999999749,0.05592841163310962,1761.3,4.28,0.0
7540,4,713,3.711999999999988,0.056100981767180924,1761.7,4.28,0.0
7541,1,313,0.3119999999999896,0.05750798722044728,1761.8,4.28,0.0
7542,0,179,-0.8219999999999998,0.055865921787709494,1761.9,4.28,0.0
7543,4,729,3.7279999999999935,0.056241426611796985,1762.3,4.28,0.0
7544,1,322,0.32099999999998863,0.055900621118012424,1762.5,4.28,0.0
7545,2,446,1.444999999999975,0.053811659192825115,1762.8,4.28,0.0
7546,2,446,1.444999999999975,0.05605381165919283,1763.0,4.28,0.0
7547,0,184,-0.8169999999999998,0.059782608695652176,1763.1,4.28,0.0
7548,0,192,-0.8089999999999998,0.057291666666666664,1763.2,4.28,0.0
7549,0,187,-0.8139999999999998,0.058823529411764705,1763.3,4.28,0.0
7550,0,179,-0.8219999999999998,0.055865921787709494,1763.4,4.28,0.0
7551,9,1379,9.377999999999888,0.05583756345177665,1764.1,4.28,0.0
7552,0,197,-0.8039999999999998,0.05583756345177665,1764.2,4.28,0.0
7553,0,179,-0.8219999999999998,0.055865921787709494,1764.3,4.28,0.0
7554,1,320,0.31899999999998885,0.05625,1764.5,4.28,0.0
7555,2,457,1.4559999999999738,0.05689277899343545,1764.7,4.28,0.0
7556,3,590,2.588999999999959,0.05593220338983051,1765.0,4.28,0.0
7557,0,188,-0.8129999999999998,0.05851063829787234,1765.1,4.28,0.0
7558,0,179,-0.8219999999999998,0.05027932960893855,1765.2,4.28,0.0
7559,1,313,0.3119999999999896,0.054313099041533544,1765.4,4.28,0.0
7560,4,713,3.711999999999988,0.056100981767180924,1765.8,4.28,0.0
7561,1,313,0.3119999999999896,0.054313099041533544,1766.0,4.28,0.0
7562,0,179,-0.8219999999999998,0.055865921787709494,1766.1,4.28,0.0
7563,4,713,3.711999999999988,0.0546984572230014,1766.4,4.28,0.0
7564,0,179,-0.8219999999999998,0.055865921787709494,1766.5,4.28,0.0
7565,4,729,3.7279999999999935,0.056241426611796985,1766.9,4.28,0.0
7566,1,313,0.3119999999999896,0.05750798722044728,1767.1,4.28,0.0
7567,1,318,0.31699999999998907,0.05660377358490566,1767.2,4.28,0.0
7568,0,179,-0.8219999999999998,0.055865921787709494,1767.3,4.28,0.0
7569,0,179,-0.8219999999999998,0.055865921787709494,1767.4,4.28,0.0
7570,5,846,4.845000000000032,0.05555555555555555,1767.9,4.28,0.0
7571,10,1513,10.511999999999814,0.05551883674818242,1768.7,4.28,0.0
7572,2,454,1.452999999999974,0.05726872246696035,1768.9,4.28,0.0
7573,3,579,2.5779999999999603,0.055267702936096716,1769.2,4.28,0.0
7574,4,718,3.71699999999999,0.055710306406685235,1769.6,4.28,0.0
7575,0,179,-0.8219999999999998,0.055865921787709494,1769.7,4.28,0.0
7576,3,579,2.5779999999999603,0.055267702936096716,1770.0,4.28,0.0
7577,1,313,0.3119999999999896,0.054313099041533544,1770.1,4.28,0.0
7578,2,446,1.444999999999975,0.05605381165919283,1770.4,4.28,0.0
7579,0,186,-0.8149999999999998,0.05913978494623656,1770.5,4.28,0.0
7580,3,579,2.5779999999999603,0.055267702936096716,1770.8,4.28,0.0
7581,1,313,0.3119999999999896,0.05750798722044728,1771.0,4.28,0.0
7582,2,453,1.4519999999999742,0.05739514348785872,1771.2,4.28,0.0
7583,1,313,0.3119999999999896,0.054313099041533544,1771.4,4.28,0.0
7584,0,179,-0.8219999999999998,0.055865921787709494,1771.5,4.28,0.0
7585,0,187,-0.8139999999999998,0.058823529411764705,1771.6,4.28,0.0
7586,4,713,3.711999999999988,0.0546984572230014,1771.9,4.28,0.0
7587,5,846,4.845000000000032,0.05555555555555555,1772.4,4.28,0.0
7588,1,321,0.31999999999998874,0.056074766355140186,1772.6,4.28,0.0
7589,0,179,-0.8219999999999998,0.055865921787709494,1772.6,4.28,0.0
7590,6,979,5.978000000000075,0.056179775280898875,1773.2,4.28,0.0
7591,0,179,-0.8219999999999998,0.055865921787709494,1773.3,4.28,0.0
7592,0,179,-0.8219999999999998,0.055865921787709494,1773.3,4.28,0.0
7593,4,735,3.7339999999999955,0.055782312925170066,1773.7,4.28,0.0
7594,3,579,2.5779999999999603,0.055267702936096716,1774.0,4.28,0.0
7595,1,313,0.3119999999999896,0.05750798722044728,1774.2,4.28,0.0
7596,6,979,5.978000000000075,0.05515832482124617,1774.7,4.28,0.0
7597,1,338,0.33699999999998687,0.05621301775147929,1774.9,4.28,0.0
7598,3,609,2.607999999999957,0.05582922824302135,1775.2,4.28,0.0
7599,2,446,1.444999999999975,0.05605381165919283,1775.4,4.28,0.0
7600,1,335,0.3339999999999872,0.056716417910447764,1775.6,4.28,0.0
7601,3,579,2.5779999999999603,0.055267702936096716,1775.9,4.28,0.0
7602,1,313,0.3119999999999896,0.05750798722044728,1776.1,4.28,0.0
7603,5,852,4.851000000000034,0.056338028169014086,1776.5,4.28,0.0
7604,0,195,-0.8059999999999998,0.05641025641025641,1776.6,4.28,0.0
7605,3,579,2.5779999999999603,0.055267702936096716,1776.9,4.28,0.0
7606,2,453,1.4519999999999742,0.05739514348785872,1777.2,4.28,0.0
7607,0,186,-0.8149999999999998,0.05913978494623656,1777.3,4.28,0.0
7608,2,446,1.444999999999975,0.05605381165919283,1777.5,4.28,0.0
7609,0,179,-0.8219999999999998,0.055865921787709494,1777.6,4.28,0.0
7610,3,610,2.608999999999957,0.05573770491803279,1777.9,4.28,0.0
7611,6,979,5.978000000000075,0.056179775280898875,1778.4,4.28,0.0
7612,2,463,1.461999999999973,0.056155507559395246,1778.7,4.28,0.0
7613,0,179,-0.8219999999999998,0.055865921787709494,1778.8,4.28,0.0
7614,0,179,-0.8219999999999998,0.055865921787709494,1778.9,4.28,0.0
7615,0,179,-0.8219999999999998,0.055865921787709494,1778.9,4.28,0.0
7616,0,179,-0.8219999999999998,0.05027932960893855,1779.0,4.28,0.0
7617,0,179,-0.8219999999999998,0.055865921787709494,1779.1,4.28,0.0
7618,2,446,1.444999999999975,0.05605381165919283,1779.4,4.28,0.0
7619,1,313,0.3119999999999896,0.05750798722044728,1779.5,4.28,0.0
7620,2,446,1.444999999999975,0.05605381165919283,1779.8,4.28,0.0
7621,0,179,-0.8219999999999998,0.055865921787709494,1779.9,4.28,0.0
7622,3,579,2.5779999999999603,0.055267702936096716,1780.2,4.28,0.0
7623,1,313,0.3119999999999896,0.054313099041533544,1780.3,4.28,0.0
7624,3,579,2.5779999999999603,0.055267702936096716,1780.6,4.28,0.0
7625,0,187,-0.8139999999999998,0.058823529411764705,1780.7,4.28,0.0
7626,2,446,1.444999999999975,0.05605381165919283,1781.0,4.28,0.0
7627,2,446,1.444999999999975,0.05605381165919283,1781.2,4.28,0.0
7628,3,579,2.5779999999999603,0.055267702936096716,1781.5,4.28,0.0
7629,2,446,1.444999999999975,0.05605381165919283,1781.7,4.28,0.0
7630,0,179,-0.8219999999999998,0.055865921787709494,1781.8,4.28,0.0
7631,1,313,0.3119999999999896,0.05750798722044728,1782.0,4.28,0.0
7632,3,587,2.5859999999999594,0.056218057921635436,1782.3,4.28,0.0
7633,0,179,-0.8219999999999998,0.055865921787709494,1782.4,4.28,0.0
7634,0,179,-0.8219999999999998,0.055865921787709494,1782.5,4.28,0.0
7635,2,446,1.444999999999975,0.05605381165919283,1782.7,4.28,0.0
7636,1,333,0.3319999999999874,0.057057057057057055,1782.9,4.28,0.0
7637,2,446,1.444999999999975,0.05605381165919283,1783.1,4.28,0.0
7638,3,579,2.5779999999999603,0.055267702936096716,1783.4,4.28,0.0
7639,0,179,-0.8219999999999998,0.055865921787709494,1783.5,4.28,0.0
7640,4,713,3.711999999999988,0.0546984572230014,1783.9,4.28,0.0
7641,0,183,-0.8179999999999998,0.060109289617486336,1784.0,4.28,0.0
7642,5,846,4.845000000000032,0.05555555555555555,1784.4,4.28,0.0
7643,0,179,-0.8219999999999998,0.055865921787709494,1784.5,4.28,0.0
7644,0,191,-0.8099999999999998,0.05759162303664921,1784.6,4.28,0.0
7645,3,610,2.608999999999957,0.05573770491803279,1784.9,4.28,0.0
7646,2,446,1.444999999999975,0.05605381165919283,1785.1,4.28,0.0
7647,0,179,-0.8219999999999998,0.055865921787709494,1785.2,4.28,0.0
7648,5,846,4.845000000000032,0.05555555555555555,1785.7,4.28,0.0
7649,0,186,-0.8149999999999998,0.05913978494623656,1785.8,4.28,0.0
7650,1,320,0.31899999999998885,0.05625,1785.9,4.28,0.0
7651,4,714,3.7129999999999885,0.056022408963585436,1786.3,4.28,0.0
7652,3,609,2.607999999999957,0.05582922824302135,1786.6,4.28,0.0
7653,5,846,4.845000000000032,0.05555555555555555,1787.1,4.28,0.0
7654,1,335,0.3339999999999872,0.056716417910447764,1787.2,4.28,0.0
7655,4,737,3.735999999999996,0.05563093622795115,1787.6,4.28,0.0
7656,6,979,5.978000000000075,0.056179775280898875,1788.1,4.28,0.0
7657,2,446,1.444999999999975,0.05605381165919283,1788.4,4.28,0.0
7658,3,589,2.587999999999959,0.05602716468590832,1788.7,4.28,0.0
7659,0,179,-0.8219999999999998,0.055865921787709494,1788.8,4.28,0.0
7660,1,313,0.3119999999999896,0.05750798722044728,1789.0,4.28,0.0
7661,3,585,2.5839999999999597,0.05641025641025641,1789.3,4.28,0.0
7662,0,179,-0.8219999999999998,0.055865921787709494,1789.4,4.28,0.0
7663,0,179,-0.8219999999999998,0.055865921787709494,1789.5,4.28,0.0
7664,0,184,-0.8169999999999998,0.059782608695652176,1789.6,4.28,0.0
7665,6,979,5.978000000000075,0.05515832482124617,1790.1,4.28,0.0
7666,0,179,-0.8219999999999998,0.055865921787709494,1790.2,4.28,0.0
7667,7,1113,7.112000000000036,0.055705300988319856,1790.8,4.28,0.0
7668,0,179,-0.8219999999999998,0.055865921787709494,1790.8,4.28,0.0
7669,0,186,-0.8149999999999998,0.05913978494623656,1790.9,4.28,0.0
7670,3,579,2.5779999999999603,0.055267702936096716,1791.2,4.28,0.0
7671,0,189,-0.8119999999999998,0.0582010582010582,1791.3,4.28,0.0
7672,2,446,1.444999999999975,0.05605381165919283,1791.6,4.28,0.0
7673,7,1113,7.112000000000036,0.055705300988319856,1792.2,4.28,0.0
7674,2,446,1.444999999999975,0.05605381165919283,1792.4,4.28,0.0
7675,1,313,0.3119999999999896,0.05750798722044728,1792.6,4.28,0.0
7676,1,313,0.3119999999999896,0.05750798722044728,1792.7,4.28,0.0
7677,0,179,-0.8219999999999998,0.055865921787709494,1792.8,4.28,0.0
7678,1,335,0.3339999999999872,0.056716417910447764,1793.0,4.28,0.0
7679,2,454,1.452999999999974,0.05726872246696035,1793.2,4.28,0.0
7680,2,446,1.444999999999975,0.05605381165919283,1793.4,4.28,0.0
7681,1,313,0.3119999999999896,0.054313099041533544,1793.6,4.28,0.0
7682,3,587,2.5859999999999594,0.056218057921635436,1793.9,4.28,0.0
7683,4,713,3.711999999999988,0.056100981767180924,1794.3,4.28,0.0
7684,2,446,1.444999999999975,0.053811659192825115,1794.5,4.28,0.0
7685,0,179,-0.8219999999999998,0.055865921787709494,1794.6,4.28,0.0
7686,2,446,1.444999999999975,0.05605381165919283,1794.8,4.28,0.0
7687,0,179,-0.8219999999999998,0.055865921787709494,1794.9,4.28,0.0
7688,0,179,-0.8219999999999998,0.055865921787709494,1795.0,4.28,0.0
7689,1,313,0.3119999999999896,0.054313099041533544,1795.2,4.28,0.0
7690,0,186,-0.8149999999999998,0.05913978494623656,1795.3,4.28,0.0
7691,0,187,-0.8139999999999998,0.058823529411764705,1795.4,4.28,0.0
7692,1,337,0.335999999999987,0.05637982195845697,1795.6,4.28,0.0
7693,0,179,-0.8219999999999998,0.055865921787709494,1795.7,4.28,0.0
7694,0,186,-0.8149999999999998,0.05913978494623656,1795.8,4.29,0.0
7695,2,467,1.4659999999999727,0.055674518201284794,1796.0,4.29,0.0
7696,2,446,1.444999999999975,0.05605381165919283,1796.2,4.29,0.0
7697,0,179,-0.8219999999999998,0.055865921787709494,1796.3,4.29,0.0
7698,3,579,2.5779999999999603,0.055267702936096716,1796.6,4.29,0.0
7699,0,186,-0.8149999999999998,0.05913978494623656,1796.7,4.29,0.0
7700,2,446,1.444999999999975,0.05605381165919283,1797.0,4.29,0.0
7701,0,209,-0.7919999999999998,0.05741626794258373,1797.1,4.29,0.0
7702,2,446,1.444999999999975,0.05605381165919283,1797.3,4.29,0.0
7703,1,313,0.3119999999999896,0.05750798722044728,1797.4,4.29,0.0
7704,5,846,4.845000000000032,0.05555555555555555,1797.9,4.29,0.0
7705,1,316,0.3149999999999893,0.056962025316455694,1798.0,4.29,0.0
7706,1,313,0.3119999999999896,0.054313099041533544,1798.2,4.29,0.0
7707,0,179,-0.8219999999999998,0.055865921787709494,1798.3,4.29,0.0
7708,0,179,-0.8219999999999998,0.055865921787709494,1798.4,4.29,0.0
7709,2,448,1.4469999999999748,0.05580357142857143,1798.6,4.29,0.0
7710,6,986,5.985000000000078,0.055780933062880324,1799.1,4.29,0.0
7711,0,179,-0.8219999999999998,0.055865921787709494,1799.2,4.29,0.0
7712,8,1246,8.244999999999962,0.05537720706260032,1799.9,4.29,0.0
7713,3,583,2.58199999999996,0.05660377358490566,1800.2,4.29,0.0
7714,1,313,0.3119999999999896,0.05750798722044728,1800.3,4.29,0.0
7715,1,313,0.3119999999999896,0.05750798722044728,1800.5,4.29,0.0
7716,2,446,1.444999999999975,0.05605381165919283,1800.7,4.29,0.0
7717,2,446,1.444999999999975,0.05605381165919283,1801.0,4.29,0.0
7718,2,446,1.444999999999975,0.05605381165919283,1801.2,4.29,0.0
7719,4,713,3.711999999999988,0.056100981767180924,1801.6,4.29,0.0
7720,0,183,-0.8179999999999998,0.060109289617486336,1801.7,4.29,0.0
7721,0,179,-0.8219999999999998,0.055865921787709494,1801.8,4.29,0.0
7722,0,179,-0.8219999999999998,0.061452513966480445,1801.9,4.29,0.0
7723,1,313,0.3119999999999896,0.054313099041533544,1802.0,4.29,0.0
7724,1,339,0.33799999999998676,0.05604719764011799,1802.2,4.29,0.0
7725,4,713,3.711999999999988,0.0546984572230014,1802.6,4.29,0.0
7726,1,313,0.3119999999999896,0.054313099041533544,1802.7,4.29,0.0
7727,0,186,-0.8149999999999998,0.05913978494623656,1802.8,4.29,0.0
7728,0,179,-0.8219999999999998,0.055865921787709494,1802.9,4.29,0.0
7729,0,179,-0.8219999999999998,0.055865921787709494,1803.0,4.29,0.0
7730,4,713,3.711999999999988,0.056100981767180924,1803.4,4.29,0.0
7731,1,335,0.3339999999999872,0.056716417910447764,1803.6,4.29,0.0
7732,1,315,0.3139999999999894,0.05714285714285714,1803.7,4.29,0.0
7733,0,179,-0.8219999999999998,0.055865921787709494,1803.8,4.29,0.0
7734,2,446,1.444999999999975,0.05605381165919283,1804.1,4.29,0.0
7735,4,713,3.711999999999988,0.056100981767180924,1804.4,4.29,0.0
7736,2,446,1.444999999999975,0.053811659192825115,1804.7,4.29,0.0
7737,2,448,1.4469999999999748,0.05580357142857143,1804.9,4.29,0.0
7738,0,179,-0.8219999999999998,0.055865921787709494,1805.0,4.29,0.0
7739,1,315,0.3139999999999894,0.05714285714285714,1805.2,4.29,0.0
7740,2,446,1.444999999999975,0.05605381165919283,1805.4,4.29,0.0
7741,1,313,0.3119999999999896,0.05750798722044728,1805.6,4.29,0.0
7742,2,460,1.4589999999999734,0.05652173913043478,1805.8,4.29,0.0
7743,0,189,-0.8119999999999998,0.0582010582010582,1805.9,4.29,0.0
7744,1,313,0.3119999999999896,0.054313099041533544,1806.1,4.29,0.0
7745,2,446,1.444999999999975,0.05605381165919283,1806.3,4.29,0.0
7746,1,313,0.3119999999999896,0.054313099041533544,1806.5,4.29,0.0
7747,2,461,1.4599999999999733,0.05639913232104121,1806.7,4.29,0.0
7748,1,315,0.3139999999999894,0.05714285714285714,1806.9,4.29,0.0
7749,7,1124,7.1230000000000295,0.05604982206405694,1807.5,4.29,0.0
7750,1,313,0.3119999999999896,0.054313099041533544,1807.6,4.29,0.0
7751,2,452,1.4509999999999743,0.05752212389380531,1807.9,4.29,0.0
7752,6,982,5.981000000000076,0.0560081466395112,1808.4,4.29,0.0
7753,1,314,0.3129999999999895,0.05732484076433121,1808.5,4.29,0.0
7754,0,196,-0.8049999999999998,0.05612244897959184,1808.6,4.29,0.0
7755,2,446,1.444999999999975,0.05605381165919283,1808.9,4.29,0.0
7756,4,715,3.713999999999989,0.055944055944055944,1809.3,4.29,0.0
7757,0,179,-0.8219999999999998,0.055865921787709494,1809.3,4.29,0.0
7758,2,451,1.4499999999999744,0.057649667405764965,1809.6,4.29,0.0
7759,4,713,3.711999999999988,0.0546984572230014,1810.0,4.29,0.0
7760,4,713,3.711999999999988,0.0546984572230014,1810.3,4.29,0.0
7761,1,340,0.33899999999998665,0.05588235294117647,1810.5,4.29,0.0
7762,0,179,-0.8219999999999998,0.055865921787709494,1810.6,4.29,0.0
7763,4,713,3.711999999999988,0.056100981767180924,1811.0,4.29,0.0
7764,0,179,-0.8219999999999998,0.055865921787709494,1811.1,4.29,0.0
7765,0,179,-0.8219999999999998,0.055865921787709494,1811.2,4.29,0.0
7766,0,179,-0.8219999999999998,0.055865921787709494,1811.3,4.29,0.0
7767,4,713,3.711999999999988,0.056100981767180924,1811.6,4.29,0.0
7768,1,313,0.3119999999999896,0.054313099041533544,1811.8,4.29,0.0
7769,4,713,3.711999999999988,0.056100981767180924,1812.2,4.29,0.0
7770,4,713,3.711999999999988,0.056100981767180924,1812.5,4.29,0.0
7771,0,179,-0.8219999999999998,0.055865921787709494,1812.6,4.29,0.0
7772,5,849,4.848000000000033,0.05653710247349823,1813.1,4.29,0.0
7773,1,336,0.3349999999999871,0.05654761904761905,1813.3,4.29,0.0
7774,5,846,4.845000000000032,0.05555555555555555,1813.7,4.29,0.0
7775,1,313,0.3119999999999896,0.054313099041533544,1813.9,4.29,0.0
7776,0,189,-0.8119999999999998,0.0582010582010582,1814.0,4.29,0.0
7777,1,316,0.3149999999999893,0.056962025316455694,1814.1,4.29,0.0
7778,3,581,2.57999999999996,0.05679862306368331,1814.4,4.29,0.0
7779,2,446,1.444999999999975,0.05605381165919283,1814.6,4.29,0.0
7780,0,179,-0.8219999999999998,0.055865921787709494,1814.7,4.29,0.0
7781,3,590,2.588999999999959,0.05593220338983051,1815.1,4.29,0.0
7782,0,183,-0.8179999999999998,0.060109289617486336,1815.1,4.29,0.0
7783,1,313,0.3119999999999896,0.054313099041533544,1815.3,4.29,0.0
7784,1,318,0.31699999999998907,0.05660377358490566,1815.5,4.29,0.0
7785,1,313,0.3119999999999896,0.054313099041533544,1815.6,4.29,0.0
7786,9,1287,9.28599999999994,0.055944055944055944,1816.3,4.29,0.0
7787,3,579,2.5779999999999603,0.055267702936096716,1816.6,4.29,0.0
7788,1,320,0.31899999999998885,0.05625,1816.8,4.29,0.0
7789,1,313,0.3119999999999896,0.05750798722044728,1816.9,4.29,0.0
7790,0,209,-0.7919999999999998,0.05741626794258373,1817.1,4.29,0.0
7791,3,579,2.5779999999999603,0.055267702936096716,1817.4,4.29,0.0
7792,4,713,3.711999999999988,0.0546984572230014,1817.7,4.29,0.0
7793,0,182,-0.8189999999999998,0.06043956043956044,1817.8,4.29,0.0
7794,3,579,2.5779999999999603,0.055267702936096716,1818.1,4.29,0.0
7795,0,179,-0.8219999999999998,0.055865921787709494,1818.2,4.29,0.0
7796,8,1246,8.244999999999962,0.05537720706260032,1818.9,4.29,0.0
7797,4,713,3.711999999999988,0.0546984572230014,1819.2,4.29,0.0
7798,5,860,4.859000000000036,0.05581395348837209,1819.7,4.29,0.0
7799,3,579,2.5779999999999603,0.055267702936096716,1820.0,4.29,0.0
7800,2,446,1.444999999999975,0.05605381165919283,1820.2,4.29,0.0
7801,4,713,3.711999999999988,0.056100981767180924,1820.6,4.29,0.0
7802,0,179,-0.8219999999999998,0.055865921787709494,1820.7,4.29,0.0
7803,0,179,-0.8219999999999998,0.055865921787709494,1820.8,4.29,0.0
7804,7,1122,7.121000000000031,0.05614973262032086,1821.4,4.29,0.0
7805,0,208,-0.7929999999999998,0.057692307692307696,1821.5,4.29,0.0
7806,2,449,1.4479999999999746,0.0556792873051225,1821.7,4.29,0.0
7807,6,979,5.978000000000075,0.056179775280898875,1822.2,4.28,0.0
7808,4,713,3.711999999999988,0.0546984572230014,1822.6,4.28,0.0
7809,1,313,0.3119999999999896,0.054313099041533544,1822.8,4.28,0.0
7810,3,579,2.5779999999999603,0.055267702936096716,1823.1,4.28,0.0
7811,1,313,0.3119999999999896,0.054313099041533544,1823.3,4.28,0.0
7812,1,313,0.3119999999999896,0.05750798722044728,1823.4,4.28,0.0
7813,1,315,0.3139999999999894,0.05714285714285714,1823.6,4.28,0.0
7814,4,736,3.734999999999996,0.05570652173913043,1824.0,4.28,0.0
7815,0,179,-0.8219999999999998,0.055865921787709494,1824.1,4.28,0.0
7816,3,579,2.5779999999999603,0.055267702936096716,1824.4,4.28,0.0
7817,0,205,-0.7959999999999998,0.05853658536585366,1824.5,4.29,0.0
7818,3,579,2.5779999999999603,0.055267702936096716,1824.8,4.28,0.0
7819,3,579,2.5779999999999603,0.055267702936096716,1825.1,4.28,0.0
7820,0,185,-0.8159999999999998,0.05945945945945946,1825.2,4.29,0.0
7821,1,313,0.3119999999999896,0.054313099041533544,1825.3,4.29,0.0
7822,1,313,0.3119999999999896,0.054313099041533544,1825.5,4.29,0.0
7823,0,208,-0.7929999999999998,0.057692307692307696,1825.6,4.29,0.0
7824,2,446,1.444999999999975,0.05605381165919283,1825.8,4.29,0.0
7825,4,731,3.729999999999994,0.0560875512995896,1826.2,4.29,0.0
7826,1,313,0.3119999999999896,0.054313099041533544,1826.4,4.29,0.0
7827,0,179,-0.8219999999999998,0.055865921787709494,1826.5,4.29,0.0
7828,3,579,2.5779999999999603,0.055267702936096716,1826.8,4.29,0.0
7829,0,183,-0.8179999999999998,0.060109289617486336,1826.9,4.29,0.0
7830,8,1246,8.244999999999962,0.05537720706260032,1827.5,4.29,0.0
7831,3,587,2.5859999999999594,0.056218057921635436,1827.8,4.28,0.0
7832,2,447,1.4459999999999749,0.05592841163310962,1828.1,4.28,0.0
7833,0,179,-0.8219999999999998,0.055865921787709494,1828.2,4.29,0.0
7834,4,713,3.711999999999988,0.056100981767180924,1828.6,4.28,0.0
7835,0,188,-0.8129999999999998,0.05851063829787234,1828.7,4.29,0.0
7836,2,454,1.452999999999974,0.05726872246696035,1828.9,4.29,0.0
7837,3,592,2.590999999999959,0.05574324324324324,1829.2,4.28,0.0
7838,2,466,1.4649999999999728,0.055793991416309016,1829.4,4.28,0.0
7839,3,585,2.5839999999999597,0.05641025641025641,1829.8,4.28,0.0
7840,1,314,0.3129999999999895,0.05732484076433121,1829.9,4.28,0.0
7841,2,446,1.444999999999975,0.053811659192825115,1830.2,4.28,0.0
7842,3,579,2.5779999999999603,0.055267702936096716,1830.5,4.28,0.0
7843,4,713,3.711999999999988,0.056100981767180924,1830.8,4.28,0.0
7844,4,713,3.711999999999988,0.056100981767180924,1831.2,4.28,0.0
7845,4,713,3.711999999999988,0.0546984572230014,1831.6,4.28,0.0
7846,4,713,3.711999999999988,0.056100981767180924,1831.9,4.28,0.0
7847,4,713,3.711999999999988,0.0546984572230014,1832.3,4.28,0.0
7848,2,463,1.461999999999973,0.056155507559395246,1832.6,4.28,0.0
7849,0,179,-0.8219999999999998,0.055865921787709494,1832.6,4.28,0.0
7850,0,179,-0.8219999999999998,0.055865921787709494,1832.7,4.28,0.0
7851,0,210,-0.7909999999999998,0.05714285714285714,1832.8,4.28,0.0
7852,0,179,-0.8219999999999998,0.055865921787709494,1832.9,4.28,0.0
7853,1,313,0.3119999999999896,0.054313099041533544,1833.1,4.28,0.0
7854,6,999,5.998000000000082,0.056056056056056056,1833.6,4.28,0.0
7855,3,579,2.5779999999999603,0.055267702936096716,1833.9,4.28,0.0
7856,6,984,5.983000000000077,0.05589430894308943,1834.4,4.28,0.0
7857,0,179,-0.8219999999999998,0.055865921787709494,1834.5,4.28,0.0
7858,0,187,-0.8139999999999998,0.058823529411764705,1834.6,4.28,0.0
7859,8,1246,8.244999999999962,0.05537720706260032,1835.3,4.28,0.0
7860,1,339,0.33799999999998676,0.05604719764011799,1835.4,4.28,0.0
7861,3,587,2.5859999999999594,0.056218057921635436,1835.7,4.28,0.0
7862,4,732,3.7309999999999945,0.056010928961748634,1836.1,4.28,0.0
7863,2,446,1.444999999999975,0.05605381165919283,1836.4,4.28,0.0
7864,0,179,-0.8219999999999998,0.055865921787709494,1836.5,4.28,0.0
7865,0,179,-0.8219999999999998,0.055865921787709494,1836.5,4.28,0.0
7866,5,846,4.845000000000032,0.05555555555555555,1837.0,4.28,0.0
7867,3,579,2.5779999999999603,0.055267702936096716,1837.3,4.28,0.0
7868,0,179,-0.8219999999999998,0.055865921787709494,1837.4,4.28,0.0
7869,2,457,1.4559999999999738,0.05689277899343545,1837.6,4.28,0.0
7870,0,183,-0.8179999999999998,0.060109289617486336,1837.7,4.28,0.0
7871,0,183,-0.8179999999999998,0.060109289617486336,1837.8,4.28,0.0
7872,4,729,3.7279999999999935,0.056241426611796985,1838.2,4.28,0.0
7873,1,313,0.3119999999999896,0.054313099041533544,1838.3,4.28,0.0
7874,0,179,-0.8219999999999998,0.055865921787709494,1838.4,4.28,0.0
7875,2,456,1.4549999999999739,0.05701754385964912,1838.7,4.28,0.0
7876,0,186,-0.8149999999999998,0.05913978494623656,1838.8,4.28,0.0
7877,7,1113,7.112000000000036,0.05480682839173405,1839.4,4.28,0.0
7878,0,195,-0.8059999999999998,0.05641025641025641,1839.5,4.28,0.0
7879,0,179,-0.8219999999999998,0.055865921787709494,1839.6,4.28,0.0
7880,0,179,-0.8219999999999998,0.055865921787709494,1839.6,4.28,0.0
7881,5,846,4.845000000000032,0.05555555555555555,1840.1,4.28,0.0
7882,0,183,-0.8179999999999998,0.060109289617486336,1840.2,4.28,0.0
7883,0,185,-0.8159999999999998,0.05945945945945946,1840.3,4.28,0.0
7884,2,446,1.444999999999975,0.053811659192825115,1840.5,4.28,0.0
7885,3,579,2.5779999999999603,0.055267702936096716,1840.8,4.28,0.0
7886,0,186,-0.8149999999999998,0.05913978494623656,1840.9,4.28,0.0
7887,0,179,-0.8219999999999998,0.055865921787709494,1841.0,4.28,0.0
7888,1,313,0.3119999999999896,0.05750798722044728,1841.2,4.28,0.0
7889,3,579,2.5779999999999603,0.055267702936096716,1841.5,4.28,0.0
7890,2,446,1.444999999999975,0.05605381165919283,1841.7,4.28,0.0
7891,0,179,-0.8219999999999998,0.055865921787709494,1841.8,4.28,0.0
7892,1,313,0.3119999999999896,0.054313099041533544,1842.0,4.29,0.0
7893,8,1246,8.244999999999962,0.05537720706260032,1842.6,4.28,0.0
7894,0,179,-0.8219999999999998,0.055865921787709494,1842.7,4.28,0.0
7895,1,335,0.3339999999999872,0.056716417910447764,1842.9,4.28,0.0
7896,0,194,-0.8069999999999998,0.05670103092783505,1843.0,4.28,0.0
7897,0,187,-0.8139999999999998,0.058823529411764705,1843.1,4.29,0.0
7898,1,313,0.3119999999999896,0.05750798722044728,1843.3,4.29,0.0
7899,0,179,-0.8219999999999998,0.055865921787709494,1843.3,4.29,0.0
7900,2,446,1.444999999999975,0.05605381165919283,1843.6,4.29,0.0
7901,1,313,0.3119999999999896,0.054313099041533544,1843.7,4.29,0.0
7902,3,583,2.58199999999996,0.05660377358490566,1844.0,4.29,0.0
7903,0,179,-0.8219999999999998,0.055865921787709494,1844.1,4.29,0.0
7904,2,465,1.4639999999999729,0.05591397849462366,1844.4,4.29,0.0
7905,1,321,0.31999999999998874,0.056074766355140186,1844.5,4.29,0.0
7906,2,446,1.444999999999975,0.05605381165919283,1844.8,4.29,0.0
7907,1,313,0.3119999999999896,0.054313099041533544,1844.9,4.29,0.0
7908,0,179,-0.8219999999999998,0.055865921787709494,1845.0,4.29,0.0
7909,4,713,3.711999999999988,0.0546984572230014,1845.4,4.29,0.0
7910,0,179,-0.8219999999999998,0.055865921787709494,1845.5,4.29,0.0
7911,1,315,0.3139999999999894,0.05714285714285714,1845.7,4.29,0.0
7912,0,179,-0.8219999999999998,0.055865921787709494,1845.8,4.29,0.0
7913,4,713,3.711999999999988,0.0546984572230014,1846.1,4.29,0.0
7914,1,339,0.33799999999998676,0.05604719764011799,1846.3,4.29,0.0
7915,2,461,1.4599999999999733,0.05639913232104121,1846.6,4.29,0.0
7916,1,313,0.3119999999999896,0.054313099041533544,1846.7,4.29,0.0
7917,3,580,2.57899999999996,0.056896551724137934,1847.0,4.29,0.0
7918,4,732,3.7309999999999945,0.056010928961748634,1847.4,4.29,0.0
7919,4,713,3.711999999999988,0.056100981767180924,1847.8,4.29,0.0
7920,10,1513,10.511999999999814,0.05551883674818242,1848.6,4.28,0.0
7921,2,446,1.444999999999975,0.05605381165919283,1848.8,4.28,0.0
7922,0,189,-0.8119999999999998,0.0582010582010582,1848.9,4.29,0.0
7923,9,1382,9.380999999999887,0.055716353111432707,1849.6,4.28,0.0
7924,2,446,1.444999999999975,0.053811659192825115,1849.9,4.28,0.0
7925,2,461,1.4599999999999733,0.05639913232104121,1850.1,4.28,0.0
7926,3,579,2.5779999999999603,0.055267702936096716,1850.4,4.28,0.0
7927,0,179,-0.8219999999999998,0.055865921787709494,1850.5,4.28,0.0
7928,7,1113,7.112000000000036,0.055705300988319856,1851.1,4.28,0.0
7929,0,192,-0.8089999999999998,0.057291666666666664,1851.2,4.28,0.0
7930,1,335,0.3339999999999872,0.056716417910447764,1851.4,4.28,0.0
7931,1,323,0.3219999999999885,0.05572755417956656,1851.5,4.28,0.0
7932,2,460,1.4589999999999734,0.05652173913043478,1851.8,4.28,0.0
7933,4,713,3.711999999999988,0.0546984572230014,1852.1,4.28,0.0
7934,1,313,0.3119999999999896,0.054313099041533544,1852.3,4.28,0.0
7935,6,988,5.987000000000078,0.05566801619433198,1852.8,4.28,0.0
7936,0,191,-0.8099999999999998,0.05759162303664921,1852.9,4.28,0.0
7937,0,179,-0.8219999999999998,0.061452513966480445,1853.0,4.28,0.0
7938,6,979,5.978000000000075,0.05515832482124617,1853.5,4.28,0.0
7939,1,313,0.3119999999999896,0.054313099041533544,1853.7,4.28,0.0
7940,2,446,1.444999999999975,0.05605381165919283,1853.9,4.28,0.0
7941,5,846,4.845000000000032,0.05555555555555555,1854.3,4.28,0.0
7942,3,579,2.5779999999999603,0.055267702936096716,1854.6,4.28,0.0
7943,2,461,1.4599999999999733,0.05639913232104121,1854.9,4.28,0.0
7944,0,187,-0.8139999999999998,0.058823529411764705,1855.0,4.28,0.0
7945,5,846,4.845000000000032,0.05555555555555555,1855.4,4.28,0.0
7946,1,313,0.3119999999999896,0.054313099041533544,1855.6,4.28,0.0
7947,0,186,-0.8149999999999998,0.05913978494623656,1855.7,4.28,0.0
7948,0,183,-0.8179999999999998,0.060109289617486336,1855.8,4.28,0.0
7949,0,179,-0.8219999999999998,0.055865921787709494,1855.9,4.28,0.0
7950,0,179,-0.8219999999999998,0.055865921787709494,1856.0,4.28,0.0
7951,1,339,0.33799999999998676,0.05604719764011799,1856.1,4.28,0.0
7952,0,187,-0.8139999999999998,0.058823529411764705,1856.2,4.28,0.0
7953,2,462,1.4609999999999732,0.05627705627705628,1856.5,4.28,0.0
7954,0,179,-0.8219999999999998,0.055865921787709494,1856.6,4.28,0.0
7955,3,579,2.5779999999999603,0.055267702936096716,1856.9,4.28,0.0
7956,0,190,-0.8109999999999998,0.05789473684210526,1857.0,4.28,0.0
7957,1,313,0.3119999999999896,0.054313099041533544,1857.1,4.29,0.0
7958,2,446,1.444999999999975,0.053811659192825115,1857.4,4.29,0.0
7959,1,313,0.3119999999999896,0.054313099041533544,1857.5,4.29,0.0
7960,0,179,-0.8219999999999998,0.055865921787709494,1857.6,4.29,0.0
7961,0,179,-0.8219999999999998,0.055865921787709494,1857.7,4.29,0.0
7962,1,313,0.3119999999999896,0.054313099041533544,1857.9,4.29,0.0
7963,0,179,-0.8219999999999998,0.055865921787709494,1858.0,4.29,0.0
7964,1,319,0.31799999999998896,0.05642633228840126,1858.1,4.29,0.0
7965,7,1113,7.112000000000036,0.055705300988319856,1858.7,4.29,0.0
7966,0,179,-0.8219999999999998,0.055865921787709494,1858.8,4.29,0.0
7967,0,179,-0.8219999999999998,0.061452513966480445,1858.9,4.29,0.0
7968,4,713,3.711999999999988,0.0546984572230014,1859.3,4.29,0.0
7969,0,179,-0.8219999999999998,0.055865921787709494,1859.4,4.29,0.0
7970,0,184,-0.8169999999999998,0.059782608695652176,1859.5,4.29,0.0
7971,7,1113,7.112000000000036,0.055705300988319856,1860.0,4.29,0.0
7972,1,317,0.3159999999999892,0.056782334384858045,1860.2,4.29,0.0
7973,0,179,-0.8219999999999998,0.055865921787709494,1860.3,4.29,0.0
7974,2,457,1.4559999999999738,0.05689277899343545,1860.5,4.29,0.0
7975,0,179,-0.8219999999999998,0.055865921787709494,1860.6,4.29,0.0
7976,0,179,-0.8219999999999998,0.055865921787709494,1860.7,4.29,0.0
7977,1,339,0.33799999999998676,0.05604719764011799,1860.9,4.29,0.0
7978,3,589,2.587999999999959,0.05602716468590832,1861.2,4.29,0.0
7979,0,179,-0.8219999999999998,0.055865921787709494,1861.3,4.29,0.0
7980,3,579,2.5779999999999603,0.055267702936096716,1861.6,4.29,0.0
7981,0,179,-0.8219999999999998,0.055865921787709494,1861.7,4.29,0.0
7982,6,979,5.978000000000075,0.05515832482124617,1862.2,4.29,0.0
7983,0,179,-0.8219999999999998,0.055865921787709494,1862.3,4.29,0.0
7984,0,179,-0.8219999999999998,0.055865921787709494,1862.4,4.29,0.0
7985,5,846,4.845000000000032,0.05555555555555555,1862.8,4.29,0.0
7986,3,579,2.5779999999999603,0.055267702936096716,1863.1,4.29,0.0
7987,9,1379,9.377999999999888,0.05583756345177665,1863.8,4.29,0.0
7988,0,179,-0.8219999999999998,0.055865921787709494,1863.9,4.29,0.0
7989,3,579,2.5779999999999603,0.055267702936096716,1864.2,4.29,0.0
7990,4,717,3.7159999999999895,0.05578800557880056,1864.6,4.29,0.0
7991,4,729,3.7279999999999935,0.056241426611796985,1865.0,4.29,0.0
7992,0,179,-0.8219999999999998,0.055865921787709494,1865.1,4.29,0.0
7993,3,579,2.5779999999999603,0.055267702936096716,1865.4,4.29,0.0
7994,1,313,0.3119999999999896,0.05750798722044728,1865.5,4.29,0.0
7995,0,179,-0.8219999999999998,0.055865921787709494,1865.6,4.29,0.0
7996,1,316,0.3149999999999893,0.056962025316455694,1865.8,4.29,0.0
7997,3,587,2.5859999999999594,0.056218057921635436,1866.1,4.29,0.0
7998,0,188,-0.8129999999999998,0.05851063829787234,1866.2,4.29,0.0
7999,1,335,0.3339999999999872,0.056716417910447764,1866.4,4.29,0.0
8000,5,846,4.845000000000032,0.05555555555555555,1866.8,4.29,0.0
8001,3,579,2.5779999999999603,0.055267702936096716,1870.0,4.28,0.0
8002,0,186,-0.8149999999999998,0.05913978494623656,1870.1,4.28,0.0
8003,0,186,-0.8149999999999998,0.05913978494623656,1870.2,4.28,0.0
8004,2,457,1.4559999999999738,0.05689277899343545,1870.4,4.28,0.0
8005,2,446,1.444999999999975,0.05605381165919283,1870.7,4.28,0.0
8006,4,713,3.711999999999988,0.0546984572230014,1871.1,4.28,0.0
8007,6,979,5.978000000000075,0.05515832482124617,1871.6,4.28,0.0
8008,3,579,2.5779999999999603,0.055267702936096716,1871.9,4.28,0.0
8009,2,446,1.444999999999975,0.05605381165919283,1872.1,4.28,0.0
8010,4,729,3.7279999999999935,0.056241426611796985,1872.5,4.28,0.0
8011,5,852,4.851000000000034,0.056338028169014086,1872.9,4.28,0.0
8012,1,317,0.3159999999999892,0.056782334384858045,1873.1,4.28,0.0
8013,5,846,4.845000000000032,0.05555555555555555,1873.5,4.28,0.0
8014,5,846,4.845000000000032,0.05555555555555555,1874.0,4.28,0.0
8015,5,860,4.859000000000036,0.05581395348837209,1874.4,4.28,0.0
8016,3,579,2.5779999999999603,0.055267702936096716,1874.7,4.28,0.0
8017,5,846,4.845000000000032,0.05555555555555555,1875.2,4.28,0.0
8018,7,1113,7.112000000000036,0.055705300988319856,1875.7,4.28,0.0
8019,2,446,1.444999999999975,0.05605381165919283,1876.0,4.28,0.0
8020,0,179,-0.8219999999999998,0.055865921787709494,1876.1,4.28,0.0
8021,1,313,0.3119999999999896,0.05750798722044728,1876.2,4.28,0.0
8022,0,179,-0.8219999999999998,0.055865921787709494,1876.3,4.28,0.0
8023,0,179,-0.8219999999999998,0.055865921787709494,1876.4,4.28,0.0
8024,1,318,0.31699999999998907,0.05660377358490566,1876.6,4.28,0.0
8025,1,313,0.3119999999999896,0.05750798722044728,1876.7,4.28,0.0
8026,5,852,4.851000000000034,0.056338028169014086,1877.2,4.28,0.0
8027,0,186,-0.8149999999999998,0.05913978494623656,1877.3,4.28,0.0
8028,0,184,-0.8169999999999998,0.059782608695652176,1877.4,4.28,0.0
8029,2,446,1.444999999999975,0.053811659192825115,1877.6,4.28,0.0
8030,1,313,0.3119999999999896,0.05750798722044728,1877.8,4.28,0.0
8031,0,179,-0.8219999999999998,0.055865921787709494,1877.9,4.28,0.0
8032,3,585,2.5839999999999597,0.05641025641025641,1878.2,4.28,0.0
8033,2,454,1.452999999999974,0.05726872246696035,1878.4,4.28,0.0
8034,0,179,-0.8219999999999998,0.055865921787709494,1878.5,4.28,0.0
8035,1,313,0.3119999999999896,0.054313099041533544,1878.7,4.28,0.0
8036,1,313,0.3119999999999896,0.054313099041533544,1878.8,4.28,0.0
8037,0,179,-0.8219999999999998,0.055865921787709494,1878.9,4.28,0.0
8038,2,453,1.4519999999999742,0.05739514348785872,1879.2,4.28,0.0
8039,1,313,0.3119999999999896,0.05750798722044728,1879.4,4.28,0.0
8040,3,579,2.5779999999999603,0.055267702936096716,1879.7,4.28,0.0
8041,0,179,-0.8219999999999998,0.055865921787709494,1879.7,4.28,0.0
8042,0,179,-0.8219999999999998,0.055865921787709494,1879.8,4.28,0.0
8043,0,179,-0.8219999999999998,0.055865921787709494,1879.9,4.28,0.0
8044,5,855,4.854000000000035,0.056140350877192984,1880.4,4.28,0.0
8045,1,314,0.3129999999999895,0.05732484076433121,1880.5,4.28,0.0
8046,3,579,2.5779999999999603,0.055267702936096716,1880.8,4.28,0.0
8047,6,980,5.979000000000076,0.05612244897959184,1881.3,4.28,0.0
8048,3,606,2.6049999999999573,0.056105610561056105,1881.7,4.28,0.0
8049,0,183,-0.8179999999999998,0.060109289617486336,1881.8,4.28,0.0
8050,1,313,0.3119999999999896,0.054313099041533544,1881.9,4.28,0.0
8051,1,314,0.3129999999999895,0.05732484076433121,1882.1,4.28,0.0
8052,0,179,-0.8219999999999998,0.055865921787709494,1882.2,4.28,0.0
8053,1,319,0.31799999999998896,0.05642633228840126,1882.3,4.28,0.0
8054,1,313,0.3119999999999896,0.054313099041533544,1882.5,4.28,0.0
8055,4,713,3.711999999999988,0.056100981767180924,1882.9,4.28,0.0
8056,0,179,-0.8219999999999998,0.055865921787709494,1883.0,4.28,0.0
8057,2,446,1.444999999999975,0.05605381165919283,1883.2,4.28,0.0
8058,2,447,1.4459999999999749,0.05592841163310962,1883.4,4.28,0.0
8059,0,179,-0.8219999999999998,0.055865921787709494,1883.5,4.28,0.0
8060,1,316,0.3149999999999893,0.056962025316455694,1883.7,4.28,0.0
8061,3,579,2.5779999999999603,0.055267702936096716,1884.0,4.28,0.0
8062,0,179,-0.8219999999999998,0.055865921787709494,1884.1,4.28,0.0
8063,0,187,-0.8139999999999998,0.058823529411764705,1884.2,4.28,0.0
8064,2,465,1.4639999999999729,0.05591397849462366,1884.4,4.28,0.0
8065,0,182,-0.8189999999999998,0.06043956043956044,1884.5,4.28,0.0
8066,0,184,-0.8169999999999998,0.059782608695652176,1884.6,4.28,0.0
8067,1,313,0.3119999999999896,0.054313099041533544,1884.8,4.28,0.0
8068,6,983,5.982000000000077,0.05595116988809766,1885.3,4.28,0.0
8069,1,313,0.3119999999999896,0.05750798722044728,1885.4,4.28,0.0
8070,4,731,3.729999999999994,0.0560875512995896,1885.8,4.28,0.0
8071,4,713,3.711999999999988,0.0546984572230014,1886.2,4.28,0.0
8072,2,446,1.444999999999975,0.05605381165919283,1886.4,4.28,0.0
8073,3,579,2.5779999999999603,0.055267702936096716,1886.7,4.28,0.0
8074,0,191,-0.8099999999999998,0.05759162303664921,1886.8,4.28,0.0
8075,4,732,3.7309999999999945,0.056010928961748634,1887.2,4.28,0.0
8076,3,579,2.5779999999999603,0.055267702936096716,1887.5,4.28,0.0
8077,1,313,0.3119999999999896,0.05750798722044728,1887.7,4.28,0.0
8078,0,189,-0.8119999999999998,0.0582010582010582,1887.8,4.28,0.0
8079,0,179,-0.8219999999999998,0.055865921787709494,1887.9,4.28,0.0
8080,0,185,-0.8159999999999998,0.05945945945945946,1888.0,4.28,0.0
8081,6,1005,6.004000000000084,0.05572139303482587,1888.5,4.28,0.0
8082,9,1379,9.377999999999888,0.05583756345177665,1889.2,4.28,0.0
8083,0,190,-0.8109999999999998,0.05789473684210526,1889.3,4.28,0.0
8084,1,313,0.3119999999999896,0.054313099041533544,1889.5,4.28,0.0
8085,0,179,-0.8219999999999998,0.055865921787709494,1889.6,4.28,0.0
8086,0,179,-0.8219999999999998,0.055865921787709494,1889.7,4.28,0.0
8087,6,979,5.978000000000075,0.05515832482124617,1890.2,4.28,0.0
8088,6,1003,6.002000000000083,0.05583250249252243,1890.7,4.28,0.0
8089,0,179,-0.8219999999999998,0.055865921787709494,1890.8,4.28,0.0
8090,1,313,0.3119999999999896,0.05750798722044728,1891.0,4.28,0.0
8091,0,185,-0.8159999999999998,0.05945945945945946,1891.1,4.28,0.0
8092,2,446,1.444999999999975,0.05605381165919283,1891.3,4.28,0.0
8093,2,463,1.461999999999973,0.056155507559395246,1891.5,4.28,0.0
8094,0,179,-0.8219999999999998,0.055865921787709494,1891.6,4.28,0.0
8095,1,313,0.3119999999999896,0.054313099041533544,1891.8,4.28,0.0
8096,0,179,-0.8219999999999998,0.055865921787709494,1891.9,4.28,0.0
8097,2,446,1.444999999999975,0.05605381165919283,1892.1,4.28,0.0
8098,2,456,1.4549999999999739,0.05701754385964912,1892.3,4.28,0.0
8099,1,313,0.3119999999999896,0.05750798722044728,1892.5,4.28,0.0
8100,0,179,-0.8219999999999998,0.055865921787709494,1892.6,4.28,0.0
8101,1,318,0.31699999999998907,0.05660377358490566,1892.8,4.28,0.0
8102,0,179,-0.8219999999999998,0.055865921787709494,1892.9,4.28,0.0
8103,3,579,2.5779999999999603,0.055267702936096716,1893.2,4.28,0.0
8104,0,182,-0.8189999999999998,0.06043956043956044,1893.3,4.28,0.0
8105,0,190,-0.8109999999999998,0.05789473684210526,1893.4,4.28,0.0
8106,0,179,-0.8219999999999998,0.055865921787709494,1893.4,4.28,0.0
8107,0,195,-0.8059999999999998,0.05641025641025641,1893.6,4.28,0.0
8108,1,313,0.3119999999999896,0.054313099041533544,1893.7,4.28,0.0
8109,2,446,1.444999999999975,0.05605381165919283,1893.9,4.28,0.0
8110,0,189,-0.8119999999999998,0.0582010582010582,1894.0,4.28,0.0
8111,2,454,1.452999999999974,0.05726872246696035,1894.3,4.28,0.0
8112,2,447,1.4459999999999749,0.05592841163310962,1894.5,4.28,0.0
8113,12,1779,12.777999999999667,0.05508712759977515,1895.4,4.28,0.0
8114,0,179,-0.8219999999999998,0.055865921787709494,1895.5,4.28,0.0
8115,2,457,1.4559999999999738,0.05689277899343545,1895.8,4.28,0.0
8116,1,313,0.3119999999999896,0.054313099041533544,1895.9,4.28,0.0
8117,1,313,0.3119999999999896,0.054313099041533544,1896.1,4.28,0.0
8118,0,194,-0.8069999999999998,0.05670103092783505,1896.2,4.28,0.0
8119,0,179,-0.8219999999999998,0.055865921787709494,1896.3,4.28,0.0
8120,0,179,-0.8219999999999998,0.055865921787709494,1896.4,4.28,0.0
8121,1,317,0.3159999999999892,0.056782334384858045,1896.6,4.28,0.0
8122,0,179,-0.8219999999999998,0.055865921787709494,1896.7,4.28,0.0
8123,1,313,0.3119999999999896,0.054313099041533544,1896.8,4.28,0.0
8124,0,179,-0.8219999999999998,0.055865921787709494,1896.9,4.28,0.0
8125,1,317,0.3159999999999892,0.056782334384858045,1897.1,4.28,0.0
8126,3,609,2.607999999999957,0.05582922824302135,1897.4,4.28,0.0
8127,2,446,1.444999999999975,0.053811659192825115,1897.6,4.28,0.0
8128,1,339,0.33799999999998676,0.05604719764011799,1897.8,4.28,0.0
8129,3,579,2.5779999999999603,0.055267702936096716,1898.1,4.28,0.0
8130,1,313,0.3119999999999896,0.05750798722044728,1898.3,4.28,0.0
8131,3,588,2.5869999999999593,0.05612244897959184,1898.6,4.28,0.0
8132,4,713,3.711999999999988,0.056100981767180924,1898.9,4.28,0.0
8133,1,339,0.33799999999998676,0.05604719764011799,1899.1,4.28,0.0
8134,3,579,2.5779999999999603,0.055267702936096716,1899.4,4.28,0.0
8135,2,446,1.444999999999975,0.05605381165919283,1899.6,4.28,0.0
8136,1,313,0.3119999999999896,0.054313099041533544,1899.8,4.28,0.0
8137,0,195,-0.8059999999999998,0.05641025641025641,1899.9,4.28,0.0
8138,2,446,1.444999999999975,0.053811659192825115,1900.1,4.28,0.0
8139,4,713,3.711999999999988,0.0546984572230014,1900.5,4.28,0.0
8140,2,446,1.444999999999975,0.05605381165919283,1900.7,4.28,0.0
8141,0,179,-0.8219999999999998,0.055865921787709494,1900.8,4.28,0.0
8142,0,179,-0.8219999999999998,0.05027932960893855,1900.9,4.28,0.0
8143,3,590,2.588999999999959,0.05593220338983051,1901.2,4.28,0.0
8144,2,446,1.444999999999975,0.05605381165919283,1901.6,4.28,0.0
8145,3,579,2.5779999999999603,0.055267702936096716,1901.9,4.28,0.0
8146,4,713,3.711999999999988,0.0546984572230014,1902.2,4.28,0.0
8147,1,313,0.3119999999999896,0.054313099041533544,1902.4,4.28,0.0
8148,3,579,2.5779999999999603,0.055267702936096716,1902.7,4.28,0.0
8149,3,589,2.587999999999959,0.05602716468590832,1903.0,4.28,0.0
8150,0,179,-0.8219999999999998,0.055865921787709494,1903.1,4.28,0.0
8151,0,190,-0.8109999999999998,0.05789473684210526,1903.2,4.28,0.0
8152,3,579,2.5779999999999603,0.055267702936096716,1903.5,4.28,0.0
8153,0,189,-0.8119999999999998,0.0582010582010582,1903.6,4.28,0.0
8154,1,313,0.3119999999999896,0.054313099041533544,1903.8,4.28,0.0
8155,3,579,2.5779999999999603,0.05699481865284974,1904.1,4.28,0.0
8156,1,313,0.3119999999999896,0.05750798722044728,1904.2,4.28,0.0
8157,1,313,0.3119999999999896,0.054313099041533544,1904.4,4.28,0.0
8158,1,313,0.3119999999999896,0.054313099041533544,1904.6,4.28,0.0
8159,1,320,0.31899999999998885,0.05625,1904.7,4.28,0.0
8160,1,321,0.31999999999998874,0.056074766355140186,1904.9,4.28,0.0
8161,0,179,-0.8219999999999998,0.055865921787709494,1905.0,4.28,0.0
8162,0,179,-0.8219999999999998,0.055865921787709494,1905.1,4.28,0.0
8163,1,313,0.3119999999999896,0.05750798722044728,1905.2,4.29,0.0
8164,0,191,-0.8099999999999998,0.05759162303664921,1905.3,4.29,0.0
8165,1,318,0.31699999999998907,0.05660377358490566,1905.5,4.29,0.0
8166,0,179,-0.8219999999999998,0.055865921787709494,1905.6,4.29,0.0
8167,4,713,3.711999999999988,0.0546984572230014,1906.0,4.29,0.0
8168,0,179,-0.8219999999999998,0.055865921787709494,1906.1,4.29,0.0
8169,3,579,2.5779999999999603,0.055267702936096716,1906.4,4.29,0.0
8170,6,979,5.978000000000075,0.05515832482124617,1906.9,4.29,0.0
8171,1,337,0.335999999999987,0.05637982195845697,1907.1,4.29,0.0
8172,0,186,-0.8149999999999998,0.05913978494623656,1907.2,4.29,0.0
8173,7,1019,7.018000000000088,0.05593719332679097,1907.7,4.28,0.0
8174,2,446,1.444999999999975,0.05605381165919283,1907.9,4.28,0.0
8175,5,846,4.845000000000032,0.05555555555555555,1908.4,4.28,0.0
8176,1,335,0.3339999999999872,0.056716417910447764,1908.6,4.28,0.0
8177,0,187,-0.8139999999999998,0.058823529411764705,1908.7,4.28,0.0
8178,1,313,0.3119999999999896,0.054313099041533544,1908.8,4.28,0.0
8179,0,179,-0.8219999999999998,0.055865921787709494,1908.9,4.29,0.0
8180,0,179,-0.8219999999999998,0.055865921787709494,1909.0,4.29,0.0
8181,0,179,-0.8219999999999998,0.055865921787709494,1909.1,4.29,0.0
8182,0,179,-0.8219999999999998,0.055865921787709494,1909.2,4.29,0.0
8183,1,313,0.3119999999999896,0.054313099041533544,1909.4,4.29,0.0
8184,6,981,5.980000000000076,0.05606523955147808,1909.9,4.29,0.0
8185,0,179,-0.8219999999999998,0.055865921787709494,1910.0,4.29,0.0
8186,3,579,2.5779999999999603,0.055267702936096716,1910.3,4.29,0.0
8187,0,195,-0.8059999999999998,0.05641025641025641,1910.4,4.29,0.0
8188,3,580,2.57899999999996,0.056896551724137934,1910.7,4.29,0.0
8189,5,846,4.845000000000032,0.05555555555555555,1911.1,4.29,0.0
8190,2,446,1.444999999999975,0.053811659192825115,1911.4,4.29,0.0
8191,7,1113,7.112000000000036,0.055705300988319856,1911.9,4.28,0.0
8192,4,713,3.711999999999988,0.056100981767180924,1912.3,4.28,0.0
8193,4,713,3.711999999999988,0.056100981767180924,1912.7,4.28,0.0
8194,5,857,4.856000000000035,0.056009334889148193,1913.1,4.28,0.0
8195,1,313,0.3119999999999896,0.054313099041533544,1913.3,4.28,0.0
8196,5,846,4.845000000000032,0.05555555555555555,1913.7,4.28,0.0
8197,8,1246,8.244999999999962,0.05537720706260032,1914.4,4.28,0.0
8198,0,179,-0.8219999999999998,0.055865921787709494,1914.5,4.28,0.0
8199,2,446,1.444999999999975,0.05605381165919283,1914.7,4.28,0.0
8200,3,579,2.5779999999999603,0.055267702936096716,1915.0,4.28,0.0
8201,0,179,-0.8219999999999998,0.055865921787709494,1915.1,4.28,0.0
8202,0,179,-0.8219999999999998,0.055865921787709494,1915.2,4.28,0.0
8203,8,1274,8.272999999999946,0.05572998430141287,1915.9,4.28,0.0
8204,0,179,-0.8219999999999998,0.055865921787709494,1916.0,4.28,0.0
8205,1,315,0.3139999999999894,0.05714285714285714,1916.2,4.28,0.0
8206,0,187,-0.8139999999999998,0.058823529411764705,1916.3,4.28,0.0
8207,0,181,-0.8199999999999998,0.06077348066298342,1916.4,4.28,0.0
8208,2,446,1.444999999999975,0.053811659192825115,1916.6,4.28,0.0
8209,0,179,-0.8219999999999998,0.055865921787709494,1916.7,4.28,0.0
8210,2,461,1.4599999999999733,0.05639913232104121,1917.0,4.28,0.0
8211,4,730,3.728999999999994,0.056164383561643834,1917.4,4.28,0.0
8212,4,713,3.711999999999988,0.056100981767180924,1917.8,4.28,0.0
8213,0,179,-0.8219999999999998,0.055865921787709494,1917.9,4.28,0.0
8214,3,579,2.5779999999999603,0.055267702936096716,1918.2,4.28,0.0
8215,3,579,2.5779999999999603,0.055267702936096716,1918.5,4.28,0.0
8216,1,313,0.3119999999999896,0.05750798722044728,1918.7,4.28,0.0
8217,0,179,-0.8219999999999998,0.055865921787709494,1918.8,4.28,0.0
8218,5,852,4.851000000000034,0.056338028169014086,1919.2,4.28,0.0
8219,5,846,4.845000000000032,0.05555555555555555,1919.6,4.28,0.0
8220,1,313,0.3119999999999896,0.054313099041533544,1919.8,4.28,0.0
8221,0,179,-0.8219999999999998,0.055865921787709494,1919.9,4.28,0.0
8222,1,321,0.31999999999998874,0.056074766355140186,1920.1,4.28,0.0
8223,0,186,-0.8149999999999998,0.05913978494623656,1920.1,4.28,0.0
8224,0,190,-0.8109999999999998,0.05789473684210526,1920.2,4.28,0.0
8225,1,319,0.31799999999998896,0.05642633228840126,1920.4,4.28,0.0
8226,1,335,0.3339999999999872,0.056716417910447764,1920.6,4.28,0.0
8227,0,179,-0.8219999999999998,0.055865921787709494,1920.7,4.28,0.0
8228,0,179,-0.8219999999999998,0.055865921787709494,1920.8,4.28,0.0
8229,2,449,1.4479999999999746,0.0556792873051225,1921.0,4.28,0.0
8230,1,313,0.3119999999999896,0.054313099041533544,1921.2,4.28,0.0
8231,1,313,0.3119999999999896,0.054313099041533544,1921.3,4.28,0.0
8232,1,313,0.3119999999999896,0.05750798722044728,1921.5,4.28,0.0
8233,1,336,0.3349999999999871,0.05654761904761905,1921.7,4.28,0.0
8234,4,729,3.7279999999999935,0.056241426611796985,1922.1,4.28,0.0
8235,3,579,2.5779999999999603,0.055267702936096716,1922.4,4.28,0.0
8236,3,581,2.57999999999996,0.05679862306368331,1922.7,4.28,0.0
8237,3,584,2.5829999999999598,0.05650684931506849,1923.0,4.28,0.0
8238,1,316,0.3149999999999893,0.056962025316455694,1923.2,4.28,0.0
8239,0,185,-0.8159999999999998,0.05945945945945946,1923.3,4.28,0.0
8240,1,313,0.3119999999999896,0.05750798722044728,1923.4,4.28,0.0
8241,3,579,2.5779999999999603,0.055267702936096716,1923.7,4.28,0.0
8242,4,713,3.711999999999988,0.056100981767180924,1924.1,4.28,0.0
8243,2,446,1.444999999999975,0.053811659192825115,1924.3,4.28,0.0
8244,0,183,-0.8179999999999998,0.060109289617486336,1924.4,4.28,0.0
8245,5,846,4.845000000000032,0.05555555555555555,1924.9,4.28,0.0
8246,2,446,1.444999999999975,0.05605381165919283,1925.1,4.28,0.0
8247,0,186,-0.8149999999999998,0.05913978494623656,1925.2,4.28,0.0
8248,2,446,1.444999999999975,0.05605381165919283,1925.4,4.28,0.0
8249,5,846,4.845000000000032,0.05555555555555555,1925.9,4.28,0.0
8250,2,446,1.444999999999975,0.05605381165919283,1926.1,4.28,0.0
8251,0,179,-0.8219999999999998,0.055865921787709494,1926.2,4.28,0.0
8252,8,1251,8.24999999999996,0.055955235811350916,1926.9,4.28,0.0
8253,3,579,2.5779999999999603,0.055267702936096716,1927.2,4.28,0.0
8254,1,314,0.3129999999999895,0.05732484076433121,1927.4,4.28,0.0
8255,0,179,-0.8219999999999998,0.055865921787709494,1927.5,4.28,0.0
8256,2,454,1.452999999999974,0.05726872246696035,1927.7,4.28,0.0
8257,2,446,1.444999999999975,0.05605381165919283,1927.9,4.28,0.0
8258,3,579,2.5779999999999603,0.055267702936096716,1928.2,4.28,0.0
8259,1,313,0.3119999999999896,0.05750798722044728,1928.4,4.28,0.0
8260,3,581,2.57999999999996,0.05679862306368331,1928.7,4.28,0.0
8261,3,581,2.57999999999996,0.05679862306368331,1929.0,4.28,0.0
8262,2,446,1.444999999999975,0.05605381165919283,1929.2,4.28,0.0
8263,0,179,-0.8219999999999998,0.055865921787709494,1929.3,4.28,0.0
8264,3,588,2.5869999999999593,0.05612244897959184,1929.6,4.28,0.0
8265,4,713,3.711999999999988,0.056100981767180924,1930.0,4.28,0.0
8266,3,579,2.5779999999999603,0.055267702936096716,1930.3,4.28,0.0
8267,0,179,-0.8219999999999998,0.055865921787709494,1930.4,4.28,0.0
8268,2,446,1.444999999999975,0.05605381165919283,1930.6,4.28,0.0
8269,1,315,0.3139999999999894,0.05714285714285714,1930.8,4.28,0.0
8270,1,313,0.3119999999999896,0.05750798722044728,1931.0,4.28,0.0
8271,4,713,3.711999999999988,0.0546984572230014,1931.4,4.28,0.0
8272,3,579,2.5779999999999603,0.055267702936096716,1931.7,4.28,0.0
8273,0,193,-0.8079999999999998,0.05699481865284974,1931.8,4.28,0.0
8274,0,179,-0.8219999999999998,0.055865921787709494,1931.9,4.28,0.0
8275,0,179,-0.8219999999999998,0.055865921787709494,1932.0,4.28,0.0
8276,0,189,-0.8119999999999998,0.0582010582010582,1932.1,4.28,0.0
8277,0,184,-0.8169999999999998,0.059782608695652176,1932.2,4.28,0.0
8278,0,179,-0.8219999999999998,0.055865921787709494,1932.3,4.28,0.0
8279,3,579,2.5779999999999603,0.055267702936096716,1932.6,4.28,0.0
8280,2,446,1.444999999999975,0.05605381165919283,1932.8,4.28,0.0
8281,0,179,-0.8219999999999998,0.055865921787709494,1932.9,4.28,0.0
8282,0,179,-0.8219999999999998,0.055865921787709494,1933.0,4.29,0.0
8283,0,185,-0.8159999999999998,0.05945945945945946,1933.1,4.29,0.0
8284,0,191,-0.8099999999999998,0.05759162303664921,1933.2,4.29,0.0
8285,7,1113,7.112000000000036,0.055705300988319856,1933.8,4.28,0.0
8286,0,179,-0.8219999999999998,0.055865921787709494,1933.9,4.29,0.0
8287,0,179,-0.8219999999999998,0.055865921787709494,1934.0,4.29,0.0
8288,8,1246,8.244999999999962,0.05537720706260032,1934.6,4.28,0.0
8289,5,846,4.845000000000032,0.05555555555555555,1935.0,4.28,0.0
8290,0,186,-0.8149999999999998,0.05913978494623656,1935.1,4.28,0.0
8291,0,179,-0.8219999999999998,0.055865921787709494,1935.2,4.28,0.0
8292,0,187,-0.8139999999999998,0.058823529411764705,1935.3,4.29,0.0
8293,0,197,-0.8039999999999998,0.05583756345177665,1935.4,4.29,0.0
8294,3,588,2.5869999999999593,0.05612244897959184,1935.7,4.29,0.0
8295,0,179,-0.8219999999999998,0.055865921787709494,1935.8,4.29,0.0
8296,2,450,1.4489999999999745,0.057777777777777775,1936.1,4.29,0.0
8297,0,179,-0.8219999999999998,0.055865921787709494,1936.2,4.29,0.0
8298,2,459,1.4579999999999735,0.05664488017429194,1936.4,4.29,0.0
8299,1,313,0.3119999999999896,0.054313099041533544,1936.6,4.29,0.0
8300,3,579,2.5779999999999603,0.055267702936096716,1936.9,4.29,0.0
8301,2,452,1.4509999999999743,0.05752212389380531,1937.1,4.29,0.0
8302,0,179,-0.8219999999999998,0.055865921787709494,1937.2,4.29,0.0
8303,3,579,2.5779999999999603,0.055267702936096716,1937.5,4.29,0.0
8304,4,714,3.7129999999999885,0.056022408963585436,1937.9,4.29,0.0
8305,0,179,-0.8219999999999998,0.05027932960893855,1938.0,4.29,0.0
8306,3,579,2.5779999999999603,0.055267702936096716,1938.3,4.29,0.0
8307,4,713,3.711999999999988,0.056100981767180924,1938.6,4.29,0.0
8308,0,179,-0.8219999999999998,0.055865921787709494,1938.7,4.29,0.0
8309,3,579,2.5779999999999603,0.055267702936096716,1939.0,4.29,0.0
8310,2,446,1.444999999999975,0.05605381165919283,1939.3,4.29,0.0
8311,2,446,1.444999999999975,0.05605381165919283,1939.5,4.29,0.0
8312,6,979,5.978000000000075,0.056179775280898875,1940.0,4.29,0.0
8313,1,313,0.3119999999999896,0.054313099041533544,1940.2,4.29,0.0
8314,0,179,-0.8219999999999998,0.055865921787709494,1940.3,4.29,0.0
8315,4,713,3.711999999999988,0.056100981767180924,1940.6,4.29,0.0
8316,11,1646,11.64499999999974,0.05589307411907655,1941.5,4.28,0.0
8317,1,313,0.3119999999999896,0.05750798722044728,1941.6,4.28,0.0
8318,1,313,0.3119999999999896,0.054313099041533544,1941.8,4.28,0.0
8319,1,313,0.3119999999999896,0.05750798722044728,1942.0,4.28,0.0
8320,0,185,-0.8159999999999998,0.05945945945945946,1942.1,4.28,0.0
8321,0,179,-0.8219999999999998,0.055865921787709494,1942.2,4.28,0.0
8322,2,446,1.444999999999975,0.053811659192825115,1942.4,4.28,0.0
8323,1,313,0.3119999999999896,0.054313099041533544,1942.5,4.29,0.0
8324,6,979,5.978000000000075,0.056179775280898875,1943.1,4.28,0.0
8325,1,323,0.3219999999999885,0.05572755417956656,1943.2,4.28,0.0
8326,1,313,0.3119999999999896,0.05750798722044728,1943.4,4.28,0.0
8327,1,313,0.3119999999999896,0.054313099041533544,1943.5,4.28,0.0
8328,2,446,1.444999999999975,0.05605381165919283,1943.8,4.28,0.0
8329,4,732,3.7309999999999945,0.056010928961748634,1944.2,4.28,0.0
8330,2,446,1.444999999999975,0.05605381165919283,1944.4,4.28,0.0
8331,6,979,5.978000000000075,0.056179775280898875,1944.9,4.28,0.0
8332,3,579,2.5779999999999603,0.055267702936096716,1945.2,4.28,0.0
8333,2,446,1.444999999999975,0.05605381165919283,1945.4,4.28,0.0
8334,6,979,5.978000000000075,0.05515832482124617,1945.9,4.28,0.0
8335,5,859,4.858000000000036,0.05587892898719441,1946.4,4.28,0.0
8336,0,179,-0.8219999999999998,0.055865921787709494,1946.5,4.28,0.0
8337,1,313,0.3119999999999896,0.054313099041533544,1946.7,4.28,0.0
8338,0,179,-0.8219999999999998,0.055865921787709494,1946.8,4.28,0.0
8339,6,979,5.978000000000075,0.05515832482124617,1947.3,4.28,0.0
8340,0,179,-0.8219999999999998,0.055865921787709494,1947.3,4.28,0.0
8341,1,313,0.3119999999999896,0.054313099041533544,1947.5,4.28,0.0
8342,1,313,0.3119999999999896,0.054313099041533544,1947.7,4.28,0.0
8343,2,446,1.444999999999975,0.05605381165919283,1947.9,4.28,0.0
8344,2,446,1.444999999999975,0.05605381165919283,1948.1,4.28,0.0
8345,0,179,-0.8219999999999998,0.055865921787709494,1948.2,4.28,0.0
8346,0,179,-0.8219999999999998,0.055865921787709494,1948.3,4.28,0.0
8347,0,179,-0.8219999999999998,0.055865921787709494,1948.4,4.28,0.0
8348,1,313,0.3119999999999896,0.05750798722044728,1948.6,4.28,0.0
8349,1,318,0.31699999999998907,0.05660377358490566,1948.7,4.28,0.0
8350,6,979,5.978000000000075,0.05515832482124617,1949.2,4.28,0.0
8351,0,179,-0.8219999999999998,0.055865921787709494,1949.3,4.28,0.0
8352,1,313,0.3119999999999896,0.054313099041533544,1949.5,4.28,0.0
8353,0,186,-0.8149999999999998,0.05913978494623656,1949.6,4.29,0.0
8354,2,453,1.4519999999999742,0.05739514348785872,1949.8,4.28,0.0
8355,2,446,1.444999999999975,0.05605381165919283,1950.1,4.28,0.0
8356,0,179,-0.8219999999999998,0.055865921787709494,1950.2,4.29,0.0
8357,3,579,2.5779999999999603,0.055267702936096716,1950.5,4.29,0.0
8358,0,179,-0.8219999999999998,0.055865921787709494,1950.6,4.29,0.0
8359,3,579,2.5779999999999603,0.055267702936096716,1950.9,4.29,0.0
8360,1,313,0.3119999999999896,0.05750798722044728,1951.0,4.29,0.0
8361,3,580,2.57899999999996,0.056896551724137934,1951.3,4.29,0.0
8362,2,462,1.4609999999999732,0.05627705627705628,1951.6,4.29,0.0
8363,6,979,5.978000000000075,0.05515832482124617,1952.1,4.28,0.0
8364,4,713,3.711999999999988,0.0546984572230014,1952.4,4.28,0.0
8365,2,458,1.4569999999999736,0.056768558951965066,1952.7,4.28,0.0
8366,1,338,0.33699999999998687,0.05621301775147929,1952.9,4.28,0.0
8367,1,313,0.3119999999999896,0.054313099041533544,1953.0,4.28,0.0
8368,3,586,2.5849999999999596,0.05631399317406143,1953.3,4.28,0.0
8369,0,179,-0.8219999999999998,0.055865921787709494,1953.4,4.28,0.0
8370,4,713,3.711999999999988,0.056100981767180924,1953.8,4.28,0.0
8371,1,313,0.3119999999999896,0.054313099041533544,1953.9,4.28,0.0
8372,0,179,-0.8219999999999998,0.055865921787709494,1954.0,4.28,0.0
8373,0,184,-0.8169999999999998,0.059782608695652176,1954.1,4.29,0.0
8374,1,313,0.3119999999999896,0.054313099041533544,1954.3,4.29,0.0
8375,3,579,2.5779999999999603,0.055267702936096716,1954.6,4.29,0.0
8376,5,846,4.845000000000032,0.05555555555555555,1955.0,4.28,0.0
8377,3,579,2.5779999999999603,0.055267702936096716,1955.3,4.28,0.0
8378,0,179,-0.8219999999999998,0.055865921787709494,1955.4,4.28,0.0
8379,1,341,0.33999999999998654,0.05571847507331378,1955.6,4.29,0.0
8380,3,579,2.5779999999999603,0.055267702936096716,1955.9,4.28,0.0
8381,3,579,2.5779999999999603,0.055267702936096716,1956.2,4.28,0.0
8382,1,331,0.32999999999998764,0.05740181268882175,1956.4,4.28,0.0
8383,2,461,1.4599999999999733,0.05639913232104121,1956.6,4.28,0.0
8384,2,465,1.4639999999999729,0.05591397849462366,1956.9,4.28,0.0
8385,0,179,-0.8219999999999998,0.055865921787709494,1957.0,4.29,0.0
8386,2,446,1.444999999999975,0.05605381165919283,1957.2,4.29,0.0
8387,2,465,1.4639999999999729,0.05591397849462366,1957.5,4.29,0.0
8388,2,457,1.4559999999999738,0.05689277899343545,1957.7,4.29,0.0
8389,1,313,0.3119999999999896,0.054313099041533544,1957.9,4.29,0.0
8390,0,179,-0.8219999999999998,0.055865921787709494,1957.9,4.29,0.0
8391,0,209,-0.7919999999999998,0.05741626794258373,1958.1,4.29,0.0
8392,2,446,1.444999999999975,0.05605381165919283,1958.3,4.29,0.0
8393,6,979,5.978000000000075,0.05515832482124617,1958.8,4.29,0.0
8394,1,333,0.3319999999999874,0.057057057057057055,1959.0,4.29,0.0
8395,1,317,0.3159999999999892,0.056782334384858045,1959.1,4.29,0.0
8396,0,189,-0.8119999999999998,0.0582010582010582,1959.2,4.29,0.0
8397,2,461,1.4599999999999733,0.05639913232104121,1959.5,4.29,0.0
8398,4,713,3.711999999999988,0.056100981767180924,1959.8,4.29,0.0
8399,2,446,1.444999999999975,0.05605381165919283,1960.1,4.29,0.0
8400,0,206,-0.7949999999999998,0.05825242718446602,1960.2,4.29,0.0
8401,1,318,0.31699999999998907,0.05660377358490566,1960.3,4.29,0.0
8402,0,179,-0.8219999999999998,0.055865921787709494,1960.4,4.29,0.0
8403,1,317,0.3159999999999892,0.056782334384858045,1960.6,4.29,0.0
8404,0,195,-0.8059999999999998,0.05641025641025641,1960.7,4.29,0.0
8405,1,313,0.3119999999999896,0.054313099041533544,1960.8,4.29,0.0
8406,0,179,-0.8219999999999998,0.055865921787709494,1960.9,4.29,0.0
8407,0,186,-0.8149999999999998,0.05913978494623656,1961.0,4.29,0.0
8408,0,192,-0.8089999999999998,0.057291666666666664,1961.1,4.29,0.0
8409,6,979,5.978000000000075,0.056179775280898875,1961.7,4.29,0.0
8410,0,191,-0.8099999999999998,0.05759162303664921,1961.8,4.29,0.0
8411,0,179,-0.8219999999999998,0.055865921787709494,1961.8,4.29,0.0
8412,3,579,2.5779999999999603,0.055267702936096716,1962.1,4.29,0.0
8413,0,179,-0.8219999999999998,0.055865921787709494,1962.2,4.29,0.0
8414,4,713,3.711999999999988,0.0546984572230014,1962.6,4.29,0.0
8415,5,846,4.845000000000032,0.05555555555555555,1963.1,4.29,0.0
8416,3,610,2.608999999999957,0.05573770491803279,1963.4,4.29,0.0
8417,1,313,0.3119999999999896,0.05750798722044728,1963.5,4.29,0.0
8418,1,313,0.3119999999999896,0.054313099041533544,1963.7,4.29,0.0
8419,4,713,3.711999999999988,0.056100981767180924,1964.1,4.29,0.0
8420,0,179,-0.8219999999999998,0.055865921787709494,1964.2,4.29,0.0
8421,1,313,0.3119999999999896,0.05750798722044728,1964.3,4.29,0.0
8422,0,186,-0.8149999999999998,0.05913978494623656,1964.4,4.29,0.0
8423,0,187,-0.8139999999999998,0.058823529411764705,1964.5,4.29,0.0
8424,1,313,0.3119999999999896,0.05750798722044728,1964.7,4.29,0.0
8425,1,315,0.3139999999999894,0.05714285714285714,1964.9,4.29,0.0
8426,0,189,-0.8119999999999998,0.0582010582010582,1965.0,4.29,0.0
8427,2,454,1.452999999999974,0.05726872246696035,1965.2,4.29,0.0
8428,3,579,2.5779999999999603,0.055267702936096716,1965.5,4.29,0.0
8429,1,313,0.3119999999999896,0.054313099041533544,1965.7,4.29,0.0
8430,0,189,-0.8119999999999998,0.0582010582010582,1965.8,4.29,0.0
8431,0,179,-0.8219999999999998,0.055865921787709494,1965.9,4.29,0.0
8432,0,184,-0.8169999999999998,0.059782608695652176,1966.0,4.29,0.0
8433,5,853,4.852000000000034,0.05627198124267292,1966.5,4.29,0.0
8434,5,846,4.845000000000032,0.05555555555555555,1966.9,4.29,0.0
8435,0,193,-0.8079999999999998,0.05699481865284974,1967.0,4.29,0.0
8436,1,313,0.3119999999999896,0.05750798722044728,1967.2,4.29,0.0
8437,0,195,-0.8059999999999998,0.05641025641025641,1967.3,4.29,0.0
8438,1,317,0.3159999999999892,0.056782334384858045,1967.4,4.29,0.0
8439,1,313,0.3119999999999896,0.054313099041533544,1967.6,4.29,0.0
8440,4,713,3.711999999999988,0.056100981767180924,1968.0,4.29,0.0
8441,6,979,5.978000000000075,0.05515832482124617,1968.5,4.29,0.0
8442,2,459,1.4579999999999735,0.05664488017429194,1968.8,4.29,0.0
8443,5,846,4.845000000000032,0.05555555555555555,1969.2,4.29,0.0
8444,2,446,1.444999999999975,0.05605381165919283,1969.5,4.29,0.0
8445,0,179,-0.8219999999999998,0.055865921787709494,1969.6,4.29,0.0
8446,2,446,1.444999999999975,0.05605381165919283,1969.8,4.29,0.0
8447,0,179,-0.8219999999999998,0.055865921787709494,1969.9,4.29,0.0
8448,2,461,1.4599999999999733,0.05639913232104121,1970.2,4.29,0.0
8449,1,314,0.3129999999999895,0.05732484076433121,1970.3,4.29,0.0
8450,1,339,0.33799999999998676,0.05604719764011799,1970.5,4.29,0.0
8451,0,179,-0.8219999999999998,0.055865921787709494,1970.6,4.29,0.0
8452,1,313,0.3119999999999896,0.05750798722044728,1970.8,4.29,0.0
8453,0,193,-0.8079999999999998,0.05699481865284974,1970.9,4.29,0.0
8454,0,190,-0.8109999999999998,0.05789473684210526,1971.0,4.29,0.0
8455,2,464,1.462999999999973,0.05603448275862069,1971.2,4.29,0.0
8456,1,322,0.32099999999998863,0.055900621118012424,1971.4,4.29,0.0
8457,2,446,1.444999999999975,0.05605381165919283,1971.7,4.29,0.0
8458,4,725,3.723999999999992,0.05655172413793103,1972.0,4.29,0.0
8459,1,313,0.3119999999999896,0.05750798722044728,1972.2,4.29,0.0
8460,3,579,2.5779999999999603,0.055267702936096716,1972.5,4.29,0.0
8461,2,446,1.444999999999975,0.05605381165919283,1972.7,4.29,0.0
8462,5,846,4.845000000000032,0.05555555555555555,1973.2,4.29,0.0
8463,1,313,0.3119999999999896,0.054313099041533544,1973.4,4.29,0.0
8464,0,196,-0.8049999999999998,0.05612244897959184,1973.5,4.29,0.0
8465,1,313,0.3119999999999896,0.05750798722044728,1973.6,4.29,0.0
8466,0,179,-0.8219999999999998,0.055865921787709494,1973.7,4.29,0.0
8467,1,313,0.3119999999999896,0.05750798722044728,1973.9,4.29,0.0
8468,2,446,1.444999999999975,0.05605381165919283,1974.1,4.29,0.0
8469,4,713,3.711999999999988,0.056100981767180924,1974.5,4.29,0.0
8470,1,313,0.3119999999999896,0.054313099041533544,1974.7,4.29,0.0
8471,0,187,-0.8139999999999998,0.058823529411764705,1974.8,4.29,0.0
8472,0,179,-0.8219999999999998,0.055865921787709494,1974.9,4.29,0.0
8473,0,179,-0.8219999999999998,0.055865921787709494,1975.0,4.29,0.0
8474,0,179,-0.8219999999999998,0.055865921787709494,1975.1,4.29,0.0
8475,0,179,-0.8219999999999998,0.055865921787709494,1975.1,4.29,0.0
8476,1,340,0.33899999999998665,0.05588235294117647,1975.3,4.29,0.0
8477,1,313,0.3119999999999896,0.054313099041533544,1975.5,4.29,0.0
8478,1,319,0.31799999999998896,0.05642633228840126,1975.7,4.29,0.0
8479,6,1005,6.004000000000084,0.05572139303482587,1976.2,4.29,0.0
8480,2,457,1.4559999999999738,0.05689277899343545,1976.5,4.29,0.0
8481,2,446,1.444999999999975,0.053811659192825115,1976.7,4.29,0.0
8482,2,446,1.444999999999975,0.05605381165919283,1976.9,4.29,0.0
8483,5,846,4.845000000000032,0.05555555555555555,1977.4,4.29,0.0
8484,2,446,1.444999999999975,0.05605381165919283,1977.6,4.29,0.0
8485,3,579,2.5779999999999603,0.055267702936096716,1977.9,4.29,0.0
8486,0,186,-0.8149999999999998,0.05913978494623656,1978.0,4.29,0.0
8487,0,183,-0.8179999999999998,0.060109289617486336,1978.1,4.29,0.0
8488,2,446,1.444999999999975,0.05605381165919283,1978.4,4.29,0.0
8489,0,179,-0.8219999999999998,0.055865921787709494,1978.4,4.29,0.0
8490,1,313,0.3119999999999896,0.05750798722044728,1978.6,4.29,0.0
8491,2,446,1.444999999999975,0.05605381165919283,1978.8,4.29,0.0
8492,2,449,1.4479999999999746,0.0556792873051225,1979.1,4.29,0.0
8493,1,313,0.3119999999999896,0.054313099041533544,1979.2,4.29,0.0
8494,1,313,0.3119999999999896,0.05750798722044728,1979.4,4.29,0.0
8495,2,446,1.444999999999975,0.05605381165919283,1979.6,4.29,0.0
8496,1,313,0.3119999999999896,0.054313099041533544,1979.8,4.29,0.0
8497,0,179,-0.8219999999999998,0.055865921787709494,1979.9,4.29,0.0
8498,2,446,1.444999999999975,0.05605381165919283,1980.1,4.29,0.0
8499,1,336,0.3349999999999871,0.05654761904761905,1980.3,4.29,0.0
8500,0,179,-0.8219999999999998,0.055865921787709494,1980.4,4.29,0.0
8501,2,446,1.444999999999975,0.05605381165919283,1983.6,4.29,0.0
8502,3,592,2.590999999999959,0.05574324324324324,1983.9,4.29,0.0
8503,5,846,4.845000000000032,0.05555555555555555,1984.4,4.29,0.0
8504,0,179,-0.8219999999999998,0.055865921787709494,1984.4,4.29,0.0
8505,1,337,0.335999999999987,0.05637982195845697,1984.6,4.29,0.0
8506,1,315,0.3139999999999894,0.05714285714285714,1984.8,4.29,0.0
8507,6,1003,6.002000000000083,0.05583250249252243,1985.3,4.29,0.0
8508,5,846,4.845000000000032,0.05555555555555555,1985.7,4.29,0.0
8509,6,979,5.978000000000075,0.05515832482124617,1986.3,4.28,0.0
8510,2,446,1.444999999999975,0.05605381165919283,1986.5,4.28,0.0
8511,4,713,3.711999999999988,0.056100981767180924,1986.9,4.28,0.0
8512,0,179,-0.8219999999999998,0.055865921787709494,1987.0,4.28,0.0
8513,0,189,-0.8119999999999998,0.0582010582010582,1987.1,4.28,0.0
8514,1,313,0.3119999999999896,0.054313099041533544,1987.2,4.28,0.0
8515,2,446,1.444999999999975,0.05605381165919283,1987.5,4.28,0.0
8516,4,713,3.711999999999988,0.056100981767180924,1987.8,4.28,0.0
8517,0,187,-0.8139999999999998,0.058823529411764705,1987.9,4.28,0.0
8518,0,179,-0.8219999999999998,0.055865921787709494,1988.0,4.29,0.0
8519,4,713,3.711999999999988,0.0546984572230014,1988.4,4.28,0.0
8520,3,579,2.5779999999999603,0.055267702936096716,1988.7,4.28,0.0
8521,0,187,-0.8139999999999998,0.058823529411764705,1988.8,4.29,0.0
8522,1,313,0.3119999999999896,0.05750798722044728,1989.0,4.29,0.0
8523,0,179,-0.8219999999999998,0.055865921787709494,1989.1,4.29,0.0
8524,0,179,-0.8219999999999998,0.055865921787709494,1989.1,4.29,0.0
8525,2,446,1.444999999999975,0.053811659192825115,1989.4,4.29,0.0
8526,0,179,-0.8219999999999998,0.055865921787709494,1989.5,4.29,0.0
8527,2,459,1.4579999999999735,0.05664488017429194,1989.7,4.29,0.0
8528,2,446,1.444999999999975,0.05605381165919283,1989.9,4.29,0.0
8529,2,446,1.444999999999975,0.05605381165919283,1990.2,4.29,0.0
8530,4,713,3.711999999999988,0.056100981767180924,1990.5,4.29,0.0
8531,0,179,-0.8219999999999998,0.055865921787709494,1990.6,4.29,0.0
8532,1,321,0.31999999999998874,0.056074766355140186,1990.8,4.29,0.0
8533,1,313,0.3119999999999896,0.054313099041533544,1991.0,4.29,0.0
8534,0,179,-0.8219999999999998,0.055865921787709494,1991.1,4.29,0.0
8535,2,467,1.4659999999999727,0.055674518201284794,1991.3,4.29,0.0
8536,4,713,3.711999999999988,0.056100981767180924,1991.7,4.29,0.0
8537,1,315,0.3139999999999894,0.05714285714285714,1991.8,4.29,0.0
8538,0,190,-0.8109999999999998,0.05789473684210526,1991.9,4.29,0.0
8539,0,190,-0.8109999999999998,0.05789473684210526,1992.0,4.29,0.0
8540,0,179,-0.8219999999999998,0.055865921787709494,1992.1,4.29,0.0
8541,1,319,0.31799999999998896,0.05642633228840126,1992.3,4.29,0.0
8542,0,179,-0.8219999999999998,0.055865921787709494,1992.4,4.29,0.0
8543,0,197,-0.8039999999999998,0.05583756345177665,1992.5,4.29,0.0
8544,3,588,2.5869999999999593,0.05612244897959184,1992.8,4.29,0.0
8545,2,446,1.444999999999975,0.053811659192825115,1993.0,4.29,0.0
8546,3,579,2.5779999999999603,0.055267702936096716,1993.3,4.29,0.0
8547,2,446,1.444999999999975,0.05605381165919283,1993.6,4.29,0.0
8548,1,316,0.3149999999999893,0.056962025316455694,1993.7,4.29,0.0
8549,3,589,2.587999999999959,0.05602716468590832,1994.1,4.29,0.0
8550,0,191,-0.8099999999999998,0.05759162303664921,1994.2,4.29,0.0
8551,6,1002,6.001000000000083,0.05588822355289421,1994.7,4.29,0.0
8552,0,192,-0.8089999999999998,0.057291666666666664,1994.8,4.29,0.0
8553,0,192,-0.8089999999999998,0.057291666666666664,1994.9,4.29,0.0
8554,1,313,0.3119999999999896,0.054313099041533544,1995.0,4.29,0.0
8555,0,186,-0.8149999999999998,0.05913978494623656,1995.1,4.29,0.0
8556,3,585,2.5839999999999597,0.05641025641025641,1995.5,4.29,0.0
8557,3,585,2.5839999999999597,0.05641025641025641,1995.8,4.29,0.0
8558,1,335,0.3339999999999872,0.056716417910447764,1995.9,4.29,0.0
8559,1,339,0.33799999999998676,0.05604719764011799,1996.1,4.29,0.0
8560,1,313,0.3119999999999896,0.05750798722044728,1996.3,4.29,0.0
8561,3,579,2.5779999999999603,0.055267702936096716,1996.6,4.29,0.0
8562,1,316,0.3149999999999893,0.056962025316455694,1996.7,4.29,0.0
8563,6,989,5.988000000000079,0.055611729019211326,1997.2,4.29,0.0
8564,1,313,0.3119999999999896,0.054313099041533544,1997.4,4.29,0.0
8565,0,179,-0.8219999999999998,0.055865921787709494,1997.5,4.29,0.0
8566,2,446,1.444999999999975,0.05605381165919283,1997.7,4.29,0.0
8567,0,190,-0.8109999999999998,0.05789473684210526,1997.8,4.29,0.0
8568,0,179,-0.8219999999999998,0.055865921787709494,1997.9,4.29,0.0
8569,4,733,3.731999999999995,0.05593451568894952,1998.3,4.29,0.0
8570,7,1113,7.112000000000036,0.05480682839173405,1998.9,4.29,0.0
8571,3,579,2.5779999999999603,0.055267702936096716,1999.2,4.29,0.0
8572,2,446,1.444999999999975,0.05605381165919283,1999.4,4.29,0.0
8573,3,581,2.57999999999996,0.05679862306368331,1999.7,4.29,0.0
8574,4,713,3.711999999999988,0.056100981767180924,2000.1,4.29,0.0
8575,7,1129,7.128000000000027,0.05580159433126661,2000.7,4.29,0.0
8576,0,183,-0.8179999999999998,0.060109289617486336,2000.8,4.29,0.0
8577,2,464,1.462999999999973,0.05603448275862069,2001.0,4.29,0.0
8578,6,979,5.978000000000075,0.05515832482124617,2001.5,4.29,0.0
8579,0,185,-0.8159999999999998,0.05945945945945946,2001.6,4.29,0.0
8580,0,179,-0.8219999999999998,0.055865921787709494,2001.7,4.29,0.0
8581,2,446,1.444999999999975,0.05605381165919283,2001.9,4.29,0.0
8582,7,1113,7.112000000000036,0.055705300988319856,2002.5,4.29,0.0
8583,2,446,1.444999999999975,0.05605381165919283,2002.8,4.29,0.0
8584,0,194,-0.8069999999999998,0.05670103092783505,2002.9,4.29,0.0
8585,1,313,0.3119999999999896,0.054313099041533544,2003.0,4.29,0.0
8586,1,313,0.3119999999999896,0.05750798722044728,2003.2,4.29,0.0
8587,0,179,-0.8219999999999998,0.055865921787709494,2003.3,4.29,0.0
8588,3,579,2.5779999999999603,0.055267702936096716,2003.6,4.29,0.0
8589,1,313,0.3119999999999896,0.054313099041533544,2003.7,4.29,0.0
8590,0,179,-0.8219999999999998,0.055865921787709494,2003.8,4.29,0.0
8591,1,313,0.3119999999999896,0.054313099041533544,2004.0,4.29,0.0
8592,4,732,3.7309999999999945,0.056010928961748634,2004.4,4.29,0.0
8593,0,179,-0.8219999999999998,0.055865921787709494,2004.5,4.29,0.0
8594,0,179,-0.8219999999999998,0.055865921787709494,2004.6,4.29,0.0
8595,0,187,-0.8139999999999998,0.058823529411764705,2004.7,4.29,0.0
8596,5,846,4.845000000000032,0.05555555555555555,2005.1,4.29,0.0
8597,2,446,1.444999999999975,0.05605381165919283,2005.4,4.29,0.0
8598,0,187,-0.8139999999999998,0.058823529411764705,2005.5,4.29,0.0
8599,3,579,2.5779999999999603,0.055267702936096716,2005.8,4.29,0.0
8600,0,187,-0.8139999999999998,0.058823529411764705,2005.9,4.29,0.0
8601,2,446,1.444999999999975,0.05605381165919283,2006.1,4.29,0.0
8602,1,313,0.3119999999999896,0.054313099041533544,2006.3,4.29,0.0
8603,3,590,2.588999999999959,0.05593220338983051,2006.6,4.29,0.0
8604,0,192,-0.8089999999999998,0.057291666666666664,2006.7,4.29,0.0
8605,0,179,-0.8219999999999998,0.055865921787709494,2006.8,4.29,0.0
8606,0,191,-0.8099999999999998,0.05759162303664921,2006.9,4.29,0.0
8607,1,313,0.3119999999999896,0.054313099041533544,2007.0,4.29,0.0
8608,1,313,0.3119999999999896,0.05750798722044728,2007.2,4.29,0.0
8609,4,713,3.711999999999988,0.056100981767180924,2007.6,4.29,0.0
8610,2,446,1.444999999999975,0.05605381165919283,2007.8,4.29,0.0
8611,3,579,2.5779999999999603,0.055267702936096716,2008.1,4.29,0.0
8612,2,446,1.444999999999975,0.05605381165919283,2008.4,4.29,0.0
8613,1,336,0.3349999999999871,0.05654761904761905,2008.5,4.29,0.0
8614,3,579,2.5779999999999603,0.055267702936096716,2008.8,4.29,0.0
8615,2,457,1.4559999999999738,0.05689277899343545,2009.1,4.29,0.0
8616,4,716,3.714999999999989,0.055865921787709494,2009.4,4.29,0.0
8617,0,188,-0.8129999999999998,0.05851063829787234,2009.5,4.29,0.0
8618,3,579,2.5779999999999603,0.055267702936096716,2009.8,4.29,0.0
8619,4,713,3.711999999999988,0.056100981767180924,2010.2,4.29,0.0
8620,7,1130,7.129000000000026,0.05575221238938053,2010.8,4.29,0.0
8621,4,713,3.711999999999988,0.0546984572230014,2011.2,4.29,0.0
8622,0,179,-0.8219999999999998,0.055865921787709494,2011.3,4.29,0.0
8623,3,592,2.590999999999959,0.05574324324324324,2011.6,4.29,0.0
8624,1,318,0.31699999999998907,0.05660377358490566,2011.8,4.29,0.0
8625,0,179,-0.8219999999999998,0.055865921787709494,2011.9,4.29,0.0
8626,1,313,0.3119999999999896,0.05750798722044728,2012.1,4.29,0.0
8627,2,446,1.444999999999975,0.05605381165919283,2012.3,4.29,0.0
8628,1,313,0.3119999999999896,0.054313099041533544,2012.5,4.29,0.0
8629,5,858,4.857000000000036,0.055944055944055944,2013.0,4.29,0.0
8630,2,446,1.444999999999975,0.05605381165919283,2013.2,4.29,0.0
8631,3,579,2.5779999999999603,0.05699481865284974,2013.5,4.29,0.0
8632,1,335,0.3339999999999872,0.056716417910447764,2013.7,4.29,0.0
8633,1,313,0.3119999999999896,0.05750798722044728,2013.9,4.29,0.0
8634,0,187,-0.8139999999999998,0.058823529411764705,2014.0,4.29,0.0
8635,2,462,1.4609999999999732,0.05627705627705628,2014.2,4.29,0.0
8636,0,179,-0.8219999999999998,0.055865921787709494,2014.3,4.29,0.0
8637,4,714,3.7129999999999885,0.056022408963585436,2014.7,4.29,0.0
8638,1,340,0.33899999999998665,0.05588235294117647,2014.9,4.29,0.0
8639,0,179,-0.8219999999999998,0.055865921787709494,2015.0,4.29,0.0
8640,1,313,0.3119999999999896,0.054313099041533544,2015.1,4.29,0.0
8641,2,446,1.444999999999975,0.05605381165919283,2015.4,4.29,0.0
8642,0,187,-0.8139999999999998,0.058823529411764705,2015.5,4.29,0.0
8643,2,446,1.444999999999975,0.05605381165919283,2015.7,4.29,0.0
8644,0,179,-0.8219999999999998,0.055865921787709494,2015.8,4.29,0.0
8645,3,591,2.589999999999959,0.05583756345177665,2016.1,4.29,0.0
8646,5,846,4.845000000000032,0.05555555555555555,2016.6,4.29,0.0
8647,4,713,3.711999999999988,0.0546984572230014,2016.9,4.29,0.0
8648,2,457,1.4559999999999738,0.05689277899343545,2017.2,4.29,0.0
8649,0,179,-0.8219999999999998,0.055865921787709494,2017.3,4.29,0.0
8650,3,579,2.5779999999999603,0.055267702936096716,2017.6,4.29,0.0
8651,5,846,4.845000000000032,0.05555555555555555,2018.0,4.29,0.0
8652,2,456,1.4549999999999739,0.05701754385964912,2018.3,4.29,0.0
8653,1,313,0.3119999999999896,0.054313099041533544,2018.4,4.29,0.0
8654,0,186,-0.8149999999999998,0.05913978494623656,2018.5,4.29,0.0
8655,0,179,-0.8219999999999998,0.055865921787709494,2018.6,4.29,0.0
8656,2,446,1.444999999999975,0.05605381165919283,2018.9,4.29,0.0
8657,0,179,-0.8219999999999998,0.055865921787709494,2019.0,4.29,0.0
8658,2,454,1.452999999999974,0.05726872246696035,2019.2,4.29,0.0
8659,3,609,2.607999999999957,0.05582922824302135,2019.5,4.29,0.0
8660,0,189,-0.8119999999999998,0.0582010582010582,2019.6,4.29,0.0
8661,2,446,1.444999999999975,0.05605381165919283,2019.9,4.29,0.0
8662,1,338,0.33699999999998687,0.05621301775147929,2020.0,4.29,0.0
8663,0,179,-0.8219999999999998,0.055865921787709494,2020.1,4.29,0.0
8664,2,460,1.4589999999999734,0.05652173913043478,2020.4,4.29,0.0
8665,5,846,4.845000000000032,0.05555555555555555,2020.8,4.29,0.0
8666,5,856,4.855000000000035,0.056074766355140186,2021.3,4.29,0.0
8667,3,582,2.58099999999996,0.05670103092783505,2021.6,4.29,0.0
8668,0,179,-0.8219999999999998,0.055865921787709494,2021.7,4.29,0.0
8669,1,313,0.3119999999999896,0.05750798722044728,2021.8,4.29,0.0
8670,1,336,0.3349999999999871,0.05654761904761905,2022.0,4.29,0.0
8671,2,446,1.444999999999975,0.053811659192825115,2022.3,4.29,0.0
8672,3,579,2.5779999999999603,0.055267702936096716,2022.6,4.29,0.0
8673,6,979,5.978000000000075,0.056179775280898875,2023.1,4.29,0.0
8674,4,713,3.711999999999988,0.056100981767180924,2023.5,4.29,0.0
8675,1,313,0.3119999999999896,0.054313099041533544,2023.7,4.29,0.0
8676,0,179,-0.8219999999999998,0.055865921787709494,2023.8,4.29,0.0
8677,0,179,-0.8219999999999998,0.055865921787709494,2023.8,4.29,0.0
8678,1,336,0.3349999999999871,0.05654761904761905,2024.0,4.29,0.0
8679,1,335,0.3339999999999872,0.056716417910447764,2024.2,4.29,0.0
8680,3,610,2.608999999999957,0.05573770491803279,2024.5,4.29,0.0
8681,3,585,2.5839999999999597,0.05641025641025641,2024.8,4.29,0.0
8682,1,313,0.3119999999999896,0.054313099041533544,2025.0,4.29,0.0
8683,9,1379,9.377999999999888,0.05583756345177665,2025.7,4.29,0.0
8684,1,316,0.3149999999999893,0.056962025316455694,2025.9,4.29,0.0
8685,1,313,0.3119999999999896,0.054313099041533544,2026.1,4.29,0.0
8686,0,179,-0.8219999999999998,0.055865921787709494,2026.2,4.29,0.0
8687,6,988,5.987000000000078,0.05566801619433198,2026.7,4.29,0.0
8688,3,586,2.5849999999999596,0.05631399317406143,2027.0,4.29,0.0
8689,3,581,2.57999999999996,0.05679862306368331,2027.3,4.29,0.0
8690,1,313,0.3119999999999896,0.054313099041533544,2027.5,4.29,0.0
8691,5,846,4.845000000000032,0.05555555555555555,2027.9,4.29,0.0
8692,0,192,-0.8089999999999998,0.057291666666666664,2028.1,4.29,0.0
8693,0,179,-0.8219999999999998,0.055865921787709494,2028.1,4.29,0.0
8694,3,579,2.5779999999999603,0.05699481865284974,2028.4,4.29,0.0
8695,1,313,0.3119999999999896,0.054313099041533544,2028.6,4.29,0.0
8696,2,446,1.444999999999975,0.05605381165919283,2028.9,4.29,0.0
8697,2,453,1.4519999999999742,0.05739514348785872,2029.1,4.29,0.0
8698,0,179,-0.8219999999999998,0.055865921787709494,2029.2,4.29,0.0
8699,1,316,0.3149999999999893,0.056962025316455694,2029.4,4.29,0.0
8700,6,979,5.978000000000075,0.05515832482124617,2029.9,4.29,0.0
8701,1,336,0.3349999999999871,0.05654761904761905,2030.1,4.29,0.0
8702,3,581,2.57999999999996,0.05679862306368331,2030.4,4.29,0.0
8703,3,579,2.5779999999999603,0.055267702936096716,2030.7,4.29,0.0
8704,7,1113,7.112000000000036,0.055705300988319856,2031.2,4.29,0.0
8705,4,713,3.711999999999988,0.056100981767180924,2031.6,4.29,0.0
8706,0,185,-0.8159999999999998,0.05945945945945946,2031.7,4.29,0.0
8707,0,191,-0.8099999999999998,0.05759162303664921,2031.8,4.29,0.0
8708,2,446,1.444999999999975,0.053811659192825115,2032.1,4.29,0.0
8709,1,321,0.31999999999998874,0.056074766355140186,2032.2,4.29,0.0
8710,2,461,1.4599999999999733,0.05639913232104121,2032.5,4.29,0.0
8711,3,579,2.5779999999999603,0.055267702936096716,2032.8,4.29,0.0
8712,0,184,-0.8169999999999998,0.059782608695652176,2032.9,4.29,0.0
8713,6,979,5.978000000000075,0.05515832482124617,2033.4,4.29,0.0
8714,3,583,2.58199999999996,0.05660377358490566,2033.7,4.29,0.0
8715,0,186,-0.8149999999999998,0.05913978494623656,2033.8,4.29,0.0
8716,2,446,1.444999999999975,0.05605381165919283,2034.0,4.29,0.0
8717,0,179,-0.8219999999999998,0.055865921787709494,2034.1,4.29,0.0
8718,2,446,1.444999999999975,0.05605381165919283,2034.3,4.29,0.0
8719,0,179,-0.8219999999999998,0.055865921787709494,2034.4,4.29,0.0
8720,1,313,0.3119999999999896,0.054313099041533544,2034.6,4.29,0.0
8721,0,210,-0.7909999999999998,0.05714285714285714,2034.7,4.29,0.0
8722,1,313,0.3119999999999896,0.054313099041533544,2034.8,4.29,0.0
8723,1,337,0.335999999999987,0.05637982195845697,2035.0,4.29,0.0
8724,0,187,-0.8139999999999998,0.058823529411764705,2035.1,4.29,0.0
8725,0,186,-0.8149999999999998,0.05913978494623656,2035.2,4.29,0.0
8726,0,179,-0.8219999999999998,0.055865921787709494,2035.3,4.29,0.0
8727,4,713,3.711999999999988,0.0546984572230014,2035.7,4.29,0.0
8728,2,456,1.4549999999999739,0.05701754385964912,2036.0,4.29,0.0
8729,2,462,1.4609999999999732,0.05627705627705628,2036.2,4.29,0.0
8730,2,446,1.444999999999975,0.05605381165919283,2036.4,4.29,0.0
8731,0,179,-0.8219999999999998,0.055865921787709494,2036.5,4.29,0.0
8732,3,579,2.5779999999999603,0.055267702936096716,2036.9,4.29,0.0
8733,3,588,2.5869999999999593,0.05612244897959184,2037.2,4.29,0.0
8734,1,313,0.3119999999999896,0.054313099041533544,2037.4,4.29,0.0
8735,2,446,1.444999999999975,0.05605381165919283,2037.6,4.29,0.0
8736,2,446,1.444999999999975,0.053811659192825115,2037.9,4.29,0.0
8737,1,337,0.335999999999987,0.05637982195845697,2038.0,4.29,0.0
8738,3,579,2.5779999999999603,0.055267702936096716,2038.3,4.29,0.0
8739,5,846,4.845000000000032,0.05555555555555555,2038.8,4.29,0.0
8740,8,1246,8.244999999999962,0.05537720706260032,2039.5,4.29,0.0
8741,3,579,2.5779999999999603,0.055267702936096716,2039.8,4.29,0.0
8742,0,179,-0.8219999999999998,0.055865921787709494,2039.9,4.29,0.0
8743,1,313,0.3119999999999896,0.054313099041533544,2040.1,4.29,0.0
8744,0,189,-0.8119999999999998,0.0582010582010582,2040.2,4.29,0.0
8745,2,448,1.4469999999999748,0.05580357142857143,2040.4,4.29,0.0
8746,5,846,4.845000000000032,0.05555555555555555,2040.9,4.29,0.0
8747,5,846,4.845000000000032,0.05555555555555555,2041.3,4.29,0.0
8748,0,184,-0.8169999999999998,0.059782608695652176,2041.4,4.29,0.0
8749,1,317,0.3159999999999892,0.056782334384858045,2041.6,4.29,0.0
8750,2,446,1.444999999999975,0.05605381165919283,2041.8,4.29,0.0
8751,4,730,3.728999999999994,0.056164383561643834,2042.2,4.29,0.0
8752,2,446,1.444999999999975,0.05605381165919283,2042.5,4.29,0.0
8753,4,713,3.711999999999988,0.0546984572230014,2042.9,4.29,0.0
8754,1,313,0.3119999999999896,0.054313099041533544,2043.0,4.29,0.0
8755,0,191,-0.8099999999999998,0.05759162303664921,2043.1,4.29,0.0
8756,4,713,3.711999999999988,0.056100981767180924,2043.5,4.29,0.0
8757,0,193,-0.8079999999999998,0.05699481865284974,2043.6,4.29,0.0
8758,0,179,-0.8219999999999998,0.055865921787709494,2043.7,4.29,0.0
8759,0,179,-0.8219999999999998,0.055865921787709494,2043.8,4.29,0.0
8760,1,337,0.335999999999987,0.05637982195845697,2044.0,4.29,0.0
8761,2,446,1.444999999999975,0.05605381165919283,2044.2,4.29,0.0
8762,2,446,1.444999999999975,0.05605381165919283,2044.5,4.29,0.0
8763,2,461,1.4599999999999733,0.05639913232104121,2044.7,4.29,0.0
8764,7,1113,7.112000000000036,0.055705300988319856,2045.3,4.29,0.0
8765,2,456,1.4549999999999739,0.05701754385964912,2045.5,4.29,0.0
8766,0,179,-0.8219999999999998,0.055865921787709494,2045.6,4.29,0.0
8767,1,315,0.3139999999999894,0.05714285714285714,2045.8,4.29,0.0
8768,6,979,5.978000000000075,0.056179775280898875,2046.3,4.29,0.0
8769,0,186,-0.8149999999999998,0.05913978494623656,2046.4,4.29,0.0
8770,3,579,2.5779999999999603,0.05699481865284974,2046.7,4.29,0.0
8771,2,446,1.444999999999975,0.053811659192825115,2047.0,4.29,0.0
8772,1,313,0.3119999999999896,0.05750798722044728,2047.1,4.29,0.0
8773,4,716,3.714999999999989,0.055865921787709494,2047.5,4.29,0.0
8774,0,196,-0.8049999999999998,0.05612244897959184,2047.6,4.29,0.0
8775,3,579,2.5779999999999603,0.055267702936096716,2047.9,4.29,0.0
8776,0,184,-0.8169999999999998,0.059782608695652176,2048.0,4.29,0.0
8777,0,179,-0.8219999999999998,0.055865921787709494,2048.1,4.29,0.0
8778,4,728,3.726999999999993,0.05631868131868132,2048.5,4.29,0.0
8779,4,713,3.711999999999988,0.056100981767180924,2048.9,4.29,0.0
8780,0,189,-0.8119999999999998,0.0582010582010582,2049.0,4.29,0.0
8781,2,464,1.462999999999973,0.05603448275862069,2049.2,4.29,0.0
8782,3,609,2.607999999999957,0.05582922824302135,2049.5,4.29,0.0
8783,1,313,0.3119999999999896,0.054313099041533544,2049.7,4.29,0.0
8784,4,736,3.734999999999996,0.05570652173913043,2050.3,4.28,0.0
8785,0,190,-0.8109999999999998,0.05789473684210526,2050.5,4.28,0.0
8786,0,191,-0.8099999999999998,0.05759162303664921,2050.6,4.29,0.0
8787,2,447,1.4459999999999749,0.05592841163310962,2051.0,4.28,0.0
8788,2,446,1.444999999999975,0.05605381165919283,2051.4,4.28,0.0
8789,2,446,1.444999999999975,0.053811659192825115,2051.8,4.28,0.0
8790,1,313,0.3119999999999896,0.054313099041533544,2052.1,4.28,0.0
8791,2,446,1.444999999999975,0.05605381165919283,2052.5,4.28,0.0
8792,0,179,-0.8219999999999998,0.055865921787709494,2052.7,4.28,0.0
8793,2,461,1.4599999999999733,0.05639913232104121,2053.1,4.28,0.0
8794,1,335,0.3339999999999872,0.056716417910447764,2053.4,4.28,0.0
8795,0,179,-0.8219999999999998,0.055865921787709494,2053.6,4.28,0.0
8796,10,1513,10.511999999999814,0.05551883674818242,2055.0,4.28,0.0
8797,0,189,-0.8119999999999998,0.0582010582010582,2055.2,4.28,0.0
8798,1,313,0.3119999999999896,0.054313099041533544,2055.4,4.28,0.0
8799,0,194,-0.8069999999999998,0.05670103092783505,2055.6,4.28,0.0
8800,4,620,3.618999999999957,0.056451612903225805,2056.2,4.28,0.0
8801,1,339,0.33799999999998676,0.05604719764011799,2056.5,4.28,0.0
8802,2,446,1.444999999999975,0.05605381165919283,2056.9,4.28,0.0
8803,2,446,1.444999999999975,0.05605381165919283,2057.3,4.28,0.0
8804,0,185,-0.8159999999999998,0.05945945945945946,2057.4,4.28,0.0
8805,1,221,0.21999999999999975,0.058823529411764705,2057.6,4.28,0.0
8806,2,466,1.4649999999999728,0.055793991416309016,2058.1,4.28,0.0
8807,1,313,0.3119999999999896,0.054313099041533544,2058.4,4.28,0.0
8808,2,446,1.444999999999975,0.053811659192825115,2058.8,4.28,0.0
8809,3,592,2.590999999999959,0.05574324324324324,2059.3,4.28,0.0
8810,1,313,0.3119999999999896,0.054313099041533544,2059.6,4.28,0.0
8811,1,338,0.33699999999998687,0.05621301775147929,2059.9,4.28,0.0
8812,2,463,1.461999999999973,0.056155507559395246,2060.3,4.28,0.0
8813,3,609,2.607999999999957,0.05582922824302135,2060.8,4.28,0.0
8814,4,713,3.711999999999988,0.056100981767180924,2061.5,4.28,0.0
8815,0,190,-0.8109999999999998,0.05789473684210526,2061.7,4.28,0.0
8816,0,179,-0.8219999999999998,0.055865921787709494,2061.8,4.28,0.0
8817,5,846,4.845000000000032,0.05555555555555555,2062.6,4.28,0.0
8818,2,446,1.444999999999975,0.05605381165919283,2063.0,4.27,0.0
8819,3,579,2.5779999999999603,0.055267702936096716,2063.6,4.27,0.0
8820,5,846,4.845000000000032,0.05555555555555555,2064.3,4.27,0.0
8821,5,846,4.845000000000032,0.05555555555555555,2065.1,4.27,0.0
8822,6,979,5.978000000000075,0.05515832482124617,2066.0,4.27,0.0
8823,3,581,2.57999999999996,0.05679862306368331,2066.5,4.27,0.0
8824,3,579,2.5779999999999603,0.055267702936096716,2067.1,4.27,0.0
8825,2,458,1.4569999999999736,0.056768558951965066,2067.5,4.27,0.0
8826,1,323,0.3219999999999885,0.05572755417956656,2067.8,4.27,0.0
8827,5,846,4.845000000000032,0.05555555555555555,2068.6,4.27,0.0
8828,0,191,-0.8099999999999998,0.05759162303664921,2068.8,4.27,0.0
8829,3,579,2.5779999999999603,0.05699481865284974,2069.3,4.27,0.0
8830,2,446,1.444999999999975,0.05605381165919283,2069.7,4.27,0.0
8831,1,313,0.3119999999999896,0.054313099041533544,2070.0,4.27,0.0
8832,3,579,2.5779999999999603,0.055267702936096716,2070.6,4.27,0.0
8833,0,179,-0.8219999999999998,0.055865921787709494,2070.8,4.27,0.0
8834,3,579,2.5779999999999603,0.055267702936096716,2071.3,4.27,0.0
8835,0,179,-0.8219999999999998,0.055865921787709494,2071.5,4.27,0.0
8836,1,320,0.31899999999998885,0.05625,2071.8,4.27,0.0
8837,0,179,-0.8219999999999998,0.055865921787709494,2072.0,4.27,0.0
8838,0,192,-0.8089999999999998,0.057291666666666664,2072.2,4.27,0.0
8839,5,846,4.845000000000032,0.05555555555555555,2073.0,4.26,0.0
8840,0,179,-0.8219999999999998,0.055865921787709494,2073.1,4.26,0.0
8841,0,179,-0.8219999999999998,0.055865921787709494,2073.3,4.26,0.0
8842,2,459,1.4579999999999735,0.05664488017429194,2073.8,4.26,0.0
8843,3,579,2.5779999999999603,0.055267702936096716,2074.3,4.26,0.0
8844,0,179,-0.8219999999999998,0.055865921787709494,2074.5,4.26,0.0
8845,5,846,4.845000000000032,0.05555555555555555,2075.3,4.26,0.0
8846,4,713,3.711999999999988,0.056100981767180924,2075.9,4.26,0.0
8847,2,446,1.444999999999975,0.053811659192825115,2076.3,4.26,0.0
8848,0,179,-0.8219999999999998,0.055865921787709494,2076.5,4.26,0.0
8849,2,455,1.453999999999974,0.05714285714285714,2076.9,4.26,0.0
8850,3,579,2.5779999999999603,0.055267702936096716,2077.4,4.26,0.0
8851,3,589,2.587999999999959,0.05602716468590832,2078.0,4.26,0.0
8852,2,466,1.4649999999999728,0.055793991416309016,2078.4,4.26,0.0
8853,3,579,2.5779999999999603,0.055267702936096716,2078.9,4.26,0.0
8854,0,179,-0.8219999999999998,0.055865921787709494,2079.0,4.26,0.0
8855,6,979,5.978000000000075,0.05515832482124617,2079.9,4.26,0.0
8856,1,313,0.3119999999999896,0.054313099041533544,2080.2,4.26,0.0
8857,1,313,0.3119999999999896,0.05750798722044728,2080.5,4.26,0.0
8858,2,446,1.444999999999975,0.05605381165919283,2080.9,4.26,0.0
8859,0,179,-0.8219999999999998,0.055865921787709494,2081.0,4.26,0.0
8860,4,714,3.7129999999999885,0.056022408963585436,2081.7,4.26,0.0
8861,1,313,0.3119999999999896,0.054313099041533544,2082.0,4.26,0.0
8862,2,447,1.4459999999999749,0.05592841163310962,2082.4,4.26,0.0
8863,3,579,2.5779999999999603,0.055267702936096716,2082.9,4.26,0.0
8864,0,179,-0.8219999999999998,0.055865921787709494,2083.1,4.26,0.0
8865,2,453,1.4519999999999742,0.05739514348785872,2083.5,4.26,0.0
8866,2,446,1.444999999999975,0.05605381165919283,2083.9,4.25,0.0
8867,2,446,1.444999999999975,0.05605381165919283,2084.3,4.25,0.0
8868,3,579,2.5779999999999603,0.055267702936096716,2084.8,4.25,0.0
8869,2,477,1.4759999999999716,0.05660377358490566,2085.3,4.25,0.0
8870,2,476,1.4749999999999717,0.05672268907563025,2085.7,4.25,0.0
8871,2,446,1.444999999999975,0.05605381165919283,2086.1,4.25,0.0
8872,0,179,-0.8219999999999998,0.055865921787709494,2086.2,4.25,0.0
8873,3,579,2.5779999999999603,0.055267702936096716,2086.7,4.25,0.0
8874,3,579,2.5779999999999603,0.055267702936096716,2087.3,4.25,0.0
8875,4,713,3.711999999999988,0.056100981767180924,2087.9,4.25,0.0
8876,2,446,1.444999999999975,0.05605381165919283,2088.3,4.25,0.0
8877,1,313,0.3119999999999896,0.054313099041533544,2088.6,4.25,0.0
8878,0,191,-0.8099999999999998,0.05759162303664921,2088.7,4.25,0.0
8879,0,179,-0.8219999999999998,0.055865921787709494,2088.9,4.25,0.0
8880,1,321,0.31999999999998874,0.056074766355140186,2089.2,4.25,0.0
8881,1,339,0.33799999999998676,0.05604719764011799,2089.5,4.25,0.0
8882,2,446,1.444999999999975,0.05605381165919283,2089.9,4.25,0.0
8883,1,313,0.3119999999999896,0.05750798722044728,2090.2,4.25,0.0
8884,0,188,-0.8129999999999998,0.05851063829787234,2090.4,4.25,0.0
8885,0,191,-0.8099999999999998,0.05759162303664921,2090.5,4.25,0.0
8886,2,446,1.444999999999975,0.05605381165919283,2090.9,4.25,0.0
8887,0,179,-0.8219999999999998,0.055865921787709494,2091.1,4.25,0.0
8888,0,186,-0.8149999999999998,0.05913978494623656,2091.3,4.25,0.0
8889,3,581,2.57999999999996,0.05679862306368331,2091.8,4.25,0.0
8890,0,179,-0.8219999999999998,0.055865921787709494,2091.9,4.25,0.0
8891,0,184,-0.8169999999999998,0.059782608695652176,2092.1,4.25,0.0
8892,5,851,4.850000000000033,0.0564042303172738,2092.9,4.25,0.0
8893,0,179,-0.8219999999999998,0.055865921787709494,2093.0,4.25,0.0
8894,2,446,1.444999999999975,0.05605381165919283,2093.4,4.25,0.0
8895,1,313,0.3119999999999896,0.05750798722044728,2093.7,4.25,0.0
8896,2,446,1.444999999999975,0.05605381165919283,2094.1,4.25,0.0
8897,1,313,0.3119999999999896,0.054313099041533544,2094.4,4.25,0.0
8898,2,446,1.444999999999975,0.05605381165919283,2094.8,4.25,0.0
8899,2,446,1.444999999999975,0.05605381165919283,2095.2,4.25,0.0
8900,3,579,2.5779999999999603,0.055267702936096716,2095.7,4.25,0.0
8901,0,187,-0.8139999999999998,0.058823529411764705,2095.9,4.25,0.0
8902,4,713,3.711999999999988,0.0546984572230014,2096.5,4.25,0.0
8903,2,460,1.4589999999999734,0.05652173913043478,2097.0,4.25,0.0
8904,1,313,0.3119999999999896,0.054313099041533544,2097.2,4.25,0.0
8905,3,585,2.5839999999999597,0.05641025641025641,2097.8,4.25,0.0
8906,0,179,-0.8219999999999998,0.055865921787709494,2097.9,4.25,0.0
8907,0,179,-0.8219999999999998,0.055865921787709494,2098.1,4.25,0.0
8908,1,316,0.3149999999999893,0.056962025316455694,2098.4,4.25,0.0
8909,3,591,2.589999999999959,0.05583756345177665,2098.9,4.25,0.0
8910,0,179,-0.8219999999999998,0.055865921787709494,2099.1,4.25,0.0
8911,2,446,1.444999999999975,0.05605381165919283,2099.5,4.24,0.0
8912,2,456,1.4549999999999739,0.05701754385964912,2099.9,4.24,0.0
8913,1,313,0.3119999999999896,0.054313099041533544,2100.2,4.24,0.0
8914,1,322,0.32099999999998863,0.055900621118012424,2100.5,4.24,0.0
8915,3,586,2.5849999999999596,0.05631399317406143,2101.0,4.24,0.0
8916,0,179,-0.8219999999999998,0.055865921787709494,2101.1,4.24,0.0
8917,1,313,0.3119999999999896,0.054313099041533544,2101.4,4.24,0.0
8918,1,313,0.3119999999999896,0.054313099041533544,2101.7,4.24,0.0
8919,2,446,1.444999999999975,0.05605381165919283,2102.1,4.24,0.0
8920,2,446,1.444999999999975,0.05605381165919283,2102.5,4.24,0.0
8921,0,184,-0.8169999999999998,0.059782608695652176,2102.7,4.24,0.0
8922,2,446,1.444999999999975,0.05605381165919283,2103.0,4.24,0.0
8923,2,458,1.4569999999999736,0.056768558951965066,2103.4,4.24,0.0
8924,0,179,-0.8219999999999998,0.055865921787709494,2103.6,4.24,0.0
8925,0,179,-0.8219999999999998,0.055865921787709494,2103.7,4.24,0.0
8926,2,446,1.444999999999975,0.05605381165919283,2104.0,4.24,0.0
8927,0,187,-0.8139999999999998,0.058823529411764705,2104.1,4.24,0.0
8928,2,446,1.444999999999975,0.05605381165919283,2104.3,4.24,0.0
8929,2,456,1.4549999999999739,0.05701754385964912,2104.6,4.24,0.0
8930,6,979,5.978000000000075,0.05515832482124617,2105.1,4.24,0.0
8931,1,337,0.335999999999987,0.05637982195845697,2105.3,4.24,0.0
8932,0,189,-0.8119999999999998,0.0582010582010582,2105.4,4.24,0.0
8933,4,713,3.711999999999988,0.056100981767180924,2105.7,4.24,0.0
8934,5,846,4.845000000000032,0.05555555555555555,2106.2,4.24,0.0
8935,5,846,4.845000000000032,0.05555555555555555,2106.6,4.24,0.0
8936,2,446,1.444999999999975,0.05605381165919283,2106.9,4.24,0.0
8937,1,313,0.3119999999999896,0.054313099041533544,2107.0,4.24,0.0
8938,0,179,-0.8219999999999998,0.055865921787709494,2107.1,4.24,0.0
8939,0,179,-0.8219999999999998,0.055865921787709494,2107.2,4.24,0.0
8940,0,192,-0.8089999999999998,0.057291666666666664,2107.3,4.24,0.0
8941,6,979,5.978000000000075,0.056179775280898875,2107.8,4.24,0.0
8942,2,463,1.461999999999973,0.056155507559395246,2108.1,4.24,0.0
8943,1,313,0.3119999999999896,0.05750798722044728,2108.3,4.24,0.0
8944,0,179,-0.8219999999999998,0.055865921787709494,2108.4,4.24,0.0
8945,4,713,3.711999999999988,0.0546984572230014,2108.7,4.24,0.0
8946,2,481,1.4799999999999711,0.056133056133056136,2109.0,4.24,0.0
8947,3,583,2.58199999999996,0.05660377358490566,2109.3,4.24,0.0
8948,1,317,0.3159999999999892,0.056782334384858045,2109.5,4.24,0.0
8949,2,446,1.444999999999975,0.05605381165919283,2109.7,4.24,0.0
8950,1,313,0.3119999999999896,0.054313099041533544,2109.9,4.24,0.0
8951,3,579,2.5779999999999603,0.055267702936096716,2110.2,4.24,0.0
8952,1,320,0.31899999999998885,0.05625,2110.4,4.24,0.0
8953,0,179,-0.8219999999999998,0.055865921787709494,2110.4,4.24,0.0
8954,1,313,0.3119999999999896,0.054313099041533544,2110.6,4.24,0.0
8955,2,446,1.444999999999975,0.05605381165919283,2110.8,4.24,0.0
8956,0,182,-0.8189999999999998,0.06043956043956044,2110.9,4.24,0.0
8957,1,313,0.3119999999999896,0.05750798722044728,2111.1,4.24,0.0
8958,0,193,-0.8079999999999998,0.05699481865284974,2111.2,4.24,0.0
8959,1,313,0.3119999999999896,0.05750798722044728,2111.4,4.24,0.0
8960,2,461,1.4599999999999733,0.05639913232104121,2111.6,4.24,0.0
8961,2,459,1.4579999999999735,0.05664488017429194,2111.9,4.24,0.0
8962,3,609,2.607999999999957,0.05582922824302135,2112.2,4.24,0.0
8963,1,313,0.3119999999999896,0.054313099041533544,2112.4,4.24,0.0
8964,1,313,0.3119999999999896,0.05750798722044728,2112.5,4.24,0.0
8965,2,457,1.4559999999999738,0.05689277899343545,2112.8,4.24,0.0
8966,1,313,0.3119999999999896,0.05750798722044728,2112.9,4.24,0.0
8967,1,313,0.3119999999999896,0.054313099041533544,2113.1,4.24,0.0
8968,3,579,2.5779999999999603,0.055267702936096716,2113.4,4.24,0.0
8969,3,579,2.5779999999999603,0.055267702936096716,2113.7,4.24,0.0
8970,4,731,3.729999999999994,0.0560875512995896,2114.1,4.24,0.0
8971,2,446,1.444999999999975,0.05605381165919283,2114.3,4.24,0.0
8972,1,313,0.3119999999999896,0.054313099041533544,2114.5,4.24,0.0
8973,3,579,2.5779999999999603,0.055267702936096716,2114.8,4.24,0.0
8974,1,337,0.335999999999987,0.05637982195845697,2115.0,4.24,0.0
8975,0,182,-0.8189999999999998,0.06043956043956044,2115.1,4.24,0.0
8976,6,979,5.978000000000075,0.05515832482124617,2115.7,4.24,0.0
8977,5,846,4.845000000000032,0.05555555555555555,2116.1,4.24,0.0
8978,7,1113,7.112000000000036,0.055705300988319856,2116.7,4.24,0.0
8979,1,313,0.3119999999999896,0.05750798722044728,2116.9,4.24,0.0
8980,1,315,0.3139999999999894,0.05714285714285714,2117.1,4.24,0.0
8981,3,584,2.5829999999999598,0.05650684931506849,2117.4,4.24,0.0
8982,0,187,-0.8139999999999998,0.058823529411764705,2117.5,4.24,0.0
8983,1,313,0.3119999999999896,0.054313099041533544,2117.7,4.24,0.0
8984,2,456,1.4549999999999739,0.05701754385964912,2118.0,4.24,0.0
8985,3,584,2.5829999999999598,0.05650684931506849,2118.3,4.24,0.0
8986,0,179,-0.8219999999999998,0.055865921787709494,2118.4,4.24,0.0
8987,2,452,1.4509999999999743,0.05752212389380531,2118.6,4.24,0.0
8988,0,179,-0.8219999999999998,0.055865921787709494,2118.7,4.24,0.0
8989,6,1007,6.006000000000085,0.05561072492552135,2119.2,4.24,0.0
8990,0,179,-0.8219999999999998,0.055865921787709494,2119.3,4.24,0.0
8991,4,727,3.725999999999993,0.05639614855570839,2119.7,4.24,0.0
8992,6,979,5.978000000000075,0.05515832482124617,2120.2,4.24,0.0
8993,3,588,2.5869999999999593,0.05612244897959184,2120.8,4.24,0.0
8994,4,713,3.711999999999988,0.056100981767180924,2121.5,4.24,0.0
8995,8,1246,8.244999999999962,0.05537720706260032,2122.6,4.24,0.0
8996,1,313,0.3119999999999896,0.05750798722044728,2123.0,4.24,0.0
8997,0,179,-0.8219999999999998,0.055865921787709494,2123.1,4.24,0.0
8998,2,458,1.4569999999999736,0.056768558951965066,2123.6,4.24,0.0
8999,1,313,0.3119999999999896,0.054313099041533544,2123.8,4.24,0.0
9000,1,338,0.33699999999998687,0.05621301775147929,2124.1,4.24,0.0
9001,13,1939,13.937999999999578,0.0556988138215575,2131.2,4.22,0.0
9002,1,313,0.3119999999999896,0.05750798722044728,2131.5,4.22,0.0
9003,1,313,0.3119999999999896,0.054313099041533544,2131.7,4.22,0.0
9004,3,579,2.5779999999999603,0.055267702936096716,2132.4,4.22,0.0
9005,0,187,-0.8139999999999998,0.058823529411764705,2132.6,4.22,0.0
9006,2,446,1.444999999999975,0.05605381165919283,2132.8,4.22,0.0
9007,2,446,1.444999999999975,0.05605381165919283,2133.0,4.22,0.0
9008,0,179,-0.8219999999999998,0.055865921787709494,2133.2,4.22,0.0
9009,0,179,-0.8219999999999998,0.055865921787709494,2133.3,4.22,0.0
9010,1,313,0.3119999999999896,0.05750798722044728,2133.4,4.22,0.0
9011,1,313,0.3119999999999896,0.05750798722044728,2133.6,4.22,0.0
9012,0,183,-0.8179999999999998,0.060109289617486336,2133.7,4.22,0.0
9013,0,189,-0.8119999999999998,0.0582010582010582,2133.8,4.22,0.0
9014,1,313,0.3119999999999896,0.054313099041533544,2134.0,4.22,0.0
9015,0,179,-0.8219999999999998,0.055865921787709494,2134.1,4.22,0.0
9016,0,182,-0.8189999999999998,0.06043956043956044,2134.2,4.23,0.0
9017,6,979,5.978000000000075,0.05515832482124617,2134.7,4.22,0.0
9018,2,458,1.4569999999999736,0.056768558951965066,2135.0,4.22,0.0
9019,0,179,-0.8219999999999998,0.055865921787709494,2135.1,4.22,0.0
9020,3,580,2.57899999999996,0.056896551724137934,2135.5,4.22,0.0
9021,6,1005,6.004000000000084,0.05572139303482587,2136.1,4.22,0.0
9022,1,313,0.3119999999999896,0.054313099041533544,2136.3,4.22,0.0
9023,3,579,2.5779999999999603,0.055267702936096716,2136.6,4.22,0.0
9024,0,186,-0.8149999999999998,0.05913978494623656,2136.7,4.22,0.0
9025,1,313,0.3119999999999896,0.05750798722044728,2136.9,4.22,0.0
9026,3,579,2.5779999999999603,0.05699481865284974,2137.2,4.22,0.0
9027,4,713,3.711999999999988,0.0546984572230014,2137.6,4.22,0.0
9028,12,1779,12.777999999999667,0.05564924114671164,2138.5,4.22,0.0
9029,1,313,0.3119999999999896,0.05750798722044728,2138.7,4.22,0.0
9030,0,197,-0.8039999999999998,0.05583756345177665,2138.8,4.22,0.0
9031,3,579,2.5779999999999603,0.055267702936096716,2139.1,4.22,0.0
9032,1,313,0.3119999999999896,0.05750798722044728,2139.3,4.22,0.0
9033,4,713,3.711999999999988,0.0546984572230014,2139.7,4.22,0.0
9034,6,988,5.987000000000078,0.05566801619433198,2140.3,4.22,0.0
9035,1,313,0.3119999999999896,0.05750798722044728,2140.4,4.22,0.0
9036,0,179,-0.8219999999999998,0.055865921787709494,2140.5,4.22,0.0
9037,4,713,3.711999999999988,0.056100981767180924,2140.9,4.22,0.0
9038,3,587,2.5859999999999594,0.056218057921635436,2141.2,4.22,0.0
9039,2,460,1.4589999999999734,0.05652173913043478,2141.5,4.22,0.0
9040,8,1246,8.244999999999962,0.05537720706260032,2142.1,4.22,0.0
9041,0,179,-0.8219999999999998,0.055865921787709494,2142.2,4.22,0.0
9042,3,579,2.5779999999999603,0.055267702936096716,2142.5,4.22,0.0
9043,0,183,-0.8179999999999998,0.060109289617486336,2142.6,4.22,0.0
9044,4,713,3.711999999999988,0.0546984572230014,2143.0,4.22,0.0
9045,3,579,2.5779999999999603,0.055267702936096716,2143.4,4.22,0.0
9046,2,459,1.4579999999999735,0.05664488017429194,2143.6,4.22,0.0
9047,3,579,2.5779999999999603,0.05699481865284974,2143.9,4.22,0.0
9048,0,179,-0.8219999999999998,0.055865921787709494,2144.0,4.22,0.0
9049,0,182,-0.8189999999999998,0.06043956043956044,2144.1,4.22,0.0
9050,3,579,2.5779999999999603,0.055267702936096716,2144.4,4.22,0.0
9051,2,446,1.444999999999975,0.05605381165919283,2144.6,4.22,0.0
9052,5,846,4.845000000000032,0.05555555555555555,2145.1,4.22,0.0
9053,1,313,0.3119999999999896,0.054313099041533544,2145.3,4.22,0.0
9054,3,589,2.587999999999959,0.05602716468590832,2145.6,4.22,0.0
9055,0,184,-0.8169999999999998,0.059782608695652176,2145.7,4.22,0.0
9056,1,313,0.3119999999999896,0.054313099041533544,2145.9,4.22,0.0
9057,1,313,0.3119999999999896,0.054313099041533544,2146.0,4.22,0.0
9058,0,179,-0.8219999999999998,0.055865921787709494,2146.2,4.22,0.0
9059,2,446,1.444999999999975,0.05605381165919283,2146.4,4.22,0.0
9060,3,579,2.5779999999999603,0.055267702936096716,2146.7,4.22,0.0
9061,1,313,0.3119999999999896,0.054313099041533544,2146.9,4.22,0.0
9062,2,465,1.4639999999999729,0.05591397849462366,2147.2,4.22,0.0
9063,4,735,3.7339999999999955,0.055782312925170066,2147.6,4.22,0.0
9064,0,183,-0.8179999999999998,0.060109289617486336,2147.7,4.22,0.0
9065,1,313,0.3119999999999896,0.05750798722044728,2147.8,4.22,0.0
9066,2,446,1.444999999999975,0.05605381165919283,2148.1,4.22,0.0
9067,1,320,0.31899999999998885,0.05625,2148.2,4.22,0.0
9068,0,179,-0.8219999999999998,0.055865921787709494,2148.3,4.22,0.0
9069,0,188,-0.8129999999999998,0.05851063829787234,2148.5,4.22,0.0
9070,3,579,2.5779999999999603,0.055267702936096716,2148.8,4.22,0.0
9071,1,313,0.3119999999999896,0.054313099041533544,2149.0,4.22,0.0
9072,1,313,0.3119999999999896,0.05750798722044728,2149.1,4.22,0.0
9073,1,317,0.3159999999999892,0.056782334384858045,2149.3,4.22,0.0
9074,2,465,1.4639999999999729,0.05591397849462366,2149.6,4.22,0.0
9075,0,179,-0.8219999999999998,0.055865921787709494,2149.7,4.22,0.0
9076,0,179,-0.8219999999999998,0.055865921787709494,2149.7,4.22,0.0
9077,5,851,4.850000000000033,0.0564042303172738,2150.2,4.22,0.0
9078,2,446,1.444999999999975,0.053811659192825115,2150.4,4.22,0.0
9079,1,313,0.3119999999999896,0.054313099041533544,2150.6,4.22,0.0
9080,5,846,4.845000000000032,0.05555555555555555,2151.1,4.22,0.0
9081,2,464,1.462999999999973,0.05603448275862069,2151.3,4.22,0.0
9082,1,313,0.3119999999999896,0.05750798722044728,2151.5,4.22,0.0
9083,0,179,-0.8219999999999998,0.055865921787709494,2151.6,4.22,0.0
9084,7,1118,7.117000000000033,0.05635062611806798,2152.2,4.22,0.0
9085,0,179,-0.8219999999999998,0.055865921787709494,2152.3,4.22,0.0
9086,0,183,-0.8179999999999998,0.060109289617486336,2152.4,4.22,0.0
9087,1,313,0.3119999999999896,0.05750798722044728,2152.6,4.22,0.0
9088,2,462,1.4609999999999732,0.05627705627705628,2152.8,4.22,0.0
9089,6,1002,6.001000000000083,0.05588822355289421,2153.3,4.22,0.0
9090,0,186,-0.8149999999999998,0.05913978494623656,2153.4,4.22,0.0
9091,2,481,1.4799999999999711,0.056133056133056136,2153.7,4.22,0.0
9092,7,1113,7.112000000000036,0.055705300988319856,2154.3,4.22,0.0
9093,3,610,2.608999999999957,0.05573770491803279,2154.6,4.22,0.0
9094,5,846,4.845000000000032,0.05555555555555555,2155.1,4.22,0.0
9095,0,179,-0.8219999999999998,0.055865921787709494,2155.2,4.22,0.0
9096,1,313,0.3119999999999896,0.054313099041533544,2155.4,4.22,0.0
9097,2,482,1.480999999999971,0.056016597510373446,2155.6,4.22,0.0
9098,5,846,4.845000000000032,0.05555555555555555,2156.1,4.22,0.0
9099,2,446,1.444999999999975,0.05605381165919283,2156.3,4.22,0.0
9100,1,321,0.31999999999998874,0.056074766355140186,2156.5,4.22,0.0
9101,4,749,3.748,0.056074766355140186,2156.9,4.22,0.0
9102,2,446,1.444999999999975,0.05605381165919283,2157.2,4.22,0.0
9103,3,579,2.5779999999999603,0.055267702936096716,2157.5,4.22,0.0
9104,0,183,-0.8179999999999998,0.060109289617486336,2157.6,4.22,0.0
9105,0,179,-0.8219999999999998,0.055865921787709494,2157.7,4.22,0.0
9106,0,179,-0.8219999999999998,0.055865921787709494,2157.8,4.22,0.0
9107,5,846,4.845000000000032,0.05555555555555555,2158.2,4.22,0.0
9108,3,579,2.5779999999999603,0.055267702936096716,2158.6,4.22,0.0
9109,1,313,0.3119999999999896,0.05750798722044728,2158.7,4.22,0.0
9110,2,446,1.444999999999975,0.05605381165919283,2159.0,4.22,0.0
9111,0,195,-0.8059999999999998,0.05641025641025641,2159.1,4.22,0.0
9112,8,1276,8.274999999999945,0.055642633228840124,2159.7,4.22,0.0
9113,5,846,4.845000000000032,0.05555555555555555,2160.2,4.22,0.0
9114,1,313,0.3119999999999896,0.054313099041533544,2160.4,4.22,0.0
9115,3,579,2.5779999999999603,0.055267702936096716,2160.7,4.22,0.0
9116,4,713,3.711999999999988,0.056100981767180924,2161.1,4.22,0.0
9117,3,579,2.5779999999999603,0.055267702936096716,2161.4,4.22,0.0
9118,2,463,1.461999999999973,0.056155507559395246,2161.6,4.22,0.0
9119,4,729,3.7279999999999935,0.056241426611796985,2162.0,4.22,0.0
9120,1,313,0.3119999999999896,0.05750798722044728,2162.2,4.22,0.0
9121,0,179,-0.8219999999999998,0.055865921787709494,2162.3,4.22,0.0
9122,1,313,0.3119999999999896,0.05750798722044728,2162.5,4.22,0.0
9123,0,179,-0.8219999999999998,0.055865921787709494,2162.6,4.22,0.0
9124,1,313,0.3119999999999896,0.054313099041533544,2162.8,4.22,0.0
9125,3,579,2.5779999999999603,0.05699481865284974,2163.1,4.22,0.0
9126,0,196,-0.8049999999999998,0.05612244897959184,2163.2,4.22,0.0
9127,9,1379,9.377999999999888,0.05511240029006526,2163.9,4.22,0.0
9128,1,313,0.3119999999999896,0.05750798722044728,2164.1,4.22,0.0
9129,0,179,-0.8219999999999998,0.055865921787709494,2164.2,4.22,0.0
9130,3,579,2.5779999999999603,0.055267702936096716,2164.5,4.22,0.0
9131,0,191,-0.8099999999999998,0.05759162303664921,2164.6,4.22,0.0
9132,6,979,5.978000000000075,0.05515832482124617,2165.1,4.22,0.0
9133,0,179,-0.8219999999999998,0.055865921787709494,2165.2,4.22,0.0
9134,2,447,1.4459999999999749,0.05592841163310962,2165.5,4.22,0.0
9135,2,462,1.4609999999999732,0.05627705627705628,2165.7,4.22,0.0
9136,3,579,2.5779999999999603,0.055267702936096716,2166.0,4.22,0.0
9137,1,314,0.3129999999999895,0.05732484076433121,2166.2,4.22,0.0
9138,4,717,3.7159999999999895,0.05578800557880056,2166.6,4.22,0.0
9139,3,590,2.588999999999959,0.05593220338983051,2166.9,4.22,0.0
9140,7,1113,7.112000000000036,0.055705300988319856,2167.5,4.22,0.0
9141,0,188,-0.8129999999999998,0.05851063829787234,2167.6,4.22,0.0
9142,0,179,-0.8219999999999998,0.055865921787709494,2167.7,4.22,0.0
9143,2,465,1.4639999999999729,0.05591397849462366,2167.9,4.22,0.0
9144,6,980,5.979000000000076,0.05612244897959184,2168.5,4.22,0.0
9145,1,339,0.33799999999998676,0.05604719764011799,2168.7,4.22,0.0
9146,1,335,0.3339999999999872,0.056716417910447764,2168.9,4.22,0.0
9147,1,313,0.3119999999999896,0.054313099041533544,2169.0,4.22,0.0
9148,2,446,1.444999999999975,0.05605381165919283,2169.3,4.22,0.0
9149,0,179,-0.8219999999999998,0.055865921787709494,2169.4,4.22,0.0
9150,1,313,0.3119999999999896,0.05750798722044728,2169.5,4.22,0.0
9151,7,1113,7.112000000000036,0.055705300988319856,2170.1,4.22,0.0
9152,0,186,-0.8149999999999998,0.05913978494623656,2170.2,4.22,0.0
9153,0,187,-0.8139999999999998,0.058823529411764705,2170.3,4.22,0.0
9154,3,579,2.5779999999999603,0.055267702936096716,2170.6,4.22,0.0
9155,2,454,1.452999999999974,0.05726872246696035,2170.9,4.22,0.0
9156,0,179,-0.8219999999999998,0.055865921787709494,2171.0,4.22,0.0
9157,0,179,-0.8219999999999998,0.055865921787709494,2171.1,4.22,0.0
9158,2,446,1.444999999999975,0.053811659192825115,2171.3,4.22,0.0
9159,0,184,-0.8169999999999998,0.059782608695652176,2171.4,4.22,0.0
9160,1,313,0.3119999999999896,0.054313099041533544,2171.6,4.22,0.0
9161,1,340,0.33899999999998665,0.05588235294117647,2171.8,4.22,0.0
9162,2,446,1.444999999999975,0.05605381165919283,2172.0,4.22,0.0
9163,0,179,-0.8219999999999998,0.055865921787709494,2172.1,4.22,0.0
9164,4,717,3.7159999999999895,0.05578800557880056,2172.5,4.22,0.0
9165,0,191,-0.8099999999999998,0.05759162303664921,2172.6,4.22,0.0
9166,0,179,-0.8219999999999998,0.055865921787709494,2172.7,4.22,0.0
9167,2,455,1.453999999999974,0.05714285714285714,2172.9,4.22,0.0
9168,3,579,2.5779999999999603,0.055267702936096716,2173.2,4.22,0.0
9169,1,321,0.31999999999998874,0.056074766355140186,2173.4,4.22,0.0
9170,2,457,1.4559999999999738,0.05689277899343545,2173.7,4.22,0.0
9171,1,313,0.3119999999999896,0.05750798722044728,2173.8,4.22,0.0
9172,4,713,3.711999999999988,0.056100981767180924,2174.2,4.22,0.0
9173,1,315,0.3139999999999894,0.05714285714285714,2174.4,4.22,0.0
9174,1,335,0.3339999999999872,0.056716417910447764,2174.6,4.22,0.0
9175,5,846,4.845000000000032,0.05555555555555555,2175.0,4.22,0.0
9176,3,585,2.5839999999999597,0.05641025641025641,2175.4,4.22,0.0
9177,0,179,-0.8219999999999998,0.055865921787709494,2175.4,4.22,0.0
9178,0,187,-0.8139999999999998,0.058823529411764705,2175.5,4.22,0.0
9179,0,185,-0.8159999999999998,0.05945945945945946,2175.6,4.22,0.0
9180,2,457,1.4559999999999738,0.05689277899343545,2175.9,4.22,0.0
9181,0,179,-0.8219999999999998,0.055865921787709494,2176.0,4.22,0.0
9182,1,322,0.32099999999998863,0.055900621118012424,2176.2,4.22,0.0
9183,0,179,-0.8219999999999998,0.05027932960893855,2176.3,4.22,0.0
9184,0,183,-0.8179999999999998,0.060109289617486336,2176.4,4.22,0.0
9185,0,187,-0.8139999999999998,0.058823529411764705,2176.5,4.22,0.0
9186,2,447,1.4459999999999749,0.05592841163310962,2176.7,4.22,0.0
9187,3,609,2.607999999999957,0.05582922824302135,2177.0,4.22,0.0
9188,3,579,2.5779999999999603,0.055267702936096716,2177.4,4.22,0.0
9189,1,322,0.32099999999998863,0.055900621118012424,2177.5,4.22,0.0
9190,0,179,-0.8219999999999998,0.055865921787709494,2177.6,4.22,0.0
9191,0,179,-0.8219999999999998,0.055865921787709494,2177.7,4.22,0.0
9192,1,322,0.32099999999998863,0.055900621118012424,2177.9,4.22,0.0
9193,3,579,2.5779999999999603,0.055267702936096716,2178.2,4.22,0.0
9194,0,189,-0.8119999999999998,0.0582010582010582,2178.3,4.22,0.0
9195,1,315,0.3139999999999894,0.05714285714285714,2178.5,4.22,0.0
9196,1,321,0.31999999999998874,0.056074766355140186,2178.7,4.22,0.0
9197,2,446,1.444999999999975,0.05605381165919283,2178.9,4.22,0.0
9198,1,313,0.3119999999999896,0.05750798722044728,2179.1,4.22,0.0
9199,3,579,2.5779999999999603,0.055267702936096716,2179.4,4.22,0.0
9200,3,579,2.5779999999999603,0.055267702936096716,2179.7,4.22,0.0
9201,0,179,-0.8219999999999998,0.055865921787709494,2179.8,4.22,0.0
9202,3,579,2.5779999999999603,0.055267702936096716,2180.1,4.22,0.0
9203,1,313,0.3119999999999896,0.05750798722044728,2180.3,4.22,0.0
9204,0,179,-0.8219999999999998,0.055865921787709494,2180.4,4.22,0.0
9205,3,585,2.5839999999999597,0.05641025641025641,2180.7,4.22,0.0
9206,2,465,1.4639999999999729,0.05591397849462366,2180.9,4.22,0.0
9207,0,179,-0.8219999999999998,0.055865921787709494,2181.0,4.22,0.0
9208,0,179,-0.8219999999999998,0.055865921787709494,2181.1,4.22,0.0
9209,0,179,-0.8219999999999998,0.055865921787709494,2181.2,4.22,0.0
9210,3,579,2.5779999999999603,0.05699481865284974,2181.5,4.22,0.0
9211,3,579,2.5779999999999603,0.055267702936096716,2181.8,4.22,0.0
9212,1,319,0.31799999999998896,0.05642633228840126,2182.0,4.22,0.0
9213,1,313,0.3119999999999896,0.05750798722044728,2182.2,4.22,0.0
9214,3,579,2.5779999999999603,0.055267702936096716,2182.5,4.22,0.0
9215,3,591,2.589999999999959,0.05583756345177665,2182.8,4.22,0.0
9216,0,185,-0.8159999999999998,0.05945945945945946,2182.9,4.22,0.0
9217,0,196,-0.8049999999999998,0.05612244897959184,2183.0,4.22,0.0
9218,5,859,4.858000000000036,0.05587892898719441,2183.5,4.22,0.0
9219,3,581,2.57999999999996,0.05679862306368331,2183.8,4.22,0.0
9220,1,313,0.3119999999999896,0.05750798722044728,2184.0,4.22,0.0
9221,0,210,-0.7909999999999998,0.05714285714285714,2184.1,4.22,0.0
9222,3,579,2.5779999999999603,0.055267702936096716,2184.5,4.22,0.0
9223,0,179,-0.8219999999999998,0.055865921787709494,2184.6,4.22,0.0
9224,4,713,3.711999999999988,0.0546984572230014,2185.0,4.22,0.0
9225,0,189,-0.8119999999999998,0.0582010582010582,2185.1,4.22,0.0
9226,5,846,4.845000000000032,0.05555555555555555,2185.5,4.22,0.0
9227,4,732,3.7309999999999945,0.056010928961748634,2185.9,4.22,0.0
9228,2,446,1.444999999999975,0.05605381165919283,2186.2,4.22,0.0
9229,3,593,2.591999999999959,0.05564924114671164,2186.5,4.22,0.0
9230,1,321,0.31999999999998874,0.056074766355140186,2186.7,4.22,0.0
9231,0,192,-0.8089999999999998,0.057291666666666664,2186.8,4.22,0.0
9232,4,713,3.711999999999988,0.0546984572230014,2187.2,4.22,0.0
9233,1,313,0.3119999999999896,0.05750798722044728,2187.3,4.22,0.0
9234,2,459,1.4579999999999735,0.05664488017429194,2187.6,4.22,0.0
9235,5,860,4.859000000000036,0.05581395348837209,2188.0,4.22,0.0
9236,1,313,0.3119999999999896,0.05750798722044728,2188.2,4.22,0.0
9237,10,1513,10.511999999999814,0.05551883674818242,2189.0,4.22,0.0
9238,4,619,3.617999999999957,0.05654281098546042,2189.4,4.22,0.0
9239,0,179,-0.8219999999999998,0.055865921787709494,2189.5,4.22,0.0
9240,3,579,2.5779999999999603,0.055267702936096716,2189.8,4.22,0.0
9241,0,179,-0.8219999999999998,0.055865921787709494,2189.9,4.22,0.0
9242,4,713,3.711999999999988,0.056100981767180924,2190.3,4.22,0.0
9243,1,313,0.3119999999999896,0.054313099041533544,2190.4,4.22,0.0
9244,0,179,-0.8219999999999998,0.055865921787709494,2190.5,4.22,0.0
9245,2,482,1.480999999999971,0.056016597510373446,2190.8,4.22,0.0
9246,1,313,0.3119999999999896,0.054313099041533544,2191.0,4.22,0.0
9247,5,846,4.845000000000032,0.05555555555555555,2191.4,4.22,0.0
9248,1,313,0.3119999999999896,0.054313099041533544,2191.6,4.22,0.0
9249,2,459,1.4579999999999735,0.05664488017429194,2191.8,4.22,0.0
9250,0,179,-0.8219999999999998,0.055865921787709494,2191.9,4.22,0.0
9251,4,713,3.711999999999988,0.056100981767180924,2192.3,4.22,0.0
9252,0,179,-0.8219999999999998,0.055865921787709494,2192.4,4.22,0.0
9253,5,857,4.856000000000035,0.056009334889148193,2192.8,4.22,0.0
9254,0,187,-0.8139999999999998,0.058823529411764705,2192.9,4.22,0.0
9255,0,179,-0.8219999999999998,0.055865921787709494,2193.0,4.22,0.0
9256,2,446,1.444999999999975,0.05605381165919283,2193.3,4.22,0.0
9257,0,179,-0.8219999999999998,0.055865921787709494,2193.4,4.22,0.0
9258,1,313,0.3119999999999896,0.05750798722044728,2193.6,4.22,0.0
9259,2,446,1.444999999999975,0.05605381165919283,2193.8,4.22,0.0
9260,2,446,1.444999999999975,0.05605381165919283,2194.0,4.22,0.0
9261,0,179,-0.8219999999999998,0.055865921787709494,2194.1,4.22,0.0
9262,2,452,1.4509999999999743,0.05752212389380531,2194.4,4.22,0.0
9263,2,459,1.4579999999999735,0.05664488017429194,2194.6,4.22,0.0
9264,0,195,-0.8059999999999998,0.05641025641025641,2194.7,4.22,0.0
9265,7,1113,7.112000000000036,0.05480682839173405,2195.3,4.22,0.0
9266,0,188,-0.8129999999999998,0.05851063829787234,2195.4,4.22,0.0
9267,4,713,3.711999999999988,0.0546984572230014,2195.8,4.22,0.0
9268,1,338,0.33699999999998687,0.05621301775147929,2196.0,4.22,0.0
9269,0,191,-0.8099999999999998,0.05759162303664921,2196.1,4.22,0.0
9270,1,313,0.3119999999999896,0.054313099041533544,2196.3,4.22,0.0
9271,3,581,2.57999999999996,0.05679862306368331,2196.6,4.22,0.0
9272,1,336,0.3349999999999871,0.05654761904761905,2196.8,4.22,0.0
9273,0,189,-0.8119999999999998,0.0582010582010582,2196.9,4.22,0.0
9274,1,313,0.3119999999999896,0.05750798722044728,2197.0,4.22,0.0
9275,0,183,-0.8179999999999998,0.060109289617486336,2197.1,4.22,0.0
9276,0,179,-0.8219999999999998,0.055865921787709494,2197.2,4.22,0.0
9277,4,727,3.725999999999993,0.05639614855570839,2197.6,4.22,0.0
9278,2,446,1.444999999999975,0.05605381165919283,2197.9,4.22,0.0
9279,6,981,5.980000000000076,0.05606523955147808,2198.4,4.22,0.0
9280,0,179,-0.8219999999999998,0.055865921787709494,2198.5,4.22,0.0
9281,2,446,1.444999999999975,0.053811659192825115,2198.7,4.22,0.0
9282,2,446,1.444999999999975,0.05605381165919283,2199.0,4.22,0.0
9283,0,191,-0.8099999999999998,0.05759162303664921,2199.1,4.22,0.0
9284,2,458,1.4569999999999736,0.056768558951965066,2199.3,4.22,0.0
9285,0,183,-0.8179999999999998,0.060109289617486336,2199.4,4.22,0.0
9286,2,446,1.444999999999975,0.05605381165919283,2199.6,4.22,0.0
9287,1,313,0.3119999999999896,0.05750798722044728,2199.8,4.22,0.0
9288,5,850,4.849000000000033,0.05647058823529412,2200.3,4.22,0.0
9289,1,313,0.3119999999999896,0.054313099041533544,2200.4,4.22,0.0
9290,0,185,-0.8159999999999998,0.05945945945945946,2200.5,4.22,0.0
9291,3,579,2.5779999999999603,0.055267702936096716,2200.9,4.22,0.0
9292,0,188,-0.8129999999999998,0.05851063829787234,2201.0,4.22,0.0
9293,1,313,0.3119999999999896,0.05750798722044728,2201.1,4.22,0.0
9294,2,446,1.444999999999975,0.05605381165919283,2201.4,4.22,0.0
9295,0,191,-0.8099999999999998,0.05759162303664921,2201.5,4.22,0.0
9296,2,446,1.444999999999975,0.05605381165919283,2201.7,4.22,0.0
9297,5,853,4.852000000000034,0.05627198124267292,2202.2,4.22,0.0
9298,0,195,-0.8059999999999998,0.05641025641025641,2202.3,4.22,0.0
9299,6,979,5.978000000000075,0.05515832482124617,2202.8,4.22,0.0
9300,8,1246,8.244999999999962,0.05537720706260032,2203.5,4.22,0.0
9301,1,323,0.3219999999999885,0.05572755417956656,2203.6,4.22,0.0
9302,0,179,-0.8219999999999998,0.055865921787709494,2203.7,4.22,0.0
9303,0,191,-0.8099999999999998,0.05759162303664921,2203.8,4.22,0.0
9304,4,725,3.723999999999992,0.05655172413793103,2204.2,4.22,0.0
9305,2,446,1.444999999999975,0.053811659192825115,2204.5,4.22,0.0
9306,1,313,0.3119999999999896,0.054313099041533544,2204.6,4.22,0.0
9307,0,179,-0.8219999999999998,0.055865921787709494,2204.7,4.22,0.0
9308,6,979,5.978000000000075,0.05515832482124617,2205.3,4.22,0.0
9309,4,713,3.711999999999988,0.056100981767180924,2205.7,4.22,0.0
9310,0,185,-0.8159999999999998,0.05945945945945946,2205.8,4.22,0.0
9311,0,179,-0.8219999999999998,0.055865921787709494,2205.9,4.22,0.0
9312,0,179,-0.8219999999999998,0.055865921787709494,2206.0,4.22,0.0
9313,0,192,-0.8089999999999998,0.057291666666666664,2206.1,4.22,0.0
9314,1,313,0.3119999999999896,0.054313099041533544,2206.2,4.22,0.0
9315,4,716,3.714999999999989,0.055865921787709494,2206.6,4.22,0.0
9316,0,179,-0.8219999999999998,0.055865921787709494,2206.7,4.22,0.0
9317,5,846,4.845000000000032,0.05555555555555555,2207.2,4.22,0.0
9318,3,582,2.58099999999996,0.05670103092783505,2207.5,4.22,0.0
9319,0,179,-0.8219999999999998,0.055865921787709494,2207.6,4.22,0.0
9320,1,313,0.3119999999999896,0.054313099041533544,2207.8,4.22,0.0
9321,2,460,1.4589999999999734,0.05652173913043478,2208.1,4.22,0.0
9322,1,313,0.3119999999999896,0.05750798722044728,2208.2,4.22,0.0
9323,7,1113,7.112000000000036,0.055705300988319856,2208.9,4.22,0.0
9324,0,179,-0.8219999999999998,0.055865921787709494,2209.0,4.22,0.0
9325,1,313,0.3119999999999896,0.054313099041533544,2209.2,4.22,0.0
9326,0,185,-0.8159999999999998,0.05945945945945946,2209.3,4.22,0.0
9327,2,460,1.4589999999999734,0.05652173913043478,2209.6,4.22,0.0
9328,0,179,-0.8219999999999998,0.055865921787709494,2209.7,4.22,0.0
9329,6,979,5.978000000000075,0.05515832482124617,2210.3,4.22,0.0
9330,0,179,-0.8219999999999998,0.055865921787709494,2210.4,4.22,0.0
9331,0,179,-0.8219999999999998,0.055865921787709494,2210.4,4.22,0.0
9332,1,313,0.3119999999999896,0.054313099041533544,2210.6,4.22,0.0
9333,0,181,-0.8199999999999998,0.06077348066298342,2210.7,4.22,0.0
9334,2,455,1.453999999999974,0.05714285714285714,2211.0,4.22,0.0
9335,0,196,-0.8049999999999998,0.05612244897959184,2211.1,4.22,0.0
9336,0,179,-0.8219999999999998,0.055865921787709494,2211.2,4.22,0.0
9337,3,579,2.5779999999999603,0.055267702936096716,2211.5,4.22,0.0
9338,1,313,0.3119999999999896,0.05750798722044728,2211.7,4.22,0.0
9339,1,341,0.33999999999998654,0.05571847507331378,2211.9,4.22,0.0
9340,0,187,-0.8139999999999998,0.058823529411764705,2212.0,4.22,0.0
9341,0,194,-0.8069999999999998,0.05670103092783505,2212.1,4.22,0.0
9342,5,862,4.861000000000037,0.05568445475638051,2212.6,4.22,0.0
9343,3,589,2.587999999999959,0.05602716468590832,2212.9,4.22,0.0
9344,1,313,0.3119999999999896,0.054313099041533544,2213.1,4.22,0.0
9345,2,447,1.4459999999999749,0.05592841163310962,2213.3,4.22,0.0
9346,2,446,1.444999999999975,0.053811659192825115,2213.6,4.22,0.0
9347,5,853,4.852000000000034,0.05627198124267292,2214.0,4.22,0.0
9348,4,713,3.711999999999988,0.056100981767180924,2214.4,4.22,0.0
9349,2,455,1.453999999999974,0.05714285714285714,2214.7,4.22,0.0
9350,0,196,-0.8049999999999998,0.05612244897959184,2214.8,4.22,0.0
9351,5,846,4.845000000000032,0.05555555555555555,2215.2,4.22,0.0
9352,3,579,2.5779999999999603,0.05699481865284974,2215.6,4.22,0.0
9353,2,446,1.444999999999975,0.05605381165919283,2215.8,4.22,0.0
9354,0,186,-0.8149999999999998,0.05913978494623656,2215.9,4.22,0.0
9355,2,466,1.4649999999999728,0.055793991416309016,2216.2,4.22,0.0
9356,0,191,-0.8099999999999998,0.05759162303664921,2216.3,4.22,0.0
9357,0,179,-0.8219999999999998,0.055865921787709494,2216.4,4.22,0.0
9358,1,313,0.3119999999999896,0.054313099041533544,2216.6,4.22,0.0
9359,1,313,0.3119999999999896,0.054313099041533544,2216.8,4.22,0.0
9360,5,860,4.859000000000036,0.05581395348837209,2217.2,4.22,0.0
9361,1,313,0.3119999999999896,0.054313099041533544,2217.4,4.22,0.0
9362,1,313,0.3119999999999896,0.054313099041533544,2217.6,4.22,0.0
9363,1,313,0.3119999999999896,0.054313099041533544,2217.7,4.22,0.0
9364,2,446,1.444999999999975,0.05605381165919283,2218.0,4.22,0.0
9365,2,446,1.444999999999975,0.05605381165919283,2218.2,4.22,0.0
9366,2,457,1.4559999999999738,0.05689277899343545,2218.5,4.22,0.0
9367,3,579,2.5779999999999603,0.055267702936096716,2218.8,4.22,0.0
9368,0,179,-0.8219999999999998,0.055865921787709494,2218.9,4.22,0.0
9369,0,194,-0.8069999999999998,0.05670103092783505,2219.0,4.22,0.0
9370,0,194,-0.8069999999999998,0.05670103092783505,2219.1,4.22,0.0
9371,2,446,1.444999999999975,0.053811659192825115,2219.4,4.22,0.0
9372,6,1003,6.002000000000083,0.05583250249252243,2219.9,4.22,0.0
9373,0,187,-0.8139999999999998,0.058823529411764705,2220.0,4.22,0.0
9374,7,1122,7.121000000000031,0.05614973262032086,2220.6,4.22,0.0
9375,1,335,0.3339999999999872,0.056716417910447764,2220.8,4.22,0.0
9376,1,319,0.31799999999998896,0.05642633228840126,2221.0,4.22,0.0
9377,3,579,2.5779999999999603,0.055267702936096716,2221.3,4.22,0.0
9378,1,318,0.31699999999998907,0.05660377358490566,2221.5,4.22,0.0
9379,2,448,1.4469999999999748,0.05580357142857143,2221.8,4.22,0.0
9380,3,579,2.5779999999999603,0.055267702936096716,2222.1,4.22,0.0
9381,1,313,0.3119999999999896,0.05750798722044728,2222.3,4.22,0.0
9382,1,313,0.3119999999999896,0.054313099041533544,2222.4,4.22,0.0
9383,2,446,1.444999999999975,0.053811659192825115,2222.7,4.22,0.0
9384,0,179,-0.8219999999999998,0.055865921787709494,2222.8,4.22,0.0
9385,3,579,2.5779999999999603,0.055267702936096716,2223.1,4.22,0.0
9386,0,179,-0.8219999999999998,0.055865921787709494,2223.2,4.22,0.0
9387,2,446,1.444999999999975,0.05605381165919283,2223.4,4.22,0.0
9388,2,446,1.444999999999975,0.05605381165919283,2223.7,4.22,0.0
9389,4,735,3.7339999999999955,0.055782312925170066,2224.1,4.22,0.0
9390,0,183,-0.8179999999999998,0.060109289617486336,2224.2,4.22,0.0
9391,3,589,2.587999999999959,0.05602716468590832,2224.5,4.22,0.0
9392,0,179,-0.8219999999999998,0.055865921787709494,2224.6,4.22,0.0
9393,0,179,-0.8219999999999998,0.055865921787709494,2224.7,4.22,0.0
9394,0,185,-0.8159999999999998,0.05945945945945946,2224.8,4.22,0.0
9395,3,609,2.607999999999957,0.05582922824302135,2225.1,4.22,0.0
9396,3,592,2.590999999999959,0.05574324324324324,2225.4,4.22,0.0
9397,2,482,1.480999999999971,0.056016597510373446,2225.7,4.22,0.0
9398,6,979,5.978000000000075,0.05515832482124617,2226.2,4.22,0.0
9399,2,465,1.4639999999999729,0.05591397849462366,2226.5,4.22,0.0
9400,5,853,4.852000000000034,0.05627198124267292,2226.9,4.22,0.0
9401,0,179,-0.8219999999999998,0.055865921787709494,2227.0,4.22,0.0
9402,2,460,1.4589999999999734,0.05652173913043478,2227.3,4.22,0.0
9403,5,852,4.851000000000034,0.056338028169014086,2227.7,4.22,0.0
9404,1,313,0.3119999999999896,0.05750798722044728,2227.9,4.22,0.0
9405,0,179,-0.8219999999999998,0.055865921787709494,2228.0,4.22,0.0
9406,0,179,-0.8219999999999998,0.055865921787709494,2228.1,4.22,0.0
9407,3,586,2.5849999999999596,0.05631399317406143,2228.4,4.22,0.0
9408,1,313,0.3119999999999896,0.054313099041533544,2228.6,4.22,0.0
9409,12,1796,12.794999999999657,0.0556792873051225,2229.6,4.22,0.0
9410,0,179,-0.8219999999999998,0.055865921787709494,2229.7,4.22,0.0
9411,3,579,2.5779999999999603,0.055267702936096716,2230.0,4.22,0.0
9412,4,715,3.713999999999989,0.055944055944055944,2230.4,4.22,0.0
9413,2,454,1.452999999999974,0.05726872246696035,2230.7,4.22,0.0
9414,3,603,2.6019999999999577,0.05638474295190713,2231.0,4.22,0.0
9415,6,979,5.978000000000075,0.05515832482124617,2231.5,4.22,0.0
9416,0,187,-0.8139999999999998,0.058823529411764705,2231.6,4.22,0.0
9417,1,316,0.3149999999999893,0.056962025316455694,2231.8,4.22,0.0
9418,1,335,0.3339999999999872,0.056716417910447764,2232.0,4.22,0.0
9419,0,179,-0.8219999999999998,0.055865921787709494,2232.1,4.22,0.0
9420,0,179,-0.8219999999999998,0.055865921787709494,2232.2,4.22,0.0
9421,5,853,4.852000000000034,0.05627198124267292,2232.6,4.22,0.0
9422,0,185,-0.8159999999999998,0.05945945945945946,2232.7,4.22,0.0
9423,4,713,3.711999999999988,0.056100981767180924,2233.1,4.22,0.0
9424,0,179,-0.8219999999999998,0.055865921787709494,2233.2,4.22,0.0
9425,1,313,0.3119999999999896,0.05750798722044728,2233.4,4.22,0.0
9426,3,579,2.5779999999999603,0.055267702936096716,2233.7,4.22,0.0
9427,0,179,-0.8219999999999998,0.055865921787709494,2233.8,4.22,0.0
9428,1,313,0.3119999999999896,0.05750798722044728,2233.9,4.22,0.0
9429,0,191,-0.8099999999999998,0.05759162303664921,2234.0,4.22,0.0
9430,2,446,1.444999999999975,0.05605381165919283,2234.3,4.22,0.0
9431,0,179,-0.8219999999999998,0.055865921787709494,2234.4,4.22,0.0
9432,4,713,3.711999999999988,0.056100981767180924,2234.8,4.22,0.0
9433,3,579,2.5779999999999603,0.055267702936096716,2235.1,4.22,0.0
9434,2,446,1.444999999999975,0.05605381165919283,2235.3,4.22,0.0
9435,1,313,0.3119999999999896,0.054313099041533544,2235.5,4.22,0.0
9436,1,319,0.31799999999998896,0.05642633228840126,2235.7,4.22,0.0
9437,0,210,-0.7909999999999998,0.05714285714285714,2235.8,4.22,0.0
9438,3,579,2.5779999999999603,0.055267702936096716,2236.1,4.22,0.0
9439,0,179,-0.8219999999999998,0.055865921787709494,2236.2,4.22,0.0
9440,3,579,2.5779999999999603,0.055267702936096716,2236.5,4.22,0.0
9441,1,315,0.3139999999999894,0.05714285714285714,2236.7,4.22,0.0
9442,0,179,-0.8219999999999998,0.05027932960893855,2236.8,4.22,0.0
9443,5,853,4.852000000000034,0.05627198124267292,2237.3,4.22,0.0
9444,0,184,-0.8169999999999998,0.059782608695652176,2237.4,4.22,0.0
9445,0,184,-0.8169999999999998,0.059782608695652176,2237.5,4.22,0.0
9446,5,846,4.845000000000032,0.05555555555555555,2237.9,4.22,0.0
9447,2,446,1.444999999999975,0.05605381165919283,2238.2,4.22,0.0
9448,1,313,0.3119999999999896,0.05750798722044728,2238.3,4.22,0.0
9449,1,313,0.3119999999999896,0.054313099041533544,2238.5,4.22,0.0
9450,0,179,-0.8219999999999998,0.055865921787709494,2238.6,4.22,0.0
9451,0,179,-0.8219999999999998,0.055865921787709494,2238.7,4.22,0.0
9452,3,579,2.5779999999999603,0.055267702936096716,2239.0,4.22,0.0
9453,0,179,-0.8219999999999998,0.055865921787709494,2239.1,4.22,0.0
9454,2,446,1.444999999999975,0.05605381165919283,2239.4,4.22,0.0
9455,2,446,1.444999999999975,0.05605381165919283,2239.6,4.22,0.0
9456,3,579,2.5779999999999603,0.055267702936096716,2239.9,4.22,0.0
9457,3,579,2.5779999999999603,0.055267702936096716,2240.2,4.22,0.0
9458,2,451,1.4499999999999744,0.057649667405764965,2240.5,4.22,0.0
9459,1,313,0.3119999999999896,0.05750798722044728,2240.6,4.22,0.0
9460,1,339,0.33799999999998676,0.05604719764011799,2240.8,4.22,0.0
9461,3,609,2.607999999999957,0.05582922824302135,2241.1,4.22,0.0
9462,4,715,3.713999999999989,0.055944055944055944,2241.5,4.22,0.0
9463,3,579,2.5779999999999603,0.055267702936096716,2241.8,4.22,0.0
9464,0,179,-0.8219999999999998,0.055865921787709494,2241.9,4.22,0.0
9465,0,179,-0.8219999999999998,0.055865921787709494,2242.0,4.22,0.0
9466,1,313,0.3119999999999896,0.05750798722044728,2242.2,4.22,0.0
9467,9,1379,9.377999999999888,0.05583756345177665,2243.0,4.22,0.0
9468,2,456,1.4549999999999739,0.05701754385964912,2243.3,4.22,0.0
9469,0,179,-0.8219999999999998,0.055865921787709494,2243.4,4.22,0.0
9470,1,321,0.31999999999998874,0.056074766355140186,2243.5,4.22,0.0
9471,2,455,1.453999999999974,0.05714285714285714,2243.8,4.22,0.0
9472,0,186,-0.8149999999999998,0.05913978494623656,2243.9,4.22,0.0
9473,1,313,0.3119999999999896,0.054313099041533544,2244.0,4.22,0.0
9474,0,179,-0.8219999999999998,0.055865921787709494,2244.1,4.22,0.0
9475,2,460,1.4589999999999734,0.05652173913043478,2244.4,4.22,0.0
9476,0,179,-0.8219999999999998,0.055865921787709494,2244.5,4.22,0.0
9477,4,713,3.711999999999988,0.0546984572230014,2244.9,4.22,0.0
9478,7,1113,7.112000000000036,0.055705300988319856,2245.5,4.22,0.0
9479,1,318,0.31699999999998907,0.05660377358490566,2245.7,4.22,0.0
9480,1,313,0.3119999999999896,0.054313099041533544,2245.9,4.22,0.0
9481,1,313,0.3119999999999896,0.054313099041533544,2246.0,4.22,0.0
9482,3,584,2.5829999999999598,0.05650684931506849,2246.3,4.22,0.0
9483,2,455,1.453999999999974,0.05714285714285714,2246.6,4.22,0.0
9484,0,183,-0.8179999999999998,0.060109289617486336,2246.7,4.22,0.0
9485,0,184,-0.8169999999999998,0.059782608695652176,2246.8,4.22,0.0
9486,0,179,-0.8219999999999998,0.055865921787709494,2246.9,4.22,0.0
9487,1,313,0.3119999999999896,0.054313099041533544,2247.0,4.22,0.0
9488,0,195,-0.8059999999999998,0.05641025641025641,2247.1,4.22,0.0
9489,0,179,-0.8219999999999998,0.055865921787709494,2247.2,4.22,0.0
9490,1,313,0.3119999999999896,0.05750798722044728,2247.4,4.22,0.0
9491,2,451,1.4499999999999744,0.057649667405764965,2247.6,4.22,0.0
9492,3,579,2.5779999999999603,0.055267702936096716,2247.9,4.22,0.0
9493,0,179,-0.8219999999999998,0.055865921787709494,2248.1,4.22,0.0
9494,0,179,-0.8219999999999998,0.055865921787709494,2248.2,4.22,0.0
9495,7,1128,7.127000000000027,0.05585106382978723,2248.7,4.22,0.0
9496,1,338,0.33699999999998687,0.05621301775147929,2248.9,4.22,0.0
9497,0,179,-0.8219999999999998,0.055865921787709494,2249.0,4.22,0.0
9498,0,183,-0.8179999999999998,0.060109289617486336,2249.1,4.22,0.0
9499,6,979,5.978000000000075,0.05515832482124617,2249.7,4.22,0.0
9500,3,579,2.5779999999999603,0.055267702936096716,2250.0,4.22,0.0
9501,4,713,3.711999999999988,0.056100981767180924,2253.4,4.22,0.0
9502,3,579,2.5779999999999603,0.055267702936096716,2253.7,4.22,0.0
9503,3,583,2.58199999999996,0.05660377358490566,2254.0,4.22,0.0
9504,8,1246,8.244999999999962,0.05537720706260032,2254.7,4.22,0.0
9505,2,446,1.444999999999975,0.05605381165919283,2254.9,4.22,0.0
9506,4,713,3.711999999999988,0.056100981767180924,2255.3,4.22,0.0
9507,1,319,0.31799999999998896,0.05642633228840126,2255.4,4.22,0.0
9508,4,713,3.711999999999988,0.0546984572230014,2255.8,4.22,0.0
9509,0,181,-0.8199999999999998,0.06077348066298342,2255.9,4.22,0.0
9510,1,313,0.3119999999999896,0.054313099041533544,2256.1,4.22,0.0
9511,0,191,-0.8099999999999998,0.05759162303664921,2256.2,4.22,0.0
9512,4,713,3.711999999999988,0.0546984572230014,2256.6,4.22,0.0
9513,2,446,1.444999999999975,0.05605381165919283,2256.8,4.22,0.0
9514,2,446,1.444999999999975,0.05605381165919283,2257.1,4.22,0.0
9515,2,446,1.444999999999975,0.05605381165919283,2257.3,4.22,0.0
9516,0,179,-0.8219999999999998,0.055865921787709494,2257.4,4.22,0.0
9517,1,337,0.335999999999987,0.05637982195845697,2257.6,4.22,0.0
9518,0,195,-0.8059999999999998,0.05641025641025641,2257.7,4.22,0.0
9519,2,448,1.4469999999999748,0.05580357142857143,2257.9,4.22,0.0
9520,3,579,2.5779999999999603,0.055267702936096716,2258.2,4.22,0.0
9521,1,313,0.3119999999999896,0.054313099041533544,2258.4,4.22,0.0
9522,1,313,0.3119999999999896,0.054313099041533544,2258.6,4.22,0.0
9523,1,332,0.3309999999999875,0.0572289156626506,2258.7,4.22,0.0
9524,0,179,-0.8219999999999998,0.055865921787709494,2258.8,4.22,0.0
9525,3,591,2.589999999999959,0.05583756345177665,2259.2,4.22,0.0
9526,0,179,-0.8219999999999998,0.055865921787709494,2259.3,4.22,0.0
9527,0,179,-0.8219999999999998,0.055865921787709494,2259.4,4.22,0.0
9528,1,313,0.3119999999999896,0.05750798722044728,2259.5,4.22,0.0
9529,8,1249,8.24799999999996,0.05604483586869496,2260.2,4.22,0.0
9530,0,179,-0.8219999999999998,0.055865921787709494,2260.3,4.22,0.0
9531,0,191,-0.8099999999999998,0.05759162303664921,2260.4,4.22,0.0
9532,0,183,-0.8179999999999998,0.060109289617486336,2260.5,4.22,0.0
9533,0,179,-0.8219999999999998,0.055865921787709494,2260.6,4.22,0.0
9534,4,713,3.711999999999988,0.056100981767180924,2261.0,4.22,0.0
9535,12,1779,12.777999999999667,0.05564924114671164,2261.9,4.22,0.0
9536,0,179,-0.8219999999999998,0.055865921787709494,2262.0,4.22,0.0
9537,1,313,0.3119999999999896,0.05750798722044728,2262.2,4.22,0.0
9538,0,195,-0.8059999999999998,0.05641025641025641,2262.3,4.22,0.0
9539,1,313,0.3119999999999896,0.054313099041533544,2262.5,4.22,0.0
9540,4,715,3.713999999999989,0.055944055944055944,2262.9,4.22,0.0
9541,0,183,-0.8179999999999998,0.060109289617486336,2263.0,4.22,0.0
9542,0,182,-0.8189999999999998,0.06043956043956044,2263.0,4.22,0.0
9543,2,446,1.444999999999975,0.05605381165919283,2263.3,4.22,0.0
9544,1,313,0.3119999999999896,0.054313099041533544,2263.5,4.22,0.0
9545,0,183,-0.8179999999999998,0.060109289617486336,2263.6,4.22,0.0
9546,0,192,-0.8089999999999998,0.057291666666666664,2263.7,4.22,0.0
9547,1,335,0.3339999999999872,0.056716417910447764,2263.9,4.22,0.0
9548,0,186,-0.8149999999999998,0.05913978494623656,2264.0,4.22,0.0
9549,4,713,3.711999999999988,0.0546984572230014,2264.3,4.22,0.0
9550,0,179,-0.8219999999999998,0.055865921787709494,2264.4,4.22,0.0
9551,4,713,3.711999999999988,0.056100981767180924,2264.8,4.22,0.0
9552,3,583,2.58199999999996,0.05660377358490566,2265.1,4.22,0.0
9553,3,580,2.57899999999996,0.056896551724137934,2265.4,4.22,0.0
9554,1,313,0.3119999999999896,0.05750798722044728,2265.6,4.22,0.0
9555,0,179,-0.8219999999999998,0.055865921787709494,2265.7,4.22,0.0
9556,0,191,-0.8099999999999998,0.05759162303664921,2265.8,4.22,0.0
9557,4,713,3.711999999999988,0.0546984572230014,2266.2,4.22,0.0
9558,0,179,-0.8219999999999998,0.055865921787709494,2266.3,4.22,0.0
9559,1,313,0.3119999999999896,0.054313099041533544,2266.5,4.22,0.0
9560,0,179,-0.8219999999999998,0.055865921787709494,2266.6,4.22,0.0
9561,1,313,0.3119999999999896,0.05750798722044728,2266.8,4.22,0.0
9562,0,186,-0.8149999999999998,0.05913978494623656,2266.9,4.22,0.0
9563,3,588,2.5869999999999593,0.05612244897959184,2267.3,4.22,0.0
9564,3,579,2.5779999999999603,0.055267702936096716,2267.6,4.22,0.0
9565,1,313,0.3119999999999896,0.054313099041533544,2267.8,4.22,0.0
9566,1,313,0.3119999999999896,0.054313099041533544,2268.0,4.22,0.0
9567,0,179,-0.8219999999999998,0.055865921787709494,2268.1,4.22,0.0
9568,0,188,-0.8129999999999998,0.05851063829787234,2268.2,4.22,0.0
9569,4,715,3.713999999999989,0.055944055944055944,2268.6,4.22,0.0
9570,1,315,0.3139999999999894,0.05714285714285714,2268.8,4.22,0.0
9571,3,579,2.5779999999999603,0.055267702936096716,2269.1,4.22,0.0
9572,0,179,-0.8219999999999998,0.055865921787709494,2269.3,4.22,0.0
9573,0,188,-0.8129999999999998,0.05851063829787234,2269.4,4.22,0.0
9574,0,179,-0.8219999999999998,0.055865921787709494,2269.5,4.22,0.0
9575,0,185,-0.8159999999999998,0.05945945945945946,2269.7,4.22,0.0
9576,1,313,0.3119999999999896,0.054313099041533544,2270.2,4.22,0.0
9577,2,462,1.4609999999999732,0.05627705627705628,2271.1,4.22,0.0
9578,0,179,-0.8219999999999998,0.055865921787709494,2271.4,4.22,0.0
9579,3,579,2.5779999999999603,0.05699481865284974,2272.1,4.22,0.0
9580,4,715,3.713999999999989,0.055944055944055944,2272.8,4.22,0.0
9581,2,446,1.444999999999975,0.05605381165919283,2273.1,4.22,0.0
9582,1,313,0.3119999999999896,0.05750798722044728,2273.4,4.22,0.0
