episode,score,steps,total_reward,flap_rate,elapsed_s,eps_per_sec,gpu_memory_mb
0,4,713,3.711999999999988,0.0546984572230014,0.8,1.30,0.0
1,4,713,3.711999999999988,0.0546984572230014,3.8,0.53,0.0
2,4,713,3.711999999999988,0.0546984572230014,4.5,0.67,0.0
3,4,713,3.711999999999988,0.0546984572230014,5.2,0.77,0.0
4,4,713,3.711999999999988,0.0546984572230014,5.9,0.85,0.0
5,4,713,3.711999999999988,0.0546984572230014,6.6,0.91,0.0
6,4,713,3.711999999999988,0.0546984572230014,7.3,0.96,0.0
7,4,713,3.711999999999988,0.056100981767180924,8.0,1.00,0.0
8,4,713,3.711999999999988,0.056100981767180924,8.7,1.04,0.0
9,4,713,3.711999999999988,0.056100981767180924,9.4,1.07,0.0
10,4,713,3.711999999999988,0.0546984572230014,10.0,1.10,0.0
11,4,713,3.711999999999988,0.0546984572230014,10.7,1.12,0.0
12,4,713,3.711999999999988,0.0546984572230014,11.4,1.14,0.0
13,4,713,3.711999999999988,0.0546984572230014,12.1,1.16,0.0
14,4,713,3.711999999999988,0.0546984572230014,12.8,1.17,0.0
15,4,713,3.711999999999988,0.0546984572230014,13.5,1.19,0.0
16,4,713,3.711999999999988,0.0546984572230014,14.1,1.20,0.0
17,4,713,3.711999999999988,0.0546984572230014,14.8,1.21,0.0
18,4,713,3.711999999999988,0.056100981767180924,15.5,1.23,0.0
19,4,713,3.711999999999988,0.0546984572230014,16.2,1.24,0.0
20,4,713,3.711999999999988,0.056100981767180924,16.9,1.24,0.0
21,4,713,3.711999999999988,0.0546984572230014,17.6,1.25,0.0
22,4,713,3.711999999999988,0.0546984572230014,18.3,1.26,0.0
23,4,713,3.711999999999988,0.0546984572230014,18.9,1.27,0.0
24,4,713,3.711999999999988,0.0546984572230014,19.6,1.28,0.0
25,4,713,3.711999999999988,0.0546984572230014,20.3,1.28,0.0
26,4,713,3.711999999999988,0.056100981767180924,21.0,1.29,0.0
27,4,713,3.711999999999988,0.056100981767180924,21.7,1.29,0.0
28,4,713,3.711999999999988,0.056100981767180924,22.3,1.30,0.0
29,4,713,3.711999999999988,0.0546984572230014,23.0,1.30,0.0
30,4,713,3.711999999999988,0.056100981767180924,23.7,1.31,0.0
31,4,713,3.711999999999988,0.056100981767180924,24.3,1.31,0.0
32,4,713,3.711999999999988,0.0546984572230014,25.0,1.32,0.0
33,4,713,3.711999999999988,0.0546984572230014,25.8,1.32,0.0
34,4,713,3.711999999999988,0.0546984572230014,26.4,1.32,0.0
35,4,713,3.711999999999988,0.056100981767180924,27.1,1.33,0.0
36,4,713,3.711999999999988,0.0546984572230014,27.8,1.33,0.0
37,4,713,3.711999999999988,0.0546984572230014,28.5,1.34,0.0
38,4,713,3.711999999999988,0.0546984572230014,29.2,1.34,0.0
39,4,713,3.711999999999988,0.0546984572230014,29.8,1.34,0.0
40,4,713,3.711999999999988,0.0546984572230014,30.5,1.34,0.0
41,4,713,3.711999999999988,0.0546984572230014,31.2,1.34,0.0
42,4,713,3.711999999999988,0.056100981767180924,31.9,1.35,0.0
43,4,713,3.711999999999988,0.056100981767180924,32.6,1.35,0.0
44,4,713,3.711999999999988,0.0546984572230014,33.3,1.35,0.0
45,4,713,3.711999999999988,0.0546984572230014,34.0,1.35,0.0
46,4,713,3.711999999999988,0.0546984572230014,34.7,1.35,0.0
47,4,713,3.711999999999988,0.0546984572230014,35.4,1.36,0.0
48,4,713,3.711999999999988,0.056100981767180924,36.1,1.36,0.0
49,4,713,3.711999999999988,0.056100981767180924,36.8,1.36,0.0
50,4,713,3.711999999999988,0.0546984572230014,37.4,1.36,0.0
51,4,713,3.711999999999988,0.0546984572230014,38.1,1.36,0.0
52,4,713,3.711999999999988,0.056100981767180924,38.8,1.37,0.0
53,4,713,3.711999999999988,0.0546984572230014,39.5,1.37,0.0
54,4,713,3.711999999999988,0.056100981767180924,40.2,1.37,0.0
55,4,713,3.711999999999988,0.056100981767180924,40.8,1.37,0.0
56,4,713,3.711999999999988,0.0546984572230014,41.5,1.37,0.0
57,4,713,3.711999999999988,0.0546984572230014,42.2,1.37,0.0
58,4,713,3.711999999999988,0.0546984572230014,42.9,1.38,0.0
59,4,713,3.711999999999988,0.0546984572230014,43.6,1.38,0.0
60,4,713,3.711999999999988,0.056100981767180924,44.2,1.38,0.0
61,4,713,3.711999999999988,0.056100981767180924,44.9,1.38,0.0
62,4,713,3.711999999999988,0.0546984572230014,45.6,1.38,0.0
63,4,713,3.711999999999988,0.0546984572230014,46.4,1.38,0.0
64,4,713,3.711999999999988,0.0546984572230014,47.2,1.38,0.0
65,4,713,3.711999999999988,0.0546984572230014,48.0,1.38,0.0
66,4,713,3.711999999999988,0.0546984572230014,48.7,1.38,0.0
67,4,713,3.711999999999988,0.0546984572230014,49.4,1.38,0.0
68,4,713,3.711999999999988,0.0546984572230014,50.1,1.38,0.0
69,4,713,3.711999999999988,0.056100981767180924,50.9,1.37,0.0
70,4,713,3.711999999999988,0.0546984572230014,51.7,1.37,0.0
71,4,713,3.711999999999988,0.0546984572230014,52.4,1.37,0.0
72,4,713,3.711999999999988,0.0546984572230014,53.1,1.37,0.0
73,4,713,3.711999999999988,0.056100981767180924,53.9,1.37,0.0
74,4,713,3.711999999999988,0.056100981767180924,54.6,1.37,0.0
75,4,713,3.711999999999988,0.056100981767180924,55.3,1.38,0.0
76,4,713,3.711999999999988,0.0546984572230014,55.9,1.38,0.0
77,4,713,3.711999999999988,0.0546984572230014,56.6,1.38,0.0
78,4,713,3.711999999999988,0.056100981767180924,57.3,1.38,0.0
79,4,713,3.711999999999988,0.056100981767180924,58.0,1.38,0.0
80,4,713,3.711999999999988,0.056100981767180924,58.6,1.38,0.0
81,4,713,3.711999999999988,0.0546984572230014,59.3,1.38,0.0
82,4,713,3.711999999999988,0.0546984572230014,60.0,1.38,0.0
83,4,713,3.711999999999988,0.056100981767180924,60.7,1.38,0.0
84,4,713,3.711999999999988,0.0546984572230014,61.4,1.38,0.0
85,4,713,3.711999999999988,0.0546984572230014,62.1,1.38,0.0
86,4,713,3.711999999999988,0.0546984572230014,63.0,1.38,0.0
87,4,713,3.711999999999988,0.0546984572230014,63.8,1.38,0.0
88,4,713,3.711999999999988,0.0546984572230014,64.7,1.38,0.0
89,4,713,3.711999999999988,0.0546984572230014,65.5,1.37,0.0
90,4,713,3.711999999999988,0.056100981767180924,66.3,1.37,0.0
91,4,713,3.711999999999988,0.0546984572230014,67.0,1.37,0.0
92,4,713,3.711999999999988,0.0546984572230014,67.7,1.37,0.0
93,4,713,3.711999999999988,0.0546984572230014,68.4,1.37,0.0
94,4,713,3.711999999999988,0.056100981767180924,69.2,1.37,0.0
95,4,713,3.711999999999988,0.0546984572230014,69.9,1.37,0.0
96,4,713,3.711999999999988,0.0546984572230014,70.6,1.37,0.0
97,4,713,3.711999999999988,0.0546984572230014,71.3,1.37,0.0
98,4,713,3.711999999999988,0.0546984572230014,72.0,1.37,0.0
99,4,713,3.711999999999988,0.0546984572230014,72.7,1.38,0.0
100,4,713,3.711999999999988,0.056100981767180924,73.4,1.38,0.0
101,4,713,3.711999999999988,0.0546984572230014,74.2,1.38,0.0
102,4,713,3.711999999999988,0.056100981767180924,74.9,1.38,0.0
103,4,713,3.711999999999988,0.0546984572230014,75.6,1.38,0.0
104,4,713,3.711999999999988,0.0546984572230014,76.3,1.38,0.0
105,4,713,3.711999999999988,0.0546984572230014,77.1,1.38,0.0
106,4,713,3.711999999999988,0.0546984572230014,77.9,1.37,0.0
107,4,713,3.711999999999988,0.056100981767180924,78.6,1.37,0.0
108,4,713,3.711999999999988,0.0546984572230014,79.1,1.38,0.0
109,4,713,3.711999999999988,0.0546984572230014,79.6,1.38,0.0
110,4,713,3.711999999999988,0.0546984572230014,80.1,1.39,0.0
111,4,713,3.711999999999988,0.056100981767180924,80.5,1.39,0.0
112,4,713,3.711999999999988,0.056100981767180924,80.9,1.40,0.0
113,4,713,3.711999999999988,0.056100981767180924,81.3,1.40,0.0
114,4,713,3.711999999999988,0.0546984572230014,81.7,1.41,0.0
115,4,713,3.711999999999988,0.0546984572230014,82.2,1.41,0.0
116,4,713,3.711999999999988,0.0546984572230014,82.6,1.42,0.0
117,4,713,3.711999999999988,0.0546984572230014,83.0,1.42,0.0
118,4,713,3.711999999999988,0.0546984572230014,83.5,1.43,0.0
119,4,713,3.711999999999988,0.056100981767180924,83.9,1.43,0.0
120,4,713,3.711999999999988,0.056100981767180924,84.3,1.44,0.0
121,4,713,3.711999999999988,0.0546984572230014,84.7,1.44,0.0
122,4,713,3.711999999999988,0.0546984572230014,85.2,1.44,0.0
123,4,713,3.711999999999988,0.056100981767180924,85.6,1.45,0.0
124,4,713,3.711999999999988,0.056100981767180924,86.0,1.45,0.0
125,4,713,3.711999999999988,0.0546984572230014,86.4,1.46,0.0
126,4,713,3.711999999999988,0.056100981767180924,86.8,1.46,0.0
127,4,713,3.711999999999988,0.0546984572230014,87.2,1.47,0.0
128,4,713,3.711999999999988,0.0546984572230014,87.6,1.47,0.0
129,4,713,3.711999999999988,0.056100981767180924,88.0,1.48,0.0
130,4,713,3.711999999999988,0.056100981767180924,88.4,1.48,0.0
131,4,713,3.711999999999988,0.056100981767180924,88.8,1.49,0.0
132,4,713,3.711999999999988,0.056100981767180924,89.2,1.49,0.0
133,4,713,3.711999999999988,0.056100981767180924,89.6,1.50,0.0
134,4,713,3.711999999999988,0.0546984572230014,89.9,1.50,0.0
135,4,713,3.711999999999988,0.0546984572230014,90.4,1.51,0.0
136,4,713,3.711999999999988,0.056100981767180924,90.7,1.51,0.0
137,4,713,3.711999999999988,0.056100981767180924,91.1,1.51,0.0
138,4,713,3.711999999999988,0.0546984572230014,91.5,1.52,0.0
139,4,713,3.711999999999988,0.0546984572230014,91.9,1.52,0.0
140,4,713,3.711999999999988,0.0546984572230014,92.3,1.53,0.0
141,4,713,3.711999999999988,0.056100981767180924,92.7,1.53,0.0
142,4,713,3.711999999999988,0.0546984572230014,93.1,1.54,0.0
143,4,713,3.711999999999988,0.0546984572230014,93.6,1.54,0.0
144,4,713,3.711999999999988,0.056100981767180924,94.1,1.54,0.0
145,4,713,3.711999999999988,0.0546984572230014,94.6,1.54,0.0
146,4,713,3.711999999999988,0.0546984572230014,95.2,1.54,0.0
147,4,713,3.711999999999988,0.056100981767180924,95.7,1.55,0.0
148,4,713,3.711999999999988,0.0546984572230014,96.2,1.55,0.0
149,4,713,3.711999999999988,0.0546984572230014,96.7,1.55,0.0
150,4,713,3.711999999999988,0.0546984572230014,97.1,1.56,0.0
151,4,713,3.711999999999988,0.056100981767180924,97.6,1.56,0.0
152,4,713,3.711999999999988,0.0546984572230014,98.0,1.56,0.0
153,4,713,3.711999999999988,0.0546984572230014,98.6,1.56,0.0
154,4,713,3.711999999999988,0.056100981767180924,99.1,1.56,0.0
155,4,713,3.711999999999988,0.056100981767180924,99.5,1.57,0.0
156,4,713,3.711999999999988,0.0546984572230014,99.9,1.57,0.0
157,4,713,3.711999999999988,0.0546984572230014,100.3,1.58,0.0
158,4,713,3.711999999999988,0.056100981767180924,100.7,1.58,0.0
159,4,713,3.711999999999988,0.056100981767180924,101.1,1.58,0.0
160,4,713,3.711999999999988,0.0546984572230014,101.5,1.59,0.0
161,4,713,3.711999999999988,0.0546984572230014,101.9,1.59,0.0
162,4,713,3.711999999999988,0.056100981767180924,102.3,1.59,0.0
163,4,713,3.711999999999988,0.056100981767180924,102.7,1.60,0.0
164,4,713,3.711999999999988,0.056100981767180924,103.1,1.60,0.0
165,4,713,3.711999999999988,0.056100981767180924,103.5,1.60,0.0
166,4,713,3.711999999999988,0.056100981767180924,103.9,1.61,0.0
167,4,713,3.711999999999988,0.056100981767180924,104.3,1.61,0.0
168,4,713,3.711999999999988,0.056100981767180924,104.7,1.61,0.0
169,4,713,3.711999999999988,0.0546984572230014,105.1,1.62,0.0
170,4,713,3.711999999999988,0.056100981767180924,105.5,1.62,0.0
171,4,713,3.711999999999988,0.056100981767180924,106.0,1.62,0.0
172,4,713,3.711999999999988,0.0546984572230014,106.4,1.63,0.0
173,4,713,3.711999999999988,0.056100981767180924,106.8,1.63,0.0
174,4,713,3.711999999999988,0.056100981767180924,107.2,1.63,0.0
175,4,713,3.711999999999988,0.0546984572230014,107.6,1.64,0.0
176,4,713,3.711999999999988,0.0546984572230014,108.1,1.64,0.0
177,4,713,3.711999999999988,0.056100981767180924,108.5,1.64,0.0
178,4,713,3.711999999999988,0.056100981767180924,108.9,1.64,0.0
179,4,713,3.711999999999988,0.056100981767180924,109.3,1.65,0.0
180,4,713,3.711999999999988,0.056100981767180924,109.7,1.65,0.0
181,4,713,3.711999999999988,0.0546984572230014,110.1,1.65,0.0
182,4,713,3.711999999999988,0.056100981767180924,110.5,1.66,0.0
183,4,713,3.711999999999988,0.056100981767180924,110.9,1.66,0.0
184,4,713,3.711999999999988,0.056100981767180924,111.3,1.66,0.0
185,4,713,3.711999999999988,0.056100981767180924,111.8,1.66,0.0
186,4,713,3.711999999999988,0.056100981767180924,112.2,1.67,0.0
187,4,713,3.711999999999988,0.0546984572230014,112.7,1.67,0.0
188,4,713,3.711999999999988,0.056100981767180924,113.1,1.67,0.0
189,4,713,3.711999999999988,0.056100981767180924,113.6,1.67,0.0
190,4,713,3.711999999999988,0.0546984572230014,114.0,1.68,0.0
191,4,713,3.711999999999988,0.0546984572230014,114.4,1.68,0.0
192,4,713,3.711999999999988,0.056100981767180924,114.8,1.68,0.0
193,4,713,3.711999999999988,0.0546984572230014,115.2,1.68,0.0
194,4,713,3.711999999999988,0.0546984572230014,115.6,1.69,0.0
195,4,713,3.711999999999988,0.0546984572230014,116.1,1.69,0.0
196,4,713,3.711999999999988,0.0546984572230014,116.5,1.69,0.0
197,4,713,3.711999999999988,0.056100981767180924,116.9,1.69,0.0
198,4,713,3.711999999999988,0.0546984572230014,117.3,1.70,0.0
199,4,713,3.711999999999988,0.056100981767180924,117.7,1.70,0.0
200,4,713,3.711999999999988,0.0546984572230014,118.1,1.70,0.0
201,4,713,3.711999999999988,0.0546984572230014,118.5,1.70,0.0
202,4,713,3.711999999999988,0.0546984572230014,118.9,1.71,0.0
203,4,713,3.711999999999988,0.056100981767180924,119.4,1.71,0.0
204,4,713,3.711999999999988,0.056100981767180924,119.8,1.71,0.0
205,4,713,3.711999999999988,0.0546984572230014,120.2,1.71,0.0
206,4,713,3.711999999999988,0.056100981767180924,120.6,1.72,0.0
207,4,713,3.711999999999988,0.0546984572230014,121.0,1.72,0.0
208,4,713,3.711999999999988,0.0546984572230014,121.4,1.72,0.0
209,4,713,3.711999999999988,0.0546984572230014,121.8,1.72,0.0
210,4,713,3.711999999999988,0.056100981767180924,122.2,1.73,0.0
211,4,713,3.711999999999988,0.056100981767180924,122.7,1.73,0.0
212,4,713,3.711999999999988,0.0546984572230014,123.9,1.72,0.0
213,4,713,3.711999999999988,0.056100981767180924,124.7,1.72,0.0
214,4,713,3.711999999999988,0.056100981767180924,125.2,1.72,0.0
215,4,713,3.711999999999988,0.0546984572230014,125.6,1.72,0.0
216,4,713,3.711999999999988,0.056100981767180924,126.1,1.72,0.0
217,4,713,3.711999999999988,0.0546984572230014,126.5,1.72,0.0
218,4,713,3.711999999999988,0.0546984572230014,126.9,1.73,0.0
219,4,713,3.711999999999988,0.0546984572230014,127.3,1.73,0.0
220,4,713,3.711999999999988,0.056100981767180924,127.7,1.73,0.0
221,4,713,3.711999999999988,0.0546984572230014,128.1,1.73,0.0
222,4,713,3.711999999999988,0.056100981767180924,128.5,1.74,0.0
223,4,713,3.711999999999988,0.056100981767180924,128.9,1.74,0.0
224,4,713,3.711999999999988,0.056100981767180924,129.3,1.74,0.0
225,4,713,3.711999999999988,0.0546984572230014,129.7,1.74,0.0
226,4,713,3.711999999999988,0.0546984572230014,130.1,1.74,0.0
227,4,713,3.711999999999988,0.056100981767180924,130.5,1.75,0.0
228,4,713,3.711999999999988,0.056100981767180924,131.0,1.75,0.0
229,4,713,3.711999999999988,0.0546984572230014,131.4,1.75,0.0
230,4,713,3.711999999999988,0.056100981767180924,131.8,1.75,0.0
231,4,713,3.711999999999988,0.0546984572230014,132.2,1.75,0.0
232,4,713,3.711999999999988,0.0546984572230014,132.6,1.76,0.0
233,4,713,3.711999999999988,0.0546984572230014,133.0,1.76,0.0
234,4,713,3.711999999999988,0.0546984572230014,133.4,1.76,0.0
235,4,713,3.711999999999988,0.0546984572230014,133.8,1.76,0.0
236,4,713,3.711999999999988,0.056100981767180924,134.3,1.77,0.0
237,4,713,3.711999999999988,0.0546984572230014,134.7,1.77,0.0
238,4,713,3.711999999999988,0.056100981767180924,135.1,1.77,0.0
239,4,713,3.711999999999988,0.056100981767180924,135.5,1.77,0.0
240,4,713,3.711999999999988,0.056100981767180924,135.9,1.77,0.0
241,4,713,3.711999999999988,0.056100981767180924,136.3,1.77,0.0
242,4,713,3.711999999999988,0.056100981767180924,136.8,1.78,0.0
243,4,713,3.711999999999988,0.056100981767180924,137.1,1.78,0.0
244,4,713,3.711999999999988,0.0546984572230014,137.6,1.78,0.0
245,4,713,3.711999999999988,0.0546984572230014,138.0,1.78,0.0
246,4,713,3.711999999999988,0.056100981767180924,138.4,1.78,0.0
247,4,713,3.711999999999988,0.056100981767180924,138.8,1.79,0.0
248,4,713,3.711999999999988,0.056100981767180924,139.2,1.79,0.0
249,4,713,3.711999999999988,0.056100981767180924,139.6,1.79,0.0
250,4,713,3.711999999999988,0.0546984572230014,140.1,1.79,0.0
251,4,713,3.711999999999988,0.056100981767180924,140.5,1.79,0.0
252,4,713,3.711999999999988,0.056100981767180924,140.9,1.80,0.0
253,4,713,3.711999999999988,0.056100981767180924,141.3,1.80,0.0
254,4,713,3.711999999999988,0.0546984572230014,141.7,1.80,0.0
255,4,713,3.711999999999988,0.056100981767180924,142.1,1.80,0.0
256,4,713,3.711999999999988,0.0546984572230014,142.5,1.80,0.0
257,4,713,3.711999999999988,0.056100981767180924,142.9,1.81,0.0
258,4,713,3.711999999999988,0.0546984572230014,143.3,1.81,0.0
259,4,713,3.711999999999988,0.056100981767180924,143.7,1.81,0.0
260,4,713,3.711999999999988,0.056100981767180924,144.2,1.81,0.0
261,4,713,3.711999999999988,0.0546984572230014,144.6,1.81,0.0
262,4,713,3.711999999999988,0.056100981767180924,145.0,1.81,0.0
263,4,713,3.711999999999988,0.056100981767180924,145.4,1.82,0.0
264,4,713,3.711999999999988,0.056100981767180924,145.8,1.82,0.0
265,4,713,3.711999999999988,0.0546984572230014,146.3,1.82,0.0
266,4,713,3.711999999999988,0.0546984572230014,146.7,1.82,0.0
267,4,713,3.711999999999988,0.056100981767180924,147.0,1.82,0.0
268,4,713,3.711999999999988,0.056100981767180924,147.5,1.82,0.0
269,4,713,3.711999999999988,0.0546984572230014,147.8,1.83,0.0
270,4,713,3.711999999999988,0.056100981767180924,148.2,1.83,0.0
271,4,713,3.711999999999988,0.0546984572230014,148.6,1.83,0.0
272,4,713,3.711999999999988,0.056100981767180924,149.0,1.83,0.0
273,4,713,3.711999999999988,0.056100981767180924,149.4,1.83,0.0
274,4,713,3.711999999999988,0.056100981767180924,149.8,1.84,0.0
275,4,713,3.711999999999988,0.0546984572230014,150.2,1.84,0.0
276,4,713,3.711999999999988,0.056100981767180924,150.6,1.84,0.0
277,4,713,3.711999999999988,0.056100981767180924,150.9,1.84,0.0
278,4,713,3.711999999999988,0.0546984572230014,151.3,1.84,0.0
279,4,713,3.711999999999988,0.0546984572230014,151.7,1.85,0.0
280,4,713,3.711999999999988,0.0546984572230014,152.1,1.85,0.0
281,4,713,3.711999999999988,0.056100981767180924,152.5,1.85,0.0
282,4,713,3.711999999999988,0.056100981767180924,152.9,1.85,0.0
283,4,713,3.711999999999988,0.0546984572230014,153.3,1.85,0.0
284,4,713,3.711999999999988,0.056100981767180924,153.7,1.85,0.0
285,4,713,3.711999999999988,0.0546984572230014,154.1,1.86,0.0
286,4,713,3.711999999999988,0.0546984572230014,154.5,1.86,0.0
287,4,713,3.711999999999988,0.0546984572230014,154.9,1.86,0.0
288,4,713,3.711999999999988,0.056100981767180924,155.3,1.86,0.0
289,4,713,3.711999999999988,0.056100981767180924,155.7,1.86,0.0
290,4,713,3.711999999999988,0.056100981767180924,156.1,1.86,0.0
291,4,713,3.711999999999988,0.056100981767180924,156.5,1.87,0.0
292,4,713,3.711999999999988,0.0546984572230014,156.9,1.87,0.0
293,4,713,3.711999999999988,0.056100981767180924,157.3,1.87,0.0
294,4,713,3.711999999999988,0.0546984572230014,157.7,1.87,0.0
295,4,713,3.711999999999988,0.056100981767180924,158.1,1.87,0.0
296,4,713,3.711999999999988,0.056100981767180924,158.5,1.87,0.0
297,4,713,3.711999999999988,0.0546984572230014,158.9,1.88,0.0
298,4,713,3.711999999999988,0.056100981767180924,159.3,1.88,0.0
299,4,713,3.711999999999988,0.0546984572230014,159.6,1.88,0.0
300,4,713,3.711999999999988,0.056100981767180924,160.0,1.88,0.0
301,4,713,3.711999999999988,0.056100981767180924,160.4,1.88,0.0
302,4,713,3.711999999999988,0.056100981767180924,160.8,1.88,0.0
303,4,713,3.711999999999988,0.056100981767180924,161.2,1.89,0.0
304,4,713,3.711999999999988,0.056100981767180924,161.6,1.89,0.0
305,4,713,3.711999999999988,0.056100981767180924,162.0,1.89,0.0
306,4,713,3.711999999999988,0.056100981767180924,162.4,1.89,0.0
307,4,713,3.711999999999988,0.0546984572230014,162.8,1.89,0.0
308,4,713,3.711999999999988,0.056100981767180924,163.2,1.89,0.0
309,4,713,3.711999999999988,0.056100981767180924,163.6,1.90,0.0
310,4,713,3.711999999999988,0.0546984572230014,164.0,1.90,0.0
311,4,713,3.711999999999988,0.056100981767180924,164.4,1.90,0.0
312,4,713,3.711999999999988,0.056100981767180924,164.8,1.90,0.0
313,4,713,3.711999999999988,0.0546984572230014,165.2,1.90,0.0
314,4,713,3.711999999999988,0.0546984572230014,165.6,1.90,0.0
315,4,713,3.711999999999988,0.056100981767180924,166.0,1.90,0.0
316,4,713,3.711999999999988,0.0546984572230014,166.4,1.91,0.0
317,4,713,3.711999999999988,0.056100981767180924,166.8,1.91,0.0
318,4,713,3.711999999999988,0.0546984572230014,167.2,1.91,0.0
319,4,713,3.711999999999988,0.056100981767180924,167.6,1.91,0.0
320,4,713,3.711999999999988,0.0546984572230014,168.0,1.91,0.0
321,4,713,3.711999999999988,0.056100981767180924,168.3,1.91,0.0
322,4,713,3.711999999999988,0.0546984572230014,168.7,1.91,0.0
323,4,713,3.711999999999988,0.0546984572230014,169.1,1.92,0.0
324,4,713,3.711999999999988,0.0546984572230014,169.5,1.92,0.0
325,4,713,3.711999999999988,0.056100981767180924,169.9,1.92,0.0
326,4,713,3.711999999999988,0.056100981767180924,170.3,1.92,0.0
327,4,713,3.711999999999988,0.056100981767180924,170.7,1.92,0.0
328,4,713,3.711999999999988,0.0546984572230014,171.1,1.92,0.0
329,4,713,3.711999999999988,0.0546984572230014,171.5,1.92,0.0
330,4,713,3.711999999999988,0.056100981767180924,171.9,1.93,0.0
331,4,713,3.711999999999988,0.056100981767180924,172.3,1.93,0.0
332,4,713,3.711999999999988,0.056100981767180924,172.7,1.93,0.0
333,4,713,3.711999999999988,0.056100981767180924,173.1,1.93,0.0
334,4,713,3.711999999999988,0.0546984572230014,173.5,1.93,0.0
335,4,713,3.711999999999988,0.0546984572230014,173.9,1.93,0.0
336,4,713,3.711999999999988,0.056100981767180924,174.3,1.93,0.0
337,4,713,3.711999999999988,0.0546984572230014,174.7,1.93,0.0
338,4,713,3.711999999999988,0.0546984572230014,175.1,1.94,0.0
339,4,713,3.711999999999988,0.056100981767180924,175.5,1.94,0.0
340,4,713,3.711999999999988,0.056100981767180924,175.9,1.94,0.0
341,4,713,3.711999999999988,0.056100981767180924,176.3,1.94,0.0
342,4,713,3.711999999999988,0.056100981767180924,176.8,1.94,0.0
343,4,713,3.711999999999988,0.0546984572230014,177.1,1.94,0.0
344,4,713,3.711999999999988,0.056100981767180924,177.6,1.94,0.0
345,4,713,3.711999999999988,0.056100981767180924,178.0,1.94,0.0
346,4,713,3.711999999999988,0.056100981767180924,178.4,1.95,0.0
347,4,713,3.711999999999988,0.056100981767180924,178.8,1.95,0.0
348,4,713,3.711999999999988,0.056100981767180924,179.2,1.95,0.0
349,4,713,3.711999999999988,0.0546984572230014,179.5,1.95,0.0
350,4,713,3.711999999999988,0.056100981767180924,179.9,1.95,0.0
351,4,713,3.711999999999988,0.056100981767180924,180.3,1.95,0.0
352,4,713,3.711999999999988,0.056100981767180924,180.7,1.95,0.0
353,4,713,3.711999999999988,0.0546984572230014,181.1,1.95,0.0
354,4,713,3.711999999999988,0.056100981767180924,181.5,1.96,0.0
355,4,713,3.711999999999988,0.0546984572230014,181.9,1.96,0.0
356,4,713,3.711999999999988,0.056100981767180924,182.3,1.96,0.0
357,4,713,3.711999999999988,0.056100981767180924,182.7,1.96,0.0
358,4,713,3.711999999999988,0.056100981767180924,183.1,1.96,0.0
359,4,713,3.711999999999988,0.056100981767180924,183.5,1.96,0.0
360,4,713,3.711999999999988,0.0546984572230014,183.9,1.96,0.0
361,4,713,3.711999999999988,0.0546984572230014,184.3,1.96,0.0
362,4,713,3.711999999999988,0.056100981767180924,184.7,1.97,0.0
363,4,713,3.711999999999988,0.056100981767180924,185.1,1.97,0.0
364,4,713,3.711999999999988,0.0546984572230014,185.5,1.97,0.0
365,4,713,3.711999999999988,0.0546984572230014,185.9,1.97,0.0
366,4,713,3.711999999999988,0.056100981767180924,186.2,1.97,0.0
367,4,713,3.711999999999988,0.056100981767180924,186.6,1.97,0.0
368,4,713,3.711999999999988,0.0546984572230014,187.0,1.97,0.0
369,4,713,3.711999999999988,0.056100981767180924,187.4,1.97,0.0
370,4,713,3.711999999999988,0.056100981767180924,187.8,1.98,0.0
371,4,713,3.711999999999988,0.0546984572230014,188.2,1.98,0.0
372,4,713,3.711999999999988,0.056100981767180924,188.6,1.98,0.0
373,4,713,3.711999999999988,0.056100981767180924,189.0,1.98,0.0
374,4,713,3.711999999999988,0.0546984572230014,189.5,1.98,0.0
375,4,713,3.711999999999988,0.056100981767180924,189.9,1.98,0.0
376,4,713,3.711999999999988,0.056100981767180924,190.3,1.98,0.0
377,4,713,3.711999999999988,0.056100981767180924,190.7,1.98,0.0
378,4,713,3.711999999999988,0.056100981767180924,191.1,1.98,0.0
379,4,713,3.711999999999988,0.0546984572230014,191.5,1.98,0.0
380,4,713,3.711999999999988,0.0546984572230014,191.9,1.99,0.0
381,4,713,3.711999999999988,0.056100981767180924,192.3,1.99,0.0
382,4,713,3.711999999999988,0.0546984572230014,192.6,1.99,0.0
383,4,713,3.711999999999988,0.056100981767180924,193.0,1.99,0.0
384,4,713,3.711999999999988,0.0546984572230014,193.4,1.99,0.0
385,4,713,3.711999999999988,0.056100981767180924,193.8,1.99,0.0
386,4,713,3.711999999999988,0.0546984572230014,194.3,1.99,0.0
387,4,713,3.711999999999988,0.0546984572230014,194.6,1.99,0.0
388,4,713,3.711999999999988,0.056100981767180924,195.0,1.99,0.0
389,4,713,3.711999999999988,0.056100981767180924,195.4,2.00,0.0
390,4,713,3.711999999999988,0.0546984572230014,195.8,2.00,0.0
391,4,713,3.711999999999988,0.0546984572230014,196.2,2.00,0.0
392,4,713,3.711999999999988,0.0546984572230014,196.6,2.00,0.0
393,4,713,3.711999999999988,0.056100981767180924,196.9,2.00,0.0
394,4,713,3.711999999999988,0.056100981767180924,197.3,2.00,0.0
395,4,713,3.711999999999988,0.0546984572230014,197.7,2.00,0.0
396,4,713,3.711999999999988,0.056100981767180924,198.1,2.00,0.0
397,4,713,3.711999999999988,0.0546984572230014,198.5,2.01,0.0
398,4,713,3.711999999999988,0.056100981767180924,198.8,2.01,0.0
399,4,713,3.711999999999988,0.056100981767180924,199.2,2.01,0.0
400,4,713,3.711999999999988,0.056100981767180924,199.6,2.01,0.0
401,4,713,3.711999999999988,0.0546984572230014,200.0,2.01,0.0
402,4,713,3.711999999999988,0.0546984572230014,200.4,2.01,0.0
403,4,713,3.711999999999988,0.0546984572230014,200.8,2.01,0.0
404,4,713,3.711999999999988,0.0546984572230014,201.1,2.01,0.0
405,4,713,3.711999999999988,0.0546984572230014,201.5,2.01,0.0
406,4,713,3.711999999999988,0.0546984572230014,201.9,2.02,0.0
407,4,713,3.711999999999988,0.056100981767180924,202.3,2.02,0.0
408,4,713,3.711999999999988,0.056100981767180924,202.7,2.02,0.0
409,4,713,3.711999999999988,0.056100981767180924,203.1,2.02,0.0
410,4,713,3.711999999999988,0.056100981767180924,203.5,2.02,0.0
411,4,713,3.711999999999988,0.056100981767180924,203.8,2.02,0.0
412,4,713,3.711999999999988,0.056100981767180924,204.2,2.02,0.0
413,4,713,3.711999999999988,0.056100981767180924,204.6,2.02,0.0
414,4,713,3.711999999999988,0.056100981767180924,205.0,2.02,0.0
415,4,713,3.711999999999988,0.056100981767180924,205.4,2.03,0.0
416,4,713,3.711999999999988,0.056100981767180924,205.8,2.03,0.0
417,4,713,3.711999999999988,0.056100981767180924,206.1,2.03,0.0
418,4,713,3.711999999999988,0.056100981767180924,206.5,2.03,0.0
419,4,713,3.711999999999988,0.056100981767180924,206.9,2.03,0.0
420,4,713,3.711999999999988,0.056100981767180924,207.3,2.03,0.0
421,4,713,3.711999999999988,0.056100981767180924,207.7,2.03,0.0
422,4,713,3.711999999999988,0.056100981767180924,208.1,2.03,0.0
423,4,713,3.711999999999988,0.056100981767180924,208.5,2.03,0.0
424,4,713,3.711999999999988,0.056100981767180924,208.8,2.04,0.0
425,4,713,3.711999999999988,0.056100981767180924,209.2,2.04,0.0
426,4,713,3.711999999999988,0.056100981767180924,209.6,2.04,0.0
427,4,713,3.711999999999988,0.056100981767180924,210.0,2.04,0.0
428,4,713,3.711999999999988,0.056100981767180924,210.3,2.04,0.0
429,4,713,3.711999999999988,0.056100981767180924,210.7,2.04,0.0
430,4,713,3.711999999999988,0.056100981767180924,211.1,2.04,0.0
431,4,713,3.711999999999988,0.056100981767180924,211.5,2.04,0.0
432,4,713,3.711999999999988,0.056100981767180924,211.9,2.04,0.0
433,4,713,3.711999999999988,0.056100981767180924,212.3,2.04,0.0
434,4,713,3.711999999999988,0.056100981767180924,212.7,2.05,0.0
435,4,713,3.711999999999988,0.056100981767180924,213.1,2.05,0.0
436,4,713,3.711999999999988,0.056100981767180924,213.4,2.05,0.0
437,4,713,3.711999999999988,0.056100981767180924,213.8,2.05,0.0
438,4,713,3.711999999999988,0.056100981767180924,214.2,2.05,0.0
439,4,713,3.711999999999988,0.056100981767180924,214.6,2.05,0.0
440,4,713,3.711999999999988,0.056100981767180924,215.0,2.05,0.0
441,4,713,3.711999999999988,0.056100981767180924,215.4,2.05,0.0
442,4,713,3.711999999999988,0.056100981767180924,215.7,2.05,0.0
443,4,713,3.711999999999988,0.056100981767180924,216.1,2.05,0.0
444,4,713,3.711999999999988,0.056100981767180924,216.5,2.06,0.0
445,4,713,3.711999999999988,0.056100981767180924,216.9,2.06,0.0
446,4,713,3.711999999999988,0.056100981767180924,217.3,2.06,0.0
447,4,713,3.711999999999988,0.056100981767180924,217.7,2.06,0.0
448,4,713,3.711999999999988,0.056100981767180924,218.0,2.06,0.0
449,4,713,3.711999999999988,0.056100981767180924,218.4,2.06,0.0
450,4,713,3.711999999999988,0.056100981767180924,218.8,2.06,0.0
451,4,713,3.711999999999988,0.056100981767180924,219.2,2.06,0.0
452,4,713,3.711999999999988,0.056100981767180924,219.6,2.06,0.0
453,4,713,3.711999999999988,0.056100981767180924,220.0,2.06,0.0
454,4,713,3.711999999999988,0.056100981767180924,220.4,2.06,0.0
455,4,713,3.711999999999988,0.056100981767180924,220.7,2.07,0.0
456,4,713,3.711999999999988,0.056100981767180924,221.1,2.07,0.0
457,4,713,3.711999999999988,0.056100981767180924,221.5,2.07,0.0
458,4,713,3.711999999999988,0.056100981767180924,221.9,2.07,0.0
459,4,713,3.711999999999988,0.056100981767180924,222.3,2.07,0.0
460,4,713,3.711999999999988,0.056100981767180924,222.7,2.07,0.0
461,4,713,3.711999999999988,0.056100981767180924,223.1,2.07,0.0
462,4,713,3.711999999999988,0.056100981767180924,223.4,2.07,0.0
463,4,713,3.711999999999988,0.056100981767180924,223.8,2.07,0.0
464,4,713,3.711999999999988,0.056100981767180924,224.2,2.07,0.0
465,4,713,3.711999999999988,0.056100981767180924,224.6,2.08,0.0
466,4,713,3.711999999999988,0.056100981767180924,225.0,2.08,0.0
467,4,713,3.711999999999988,0.056100981767180924,225.3,2.08,0.0
468,4,713,3.711999999999988,0.056100981767180924,225.7,2.08,0.0
469,4,713,3.711999999999988,0.056100981767180924,226.1,2.08,0.0
470,4,713,3.711999999999988,0.056100981767180924,226.5,2.08,0.0
471,4,713,3.711999999999988,0.056100981767180924,226.9,2.08,0.0
472,4,713,3.711999999999988,0.056100981767180924,227.3,2.08,0.0
473,4,713,3.711999999999988,0.056100981767180924,227.7,2.08,0.0
474,4,713,3.711999999999988,0.056100981767180924,228.1,2.08,0.0
475,4,713,3.711999999999988,0.056100981767180924,228.4,2.08,0.0
476,4,713,3.711999999999988,0.056100981767180924,228.8,2.08,0.0
477,4,713,3.711999999999988,0.056100981767180924,229.2,2.09,0.0
478,4,713,3.711999999999988,0.056100981767180924,229.6,2.09,0.0
479,4,713,3.711999999999988,0.056100981767180924,230.0,2.09,0.0
480,4,713,3.711999999999988,0.056100981767180924,230.4,2.09,0.0
481,4,713,3.711999999999988,0.056100981767180924,230.8,2.09,0.0
482,4,713,3.711999999999988,0.056100981767180924,231.1,2.09,0.0
483,4,713,3.711999999999988,0.056100981767180924,231.5,2.09,0.0
484,4,713,3.711999999999988,0.056100981767180924,231.9,2.09,0.0
485,4,713,3.711999999999988,0.056100981767180924,232.3,2.09,0.0
486,4,713,3.711999999999988,0.056100981767180924,232.7,2.09,0.0
487,4,713,3.711999999999988,0.056100981767180924,233.1,2.09,0.0
488,4,713,3.711999999999988,0.056100981767180924,233.5,2.09,0.0
489,4,713,3.711999999999988,0.056100981767180924,233.8,2.10,0.0
490,4,713,3.711999999999988,0.056100981767180924,234.2,2.10,0.0
491,4,713,3.711999999999988,0.056100981767180924,234.6,2.10,0.0
492,4,713,3.711999999999988,0.056100981767180924,235.0,2.10,0.0
493,4,713,3.711999999999988,0.056100981767180924,235.4,2.10,0.0
494,4,713,3.711999999999988,0.056100981767180924,235.7,2.10,0.0
495,4,713,3.711999999999988,0.056100981767180924,236.1,2.10,0.0
496,4,713,3.711999999999988,0.056100981767180924,236.5,2.10,0.0
497,4,713,3.711999999999988,0.056100981767180924,236.9,2.10,0.0
498,4,713,3.711999999999988,0.056100981767180924,237.3,2.10,0.0
499,4,713,3.711999999999988,0.056100981767180924,237.7,2.10,0.0
500,4,713,3.711999999999988,0.056100981767180924,238.1,2.10,0.0
501,4,713,3.711999999999988,0.056100981767180924,241.6,2.08,0.0
502,4,713,3.711999999999988,0.056100981767180924,242.0,2.08,0.0
503,4,713,3.711999999999988,0.056100981767180924,242.4,2.08,0.0
504,4,713,3.711999999999988,0.056100981767180924,242.7,2.08,0.0
505,4,713,3.711999999999988,0.056100981767180924,243.1,2.08,0.0
506,4,713,3.711999999999988,0.056100981767180924,243.5,2.08,0.0
507,4,713,3.711999999999988,0.056100981767180924,243.9,2.08,0.0
508,4,713,3.711999999999988,0.056100981767180924,244.3,2.08,0.0
509,4,713,3.711999999999988,0.056100981767180924,244.6,2.08,0.0
510,4,713,3.711999999999988,0.056100981767180924,245.0,2.09,0.0
511,4,713,3.711999999999988,0.056100981767180924,245.4,2.09,0.0
512,4,713,3.711999999999988,0.056100981767180924,245.8,2.09,0.0
513,4,713,3.711999999999988,0.056100981767180924,246.2,2.09,0.0
514,4,713,3.711999999999988,0.056100981767180924,246.6,2.09,0.0
515,4,713,3.711999999999988,0.056100981767180924,247.0,2.09,0.0
516,4,713,3.711999999999988,0.056100981767180924,247.3,2.09,0.0
517,4,713,3.711999999999988,0.056100981767180924,247.7,2.09,0.0
518,4,713,3.711999999999988,0.056100981767180924,248.1,2.09,0.0
519,4,713,3.711999999999988,0.056100981767180924,248.5,2.09,0.0
520,4,713,3.711999999999988,0.056100981767180924,248.9,2.09,0.0
521,4,713,3.711999999999988,0.056100981767180924,249.3,2.09,0.0
522,4,713,3.711999999999988,0.056100981767180924,249.7,2.09,0.0
523,4,713,3.711999999999988,0.056100981767180924,250.1,2.10,0.0
524,4,713,3.711999999999988,0.056100981767180924,250.5,2.10,0.0
525,4,713,3.711999999999988,0.056100981767180924,250.8,2.10,0.0
526,4,713,3.711999999999988,0.056100981767180924,251.2,2.10,0.0
527,4,713,3.711999999999988,0.056100981767180924,251.6,2.10,0.0
528,4,713,3.711999999999988,0.056100981767180924,252.0,2.10,0.0
529,4,713,3.711999999999988,0.056100981767180924,252.4,2.10,0.0
530,4,713,3.711999999999988,0.056100981767180924,252.8,2.10,0.0
531,4,713,3.711999999999988,0.056100981767180924,253.2,2.10,0.0
532,4,713,3.711999999999988,0.056100981767180924,253.6,2.10,0.0
533,4,713,3.711999999999988,0.056100981767180924,253.9,2.10,0.0
534,4,713,3.711999999999988,0.056100981767180924,254.3,2.10,0.0
535,4,713,3.711999999999988,0.056100981767180924,254.7,2.10,0.0
536,4,713,3.711999999999988,0.056100981767180924,255.1,2.11,0.0
537,4,713,3.711999999999988,0.056100981767180924,255.5,2.11,0.0
538,4,713,3.711999999999988,0.056100981767180924,255.9,2.11,0.0
539,4,713,3.711999999999988,0.056100981767180924,256.3,2.11,0.0
540,4,713,3.711999999999988,0.056100981767180924,256.7,2.11,0.0
541,4,713,3.711999999999988,0.056100981767180924,257.0,2.11,0.0
542,4,713,3.711999999999988,0.056100981767180924,257.4,2.11,0.0
543,4,713,3.711999999999988,0.056100981767180924,257.8,2.11,0.0
544,4,713,3.711999999999988,0.056100981767180924,258.2,2.11,0.0
545,4,713,3.711999999999988,0.056100981767180924,258.6,2.11,0.0
546,4,713,3.711999999999988,0.056100981767180924,259.0,2.11,0.0
547,4,713,3.711999999999988,0.056100981767180924,259.3,2.11,0.0
548,4,713,3.711999999999988,0.056100981767180924,259.7,2.11,0.0
549,4,713,3.711999999999988,0.056100981767180924,260.1,2.11,0.0
550,4,713,3.711999999999988,0.056100981767180924,260.5,2.12,0.0
551,4,713,3.711999999999988,0.056100981767180924,260.9,2.12,0.0
552,4,713,3.711999999999988,0.056100981767180924,261.3,2.12,0.0
553,4,713,3.711999999999988,0.056100981767180924,261.6,2.12,0.0
554,4,713,3.711999999999988,0.056100981767180924,262.0,2.12,0.0
555,4,713,3.711999999999988,0.056100981767180924,262.4,2.12,0.0
556,4,713,3.711999999999988,0.056100981767180924,262.8,2.12,0.0
557,4,713,3.711999999999988,0.056100981767180924,263.2,2.12,0.0
558,4,713,3.711999999999988,0.056100981767180924,263.6,2.12,0.0
559,4,713,3.711999999999988,0.056100981767180924,263.9,2.12,0.0
560,4,713,3.711999999999988,0.056100981767180924,264.3,2.12,0.0
561,4,713,3.711999999999988,0.056100981767180924,264.7,2.12,0.0
562,4,713,3.711999999999988,0.056100981767180924,265.1,2.12,0.0
563,4,713,3.711999999999988,0.056100981767180924,265.5,2.12,0.0
564,4,713,3.711999999999988,0.056100981767180924,265.9,2.13,0.0
565,4,713,3.711999999999988,0.056100981767180924,266.3,2.13,0.0
566,4,713,3.711999999999988,0.056100981767180924,266.6,2.13,0.0
567,4,713,3.711999999999988,0.056100981767180924,267.0,2.13,0.0
568,4,713,3.711999999999988,0.056100981767180924,267.4,2.13,0.0
569,4,713,3.711999999999988,0.056100981767180924,267.8,2.13,0.0
570,4,713,3.711999999999988,0.056100981767180924,268.2,2.13,0.0
571,4,713,3.711999999999988,0.056100981767180924,268.5,2.13,0.0
572,4,713,3.711999999999988,0.056100981767180924,268.9,2.13,0.0
573,4,713,3.711999999999988,0.056100981767180924,269.3,2.13,0.0
574,4,713,3.711999999999988,0.056100981767180924,269.7,2.13,0.0
575,4,713,3.711999999999988,0.056100981767180924,270.0,2.13,0.0
576,4,713,3.711999999999988,0.056100981767180924,270.4,2.13,0.0
577,4,713,3.711999999999988,0.056100981767180924,270.8,2.13,0.0
578,4,713,3.711999999999988,0.056100981767180924,271.2,2.14,0.0
579,4,713,3.711999999999988,0.056100981767180924,271.6,2.14,0.0
580,4,713,3.711999999999988,0.056100981767180924,272.0,2.14,0.0
581,4,713,3.711999999999988,0.056100981767180924,272.4,2.14,0.0
582,4,713,3.711999999999988,0.056100981767180924,272.7,2.14,0.0
583,4,713,3.711999999999988,0.056100981767180924,273.1,2.14,0.0
584,4,713,3.711999999999988,0.056100981767180924,273.5,2.14,0.0
585,4,713,3.711999999999988,0.056100981767180924,273.9,2.14,0.0
586,4,713,3.711999999999988,0.056100981767180924,274.3,2.14,0.0
587,4,713,3.711999999999988,0.056100981767180924,274.7,2.14,0.0
588,4,713,3.711999999999988,0.056100981767180924,275.1,2.14,0.0
589,4,713,3.711999999999988,0.056100981767180924,275.4,2.14,0.0
590,4,713,3.711999999999988,0.056100981767180924,275.8,2.14,0.0
591,4,713,3.711999999999988,0.056100981767180924,276.2,2.14,0.0
592,4,713,3.711999999999988,0.056100981767180924,276.6,2.14,0.0
593,4,713,3.711999999999988,0.056100981767180924,277.0,2.14,0.0
594,4,713,3.711999999999988,0.056100981767180924,277.4,2.15,0.0
595,4,713,3.711999999999988,0.056100981767180924,277.8,2.15,0.0
596,4,713,3.711999999999988,0.056100981767180924,278.1,2.15,0.0
597,4,713,3.711999999999988,0.056100981767180924,278.5,2.15,0.0
598,4,713,3.711999999999988,0.056100981767180924,278.9,2.15,0.0
599,4,713,3.711999999999988,0.056100981767180924,279.3,2.15,0.0
600,4,713,3.711999999999988,0.056100981767180924,279.7,2.15,0.0
601,4,713,3.711999999999988,0.056100981767180924,280.1,2.15,0.0
602,4,713,3.711999999999988,0.056100981767180924,280.5,2.15,0.0
603,4,713,3.711999999999988,0.056100981767180924,280.8,2.15,0.0
604,4,713,3.711999999999988,0.056100981767180924,281.2,2.15,0.0
605,4,713,3.711999999999988,0.056100981767180924,281.6,2.15,0.0
606,4,713,3.711999999999988,0.056100981767180924,282.0,2.15,0.0
607,4,713,3.711999999999988,0.056100981767180924,282.4,2.15,0.0
608,4,713,3.711999999999988,0.056100981767180924,282.8,2.15,0.0
609,4,713,3.711999999999988,0.056100981767180924,283.2,2.15,0.0
610,4,713,3.711999999999988,0.056100981767180924,283.5,2.15,0.0
611,4,713,3.711999999999988,0.056100981767180924,283.9,2.16,0.0
612,4,713,3.711999999999988,0.056100981767180924,284.3,2.16,0.0
613,4,713,3.711999999999988,0.056100981767180924,284.7,2.16,0.0
614,4,713,3.711999999999988,0.056100981767180924,285.1,2.16,0.0
615,4,713,3.711999999999988,0.056100981767180924,285.5,2.16,0.0
616,4,713,3.711999999999988,0.056100981767180924,285.9,2.16,0.0
617,4,713,3.711999999999988,0.056100981767180924,286.3,2.16,0.0
618,4,713,3.711999999999988,0.056100981767180924,286.7,2.16,0.0
619,4,713,3.711999999999988,0.056100981767180924,287.1,2.16,0.0
620,4,713,3.711999999999988,0.056100981767180924,287.4,2.16,0.0
621,4,713,3.711999999999988,0.056100981767180924,287.8,2.16,0.0
622,4,713,3.711999999999988,0.056100981767180924,288.2,2.16,0.0
623,4,713,3.711999999999988,0.056100981767180924,288.6,2.16,0.0
624,4,713,3.711999999999988,0.056100981767180924,289.0,2.16,0.0
625,4,713,3.711999999999988,0.056100981767180924,289.4,2.16,0.0
626,4,713,3.711999999999988,0.056100981767180924,289.8,2.16,0.0
627,4,713,3.711999999999988,0.056100981767180924,290.1,2.16,0.0
628,4,713,3.711999999999988,0.056100981767180924,290.5,2.16,0.0
629,4,713,3.711999999999988,0.056100981767180924,290.9,2.17,0.0
630,4,713,3.711999999999988,0.056100981767180924,291.3,2.17,0.0
631,4,713,3.711999999999988,0.056100981767180924,291.7,2.17,0.0
632,4,713,3.711999999999988,0.056100981767180924,292.1,2.17,0.0
633,4,713,3.711999999999988,0.056100981767180924,292.5,2.17,0.0
634,4,713,3.711999999999988,0.056100981767180924,292.9,2.17,0.0
635,4,713,3.711999999999988,0.056100981767180924,293.3,2.17,0.0
636,4,713,3.711999999999988,0.056100981767180924,293.7,2.17,0.0
637,4,713,3.711999999999988,0.056100981767180924,294.0,2.17,0.0
638,4,713,3.711999999999988,0.056100981767180924,294.4,2.17,0.0
639,4,713,3.711999999999988,0.056100981767180924,294.8,2.17,0.0
640,4,713,3.711999999999988,0.056100981767180924,295.2,2.17,0.0
641,4,713,3.711999999999988,0.056100981767180924,295.6,2.17,0.0
642,4,713,3.711999999999988,0.056100981767180924,296.0,2.17,0.0
643,4,713,3.711999999999988,0.056100981767180924,296.3,2.17,0.0
644,4,713,3.711999999999988,0.056100981767180924,296.7,2.17,0.0
645,4,713,3.711999999999988,0.056100981767180924,297.1,2.17,0.0
646,4,713,3.711999999999988,0.056100981767180924,297.5,2.17,0.0
647,4,713,3.711999999999988,0.056100981767180924,297.9,2.18,0.0
648,4,713,3.711999999999988,0.056100981767180924,298.3,2.18,0.0
649,4,713,3.711999999999988,0.056100981767180924,298.7,2.18,0.0
650,4,713,3.711999999999988,0.056100981767180924,299.1,2.18,0.0
651,4,713,3.711999999999988,0.056100981767180924,299.5,2.18,0.0
652,4,713,3.711999999999988,0.056100981767180924,299.9,2.18,0.0
653,4,713,3.711999999999988,0.056100981767180924,300.3,2.18,0.0
654,4,713,3.711999999999988,0.056100981767180924,300.6,2.18,0.0
655,4,713,3.711999999999988,0.056100981767180924,301.0,2.18,0.0
656,4,713,3.711999999999988,0.056100981767180924,301.4,2.18,0.0
657,4,713,3.711999999999988,0.056100981767180924,301.8,2.18,0.0
658,4,713,3.711999999999988,0.056100981767180924,302.2,2.18,0.0
659,4,713,3.711999999999988,0.056100981767180924,302.6,2.18,0.0
660,4,713,3.711999999999988,0.056100981767180924,303.0,2.18,0.0
661,4,713,3.711999999999988,0.056100981767180924,303.3,2.18,0.0
662,4,713,3.711999999999988,0.056100981767180924,303.7,2.18,0.0
663,4,713,3.711999999999988,0.056100981767180924,304.1,2.18,0.0
664,4,713,3.711999999999988,0.056100981767180924,304.5,2.18,0.0
665,4,713,3.711999999999988,0.056100981767180924,304.9,2.18,0.0
666,4,713,3.711999999999988,0.056100981767180924,305.3,2.19,0.0
667,4,713,3.711999999999988,0.056100981767180924,305.6,2.19,0.0
668,4,713,3.711999999999988,0.056100981767180924,306.0,2.19,0.0
669,4,713,3.711999999999988,0.056100981767180924,306.4,2.19,0.0
670,4,713,3.711999999999988,0.056100981767180924,306.8,2.19,0.0
671,4,713,3.711999999999988,0.056100981767180924,307.2,2.19,0.0
672,4,713,3.711999999999988,0.056100981767180924,307.6,2.19,0.0
673,4,713,3.711999999999988,0.056100981767180924,308.0,2.19,0.0
674,4,713,3.711999999999988,0.056100981767180924,308.3,2.19,0.0
675,4,713,3.711999999999988,0.056100981767180924,308.7,2.19,0.0
676,4,713,3.711999999999988,0.056100981767180924,309.1,2.19,0.0
677,4,713,3.711999999999988,0.056100981767180924,309.5,2.19,0.0
678,4,713,3.711999999999988,0.056100981767180924,309.9,2.19,0.0
679,4,713,3.711999999999988,0.056100981767180924,310.3,2.19,0.0
680,4,713,3.711999999999988,0.056100981767180924,310.6,2.19,0.0
681,4,713,3.711999999999988,0.056100981767180924,311.0,2.19,0.0
682,4,713,3.711999999999988,0.056100981767180924,311.4,2.19,0.0
683,4,713,3.711999999999988,0.056100981767180924,311.8,2.19,0.0
684,4,713,3.711999999999988,0.056100981767180924,312.2,2.19,0.0
685,4,713,3.711999999999988,0.056100981767180924,312.6,2.19,0.0
686,4,713,3.711999999999988,0.056100981767180924,313.0,2.20,0.0
687,4,713,3.711999999999988,0.056100981767180924,313.4,2.20,0.0
688,4,713,3.711999999999988,0.056100981767180924,313.7,2.20,0.0
689,4,713,3.711999999999988,0.056100981767180924,314.1,2.20,0.0
690,4,713,3.711999999999988,0.056100981767180924,314.5,2.20,0.0
691,4,713,3.711999999999988,0.056100981767180924,314.9,2.20,0.0
692,4,713,3.711999999999988,0.056100981767180924,315.3,2.20,0.0
693,4,713,3.711999999999988,0.056100981767180924,315.7,2.20,0.0
694,4,713,3.711999999999988,0.056100981767180924,316.0,2.20,0.0
695,4,713,3.711999999999988,0.056100981767180924,316.4,2.20,0.0
696,4,713,3.711999999999988,0.056100981767180924,316.8,2.20,0.0
697,4,713,3.711999999999988,0.056100981767180924,317.2,2.20,0.0
698,4,713,3.711999999999988,0.056100981767180924,317.6,2.20,0.0
699,4,713,3.711999999999988,0.056100981767180924,318.0,2.20,0.0
700,4,713,3.711999999999988,0.056100981767180924,318.4,2.20,0.0
701,4,713,3.711999999999988,0.056100981767180924,318.7,2.20,0.0
702,4,713,3.711999999999988,0.056100981767180924,319.1,2.20,0.0
703,4,713,3.711999999999988,0.056100981767180924,319.5,2.20,0.0
704,4,713,3.711999999999988,0.056100981767180924,319.9,2.20,0.0
705,4,713,3.711999999999988,0.056100981767180924,320.3,2.20,0.0
706,4,713,3.711999999999988,0.056100981767180924,320.7,2.20,0.0
707,4,713,3.711999999999988,0.056100981767180924,321.0,2.21,0.0
708,4,713,3.711999999999988,0.056100981767180924,321.4,2.21,0.0
709,4,713,3.711999999999988,0.056100981767180924,321.8,2.21,0.0
710,4,713,3.711999999999988,0.056100981767180924,322.2,2.21,0.0
711,4,713,3.711999999999988,0.056100981767180924,322.6,2.21,0.0
712,4,713,3.711999999999988,0.056100981767180924,323.0,2.21,0.0
713,4,713,3.711999999999988,0.056100981767180924,323.4,2.21,0.0
714,4,713,3.711999999999988,0.056100981767180924,323.7,2.21,0.0
715,4,713,3.711999999999988,0.056100981767180924,324.1,2.21,0.0
716,4,713,3.711999999999988,0.056100981767180924,324.5,2.21,0.0
717,4,713,3.711999999999988,0.056100981767180924,324.9,2.21,0.0
718,4,713,3.711999999999988,0.056100981767180924,325.3,2.21,0.0
719,4,713,3.711999999999988,0.056100981767180924,325.7,2.21,0.0
720,4,713,3.711999999999988,0.056100981767180924,326.0,2.21,0.0
721,4,713,3.711999999999988,0.056100981767180924,326.5,2.21,0.0
722,4,713,3.711999999999988,0.056100981767180924,326.8,2.21,0.0
723,4,713,3.711999999999988,0.056100981767180924,327.2,2.21,0.0
724,4,713,3.711999999999988,0.056100981767180924,327.6,2.21,0.0
725,4,713,3.711999999999988,0.056100981767180924,328.0,2.21,0.0
726,4,713,3.711999999999988,0.056100981767180924,328.4,2.21,0.0
727,4,713,3.711999999999988,0.056100981767180924,328.7,2.21,0.0
728,4,713,3.711999999999988,0.056100981767180924,329.1,2.21,0.0
729,4,713,3.711999999999988,0.056100981767180924,329.5,2.22,0.0
730,4,713,3.711999999999988,0.056100981767180924,329.9,2.22,0.0
731,4,713,3.711999999999988,0.056100981767180924,330.3,2.22,0.0
732,4,713,3.711999999999988,0.056100981767180924,330.7,2.22,0.0
733,4,713,3.711999999999988,0.056100981767180924,331.0,2.22,0.0
734,4,713,3.711999999999988,0.056100981767180924,331.4,2.22,0.0
735,4,713,3.711999999999988,0.056100981767180924,331.8,2.22,0.0
736,4,713,3.711999999999988,0.056100981767180924,332.2,2.22,0.0
737,4,713,3.711999999999988,0.056100981767180924,332.6,2.22,0.0
738,4,713,3.711999999999988,0.056100981767180924,333.0,2.22,0.0
739,4,713,3.711999999999988,0.056100981767180924,333.3,2.22,0.0
740,4,713,3.711999999999988,0.056100981767180924,333.7,2.22,0.0
741,4,713,3.711999999999988,0.056100981767180924,334.1,2.22,0.0
742,4,713,3.711999999999988,0.056100981767180924,334.5,2.22,0.0
743,4,713,3.711999999999988,0.056100981767180924,334.9,2.22,0.0
744,4,713,3.711999999999988,0.056100981767180924,335.3,2.22,0.0
745,4,713,3.711999999999988,0.056100981767180924,335.7,2.22,0.0
746,4,713,3.711999999999988,0.056100981767180924,336.1,2.22,0.0
747,4,713,3.711999999999988,0.056100981767180924,336.4,2.22,0.0
748,4,713,3.711999999999988,0.056100981767180924,336.8,2.22,0.0
749,4,713,3.711999999999988,0.056100981767180924,337.2,2.22,0.0
750,4,713,3.711999999999988,0.056100981767180924,337.6,2.22,0.0
751,4,713,3.711999999999988,0.056100981767180924,338.0,2.22,0.0
752,4,713,3.711999999999988,0.056100981767180924,338.4,2.23,0.0
753,4,713,3.711999999999988,0.056100981767180924,338.8,2.23,0.0
754,4,713,3.711999999999988,0.056100981767180924,339.1,2.23,0.0
755,4,713,3.711999999999988,0.056100981767180924,339.6,2.23,0.0
756,4,713,3.711999999999988,0.056100981767180924,339.9,2.23,0.0
757,4,713,3.711999999999988,0.056100981767180924,340.3,2.23,0.0
758,4,713,3.711999999999988,0.056100981767180924,340.7,2.23,0.0
759,4,713,3.711999999999988,0.056100981767180924,341.1,2.23,0.0
760,4,713,3.711999999999988,0.056100981767180924,341.5,2.23,0.0
761,4,713,3.711999999999988,0.056100981767180924,341.8,2.23,0.0
762,4,713,3.711999999999988,0.056100981767180924,342.2,2.23,0.0
763,4,713,3.711999999999988,0.056100981767180924,342.6,2.23,0.0
764,4,713,3.711999999999988,0.056100981767180924,343.0,2.23,0.0
765,4,713,3.711999999999988,0.056100981767180924,343.4,2.23,0.0
766,4,713,3.711999999999988,0.056100981767180924,343.8,2.23,0.0
767,4,713,3.711999999999988,0.056100981767180924,344.1,2.23,0.0
768,4,713,3.711999999999988,0.056100981767180924,344.5,2.23,0.0
769,4,713,3.711999999999988,0.056100981767180924,344.9,2.23,0.0
770,4,713,3.711999999999988,0.056100981767180924,345.3,2.23,0.0
771,4,713,3.711999999999988,0.056100981767180924,345.6,2.23,0.0
772,4,713,3.711999999999988,0.056100981767180924,346.0,2.23,0.0
773,4,713,3.711999999999988,0.056100981767180924,346.4,2.23,0.0
774,4,713,3.711999999999988,0.056100981767180924,346.8,2.23,0.0
775,4,713,3.711999999999988,0.056100981767180924,347.2,2.24,0.0
776,4,713,3.711999999999988,0.056100981767180924,347.6,2.24,0.0
777,4,713,3.711999999999988,0.056100981767180924,348.0,2.24,0.0
778,4,713,3.711999999999988,0.056100981767180924,348.4,2.24,0.0
779,4,713,3.711999999999988,0.056100981767180924,348.7,2.24,0.0
780,4,713,3.711999999999988,0.056100981767180924,349.1,2.24,0.0
781,4,713,3.711999999999988,0.056100981767180924,349.5,2.24,0.0
782,4,713,3.711999999999988,0.056100981767180924,349.9,2.24,0.0
783,4,713,3.711999999999988,0.056100981767180924,350.3,2.24,0.0
784,4,713,3.711999999999988,0.056100981767180924,350.7,2.24,0.0
785,4,713,3.711999999999988,0.056100981767180924,351.0,2.24,0.0
786,4,713,3.711999999999988,0.056100981767180924,351.4,2.24,0.0
787,4,713,3.711999999999988,0.056100981767180924,351.8,2.24,0.0
788,4,713,3.711999999999988,0.056100981767180924,352.2,2.24,0.0
789,4,713,3.711999999999988,0.056100981767180924,352.6,2.24,0.0
790,4,713,3.711999999999988,0.056100981767180924,353.1,2.24,0.0
791,4,713,3.711999999999988,0.056100981767180924,353.5,2.24,0.0
792,4,713,3.711999999999988,0.056100981767180924,353.9,2.24,0.0
793,4,713,3.711999999999988,0.056100981767180924,354.3,2.24,0.0
794,4,713,3.711999999999988,0.056100981767180924,354.7,2.24,0.0
795,4,713,3.711999999999988,0.056100981767180924,355.1,2.24,0.0
796,4,713,3.711999999999988,0.056100981767180924,355.4,2.24,0.0
797,4,713,3.711999999999988,0.056100981767180924,355.8,2.24,0.0
798,4,713,3.711999999999988,0.056100981767180924,356.2,2.24,0.0
799,4,713,3.711999999999988,0.056100981767180924,356.6,2.24,0.0
800,4,713,3.711999999999988,0.056100981767180924,357.0,2.24,0.0
801,4,713,3.711999999999988,0.056100981767180924,357.4,2.24,0.0
802,4,713,3.711999999999988,0.056100981767180924,357.8,2.24,0.0
803,4,713,3.711999999999988,0.056100981767180924,358.2,2.24,0.0
804,4,713,3.711999999999988,0.056100981767180924,358.6,2.25,0.0
805,4,713,3.711999999999988,0.056100981767180924,359.0,2.25,0.0
806,4,713,3.711999999999988,0.056100981767180924,359.3,2.25,0.0
807,4,713,3.711999999999988,0.056100981767180924,359.7,2.25,0.0
808,4,713,3.711999999999988,0.056100981767180924,360.1,2.25,0.0
809,4,713,3.711999999999988,0.056100981767180924,360.5,2.25,0.0
810,4,713,3.711999999999988,0.056100981767180924,360.9,2.25,0.0
811,4,713,3.711999999999988,0.056100981767180924,361.3,2.25,0.0
812,4,713,3.711999999999988,0.056100981767180924,361.6,2.25,0.0
813,4,713,3.711999999999988,0.056100981767180924,362.0,2.25,0.0
814,4,713,3.711999999999988,0.056100981767180924,362.4,2.25,0.0
815,4,713,3.711999999999988,0.056100981767180924,362.8,2.25,0.0
816,4,713,3.711999999999988,0.056100981767180924,363.2,2.25,0.0
817,4,713,3.711999999999988,0.056100981767180924,363.6,2.25,0.0
818,4,713,3.711999999999988,0.056100981767180924,364.0,2.25,0.0
819,4,713,3.711999999999988,0.056100981767180924,364.4,2.25,0.0
820,4,713,3.711999999999988,0.056100981767180924,364.8,2.25,0.0
821,4,713,3.711999999999988,0.056100981767180924,365.3,2.25,0.0
822,4,713,3.711999999999988,0.056100981767180924,365.8,2.25,0.0
823,4,713,3.711999999999988,0.056100981767180924,366.2,2.25,0.0
824,4,713,3.711999999999988,0.056100981767180924,366.6,2.25,0.0
825,4,713,3.711999999999988,0.056100981767180924,367.2,2.25,0.0
826,4,713,3.711999999999988,0.056100981767180924,367.7,2.25,0.0
827,4,713,3.711999999999988,0.056100981767180924,368.1,2.25,0.0
828,4,713,3.711999999999988,0.056100981767180924,368.6,2.25,0.0
829,4,713,3.711999999999988,0.056100981767180924,369.1,2.25,0.0
830,4,713,3.711999999999988,0.056100981767180924,369.6,2.25,0.0
831,4,713,3.711999999999988,0.056100981767180924,370.2,2.25,0.0
832,4,713,3.711999999999988,0.056100981767180924,370.7,2.25,0.0
833,4,713,3.711999999999988,0.056100981767180924,371.2,2.25,0.0
834,4,713,3.711999999999988,0.056100981767180924,371.7,2.25,0.0
835,4,713,3.711999999999988,0.056100981767180924,372.2,2.25,0.0
836,4,713,3.711999999999988,0.056100981767180924,372.7,2.25,0.0
837,4,713,3.711999999999988,0.056100981767180924,373.2,2.25,0.0
838,4,713,3.711999999999988,0.056100981767180924,373.7,2.24,0.0
839,4,713,3.711999999999988,0.056100981767180924,374.2,2.24,0.0
840,4,713,3.711999999999988,0.056100981767180924,374.7,2.24,0.0
841,4,713,3.711999999999988,0.056100981767180924,375.2,2.24,0.0
842,4,713,3.711999999999988,0.056100981767180924,375.7,2.24,0.0
843,4,713,3.711999999999988,0.056100981767180924,376.2,2.24,0.0
844,4,713,3.711999999999988,0.056100981767180924,376.7,2.24,0.0
845,4,713,3.711999999999988,0.056100981767180924,377.2,2.24,0.0
846,4,713,3.711999999999988,0.056100981767180924,377.7,2.24,0.0
847,4,713,3.711999999999988,0.056100981767180924,378.1,2.24,0.0
848,4,713,3.711999999999988,0.056100981767180924,378.6,2.24,0.0
849,4,713,3.711999999999988,0.056100981767180924,379.1,2.24,0.0
850,4,713,3.711999999999988,0.056100981767180924,379.6,2.24,0.0
851,4,713,3.711999999999988,0.056100981767180924,380.1,2.24,0.0
852,4,713,3.711999999999988,0.056100981767180924,380.7,2.24,0.0
853,4,713,3.711999999999988,0.056100981767180924,381.2,2.24,0.0
854,4,713,3.711999999999988,0.056100981767180924,381.7,2.24,0.0
855,4,713,3.711999999999988,0.056100981767180924,382.2,2.24,0.0
856,4,713,3.711999999999988,0.056100981767180924,382.6,2.24,0.0
857,4,713,3.711999999999988,0.056100981767180924,383.1,2.24,0.0
858,4,713,3.711999999999988,0.056100981767180924,383.6,2.24,0.0
859,4,713,3.711999999999988,0.056100981767180924,384.1,2.24,0.0
860,4,713,3.711999999999988,0.056100981767180924,384.5,2.24,0.0
861,4,713,3.711999999999988,0.056100981767180924,385.0,2.24,0.0
862,4,713,3.711999999999988,0.056100981767180924,385.5,2.24,0.0
863,4,713,3.711999999999988,0.056100981767180924,386.0,2.24,0.0
864,4,713,3.711999999999988,0.056100981767180924,386.5,2.24,0.0
865,4,713,3.711999999999988,0.056100981767180924,387.0,2.24,0.0
866,4,713,3.711999999999988,0.056100981767180924,387.4,2.24,0.0
867,4,713,3.711999999999988,0.056100981767180924,387.9,2.24,0.0
868,4,713,3.711999999999988,0.056100981767180924,388.4,2.24,0.0
869,4,713,3.711999999999988,0.056100981767180924,388.9,2.24,0.0
870,4,713,3.711999999999988,0.056100981767180924,389.3,2.24,0.0
871,4,713,3.711999999999988,0.056100981767180924,389.8,2.24,0.0
872,4,713,3.711999999999988,0.056100981767180924,390.3,2.24,0.0
873,4,713,3.711999999999988,0.056100981767180924,390.8,2.24,0.0
874,4,713,3.711999999999988,0.056100981767180924,391.2,2.24,0.0
875,4,713,3.711999999999988,0.056100981767180924,391.7,2.24,0.0
876,4,713,3.711999999999988,0.056100981767180924,392.2,2.24,0.0
877,4,713,3.711999999999988,0.056100981767180924,392.6,2.24,0.0
878,4,713,3.711999999999988,0.056100981767180924,393.0,2.24,0.0
879,4,713,3.711999999999988,0.056100981767180924,393.4,2.24,0.0
880,4,713,3.711999999999988,0.056100981767180924,393.8,2.24,0.0
881,4,713,3.711999999999988,0.056100981767180924,394.2,2.24,0.0
882,4,713,3.711999999999988,0.056100981767180924,394.6,2.24,0.0
883,4,713,3.711999999999988,0.056100981767180924,395.0,2.24,0.0
884,4,713,3.711999999999988,0.056100981767180924,395.4,2.24,0.0
885,4,713,3.711999999999988,0.056100981767180924,395.8,2.24,0.0
886,4,713,3.711999999999988,0.056100981767180924,396.1,2.24,0.0
887,4,713,3.711999999999988,0.056100981767180924,396.5,2.24,0.0
888,4,713,3.711999999999988,0.056100981767180924,396.9,2.24,0.0
889,4,713,3.711999999999988,0.056100981767180924,397.3,2.24,0.0
890,4,713,3.711999999999988,0.056100981767180924,397.7,2.24,0.0
891,4,713,3.711999999999988,0.056100981767180924,398.1,2.24,0.0
892,4,713,3.711999999999988,0.056100981767180924,398.5,2.24,0.0
893,4,713,3.711999999999988,0.056100981767180924,398.8,2.24,0.0
894,4,713,3.711999999999988,0.056100981767180924,399.2,2.24,0.0
895,4,713,3.711999999999988,0.056100981767180924,399.6,2.24,0.0
896,4,713,3.711999999999988,0.056100981767180924,400.0,2.24,0.0
897,4,713,3.711999999999988,0.056100981767180924,400.4,2.24,0.0
898,4,713,3.711999999999988,0.056100981767180924,400.8,2.24,0.0
899,4,713,3.711999999999988,0.056100981767180924,401.1,2.24,0.0
900,4,713,3.711999999999988,0.056100981767180924,401.5,2.24,0.0
901,4,713,3.711999999999988,0.056100981767180924,401.9,2.24,0.0
902,4,713,3.711999999999988,0.056100981767180924,402.3,2.24,0.0
903,4,713,3.711999999999988,0.056100981767180924,402.7,2.24,0.0
904,4,713,3.711999999999988,0.056100981767180924,403.1,2.25,0.0
905,4,713,3.711999999999988,0.056100981767180924,403.5,2.25,0.0
906,4,713,3.711999999999988,0.056100981767180924,403.9,2.25,0.0
907,4,713,3.711999999999988,0.056100981767180924,404.3,2.25,0.0
908,4,713,3.711999999999988,0.056100981767180924,404.6,2.25,0.0
909,4,713,3.711999999999988,0.056100981767180924,405.0,2.25,0.0
910,4,713,3.711999999999988,0.056100981767180924,405.4,2.25,0.0
911,4,713,3.711999999999988,0.056100981767180924,405.8,2.25,0.0
912,4,713,3.711999999999988,0.056100981767180924,406.2,2.25,0.0
913,4,713,3.711999999999988,0.056100981767180924,406.6,2.25,0.0
914,4,713,3.711999999999988,0.056100981767180924,407.0,2.25,0.0
915,4,713,3.711999999999988,0.056100981767180924,407.4,2.25,0.0
916,4,713,3.711999999999988,0.056100981767180924,407.8,2.25,0.0
917,4,713,3.711999999999988,0.056100981767180924,408.2,2.25,0.0
918,4,713,3.711999999999988,0.056100981767180924,408.6,2.25,0.0
919,4,713,3.711999999999988,0.056100981767180924,409.0,2.25,0.0
920,4,713,3.711999999999988,0.056100981767180924,409.4,2.25,0.0
921,4,713,3.711999999999988,0.056100981767180924,409.8,2.25,0.0
922,4,713,3.711999999999988,0.056100981767180924,410.2,2.25,0.0
923,4,713,3.711999999999988,0.056100981767180924,410.6,2.25,0.0
924,4,713,3.711999999999988,0.056100981767180924,410.9,2.25,0.0
925,4,713,3.711999999999988,0.056100981767180924,411.3,2.25,0.0
926,4,713,3.711999999999988,0.056100981767180924,411.7,2.25,0.0
927,4,713,3.711999999999988,0.056100981767180924,412.1,2.25,0.0
928,4,713,3.711999999999988,0.056100981767180924,412.5,2.25,0.0
929,4,713,3.711999999999988,0.056100981767180924,413.0,2.25,0.0
930,4,713,3.711999999999988,0.056100981767180924,413.4,2.25,0.0
931,4,713,3.711999999999988,0.056100981767180924,413.8,2.25,0.0
932,4,713,3.711999999999988,0.056100981767180924,414.2,2.25,0.0
933,4,713,3.711999999999988,0.056100981767180924,414.6,2.25,0.0
934,4,713,3.711999999999988,0.056100981767180924,415.0,2.25,0.0
935,4,713,3.711999999999988,0.056100981767180924,415.4,2.25,0.0
936,4,713,3.711999999999988,0.056100981767180924,415.7,2.25,0.0
937,4,713,3.711999999999988,0.056100981767180924,416.2,2.25,0.0
938,4,713,3.711999999999988,0.056100981767180924,416.5,2.25,0.0
939,4,713,3.711999999999988,0.056100981767180924,416.9,2.25,0.0
940,4,713,3.711999999999988,0.056100981767180924,417.3,2.25,0.0
941,4,713,3.711999999999988,0.056100981767180924,417.7,2.26,0.0
942,4,713,3.711999999999988,0.056100981767180924,418.1,2.26,0.0
943,4,713,3.711999999999988,0.056100981767180924,418.5,2.26,0.0
944,4,713,3.711999999999988,0.056100981767180924,418.9,2.26,0.0
945,4,713,3.711999999999988,0.056100981767180924,419.3,2.26,0.0
946,4,713,3.711999999999988,0.056100981767180924,419.7,2.26,0.0
947,4,713,3.711999999999988,0.056100981767180924,420.1,2.26,0.0
948,4,713,3.711999999999988,0.056100981767180924,420.5,2.26,0.0
949,4,713,3.711999999999988,0.056100981767180924,420.9,2.26,0.0
950,4,713,3.711999999999988,0.056100981767180924,421.3,2.26,0.0
951,4,713,3.711999999999988,0.056100981767180924,421.7,2.26,0.0
952,4,713,3.711999999999988,0.056100981767180924,422.2,2.26,0.0
953,4,713,3.711999999999988,0.056100981767180924,422.6,2.26,0.0
954,4,713,3.711999999999988,0.056100981767180924,423.0,2.26,0.0
955,4,713,3.711999999999988,0.056100981767180924,423.4,2.26,0.0
956,4,713,3.711999999999988,0.056100981767180924,423.8,2.26,0.0
957,4,713,3.711999999999988,0.056100981767180924,424.3,2.26,0.0
958,4,713,3.711999999999988,0.056100981767180924,424.7,2.26,0.0
959,4,713,3.711999999999988,0.056100981767180924,425.1,2.26,0.0
960,4,713,3.711999999999988,0.056100981767180924,425.5,2.26,0.0
961,4,713,3.711999999999988,0.056100981767180924,425.9,2.26,0.0
962,4,713,3.711999999999988,0.056100981767180924,426.4,2.26,0.0
963,4,713,3.711999999999988,0.056100981767180924,426.8,2.26,0.0
964,4,713,3.711999999999988,0.056100981767180924,427.4,2.26,0.0
965,4,713,3.711999999999988,0.056100981767180924,427.9,2.26,0.0
966,4,713,3.711999999999988,0.056100981767180924,428.5,2.26,0.0
967,4,713,3.711999999999988,0.056100981767180924,429.0,2.26,0.0
968,4,713,3.711999999999988,0.056100981767180924,429.5,2.26,0.0
969,4,713,3.711999999999988,0.056100981767180924,429.9,2.26,0.0
970,4,713,3.711999999999988,0.056100981767180924,430.4,2.26,0.0
971,4,713,3.711999999999988,0.056100981767180924,430.8,2.26,0.0
972,4,713,3.711999999999988,0.056100981767180924,431.3,2.26,0.0
973,4,713,3.711999999999988,0.056100981767180924,431.7,2.26,0.0
974,4,713,3.711999999999988,0.056100981767180924,432.1,2.26,0.0
975,4,713,3.711999999999988,0.056100981767180924,432.6,2.26,0.0
976,4,713,3.711999999999988,0.056100981767180924,433.0,2.26,0.0
977,4,713,3.711999999999988,0.056100981767180924,433.5,2.26,0.0
978,4,713,3.711999999999988,0.056100981767180924,433.9,2.26,0.0
979,4,713,3.711999999999988,0.056100981767180924,434.5,2.26,0.0
980,4,713,3.711999999999988,0.056100981767180924,435.0,2.26,0.0
981,4,713,3.711999999999988,0.056100981767180924,435.5,2.25,0.0
982,4,713,3.711999999999988,0.056100981767180924,435.9,2.25,0.0
983,4,713,3.711999999999988,0.056100981767180924,436.4,2.25,0.0
984,4,713,3.711999999999988,0.056100981767180924,436.9,2.25,0.0
985,4,713,3.711999999999988,0.056100981767180924,437.3,2.25,0.0
986,4,713,3.711999999999988,0.056100981767180924,437.7,2.25,0.0
987,4,713,3.711999999999988,0.056100981767180924,438.2,2.25,0.0
988,4,713,3.711999999999988,0.056100981767180924,438.7,2.25,0.0
989,4,713,3.711999999999988,0.056100981767180924,439.1,2.25,0.0
990,4,713,3.711999999999988,0.056100981767180924,439.5,2.25,0.0
991,4,713,3.711999999999988,0.056100981767180924,439.9,2.26,0.0
992,4,713,3.711999999999988,0.056100981767180924,440.4,2.25,0.0
993,4,713,3.711999999999988,0.056100981767180924,440.8,2.25,0.0
994,4,713,3.711999999999988,0.056100981767180924,441.3,2.25,0.0
995,4,713,3.711999999999988,0.056100981767180924,441.7,2.25,0.0
996,4,713,3.711999999999988,0.056100981767180924,442.2,2.25,0.0
997,4,713,3.711999999999988,0.056100981767180924,442.7,2.25,0.0
998,4,713,3.711999999999988,0.056100981767180924,443.1,2.25,0.0
999,4,713,3.711999999999988,0.056100981767180924,443.6,2.25,0.0
1000,4,713,3.711999999999988,0.0546984572230014,0.4,2.71,0.0
1001,1,314,0.3129999999999895,0.05732484076433121,3.6,0.55,0.0
1002,0,179,-0.8219999999999998,0.055865921787709494,3.7,0.80,0.0
1003,1,335,0.3339999999999872,0.056716417910447764,3.9,1.02,0.0
1004,0,189,-0.8119999999999998,0.0582010582010582,4.0,1.24,0.0
1005,2,446,1.444999999999975,0.05605381165919283,4.3,1.41,0.0
1006,1,313,0.3119999999999896,0.054313099041533544,4.4,1.58,0.0
1007,0,183,-0.8179999999999998,0.060109289617486336,4.5,1.77,0.0
1008,4,721,3.719999999999991,0.056865464632454926,4.9,1.83,0.0
1009,1,313,0.3119999999999896,0.054313099041533544,5.1,1.97,0.0
1010,0,191,-0.8099999999999998,0.05759162303664921,5.2,2.12,0.0
1011,3,579,2.5779999999999603,0.055267702936096716,5.5,2.18,0.0
1012,0,179,-0.8219999999999998,0.055865921787709494,5.6,2.32,0.0
1013,9,1379,9.377999999999888,0.05511240029006526,6.3,2.21,0.0
1014,1,313,0.3119999999999896,0.054313099041533544,6.5,2.30,0.0
1015,3,579,2.5779999999999603,0.055267702936096716,6.8,2.34,0.0
1016,0,195,-0.8059999999999998,0.05641025641025641,6.9,2.45,0.0
1017,7,1113,7.112000000000036,0.05480682839173405,7.5,2.39,0.0
1018,1,313,0.3119999999999896,0.054313099041533544,7.7,2.47,0.0
1019,2,478,1.4769999999999714,0.056485355648535567,8.0,2.51,0.0
1020,1,313,0.3119999999999896,0.054313099041533544,8.1,2.59,0.0
1021,2,457,1.4559999999999738,0.05689277899343545,8.4,2.63,0.0
1022,2,461,1.4599999999999733,0.05639913232104121,8.6,2.67,0.0
1023,1,313,0.3119999999999896,0.054313099041533544,8.8,2.73,0.0
1024,2,446,1.444999999999975,0.05605381165919283,9.0,2.77,0.0
1025,2,446,1.444999999999975,0.05605381165919283,9.3,2.81,0.0
1026,2,446,1.444999999999975,0.05605381165919283,9.5,2.84,0.0
1027,2,461,1.4599999999999733,0.05639913232104121,9.8,2.87,0.0
1028,2,465,1.4639999999999729,0.05591397849462366,10.0,2.89,0.0
1029,0,191,-0.8099999999999998,0.05759162303664921,10.1,2.97,0.0
1030,0,210,-0.7909999999999998,0.05714285714285714,10.2,3.03,0.0
1031,0,191,-0.8099999999999998,0.05759162303664921,10.3,3.10,0.0
1032,1,341,0.33999999999998654,0.05571847507331378,10.5,3.14,0.0
1033,3,587,2.5859999999999594,0.056218057921635436,10.8,3.15,0.0
1034,1,313,0.3119999999999896,0.054313099041533544,11.0,3.19,0.0
1035,2,446,1.444999999999975,0.05605381165919283,11.2,3.21,0.0
1036,2,446,1.444999999999975,0.05605381165919283,11.5,3.23,0.0
1037,3,584,2.5829999999999598,0.05650684931506849,11.8,3.23,0.0
1038,3,603,2.6019999999999577,0.05638474295190713,12.1,3.22,0.0
1039,3,579,2.5779999999999603,0.055267702936096716,12.4,3.22,0.0
1040,2,447,1.4459999999999749,0.05592841163310962,12.7,3.24,0.0
1041,2,446,1.444999999999975,0.05605381165919283,12.9,3.26,0.0
1042,3,579,2.5779999999999603,0.055267702936096716,13.2,3.26,0.0
1043,1,313,0.3119999999999896,0.05750798722044728,13.4,3.29,0.0
1044,1,313,0.3119999999999896,0.054313099041533544,13.5,3.32,0.0
1045,1,313,0.3119999999999896,0.05750798722044728,13.7,3.36,0.0
1046,1,318,0.31699999999998907,0.05660377358490566,13.9,3.39,0.0
1047,0,193,-0.8079999999999998,0.05699481865284974,14.0,3.44,0.0
1048,4,731,3.729999999999994,0.0560875512995896,14.4,3.41,0.0
1049,0,179,-0.8219999999999998,0.055865921787709494,14.4,3.46,0.0
1050,0,195,-0.8059999999999998,0.05641025641025641,14.6,3.51,0.0
1051,4,713,3.711999999999988,0.0546984572230014,14.9,3.48,0.0
1052,4,729,3.7279999999999935,0.056241426611796985,15.3,3.46,0.0
1053,3,593,2.591999999999959,0.05564924114671164,15.6,3.45,0.0
1054,2,446,1.444999999999975,0.053811659192825115,15.9,3.46,0.0
1055,3,579,2.5779999999999603,0.055267702936096716,16.2,3.45,0.0
1056,1,319,0.31799999999998896,0.05642633228840126,16.4,3.48,0.0
1057,0,179,-0.8219999999999998,0.055865921787709494,16.5,3.52,0.0
1058,3,579,2.5779999999999603,0.055267702936096716,16.8,3.52,0.0
1059,1,336,0.3349999999999871,0.05654761904761905,17.0,3.54,0.0
1060,1,321,0.31999999999998874,0.056074766355140186,17.1,3.56,0.0
1061,6,979,5.978000000000075,0.056179775280898875,17.7,3.51,0.0
1062,0,179,-0.8219999999999998,0.055865921787709494,17.8,3.55,0.0
1063,2,467,1.4659999999999727,0.055674518201284794,18.0,3.55,0.0
1064,2,461,1.4599999999999733,0.05639913232104121,18.2,3.56,0.0
1065,2,446,1.444999999999975,0.05605381165919283,18.5,3.57,0.0
1066,2,446,1.444999999999975,0.05605381165919283,18.7,3.57,0.0
1067,2,446,1.444999999999975,0.05605381165919283,19.0,3.58,0.0
1068,6,979,5.978000000000075,0.05515832482124617,19.5,3.54,0.0
1069,2,446,1.444999999999975,0.053811659192825115,19.8,3.54,0.0
1070,0,179,-0.8219999999999998,0.055865921787709494,19.9,3.58,0.0
1071,1,313,0.3119999999999896,0.054313099041533544,20.0,3.60,0.0
1072,0,186,-0.8149999999999998,0.05913978494623656,20.1,3.63,0.0
1073,3,579,2.5779999999999603,0.055267702936096716,20.4,3.62,0.0
1074,2,461,1.4599999999999733,0.05639913232104121,20.7,3.63,0.0
1075,6,984,5.983000000000077,0.05589430894308943,21.2,3.58,0.0
1076,2,446,1.444999999999975,0.05605381165919283,21.4,3.59,0.0
1077,3,589,2.587999999999959,0.05602716468590832,21.8,3.58,0.0
1078,0,188,-0.8129999999999998,0.05851063829787234,21.9,3.61,0.0
1079,0,179,-0.8219999999999998,0.055865921787709494,22.0,3.64,0.0
1080,3,579,2.5779999999999603,0.055267702936096716,22.3,3.64,0.0
1081,2,467,1.4659999999999727,0.055674518201284794,22.5,3.64,0.0
1082,2,454,1.452999999999974,0.05726872246696035,22.7,3.65,0.0
1083,4,729,3.7279999999999935,0.056241426611796985,23.2,3.63,0.0
1084,0,184,-0.8169999999999998,0.059782608695652176,23.3,3.65,0.0
1085,6,979,5.978000000000075,0.05515832482124617,23.8,3.61,0.0
1086,3,592,2.590999999999959,0.05574324324324324,24.1,3.61,0.0
1087,0,179,-0.8219999999999998,0.055865921787709494,24.2,3.63,0.0
1088,0,185,-0.8159999999999998,0.05945945945945946,24.3,3.66,0.0
1089,1,319,0.31799999999998896,0.05642633228840126,24.5,3.67,0.0
1090,1,321,0.31999999999998874,0.056074766355140186,24.7,3.69,0.0
1091,0,179,-0.8219999999999998,0.055865921787709494,24.8,3.71,0.0
1092,2,446,1.444999999999975,0.05605381165919283,25.0,3.72,0.0
1093,1,319,0.31799999999998896,0.05642633228840126,25.2,3.73,0.0
1094,1,313,0.3119999999999896,0.054313099041533544,25.3,3.75,0.0
1095,0,186,-0.8149999999999998,0.05913978494623656,25.4,3.78,0.0
1096,3,609,2.607999999999957,0.05582922824302135,25.7,3.77,0.0
1097,1,313,0.3119999999999896,0.054313099041533544,25.9,3.78,0.0
1098,0,179,-0.8219999999999998,0.055865921787709494,26.0,3.81,0.0
1099,0,187,-0.8139999999999998,0.058823529411764705,26.1,3.83,0.0
1100,0,179,-0.8219999999999998,0.055865921787709494,26.2,3.85,0.0
1101,2,446,1.444999999999975,0.05605381165919283,26.4,3.86,0.0
1102,8,1266,8.26499999999995,0.05608214849921011,27.1,3.80,0.0
1103,1,338,0.33699999999998687,0.05621301775147929,27.3,3.81,0.0
1104,3,579,2.5779999999999603,0.055267702936096716,27.6,3.81,0.0
1105,3,579,2.5779999999999603,0.055267702936096716,27.9,3.80,0.0
1106,4,713,3.711999999999988,0.056100981767180924,28.3,3.79,0.0
1107,0,194,-0.8069999999999998,0.05670103092783505,28.4,3.81,0.0
1108,0,179,-0.8219999999999998,0.055865921787709494,28.5,3.83,0.0
1109,1,313,0.3119999999999896,0.054313099041533544,28.6,3.84,0.0
1110,0,193,-0.8079999999999998,0.05699481865284974,28.7,3.86,0.0
1111,0,188,-0.8129999999999998,0.05851063829787234,28.8,3.89,0.0
1112,1,313,0.3119999999999896,0.054313099041533544,29.0,3.90,0.0
1113,0,179,-0.8219999999999998,0.055865921787709494,29.1,3.92,0.0
1114,3,579,2.5779999999999603,0.055267702936096716,29.4,3.91,0.0
1115,3,606,2.6049999999999573,0.056105610561056105,29.7,3.90,0.0
1116,0,179,-0.8219999999999998,0.055865921787709494,29.8,3.92,0.0
1117,4,726,3.7249999999999925,0.05647382920110193,30.2,3.91,0.0
1118,0,179,-0.8219999999999998,0.05027932960893855,30.3,3.93,0.0
1119,3,579,2.5779999999999603,0.055267702936096716,30.6,3.92,0.0
1120,1,322,0.32099999999998863,0.055900621118012424,30.8,3.93,0.0
1121,0,183,-0.8179999999999998,0.060109289617486336,30.9,3.95,0.0
1122,3,579,2.5779999999999603,0.055267702936096716,31.2,3.94,0.0
1123,3,579,2.5779999999999603,0.055267702936096716,31.5,3.93,0.0
1124,5,853,4.852000000000034,0.05627198124267292,32.0,3.91,0.0
1125,1,313,0.3119999999999896,0.05750798722044728,32.1,3.92,0.0
1126,0,179,-0.8219999999999998,0.055865921787709494,32.2,3.94,0.0
1127,0,189,-0.8119999999999998,0.0582010582010582,32.3,3.96,0.0
1128,0,191,-0.8099999999999998,0.05759162303664921,32.4,3.98,0.0
1129,0,179,-0.8219999999999998,0.055865921787709494,32.5,4.00,0.0
1130,3,582,2.58099999999996,0.05670103092783505,32.9,3.99,0.0
1131,3,579,2.5779999999999603,0.055267702936096716,33.2,3.98,0.0
1132,0,179,-0.8219999999999998,0.055865921787709494,33.3,4.00,0.0
1133,1,313,0.3119999999999896,0.054313099041533544,33.4,4.01,0.0
1134,4,713,3.711999999999988,0.056100981767180924,33.8,3.99,0.0
1135,3,579,2.5779999999999603,0.055267702936096716,34.1,3.98,0.0
1136,0,179,-0.8219999999999998,0.055865921787709494,34.2,4.00,0.0
1137,2,460,1.4589999999999734,0.05652173913043478,34.5,4.00,0.0
1138,2,446,1.444999999999975,0.05605381165919283,34.7,4.00,0.0
1139,2,446,1.444999999999975,0.05605381165919283,35.0,4.00,0.0
1140,7,1113,7.112000000000036,0.055705300988319856,35.6,3.96,0.0
1141,1,314,0.3129999999999895,0.05732484076433121,35.7,3.97,0.0
1142,2,446,1.444999999999975,0.05605381165919283,36.0,3.97,0.0
1143,5,846,4.845000000000032,0.05555555555555555,36.4,3.95,0.0
1144,5,846,4.845000000000032,0.05555555555555555,36.9,3.93,0.0
1145,1,313,0.3119999999999896,0.054313099041533544,37.1,3.94,0.0
1146,0,186,-0.8149999999999998,0.05913978494623656,37.2,3.96,0.0
1147,2,446,1.444999999999975,0.05605381165919283,37.4,3.96,0.0
1148,0,179,-0.8219999999999998,0.055865921787709494,37.5,3.97,0.0
1149,0,179,-0.8219999999999998,0.055865921787709494,37.6,3.99,0.0
1150,4,713,3.711999999999988,0.056100981767180924,38.0,3.98,0.0
1151,3,579,2.5779999999999603,0.055267702936096716,38.3,3.97,0.0
1152,3,579,2.5779999999999603,0.055267702936096716,38.6,3.96,0.0
1153,4,729,3.7279999999999935,0.056241426611796985,39.0,3.95,0.0
1154,0,179,-0.8219999999999998,0.055865921787709494,39.1,3.97,0.0
1155,1,319,0.31799999999998896,0.05642633228840126,39.3,3.97,0.0
1156,2,446,1.444999999999975,0.05605381165919283,39.5,3.98,0.0
1157,1,315,0.3139999999999894,0.05714285714285714,39.7,3.98,0.0
1158,1,316,0.3149999999999893,0.056962025316455694,39.8,3.99,0.0
1159,1,313,0.3119999999999896,0.054313099041533544,40.0,4.00,0.0
1160,0,179,-0.8219999999999998,0.055865921787709494,40.1,4.02,0.0
1161,0,179,-0.8219999999999998,0.055865921787709494,40.2,4.03,0.0
1162,1,317,0.3159999999999892,0.056782334384858045,40.4,4.04,0.0
1163,1,313,0.3119999999999896,0.054313099041533544,40.5,4.05,0.0
1164,0,179,-0.8219999999999998,0.055865921787709494,40.6,4.06,0.0
1165,3,579,2.5779999999999603,0.055267702936096716,40.9,4.06,0.0
1166,0,179,-0.8219999999999998,0.055865921787709494,41.0,4.07,0.0
1167,0,179,-0.8219999999999998,0.055865921787709494,41.1,4.09,0.0
1168,0,182,-0.8189999999999998,0.06043956043956044,41.2,4.10,0.0
1169,2,459,1.4579999999999735,0.05664488017429194,41.5,4.10,0.0
1170,0,186,-0.8149999999999998,0.05913978494623656,41.6,4.11,0.0
1171,1,314,0.3129999999999895,0.05732484076433121,41.7,4.12,0.0
1172,3,579,2.5779999999999603,0.05699481865284974,42.0,4.11,0.0
1173,0,179,-0.8219999999999998,0.055865921787709494,42.1,4.13,0.0
1174,0,179,-0.8219999999999998,0.05027932960893855,42.2,4.14,0.0
1175,2,446,1.444999999999975,0.05605381165919283,42.5,4.14,0.0
1176,1,336,0.3349999999999871,0.05654761904761905,42.7,4.15,0.0
1177,5,860,4.859000000000036,0.05581395348837209,43.1,4.13,0.0
1178,3,579,2.5779999999999603,0.055267702936096716,43.4,4.12,0.0
1179,2,446,1.444999999999975,0.05605381165919283,43.7,4.12,0.0
1180,0,189,-0.8119999999999998,0.0582010582010582,43.8,4.14,0.0
1181,0,179,-0.8219999999999998,0.055865921787709494,43.9,4.15,0.0
1182,4,714,3.7129999999999885,0.056022408963585436,44.2,4.14,0.0
1183,2,446,1.444999999999975,0.05605381165919283,44.5,4.14,0.0
1184,3,579,2.5779999999999603,0.055267702936096716,44.8,4.13,0.0
1185,6,1003,6.002000000000083,0.05583250249252243,45.3,4.10,0.0
1186,1,313,0.3119999999999896,0.054313099041533544,45.5,4.11,0.0
1187,0,187,-0.8139999999999998,0.058823529411764705,45.6,4.12,0.0
1188,0,179,-0.8219999999999998,0.055865921787709494,45.7,4.13,0.0
1189,4,713,3.711999999999988,0.0546984572230014,46.1,4.12,0.0
1190,1,313,0.3119999999999896,0.054313099041533544,46.3,4.13,0.0
1191,2,463,1.461999999999973,0.056155507559395246,46.5,4.13,0.0
1192,1,334,0.3329999999999873,0.05688622754491018,46.7,4.13,0.0
1193,0,187,-0.8139999999999998,0.058823529411764705,46.8,4.14,0.0
1194,6,979,5.978000000000075,0.05515832482124617,47.3,4.12,0.0
1195,4,737,3.735999999999996,0.05563093622795115,47.7,4.11,0.0
1196,1,319,0.31799999999998896,0.05642633228840126,47.9,4.11,0.0
1197,5,855,4.854000000000035,0.056140350877192984,48.4,4.09,0.0
1198,6,985,5.984000000000077,0.05583756345177665,48.9,4.07,0.0
1199,2,453,1.4519999999999742,0.05739514348785872,49.1,4.07,0.0
1200,2,446,1.444999999999975,0.05605381165919283,49.4,4.07,0.0
1201,0,179,-0.8219999999999998,0.055865921787709494,49.5,4.08,0.0
1202,3,579,2.5779999999999603,0.055267702936096716,49.8,4.08,0.0
1203,0,196,-0.8049999999999998,0.05612244897959184,49.9,4.09,0.0
1204,3,580,2.57899999999996,0.056896551724137934,50.2,4.09,0.0
1205,0,184,-0.8169999999999998,0.059782608695652176,50.3,4.10,0.0
1206,0,179,-0.8219999999999998,0.05027932960893855,50.4,4.11,0.0
1207,0,188,-0.8129999999999998,0.05851063829787234,50.5,4.12,0.0
1208,2,446,1.444999999999975,0.05605381165919283,50.7,4.12,0.0
1209,0,182,-0.8189999999999998,0.06043956043956044,50.8,4.13,0.0
1210,0,179,-0.8219999999999998,0.055865921787709494,50.9,4.14,0.0
1211,9,1399,9.397999999999877,0.05575411007862759,51.7,4.10,0.0
1212,0,179,-0.8219999999999998,0.055865921787709494,51.8,4.11,0.0
1213,0,179,-0.8219999999999998,0.055865921787709494,51.9,4.13,0.0
1214,1,313,0.3119999999999896,0.05750798722044728,52.0,4.13,0.0
1215,0,179,-0.8219999999999998,0.055865921787709494,52.1,4.14,0.0
1216,1,313,0.3119999999999896,0.054313099041533544,52.3,4.15,0.0
1217,4,713,3.711999999999988,0.056100981767180924,52.7,4.14,0.0
1218,0,179,-0.8219999999999998,0.055865921787709494,52.8,4.15,0.0
1219,0,189,-0.8119999999999998,0.0582010582010582,52.9,4.16,0.0
1220,1,313,0.3119999999999896,0.054313099041533544,53.0,4.17,0.0
1221,0,195,-0.8059999999999998,0.05641025641025641,53.1,4.18,0.0
1222,1,313,0.3119999999999896,0.054313099041533544,53.3,4.18,0.0
1223,0,179,-0.8219999999999998,0.055865921787709494,53.4,4.19,0.0
1224,1,313,0.3119999999999896,0.054313099041533544,53.6,4.20,0.0
1225,0,185,-0.8159999999999998,0.05945945945945946,53.7,4.21,0.0
1226,5,846,4.845000000000032,0.05555555555555555,54.1,4.19,0.0
1227,2,446,1.444999999999975,0.05605381165919283,54.4,4.19,0.0
1228,7,1113,7.112000000000036,0.055705300988319856,55.0,4.17,0.0
1229,3,585,2.5839999999999597,0.05641025641025641,55.3,4.16,0.0
1230,4,713,3.711999999999988,0.056100981767180924,55.7,4.15,0.0
1231,3,579,2.5779999999999603,0.055267702936096716,56.0,4.15,0.0
1232,5,846,4.845000000000032,0.05555555555555555,56.4,4.13,0.0
1233,0,179,-0.8219999999999998,0.055865921787709494,56.5,4.14,0.0
1234,0,179,-0.8219999999999998,0.055865921787709494,56.6,4.15,0.0
1235,0,179,-0.8219999999999998,0.055865921787709494,56.7,4.16,0.0
1236,1,313,0.3119999999999896,0.054313099041533544,56.9,4.17,0.0
1237,3,579,2.5779999999999603,0.055267702936096716,57.2,4.16,0.0
1238,4,713,3.711999999999988,0.0546984572230014,57.6,4.15,0.0
1239,3,579,2.5779999999999603,0.055267702936096716,57.9,4.15,0.0
1240,0,186,-0.8149999999999998,0.05913978494623656,58.0,4.16,0.0
1241,2,462,1.4609999999999732,0.05627705627705628,58.2,4.16,0.0
1242,3,587,2.5859999999999594,0.056218057921635436,58.5,4.15,0.0
1243,2,457,1.4559999999999738,0.05689277899343545,58.8,4.15,0.0
1244,1,313,0.3119999999999896,0.05750798722044728,58.9,4.16,0.0
1245,1,313,0.3119999999999896,0.054313099041533544,59.1,4.16,0.0
1246,1,313,0.3119999999999896,0.05750798722044728,59.3,4.17,0.0
1247,2,446,1.444999999999975,0.053811659192825115,59.5,4.17,0.0
1248,1,313,0.3119999999999896,0.05750798722044728,59.7,4.17,0.0
1249,0,189,-0.8119999999999998,0.0582010582010582,59.8,4.18,0.0
1250,1,313,0.3119999999999896,0.054313099041533544,59.9,4.19,0.0
1251,3,579,2.5779999999999603,0.055267702936096716,60.2,4.18,0.0
1252,0,179,-0.8219999999999998,0.055865921787709494,60.3,4.19,0.0
1253,0,184,-0.8169999999999998,0.059782608695652176,60.4,4.20,0.0
1254,0,183,-0.8179999999999998,0.060109289617486336,60.5,4.21,0.0
1255,0,179,-0.8219999999999998,0.055865921787709494,60.6,4.22,0.0
1256,1,313,0.3119999999999896,0.054313099041533544,60.8,4.23,0.0
1257,0,179,-0.8219999999999998,0.055865921787709494,60.9,4.24,0.0
1258,3,583,2.58199999999996,0.05660377358490566,61.2,4.23,0.0
1259,0,193,-0.8079999999999998,0.05699481865284974,61.3,4.24,0.0
1260,2,446,1.444999999999975,0.05605381165919283,61.5,4.24,0.0
1261,1,313,0.3119999999999896,0.05750798722044728,61.7,4.25,0.0
1262,3,579,2.5779999999999603,0.05699481865284974,62.0,4.24,0.0
1263,6,980,5.979000000000076,0.05612244897959184,62.5,4.22,0.0
1264,0,179,-0.8219999999999998,0.055865921787709494,62.6,4.23,0.0
1265,2,453,1.4519999999999742,0.05739514348785872,62.9,4.23,0.0
1266,1,313,0.3119999999999896,0.05750798722044728,63.0,4.24,0.0
1267,0,179,-0.8219999999999998,0.05027932960893855,63.1,4.24,0.0
1268,0,189,-0.8119999999999998,0.0582010582010582,63.2,4.25,0.0
1269,5,846,4.845000000000032,0.05555555555555555,63.7,4.24,0.0
1270,1,313,0.3119999999999896,0.054313099041533544,63.8,4.24,0.0
1271,1,313,0.3119999999999896,0.05750798722044728,64.0,4.25,0.0
1272,0,186,-0.8149999999999998,0.05913978494623656,64.1,4.26,0.0
1273,5,846,4.845000000000032,0.05555555555555555,64.6,4.24,0.0
1274,2,446,1.444999999999975,0.053811659192825115,64.8,4.24,0.0
1275,3,579,2.5779999999999603,0.055267702936096716,65.1,4.24,0.0
1276,4,713,3.711999999999988,0.0546984572230014,65.5,4.23,0.0
1277,0,179,-0.8219999999999998,0.055865921787709494,65.6,4.24,0.0
1278,0,188,-0.8129999999999998,0.05851063829787234,65.7,4.25,0.0
1279,3,582,2.58099999999996,0.05670103092783505,66.0,4.24,0.0
1280,3,592,2.590999999999959,0.05574324324324324,66.3,4.24,0.0
1281,8,1246,8.244999999999962,0.05537720706260032,67.0,4.21,0.0
1282,2,446,1.444999999999975,0.05605381165919283,67.2,4.21,0.0
1283,5,846,4.845000000000032,0.05555555555555555,67.7,4.19,0.0
1284,0,195,-0.8059999999999998,0.05641025641025641,67.8,4.20,0.0
1285,0,179,-0.8219999999999998,0.055865921787709494,67.9,4.21,0.0
1286,6,979,5.978000000000075,0.05515832482124617,68.4,4.20,0.0
1287,0,179,-0.8219999999999998,0.055865921787709494,68.5,4.20,0.0
1288,2,462,1.4609999999999732,0.05627705627705628,68.8,4.20,0.0
1289,1,313,0.3119999999999896,0.054313099041533544,68.9,4.21,0.0
1290,4,731,3.729999999999994,0.0560875512995896,69.3,4.20,0.0
1291,2,446,1.444999999999975,0.053811659192825115,69.6,4.20,0.0
1292,1,313,0.3119999999999896,0.054313099041533544,69.7,4.20,0.0
1293,1,313,0.3119999999999896,0.054313099041533544,69.9,4.21,0.0
1294,0,186,-0.8149999999999998,0.05913978494623656,70.0,4.21,0.0
1295,1,313,0.3119999999999896,0.054313099041533544,70.2,4.22,0.0
1296,1,313,0.3119999999999896,0.054313099041533544,70.3,4.22,0.0
1297,3,579,2.5779999999999603,0.055267702936096716,70.6,4.22,0.0
1298,2,446,1.444999999999975,0.05605381165919283,70.9,4.22,0.0
1299,0,179,-0.8219999999999998,0.055865921787709494,71.0,4.23,0.0
1300,2,463,1.461999999999973,0.056155507559395246,71.2,4.22,0.0
1301,0,179,-0.8219999999999998,0.05027932960893855,71.3,4.23,0.0
1302,1,313,0.3119999999999896,0.05750798722044728,71.5,4.24,0.0
1303,2,446,1.444999999999975,0.053811659192825115,71.7,4.24,0.0
1304,3,579,2.5779999999999603,0.05699481865284974,72.1,4.23,0.0
1305,0,179,-0.8219999999999998,0.055865921787709494,72.2,4.24,0.0
1306,1,319,0.31799999999998896,0.05642633228840126,72.3,4.24,0.0
1307,0,179,-0.8219999999999998,0.055865921787709494,72.4,4.25,0.0
1308,1,314,0.3129999999999895,0.05732484076433121,72.6,4.26,0.0
1309,0,179,-0.8219999999999998,0.055865921787709494,72.7,4.27,0.0
1310,3,579,2.5779999999999603,0.055267702936096716,73.0,4.26,0.0
1311,1,320,0.31899999999998885,0.05625,73.2,4.26,0.0
1312,2,446,1.444999999999975,0.05605381165919283,73.4,4.26,0.0
1313,1,330,0.32899999999998775,0.05757575757575758,73.6,4.27,0.0
1314,0,179,-0.8219999999999998,0.055865921787709494,73.7,4.28,0.0
1315,1,314,0.3129999999999895,0.05732484076433121,73.8,4.28,0.0
1316,1,313,0.3119999999999896,0.054313099041533544,74.0,4.28,0.0
1317,0,183,-0.8179999999999998,0.060109289617486336,74.1,4.29,0.0
1318,0,179,-0.8219999999999998,0.055865921787709494,74.2,4.30,0.0
1319,6,1006,6.005000000000084,0.055666003976143144,74.7,4.28,0.0
1320,1,313,0.3119999999999896,0.05750798722044728,74.9,4.29,0.0
1321,1,313,0.3119999999999896,0.05750798722044728,75.1,4.29,0.0
1322,2,446,1.444999999999975,0.05605381165919283,75.3,4.29,0.0
1323,0,196,-0.8049999999999998,0.05612244897959184,75.4,4.30,0.0
1324,2,465,1.4639999999999729,0.05591397849462366,75.6,4.30,0.0
1325,0,179,-0.8219999999999998,0.055865921787709494,75.7,4.30,0.0
1326,1,313,0.3119999999999896,0.054313099041533544,75.9,4.31,0.0
1327,0,179,-0.8219999999999998,0.055865921787709494,76.0,4.32,0.0
1328,9,1379,9.377999999999888,0.05583756345177665,76.8,4.28,0.0
1329,2,446,1.444999999999975,0.05605381165919283,77.0,4.28,0.0
1330,0,179,-0.8219999999999998,0.05027932960893855,77.1,4.29,0.0
1331,0,179,-0.8219999999999998,0.055865921787709494,77.2,4.30,0.0
1332,2,446,1.444999999999975,0.05605381165919283,77.4,4.30,0.0
1333,3,579,2.5779999999999603,0.055267702936096716,77.8,4.30,0.0
1334,4,713,3.711999999999988,0.0546984572230014,78.1,4.29,0.0
1335,2,455,1.453999999999974,0.05714285714285714,78.4,4.29,0.0
1336,3,579,2.5779999999999603,0.055267702936096716,78.7,4.28,0.0
1337,0,208,-0.7929999999999998,0.057692307692307696,78.8,4.29,0.0
1338,1,313,0.3119999999999896,0.054313099041533544,79.0,4.29,0.0
1339,3,589,2.587999999999959,0.05602716468590832,79.3,4.29,0.0
1340,3,589,2.587999999999959,0.05602716468590832,79.6,4.28,0.0
1341,1,313,0.3119999999999896,0.054313099041533544,79.8,4.29,0.0
1342,2,446,1.444999999999975,0.05605381165919283,80.0,4.29,0.0
1343,3,579,2.5779999999999603,0.055267702936096716,80.3,4.28,0.0
1344,3,584,2.5829999999999598,0.05650684931506849,80.6,4.28,0.0
1345,0,179,-0.8219999999999998,0.055865921787709494,80.7,4.29,0.0
1346,3,611,2.609999999999957,0.05564648117839607,81.0,4.28,0.0
1347,5,851,4.850000000000033,0.0564042303172738,81.5,4.27,0.0
1348,3,592,2.590999999999959,0.05574324324324324,81.8,4.27,0.0
1349,1,313,0.3119999999999896,0.05750798722044728,82.0,4.27,0.0
1350,4,722,3.720999999999991,0.05678670360110803,82.4,4.26,0.0
1351,2,446,1.444999999999975,0.05605381165919283,82.6,4.26,0.0
1352,3,579,2.5779999999999603,0.055267702936096716,82.9,4.26,0.0
1353,0,179,-0.8219999999999998,0.055865921787709494,83.0,4.26,0.0
1354,4,735,3.7339999999999955,0.055782312925170066,83.4,4.26,0.0
1355,0,179,-0.8219999999999998,0.055865921787709494,83.5,4.26,0.0
1356,0,195,-0.8059999999999998,0.05641025641025641,83.6,4.27,0.0
1357,1,313,0.3119999999999896,0.054313099041533544,83.8,4.27,0.0
1358,2,446,1.444999999999975,0.053811659192825115,84.0,4.27,0.0
1359,1,313,0.3119999999999896,0.054313099041533544,84.2,4.28,0.0
1360,4,713,3.711999999999988,0.056100981767180924,84.6,4.27,0.0
1361,1,321,0.31999999999998874,0.056074766355140186,84.7,4.27,0.0
1362,0,179,-0.8219999999999998,0.055865921787709494,84.8,4.28,0.0
1363,1,314,0.3129999999999895,0.05732484076433121,85.0,4.28,0.0
1364,0,179,-0.8219999999999998,0.055865921787709494,85.1,4.29,0.0
1365,5,846,4.845000000000032,0.05555555555555555,85.6,4.28,0.0
1366,3,579,2.5779999999999603,0.05699481865284974,85.9,4.27,0.0
1367,2,446,1.444999999999975,0.05605381165919283,86.1,4.27,0.0
1368,0,179,-0.8219999999999998,0.05027932960893855,86.2,4.28,0.0
1369,1,313,0.3119999999999896,0.05750798722044728,86.4,4.28,0.0
1370,2,446,1.444999999999975,0.05605381165919283,86.6,4.28,0.0
1371,3,609,2.607999999999957,0.05582922824302135,87.0,4.28,0.0
1372,1,313,0.3119999999999896,0.054313099041533544,87.2,4.28,0.0
1373,0,184,-0.8169999999999998,0.059782608695652176,87.3,4.29,0.0
1374,3,579,2.5779999999999603,0.055267702936096716,87.6,4.28,0.0
1375,0,179,-0.8219999999999998,0.055865921787709494,87.6,4.29,0.0
1376,2,446,1.444999999999975,0.05605381165919283,87.9,4.29,0.0
1377,1,313,0.3119999999999896,0.05750798722044728,88.1,4.29,0.0
1378,0,179,-0.8219999999999998,0.055865921787709494,88.2,4.30,0.0
1379,2,446,1.444999999999975,0.05605381165919283,88.4,4.30,0.0
1380,0,188,-0.8129999999999998,0.05851063829787234,88.5,4.31,0.0
1381,0,179,-0.8219999999999998,0.055865921787709494,88.6,4.31,0.0
1382,3,584,2.5829999999999598,0.05650684931506849,88.9,4.31,0.0
1383,0,194,-0.8069999999999998,0.05670103092783505,89.0,4.31,0.0
1384,1,335,0.3339999999999872,0.056716417910447764,89.2,4.32,0.0
1385,0,184,-0.8169999999999998,0.059782608695652176,89.3,4.32,0.0
1386,2,446,1.444999999999975,0.05605381165919283,89.5,4.32,0.0
1387,2,446,1.444999999999975,0.05605381165919283,89.8,4.32,0.0
1388,0,179,-0.8219999999999998,0.055865921787709494,89.9,4.33,0.0
1389,3,580,2.57899999999996,0.056896551724137934,90.2,4.33,0.0
1390,7,1125,7.124000000000029,0.056,90.8,4.31,0.0
1391,0,179,-0.8219999999999998,0.055865921787709494,90.9,4.31,0.0
1392,0,187,-0.8139999999999998,0.058823529411764705,91.0,4.32,0.0
1393,3,583,2.58199999999996,0.05660377358490566,91.3,4.32,0.0
1394,0,179,-0.8219999999999998,0.055865921787709494,91.4,4.32,0.0
1395,0,186,-0.8149999999999998,0.05913978494623656,91.5,4.33,0.0
1396,2,446,1.444999999999975,0.05605381165919283,91.7,4.33,0.0
1397,6,979,5.978000000000075,0.05515832482124617,92.2,4.31,0.0
1398,5,846,4.845000000000032,0.05555555555555555,92.7,4.30,0.0
1399,5,851,4.850000000000033,0.0564042303172738,93.2,4.29,0.0
1400,2,446,1.444999999999975,0.053811659192825115,93.4,4.29,0.0
1401,1,313,0.3119999999999896,0.054313099041533544,93.6,4.30,0.0
1402,0,206,-0.7949999999999998,0.05825242718446602,93.7,4.30,0.0
1403,3,579,2.5779999999999603,0.055267702936096716,94.0,4.30,0.0
1404,2,466,1.4649999999999728,0.055793991416309016,94.2,4.30,0.0
1405,0,179,-0.8219999999999998,0.055865921787709494,94.3,4.30,0.0
1406,0,179,-0.8219999999999998,0.055865921787709494,94.4,4.31,0.0
1407,0,179,-0.8219999999999998,0.055865921787709494,94.5,4.32,0.0
1408,3,609,2.607999999999957,0.05582922824302135,94.8,4.31,0.0
1409,5,854,4.853000000000034,0.05620608899297424,95.3,4.30,0.0
1410,0,181,-0.8199999999999998,0.06077348066298342,95.4,4.31,0.0
1411,1,313,0.3119999999999896,0.05750798722044728,95.6,4.31,0.0
1412,0,179,-0.8219999999999998,0.055865921787709494,95.7,4.32,0.0
1413,0,179,-0.8219999999999998,0.055865921787709494,95.8,4.32,0.0
1414,0,179,-0.8219999999999998,0.055865921787709494,95.9,4.33,0.0
1415,2,446,1.444999999999975,0.05605381165919283,96.1,4.33,0.0
1416,0,179,-0.8219999999999998,0.055865921787709494,96.2,4.34,0.0
1417,1,313,0.3119999999999896,0.054313099041533544,96.4,4.34,0.0
1418,1,313,0.3119999999999896,0.054313099041533544,96.5,4.34,0.0
1419,0,179,-0.8219999999999998,0.055865921787709494,96.6,4.35,0.0
1420,2,446,1.444999999999975,0.05605381165919283,96.9,4.35,0.0
1421,3,579,2.5779999999999603,0.055267702936096716,97.2,4.34,0.0
1422,1,319,0.31799999999998896,0.05642633228840126,97.3,4.35,0.0
1423,0,179,-0.8219999999999998,0.055865921787709494,97.4,4.35,0.0
1424,0,182,-0.8189999999999998,0.06043956043956044,97.5,4.36,0.0
1425,2,459,1.4579999999999735,0.05664488017429194,97.8,4.36,0.0
1426,2,446,1.444999999999975,0.05605381165919283,98.0,4.36,0.0
1427,2,446,1.444999999999975,0.053811659192825115,98.2,4.36,0.0
1428,5,846,4.845000000000032,0.05555555555555555,98.7,4.35,0.0
1429,1,313,0.3119999999999896,0.054313099041533544,98.9,4.35,0.0
1430,6,979,5.978000000000075,0.05515832482124617,99.4,4.34,0.0
1431,1,339,0.33799999999998676,0.05604719764011799,99.6,4.34,0.0
1432,0,192,-0.8089999999999998,0.057291666666666664,99.7,4.34,0.0
1433,0,183,-0.8179999999999998,0.060109289617486336,99.8,4.35,0.0
1434,0,179,-0.8219999999999998,0.055865921787709494,99.9,4.36,0.0
1435,6,980,5.979000000000076,0.05612244897959184,100.4,4.34,0.0
1436,4,713,3.711999999999988,0.0546984572230014,100.8,4.34,0.0
1437,4,727,3.725999999999993,0.05639614855570839,101.2,4.33,0.0
1438,1,338,0.33699999999998687,0.05621301775147929,101.3,4.33,0.0
1439,5,852,4.851000000000034,0.056338028169014086,101.8,4.32,0.0
1440,5,860,4.859000000000036,0.05581395348837209,102.3,4.31,0.0
1441,5,846,4.845000000000032,0.05555555555555555,102.8,4.30,0.0
1442,1,313,0.3119999999999896,0.054313099041533544,102.9,4.30,0.0
1443,0,179,-0.8219999999999998,0.055865921787709494,103.0,4.31,0.0
1444,1,313,0.3119999999999896,0.05750798722044728,103.2,4.31,0.0
1445,2,467,1.4659999999999727,0.055674518201284794,103.5,4.31,0.0
1446,2,446,1.444999999999975,0.053811659192825115,103.7,4.31,0.0
1447,0,187,-0.8139999999999998,0.058823529411764705,103.8,4.32,0.0
1448,0,184,-0.8169999999999998,0.059782608695652176,103.9,4.32,0.0
1449,0,179,-0.8219999999999998,0.055865921787709494,104.0,4.33,0.0
1450,3,579,2.5779999999999603,0.055267702936096716,104.3,4.32,0.0
1451,4,713,3.711999999999988,0.0546984572230014,104.7,4.32,0.0
1452,1,336,0.3349999999999871,0.05654761904761905,104.8,4.32,0.0
1453,4,713,3.711999999999988,0.0546984572230014,105.2,4.31,0.0
1454,0,210,-0.7909999999999998,0.05714285714285714,105.3,4.32,0.0
1455,4,713,3.711999999999988,0.056100981767180924,105.7,4.31,0.0
1456,0,185,-0.8159999999999998,0.05945945945945946,105.8,4.32,0.0
1457,4,713,3.711999999999988,0.0546984572230014,106.2,4.31,0.0
1458,0,179,-0.8219999999999998,0.055865921787709494,106.3,4.32,0.0
1459,0,186,-0.8149999999999998,0.05913978494623656,106.4,4.32,0.0
1460,3,587,2.5859999999999594,0.056218057921635436,106.8,4.32,0.0
1461,2,446,1.444999999999975,0.05605381165919283,107.0,4.32,0.0
1462,0,210,-0.7909999999999998,0.05714285714285714,107.1,4.32,0.0
1463,1,318,0.31699999999998907,0.05660377358490566,107.3,4.33,0.0
1464,0,179,-0.8219999999999998,0.055865921787709494,107.4,4.33,0.0
1465,1,317,0.3159999999999892,0.056782334384858045,107.5,4.33,0.0
1466,2,446,1.444999999999975,0.05605381165919283,107.8,4.33,0.0
1467,0,187,-0.8139999999999998,0.058823529411764705,107.9,4.34,0.0
1468,0,179,-0.8219999999999998,0.055865921787709494,108.0,4.34,0.0
1469,0,179,-0.8219999999999998,0.055865921787709494,108.1,4.35,0.0
1470,6,979,5.978000000000075,0.056179775280898875,108.6,4.34,0.0
1471,1,320,0.31899999999998885,0.05625,108.8,4.34,0.0
1472,0,179,-0.8219999999999998,0.055865921787709494,108.8,4.35,0.0
1473,2,446,1.444999999999975,0.05605381165919283,109.1,4.35,0.0
1474,0,192,-0.8089999999999998,0.057291666666666664,109.2,4.35,0.0
1475,3,579,2.5779999999999603,0.055267702936096716,109.5,4.35,0.0
1476,3,579,2.5779999999999603,0.055267702936096716,109.8,4.34,0.0
1477,0,179,-0.8219999999999998,0.055865921787709494,109.9,4.35,0.0
1478,1,313,0.3119999999999896,0.054313099041533544,110.0,4.35,0.0
1479,1,337,0.335999999999987,0.05637982195845697,110.2,4.35,0.0
1480,3,584,2.5829999999999598,0.05650684931506849,110.5,4.35,0.0
1481,2,462,1.4609999999999732,0.05627705627705628,110.8,4.35,0.0
1482,0,179,-0.8219999999999998,0.055865921787709494,110.9,4.36,0.0
1483,3,579,2.5779999999999603,0.055267702936096716,111.2,4.35,0.0
1484,0,189,-0.8119999999999998,0.0582010582010582,111.3,4.36,0.0
1485,0,179,-0.8219999999999998,0.055865921787709494,111.4,4.36,0.0
1486,0,179,-0.8219999999999998,0.055865921787709494,111.5,4.37,0.0
1487,0,182,-0.8189999999999998,0.06043956043956044,111.6,4.37,0.0
1488,4,713,3.711999999999988,0.0546984572230014,112.0,4.37,0.0
1489,1,333,0.3319999999999874,0.057057057057057055,112.2,4.37,0.0
1490,6,979,5.978000000000075,0.05515832482124617,112.7,4.36,0.0
1491,0,186,-0.8149999999999998,0.05913978494623656,112.8,4.36,0.0
1492,2,461,1.4599999999999733,0.05639913232104121,113.1,4.36,0.0
1493,3,579,2.5779999999999603,0.055267702936096716,113.4,4.36,0.0
1494,2,446,1.444999999999975,0.05605381165919283,113.6,4.36,0.0
1495,0,179,-0.8219999999999998,0.061452513966480445,113.7,4.36,0.0
1496,0,179,-0.8219999999999998,0.055865921787709494,113.8,4.37,0.0
1497,2,446,1.444999999999975,0.05605381165919283,114.1,4.37,0.0
1498,3,584,2.5829999999999598,0.05650684931506849,114.4,4.36,0.0
1499,2,446,1.444999999999975,0.05605381165919283,114.6,4.36,0.0
1500,2,446,1.444999999999975,0.05605381165919283,114.9,4.36,0.0
1501,1,313,0.3119999999999896,0.054313099041533544,118.2,4.25,0.0
1502,6,979,5.978000000000075,0.056179775280898875,118.8,4.24,0.0
1503,1,313,0.3119999999999896,0.05750798722044728,118.9,4.24,0.0
1504,0,182,-0.8189999999999998,0.06043956043956044,119.0,4.24,0.0
1505,0,179,-0.8219999999999998,0.055865921787709494,119.1,4.25,0.0
1506,3,579,2.5779999999999603,0.055267702936096716,119.4,4.25,0.0
1507,3,589,2.587999999999959,0.05602716468590832,119.7,4.24,0.0
1508,1,336,0.3349999999999871,0.05654761904761905,119.9,4.24,0.0
1509,2,481,1.4799999999999711,0.056133056133056136,120.2,4.24,0.0
1510,5,860,4.859000000000036,0.05581395348837209,120.6,4.24,0.0
1511,3,582,2.58099999999996,0.05670103092783505,120.9,4.23,0.0
1512,7,1132,7.131000000000025,0.05565371024734982,121.5,4.22,0.0
1513,2,457,1.4559999999999738,0.05689277899343545,121.8,4.22,0.0
1514,0,184,-0.8169999999999998,0.059782608695652176,121.9,4.23,0.0
1515,7,1127,7.126000000000028,0.055900621118012424,122.5,4.21,0.0
1516,1,315,0.3139999999999894,0.05714285714285714,122.7,4.22,0.0
1517,2,446,1.444999999999975,0.05605381165919283,122.9,4.21,0.0
1518,2,446,1.444999999999975,0.05605381165919283,123.1,4.21,0.0
1519,4,729,3.7279999999999935,0.056241426611796985,123.5,4.21,0.0
1520,0,179,-0.8219999999999998,0.055865921787709494,123.6,4.21,0.0
1521,0,179,-0.8219999999999998,0.055865921787709494,123.7,4.22,0.0
1522,1,313,0.3119999999999896,0.05750798722044728,123.9,4.22,0.0
1523,0,179,-0.8219999999999998,0.055865921787709494,124.0,4.23,0.0
1524,2,446,1.444999999999975,0.05605381165919283,124.2,4.23,0.0
1525,3,587,2.5859999999999594,0.056218057921635436,124.5,4.22,0.0
1526,0,190,-0.8109999999999998,0.05789473684210526,124.6,4.23,0.0
1527,0,194,-0.8069999999999998,0.05670103092783505,124.7,4.23,0.0
1528,1,313,0.3119999999999896,0.05750798722044728,124.9,4.23,0.0
1529,1,315,0.3139999999999894,0.05714285714285714,125.1,4.24,0.0
1530,0,181,-0.8199999999999998,0.06077348066298342,125.2,4.24,0.0
1531,6,979,5.978000000000075,0.05515832482124617,125.7,4.23,0.0
1532,1,313,0.3119999999999896,0.054313099041533544,125.9,4.24,0.0
1533,0,179,-0.8219999999999998,0.055865921787709494,126.0,4.24,0.0
1534,2,446,1.444999999999975,0.05605381165919283,126.2,4.24,0.0
1535,0,179,-0.8219999999999998,0.055865921787709494,126.3,4.24,0.0
1536,0,187,-0.8139999999999998,0.058823529411764705,126.4,4.25,0.0
1537,0,179,-0.8219999999999998,0.055865921787709494,126.5,4.25,0.0
1538,2,446,1.444999999999975,0.053811659192825115,126.7,4.25,0.0
1539,1,313,0.3119999999999896,0.05750798722044728,126.9,4.26,0.0
1540,0,185,-0.8159999999999998,0.05945945945945946,127.0,4.26,0.0
1541,0,179,-0.8219999999999998,0.055865921787709494,127.1,4.26,0.0
1542,1,313,0.3119999999999896,0.054313099041533544,127.3,4.27,0.0
1543,1,313,0.3119999999999896,0.054313099041533544,127.4,4.27,0.0
1544,1,313,0.3119999999999896,0.054313099041533544,127.6,4.27,0.0
1545,1,318,0.31699999999998907,0.05660377358490566,127.8,4.27,0.0
1546,2,446,1.444999999999975,0.05605381165919283,128.0,4.27,0.0
1547,3,584,2.5829999999999598,0.05650684931506849,128.3,4.27,0.0
1548,1,316,0.3149999999999893,0.056962025316455694,128.5,4.27,0.0
1549,0,187,-0.8139999999999998,0.058823529411764705,128.6,4.28,0.0
1550,4,730,3.728999999999994,0.056164383561643834,129.0,4.27,0.0
1551,0,179,-0.8219999999999998,0.055865921787709494,129.1,4.28,0.0
1552,3,579,2.5779999999999603,0.055267702936096716,129.4,4.27,0.0
1553,8,1246,8.244999999999962,0.05537720706260032,130.1,4.26,0.0
1554,3,605,2.6039999999999575,0.05619834710743802,130.4,4.26,0.0
1555,1,313,0.3119999999999896,0.054313099041533544,130.6,4.26,0.0
1556,1,339,0.33799999999998676,0.05604719764011799,130.7,4.26,0.0
1557,1,313,0.3119999999999896,0.054313099041533544,130.9,4.26,0.0
1558,2,462,1.4609999999999732,0.05627705627705628,131.1,4.26,0.0
1559,0,185,-0.8159999999999998,0.05945945945945946,131.2,4.27,0.0
1560,1,313,0.3119999999999896,0.054313099041533544,131.4,4.27,0.0
1561,0,179,-0.8219999999999998,0.055865921787709494,131.5,4.27,0.0
1562,4,713,3.711999999999988,0.0546984572230014,131.9,4.27,0.0
1563,2,447,1.4459999999999749,0.05592841163310962,132.1,4.27,0.0
1564,0,179,-0.8219999999999998,0.055865921787709494,132.2,4.27,0.0
1565,1,334,0.3329999999999873,0.05688622754491018,132.4,4.27,0.0
1566,0,194,-0.8069999999999998,0.05670103092783505,132.5,4.28,0.0
1567,3,579,2.5779999999999603,0.055267702936096716,132.8,4.28,0.0
1568,0,179,-0.8219999999999998,0.055865921787709494,132.9,4.28,0.0
1569,3,610,2.608999999999957,0.05573770491803279,133.2,4.28,0.0
1570,3,605,2.6039999999999575,0.05619834710743802,133.6,4.27,0.0
1571,2,455,1.453999999999974,0.05714285714285714,133.8,4.27,0.0
1572,0,192,-0.8089999999999998,0.057291666666666664,133.9,4.28,0.0
1573,2,478,1.4769999999999714,0.056485355648535567,134.2,4.28,0.0
1574,5,846,4.845000000000032,0.05555555555555555,134.7,4.27,0.0
1575,3,579,2.5779999999999603,0.055267702936096716,135.0,4.27,0.0
1576,1,313,0.3119999999999896,0.054313099041533544,135.1,4.27,0.0
1577,1,313,0.3119999999999896,0.054313099041533544,135.3,4.27,0.0
1578,0,190,-0.8109999999999998,0.05789473684210526,135.4,4.28,0.0
1579,0,193,-0.8079999999999998,0.05699481865284974,135.5,4.28,0.0
1580,0,179,-0.8219999999999998,0.055865921787709494,135.6,4.28,0.0
1581,2,465,1.4639999999999729,0.05591397849462366,135.9,4.28,0.0
1582,2,456,1.4549999999999739,0.05701754385964912,136.1,4.28,0.0
1583,3,579,2.5779999999999603,0.055267702936096716,136.4,4.28,0.0
1584,3,584,2.5829999999999598,0.05650684931506849,136.7,4.28,0.0
1585,0,179,-0.8219999999999998,0.055865921787709494,136.8,4.28,0.0
1586,3,585,2.5839999999999597,0.05641025641025641,137.1,4.28,0.0
1587,0,179,-0.8219999999999998,0.055865921787709494,137.2,4.28,0.0
1588,0,196,-0.8049999999999998,0.05612244897959184,137.3,4.29,0.0
1589,1,313,0.3119999999999896,0.054313099041533544,137.5,4.29,0.0
1590,3,591,2.589999999999959,0.05583756345177665,137.8,4.29,0.0
1591,0,179,-0.8219999999999998,0.055865921787709494,137.9,4.29,0.0
1592,2,461,1.4599999999999733,0.05639913232104121,138.2,4.29,0.0
1593,2,454,1.452999999999974,0.05726872246696035,138.4,4.29,0.0
1594,0,179,-0.8219999999999998,0.055865921787709494,138.5,4.30,0.0
1595,0,183,-0.8179999999999998,0.060109289617486336,138.6,4.30,0.0
1596,4,713,3.711999999999988,0.056100981767180924,139.0,4.30,0.0
1597,0,179,-0.8219999999999998,0.055865921787709494,139.1,4.30,0.0
1598,1,313,0.3119999999999896,0.054313099041533544,139.3,4.30,0.0
1599,1,313,0.3119999999999896,0.054313099041533544,139.4,4.30,0.0
1600,5,846,4.845000000000032,0.05555555555555555,139.9,4.30,0.0
1601,0,179,-0.8219999999999998,0.055865921787709494,140.0,4.30,0.0
1602,0,188,-0.8129999999999998,0.05851063829787234,140.1,4.30,0.0
1603,2,446,1.444999999999975,0.05605381165919283,140.3,4.30,0.0
1604,4,713,3.711999999999988,0.056100981767180924,140.7,4.30,0.0
1605,4,727,3.725999999999993,0.05639614855570839,141.1,4.30,0.0
1606,0,186,-0.8149999999999998,0.05913978494623656,141.2,4.30,0.0
1607,3,579,2.5779999999999603,0.055267702936096716,141.5,4.30,0.0
1608,1,313,0.3119999999999896,0.05750798722044728,141.7,4.30,0.0
1609,0,179,-0.8219999999999998,0.055865921787709494,141.8,4.30,0.0
1610,0,179,-0.8219999999999998,0.055865921787709494,141.9,4.31,0.0
1611,2,446,1.444999999999975,0.05605381165919283,142.1,4.31,0.0
1612,0,184,-0.8169999999999998,0.059782608695652176,142.2,4.31,0.0
1613,1,313,0.3119999999999896,0.05750798722044728,142.4,4.31,0.0
1614,0,179,-0.8219999999999998,0.055865921787709494,142.5,4.32,0.0
1615,2,446,1.444999999999975,0.05605381165919283,142.7,4.32,0.0
1616,4,729,3.7279999999999935,0.056241426611796985,143.1,4.31,0.0
1617,3,579,2.5779999999999603,0.055267702936096716,143.5,4.31,0.0
1618,2,457,1.4559999999999738,0.05689277899343545,143.7,4.31,0.0
1619,2,457,1.4559999999999738,0.05689277899343545,143.9,4.31,0.0
1620,0,179,-0.8219999999999998,0.055865921787709494,144.0,4.31,0.0
1621,1,313,0.3119999999999896,0.05750798722044728,144.2,4.31,0.0
1622,7,1120,7.119000000000032,0.05625,144.8,4.30,0.0
1623,0,179,-0.8219999999999998,0.055865921787709494,144.9,4.31,0.0
1624,0,179,-0.8219999999999998,0.055865921787709494,145.0,4.31,0.0
1625,2,446,1.444999999999975,0.05605381165919283,145.2,4.31,0.0
1626,1,317,0.3159999999999892,0.056782334384858045,145.4,4.31,0.0
1627,2,446,1.444999999999975,0.05605381165919283,145.6,4.31,0.0
1628,9,1379,9.377999999999888,0.05583756345177665,146.4,4.30,0.0
1629,1,313,0.3119999999999896,0.05750798722044728,146.6,4.30,0.0
1630,2,446,1.444999999999975,0.05605381165919283,146.8,4.30,0.0
1631,3,579,2.5779999999999603,0.055267702936096716,147.1,4.30,0.0
1632,0,187,-0.8139999999999998,0.058823529411764705,147.2,4.30,0.0
1633,1,313,0.3119999999999896,0.05750798722044728,147.4,4.30,0.0
1634,1,313,0.3119999999999896,0.054313099041533544,147.6,4.30,0.0
1635,4,713,3.711999999999988,0.0546984572230014,147.9,4.30,0.0
1636,2,457,1.4559999999999738,0.05689277899343545,148.2,4.30,0.0
1637,2,464,1.462999999999973,0.05603448275862069,148.4,4.30,0.0
1638,6,1002,6.001000000000083,0.05588822355289421,149.0,4.29,0.0
1639,2,446,1.444999999999975,0.05605381165919283,149.2,4.29,0.0
1640,1,313,0.3119999999999896,0.054313099041533544,149.4,4.29,0.0
1641,0,179,-0.8219999999999998,0.055865921787709494,149.5,4.29,0.0
1642,5,846,4.845000000000032,0.05555555555555555,149.9,4.29,0.0
1643,2,446,1.444999999999975,0.05605381165919283,150.2,4.29,0.0
1644,0,183,-0.8179999999999998,0.060109289617486336,150.3,4.29,0.0
1645,3,604,2.6029999999999576,0.056291390728476824,150.6,4.29,0.0
1646,1,313,0.3119999999999896,0.05750798722044728,150.8,4.29,0.0
1647,4,730,3.728999999999994,0.056164383561643834,151.2,4.29,0.0
1648,0,186,-0.8149999999999998,0.05913978494623656,151.3,4.29,0.0
1649,3,579,2.5779999999999603,0.05699481865284974,151.6,4.29,0.0
1650,0,179,-0.8219999999999998,0.055865921787709494,151.7,4.29,0.0
1651,4,713,3.711999999999988,0.0546984572230014,152.1,4.29,0.0
1652,3,579,2.5779999999999603,0.055267702936096716,152.4,4.29,0.0
1653,0,179,-0.8219999999999998,0.055865921787709494,152.5,4.29,0.0
1654,6,1001,6.000000000000083,0.055944055944055944,153.0,4.28,0.0
1655,3,579,2.5779999999999603,0.055267702936096716,153.3,4.28,0.0
1656,1,313,0.3119999999999896,0.054313099041533544,153.5,4.28,0.0
1657,0,184,-0.8169999999999998,0.059782608695652176,153.6,4.28,0.0
1658,0,179,-0.8219999999999998,0.055865921787709494,153.7,4.29,0.0
1659,3,579,2.5779999999999603,0.055267702936096716,154.0,4.29,0.0
1660,1,313,0.3119999999999896,0.05750798722044728,154.2,4.29,0.0
1661,2,354,1.352999999999985,0.05649717514124294,154.4,4.29,0.0
1662,3,589,2.587999999999959,0.05602716468590832,154.7,4.29,0.0
1663,6,979,5.978000000000075,0.056179775280898875,155.2,4.28,0.0
1664,0,179,-0.8219999999999998,0.055865921787709494,155.3,4.28,0.0
1665,4,732,3.7309999999999945,0.056010928961748634,155.7,4.28,0.0
1666,6,979,5.978000000000075,0.05515832482124617,156.2,4.27,0.0
1667,1,313,0.3119999999999896,0.05750798722044728,156.4,4.27,0.0
1668,8,1246,8.244999999999962,0.05537720706260032,157.1,4.26,0.0
1669,1,313,0.3119999999999896,0.05750798722044728,157.2,4.26,0.0
1670,5,846,4.845000000000032,0.05555555555555555,157.7,4.25,0.0
1671,0,188,-0.8129999999999998,0.05851063829787234,157.8,4.26,0.0
1672,1,314,0.3129999999999895,0.05732484076433121,158.0,4.26,0.0
1673,0,179,-0.8219999999999998,0.055865921787709494,158.1,4.26,0.0
1674,0,179,-0.8219999999999998,0.055865921787709494,158.2,4.27,0.0
1675,1,313,0.3119999999999896,0.05750798722044728,158.4,4.27,0.0
1676,3,588,2.5869999999999593,0.05612244897959184,158.7,4.27,0.0
1677,5,846,4.845000000000032,0.05555555555555555,159.1,4.26,0.0
1678,1,313,0.3119999999999896,0.05750798722044728,159.3,4.26,0.0
1679,5,846,4.845000000000032,0.05555555555555555,159.8,4.26,0.0
1680,3,589,2.587999999999959,0.05602716468590832,160.1,4.25,0.0
1681,4,714,3.7129999999999885,0.056022408963585436,160.5,4.25,0.0
1682,2,459,1.4579999999999735,0.05664488017429194,160.7,4.25,0.0
1683,0,209,-0.7919999999999998,0.05741626794258373,160.9,4.25,0.0
1684,1,321,0.31999999999998874,0.056074766355140186,161.0,4.25,0.0
1685,1,313,0.3119999999999896,0.05750798722044728,161.2,4.26,0.0
1686,0,191,-0.8099999999999998,0.05759162303664921,161.3,4.26,0.0
1687,0,179,-0.8219999999999998,0.055865921787709494,161.4,4.26,0.0
1688,1,313,0.3119999999999896,0.05750798722044728,161.5,4.27,0.0
1689,0,179,-0.8219999999999998,0.055865921787709494,161.6,4.27,0.0
1690,0,179,-0.8219999999999998,0.055865921787709494,161.8,4.27,0.0
1691,0,179,-0.8219999999999998,0.055865921787709494,161.9,4.28,0.0
1692,1,318,0.31699999999998907,0.05660377358490566,162.0,4.28,0.0
1693,3,579,2.5779999999999603,0.055267702936096716,162.3,4.28,0.0
1694,0,179,-0.8219999999999998,0.055865921787709494,162.4,4.28,0.0
1695,1,337,0.335999999999987,0.05637982195845697,162.6,4.28,0.0
1696,1,315,0.3139999999999894,0.05714285714285714,162.8,4.28,0.0
1697,6,979,5.978000000000075,0.05515832482124617,163.3,4.27,0.0
1698,0,179,-0.8219999999999998,0.055865921787709494,163.4,4.28,0.0
1699,1,313,0.3119999999999896,0.054313099041533544,163.6,4.28,0.0
1700,6,1005,6.004000000000084,0.05572139303482587,164.1,4.27,0.0
1701,5,846,4.845000000000032,0.05555555555555555,164.6,4.27,0.0
1702,0,189,-0.8119999999999998,0.0582010582010582,164.7,4.27,0.0
1703,0,185,-0.8159999999999998,0.05945945945945946,164.8,4.27,0.0
1704,1,318,0.31699999999998907,0.05660377358490566,164.9,4.27,0.0
1705,0,179,-0.8219999999999998,0.055865921787709494,165.1,4.28,0.0
1706,2,446,1.444999999999975,0.05605381165919283,165.3,4.28,0.0
1707,1,313,0.3119999999999896,0.054313099041533544,165.5,4.28,0.0
1708,0,184,-0.8169999999999998,0.059782608695652176,165.6,4.28,0.0
1709,0,179,-0.8219999999999998,0.055865921787709494,165.6,4.29,0.0
1710,3,579,2.5779999999999603,0.055267702936096716,166.0,4.28,0.0
1711,0,184,-0.8169999999999998,0.059782608695652176,166.1,4.29,0.0
1712,11,1646,11.64499999999974,0.05528554070473876,167.0,4.27,0.0
1713,0,185,-0.8159999999999998,0.05945945945945946,167.1,4.27,0.0
1714,4,713,3.711999999999988,0.0546984572230014,167.5,4.27,0.0
1715,0,179,-0.8219999999999998,0.055865921787709494,167.6,4.27,0.0
1716,0,179,-0.8219999999999998,0.055865921787709494,167.7,4.28,0.0
1717,5,853,4.852000000000034,0.05627198124267292,168.2,4.27,0.0
1718,2,462,1.4609999999999732,0.05627705627705628,168.4,4.27,0.0
1719,0,179,-0.8219999999999998,0.05027932960893855,168.5,4.27,0.0
1720,1,335,0.3339999999999872,0.056716417910447764,168.7,4.27,0.0
1721,2,460,1.4589999999999734,0.05652173913043478,168.9,4.27,0.0
1722,1,315,0.3139999999999894,0.05714285714285714,169.1,4.28,0.0
1723,1,313,0.3119999999999896,0.054313099041533544,169.3,4.28,0.0
1724,0,195,-0.8059999999999998,0.05641025641025641,169.4,4.28,0.0
1725,1,313,0.3119999999999896,0.054313099041533544,169.6,4.28,0.0
1726,0,179,-0.8219999999999998,0.055865921787709494,169.7,4.29,0.0
1727,0,179,-0.8219999999999998,0.055865921787709494,169.7,4.29,0.0
1728,7,1113,7.112000000000036,0.055705300988319856,170.3,4.28,0.0
1729,3,583,2.58199999999996,0.05660377358490566,170.7,4.28,0.0
1730,0,191,-0.8099999999999998,0.05759162303664921,170.8,4.28,0.0
1731,1,313,0.3119999999999896,0.054313099041533544,170.9,4.28,0.0
1732,0,179,-0.8219999999999998,0.055865921787709494,171.0,4.29,0.0
1733,2,446,1.444999999999975,0.05605381165919283,171.3,4.29,0.0
1734,0,194,-0.8069999999999998,0.05670103092783505,171.4,4.29,0.0
1735,4,713,3.711999999999988,0.056100981767180924,171.8,4.28,0.0
1736,0,186,-0.8149999999999998,0.05913978494623656,171.9,4.29,0.0
1737,1,313,0.3119999999999896,0.054313099041533544,172.0,4.29,0.0
1738,3,588,2.5869999999999593,0.05612244897959184,172.3,4.29,0.0
1739,0,183,-0.8179999999999998,0.060109289617486336,172.4,4.29,0.0
1740,0,179,-0.8219999999999998,0.055865921787709494,172.5,4.29,0.0
1741,4,713,3.711999999999988,0.056100981767180924,173.0,4.29,0.0
1742,0,193,-0.8079999999999998,0.05699481865284974,173.1,4.29,0.0
1743,1,313,0.3119999999999896,0.05750798722044728,173.2,4.29,0.0
1744,0,179,-0.8219999999999998,0.055865921787709494,173.3,4.30,0.0
1745,1,313,0.3119999999999896,0.054313099041533544,173.5,4.30,0.0
1746,1,314,0.3129999999999895,0.05732484076433121,173.7,4.30,0.0
1747,1,313,0.3119999999999896,0.05750798722044728,173.9,4.30,0.0
1748,0,187,-0.8139999999999998,0.058823529411764705,174.0,4.31,0.0
1749,1,313,0.3119999999999896,0.05750798722044728,174.1,4.31,0.0
1750,2,446,1.444999999999975,0.05605381165919283,174.4,4.31,0.0
1751,2,446,1.444999999999975,0.05605381165919283,174.6,4.31,0.0
1752,1,313,0.3119999999999896,0.054313099041533544,174.8,4.31,0.0
1753,0,186,-0.8149999999999998,0.05913978494623656,174.9,4.31,0.0
1754,5,846,4.845000000000032,0.05555555555555555,175.3,4.31,0.0
1755,3,579,2.5779999999999603,0.055267702936096716,175.7,4.30,0.0
1756,3,579,2.5779999999999603,0.055267702936096716,176.0,4.30,0.0
1757,3,579,2.5779999999999603,0.055267702936096716,176.3,4.30,0.0
1758,0,179,-0.8219999999999998,0.055865921787709494,176.4,4.30,0.0
1759,1,313,0.3119999999999896,0.05750798722044728,176.6,4.30,0.0
1760,4,713,3.711999999999988,0.0546984572230014,177.0,4.30,0.0
1761,2,446,1.444999999999975,0.053811659192825115,177.2,4.30,0.0
1762,0,179,-0.8219999999999998,0.055865921787709494,177.3,4.30,0.0
1763,2,460,1.4589999999999734,0.05652173913043478,177.5,4.30,0.0
1764,0,184,-0.8169999999999998,0.059782608695652176,177.6,4.31,0.0
1765,3,579,2.5779999999999603,0.055267702936096716,178.0,4.30,0.0
1766,1,313,0.3119999999999896,0.054313099041533544,178.2,4.31,0.0
1767,5,846,4.845000000000032,0.05555555555555555,178.6,4.30,0.0
1768,1,313,0.3119999999999896,0.05750798722044728,178.8,4.30,0.0
1769,0,188,-0.8129999999999998,0.05851063829787234,178.9,4.30,0.0
1770,1,320,0.31899999999998885,0.05625,179.0,4.31,0.0
1771,0,183,-0.8179999999999998,0.060109289617486336,179.2,4.31,0.0
1772,1,340,0.33899999999998665,0.05588235294117647,179.3,4.31,0.0
1773,0,179,-0.8219999999999998,0.05027932960893855,179.4,4.31,0.0
1774,1,313,0.3119999999999896,0.05750798722044728,179.6,4.32,0.0
1775,2,458,1.4569999999999736,0.056768558951965066,179.8,4.31,0.0
1776,3,610,2.608999999999957,0.05573770491803279,180.2,4.31,0.0
1777,0,190,-0.8109999999999998,0.05789473684210526,180.3,4.32,0.0
1778,0,189,-0.8119999999999998,0.0582010582010582,180.4,4.32,0.0
1779,1,314,0.3129999999999895,0.05732484076433121,180.6,4.32,0.0
1780,6,979,5.978000000000075,0.05515832482124617,181.1,4.31,0.0
1781,1,313,0.3119999999999896,0.05750798722044728,181.2,4.31,0.0
1782,0,179,-0.8219999999999998,0.055865921787709494,181.4,4.32,0.0
1783,0,179,-0.8219999999999998,0.055865921787709494,181.4,4.32,0.0
1784,1,336,0.3349999999999871,0.05654761904761905,181.6,4.32,0.0
1785,0,179,-0.8219999999999998,0.055865921787709494,181.7,4.33,0.0
1786,4,731,3.729999999999994,0.0560875512995896,182.1,4.32,0.0
1787,1,313,0.3119999999999896,0.054313099041533544,182.3,4.32,0.0
1788,1,313,0.3119999999999896,0.054313099041533544,182.5,4.32,0.0
1789,5,855,4.854000000000035,0.056140350877192984,182.9,4.32,0.0
1790,0,184,-0.8169999999999998,0.059782608695652176,183.0,4.32,0.0
1791,1,315,0.3139999999999894,0.05714285714285714,183.2,4.32,0.0
1792,5,846,4.845000000000032,0.05555555555555555,183.7,4.32,0.0
1793,2,449,1.4479999999999746,0.0556792873051225,183.9,4.32,0.0
1794,0,196,-0.8049999999999998,0.05612244897959184,184.0,4.32,0.0
1795,3,579,2.5779999999999603,0.05699481865284974,184.3,4.32,0.0
1796,0,179,-0.8219999999999998,0.055865921787709494,184.4,4.32,0.0
1797,7,1141,7.14000000000002,0.056091148115687994,185.0,4.31,0.0
1798,0,179,-0.8219999999999998,0.055865921787709494,185.1,4.32,0.0
1799,2,457,1.4559999999999738,0.05689277899343545,185.3,4.32,0.0
1800,2,446,1.444999999999975,0.05605381165919283,185.6,4.32,0.0
1801,1,339,0.33799999999998676,0.05604719764011799,185.8,4.32,0.0
1802,1,313,0.3119999999999896,0.05750798722044728,186.0,4.32,0.0
1803,5,855,4.854000000000035,0.056140350877192984,186.4,4.31,0.0
1804,2,459,1.4579999999999735,0.05664488017429194,186.7,4.31,0.0
1805,10,1513,10.511999999999814,0.05551883674818242,187.6,4.30,0.0
1806,0,179,-0.8219999999999998,0.055865921787709494,187.7,4.30,0.0
1807,7,1113,7.112000000000036,0.055705300988319856,188.4,4.29,0.0
1808,6,979,5.978000000000075,0.05515832482124617,188.9,4.28,0.0
1809,2,462,1.4609999999999732,0.05627705627705628,189.1,4.28,0.0
1810,2,446,1.444999999999975,0.05605381165919283,189.4,4.28,0.0
1811,0,196,-0.8049999999999998,0.05612244897959184,189.5,4.29,0.0
1812,2,464,1.462999999999973,0.05603448275862069,189.7,4.28,0.0
1813,3,579,2.5779999999999603,0.055267702936096716,190.1,4.28,0.0
1814,1,347,0.3459999999999859,0.05763688760806916,190.2,4.28,0.0
1815,3,582,2.58099999999996,0.05670103092783505,190.6,4.28,0.0
1816,0,182,-0.8189999999999998,0.06043956043956044,190.7,4.29,0.0
1817,3,585,2.5839999999999597,0.05641025641025641,191.0,4.28,0.0
1818,5,846,4.845000000000032,0.05555555555555555,191.4,4.28,0.0
1819,4,713,3.711999999999988,0.056100981767180924,191.8,4.27,0.0
1820,2,452,1.4509999999999743,0.05752212389380531,192.1,4.27,0.0
1821,0,179,-0.8219999999999998,0.055865921787709494,192.2,4.28,0.0
1822,0,182,-0.8189999999999998,0.06043956043956044,192.3,4.28,0.0
1823,3,583,2.58199999999996,0.05660377358490566,192.6,4.28,0.0
1824,5,846,4.845000000000032,0.05555555555555555,193.0,4.27,0.0
1825,0,187,-0.8139999999999998,0.058823529411764705,193.1,4.28,0.0
1826,0,179,-0.8219999999999998,0.055865921787709494,193.2,4.28,0.0
1827,5,846,4.845000000000032,0.05555555555555555,193.7,4.27,0.0
1828,2,453,1.4519999999999742,0.05739514348785872,193.9,4.27,0.0
1829,2,446,1.444999999999975,0.05605381165919283,194.2,4.27,0.0
1830,5,846,4.845000000000032,0.05555555555555555,194.6,4.27,0.0
1831,0,179,-0.8219999999999998,0.055865921787709494,194.7,4.27,0.0
1832,4,737,3.735999999999996,0.05563093622795115,195.1,4.27,0.0
1833,0,179,-0.8219999999999998,0.055865921787709494,195.2,4.27,0.0
1834,3,579,2.5779999999999603,0.055267702936096716,195.5,4.27,0.0
1835,0,179,-0.8219999999999998,0.055865921787709494,195.6,4.27,0.0
1836,3,579,2.5779999999999603,0.055267702936096716,196.0,4.27,0.0
1837,2,446,1.444999999999975,0.05605381165919283,196.2,4.27,0.0
1838,2,446,1.444999999999975,0.05605381165919283,196.4,4.27,0.0
1839,3,579,2.5779999999999603,0.055267702936096716,196.8,4.27,0.0
1840,4,717,3.7159999999999895,0.05578800557880056,197.2,4.27,0.0
1841,2,446,1.444999999999975,0.05605381165919283,197.4,4.27,0.0
1842,2,459,1.4579999999999735,0.05664488017429194,197.6,4.27,0.0
1843,0,187,-0.8139999999999998,0.058823529411764705,197.8,4.27,0.0
1844,0,179,-0.8219999999999998,0.055865921787709494,197.8,4.27,0.0
1845,2,446,1.444999999999975,0.05605381165919283,198.1,4.27,0.0
1846,6,979,5.978000000000075,0.05515832482124617,198.6,4.26,0.0
1847,3,579,2.5779999999999603,0.055267702936096716,198.9,4.26,0.0
1848,1,313,0.3119999999999896,0.05750798722044728,199.1,4.26,0.0
1849,1,314,0.3129999999999895,0.05732484076433121,199.3,4.27,0.0
1850,2,446,1.444999999999975,0.053811659192825115,199.5,4.27,0.0
1851,4,730,3.728999999999994,0.056164383561643834,199.9,4.26,0.0
1852,1,313,0.3119999999999896,0.054313099041533544,200.1,4.26,0.0
1853,0,179,-0.8219999999999998,0.055865921787709494,200.2,4.27,0.0
1854,7,1113,7.112000000000036,0.05480682839173405,200.8,4.26,0.0
1855,0,179,-0.8219999999999998,0.055865921787709494,200.9,4.26,0.0
1856,4,713,3.711999999999988,0.056100981767180924,201.2,4.26,0.0
1857,5,849,4.848000000000033,0.05653710247349823,201.7,4.25,0.0
1858,0,184,-0.8169999999999998,0.059782608695652176,201.8,4.26,0.0
1859,4,729,3.7279999999999935,0.056241426611796985,202.2,4.25,0.0
1860,4,729,3.7279999999999935,0.056241426611796985,202.6,4.25,0.0
1861,1,313,0.3119999999999896,0.05750798722044728,202.8,4.25,0.0
1862,2,448,1.4469999999999748,0.05580357142857143,203.0,4.25,0.0
1863,1,317,0.3159999999999892,0.056782334384858045,203.2,4.25,0.0
1864,0,179,-0.8219999999999998,0.055865921787709494,203.3,4.25,0.0
1865,2,446,1.444999999999975,0.05605381165919283,203.5,4.25,0.0
1866,3,579,2.5779999999999603,0.055267702936096716,203.8,4.25,0.0
1867,0,179,-0.8219999999999998,0.055865921787709494,203.9,4.26,0.0
1868,2,476,1.4749999999999717,0.05672268907563025,204.2,4.26,0.0
1869,0,192,-0.8089999999999998,0.057291666666666664,204.3,4.26,0.0
1870,1,313,0.3119999999999896,0.054313099041533544,204.5,4.26,0.0
1871,0,192,-0.8089999999999998,0.057291666666666664,204.6,4.26,0.0
1872,6,979,5.978000000000075,0.05515832482124617,205.1,4.26,0.0
1873,3,579,2.5779999999999603,0.055267702936096716,205.4,4.25,0.0
1874,3,579,2.5779999999999603,0.055267702936096716,205.7,4.25,0.0
1875,1,316,0.3149999999999893,0.056962025316455694,205.9,4.25,0.0
1876,0,179,-0.8219999999999998,0.055865921787709494,206.0,4.26,0.0
1877,0,179,-0.8219999999999998,0.055865921787709494,206.1,4.26,0.0
1878,1,316,0.3149999999999893,0.056962025316455694,206.3,4.26,0.0
1879,2,458,1.4569999999999736,0.056768558951965066,206.5,4.26,0.0
1880,3,585,2.5839999999999597,0.05641025641025641,206.8,4.26,0.0
1881,0,190,-0.8109999999999998,0.05789473684210526,206.9,4.26,0.0
1882,4,744,3.7429999999999986,0.056451612903225805,207.3,4.26,0.0
1883,2,446,1.444999999999975,0.05605381165919283,207.6,4.26,0.0
1884,0,179,-0.8219999999999998,0.055865921787709494,207.7,4.26,0.0
1885,0,179,-0.8219999999999998,0.055865921787709494,207.7,4.26,0.0
1886,2,446,1.444999999999975,0.05605381165919283,208.0,4.26,0.0
1887,1,338,0.33699999999998687,0.05621301775147929,208.2,4.27,0.0
1888,1,314,0.3129999999999895,0.05732484076433121,208.3,4.27,0.0
1889,6,979,5.978000000000075,0.056179775280898875,208.9,4.26,0.0
1890,4,619,3.617999999999957,0.05654281098546042,209.2,4.26,0.0
1891,2,461,1.4599999999999733,0.05639913232104121,209.4,4.26,0.0
1892,0,194,-0.8069999999999998,0.05670103092783505,209.5,4.26,0.0
1893,0,179,-0.8219999999999998,0.055865921787709494,209.6,4.26,0.0
1894,1,313,0.3119999999999896,0.05750798722044728,209.8,4.27,0.0
1895,3,609,2.607999999999957,0.05582922824302135,210.1,4.26,0.0
1896,2,458,1.4569999999999736,0.056768558951965066,210.4,4.26,0.0
1897,2,446,1.444999999999975,0.05605381165919283,210.6,4.26,0.0
1898,2,446,1.444999999999975,0.05605381165919283,210.9,4.26,0.0
1899,3,585,2.5839999999999597,0.05641025641025641,211.2,4.26,0.0
1900,1,319,0.31799999999998896,0.05642633228840126,211.3,4.26,0.0
1901,0,179,-0.8219999999999998,0.055865921787709494,211.4,4.27,0.0
1902,1,313,0.3119999999999896,0.05750798722044728,211.6,4.27,0.0
1903,2,456,1.4549999999999739,0.05701754385964912,211.8,4.27,0.0
1904,4,715,3.713999999999989,0.055944055944055944,212.2,4.26,0.0
1905,0,179,-0.8219999999999998,0.055865921787709494,212.3,4.27,0.0
1906,0,179,-0.8219999999999998,0.055865921787709494,212.4,4.27,0.0
1907,0,189,-0.8119999999999998,0.0582010582010582,212.5,4.27,0.0
1908,3,579,2.5779999999999603,0.055267702936096716,212.8,4.27,0.0
1909,0,179,-0.8219999999999998,0.055865921787709494,212.9,4.27,0.0
1910,2,465,1.4639999999999729,0.05591397849462366,213.2,4.27,0.0
1911,0,179,-0.8219999999999998,0.055865921787709494,213.3,4.28,0.0
1912,3,579,2.5779999999999603,0.055267702936096716,213.6,4.27,0.0
1913,0,179,-0.8219999999999998,0.055865921787709494,213.7,4.28,0.0
1914,2,446,1.444999999999975,0.05605381165919283,213.9,4.28,0.0
1915,10,1513,10.511999999999814,0.05551883674818242,214.7,4.27,0.0
1916,0,191,-0.8099999999999998,0.05759162303664921,214.8,4.27,0.0
1917,0,190,-0.8109999999999998,0.05789473684210526,214.9,4.27,0.0
1918,9,1379,9.377999999999888,0.05583756345177665,215.7,4.26,0.0
1919,1,313,0.3119999999999896,0.05750798722044728,215.8,4.26,0.0
1920,0,179,-0.8219999999999998,0.055865921787709494,215.9,4.27,0.0
1921,3,579,2.5779999999999603,0.055267702936096716,216.2,4.26,0.0
1922,1,313,0.3119999999999896,0.054313099041533544,216.4,4.26,0.0
1923,0,179,-0.8219999999999998,0.05027932960893855,216.5,4.27,0.0
1924,2,466,1.4649999999999728,0.055793991416309016,216.8,4.27,0.0
1925,2,448,1.4469999999999748,0.05580357142857143,217.0,4.27,0.0
1926,3,610,2.608999999999957,0.05573770491803279,217.3,4.27,0.0
1927,2,446,1.444999999999975,0.05605381165919283,217.6,4.27,0.0
1928,1,313,0.3119999999999896,0.054313099041533544,217.7,4.27,0.0
1929,1,313,0.3119999999999896,0.054313099041533544,217.9,4.27,0.0
1930,3,589,2.587999999999959,0.05602716468590832,218.2,4.27,0.0
1931,0,179,-0.8219999999999998,0.055865921787709494,218.3,4.27,0.0
1932,4,735,3.7339999999999955,0.055782312925170066,218.7,4.27,0.0
1933,3,579,2.5779999999999603,0.055267702936096716,219.0,4.26,0.0
1934,5,857,4.856000000000035,0.056009334889148193,219.5,4.26,0.0
1935,0,179,-0.8219999999999998,0.055865921787709494,219.6,4.26,0.0
1936,2,446,1.444999999999975,0.053811659192825115,219.8,4.26,0.0
1937,0,179,-0.8219999999999998,0.055865921787709494,219.9,4.27,0.0
1938,1,316,0.3149999999999893,0.056962025316455694,220.1,4.27,0.0
1939,4,729,3.7279999999999935,0.056241426611796985,220.5,4.26,0.0
1940,6,979,5.978000000000075,0.05515832482124617,221.0,4.26,0.0
1941,0,179,-0.8219999999999998,0.055865921787709494,221.1,4.26,0.0
1942,1,321,0.31999999999998874,0.056074766355140186,221.2,4.26,0.0
1943,3,579,2.5779999999999603,0.055267702936096716,221.5,4.26,0.0
1944,2,458,1.4569999999999736,0.056768558951965066,221.8,4.26,0.0
1945,0,188,-0.8129999999999998,0.05851063829787234,221.9,4.26,0.0
1946,8,1246,8.244999999999962,0.05537720706260032,222.6,4.25,0.0
1947,2,483,2.481999999999971,0.055900621118012424,222.8,4.25,0.0
1948,2,465,1.4639999999999729,0.05591397849462366,223.1,4.25,0.0
1949,2,446,1.444999999999975,0.05605381165919283,223.3,4.25,0.0
1950,2,457,1.4559999999999738,0.05689277899343545,223.6,4.25,0.0
1951,1,341,0.33999999999998654,0.05571847507331378,223.7,4.25,0.0
1952,1,315,0.3139999999999894,0.05714285714285714,223.9,4.26,0.0
1953,1,313,0.3119999999999896,0.054313099041533544,224.1,4.26,0.0
1954,0,186,-0.8149999999999998,0.05913978494623656,224.2,4.26,0.0
1955,3,579,2.5779999999999603,0.055267702936096716,224.5,4.26,0.0
1956,4,713,3.711999999999988,0.056100981767180924,224.9,4.26,0.0
1957,1,313,0.3119999999999896,0.05750798722044728,225.1,4.26,0.0
1958,2,454,1.452999999999974,0.05726872246696035,225.3,4.26,0.0
1959,2,462,1.4609999999999732,0.05627705627705628,225.6,4.26,0.0
1960,5,854,4.853000000000034,0.05620608899297424,226.0,4.25,0.0
1961,0,179,-0.8219999999999998,0.055865921787709494,226.1,4.25,0.0
1962,1,313,0.3119999999999896,0.054313099041533544,226.3,4.26,0.0
1963,4,713,3.711999999999988,0.0546984572230014,226.7,4.25,0.0
1964,2,446,1.444999999999975,0.05605381165919283,226.9,4.25,0.0
1965,2,446,1.444999999999975,0.05605381165919283,227.1,4.25,0.0
1966,3,579,2.5779999999999603,0.055267702936096716,227.5,4.25,0.0
1967,0,190,-0.8109999999999998,0.05789473684210526,227.6,4.25,0.0
1968,0,183,-0.8179999999999998,0.060109289617486336,227.7,4.26,0.0
1969,1,313,0.3119999999999896,0.054313099041533544,227.8,4.26,0.0
1970,1,313,0.3119999999999896,0.05750798722044728,228.0,4.26,0.0
1971,2,446,1.444999999999975,0.05605381165919283,228.2,4.26,0.0
1972,6,988,5.987000000000078,0.05566801619433198,228.8,4.25,0.0
1973,1,313,0.3119999999999896,0.054313099041533544,228.9,4.25,0.0
1974,1,330,0.32899999999998775,0.05757575757575758,229.1,4.26,0.0
1975,4,713,3.711999999999988,0.056100981767180924,229.5,4.25,0.0
1976,4,713,3.711999999999988,0.0546984572230014,229.9,4.25,0.0
1977,0,179,-0.8219999999999998,0.055865921787709494,230.0,4.25,0.0
1978,0,179,-0.8219999999999998,0.055865921787709494,230.1,4.26,0.0
1979,5,846,4.845000000000032,0.05555555555555555,230.5,4.25,0.0
1980,1,313,0.3119999999999896,0.05750798722044728,230.7,4.25,0.0
1981,0,179,-0.8219999999999998,0.055865921787709494,230.8,4.25,0.0
1982,2,448,1.4469999999999748,0.05580357142857143,231.0,4.25,0.0
1983,1,313,0.3119999999999896,0.05750798722044728,231.2,4.26,0.0
1984,0,197,-0.8039999999999998,0.05583756345177665,231.3,4.26,0.0
1985,0,179,-0.8219999999999998,0.055865921787709494,231.4,4.26,0.0
1986,0,179,-0.8219999999999998,0.055865921787709494,231.5,4.26,0.0
1987,5,850,4.849000000000033,0.05647058823529412,232.0,4.26,0.0
1988,0,179,-0.8219999999999998,0.055865921787709494,232.1,4.26,0.0
1989,0,179,-0.8219999999999998,0.055865921787709494,232.2,4.26,0.0
1990,0,179,-0.8219999999999998,0.055865921787709494,232.3,4.27,0.0
1991,0,179,-0.8219999999999998,0.055865921787709494,232.3,4.27,0.0
1992,3,584,2.5829999999999598,0.05650684931506849,232.7,4.27,0.0
1993,3,579,2.5779999999999603,0.055267702936096716,233.0,4.27,0.0
1994,1,334,0.3329999999999873,0.05688622754491018,233.2,4.27,0.0
1995,4,618,3.6169999999999565,0.05663430420711974,233.5,4.27,0.0
1996,3,579,2.5779999999999603,0.05699481865284974,233.9,4.26,0.0
1997,0,187,-0.8139999999999998,0.058823529411764705,234.0,4.27,0.0
1998,2,446,1.444999999999975,0.053811659192825115,234.2,4.27,0.0
1999,2,446,1.444999999999975,0.05605381165919283,234.4,4.27,0.0
2000,3,584,2.5829999999999598,0.05650684931506849,234.7,4.26,0.0
2001,2,446,1.444999999999975,0.05605381165919283,238.1,4.21,0.0
2002,2,460,1.4589999999999734,0.05652173913043478,238.4,4.21,0.0
2003,1,313,0.3119999999999896,0.05750798722044728,238.5,4.21,0.0
2004,1,313,0.3119999999999896,0.05750798722044728,238.7,4.21,0.0
2005,3,583,2.58199999999996,0.05660377358490566,239.0,4.21,0.0
2006,0,192,-0.8089999999999998,0.057291666666666664,239.1,4.21,0.0
2007,3,579,2.5779999999999603,0.055267702936096716,239.5,4.21,0.0
2008,9,1379,9.377999999999888,0.05511240029006526,240.2,4.20,0.0
2009,1,336,0.3349999999999871,0.05654761904761905,240.4,4.20,0.0
2010,0,179,-0.8219999999999998,0.055865921787709494,240.5,4.20,0.0
2011,4,713,3.711999999999988,0.0546984572230014,240.9,4.20,0.0
2012,2,446,1.444999999999975,0.05605381165919283,241.1,4.20,0.0
2013,2,446,1.444999999999975,0.05605381165919283,241.3,4.20,0.0
2014,2,467,1.4659999999999727,0.055674518201284794,241.6,4.20,0.0
2015,1,333,0.3319999999999874,0.057057057057057055,241.8,4.20,0.0
2016,4,714,3.7129999999999885,0.056022408963585436,242.2,4.20,0.0
2017,2,446,1.444999999999975,0.05605381165919283,242.4,4.20,0.0
2018,4,713,3.711999999999988,0.056100981767180924,242.8,4.20,0.0
2019,2,446,1.444999999999975,0.05605381165919283,243.0,4.20,0.0
2020,3,609,2.607999999999957,0.05582922824302135,243.3,4.20,0.0
2021,1,313,0.3119999999999896,0.054313099041533544,243.5,4.20,0.0
2022,4,713,3.711999999999988,0.0546984572230014,243.9,4.19,0.0
2023,1,313,0.3119999999999896,0.054313099041533544,244.1,4.20,0.0
2024,0,193,-0.8079999999999998,0.05699481865284974,244.2,4.20,0.0
2025,4,713,3.711999999999988,0.056100981767180924,244.6,4.20,0.0
2026,3,582,2.58099999999996,0.05670103092783505,244.9,4.19,0.0
2027,0,192,-0.8089999999999998,0.057291666666666664,245.0,4.20,0.0
2028,0,181,-0.8199999999999998,0.06077348066298342,245.1,4.20,0.0
2029,4,713,3.711999999999988,0.056100981767180924,245.5,4.20,0.0
2030,0,187,-0.8139999999999998,0.058823529411764705,245.6,4.20,0.0
2031,5,861,4.860000000000037,0.05574912891986063,246.0,4.19,0.0
2032,0,187,-0.8139999999999998,0.058823529411764705,246.1,4.20,0.0
2033,1,313,0.3119999999999896,0.054313099041533544,246.3,4.20,0.0
2034,0,179,-0.8219999999999998,0.055865921787709494,246.4,4.20,0.0
2035,2,446,1.444999999999975,0.05605381165919283,246.7,4.20,0.0
2036,0,179,-0.8219999999999998,0.055865921787709494,246.7,4.20,0.0
2037,5,846,4.845000000000032,0.05555555555555555,247.2,4.20,0.0
2038,0,181,-0.8199999999999998,0.06077348066298342,247.3,4.20,0.0
2039,0,191,-0.8099999999999998,0.05759162303664921,247.4,4.20,0.0
2040,1,313,0.3119999999999896,0.054313099041533544,247.6,4.20,0.0
2041,6,983,5.982000000000077,0.05595116988809766,248.1,4.20,0.0
2042,5,846,4.845000000000032,0.05555555555555555,248.5,4.20,0.0
2043,1,313,0.3119999999999896,0.054313099041533544,248.7,4.20,0.0
2044,0,179,-0.8219999999999998,0.055865921787709494,248.8,4.20,0.0
2045,2,455,1.453999999999974,0.05714285714285714,249.1,4.20,0.0
2046,0,179,-0.8219999999999998,0.055865921787709494,249.2,4.20,0.0
2047,0,179,-0.8219999999999998,0.055865921787709494,249.3,4.20,0.0
2048,1,313,0.3119999999999896,0.054313099041533544,249.4,4.21,0.0
2049,0,179,-0.8219999999999998,0.055865921787709494,249.5,4.21,0.0
2050,3,579,2.5779999999999603,0.055267702936096716,249.8,4.21,0.0
2051,1,313,0.3119999999999896,0.054313099041533544,250.0,4.21,0.0
2052,0,179,-0.8219999999999998,0.055865921787709494,250.1,4.21,0.0
2053,2,446,1.444999999999975,0.053811659192825115,250.4,4.21,0.0
2054,0,179,-0.8219999999999998,0.055865921787709494,250.5,4.21,0.0
2055,0,179,-0.8219999999999998,0.055865921787709494,250.6,4.21,0.0
2056,2,457,1.4559999999999738,0.05689277899343545,250.8,4.21,0.0
2057,3,579,2.5779999999999603,0.055267702936096716,251.1,4.21,0.0
2058,0,179,-0.8219999999999998,0.055865921787709494,251.2,4.22,0.0
2059,0,195,-0.8059999999999998,0.05641025641025641,251.3,4.22,0.0
2060,1,320,0.31899999999998885,0.05625,251.5,4.22,0.0
2061,2,455,1.453999999999974,0.05714285714285714,251.7,4.22,0.0
2062,1,313,0.3119999999999896,0.054313099041533544,251.9,4.22,0.0
2063,1,313,0.3119999999999896,0.054313099041533544,252.0,4.22,0.0
2064,4,734,3.732999999999995,0.055858310626702996,252.5,4.22,0.0
2065,1,313,0.3119999999999896,0.054313099041533544,252.6,4.22,0.0
2066,0,179,-0.8219999999999998,0.055865921787709494,252.7,4.22,0.0
2067,0,179,-0.8219999999999998,0.055865921787709494,252.8,4.22,0.0
2068,4,713,3.711999999999988,0.056100981767180924,253.2,4.22,0.0
2069,2,461,1.4599999999999733,0.05639913232104121,253.5,4.22,0.0
2070,2,457,1.4559999999999738,0.05689277899343545,253.7,4.22,0.0
2071,0,179,-0.8219999999999998,0.055865921787709494,253.8,4.22,0.0
2072,1,313,0.3119999999999896,0.054313099041533544,254.0,4.23,0.0
2073,4,728,3.726999999999993,0.05631868131868132,254.3,4.22,0.0
2074,1,317,0.3159999999999892,0.056782334384858045,254.5,4.22,0.0
2075,5,856,4.855000000000035,0.056074766355140186,255.0,4.22,0.0
2076,3,579,2.5779999999999603,0.055267702936096716,255.3,4.22,0.0
2077,0,179,-0.8219999999999998,0.055865921787709494,255.4,4.22,0.0
2078,0,179,-0.8219999999999998,0.055865921787709494,255.5,4.22,0.0
2079,3,611,2.609999999999957,0.05564648117839607,255.8,4.22,0.0
2080,2,481,1.4799999999999711,0.056133056133056136,256.1,4.22,0.0
2081,0,179,-0.8219999999999998,0.061452513966480445,256.2,4.22,0.0
2082,1,313,0.3119999999999896,0.05750798722044728,256.4,4.22,0.0
2083,0,179,-0.8219999999999998,0.055865921787709494,256.5,4.23,0.0
2084,3,583,2.58199999999996,0.05660377358490566,256.8,4.23,0.0
2085,5,853,4.852000000000034,0.05627198124267292,257.2,4.22,0.0
2086,6,979,5.978000000000075,0.05515832482124617,257.8,4.22,0.0
2087,2,446,1.444999999999975,0.05605381165919283,258.0,4.22,0.0
2088,2,446,1.444999999999975,0.05605381165919283,258.2,4.22,0.0
2089,0,196,-0.8049999999999998,0.05612244897959184,258.3,4.22,0.0
2090,1,341,0.33999999999998654,0.05571847507331378,258.5,4.22,0.0
2091,0,185,-0.8159999999999998,0.05945945945945946,258.6,4.22,0.0
2092,1,315,0.3139999999999894,0.05714285714285714,258.8,4.22,0.0
2093,0,179,-0.8219999999999998,0.055865921787709494,258.9,4.23,0.0
2094,2,446,1.444999999999975,0.05605381165919283,259.1,4.23,0.0
2095,0,179,-0.8219999999999998,0.055865921787709494,259.2,4.23,0.0
2096,0,179,-0.8219999999999998,0.055865921787709494,259.3,4.23,0.0
2097,2,446,1.444999999999975,0.05605381165919283,259.6,4.23,0.0
2098,4,729,3.7279999999999935,0.056241426611796985,260.0,4.23,0.0
2099,0,179,-0.8219999999999998,0.055865921787709494,260.1,4.23,0.0
2100,0,179,-0.8219999999999998,0.055865921787709494,260.2,4.23,0.0
2101,1,332,0.3309999999999875,0.0572289156626506,260.3,4.23,0.0
2102,2,446,1.444999999999975,0.053811659192825115,260.6,4.23,0.0
2103,2,454,1.452999999999974,0.05726872246696035,260.8,4.23,0.0
2104,0,179,-0.8219999999999998,0.055865921787709494,260.9,4.23,0.0
2105,0,179,-0.8219999999999998,0.055865921787709494,261.0,4.24,0.0
2106,0,194,-0.8069999999999998,0.05670103092783505,261.1,4.24,0.0
2107,0,193,-0.8079999999999998,0.05699481865284974,261.2,4.24,0.0
2108,5,860,4.859000000000036,0.05581395348837209,261.7,4.24,0.0
2109,4,713,3.711999999999988,0.0546984572230014,262.1,4.24,0.0
2110,1,336,0.3349999999999871,0.05654761904761905,262.3,4.24,0.0
2111,1,313,0.3119999999999896,0.05750798722044728,262.4,4.24,0.0
2112,3,579,2.5779999999999603,0.055267702936096716,262.8,4.24,0.0
2113,0,179,-0.8219999999999998,0.05027932960893855,262.9,4.24,0.0
2114,5,854,4.853000000000034,0.05620608899297424,263.3,4.23,0.0
2115,3,609,2.607999999999957,0.05582922824302135,263.6,4.23,0.0
2116,1,313,0.3119999999999896,0.054313099041533544,263.8,4.23,0.0
2117,0,187,-0.8139999999999998,0.058823529411764705,263.9,4.24,0.0
2118,3,584,2.5829999999999598,0.05650684931506849,264.2,4.24,0.0
2119,3,579,2.5779999999999603,0.055267702936096716,264.6,4.23,0.0
2120,0,188,-0.8129999999999998,0.05851063829787234,264.7,4.24,0.0
2121,6,984,5.983000000000077,0.05589430894308943,265.2,4.23,0.0
2122,0,179,-0.8219999999999998,0.055865921787709494,265.3,4.23,0.0
2123,1,339,0.33799999999998676,0.05604719764011799,265.4,4.23,0.0
2124,1,313,0.3119999999999896,0.05750798722044728,265.6,4.24,0.0
2125,2,446,1.444999999999975,0.05605381165919283,265.8,4.24,0.0
2126,1,313,0.3119999999999896,0.054313099041533544,266.0,4.24,0.0
2127,4,727,3.725999999999993,0.05639614855570839,266.4,4.23,0.0
2128,1,338,0.33699999999998687,0.05621301775147929,266.6,4.24,0.0
2129,0,179,-0.8219999999999998,0.055865921787709494,266.7,4.24,0.0
2130,0,179,-0.8219999999999998,0.055865921787709494,266.8,4.24,0.0
2131,3,588,2.5869999999999593,0.05612244897959184,267.1,4.24,0.0
2132,3,579,2.5779999999999603,0.055267702936096716,267.4,4.24,0.0
2133,2,454,1.452999999999974,0.05726872246696035,267.6,4.24,0.0
2134,0,179,-0.8219999999999998,0.055865921787709494,267.7,4.24,0.0
2135,0,179,-0.8219999999999998,0.061452513966480445,267.8,4.24,0.0
2136,3,579,2.5779999999999603,0.055267702936096716,268.1,4.24,0.0
2137,0,179,-0.8219999999999998,0.055865921787709494,268.2,4.24,0.0
2138,0,186,-0.8149999999999998,0.05913978494623656,268.3,4.24,0.0
2139,2,446,1.444999999999975,0.05605381165919283,268.6,4.24,0.0
2140,3,579,2.5779999999999603,0.055267702936096716,268.9,4.24,0.0
2141,2,446,1.444999999999975,0.053811659192825115,269.1,4.24,0.0
2142,0,204,-0.7969999999999998,0.058823529411764705,269.3,4.25,0.0
2143,1,313,0.3119999999999896,0.054313099041533544,269.4,4.25,0.0
2144,6,979,5.978000000000075,0.05515832482124617,269.9,4.24,0.0
2145,0,179,-0.8219999999999998,0.055865921787709494,270.0,4.24,0.0
2146,0,179,-0.8219999999999998,0.055865921787709494,270.1,4.25,0.0
2147,1,313,0.3119999999999896,0.054313099041533544,270.3,4.25,0.0
2148,2,446,1.444999999999975,0.05605381165919283,270.5,4.25,0.0
2149,0,182,-0.8189999999999998,0.06043956043956044,270.6,4.25,0.0
2150,4,713,3.711999999999988,0.056100981767180924,271.0,4.25,0.0
2151,2,463,1.461999999999973,0.056155507559395246,271.3,4.25,0.0
2152,7,1131,7.130000000000026,0.05570291777188329,271.9,4.24,0.0
2153,5,846,4.845000000000032,0.05555555555555555,272.3,4.24,0.0
2154,4,713,3.711999999999988,0.056100981767180924,272.7,4.24,0.0
2155,2,446,1.444999999999975,0.05605381165919283,272.9,4.24,0.0
2156,1,313,0.3119999999999896,0.054313099041533544,273.1,4.24,0.0
2157,3,579,2.5779999999999603,0.055267702936096716,273.4,4.23,0.0
2158,1,313,0.3119999999999896,0.054313099041533544,273.6,4.24,0.0
2159,1,321,0.31999999999998874,0.056074766355140186,273.8,4.24,0.0
2160,3,579,2.5779999999999603,0.055267702936096716,274.1,4.24,0.0
2161,3,582,2.58099999999996,0.05670103092783505,274.4,4.23,0.0
2162,2,452,1.4509999999999743,0.05752212389380531,274.6,4.23,0.0
2163,0,206,-0.7949999999999998,0.05825242718446602,274.7,4.24,0.0
2164,3,579,2.5779999999999603,0.055267702936096716,275.0,4.24,0.0
2165,3,582,2.58099999999996,0.05670103092783505,275.4,4.23,0.0
2166,2,446,1.444999999999975,0.05605381165919283,275.6,4.23,0.0
2167,1,313,0.3119999999999896,0.05750798722044728,275.8,4.24,0.0
2168,1,313,0.3119999999999896,0.054313099041533544,275.9,4.24,0.0
2169,1,313,0.3119999999999896,0.05750798722044728,276.1,4.24,0.0
2170,1,319,0.31799999999998896,0.05642633228840126,276.3,4.24,0.0
2171,1,318,0.31699999999998907,0.05660377358490566,276.5,4.24,0.0
2172,1,315,0.3139999999999894,0.05714285714285714,276.6,4.24,0.0
2173,2,446,1.444999999999975,0.05605381165919283,276.9,4.24,0.0
2174,0,179,-0.8219999999999998,0.055865921787709494,277.0,4.24,0.0
2175,3,579,2.5779999999999603,0.055267702936096716,277.3,4.24,0.0
2176,1,313,0.3119999999999896,0.05750798722044728,277.5,4.24,0.0
2177,3,579,2.5779999999999603,0.055267702936096716,277.8,4.24,0.0
2178,1,313,0.3119999999999896,0.05750798722044728,277.9,4.24,0.0
2179,1,313,0.3119999999999896,0.054313099041533544,278.1,4.24,0.0
2180,1,315,0.3139999999999894,0.05714285714285714,278.3,4.24,0.0
2181,0,179,-0.8219999999999998,0.061452513966480445,278.4,4.25,0.0
2182,3,579,2.5779999999999603,0.055267702936096716,278.7,4.24,0.0
2183,0,179,-0.8219999999999998,0.055865921787709494,278.8,4.25,0.0
2184,0,179,-0.8219999999999998,0.055865921787709494,278.9,4.25,0.0
2185,2,446,1.444999999999975,0.05605381165919283,279.1,4.25,0.0
2186,3,579,2.5779999999999603,0.055267702936096716,279.4,4.25,0.0
2187,0,179,-0.8219999999999998,0.055865921787709494,279.5,4.25,0.0
2188,5,846,4.845000000000032,0.05555555555555555,280.0,4.25,0.0
2189,4,713,3.711999999999988,0.0546984572230014,280.4,4.24,0.0
2190,0,179,-0.8219999999999998,0.055865921787709494,280.5,4.25,0.0
2191,3,585,2.5839999999999597,0.05641025641025641,280.8,4.25,0.0
2192,2,446,1.444999999999975,0.053811659192825115,281.0,4.25,0.0
2193,3,579,2.5779999999999603,0.055267702936096716,281.3,4.24,0.0
2194,1,315,0.3139999999999894,0.05714285714285714,281.5,4.25,0.0
2195,3,579,2.5779999999999603,0.055267702936096716,281.8,4.24,0.0
2196,1,313,0.3119999999999896,0.054313099041533544,282.0,4.25,0.0
2197,2,446,1.444999999999975,0.05605381165919283,282.2,4.25,0.0
2198,4,619,3.617999999999957,0.05654281098546042,282.5,4.24,0.0
2199,1,313,0.3119999999999896,0.054313099041533544,282.7,4.24,0.0
2200,1,336,0.3349999999999871,0.05654761904761905,282.9,4.25,0.0
2201,3,579,2.5779999999999603,0.055267702936096716,283.2,4.24,0.0
2202,3,607,2.6059999999999572,0.05601317957166392,283.5,4.24,0.0
2203,0,187,-0.8139999999999998,0.058823529411764705,283.6,4.25,0.0
2204,3,579,2.5779999999999603,0.055267702936096716,283.9,4.24,0.0
2205,0,179,-0.8219999999999998,0.055865921787709494,284.0,4.25,0.0
2206,4,722,3.720999999999991,0.05678670360110803,284.4,4.24,0.0
2207,11,1646,11.64499999999974,0.05589307411907655,285.3,4.23,0.0
2208,3,579,2.5779999999999603,0.055267702936096716,285.6,4.23,0.0
2209,7,1113,7.112000000000036,0.055705300988319856,286.2,4.23,0.0
2210,1,315,0.3139999999999894,0.05714285714285714,286.4,4.23,0.0
2211,0,211,-0.7899999999999998,0.05687203791469194,286.5,4.23,0.0
2212,1,313,0.3119999999999896,0.05750798722044728,286.7,4.23,0.0
2213,0,179,-0.8219999999999998,0.055865921787709494,286.8,4.23,0.0
2214,6,979,5.978000000000075,0.05515832482124617,287.3,4.23,0.0
2215,1,313,0.3119999999999896,0.05750798722044728,287.5,4.23,0.0
2216,0,195,-0.8059999999999998,0.05641025641025641,287.6,4.23,0.0
2217,1,313,0.3119999999999896,0.054313099041533544,287.7,4.23,0.0
2218,0,179,-0.8219999999999998,0.055865921787709494,287.8,4.24,0.0
2219,4,713,3.711999999999988,0.0546984572230014,288.2,4.23,0.0
2220,5,846,4.845000000000032,0.05555555555555555,288.7,4.23,0.0
2221,0,179,-0.8219999999999998,0.055865921787709494,288.8,4.23,0.0
2222,1,320,0.31899999999998885,0.05625,288.9,4.23,0.0
2223,2,451,1.4499999999999744,0.057649667405764965,289.2,4.23,0.0
2224,1,313,0.3119999999999896,0.054313099041533544,289.3,4.23,0.0
2225,1,318,0.31699999999998907,0.05660377358490566,289.5,4.23,0.0
2226,2,446,1.444999999999975,0.05605381165919283,289.8,4.23,0.0
2227,0,184,-0.8169999999999998,0.059782608695652176,289.9,4.24,0.0
2228,0,179,-0.8219999999999998,0.055865921787709494,290.0,4.24,0.0
2229,1,313,0.3119999999999896,0.05750798722044728,290.1,4.24,0.0
2230,0,187,-0.8139999999999998,0.058823529411764705,290.2,4.24,0.0
2231,2,447,1.4459999999999749,0.05592841163310962,290.5,4.24,0.0
2232,2,446,1.444999999999975,0.05605381165919283,290.7,4.24,0.0
2233,1,317,0.3159999999999892,0.056782334384858045,290.9,4.24,0.0
2234,4,727,3.725999999999993,0.05639614855570839,291.3,4.24,0.0
2235,1,313,0.3119999999999896,0.054313099041533544,291.4,4.24,0.0
2236,4,713,3.711999999999988,0.056100981767180924,291.8,4.24,0.0
2237,3,579,2.5779999999999603,0.055267702936096716,292.1,4.24,0.0
2238,4,713,3.711999999999988,0.056100981767180924,292.5,4.24,0.0
2239,1,337,0.335999999999987,0.05637982195845697,292.7,4.24,0.0
2240,3,583,2.58199999999996,0.05660377358490566,293.0,4.23,0.0
2241,5,846,4.845000000000032,0.05555555555555555,293.5,4.23,0.0
2242,2,454,1.452999999999974,0.05726872246696035,293.7,4.23,0.0
2243,3,579,2.5779999999999603,0.055267702936096716,294.1,4.23,0.0
2244,0,179,-0.8219999999999998,0.055865921787709494,294.2,4.23,0.0
2245,0,179,-0.8219999999999998,0.05027932960893855,294.3,4.23,0.0
2246,1,313,0.3119999999999896,0.054313099041533544,294.4,4.24,0.0
2247,5,858,4.857000000000036,0.055944055944055944,294.9,4.23,0.0
2248,0,179,-0.8219999999999998,0.055865921787709494,295.0,4.23,0.0
2249,0,179,-0.8219999999999998,0.055865921787709494,295.1,4.24,0.0
2250,0,189,-0.8119999999999998,0.0582010582010582,295.2,4.24,0.0
2251,0,186,-0.8149999999999998,0.05913978494623656,295.3,4.24,0.0
2252,1,313,0.3119999999999896,0.054313099041533544,295.5,4.24,0.0
2253,1,313,0.3119999999999896,0.054313099041533544,295.6,4.24,0.0
2254,2,446,1.444999999999975,0.05605381165919283,295.9,4.24,0.0
2255,2,446,1.444999999999975,0.05605381165919283,296.1,4.24,0.0
2256,2,446,1.444999999999975,0.05605381165919283,296.3,4.24,0.0
2257,0,191,-0.8099999999999998,0.05759162303664921,296.4,4.24,0.0
2258,6,979,5.978000000000075,0.056179775280898875,296.9,4.24,0.0
2259,4,713,3.711999999999988,0.056100981767180924,297.3,4.24,0.0
2260,1,313,0.3119999999999896,0.05750798722044728,297.5,4.24,0.0
2261,6,983,5.982000000000077,0.05595116988809766,298.0,4.23,0.0
2262,3,579,2.5779999999999603,0.055267702936096716,298.3,4.23,0.0
2263,0,179,-0.8219999999999998,0.055865921787709494,298.4,4.24,0.0
2264,1,313,0.3119999999999896,0.054313099041533544,298.6,4.24,0.0
2265,0,179,-0.8219999999999998,0.055865921787709494,298.7,4.24,0.0
2266,3,582,2.58099999999996,0.05670103092783505,299.0,4.24,0.0
2267,2,446,1.444999999999975,0.05605381165919283,299.2,4.24,0.0
2268,1,313,0.3119999999999896,0.054313099041533544,299.4,4.24,0.0
2269,2,461,1.4599999999999733,0.05639913232104121,299.7,4.24,0.0
2270,2,446,1.444999999999975,0.05605381165919283,299.9,4.24,0.0
2271,0,197,-0.8039999999999998,0.05583756345177665,300.0,4.24,0.0
2272,3,581,2.57999999999996,0.05679862306368331,300.3,4.24,0.0
2273,0,179,-0.8219999999999998,0.055865921787709494,300.4,4.24,0.0
2274,2,447,1.4459999999999749,0.05592841163310962,300.7,4.24,0.0
2275,1,313,0.3119999999999896,0.054313099041533544,300.8,4.24,0.0
2276,1,323,0.3219999999999885,0.05572755417956656,301.0,4.24,0.0
2277,3,585,2.5839999999999597,0.05641025641025641,301.3,4.24,0.0
2278,0,179,-0.8219999999999998,0.055865921787709494,301.4,4.24,0.0
2279,1,317,0.3159999999999892,0.056782334384858045,301.6,4.24,0.0
2280,3,585,2.5839999999999597,0.05641025641025641,301.9,4.24,0.0
2281,0,179,-0.8219999999999998,0.055865921787709494,302.0,4.25,0.0
2282,1,349,0.34799999999998565,0.05730659025787966,302.2,4.25,0.0
2283,2,446,1.444999999999975,0.05605381165919283,302.4,4.25,0.0
2284,4,713,3.711999999999988,0.0546984572230014,302.8,4.24,0.0
2285,8,1253,8.251999999999958,0.055865921787709494,303.5,4.24,0.0
2286,1,313,0.3119999999999896,0.054313099041533544,303.6,4.24,0.0
2287,2,446,1.444999999999975,0.05605381165919283,303.9,4.24,0.0
2288,0,194,-0.8069999999999998,0.05670103092783505,304.0,4.24,0.0
2289,3,579,2.5779999999999603,0.055267702936096716,304.3,4.24,0.0
2290,2,459,1.4579999999999735,0.05664488017429194,304.5,4.24,0.0
2291,2,446,1.444999999999975,0.05605381165919283,304.8,4.24,0.0
2292,5,846,4.845000000000032,0.05555555555555555,305.2,4.24,0.0
2293,1,313,0.3119999999999896,0.05750798722044728,305.4,4.24,0.0
2294,0,179,-0.8219999999999998,0.055865921787709494,305.5,4.24,0.0
2295,3,591,2.589999999999959,0.05583756345177665,305.8,4.24,0.0
2296,0,179,-0.8219999999999998,0.055865921787709494,305.9,4.24,0.0
2297,4,713,3.711999999999988,0.0546984572230014,306.3,4.24,0.0
2298,0,179,-0.8219999999999998,0.055865921787709494,306.4,4.24,0.0
2299,1,313,0.3119999999999896,0.054313099041533544,306.6,4.24,0.0
2300,4,713,3.711999999999988,0.056100981767180924,306.9,4.24,0.0
2301,0,179,-0.8219999999999998,0.055865921787709494,307.0,4.24,0.0
2302,1,313,0.3119999999999896,0.05750798722044728,307.2,4.24,0.0
2303,0,179,-0.8219999999999998,0.055865921787709494,307.3,4.24,0.0
2304,0,179,-0.8219999999999998,0.055865921787709494,307.4,4.25,0.0
2305,0,181,-0.8199999999999998,0.06077348066298342,307.5,4.25,0.0
2306,0,186,-0.8149999999999998,0.05913978494623656,307.6,4.25,0.0
2307,0,188,-0.8129999999999998,0.05851063829787234,307.7,4.25,0.0
2308,4,713,3.711999999999988,0.0546984572230014,308.1,4.25,0.0
2309,3,582,2.58099999999996,0.05670103092783505,308.4,4.25,0.0
2310,4,734,3.732999999999995,0.055858310626702996,308.8,4.25,0.0
2311,3,585,2.5839999999999597,0.05641025641025641,309.1,4.24,0.0
2312,0,179,-0.8219999999999998,0.055865921787709494,309.2,4.25,0.0
2313,1,313,0.3119999999999896,0.054313099041533544,309.4,4.25,0.0
2314,3,587,2.5859999999999594,0.056218057921635436,309.7,4.25,0.0
2315,0,179,-0.8219999999999998,0.055865921787709494,309.8,4.25,0.0
2316,3,586,2.5849999999999596,0.05631399317406143,310.1,4.25,0.0
2317,0,179,-0.8219999999999998,0.055865921787709494,310.2,4.25,0.0
2318,2,446,1.444999999999975,0.05605381165919283,310.5,4.25,0.0
2319,3,579,2.5779999999999603,0.055267702936096716,310.8,4.25,0.0
2320,2,446,1.444999999999975,0.05605381165919283,311.0,4.25,0.0
2321,4,713,3.711999999999988,0.056100981767180924,311.4,4.25,0.0
2322,1,313,0.3119999999999896,0.054313099041533544,311.6,4.25,0.0
2323,3,579,2.5779999999999603,0.055267702936096716,311.9,4.25,0.0
2324,0,179,-0.8219999999999998,0.055865921787709494,312.0,4.25,0.0
2325,3,584,2.5829999999999598,0.05650684931506849,312.3,4.25,0.0
2326,3,586,2.5849999999999596,0.05631399317406143,312.6,4.24,0.0
2327,3,579,2.5779999999999603,0.055267702936096716,312.9,4.24,0.0
2328,0,179,-0.8219999999999998,0.055865921787709494,313.0,4.25,0.0
2329,3,579,2.5779999999999603,0.055267702936096716,313.3,4.24,0.0
2330,3,579,2.5779999999999603,0.055267702936096716,313.6,4.24,0.0
2331,6,979,5.978000000000075,0.05515832482124617,314.2,4.24,0.0
2332,0,191,-0.8099999999999998,0.05759162303664921,314.3,4.24,0.0
2333,0,184,-0.8169999999999998,0.059782608695652176,314.4,4.24,0.0
2334,2,446,1.444999999999975,0.053811659192825115,314.6,4.24,0.0
2335,0,193,-0.8079999999999998,0.05699481865284974,314.7,4.25,0.0
2336,0,179,-0.8219999999999998,0.061452513966480445,314.8,4.25,0.0
2337,0,179,-0.8219999999999998,0.055865921787709494,314.9,4.25,0.0
2338,3,609,2.607999999999957,0.05582922824302135,315.2,4.25,0.0
2339,4,719,3.71799999999999,0.055632823365785816,315.6,4.25,0.0
2340,2,446,1.444999999999975,0.05605381165919283,315.9,4.25,0.0
2341,2,446,1.444999999999975,0.05605381165919283,316.1,4.25,0.0
2342,1,313,0.3119999999999896,0.05750798722044728,316.3,4.25,0.0
2343,3,579,2.5779999999999603,0.055267702936096716,316.6,4.25,0.0
2344,1,336,0.3349999999999871,0.05654761904761905,316.8,4.25,0.0
2345,4,713,3.711999999999988,0.0546984572230014,317.2,4.24,0.0
2346,1,316,0.3149999999999893,0.056962025316455694,317.4,4.24,0.0
2347,1,315,0.3139999999999894,0.05714285714285714,317.5,4.25,0.0
2348,5,846,4.845000000000032,0.05555555555555555,318.0,4.24,0.0
2349,3,579,2.5779999999999603,0.055267702936096716,318.3,4.24,0.0
2350,2,446,1.444999999999975,0.05605381165919283,318.6,4.24,0.0
2351,0,179,-0.8219999999999998,0.055865921787709494,318.6,4.24,0.0
2352,1,317,0.3159999999999892,0.056782334384858045,318.8,4.24,0.0
2353,3,579,2.5779999999999603,0.055267702936096716,319.1,4.24,0.0
2354,1,313,0.3119999999999896,0.05750798722044728,319.3,4.24,0.0
2355,0,179,-0.8219999999999998,0.055865921787709494,319.4,4.25,0.0
2356,1,313,0.3119999999999896,0.054313099041533544,319.6,4.25,0.0
2357,9,1379,9.377999999999888,0.05583756345177665,320.3,4.24,0.0
2358,7,1113,7.112000000000036,0.055705300988319856,320.9,4.23,0.0
2359,1,319,0.31799999999998896,0.05642633228840126,321.1,4.24,0.0
2360,2,446,1.444999999999975,0.05605381165919283,321.3,4.24,0.0
2361,0,179,-0.8219999999999998,0.055865921787709494,321.4,4.24,0.0
2362,2,446,1.444999999999975,0.05605381165919283,321.7,4.24,0.0
2363,3,588,2.5869999999999593,0.05612244897959184,322.0,4.24,0.0
2364,3,579,2.5779999999999603,0.055267702936096716,322.3,4.24,0.0
2365,2,446,1.444999999999975,0.05605381165919283,322.5,4.24,0.0
2366,0,179,-0.8219999999999998,0.055865921787709494,322.6,4.24,0.0
2367,0,179,-0.8219999999999998,0.055865921787709494,322.7,4.24,0.0
2368,1,313,0.3119999999999896,0.054313099041533544,322.9,4.24,0.0
2369,0,186,-0.8149999999999998,0.05913978494623656,323.0,4.24,0.0
2370,0,179,-0.8219999999999998,0.055865921787709494,323.1,4.24,0.0
2371,0,195,-0.8059999999999998,0.05641025641025641,323.2,4.25,0.0
2372,4,713,3.711999999999988,0.056100981767180924,323.6,4.24,0.0
2373,6,979,5.978000000000075,0.05515832482124617,324.1,4.24,0.0
2374,2,446,1.444999999999975,0.053811659192825115,324.3,4.24,0.0
2375,0,179,-0.8219999999999998,0.055865921787709494,324.4,4.24,0.0
2376,1,313,0.3119999999999896,0.054313099041533544,324.6,4.24,0.0
2377,0,179,-0.8219999999999998,0.055865921787709494,324.7,4.24,0.0
2378,2,446,1.444999999999975,0.05605381165919283,324.9,4.24,0.0
2379,0,179,-0.8219999999999998,0.055865921787709494,325.0,4.25,0.0
2380,0,192,-0.8089999999999998,0.057291666666666664,325.1,4.25,0.0
2381,0,179,-0.8219999999999998,0.055865921787709494,325.2,4.25,0.0
2382,5,846,4.845000000000032,0.05555555555555555,325.7,4.25,0.0
2383,2,462,1.4609999999999732,0.05627705627705628,325.9,4.25,0.0
2384,3,609,2.607999999999957,0.05582922824302135,326.2,4.25,0.0
2385,0,186,-0.8149999999999998,0.05913978494623656,326.3,4.25,0.0
2386,1,323,0.3219999999999885,0.05572755417956656,326.5,4.25,0.0
2387,1,339,0.33799999999998676,0.05604719764011799,326.7,4.25,0.0
2388,4,713,3.711999999999988,0.056100981767180924,327.1,4.25,0.0
2389,2,459,1.4579999999999735,0.05664488017429194,327.3,4.25,0.0
2390,3,579,2.5779999999999603,0.055267702936096716,327.6,4.25,0.0
2391,3,588,2.5869999999999593,0.05612244897959184,327.9,4.24,0.0
2392,0,181,-0.8199999999999998,0.06077348066298342,328.0,4.25,0.0
2393,5,846,4.845000000000032,0.05555555555555555,328.5,4.24,0.0
2394,0,179,-0.8219999999999998,0.055865921787709494,328.6,4.25,0.0
2395,0,179,-0.8219999999999998,0.055865921787709494,328.7,4.25,0.0
2396,0,179,-0.8219999999999998,0.055865921787709494,328.8,4.25,0.0
2397,2,448,1.4469999999999748,0.05580357142857143,329.0,4.25,0.0
2398,1,313,0.3119999999999896,0.054313099041533544,329.2,4.25,0.0
2399,3,587,2.5859999999999594,0.056218057921635436,329.5,4.25,0.0
2400,4,713,3.711999999999988,0.056100981767180924,329.9,4.25,0.0
2401,1,313,0.3119999999999896,0.054313099041533544,330.1,4.25,0.0
2402,1,313,0.3119999999999896,0.05750798722044728,330.2,4.25,0.0
2403,0,179,-0.8219999999999998,0.055865921787709494,330.3,4.25,0.0
2404,0,189,-0.8119999999999998,0.0582010582010582,330.4,4.25,0.0
2405,2,457,1.4559999999999738,0.05689277899343545,330.7,4.25,0.0
2406,1,319,0.31799999999998896,0.05642633228840126,330.8,4.25,0.0
2407,2,477,1.4759999999999716,0.05660377358490566,331.1,4.25,0.0
2408,1,313,0.3119999999999896,0.054313099041533544,331.3,4.25,0.0
2409,0,179,-0.8219999999999998,0.055865921787709494,331.3,4.26,0.0
2410,0,187,-0.8139999999999998,0.058823529411764705,331.4,4.26,0.0
2411,2,464,1.462999999999973,0.05603448275862069,331.7,4.26,0.0
2412,4,713,3.711999999999988,0.056100981767180924,332.1,4.25,0.0
2413,2,464,1.462999999999973,0.05603448275862069,332.3,4.25,0.0
2414,1,313,0.3119999999999896,0.05750798722044728,332.5,4.26,0.0
2415,5,846,4.845000000000032,0.05555555555555555,333.0,4.25,0.0
2416,3,579,2.5779999999999603,0.055267702936096716,333.3,4.25,0.0
2417,4,713,3.711999999999988,0.0546984572230014,333.7,4.25,0.0
2418,2,456,1.4549999999999739,0.05701754385964912,333.9,4.25,0.0
2419,3,579,2.5779999999999603,0.055267702936096716,334.2,4.25,0.0
2420,0,179,-0.8219999999999998,0.055865921787709494,334.3,4.25,0.0
2421,0,179,-0.8219999999999998,0.05027932960893855,334.4,4.25,0.0
2422,0,179,-0.8219999999999998,0.055865921787709494,334.5,4.25,0.0
2423,2,446,1.444999999999975,0.05605381165919283,334.7,4.25,0.0
2424,0,179,-0.8219999999999998,0.055865921787709494,334.8,4.26,0.0
2425,1,313,0.3119999999999896,0.054313099041533544,335.0,4.26,0.0
2426,0,179,-0.8219999999999998,0.055865921787709494,335.1,4.26,0.0
2427,0,179,-0.8219999999999998,0.055865921787709494,335.2,4.26,0.0
2428,1,313,0.3119999999999896,0.054313099041533544,335.4,4.26,0.0
2429,1,313,0.3119999999999896,0.054313099041533544,335.5,4.26,0.0
2430,3,579,2.5779999999999603,0.055267702936096716,335.8,4.26,0.0
2431,4,713,3.711999999999988,0.056100981767180924,336.2,4.26,0.0
2432,0,179,-0.8219999999999998,0.05027932960893855,336.3,4.26,0.0
2433,4,713,3.711999999999988,0.056100981767180924,336.7,4.26,0.0
2434,4,732,3.7309999999999945,0.056010928961748634,337.1,4.26,0.0
2435,3,579,2.5779999999999603,0.055267702936096716,337.4,4.26,0.0
2436,1,335,0.3339999999999872,0.056716417910447764,337.6,4.26,0.0
2437,1,313,0.3119999999999896,0.054313099041533544,337.7,4.26,0.0
2438,1,314,0.3129999999999895,0.05732484076433121,337.9,4.26,0.0
2439,2,460,1.4589999999999734,0.05652173913043478,338.2,4.26,0.0
2440,1,313,0.3119999999999896,0.054313099041533544,338.3,4.26,0.0
2441,1,313,0.3119999999999896,0.054313099041533544,338.5,4.26,0.0
2442,1,313,0.3119999999999896,0.05750798722044728,338.7,4.26,0.0
2443,0,182,-0.8189999999999998,0.06043956043956044,338.8,4.26,0.0
2444,2,453,1.4519999999999742,0.05739514348785872,339.0,4.26,0.0
2445,1,322,0.32099999999998863,0.055900621118012424,339.2,4.26,0.0
2446,2,446,1.444999999999975,0.053811659192825115,339.4,4.26,0.0
2447,2,446,1.444999999999975,0.053811659192825115,339.7,4.26,0.0
2448,4,734,3.732999999999995,0.055858310626702996,340.1,4.26,0.0
2449,4,728,3.726999999999993,0.05631868131868132,340.4,4.26,0.0
2450,0,179,-0.8219999999999998,0.055865921787709494,340.5,4.26,0.0
2451,1,339,0.33799999999998676,0.05604719764011799,340.7,4.26,0.0
2452,0,179,-0.8219999999999998,0.055865921787709494,340.8,4.26,0.0
2453,2,446,1.444999999999975,0.05605381165919283,341.1,4.26,0.0
2454,3,579,2.5779999999999603,0.055267702936096716,341.4,4.26,0.0
2455,4,713,3.711999999999988,0.0546984572230014,341.8,4.26,0.0
2456,3,579,2.5779999999999603,0.055267702936096716,342.1,4.26,0.0
2457,0,179,-0.8219999999999998,0.055865921787709494,342.2,4.26,0.0
2458,1,313,0.3119999999999896,0.05750798722044728,342.3,4.26,0.0
2459,5,856,4.855000000000035,0.056074766355140186,342.8,4.26,0.0
2460,4,713,3.711999999999988,0.056100981767180924,343.2,4.26,0.0
2461,0,187,-0.8139999999999998,0.058823529411764705,343.3,4.26,0.0
2462,1,313,0.3119999999999896,0.05750798722044728,343.4,4.26,0.0
2463,1,313,0.3119999999999896,0.05750798722044728,343.6,4.26,0.0
2464,2,446,1.444999999999975,0.05605381165919283,343.9,4.26,0.0
2465,2,446,1.444999999999975,0.05605381165919283,344.1,4.26,0.0
2466,4,713,3.711999999999988,0.0546984572230014,344.5,4.26,0.0
2467,0,179,-0.8219999999999998,0.055865921787709494,344.6,4.26,0.0
2468,0,179,-0.8219999999999998,0.055865921787709494,344.7,4.26,0.0
2469,2,459,1.4579999999999735,0.05664488017429194,344.9,4.26,0.0
2470,0,190,-0.8109999999999998,0.05789473684210526,345.0,4.26,0.0
2471,0,184,-0.8169999999999998,0.059782608695652176,345.1,4.27,0.0
2472,1,322,0.32099999999998863,0.055900621118012424,345.3,4.27,0.0
2473,0,181,-0.8199999999999998,0.06077348066298342,345.4,4.27,0.0
2474,2,446,1.444999999999975,0.05605381165919283,345.6,4.27,0.0
2475,0,179,-0.8219999999999998,0.055865921787709494,345.7,4.27,0.0
2476,5,856,4.855000000000035,0.056074766355140186,346.2,4.27,0.0
2477,1,314,0.3129999999999895,0.05732484076433121,346.4,4.27,0.0
2478,0,179,-0.8219999999999998,0.055865921787709494,346.5,4.27,0.0
2479,0,179,-0.8219999999999998,0.055865921787709494,346.5,4.27,0.0
2480,1,313,0.3119999999999896,0.05750798722044728,346.7,4.27,0.0
2481,1,313,0.3119999999999896,0.054313099041533544,346.9,4.27,0.0
2482,1,313,0.3119999999999896,0.054313099041533544,347.1,4.27,0.0
2483,2,446,1.444999999999975,0.05605381165919283,347.3,4.27,0.0
2484,1,313,0.3119999999999896,0.05750798722044728,347.5,4.27,0.0
2485,5,846,4.845000000000032,0.05555555555555555,347.9,4.27,0.0
2486,2,446,1.444999999999975,0.05605381165919283,348.2,4.27,0.0
2487,6,979,5.978000000000075,0.05515832482124617,348.7,4.27,0.0
2488,4,727,3.725999999999993,0.05639614855570839,349.1,4.27,0.0
2489,2,454,1.452999999999974,0.05726872246696035,349.3,4.27,0.0
2490,3,579,2.5779999999999603,0.055267702936096716,349.6,4.26,0.0
2491,1,313,0.3119999999999896,0.054313099041533544,349.8,4.27,0.0
2492,0,179,-0.8219999999999998,0.055865921787709494,349.9,4.27,0.0
2493,0,187,-0.8139999999999998,0.058823529411764705,350.0,4.27,0.0
2494,1,313,0.3119999999999896,0.054313099041533544,350.2,4.27,0.0
2495,1,316,0.3149999999999893,0.056962025316455694,350.3,4.27,0.0
2496,3,579,2.5779999999999603,0.055267702936096716,350.6,4.27,0.0
2497,2,446,1.444999999999975,0.05605381165919283,350.9,4.27,0.0
2498,3,584,2.5829999999999598,0.05650684931506849,351.2,4.27,0.0
2499,2,446,1.444999999999975,0.05605381165919283,351.4,4.27,0.0
2500,1,317,0.3159999999999892,0.056782334384858045,351.6,4.27,0.0
2501,0,188,-0.8129999999999998,0.05851063829787234,354.8,4.23,0.0
2502,0,179,-0.8219999999999998,0.055865921787709494,354.9,4.23,0.0
2503,4,729,3.7279999999999935,0.056241426611796985,355.3,4.23,0.0
2504,1,317,0.3159999999999892,0.056782334384858045,355.5,4.23,0.0
2505,2,455,1.453999999999974,0.05714285714285714,355.7,4.23,0.0
2506,0,179,-0.8219999999999998,0.055865921787709494,355.8,4.23,0.0
2507,0,179,-0.8219999999999998,0.05027932960893855,355.9,4.24,0.0
2508,0,179,-0.8219999999999998,0.055865921787709494,356.0,4.24,0.0
2509,3,591,2.589999999999959,0.05583756345177665,356.4,4.24,0.0
2510,0,179,-0.8219999999999998,0.055865921787709494,356.5,4.24,0.0
2511,0,188,-0.8129999999999998,0.05851063829787234,356.6,4.24,0.0
2512,0,179,-0.8219999999999998,0.055865921787709494,356.7,4.24,0.0
2513,2,446,1.444999999999975,0.053811659192825115,356.9,4.24,0.0
2514,2,446,1.444999999999975,0.05605381165919283,357.1,4.24,0.0
2515,3,582,2.58099999999996,0.05670103092783505,357.5,4.24,0.0
2516,0,179,-0.8219999999999998,0.055865921787709494,357.5,4.24,0.0
2517,2,446,1.444999999999975,0.05605381165919283,357.8,4.24,0.0
2518,1,316,0.3149999999999893,0.056962025316455694,358.0,4.24,0.0
2519,0,209,-0.7919999999999998,0.05741626794258373,358.1,4.24,0.0
2520,8,1275,8.273999999999946,0.05568627450980392,358.8,4.24,0.0
2521,2,446,1.444999999999975,0.053811659192825115,359.0,4.24,0.0
2522,0,184,-0.8169999999999998,0.059782608695652176,359.1,4.24,0.0
2523,4,713,3.711999999999988,0.056100981767180924,359.5,4.24,0.0
2524,1,313,0.3119999999999896,0.054313099041533544,359.6,4.24,0.0
2525,0,179,-0.8219999999999998,0.055865921787709494,359.7,4.24,0.0
2526,0,179,-0.8219999999999998,0.055865921787709494,359.8,4.24,0.0
2527,1,313,0.3119999999999896,0.054313099041533544,360.0,4.24,0.0
2528,2,446,1.444999999999975,0.05605381165919283,360.3,4.24,0.0
2529,0,179,-0.8219999999999998,0.05027932960893855,360.3,4.25,0.0
2530,2,446,1.444999999999975,0.05605381165919283,360.6,4.25,0.0
2531,2,460,1.4589999999999734,0.05652173913043478,360.8,4.25,0.0
2532,0,179,-0.8219999999999998,0.055865921787709494,360.9,4.25,0.0
2533,0,179,-0.8219999999999998,0.055865921787709494,361.0,4.25,0.0
2534,2,453,1.4519999999999742,0.05739514348785872,361.3,4.25,0.0
2535,1,315,0.3139999999999894,0.05714285714285714,361.4,4.25,0.0
2536,0,179,-0.8219999999999998,0.055865921787709494,361.5,4.25,0.0
2537,0,179,-0.8219999999999998,0.055865921787709494,361.6,4.25,0.0
2538,1,322,0.32099999999998863,0.055900621118012424,361.8,4.25,0.0
2539,0,192,-0.8089999999999998,0.057291666666666664,361.9,4.26,0.0
2540,3,579,2.5779999999999603,0.055267702936096716,362.2,4.25,0.0
2541,0,179,-0.8219999999999998,0.055865921787709494,362.3,4.26,0.0
2542,0,179,-0.8219999999999998,0.055865921787709494,362.4,4.26,0.0
2543,1,313,0.3119999999999896,0.05750798722044728,362.6,4.26,0.0
2544,3,579,2.5779999999999603,0.05699481865284974,362.9,4.26,0.0
2545,1,313,0.3119999999999896,0.054313099041533544,363.0,4.26,0.0
2546,3,579,2.5779999999999603,0.055267702936096716,363.4,4.26,0.0
2547,0,179,-0.8219999999999998,0.055865921787709494,363.5,4.26,0.0
2548,3,579,2.5779999999999603,0.055267702936096716,363.8,4.26,0.0
2549,3,579,2.5779999999999603,0.055267702936096716,364.1,4.26,0.0
2550,1,313,0.3119999999999896,0.05750798722044728,364.2,4.26,0.0
2551,2,446,1.444999999999975,0.05605381165919283,364.5,4.26,0.0
2552,6,979,5.978000000000075,0.05515832482124617,365.0,4.25,0.0
2553,4,713,3.711999999999988,0.056100981767180924,365.4,4.25,0.0
2554,0,182,-0.8189999999999998,0.06043956043956044,365.5,4.25,0.0
2555,0,190,-0.8109999999999998,0.05789473684210526,365.6,4.26,0.0
2556,0,181,-0.8199999999999998,0.06077348066298342,365.7,4.26,0.0
2557,0,179,-0.8219999999999998,0.055865921787709494,365.8,4.26,0.0
2558,2,456,1.4549999999999739,0.05701754385964912,366.0,4.26,0.0
2559,0,189,-0.8119999999999998,0.0582010582010582,366.1,4.26,0.0
2560,0,179,-0.8219999999999998,0.055865921787709494,366.2,4.26,0.0
2561,1,313,0.3119999999999896,0.05750798722044728,366.4,4.26,0.0
2562,0,179,-0.8219999999999998,0.055865921787709494,366.5,4.27,0.0
2563,7,1113,7.112000000000036,0.055705300988319856,367.1,4.26,0.0
2564,1,313,0.3119999999999896,0.05750798722044728,367.2,4.26,0.0
2565,2,446,1.444999999999975,0.053811659192825115,367.5,4.26,0.0
2566,2,446,1.444999999999975,0.053811659192825115,367.7,4.26,0.0
2567,1,315,0.3139999999999894,0.05714285714285714,367.9,4.26,0.0
2568,1,313,0.3119999999999896,0.05750798722044728,368.1,4.26,0.0
2569,1,313,0.3119999999999896,0.054313099041533544,368.2,4.26,0.0
2570,9,1379,9.377999999999888,0.05511240029006526,369.0,4.26,0.0
2571,3,579,2.5779999999999603,0.055267702936096716,369.3,4.26,0.0
2572,0,192,-0.8089999999999998,0.057291666666666664,369.4,4.26,0.0
2573,3,579,2.5779999999999603,0.055267702936096716,369.7,4.26,0.0
2574,0,179,-0.8219999999999998,0.055865921787709494,369.8,4.26,0.0
2575,4,713,3.711999999999988,0.056100981767180924,370.2,4.26,0.0
2576,1,313,0.3119999999999896,0.054313099041533544,370.4,4.26,0.0
2577,0,179,-0.8219999999999998,0.055865921787709494,370.5,4.26,0.0
2578,0,179,-0.8219999999999998,0.055865921787709494,370.6,4.26,0.0
2579,1,313,0.3119999999999896,0.054313099041533544,370.7,4.26,0.0
2580,1,313,0.3119999999999896,0.05750798722044728,370.9,4.26,0.0
2581,14,2000,15.998999999999544,0.0555,371.9,4.25,0.0
2582,2,460,1.4589999999999734,0.05652173913043478,372.2,4.25,0.0
2583,5,846,4.845000000000032,0.05555555555555555,372.7,4.25,0.0
2584,0,195,-0.8059999999999998,0.05641025641025641,372.8,4.25,0.0
2585,4,713,3.711999999999988,0.056100981767180924,373.2,4.25,0.0
2586,0,179,-0.8219999999999998,0.055865921787709494,373.2,4.25,0.0
2587,1,313,0.3119999999999896,0.054313099041533544,373.4,4.25,0.0
2588,2,446,1.444999999999975,0.05605381165919283,373.6,4.25,0.0
2589,0,179,-0.8219999999999998,0.055865921787709494,373.7,4.25,0.0
2590,5,846,4.845000000000032,0.05555555555555555,374.2,4.25,0.0
2591,0,179,-0.8219999999999998,0.055865921787709494,374.3,4.25,0.0
2592,5,846,4.845000000000032,0.05555555555555555,374.7,4.25,0.0
2593,0,179,-0.8219999999999998,0.055865921787709494,374.8,4.25,0.0
2594,1,340,0.33899999999998665,0.05588235294117647,375.0,4.25,0.0
2595,4,713,3.711999999999988,0.056100981767180924,375.4,4.25,0.0
2596,2,446,1.444999999999975,0.05605381165919283,375.7,4.25,0.0
2597,0,189,-0.8119999999999998,0.0582010582010582,375.8,4.25,0.0
2598,4,713,3.711999999999988,0.0546984572230014,376.2,4.25,0.0
2599,0,179,-0.8219999999999998,0.055865921787709494,376.3,4.25,0.0
2600,0,189,-0.8119999999999998,0.0582010582010582,376.4,4.25,0.0
2601,0,179,-0.8219999999999998,0.055865921787709494,376.5,4.26,0.0
2602,1,313,0.3119999999999896,0.05750798722044728,376.7,4.26,0.0
2603,3,580,2.57899999999996,0.056896551724137934,377.0,4.26,0.0
2604,1,313,0.3119999999999896,0.054313099041533544,377.1,4.26,0.0
2605,2,453,1.4519999999999742,0.05739514348785872,377.4,4.26,0.0
2606,2,451,1.4499999999999744,0.057649667405764965,377.6,4.26,0.0
2607,5,846,4.845000000000032,0.05555555555555555,378.1,4.25,0.0
2608,0,179,-0.8219999999999998,0.055865921787709494,378.2,4.25,0.0
2609,0,179,-0.8219999999999998,0.055865921787709494,378.3,4.26,0.0
2610,0,182,-0.8189999999999998,0.06043956043956044,378.4,4.26,0.0
2611,4,734,3.732999999999995,0.055858310626702996,378.8,4.26,0.0
2612,2,446,1.444999999999975,0.05605381165919283,379.0,4.26,0.0
2613,3,583,2.58199999999996,0.05660377358490566,379.3,4.26,0.0
2614,0,179,-0.8219999999999998,0.055865921787709494,379.4,4.26,0.0
2615,0,179,-0.8219999999999998,0.055865921787709494,379.5,4.26,0.0
2616,2,448,1.4469999999999748,0.05580357142857143,379.7,4.26,0.0
2617,0,179,-0.8219999999999998,0.055865921787709494,379.8,4.26,0.0
2618,3,579,2.5779999999999603,0.055267702936096716,380.1,4.26,0.0
2619,1,313,0.3119999999999896,0.054313099041533544,380.3,4.26,0.0
2620,0,209,-0.7919999999999998,0.05741626794258373,380.4,4.26,0.0
2621,1,315,0.3139999999999894,0.05714285714285714,380.6,4.26,0.0
2622,0,192,-0.8089999999999998,0.057291666666666664,380.7,4.26,0.0
2623,4,713,3.711999999999988,0.056100981767180924,381.1,4.26,0.0
2624,0,179,-0.8219999999999998,0.055865921787709494,381.2,4.26,0.0
2625,0,179,-0.8219999999999998,0.055865921787709494,381.3,4.26,0.0
2626,0,179,-0.8219999999999998,0.055865921787709494,381.4,4.27,0.0
2627,0,189,-0.8119999999999998,0.0582010582010582,381.5,4.27,0.0
2628,0,185,-0.8159999999999998,0.05945945945945946,381.6,4.27,0.0
2629,2,446,1.444999999999975,0.05605381165919283,381.8,4.27,0.0
2630,2,446,1.444999999999975,0.05605381165919283,382.1,4.27,0.0
2631,3,579,2.5779999999999603,0.055267702936096716,382.4,4.27,0.0
2632,2,446,1.444999999999975,0.05605381165919283,382.6,4.27,0.0
2633,3,579,2.5779999999999603,0.055267702936096716,383.0,4.27,0.0
2634,0,179,-0.8219999999999998,0.055865921787709494,383.0,4.27,0.0
2635,0,179,-0.8219999999999998,0.055865921787709494,383.1,4.27,0.0
2636,3,591,2.589999999999959,0.05583756345177665,383.5,4.27,0.0
2637,7,1113,7.112000000000036,0.055705300988319856,384.1,4.26,0.0
2638,2,446,1.444999999999975,0.05605381165919283,384.3,4.26,0.0
2639,1,318,0.31699999999998907,0.05660377358490566,384.5,4.27,0.0
2640,5,846,4.845000000000032,0.05555555555555555,384.9,4.26,0.0
2641,1,313,0.3119999999999896,0.054313099041533544,385.1,4.26,0.0
2642,0,179,-0.8219999999999998,0.055865921787709494,385.2,4.27,0.0
2643,4,713,3.711999999999988,0.056100981767180924,385.6,4.26,0.0
2644,2,464,1.462999999999973,0.05603448275862069,385.8,4.26,0.0
2645,3,579,2.5779999999999603,0.055267702936096716,386.2,4.26,0.0
2646,1,313,0.3119999999999896,0.054313099041533544,386.3,4.26,0.0
2647,4,729,3.7279999999999935,0.056241426611796985,386.7,4.26,0.0
2648,2,464,1.462999999999973,0.05603448275862069,387.0,4.26,0.0
2649,1,313,0.3119999999999896,0.054313099041533544,387.1,4.26,0.0
2650,4,727,3.725999999999993,0.05639614855570839,387.5,4.26,0.0
2651,4,716,3.714999999999989,0.055865921787709494,387.9,4.26,0.0
2652,0,179,-0.8219999999999998,0.055865921787709494,388.0,4.26,0.0
2653,4,734,3.732999999999995,0.055858310626702996,388.4,4.26,0.0
2654,3,579,2.5779999999999603,0.055267702936096716,388.7,4.26,0.0
2655,1,313,0.3119999999999896,0.054313099041533544,388.9,4.26,0.0
2656,2,449,1.4479999999999746,0.0556792873051225,389.1,4.26,0.0
2657,1,313,0.3119999999999896,0.054313099041533544,389.3,4.26,0.0
2658,4,714,3.7129999999999885,0.056022408963585436,389.7,4.26,0.0
2659,2,446,1.444999999999975,0.05605381165919283,389.9,4.26,0.0
2660,0,190,-0.8109999999999998,0.05789473684210526,390.0,4.26,0.0
2661,2,448,1.4469999999999748,0.05580357142857143,390.2,4.26,0.0
2662,1,339,0.33799999999998676,0.05604719764011799,390.4,4.26,0.0
2663,3,587,2.5859999999999594,0.056218057921635436,390.7,4.26,0.0
2664,3,579,2.5779999999999603,0.055267702936096716,391.0,4.26,0.0
2665,3,588,2.5869999999999593,0.05612244897959184,391.4,4.26,0.0
2666,4,713,3.711999999999988,0.056100981767180924,391.8,4.26,0.0
2667,3,591,2.589999999999959,0.05583756345177665,392.1,4.25,0.0
2668,1,313,0.3119999999999896,0.054313099041533544,392.2,4.26,0.0
2669,4,713,3.711999999999988,0.056100981767180924,392.7,4.25,0.0
2670,1,321,0.31999999999998874,0.056074766355140186,392.8,4.25,0.0
2671,3,579,2.5779999999999603,0.055267702936096716,393.1,4.25,0.0
2672,4,731,3.729999999999994,0.0560875512995896,393.5,4.25,0.0
2673,1,313,0.3119999999999896,0.05750798722044728,393.7,4.25,0.0
2674,2,446,1.444999999999975,0.053811659192825115,394.0,4.25,0.0
2675,0,211,-0.7899999999999998,0.05687203791469194,394.1,4.25,0.0
2676,1,313,0.3119999999999896,0.05750798722044728,394.2,4.25,0.0
2677,3,579,2.5779999999999603,0.055267702936096716,394.5,4.25,0.0
2678,3,585,2.5839999999999597,0.05641025641025641,394.9,4.25,0.0
2679,0,193,-0.8079999999999998,0.05699481865284974,395.0,4.25,0.0
2680,3,609,2.607999999999957,0.05582922824302135,395.3,4.25,0.0
2681,6,1001,6.000000000000083,0.055944055944055944,395.8,4.25,0.0
2682,2,446,1.444999999999975,0.05605381165919283,396.1,4.25,0.0
2683,0,179,-0.8219999999999998,0.055865921787709494,396.2,4.25,0.0
2684,0,179,-0.8219999999999998,0.055865921787709494,396.3,4.25,0.0
2685,0,179,-0.8219999999999998,0.055865921787709494,396.4,4.25,0.0
2686,1,321,0.31999999999998874,0.056074766355140186,396.5,4.25,0.0
2687,3,579,2.5779999999999603,0.055267702936096716,396.8,4.25,0.0
2688,1,313,0.3119999999999896,0.05750798722044728,397.0,4.25,0.0
2689,2,354,1.352999999999985,0.05649717514124294,397.2,4.25,0.0
2690,2,446,1.444999999999975,0.053811659192825115,397.4,4.25,0.0
2691,4,619,3.617999999999957,0.05654281098546042,397.8,4.25,0.0
2692,1,313,0.3119999999999896,0.05750798722044728,397.9,4.25,0.0
2693,1,315,0.3139999999999894,0.05714285714285714,398.1,4.26,0.0
2694,0,179,-0.8219999999999998,0.055865921787709494,398.2,4.26,0.0
2695,8,1246,8.244999999999962,0.05537720706260032,398.9,4.25,0.0
2696,0,179,-0.8219999999999998,0.055865921787709494,399.0,4.25,0.0
2697,0,179,-0.8219999999999998,0.05027932960893855,399.1,4.26,0.0
2698,0,179,-0.8219999999999998,0.055865921787709494,399.2,4.26,0.0
2699,3,582,2.58099999999996,0.05670103092783505,399.5,4.26,0.0
2700,2,446,1.444999999999975,0.05605381165919283,399.7,4.26,0.0
2701,0,179,-0.8219999999999998,0.05027932960893855,399.8,4.26,0.0
2702,1,313,0.3119999999999896,0.054313099041533544,399.9,4.26,0.0
2703,0,195,-0.8059999999999998,0.05641025641025641,400.1,4.26,0.0
2704,6,979,5.978000000000075,0.056179775280898875,400.6,4.26,0.0
2705,7,1113,7.112000000000036,0.05480682839173405,401.2,4.25,0.0
2706,4,713,3.711999999999988,0.0546984572230014,401.6,4.25,0.0
2707,6,1002,6.001000000000083,0.05588822355289421,402.1,4.25,0.0
2708,2,446,1.444999999999975,0.05605381165919283,402.3,4.25,0.0
2709,0,179,-0.8219999999999998,0.055865921787709494,402.4,4.25,0.0
2710,3,586,2.5849999999999596,0.05631399317406143,402.7,4.25,0.0
2711,3,583,2.58199999999996,0.05660377358490566,403.0,4.25,0.0
2712,3,591,2.589999999999959,0.05583756345177665,403.4,4.25,0.0
2713,2,446,1.444999999999975,0.05605381165919283,403.6,4.25,0.0
2714,2,446,1.444999999999975,0.05605381165919283,403.9,4.25,0.0
2715,0,179,-0.8219999999999998,0.055865921787709494,404.0,4.25,0.0
2716,0,179,-0.8219999999999998,0.055865921787709494,404.0,4.25,0.0
2717,0,179,-0.8219999999999998,0.055865921787709494,404.1,4.25,0.0
2718,2,459,1.4579999999999735,0.05664488017429194,404.4,4.25,0.0
2719,1,313,0.3119999999999896,0.054313099041533544,404.6,4.25,0.0
2720,0,195,-0.8059999999999998,0.05641025641025641,404.7,4.25,0.0
2721,0,179,-0.8219999999999998,0.055865921787709494,404.8,4.25,0.0
2722,8,1246,8.244999999999962,0.05537720706260032,405.4,4.25,0.0
2723,1,319,0.31799999999998896,0.05642633228840126,405.6,4.25,0.0
2724,4,713,3.711999999999988,0.0546984572230014,406.0,4.25,0.0
2725,0,179,-0.8219999999999998,0.055865921787709494,406.1,4.25,0.0
2726,6,979,5.978000000000075,0.056179775280898875,406.6,4.25,0.0
2727,2,457,1.4559999999999738,0.05689277899343545,406.9,4.25,0.0
2728,4,731,3.729999999999994,0.0560875512995896,407.3,4.25,0.0
2729,0,179,-0.8219999999999998,0.055865921787709494,407.4,4.25,0.0
2730,0,182,-0.8189999999999998,0.06043956043956044,407.5,4.25,0.0
2731,0,187,-0.8139999999999998,0.058823529411764705,407.6,4.25,0.0
2732,2,475,1.4739999999999718,0.056842105263157895,407.8,4.25,0.0
2733,0,179,-0.8219999999999998,0.055865921787709494,407.9,4.25,0.0
2734,3,610,2.608999999999957,0.05573770491803279,408.2,4.25,0.0
2735,8,1248,8.24699999999996,0.05608974358974359,408.9,4.25,0.0
2736,0,194,-0.8069999999999998,0.05670103092783505,409.0,4.25,0.0
2737,1,313,0.3119999999999896,0.054313099041533544,409.2,4.25,0.0
2738,2,461,1.4599999999999733,0.05639913232104121,409.4,4.25,0.0
2739,4,731,3.729999999999994,0.0560875512995896,409.8,4.25,0.0
2740,7,1113,7.112000000000036,0.055705300988319856,410.4,4.24,0.0
2741,3,583,2.58199999999996,0.05660377358490566,410.7,4.24,0.0
2742,9,1379,9.377999999999888,0.05583756345177665,411.5,4.24,0.0
2743,1,313,0.3119999999999896,0.05750798722044728,411.7,4.24,0.0
2744,2,354,1.352999999999985,0.05649717514124294,411.8,4.24,0.0
2745,0,192,-0.8089999999999998,0.057291666666666664,412.0,4.24,0.0
2746,0,193,-0.8079999999999998,0.05699481865284974,412.1,4.24,0.0
2747,0,192,-0.8089999999999998,0.057291666666666664,412.2,4.24,0.0
2748,5,846,4.845000000000032,0.05555555555555555,412.6,4.24,0.0
2749,1,341,0.33999999999998654,0.05571847507331378,412.8,4.24,0.0
2750,4,713,3.711999999999988,0.0546984572230014,413.2,4.24,0.0
2751,2,457,1.4559999999999738,0.05689277899343545,413.4,4.24,0.0
2752,4,737,3.735999999999996,0.05563093622795115,413.8,4.24,0.0
2753,2,467,1.4659999999999727,0.055674518201284794,414.1,4.24,0.0
2754,3,579,2.5779999999999603,0.055267702936096716,414.4,4.23,0.0
2755,4,713,3.711999999999988,0.0546984572230014,414.8,4.23,0.0
2756,5,858,4.857000000000036,0.055944055944055944,415.3,4.23,0.0
2757,4,713,3.711999999999988,0.0546984572230014,415.6,4.23,0.0
2758,4,713,3.711999999999988,0.0546984572230014,416.0,4.23,0.0
2759,4,713,3.711999999999988,0.056100981767180924,416.4,4.23,0.0
2760,4,732,3.7309999999999945,0.056010928961748634,416.8,4.22,0.0
2761,3,579,2.5779999999999603,0.05699481865284974,417.1,4.22,0.0
2762,8,1246,8.244999999999962,0.05537720706260032,417.8,4.22,0.0
2763,0,179,-0.8219999999999998,0.05027932960893855,417.9,4.22,0.0
2764,0,186,-0.8149999999999998,0.05913978494623656,418.0,4.22,0.0
2765,3,593,2.591999999999959,0.05564924114671164,418.3,4.22,0.0
2766,0,187,-0.8139999999999998,0.058823529411764705,418.4,4.22,0.0
2767,2,446,1.444999999999975,0.05605381165919283,418.6,4.22,0.0
2768,1,313,0.3119999999999896,0.05750798722044728,418.8,4.22,0.0
2769,0,193,-0.8079999999999998,0.05699481865284974,418.9,4.23,0.0
2770,3,579,2.5779999999999603,0.055267702936096716,419.2,4.22,0.0
2771,1,313,0.3119999999999896,0.054313099041533544,419.4,4.23,0.0
2772,1,313,0.3119999999999896,0.05750798722044728,419.6,4.23,0.0
2773,0,183,-0.8179999999999998,0.060109289617486336,419.7,4.23,0.0
2774,0,179,-0.8219999999999998,0.055865921787709494,419.8,4.23,0.0
2775,3,587,2.5859999999999594,0.056218057921635436,420.1,4.23,0.0
2776,1,313,0.3119999999999896,0.054313099041533544,420.2,4.23,0.0
2777,3,579,2.5779999999999603,0.055267702936096716,420.5,4.23,0.0
2778,0,179,-0.8219999999999998,0.055865921787709494,420.6,4.23,0.0
2779,5,846,4.845000000000032,0.05555555555555555,421.1,4.23,0.0
2780,3,589,2.587999999999959,0.05602716468590832,421.4,4.23,0.0
2781,1,314,0.3129999999999895,0.05732484076433121,421.6,4.23,0.0
2782,0,179,-0.8219999999999998,0.055865921787709494,421.7,4.23,0.0
2783,2,465,1.4639999999999729,0.05591397849462366,422.0,4.23,0.0
2784,4,714,3.7129999999999885,0.056022408963585436,422.3,4.23,0.0
2785,2,466,1.4649999999999728,0.055793991416309016,422.6,4.23,0.0
2786,0,179,-0.8219999999999998,0.055865921787709494,422.7,4.23,0.0
2787,2,446,1.444999999999975,0.05605381165919283,422.9,4.23,0.0
2788,0,179,-0.8219999999999998,0.055865921787709494,423.0,4.23,0.0
2789,1,315,0.3139999999999894,0.05714285714285714,423.2,4.23,0.0
2790,2,446,1.444999999999975,0.05605381165919283,423.4,4.23,0.0
2791,0,206,-0.7949999999999998,0.05825242718446602,423.6,4.23,0.0
2792,3,585,2.5839999999999597,0.05641025641025641,423.9,4.23,0.0
2793,3,583,2.58199999999996,0.05660377358490566,424.2,4.23,0.0
2794,2,446,1.444999999999975,0.05605381165919283,424.4,4.23,0.0
2795,4,713,3.711999999999988,0.056100981767180924,424.8,4.23,0.0
2796,2,446,1.444999999999975,0.05605381165919283,425.1,4.23,0.0
2797,0,204,-0.7969999999999998,0.058823529411764705,425.2,4.23,0.0
2798,0,186,-0.8149999999999998,0.05913978494623656,425.3,4.23,0.0
2799,1,313,0.3119999999999896,0.054313099041533544,425.4,4.23,0.0
2800,4,730,3.728999999999994,0.056164383561643834,425.8,4.23,0.0
2801,1,313,0.3119999999999896,0.054313099041533544,426.0,4.23,0.0
2802,1,313,0.3119999999999896,0.054313099041533544,426.2,4.23,0.0
2803,0,179,-0.8219999999999998,0.055865921787709494,426.3,4.23,0.0
2804,0,184,-0.8169999999999998,0.059782608695652176,426.4,4.23,0.0
2805,6,979,5.978000000000075,0.056179775280898875,426.9,4.23,0.0
2806,5,846,4.845000000000032,0.05555555555555555,427.4,4.23,0.0
2807,0,195,-0.8059999999999998,0.05641025641025641,427.5,4.23,0.0
2808,1,336,0.3349999999999871,0.05654761904761905,427.7,4.23,0.0
2809,2,451,1.4499999999999744,0.057649667405764965,428.0,4.23,0.0
2810,4,728,3.726999999999993,0.05631868131868132,428.4,4.23,0.0
2811,2,446,1.444999999999975,0.05605381165919283,428.6,4.23,0.0
2812,2,477,1.4759999999999716,0.05660377358490566,428.9,4.23,0.0
2813,1,313,0.3119999999999896,0.05750798722044728,429.0,4.23,0.0
2814,6,984,5.983000000000077,0.05589430894308943,429.6,4.23,0.0
2815,0,179,-0.8219999999999998,0.05027932960893855,429.7,4.23,0.0
2816,0,179,-0.8219999999999998,0.055865921787709494,429.8,4.23,0.0
2817,2,446,1.444999999999975,0.05605381165919283,430.0,4.23,0.0
2818,2,446,1.444999999999975,0.053811659192825115,430.2,4.23,0.0
2819,0,187,-0.8139999999999998,0.058823529411764705,430.3,4.23,0.0
2820,4,713,3.711999999999988,0.056100981767180924,430.7,4.23,0.0
2821,0,179,-0.8219999999999998,0.055865921787709494,430.8,4.23,0.0
2822,1,313,0.3119999999999896,0.054313099041533544,431.0,4.23,0.0
2823,1,313,0.3119999999999896,0.054313099041533544,431.2,4.23,0.0
2824,0,186,-0.8149999999999998,0.05913978494623656,431.3,4.23,0.0
2825,2,446,1.444999999999975,0.05605381165919283,431.5,4.23,0.0
2826,1,313,0.3119999999999896,0.05750798722044728,431.7,4.23,0.0
2827,1,339,0.33799999999998676,0.05604719764011799,431.9,4.23,0.0
2828,4,713,3.711999999999988,0.056100981767180924,432.2,4.23,0.0
2829,0,179,-0.8219999999999998,0.055865921787709494,432.3,4.23,0.0
2830,0,179,-0.8219999999999998,0.055865921787709494,432.4,4.23,0.0
2831,1,313,0.3119999999999896,0.05750798722044728,432.6,4.23,0.0
2832,3,579,2.5779999999999603,0.055267702936096716,432.9,4.23,0.0
2833,2,447,1.4459999999999749,0.05592841163310962,433.2,4.23,0.0
2834,1,313,0.3119999999999896,0.054313099041533544,433.3,4.23,0.0
2835,0,179,-0.8219999999999998,0.055865921787709494,433.4,4.24,0.0
2836,7,1123,7.12200000000003,0.05609973285841496,434.0,4.23,0.0
2837,0,181,-0.8199999999999998,0.06077348066298342,434.1,4.23,0.0
2838,2,446,1.444999999999975,0.05605381165919283,434.4,4.23,0.0
2839,1,313,0.3119999999999896,0.054313099041533544,434.5,4.23,0.0
2840,0,179,-0.8219999999999998,0.055865921787709494,434.6,4.24,0.0
2841,1,313,0.3119999999999896,0.05750798722044728,434.8,4.24,0.0
2842,1,317,0.3159999999999892,0.056782334384858045,435.0,4.24,0.0
2843,0,179,-0.8219999999999998,0.055865921787709494,435.1,4.24,0.0
2844,0,182,-0.8189999999999998,0.06043956043956044,435.2,4.24,0.0
2845,1,315,0.3139999999999894,0.05714285714285714,435.3,4.24,0.0
2846,2,446,1.444999999999975,0.05605381165919283,435.6,4.24,0.0
2847,5,846,4.845000000000032,0.05555555555555555,436.0,4.24,0.0
2848,2,466,1.4649999999999728,0.055793991416309016,436.3,4.24,0.0
2849,0,181,-0.8199999999999998,0.06077348066298342,436.4,4.24,0.0
2850,0,179,-0.8219999999999998,0.055865921787709494,436.5,4.24,0.0
2851,2,446,1.444999999999975,0.05605381165919283,436.7,4.24,0.0
2852,1,313,0.3119999999999896,0.05750798722044728,436.9,4.24,0.0
2853,1,313,0.3119999999999896,0.054313099041533544,437.0,4.24,0.0
2854,3,579,2.5779999999999603,0.055267702936096716,437.4,4.24,0.0
2855,1,313,0.3119999999999896,0.05750798722044728,437.5,4.24,0.0
2856,3,579,2.5779999999999603,0.055267702936096716,437.8,4.24,0.0
2857,0,179,-0.8219999999999998,0.055865921787709494,437.9,4.24,0.0
2858,2,464,1.462999999999973,0.05603448275862069,438.2,4.24,0.0
2859,1,313,0.3119999999999896,0.054313099041533544,438.4,4.24,0.0
2860,0,179,-0.8219999999999998,0.055865921787709494,438.5,4.24,0.0
2861,1,313,0.3119999999999896,0.054313099041533544,438.6,4.25,0.0
2862,2,446,1.444999999999975,0.05605381165919283,438.8,4.25,0.0
2863,3,588,2.5869999999999593,0.05612244897959184,439.2,4.24,0.0
2864,1,321,0.31999999999998874,0.056074766355140186,439.3,4.24,0.0
2865,0,179,-0.8219999999999998,0.055865921787709494,439.4,4.25,0.0
2866,3,579,2.5779999999999603,0.055267702936096716,439.7,4.25,0.0
2867,1,336,0.3349999999999871,0.05654761904761905,439.9,4.25,0.0
2868,4,732,3.7309999999999945,0.056010928961748634,440.3,4.24,0.0
2869,1,313,0.3119999999999896,0.054313099041533544,440.5,4.25,0.0
2870,4,727,3.725999999999993,0.05639614855570839,440.9,4.24,0.0
2871,2,446,1.444999999999975,0.053811659192825115,441.1,4.24,0.0
2872,3,587,2.5859999999999594,0.056218057921635436,441.4,4.24,0.0
2873,1,313,0.3119999999999896,0.054313099041533544,441.6,4.24,0.0
2874,1,313,0.3119999999999896,0.05750798722044728,441.8,4.24,0.0
2875,2,454,1.452999999999974,0.05726872246696035,442.0,4.24,0.0
2876,0,194,-0.8069999999999998,0.05670103092783505,442.1,4.25,0.0
2877,0,179,-0.8219999999999998,0.055865921787709494,442.2,4.25,0.0
2878,2,458,1.4569999999999736,0.056768558951965066,442.5,4.25,0.0
2879,6,980,5.979000000000076,0.05612244897959184,443.0,4.24,0.0
2880,0,187,-0.8139999999999998,0.058823529411764705,443.1,4.25,0.0
2881,2,446,1.444999999999975,0.053811659192825115,443.3,4.25,0.0
2882,2,446,1.444999999999975,0.05605381165919283,443.6,4.25,0.0
2883,0,179,-0.8219999999999998,0.055865921787709494,443.7,4.25,0.0
2884,2,446,1.444999999999975,0.05605381165919283,443.9,4.25,0.0
2885,1,313,0.3119999999999896,0.054313099041533544,444.1,4.25,0.0
2886,0,179,-0.8219999999999998,0.055865921787709494,444.2,4.25,0.0
2887,0,188,-0.8129999999999998,0.05851063829787234,444.3,4.25,0.0
2888,3,610,2.608999999999957,0.05573770491803279,444.6,4.25,0.0
2889,4,619,3.617999999999957,0.05654281098546042,445.0,4.25,0.0
2890,0,179,-0.8219999999999998,0.055865921787709494,445.0,4.25,0.0
2891,2,461,1.4599999999999733,0.05639913232104121,445.3,4.25,0.0
2892,1,313,0.3119999999999896,0.054313099041533544,445.4,4.25,0.0
2893,0,179,-0.8219999999999998,0.055865921787709494,445.5,4.25,0.0
2894,4,731,3.729999999999994,0.0560875512995896,445.9,4.25,0.0
2895,5,846,4.845000000000032,0.05555555555555555,446.4,4.25,0.0
2896,3,579,2.5779999999999603,0.055267702936096716,446.7,4.25,0.0
2897,8,1253,8.251999999999958,0.055865921787709494,447.4,4.24,0.0
2898,1,313,0.3119999999999896,0.054313099041533544,447.6,4.24,0.0
2899,0,179,-0.8219999999999998,0.055865921787709494,447.6,4.24,0.0
2900,2,446,1.444999999999975,0.05605381165919283,447.9,4.24,0.0
2901,4,713,3.711999999999988,0.056100981767180924,448.3,4.24,0.0
2902,0,179,-0.8219999999999998,0.055865921787709494,448.4,4.24,0.0
2903,0,179,-0.8219999999999998,0.055865921787709494,448.5,4.25,0.0
2904,0,182,-0.8189999999999998,0.06043956043956044,448.6,4.25,0.0
2905,0,179,-0.8219999999999998,0.055865921787709494,448.7,4.25,0.0
2906,0,179,-0.8219999999999998,0.055865921787709494,448.7,4.25,0.0
2907,1,313,0.3119999999999896,0.054313099041533544,448.9,4.25,0.0
2908,1,313,0.3119999999999896,0.054313099041533544,449.1,4.25,0.0
2909,0,179,-0.8219999999999998,0.055865921787709494,449.2,4.25,0.0
2910,2,446,1.444999999999975,0.05605381165919283,449.4,4.25,0.0
2911,1,313,0.3119999999999896,0.054313099041533544,449.6,4.25,0.0
2912,4,713,3.711999999999988,0.0546984572230014,450.0,4.25,0.0
2913,3,579,2.5779999999999603,0.055267702936096716,450.3,4.25,0.0
2914,1,313,0.3119999999999896,0.054313099041533544,450.4,4.25,0.0
2915,1,317,0.3159999999999892,0.056782334384858045,450.6,4.25,0.0
2916,0,179,-0.8219999999999998,0.055865921787709494,450.7,4.25,0.0
2917,5,846,4.845000000000032,0.05555555555555555,451.2,4.25,0.0
2918,1,313,0.3119999999999896,0.054313099041533544,451.3,4.25,0.0
2919,1,313,0.3119999999999896,0.054313099041533544,451.5,4.25,0.0
2920,2,446,1.444999999999975,0.05605381165919283,451.8,4.25,0.0
2921,0,179,-0.8219999999999998,0.055865921787709494,451.8,4.25,0.0
2922,4,713,3.711999999999988,0.0546984572230014,452.3,4.25,0.0
2923,0,179,-0.8219999999999998,0.055865921787709494,452.4,4.25,0.0
2924,1,313,0.3119999999999896,0.054313099041533544,452.5,4.25,0.0
2925,3,579,2.5779999999999603,0.055267702936096716,452.8,4.25,0.0
2926,1,313,0.3119999999999896,0.05750798722044728,453.0,4.25,0.0
2927,3,579,2.5779999999999603,0.055267702936096716,453.3,4.25,0.0
2928,5,857,4.856000000000035,0.056009334889148193,453.8,4.25,0.0
2929,0,179,-0.8219999999999998,0.055865921787709494,453.9,4.25,0.0
2930,4,713,3.711999999999988,0.0546984572230014,454.3,4.25,0.0
2931,1,317,0.3159999999999892,0.056782334384858045,454.5,4.25,0.0
2932,0,179,-0.8219999999999998,0.055865921787709494,454.5,4.25,0.0
2933,1,315,0.3139999999999894,0.05714285714285714,454.7,4.25,0.0
2934,8,1274,8.272999999999946,0.05572998430141287,455.4,4.25,0.0
2935,2,446,1.444999999999975,0.05605381165919283,455.6,4.25,0.0
2936,3,591,2.589999999999959,0.05583756345177665,455.9,4.25,0.0
2937,0,193,-0.8079999999999998,0.05699481865284974,456.0,4.25,0.0
2938,0,179,-0.8219999999999998,0.055865921787709494,456.1,4.25,0.0
2939,3,579,2.5779999999999603,0.055267702936096716,456.5,4.25,0.0
2940,5,857,4.856000000000035,0.056009334889148193,456.9,4.25,0.0
2941,1,313,0.3119999999999896,0.05750798722044728,457.1,4.25,0.0
2942,0,179,-0.8219999999999998,0.055865921787709494,457.2,4.25,0.0
2943,0,193,-0.8079999999999998,0.05699481865284974,457.3,4.25,0.0
2944,4,713,3.711999999999988,0.056100981767180924,457.7,4.25,0.0
2945,2,446,1.444999999999975,0.05605381165919283,458.0,4.25,0.0
2946,1,313,0.3119999999999896,0.054313099041533544,458.2,4.25,0.0
2947,0,190,-0.8109999999999998,0.05789473684210526,458.3,4.25,0.0
2948,0,189,-0.8119999999999998,0.0582010582010582,458.4,4.25,0.0
2949,2,446,1.444999999999975,0.05605381165919283,458.7,4.25,0.0
2950,1,338,0.33699999999998687,0.05621301775147929,458.9,4.25,0.0
2951,1,313,0.3119999999999896,0.05750798722044728,459.1,4.25,0.0
2952,0,179,-0.8219999999999998,0.055865921787709494,459.2,4.25,0.0
2953,3,579,2.5779999999999603,0.055267702936096716,459.5,4.25,0.0
2954,1,335,0.3339999999999872,0.056716417910447764,459.8,4.25,0.0
2955,0,179,-0.8219999999999998,0.055865921787709494,459.9,4.25,0.0
2956,2,446,1.444999999999975,0.05605381165919283,460.1,4.25,0.0
2957,1,336,0.3349999999999871,0.05654761904761905,460.3,4.25,0.0
2958,3,579,2.5779999999999603,0.055267702936096716,460.6,4.25,0.0
2959,4,713,3.711999999999988,0.0546984572230014,461.0,4.25,0.0
2960,0,179,-0.8219999999999998,0.055865921787709494,461.1,4.25,0.0
2961,0,179,-0.8219999999999998,0.05027932960893855,461.2,4.25,0.0
2962,7,1113,7.112000000000036,0.05480682839173405,461.7,4.25,0.0
2963,2,446,1.444999999999975,0.05605381165919283,462.0,4.25,0.0
2964,0,179,-0.8219999999999998,0.055865921787709494,462.1,4.25,0.0
2965,0,179,-0.8219999999999998,0.055865921787709494,462.2,4.25,0.0
2966,4,729,3.7279999999999935,0.056241426611796985,462.6,4.25,0.0
2967,8,1246,8.244999999999962,0.05537720706260032,463.3,4.25,0.0
2968,0,179,-0.8219999999999998,0.055865921787709494,463.3,4.25,0.0
2969,2,477,1.4759999999999716,0.05660377358490566,463.6,4.25,0.0
2970,2,446,1.444999999999975,0.05605381165919283,463.8,4.25,0.0
2971,0,179,-0.8219999999999998,0.055865921787709494,463.9,4.25,0.0
2972,1,313,0.3119999999999896,0.054313099041533544,464.1,4.25,0.0
2973,0,179,-0.8219999999999998,0.055865921787709494,464.2,4.25,0.0
2974,1,313,0.3119999999999896,0.05750798722044728,464.4,4.25,0.0
2975,0,179,-0.8219999999999998,0.055865921787709494,464.5,4.25,0.0
2976,4,729,3.7279999999999935,0.056241426611796985,464.9,4.25,0.0
2977,0,179,-0.8219999999999998,0.055865921787709494,465.0,4.25,0.0
2978,3,579,2.5779999999999603,0.055267702936096716,465.3,4.25,0.0
2979,1,313,0.3119999999999896,0.05750798722044728,465.4,4.25,0.0
2980,2,461,1.4599999999999733,0.05639913232104121,465.7,4.25,0.0
2981,0,179,-0.8219999999999998,0.055865921787709494,465.8,4.26,0.0
2982,4,713,3.711999999999988,0.056100981767180924,466.2,4.25,0.0
2983,3,579,2.5779999999999603,0.055267702936096716,466.5,4.25,0.0
2984,1,313,0.3119999999999896,0.054313099041533544,466.7,4.25,0.0
2985,0,192,-0.8089999999999998,0.057291666666666664,466.8,4.25,0.0
2986,1,313,0.3119999999999896,0.05750798722044728,467.0,4.26,0.0
2987,1,314,0.3129999999999895,0.05732484076433121,467.1,4.26,0.0
2988,4,713,3.711999999999988,0.0546984572230014,467.5,4.25,0.0
2989,1,313,0.3119999999999896,0.05750798722044728,467.7,4.25,0.0
2990,2,446,1.444999999999975,0.05605381165919283,467.9,4.25,0.0
2991,4,713,3.711999999999988,0.0546984572230014,468.3,4.25,0.0
2992,0,179,-0.8219999999999998,0.061452513966480445,468.4,4.25,0.0
2993,0,182,-0.8189999999999998,0.06043956043956044,468.5,4.26,0.0
2994,0,179,-0.8219999999999998,0.055865921787709494,468.6,4.26,0.0
2995,3,579,2.5779999999999603,0.055267702936096716,469.0,4.26,0.0
2996,3,579,2.5779999999999603,0.055267702936096716,469.3,4.26,0.0
2997,3,579,2.5779999999999603,0.055267702936096716,469.6,4.26,0.0
2998,0,179,-0.8219999999999998,0.055865921787709494,469.7,4.26,0.0
2999,0,181,-0.8199999999999998,0.06077348066298342,469.8,4.26,0.0
3000,0,179,-0.8219999999999998,0.055865921787709494,469.9,4.26,0.0
3001,4,713,3.711999999999988,0.0546984572230014,473.4,4.23,0.0
3002,9,1379,9.377999999999888,0.05511240029006526,474.2,4.22,0.0
3003,2,462,1.4609999999999732,0.05627705627705628,474.4,4.22,0.0
3004,7,1114,7.113000000000035,0.05565529622980251,475.0,4.22,0.0
3005,2,477,1.4759999999999716,0.05660377358490566,475.3,4.22,0.0
3006,0,179,-0.8219999999999998,0.05027932960893855,475.4,4.22,0.0
3007,9,1379,9.377999999999888,0.05583756345177665,476.1,4.22,0.0
3008,2,447,1.4459999999999749,0.05592841163310962,476.4,4.22,0.0
3009,0,179,-0.8219999999999998,0.055865921787709494,476.5,4.22,0.0
3010,5,846,4.845000000000032,0.05555555555555555,476.9,4.22,0.0
3011,3,584,2.5829999999999598,0.05650684931506849,477.3,4.22,0.0
3012,3,579,2.5779999999999603,0.055267702936096716,477.6,4.22,0.0
3013,1,335,0.3339999999999872,0.056716417910447764,477.8,4.22,0.0
3014,0,179,-0.8219999999999998,0.055865921787709494,477.8,4.22,0.0
3015,1,313,0.3119999999999896,0.054313099041533544,478.0,4.22,0.0
3016,0,179,-0.8219999999999998,0.055865921787709494,478.1,4.22,0.0
3017,1,313,0.3119999999999896,0.054313099041533544,478.3,4.22,0.0
3018,9,1398,9.396999999999878,0.055793991416309016,479.0,4.21,0.0
3019,0,179,-0.8219999999999998,0.05027932960893855,479.1,4.22,0.0
3020,1,319,0.31799999999998896,0.05642633228840126,479.3,4.22,0.0
3021,0,179,-0.8219999999999998,0.055865921787709494,479.4,4.22,0.0
3022,4,713,3.711999999999988,0.056100981767180924,479.8,4.22,0.0
3023,0,185,-0.8159999999999998,0.05945945945945946,479.9,4.22,0.0
3024,0,179,-0.8219999999999998,0.05027932960893855,480.0,4.22,0.0
3025,2,446,1.444999999999975,0.05605381165919283,480.2,4.22,0.0
3026,0,179,-0.8219999999999998,0.055865921787709494,480.3,4.22,0.0
3027,3,584,2.5829999999999598,0.05650684931506849,480.6,4.22,0.0
3028,0,181,-0.8199999999999998,0.06077348066298342,480.7,4.22,0.0
3029,3,579,2.5779999999999603,0.055267702936096716,481.0,4.22,0.0
3030,2,446,1.444999999999975,0.05605381165919283,481.3,4.22,0.0
3031,7,1113,7.112000000000036,0.055705300988319856,481.9,4.22,0.0
3032,0,184,-0.8169999999999998,0.059782608695652176,482.0,4.22,0.0
3033,3,579,2.5779999999999603,0.055267702936096716,482.3,4.22,0.0
3034,5,859,4.858000000000036,0.05587892898719441,482.8,4.22,0.0
3035,0,189,-0.8119999999999998,0.0582010582010582,482.9,4.22,0.0
3036,2,446,1.444999999999975,0.05605381165919283,483.1,4.22,0.0
3037,4,713,3.711999999999988,0.056100981767180924,483.5,4.22,0.0
3038,5,854,4.853000000000034,0.05620608899297424,483.9,4.21,0.0
3039,1,336,0.3349999999999871,0.05654761904761905,484.1,4.21,0.0
3040,1,313,0.3119999999999896,0.054313099041533544,484.3,4.21,0.0
3041,0,179,-0.8219999999999998,0.055865921787709494,484.4,4.22,0.0
3042,3,579,2.5779999999999603,0.055267702936096716,484.7,4.22,0.0
3043,0,179,-0.8219999999999998,0.055865921787709494,484.8,4.22,0.0
3044,2,459,1.4579999999999735,0.05664488017429194,485.0,4.22,0.0
3045,5,846,4.845000000000032,0.05555555555555555,485.5,4.21,0.0
3046,1,336,0.3349999999999871,0.05654761904761905,485.7,4.21,0.0
3047,2,449,1.4479999999999746,0.0556792873051225,485.9,4.21,0.0
3048,0,179,-0.8219999999999998,0.055865921787709494,486.0,4.22,0.0
3049,5,852,4.851000000000034,0.056338028169014086,486.5,4.21,0.0
3050,1,313,0.3119999999999896,0.05750798722044728,486.6,4.21,0.0
3051,1,319,0.31799999999998896,0.05642633228840126,486.8,4.22,0.0
3052,2,446,1.444999999999975,0.05605381165919283,487.1,4.21,0.0
3053,0,179,-0.8219999999999998,0.055865921787709494,487.2,4.22,0.0
3054,3,579,2.5779999999999603,0.055267702936096716,487.5,4.22,0.0
3055,1,313,0.3119999999999896,0.054313099041533544,487.6,4.22,0.0
3056,5,846,4.845000000000032,0.05555555555555555,488.1,4.21,0.0
3057,1,319,0.31799999999998896,0.05642633228840126,488.3,4.21,0.0
3058,7,1113,7.112000000000036,0.055705300988319856,488.9,4.21,0.0
3059,3,586,2.5849999999999596,0.05631399317406143,489.2,4.21,0.0
3060,4,713,3.711999999999988,0.056100981767180924,489.6,4.21,0.0
3061,6,1005,6.004000000000084,0.05572139303482587,490.1,4.21,0.0
3062,0,179,-0.8219999999999998,0.055865921787709494,490.2,4.21,0.0
3063,3,579,2.5779999999999603,0.055267702936096716,490.5,4.21,0.0
3064,0,189,-0.8119999999999998,0.0582010582010582,490.6,4.21,0.0
3065,2,446,1.444999999999975,0.05605381165919283,490.9,4.21,0.0
3066,4,713,3.711999999999988,0.056100981767180924,491.2,4.21,0.0
3067,4,721,3.719999999999991,0.056865464632454926,491.6,4.21,0.0
3068,1,313,0.3119999999999896,0.054313099041533544,491.8,4.21,0.0
3069,1,313,0.3119999999999896,0.054313099041533544,492.0,4.21,0.0
3070,1,313,0.3119999999999896,0.05750798722044728,492.2,4.21,0.0
3071,0,179,-0.8219999999999998,0.055865921787709494,492.2,4.21,0.0
3072,0,186,-0.8149999999999998,0.05913978494623656,492.4,4.21,0.0
3073,3,579,2.5779999999999603,0.055267702936096716,492.7,4.21,0.0
3074,1,315,0.3139999999999894,0.05714285714285714,492.8,4.21,0.0
3075,0,179,-0.8219999999999998,0.055865921787709494,492.9,4.21,0.0
3076,0,179,-0.8219999999999998,0.055865921787709494,493.0,4.21,0.0
3077,0,184,-0.8169999999999998,0.059782608695652176,493.1,4.21,0.0
3078,3,579,2.5779999999999603,0.055267702936096716,493.4,4.21,0.0
3079,5,846,4.845000000000032,0.05555555555555555,493.9,4.21,0.0
3080,0,179,-0.8219999999999998,0.055865921787709494,494.0,4.21,0.0
3081,1,319,0.31799999999998896,0.05642633228840126,494.2,4.21,0.0
3082,1,313,0.3119999999999896,0.054313099041533544,494.3,4.21,0.0
3083,0,179,-0.8219999999999998,0.055865921787709494,494.4,4.21,0.0
3084,3,589,2.587999999999959,0.05602716468590832,494.8,4.21,0.0
3085,1,313,0.3119999999999896,0.054313099041533544,494.9,4.21,0.0
3086,4,713,3.711999999999988,0.056100981767180924,495.3,4.21,0.0
3087,2,446,1.444999999999975,0.05605381165919283,495.5,4.21,0.0
3088,5,859,4.858000000000036,0.05587892898719441,496.0,4.21,0.0
3089,2,446,1.444999999999975,0.053811659192825115,496.2,4.21,0.0
3090,3,579,2.5779999999999603,0.055267702936096716,496.6,4.21,0.0
3091,0,179,-0.8219999999999998,0.055865921787709494,496.7,4.21,0.0
3092,3,579,2.5779999999999603,0.055267702936096716,497.0,4.21,0.0
3093,2,466,1.4649999999999728,0.055793991416309016,497.2,4.21,0.0
3094,5,846,4.845000000000032,0.05555555555555555,497.7,4.21,0.0
3095,1,313,0.3119999999999896,0.054313099041533544,497.8,4.21,0.0
3096,1,313,0.3119999999999896,0.05750798722044728,498.0,4.21,0.0
3097,4,713,3.711999999999988,0.0546984572230014,498.4,4.21,0.0
3098,6,979,5.978000000000075,0.056179775280898875,498.9,4.21,0.0
3099,4,713,3.711999999999988,0.056100981767180924,499.3,4.21,0.0
3100,2,458,1.4569999999999736,0.056768558951965066,499.5,4.21,0.0
3101,0,186,-0.8149999999999998,0.05913978494623656,499.6,4.21,0.0
3102,0,190,-0.8109999999999998,0.05789473684210526,499.7,4.21,0.0
3103,0,179,-0.8219999999999998,0.055865921787709494,499.8,4.21,0.0
3104,1,336,0.3349999999999871,0.05654761904761905,500.0,4.21,0.0
3105,0,179,-0.8219999999999998,0.055865921787709494,500.1,4.21,0.0
3106,2,352,1.3509999999999853,0.056818181818181816,500.3,4.21,0.0
3107,7,1120,7.119000000000032,0.05625,500.9,4.21,0.0
3108,2,465,1.4639999999999729,0.05591397849462366,501.2,4.21,0.0
3109,1,320,0.31899999999998885,0.05625,501.4,4.21,0.0
3110,0,184,-0.8169999999999998,0.059782608695652176,501.5,4.21,0.0
3111,0,179,-0.8219999999999998,0.055865921787709494,501.5,4.21,0.0
3112,0,183,-0.8179999999999998,0.060109289617486336,501.6,4.21,0.0
3113,3,579,2.5779999999999603,0.055267702936096716,502.0,4.21,0.0
3114,0,179,-0.8219999999999998,0.055865921787709494,502.1,4.21,0.0
3115,1,314,0.3129999999999895,0.05732484076433121,502.2,4.21,0.0
3116,3,593,2.591999999999959,0.05564924114671164,502.5,4.21,0.0
3117,1,313,0.3119999999999896,0.054313099041533544,502.7,4.21,0.0
3118,5,860,4.859000000000036,0.05581395348837209,503.2,4.21,0.0
3119,0,179,-0.8219999999999998,0.055865921787709494,503.3,4.21,0.0
3120,2,456,1.4549999999999739,0.05701754385964912,503.5,4.21,0.0
3121,4,713,3.711999999999988,0.056100981767180924,503.9,4.21,0.0
3122,4,713,3.711999999999988,0.0546984572230014,504.3,4.21,0.0
3123,3,579,2.5779999999999603,0.055267702936096716,504.6,4.21,0.0
3124,0,179,-0.8219999999999998,0.05027932960893855,504.7,4.21,0.0
3125,1,313,0.3119999999999896,0.054313099041533544,504.8,4.21,0.0
3126,2,462,1.4609999999999732,0.05627705627705628,505.1,4.21,0.0
3127,1,338,0.33699999999998687,0.05621301775147929,505.3,4.21,0.0
3128,2,446,1.444999999999975,0.053811659192825115,505.5,4.21,0.0
3129,1,315,0.3139999999999894,0.05714285714285714,505.7,4.21,0.0
3130,0,188,-0.8129999999999998,0.05851063829787234,505.8,4.21,0.0
3131,0,194,-0.8069999999999998,0.05670103092783505,505.9,4.21,0.0
3132,3,579,2.5779999999999603,0.055267702936096716,506.2,4.21,0.0
3133,4,714,3.7129999999999885,0.056022408963585436,506.6,4.21,0.0
3134,0,179,-0.8219999999999998,0.055865921787709494,506.7,4.21,0.0
3135,0,179,-0.8219999999999998,0.055865921787709494,506.8,4.21,0.0
3136,1,313,0.3119999999999896,0.05750798722044728,507.0,4.22,0.0
3137,0,197,-0.8039999999999998,0.05583756345177665,507.1,4.22,0.0
3138,1,313,0.3119999999999896,0.05750798722044728,507.2,4.22,0.0
3139,4,713,3.711999999999988,0.056100981767180924,507.6,4.22,0.0
3140,1,313,0.3119999999999896,0.054313099041533544,507.8,4.22,0.0
3141,6,981,5.980000000000076,0.05606523955147808,508.3,4.21,0.0
3142,2,446,1.444999999999975,0.05605381165919283,508.6,4.21,0.0
3143,1,313,0.3119999999999896,0.05750798722044728,508.7,4.21,0.0
3144,3,579,2.5779999999999603,0.055267702936096716,509.1,4.21,0.0
3145,6,979,5.978000000000075,0.056179775280898875,509.6,4.21,0.0
3146,1,313,0.3119999999999896,0.054313099041533544,509.7,4.21,0.0
3147,1,334,0.3329999999999873,0.05688622754491018,509.9,4.21,0.0
3148,4,717,3.7159999999999895,0.05578800557880056,510.3,4.21,0.0
3149,0,197,-0.8039999999999998,0.05583756345177665,510.4,4.21,0.0
3150,3,589,2.587999999999959,0.05602716468590832,510.7,4.21,0.0
3151,0,179,-0.8219999999999998,0.055865921787709494,510.8,4.21,0.0
3152,0,179,-0.8219999999999998,0.055865921787709494,510.9,4.21,0.0
3153,2,446,1.444999999999975,0.05605381165919283,511.2,4.21,0.0
3154,3,579,2.5779999999999603,0.055267702936096716,511.5,4.21,0.0
3155,2,446,1.444999999999975,0.05605381165919283,511.7,4.21,0.0
3156,3,579,2.5779999999999603,0.055267702936096716,512.0,4.21,0.0
3157,2,457,1.4559999999999738,0.05689277899343545,512.3,4.21,0.0
3158,1,334,0.3329999999999873,0.05688622754491018,512.5,4.21,0.0
3159,0,187,-0.8139999999999998,0.058823529411764705,512.6,4.21,0.0
3160,0,182,-0.8189999999999998,0.06043956043956044,512.7,4.22,0.0
3161,3,579,2.5779999999999603,0.055267702936096716,513.0,4.21,0.0
3162,0,193,-0.8079999999999998,0.05699481865284974,513.1,4.22,0.0
3163,3,609,2.607999999999957,0.05582922824302135,513.4,4.21,0.0
3164,0,179,-0.8219999999999998,0.055865921787709494,513.5,4.22,0.0
3165,0,192,-0.8089999999999998,0.057291666666666664,513.6,4.22,0.0
3166,1,336,0.3349999999999871,0.05654761904761905,513.8,4.22,0.0
3167,2,446,1.444999999999975,0.05605381165919283,514.0,4.22,0.0
3168,6,979,5.978000000000075,0.05515832482124617,514.6,4.22,0.0
3169,1,339,0.33799999999998676,0.05604719764011799,514.7,4.22,0.0
3170,1,313,0.3119999999999896,0.054313099041533544,514.9,4.22,0.0
3171,0,193,-0.8079999999999998,0.05699481865284974,515.0,4.22,0.0
3172,2,446,1.444999999999975,0.05605381165919283,515.2,4.22,0.0
3173,0,179,-0.8219999999999998,0.055865921787709494,515.3,4.22,0.0
3174,4,713,3.711999999999988,0.056100981767180924,515.7,4.22,0.0
3175,2,461,1.4599999999999733,0.05639913232104121,516.0,4.22,0.0
3176,6,979,5.978000000000075,0.05515832482124617,516.5,4.21,0.0
3177,1,313,0.3119999999999896,0.054313099041533544,516.7,4.22,0.0
3178,1,313,0.3119999999999896,0.05750798722044728,516.9,4.22,0.0
3179,0,179,-0.8219999999999998,0.055865921787709494,517.0,4.22,0.0
3180,1,313,0.3119999999999896,0.054313099041533544,517.1,4.22,0.0
3181,5,856,4.855000000000035,0.056074766355140186,517.6,4.22,0.0
3182,0,179,-0.8219999999999998,0.055865921787709494,517.7,4.22,0.0
3183,2,452,1.4509999999999743,0.05752212389380531,517.9,4.22,0.0
3184,2,446,1.444999999999975,0.053811659192825115,518.2,4.22,0.0
3185,0,179,-0.8219999999999998,0.055865921787709494,518.3,4.22,0.0
3186,0,191,-0.8099999999999998,0.05759162303664921,518.4,4.22,0.0
3187,3,592,2.590999999999959,0.05574324324324324,518.7,4.22,0.0
3188,2,446,1.444999999999975,0.053811659192825115,518.9,4.22,0.0
3189,0,179,-0.8219999999999998,0.055865921787709494,519.0,4.22,0.0
3190,0,194,-0.8069999999999998,0.05670103092783505,519.1,4.22,0.0
3191,0,187,-0.8139999999999998,0.058823529411764705,519.2,4.22,0.0
3192,5,846,4.845000000000032,0.05555555555555555,519.7,4.22,0.0
3193,0,182,-0.8189999999999998,0.06043956043956044,519.8,4.22,0.0
3194,0,179,-0.8219999999999998,0.055865921787709494,519.9,4.22,0.0
3195,7,1113,7.112000000000036,0.05480682839173405,520.5,4.22,0.0
3196,0,179,-0.8219999999999998,0.055865921787709494,520.6,4.22,0.0
3197,3,579,2.5779999999999603,0.055267702936096716,520.9,4.22,0.0
3198,0,193,-0.8079999999999998,0.05699481865284974,521.0,4.22,0.0
3199,4,713,3.711999999999988,0.056100981767180924,521.4,4.22,0.0
3200,0,212,-0.7889999999999998,0.05660377358490566,521.5,4.22,0.0
3201,0,183,-0.8179999999999998,0.060109289617486336,521.6,4.22,0.0
3202,2,446,1.444999999999975,0.05605381165919283,521.8,4.22,0.0
3203,5,846,4.845000000000032,0.05555555555555555,522.3,4.22,0.0
3204,4,729,3.7279999999999935,0.056241426611796985,522.7,4.22,0.0
3205,5,874,4.873000000000041,0.05606407322654462,523.2,4.22,0.0
3206,0,179,-0.8219999999999998,0.055865921787709494,523.2,4.22,0.0
3207,1,313,0.3119999999999896,0.054313099041533544,523.4,4.22,0.0
3208,2,446,1.444999999999975,0.05605381165919283,523.6,4.22,0.0
3209,4,713,3.711999999999988,0.0546984572230014,524.0,4.22,0.0
3210,1,313,0.3119999999999896,0.05750798722044728,524.2,4.22,0.0
3211,2,459,1.4579999999999735,0.05664488017429194,524.5,4.22,0.0
3212,1,314,0.3129999999999895,0.05732484076433121,524.6,4.22,0.0
3213,3,579,2.5779999999999603,0.055267702936096716,524.9,4.22,0.0
3214,0,179,-0.8219999999999998,0.055865921787709494,525.0,4.22,0.0
3215,1,313,0.3119999999999896,0.05750798722044728,525.2,4.22,0.0
3216,0,187,-0.8139999999999998,0.058823529411764705,525.3,4.22,0.0
3217,1,313,0.3119999999999896,0.05750798722044728,525.5,4.22,0.0
3218,0,182,-0.8189999999999998,0.06043956043956044,525.6,4.22,0.0
3219,0,179,-0.8219999999999998,0.055865921787709494,525.7,4.22,0.0
3220,2,451,1.4499999999999744,0.057649667405764965,525.9,4.22,0.0
3221,0,193,-0.8079999999999998,0.05699481865284974,526.0,4.22,0.0
3222,1,313,0.3119999999999896,0.054313099041533544,526.2,4.22,0.0
3223,1,336,0.3349999999999871,0.05654761904761905,526.4,4.22,0.0
3224,1,313,0.3119999999999896,0.054313099041533544,526.6,4.23,0.0
3225,2,446,1.444999999999975,0.05605381165919283,526.8,4.23,0.0
3226,5,855,4.854000000000035,0.056140350877192984,527.3,4.22,0.0
3227,1,313,0.3119999999999896,0.054313099041533544,527.5,4.22,0.0
3228,0,189,-0.8119999999999998,0.0582010582010582,527.6,4.23,0.0
3229,3,579,2.5779999999999603,0.055267702936096716,527.9,4.22,0.0
3230,2,446,1.444999999999975,0.053811659192825115,528.1,4.22,0.0
3231,0,190,-0.8109999999999998,0.05789473684210526,528.2,4.23,0.0
3232,2,446,1.444999999999975,0.05605381165919283,528.4,4.23,0.0
3233,0,179,-0.8219999999999998,0.055865921787709494,528.5,4.23,0.0
3234,3,579,2.5779999999999603,0.055267702936096716,528.8,4.23,0.0
3235,3,581,2.57999999999996,0.05679862306368331,529.2,4.23,0.0
3236,0,179,-0.8219999999999998,0.055865921787709494,529.2,4.23,0.0
3237,3,579,2.5779999999999603,0.055267702936096716,529.6,4.23,0.0
3238,2,446,1.444999999999975,0.05605381165919283,529.8,4.23,0.0
3239,0,179,-0.8219999999999998,0.055865921787709494,529.9,4.23,0.0
3240,1,339,0.33799999999998676,0.05604719764011799,530.1,4.23,0.0
3241,0,179,-0.8219999999999998,0.055865921787709494,530.2,4.23,0.0
3242,0,179,-0.8219999999999998,0.055865921787709494,530.3,4.23,0.0
3243,2,461,1.4599999999999733,0.05639913232104121,530.5,4.23,0.0
3244,3,591,2.589999999999959,0.05583756345177665,530.9,4.23,0.0
3245,0,179,-0.8219999999999998,0.055865921787709494,531.0,4.23,0.0
3246,0,179,-0.8219999999999998,0.055865921787709494,531.1,4.23,0.0
3247,4,713,3.711999999999988,0.056100981767180924,531.4,4.23,0.0
3248,1,313,0.3119999999999896,0.054313099041533544,531.6,4.23,0.0
3249,3,591,2.589999999999959,0.05583756345177665,531.9,4.23,0.0
3250,1,313,0.3119999999999896,0.05750798722044728,532.1,4.23,0.0
3251,2,453,1.4519999999999742,0.05739514348785872,532.4,4.23,0.0
3252,0,179,-0.8219999999999998,0.05027932960893855,532.4,4.23,0.0
3253,0,179,-0.8219999999999998,0.055865921787709494,532.5,4.23,0.0
3254,3,579,2.5779999999999603,0.055267702936096716,532.9,4.23,0.0
3255,1,313,0.3119999999999896,0.054313099041533544,533.0,4.23,0.0
3256,1,321,0.31999999999998874,0.056074766355140186,533.2,4.23,0.0
3257,4,713,3.711999999999988,0.0546984572230014,533.6,4.23,0.0
3258,5,860,4.859000000000036,0.05581395348837209,534.1,4.23,0.0
3259,3,579,2.5779999999999603,0.055267702936096716,534.4,4.23,0.0
3260,0,189,-0.8119999999999998,0.0582010582010582,534.5,4.23,0.0
3261,3,580,2.57899999999996,0.056896551724137934,534.8,4.23,0.0
3262,3,590,2.588999999999959,0.05593220338983051,535.1,4.23,0.0
3263,2,446,1.444999999999975,0.053811659192825115,535.4,4.23,0.0
3264,0,179,-0.8219999999999998,0.055865921787709494,535.4,4.23,0.0
3265,1,313,0.3119999999999896,0.054313099041533544,535.6,4.23,0.0
3266,2,461,1.4599999999999733,0.05639913232104121,535.9,4.23,0.0
3267,5,846,4.845000000000032,0.05555555555555555,536.3,4.23,0.0
3268,2,461,1.4599999999999733,0.05639913232104121,536.6,4.23,0.0
3269,8,1246,8.244999999999962,0.05537720706260032,537.2,4.23,0.0
3270,0,179,-0.8219999999999998,0.055865921787709494,537.3,4.23,0.0
3271,7,1113,7.112000000000036,0.055705300988319856,537.9,4.22,0.0
3272,1,313,0.3119999999999896,0.05750798722044728,538.1,4.22,0.0
3273,3,582,2.58099999999996,0.05670103092783505,538.4,4.22,0.0
3274,5,846,4.845000000000032,0.05555555555555555,538.8,4.22,0.0
3275,2,458,1.4569999999999736,0.056768558951965066,539.1,4.22,0.0
3276,1,313,0.3119999999999896,0.05750798722044728,539.3,4.22,0.0
3277,1,313,0.3119999999999896,0.054313099041533544,539.4,4.22,0.0
3278,0,179,-0.8219999999999998,0.055865921787709494,539.5,4.22,0.0
3279,0,191,-0.8099999999999998,0.05759162303664921,539.6,4.23,0.0
3280,3,591,2.589999999999959,0.05583756345177665,539.9,4.22,0.0
3281,3,579,2.5779999999999603,0.055267702936096716,540.2,4.22,0.0
3282,0,179,-0.8219999999999998,0.061452513966480445,540.3,4.23,0.0
3283,4,727,3.725999999999993,0.05639614855570839,540.7,4.22,0.0
3284,0,179,-0.8219999999999998,0.055865921787709494,540.8,4.22,0.0
3285,3,579,2.5779999999999603,0.055267702936096716,541.1,4.22,0.0
3286,2,446,1.444999999999975,0.05605381165919283,541.4,4.22,0.0
3287,2,446,1.444999999999975,0.053811659192825115,541.6,4.22,0.0
3288,1,313,0.3119999999999896,0.054313099041533544,541.8,4.23,0.0
3289,1,313,0.3119999999999896,0.05750798722044728,541.9,4.23,0.0
3290,3,579,2.5779999999999603,0.055267702936096716,542.3,4.22,0.0
3291,2,446,1.444999999999975,0.053811659192825115,542.5,4.22,0.0
3292,1,313,0.3119999999999896,0.054313099041533544,542.7,4.23,0.0
3293,3,579,2.5779999999999603,0.055267702936096716,543.0,4.22,0.0
3294,0,179,-0.8219999999999998,0.055865921787709494,543.1,4.23,0.0
3295,1,315,0.3139999999999894,0.05714285714285714,543.2,4.23,0.0
3296,1,313,0.3119999999999896,0.05750798722044728,543.4,4.23,0.0
3297,5,848,4.847000000000032,0.05660377358490566,543.9,4.23,0.0
3298,0,181,-0.8199999999999998,0.06077348066298342,543.9,4.23,0.0
3299,0,179,-0.8219999999999998,0.055865921787709494,544.0,4.23,0.0
3300,9,1379,9.377999999999888,0.05511240029006526,544.8,4.22,0.0
3301,2,462,1.4609999999999732,0.05627705627705628,545.0,4.22,0.0
3302,3,579,2.5779999999999603,0.055267702936096716,545.3,4.22,0.0
3303,0,179,-0.8219999999999998,0.055865921787709494,545.4,4.22,0.0
3304,3,579,2.5779999999999603,0.055267702936096716,545.7,4.22,0.0
3305,0,187,-0.8139999999999998,0.058823529411764705,545.8,4.22,0.0
3306,5,848,4.847000000000032,0.05660377358490566,546.3,4.22,0.0
3307,2,454,1.452999999999974,0.05726872246696035,546.5,4.22,0.0
3308,4,713,3.711999999999988,0.0546984572230014,546.9,4.22,0.0
3309,0,179,-0.8219999999999998,0.055865921787709494,547.0,4.22,0.0
3310,2,461,1.4599999999999733,0.05639913232104121,547.3,4.22,0.0
3311,3,579,2.5779999999999603,0.055267702936096716,547.6,4.22,0.0
3312,0,186,-0.8149999999999998,0.05913978494623656,547.7,4.22,0.0
3313,0,179,-0.8219999999999998,0.055865921787709494,547.8,4.22,0.0
3314,3,579,2.5779999999999603,0.055267702936096716,548.1,4.22,0.0
3315,1,315,0.3139999999999894,0.05714285714285714,548.3,4.22,0.0
3316,1,314,0.3129999999999895,0.05732484076433121,548.4,4.22,0.0
3317,0,184,-0.8169999999999998,0.059782608695652176,548.5,4.23,0.0
3318,6,988,5.987000000000078,0.05566801619433198,549.0,4.22,0.0
3319,1,313,0.3119999999999896,0.054313099041533544,549.2,4.22,0.0
3320,2,446,1.444999999999975,0.05605381165919283,549.5,4.22,0.0
3321,3,579,2.5779999999999603,0.055267702936096716,549.8,4.22,0.0
3322,4,748,3.747,0.05614973262032086,550.2,4.22,0.0
3323,1,314,0.3129999999999895,0.05732484076433121,550.4,4.22,0.0
3324,0,179,-0.8219999999999998,0.055865921787709494,550.4,4.22,0.0
3325,0,189,-0.8119999999999998,0.0582010582010582,550.5,4.22,0.0
3326,1,313,0.3119999999999896,0.054313099041533544,550.7,4.23,0.0
3327,4,730,3.728999999999994,0.056164383561643834,551.1,4.22,0.0
3328,1,315,0.3139999999999894,0.05714285714285714,551.3,4.22,0.0
3329,5,846,4.845000000000032,0.05555555555555555,551.7,4.22,0.0
3330,0,179,-0.8219999999999998,0.055865921787709494,551.8,4.22,0.0
3331,1,313,0.3119999999999896,0.05750798722044728,552.0,4.22,0.0
3332,2,454,1.452999999999974,0.05726872246696035,552.2,4.22,0.0
3333,1,313,0.3119999999999896,0.054313099041533544,552.4,4.23,0.0
3334,1,337,0.335999999999987,0.05637982195845697,552.6,4.23,0.0
3335,0,179,-0.8219999999999998,0.055865921787709494,552.7,4.23,0.0
3336,3,582,2.58099999999996,0.05670103092783505,553.0,4.23,0.0
3337,4,713,3.711999999999988,0.056100981767180924,553.4,4.23,0.0
3338,0,179,-0.8219999999999998,0.055865921787709494,553.5,4.23,0.0
3339,3,583,2.58199999999996,0.05660377358490566,553.8,4.23,0.0
3340,1,313,0.3119999999999896,0.054313099041533544,553.9,4.23,0.0
3341,4,713,3.711999999999988,0.056100981767180924,554.3,4.23,0.0
3342,4,713,3.711999999999988,0.0546984572230014,554.7,4.22,0.0
3343,0,189,-0.8119999999999998,0.0582010582010582,554.8,4.23,0.0
3344,1,313,0.3119999999999896,0.05750798722044728,555.0,4.23,0.0
3345,0,181,-0.8199999999999998,0.06077348066298342,555.0,4.23,0.0
3346,0,195,-0.8059999999999998,0.05641025641025641,555.1,4.23,0.0
3347,1,321,0.31999999999998874,0.056074766355140186,555.3,4.23,0.0
3348,2,446,1.444999999999975,0.05605381165919283,555.6,4.23,0.0
3349,0,179,-0.8219999999999998,0.055865921787709494,555.7,4.23,0.0
3350,3,579,2.5779999999999603,0.055267702936096716,556.0,4.23,0.0
3351,1,313,0.3119999999999896,0.05750798722044728,556.1,4.23,0.0
3352,0,196,-0.8049999999999998,0.05612244897959184,556.3,4.23,0.0
3353,0,186,-0.8149999999999998,0.05913978494623656,556.3,4.23,0.0
3354,1,313,0.3119999999999896,0.05750798722044728,556.5,4.23,0.0
3355,1,339,0.33799999999998676,0.05604719764011799,556.7,4.23,0.0
3356,2,446,1.444999999999975,0.05605381165919283,556.9,4.23,0.0
3357,3,580,2.57899999999996,0.056896551724137934,557.3,4.23,0.0
3358,1,313,0.3119999999999896,0.054313099041533544,557.4,4.23,0.0
3359,3,589,2.587999999999959,0.05602716468590832,557.7,4.23,0.0
3360,1,313,0.3119999999999896,0.054313099041533544,557.9,4.23,0.0
3361,2,446,1.444999999999975,0.05605381165919283,558.2,4.23,0.0
3362,2,446,1.444999999999975,0.053811659192825115,558.4,4.23,0.0
3363,1,321,0.31999999999998874,0.056074766355140186,558.6,4.23,0.0
3364,0,179,-0.8219999999999998,0.055865921787709494,558.7,4.23,0.0
3365,0,179,-0.8219999999999998,0.055865921787709494,558.8,4.23,0.0
3366,1,338,0.33699999999998687,0.05621301775147929,559.0,4.23,0.0
3367,6,979,5.978000000000075,0.05515832482124617,559.5,4.23,0.0
3368,1,313,0.3119999999999896,0.054313099041533544,559.6,4.23,0.0
3369,0,184,-0.8169999999999998,0.059782608695652176,559.7,4.23,0.0
3370,0,179,-0.8219999999999998,0.055865921787709494,559.8,4.24,0.0
3371,2,446,1.444999999999975,0.053811659192825115,560.1,4.24,0.0
3372,4,730,3.728999999999994,0.056164383561643834,560.5,4.23,0.0
3373,1,313,0.3119999999999896,0.054313099041533544,560.6,4.23,0.0
3374,2,446,1.444999999999975,0.05605381165919283,560.9,4.23,0.0
3375,1,313,0.3119999999999896,0.054313099041533544,561.0,4.24,0.0
3376,4,736,3.734999999999996,0.05570652173913043,561.4,4.23,0.0
3377,0,184,-0.8169999999999998,0.059782608695652176,561.5,4.23,0.0
3378,4,713,3.711999999999988,0.056100981767180924,561.9,4.23,0.0
3379,3,579,2.5779999999999603,0.055267702936096716,562.2,4.23,0.0
3380,6,979,5.978000000000075,0.05515832482124617,562.8,4.23,0.0
3381,0,194,-0.8069999999999998,0.05670103092783505,562.9,4.23,0.0
3382,2,446,1.444999999999975,0.05605381165919283,563.1,4.23,0.0
3383,0,184,-0.8169999999999998,0.059782608695652176,563.2,4.23,0.0
3384,3,583,2.58199999999996,0.05660377358490566,563.5,4.23,0.0
3385,7,1113,7.112000000000036,0.055705300988319856,564.1,4.23,0.0
3386,0,179,-0.8219999999999998,0.055865921787709494,564.2,4.23,0.0
3387,7,1113,7.112000000000036,0.055705300988319856,564.8,4.23,0.0
3388,10,1513,10.511999999999814,0.05551883674818242,565.6,4.22,0.0
3389,1,313,0.3119999999999896,0.05750798722044728,565.8,4.22,0.0
3390,4,713,3.711999999999988,0.0546984572230014,566.2,4.22,0.0
3391,5,846,4.845000000000032,0.05555555555555555,566.6,4.22,0.0
3392,0,179,-0.8219999999999998,0.055865921787709494,566.7,4.22,0.0
3393,0,179,-0.8219999999999998,0.055865921787709494,566.8,4.22,0.0
3394,0,179,-0.8219999999999998,0.055865921787709494,566.9,4.22,0.0
3395,2,466,1.4649999999999728,0.055793991416309016,567.2,4.22,0.0
3396,0,179,-0.8219999999999998,0.055865921787709494,567.3,4.23,0.0
3397,0,179,-0.8219999999999998,0.055865921787709494,567.4,4.23,0.0
3398,2,446,1.444999999999975,0.05605381165919283,567.6,4.23,0.0
3399,3,579,2.5779999999999603,0.055267702936096716,567.9,4.23,0.0
3400,1,313,0.3119999999999896,0.054313099041533544,568.1,4.23,0.0
3401,0,179,-0.8219999999999998,0.055865921787709494,568.2,4.23,0.0
3402,1,313,0.3119999999999896,0.054313099041533544,568.3,4.23,0.0
3403,1,313,0.3119999999999896,0.054313099041533544,568.5,4.23,0.0
3404,5,846,4.845000000000032,0.05555555555555555,569.0,4.23,0.0
3405,3,610,2.608999999999957,0.05573770491803279,569.3,4.23,0.0
3406,3,579,2.5779999999999603,0.055267702936096716,569.6,4.23,0.0
3407,4,713,3.711999999999988,0.056100981767180924,570.0,4.22,0.0
3408,6,979,5.978000000000075,0.05515832482124617,570.5,4.22,0.0
3409,8,1246,8.244999999999962,0.05537720706260032,571.2,4.22,0.0
3410,4,727,3.725999999999993,0.05639614855570839,571.6,4.22,0.0
3411,0,179,-0.8219999999999998,0.055865921787709494,571.7,4.22,0.0
3412,4,713,3.711999999999988,0.056100981767180924,572.1,4.22,0.0
3413,7,1113,7.112000000000036,0.055705300988319856,572.7,4.22,0.0
3414,0,179,-0.8219999999999998,0.055865921787709494,572.7,4.22,0.0
3415,2,446,1.444999999999975,0.053811659192825115,573.0,4.22,0.0
3416,1,313,0.3119999999999896,0.054313099041533544,573.2,4.22,0.0
3417,0,179,-0.8219999999999998,0.055865921787709494,573.3,4.22,0.0
3418,0,179,-0.8219999999999998,0.055865921787709494,573.4,4.22,0.0
3419,2,446,1.444999999999975,0.05605381165919283,573.6,4.22,0.0
3420,3,579,2.5779999999999603,0.055267702936096716,573.9,4.22,0.0
3421,0,186,-0.8149999999999998,0.05913978494623656,574.0,4.22,0.0
3422,1,338,0.33699999999998687,0.05621301775147929,574.2,4.22,0.0
3423,1,313,0.3119999999999896,0.054313099041533544,574.4,4.22,0.0
3424,2,446,1.444999999999975,0.05605381165919283,574.6,4.22,0.0
3425,1,320,0.31899999999998885,0.05625,574.8,4.22,0.0
3426,1,313,0.3119999999999896,0.054313099041533544,574.9,4.22,0.0
3427,0,179,-0.8219999999999998,0.055865921787709494,575.0,4.22,0.0
3428,0,179,-0.8219999999999998,0.05027932960893855,575.1,4.22,0.0
3429,3,579,2.5779999999999603,0.05699481865284974,575.4,4.22,0.0
3430,0,195,-0.8059999999999998,0.05641025641025641,575.5,4.22,0.0
3431,4,713,3.711999999999988,0.056100981767180924,575.9,4.22,0.0
3432,0,179,-0.8219999999999998,0.055865921787709494,576.0,4.22,0.0
3433,0,179,-0.8219999999999998,0.055865921787709494,576.1,4.23,0.0
3434,0,179,-0.8219999999999998,0.055865921787709494,576.2,4.23,0.0
3435,3,579,2.5779999999999603,0.055267702936096716,576.5,4.23,0.0
3436,0,213,-0.7879999999999998,0.056338028169014086,576.6,4.23,0.0
3437,3,579,2.5779999999999603,0.055267702936096716,576.9,4.23,0.0
3438,0,179,-0.8219999999999998,0.055865921787709494,577.0,4.23,0.0
3439,4,713,3.711999999999988,0.056100981767180924,577.4,4.23,0.0
3440,4,716,3.714999999999989,0.055865921787709494,577.8,4.22,0.0
3441,2,459,1.4579999999999735,0.05664488017429194,578.1,4.22,0.0
3442,0,179,-0.8219999999999998,0.055865921787709494,578.2,4.23,0.0
3443,0,179,-0.8219999999999998,0.055865921787709494,578.2,4.23,0.0
3444,4,713,3.711999999999988,0.0546984572230014,578.6,4.23,0.0
3445,0,191,-0.8099999999999998,0.05759162303664921,578.7,4.23,0.0
3446,3,579,2.5779999999999603,0.055267702936096716,579.0,4.23,0.0
3447,0,179,-0.8219999999999998,0.055865921787709494,579.1,4.23,0.0
3448,0,179,-0.8219999999999998,0.055865921787709494,579.2,4.23,0.0
3449,3,579,2.5779999999999603,0.055267702936096716,579.5,4.23,0.0
3450,0,179,-0.8219999999999998,0.055865921787709494,579.6,4.23,0.0
3451,0,179,-0.8219999999999998,0.055865921787709494,579.7,4.23,0.0
3452,3,591,2.589999999999959,0.05583756345177665,580.1,4.23,0.0
3453,1,317,0.3159999999999892,0.056782334384858045,580.2,4.23,0.0
3454,0,179,-0.8219999999999998,0.055865921787709494,580.3,4.23,0.0
3455,4,713,3.711999999999988,0.056100981767180924,580.7,4.23,0.0
3456,1,313,0.3119999999999896,0.054313099041533544,580.9,4.23,0.0
3457,0,212,-0.7889999999999998,0.05660377358490566,581.0,4.23,0.0
3458,0,181,-0.8199999999999998,0.06077348066298342,581.1,4.23,0.0
3459,0,179,-0.8219999999999998,0.055865921787709494,581.2,4.23,0.0
3460,0,189,-0.8119999999999998,0.0582010582010582,581.3,4.23,0.0
3461,2,446,1.444999999999975,0.053811659192825115,581.5,4.23,0.0
3462,6,1005,6.004000000000084,0.05572139303482587,582.0,4.23,0.0
3463,0,179,-0.8219999999999998,0.05027932960893855,582.1,4.23,0.0
3464,2,453,1.4519999999999742,0.05739514348785872,582.4,4.23,0.0
3465,6,979,5.978000000000075,0.05515832482124617,582.9,4.23,0.0
3466,0,179,-0.8219999999999998,0.055865921787709494,583.0,4.23,0.0
3467,0,179,-0.8219999999999998,0.055865921787709494,583.1,4.23,0.0
3468,5,846,4.845000000000032,0.05555555555555555,583.6,4.23,0.0
3469,6,1001,6.000000000000083,0.055944055944055944,584.1,4.23,0.0
3470,4,713,3.711999999999988,0.056100981767180924,584.5,4.23,0.0
3471,3,585,2.5839999999999597,0.05641025641025641,584.8,4.23,0.0
3472,2,446,1.444999999999975,0.053811659192825115,585.0,4.23,0.0
3473,3,579,2.5779999999999603,0.055267702936096716,585.3,4.23,0.0
3474,8,1256,8.254999999999956,0.05573248407643312,586.0,4.22,0.0
3475,3,579,2.5779999999999603,0.055267702936096716,586.3,4.22,0.0
3476,1,313,0.3119999999999896,0.054313099041533544,586.5,4.22,0.0
3477,1,313,0.3119999999999896,0.054313099041533544,586.7,4.22,0.0
3478,0,191,-0.8099999999999998,0.05759162303664921,586.8,4.22,0.0
3479,1,337,0.335999999999987,0.05637982195845697,587.0,4.23,0.0
3480,4,713,3.711999999999988,0.056100981767180924,587.3,4.22,0.0
3481,5,853,4.852000000000034,0.05627198124267292,587.8,4.22,0.0
3482,2,451,1.4499999999999744,0.057649667405764965,588.0,4.22,0.0
3483,0,179,-0.8219999999999998,0.055865921787709494,588.1,4.22,0.0
3484,1,316,0.3149999999999893,0.056962025316455694,588.3,4.22,0.0
3485,3,579,2.5779999999999603,0.055267702936096716,588.6,4.22,0.0
3486,2,446,1.444999999999975,0.05605381165919283,588.9,4.22,0.0
3487,1,313,0.3119999999999896,0.054313099041533544,589.0,4.22,0.0
3488,1,313,0.3119999999999896,0.05750798722044728,589.2,4.22,0.0
3489,0,179,-0.8219999999999998,0.055865921787709494,589.3,4.23,0.0
3490,3,579,2.5779999999999603,0.055267702936096716,589.6,4.22,0.0
3491,2,446,1.444999999999975,0.053811659192825115,589.8,4.22,0.0
3492,0,179,-0.8219999999999998,0.055865921787709494,589.9,4.23,0.0
3493,2,447,1.4459999999999749,0.05592841163310962,590.2,4.23,0.0
3494,8,1246,8.244999999999962,0.056179775280898875,590.8,4.22,0.0
3495,0,181,-0.8199999999999998,0.06077348066298342,590.9,4.22,0.0
3496,0,181,-0.8199999999999998,0.06077348066298342,591.0,4.22,0.0
3497,3,579,2.5779999999999603,0.055267702936096716,591.3,4.22,0.0
3498,1,313,0.3119999999999896,0.05750798722044728,591.5,4.22,0.0
3499,1,314,0.3129999999999895,0.05732484076433121,591.7,4.23,0.0
3500,0,179,-0.8219999999999998,0.055865921787709494,591.8,4.23,0.0
3501,0,179,-0.8219999999999998,0.055865921787709494,595.1,4.20,0.0
3502,0,179,-0.8219999999999998,0.055865921787709494,595.2,4.21,0.0
3503,3,587,2.5859999999999594,0.056218057921635436,595.5,4.21,0.0
3504,0,179,-0.8219999999999998,0.055865921787709494,595.6,4.21,0.0
3505,0,183,-0.8179999999999998,0.060109289617486336,595.7,4.21,0.0
3506,3,579,2.5779999999999603,0.055267702936096716,596.0,4.21,0.0
3507,1,336,0.3349999999999871,0.05654761904761905,596.2,4.21,0.0
3508,1,336,0.3349999999999871,0.05654761904761905,596.4,4.21,0.0
3509,2,453,1.4519999999999742,0.05739514348785872,596.6,4.21,0.0
3510,0,195,-0.8059999999999998,0.05641025641025641,596.7,4.21,0.0
3511,7,1113,7.112000000000036,0.05480682839173405,597.3,4.21,0.0
3512,0,195,-0.8059999999999998,0.05641025641025641,597.4,4.21,0.0
3513,3,579,2.5779999999999603,0.055267702936096716,597.7,4.21,0.0
3514,2,446,1.444999999999975,0.05605381165919283,598.0,4.21,0.0
3515,0,179,-0.8219999999999998,0.055865921787709494,598.1,4.21,0.0
3516,0,179,-0.8219999999999998,0.05027932960893855,598.2,4.21,0.0
3517,4,731,3.729999999999994,0.0560875512995896,598.6,4.21,0.0
3518,1,313,0.3119999999999896,0.054313099041533544,598.7,4.21,0.0
3519,4,713,3.711999999999988,0.056100981767180924,599.1,4.21,0.0
3520,2,353,1.3519999999999852,0.056657223796033995,599.3,4.21,0.0
3521,0,179,-0.8219999999999998,0.055865921787709494,599.4,4.21,0.0
3522,2,477,1.4759999999999716,0.05660377358490566,599.6,4.21,0.0
3523,0,179,-0.8219999999999998,0.055865921787709494,599.7,4.21,0.0
3524,3,579,2.5779999999999603,0.055267702936096716,600.1,4.21,0.0
3525,2,446,1.444999999999975,0.05605381165919283,600.3,4.21,0.0
3526,5,880,4.879000000000043,0.05568181818181818,600.8,4.21,0.0
3527,0,179,-0.8219999999999998,0.055865921787709494,600.8,4.21,0.0
3528,1,315,0.3139999999999894,0.05714285714285714,601.0,4.21,0.0
3529,3,579,2.5779999999999603,0.05699481865284974,601.3,4.21,0.0
3530,3,582,2.58099999999996,0.05670103092783505,601.6,4.21,0.0
3531,0,179,-0.8219999999999998,0.055865921787709494,601.7,4.21,0.0
3532,2,446,1.444999999999975,0.05605381165919283,602.0,4.21,0.0
3533,1,318,0.31699999999998907,0.05660377358490566,602.1,4.21,0.0
3534,0,179,-0.8219999999999998,0.055865921787709494,602.2,4.21,0.0
3535,7,1126,7.125000000000028,0.05595026642984014,602.9,4.21,0.0
3536,2,446,1.444999999999975,0.05605381165919283,603.1,4.21,0.0
3537,4,728,3.726999999999993,0.05631868131868132,603.5,4.21,0.0
3538,0,195,-0.8059999999999998,0.05641025641025641,603.6,4.21,0.0
3539,0,179,-0.8219999999999998,0.05027932960893855,603.7,4.21,0.0
3540,2,461,1.4599999999999733,0.05639913232104121,603.9,4.21,0.0
3541,1,313,0.3119999999999896,0.05750798722044728,604.1,4.21,0.0
3542,3,589,2.587999999999959,0.05602716468590832,604.4,4.21,0.0
3543,0,179,-0.8219999999999998,0.055865921787709494,604.5,4.21,0.0
3544,1,318,0.31699999999998907,0.05660377358490566,604.7,4.21,0.0
3545,4,713,3.711999999999988,0.056100981767180924,605.1,4.21,0.0
3546,0,179,-0.8219999999999998,0.055865921787709494,605.2,4.21,0.0
3547,0,179,-0.8219999999999998,0.055865921787709494,605.3,4.21,0.0
3548,1,335,0.3339999999999872,0.056716417910447764,605.4,4.21,0.0
3549,0,179,-0.8219999999999998,0.055865921787709494,605.5,4.21,0.0
3550,3,585,2.5839999999999597,0.05641025641025641,605.9,4.21,0.0
3551,1,335,0.3339999999999872,0.056716417910447764,606.0,4.21,0.0
3552,0,187,-0.8139999999999998,0.058823529411764705,606.1,4.21,0.0
3553,6,979,5.978000000000075,0.05515832482124617,606.6,4.21,0.0
3554,0,179,-0.8219999999999998,0.055865921787709494,606.7,4.21,0.0
3555,1,313,0.3119999999999896,0.054313099041533544,606.9,4.21,0.0
3556,2,465,1.4639999999999729,0.05591397849462366,607.2,4.21,0.0
3557,2,446,1.444999999999975,0.053811659192825115,607.4,4.21,0.0
3558,3,579,2.5779999999999603,0.055267702936096716,607.7,4.21,0.0
3559,1,313,0.3119999999999896,0.054313099041533544,607.9,4.21,0.0
3560,4,729,3.7279999999999935,0.056241426611796985,608.3,4.21,0.0
3561,3,579,2.5779999999999603,0.055267702936096716,608.6,4.21,0.0
3562,1,322,0.32099999999998863,0.055900621118012424,608.8,4.21,0.0
3563,2,446,1.444999999999975,0.05605381165919283,609.0,4.21,0.0
3564,0,179,-0.8219999999999998,0.05027932960893855,609.1,4.21,0.0
3565,5,846,4.845000000000032,0.05555555555555555,609.6,4.21,0.0
3566,7,1113,7.112000000000036,0.055705300988319856,610.2,4.21,0.0
3567,1,313,0.3119999999999896,0.054313099041533544,610.3,4.21,0.0
3568,2,446,1.444999999999975,0.05605381165919283,610.5,4.21,0.0
3569,1,313,0.3119999999999896,0.054313099041533544,610.7,4.21,0.0
3570,2,467,1.4659999999999727,0.055674518201284794,611.0,4.21,0.0
3571,4,713,3.711999999999988,0.056100981767180924,611.3,4.21,0.0
3572,5,846,4.845000000000032,0.05555555555555555,611.8,4.21,0.0
3573,3,591,2.589999999999959,0.05583756345177665,612.1,4.21,0.0
3574,0,179,-0.8219999999999998,0.055865921787709494,612.2,4.21,0.0
3575,3,579,2.5779999999999603,0.055267702936096716,612.5,4.21,0.0
3576,1,319,0.31799999999998896,0.05642633228840126,612.7,4.21,0.0
3577,3,579,2.5779999999999603,0.055267702936096716,613.0,4.21,0.0
3578,2,446,1.444999999999975,0.05605381165919283,613.2,4.21,0.0
3579,2,446,1.444999999999975,0.05605381165919283,613.5,4.21,0.0
3580,0,179,-0.8219999999999998,0.055865921787709494,613.6,4.21,0.0
3581,0,179,-0.8219999999999998,0.055865921787709494,613.7,4.21,0.0
3582,1,313,0.3119999999999896,0.054313099041533544,613.8,4.21,0.0
3583,1,313,0.3119999999999896,0.054313099041533544,614.0,4.21,0.0
3584,0,179,-0.8219999999999998,0.05027932960893855,614.1,4.21,0.0
3585,3,579,2.5779999999999603,0.055267702936096716,614.4,4.21,0.0
3586,0,179,-0.8219999999999998,0.055865921787709494,614.5,4.21,0.0
3587,1,313,0.3119999999999896,0.054313099041533544,614.7,4.21,0.0
3588,3,579,2.5779999999999603,0.055267702936096716,615.0,4.21,0.0
3589,1,315,0.3139999999999894,0.05714285714285714,615.1,4.21,0.0
3590,1,317,0.3159999999999892,0.056782334384858045,615.3,4.21,0.0
3591,3,579,2.5779999999999603,0.055267702936096716,615.6,4.21,0.0
3592,3,579,2.5779999999999603,0.055267702936096716,615.9,4.21,0.0
3593,0,192,-0.8089999999999998,0.057291666666666664,616.0,4.21,0.0
3594,1,313,0.3119999999999896,0.05750798722044728,616.2,4.21,0.0
3595,4,713,3.711999999999988,0.056100981767180924,616.6,4.21,0.0
3596,0,179,-0.8219999999999998,0.055865921787709494,616.7,4.21,0.0
3597,0,187,-0.8139999999999998,0.058823529411764705,616.8,4.21,0.0
3598,1,317,0.3159999999999892,0.056782334384858045,616.9,4.21,0.0
3599,4,713,3.711999999999988,0.056100981767180924,617.3,4.21,0.0
3600,0,183,-0.8179999999999998,0.060109289617486336,617.4,4.21,0.0
3601,4,732,3.7309999999999945,0.056010928961748634,617.8,4.21,0.0
3602,1,313,0.3119999999999896,0.05750798722044728,618.0,4.21,0.0
3603,4,729,3.7279999999999935,0.056241426611796985,618.4,4.21,0.0
3604,0,196,-0.8049999999999998,0.05612244897959184,618.5,4.21,0.0
3605,1,313,0.3119999999999896,0.05750798722044728,618.7,4.21,0.0
3606,4,713,3.711999999999988,0.0546984572230014,619.1,4.21,0.0
3607,0,179,-0.8219999999999998,0.055865921787709494,619.2,4.21,0.0
3608,0,179,-0.8219999999999998,0.055865921787709494,619.3,4.21,0.0
3609,0,179,-0.8219999999999998,0.055865921787709494,619.3,4.21,0.0
3610,1,314,0.3129999999999895,0.05732484076433121,619.5,4.21,0.0
3611,0,181,-0.8199999999999998,0.06077348066298342,619.6,4.22,0.0
3612,1,313,0.3119999999999896,0.054313099041533544,619.8,4.22,0.0
3613,4,735,3.7339999999999955,0.055782312925170066,620.2,4.21,0.0
3614,0,195,-0.8059999999999998,0.05641025641025641,620.3,4.22,0.0
3615,0,179,-0.8219999999999998,0.055865921787709494,620.4,4.22,0.0
3616,0,187,-0.8139999999999998,0.058823529411764705,620.5,4.22,0.0
3617,4,713,3.711999999999988,0.056100981767180924,620.9,4.22,0.0
3618,1,319,0.31799999999998896,0.05642633228840126,621.0,4.22,0.0
3619,3,589,2.587999999999959,0.05602716468590832,621.4,4.22,0.0
3620,3,592,2.590999999999959,0.05574324324324324,621.7,4.22,0.0
3621,3,585,2.5839999999999597,0.05641025641025641,622.0,4.22,0.0
3622,4,736,3.734999999999996,0.05570652173913043,622.4,4.21,0.0
3623,3,585,2.5839999999999597,0.05641025641025641,622.7,4.21,0.0
3624,5,846,4.845000000000032,0.05555555555555555,623.2,4.21,0.0
3625,0,182,-0.8189999999999998,0.06043956043956044,623.3,4.21,0.0
3626,0,179,-0.8219999999999998,0.055865921787709494,623.3,4.21,0.0
3627,1,313,0.3119999999999896,0.054313099041533544,623.5,4.21,0.0
3628,0,186,-0.8149999999999998,0.05913978494623656,623.6,4.22,0.0
3629,1,332,0.3309999999999875,0.0572289156626506,623.8,4.22,0.0
3630,3,579,2.5779999999999603,0.055267702936096716,624.1,4.22,0.0
3631,0,179,-0.8219999999999998,0.055865921787709494,624.2,4.22,0.0
3632,0,179,-0.8219999999999998,0.055865921787709494,624.3,4.22,0.0
3633,0,179,-0.8219999999999998,0.055865921787709494,624.4,4.22,0.0
3634,0,179,-0.8219999999999998,0.055865921787709494,624.5,4.22,0.0
3635,1,313,0.3119999999999896,0.05750798722044728,624.6,4.22,0.0
3636,0,179,-0.8219999999999998,0.055865921787709494,624.7,4.22,0.0
3637,0,179,-0.8219999999999998,0.055865921787709494,624.8,4.22,0.0
3638,2,446,1.444999999999975,0.05605381165919283,625.1,4.22,0.0
3639,0,179,-0.8219999999999998,0.055865921787709494,625.2,4.22,0.0
3640,2,351,1.3499999999999854,0.05698005698005698,625.4,4.22,0.0
3641,2,446,1.444999999999975,0.053811659192825115,625.6,4.22,0.0
3642,3,579,2.5779999999999603,0.05699481865284974,625.9,4.22,0.0
3643,4,713,3.711999999999988,0.0546984572230014,626.3,4.22,0.0
3644,5,853,4.852000000000034,0.05627198124267292,626.7,4.22,0.0
3645,2,446,1.444999999999975,0.05605381165919283,627.0,4.22,0.0
3646,2,446,1.444999999999975,0.053811659192825115,627.2,4.22,0.0
3647,2,459,1.4579999999999735,0.05664488017429194,627.4,4.22,0.0
3648,0,188,-0.8129999999999998,0.05851063829787234,627.6,4.22,0.0
3649,5,849,4.848000000000033,0.05653710247349823,628.0,4.22,0.0
3650,1,320,0.31899999999998885,0.05625,628.2,4.22,0.0
3651,2,446,1.444999999999975,0.05605381165919283,628.4,4.22,0.0
3652,1,313,0.3119999999999896,0.054313099041533544,628.6,4.22,0.0
3653,0,179,-0.8219999999999998,0.055865921787709494,628.7,4.22,0.0
3654,9,1379,9.377999999999888,0.05583756345177665,629.4,4.22,0.0
3655,2,446,1.444999999999975,0.05605381165919283,629.6,4.22,0.0
3656,3,583,2.58199999999996,0.05660377358490566,630.0,4.22,0.0
3657,2,446,1.444999999999975,0.05605381165919283,630.2,4.22,0.0
3658,5,846,4.845000000000032,0.05555555555555555,630.6,4.22,0.0
3659,0,190,-0.8109999999999998,0.05789473684210526,630.8,4.22,0.0
3660,1,336,0.3349999999999871,0.05654761904761905,630.9,4.22,0.0
3661,0,182,-0.8189999999999998,0.06043956043956044,631.0,4.22,0.0
3662,1,313,0.3119999999999896,0.05750798722044728,631.2,4.22,0.0
3663,0,188,-0.8129999999999998,0.05851063829787234,631.3,4.22,0.0
3664,1,313,0.3119999999999896,0.05750798722044728,631.5,4.22,0.0
3665,4,736,3.734999999999996,0.05570652173913043,631.9,4.22,0.0
3666,4,713,3.711999999999988,0.056100981767180924,632.3,4.22,0.0
3667,4,718,3.71699999999999,0.055710306406685235,632.6,4.22,0.0
3668,0,179,-0.8219999999999998,0.055865921787709494,632.7,4.22,0.0
3669,2,446,1.444999999999975,0.05605381165919283,633.0,4.22,0.0
3670,1,313,0.3119999999999896,0.05750798722044728,633.1,4.22,0.0
3671,0,185,-0.8159999999999998,0.05945945945945946,633.2,4.22,0.0
3672,1,339,0.33799999999998676,0.05604719764011799,633.4,4.22,0.0
3673,0,179,-0.8219999999999998,0.055865921787709494,633.5,4.22,0.0
3674,2,463,1.461999999999973,0.056155507559395246,633.8,4.22,0.0
3675,0,184,-0.8169999999999998,0.059782608695652176,633.9,4.22,0.0
3676,3,579,2.5779999999999603,0.055267702936096716,634.2,4.22,0.0
3677,0,179,-0.8219999999999998,0.055865921787709494,634.3,4.22,0.0
3678,2,446,1.444999999999975,0.053811659192825115,634.5,4.22,0.0
3679,5,846,4.845000000000032,0.05555555555555555,634.9,4.22,0.0
3680,2,483,2.481999999999971,0.055900621118012424,635.2,4.22,0.0
3681,0,179,-0.8219999999999998,0.055865921787709494,635.3,4.22,0.0
3682,2,466,1.4649999999999728,0.055793991416309016,635.6,4.22,0.0
3683,0,186,-0.8149999999999998,0.05913978494623656,635.7,4.22,0.0
3684,3,585,2.5839999999999597,0.05641025641025641,636.0,4.22,0.0
3685,3,579,2.5779999999999603,0.055267702936096716,636.3,4.22,0.0
3686,0,179,-0.8219999999999998,0.055865921787709494,636.4,4.22,0.0
3687,0,182,-0.8189999999999998,0.06043956043956044,636.5,4.22,0.0
3688,4,727,3.725999999999993,0.05639614855570839,636.9,4.22,0.0
3689,6,979,5.978000000000075,0.056179775280898875,637.4,4.22,0.0
3690,1,313,0.3119999999999896,0.054313099041533544,637.6,4.22,0.0
3691,0,179,-0.8219999999999998,0.055865921787709494,637.6,4.22,0.0
3692,5,856,4.855000000000035,0.056074766355140186,638.1,4.22,0.0
3693,1,316,0.3149999999999893,0.056962025316455694,638.3,4.22,0.0
3694,4,713,3.711999999999988,0.056100981767180924,638.7,4.22,0.0
3695,4,713,3.711999999999988,0.056100981767180924,639.0,4.22,0.0
3696,4,733,3.731999999999995,0.05593451568894952,639.4,4.22,0.0
3697,3,583,2.58199999999996,0.05660377358490566,639.7,4.22,0.0
3698,1,313,0.3119999999999896,0.054313099041533544,639.9,4.22,0.0
3699,5,853,4.852000000000034,0.05627198124267292,640.4,4.22,0.0
3700,2,454,1.452999999999974,0.05726872246696035,640.6,4.22,0.0
3701,0,189,-0.8119999999999998,0.0582010582010582,640.7,4.22,0.0
3702,7,1117,7.116000000000033,0.05640107430617726,641.3,4.21,0.0
3703,2,453,1.4519999999999742,0.05739514348785872,641.5,4.21,0.0
3704,0,192,-0.8089999999999998,0.057291666666666664,641.7,4.22,0.0
3705,2,446,1.444999999999975,0.05605381165919283,641.9,4.22,0.0
3706,5,846,4.845000000000032,0.05555555555555555,642.3,4.21,0.0
3707,7,1113,7.112000000000036,0.055705300988319856,642.9,4.21,0.0
3708,0,179,-0.8219999999999998,0.055865921787709494,643.0,4.21,0.0
3709,1,336,0.3349999999999871,0.05654761904761905,643.2,4.21,0.0
3710,2,446,1.444999999999975,0.05605381165919283,643.4,4.21,0.0
3711,1,349,0.34799999999998565,0.05730659025787966,643.6,4.21,0.0
3712,2,457,1.4559999999999738,0.05689277899343545,643.9,4.21,0.0
3713,2,446,1.444999999999975,0.05605381165919283,644.1,4.21,0.0
3714,0,189,-0.8119999999999998,0.0582010582010582,644.2,4.21,0.0
3715,5,846,4.845000000000032,0.05555555555555555,644.7,4.21,0.0
3716,1,313,0.3119999999999896,0.05750798722044728,644.8,4.21,0.0
3717,1,313,0.3119999999999896,0.05750798722044728,645.0,4.21,0.0
3718,6,985,5.984000000000077,0.05583756345177665,645.5,4.21,0.0
3719,7,1125,7.124000000000029,0.056,646.2,4.21,0.0
3720,0,184,-0.8169999999999998,0.059782608695652176,646.3,4.21,0.0
3721,4,713,3.711999999999988,0.0546984572230014,646.6,4.21,0.0
3722,4,729,3.7279999999999935,0.056241426611796985,647.0,4.21,0.0
3723,2,456,1.4549999999999739,0.05701754385964912,647.3,4.21,0.0
3724,0,179,-0.8219999999999998,0.055865921787709494,647.4,4.21,0.0
3725,0,191,-0.8099999999999998,0.05759162303664921,647.5,4.21,0.0
3726,0,195,-0.8059999999999998,0.05641025641025641,647.6,4.21,0.0
3727,4,727,3.725999999999993,0.05639614855570839,648.0,4.21,0.0
3728,0,179,-0.8219999999999998,0.055865921787709494,648.0,4.21,0.0
3729,1,317,0.3159999999999892,0.056782334384858045,648.2,4.21,0.0
3730,2,452,1.4509999999999743,0.05752212389380531,648.5,4.21,0.0
3731,0,184,-0.8169999999999998,0.059782608695652176,648.6,4.21,0.0
3732,2,463,1.461999999999973,0.056155507559395246,648.8,4.21,0.0
3733,1,313,0.3119999999999896,0.054313099041533544,649.0,4.21,0.0
3734,5,846,4.845000000000032,0.05555555555555555,649.4,4.21,0.0
3735,1,313,0.3119999999999896,0.054313099041533544,649.6,4.21,0.0
3736,1,313,0.3119999999999896,0.054313099041533544,649.8,4.21,0.0
3737,1,313,0.3119999999999896,0.054313099041533544,649.9,4.21,0.0
3738,1,313,0.3119999999999896,0.05750798722044728,650.1,4.21,0.0
3739,3,579,2.5779999999999603,0.055267702936096716,650.4,4.21,0.0
3740,0,188,-0.8129999999999998,0.05851063829787234,650.5,4.21,0.0
3741,1,316,0.3149999999999893,0.056962025316455694,650.7,4.21,0.0
3742,4,750,4.7490000000000006,0.056,651.1,4.21,0.0
3743,1,313,0.3119999999999896,0.05750798722044728,651.3,4.21,0.0
3744,3,604,2.6029999999999576,0.056291390728476824,651.6,4.21,0.0
3745,0,184,-0.8169999999999998,0.059782608695652176,651.7,4.21,0.0
3746,0,179,-0.8219999999999998,0.055865921787709494,651.8,4.21,0.0
3747,0,184,-0.8169999999999998,0.059782608695652176,651.9,4.22,0.0
3748,3,579,2.5779999999999603,0.055267702936096716,652.2,4.21,0.0
3749,2,452,1.4509999999999743,0.05752212389380531,652.5,4.21,0.0
3750,3,579,2.5779999999999603,0.055267702936096716,652.8,4.21,0.0
3751,2,446,1.444999999999975,0.05605381165919283,653.0,4.21,0.0
3752,6,979,5.978000000000075,0.05515832482124617,653.6,4.21,0.0
3753,1,337,0.335999999999987,0.05637982195845697,653.8,4.21,0.0
3754,6,1007,6.006000000000085,0.05561072492552135,654.3,4.21,0.0
3755,5,846,4.845000000000032,0.05555555555555555,654.8,4.21,0.0
3756,2,446,1.444999999999975,0.05605381165919283,655.0,4.21,0.0
3757,1,313,0.3119999999999896,0.05750798722044728,655.2,4.21,0.0
3758,7,1125,7.124000000000029,0.056,655.8,4.21,0.0
3759,1,319,0.31799999999998896,0.05642633228840126,655.9,4.21,0.0
3760,2,465,1.4639999999999729,0.05591397849462366,656.2,4.21,0.0
3761,3,579,2.5779999999999603,0.055267702936096716,656.5,4.21,0.0
3762,0,179,-0.8219999999999998,0.055865921787709494,656.6,4.21,0.0
3763,6,979,5.978000000000075,0.05515832482124617,657.1,4.21,0.0
3764,0,179,-0.8219999999999998,0.055865921787709494,657.2,4.21,0.0
3765,0,179,-0.8219999999999998,0.055865921787709494,657.3,4.21,0.0
3766,0,189,-0.8119999999999998,0.0582010582010582,657.4,4.21,0.0
3767,1,321,0.31999999999998874,0.056074766355140186,657.6,4.21,0.0
3768,1,313,0.3119999999999896,0.05750798722044728,657.7,4.21,0.0
3769,1,313,0.3119999999999896,0.054313099041533544,657.9,4.21,0.0
3770,3,579,2.5779999999999603,0.055267702936096716,658.2,4.21,0.0
3771,0,189,-0.8119999999999998,0.0582010582010582,658.3,4.21,0.0
3772,1,332,0.3309999999999875,0.0572289156626506,658.5,4.21,0.0
3773,4,713,3.711999999999988,0.056100981767180924,658.9,4.21,0.0
3774,0,196,-0.8049999999999998,0.05612244897959184,659.0,4.21,0.0
3775,0,182,-0.8189999999999998,0.06043956043956044,659.1,4.21,0.0
3776,0,183,-0.8179999999999998,0.060109289617486336,659.2,4.21,0.0
3777,0,206,-0.7949999999999998,0.05825242718446602,659.3,4.21,0.0
3778,0,179,-0.8219999999999998,0.055865921787709494,659.4,4.21,0.0
3779,1,313,0.3119999999999896,0.05750798722044728,659.6,4.21,0.0
3780,3,579,2.5779999999999603,0.055267702936096716,659.9,4.21,0.0
3781,0,193,-0.8079999999999998,0.05699481865284974,660.0,4.22,0.0
3782,1,313,0.3119999999999896,0.054313099041533544,660.2,4.22,0.0
3783,4,733,3.731999999999995,0.05593451568894952,660.6,4.21,0.0
3784,1,313,0.3119999999999896,0.05750798722044728,660.7,4.22,0.0
3785,3,579,2.5779999999999603,0.055267702936096716,661.0,4.21,0.0
3786,0,187,-0.8139999999999998,0.058823529411764705,661.1,4.22,0.0
3787,3,590,2.588999999999959,0.05593220338983051,661.5,4.21,0.0
3788,0,179,-0.8219999999999998,0.055865921787709494,661.5,4.22,0.0
3789,4,713,3.711999999999988,0.056100981767180924,661.9,4.21,0.0
3790,1,313,0.3119999999999896,0.054313099041533544,662.1,4.22,0.0
3791,1,313,0.3119999999999896,0.05750798722044728,662.3,4.22,0.0
3792,2,459,1.4579999999999735,0.05664488017429194,662.5,4.22,0.0
3793,6,980,5.979000000000076,0.05612244897959184,663.0,4.21,0.0
3794,3,579,2.5779999999999603,0.055267702936096716,663.4,4.21,0.0
3795,2,456,1.4549999999999739,0.05701754385964912,663.6,4.21,0.0
3796,0,212,-0.7889999999999998,0.05660377358490566,663.7,4.21,0.0
3797,3,579,2.5779999999999603,0.055267702936096716,664.1,4.21,0.0
3798,1,313,0.3119999999999896,0.05750798722044728,664.2,4.21,0.0
3799,3,609,2.607999999999957,0.05582922824302135,664.6,4.21,0.0
3800,0,185,-0.8159999999999998,0.05945945945945946,664.7,4.21,0.0
3801,0,179,-0.8219999999999998,0.055865921787709494,664.8,4.22,0.0
3802,3,586,2.5849999999999596,0.05631399317406143,665.1,4.21,0.0
3803,0,189,-0.8119999999999998,0.0582010582010582,665.2,4.22,0.0
3804,3,579,2.5779999999999603,0.055267702936096716,665.5,4.21,0.0
3805,1,313,0.3119999999999896,0.054313099041533544,665.6,4.22,0.0
3806,0,179,-0.8219999999999998,0.055865921787709494,665.7,4.22,0.0
3807,6,980,5.979000000000076,0.05612244897959184,666.3,4.21,0.0
3808,2,446,1.444999999999975,0.053811659192825115,666.5,4.21,0.0
3809,2,446,1.444999999999975,0.05605381165919283,666.8,4.21,0.0
3810,3,579,2.5779999999999603,0.055267702936096716,667.1,4.21,0.0
3811,3,579,2.5779999999999603,0.055267702936096716,667.4,4.21,0.0
3812,0,179,-0.8219999999999998,0.055865921787709494,667.5,4.21,0.0
3813,3,579,2.5779999999999603,0.055267702936096716,667.8,4.21,0.0
3814,1,313,0.3119999999999896,0.054313099041533544,667.9,4.21,0.0
3815,0,179,-0.8219999999999998,0.055865921787709494,668.0,4.22,0.0
3816,3,579,2.5779999999999603,0.055267702936096716,668.3,4.21,0.0
3817,1,313,0.3119999999999896,0.05750798722044728,668.5,4.22,0.0
3818,0,179,-0.8219999999999998,0.055865921787709494,668.6,4.22,0.0
3819,4,729,3.7279999999999935,0.056241426611796985,669.0,4.22,0.0
3820,2,446,1.444999999999975,0.05605381165919283,669.3,4.22,0.0
3821,0,179,-0.8219999999999998,0.055865921787709494,669.3,4.22,0.0
3822,0,179,-0.8219999999999998,0.055865921787709494,669.4,4.22,0.0
3823,1,313,0.3119999999999896,0.054313099041533544,669.6,4.22,0.0
3824,0,179,-0.8219999999999998,0.055865921787709494,669.7,4.22,0.0
3825,0,186,-0.8149999999999998,0.05913978494623656,669.8,4.22,0.0
3826,0,179,-0.8219999999999998,0.055865921787709494,669.9,4.22,0.0
3827,3,579,2.5779999999999603,0.055267702936096716,670.2,4.22,0.0
3828,1,313,0.3119999999999896,0.054313099041533544,670.4,4.22,0.0
3829,2,446,1.444999999999975,0.05605381165919283,670.6,4.22,0.0
3830,1,313,0.3119999999999896,0.05750798722044728,670.8,4.22,0.0
3831,0,179,-0.8219999999999998,0.055865921787709494,670.9,4.22,0.0
3832,8,1246,8.244999999999962,0.05537720706260032,671.6,4.22,0.0
3833,0,179,-0.8219999999999998,0.055865921787709494,671.7,4.22,0.0
3834,1,321,0.31999999999998874,0.056074766355140186,671.8,4.22,0.0
3835,2,446,1.444999999999975,0.05605381165919283,672.1,4.22,0.0
3836,0,179,-0.8219999999999998,0.055865921787709494,672.2,4.22,0.0
3837,6,979,5.978000000000075,0.05515832482124617,672.7,4.22,0.0
3838,4,728,3.726999999999993,0.05631868131868132,673.1,4.22,0.0
3839,2,466,1.4649999999999728,0.055793991416309016,673.4,4.22,0.0
3840,1,313,0.3119999999999896,0.054313099041533544,673.5,4.22,0.0
3841,3,579,2.5779999999999603,0.055267702936096716,673.8,4.22,0.0
3842,1,316,0.3149999999999893,0.056962025316455694,674.0,4.22,0.0
3843,0,179,-0.8219999999999998,0.055865921787709494,674.1,4.22,0.0
3844,0,179,-0.8219999999999998,0.055865921787709494,674.2,4.22,0.0
3845,2,464,1.462999999999973,0.05603448275862069,674.5,4.22,0.0
3846,1,313,0.3119999999999896,0.054313099041533544,674.6,4.22,0.0
3847,6,984,5.983000000000077,0.05589430894308943,675.2,4.22,0.0
3848,0,179,-0.8219999999999998,0.055865921787709494,675.3,4.22,0.0
3849,0,179,-0.8219999999999998,0.055865921787709494,675.4,4.22,0.0
3850,1,313,0.3119999999999896,0.054313099041533544,675.5,4.22,0.0
3851,4,713,3.711999999999988,0.0546984572230014,675.9,4.22,0.0
3852,1,313,0.3119999999999896,0.054313099041533544,676.1,4.22,0.0
3853,1,313,0.3119999999999896,0.054313099041533544,676.3,4.22,0.0
3854,0,187,-0.8139999999999998,0.058823529411764705,676.4,4.22,0.0
3855,5,846,4.845000000000032,0.05555555555555555,676.8,4.22,0.0
3856,3,579,2.5779999999999603,0.055267702936096716,677.1,4.22,0.0
3857,2,446,1.444999999999975,0.05605381165919283,677.4,4.22,0.0
3858,3,579,2.5779999999999603,0.055267702936096716,677.7,4.22,0.0
3859,0,179,-0.8219999999999998,0.055865921787709494,677.8,4.22,0.0
3860,1,313,0.3119999999999896,0.05750798722044728,678.0,4.22,0.0
3861,4,713,3.711999999999988,0.056100981767180924,678.4,4.22,0.0
3862,2,446,1.444999999999975,0.05605381165919283,678.6,4.22,0.0
3863,0,192,-0.8089999999999998,0.057291666666666664,678.7,4.22,0.0
3864,3,579,2.5779999999999603,0.05699481865284974,679.0,4.22,0.0
3865,3,579,2.5779999999999603,0.055267702936096716,679.3,4.22,0.0
3866,0,179,-0.8219999999999998,0.055865921787709494,679.4,4.22,0.0
3867,3,579,2.5779999999999603,0.055267702936096716,679.7,4.22,0.0
3868,0,179,-0.8219999999999998,0.055865921787709494,679.8,4.22,0.0
3869,0,189,-0.8119999999999998,0.0582010582010582,679.9,4.22,0.0
3870,1,314,0.3129999999999895,0.05732484076433121,680.1,4.22,0.0
3871,1,313,0.3119999999999896,0.054313099041533544,680.3,4.22,0.0
3872,6,1005,6.004000000000084,0.05572139303482587,680.8,4.22,0.0
3873,1,313,0.3119999999999896,0.05750798722044728,681.0,4.22,0.0
3874,1,319,0.31799999999998896,0.05642633228840126,681.2,4.22,0.0
3875,4,729,3.7279999999999935,0.056241426611796985,681.5,4.22,0.0
3876,1,313,0.3119999999999896,0.05750798722044728,681.7,4.22,0.0
3877,2,459,1.4579999999999735,0.05664488017429194,682.0,4.22,0.0
3878,0,179,-0.8219999999999998,0.055865921787709494,682.1,4.22,0.0
3879,3,579,2.5779999999999603,0.055267702936096716,682.4,4.22,0.0
3880,2,463,1.461999999999973,0.056155507559395246,682.6,4.22,0.0
3881,2,446,1.444999999999975,0.05605381165919283,682.9,4.22,0.0
3882,0,179,-0.8219999999999998,0.055865921787709494,683.0,4.22,0.0
3883,3,584,2.5829999999999598,0.05650684931506849,683.3,4.22,0.0
3884,5,852,4.851000000000034,0.056338028169014086,683.8,4.22,0.0
3885,2,446,1.444999999999975,0.05605381165919283,684.0,4.22,0.0
3886,0,179,-0.8219999999999998,0.055865921787709494,684.1,4.22,0.0
3887,0,189,-0.8119999999999998,0.0582010582010582,684.2,4.22,0.0
3888,1,315,0.3139999999999894,0.05714285714285714,684.4,4.22,0.0
3889,0,179,-0.8219999999999998,0.055865921787709494,684.5,4.22,0.0
3890,1,322,0.32099999999998863,0.055900621118012424,684.7,4.22,0.0
3891,2,454,1.452999999999974,0.05726872246696035,684.9,4.22,0.0
3892,2,465,1.4639999999999729,0.05591397849462366,685.2,4.22,0.0
3893,0,179,-0.8219999999999998,0.055865921787709494,685.3,4.22,0.0
3894,0,187,-0.8139999999999998,0.058823529411764705,685.4,4.22,0.0
3895,5,846,4.845000000000032,0.05555555555555555,685.8,4.22,0.0
3896,3,579,2.5779999999999603,0.055267702936096716,686.1,4.22,0.0
3897,0,179,-0.8219999999999998,0.05027932960893855,686.2,4.22,0.0
3898,2,446,1.444999999999975,0.05605381165919283,686.5,4.22,0.0
3899,1,313,0.3119999999999896,0.054313099041533544,686.6,4.22,0.0
3900,1,313,0.3119999999999896,0.054313099041533544,686.8,4.22,0.0
3901,3,579,2.5779999999999603,0.055267702936096716,687.1,4.22,0.0
3902,1,315,0.3139999999999894,0.05714285714285714,687.3,4.22,0.0
3903,3,579,2.5779999999999603,0.05699481865284974,687.6,4.22,0.0
3904,0,179,-0.8219999999999998,0.055865921787709494,687.7,4.22,0.0
3905,5,855,4.854000000000035,0.056140350877192984,688.2,4.22,0.0
3906,4,713,3.711999999999988,0.056100981767180924,688.5,4.22,0.0
3907,1,313,0.3119999999999896,0.054313099041533544,688.7,4.22,0.0
3908,0,179,-0.8219999999999998,0.055865921787709494,688.8,4.22,0.0
3909,1,313,0.3119999999999896,0.054313099041533544,689.0,4.22,0.0
3910,6,979,5.978000000000075,0.05515832482124617,689.5,4.22,0.0
3911,1,336,0.3349999999999871,0.05654761904761905,689.7,4.22,0.0
3912,1,313,0.3119999999999896,0.05750798722044728,689.8,4.22,0.0
3913,2,446,1.444999999999975,0.05605381165919283,690.1,4.22,0.0
3914,0,187,-0.8139999999999998,0.058823529411764705,690.2,4.22,0.0
3915,0,179,-0.8219999999999998,0.055865921787709494,690.3,4.22,0.0
3916,0,193,-0.8079999999999998,0.05699481865284974,690.4,4.23,0.0
3917,1,313,0.3119999999999896,0.054313099041533544,690.5,4.23,0.0
3918,5,846,4.845000000000032,0.05555555555555555,691.0,4.22,0.0
3919,2,446,1.444999999999975,0.05605381165919283,691.2,4.22,0.0
3920,0,189,-0.8119999999999998,0.0582010582010582,691.3,4.23,0.0
3921,2,446,1.444999999999975,0.05605381165919283,691.6,4.23,0.0
3922,7,1129,7.128000000000027,0.05580159433126661,692.2,4.22,0.0
3923,6,979,5.978000000000075,0.05515832482124617,692.7,4.22,0.0
3924,3,579,2.5779999999999603,0.055267702936096716,693.0,4.22,0.0
3925,2,446,1.444999999999975,0.05605381165919283,693.2,4.22,0.0
3926,0,179,-0.8219999999999998,0.055865921787709494,693.3,4.22,0.0
3927,4,735,3.7339999999999955,0.055782312925170066,693.7,4.22,0.0
3928,0,179,-0.8219999999999998,0.055865921787709494,693.8,4.22,0.0
3929,0,179,-0.8219999999999998,0.055865921787709494,693.9,4.22,0.0
3930,1,315,0.3139999999999894,0.05714285714285714,694.1,4.22,0.0
3931,0,179,-0.8219999999999998,0.055865921787709494,694.2,4.22,0.0
3932,1,313,0.3119999999999896,0.05750798722044728,694.3,4.22,0.0
3933,0,187,-0.8139999999999998,0.058823529411764705,694.4,4.22,0.0
3934,0,179,-0.8219999999999998,0.055865921787709494,694.5,4.23,0.0
3935,4,713,3.711999999999988,0.0546984572230014,694.9,4.22,0.0
3936,0,179,-0.8219999999999998,0.055865921787709494,695.0,4.23,0.0
3937,2,446,1.444999999999975,0.05605381165919283,695.2,4.23,0.0
3938,1,313,0.3119999999999896,0.054313099041533544,695.4,4.23,0.0
3939,1,313,0.3119999999999896,0.054313099041533544,695.6,4.23,0.0
3940,0,179,-0.8219999999999998,0.055865921787709494,695.7,4.23,0.0
3941,0,179,-0.8219999999999998,0.055865921787709494,695.8,4.23,0.0
3942,5,846,4.845000000000032,0.05555555555555555,696.2,4.23,0.0
3943,0,190,-0.8109999999999998,0.05789473684210526,696.3,4.23,0.0
3944,0,189,-0.8119999999999998,0.0582010582010582,696.4,4.23,0.0
3945,0,179,-0.8219999999999998,0.055865921787709494,696.5,4.23,0.0
3946,0,186,-0.8149999999999998,0.05913978494623656,696.6,4.23,0.0
3947,0,179,-0.8219999999999998,0.055865921787709494,696.7,4.23,0.0
3948,2,446,1.444999999999975,0.05605381165919283,697.0,4.23,0.0
3949,4,729,3.7279999999999935,0.056241426611796985,697.4,4.23,0.0
3950,3,579,2.5779999999999603,0.055267702936096716,697.7,4.23,0.0
3951,0,179,-0.8219999999999998,0.055865921787709494,697.8,4.23,0.0
3952,3,589,2.587999999999959,0.05602716468590832,698.1,4.23,0.0
3953,7,1129,7.128000000000027,0.05580159433126661,698.7,4.23,0.0
3954,3,579,2.5779999999999603,0.055267702936096716,699.0,4.23,0.0
3955,3,579,2.5779999999999603,0.055267702936096716,699.3,4.23,0.0
3956,3,579,2.5779999999999603,0.055267702936096716,699.6,4.23,0.0
3957,3,585,2.5839999999999597,0.05641025641025641,699.9,4.23,0.0
3958,2,458,1.4569999999999736,0.056768558951965066,700.2,4.23,0.0
3959,0,179,-0.8219999999999998,0.055865921787709494,700.3,4.23,0.0
3960,2,446,1.444999999999975,0.05605381165919283,700.5,4.23,0.0
3961,0,179,-0.8219999999999998,0.055865921787709494,700.6,4.23,0.0
3962,4,713,3.711999999999988,0.056100981767180924,701.0,4.23,0.0
3963,1,335,0.3339999999999872,0.056716417910447764,701.2,4.23,0.0
3964,7,1113,7.112000000000036,0.055705300988319856,701.8,4.23,0.0
3965,3,579,2.5779999999999603,0.055267702936096716,702.1,4.22,0.0
3966,0,194,-0.8069999999999998,0.05670103092783505,702.2,4.23,0.0
3967,2,446,1.444999999999975,0.053811659192825115,702.4,4.23,0.0
3968,0,179,-0.8219999999999998,0.05027932960893855,702.5,4.23,0.0
3969,0,179,-0.8219999999999998,0.055865921787709494,702.6,4.23,0.0
3970,3,579,2.5779999999999603,0.055267702936096716,702.9,4.23,0.0
3971,0,191,-0.8099999999999998,0.05759162303664921,703.0,4.23,0.0
3972,0,179,-0.8219999999999998,0.055865921787709494,703.1,4.23,0.0
3973,2,446,1.444999999999975,0.05605381165919283,703.3,4.23,0.0
3974,0,190,-0.8109999999999998,0.05789473684210526,703.4,4.23,0.0
3975,0,181,-0.8199999999999998,0.06077348066298342,703.5,4.23,0.0
3976,6,979,5.978000000000075,0.056179775280898875,704.1,4.23,0.0
3977,1,339,0.33799999999998676,0.05604719764011799,704.2,4.23,0.0
3978,3,579,2.5779999999999603,0.055267702936096716,704.6,4.23,0.0
3979,1,313,0.3119999999999896,0.05750798722044728,704.7,4.23,0.0
3980,4,713,3.711999999999988,0.056100981767180924,705.1,4.23,0.0
3981,3,589,2.587999999999959,0.05602716468590832,705.4,4.23,0.0
3982,2,446,1.444999999999975,0.05605381165919283,705.7,4.23,0.0
3983,0,190,-0.8109999999999998,0.05789473684210526,705.8,4.23,0.0
3984,0,184,-0.8169999999999998,0.059782608695652176,705.9,4.23,0.0
3985,1,318,0.31699999999998907,0.05660377358490566,706.1,4.23,0.0
3986,0,181,-0.8199999999999998,0.06077348066298342,706.1,4.23,0.0
3987,1,314,0.3129999999999895,0.05732484076433121,706.3,4.23,0.0
3988,0,179,-0.8219999999999998,0.05027932960893855,706.4,4.23,0.0
3989,2,446,1.444999999999975,0.05605381165919283,706.7,4.23,0.0
3990,0,191,-0.8099999999999998,0.05759162303664921,706.8,4.23,0.0
3991,5,855,4.854000000000035,0.056140350877192984,707.2,4.23,0.0
3992,6,979,5.978000000000075,0.05515832482124617,707.8,4.23,0.0
3993,2,446,1.444999999999975,0.053811659192825115,708.0,4.23,0.0
3994,0,179,-0.8219999999999998,0.055865921787709494,708.1,4.23,0.0
3995,1,313,0.3119999999999896,0.05750798722044728,708.3,4.23,0.0
3996,1,313,0.3119999999999896,0.05750798722044728,708.4,4.23,0.0
3997,0,179,-0.8219999999999998,0.055865921787709494,708.5,4.23,0.0
3998,0,179,-0.8219999999999998,0.055865921787709494,708.6,4.23,0.0
3999,0,189,-0.8119999999999998,0.0582010582010582,708.7,4.23,0.0
4000,0,179,-0.8219999999999998,0.055865921787709494,708.8,4.23,0.0
4001,0,181,-0.8199999999999998,0.06077348066298342,712.1,4.22,0.0
4002,7,1113,7.112000000000036,0.055705300988319856,712.7,4.21,0.0
4003,1,313,0.3119999999999896,0.05750798722044728,712.8,4.21,0.0
4004,1,335,0.3339999999999872,0.056716417910447764,713.0,4.21,0.0
4005,2,446,1.444999999999975,0.05605381165919283,713.3,4.21,0.0
4006,2,448,1.4469999999999748,0.05580357142857143,713.5,4.21,0.0
4007,0,189,-0.8119999999999998,0.0582010582010582,713.6,4.22,0.0
4008,4,713,3.711999999999988,0.0546984572230014,714.0,4.21,0.0
4009,3,579,2.5779999999999603,0.055267702936096716,714.3,4.21,0.0
4010,0,179,-0.8219999999999998,0.055865921787709494,714.4,4.21,0.0
4011,1,313,0.3119999999999896,0.054313099041533544,714.6,4.22,0.0
4012,0,190,-0.8109999999999998,0.05789473684210526,714.7,4.22,0.0
4013,1,315,0.3139999999999894,0.05714285714285714,714.8,4.22,0.0
4014,0,179,-0.8219999999999998,0.055865921787709494,714.9,4.22,0.0
4015,0,190,-0.8109999999999998,0.05789473684210526,715.0,4.22,0.0
4016,0,179,-0.8219999999999998,0.055865921787709494,715.1,4.22,0.0
4017,2,446,1.444999999999975,0.05605381165919283,715.4,4.22,0.0
4018,0,179,-0.8219999999999998,0.055865921787709494,715.5,4.22,0.0
4019,1,313,0.3119999999999896,0.054313099041533544,715.6,4.22,0.0
4020,3,579,2.5779999999999603,0.055267702936096716,715.9,4.22,0.0
4021,2,446,1.444999999999975,0.05605381165919283,716.2,4.22,0.0
4022,0,193,-0.8079999999999998,0.05699481865284974,716.3,4.22,0.0
4023,0,179,-0.8219999999999998,0.055865921787709494,716.4,4.22,0.0
4024,1,313,0.3119999999999896,0.054313099041533544,716.6,4.22,0.0
4025,4,732,3.7309999999999945,0.056010928961748634,717.0,4.22,0.0
4026,0,184,-0.8169999999999998,0.059782608695652176,717.1,4.22,0.0
4027,2,446,1.444999999999975,0.05605381165919283,717.3,4.22,0.0
4028,1,313,0.3119999999999896,0.054313099041533544,717.5,4.22,0.0
4029,7,1131,7.130000000000026,0.05570291777188329,718.1,4.22,0.0
4030,1,315,0.3139999999999894,0.05714285714285714,718.2,4.22,0.0
4031,1,336,0.3349999999999871,0.05654761904761905,718.4,4.22,0.0
4032,0,179,-0.8219999999999998,0.055865921787709494,718.5,4.22,0.0
4033,4,724,3.722999999999992,0.05662983425414365,718.9,4.22,0.0
4034,0,186,-0.8149999999999998,0.05913978494623656,719.0,4.22,0.0
4035,3,579,2.5779999999999603,0.055267702936096716,719.3,4.22,0.0
4036,5,846,4.845000000000032,0.05555555555555555,719.8,4.22,0.0
4037,8,1255,8.253999999999957,0.055776892430278883,720.4,4.22,0.0
4038,0,179,-0.8219999999999998,0.055865921787709494,720.5,4.22,0.0
4039,3,579,2.5779999999999603,0.055267702936096716,720.9,4.22,0.0
4040,5,854,4.853000000000034,0.05620608899297424,721.3,4.22,0.0
4041,2,446,1.444999999999975,0.05605381165919283,721.6,4.22,0.0
4042,7,1130,7.129000000000026,0.05575221238938053,722.2,4.21,0.0
4043,3,592,2.590999999999959,0.05574324324324324,722.5,4.21,0.0
4044,2,455,1.453999999999974,0.05714285714285714,722.7,4.21,0.0
4045,2,446,1.444999999999975,0.05605381165919283,723.0,4.21,0.0
4046,0,179,-0.8219999999999998,0.055865921787709494,723.1,4.21,0.0
4047,0,190,-0.8109999999999998,0.05789473684210526,723.2,4.21,0.0
4048,1,313,0.3119999999999896,0.05750798722044728,723.3,4.22,0.0
4049,3,610,2.608999999999957,0.05573770491803279,723.7,4.21,0.0
4050,1,313,0.3119999999999896,0.05750798722044728,723.8,4.22,0.0
4051,4,733,3.731999999999995,0.05593451568894952,724.2,4.21,0.0
4052,2,446,1.444999999999975,0.05605381165919283,724.5,4.21,0.0
4053,4,713,3.711999999999988,0.056100981767180924,724.9,4.21,0.0
4054,5,846,4.845000000000032,0.05555555555555555,725.3,4.21,0.0
4055,0,179,-0.8219999999999998,0.055865921787709494,725.4,4.21,0.0
4056,1,313,0.3119999999999896,0.05750798722044728,725.6,4.21,0.0
4057,3,579,2.5779999999999603,0.055267702936096716,725.9,4.21,0.0
4058,0,179,-0.8219999999999998,0.05027932960893855,726.0,4.21,0.0
4059,2,458,1.4569999999999736,0.056768558951965066,726.2,4.21,0.0
4060,2,446,1.444999999999975,0.05605381165919283,726.5,4.21,0.0
4061,1,313,0.3119999999999896,0.054313099041533544,726.6,4.21,0.0
4062,2,459,1.4579999999999735,0.05664488017429194,726.9,4.21,0.0
4063,0,195,-0.8059999999999998,0.05641025641025641,727.0,4.21,0.0
4064,3,579,2.5779999999999603,0.055267702936096716,727.3,4.21,0.0
4065,2,446,1.444999999999975,0.05605381165919283,727.5,4.21,0.0
4066,3,579,2.5779999999999603,0.055267702936096716,727.9,4.21,0.0
4067,3,588,2.5869999999999593,0.05612244897959184,728.2,4.21,0.0
4068,1,323,0.3219999999999885,0.05572755417956656,728.4,4.21,0.0
4069,0,179,-0.8219999999999998,0.055865921787709494,728.4,4.21,0.0
4070,4,719,3.71799999999999,0.055632823365785816,728.8,4.21,0.0
4071,0,179,-0.8219999999999998,0.055865921787709494,728.9,4.21,0.0
4072,2,446,1.444999999999975,0.05605381165919283,729.2,4.21,0.0
4073,1,313,0.3119999999999896,0.054313099041533544,729.3,4.21,0.0
4074,0,179,-0.8219999999999998,0.055865921787709494,729.5,4.22,0.0
4075,0,179,-0.8219999999999998,0.055865921787709494,729.5,4.22,0.0
4076,0,179,-0.8219999999999998,0.055865921787709494,729.6,4.22,0.0
4077,3,579,2.5779999999999603,0.055267702936096716,729.9,4.22,0.0
4078,0,185,-0.8159999999999998,0.05945945945945946,730.0,4.22,0.0
4079,0,179,-0.8219999999999998,0.055865921787709494,730.1,4.22,0.0
4080,0,179,-0.8219999999999998,0.055865921787709494,730.2,4.22,0.0
4081,1,313,0.3119999999999896,0.054313099041533544,730.4,4.22,0.0
4082,3,583,2.58199999999996,0.05660377358490566,730.7,4.22,0.0
4083,0,185,-0.8159999999999998,0.05945945945945946,730.8,4.22,0.0
4084,2,446,1.444999999999975,0.05605381165919283,731.0,4.22,0.0
4085,0,179,-0.8219999999999998,0.055865921787709494,731.1,4.22,0.0
4086,0,179,-0.8219999999999998,0.055865921787709494,731.2,4.22,0.0
4087,5,853,4.852000000000034,0.05627198124267292,731.7,4.22,0.0
4088,0,189,-0.8119999999999998,0.0582010582010582,731.8,4.22,0.0
4089,0,179,-0.8219999999999998,0.055865921787709494,731.9,4.22,0.0
4090,3,579,2.5779999999999603,0.055267702936096716,732.2,4.22,0.0
4091,1,321,0.31999999999998874,0.056074766355140186,732.3,4.22,0.0
4092,5,846,4.845000000000032,0.05555555555555555,732.8,4.22,0.0
4093,0,187,-0.8139999999999998,0.058823529411764705,732.9,4.22,0.0
4094,4,713,3.711999999999988,0.056100981767180924,733.3,4.22,0.0
4095,0,191,-0.8099999999999998,0.05759162303664921,733.4,4.22,0.0
4096,5,751,4.75,0.0559254327563249,733.8,4.22,0.0
4097,0,179,-0.8219999999999998,0.055865921787709494,733.9,4.22,0.0
4098,1,313,0.3119999999999896,0.054313099041533544,734.1,4.22,0.0
4099,0,187,-0.8139999999999998,0.058823529411764705,734.2,4.22,0.0
4100,3,579,2.5779999999999603,0.055267702936096716,734.5,4.22,0.0
4101,2,446,1.444999999999975,0.05605381165919283,734.7,4.22,0.0
4102,0,186,-0.8149999999999998,0.05913978494623656,734.8,4.22,0.0
4103,1,320,0.31899999999998885,0.05625,735.0,4.22,0.0
4104,2,465,1.4639999999999729,0.05591397849462366,735.2,4.22,0.0
4105,5,859,4.858000000000036,0.05587892898719441,735.7,4.22,0.0
4106,1,313,0.3119999999999896,0.054313099041533544,735.9,4.22,0.0
4107,4,713,3.711999999999988,0.0546984572230014,736.3,4.22,0.0
4108,0,193,-0.8079999999999998,0.05699481865284974,736.4,4.22,0.0
4109,0,215,-0.7859999999999998,0.05581395348837209,736.5,4.22,0.0
4110,3,588,2.5869999999999593,0.05612244897959184,736.8,4.22,0.0
4111,2,446,1.444999999999975,0.05605381165919283,737.0,4.22,0.0
4112,0,179,-0.8219999999999998,0.055865921787709494,737.1,4.22,0.0
4113,1,336,0.3349999999999871,0.05654761904761905,737.3,4.22,0.0
4114,2,446,1.444999999999975,0.053811659192825115,737.5,4.22,0.0
4115,0,189,-0.8119999999999998,0.0582010582010582,737.7,4.22,0.0
4116,1,313,0.3119999999999896,0.054313099041533544,737.8,4.22,0.0
4117,2,446,1.444999999999975,0.053811659192825115,738.1,4.22,0.0
4118,0,179,-0.8219999999999998,0.055865921787709494,738.2,4.23,0.0
4119,1,313,0.3119999999999896,0.054313099041533544,738.3,4.23,0.0
4120,3,579,2.5779999999999603,0.055267702936096716,738.6,4.23,0.0
4121,3,609,2.607999999999957,0.05582922824302135,738.9,4.22,0.0
4122,3,587,2.5859999999999594,0.056218057921635436,739.3,4.22,0.0
4123,2,446,1.444999999999975,0.05605381165919283,739.5,4.22,0.0
4124,0,179,-0.8219999999999998,0.055865921787709494,739.6,4.23,0.0
4125,2,446,1.444999999999975,0.05605381165919283,739.9,4.23,0.0
4126,3,584,2.5829999999999598,0.05650684931506849,740.2,4.22,0.0
4127,1,313,0.3119999999999896,0.054313099041533544,740.3,4.23,0.0
4128,2,460,1.4589999999999734,0.05652173913043478,740.6,4.23,0.0
4129,3,579,2.5779999999999603,0.055267702936096716,740.9,4.22,0.0
4130,2,446,1.444999999999975,0.05605381165919283,741.1,4.22,0.0
4131,0,181,-0.8199999999999998,0.06077348066298342,741.2,4.23,0.0
4132,2,463,1.461999999999973,0.056155507559395246,741.5,4.23,0.0
4133,5,846,4.845000000000032,0.05555555555555555,741.9,4.22,0.0
4134,0,179,-0.8219999999999998,0.055865921787709494,742.0,4.22,0.0
4135,3,579,2.5779999999999603,0.05699481865284974,742.3,4.22,0.0
4136,2,462,1.4609999999999732,0.05627705627705628,742.6,4.22,0.0
4137,0,179,-0.8219999999999998,0.055865921787709494,742.7,4.23,0.0
4138,2,462,1.4609999999999732,0.05627705627705628,742.9,4.23,0.0
4139,3,601,2.599999999999958,0.056572379367720464,743.2,4.22,0.0
4140,2,453,1.4519999999999742,0.05739514348785872,743.5,4.22,0.0
4141,0,189,-0.8119999999999998,0.0582010582010582,743.6,4.23,0.0
4142,1,323,0.3219999999999885,0.05572755417956656,743.8,4.23,0.0
4143,0,179,-0.8219999999999998,0.055865921787709494,743.9,4.23,0.0
4144,4,713,3.711999999999988,0.0546984572230014,744.2,4.23,0.0
4145,0,179,-0.8219999999999998,0.055865921787709494,744.3,4.23,0.0
4146,0,187,-0.8139999999999998,0.058823529411764705,744.4,4.23,0.0
4147,5,858,4.857000000000036,0.055944055944055944,744.9,4.23,0.0
4148,1,313,0.3119999999999896,0.054313099041533544,745.1,4.23,0.0
4149,0,179,-0.8219999999999998,0.055865921787709494,745.2,4.23,0.0
4150,1,313,0.3119999999999896,0.05750798722044728,745.3,4.23,0.0
4151,0,186,-0.8149999999999998,0.05913978494623656,745.4,4.23,0.0
4152,2,446,1.444999999999975,0.05605381165919283,745.7,4.23,0.0
4153,1,313,0.3119999999999896,0.05750798722044728,745.8,4.23,0.0
4154,2,446,1.444999999999975,0.05605381165919283,746.1,4.23,0.0
4155,1,317,0.3159999999999892,0.056782334384858045,746.2,4.23,0.0
4156,0,179,-0.8219999999999998,0.055865921787709494,746.3,4.23,0.0
4157,0,193,-0.8079999999999998,0.05699481865284974,746.4,4.23,0.0
4158,1,313,0.3119999999999896,0.054313099041533544,746.6,4.23,0.0
4159,0,196,-0.8049999999999998,0.05612244897959184,746.7,4.23,0.0
4160,1,313,0.3119999999999896,0.054313099041533544,746.9,4.23,0.0
4161,0,189,-0.8119999999999998,0.0582010582010582,747.0,4.23,0.0
4162,0,179,-0.8219999999999998,0.055865921787709494,747.1,4.23,0.0
4163,1,313,0.3119999999999896,0.05750798722044728,747.2,4.23,0.0
4164,3,586,2.5849999999999596,0.05631399317406143,747.6,4.23,0.0
4165,5,846,4.845000000000032,0.05555555555555555,748.0,4.23,0.0
4166,0,179,-0.8219999999999998,0.055865921787709494,748.1,4.23,0.0
4167,3,579,2.5779999999999603,0.055267702936096716,748.4,4.23,0.0
4168,2,446,1.444999999999975,0.05605381165919283,748.6,4.23,0.0
4169,3,586,2.5849999999999596,0.05631399317406143,749.0,4.23,0.0
4170,2,446,1.444999999999975,0.05605381165919283,749.2,4.23,0.0
4171,5,846,4.845000000000032,0.05555555555555555,749.7,4.23,0.0
4172,0,179,-0.8219999999999998,0.055865921787709494,749.8,4.23,0.0
4173,0,179,-0.8219999999999998,0.055865921787709494,749.9,4.23,0.0
4174,0,182,-0.8189999999999998,0.06043956043956044,750.0,4.23,0.0
4175,3,579,2.5779999999999603,0.055267702936096716,750.3,4.23,0.0
4176,2,446,1.444999999999975,0.05605381165919283,750.5,4.23,0.0
4177,0,179,-0.8219999999999998,0.055865921787709494,750.6,4.23,0.0
4178,5,846,4.845000000000032,0.05555555555555555,751.1,4.23,0.0
4179,1,313,0.3119999999999896,0.054313099041533544,751.2,4.23,0.0
4180,6,985,5.984000000000077,0.05583756345177665,751.8,4.23,0.0
4181,3,591,2.589999999999959,0.05583756345177665,752.1,4.23,0.0
4182,3,579,2.5779999999999603,0.055267702936096716,752.4,4.23,0.0
4183,0,179,-0.8219999999999998,0.055865921787709494,752.5,4.23,0.0
4184,3,589,2.587999999999959,0.05602716468590832,752.8,4.23,0.0
4185,0,207,-0.7939999999999998,0.057971014492753624,752.9,4.23,0.0
4186,0,179,-0.8219999999999998,0.055865921787709494,753.0,4.23,0.0
4187,1,313,0.3119999999999896,0.054313099041533544,753.2,4.23,0.0
4188,0,195,-0.8059999999999998,0.05641025641025641,753.3,4.23,0.0
4189,6,979,5.978000000000075,0.05515832482124617,753.8,4.23,0.0
4190,0,179,-0.8219999999999998,0.055865921787709494,753.9,4.23,0.0
4191,2,446,1.444999999999975,0.05605381165919283,754.1,4.23,0.0
4192,0,179,-0.8219999999999998,0.055865921787709494,754.2,4.23,0.0
4193,1,317,0.3159999999999892,0.056782334384858045,754.4,4.23,0.0
4194,0,185,-0.8159999999999998,0.05945945945945946,754.5,4.23,0.0
4195,2,446,1.444999999999975,0.05605381165919283,754.7,4.23,0.0
4196,1,339,0.33799999999998676,0.05604719764011799,754.9,4.23,0.0
4197,5,848,4.847000000000032,0.05660377358490566,755.4,4.23,0.0
4198,2,446,1.444999999999975,0.05605381165919283,755.6,4.23,0.0
4199,1,313,0.3119999999999896,0.054313099041533544,755.8,4.23,0.0
4200,2,446,1.444999999999975,0.05605381165919283,756.0,4.23,0.0
4201,2,446,1.444999999999975,0.05605381165919283,756.3,4.23,0.0
4202,0,179,-0.8219999999999998,0.055865921787709494,756.4,4.23,0.0
4203,2,446,1.444999999999975,0.053811659192825115,756.6,4.23,0.0
4204,0,179,-0.8219999999999998,0.05027932960893855,756.7,4.24,0.0
4205,1,333,0.3319999999999874,0.057057057057057055,756.9,4.24,0.0
4206,1,313,0.3119999999999896,0.054313099041533544,757.1,4.24,0.0
4207,3,591,2.589999999999959,0.05583756345177665,757.4,4.24,0.0
4208,12,1779,12.777999999999667,0.05564924114671164,758.3,4.23,0.0
4209,1,314,0.3129999999999895,0.05732484076433121,758.5,4.23,0.0
4210,9,1397,9.395999999999878,0.05583392984967788,759.2,4.23,0.0
4211,2,446,1.444999999999975,0.05605381165919283,759.5,4.23,0.0
4212,1,313,0.3119999999999896,0.05750798722044728,759.6,4.23,0.0
4213,3,579,2.5779999999999603,0.055267702936096716,760.0,4.23,0.0
4214,9,1379,9.377999999999888,0.05583756345177665,760.7,4.23,0.0
4215,2,446,1.444999999999975,0.05605381165919283,760.9,4.23,0.0
4216,0,179,-0.8219999999999998,0.055865921787709494,761.0,4.23,0.0
4217,1,336,0.3349999999999871,0.05654761904761905,761.2,4.23,0.0
4218,1,313,0.3119999999999896,0.054313099041533544,761.4,4.23,0.0
4219,2,446,1.444999999999975,0.053811659192825115,761.6,4.23,0.0
4220,7,1113,7.112000000000036,0.055705300988319856,762.2,4.23,0.0
4221,2,446,1.444999999999975,0.05605381165919283,762.4,4.23,0.0
4222,0,179,-0.8219999999999998,0.055865921787709494,762.5,4.23,0.0
4223,1,313,0.3119999999999896,0.054313099041533544,762.7,4.23,0.0
4224,0,179,-0.8219999999999998,0.055865921787709494,762.8,4.23,0.0
4225,4,713,3.711999999999988,0.056100981767180924,763.2,4.23,0.0
4226,1,313,0.3119999999999896,0.05750798722044728,763.4,4.23,0.0
4227,4,713,3.711999999999988,0.056100981767180924,763.7,4.23,0.0
4228,2,475,1.4739999999999718,0.056842105263157895,764.0,4.23,0.0
4229,1,313,0.3119999999999896,0.054313099041533544,764.2,4.23,0.0
4230,0,193,-0.8079999999999998,0.05699481865284974,764.3,4.23,0.0
4231,6,979,5.978000000000075,0.05515832482124617,764.8,4.23,0.0
4232,1,313,0.3119999999999896,0.05750798722044728,765.0,4.23,0.0
4233,2,457,1.4559999999999738,0.05689277899343545,765.2,4.23,0.0
4234,3,579,2.5779999999999603,0.055267702936096716,765.5,4.23,0.0
4235,6,979,5.978000000000075,0.05515832482124617,766.1,4.22,0.0
4236,1,313,0.3119999999999896,0.054313099041533544,766.2,4.22,0.0
4237,0,179,-0.8219999999999998,0.055865921787709494,766.3,4.23,0.0
4238,0,179,-0.8219999999999998,0.055865921787709494,766.4,4.23,0.0
4239,0,186,-0.8149999999999998,0.05913978494623656,766.5,4.23,0.0
4240,0,179,-0.8219999999999998,0.055865921787709494,766.6,4.23,0.0
4241,1,313,0.3119999999999896,0.05750798722044728,766.8,4.23,0.0
4242,1,313,0.3119999999999896,0.054313099041533544,767.0,4.23,0.0
4243,1,313,0.3119999999999896,0.054313099041533544,767.1,4.23,0.0
4244,0,206,-0.7949999999999998,0.05825242718446602,767.2,4.23,0.0
4245,4,728,3.726999999999993,0.05631868131868132,767.6,4.23,0.0
4246,1,316,0.3149999999999893,0.056962025316455694,767.8,4.23,0.0
4247,3,585,2.5839999999999597,0.05641025641025641,768.1,4.23,0.0
4248,0,181,-0.8199999999999998,0.06077348066298342,768.2,4.23,0.0
4249,7,1113,7.112000000000036,0.055705300988319856,768.8,4.23,0.0
4250,1,313,0.3119999999999896,0.054313099041533544,769.0,4.23,0.0
4251,0,183,-0.8179999999999998,0.060109289617486336,769.1,4.23,0.0
4252,0,179,-0.8219999999999998,0.055865921787709494,769.2,4.23,0.0
4253,1,313,0.3119999999999896,0.054313099041533544,769.3,4.23,0.0
4254,1,313,0.3119999999999896,0.05750798722044728,769.5,4.23,0.0
4255,0,179,-0.8219999999999998,0.055865921787709494,769.6,4.23,0.0
4256,4,713,3.711999999999988,0.056100981767180924,770.0,4.23,0.0
4257,2,446,1.444999999999975,0.05605381165919283,770.2,4.23,0.0
4258,1,313,0.3119999999999896,0.05750798722044728,770.4,4.23,0.0
4259,3,579,2.5779999999999603,0.055267702936096716,770.7,4.23,0.0
4260,0,179,-0.8219999999999998,0.055865921787709494,770.8,4.23,0.0
4261,0,179,-0.8219999999999998,0.055865921787709494,770.9,4.23,0.0
4262,1,320,0.31899999999998885,0.05625,771.1,4.23,0.0
4263,4,713,3.711999999999988,0.056100981767180924,771.5,4.23,0.0
4264,0,179,-0.8219999999999998,0.055865921787709494,771.5,4.23,0.0
4265,0,179,-0.8219999999999998,0.055865921787709494,771.7,4.23,0.0
4266,0,179,-0.8219999999999998,0.055865921787709494,771.8,4.23,0.0
4267,3,579,2.5779999999999603,0.055267702936096716,772.1,4.23,0.0
4268,0,192,-0.8089999999999998,0.057291666666666664,772.2,4.23,0.0
4269,3,609,2.607999999999957,0.05582922824302135,772.5,4.23,0.0
4270,2,446,1.444999999999975,0.05605381165919283,772.7,4.23,0.0
4271,1,313,0.3119999999999896,0.054313099041533544,772.9,4.23,0.0
4272,3,580,2.57899999999996,0.056896551724137934,773.3,4.23,0.0
4273,6,979,5.978000000000075,0.05515832482124617,773.8,4.23,0.0
4274,0,179,-0.8219999999999998,0.05027932960893855,773.9,4.23,0.0
4275,0,187,-0.8139999999999998,0.058823529411764705,774.0,4.23,0.0
4276,2,446,1.444999999999975,0.05605381165919283,774.2,4.23,0.0
4277,3,579,2.5779999999999603,0.055267702936096716,774.5,4.23,0.0
4278,2,447,1.4459999999999749,0.05592841163310962,774.8,4.23,0.0
4279,4,713,3.711999999999988,0.056100981767180924,775.2,4.23,0.0
4280,1,313,0.3119999999999896,0.054313099041533544,775.3,4.23,0.0
4281,0,183,-0.8179999999999998,0.060109289617486336,775.4,4.23,0.0
4282,0,179,-0.8219999999999998,0.055865921787709494,775.5,4.23,0.0
4283,3,579,2.5779999999999603,0.055267702936096716,775.8,4.23,0.0
4284,0,179,-0.8219999999999998,0.055865921787709494,775.9,4.23,0.0
4285,2,458,1.4569999999999736,0.056768558951965066,776.2,4.23,0.0
4286,2,446,1.444999999999975,0.05605381165919283,776.4,4.23,0.0
4287,1,313,0.3119999999999896,0.05750798722044728,776.6,4.23,0.0
4288,3,579,2.5779999999999603,0.055267702936096716,776.9,4.23,0.0
4289,1,313,0.3119999999999896,0.054313099041533544,777.0,4.23,0.0
4290,1,313,0.3119999999999896,0.05750798722044728,777.2,4.23,0.0
4291,2,446,1.444999999999975,0.053811659192825115,777.5,4.23,0.0
4292,5,846,4.845000000000032,0.05555555555555555,777.9,4.23,0.0
4293,0,196,-0.8049999999999998,0.05612244897959184,778.0,4.23,0.0
4294,3,586,2.5849999999999596,0.05631399317406143,778.3,4.23,0.0
4295,4,713,3.711999999999988,0.056100981767180924,778.7,4.23,0.0
4296,0,204,-0.7969999999999998,0.058823529411764705,778.8,4.23,0.0
4297,0,184,-0.8169999999999998,0.059782608695652176,778.9,4.23,0.0
4298,2,459,1.4579999999999735,0.05664488017429194,779.2,4.23,0.0
4299,3,579,2.5779999999999603,0.055267702936096716,779.5,4.23,0.0
4300,0,179,-0.8219999999999998,0.055865921787709494,779.6,4.23,0.0
4301,1,313,0.3119999999999896,0.054313099041533544,779.8,4.23,0.0
4302,0,179,-0.8219999999999998,0.055865921787709494,779.8,4.24,0.0
4303,0,179,-0.8219999999999998,0.055865921787709494,779.9,4.24,0.0
4304,0,179,-0.8219999999999998,0.061452513966480445,780.0,4.24,0.0
4305,3,579,2.5779999999999603,0.055267702936096716,780.4,4.24,0.0
4306,4,728,3.726999999999993,0.05631868131868132,780.8,4.24,0.0
4307,0,179,-0.8219999999999998,0.055865921787709494,780.9,4.24,0.0
4308,2,446,1.444999999999975,0.05605381165919283,781.1,4.24,0.0
4309,4,713,3.711999999999988,0.056100981767180924,781.5,4.24,0.0
4310,0,179,-0.8219999999999998,0.055865921787709494,781.6,4.24,0.0
4311,2,463,1.461999999999973,0.056155507559395246,781.8,4.24,0.0
4312,0,186,-0.8149999999999998,0.05913978494623656,781.9,4.24,0.0
4313,2,446,1.444999999999975,0.05605381165919283,782.2,4.24,0.0
4314,1,313,0.3119999999999896,0.05750798722044728,782.3,4.24,0.0
4315,3,603,2.6019999999999577,0.05638474295190713,782.7,4.24,0.0
4316,1,313,0.3119999999999896,0.054313099041533544,782.8,4.24,0.0
4317,2,446,1.444999999999975,0.05605381165919283,783.1,4.24,0.0
4318,1,322,0.32099999999998863,0.055900621118012424,783.2,4.24,0.0
4319,1,313,0.3119999999999896,0.05750798722044728,783.4,4.24,0.0
4320,1,317,0.3159999999999892,0.056782334384858045,783.6,4.24,0.0
4321,1,313,0.3119999999999896,0.05750798722044728,783.8,4.24,0.0
4322,3,579,2.5779999999999603,0.055267702936096716,784.1,4.24,0.0
4323,2,446,1.444999999999975,0.05605381165919283,784.3,4.24,0.0
4324,3,579,2.5779999999999603,0.055267702936096716,784.6,4.24,0.0
4325,1,313,0.3119999999999896,0.054313099041533544,784.8,4.24,0.0
4326,0,179,-0.8219999999999998,0.055865921787709494,784.9,4.24,0.0
4327,6,979,5.978000000000075,0.05515832482124617,785.4,4.24,0.0
4328,2,447,1.4459999999999749,0.05592841163310962,785.6,4.24,0.0
4329,1,313,0.3119999999999896,0.054313099041533544,785.8,4.24,0.0
4330,3,579,2.5779999999999603,0.055267702936096716,786.1,4.24,0.0
4331,2,446,1.444999999999975,0.053811659192825115,786.4,4.24,0.0
4332,0,190,-0.8109999999999998,0.05789473684210526,786.5,4.24,0.0
4333,1,313,0.3119999999999896,0.054313099041533544,786.6,4.24,0.0
4334,2,461,1.4599999999999733,0.05639913232104121,786.9,4.24,0.0
4335,3,579,2.5779999999999603,0.05699481865284974,787.2,4.24,0.0
4336,1,313,0.3119999999999896,0.05750798722044728,787.4,4.24,0.0
4337,0,187,-0.8139999999999998,0.058823529411764705,787.5,4.24,0.0
4338,0,209,-0.7919999999999998,0.05741626794258373,787.6,4.24,0.0
4339,0,179,-0.8219999999999998,0.055865921787709494,787.7,4.24,0.0
4340,0,179,-0.8219999999999998,0.055865921787709494,787.8,4.24,0.0
4341,1,335,0.3339999999999872,0.056716417910447764,788.0,4.24,0.0
4342,3,579,2.5779999999999603,0.055267702936096716,788.3,4.24,0.0
4343,1,331,0.32999999999998764,0.05740181268882175,788.4,4.24,0.0
4344,3,579,2.5779999999999603,0.055267702936096716,788.8,4.24,0.0
4345,0,184,-0.8169999999999998,0.059782608695652176,788.8,4.24,0.0
4346,0,179,-0.8219999999999998,0.055865921787709494,788.9,4.24,0.0
4347,0,179,-0.8219999999999998,0.055865921787709494,789.1,4.24,0.0
4348,0,179,-0.8219999999999998,0.055865921787709494,789.2,4.24,0.0
4349,0,179,-0.8219999999999998,0.055865921787709494,789.2,4.24,0.0
4350,6,979,5.978000000000075,0.05515832482124617,789.8,4.24,0.0
4351,0,179,-0.8219999999999998,0.055865921787709494,789.9,4.24,0.0
4352,2,446,1.444999999999975,0.053811659192825115,790.1,4.24,0.0
4353,2,446,1.444999999999975,0.053811659192825115,790.4,4.24,0.0
4354,1,313,0.3119999999999896,0.05750798722044728,790.5,4.24,0.0
4355,0,206,-0.7949999999999998,0.05825242718446602,790.6,4.24,0.0
4356,3,579,2.5779999999999603,0.055267702936096716,790.9,4.24,0.0
4357,5,846,4.845000000000032,0.05555555555555555,791.4,4.24,0.0
4358,1,313,0.3119999999999896,0.054313099041533544,791.6,4.24,0.0
4359,5,846,4.845000000000032,0.05555555555555555,792.0,4.24,0.0
4360,0,195,-0.8059999999999998,0.05641025641025641,792.1,4.24,0.0
4361,2,446,1.444999999999975,0.05605381165919283,792.4,4.24,0.0
4362,1,315,0.3139999999999894,0.05714285714285714,792.6,4.24,0.0
4363,0,179,-0.8219999999999998,0.05027932960893855,792.7,4.24,0.0
4364,2,446,1.444999999999975,0.05605381165919283,792.9,4.24,0.0
4365,0,195,-0.8059999999999998,0.05641025641025641,793.0,4.24,0.0
4366,3,579,2.5779999999999603,0.055267702936096716,793.3,4.24,0.0
4367,2,446,1.444999999999975,0.05605381165919283,793.6,4.24,0.0
4368,2,458,1.4569999999999736,0.056768558951965066,793.8,4.24,0.0
4369,0,179,-0.8219999999999998,0.055865921787709494,793.9,4.24,0.0
4370,0,188,-0.8129999999999998,0.05851063829787234,794.0,4.25,0.0
4371,2,446,1.444999999999975,0.05605381165919283,794.2,4.25,0.0
4372,2,459,1.4579999999999735,0.05664488017429194,794.5,4.25,0.0
4373,0,179,-0.8219999999999998,0.055865921787709494,794.6,4.25,0.0
4374,1,339,0.33799999999998676,0.05604719764011799,794.8,4.25,0.0
4375,1,316,0.3149999999999893,0.056962025316455694,794.9,4.25,0.0
4376,0,179,-0.8219999999999998,0.055865921787709494,795.0,4.25,0.0
4377,2,446,1.444999999999975,0.05605381165919283,795.3,4.25,0.0
4378,1,336,0.3349999999999871,0.05654761904761905,795.5,4.25,0.0
4379,0,179,-0.8219999999999998,0.055865921787709494,795.6,4.25,0.0
4380,0,179,-0.8219999999999998,0.055865921787709494,795.7,4.25,0.0
4381,4,718,3.71699999999999,0.055710306406685235,796.0,4.25,0.0
4382,0,183,-0.8179999999999998,0.060109289617486336,796.1,4.25,0.0
4383,2,446,1.444999999999975,0.05605381165919283,796.4,4.25,0.0
4384,1,313,0.3119999999999896,0.05750798722044728,796.5,4.25,0.0
4385,0,189,-0.8119999999999998,0.0582010582010582,796.6,4.25,0.0
4386,5,874,4.873000000000041,0.05606407322654462,797.1,4.25,0.0
4387,1,313,0.3119999999999896,0.054313099041533544,797.3,4.25,0.0
4388,0,187,-0.8139999999999998,0.058823529411764705,797.4,4.25,0.0
4389,3,584,2.5829999999999598,0.05650684931506849,797.7,4.25,0.0
4390,1,313,0.3119999999999896,0.05750798722044728,797.9,4.25,0.0
4391,2,459,1.4579999999999735,0.05664488017429194,798.1,4.25,0.0
4392,0,185,-0.8159999999999998,0.05945945945945946,798.2,4.25,0.0
4393,1,313,0.3119999999999896,0.054313099041533544,798.4,4.25,0.0
4394,3,592,2.590999999999959,0.05574324324324324,798.7,4.25,0.0
4395,0,185,-0.8159999999999998,0.05945945945945946,798.8,4.25,0.0
4396,2,446,1.444999999999975,0.05605381165919283,799.0,4.25,0.0
4397,0,189,-0.8119999999999998,0.0582010582010582,799.1,4.25,0.0
4398,0,179,-0.8219999999999998,0.055865921787709494,799.2,4.25,0.0
4399,4,731,3.729999999999994,0.0560875512995896,799.6,4.25,0.0
4400,4,729,3.7279999999999935,0.056241426611796985,800.0,4.25,0.0
4401,1,339,0.33799999999998676,0.05604719764011799,800.2,4.25,0.0
4402,1,315,0.3139999999999894,0.05714285714285714,800.4,4.25,0.0
4403,7,1114,7.113000000000035,0.05565529622980251,801.0,4.25,0.0
4404,6,979,5.978000000000075,0.056179775280898875,801.5,4.25,0.0
4405,1,313,0.3119999999999896,0.05750798722044728,801.7,4.25,0.0
4406,0,179,-0.8219999999999998,0.055865921787709494,801.7,4.25,0.0
4407,3,579,2.5779999999999603,0.055267702936096716,802.1,4.25,0.0
4408,1,313,0.3119999999999896,0.05750798722044728,802.2,4.25,0.0
4409,4,713,3.711999999999988,0.056100981767180924,802.6,4.25,0.0
4410,0,179,-0.8219999999999998,0.055865921787709494,802.7,4.25,0.0
4411,2,446,1.444999999999975,0.05605381165919283,802.9,4.25,0.0
4412,5,846,4.845000000000032,0.05555555555555555,803.4,4.25,0.0
4413,2,446,1.444999999999975,0.05605381165919283,803.6,4.25,0.0
4414,3,579,2.5779999999999603,0.055267702936096716,803.9,4.25,0.0
4415,3,579,2.5779999999999603,0.055267702936096716,804.2,4.25,0.0
4416,0,181,-0.8199999999999998,0.06077348066298342,804.3,4.25,0.0
4417,0,179,-0.8219999999999998,0.055865921787709494,804.4,4.25,0.0
4418,0,179,-0.8219999999999998,0.055865921787709494,804.5,4.25,0.0
4419,3,579,2.5779999999999603,0.055267702936096716,804.8,4.25,0.0
4420,1,313,0.3119999999999896,0.054313099041533544,805.0,4.25,0.0
4421,1,313,0.3119999999999896,0.054313099041533544,805.2,4.25,0.0
4422,0,190,-0.8109999999999998,0.05789473684210526,805.3,4.25,0.0
4423,0,179,-0.8219999999999998,0.055865921787709494,805.4,4.25,0.0
4424,0,179,-0.8219999999999998,0.055865921787709494,805.5,4.25,0.0
4425,1,313,0.3119999999999896,0.05750798722044728,805.6,4.25,0.0
4426,5,846,4.845000000000032,0.05555555555555555,806.1,4.25,0.0
4427,5,853,4.852000000000034,0.05627198124267292,806.5,4.25,0.0
4428,1,313,0.3119999999999896,0.05750798722044728,806.7,4.25,0.0
4429,7,1128,7.127000000000027,0.05585106382978723,807.3,4.25,0.0
4430,0,196,-0.8049999999999998,0.05612244897959184,807.4,4.25,0.0
4431,1,338,0.33699999999998687,0.05621301775147929,807.6,4.25,0.0
4432,6,979,5.978000000000075,0.056179775280898875,808.1,4.25,0.0
4433,0,215,-0.7859999999999998,0.05581395348837209,808.2,4.25,0.0
4434,0,195,-0.8059999999999998,0.05641025641025641,808.3,4.25,0.0
4435,0,179,-0.8219999999999998,0.055865921787709494,808.4,4.25,0.0
4436,2,454,1.452999999999974,0.05726872246696035,808.7,4.25,0.0
4437,3,579,2.5779999999999603,0.055267702936096716,809.0,4.25,0.0
4438,2,451,1.4499999999999744,0.057649667405764965,809.2,4.25,0.0
4439,2,446,1.444999999999975,0.05605381165919283,809.4,4.25,0.0
4440,4,713,3.711999999999988,0.056100981767180924,809.8,4.25,0.0
4441,0,179,-0.8219999999999998,0.05027932960893855,809.9,4.25,0.0
4442,1,313,0.3119999999999896,0.054313099041533544,810.1,4.25,0.0
4443,4,713,3.711999999999988,0.056100981767180924,810.5,4.25,0.0
4444,5,847,4.846000000000032,0.05667060212514758,811.0,4.25,0.0
4445,3,579,2.5779999999999603,0.055267702936096716,811.3,4.25,0.0
4446,3,585,2.5839999999999597,0.05641025641025641,811.6,4.25,0.0
4447,5,853,4.852000000000034,0.05627198124267292,812.1,4.25,0.0
4448,0,179,-0.8219999999999998,0.055865921787709494,812.2,4.25,0.0
4449,0,214,-0.7869999999999998,0.056074766355140186,812.3,4.25,0.0
4450,2,446,1.444999999999975,0.053811659192825115,812.5,4.25,0.0
4451,5,846,4.845000000000032,0.05555555555555555,813.0,4.25,0.0
4452,2,446,1.444999999999975,0.05605381165919283,813.2,4.25,0.0
4453,6,985,5.984000000000077,0.05583756345177665,813.7,4.24,0.0
4454,1,313,0.3119999999999896,0.05750798722044728,813.9,4.25,0.0
4455,4,713,3.711999999999988,0.056100981767180924,814.3,4.24,0.0
4456,2,447,1.4459999999999749,0.05592841163310962,814.5,4.24,0.0
4457,3,579,2.5779999999999603,0.055267702936096716,814.8,4.24,0.0
4458,3,586,2.5849999999999596,0.05631399317406143,815.1,4.24,0.0
4459,4,736,3.734999999999996,0.05570652173913043,815.5,4.24,0.0
4460,0,179,-0.8219999999999998,0.055865921787709494,815.6,4.24,0.0
4461,0,179,-0.8219999999999998,0.055865921787709494,815.7,4.24,0.0
4462,1,318,0.31699999999998907,0.05660377358490566,815.9,4.24,0.0
4463,0,179,-0.8219999999999998,0.05027932960893855,816.0,4.25,0.0
4464,0,179,-0.8219999999999998,0.055865921787709494,816.1,4.25,0.0
4465,0,179,-0.8219999999999998,0.055865921787709494,816.2,4.25,0.0
4466,4,713,3.711999999999988,0.0546984572230014,816.6,4.25,0.0
4467,0,179,-0.8219999999999998,0.055865921787709494,816.7,4.25,0.0
4468,0,179,-0.8219999999999998,0.055865921787709494,816.8,4.25,0.0
4469,0,191,-0.8099999999999998,0.05759162303664921,816.9,4.25,0.0
4470,4,713,3.711999999999988,0.056100981767180924,817.2,4.25,0.0
4471,0,179,-0.8219999999999998,0.055865921787709494,817.3,4.25,0.0
4472,3,579,2.5779999999999603,0.055267702936096716,817.6,4.25,0.0
4473,1,313,0.3119999999999896,0.054313099041533544,817.8,4.25,0.0
4474,0,179,-0.8219999999999998,0.055865921787709494,817.9,4.25,0.0
4475,4,729,3.7279999999999935,0.056241426611796985,818.3,4.25,0.0
4476,2,465,1.4639999999999729,0.05591397849462366,818.5,4.25,0.0
4477,3,590,2.588999999999959,0.05593220338983051,818.9,4.25,0.0
4478,1,313,0.3119999999999896,0.054313099041533544,819.0,4.25,0.0
4479,0,182,-0.8189999999999998,0.06043956043956044,819.1,4.25,0.0
4480,4,715,3.713999999999989,0.055944055944055944,819.5,4.25,0.0
4481,3,579,2.5779999999999603,0.055267702936096716,819.8,4.25,0.0
4482,1,339,0.33799999999998676,0.05604719764011799,820.0,4.25,0.0
4483,0,179,-0.8219999999999998,0.055865921787709494,820.1,4.25,0.0
4484,0,179,-0.8219999999999998,0.055865921787709494,820.2,4.25,0.0
4485,5,851,4.850000000000033,0.0564042303172738,820.7,4.25,0.0
4486,0,187,-0.8139999999999998,0.058823529411764705,820.8,4.25,0.0
4487,4,713,3.711999999999988,0.056100981767180924,821.1,4.25,0.0
4488,1,317,0.3159999999999892,0.056782334384858045,821.3,4.25,0.0
4489,0,179,-0.8219999999999998,0.055865921787709494,821.4,4.25,0.0
4490,0,182,-0.8189999999999998,0.06043956043956044,821.5,4.25,0.0
4491,5,846,4.845000000000032,0.05555555555555555,821.9,4.25,0.0
4492,1,313,0.3119999999999896,0.054313099041533544,822.1,4.25,0.0
4493,1,313,0.3119999999999896,0.054313099041533544,822.3,4.25,0.0
4494,3,583,2.58199999999996,0.05660377358490566,822.6,4.25,0.0
4495,3,584,2.5829999999999598,0.05650684931506849,822.9,4.25,0.0
4496,2,461,1.4599999999999733,0.05639913232104121,823.2,4.25,0.0
4497,4,713,3.711999999999988,0.056100981767180924,823.5,4.25,0.0
4498,9,1397,9.395999999999878,0.05583392984967788,824.3,4.24,0.0
4499,0,193,-0.8079999999999998,0.05699481865284974,824.4,4.25,0.0
4500,2,446,1.444999999999975,0.05605381165919283,824.6,4.25,0.0
4501,0,187,-0.8139999999999998,0.058823529411764705,827.9,4.23,0.0
4502,0,197,-0.8039999999999998,0.05583756345177665,828.0,4.23,0.0
4503,0,179,-0.8219999999999998,0.055865921787709494,828.1,4.23,0.0
4504,2,455,1.453999999999974,0.05714285714285714,828.3,4.23,0.0
4505,1,313,0.3119999999999896,0.05750798722044728,828.5,4.23,0.0
4506,0,208,-0.7929999999999998,0.057692307692307696,828.6,4.23,0.0
4507,4,713,3.711999999999988,0.0546984572230014,829.0,4.23,0.0
4508,2,446,1.444999999999975,0.05605381165919283,829.2,4.23,0.0
4509,3,586,2.5849999999999596,0.05631399317406143,829.5,4.23,0.0
4510,3,588,2.5869999999999593,0.05612244897959184,829.8,4.23,0.0
4511,1,313,0.3119999999999896,0.054313099041533544,830.0,4.23,0.0
4512,0,179,-0.8219999999999998,0.055865921787709494,830.1,4.23,0.0
4513,2,448,1.4469999999999748,0.05580357142857143,830.3,4.23,0.0
4514,1,313,0.3119999999999896,0.05750798722044728,830.5,4.23,0.0
4515,3,579,2.5779999999999603,0.055267702936096716,830.8,4.23,0.0
4516,3,609,2.607999999999957,0.05582922824302135,831.1,4.23,0.0
4517,0,179,-0.8219999999999998,0.055865921787709494,831.2,4.23,0.0
4518,4,713,3.711999999999988,0.0546984572230014,831.6,4.23,0.0
4519,0,179,-0.8219999999999998,0.055865921787709494,831.7,4.23,0.0
4520,1,336,0.3349999999999871,0.05654761904761905,831.9,4.23,0.0
4521,5,846,4.845000000000032,0.05555555555555555,832.3,4.23,0.0
4522,1,313,0.3119999999999896,0.05750798722044728,832.5,4.23,0.0
4523,0,179,-0.8219999999999998,0.055865921787709494,832.6,4.23,0.0
4524,1,313,0.3119999999999896,0.05750798722044728,832.8,4.23,0.0
4525,2,461,1.4599999999999733,0.05639913232104121,833.0,4.23,0.0
4526,3,588,2.5869999999999593,0.05612244897959184,833.4,4.23,0.0
4527,1,313,0.3119999999999896,0.054313099041533544,833.5,4.23,0.0
4528,1,313,0.3119999999999896,0.054313099041533544,833.7,4.23,0.0
4529,5,855,4.854000000000035,0.056140350877192984,834.2,4.23,0.0
4530,2,446,1.444999999999975,0.053811659192825115,834.4,4.23,0.0
4531,0,192,-0.8089999999999998,0.057291666666666664,834.5,4.23,0.0
4532,1,315,0.3139999999999894,0.05714285714285714,834.7,4.23,0.0
4533,2,446,1.444999999999975,0.05605381165919283,834.9,4.23,0.0
4534,0,187,-0.8139999999999998,0.058823529411764705,835.0,4.23,0.0
4535,5,846,4.845000000000032,0.05555555555555555,835.5,4.23,0.0
4536,2,446,1.444999999999975,0.05605381165919283,835.7,4.23,0.0
4537,1,313,0.3119999999999896,0.054313099041533544,835.9,4.23,0.0
4538,5,846,4.845000000000032,0.05555555555555555,836.4,4.23,0.0
4539,0,179,-0.8219999999999998,0.05027932960893855,836.4,4.23,0.0
4540,3,580,2.57899999999996,0.056896551724137934,836.8,4.23,0.0
4541,0,179,-0.8219999999999998,0.055865921787709494,836.8,4.23,0.0
4542,3,579,2.5779999999999603,0.055267702936096716,837.2,4.23,0.0
4543,1,317,0.3159999999999892,0.056782334384858045,837.3,4.23,0.0
4544,0,185,-0.8159999999999998,0.05945945945945946,837.4,4.23,0.0
4545,5,846,4.845000000000032,0.05555555555555555,837.9,4.23,0.0
4546,2,446,1.444999999999975,0.05605381165919283,838.1,4.23,0.0
4547,1,313,0.3119999999999896,0.054313099041533544,838.3,4.23,0.0
4548,1,220,0.21899999999999986,0.05909090909090909,838.4,4.23,0.0
4549,0,185,-0.8159999999999998,0.05945945945945946,838.5,4.23,0.0
4550,0,179,-0.8219999999999998,0.055865921787709494,838.6,4.23,0.0
4551,0,179,-0.8219999999999998,0.05027932960893855,838.7,4.23,0.0
4552,3,579,2.5779999999999603,0.055267702936096716,839.0,4.23,0.0
4553,2,446,1.444999999999975,0.05605381165919283,839.3,4.23,0.0
4554,0,179,-0.8219999999999998,0.055865921787709494,839.4,4.24,0.0
4555,5,846,4.845000000000032,0.05555555555555555,839.8,4.23,0.0
4556,0,179,-0.8219999999999998,0.055865921787709494,839.9,4.23,0.0
4557,0,189,-0.8119999999999998,0.0582010582010582,840.0,4.24,0.0
4558,11,1646,11.64499999999974,0.05528554070473876,840.9,4.23,0.0
4559,2,446,1.444999999999975,0.05605381165919283,841.2,4.23,0.0
4560,0,179,-0.8219999999999998,0.055865921787709494,841.3,4.23,0.0
4561,0,193,-0.8079999999999998,0.05699481865284974,841.4,4.23,0.0
4562,4,713,3.711999999999988,0.056100981767180924,841.8,4.23,0.0
4563,3,579,2.5779999999999603,0.055267702936096716,842.1,4.23,0.0
4564,3,579,2.5779999999999603,0.055267702936096716,842.4,4.23,0.0
4565,0,183,-0.8179999999999998,0.060109289617486336,842.5,4.23,0.0
4566,2,446,1.444999999999975,0.05605381165919283,842.7,4.23,0.0
4567,8,1246,8.244999999999962,0.05537720706260032,843.4,4.23,0.0
4568,0,179,-0.8219999999999998,0.055865921787709494,843.5,4.23,0.0
4569,2,482,1.480999999999971,0.056016597510373446,843.7,4.23,0.0
4570,0,179,-0.8219999999999998,0.055865921787709494,843.8,4.23,0.0
4571,1,331,0.32999999999998764,0.05740181268882175,844.0,4.23,0.0
4572,7,1123,7.12200000000003,0.05609973285841496,844.6,4.23,0.0
4573,3,579,2.5779999999999603,0.055267702936096716,844.9,4.23,0.0
4574,1,327,0.3259999999999881,0.0581039755351682,845.1,4.23,0.0
4575,1,313,0.3119999999999896,0.054313099041533544,845.3,4.23,0.0
4576,2,446,1.444999999999975,0.05605381165919283,845.5,4.23,0.0
4577,4,713,3.711999999999988,0.0546984572230014,845.9,4.23,0.0
4578,0,182,-0.8189999999999998,0.06043956043956044,846.0,4.23,0.0
4579,3,588,2.5869999999999593,0.05612244897959184,846.3,4.23,0.0
4580,0,187,-0.8139999999999998,0.058823529411764705,846.4,4.23,0.0
4581,2,446,1.444999999999975,0.05605381165919283,846.6,4.23,0.0
4582,0,189,-0.8119999999999998,0.0582010582010582,846.8,4.23,0.0
4583,0,179,-0.8219999999999998,0.055865921787709494,846.9,4.23,0.0
4584,0,192,-0.8089999999999998,0.057291666666666664,847.0,4.23,0.0
4585,1,313,0.3119999999999896,0.05750798722044728,847.1,4.23,0.0
4586,0,179,-0.8219999999999998,0.055865921787709494,847.2,4.23,0.0
4587,0,179,-0.8219999999999998,0.055865921787709494,847.3,4.23,0.0
4588,4,713,3.711999999999988,0.056100981767180924,847.7,4.23,0.0
4589,0,184,-0.8169999999999998,0.059782608695652176,847.8,4.23,0.0
4590,4,730,3.728999999999994,0.056164383561643834,848.2,4.23,0.0
4591,1,313,0.3119999999999896,0.05750798722044728,848.4,4.23,0.0
4592,1,313,0.3119999999999896,0.054313099041533544,848.5,4.23,0.0
4593,1,313,0.3119999999999896,0.054313099041533544,848.7,4.23,0.0
4594,0,189,-0.8119999999999998,0.0582010582010582,848.8,4.24,0.0
4595,0,190,-0.8109999999999998,0.05789473684210526,848.9,4.24,0.0
4596,0,184,-0.8169999999999998,0.059782608695652176,849.0,4.24,0.0
4597,6,983,5.982000000000077,0.05595116988809766,849.5,4.24,0.0
4598,2,452,1.4509999999999743,0.05752212389380531,849.8,4.24,0.0
4599,0,179,-0.8219999999999998,0.055865921787709494,849.9,4.24,0.0
4600,1,313,0.3119999999999896,0.05750798722044728,850.0,4.24,0.0
4601,0,179,-0.8219999999999998,0.05027932960893855,850.1,4.24,0.0
4602,1,335,0.3339999999999872,0.056716417910447764,850.3,4.24,0.0
4603,5,862,4.861000000000037,0.05568445475638051,850.8,4.24,0.0
4604,0,179,-0.8219999999999998,0.055865921787709494,850.9,4.24,0.0
4605,5,846,4.845000000000032,0.05555555555555555,851.3,4.24,0.0
4606,7,1113,7.112000000000036,0.055705300988319856,851.9,4.23,0.0
4607,0,187,-0.8139999999999998,0.058823529411764705,852.0,4.23,0.0
4608,0,179,-0.8219999999999998,0.055865921787709494,852.1,4.24,0.0
4609,3,609,2.607999999999957,0.05582922824302135,852.5,4.23,0.0
4610,3,583,2.58199999999996,0.05660377358490566,852.8,4.23,0.0
4611,2,446,1.444999999999975,0.05605381165919283,853.0,4.23,0.0
4612,0,179,-0.8219999999999998,0.055865921787709494,853.1,4.24,0.0
4613,1,313,0.3119999999999896,0.054313099041533544,853.3,4.24,0.0
4614,6,996,5.995000000000081,0.05622489959839357,853.8,4.23,0.0
4615,0,185,-0.8159999999999998,0.05945945945945946,853.9,4.23,0.0
4616,3,589,2.587999999999959,0.05602716468590832,854.2,4.23,0.0
4617,0,179,-0.8219999999999998,0.055865921787709494,854.3,4.23,0.0
4618,2,448,1.4469999999999748,0.05580357142857143,854.6,4.23,0.0
4619,5,846,4.845000000000032,0.05555555555555555,855.0,4.23,0.0
4620,4,713,3.711999999999988,0.0546984572230014,855.4,4.23,0.0
4621,2,446,1.444999999999975,0.053811659192825115,855.6,4.23,0.0
4622,5,862,4.861000000000037,0.05568445475638051,856.2,4.23,0.0
4623,0,187,-0.8139999999999998,0.058823529411764705,856.3,4.23,0.0
4624,1,313,0.3119999999999896,0.054313099041533544,856.5,4.23,0.0
4625,0,179,-0.8219999999999998,0.055865921787709494,856.6,4.23,0.0
4626,0,185,-0.8159999999999998,0.05945945945945946,856.7,4.23,0.0
4627,0,179,-0.8219999999999998,0.055865921787709494,856.8,4.23,0.0
4628,2,446,1.444999999999975,0.053811659192825115,857.0,4.23,0.0
4629,2,455,1.453999999999974,0.05714285714285714,857.2,4.23,0.0
4630,0,179,-0.8219999999999998,0.055865921787709494,857.3,4.24,0.0
4631,6,987,5.986000000000078,0.05572441742654509,857.9,4.23,0.0
4632,0,179,-0.8219999999999998,0.055865921787709494,857.9,4.23,0.0
4633,0,191,-0.8099999999999998,0.05759162303664921,858.0,4.24,0.0
4634,5,853,4.852000000000034,0.05627198124267292,858.5,4.23,0.0
4635,1,313,0.3119999999999896,0.05750798722044728,858.7,4.23,0.0
4636,5,872,4.87100000000004,0.05619266055045872,859.1,4.23,0.0
4637,1,339,0.33799999999998676,0.05604719764011799,859.3,4.23,0.0
4638,2,446,1.444999999999975,0.05605381165919283,859.6,4.23,0.0
4639,1,318,0.31699999999998907,0.05660377358490566,859.7,4.23,0.0
4640,5,846,4.845000000000032,0.05555555555555555,860.2,4.23,0.0
4641,2,446,1.444999999999975,0.05605381165919283,860.4,4.23,0.0
4642,0,179,-0.8219999999999998,0.055865921787709494,860.5,4.23,0.0
4643,2,461,1.4599999999999733,0.05639913232104121,860.8,4.23,0.0
4644,3,579,2.5779999999999603,0.055267702936096716,861.1,4.23,0.0
4645,0,179,-0.8219999999999998,0.055865921787709494,861.2,4.23,0.0
4646,3,579,2.5779999999999603,0.055267702936096716,861.5,4.23,0.0
4647,2,446,1.444999999999975,0.053811659192825115,861.7,4.23,0.0
4648,1,313,0.3119999999999896,0.054313099041533544,861.9,4.23,0.0
4649,2,446,1.444999999999975,0.05605381165919283,862.1,4.23,0.0
4650,6,983,5.982000000000077,0.05595116988809766,862.7,4.23,0.0
4651,0,211,-0.7899999999999998,0.05687203791469194,862.8,4.23,0.0
4652,0,186,-0.8149999999999998,0.05913978494623656,862.9,4.23,0.0
4653,1,316,0.3149999999999893,0.056962025316455694,863.1,4.23,0.0
4654,0,179,-0.8219999999999998,0.05027932960893855,863.2,4.23,0.0
4655,9,1387,9.385999999999884,0.05623648161499639,863.9,4.23,0.0
4656,1,313,0.3119999999999896,0.054313099041533544,864.1,4.23,0.0
4657,0,188,-0.8129999999999998,0.05851063829787234,864.2,4.23,0.0
4658,3,579,2.5779999999999603,0.055267702936096716,864.5,4.23,0.0
4659,1,316,0.3149999999999893,0.056962025316455694,864.6,4.23,0.0
4660,5,846,4.845000000000032,0.05555555555555555,865.1,4.23,0.0
4661,2,446,1.444999999999975,0.05605381165919283,865.3,4.23,0.0
4662,4,713,3.711999999999988,0.056100981767180924,865.7,4.23,0.0
4663,0,191,-0.8099999999999998,0.05759162303664921,865.8,4.23,0.0
4664,2,446,1.444999999999975,0.05605381165919283,866.0,4.23,0.0
4665,3,579,2.5779999999999603,0.055267702936096716,866.4,4.23,0.0
4666,4,713,3.711999999999988,0.0546984572230014,866.8,4.23,0.0
4667,2,456,1.4549999999999739,0.05701754385964912,867.0,4.23,0.0
4668,3,584,2.5829999999999598,0.05650684931506849,867.3,4.23,0.0
4669,1,338,0.33699999999998687,0.05621301775147929,867.5,4.23,0.0
4670,1,313,0.3119999999999896,0.054313099041533544,867.7,4.23,0.0
4671,0,179,-0.8219999999999998,0.055865921787709494,867.8,4.23,0.0
4672,0,182,-0.8189999999999998,0.06043956043956044,867.9,4.23,0.0
4673,2,446,1.444999999999975,0.053811659192825115,868.1,4.23,0.0
4674,0,179,-0.8219999999999998,0.055865921787709494,868.2,4.23,0.0
4675,0,179,-0.8219999999999998,0.055865921787709494,868.3,4.23,0.0
4676,0,179,-0.8219999999999998,0.055865921787709494,868.4,4.23,0.0
4677,3,579,2.5779999999999603,0.05699481865284974,868.7,4.23,0.0
4678,0,179,-0.8219999999999998,0.055865921787709494,868.8,4.23,0.0
4679,3,583,2.58199999999996,0.05660377358490566,869.1,4.23,0.0
4680,3,579,2.5779999999999603,0.055267702936096716,869.4,4.23,0.0
4681,3,590,2.588999999999959,0.05593220338983051,869.7,4.23,0.0
4682,6,979,5.978000000000075,0.05515832482124617,870.3,4.23,0.0
4683,2,446,1.444999999999975,0.05605381165919283,870.5,4.23,0.0
4684,1,313,0.3119999999999896,0.054313099041533544,870.7,4.23,0.0
4685,0,179,-0.8219999999999998,0.055865921787709494,870.8,4.23,0.0
4686,0,179,-0.8219999999999998,0.055865921787709494,870.9,4.23,0.0
4687,0,179,-0.8219999999999998,0.061452513966480445,871.0,4.23,0.0
4688,0,179,-0.8219999999999998,0.055865921787709494,871.1,4.23,0.0
4689,3,579,2.5779999999999603,0.055267702936096716,871.4,4.23,0.0
4690,0,179,-0.8219999999999998,0.055865921787709494,871.5,4.24,0.0
4691,3,579,2.5779999999999603,0.055267702936096716,871.8,4.23,0.0
4692,1,314,0.3129999999999895,0.05732484076433121,872.0,4.24,0.0
4693,1,337,0.335999999999987,0.05637982195845697,872.2,4.24,0.0
4694,4,713,3.711999999999988,0.056100981767180924,872.6,4.23,0.0
4695,0,179,-0.8219999999999998,0.055865921787709494,872.7,4.24,0.0
4696,0,179,-0.8219999999999998,0.055865921787709494,872.8,4.24,0.0
4697,0,179,-0.8219999999999998,0.055865921787709494,872.9,4.24,0.0
4698,5,854,4.853000000000034,0.05620608899297424,873.3,4.24,0.0
4699,0,179,-0.8219999999999998,0.055865921787709494,873.4,4.24,0.0
4700,1,313,0.3119999999999896,0.05750798722044728,873.6,4.24,0.0
4701,1,313,0.3119999999999896,0.05750798722044728,873.8,4.24,0.0
4702,1,314,0.3129999999999895,0.05732484076433121,873.9,4.24,0.0
4703,0,179,-0.8219999999999998,0.055865921787709494,874.0,4.24,0.0
4704,3,583,2.58199999999996,0.05660377358490566,874.3,4.24,0.0
4705,4,713,3.711999999999988,0.056100981767180924,874.7,4.24,0.0
4706,2,446,1.444999999999975,0.05605381165919283,875.0,4.24,0.0
4707,5,846,4.845000000000032,0.05555555555555555,875.4,4.24,0.0
4708,1,313,0.3119999999999896,0.05750798722044728,875.6,4.24,0.0
4709,0,179,-0.8219999999999998,0.055865921787709494,875.7,4.24,0.0
4710,0,179,-0.8219999999999998,0.055865921787709494,875.8,4.24,0.0
4711,2,446,1.444999999999975,0.05605381165919283,876.0,4.24,0.0
4712,0,179,-0.8219999999999998,0.055865921787709494,876.1,4.24,0.0
4713,0,179,-0.8219999999999998,0.055865921787709494,876.2,4.24,0.0
4714,3,587,2.5859999999999594,0.056218057921635436,876.6,4.24,0.0
4715,0,179,-0.8219999999999998,0.055865921787709494,876.6,4.24,0.0
4716,2,446,1.444999999999975,0.05605381165919283,876.9,4.24,0.0
4717,0,191,-0.8099999999999998,0.05759162303664921,877.0,4.24,0.0
4718,4,713,3.711999999999988,0.056100981767180924,877.4,4.24,0.0
4719,0,179,-0.8219999999999998,0.055865921787709494,877.5,4.24,0.0
4720,1,313,0.3119999999999896,0.054313099041533544,877.6,4.24,0.0
4721,0,184,-0.8169999999999998,0.059782608695652176,877.7,4.24,0.0
4722,0,179,-0.8219999999999998,0.05027932960893855,877.8,4.24,0.0
4723,3,579,2.5779999999999603,0.055267702936096716,878.1,4.24,0.0
4724,5,846,4.845000000000032,0.05555555555555555,878.6,4.24,0.0
4725,1,313,0.3119999999999896,0.054313099041533544,878.7,4.24,0.0
4726,2,446,1.444999999999975,0.05605381165919283,879.0,4.24,0.0
4727,4,713,3.711999999999988,0.056100981767180924,879.4,4.24,0.0
4728,0,179,-0.8219999999999998,0.055865921787709494,879.5,4.24,0.0
4729,2,446,1.444999999999975,0.05605381165919283,879.7,4.24,0.0
4730,3,579,2.5779999999999603,0.055267702936096716,880.0,4.24,0.0
4731,3,579,2.5779999999999603,0.055267702936096716,880.3,4.24,0.0
4732,1,340,0.33899999999998665,0.05588235294117647,880.5,4.24,0.0
4733,6,979,5.978000000000075,0.056179775280898875,881.0,4.24,0.0
4734,1,313,0.3119999999999896,0.054313099041533544,881.2,4.24,0.0
4735,4,713,3.711999999999988,0.056100981767180924,881.6,4.24,0.0
4736,2,454,1.452999999999974,0.05726872246696035,881.8,4.24,0.0
4737,3,583,2.58199999999996,0.05660377358490566,882.1,4.24,0.0
4738,1,313,0.3119999999999896,0.054313099041533544,882.3,4.24,0.0
4739,8,1249,8.24799999999996,0.05604483586869496,883.0,4.24,0.0
4740,3,609,2.607999999999957,0.05582922824302135,883.3,4.24,0.0
4741,2,451,1.4499999999999744,0.057649667405764965,883.5,4.24,0.0
4742,3,593,2.591999999999959,0.05564924114671164,883.9,4.23,0.0
4743,2,474,1.4729999999999719,0.056962025316455694,884.1,4.23,0.0
4744,0,195,-0.8059999999999998,0.05641025641025641,884.2,4.24,0.0
4745,1,313,0.3119999999999896,0.05750798722044728,884.4,4.24,0.0
4746,1,313,0.3119999999999896,0.054313099041533544,884.6,4.24,0.0
4747,1,339,0.33799999999998676,0.05604719764011799,884.7,4.24,0.0
4748,4,713,3.711999999999988,0.056100981767180924,885.1,4.24,0.0
4749,6,979,5.978000000000075,0.05515832482124617,885.6,4.23,0.0
4750,4,714,3.7129999999999885,0.056022408963585436,886.0,4.23,0.0
4751,0,187,-0.8139999999999998,0.058823529411764705,886.1,4.23,0.0
4752,3,591,2.589999999999959,0.05583756345177665,886.4,4.23,0.0
4753,2,352,1.3509999999999853,0.056818181818181816,886.6,4.23,0.0
4754,3,579,2.5779999999999603,0.055267702936096716,886.9,4.23,0.0
4755,2,446,1.444999999999975,0.05605381165919283,887.2,4.23,0.0
4756,1,319,0.31799999999998896,0.05642633228840126,887.3,4.23,0.0
4757,1,313,0.3119999999999896,0.054313099041533544,887.5,4.23,0.0
4758,0,179,-0.8219999999999998,0.055865921787709494,887.6,4.24,0.0
4759,1,313,0.3119999999999896,0.054313099041533544,887.8,4.24,0.0
4760,0,179,-0.8219999999999998,0.055865921787709494,887.9,4.24,0.0
4761,14,2000,15.998999999999544,0.0555,888.9,4.23,0.0
4762,0,179,-0.8219999999999998,0.055865921787709494,889.0,4.23,0.0
4763,0,179,-0.8219999999999998,0.055865921787709494,889.1,4.23,0.0
4764,0,179,-0.8219999999999998,0.055865921787709494,889.2,4.23,0.0
4765,6,984,5.983000000000077,0.05589430894308943,889.7,4.23,0.0
4766,2,457,1.4559999999999738,0.05689277899343545,890.0,4.23,0.0
4767,3,579,2.5779999999999603,0.055267702936096716,890.3,4.23,0.0
4768,1,330,0.32899999999998775,0.05757575757575758,890.4,4.23,0.0
4769,0,179,-0.8219999999999998,0.055865921787709494,890.5,4.23,0.0
4770,2,446,1.444999999999975,0.053811659192825115,890.8,4.23,0.0
4771,3,583,2.58199999999996,0.05660377358490566,891.1,4.23,0.0
4772,5,846,4.845000000000032,0.05555555555555555,891.6,4.23,0.0
4773,3,579,2.5779999999999603,0.055267702936096716,891.9,4.23,0.0
4774,1,318,0.31699999999998907,0.05660377358490566,892.1,4.23,0.0
4775,1,313,0.3119999999999896,0.054313099041533544,892.2,4.23,0.0
4776,1,313,0.3119999999999896,0.054313099041533544,892.4,4.23,0.0
4777,3,579,2.5779999999999603,0.055267702936096716,892.7,4.23,0.0
4778,2,462,1.4609999999999732,0.05627705627705628,892.9,4.23,0.0
4779,0,179,-0.8219999999999998,0.055865921787709494,893.0,4.23,0.0
4780,2,446,1.444999999999975,0.05605381165919283,893.3,4.23,0.0
4781,0,179,-0.8219999999999998,0.055865921787709494,893.4,4.23,0.0
4782,1,313,0.3119999999999896,0.05750798722044728,893.6,4.23,0.0
4783,0,179,-0.8219999999999998,0.055865921787709494,893.7,4.23,0.0
4784,1,313,0.3119999999999896,0.054313099041533544,893.8,4.23,0.0
4785,0,190,-0.8109999999999998,0.05789473684210526,893.9,4.24,0.0
4786,2,446,1.444999999999975,0.05605381165919283,894.2,4.24,0.0
4787,2,446,1.444999999999975,0.05605381165919283,894.4,4.24,0.0
4788,1,335,0.3339999999999872,0.056716417910447764,894.6,4.24,0.0
4789,5,846,4.845000000000032,0.05555555555555555,895.0,4.23,0.0
4790,1,313,0.3119999999999896,0.05750798722044728,895.2,4.23,0.0
4791,0,179,-0.8219999999999998,0.05027932960893855,895.3,4.24,0.0
4792,1,337,0.335999999999987,0.05637982195845697,895.5,4.24,0.0
4793,0,179,-0.8219999999999998,0.05027932960893855,895.6,4.24,0.0
4794,0,179,-0.8219999999999998,0.05027932960893855,895.7,4.24,0.0
4795,2,461,1.4599999999999733,0.05639913232104121,895.9,4.24,0.0
4796,0,191,-0.8099999999999998,0.05759162303664921,896.0,4.24,0.0
4797,1,338,0.33699999999998687,0.05621301775147929,896.2,4.24,0.0
4798,0,188,-0.8129999999999998,0.05851063829787234,896.3,4.24,0.0
4799,2,463,1.461999999999973,0.056155507559395246,896.5,4.24,0.0
4800,2,478,1.4769999999999714,0.056485355648535567,896.8,4.24,0.0
4801,0,179,-0.8219999999999998,0.055865921787709494,896.9,4.24,0.0
4802,9,1379,9.377999999999888,0.05511240029006526,897.6,4.24,0.0
4803,0,179,-0.8219999999999998,0.055865921787709494,897.7,4.24,0.0
4804,2,447,1.4459999999999749,0.05592841163310962,898.0,4.24,0.0
4805,1,319,0.31799999999998896,0.05642633228840126,898.1,4.24,0.0
4806,1,313,0.3119999999999896,0.054313099041533544,898.3,4.24,0.0
4807,2,446,1.444999999999975,0.05605381165919283,898.5,4.24,0.0
4808,0,193,-0.8079999999999998,0.05699481865284974,898.6,4.24,0.0
4809,0,186,-0.8149999999999998,0.05913978494623656,898.7,4.24,0.0
4810,2,454,1.452999999999974,0.05726872246696035,899.0,4.24,0.0
4811,0,179,-0.8219999999999998,0.055865921787709494,899.1,4.24,0.0
4812,7,1124,7.1230000000000295,0.05604982206405694,899.7,4.24,0.0
4813,4,713,3.711999999999988,0.0546984572230014,900.1,4.24,0.0
4814,5,846,4.845000000000032,0.05555555555555555,900.5,4.24,0.0
4815,1,313,0.3119999999999896,0.05750798722044728,900.7,4.24,0.0
4816,3,579,2.5779999999999603,0.055267702936096716,901.0,4.24,0.0
4817,0,179,-0.8219999999999998,0.055865921787709494,901.1,4.24,0.0
4818,1,313,0.3119999999999896,0.054313099041533544,901.3,4.24,0.0
4819,0,179,-0.8219999999999998,0.055865921787709494,901.4,4.24,0.0
4820,1,316,0.3149999999999893,0.056962025316455694,901.5,4.24,0.0
4821,0,181,-0.8199999999999998,0.06077348066298342,901.6,4.24,0.0
4822,1,313,0.3119999999999896,0.05750798722044728,901.8,4.24,0.0
4823,3,609,2.607999999999957,0.05582922824302135,902.1,4.24,0.0
4824,2,446,1.444999999999975,0.05605381165919283,902.4,4.24,0.0
4825,0,179,-0.8219999999999998,0.055865921787709494,902.5,4.24,0.0
4826,1,340,0.33899999999998665,0.05588235294117647,902.6,4.24,0.0
4827,0,188,-0.8129999999999998,0.05851063829787234,902.7,4.24,0.0
4828,1,313,0.3119999999999896,0.054313099041533544,902.9,4.24,0.0
4829,4,713,3.711999999999988,0.056100981767180924,903.3,4.24,0.0
4830,0,179,-0.8219999999999998,0.05027932960893855,903.4,4.24,0.0
4831,0,184,-0.8169999999999998,0.059782608695652176,903.5,4.24,0.0
4832,1,313,0.3119999999999896,0.054313099041533544,903.7,4.24,0.0
4833,0,213,-0.7879999999999998,0.056338028169014086,903.8,4.24,0.0
4834,7,1130,7.129000000000026,0.05575221238938053,904.4,4.24,0.0
4835,1,335,0.3339999999999872,0.056716417910447764,904.6,4.24,0.0
4836,2,446,1.444999999999975,0.05605381165919283,904.8,4.24,0.0
4837,0,179,-0.8219999999999998,0.055865921787709494,904.9,4.24,0.0
4838,2,446,1.444999999999975,0.05605381165919283,905.2,4.24,0.0
4839,1,313,0.3119999999999896,0.05750798722044728,905.4,4.24,0.0
4840,1,336,0.3349999999999871,0.05654761904761905,905.5,4.24,0.0
4841,3,610,2.608999999999957,0.05573770491803279,905.9,4.24,0.0
4842,2,446,1.444999999999975,0.05605381165919283,906.1,4.24,0.0
4843,2,458,1.4569999999999736,0.056768558951965066,906.3,4.24,0.0
4844,0,189,-0.8119999999999998,0.0582010582010582,906.4,4.24,0.0
4845,1,313,0.3119999999999896,0.054313099041533544,906.6,4.24,0.0
4846,0,179,-0.8219999999999998,0.055865921787709494,906.7,4.24,0.0
4847,2,446,1.444999999999975,0.05605381165919283,907.0,4.24,0.0
4848,4,713,3.711999999999988,0.056100981767180924,907.3,4.24,0.0
4849,0,179,-0.8219999999999998,0.055865921787709494,907.4,4.24,0.0
4850,3,589,2.587999999999959,0.05602716468590832,907.8,4.24,0.0
4851,0,179,-0.8219999999999998,0.055865921787709494,907.8,4.24,0.0
4852,0,188,-0.8129999999999998,0.05851063829787234,907.9,4.24,0.0
4853,2,446,1.444999999999975,0.053811659192825115,908.2,4.24,0.0
4854,0,179,-0.8219999999999998,0.055865921787709494,908.3,4.24,0.0
4855,3,581,2.57999999999996,0.05679862306368331,908.6,4.24,0.0
4856,1,314,0.3129999999999895,0.05732484076433121,908.8,4.24,0.0
4857,1,313,0.3119999999999896,0.05750798722044728,908.9,4.24,0.0
4858,0,186,-0.8149999999999998,0.05913978494623656,909.0,4.25,0.0
4859,3,588,2.5869999999999593,0.05612244897959184,909.4,4.24,0.0
4860,2,446,1.444999999999975,0.05605381165919283,909.6,4.24,0.0
4861,1,313,0.3119999999999896,0.05750798722044728,909.8,4.25,0.0
4862,4,713,3.711999999999988,0.0546984572230014,910.1,4.24,0.0
4863,0,179,-0.8219999999999998,0.05027932960893855,910.2,4.25,0.0
4864,0,212,-0.7889999999999998,0.05660377358490566,910.3,4.25,0.0
4865,4,713,3.711999999999988,0.056100981767180924,910.8,4.24,0.0
4866,4,713,3.711999999999988,0.056100981767180924,911.1,4.24,0.0
4867,5,846,4.845000000000032,0.05555555555555555,911.6,4.24,0.0
4868,3,579,2.5779999999999603,0.055267702936096716,911.9,4.24,0.0
4869,0,189,-0.8119999999999998,0.0582010582010582,912.0,4.24,0.0
4870,0,179,-0.8219999999999998,0.055865921787709494,912.1,4.24,0.0
4871,2,446,1.444999999999975,0.05605381165919283,912.3,4.24,0.0
4872,0,212,-0.7889999999999998,0.05660377358490566,912.4,4.24,0.0
4873,2,446,1.444999999999975,0.053811659192825115,912.7,4.24,0.0
4874,0,179,-0.8219999999999998,0.055865921787709494,912.8,4.25,0.0
4875,1,313,0.3119999999999896,0.054313099041533544,913.0,4.25,0.0
4876,0,179,-0.8219999999999998,0.055865921787709494,913.0,4.25,0.0
4877,0,179,-0.8219999999999998,0.055865921787709494,913.1,4.25,0.0
4878,5,846,4.845000000000032,0.05555555555555555,913.6,4.25,0.0
4879,1,313,0.3119999999999896,0.05750798722044728,913.8,4.25,0.0
4880,2,462,1.4609999999999732,0.05627705627705628,914.0,4.25,0.0
4881,0,179,-0.8219999999999998,0.055865921787709494,914.1,4.25,0.0
4882,1,313,0.3119999999999896,0.05750798722044728,914.3,4.25,0.0
4883,3,609,2.607999999999957,0.05582922824302135,914.6,4.25,0.0
4884,0,184,-0.8169999999999998,0.059782608695652176,914.7,4.25,0.0
4885,5,846,4.845000000000032,0.05555555555555555,915.2,4.25,0.0
4886,2,446,1.444999999999975,0.053811659192825115,915.4,4.25,0.0
4887,3,579,2.5779999999999603,0.055267702936096716,915.7,4.25,0.0
4888,1,321,0.31999999999998874,0.056074766355140186,915.9,4.25,0.0
4889,6,1004,6.003000000000084,0.055776892430278883,916.5,4.24,0.0
4890,1,313,0.3119999999999896,0.05750798722044728,916.6,4.24,0.0
4891,4,736,3.734999999999996,0.05570652173913043,917.0,4.24,0.0
4892,1,313,0.3119999999999896,0.054313099041533544,917.2,4.24,0.0
4893,2,465,1.4639999999999729,0.05591397849462366,917.5,4.24,0.0
4894,3,579,2.5779999999999603,0.055267702936096716,917.8,4.24,0.0
4895,3,590,2.588999999999959,0.05593220338983051,918.1,4.24,0.0
4896,0,179,-0.8219999999999998,0.055865921787709494,918.2,4.24,0.0
4897,2,461,1.4599999999999733,0.05639913232104121,918.5,4.24,0.0
4898,3,579,2.5779999999999603,0.055267702936096716,918.8,4.24,0.0
4899,6,979,5.978000000000075,0.05515832482124617,919.3,4.24,0.0
4900,0,179,-0.8219999999999998,0.055865921787709494,919.4,4.24,0.0
4901,4,729,3.7279999999999935,0.056241426611796985,919.8,4.24,0.0
4902,3,609,2.607999999999957,0.05582922824302135,920.1,4.24,0.0
4903,3,588,2.5869999999999593,0.05612244897959184,920.4,4.24,0.0
4904,7,1113,7.112000000000036,0.055705300988319856,921.1,4.24,0.0
4905,3,579,2.5779999999999603,0.055267702936096716,921.4,4.24,0.0
4906,5,852,4.851000000000034,0.056338028169014086,921.8,4.24,0.0
4907,0,189,-0.8119999999999998,0.0582010582010582,921.9,4.24,0.0
4908,4,723,3.7219999999999915,0.056708160442600276,922.3,4.24,0.0
4909,4,713,3.711999999999988,0.0546984572230014,922.7,4.24,0.0
4910,2,455,1.453999999999974,0.05714285714285714,922.9,4.24,0.0
4911,4,713,3.711999999999988,0.056100981767180924,923.3,4.24,0.0
4912,0,179,-0.8219999999999998,0.055865921787709494,923.4,4.24,0.0
4913,4,715,3.713999999999989,0.055944055944055944,923.8,4.24,0.0
4914,2,446,1.444999999999975,0.053811659192825115,924.1,4.24,0.0
4915,1,313,0.3119999999999896,0.054313099041533544,924.2,4.24,0.0
4916,1,314,0.3129999999999895,0.05732484076433121,924.4,4.24,0.0
4917,0,189,-0.8119999999999998,0.0582010582010582,924.5,4.24,0.0
4918,3,587,2.5859999999999594,0.056218057921635436,924.8,4.24,0.0
4919,2,446,1.444999999999975,0.05605381165919283,925.1,4.24,0.0
4920,1,313,0.3119999999999896,0.05750798722044728,925.2,4.24,0.0
4921,4,731,3.729999999999994,0.0560875512995896,925.6,4.24,0.0
4922,0,213,-0.7879999999999998,0.056338028169014086,925.7,4.24,0.0
4923,1,336,0.3349999999999871,0.05654761904761905,925.9,4.24,0.0
4924,0,183,-0.8179999999999998,0.060109289617486336,926.0,4.24,0.0
4925,7,1113,7.112000000000036,0.055705300988319856,926.6,4.24,0.0
4926,0,191,-0.8099999999999998,0.05759162303664921,926.7,4.24,0.0
4927,6,979,5.978000000000075,0.05515832482124617,927.3,4.24,0.0
4928,0,179,-0.8219999999999998,0.055865921787709494,927.4,4.24,0.0
4929,3,592,2.590999999999959,0.05574324324324324,927.7,4.24,0.0
4930,3,589,2.587999999999959,0.05602716468590832,928.0,4.24,0.0
4931,1,313,0.3119999999999896,0.054313099041533544,928.1,4.24,0.0
4932,2,467,1.4659999999999727,0.055674518201284794,928.4,4.24,0.0
4933,1,313,0.3119999999999896,0.05750798722044728,928.6,4.24,0.0
4934,3,590,2.588999999999959,0.05593220338983051,928.9,4.24,0.0
4935,1,313,0.3119999999999896,0.05750798722044728,929.1,4.24,0.0
4936,1,313,0.3119999999999896,0.054313099041533544,929.2,4.24,0.0
4937,1,313,0.3119999999999896,0.054313099041533544,929.4,4.24,0.0
4938,1,313,0.3119999999999896,0.054313099041533544,929.6,4.24,0.0
4939,1,315,0.3139999999999894,0.05714285714285714,929.7,4.24,0.0
4940,8,1246,8.244999999999962,0.05537720706260032,930.4,4.24,0.0
4941,1,332,0.3309999999999875,0.0572289156626506,930.6,4.24,0.0
4942,0,179,-0.8219999999999998,0.055865921787709494,930.7,4.24,0.0
4943,3,579,2.5779999999999603,0.055267702936096716,931.0,4.24,0.0
4944,0,179,-0.8219999999999998,0.055865921787709494,931.1,4.24,0.0
4945,1,313,0.3119999999999896,0.054313099041533544,931.3,4.24,0.0
4946,5,851,4.850000000000033,0.0564042303172738,931.7,4.24,0.0
4947,0,179,-0.8219999999999998,0.055865921787709494,931.8,4.24,0.0
4948,4,713,3.711999999999988,0.056100981767180924,932.2,4.24,0.0
4949,3,579,2.5779999999999603,0.05699481865284974,932.5,4.24,0.0
4950,1,313,0.3119999999999896,0.05750798722044728,932.7,4.24,0.0
4951,0,179,-0.8219999999999998,0.05027932960893855,932.8,4.24,0.0
4952,1,336,0.3349999999999871,0.05654761904761905,933.0,4.24,0.0
4953,2,446,1.444999999999975,0.05605381165919283,933.2,4.24,0.0
4954,0,179,-0.8219999999999998,0.055865921787709494,933.3,4.24,0.0
4955,1,313,0.3119999999999896,0.054313099041533544,933.5,4.24,0.0
4956,3,588,2.5869999999999593,0.05612244897959184,933.8,4.24,0.0
4957,1,313,0.3119999999999896,0.054313099041533544,934.0,4.24,0.0
4958,3,579,2.5779999999999603,0.055267702936096716,934.3,4.24,0.0
4959,2,446,1.444999999999975,0.05605381165919283,934.5,4.24,0.0
4960,2,475,1.4739999999999718,0.056842105263157895,934.8,4.24,0.0
4961,1,319,0.31799999999998896,0.05642633228840126,935.0,4.24,0.0
4962,0,179,-0.8219999999999998,0.055865921787709494,935.1,4.24,0.0
4963,0,185,-0.8159999999999998,0.05945945945945946,935.2,4.24,0.0
4964,1,313,0.3119999999999896,0.05750798722044728,935.3,4.24,0.0
4965,4,730,3.728999999999994,0.056164383561643834,935.7,4.24,0.0
4966,4,727,3.725999999999993,0.05639614855570839,936.1,4.24,0.0
4967,0,183,-0.8179999999999998,0.060109289617486336,936.2,4.24,0.0
4968,1,313,0.3119999999999896,0.054313099041533544,936.4,4.24,0.0
4969,1,316,0.3149999999999893,0.056962025316455694,936.6,4.24,0.0
4970,2,457,1.4559999999999738,0.05689277899343545,936.8,4.24,0.0
4971,2,479,1.4779999999999713,0.05636743215031315,937.1,4.24,0.0
4972,7,1113,7.112000000000036,0.055705300988319856,937.7,4.24,0.0
4973,1,313,0.3119999999999896,0.05750798722044728,937.9,4.24,0.0
4974,2,454,1.452999999999974,0.05726872246696035,938.1,4.24,0.0
4975,0,179,-0.8219999999999998,0.05027932960893855,938.2,4.24,0.0
4976,0,179,-0.8219999999999998,0.055865921787709494,938.3,4.24,0.0
4977,1,313,0.3119999999999896,0.054313099041533544,938.5,4.24,0.0
4978,1,338,0.33699999999998687,0.05621301775147929,938.6,4.24,0.0
4979,5,846,4.845000000000032,0.05555555555555555,939.1,4.24,0.0
4980,2,448,1.4469999999999748,0.05580357142857143,939.3,4.24,0.0
4981,2,463,1.461999999999973,0.056155507559395246,939.6,4.24,0.0
4982,1,313,0.3119999999999896,0.054313099041533544,939.8,4.24,0.0
4983,4,715,3.713999999999989,0.055944055944055944,940.1,4.24,0.0
4984,1,339,0.33799999999998676,0.05604719764011799,940.3,4.24,0.0
4985,2,446,1.444999999999975,0.05605381165919283,940.6,4.24,0.0
4986,4,713,3.711999999999988,0.056100981767180924,941.0,4.24,0.0
4987,0,189,-0.8119999999999998,0.0582010582010582,941.1,4.24,0.0
4988,1,313,0.3119999999999896,0.054313099041533544,941.2,4.24,0.0
4989,3,579,2.5779999999999603,0.055267702936096716,941.5,4.24,0.0
4990,1,317,0.3159999999999892,0.056782334384858045,941.7,4.24,0.0
4991,2,467,1.4659999999999727,0.055674518201284794,942.0,4.24,0.0
4992,1,313,0.3119999999999896,0.05750798722044728,942.1,4.24,0.0
4993,2,454,1.452999999999974,0.05726872246696035,942.4,4.24,0.0
4994,2,446,1.444999999999975,0.05605381165919283,942.6,4.24,0.0
4995,1,316,0.3149999999999893,0.056962025316455694,942.8,4.24,0.0
4996,3,579,2.5779999999999603,0.055267702936096716,943.1,4.24,0.0
4997,2,449,1.4479999999999746,0.0556792873051225,943.4,4.24,0.0
4998,0,179,-0.8219999999999998,0.055865921787709494,943.5,4.24,0.0
4999,0,179,-0.8219999999999998,0.055865921787709494,943.6,4.24,0.0
5000,0,183,-0.8179999999999998,0.060109289617486336,943.7,4.24,0.0
5001,0,179,-0.8219999999999998,0.055865921787709494,946.9,4.23,0.0
5002,0,191,-0.8099999999999998,0.05759162303664921,947.0,4.23,0.0
5003,1,317,0.3159999999999892,0.056782334384858045,947.2,4.23,0.0
5004,5,846,4.845000000000032,0.05555555555555555,947.7,4.23,0.0
5005,0,179,-0.8219999999999998,0.055865921787709494,947.8,4.23,0.0
5006,0,183,-0.8179999999999998,0.060109289617486336,947.8,4.23,0.0
5007,0,179,-0.8219999999999998,0.055865921787709494,947.9,4.23,0.0
5008,0,179,-0.8219999999999998,0.055865921787709494,948.0,4.23,0.0
5009,2,464,1.462999999999973,0.05603448275862069,948.3,4.23,0.0
5010,5,852,4.851000000000034,0.056338028169014086,948.8,4.23,0.0
5011,1,313,0.3119999999999896,0.05750798722044728,948.9,4.23,0.0
5012,1,313,0.3119999999999896,0.054313099041533544,949.1,4.23,0.0
5013,0,185,-0.8159999999999998,0.05945945945945946,949.2,4.23,0.0
5014,3,579,2.5779999999999603,0.055267702936096716,949.5,4.23,0.0
5015,1,340,0.33899999999998665,0.05588235294117647,949.7,4.23,0.0
5016,3,592,2.590999999999959,0.05574324324324324,950.0,4.23,0.0
5017,1,313,0.3119999999999896,0.05750798722044728,950.2,4.23,0.0
5018,6,979,5.978000000000075,0.05515832482124617,950.7,4.23,0.0
5019,0,179,-0.8219999999999998,0.055865921787709494,950.8,4.23,0.0
5020,4,713,3.711999999999988,0.056100981767180924,951.2,4.23,0.0
5021,1,313,0.3119999999999896,0.054313099041533544,951.3,4.23,0.0
5022,2,446,1.444999999999975,0.053811659192825115,951.6,4.23,0.0
5023,6,979,5.978000000000075,0.05515832482124617,952.1,4.23,0.0
5024,3,579,2.5779999999999603,0.055267702936096716,952.4,4.23,0.0
5025,2,454,1.452999999999974,0.05726872246696035,952.7,4.23,0.0
5026,4,729,3.7279999999999935,0.056241426611796985,953.1,4.23,0.0
5027,1,313,0.3119999999999896,0.05750798722044728,953.3,4.23,0.0
5028,0,179,-0.8219999999999998,0.055865921787709494,953.4,4.23,0.0
5029,1,318,0.31699999999998907,0.05660377358490566,953.5,4.23,0.0
5030,5,853,4.852000000000034,0.05627198124267292,954.0,4.23,0.0
5031,1,316,0.3149999999999893,0.056962025316455694,954.2,4.23,0.0
5032,5,846,4.845000000000032,0.05555555555555555,954.6,4.22,0.0
5033,2,446,1.444999999999975,0.05605381165919283,954.9,4.22,0.0
5034,4,727,3.725999999999993,0.05639614855570839,955.3,4.22,0.0
5035,2,446,1.444999999999975,0.05605381165919283,955.5,4.22,0.0
5036,0,179,-0.8219999999999998,0.055865921787709494,955.6,4.22,0.0
5037,3,579,2.5779999999999603,0.055267702936096716,955.9,4.22,0.0
5038,4,713,3.711999999999988,0.0546984572230014,956.3,4.22,0.0
5039,1,313,0.3119999999999896,0.05750798722044728,956.5,4.22,0.0
5040,1,313,0.3119999999999896,0.054313099041533544,956.6,4.22,0.0
5041,4,729,3.7279999999999935,0.056241426611796985,957.0,4.22,0.0
5042,0,179,-0.8219999999999998,0.055865921787709494,957.1,4.22,0.0
5043,1,314,0.3129999999999895,0.05732484076433121,957.3,4.22,0.0
5044,1,322,0.32099999999998863,0.055900621118012424,957.5,4.22,0.0
5045,1,313,0.3119999999999896,0.05750798722044728,957.6,4.23,0.0
5046,0,179,-0.8219999999999998,0.055865921787709494,957.7,4.23,0.0
5047,0,185,-0.8159999999999998,0.05945945945945946,957.8,4.23,0.0
5048,0,179,-0.8219999999999998,0.055865921787709494,957.9,4.23,0.0
5049,0,179,-0.8219999999999998,0.055865921787709494,958.0,4.23,0.0
5050,0,179,-0.8219999999999998,0.055865921787709494,958.1,4.23,0.0
5051,1,313,0.3119999999999896,0.054313099041533544,958.3,4.23,0.0
5052,1,335,0.3339999999999872,0.056716417910447764,958.4,4.23,0.0
5053,1,321,0.31999999999998874,0.056074766355140186,958.6,4.23,0.0
5054,3,611,2.609999999999957,0.05564648117839607,958.9,4.23,0.0
5055,3,591,2.589999999999959,0.05583756345177665,959.3,4.23,0.0
5056,10,1526,10.524999999999807,0.055701179554390565,960.1,4.23,0.0
5057,4,713,3.711999999999988,0.056100981767180924,960.5,4.23,0.0
5058,0,191,-0.8099999999999998,0.05759162303664921,960.6,4.23,0.0
5059,0,179,-0.8219999999999998,0.055865921787709494,960.6,4.23,0.0
5060,1,313,0.3119999999999896,0.054313099041533544,960.8,4.23,0.0
5061,3,579,2.5779999999999603,0.055267702936096716,961.1,4.23,0.0
5062,0,179,-0.8219999999999998,0.055865921787709494,961.2,4.23,0.0
5063,1,318,0.31699999999998907,0.05660377358490566,961.4,4.23,0.0
5064,2,446,1.444999999999975,0.05605381165919283,961.6,4.23,0.0
5065,2,446,1.444999999999975,0.05605381165919283,961.9,4.23,0.0
5066,0,187,-0.8139999999999998,0.058823529411764705,962.0,4.23,0.0
5067,0,182,-0.8189999999999998,0.06043956043956044,962.1,4.23,0.0
5068,6,980,5.979000000000076,0.05612244897959184,962.6,4.23,0.0
5069,0,192,-0.8089999999999998,0.057291666666666664,962.7,4.23,0.0
5070,0,186,-0.8149999999999998,0.05913978494623656,962.8,4.23,0.0
5071,0,179,-0.8219999999999998,0.055865921787709494,962.9,4.23,0.0
5072,0,179,-0.8219999999999998,0.055865921787709494,963.0,4.23,0.0
5073,2,446,1.444999999999975,0.05605381165919283,963.2,4.23,0.0
5074,3,579,2.5779999999999603,0.055267702936096716,963.6,4.23,0.0
5075,2,451,1.4499999999999744,0.057649667405764965,963.8,4.23,0.0
5076,5,846,4.845000000000032,0.05555555555555555,964.2,4.23,0.0
5077,1,313,0.3119999999999896,0.05750798722044728,964.4,4.23,0.0
5078,3,579,2.5779999999999603,0.055267702936096716,964.7,4.23,0.0
5079,0,179,-0.8219999999999998,0.055865921787709494,964.8,4.23,0.0
5080,0,195,-0.8059999999999998,0.05641025641025641,964.9,4.23,0.0
5081,6,979,5.978000000000075,0.05515832482124617,965.5,4.23,0.0
5082,3,579,2.5779999999999603,0.055267702936096716,965.8,4.23,0.0
5083,2,466,1.4649999999999728,0.055793991416309016,966.0,4.23,0.0
5084,0,179,-0.8219999999999998,0.055865921787709494,966.1,4.23,0.0
5085,3,579,2.5779999999999603,0.055267702936096716,966.5,4.23,0.0
5086,6,1003,6.002000000000083,0.05583250249252243,967.0,4.23,0.0
5087,4,713,3.711999999999988,0.0546984572230014,967.4,4.23,0.0
5088,0,179,-0.8219999999999998,0.055865921787709494,967.5,4.23,0.0
5089,7,1113,7.112000000000036,0.055705300988319856,968.1,4.22,0.0
5090,0,179,-0.8219999999999998,0.055865921787709494,968.2,4.23,0.0
5091,2,446,1.444999999999975,0.05605381165919283,968.4,4.23,0.0
5092,2,456,1.4549999999999739,0.05701754385964912,968.7,4.23,0.0
5093,2,446,1.444999999999975,0.05605381165919283,969.0,4.23,0.0
5094,2,452,1.4509999999999743,0.05752212389380531,969.2,4.23,0.0
5095,3,579,2.5779999999999603,0.055267702936096716,969.5,4.22,0.0
5096,0,179,-0.8219999999999998,0.055865921787709494,969.6,4.23,0.0
5097,1,313,0.3119999999999896,0.054313099041533544,969.7,4.23,0.0
5098,4,713,3.711999999999988,0.0546984572230014,970.1,4.23,0.0
5099,0,179,-0.8219999999999998,0.055865921787709494,970.2,4.23,0.0
5100,5,846,4.845000000000032,0.05555555555555555,970.7,4.22,0.0
5101,2,446,1.444999999999975,0.05605381165919283,970.9,4.22,0.0
5102,0,185,-0.8159999999999998,0.05945945945945946,971.0,4.23,0.0
5103,5,852,4.851000000000034,0.056338028169014086,971.5,4.22,0.0
5104,5,851,4.850000000000033,0.0564042303172738,971.9,4.22,0.0
5105,4,713,3.711999999999988,0.0546984572230014,972.3,4.22,0.0
5106,4,713,3.711999999999988,0.056100981767180924,972.7,4.22,0.0
5107,0,179,-0.8219999999999998,0.055865921787709494,972.8,4.22,0.0
5108,4,713,3.711999999999988,0.056100981767180924,973.2,4.22,0.0
5109,0,179,-0.8219999999999998,0.055865921787709494,973.3,4.22,0.0
5110,0,179,-0.8219999999999998,0.055865921787709494,973.4,4.22,0.0
5111,1,313,0.3119999999999896,0.054313099041533544,973.5,4.22,0.0
5112,1,313,0.3119999999999896,0.054313099041533544,973.7,4.22,0.0
5113,2,454,1.452999999999974,0.05726872246696035,974.0,4.22,0.0
5114,1,313,0.3119999999999896,0.054313099041533544,974.1,4.22,0.0
5115,1,313,0.3119999999999896,0.05750798722044728,974.3,4.22,0.0
5116,4,713,3.711999999999988,0.056100981767180924,974.7,4.22,0.0
5117,1,318,0.31699999999998907,0.05660377358490566,974.8,4.22,0.0
5118,3,589,2.587999999999959,0.05602716468590832,975.1,4.22,0.0
5119,0,191,-0.8099999999999998,0.05759162303664921,975.3,4.22,0.0
5120,0,179,-0.8219999999999998,0.055865921787709494,975.4,4.23,0.0
5121,0,190,-0.8109999999999998,0.05789473684210526,975.5,4.23,0.0
5122,4,713,3.711999999999988,0.0546984572230014,975.8,4.23,0.0
5123,1,313,0.3119999999999896,0.054313099041533544,976.0,4.23,0.0
5124,4,713,3.711999999999988,0.056100981767180924,976.4,4.22,0.0
5125,1,313,0.3119999999999896,0.054313099041533544,976.6,4.23,0.0
5126,2,446,1.444999999999975,0.05605381165919283,976.8,4.23,0.0
5127,0,181,-0.8199999999999998,0.06077348066298342,976.9,4.23,0.0
5128,1,339,0.33799999999998676,0.05604719764011799,977.1,4.23,0.0
5129,0,179,-0.8219999999999998,0.055865921787709494,977.2,4.23,0.0
5130,0,179,-0.8219999999999998,0.055865921787709494,977.3,4.23,0.0
5131,1,315,0.3139999999999894,0.05714285714285714,977.4,4.23,0.0
5132,1,320,0.31899999999998885,0.05625,977.6,4.23,0.0
5133,0,186,-0.8149999999999998,0.05913978494623656,977.7,4.23,0.0
5134,2,446,1.444999999999975,0.05605381165919283,978.0,4.23,0.0
5135,1,313,0.3119999999999896,0.05750798722044728,978.1,4.23,0.0
5136,5,860,4.859000000000036,0.05581395348837209,978.6,4.23,0.0
5137,0,183,-0.8179999999999998,0.060109289617486336,978.7,4.23,0.0
5138,0,179,-0.8219999999999998,0.055865921787709494,978.8,4.23,0.0
5139,0,179,-0.8219999999999998,0.055865921787709494,978.9,4.23,0.0
5140,1,313,0.3119999999999896,0.05750798722044728,979.1,4.23,0.0
5141,0,179,-0.8219999999999998,0.055865921787709494,979.2,4.23,0.0
5142,2,446,1.444999999999975,0.053811659192825115,979.4,4.23,0.0
5143,5,846,4.845000000000032,0.05555555555555555,979.9,4.23,0.0
5144,0,179,-0.8219999999999998,0.055865921787709494,980.0,4.23,0.0
5145,5,852,4.851000000000034,0.056338028169014086,980.4,4.23,0.0
5146,11,1646,11.64499999999974,0.05528554070473876,981.3,4.23,0.0
5147,0,187,-0.8139999999999998,0.058823529411764705,981.4,4.23,0.0
5148,1,313,0.3119999999999896,0.05750798722044728,981.6,4.23,0.0
5149,5,846,4.845000000000032,0.05555555555555555,982.0,4.23,0.0
5150,0,179,-0.8219999999999998,0.055865921787709494,982.1,4.23,0.0
5151,0,179,-0.8219999999999998,0.055865921787709494,982.2,4.23,0.0
5152,0,207,-0.7939999999999998,0.057971014492753624,982.3,4.23,0.0
5153,2,461,1.4599999999999733,0.05639913232104121,982.6,4.23,0.0
5154,5,857,4.856000000000035,0.056009334889148193,983.0,4.23,0.0
5155,0,179,-0.8219999999999998,0.055865921787709494,983.1,4.23,0.0
5156,0,179,-0.8219999999999998,0.055865921787709494,983.2,4.23,0.0
5157,2,451,1.4499999999999744,0.057649667405764965,983.5,4.23,0.0
5158,0,195,-0.8059999999999998,0.05641025641025641,983.6,4.23,0.0
5159,2,446,1.444999999999975,0.05605381165919283,983.8,4.23,0.0
5160,4,713,3.711999999999988,0.0546984572230014,984.2,4.23,0.0
5161,3,579,2.5779999999999603,0.055267702936096716,984.5,4.23,0.0
5162,3,579,2.5779999999999603,0.05699481865284974,984.8,4.23,0.0
5163,1,313,0.3119999999999896,0.054313099041533544,985.0,4.23,0.0
5164,1,341,0.33999999999998654,0.05571847507331378,985.2,4.23,0.0
5165,9,1379,9.377999999999888,0.05583756345177665,985.9,4.23,0.0
5166,4,722,3.720999999999991,0.05678670360110803,986.3,4.22,0.0
5167,4,713,3.711999999999988,0.056100981767180924,986.7,4.22,0.0
5168,0,179,-0.8219999999999998,0.055865921787709494,986.8,4.22,0.0
5169,0,179,-0.8219999999999998,0.055865921787709494,986.9,4.23,0.0
5170,3,579,2.5779999999999603,0.055267702936096716,987.2,4.23,0.0
5171,3,589,2.587999999999959,0.05602716468590832,987.5,4.22,0.0
5172,0,183,-0.8179999999999998,0.060109289617486336,987.6,4.23,0.0
5173,5,852,4.851000000000034,0.056338028169014086,988.1,4.22,0.0
5174,0,179,-0.8219999999999998,0.055865921787709494,988.2,4.23,0.0
5175,4,715,3.713999999999989,0.055944055944055944,988.5,4.22,0.0
5176,1,335,0.3339999999999872,0.056716417910447764,988.7,4.22,0.0
5177,2,446,1.444999999999975,0.05605381165919283,989.0,4.22,0.0
5178,3,599,2.597999999999958,0.05676126878130217,989.3,4.22,0.0
5179,0,179,-0.8219999999999998,0.055865921787709494,989.4,4.22,0.0
5180,0,179,-0.8219999999999998,0.055865921787709494,989.5,4.23,0.0
5181,1,321,0.31999999999998874,0.056074766355140186,989.6,4.23,0.0
5182,3,584,2.5829999999999598,0.05650684931506849,990.0,4.23,0.0
5183,4,713,3.711999999999988,0.056100981767180924,990.3,4.22,0.0
5184,0,187,-0.8139999999999998,0.058823529411764705,990.4,4.23,0.0
5185,0,192,-0.8089999999999998,0.057291666666666664,990.6,4.23,0.0
5186,1,335,0.3339999999999872,0.056716417910447764,990.7,4.23,0.0
5187,2,446,1.444999999999975,0.05605381165919283,991.0,4.23,0.0
5188,2,446,1.444999999999975,0.05605381165919283,991.2,4.23,0.0
5189,2,446,1.444999999999975,0.05605381165919283,991.4,4.23,0.0
5190,0,179,-0.8219999999999998,0.055865921787709494,991.5,4.23,0.0
5191,6,979,5.978000000000075,0.056179775280898875,992.1,4.23,0.0
5192,0,189,-0.8119999999999998,0.0582010582010582,992.2,4.23,0.0
5193,2,454,1.452999999999974,0.05726872246696035,992.4,4.23,0.0
5194,0,179,-0.8219999999999998,0.055865921787709494,992.5,4.23,0.0
5195,1,313,0.3119999999999896,0.054313099041533544,992.7,4.23,0.0
5196,0,181,-0.8199999999999998,0.06077348066298342,992.8,4.23,0.0
5197,0,190,-0.8109999999999998,0.05789473684210526,992.9,4.23,0.0
5198,1,340,0.33899999999998665,0.05588235294117647,993.1,4.23,0.0
5199,4,713,3.711999999999988,0.056100981767180924,993.5,4.23,0.0
5200,0,185,-0.8159999999999998,0.05945945945945946,993.6,4.23,0.0
5201,8,1254,8.252999999999957,0.05582137161084529,994.2,4.23,0.0
5202,2,446,1.444999999999975,0.05605381165919283,994.5,4.23,0.0
5203,2,446,1.444999999999975,0.053811659192825115,994.7,4.23,0.0
5204,5,846,4.845000000000032,0.05555555555555555,995.2,4.23,0.0
5205,0,179,-0.8219999999999998,0.055865921787709494,995.3,4.23,0.0
5206,0,179,-0.8219999999999998,0.055865921787709494,995.3,4.23,0.0
5207,1,313,0.3119999999999896,0.054313099041533544,995.5,4.23,0.0
5208,2,456,1.4549999999999739,0.05701754385964912,995.7,4.23,0.0
5209,2,462,1.4609999999999732,0.05627705627705628,996.0,4.23,0.0
5210,0,179,-0.8219999999999998,0.055865921787709494,996.1,4.23,0.0
5211,0,206,-0.7949999999999998,0.05825242718446602,996.2,4.23,0.0
5212,0,188,-0.8129999999999998,0.05851063829787234,996.3,4.23,0.0
5213,0,179,-0.8219999999999998,0.055865921787709494,996.4,4.23,0.0
5214,3,579,2.5779999999999603,0.055267702936096716,996.7,4.23,0.0
5215,2,454,1.452999999999974,0.05726872246696035,997.0,4.23,0.0
5216,2,446,1.444999999999975,0.05605381165919283,997.2,4.23,0.0
5217,4,713,3.711999999999988,0.056100981767180924,997.6,4.23,0.0
5218,5,850,4.849000000000033,0.05647058823529412,998.0,4.23,0.0
5219,4,713,3.711999999999988,0.056100981767180924,998.4,4.23,0.0
5220,2,457,1.4559999999999738,0.05689277899343545,998.7,4.23,0.0
5221,0,179,-0.8219999999999998,0.055865921787709494,998.8,4.23,0.0
5222,0,194,-0.8069999999999998,0.05670103092783505,998.9,4.23,0.0
5223,0,190,-0.8109999999999998,0.05789473684210526,999.0,4.23,0.0
5224,0,184,-0.8169999999999998,0.059782608695652176,999.1,4.23,0.0
5225,1,321,0.31999999999998874,0.056074766355140186,999.3,4.23,0.0
5226,0,179,-0.8219999999999998,0.055865921787709494,999.4,4.23,0.0
5227,0,187,-0.8139999999999998,0.058823529411764705,999.5,4.23,0.0
5228,4,713,3.711999999999988,0.056100981767180924,999.8,4.23,0.0
5229,3,579,2.5779999999999603,0.055267702936096716,1000.1,4.23,0.0
5230,2,446,1.444999999999975,0.05605381165919283,1000.4,4.23,0.0
5231,0,179,-0.8219999999999998,0.061452513966480445,1000.5,4.23,0.0
5232,2,446,1.444999999999975,0.05605381165919283,1000.7,4.23,0.0
5233,3,579,2.5779999999999603,0.055267702936096716,1001.0,4.23,0.0
5234,1,315,0.3139999999999894,0.05714285714285714,1001.2,4.23,0.0
5235,5,850,4.849000000000033,0.05647058823529412,1001.7,4.23,0.0
5236,2,460,1.4589999999999734,0.05652173913043478,1001.9,4.23,0.0
5237,3,590,2.588999999999959,0.05593220338983051,1002.3,4.23,0.0
5238,2,446,1.444999999999975,0.05605381165919283,1002.5,4.23,0.0
5239,2,446,1.444999999999975,0.05605381165919283,1002.8,4.23,0.0
5240,1,316,0.3149999999999893,0.056962025316455694,1002.9,4.23,0.0
5241,1,313,0.3119999999999896,0.054313099041533544,1003.1,4.23,0.0
5242,1,313,0.3119999999999896,0.054313099041533544,1003.3,4.23,0.0
5243,6,1005,6.004000000000084,0.05572139303482587,1003.9,4.23,0.0
5244,2,446,1.444999999999975,0.05605381165919283,1004.1,4.23,0.0
5245,7,1113,7.112000000000036,0.055705300988319856,1004.7,4.23,0.0
5246,0,192,-0.8089999999999998,0.057291666666666664,1004.8,4.23,0.0
5247,1,313,0.3119999999999896,0.05750798722044728,1005.0,4.23,0.0
5248,4,718,3.71699999999999,0.055710306406685235,1005.3,4.23,0.0
5249,1,315,0.3139999999999894,0.05714285714285714,1005.5,4.23,0.0
5250,4,713,3.711999999999988,0.056100981767180924,1005.9,4.23,0.0
5251,0,179,-0.8219999999999998,0.055865921787709494,1006.0,4.23,0.0
5252,0,179,-0.8219999999999998,0.055865921787709494,1006.1,4.23,0.0
5253,0,185,-0.8159999999999998,0.05945945945945946,1006.2,4.23,0.0
5254,0,185,-0.8159999999999998,0.05945945945945946,1006.3,4.23,0.0
5255,2,446,1.444999999999975,0.05605381165919283,1006.5,4.23,0.0
5256,6,1001,6.000000000000083,0.055944055944055944,1007.1,4.23,0.0
5257,2,446,1.444999999999975,0.05605381165919283,1007.3,4.23,0.0
5258,1,313,0.3119999999999896,0.054313099041533544,1007.5,4.23,0.0
5259,1,313,0.3119999999999896,0.054313099041533544,1007.7,4.23,0.0
5260,0,179,-0.8219999999999998,0.055865921787709494,1007.8,4.23,0.0
5261,4,713,3.711999999999988,0.0546984572230014,1008.1,4.23,0.0
5262,0,189,-0.8119999999999998,0.0582010582010582,1008.2,4.23,0.0
5263,0,179,-0.8219999999999998,0.055865921787709494,1008.3,4.23,0.0
5264,2,446,1.444999999999975,0.05605381165919283,1008.6,4.23,0.0
5265,4,731,3.729999999999994,0.0560875512995896,1009.0,4.23,0.0
5266,1,317,0.3159999999999892,0.056782334384858045,1009.2,4.23,0.0
5267,2,458,1.4569999999999736,0.056768558951965066,1009.4,4.23,0.0
5268,0,179,-0.8219999999999998,0.055865921787709494,1009.5,4.23,0.0
5269,3,579,2.5779999999999603,0.055267702936096716,1009.8,4.23,0.0
5270,3,579,2.5779999999999603,0.055267702936096716,1010.1,4.23,0.0
5271,1,319,0.31799999999998896,0.05642633228840126,1010.3,4.23,0.0
5272,2,446,1.444999999999975,0.05605381165919283,1010.5,4.23,0.0
5273,0,179,-0.8219999999999998,0.055865921787709494,1010.6,4.23,0.0
5274,2,446,1.444999999999975,0.05605381165919283,1010.8,4.23,0.0
5275,4,713,3.711999999999988,0.056100981767180924,1011.3,4.23,0.0
5276,0,187,-0.8139999999999998,0.058823529411764705,1011.3,4.23,0.0
5277,3,579,2.5779999999999603,0.055267702936096716,1011.7,4.23,0.0
5278,1,313,0.3119999999999896,0.054313099041533544,1011.8,4.23,0.0
5279,0,179,-0.8219999999999998,0.055865921787709494,1011.9,4.23,0.0
5280,0,179,-0.8219999999999998,0.055865921787709494,1012.0,4.23,0.0
5281,1,313,0.3119999999999896,0.054313099041533544,1012.2,4.23,0.0
5282,2,446,1.444999999999975,0.053811659192825115,1012.4,4.23,0.0
5283,0,179,-0.8219999999999998,0.055865921787709494,1012.5,4.23,0.0
5284,0,179,-0.8219999999999998,0.055865921787709494,1012.6,4.23,0.0
5285,2,446,1.444999999999975,0.05605381165919283,1012.9,4.23,0.0
5286,2,446,1.444999999999975,0.05605381165919283,1013.1,4.23,0.0
5287,1,313,0.3119999999999896,0.054313099041533544,1013.3,4.23,0.0
5288,0,179,-0.8219999999999998,0.055865921787709494,1013.4,4.23,0.0
5289,1,313,0.3119999999999896,0.054313099041533544,1013.6,4.23,0.0
5290,3,604,2.6029999999999576,0.056291390728476824,1013.9,4.23,0.0
5291,4,713,3.711999999999988,0.0546984572230014,1014.2,4.23,0.0
5292,4,713,3.711999999999988,0.056100981767180924,1014.6,4.23,0.0
5293,2,446,1.444999999999975,0.05605381165919283,1014.9,4.23,0.0
5294,3,579,2.5779999999999603,0.055267702936096716,1015.2,4.23,0.0
5295,4,730,3.728999999999994,0.056164383561643834,1015.6,4.23,0.0
5296,2,461,1.4599999999999733,0.05639913232104121,1015.8,4.23,0.0
5297,0,179,-0.8219999999999998,0.05027932960893855,1015.9,4.23,0.0
5298,2,446,1.444999999999975,0.05605381165919283,1016.1,4.23,0.0
5299,2,446,1.444999999999975,0.053811659192825115,1016.4,4.23,0.0
5300,0,179,-0.8219999999999998,0.055865921787709494,1016.5,4.23,0.0
5301,2,446,1.444999999999975,0.05605381165919283,1016.7,4.23,0.0
5302,0,186,-0.8149999999999998,0.05913978494623656,1016.8,4.23,0.0
5303,1,313,0.3119999999999896,0.054313099041533544,1017.0,4.23,0.0
5304,0,185,-0.8159999999999998,0.05945945945945946,1017.1,4.23,0.0
5305,0,179,-0.8219999999999998,0.055865921787709494,1017.2,4.23,0.0
5306,0,183,-0.8179999999999998,0.060109289617486336,1017.3,4.23,0.0
5307,1,313,0.3119999999999896,0.054313099041533544,1017.4,4.23,0.0
5308,1,313,0.3119999999999896,0.054313099041533544,1017.6,4.23,0.0
5309,1,313,0.3119999999999896,0.054313099041533544,1017.8,4.23,0.0
5310,4,713,3.711999999999988,0.056100981767180924,1018.2,4.23,0.0
5311,0,179,-0.8219999999999998,0.055865921787709494,1018.3,4.23,0.0
5312,0,179,-0.8219999999999998,0.055865921787709494,1018.4,4.24,0.0
5313,0,179,-0.8219999999999998,0.055865921787709494,1018.5,4.24,0.0
5314,0,189,-0.8119999999999998,0.0582010582010582,1018.6,4.24,0.0
5315,0,179,-0.8219999999999998,0.05027932960893855,1018.7,4.24,0.0
5316,0,179,-0.8219999999999998,0.055865921787709494,1018.7,4.24,0.0
5317,0,191,-0.8099999999999998,0.05759162303664921,1018.9,4.24,0.0
5318,4,713,3.711999999999988,0.056100981767180924,1019.2,4.24,0.0
5319,0,179,-0.8219999999999998,0.055865921787709494,1019.3,4.24,0.0
5320,5,846,4.845000000000032,0.05555555555555555,1019.8,4.24,0.0
5321,0,179,-0.8219999999999998,0.055865921787709494,1019.9,4.24,0.0
5322,1,313,0.3119999999999896,0.054313099041533544,1020.0,4.24,0.0
5323,1,313,0.3119999999999896,0.05750798722044728,1020.2,4.24,0.0
5324,1,313,0.3119999999999896,0.054313099041533544,1020.4,4.24,0.0
5325,3,590,2.588999999999959,0.05593220338983051,1020.7,4.24,0.0
5326,2,446,1.444999999999975,0.05605381165919283,1020.9,4.24,0.0
5327,0,179,-0.8219999999999998,0.055865921787709494,1021.0,4.24,0.0
5328,1,313,0.3119999999999896,0.054313099041533544,1021.2,4.24,0.0
5329,2,446,1.444999999999975,0.05605381165919283,1021.4,4.24,0.0
5330,0,179,-0.8219999999999998,0.055865921787709494,1021.5,4.24,0.0
5331,0,195,-0.8059999999999998,0.05641025641025641,1021.6,4.24,0.0
5332,2,446,1.444999999999975,0.05605381165919283,1021.9,4.24,0.0
5333,1,319,0.31799999999998896,0.05642633228840126,1022.0,4.24,0.0
5334,5,857,4.856000000000035,0.056009334889148193,1022.5,4.24,0.0
5335,2,446,1.444999999999975,0.053811659192825115,1022.7,4.24,0.0
5336,0,186,-0.8149999999999998,0.05913978494623656,1022.8,4.24,0.0
5337,2,446,1.444999999999975,0.05605381165919283,1023.1,4.24,0.0
5338,3,579,2.5779999999999603,0.055267702936096716,1023.4,4.24,0.0
5339,1,313,0.3119999999999896,0.054313099041533544,1023.6,4.24,0.0
5340,0,185,-0.8159999999999998,0.05945945945945946,1023.7,4.24,0.0
5341,0,187,-0.8139999999999998,0.058823529411764705,1023.7,4.24,0.0
5342,3,609,2.607999999999957,0.05582922824302135,1024.1,4.24,0.0
5343,3,587,2.5859999999999594,0.056218057921635436,1024.4,4.24,0.0
5344,2,446,1.444999999999975,0.053811659192825115,1024.6,4.24,0.0
5345,1,335,0.3339999999999872,0.056716417910447764,1024.8,4.24,0.0
5346,3,587,2.5859999999999594,0.056218057921635436,1025.1,4.24,0.0
5347,0,179,-0.8219999999999998,0.055865921787709494,1025.2,4.24,0.0
5348,0,179,-0.8219999999999998,0.055865921787709494,1025.3,4.24,0.0
5349,4,713,3.711999999999988,0.0546984572230014,1025.7,4.24,0.0
5350,5,853,4.852000000000034,0.05627198124267292,1026.1,4.24,0.0
5351,5,853,4.852000000000034,0.05627198124267292,1026.6,4.24,0.0
5352,2,446,1.444999999999975,0.05605381165919283,1026.8,4.24,0.0
5353,0,184,-0.8169999999999998,0.059782608695652176,1026.9,4.24,0.0
5354,0,179,-0.8219999999999998,0.055865921787709494,1027.0,4.24,0.0
5355,1,313,0.3119999999999896,0.05750798722044728,1027.2,4.24,0.0
5356,3,579,2.5779999999999603,0.055267702936096716,1027.5,4.24,0.0
5357,4,713,3.711999999999988,0.0546984572230014,1027.9,4.24,0.0
5358,3,590,2.588999999999959,0.05593220338983051,1028.2,4.24,0.0
5359,1,317,0.3159999999999892,0.056782334384858045,1028.4,4.24,0.0
5360,1,313,0.3119999999999896,0.05750798722044728,1028.5,4.24,0.0
5361,2,455,1.453999999999974,0.05714285714285714,1028.8,4.24,0.0
5362,0,179,-0.8219999999999998,0.055865921787709494,1028.9,4.24,0.0
5363,3,579,2.5779999999999603,0.055267702936096716,1029.2,4.24,0.0
5364,4,717,3.7159999999999895,0.05578800557880056,1029.6,4.24,0.0
5365,2,446,1.444999999999975,0.05605381165919283,1029.8,4.24,0.0
5366,2,446,1.444999999999975,0.05605381165919283,1030.1,4.24,0.0
5367,0,179,-0.8219999999999998,0.055865921787709494,1030.1,4.24,0.0
5368,2,452,1.4509999999999743,0.05752212389380531,1030.4,4.24,0.0
5369,0,179,-0.8219999999999998,0.055865921787709494,1030.5,4.24,0.0
5370,0,188,-0.8129999999999998,0.05851063829787234,1030.6,4.24,0.0
5371,12,1779,12.777999999999667,0.05564924114671164,1031.5,4.24,0.0
5372,4,713,3.711999999999988,0.0546984572230014,1031.9,4.24,0.0
5373,0,181,-0.8199999999999998,0.06077348066298342,1032.0,4.24,0.0
5374,1,313,0.3119999999999896,0.054313099041533544,1032.2,4.24,0.0
5375,0,179,-0.8219999999999998,0.055865921787709494,1032.3,4.24,0.0
5376,0,189,-0.8119999999999998,0.0582010582010582,1032.3,4.24,0.0
5377,0,184,-0.8169999999999998,0.059782608695652176,1032.4,4.24,0.0
5378,0,189,-0.8119999999999998,0.0582010582010582,1032.5,4.24,0.0
5379,5,846,4.845000000000032,0.05555555555555555,1033.0,4.24,0.0
5380,4,715,3.713999999999989,0.055944055944055944,1033.4,4.24,0.0
5381,3,579,2.5779999999999603,0.055267702936096716,1033.7,4.24,0.0
5382,0,189,-0.8119999999999998,0.0582010582010582,1033.8,4.24,0.0
5383,0,179,-0.8219999999999998,0.05027932960893855,1033.9,4.24,0.0
5384,5,846,4.845000000000032,0.05555555555555555,1034.4,4.24,0.0
5385,0,179,-0.8219999999999998,0.055865921787709494,1034.4,4.24,0.0
5386,1,313,0.3119999999999896,0.05750798722044728,1034.6,4.24,0.0
5387,2,446,1.444999999999975,0.053811659192825115,1034.8,4.24,0.0
5388,4,713,3.711999999999988,0.056100981767180924,1035.2,4.24,0.0
5389,6,979,5.978000000000075,0.056179775280898875,1035.7,4.24,0.0
5390,6,979,5.978000000000075,0.05515832482124617,1036.3,4.24,0.0
5391,0,191,-0.8099999999999998,0.05759162303664921,1036.4,4.24,0.0
5392,1,313,0.3119999999999896,0.054313099041533544,1036.6,4.24,0.0
5393,3,587,2.5859999999999594,0.056218057921635436,1036.9,4.24,0.0
5394,2,463,1.461999999999973,0.056155507559395246,1037.1,4.24,0.0
5395,0,193,-0.8079999999999998,0.05699481865284974,1037.2,4.24,0.0
5396,0,196,-0.8049999999999998,0.05612244897959184,1037.3,4.24,0.0
5397,2,446,1.444999999999975,0.05605381165919283,1037.6,4.24,0.0
5398,0,179,-0.8219999999999998,0.055865921787709494,1037.7,4.24,0.0
5399,1,313,0.3119999999999896,0.05750798722044728,1037.8,4.24,0.0
5400,0,179,-0.8219999999999998,0.055865921787709494,1037.9,4.24,0.0
5401,3,589,2.587999999999959,0.05602716468590832,1038.3,4.24,0.0
5402,4,713,3.711999999999988,0.056100981767180924,1038.7,4.24,0.0
5403,4,713,3.711999999999988,0.056100981767180924,1039.0,4.24,0.0
5404,5,848,4.847000000000032,0.05660377358490566,1039.5,4.24,0.0
5405,0,187,-0.8139999999999998,0.058823529411764705,1039.6,4.24,0.0
5406,2,446,1.444999999999975,0.05605381165919283,1039.8,4.24,0.0
5407,5,846,4.845000000000032,0.05555555555555555,1040.3,4.24,0.0
5408,4,722,3.720999999999991,0.05678670360110803,1040.7,4.24,0.0
5409,0,195,-0.8059999999999998,0.05641025641025641,1040.8,4.24,0.0
5410,0,179,-0.8219999999999998,0.055865921787709494,1040.9,4.24,0.0
5411,1,340,0.33899999999998665,0.05588235294117647,1041.1,4.24,0.0
5412,0,179,-0.8219999999999998,0.055865921787709494,1041.2,4.24,0.0
5413,8,1246,8.244999999999962,0.05537720706260032,1041.8,4.24,0.0
5414,2,446,1.444999999999975,0.05605381165919283,1042.1,4.24,0.0
5415,2,446,1.444999999999975,0.05605381165919283,1042.3,4.24,0.0
5416,2,464,1.462999999999973,0.05603448275862069,1042.6,4.24,0.0
5417,0,207,-0.7939999999999998,0.057971014492753624,1042.7,4.24,0.0
5418,0,179,-0.8219999999999998,0.055865921787709494,1042.8,4.24,0.0
5419,2,446,1.444999999999975,0.05605381165919283,1043.0,4.24,0.0
5420,7,1113,7.112000000000036,0.055705300988319856,1043.6,4.24,0.0
5421,2,457,1.4559999999999738,0.05689277899343545,1043.8,4.24,0.0
5422,0,179,-0.8219999999999998,0.055865921787709494,1044.0,4.24,0.0
5423,5,846,4.845000000000032,0.05555555555555555,1044.4,4.24,0.0
5424,0,189,-0.8119999999999998,0.0582010582010582,1044.5,4.24,0.0
5425,0,179,-0.8219999999999998,0.055865921787709494,1044.6,4.24,0.0
5426,1,313,0.3119999999999896,0.05750798722044728,1044.8,4.24,0.0
5427,3,579,2.5779999999999603,0.05699481865284974,1045.1,4.24,0.0
5428,5,851,4.850000000000033,0.0564042303172738,1045.5,4.24,0.0
5429,0,182,-0.8189999999999998,0.06043956043956044,1045.6,4.24,0.0
5430,1,313,0.3119999999999896,0.054313099041533544,1045.8,4.24,0.0
5431,1,313,0.3119999999999896,0.05750798722044728,1046.0,4.24,0.0
5432,1,339,0.33799999999998676,0.05604719764011799,1046.2,4.24,0.0
5433,2,459,1.4579999999999735,0.05664488017429194,1046.4,4.24,0.0
5434,7,1123,7.12200000000003,0.05609973285841496,1047.0,4.24,0.0
5435,5,860,4.859000000000036,0.05581395348837209,1047.5,4.23,0.0
5436,1,337,0.335999999999987,0.05637982195845697,1047.7,4.24,0.0
5437,1,313,0.3119999999999896,0.05750798722044728,1047.8,4.24,0.0
5438,1,329,0.32799999999998786,0.057750759878419454,1048.0,4.24,0.0
5439,3,579,2.5779999999999603,0.055267702936096716,1048.3,4.24,0.0
5440,4,713,3.711999999999988,0.056100981767180924,1048.7,4.23,0.0
5441,3,579,2.5779999999999603,0.055267702936096716,1049.0,4.23,0.0
5442,3,579,2.5779999999999603,0.055267702936096716,1049.3,4.23,0.0
5443,3,610,2.608999999999957,0.05573770491803279,1049.7,4.23,0.0
5444,3,593,2.591999999999959,0.05564924114671164,1050.0,4.23,0.0
5445,0,192,-0.8089999999999998,0.057291666666666664,1050.1,4.23,0.0
5446,3,583,2.58199999999996,0.05660377358490566,1050.4,4.23,0.0
5447,1,313,0.3119999999999896,0.05750798722044728,1050.6,4.23,0.0
5448,1,313,0.3119999999999896,0.054313099041533544,1050.7,4.23,0.0
5449,3,579,2.5779999999999603,0.055267702936096716,1051.1,4.23,0.0
5450,1,313,0.3119999999999896,0.05750798722044728,1051.2,4.23,0.0
5451,1,313,0.3119999999999896,0.054313099041533544,1051.4,4.23,0.0
5452,1,331,0.32999999999998764,0.05740181268882175,1051.6,4.23,0.0
5453,1,313,0.3119999999999896,0.054313099041533544,1051.7,4.23,0.0
5454,0,179,-0.8219999999999998,0.055865921787709494,1051.8,4.24,0.0
5455,2,446,1.444999999999975,0.05605381165919283,1052.1,4.24,0.0
5456,0,179,-0.8219999999999998,0.055865921787709494,1052.2,4.24,0.0
5457,1,313,0.3119999999999896,0.05750798722044728,1052.3,4.24,0.0
5458,5,846,4.845000000000032,0.05555555555555555,1052.8,4.24,0.0
5459,2,446,1.444999999999975,0.05605381165919283,1053.0,4.24,0.0
5460,0,179,-0.8219999999999998,0.055865921787709494,1053.1,4.24,0.0
5461,0,179,-0.8219999999999998,0.055865921787709494,1053.2,4.24,0.0
5462,4,713,3.711999999999988,0.056100981767180924,1053.6,4.24,0.0
5463,0,179,-0.8219999999999998,0.055865921787709494,1053.7,4.24,0.0
5464,1,336,0.3349999999999871,0.05654761904761905,1053.9,4.24,0.0
5465,2,448,1.4469999999999748,0.05580357142857143,1054.1,4.24,0.0
5466,0,179,-0.8219999999999998,0.055865921787709494,1054.2,4.24,0.0
5467,2,454,1.452999999999974,0.05726872246696035,1054.4,4.24,0.0
5468,5,848,4.847000000000032,0.05660377358490566,1054.9,4.24,0.0
5469,5,856,4.855000000000035,0.056074766355140186,1055.4,4.24,0.0
5470,4,713,3.711999999999988,0.0546984572230014,1055.7,4.23,0.0
5471,0,179,-0.8219999999999998,0.055865921787709494,1055.8,4.24,0.0
5472,1,313,0.3119999999999896,0.054313099041533544,1056.0,4.24,0.0
5473,6,979,5.978000000000075,0.056179775280898875,1056.5,4.23,0.0
5474,0,179,-0.8219999999999998,0.055865921787709494,1056.6,4.24,0.0
5475,1,339,0.33799999999998676,0.05604719764011799,1056.8,4.24,0.0
5476,1,315,0.3139999999999894,0.05714285714285714,1056.9,4.24,0.0
5477,0,210,-0.7909999999999998,0.05714285714285714,1057.1,4.24,0.0
5478,1,313,0.3119999999999896,0.054313099041533544,1057.2,4.24,0.0
5479,2,446,1.444999999999975,0.05605381165919283,1057.5,4.24,0.0
5480,3,579,2.5779999999999603,0.055267702936096716,1057.8,4.24,0.0
5481,0,179,-0.8219999999999998,0.055865921787709494,1057.9,4.24,0.0
5482,1,319,0.31799999999998896,0.05642633228840126,1058.0,4.24,0.0
5483,1,313,0.3119999999999896,0.05750798722044728,1058.2,4.24,0.0
5484,5,849,4.848000000000033,0.05653710247349823,1058.7,4.24,0.0
5485,3,579,2.5779999999999603,0.05699481865284974,1059.0,4.24,0.0
5486,0,182,-0.8189999999999998,0.06043956043956044,1059.1,4.24,0.0
5487,4,713,3.711999999999988,0.056100981767180924,1059.5,4.24,0.0
5488,6,979,5.978000000000075,0.05515832482124617,1060.0,4.23,0.0
5489,1,340,0.33899999999998665,0.05588235294117647,1060.2,4.24,0.0
5490,1,313,0.3119999999999896,0.054313099041533544,1060.3,4.24,0.0
5491,0,179,-0.8219999999999998,0.055865921787709494,1060.4,4.24,0.0
5492,2,446,1.444999999999975,0.05605381165919283,1060.7,4.24,0.0
5493,4,713,3.711999999999988,0.056100981767180924,1061.1,4.24,0.0
5494,3,591,2.589999999999959,0.05583756345177665,1061.4,4.24,0.0
5495,4,729,3.7279999999999935,0.056241426611796985,1061.8,4.23,0.0
5496,4,713,3.711999999999988,0.0546984572230014,1062.1,4.23,0.0
5497,0,179,-0.8219999999999998,0.055865921787709494,1062.2,4.23,0.0
5498,2,446,1.444999999999975,0.05605381165919283,1062.5,4.23,0.0
5499,3,588,2.5869999999999593,0.05612244897959184,1062.8,4.23,0.0
5500,2,465,1.4639999999999729,0.05591397849462366,1063.0,4.23,0.0
5501,1,313,0.3119999999999896,0.054313099041533544,1066.3,4.22,0.0
5502,0,179,-0.8219999999999998,0.055865921787709494,1066.4,4.22,0.0
5503,1,336,0.3349999999999871,0.05654761904761905,1066.6,4.22,0.0
5504,0,179,-0.8219999999999998,0.055865921787709494,1066.7,4.22,0.0
5505,0,179,-0.8219999999999998,0.05027932960893855,1066.8,4.22,0.0
5506,3,579,2.5779999999999603,0.055267702936096716,1067.2,4.22,0.0
5507,0,187,-0.8139999999999998,0.058823529411764705,1067.3,4.22,0.0
5508,6,979,5.978000000000075,0.056179775280898875,1067.8,4.22,0.0
5509,0,179,-0.8219999999999998,0.055865921787709494,1067.9,4.22,0.0
5510,3,579,2.5779999999999603,0.055267702936096716,1068.2,4.22,0.0
5511,0,179,-0.8219999999999998,0.055865921787709494,1068.3,4.22,0.0
5512,0,179,-0.8219999999999998,0.055865921787709494,1068.4,4.22,0.0
5513,0,186,-0.8149999999999998,0.05913978494623656,1068.5,4.22,0.0
5514,2,446,1.444999999999975,0.05605381165919283,1068.8,4.22,0.0
5515,2,446,1.444999999999975,0.05605381165919283,1069.0,4.22,0.0
5516,3,579,2.5779999999999603,0.05699481865284974,1069.3,4.22,0.0
5517,2,463,1.461999999999973,0.056155507559395246,1069.6,4.22,0.0
5518,0,179,-0.8219999999999998,0.055865921787709494,1069.7,4.22,0.0
5519,0,179,-0.8219999999999998,0.055865921787709494,1069.8,4.23,0.0
5520,2,446,1.444999999999975,0.053811659192825115,1070.0,4.23,0.0
5521,0,185,-0.8159999999999998,0.05945945945945946,1070.1,4.23,0.0
5522,0,214,-0.7869999999999998,0.056074766355140186,1070.3,4.23,0.0
5523,0,179,-0.8219999999999998,0.055865921787709494,1070.4,4.23,0.0
5524,0,179,-0.8219999999999998,0.055865921787709494,1070.5,4.23,0.0
5525,4,731,3.729999999999994,0.0560875512995896,1070.9,4.23,0.0
5526,1,313,0.3119999999999896,0.054313099041533544,1071.0,4.23,0.0
5527,3,579,2.5779999999999603,0.055267702936096716,1071.4,4.23,0.0
5528,0,188,-0.8129999999999998,0.05851063829787234,1071.6,4.23,0.0
5529,2,476,1.4749999999999717,0.05672268907563025,1071.9,4.23,0.0
5530,2,446,1.444999999999975,0.05605381165919283,1072.1,4.23,0.0
5531,0,179,-0.8219999999999998,0.055865921787709494,1072.2,4.23,0.0
5532,5,854,4.853000000000034,0.05620608899297424,1072.8,4.23,0.0
5533,0,179,-0.8219999999999998,0.055865921787709494,1072.9,4.23,0.0
5534,0,179,-0.8219999999999998,0.055865921787709494,1073.0,4.23,0.0
5535,1,313,0.3119999999999896,0.054313099041533544,1073.2,4.23,0.0
5536,5,846,4.845000000000032,0.05555555555555555,1073.7,4.23,0.0
5537,1,336,0.3349999999999871,0.05654761904761905,1073.9,4.23,0.0
5538,7,1113,7.112000000000036,0.055705300988319856,1074.5,4.22,0.0
5539,3,584,2.5829999999999598,0.05650684931506849,1074.9,4.22,0.0
5540,3,589,2.587999999999959,0.05602716468590832,1075.2,4.22,0.0
5541,0,179,-0.8219999999999998,0.055865921787709494,1075.4,4.22,0.0
5542,4,713,3.711999999999988,0.056100981767180924,1075.8,4.22,0.0
5543,1,337,0.335999999999987,0.05637982195845697,1076.0,4.22,0.0
5544,8,1246,8.244999999999962,0.056179775280898875,1076.6,4.22,0.0
5545,0,179,-0.8219999999999998,0.055865921787709494,1076.8,4.22,0.0
5546,6,984,5.983000000000077,0.05589430894308943,1077.3,4.22,0.0
5547,1,313,0.3119999999999896,0.054313099041533544,1077.4,4.22,0.0
5548,2,446,1.444999999999975,0.053811659192825115,1077.7,4.22,0.0
5549,0,188,-0.8129999999999998,0.05851063829787234,1077.8,4.22,0.0
5550,3,579,2.5779999999999603,0.055267702936096716,1078.1,4.22,0.0
5551,0,190,-0.8109999999999998,0.05789473684210526,1078.2,4.22,0.0
5552,1,313,0.3119999999999896,0.05750798722044728,1078.4,4.22,0.0
5553,2,446,1.444999999999975,0.05605381165919283,1078.6,4.22,0.0
5554,0,179,-0.8219999999999998,0.055865921787709494,1078.7,4.22,0.0
5555,0,189,-0.8119999999999998,0.0582010582010582,1078.8,4.22,0.0
5556,2,446,1.444999999999975,0.05605381165919283,1079.1,4.22,0.0
5557,6,979,5.978000000000075,0.05515832482124617,1079.6,4.22,0.0
5558,3,579,2.5779999999999603,0.055267702936096716,1079.9,4.22,0.0
5559,0,179,-0.8219999999999998,0.055865921787709494,1080.0,4.22,0.0
5560,3,579,2.5779999999999603,0.055267702936096716,1080.3,4.22,0.0
5561,7,1113,7.112000000000036,0.055705300988319856,1080.9,4.22,0.0
5562,8,1246,8.244999999999962,0.05537720706260032,1081.6,4.22,0.0
5563,2,447,1.4459999999999749,0.05592841163310962,1081.8,4.22,0.0
5564,4,713,3.711999999999988,0.056100981767180924,1082.2,4.22,0.0
5565,2,456,1.4549999999999739,0.05701754385964912,1082.4,4.22,0.0
5566,0,179,-0.8219999999999998,0.055865921787709494,1082.5,4.22,0.0
5567,7,1113,7.112000000000036,0.055705300988319856,1083.1,4.22,0.0
5568,2,446,1.444999999999975,0.053811659192825115,1083.4,4.22,0.0
5569,3,579,2.5779999999999603,0.055267702936096716,1083.7,4.22,0.0
5570,1,319,0.31799999999998896,0.05642633228840126,1083.9,4.22,0.0
5571,2,476,1.4749999999999717,0.05672268907563025,1084.1,4.22,0.0
5572,4,713,3.711999999999988,0.0546984572230014,1084.5,4.22,0.0
5573,2,465,1.4639999999999729,0.05591397849462366,1084.8,4.22,0.0
5574,1,319,0.31799999999998896,0.05642633228840126,1084.9,4.22,0.0
5575,4,713,3.711999999999988,0.056100981767180924,1085.3,4.22,0.0
5576,0,184,-0.8169999999999998,0.059782608695652176,1085.4,4.22,0.0
5577,3,579,2.5779999999999603,0.055267702936096716,1085.8,4.22,0.0
5578,0,183,-0.8179999999999998,0.060109289617486336,1085.8,4.22,0.0
5579,2,460,1.4589999999999734,0.05652173913043478,1086.1,4.22,0.0
5580,0,179,-0.8219999999999998,0.055865921787709494,1086.2,4.22,0.0
5581,0,179,-0.8219999999999998,0.055865921787709494,1086.3,4.22,0.0
5582,1,335,0.3339999999999872,0.056716417910447764,1086.5,4.22,0.0
5583,3,579,2.5779999999999603,0.05699481865284974,1086.8,4.22,0.0
5584,2,446,1.444999999999975,0.05605381165919283,1087.0,4.22,0.0
5585,0,192,-0.8089999999999998,0.057291666666666664,1087.1,4.22,0.0
5586,0,179,-0.8219999999999998,0.055865921787709494,1087.2,4.22,0.0
5587,0,179,-0.8219999999999998,0.055865921787709494,1087.3,4.22,0.0
5588,3,609,2.607999999999957,0.05582922824302135,1087.7,4.22,0.0
5589,7,1113,7.112000000000036,0.055705300988319856,1088.3,4.22,0.0
5590,5,846,4.845000000000032,0.05555555555555555,1088.7,4.22,0.0
5591,3,579,2.5779999999999603,0.055267702936096716,1089.0,4.22,0.0
5592,2,461,1.4599999999999733,0.05639913232104121,1089.3,4.22,0.0
5593,1,313,0.3119999999999896,0.054313099041533544,1089.4,4.22,0.0
5594,0,185,-0.8159999999999998,0.05945945945945946,1089.5,4.22,0.0
5595,2,446,1.444999999999975,0.053811659192825115,1089.8,4.22,0.0
5596,0,187,-0.8139999999999998,0.058823529411764705,1089.9,4.22,0.0
5597,4,713,3.711999999999988,0.056100981767180924,1090.3,4.22,0.0
5598,5,846,4.845000000000032,0.05555555555555555,1090.7,4.22,0.0
5599,3,579,2.5779999999999603,0.055267702936096716,1091.0,4.22,0.0
5600,0,179,-0.8219999999999998,0.055865921787709494,1091.1,4.22,0.0
5601,0,179,-0.8219999999999998,0.05027932960893855,1091.2,4.22,0.0
5602,2,446,1.444999999999975,0.05605381165919283,1091.5,4.22,0.0
5603,2,446,1.444999999999975,0.053811659192825115,1091.7,4.22,0.0
5604,1,348,0.34699999999998576,0.05747126436781609,1091.9,4.22,0.0
5605,2,446,1.444999999999975,0.05605381165919283,1092.2,4.22,0.0
5606,3,579,2.5779999999999603,0.055267702936096716,1092.5,4.22,0.0
5607,0,179,-0.8219999999999998,0.055865921787709494,1092.6,4.22,0.0
5608,0,179,-0.8219999999999998,0.055865921787709494,1092.7,4.22,0.0
5609,5,861,4.860000000000037,0.05574912891986063,1093.1,4.22,0.0
5610,2,446,1.444999999999975,0.05605381165919283,1093.4,4.22,0.0
5611,0,179,-0.8219999999999998,0.055865921787709494,1093.5,4.22,0.0
5612,4,713,3.711999999999988,0.056100981767180924,1093.8,4.22,0.0
5613,4,733,3.731999999999995,0.05593451568894952,1094.2,4.22,0.0
5614,2,457,1.4559999999999738,0.05689277899343545,1094.5,4.22,0.0
5615,6,983,5.982000000000077,0.05595116988809766,1095.0,4.22,0.0
5616,3,579,2.5779999999999603,0.055267702936096716,1095.3,4.22,0.0
5617,2,446,1.444999999999975,0.05605381165919283,1095.5,4.22,0.0
5618,3,579,2.5779999999999603,0.055267702936096716,1095.9,4.21,0.0
5619,6,887,5.8860000000000445,0.05636978579481398,1096.3,4.21,0.0
5620,4,715,3.713999999999989,0.055944055944055944,1096.7,4.21,0.0
5621,0,179,-0.8219999999999998,0.055865921787709494,1096.8,4.21,0.0
5622,1,317,0.3159999999999892,0.056782334384858045,1097.0,4.21,0.0
5623,8,1246,8.244999999999962,0.05537720706260032,1097.6,4.21,0.0
5624,0,182,-0.8189999999999998,0.06043956043956044,1097.7,4.21,0.0
5625,2,461,1.4599999999999733,0.05639913232104121,1098.0,4.21,0.0
5626,0,179,-0.8219999999999998,0.055865921787709494,1098.1,4.21,0.0
5627,0,210,-0.7909999999999998,0.05714285714285714,1098.2,4.21,0.0
5628,2,446,1.444999999999975,0.05605381165919283,1098.4,4.21,0.0
5629,3,579,2.5779999999999603,0.055267702936096716,1098.8,4.21,0.0
5630,1,335,0.3339999999999872,0.056716417910447764,1098.9,4.21,0.0
5631,2,457,1.4559999999999738,0.05689277899343545,1099.2,4.21,0.0
5632,5,849,4.848000000000033,0.05653710247349823,1099.6,4.21,0.0
5633,3,579,2.5779999999999603,0.05699481865284974,1099.9,4.21,0.0
5634,3,579,2.5779999999999603,0.055267702936096716,1100.2,4.21,0.0
5635,0,179,-0.8219999999999998,0.055865921787709494,1100.3,4.21,0.0
5636,6,985,5.984000000000077,0.05583756345177665,1100.9,4.21,0.0
5637,0,179,-0.8219999999999998,0.055865921787709494,1101.0,4.21,0.0
5638,1,319,0.31799999999998896,0.05642633228840126,1101.1,4.21,0.0
5639,0,179,-0.8219999999999998,0.055865921787709494,1101.2,4.21,0.0
5640,2,456,1.4549999999999739,0.05701754385964912,1101.5,4.21,0.0
5641,3,586,2.5849999999999596,0.05631399317406143,1101.8,4.21,0.0
5642,3,582,2.58099999999996,0.05670103092783505,1102.1,4.21,0.0
5643,0,179,-0.8219999999999998,0.055865921787709494,1102.2,4.21,0.0
5644,3,586,2.5849999999999596,0.05631399317406143,1102.5,4.21,0.0
5645,5,846,4.845000000000032,0.05555555555555555,1102.9,4.21,0.0
5646,2,446,1.444999999999975,0.05605381165919283,1103.2,4.21,0.0
5647,0,179,-0.8219999999999998,0.055865921787709494,1103.3,4.21,0.0
5648,0,179,-0.8219999999999998,0.05027932960893855,1103.4,4.21,0.0
5649,2,466,1.4649999999999728,0.055793991416309016,1103.6,4.21,0.0
5650,0,184,-0.8169999999999998,0.059782608695652176,1103.7,4.21,0.0
5651,3,579,2.5779999999999603,0.055267702936096716,1104.0,4.21,0.0
5652,4,713,3.711999999999988,0.056100981767180924,1104.4,4.21,0.0
5653,0,179,-0.8219999999999998,0.055865921787709494,1104.5,4.21,0.0
5654,4,713,3.711999999999988,0.056100981767180924,1104.9,4.21,0.0
5655,4,713,3.711999999999988,0.056100981767180924,1105.3,4.21,0.0
5656,0,179,-0.8219999999999998,0.055865921787709494,1105.4,4.21,0.0
5657,2,451,1.4499999999999744,0.057649667405764965,1105.6,4.21,0.0
5658,0,179,-0.8219999999999998,0.055865921787709494,1105.7,4.21,0.0
5659,3,579,2.5779999999999603,0.055267702936096716,1106.0,4.21,0.0
5660,1,313,0.3119999999999896,0.054313099041533544,1106.2,4.21,0.0
5661,0,182,-0.8189999999999998,0.06043956043956044,1106.3,4.21,0.0
5662,0,197,-0.8039999999999998,0.05583756345177665,1106.4,4.21,0.0
5663,2,353,1.3519999999999852,0.056657223796033995,1106.5,4.21,0.0
5664,0,193,-0.8079999999999998,0.05699481865284974,1106.6,4.22,0.0
5665,11,1646,11.64499999999974,0.05589307411907655,1107.5,4.21,0.0
5666,0,179,-0.8219999999999998,0.055865921787709494,1107.6,4.21,0.0
5667,0,192,-0.8089999999999998,0.057291666666666664,1107.7,4.21,0.0
5668,1,337,0.335999999999987,0.05637982195845697,1107.9,4.21,0.0
5669,0,179,-0.8219999999999998,0.055865921787709494,1108.0,4.21,0.0
5670,1,313,0.3119999999999896,0.054313099041533544,1108.2,4.22,0.0
5671,0,188,-0.8129999999999998,0.05851063829787234,1108.3,4.22,0.0
5672,3,579,2.5779999999999603,0.055267702936096716,1108.6,4.22,0.0
5673,1,313,0.3119999999999896,0.054313099041533544,1108.8,4.22,0.0
5674,0,179,-0.8219999999999998,0.055865921787709494,1108.9,4.22,0.0
5675,0,179,-0.8219999999999998,0.055865921787709494,1109.0,4.22,0.0
5676,1,339,0.33799999999998676,0.05604719764011799,1109.1,4.22,0.0
5677,1,313,0.3119999999999896,0.05750798722044728,1109.3,4.22,0.0
5678,1,313,0.3119999999999896,0.05750798722044728,1109.5,4.22,0.0
5679,3,579,2.5779999999999603,0.055267702936096716,1109.8,4.22,0.0
5680,0,179,-0.8219999999999998,0.055865921787709494,1109.9,4.22,0.0
5681,2,446,1.444999999999975,0.05605381165919283,1110.1,4.22,0.0
5682,2,454,1.452999999999974,0.05726872246696035,1110.4,4.22,0.0
5683,5,846,4.845000000000032,0.05555555555555555,1110.8,4.22,0.0
5684,1,313,0.3119999999999896,0.054313099041533544,1111.0,4.22,0.0
5685,0,179,-0.8219999999999998,0.055865921787709494,1111.1,4.22,0.0
5686,1,338,0.33699999999998687,0.05621301775147929,1111.3,4.22,0.0
5687,4,713,3.711999999999988,0.056100981767180924,1111.7,4.22,0.0
5688,0,184,-0.8169999999999998,0.059782608695652176,1111.8,4.22,0.0
5689,2,446,1.444999999999975,0.053811659192825115,1112.0,4.22,0.0
5690,5,847,4.846000000000032,0.05667060212514758,1112.4,4.22,0.0
5691,0,179,-0.8219999999999998,0.055865921787709494,1112.5,4.22,0.0
5692,1,328,0.32699999999998797,0.057926829268292686,1112.7,4.22,0.0
5693,3,588,2.5869999999999593,0.05612244897959184,1113.0,4.22,0.0
5694,0,179,-0.8219999999999998,0.055865921787709494,1113.1,4.22,0.0
5695,0,182,-0.8189999999999998,0.06043956043956044,1113.2,4.22,0.0
5696,9,1383,9.381999999999886,0.05567606652205351,1114.0,4.22,0.0
5697,0,211,-0.7899999999999998,0.05687203791469194,1114.1,4.22,0.0
5698,2,446,1.444999999999975,0.05605381165919283,1114.3,4.22,0.0
5699,0,179,-0.8219999999999998,0.055865921787709494,1114.4,4.22,0.0
5700,1,313,0.3119999999999896,0.054313099041533544,1114.6,4.22,0.0
5701,1,316,0.3149999999999893,0.056962025316455694,1114.8,4.22,0.0
5702,2,446,1.444999999999975,0.05605381165919283,1115.0,4.22,0.0
5703,9,1395,9.39399999999988,0.05591397849462366,1115.7,4.22,0.0
5704,2,446,1.444999999999975,0.053811659192825115,1116.0,4.22,0.0
5705,4,713,3.711999999999988,0.0546984572230014,1116.4,4.22,0.0
5706,0,179,-0.8219999999999998,0.055865921787709494,1116.5,4.22,0.0
5707,3,588,2.5869999999999593,0.05612244897959184,1116.8,4.22,0.0
5708,2,456,1.4549999999999739,0.05701754385964912,1117.0,4.22,0.0
5709,3,609,2.607999999999957,0.05582922824302135,1117.4,4.22,0.0
5710,1,339,0.33799999999998676,0.05604719764011799,1117.5,4.22,0.0
5711,0,189,-0.8119999999999998,0.0582010582010582,1117.6,4.22,0.0
5712,5,846,4.845000000000032,0.05555555555555555,1118.1,4.22,0.0
5713,8,1246,8.244999999999962,0.05537720706260032,1118.7,4.21,0.0
5714,2,459,1.4579999999999735,0.05664488017429194,1119.0,4.21,0.0
5715,4,713,3.711999999999988,0.0546984572230014,1119.4,4.21,0.0
5716,0,190,-0.8109999999999998,0.05789473684210526,1119.5,4.21,0.0
5717,1,313,0.3119999999999896,0.05750798722044728,1119.6,4.21,0.0
5718,1,313,0.3119999999999896,0.05750798722044728,1119.8,4.21,0.0
5719,7,1113,7.112000000000036,0.05480682839173405,1120.4,4.21,0.0
5720,4,732,3.7309999999999945,0.056010928961748634,1120.8,4.21,0.0
5721,2,446,1.444999999999975,0.053811659192825115,1121.0,4.21,0.0
5722,0,179,-0.8219999999999998,0.055865921787709494,1121.1,4.21,0.0
5723,1,313,0.3119999999999896,0.054313099041533544,1121.3,4.21,0.0
5724,0,179,-0.8219999999999998,0.055865921787709494,1121.4,4.21,0.0
5725,0,179,-0.8219999999999998,0.055865921787709494,1121.5,4.21,0.0
5726,5,855,4.854000000000035,0.056140350877192984,1121.9,4.21,0.0
5727,5,846,4.845000000000032,0.05555555555555555,1122.4,4.21,0.0
5728,7,1113,7.112000000000036,0.055705300988319856,1123.0,4.21,0.0
5729,0,179,-0.8219999999999998,0.055865921787709494,1123.1,4.21,0.0
5730,0,179,-0.8219999999999998,0.055865921787709494,1123.2,4.21,0.0
5731,1,318,0.31699999999998907,0.05660377358490566,1123.3,4.21,0.0
5732,0,179,-0.8219999999999998,0.05027932960893855,1123.4,4.21,0.0
5733,3,589,2.587999999999959,0.05602716468590832,1123.8,4.21,0.0
5734,2,352,1.3509999999999853,0.056818181818181816,1123.9,4.21,0.0
5735,3,579,2.5779999999999603,0.055267702936096716,1124.3,4.21,0.0
5736,1,336,0.3349999999999871,0.05654761904761905,1124.4,4.21,0.0
5737,1,322,0.32099999999998863,0.055900621118012424,1124.6,4.21,0.0
5738,3,584,2.5829999999999598,0.05650684931506849,1124.9,4.21,0.0
5739,0,179,-0.8219999999999998,0.055865921787709494,1125.0,4.21,0.0
5740,1,340,0.33899999999998665,0.05588235294117647,1125.2,4.21,0.0
5741,0,179,-0.8219999999999998,0.055865921787709494,1125.3,4.21,0.0
5742,1,313,0.3119999999999896,0.05750798722044728,1125.5,4.21,0.0
5743,2,446,1.444999999999975,0.05605381165919283,1125.7,4.21,0.0
5744,1,313,0.3119999999999896,0.05750798722044728,1125.9,4.21,0.0
5745,0,179,-0.8219999999999998,0.055865921787709494,1126.0,4.21,0.0
5746,4,713,3.711999999999988,0.0546984572230014,1126.4,4.21,0.0
5747,0,179,-0.8219999999999998,0.055865921787709494,1126.5,4.21,0.0
5748,0,189,-0.8119999999999998,0.0582010582010582,1126.6,4.22,0.0
5749,0,179,-0.8219999999999998,0.055865921787709494,1126.7,4.22,0.0
5750,5,846,4.845000000000032,0.05555555555555555,1127.1,4.22,0.0
5751,0,179,-0.8219999999999998,0.05027932960893855,1127.2,4.22,0.0
5752,2,446,1.444999999999975,0.05605381165919283,1127.5,4.22,0.0
5753,0,193,-0.8079999999999998,0.05699481865284974,1127.6,4.22,0.0
5754,0,179,-0.8219999999999998,0.055865921787709494,1127.7,4.22,0.0
5755,1,313,0.3119999999999896,0.054313099041533544,1127.9,4.22,0.0
5756,2,446,1.444999999999975,0.05605381165919283,1128.1,4.22,0.0
5757,2,446,1.444999999999975,0.05605381165919283,1128.3,4.22,0.0
5758,0,179,-0.8219999999999998,0.055865921787709494,1128.4,4.22,0.0
5759,2,446,1.444999999999975,0.05605381165919283,1128.6,4.22,0.0
5760,1,313,0.3119999999999896,0.054313099041533544,1128.8,4.22,0.0
5761,0,179,-0.8219999999999998,0.055865921787709494,1128.9,4.22,0.0
5762,7,1128,7.127000000000027,0.05585106382978723,1129.5,4.22,0.0
5763,0,179,-0.8219999999999998,0.055865921787709494,1129.6,4.22,0.0
5764,4,713,3.711999999999988,0.056100981767180924,1130.0,4.22,0.0
5765,1,313,0.3119999999999896,0.054313099041533544,1130.2,4.22,0.0
5766,3,579,2.5779999999999603,0.05699481865284974,1130.5,4.22,0.0
5767,4,713,3.711999999999988,0.056100981767180924,1130.9,4.22,0.0
5768,0,191,-0.8099999999999998,0.05759162303664921,1131.0,4.22,0.0
5769,1,313,0.3119999999999896,0.05750798722044728,1131.1,4.22,0.0
5770,4,713,3.711999999999988,0.0546984572230014,1131.5,4.22,0.0
5771,3,579,2.5779999999999603,0.055267702936096716,1131.8,4.22,0.0
5772,2,446,1.444999999999975,0.05605381165919283,1132.1,4.22,0.0
5773,0,179,-0.8219999999999998,0.055865921787709494,1132.2,4.22,0.0
5774,0,179,-0.8219999999999998,0.055865921787709494,1132.3,4.22,0.0
5775,1,313,0.3119999999999896,0.05750798722044728,1132.4,4.22,0.0
5776,6,984,5.983000000000077,0.05589430894308943,1133.0,4.22,0.0
5777,0,179,-0.8219999999999998,0.055865921787709494,1133.1,4.22,0.0
5778,5,852,4.851000000000034,0.056338028169014086,1133.5,4.22,0.0
5779,1,335,0.3339999999999872,0.056716417910447764,1133.7,4.22,0.0
5780,1,313,0.3119999999999896,0.054313099041533544,1133.9,4.22,0.0
5781,2,446,1.444999999999975,0.05605381165919283,1134.1,4.22,0.0
5782,2,446,1.444999999999975,0.05605381165919283,1134.4,4.22,0.0
5783,0,179,-0.8219999999999998,0.055865921787709494,1134.5,4.22,0.0
5784,1,322,0.32099999999998863,0.055900621118012424,1134.7,4.22,0.0
5785,1,313,0.3119999999999896,0.05750798722044728,1134.8,4.22,0.0
5786,3,579,2.5779999999999603,0.055267702936096716,1135.2,4.22,0.0
5787,1,313,0.3119999999999896,0.054313099041533544,1135.3,4.22,0.0
5788,0,189,-0.8119999999999998,0.0582010582010582,1135.4,4.22,0.0
5789,1,313,0.3119999999999896,0.054313099041533544,1135.6,4.22,0.0
5790,0,179,-0.8219999999999998,0.055865921787709494,1135.7,4.22,0.0
5791,3,579,2.5779999999999603,0.055267702936096716,1136.0,4.22,0.0
5792,2,446,1.444999999999975,0.05605381165919283,1136.2,4.22,0.0
5793,2,458,1.4569999999999736,0.056768558951965066,1136.5,4.22,0.0
5794,1,313,0.3119999999999896,0.05750798722044728,1136.7,4.22,0.0
5795,4,713,3.711999999999988,0.0546984572230014,1137.0,4.22,0.0
5796,3,579,2.5779999999999603,0.055267702936096716,1137.3,4.22,0.0
5797,0,179,-0.8219999999999998,0.055865921787709494,1137.4,4.22,0.0
5798,4,713,3.711999999999988,0.0546984572230014,1137.8,4.22,0.0
5799,1,317,0.3159999999999892,0.056782334384858045,1138.0,4.22,0.0
5800,2,446,1.444999999999975,0.05605381165919283,1138.2,4.22,0.0
5801,2,473,1.471999999999972,0.05708245243128964,1138.5,4.22,0.0
5802,0,179,-0.8219999999999998,0.055865921787709494,1138.6,4.22,0.0
5803,0,179,-0.8219999999999998,0.055865921787709494,1138.7,4.22,0.0
5804,1,331,0.32999999999998764,0.05740181268882175,1138.9,4.22,0.0
5805,0,179,-0.8219999999999998,0.055865921787709494,1139.0,4.22,0.0
5806,1,313,0.3119999999999896,0.054313099041533544,1139.1,4.22,0.0
5807,0,179,-0.8219999999999998,0.055865921787709494,1139.2,4.22,0.0
5808,2,446,1.444999999999975,0.05605381165919283,1139.5,4.22,0.0
5809,3,579,2.5779999999999603,0.055267702936096716,1139.8,4.22,0.0
5810,2,456,1.4549999999999739,0.05701754385964912,1140.0,4.22,0.0
5811,0,187,-0.8139999999999998,0.058823529411764705,1140.1,4.22,0.0
5812,1,336,0.3349999999999871,0.05654761904761905,1140.3,4.22,0.0
5813,1,313,0.3119999999999896,0.054313099041533544,1140.5,4.22,0.0
5814,4,732,3.7309999999999945,0.056010928961748634,1140.9,4.22,0.0
5815,5,846,4.845000000000032,0.05555555555555555,1141.3,4.22,0.0
5816,1,315,0.3139999999999894,0.05714285714285714,1141.5,4.22,0.0
5817,0,179,-0.8219999999999998,0.055865921787709494,1141.6,4.22,0.0
5818,5,754,4.753000000000001,0.05570291777188329,1142.0,4.22,0.0
5819,4,735,3.7339999999999955,0.055782312925170066,1142.4,4.22,0.0
5820,2,465,1.4639999999999729,0.05591397849462366,1142.6,4.22,0.0
5821,3,579,2.5779999999999603,0.055267702936096716,1143.0,4.22,0.0
5822,1,313,0.3119999999999896,0.05750798722044728,1143.1,4.22,0.0
5823,3,579,2.5779999999999603,0.055267702936096716,1143.4,4.22,0.0
5824,0,183,-0.8179999999999998,0.060109289617486336,1143.5,4.22,0.0
5825,1,338,0.33699999999998687,0.05621301775147929,1143.7,4.22,0.0
5826,0,186,-0.8149999999999998,0.05913978494623656,1143.8,4.22,0.0
5827,1,321,0.31999999999998874,0.056074766355140186,1144.0,4.22,0.0
5828,0,179,-0.8219999999999998,0.055865921787709494,1144.1,4.22,0.0
5829,3,579,2.5779999999999603,0.055267702936096716,1144.4,4.22,0.0
5830,1,313,0.3119999999999896,0.05750798722044728,1144.6,4.22,0.0
5831,0,179,-0.8219999999999998,0.05027932960893855,1144.7,4.22,0.0
5832,0,191,-0.8099999999999998,0.05759162303664921,1144.8,4.22,0.0
5833,1,313,0.3119999999999896,0.054313099041533544,1144.9,4.22,0.0
5834,0,208,-0.7929999999999998,0.057692307692307696,1145.0,4.22,0.0
5835,2,446,1.444999999999975,0.05605381165919283,1145.3,4.22,0.0
5836,0,179,-0.8219999999999998,0.055865921787709494,1145.4,4.22,0.0
5837,0,179,-0.8219999999999998,0.055865921787709494,1145.5,4.22,0.0
5838,2,458,1.4569999999999736,0.056768558951965066,1145.7,4.22,0.0
5839,2,446,1.444999999999975,0.053811659192825115,1146.0,4.22,0.0
5840,0,183,-0.8179999999999998,0.060109289617486336,1146.1,4.22,0.0
5841,4,713,3.711999999999988,0.056100981767180924,1146.5,4.22,0.0
5842,2,455,1.453999999999974,0.05714285714285714,1146.7,4.22,0.0
5843,2,446,1.444999999999975,0.05605381165919283,1146.9,4.22,0.0
5844,2,451,1.4499999999999744,0.057649667405764965,1147.2,4.22,0.0
5845,1,313,0.3119999999999896,0.054313099041533544,1147.3,4.22,0.0
5846,1,318,0.31699999999998907,0.05660377358490566,1147.5,4.22,0.0
5847,0,189,-0.8119999999999998,0.0582010582010582,1147.6,4.22,0.0
5848,0,179,-0.8219999999999998,0.055865921787709494,1147.7,4.22,0.0
5849,0,187,-0.8139999999999998,0.058823529411764705,1147.8,4.23,0.0
5850,0,179,-0.8219999999999998,0.055865921787709494,1147.9,4.23,0.0
5851,2,446,1.444999999999975,0.05605381165919283,1148.2,4.23,0.0
5852,1,315,0.3139999999999894,0.05714285714285714,1148.3,4.23,0.0
5853,2,446,1.444999999999975,0.05605381165919283,1148.6,4.23,0.0
5854,4,713,3.711999999999988,0.0546984572230014,1148.9,4.23,0.0
5855,0,179,-0.8219999999999998,0.055865921787709494,1149.0,4.23,0.0
5856,0,179,-0.8219999999999998,0.055865921787709494,1149.1,4.23,0.0
5857,6,979,5.978000000000075,0.05515832482124617,1149.7,4.23,0.0
5858,7,1113,7.112000000000036,0.055705300988319856,1150.3,4.22,0.0
5859,2,456,1.4549999999999739,0.05701754385964912,1150.5,4.22,0.0
5860,0,179,-0.8219999999999998,0.055865921787709494,1150.6,4.22,0.0
5861,3,579,2.5779999999999603,0.055267702936096716,1151.0,4.22,0.0
5862,1,313,0.3119999999999896,0.05750798722044728,1151.1,4.22,0.0
5863,0,179,-0.8219999999999998,0.055865921787709494,1151.2,4.23,0.0
5864,1,313,0.3119999999999896,0.054313099041533544,1151.4,4.23,0.0
5865,1,313,0.3119999999999896,0.05750798722044728,1151.5,4.23,0.0
5866,1,313,0.3119999999999896,0.05750798722044728,1151.7,4.23,0.0
5867,1,315,0.3139999999999894,0.05714285714285714,1151.9,4.23,0.0
5868,4,730,3.728999999999994,0.056164383561643834,1152.3,4.23,0.0
5869,0,192,-0.8089999999999998,0.057291666666666664,1152.4,4.23,0.0
5870,0,179,-0.8219999999999998,0.055865921787709494,1152.5,4.23,0.0
5871,0,179,-0.8219999999999998,0.055865921787709494,1152.6,4.23,0.0
5872,3,579,2.5779999999999603,0.055267702936096716,1152.9,4.23,0.0
5873,2,459,1.4579999999999735,0.05664488017429194,1153.1,4.23,0.0
5874,0,179,-0.8219999999999998,0.055865921787709494,1153.2,4.23,0.0
5875,2,448,1.4469999999999748,0.05580357142857143,1153.5,4.23,0.0
5876,0,187,-0.8139999999999998,0.058823529411764705,1153.6,4.23,0.0
5877,3,579,2.5779999999999603,0.055267702936096716,1153.9,4.23,0.0
5878,5,846,4.845000000000032,0.05555555555555555,1154.3,4.23,0.0
5879,1,318,0.31699999999998907,0.05660377358490566,1154.5,4.23,0.0
5880,2,460,1.4589999999999734,0.05652173913043478,1154.8,4.23,0.0
5881,1,321,0.31999999999998874,0.056074766355140186,1154.9,4.23,0.0
5882,0,187,-0.8139999999999998,0.058823529411764705,1155.0,4.23,0.0
5883,3,579,2.5779999999999603,0.055267702936096716,1155.3,4.23,0.0
5884,0,179,-0.8219999999999998,0.055865921787709494,1155.4,4.23,0.0
5885,2,446,1.444999999999975,0.05605381165919283,1155.7,4.23,0.0
5886,4,714,3.7129999999999885,0.056022408963585436,1156.0,4.23,0.0
5887,0,183,-0.8179999999999998,0.060109289617486336,1156.2,4.23,0.0
5888,0,179,-0.8219999999999998,0.055865921787709494,1156.3,4.23,0.0
5889,6,979,5.978000000000075,0.056179775280898875,1156.8,4.23,0.0
5890,5,846,4.845000000000032,0.05555555555555555,1157.2,4.23,0.0
5891,0,179,-0.8219999999999998,0.055865921787709494,1157.3,4.23,0.0
5892,0,179,-0.8219999999999998,0.055865921787709494,1157.4,4.23,0.0
5893,0,179,-0.8219999999999998,0.055865921787709494,1157.5,4.23,0.0
5894,0,179,-0.8219999999999998,0.055865921787709494,1157.6,4.23,0.0
5895,1,313,0.3119999999999896,0.054313099041533544,1157.8,4.23,0.0
5896,5,846,4.845000000000032,0.05555555555555555,1158.2,4.23,0.0
5897,1,314,0.3129999999999895,0.05732484076433121,1158.4,4.23,0.0
5898,2,447,1.4459999999999749,0.05592841163310962,1158.7,4.23,0.0
5899,1,313,0.3119999999999896,0.054313099041533544,1158.8,4.23,0.0
5900,1,313,0.3119999999999896,0.054313099041533544,1159.0,4.23,0.0
5901,3,579,2.5779999999999603,0.055267702936096716,1159.3,4.23,0.0
5902,1,313,0.3119999999999896,0.05750798722044728,1159.5,4.23,0.0
5903,0,179,-0.8219999999999998,0.055865921787709494,1159.6,4.23,0.0
5904,4,713,3.711999999999988,0.056100981767180924,1160.0,4.23,0.0
5905,0,179,-0.8219999999999998,0.055865921787709494,1160.1,4.23,0.0
5906,1,320,0.31899999999998885,0.05625,1160.2,4.23,0.0
5907,0,179,-0.8219999999999998,0.055865921787709494,1160.3,4.23,0.0
5908,3,579,2.5779999999999603,0.055267702936096716,1160.6,4.23,0.0
5909,0,184,-0.8169999999999998,0.059782608695652176,1160.7,4.23,0.0
5910,2,460,1.4589999999999734,0.05652173913043478,1161.0,4.23,0.0
5911,0,194,-0.8069999999999998,0.05670103092783505,1161.1,4.23,0.0
5912,1,333,0.3319999999999874,0.057057057057057055,1161.3,4.23,0.0
5913,0,179,-0.8219999999999998,0.055865921787709494,1161.4,4.23,0.0
5914,8,1246,8.244999999999962,0.056179775280898875,1162.0,4.23,0.0
5915,4,731,3.729999999999994,0.0560875512995896,1162.4,4.23,0.0
5916,2,446,1.444999999999975,0.05605381165919283,1162.7,4.23,0.0
5917,2,446,1.444999999999975,0.05605381165919283,1162.9,4.23,0.0
5918,1,338,0.33699999999998687,0.05621301775147929,1163.1,4.23,0.0
5919,4,713,3.711999999999988,0.056100981767180924,1163.5,4.23,0.0
5920,0,181,-0.8199999999999998,0.06077348066298342,1163.6,4.23,0.0
5921,1,313,0.3119999999999896,0.05750798722044728,1163.8,4.23,0.0
5922,3,579,2.5779999999999603,0.055267702936096716,1164.1,4.23,0.0
5923,1,313,0.3119999999999896,0.05750798722044728,1164.2,4.23,0.0
5924,3,589,2.587999999999959,0.05602716468590832,1164.5,4.23,0.0
5925,6,979,5.978000000000075,0.05515832482124617,1165.1,4.23,0.0
5926,0,179,-0.8219999999999998,0.05027932960893855,1165.2,4.23,0.0
5927,0,179,-0.8219999999999998,0.055865921787709494,1165.3,4.23,0.0
5928,0,179,-0.8219999999999998,0.055865921787709494,1165.4,4.23,0.0
5929,2,447,1.4459999999999749,0.05592841163310962,1165.6,4.23,0.0
5930,3,579,2.5779999999999603,0.055267702936096716,1165.9,4.23,0.0
5931,2,462,1.4609999999999732,0.05627705627705628,1166.2,4.23,0.0
5932,0,179,-0.8219999999999998,0.055865921787709494,1166.3,4.23,0.0
5933,0,179,-0.8219999999999998,0.055865921787709494,1166.4,4.23,0.0
5934,2,446,1.444999999999975,0.05605381165919283,1166.6,4.23,0.0
5935,0,179,-0.8219999999999998,0.055865921787709494,1166.7,4.23,0.0
5936,4,713,3.711999999999988,0.0546984572230014,1167.1,4.23,0.0
5937,1,313,0.3119999999999896,0.054313099041533544,1167.3,4.23,0.0
5938,1,313,0.3119999999999896,0.054313099041533544,1167.4,4.23,0.0
5939,0,179,-0.8219999999999998,0.055865921787709494,1167.5,4.23,0.0
5940,0,188,-0.8129999999999998,0.05851063829787234,1167.6,4.23,0.0
5941,0,179,-0.8219999999999998,0.055865921787709494,1167.7,4.23,0.0
5942,1,313,0.3119999999999896,0.054313099041533544,1167.9,4.23,0.0
5943,0,179,-0.8219999999999998,0.055865921787709494,1168.0,4.23,0.0
5944,0,211,-0.7899999999999998,0.05687203791469194,1168.1,4.23,0.0
5945,1,313,0.3119999999999896,0.05750798722044728,1168.3,4.23,0.0
5946,1,314,0.3129999999999895,0.05732484076433121,1168.5,4.23,0.0
5947,0,179,-0.8219999999999998,0.05027932960893855,1168.6,4.23,0.0
5948,3,592,2.590999999999959,0.05574324324324324,1168.9,4.23,0.0
5949,1,313,0.3119999999999896,0.054313099041533544,1169.0,4.23,0.0
5950,2,456,1.4549999999999739,0.05701754385964912,1169.3,4.23,0.0
5951,3,579,2.5779999999999603,0.05699481865284974,1169.6,4.23,0.0
5952,3,579,2.5779999999999603,0.055267702936096716,1169.9,4.23,0.0
5953,8,1246,8.244999999999962,0.05537720706260032,1170.6,4.23,0.0
5954,3,579,2.5779999999999603,0.055267702936096716,1170.9,4.23,0.0
5955,2,446,1.444999999999975,0.05605381165919283,1171.2,4.23,0.0
5956,0,179,-0.8219999999999998,0.055865921787709494,1171.3,4.23,0.0
5957,2,459,1.4579999999999735,0.05664488017429194,1171.5,4.23,0.0
5958,4,713,3.711999999999988,0.056100981767180924,1171.9,4.23,0.0
5959,6,979,5.978000000000075,0.056179775280898875,1172.4,4.23,0.0
5960,2,446,1.444999999999975,0.05605381165919283,1172.7,4.23,0.0
5961,0,189,-0.8119999999999998,0.0582010582010582,1172.8,4.23,0.0
5962,0,186,-0.8149999999999998,0.05913978494623656,1172.8,4.23,0.0
5963,1,313,0.3119999999999896,0.054313099041533544,1173.0,4.23,0.0
5964,0,186,-0.8149999999999998,0.05913978494623656,1173.1,4.23,0.0
5965,1,313,0.3119999999999896,0.05750798722044728,1173.3,4.23,0.0
5966,5,846,4.845000000000032,0.05555555555555555,1173.7,4.23,0.0
5967,0,182,-0.8189999999999998,0.06043956043956044,1173.8,4.23,0.0
5968,0,179,-0.8219999999999998,0.055865921787709494,1173.9,4.23,0.0
5969,3,579,2.5779999999999603,0.055267702936096716,1174.2,4.23,0.0
5970,9,1395,9.39399999999988,0.05591397849462366,1175.0,4.23,0.0
5971,4,713,3.711999999999988,0.056100981767180924,1175.3,4.23,0.0
5972,3,579,2.5779999999999603,0.055267702936096716,1175.6,4.23,0.0
5973,2,446,1.444999999999975,0.05605381165919283,1175.9,4.23,0.0
5974,0,179,-0.8219999999999998,0.055865921787709494,1176.0,4.23,0.0
5975,3,579,2.5779999999999603,0.055267702936096716,1176.3,4.23,0.0
5976,1,313,0.3119999999999896,0.05750798722044728,1176.5,4.23,0.0
5977,0,207,-0.7939999999999998,0.057971014492753624,1176.6,4.23,0.0
5978,3,579,2.5779999999999603,0.055267702936096716,1176.9,4.23,0.0
5979,1,340,0.33899999999998665,0.05588235294117647,1177.1,4.23,0.0
5980,2,451,1.4499999999999744,0.057649667405764965,1177.3,4.23,0.0
5981,2,446,1.444999999999975,0.05605381165919283,1177.5,4.23,0.0
5982,0,183,-0.8179999999999998,0.060109289617486336,1177.6,4.23,0.0
5983,0,179,-0.8219999999999998,0.055865921787709494,1177.7,4.23,0.0
5984,1,317,0.3159999999999892,0.056782334384858045,1177.9,4.23,0.0
5985,3,579,2.5779999999999603,0.055267702936096716,1178.2,4.23,0.0
5986,4,713,3.711999999999988,0.056100981767180924,1178.6,4.23,0.0
5987,3,579,2.5779999999999603,0.055267702936096716,1178.9,4.23,0.0
5988,2,446,1.444999999999975,0.053811659192825115,1179.2,4.23,0.0
5989,3,579,2.5779999999999603,0.055267702936096716,1179.5,4.23,0.0
5990,0,188,-0.8129999999999998,0.05851063829787234,1179.6,4.23,0.0
5991,2,446,1.444999999999975,0.05605381165919283,1179.8,4.23,0.0
5992,0,179,-0.8219999999999998,0.055865921787709494,1179.9,4.23,0.0
5993,1,313,0.3119999999999896,0.05750798722044728,1180.1,4.23,0.0
5994,1,319,0.31799999999998896,0.05642633228840126,1180.3,4.23,0.0
5995,8,1246,8.244999999999962,0.05537720706260032,1180.9,4.23,0.0
5996,0,179,-0.8219999999999998,0.055865921787709494,1181.0,4.23,0.0
5997,0,179,-0.8219999999999998,0.055865921787709494,1181.1,4.23,0.0
5998,1,313,0.3119999999999896,0.05750798722044728,1181.3,4.23,0.0
5999,2,446,1.444999999999975,0.05605381165919283,1181.5,4.23,0.0
6000,0,185,-0.8159999999999998,0.05945945945945946,1181.6,4.23,0.0
6001,4,713,3.711999999999988,0.056100981767180924,1185.2,4.22,0.0
6002,4,713,3.711999999999988,0.056100981767180924,1185.5,4.22,0.0
6003,2,446,1.444999999999975,0.05605381165919283,1185.8,4.22,0.0
6004,5,846,4.845000000000032,0.05555555555555555,1186.2,4.22,0.0
6005,0,179,-0.8219999999999998,0.055865921787709494,1186.3,4.22,0.0
6006,0,184,-0.8169999999999998,0.059782608695652176,1186.4,4.22,0.0
6007,0,179,-0.8219999999999998,0.055865921787709494,1186.5,4.22,0.0
6008,0,179,-0.8219999999999998,0.055865921787709494,1186.6,4.22,0.0
6009,3,584,2.5829999999999598,0.05650684931506849,1186.9,4.22,0.0
6010,4,713,3.711999999999988,0.0546984572230014,1187.3,4.22,0.0
6011,3,591,2.589999999999959,0.05583756345177665,1187.6,4.22,0.0
6012,4,713,3.711999999999988,0.0546984572230014,1188.0,4.22,0.0
6013,1,339,0.33799999999998676,0.05604719764011799,1188.2,4.22,0.0
6014,4,713,3.711999999999988,0.056100981767180924,1188.6,4.22,0.0
6015,0,189,-0.8119999999999998,0.0582010582010582,1188.7,4.22,0.0
6016,5,846,4.845000000000032,0.05555555555555555,1189.1,4.22,0.0
6017,1,337,0.335999999999987,0.05637982195845697,1189.3,4.22,0.0
6018,1,313,0.3119999999999896,0.054313099041533544,1189.5,4.22,0.0
6019,0,179,-0.8219999999999998,0.055865921787709494,1189.6,4.22,0.0
6020,1,313,0.3119999999999896,0.05750798722044728,1189.7,4.22,0.0
6021,1,313,0.3119999999999896,0.054313099041533544,1189.9,4.22,0.0
6022,2,446,1.444999999999975,0.05605381165919283,1190.1,4.22,0.0
6023,0,179,-0.8219999999999998,0.055865921787709494,1190.2,4.22,0.0
6024,0,189,-0.8119999999999998,0.0582010582010582,1190.3,4.22,0.0
6025,0,188,-0.8129999999999998,0.05851063829787234,1190.4,4.22,0.0
6026,1,327,0.3259999999999881,0.0581039755351682,1190.6,4.22,0.0
6027,2,446,1.444999999999975,0.05605381165919283,1190.8,4.22,0.0
6028,3,585,2.5839999999999597,0.05641025641025641,1191.2,4.22,0.0
6029,1,318,0.31699999999998907,0.05660377358490566,1191.3,4.22,0.0
6030,0,184,-0.8169999999999998,0.059782608695652176,1191.4,4.22,0.0
6031,4,713,3.711999999999988,0.056100981767180924,1191.8,4.22,0.0
6032,6,986,5.985000000000078,0.055780933062880324,1192.4,4.22,0.0
6033,0,179,-0.8219999999999998,0.055865921787709494,1192.5,4.22,0.0
6034,0,179,-0.8219999999999998,0.055865921787709494,1192.5,4.22,0.0
6035,0,179,-0.8219999999999998,0.055865921787709494,1192.6,4.22,0.0
6036,0,186,-0.8149999999999998,0.05913978494623656,1192.7,4.22,0.0
6037,3,579,2.5779999999999603,0.055267702936096716,1193.0,4.22,0.0
6038,2,446,1.444999999999975,0.05605381165919283,1193.3,4.22,0.0
6039,2,446,1.444999999999975,0.05605381165919283,1193.6,4.22,0.0
6040,4,713,3.711999999999988,0.0546984572230014,1193.9,4.22,0.0
6041,0,179,-0.8219999999999998,0.055865921787709494,1194.0,4.22,0.0
6042,1,313,0.3119999999999896,0.054313099041533544,1194.2,4.22,0.0
6043,4,713,3.711999999999988,0.056100981767180924,1194.6,4.22,0.0
6044,0,179,-0.8219999999999998,0.055865921787709494,1194.7,4.22,0.0
6045,1,337,0.335999999999987,0.05637982195845697,1194.9,4.22,0.0
6046,0,192,-0.8089999999999998,0.057291666666666664,1195.0,4.22,0.0
6047,2,446,1.444999999999975,0.05605381165919283,1195.2,4.22,0.0
6048,5,846,4.845000000000032,0.05555555555555555,1195.7,4.22,0.0
6049,1,313,0.3119999999999896,0.054313099041533544,1195.8,4.22,0.0
6050,2,446,1.444999999999975,0.05605381165919283,1196.1,4.22,0.0
6051,2,446,1.444999999999975,0.05605381165919283,1196.3,4.22,0.0
6052,0,179,-0.8219999999999998,0.055865921787709494,1196.4,4.22,0.0
6053,1,313,0.3119999999999896,0.054313099041533544,1196.6,4.22,0.0
6054,0,179,-0.8219999999999998,0.055865921787709494,1196.7,4.22,0.0
6055,0,179,-0.8219999999999998,0.055865921787709494,1196.8,4.22,0.0
6056,1,313,0.3119999999999896,0.054313099041533544,1197.0,4.22,0.0
6057,5,849,4.848000000000033,0.05653710247349823,1197.4,4.22,0.0
6058,0,193,-0.8079999999999998,0.05699481865284974,1197.5,4.22,0.0
6059,1,313,0.3119999999999896,0.054313099041533544,1197.7,4.22,0.0
6060,4,732,3.7309999999999945,0.056010928961748634,1198.1,4.22,0.0
6061,3,579,2.5779999999999603,0.055267702936096716,1198.4,4.22,0.0
6062,2,446,1.444999999999975,0.05605381165919283,1198.6,4.22,0.0
6063,0,179,-0.8219999999999998,0.055865921787709494,1198.7,4.22,0.0
6064,4,618,3.6169999999999565,0.05663430420711974,1199.1,4.22,0.0
6065,2,446,1.444999999999975,0.05605381165919283,1199.3,4.22,0.0
6066,5,849,4.848000000000033,0.05653710247349823,1199.8,4.22,0.0
6067,3,588,2.5869999999999593,0.05612244897959184,1200.1,4.22,0.0
6068,5,873,4.872000000000041,0.056128293241695305,1200.5,4.22,0.0
6069,5,846,4.845000000000032,0.05555555555555555,1201.0,4.22,0.0
6070,4,715,3.713999999999989,0.055944055944055944,1201.4,4.22,0.0
6071,0,185,-0.8159999999999998,0.05945945945945946,1201.5,4.22,0.0
6072,1,313,0.3119999999999896,0.054313099041533544,1201.7,4.22,0.0
6073,1,313,0.3119999999999896,0.054313099041533544,1201.8,4.22,0.0
6074,4,734,3.732999999999995,0.055858310626702996,1202.2,4.22,0.0
6075,5,846,4.845000000000032,0.05555555555555555,1202.7,4.22,0.0
6076,0,184,-0.8169999999999998,0.059782608695652176,1202.8,4.22,0.0
6077,1,335,0.3339999999999872,0.056716417910447764,1203.0,4.22,0.0
6078,0,189,-0.8119999999999998,0.0582010582010582,1203.1,4.22,0.0
6079,2,457,1.4559999999999738,0.05689277899343545,1203.3,4.22,0.0
6080,0,179,-0.8219999999999998,0.055865921787709494,1203.4,4.22,0.0
6081,1,336,0.3349999999999871,0.05654761904761905,1203.6,4.22,0.0
6082,0,179,-0.8219999999999998,0.055865921787709494,1203.7,4.22,0.0
6083,0,186,-0.8149999999999998,0.05913978494623656,1203.8,4.22,0.0
6084,7,1131,7.130000000000026,0.05570291777188329,1204.4,4.22,0.0
6085,1,335,0.3339999999999872,0.056716417910447764,1204.6,4.22,0.0
6086,1,336,0.3349999999999871,0.05654761904761905,1204.7,4.22,0.0
6087,3,590,2.588999999999959,0.05593220338983051,1205.1,4.22,0.0
6088,0,179,-0.8219999999999998,0.055865921787709494,1205.2,4.22,0.0
6089,3,579,2.5779999999999603,0.055267702936096716,1205.5,4.22,0.0
6090,0,179,-0.8219999999999998,0.055865921787709494,1205.6,4.22,0.0
6091,6,1002,6.001000000000083,0.05588822355289421,1206.1,4.22,0.0
6092,1,313,0.3119999999999896,0.05750798722044728,1206.3,4.22,0.0
6093,1,336,0.3349999999999871,0.05654761904761905,1206.5,4.22,0.0
6094,0,183,-0.8179999999999998,0.060109289617486336,1206.6,4.22,0.0
6095,2,446,1.444999999999975,0.05605381165919283,1206.8,4.22,0.0
6096,0,182,-0.8189999999999998,0.06043956043956044,1206.9,4.22,0.0
6097,1,313,0.3119999999999896,0.054313099041533544,1207.1,4.22,0.0
6098,5,857,4.856000000000035,0.056009334889148193,1207.6,4.22,0.0
6099,4,713,3.711999999999988,0.056100981767180924,1207.9,4.22,0.0
6100,3,579,2.5779999999999603,0.055267702936096716,1208.2,4.22,0.0
6101,0,196,-0.8049999999999998,0.05612244897959184,1208.3,4.22,0.0
6102,2,446,1.444999999999975,0.05605381165919283,1208.6,4.22,0.0
6103,4,727,3.725999999999993,0.05639614855570839,1209.0,4.22,0.0
6104,1,337,0.335999999999987,0.05637982195845697,1209.2,4.22,0.0
6105,2,446,1.444999999999975,0.05605381165919283,1209.4,4.22,0.0
6106,1,313,0.3119999999999896,0.05750798722044728,1209.6,4.22,0.0
6107,2,446,1.444999999999975,0.05605381165919283,1209.8,4.22,0.0
6108,2,446,1.444999999999975,0.05605381165919283,1210.1,4.22,0.0
6109,0,186,-0.8149999999999998,0.05913978494623656,1210.2,4.22,0.0
6110,0,179,-0.8219999999999998,0.055865921787709494,1210.3,4.22,0.0
6111,0,194,-0.8069999999999998,0.05670103092783505,1210.4,4.22,0.0
6112,1,313,0.3119999999999896,0.054313099041533544,1210.6,4.22,0.0
6113,0,179,-0.8219999999999998,0.055865921787709494,1210.7,4.22,0.0
6114,2,446,1.444999999999975,0.053811659192825115,1210.9,4.22,0.0
6115,0,179,-0.8219999999999998,0.055865921787709494,1211.0,4.22,0.0
6116,2,458,1.4569999999999736,0.056768558951965066,1211.2,4.22,0.0
6117,0,179,-0.8219999999999998,0.055865921787709494,1211.3,4.23,0.0
6118,3,581,2.57999999999996,0.05679862306368331,1211.7,4.22,0.0
6119,0,179,-0.8219999999999998,0.055865921787709494,1211.8,4.23,0.0
6120,2,446,1.444999999999975,0.053811659192825115,1212.0,4.23,0.0
6121,1,313,0.3119999999999896,0.054313099041533544,1212.2,4.23,0.0
6122,1,313,0.3119999999999896,0.05750798722044728,1212.3,4.23,0.0
6123,0,195,-0.8059999999999998,0.05641025641025641,1212.4,4.23,0.0
6124,7,1113,7.112000000000036,0.055705300988319856,1213.0,4.22,0.0
6125,0,179,-0.8219999999999998,0.055865921787709494,1213.1,4.23,0.0
6126,3,579,2.5779999999999603,0.055267702936096716,1213.4,4.23,0.0
6127,0,179,-0.8219999999999998,0.055865921787709494,1213.5,4.23,0.0
6128,0,185,-0.8159999999999998,0.05945945945945946,1213.6,4.23,0.0
6129,5,846,4.845000000000032,0.05555555555555555,1214.1,4.23,0.0
6130,5,846,4.845000000000032,0.05555555555555555,1214.5,4.22,0.0
6131,3,587,2.5859999999999594,0.056218057921635436,1214.8,4.22,0.0
6132,3,602,2.600999999999958,0.05647840531561462,1215.2,4.22,0.0
6133,3,583,2.58199999999996,0.05660377358490566,1215.5,4.22,0.0
6134,1,313,0.3119999999999896,0.054313099041533544,1215.7,4.22,0.0
6135,2,457,1.4559999999999738,0.05689277899343545,1215.9,4.22,0.0
6136,0,179,-0.8219999999999998,0.055865921787709494,1216.0,4.22,0.0
6137,2,354,1.352999999999985,0.05649717514124294,1216.2,4.22,0.0
6138,2,447,1.4459999999999749,0.05592841163310962,1216.5,4.22,0.0
6139,0,179,-0.8219999999999998,0.055865921787709494,1216.6,4.23,0.0
6140,0,191,-0.8099999999999998,0.05759162303664921,1216.7,4.23,0.0
6141,0,179,-0.8219999999999998,0.055865921787709494,1216.7,4.23,0.0
6142,2,446,1.444999999999975,0.053811659192825115,1217.0,4.23,0.0
6143,1,313,0.3119999999999896,0.054313099041533544,1217.2,4.23,0.0
6144,4,713,3.711999999999988,0.0546984572230014,1217.6,4.23,0.0
6145,1,348,0.34699999999998576,0.05747126436781609,1217.7,4.23,0.0
6146,4,713,3.711999999999988,0.056100981767180924,1218.1,4.23,0.0
6147,1,313,0.3119999999999896,0.054313099041533544,1218.3,4.23,0.0
6148,4,732,3.7309999999999945,0.056010928961748634,1218.7,4.23,0.0
6149,0,179,-0.8219999999999998,0.055865921787709494,1218.8,4.23,0.0
6150,3,580,2.57899999999996,0.056896551724137934,1219.1,4.23,0.0
6151,0,183,-0.8179999999999998,0.060109289617486336,1219.2,4.23,0.0
6152,3,579,2.5779999999999603,0.055267702936096716,1219.5,4.23,0.0
6153,6,979,5.978000000000075,0.05515832482124617,1220.0,4.22,0.0
6154,0,196,-0.8049999999999998,0.05612244897959184,1220.1,4.22,0.0
6155,0,179,-0.8219999999999998,0.055865921787709494,1220.2,4.23,0.0
6156,3,579,2.5779999999999603,0.055267702936096716,1220.6,4.23,0.0
6157,4,713,3.711999999999988,0.056100981767180924,1220.9,4.22,0.0
6158,2,446,1.444999999999975,0.05605381165919283,1221.2,4.22,0.0
6159,2,446,1.444999999999975,0.053811659192825115,1221.4,4.22,0.0
6160,4,715,3.713999999999989,0.055944055944055944,1221.8,4.22,0.0
6161,0,179,-0.8219999999999998,0.055865921787709494,1221.9,4.22,0.0
6162,2,446,1.444999999999975,0.05605381165919283,1222.1,4.22,0.0
6163,2,446,1.444999999999975,0.053811659192825115,1222.4,4.22,0.0
6164,2,458,1.4569999999999736,0.056768558951965066,1222.6,4.22,0.0
6165,0,189,-0.8119999999999998,0.0582010582010582,1222.7,4.22,0.0
6166,1,336,0.3349999999999871,0.05654761904761905,1222.9,4.23,0.0
6167,1,313,0.3119999999999896,0.054313099041533544,1223.1,4.23,0.0
6168,3,579,2.5779999999999603,0.055267702936096716,1223.4,4.23,0.0
6169,5,846,4.845000000000032,0.05555555555555555,1223.8,4.22,0.0
6170,3,579,2.5779999999999603,0.055267702936096716,1224.1,4.22,0.0
6171,0,179,-0.8219999999999998,0.055865921787709494,1224.2,4.22,0.0
6172,2,446,1.444999999999975,0.05605381165919283,1224.5,4.22,0.0
6173,0,179,-0.8219999999999998,0.055865921787709494,1224.6,4.23,0.0
6174,0,179,-0.8219999999999998,0.055865921787709494,1224.7,4.23,0.0
6175,3,579,2.5779999999999603,0.055267702936096716,1225.0,4.23,0.0
6176,0,179,-0.8219999999999998,0.055865921787709494,1225.1,4.23,0.0
6177,9,1379,9.377999999999888,0.05511240029006526,1225.9,4.22,0.0
6178,0,179,-0.8219999999999998,0.055865921787709494,1225.9,4.22,0.0
6179,4,713,3.711999999999988,0.056100981767180924,1226.3,4.22,0.0
6180,2,460,1.4589999999999734,0.05652173913043478,1226.6,4.22,0.0
6181,0,179,-0.8219999999999998,0.055865921787709494,1226.7,4.22,0.0
6182,0,179,-0.8219999999999998,0.055865921787709494,1226.8,4.22,0.0
6183,4,716,3.714999999999989,0.055865921787709494,1227.2,4.22,0.0
6184,0,179,-0.8219999999999998,0.055865921787709494,1227.3,4.22,0.0
6185,1,313,0.3119999999999896,0.05750798722044728,1227.4,4.23,0.0
6186,0,179,-0.8219999999999998,0.055865921787709494,1227.5,4.23,0.0
6187,6,979,5.978000000000075,0.056179775280898875,1228.1,4.22,0.0
6188,6,979,5.978000000000075,0.05515832482124617,1228.6,4.22,0.0
6189,4,713,3.711999999999988,0.056100981767180924,1229.0,4.22,0.0
6190,3,579,2.5779999999999603,0.055267702936096716,1229.3,4.22,0.0
6191,1,313,0.3119999999999896,0.054313099041533544,1229.4,4.22,0.0
6192,4,728,3.726999999999993,0.05631868131868132,1229.8,4.22,0.0
6193,6,994,5.99300000000008,0.056338028169014086,1230.4,4.22,0.0
6194,2,446,1.444999999999975,0.05605381165919283,1230.6,4.22,0.0
6195,1,313,0.3119999999999896,0.054313099041533544,1230.8,4.22,0.0
6196,4,713,3.711999999999988,0.0546984572230014,1231.2,4.22,0.0
6197,0,184,-0.8169999999999998,0.059782608695652176,1231.3,4.22,0.0
6198,1,313,0.3119999999999896,0.05750798722044728,1231.5,4.22,0.0
6199,0,187,-0.8139999999999998,0.058823529411764705,1231.5,4.22,0.0
6200,1,313,0.3119999999999896,0.054313099041533544,1231.7,4.22,0.0
6201,1,340,0.33899999999998665,0.05588235294117647,1231.9,4.22,0.0
6202,1,335,0.3339999999999872,0.056716417910447764,1232.1,4.22,0.0
6203,0,192,-0.8089999999999998,0.057291666666666664,1232.2,4.22,0.0
6204,8,1246,8.244999999999962,0.05537720706260032,1232.9,4.22,0.0
6205,1,340,0.33899999999998665,0.05588235294117647,1233.1,4.22,0.0
6206,0,208,-0.7929999999999998,0.057692307692307696,1233.2,4.22,0.0
6207,2,446,1.444999999999975,0.053811659192825115,1233.4,4.22,0.0
6208,1,322,0.32099999999998863,0.055900621118012424,1233.6,4.22,0.0
6209,2,462,1.4609999999999732,0.05627705627705628,1233.8,4.22,0.0
6210,1,221,0.21999999999999975,0.058823529411764705,1234.0,4.22,0.0
6211,1,313,0.3119999999999896,0.054313099041533544,1234.1,4.22,0.0
6212,4,727,3.725999999999993,0.05639614855570839,1234.5,4.22,0.0
6213,2,456,1.4549999999999739,0.05701754385964912,1234.8,4.22,0.0
6214,1,313,0.3119999999999896,0.054313099041533544,1234.9,4.22,0.0
6215,6,1004,6.003000000000084,0.055776892430278883,1235.5,4.22,0.0
6216,0,185,-0.8159999999999998,0.05945945945945946,1235.6,4.22,0.0
6217,7,1113,7.112000000000036,0.055705300988319856,1236.2,4.22,0.0
6218,1,322,0.32099999999998863,0.055900621118012424,1236.3,4.22,0.0
6219,0,179,-0.8219999999999998,0.055865921787709494,1236.4,4.22,0.0
6220,0,194,-0.8069999999999998,0.05670103092783505,1236.6,4.22,0.0
6221,0,187,-0.8139999999999998,0.058823529411764705,1236.7,4.22,0.0
6222,2,446,1.444999999999975,0.05605381165919283,1236.9,4.22,0.0
6223,2,446,1.444999999999975,0.05605381165919283,1237.1,4.22,0.0
6224,1,313,0.3119999999999896,0.054313099041533544,1237.3,4.22,0.0
6225,0,186,-0.8149999999999998,0.05913978494623656,1237.4,4.22,0.0
6226,0,179,-0.8219999999999998,0.055865921787709494,1237.5,4.22,0.0
6227,1,335,0.3339999999999872,0.056716417910447764,1237.7,4.22,0.0
6228,1,313,0.3119999999999896,0.054313099041533544,1237.9,4.22,0.0
6229,4,713,3.711999999999988,0.056100981767180924,1238.2,4.22,0.0
6230,0,179,-0.8219999999999998,0.055865921787709494,1238.3,4.22,0.0
6231,2,446,1.444999999999975,0.05605381165919283,1238.6,4.22,0.0
6232,3,579,2.5779999999999603,0.055267702936096716,1238.9,4.22,0.0
6233,0,179,-0.8219999999999998,0.055865921787709494,1239.0,4.22,0.0
6234,5,846,4.845000000000032,0.054373522458628844,1239.4,4.22,0.0
6235,2,446,1.444999999999975,0.053811659192825115,1239.7,4.22,0.0
6236,0,184,-0.8169999999999998,0.059782608695652176,1239.8,4.22,0.0
6237,2,463,1.461999999999973,0.056155507559395246,1240.0,4.22,0.0
6238,3,579,2.5779999999999603,0.055267702936096716,1240.3,4.22,0.0
6239,0,179,-0.8219999999999998,0.055865921787709494,1240.4,4.22,0.0
6240,3,579,2.5779999999999603,0.055267702936096716,1240.8,4.22,0.0
6241,4,729,3.7279999999999935,0.056241426611796985,1241.2,4.22,0.0
6242,3,593,2.591999999999959,0.05564924114671164,1241.5,4.22,0.0
6243,4,713,3.711999999999988,0.056100981767180924,1241.9,4.22,0.0
6244,3,579,2.5779999999999603,0.055267702936096716,1242.2,4.22,0.0
6245,1,313,0.3119999999999896,0.054313099041533544,1242.4,4.22,0.0
6246,3,579,2.5779999999999603,0.055267702936096716,1242.7,4.22,0.0
6247,0,179,-0.8219999999999998,0.055865921787709494,1242.8,4.22,0.0
6248,1,315,0.3139999999999894,0.05714285714285714,1242.9,4.22,0.0
6249,0,191,-0.8099999999999998,0.05759162303664921,1243.1,4.22,0.0
6250,4,715,3.713999999999989,0.055944055944055944,1243.4,4.22,0.0
6251,0,179,-0.8219999999999998,0.055865921787709494,1243.5,4.22,0.0
6252,5,855,4.854000000000035,0.056140350877192984,1244.0,4.22,0.0
6253,0,179,-0.8219999999999998,0.055865921787709494,1244.1,4.22,0.0
6254,0,179,-0.8219999999999998,0.055865921787709494,1244.2,4.22,0.0
6255,5,852,4.851000000000034,0.056338028169014086,1244.6,4.22,0.0
6256,0,186,-0.8149999999999998,0.05913978494623656,1244.7,4.22,0.0
6257,0,179,-0.8219999999999998,0.055865921787709494,1244.8,4.22,0.0
6258,0,184,-0.8169999999999998,0.059782608695652176,1244.9,4.22,0.0
6259,2,462,1.4609999999999732,0.05627705627705628,1245.2,4.22,0.0
6260,0,179,-0.8219999999999998,0.055865921787709494,1245.3,4.22,0.0
6261,4,713,3.711999999999988,0.0546984572230014,1245.7,4.22,0.0
6262,0,179,-0.8219999999999998,0.05027932960893855,1245.8,4.22,0.0
6263,1,339,0.33799999999998676,0.05604719764011799,1246.0,4.22,0.0
6264,0,192,-0.8089999999999998,0.057291666666666664,1246.1,4.23,0.0
6265,3,579,2.5779999999999603,0.055267702936096716,1246.4,4.23,0.0
6266,3,579,2.5779999999999603,0.055267702936096716,1246.7,4.22,0.0
6267,5,846,4.845000000000032,0.05555555555555555,1247.1,4.22,0.0
6268,4,713,3.711999999999988,0.056100981767180924,1247.5,4.22,0.0
6269,3,579,2.5779999999999603,0.055267702936096716,1247.8,4.22,0.0
6270,1,313,0.3119999999999896,0.054313099041533544,1248.0,4.22,0.0
6271,0,179,-0.8219999999999998,0.055865921787709494,1248.1,4.22,0.0
6272,3,609,2.607999999999957,0.05582922824302135,1248.5,4.22,0.0
6273,1,313,0.3119999999999896,0.05750798722044728,1248.6,4.22,0.0
6274,1,313,0.3119999999999896,0.054313099041533544,1248.8,4.22,0.0
6275,1,313,0.3119999999999896,0.054313099041533544,1249.0,4.22,0.0
6276,5,846,4.845000000000032,0.05555555555555555,1249.4,4.22,0.0
6277,1,320,0.31899999999998885,0.05625,1249.6,4.22,0.0
6278,2,446,1.444999999999975,0.05605381165919283,1249.8,4.22,0.0
6279,1,313,0.3119999999999896,0.05750798722044728,1250.0,4.22,0.0
6280,1,313,0.3119999999999896,0.054313099041533544,1250.2,4.22,0.0
6281,1,313,0.3119999999999896,0.05750798722044728,1250.3,4.22,0.0
6282,0,179,-0.8219999999999998,0.055865921787709494,1250.4,4.22,0.0
6283,0,188,-0.8129999999999998,0.05851063829787234,1250.5,4.23,0.0
6284,0,179,-0.8219999999999998,0.055865921787709494,1250.6,4.23,0.0
6285,1,313,0.3119999999999896,0.054313099041533544,1250.8,4.23,0.0
6286,1,313,0.3119999999999896,0.054313099041533544,1251.0,4.23,0.0
6287,4,714,3.7129999999999885,0.056022408963585436,1251.4,4.23,0.0
6288,4,727,3.725999999999993,0.05639614855570839,1251.8,4.23,0.0
6289,2,446,1.444999999999975,0.05605381165919283,1252.0,4.23,0.0
6290,6,984,5.983000000000077,0.05589430894308943,1252.5,4.22,0.0
6291,5,846,4.845000000000032,0.05555555555555555,1253.0,4.22,0.0
6292,1,313,0.3119999999999896,0.054313099041533544,1253.2,4.22,0.0
6293,2,446,1.444999999999975,0.053811659192825115,1253.4,4.22,0.0
6294,4,713,3.711999999999988,0.0546984572230014,1253.9,4.22,0.0
6295,4,713,3.711999999999988,0.0546984572230014,1254.2,4.22,0.0
6296,0,179,-0.8219999999999998,0.055865921787709494,1254.3,4.22,0.0
6297,1,313,0.3119999999999896,0.054313099041533544,1254.5,4.22,0.0
6298,2,446,1.444999999999975,0.05605381165919283,1254.7,4.22,0.0
6299,6,1017,7.016000000000088,0.05604719764011799,1255.3,4.22,0.0
6300,3,579,2.5779999999999603,0.055267702936096716,1255.6,4.22,0.0
6301,0,179,-0.8219999999999998,0.055865921787709494,1255.7,4.22,0.0
6302,2,446,1.444999999999975,0.053811659192825115,1255.9,4.22,0.0
6303,9,1388,9.386999999999883,0.056195965417867436,1256.7,4.22,0.0
6304,4,713,3.711999999999988,0.056100981767180924,1257.1,4.22,0.0
6305,0,179,-0.8219999999999998,0.055865921787709494,1257.2,4.22,0.0
6306,0,179,-0.8219999999999998,0.055865921787709494,1257.3,4.22,0.0
6307,0,179,-0.8219999999999998,0.055865921787709494,1257.4,4.22,0.0
6308,1,320,0.31899999999998885,0.05625,1257.5,4.22,0.0
6309,5,861,4.860000000000037,0.05574912891986063,1258.0,4.22,0.0
6310,0,179,-0.8219999999999998,0.055865921787709494,1258.1,4.22,0.0
6311,2,446,1.444999999999975,0.05605381165919283,1258.4,4.22,0.0
6312,5,846,4.845000000000032,0.05555555555555555,1258.8,4.22,0.0
6313,2,446,1.444999999999975,0.053811659192825115,1259.0,4.22,0.0
6314,1,313,0.3119999999999896,0.05750798722044728,1259.2,4.22,0.0
6315,0,182,-0.8189999999999998,0.06043956043956044,1259.3,4.22,0.0
6316,1,313,0.3119999999999896,0.054313099041533544,1259.5,4.22,0.0
6317,5,846,4.845000000000032,0.054373522458628844,1259.9,4.22,0.0
6318,0,179,-0.8219999999999998,0.055865921787709494,1260.0,4.22,0.0
6319,0,179,-0.8219999999999998,0.055865921787709494,1260.1,4.22,0.0
6320,6,979,5.978000000000075,0.05515832482124617,1260.7,4.22,0.0
6321,3,590,2.588999999999959,0.05593220338983051,1261.0,4.22,0.0
6322,6,988,5.987000000000078,0.05566801619433198,1261.5,4.22,0.0
6323,0,186,-0.8149999999999998,0.05913978494623656,1261.6,4.22,0.0
6324,0,179,-0.8219999999999998,0.055865921787709494,1261.7,4.22,0.0
6325,5,846,4.845000000000032,0.05555555555555555,1262.2,4.22,0.0
6326,4,713,3.711999999999988,0.056100981767180924,1262.5,4.22,0.0
6327,0,179,-0.8219999999999998,0.055865921787709494,1262.6,4.22,0.0
6328,1,341,0.33999999999998654,0.05571847507331378,1262.8,4.22,0.0
6329,0,179,-0.8219999999999998,0.055865921787709494,1262.9,4.22,0.0
6330,5,846,4.845000000000032,0.05555555555555555,1263.4,4.22,0.0
6331,1,321,0.31999999999998874,0.056074766355140186,1263.6,4.22,0.0
6332,2,459,1.4579999999999735,0.05664488017429194,1263.8,4.22,0.0
6333,5,876,4.875000000000042,0.05593607305936073,1264.3,4.22,0.0
6334,0,179,-0.8219999999999998,0.055865921787709494,1264.3,4.22,0.0
6335,7,1125,7.124000000000029,0.056,1265.0,4.22,0.0
6336,1,338,0.33699999999998687,0.05621301775147929,1265.1,4.22,0.0
6337,3,579,2.5779999999999603,0.055267702936096716,1265.4,4.22,0.0
6338,1,336,0.3349999999999871,0.05654761904761905,1265.6,4.22,0.0
6339,3,589,2.587999999999959,0.05602716468590832,1265.9,4.22,0.0
6340,1,335,0.3339999999999872,0.056716417910447764,1266.1,4.22,0.0
6341,7,1113,7.112000000000036,0.055705300988319856,1266.7,4.22,0.0
6342,0,187,-0.8139999999999998,0.058823529411764705,1266.8,4.22,0.0
6343,3,579,2.5779999999999603,0.055267702936096716,1267.1,4.22,0.0
6344,0,195,-0.8059999999999998,0.05641025641025641,1267.2,4.22,0.0
6345,0,179,-0.8219999999999998,0.055865921787709494,1267.3,4.22,0.0
6346,2,446,1.444999999999975,0.053811659192825115,1267.6,4.22,0.0
6347,3,584,2.5829999999999598,0.05650684931506849,1267.9,4.22,0.0
6348,0,179,-0.8219999999999998,0.055865921787709494,1268.0,4.22,0.0
6349,3,579,2.5779999999999603,0.055267702936096716,1268.3,4.22,0.0
6350,1,315,0.3139999999999894,0.05714285714285714,1268.4,4.22,0.0
6351,3,579,2.5779999999999603,0.055267702936096716,1268.8,4.22,0.0
6352,4,727,3.725999999999993,0.05639614855570839,1269.2,4.22,0.0
6353,2,446,1.444999999999975,0.05605381165919283,1269.4,4.22,0.0
6354,4,713,3.711999999999988,0.056100981767180924,1269.8,4.22,0.0
6355,0,179,-0.8219999999999998,0.055865921787709494,1269.9,4.22,0.0
6356,1,316,0.3149999999999893,0.056962025316455694,1270.0,4.22,0.0
6357,0,193,-0.8079999999999998,0.05699481865284974,1270.2,4.22,0.0
6358,0,189,-0.8119999999999998,0.0582010582010582,1270.2,4.22,0.0
6359,0,179,-0.8219999999999998,0.05027932960893855,1270.3,4.22,0.0
6360,5,846,4.845000000000032,0.05555555555555555,1270.8,4.22,0.0
6361,1,313,0.3119999999999896,0.054313099041533544,1271.0,4.22,0.0
6362,2,446,1.444999999999975,0.05605381165919283,1271.2,4.22,0.0
6363,0,179,-0.8219999999999998,0.055865921787709494,1271.3,4.22,0.0
6364,2,446,1.444999999999975,0.05605381165919283,1271.6,4.22,0.0
6365,0,179,-0.8219999999999998,0.055865921787709494,1271.7,4.22,0.0
6366,0,179,-0.8219999999999998,0.055865921787709494,1271.8,4.22,0.0
6367,0,179,-0.8219999999999998,0.055865921787709494,1271.9,4.22,0.0
6368,4,713,3.711999999999988,0.056100981767180924,1272.2,4.22,0.0
6369,0,179,-0.8219999999999998,0.055865921787709494,1272.3,4.22,0.0
6370,1,313,0.3119999999999896,0.054313099041533544,1272.5,4.22,0.0
6371,3,579,2.5779999999999603,0.055267702936096716,1272.8,4.22,0.0
6372,2,446,1.444999999999975,0.05605381165919283,1273.1,4.22,0.0
6373,4,730,3.728999999999994,0.056164383561643834,1273.5,4.22,0.0
6374,0,179,-0.8219999999999998,0.055865921787709494,1273.6,4.22,0.0
6375,2,446,1.444999999999975,0.05605381165919283,1273.8,4.22,0.0
6376,0,186,-0.8149999999999998,0.05913978494623656,1273.9,4.22,0.0
6377,0,184,-0.8169999999999998,0.059782608695652176,1274.0,4.22,0.0
6378,0,190,-0.8109999999999998,0.05789473684210526,1274.1,4.22,0.0
6379,2,446,1.444999999999975,0.053811659192825115,1274.3,4.22,0.0
6380,0,179,-0.8219999999999998,0.055865921787709494,1274.4,4.22,0.0
6381,0,190,-0.8109999999999998,0.05789473684210526,1274.5,4.22,0.0
6382,0,194,-0.8069999999999998,0.05670103092783505,1274.6,4.22,0.0
6383,4,736,3.734999999999996,0.05570652173913043,1275.0,4.22,0.0
6384,2,466,1.4649999999999728,0.055793991416309016,1275.3,4.22,0.0
6385,2,459,1.4579999999999735,0.05664488017429194,1275.5,4.22,0.0
6386,1,320,0.31899999999998885,0.05625,1275.7,4.22,0.0
6387,6,979,5.978000000000075,0.05515832482124617,1276.2,4.22,0.0
6388,3,579,2.5779999999999603,0.055267702936096716,1276.6,4.22,0.0
6389,0,182,-0.8189999999999998,0.06043956043956044,1276.7,4.22,0.0
6390,6,979,5.978000000000075,0.05515832482124617,1277.2,4.22,0.0
6391,1,337,0.335999999999987,0.05637982195845697,1277.4,4.22,0.0
6392,3,584,2.5829999999999598,0.05650684931506849,1277.7,4.22,0.0
6393,0,179,-0.8219999999999998,0.055865921787709494,1277.8,4.22,0.0
6394,0,179,-0.8219999999999998,0.055865921787709494,1277.9,4.22,0.0
6395,1,313,0.3119999999999896,0.054313099041533544,1278.1,4.22,0.0
6396,4,713,3.711999999999988,0.056100981767180924,1278.4,4.22,0.0
6397,2,446,1.444999999999975,0.05605381165919283,1278.7,4.22,0.0
6398,1,313,0.3119999999999896,0.054313099041533544,1278.8,4.22,0.0
6399,0,179,-0.8219999999999998,0.055865921787709494,1278.9,4.22,0.0
6400,2,463,1.461999999999973,0.056155507559395246,1279.2,4.22,0.0
6401,1,350,1.3489999999999855,0.05714285714285714,1279.4,4.22,0.0
6402,0,179,-0.8219999999999998,0.055865921787709494,1279.5,4.22,0.0
6403,6,1007,6.006000000000085,0.05561072492552135,1280.0,4.22,0.0
6404,5,846,4.845000000000032,0.05555555555555555,1280.5,4.22,0.0
6405,1,313,0.3119999999999896,0.054313099041533544,1280.6,4.22,0.0
6406,2,464,1.462999999999973,0.05603448275862069,1280.9,4.22,0.0
6407,0,179,-0.8219999999999998,0.055865921787709494,1281.0,4.22,0.0
6408,3,579,2.5779999999999603,0.05699481865284974,1281.3,4.22,0.0
6409,2,446,1.444999999999975,0.05605381165919283,1281.5,4.22,0.0
6410,1,313,0.3119999999999896,0.054313099041533544,1281.7,4.22,0.0
6411,1,318,0.31699999999998907,0.05660377358490566,1281.9,4.22,0.0
6412,8,1246,8.244999999999962,0.056179775280898875,1282.5,4.22,0.0
6413,0,179,-0.8219999999999998,0.055865921787709494,1282.6,4.22,0.0
6414,0,187,-0.8139999999999998,0.058823529411764705,1282.7,4.22,0.0
6415,3,579,2.5779999999999603,0.055267702936096716,1283.0,4.22,0.0
6416,0,179,-0.8219999999999998,0.05027932960893855,1283.1,4.22,0.0
6417,0,179,-0.8219999999999998,0.055865921787709494,1283.2,4.22,0.0
6418,1,336,0.3349999999999871,0.05654761904761905,1283.4,4.22,0.0
6419,0,179,-0.8219999999999998,0.055865921787709494,1283.5,4.22,0.0
6420,3,582,2.58099999999996,0.05670103092783505,1283.8,4.22,0.0
6421,3,579,2.5779999999999603,0.055267702936096716,1284.1,4.22,0.0
6422,1,313,0.3119999999999896,0.054313099041533544,1284.3,4.22,0.0
6423,0,179,-0.8219999999999998,0.055865921787709494,1284.4,4.22,0.0
6424,1,313,0.3119999999999896,0.054313099041533544,1284.6,4.22,0.0
6425,1,313,0.3119999999999896,0.054313099041533544,1284.7,4.22,0.0
6426,3,586,2.5849999999999596,0.05631399317406143,1285.0,4.22,0.0
6427,0,179,-0.8219999999999998,0.055865921787709494,1285.1,4.22,0.0
6428,1,313,0.3119999999999896,0.054313099041533544,1285.3,4.22,0.0
6429,2,446,1.444999999999975,0.053811659192825115,1285.6,4.22,0.0
6430,2,446,1.444999999999975,0.05605381165919283,1285.8,4.22,0.0
6431,0,179,-0.8219999999999998,0.05027932960893855,1285.9,4.22,0.0
6432,0,179,-0.8219999999999998,0.055865921787709494,1286.0,4.22,0.0
6433,0,189,-0.8119999999999998,0.0582010582010582,1286.1,4.23,0.0
6434,1,319,0.31799999999998896,0.05642633228840126,1286.3,4.23,0.0
6435,2,446,1.444999999999975,0.05605381165919283,1286.5,4.23,0.0
6436,4,726,3.7249999999999925,0.05647382920110193,1286.9,4.22,0.0
6437,0,179,-0.8219999999999998,0.055865921787709494,1287.0,4.23,0.0
6438,1,313,0.3119999999999896,0.05750798722044728,1287.2,4.23,0.0
6439,3,584,2.5829999999999598,0.05650684931506849,1287.5,4.23,0.0
6440,5,846,4.845000000000032,0.05555555555555555,1288.0,4.22,0.0
6441,2,446,1.444999999999975,0.05605381165919283,1288.2,4.22,0.0
6442,2,446,1.444999999999975,0.05605381165919283,1288.5,4.22,0.0
6443,0,179,-0.8219999999999998,0.055865921787709494,1288.6,4.22,0.0
6444,1,313,0.3119999999999896,0.05750798722044728,1288.7,4.23,0.0
6445,3,592,2.590999999999959,0.05574324324324324,1289.0,4.22,0.0
6446,0,179,-0.8219999999999998,0.055865921787709494,1289.1,4.23,0.0
6447,3,579,2.5779999999999603,0.05699481865284974,1289.5,4.23,0.0
6448,2,446,1.444999999999975,0.05605381165919283,1289.7,4.23,0.0
6449,1,313,0.3119999999999896,0.05750798722044728,1289.9,4.23,0.0
6450,0,187,-0.8139999999999998,0.058823529411764705,1290.0,4.23,0.0
6451,0,188,-0.8129999999999998,0.05851063829787234,1290.1,4.23,0.0
6452,0,179,-0.8219999999999998,0.055865921787709494,1290.2,4.23,0.0
6453,0,179,-0.8219999999999998,0.055865921787709494,1290.3,4.23,0.0
6454,2,449,1.4479999999999746,0.0556792873051225,1290.5,4.23,0.0
6455,5,846,4.845000000000032,0.05555555555555555,1291.0,4.23,0.0
6456,0,187,-0.8139999999999998,0.058823529411764705,1291.1,4.23,0.0
6457,0,190,-0.8109999999999998,0.05789473684210526,1291.2,4.23,0.0
6458,2,446,1.444999999999975,0.05605381165919283,1291.4,4.23,0.0
6459,0,179,-0.8219999999999998,0.055865921787709494,1291.5,4.23,0.0
6460,0,179,-0.8219999999999998,0.055865921787709494,1291.6,4.23,0.0
6461,1,316,0.3149999999999893,0.056962025316455694,1291.8,4.23,0.0
6462,1,313,0.3119999999999896,0.054313099041533544,1291.9,4.23,0.0
6463,4,732,3.7309999999999945,0.056010928961748634,1292.3,4.23,0.0
6464,2,446,1.444999999999975,0.05605381165919283,1292.6,4.23,0.0
6465,3,579,2.5779999999999603,0.055267702936096716,1292.9,4.23,0.0
6466,5,846,4.845000000000032,0.05555555555555555,1293.3,4.23,0.0
6467,2,453,1.4519999999999742,0.05739514348785872,1293.6,4.23,0.0
6468,1,313,0.3119999999999896,0.054313099041533544,1293.8,4.23,0.0
6469,4,713,3.711999999999988,0.056100981767180924,1294.2,4.23,0.0
6470,0,179,-0.8219999999999998,0.055865921787709494,1294.2,4.23,0.0
6471,2,446,1.444999999999975,0.05605381165919283,1294.5,4.23,0.0
6472,2,446,1.444999999999975,0.05605381165919283,1294.7,4.23,0.0
6473,4,713,3.711999999999988,0.0546984572230014,1295.1,4.23,0.0
6474,1,313,0.3119999999999896,0.05750798722044728,1295.3,4.23,0.0
6475,1,313,0.3119999999999896,0.054313099041533544,1295.4,4.23,0.0
6476,0,179,-0.8219999999999998,0.055865921787709494,1295.5,4.23,0.0
6477,3,579,2.5779999999999603,0.055267702936096716,1295.8,4.23,0.0
6478,2,456,1.4549999999999739,0.05701754385964912,1296.1,4.23,0.0
6479,2,446,1.444999999999975,0.05605381165919283,1296.3,4.23,0.0
6480,1,313,0.3119999999999896,0.05750798722044728,1296.5,4.23,0.0
6481,0,179,-0.8219999999999998,0.055865921787709494,1296.6,4.23,0.0
6482,5,858,4.857000000000036,0.055944055944055944,1297.1,4.23,0.0
6483,2,446,1.444999999999975,0.053811659192825115,1297.3,4.23,0.0
6484,2,446,1.444999999999975,0.053811659192825115,1297.5,4.23,0.0
6485,0,179,-0.8219999999999998,0.055865921787709494,1297.6,4.23,0.0
6486,3,579,2.5779999999999603,0.055267702936096716,1297.9,4.23,0.0
6487,1,313,0.3119999999999896,0.054313099041533544,1298.1,4.23,0.0
6488,3,591,2.589999999999959,0.05583756345177665,1298.4,4.23,0.0
6489,0,179,-0.8219999999999998,0.055865921787709494,1298.5,4.23,0.0
6490,2,463,1.461999999999973,0.056155507559395246,1298.7,4.23,0.0
6491,2,456,1.4549999999999739,0.05701754385964912,1299.0,4.23,0.0
6492,3,579,2.5779999999999603,0.055267702936096716,1299.3,4.23,0.0
6493,2,446,1.444999999999975,0.05605381165919283,1299.5,4.23,0.0
6494,0,179,-0.8219999999999998,0.055865921787709494,1299.6,4.23,0.0
6495,0,179,-0.8219999999999998,0.055865921787709494,1299.7,4.23,0.0
6496,2,446,1.444999999999975,0.05605381165919283,1300.0,4.23,0.0
6497,1,313,0.3119999999999896,0.054313099041533544,1300.1,4.23,0.0
6498,4,732,3.7309999999999945,0.056010928961748634,1300.5,4.23,0.0
6499,3,579,2.5779999999999603,0.055267702936096716,1300.8,4.23,0.0
6500,5,855,4.854000000000035,0.056140350877192984,1301.3,4.23,0.0
6501,2,446,1.444999999999975,0.05605381165919283,1304.7,4.22,0.0
6502,1,321,0.31999999999998874,0.056074766355140186,1304.9,4.22,0.0
6503,0,179,-0.8219999999999998,0.05027932960893855,1305.0,4.22,0.0
6504,0,179,-0.8219999999999998,0.055865921787709494,1305.1,4.22,0.0
6505,3,588,2.5869999999999593,0.05612244897959184,1305.4,4.22,0.0
6506,0,179,-0.8219999999999998,0.055865921787709494,1305.5,4.22,0.0
6507,1,313,0.3119999999999896,0.054313099041533544,1305.6,4.22,0.0
6508,1,316,0.3149999999999893,0.056962025316455694,1305.8,4.22,0.0
6509,7,1113,7.112000000000036,0.05480682839173405,1306.4,4.22,0.0
6510,0,179,-0.8219999999999998,0.055865921787709494,1306.5,4.22,0.0
6511,6,979,5.978000000000075,0.056179775280898875,1307.0,4.22,0.0
6512,0,179,-0.8219999999999998,0.055865921787709494,1307.1,4.22,0.0
6513,0,179,-0.8219999999999998,0.061452513966480445,1307.2,4.22,0.0
6514,2,446,1.444999999999975,0.05605381165919283,1307.5,4.22,0.0
6515,0,189,-0.8119999999999998,0.0582010582010582,1307.6,4.22,0.0
6516,0,186,-0.8149999999999998,0.05913978494623656,1307.7,4.22,0.0
6517,0,179,-0.8219999999999998,0.055865921787709494,1307.7,4.22,0.0
6518,1,313,0.3119999999999896,0.054313099041533544,1307.9,4.22,0.0
6519,5,846,4.845000000000032,0.05555555555555555,1308.4,4.22,0.0
6520,0,213,-0.7879999999999998,0.056338028169014086,1308.5,4.22,0.0
6521,5,846,4.845000000000032,0.05555555555555555,1308.9,4.22,0.0
6522,2,464,1.462999999999973,0.05603448275862069,1309.2,4.22,0.0
6523,1,315,0.3139999999999894,0.05714285714285714,1309.4,4.22,0.0
6524,2,462,1.4609999999999732,0.05627705627705628,1309.6,4.22,0.0
6525,5,846,4.845000000000032,0.05555555555555555,1310.0,4.22,0.0
6526,5,846,4.845000000000032,0.05555555555555555,1310.5,4.22,0.0
6527,0,179,-0.8219999999999998,0.05027932960893855,1310.6,4.22,0.0
6528,3,579,2.5779999999999603,0.055267702936096716,1310.9,4.22,0.0
6529,0,179,-0.8219999999999998,0.055865921787709494,1311.0,4.22,0.0
6530,0,182,-0.8189999999999998,0.06043956043956044,1311.1,4.22,0.0
6531,3,579,2.5779999999999603,0.055267702936096716,1311.4,4.22,0.0
6532,0,179,-0.8219999999999998,0.055865921787709494,1311.5,4.22,0.0
6533,1,313,0.3119999999999896,0.054313099041533544,1311.7,4.22,0.0
6534,0,179,-0.8219999999999998,0.055865921787709494,1311.8,4.22,0.0
6535,2,446,1.444999999999975,0.05605381165919283,1312.0,4.22,0.0
6536,0,183,-0.8179999999999998,0.060109289617486336,1312.1,4.22,0.0
6537,3,579,2.5779999999999603,0.055267702936096716,1312.4,4.22,0.0
6538,4,713,3.711999999999988,0.056100981767180924,1312.8,4.22,0.0
6539,1,323,0.3219999999999885,0.05572755417956656,1313.0,4.22,0.0
6540,2,453,1.4519999999999742,0.05739514348785872,1313.2,4.22,0.0
6541,1,313,0.3119999999999896,0.05750798722044728,1313.4,4.22,0.0
6542,1,315,0.3139999999999894,0.05714285714285714,1313.6,4.22,0.0
6543,0,187,-0.8139999999999998,0.058823529411764705,1313.7,4.22,0.0
6544,4,713,3.711999999999988,0.056100981767180924,1314.1,4.22,0.0
6545,8,1250,8.24899999999996,0.056,1314.8,4.22,0.0
6546,8,1249,8.24799999999996,0.05604483586869496,1315.4,4.22,0.0
6547,1,313,0.3119999999999896,0.05750798722044728,1315.6,4.22,0.0
6548,5,846,4.845000000000032,0.05555555555555555,1316.0,4.22,0.0
6549,5,846,4.845000000000032,0.05555555555555555,1316.5,4.22,0.0
6550,0,179,-0.8219999999999998,0.055865921787709494,1316.6,4.22,0.0
6551,2,446,1.444999999999975,0.053811659192825115,1316.8,4.22,0.0
6552,3,579,2.5779999999999603,0.055267702936096716,1317.1,4.22,0.0
6553,4,713,3.711999999999988,0.056100981767180924,1317.5,4.22,0.0
6554,1,317,0.3159999999999892,0.056782334384858045,1317.7,4.22,0.0
6555,6,979,5.978000000000075,0.05515832482124617,1318.2,4.21,0.0
6556,0,193,-0.8079999999999998,0.05699481865284974,1318.3,4.22,0.0
6557,3,579,2.5779999999999603,0.055267702936096716,1318.6,4.22,0.0
6558,0,179,-0.8219999999999998,0.055865921787709494,1318.7,4.22,0.0
6559,1,313,0.3119999999999896,0.054313099041533544,1318.9,4.22,0.0
6560,0,179,-0.8219999999999998,0.055865921787709494,1319.0,4.22,0.0
6561,0,185,-0.8159999999999998,0.05945945945945946,1319.1,4.22,0.0
6562,4,713,3.711999999999988,0.0546984572230014,1319.5,4.22,0.0
6563,1,322,0.32099999999998863,0.055900621118012424,1319.6,4.22,0.0
6564,0,192,-0.8089999999999998,0.057291666666666664,1319.7,4.22,0.0
6565,4,713,3.711999999999988,0.056100981767180924,1320.1,4.22,0.0
6566,0,179,-0.8219999999999998,0.055865921787709494,1320.2,4.22,0.0
6567,2,353,1.3519999999999852,0.056657223796033995,1320.4,4.22,0.0
6568,2,446,1.444999999999975,0.05605381165919283,1320.6,4.22,0.0
6569,3,579,2.5779999999999603,0.055267702936096716,1321.0,4.22,0.0
6570,2,457,1.4559999999999738,0.05689277899343545,1321.2,4.22,0.0
6571,3,579,2.5779999999999603,0.05699481865284974,1321.5,4.22,0.0
6572,4,748,3.747,0.05614973262032086,1321.9,4.22,0.0
6573,1,313,0.3119999999999896,0.054313099041533544,1322.1,4.22,0.0
6574,5,846,4.845000000000032,0.05555555555555555,1322.5,4.22,0.0
6575,0,179,-0.8219999999999998,0.055865921787709494,1322.6,4.22,0.0
6576,3,579,2.5779999999999603,0.055267702936096716,1322.9,4.22,0.0
6577,2,446,1.444999999999975,0.05605381165919283,1323.2,4.22,0.0
6578,3,579,2.5779999999999603,0.055267702936096716,1323.5,4.22,0.0
6579,0,179,-0.8219999999999998,0.055865921787709494,1323.6,4.22,0.0
6580,0,179,-0.8219999999999998,0.055865921787709494,1323.7,4.22,0.0
6581,1,339,0.33799999999998676,0.05604719764011799,1323.8,4.22,0.0
6582,0,179,-0.8219999999999998,0.055865921787709494,1323.9,4.22,0.0
6583,0,101,-0.8999999999999999,0.0594059405940594,1324.0,4.22,0.0
6584,5,853,4.852000000000034,0.05627198124267292,1324.5,4.22,0.0
6585,0,179,-0.8219999999999998,0.055865921787709494,1324.6,4.22,0.0
6586,0,179,-0.8219999999999998,0.055865921787709494,1324.6,4.22,0.0
6587,6,983,5.982000000000077,0.05595116988809766,1325.2,4.22,0.0
6588,3,609,2.607999999999957,0.05582922824302135,1325.5,4.22,0.0
6589,2,446,1.444999999999975,0.053811659192825115,1325.8,4.22,0.0
6590,0,179,-0.8219999999999998,0.055865921787709494,1325.8,4.22,0.0
6591,0,179,-0.8219999999999998,0.055865921787709494,1325.9,4.22,0.0
6592,9,1379,9.377999999999888,0.05511240029006526,1326.7,4.22,0.0
6593,2,446,1.444999999999975,0.05605381165919283,1326.9,4.22,0.0
6594,1,313,0.3119999999999896,0.054313099041533544,1327.1,4.22,0.0
6595,0,179,-0.8219999999999998,0.055865921787709494,1327.2,4.22,0.0
6596,0,179,-0.8219999999999998,0.055865921787709494,1327.3,4.22,0.0
6597,0,208,-0.7929999999999998,0.057692307692307696,1327.4,4.22,0.0
6598,0,179,-0.8219999999999998,0.055865921787709494,1327.5,4.22,0.0
6599,1,313,0.3119999999999896,0.054313099041533544,1327.7,4.22,0.0
6600,1,313,0.3119999999999896,0.05750798722044728,1327.8,4.22,0.0
6601,0,179,-0.8219999999999998,0.055865921787709494,1327.9,4.22,0.0
6602,4,713,3.711999999999988,0.056100981767180924,1328.3,4.22,0.0
6603,0,179,-0.8219999999999998,0.05027932960893855,1328.4,4.22,0.0
6604,0,179,-0.8219999999999998,0.05027932960893855,1328.5,4.22,0.0
6605,0,179,-0.8219999999999998,0.055865921787709494,1328.6,4.22,0.0
6606,0,184,-0.8169999999999998,0.059782608695652176,1328.7,4.22,0.0
6607,3,579,2.5779999999999603,0.055267702936096716,1329.0,4.22,0.0
6608,0,211,-0.7899999999999998,0.05687203791469194,1329.1,4.22,0.0
6609,3,582,2.58099999999996,0.05670103092783505,1329.4,4.22,0.0
6610,2,446,1.444999999999975,0.05605381165919283,1329.7,4.22,0.0
6611,0,179,-0.8219999999999998,0.055865921787709494,1329.8,4.22,0.0
6612,1,316,0.3149999999999893,0.056962025316455694,1329.9,4.22,0.0
6613,2,446,1.444999999999975,0.05605381165919283,1330.2,4.22,0.0
6614,2,446,1.444999999999975,0.05605381165919283,1330.4,4.22,0.0
6615,4,713,3.711999999999988,0.056100981767180924,1330.8,4.22,0.0
6616,0,179,-0.8219999999999998,0.055865921787709494,1330.9,4.22,0.0
6617,2,446,1.444999999999975,0.053811659192825115,1331.1,4.22,0.0
6618,4,735,3.7339999999999955,0.055782312925170066,1331.5,4.22,0.0
6619,1,313,0.3119999999999896,0.054313099041533544,1331.7,4.22,0.0
6620,2,446,1.444999999999975,0.05605381165919283,1332.0,4.22,0.0
6621,2,447,1.4459999999999749,0.05592841163310962,1332.2,4.22,0.0
6622,2,446,1.444999999999975,0.05605381165919283,1332.4,4.22,0.0
6623,6,979,5.978000000000075,0.056179775280898875,1333.0,4.22,0.0
6624,0,179,-0.8219999999999998,0.055865921787709494,1333.1,4.22,0.0
6625,5,875,4.874000000000041,0.056,1333.5,4.22,0.0
6626,1,315,0.3139999999999894,0.05714285714285714,1333.7,4.22,0.0
6627,10,1513,10.511999999999814,0.05551883674818242,1334.5,4.22,0.0
6628,6,1001,6.000000000000083,0.055944055944055944,1335.0,4.22,0.0
6629,4,717,3.7159999999999895,0.05578800557880056,1335.4,4.22,0.0
6630,2,446,1.444999999999975,0.05605381165919283,1335.7,4.22,0.0
6631,0,179,-0.8219999999999998,0.055865921787709494,1335.8,4.22,0.0
6632,1,313,0.3119999999999896,0.054313099041533544,1335.9,4.22,0.0
6633,5,846,4.845000000000032,0.05555555555555555,1336.4,4.22,0.0
6634,0,179,-0.8219999999999998,0.055865921787709494,1336.5,4.22,0.0
6635,0,179,-0.8219999999999998,0.055865921787709494,1336.6,4.22,0.0
6636,4,732,3.7309999999999945,0.056010928961748634,1337.0,4.22,0.0
6637,3,586,2.5849999999999596,0.05631399317406143,1337.3,4.22,0.0
6638,3,579,2.5779999999999603,0.055267702936096716,1337.6,4.22,0.0
6639,4,713,3.711999999999988,0.056100981767180924,1338.0,4.22,0.0
6640,1,313,0.3119999999999896,0.054313099041533544,1338.2,4.22,0.0
6641,0,179,-0.8219999999999998,0.055865921787709494,1338.3,4.22,0.0
6642,2,456,1.4549999999999739,0.05701754385964912,1338.5,4.22,0.0
6643,5,846,4.845000000000032,0.05555555555555555,1339.0,4.22,0.0
6644,1,313,0.3119999999999896,0.054313099041533544,1339.1,4.22,0.0
6645,3,579,2.5779999999999603,0.055267702936096716,1339.5,4.22,0.0
6646,1,313,0.3119999999999896,0.054313099041533544,1339.6,4.22,0.0
6647,1,319,0.31799999999998896,0.05642633228840126,1339.8,4.22,0.0
6648,0,179,-0.8219999999999998,0.055865921787709494,1339.9,4.22,0.0
6649,0,185,-0.8159999999999998,0.05945945945945946,1340.0,4.22,0.0
6650,0,179,-0.8219999999999998,0.055865921787709494,1340.1,4.22,0.0
6651,3,579,2.5779999999999603,0.055267702936096716,1340.4,4.22,0.0
6652,2,446,1.444999999999975,0.05605381165919283,1340.6,4.22,0.0
6653,5,846,4.845000000000032,0.05555555555555555,1341.1,4.22,0.0
6654,3,579,2.5779999999999603,0.055267702936096716,1341.4,4.22,0.0
6655,2,446,1.444999999999975,0.05605381165919283,1341.6,4.22,0.0
6656,0,179,-0.8219999999999998,0.055865921787709494,1341.7,4.22,0.0
6657,0,179,-0.8219999999999998,0.055865921787709494,1341.8,4.22,0.0
6658,0,179,-0.8219999999999998,0.055865921787709494,1341.9,4.22,0.0
6659,1,313,0.3119999999999896,0.054313099041533544,1342.1,4.22,0.0
6660,2,466,1.4649999999999728,0.055793991416309016,1342.4,4.22,0.0
6661,0,186,-0.8149999999999998,0.05913978494623656,1342.5,4.22,0.0
6662,6,1005,6.004000000000084,0.05572139303482587,1343.0,4.22,0.0
6663,1,313,0.3119999999999896,0.05750798722044728,1343.2,4.22,0.0
6664,2,446,1.444999999999975,0.05605381165919283,1343.4,4.22,0.0
6665,2,455,1.453999999999974,0.05714285714285714,1343.6,4.22,0.0
6666,0,183,-0.8179999999999998,0.060109289617486336,1343.8,4.22,0.0
6667,2,446,1.444999999999975,0.05605381165919283,1344.0,4.22,0.0
6668,0,179,-0.8219999999999998,0.055865921787709494,1344.1,4.22,0.0
6669,1,313,0.3119999999999896,0.05750798722044728,1344.3,4.22,0.0
6670,0,179,-0.8219999999999998,0.055865921787709494,1344.4,4.22,0.0
6671,0,179,-0.8219999999999998,0.055865921787709494,1344.4,4.22,0.0
6672,4,713,3.711999999999988,0.0546984572230014,1344.8,4.22,0.0
6673,0,179,-0.8219999999999998,0.055865921787709494,1344.9,4.22,0.0
6674,0,191,-0.8099999999999998,0.05759162303664921,1345.0,4.22,0.0
6675,6,979,5.978000000000075,0.05515832482124617,1345.6,4.22,0.0
6676,1,313,0.3119999999999896,0.05750798722044728,1345.7,4.22,0.0
6677,3,584,2.5829999999999598,0.05650684931506849,1346.1,4.22,0.0
6678,0,179,-0.8219999999999998,0.055865921787709494,1346.2,4.22,0.0
6679,5,846,4.845000000000032,0.05555555555555555,1346.6,4.22,0.0
6680,2,446,1.444999999999975,0.05605381165919283,1346.8,4.22,0.0
6681,3,579,2.5779999999999603,0.055267702936096716,1347.2,4.22,0.0
6682,5,846,4.845000000000032,0.05555555555555555,1347.6,4.22,0.0
6683,4,713,3.711999999999988,0.0546984572230014,1348.0,4.22,0.0
6684,4,713,3.711999999999988,0.0546984572230014,1348.4,4.22,0.0
6685,1,313,0.3119999999999896,0.054313099041533544,1348.6,4.22,0.0
6686,2,463,1.461999999999973,0.056155507559395246,1348.8,4.22,0.0
6687,0,209,-0.7919999999999998,0.05741626794258373,1348.9,4.22,0.0
6688,0,185,-0.8159999999999998,0.05945945945945946,1349.0,4.22,0.0
6689,7,1113,7.112000000000036,0.055705300988319856,1349.7,4.22,0.0
6690,1,313,0.3119999999999896,0.054313099041533544,1349.8,4.22,0.0
6691,3,582,2.58099999999996,0.05670103092783505,1350.1,4.22,0.0
6692,0,181,-0.8199999999999998,0.06077348066298342,1350.2,4.22,0.0
6693,2,446,1.444999999999975,0.05605381165919283,1350.5,4.22,0.0
6694,0,189,-0.8119999999999998,0.0582010582010582,1350.6,4.22,0.0
6695,2,446,1.444999999999975,0.05605381165919283,1350.8,4.22,0.0
6696,2,455,1.453999999999974,0.05714285714285714,1351.1,4.22,0.0
6697,0,179,-0.8219999999999998,0.055865921787709494,1351.2,4.22,0.0
6698,0,179,-0.8219999999999998,0.055865921787709494,1351.3,4.22,0.0
6699,2,446,1.444999999999975,0.05605381165919283,1351.5,4.22,0.0
6700,2,458,1.4569999999999736,0.056768558951965066,1351.8,4.22,0.0
6701,0,181,-0.8199999999999998,0.06077348066298342,1351.9,4.22,0.0
6702,0,179,-0.8219999999999998,0.055865921787709494,1352.0,4.22,0.0
6703,1,333,0.3319999999999874,0.057057057057057055,1352.1,4.22,0.0
6704,1,313,0.3119999999999896,0.05750798722044728,1352.3,4.22,0.0
6705,6,979,5.978000000000075,0.056179775280898875,1352.8,4.22,0.0
6706,1,313,0.3119999999999896,0.05750798722044728,1353.0,4.22,0.0
6707,0,179,-0.8219999999999998,0.055865921787709494,1353.1,4.22,0.0
6708,0,179,-0.8219999999999998,0.055865921787709494,1353.2,4.22,0.0
6709,0,179,-0.8219999999999998,0.055865921787709494,1353.3,4.22,0.0
6710,3,579,2.5779999999999603,0.055267702936096716,1353.6,4.22,0.0
6711,0,192,-0.8089999999999998,0.057291666666666664,1353.7,4.22,0.0
6712,0,193,-0.8079999999999998,0.05699481865284974,1353.8,4.22,0.0
6713,0,184,-0.8169999999999998,0.059782608695652176,1353.9,4.22,0.0
6714,2,451,1.4499999999999744,0.057649667405764965,1354.1,4.22,0.0
6715,0,190,-0.8109999999999998,0.05789473684210526,1354.2,4.22,0.0
6716,1,341,0.33999999999998654,0.05571847507331378,1354.4,4.22,0.0
6717,0,179,-0.8219999999999998,0.055865921787709494,1354.5,4.22,0.0
6718,7,1113,7.112000000000036,0.055705300988319856,1355.1,4.22,0.0
6719,1,316,0.3149999999999893,0.056962025316455694,1355.3,4.22,0.0
6720,2,446,1.444999999999975,0.05605381165919283,1355.5,4.22,0.0
6721,0,210,-0.7909999999999998,0.05714285714285714,1355.6,4.22,0.0
6722,1,313,0.3119999999999896,0.05750798722044728,1355.8,4.22,0.0
6723,1,313,0.3119999999999896,0.054313099041533544,1356.0,4.22,0.0
6724,1,313,0.3119999999999896,0.05750798722044728,1356.2,4.22,0.0
6725,0,192,-0.8089999999999998,0.057291666666666664,1356.3,4.22,0.0
6726,0,208,-0.7929999999999998,0.057692307692307696,1356.4,4.22,0.0
6727,0,206,-0.7949999999999998,0.05825242718446602,1356.5,4.22,0.0
6728,0,192,-0.8089999999999998,0.057291666666666664,1356.6,4.22,0.0
6729,1,338,0.33699999999998687,0.05621301775147929,1356.8,4.22,0.0
6730,2,446,1.444999999999975,0.05605381165919283,1357.0,4.22,0.0
6731,3,579,2.5779999999999603,0.055267702936096716,1357.3,4.22,0.0
6732,4,729,3.7279999999999935,0.056241426611796985,1357.7,4.22,0.0
6733,1,338,0.33699999999998687,0.05621301775147929,1357.9,4.22,0.0
6734,2,446,1.444999999999975,0.05605381165919283,1358.2,4.22,0.0
6735,2,461,1.4599999999999733,0.05639913232104121,1358.4,4.22,0.0
6736,3,584,2.5829999999999598,0.05650684931506849,1358.7,4.22,0.0
6737,7,1113,7.112000000000036,0.05480682839173405,1359.3,4.22,0.0
6738,0,179,-0.8219999999999998,0.05027932960893855,1359.4,4.22,0.0
6739,5,846,4.845000000000032,0.05555555555555555,1359.9,4.22,0.0
6740,0,186,-0.8149999999999998,0.05913978494623656,1360.0,4.22,0.0
6741,0,179,-0.8219999999999998,0.055865921787709494,1360.1,4.22,0.0
6742,1,335,0.3339999999999872,0.056716417910447764,1360.2,4.22,0.0
6743,3,581,2.57999999999996,0.05679862306368331,1360.6,4.22,0.0
6744,0,193,-0.8079999999999998,0.05699481865284974,1360.7,4.22,0.0
6745,0,179,-0.8219999999999998,0.05027932960893855,1360.8,4.22,0.0
6746,5,846,4.845000000000032,0.05555555555555555,1361.3,4.22,0.0
6747,2,446,1.444999999999975,0.05605381165919283,1361.7,4.22,0.0
6748,3,579,2.5779999999999603,0.05699481865284974,1362.1,4.22,0.0
6749,0,187,-0.8139999999999998,0.058823529411764705,1362.2,4.22,0.0
6750,3,579,2.5779999999999603,0.055267702936096716,1362.5,4.22,0.0
6751,0,179,-0.8219999999999998,0.055865921787709494,1362.6,4.22,0.0
6752,3,587,2.5859999999999594,0.056218057921635436,1362.9,4.22,0.0
6753,2,446,1.444999999999975,0.05605381165919283,1363.1,4.22,0.0
6754,3,600,2.598999999999958,0.056666666666666664,1363.5,4.22,0.0
6755,0,179,-0.8219999999999998,0.055865921787709494,1363.6,4.22,0.0
6756,1,313,0.3119999999999896,0.054313099041533544,1363.7,4.22,0.0
6757,0,188,-0.8129999999999998,0.05851063829787234,1363.8,4.22,0.0
6758,0,192,-0.8089999999999998,0.057291666666666664,1363.9,4.22,0.0
6759,0,179,-0.8219999999999998,0.055865921787709494,1364.0,4.22,0.0
6760,6,979,5.978000000000075,0.05515832482124617,1364.6,4.22,0.0
6761,0,179,-0.8219999999999998,0.055865921787709494,1364.7,4.22,0.0
6762,2,447,1.4459999999999749,0.05592841163310962,1364.9,4.22,0.0
6763,4,715,3.713999999999989,0.055944055944055944,1365.3,4.22,0.0
6764,0,179,-0.8219999999999998,0.055865921787709494,1365.4,4.22,0.0
6765,1,320,0.31899999999998885,0.05625,1365.6,4.22,0.0
6766,0,191,-0.8099999999999998,0.05759162303664921,1365.7,4.22,0.0
6767,1,333,0.3319999999999874,0.057057057057057055,1365.9,4.22,0.0
6768,1,335,0.3339999999999872,0.056716417910447764,1366.0,4.22,0.0
6769,3,579,2.5779999999999603,0.055267702936096716,1366.4,4.22,0.0
6770,1,313,0.3119999999999896,0.054313099041533544,1366.5,4.22,0.0
6771,4,713,3.711999999999988,0.056100981767180924,1366.9,4.22,0.0
6772,2,464,1.462999999999973,0.05603448275862069,1367.2,4.22,0.0
6773,2,456,1.4549999999999739,0.05701754385964912,1367.4,4.22,0.0
6774,0,179,-0.8219999999999998,0.055865921787709494,1367.5,4.22,0.0
6775,0,180,-0.8209999999999998,0.06111111111111111,1367.6,4.22,0.0
6776,5,854,4.853000000000034,0.05620608899297424,1368.1,4.22,0.0
6777,6,985,5.984000000000077,0.05583756345177665,1368.6,4.22,0.0
6778,1,315,0.3139999999999894,0.05714285714285714,1368.8,4.22,0.0
6779,0,183,-0.8179999999999998,0.060109289617486336,1368.9,4.22,0.0
6780,2,461,1.4599999999999733,0.05639913232104121,1369.2,4.22,0.0
6781,3,579,2.5779999999999603,0.055267702936096716,1369.5,4.22,0.0
6782,2,460,1.4589999999999734,0.05652173913043478,1369.7,4.22,0.0
6783,1,313,0.3119999999999896,0.05750798722044728,1369.9,4.22,0.0
6784,6,979,5.978000000000075,0.05515832482124617,1370.4,4.22,0.0
6785,7,1113,7.112000000000036,0.055705300988319856,1371.0,4.22,0.0
6786,3,579,2.5779999999999603,0.055267702936096716,1371.3,4.22,0.0
6787,0,179,-0.8219999999999998,0.055865921787709494,1371.4,4.22,0.0
6788,2,446,1.444999999999975,0.05605381165919283,1371.7,4.22,0.0
6789,1,339,0.33799999999998676,0.05604719764011799,1371.8,4.22,0.0
6790,2,464,1.462999999999973,0.05603448275862069,1372.1,4.22,0.0
6791,0,192,-0.8089999999999998,0.057291666666666664,1372.2,4.22,0.0
6792,1,313,0.3119999999999896,0.054313099041533544,1372.4,4.22,0.0
6793,0,179,-0.8219999999999998,0.055865921787709494,1372.5,4.22,0.0
6794,0,179,-0.8219999999999998,0.055865921787709494,1372.6,4.22,0.0
6795,1,313,0.3119999999999896,0.054313099041533544,1372.7,4.22,0.0
6796,0,179,-0.8219999999999998,0.055865921787709494,1372.8,4.22,0.0
6797,0,179,-0.8219999999999998,0.055865921787709494,1372.9,4.22,0.0
6798,2,446,1.444999999999975,0.05605381165919283,1373.2,4.22,0.0
6799,1,339,0.33799999999998676,0.05604719764011799,1373.4,4.22,0.0
6800,1,313,0.3119999999999896,0.054313099041533544,1373.6,4.22,0.0
6801,0,186,-0.8149999999999998,0.05913978494623656,1373.7,4.22,0.0
6802,2,456,1.4549999999999739,0.05701754385964912,1373.9,4.22,0.0
6803,1,313,0.3119999999999896,0.054313099041533544,1374.1,4.22,0.0
6804,2,467,1.4659999999999727,0.055674518201284794,1374.4,4.22,0.0
6805,1,313,0.3119999999999896,0.05750798722044728,1374.5,4.22,0.0
6806,1,313,0.3119999999999896,0.054313099041533544,1374.7,4.22,0.0
6807,7,1123,7.12200000000003,0.05609973285841496,1375.3,4.22,0.0
6808,0,179,-0.8219999999999998,0.055865921787709494,1375.4,4.22,0.0
6809,0,193,-0.8079999999999998,0.05699481865284974,1375.5,4.22,0.0
6810,2,465,1.4639999999999729,0.05591397849462366,1375.8,4.22,0.0
6811,0,184,-0.8169999999999998,0.059782608695652176,1375.9,4.22,0.0
6812,0,179,-0.8219999999999998,0.055865921787709494,1375.9,4.22,0.0
6813,0,179,-0.8219999999999998,0.055865921787709494,1376.0,4.23,0.0
6814,4,713,3.711999999999988,0.056100981767180924,1376.4,4.22,0.0
6815,0,179,-0.8219999999999998,0.055865921787709494,1376.5,4.23,0.0
6816,0,181,-0.8199999999999998,0.06077348066298342,1376.6,4.23,0.0
6817,0,179,-0.8219999999999998,0.055865921787709494,1376.7,4.23,0.0
6818,2,446,1.444999999999975,0.05605381165919283,1377.0,4.23,0.0
6819,10,1513,10.511999999999814,0.05551883674818242,1377.8,4.22,0.0
6820,2,446,1.444999999999975,0.053811659192825115,1378.1,4.22,0.0
6821,5,846,4.845000000000032,0.05555555555555555,1378.5,4.22,0.0
6822,1,313,0.3119999999999896,0.054313099041533544,1378.7,4.22,0.0
6823,2,446,1.444999999999975,0.05605381165919283,1378.9,4.22,0.0
6824,4,713,3.711999999999988,0.056100981767180924,1379.3,4.22,0.0
6825,6,979,5.978000000000075,0.056179775280898875,1379.8,4.22,0.0
6826,0,186,-0.8149999999999998,0.05913978494623656,1379.9,4.22,0.0
6827,1,313,0.3119999999999896,0.054313099041533544,1380.1,4.22,0.0
6828,2,446,1.444999999999975,0.05605381165919283,1380.3,4.22,0.0
6829,0,179,-0.8219999999999998,0.05027932960893855,1380.4,4.22,0.0
6830,0,182,-0.8189999999999998,0.06043956043956044,1380.5,4.22,0.0
6831,1,313,0.3119999999999896,0.05750798722044728,1380.7,4.22,0.0
6832,0,179,-0.8219999999999998,0.055865921787709494,1380.8,4.22,0.0
6833,3,609,2.607999999999957,0.05582922824302135,1381.1,4.22,0.0
6834,0,179,-0.8219999999999998,0.05027932960893855,1381.2,4.22,0.0
6835,2,447,1.4459999999999749,0.05592841163310962,1381.4,4.22,0.0
6836,4,714,3.7129999999999885,0.056022408963585436,1381.8,4.22,0.0
6837,4,713,3.711999999999988,0.0546984572230014,1382.2,4.22,0.0
6838,1,313,0.3119999999999896,0.05750798722044728,1382.4,4.22,0.0
6839,1,313,0.3119999999999896,0.05750798722044728,1382.6,4.22,0.0
6840,3,579,2.5779999999999603,0.055267702936096716,1382.9,4.22,0.0
6841,3,579,2.5779999999999603,0.055267702936096716,1383.2,4.22,0.0
6842,1,321,0.31999999999998874,0.056074766355140186,1383.4,4.22,0.0
6843,5,846,4.845000000000032,0.05555555555555555,1383.8,4.22,0.0
6844,0,179,-0.8219999999999998,0.055865921787709494,1383.9,4.22,0.0
6845,4,732,3.7309999999999945,0.056010928961748634,1384.3,4.22,0.0
6846,0,179,-0.8219999999999998,0.055865921787709494,1384.4,4.22,0.0
6847,3,579,2.5779999999999603,0.055267702936096716,1384.7,4.22,0.0
6848,0,179,-0.8219999999999998,0.05027932960893855,1384.8,4.22,0.0
6849,0,179,-0.8219999999999998,0.055865921787709494,1384.9,4.22,0.0
6850,0,185,-0.8159999999999998,0.05945945945945946,1385.0,4.22,0.0
6851,2,461,1.4599999999999733,0.05639913232104121,1385.3,4.22,0.0
6852,4,713,3.711999999999988,0.056100981767180924,1385.7,4.22,0.0
6853,0,179,-0.8219999999999998,0.055865921787709494,1385.8,4.22,0.0
6854,0,179,-0.8219999999999998,0.055865921787709494,1385.9,4.22,0.0
6855,2,446,1.444999999999975,0.05605381165919283,1386.1,4.22,0.0
6856,2,457,1.4559999999999738,0.05689277899343545,1386.4,4.22,0.0
6857,2,446,1.444999999999975,0.053811659192825115,1386.6,4.22,0.0
6858,4,713,3.711999999999988,0.0546984572230014,1387.0,4.22,0.0
6859,0,179,-0.8219999999999998,0.055865921787709494,1387.0,4.22,0.0
6860,2,446,1.444999999999975,0.05605381165919283,1387.3,4.22,0.0
6861,6,980,5.979000000000076,0.05612244897959184,1387.8,4.22,0.0
6862,1,316,0.3149999999999893,0.056962025316455694,1388.0,4.22,0.0
6863,1,316,0.3149999999999893,0.056962025316455694,1388.1,4.22,0.0
6864,1,313,0.3119999999999896,0.05750798722044728,1388.3,4.22,0.0
6865,5,855,4.854000000000035,0.056140350877192984,1388.8,4.22,0.0
6866,2,446,1.444999999999975,0.05605381165919283,1389.0,4.22,0.0
6867,0,190,-0.8109999999999998,0.05789473684210526,1389.1,4.22,0.0
6868,3,582,2.58099999999996,0.05670103092783505,1389.4,4.22,0.0
6869,0,179,-0.8219999999999998,0.05027932960893855,1389.5,4.22,0.0
6870,3,583,2.58199999999996,0.05660377358490566,1389.8,4.22,0.0
6871,1,313,0.3119999999999896,0.054313099041533544,1390.0,4.22,0.0
6872,2,446,1.444999999999975,0.05605381165919283,1390.2,4.22,0.0
6873,3,579,2.5779999999999603,0.055267702936096716,1390.6,4.22,0.0
6874,4,713,3.711999999999988,0.0546984572230014,1390.9,4.22,0.0
6875,4,713,3.711999999999988,0.056100981767180924,1391.3,4.22,0.0
6876,4,713,3.711999999999988,0.0546984572230014,1391.7,4.22,0.0
6877,1,313,0.3119999999999896,0.054313099041533544,1391.9,4.22,0.0
6878,0,190,-0.8109999999999998,0.05789473684210526,1392.0,4.22,0.0
6879,0,181,-0.8199999999999998,0.06077348066298342,1392.1,4.22,0.0
6880,7,1120,7.119000000000032,0.05625,1392.7,4.22,0.0
6881,2,446,1.444999999999975,0.05605381165919283,1392.9,4.22,0.0
6882,1,317,0.3159999999999892,0.056782334384858045,1393.1,4.22,0.0
6883,1,313,0.3119999999999896,0.054313099041533544,1393.3,4.22,0.0
6884,0,179,-0.8219999999999998,0.05027932960893855,1393.3,4.22,0.0
6885,3,579,2.5779999999999603,0.055267702936096716,1393.7,4.22,0.0
6886,1,313,0.3119999999999896,0.05750798722044728,1393.8,4.22,0.0
6887,1,334,0.3329999999999873,0.05688622754491018,1394.0,4.22,0.0
6888,0,195,-0.8059999999999998,0.05641025641025641,1394.1,4.22,0.0
6889,2,462,1.4609999999999732,0.05627705627705628,1394.3,4.22,0.0
6890,0,179,-0.8219999999999998,0.05027932960893855,1394.4,4.22,0.0
6891,0,188,-0.8129999999999998,0.05851063829787234,1394.5,4.23,0.0
6892,0,182,-0.8189999999999998,0.06043956043956044,1394.6,4.23,0.0
6893,0,179,-0.8219999999999998,0.055865921787709494,1394.7,4.23,0.0
6894,3,587,2.5859999999999594,0.056218057921635436,1395.1,4.23,0.0
6895,0,179,-0.8219999999999998,0.055865921787709494,1395.2,4.23,0.0
6896,7,1113,7.112000000000036,0.055705300988319856,1395.8,4.22,0.0
6897,4,732,3.7309999999999945,0.056010928961748634,1396.2,4.22,0.0
6898,2,459,1.4579999999999735,0.05664488017429194,1396.4,4.22,0.0
6899,0,179,-0.8219999999999998,0.055865921787709494,1396.5,4.22,0.0
6900,4,713,3.711999999999988,0.056100981767180924,1396.9,4.22,0.0
6901,4,731,3.729999999999994,0.0560875512995896,1397.3,4.22,0.0
6902,2,447,1.4459999999999749,0.05592841163310962,1397.5,4.22,0.0
6903,4,713,3.711999999999988,0.056100981767180924,1397.9,4.22,0.0
6904,2,457,1.4559999999999738,0.05689277899343545,1398.2,4.22,0.0
6905,0,179,-0.8219999999999998,0.055865921787709494,1398.3,4.22,0.0
6906,3,579,2.5779999999999603,0.055267702936096716,1398.6,4.22,0.0
6907,6,979,5.978000000000075,0.05515832482124617,1399.1,4.22,0.0
6908,4,729,3.7279999999999935,0.056241426611796985,1399.5,4.22,0.0
6909,4,727,3.725999999999993,0.05639614855570839,1399.9,4.22,0.0
6910,0,179,-0.8219999999999998,0.055865921787709494,1400.0,4.22,0.0
6911,6,979,5.978000000000075,0.05515832482124617,1400.6,4.22,0.0
6912,0,179,-0.8219999999999998,0.055865921787709494,1400.6,4.22,0.0
6913,2,453,1.4519999999999742,0.05739514348785872,1400.9,4.22,0.0
6914,1,313,0.3119999999999896,0.054313099041533544,1401.0,4.22,0.0
6915,2,448,1.4469999999999748,0.05580357142857143,1401.3,4.22,0.0
6916,3,579,2.5779999999999603,0.055267702936096716,1401.6,4.22,0.0
6917,1,313,0.3119999999999896,0.054313099041533544,1401.8,4.22,0.0
6918,0,187,-0.8139999999999998,0.058823529411764705,1401.9,4.22,0.0
6919,1,313,0.3119999999999896,0.054313099041533544,1402.0,4.22,0.0
6920,0,185,-0.8159999999999998,0.05945945945945946,1402.1,4.22,0.0
6921,7,1113,7.112000000000036,0.055705300988319856,1402.7,4.22,0.0
6922,0,182,-0.8189999999999998,0.06043956043956044,1402.8,4.22,0.0
6923,4,713,3.711999999999988,0.056100981767180924,1403.2,4.22,0.0
6924,0,179,-0.8219999999999998,0.055865921787709494,1403.3,4.22,0.0
6925,0,179,-0.8219999999999998,0.055865921787709494,1403.4,4.22,0.0
6926,2,456,1.4549999999999739,0.05701754385964912,1403.7,4.22,0.0
6927,2,452,1.4509999999999743,0.05752212389380531,1403.9,4.22,0.0
6928,0,185,-0.8159999999999998,0.05945945945945946,1404.0,4.22,0.0
6929,2,453,1.4519999999999742,0.05739514348785872,1404.2,4.22,0.0
6930,0,179,-0.8219999999999998,0.055865921787709494,1404.3,4.22,0.0
6931,0,179,-0.8219999999999998,0.055865921787709494,1404.4,4.22,0.0
6932,2,446,1.444999999999975,0.053811659192825115,1404.7,4.22,0.0
6933,5,846,4.845000000000032,0.05555555555555555,1405.1,4.22,0.0
6934,3,585,2.5839999999999597,0.05641025641025641,1405.4,4.22,0.0
6935,0,179,-0.8219999999999998,0.055865921787709494,1405.5,4.22,0.0
6936,0,179,-0.8219999999999998,0.055865921787709494,1405.6,4.22,0.0
6937,2,351,1.3499999999999854,0.05698005698005698,1405.8,4.22,0.0
6938,6,980,5.979000000000076,0.05612244897959184,1406.4,4.22,0.0
6939,0,179,-0.8219999999999998,0.055865921787709494,1406.4,4.22,0.0
6940,0,179,-0.8219999999999998,0.055865921787709494,1406.5,4.22,0.0
6941,4,713,3.711999999999988,0.056100981767180924,1406.9,4.22,0.0
6942,1,337,0.335999999999987,0.05637982195845697,1407.1,4.22,0.0
6943,1,330,0.32899999999998775,0.05757575757575758,1407.3,4.22,0.0
6944,1,313,0.3119999999999896,0.05750798722044728,1407.5,4.22,0.0
6945,2,446,1.444999999999975,0.053811659192825115,1407.7,4.22,0.0
6946,2,461,1.4599999999999733,0.05639913232104121,1408.0,4.22,0.0
6947,3,579,2.5779999999999603,0.055267702936096716,1408.3,4.22,0.0
6948,0,179,-0.8219999999999998,0.05027932960893855,1408.4,4.22,0.0
6949,3,609,2.607999999999957,0.05582922824302135,1408.7,4.22,0.0
6950,0,179,-0.8219999999999998,0.055865921787709494,1408.8,4.22,0.0
6951,1,313,0.3119999999999896,0.05750798722044728,1409.0,4.22,0.0
6952,3,583,2.58199999999996,0.05660377358490566,1409.3,4.22,0.0
6953,2,446,1.444999999999975,0.05605381165919283,1409.5,4.22,0.0
6954,2,446,1.444999999999975,0.05605381165919283,1409.8,4.22,0.0
6955,0,179,-0.8219999999999998,0.055865921787709494,1409.8,4.22,0.0
6956,0,179,-0.8219999999999998,0.055865921787709494,1409.9,4.23,0.0
6957,2,446,1.444999999999975,0.05605381165919283,1410.2,4.22,0.0
6958,3,579,2.5779999999999603,0.055267702936096716,1410.5,4.22,0.0
6959,4,713,3.711999999999988,0.056100981767180924,1410.9,4.22,0.0
6960,4,733,3.731999999999995,0.05593451568894952,1411.3,4.22,0.0
6961,8,1254,8.252999999999957,0.05582137161084529,1411.9,4.22,0.0
6962,1,313,0.3119999999999896,0.054313099041533544,1412.1,4.22,0.0
6963,0,186,-0.8149999999999998,0.05913978494623656,1412.2,4.22,0.0
6964,6,979,5.978000000000075,0.056179775280898875,1412.7,4.22,0.0
6965,0,179,-0.8219999999999998,0.05027932960893855,1412.8,4.22,0.0
6966,2,466,1.4649999999999728,0.055793991416309016,1413.1,4.22,0.0
6967,5,846,4.845000000000032,0.05555555555555555,1413.6,4.22,0.0
6968,0,190,-0.8109999999999998,0.05789473684210526,1413.7,4.22,0.0
6969,7,1114,7.113000000000035,0.05565529622980251,1414.2,4.22,0.0
6970,3,609,2.607999999999957,0.05582922824302135,1414.6,4.22,0.0
6971,3,584,2.5829999999999598,0.05650684931506849,1414.9,4.22,0.0
6972,0,179,-0.8219999999999998,0.055865921787709494,1415.0,4.22,0.0
6973,6,979,5.978000000000075,0.05515832482124617,1415.5,4.22,0.0
6974,4,713,3.711999999999988,0.056100981767180924,1415.9,4.22,0.0
6975,1,313,0.3119999999999896,0.05750798722044728,1416.1,4.22,0.0
6976,4,713,3.711999999999988,0.0546984572230014,1416.4,4.22,0.0
6977,0,183,-0.8179999999999998,0.060109289617486336,1416.5,4.22,0.0
6978,1,313,0.3119999999999896,0.054313099041533544,1416.7,4.22,0.0
6979,5,846,4.845000000000032,0.05555555555555555,1417.2,4.22,0.0
6980,1,340,0.33899999999998665,0.05588235294117647,1417.3,4.22,0.0
6981,0,187,-0.8139999999999998,0.058823529411764705,1417.4,4.22,0.0
6982,4,717,3.7159999999999895,0.05578800557880056,1417.8,4.22,0.0
6983,2,449,1.4479999999999746,0.0556792873051225,1418.1,4.22,0.0
6984,0,179,-0.8219999999999998,0.05027932960893855,1418.2,4.22,0.0
6985,7,1113,7.112000000000036,0.055705300988319856,1418.8,4.22,0.0
6986,4,713,3.711999999999988,0.056100981767180924,1419.2,4.22,0.0
6987,7,1113,7.112000000000036,0.055705300988319856,1419.8,4.22,0.0
6988,0,179,-0.8219999999999998,0.055865921787709494,1419.8,4.22,0.0
6989,1,313,0.3119999999999896,0.05750798722044728,1420.0,4.22,0.0
6990,2,463,1.461999999999973,0.056155507559395246,1420.3,4.22,0.0
6991,1,336,0.3349999999999871,0.05654761904761905,1420.5,4.22,0.0
6992,1,313,0.3119999999999896,0.054313099041533544,1420.6,4.22,0.0
6993,0,186,-0.8149999999999998,0.05913978494623656,1420.7,4.22,0.0
6994,0,179,-0.8219999999999998,0.055865921787709494,1420.8,4.22,0.0
6995,6,979,5.978000000000075,0.05515832482124617,1421.4,4.22,0.0
6996,1,316,0.3149999999999893,0.056962025316455694,1421.5,4.22,0.0
6997,1,313,0.3119999999999896,0.054313099041533544,1421.7,4.22,0.0
6998,8,1251,8.24999999999996,0.055955235811350916,1422.4,4.22,0.0
6999,6,1001,6.000000000000083,0.055944055944055944,1422.9,4.22,0.0
7000,0,179,-0.8219999999999998,0.055865921787709494,1423.0,4.22,0.0
7001,1,313,0.3119999999999896,0.054313099041533544,1426.3,4.21,0.0
7002,1,313,0.3119999999999896,0.054313099041533544,1426.5,4.21,0.0
7003,0,183,-0.8179999999999998,0.060109289617486336,1426.6,4.21,0.0
7004,0,179,-0.8219999999999998,0.055865921787709494,1426.7,4.21,0.0
7005,1,313,0.3119999999999896,0.054313099041533544,1426.8,4.21,0.0
7006,3,579,2.5779999999999603,0.055267702936096716,1427.1,4.21,0.0
7007,2,446,1.444999999999975,0.05605381165919283,1427.4,4.21,0.0
7008,1,336,0.3349999999999871,0.05654761904761905,1427.6,4.21,0.0
7009,2,465,1.4639999999999729,0.05591397849462366,1427.8,4.21,0.0
7010,3,582,2.58099999999996,0.05670103092783505,1428.1,4.21,0.0
7011,2,446,1.444999999999975,0.05605381165919283,1428.4,4.21,0.0
7012,0,179,-0.8219999999999998,0.055865921787709494,1428.5,4.21,0.0
7013,1,313,0.3119999999999896,0.054313099041533544,1428.6,4.21,0.0
7014,3,579,2.5779999999999603,0.055267702936096716,1428.9,4.21,0.0
7015,1,313,0.3119999999999896,0.054313099041533544,1429.1,4.21,0.0
7016,1,313,0.3119999999999896,0.054313099041533544,1429.3,4.21,0.0
7017,1,314,0.3129999999999895,0.05732484076433121,1429.4,4.21,0.0
7018,3,588,2.5869999999999593,0.05612244897959184,1429.8,4.21,0.0
7019,9,1398,9.396999999999878,0.055793991416309016,1430.5,4.21,0.0
7020,0,186,-0.8149999999999998,0.05913978494623656,1430.6,4.21,0.0
7021,1,317,0.3159999999999892,0.056782334384858045,1430.8,4.21,0.0
7022,1,313,0.3119999999999896,0.054313099041533544,1431.0,4.21,0.0
7023,0,179,-0.8219999999999998,0.055865921787709494,1431.1,4.21,0.0
7024,0,179,-0.8219999999999998,0.055865921787709494,1431.2,4.21,0.0
7025,1,315,0.3139999999999894,0.05714285714285714,1431.3,4.21,0.0
7026,0,184,-0.8169999999999998,0.059782608695652176,1431.4,4.21,0.0
7027,1,321,0.31999999999998874,0.056074766355140186,1431.6,4.21,0.0
7028,0,192,-0.8089999999999998,0.057291666666666664,1431.7,4.21,0.0
7029,1,336,0.3349999999999871,0.05654761904761905,1431.9,4.21,0.0
7030,6,887,5.8860000000000445,0.05636978579481398,1432.4,4.21,0.0
7031,0,179,-0.8219999999999998,0.055865921787709494,1432.5,4.21,0.0
7032,0,179,-0.8219999999999998,0.055865921787709494,1432.6,4.21,0.0
7033,1,313,0.3119999999999896,0.054313099041533544,1432.7,4.21,0.0
7034,0,179,-0.8219999999999998,0.055865921787709494,1432.8,4.21,0.0
7035,2,459,1.4579999999999735,0.05664488017429194,1433.1,4.21,0.0
7036,5,846,4.845000000000032,0.05555555555555555,1433.6,4.21,0.0
7037,3,579,2.5779999999999603,0.055267702936096716,1433.9,4.21,0.0
7038,3,584,2.5829999999999598,0.05650684931506849,1434.2,4.21,0.0
7039,1,335,0.3339999999999872,0.056716417910447764,1434.4,4.21,0.0
7040,0,187,-0.8139999999999998,0.058823529411764705,1434.5,4.21,0.0
7041,6,979,5.978000000000075,0.05515832482124617,1435.0,4.21,0.0
7042,0,179,-0.8219999999999998,0.055865921787709494,1435.1,4.21,0.0
7043,0,179,-0.8219999999999998,0.055865921787709494,1435.2,4.21,0.0
7044,0,179,-0.8219999999999998,0.055865921787709494,1435.3,4.21,0.0
7045,1,313,0.3119999999999896,0.05750798722044728,1435.5,4.21,0.0
7046,0,179,-0.8219999999999998,0.055865921787709494,1435.6,4.21,0.0
7047,1,313,0.3119999999999896,0.054313099041533544,1435.7,4.21,0.0
7048,1,314,0.3129999999999895,0.05732484076433121,1435.9,4.21,0.0
7049,0,185,-0.8159999999999998,0.05945945945945946,1436.0,4.21,0.0
7050,3,579,2.5779999999999603,0.05699481865284974,1436.3,4.21,0.0
7051,3,591,2.589999999999959,0.05583756345177665,1436.6,4.21,0.0
7052,2,462,1.4609999999999732,0.05627705627705628,1436.9,4.21,0.0
7053,6,979,5.978000000000075,0.05515832482124617,1437.4,4.21,0.0
7054,0,195,-0.8059999999999998,0.05641025641025641,1437.5,4.21,0.0
7055,4,736,3.734999999999996,0.05570652173913043,1437.9,4.21,0.0
7056,3,591,2.589999999999959,0.05583756345177665,1438.3,4.21,0.0
7057,4,714,3.7129999999999885,0.056022408963585436,1438.7,4.21,0.0
7058,0,183,-0.8179999999999998,0.060109289617486336,1438.8,4.21,0.0
7059,3,579,2.5779999999999603,0.055267702936096716,1439.1,4.21,0.0
7060,0,187,-0.8139999999999998,0.058823529411764705,1439.2,4.21,0.0
7061,0,179,-0.8219999999999998,0.05027932960893855,1439.3,4.21,0.0
7062,1,335,0.3339999999999872,0.056716417910447764,1439.5,4.21,0.0
7063,1,313,0.3119999999999896,0.054313099041533544,1439.7,4.21,0.0
7064,2,446,1.444999999999975,0.05605381165919283,1439.9,4.21,0.0
7065,1,320,0.31899999999998885,0.05625,1440.1,4.21,0.0
7066,0,179,-0.8219999999999998,0.055865921787709494,1440.2,4.21,0.0
7067,0,179,-0.8219999999999998,0.055865921787709494,1440.3,4.21,0.0
7068,2,446,1.444999999999975,0.05605381165919283,1440.5,4.21,0.0
7069,0,192,-0.8089999999999998,0.057291666666666664,1440.6,4.21,0.0
7070,1,313,0.3119999999999896,0.054313099041533544,1440.8,4.21,0.0
7071,3,587,2.5859999999999594,0.056218057921635436,1441.1,4.21,0.0
7072,1,313,0.3119999999999896,0.05750798722044728,1441.2,4.21,0.0
7073,0,190,-0.8109999999999998,0.05789473684210526,1441.3,4.21,0.0
7074,3,579,2.5779999999999603,0.055267702936096716,1441.7,4.21,0.0
7075,1,341,0.33999999999998654,0.05571847507331378,1441.9,4.21,0.0
7076,0,179,-0.8219999999999998,0.055865921787709494,1441.9,4.21,0.0
7077,1,313,0.3119999999999896,0.054313099041533544,1442.1,4.21,0.0
7078,2,456,1.4549999999999739,0.05701754385964912,1442.4,4.21,0.0
7079,3,579,2.5779999999999603,0.055267702936096716,1442.7,4.21,0.0
7080,1,313,0.3119999999999896,0.054313099041533544,1442.9,4.21,0.0
7081,2,446,1.444999999999975,0.053811659192825115,1443.1,4.21,0.0
7082,4,713,3.711999999999988,0.0546984572230014,1443.5,4.21,0.0
7083,0,179,-0.8219999999999998,0.055865921787709494,1443.6,4.21,0.0
7084,4,733,3.731999999999995,0.05593451568894952,1444.0,4.21,0.0
7085,1,313,0.3119999999999896,0.054313099041533544,1444.2,4.21,0.0
7086,1,323,0.3219999999999885,0.05572755417956656,1444.3,4.21,0.0
7087,0,179,-0.8219999999999998,0.055865921787709494,1444.4,4.21,0.0
7088,2,446,1.444999999999975,0.05605381165919283,1444.7,4.21,0.0
7089,1,313,0.3119999999999896,0.054313099041533544,1444.8,4.22,0.0
7090,4,713,3.711999999999988,0.0546984572230014,1445.2,4.21,0.0
7091,0,196,-0.8049999999999998,0.05612244897959184,1445.3,4.21,0.0
7092,3,579,2.5779999999999603,0.055267702936096716,1445.6,4.21,0.0
7093,1,338,0.33699999999998687,0.05621301775147929,1445.8,4.21,0.0
7094,5,851,4.850000000000033,0.0564042303172738,1446.3,4.21,0.0
7095,1,313,0.3119999999999896,0.05750798722044728,1446.4,4.21,0.0
7096,1,313,0.3119999999999896,0.054313099041533544,1446.6,4.21,0.0
7097,4,713,3.711999999999988,0.0546984572230014,1447.0,4.21,0.0
7098,2,446,1.444999999999975,0.05605381165919283,1447.2,4.21,0.0
7099,0,179,-0.8219999999999998,0.055865921787709494,1447.3,4.21,0.0
7100,5,846,4.845000000000032,0.05555555555555555,1447.8,4.21,0.0
7101,2,461,1.4599999999999733,0.05639913232104121,1448.0,4.21,0.0
7102,3,579,2.5779999999999603,0.055267702936096716,1448.3,4.21,0.0
7103,0,179,-0.8219999999999998,0.055865921787709494,1448.4,4.21,0.0
7104,0,179,-0.8219999999999998,0.05027932960893855,1448.5,4.21,0.0
7105,5,846,4.845000000000032,0.05555555555555555,1449.0,4.21,0.0
7106,3,579,2.5779999999999603,0.055267702936096716,1449.3,4.21,0.0
7107,0,179,-0.8219999999999998,0.055865921787709494,1449.4,4.21,0.0
7108,6,979,5.978000000000075,0.05515832482124617,1449.9,4.21,0.0
7109,1,313,0.3119999999999896,0.054313099041533544,1450.1,4.21,0.0
7110,3,579,2.5779999999999603,0.055267702936096716,1450.4,4.21,0.0
7111,0,179,-0.8219999999999998,0.055865921787709494,1450.5,4.21,0.0
7112,4,717,3.7159999999999895,0.05578800557880056,1450.8,4.21,0.0
7113,0,179,-0.8219999999999998,0.055865921787709494,1450.9,4.21,0.0
7114,0,187,-0.8139999999999998,0.058823529411764705,1451.0,4.21,0.0
7115,0,179,-0.8219999999999998,0.055865921787709494,1451.1,4.21,0.0
7116,1,318,0.31699999999998907,0.05660377358490566,1451.3,4.21,0.0
7117,6,979,5.978000000000075,0.05515832482124617,1451.8,4.21,0.0
7118,0,179,-0.8219999999999998,0.055865921787709494,1451.9,4.21,0.0
7119,1,313,0.3119999999999896,0.054313099041533544,1452.1,4.21,0.0
7120,1,316,0.3149999999999893,0.056962025316455694,1452.3,4.21,0.0
7121,0,179,-0.8219999999999998,0.055865921787709494,1452.4,4.22,0.0
7122,6,979,5.978000000000075,0.05515832482124617,1452.9,4.21,0.0
7123,1,313,0.3119999999999896,0.054313099041533544,1453.1,4.21,0.0
7124,3,608,2.606999999999957,0.05592105263157895,1453.4,4.21,0.0
7125,0,179,-0.8219999999999998,0.055865921787709494,1453.5,4.21,0.0
7126,0,179,-0.8219999999999998,0.055865921787709494,1453.6,4.22,0.0
7127,3,579,2.5779999999999603,0.055267702936096716,1453.9,4.21,0.0
7128,0,187,-0.8139999999999998,0.058823529411764705,1454.0,4.22,0.0
7129,1,313,0.3119999999999896,0.05750798722044728,1454.2,4.22,0.0
7130,3,579,2.5779999999999603,0.055267702936096716,1454.5,4.22,0.0
7131,1,317,0.3159999999999892,0.056782334384858045,1454.6,4.22,0.0
7132,0,184,-0.8169999999999998,0.059782608695652176,1454.7,4.22,0.0
7133,3,583,2.58199999999996,0.05660377358490566,1455.1,4.22,0.0
7134,0,193,-0.8079999999999998,0.05699481865284974,1455.2,4.22,0.0
7135,0,179,-0.8219999999999998,0.055865921787709494,1455.2,4.22,0.0
7136,4,713,3.711999999999988,0.0546984572230014,1455.6,4.22,0.0
7137,7,1113,7.112000000000036,0.055705300988319856,1456.2,4.21,0.0
7138,7,1125,7.124000000000029,0.056,1456.8,4.21,0.0
7139,5,855,4.854000000000035,0.056140350877192984,1457.3,4.21,0.0
7140,2,465,1.4639999999999729,0.05591397849462366,1457.5,4.21,0.0
7141,1,338,0.33699999999998687,0.05621301775147929,1457.7,4.21,0.0
7142,9,1379,9.377999999999888,0.05583756345177665,1458.5,4.21,0.0
7143,1,313,0.3119999999999896,0.05750798722044728,1458.6,4.21,0.0
7144,3,579,2.5779999999999603,0.055267702936096716,1458.9,4.21,0.0
7145,2,446,1.444999999999975,0.05605381165919283,1459.2,4.21,0.0
7146,3,589,2.587999999999959,0.05602716468590832,1459.5,4.21,0.0
7147,1,315,0.3139999999999894,0.05714285714285714,1459.7,4.21,0.0
7148,2,446,1.444999999999975,0.05605381165919283,1459.9,4.21,0.0
7149,2,446,1.444999999999975,0.053811659192825115,1460.2,4.21,0.0
7150,7,1123,7.12200000000003,0.05609973285841496,1460.7,4.21,0.0
7151,2,454,1.452999999999974,0.05726872246696035,1461.0,4.21,0.0
7152,0,183,-0.8179999999999998,0.060109289617486336,1461.1,4.21,0.0
7153,0,179,-0.8219999999999998,0.055865921787709494,1461.2,4.21,0.0
7154,1,315,0.3139999999999894,0.05714285714285714,1461.4,4.21,0.0
7155,1,335,0.3339999999999872,0.056716417910447764,1461.5,4.21,0.0
7156,3,593,2.591999999999959,0.05564924114671164,1461.8,4.21,0.0
7157,0,179,-0.8219999999999998,0.055865921787709494,1461.9,4.21,0.0
7158,3,579,2.5779999999999603,0.055267702936096716,1462.3,4.21,0.0
7159,1,337,0.335999999999987,0.05637982195845697,1462.4,4.21,0.0
7160,2,446,1.444999999999975,0.05605381165919283,1462.7,4.21,0.0
7161,1,313,0.3119999999999896,0.05750798722044728,1462.8,4.21,0.0
7162,2,446,1.444999999999975,0.053811659192825115,1463.1,4.21,0.0
7163,0,186,-0.8149999999999998,0.05913978494623656,1463.2,4.21,0.0
7164,1,313,0.3119999999999896,0.05750798722044728,1463.4,4.21,0.0
7165,2,446,1.444999999999975,0.053811659192825115,1463.6,4.21,0.0
7166,0,179,-0.8219999999999998,0.055865921787709494,1463.7,4.21,0.0
7167,7,1131,7.130000000000026,0.05570291777188329,1464.3,4.21,0.0
7168,2,446,1.444999999999975,0.05605381165919283,1464.5,4.21,0.0
7169,0,179,-0.8219999999999998,0.055865921787709494,1464.6,4.21,0.0
7170,1,313,0.3119999999999896,0.054313099041533544,1464.8,4.21,0.0
7171,3,579,2.5779999999999603,0.055267702936096716,1465.1,4.21,0.0
7172,1,313,0.3119999999999896,0.054313099041533544,1465.3,4.21,0.0
7173,0,186,-0.8149999999999998,0.05913978494623656,1465.4,4.21,0.0
7174,0,179,-0.8219999999999998,0.055865921787709494,1465.5,4.21,0.0
7175,3,579,2.5779999999999603,0.055267702936096716,1465.8,4.21,0.0
7176,2,446,1.444999999999975,0.05605381165919283,1466.0,4.21,0.0
7177,2,446,1.444999999999975,0.053811659192825115,1466.3,4.21,0.0
7178,1,313,0.3119999999999896,0.054313099041533544,1466.4,4.21,0.0
7179,1,318,0.31699999999998907,0.05660377358490566,1466.6,4.21,0.0
7180,0,179,-0.8219999999999998,0.055865921787709494,1466.7,4.21,0.0
7181,0,179,-0.8219999999999998,0.055865921787709494,1466.8,4.21,0.0
7182,0,179,-0.8219999999999998,0.055865921787709494,1466.9,4.21,0.0
7183,2,453,1.4519999999999742,0.05739514348785872,1467.1,4.21,0.0
7184,4,713,3.711999999999988,0.0546984572230014,1467.5,4.21,0.0
7185,0,179,-0.8219999999999998,0.055865921787709494,1467.6,4.21,0.0
7186,1,315,0.3139999999999894,0.05714285714285714,1467.8,4.22,0.0
7187,2,446,1.444999999999975,0.05605381165919283,1468.0,4.22,0.0
7188,1,313,0.3119999999999896,0.054313099041533544,1468.2,4.22,0.0
7189,1,313,0.3119999999999896,0.05750798722044728,1468.4,4.22,0.0
7190,1,313,0.3119999999999896,0.05750798722044728,1468.5,4.22,0.0
7191,5,846,4.845000000000032,0.05555555555555555,1469.0,4.22,0.0
7192,0,179,-0.8219999999999998,0.055865921787709494,1469.1,4.22,0.0
7193,3,579,2.5779999999999603,0.055267702936096716,1469.4,4.22,0.0
7194,1,313,0.3119999999999896,0.054313099041533544,1469.6,4.22,0.0
7195,1,313,0.3119999999999896,0.054313099041533544,1469.7,4.22,0.0
7196,0,195,-0.8059999999999998,0.05641025641025641,1469.9,4.22,0.0
7197,3,583,2.58199999999996,0.05660377358490566,1470.2,4.22,0.0
7198,3,579,2.5779999999999603,0.055267702936096716,1470.5,4.22,0.0
7199,0,192,-0.8089999999999998,0.057291666666666664,1470.6,4.22,0.0
7200,0,179,-0.8219999999999998,0.055865921787709494,1470.7,4.22,0.0
7201,3,579,2.5779999999999603,0.055267702936096716,1471.0,4.22,0.0
7202,1,313,0.3119999999999896,0.054313099041533544,1471.2,4.22,0.0
7203,0,179,-0.8219999999999998,0.055865921787709494,1471.3,4.22,0.0
7204,5,846,4.845000000000032,0.05555555555555555,1471.7,4.22,0.0
7205,3,588,2.5869999999999593,0.05612244897959184,1472.0,4.22,0.0
7206,2,446,1.444999999999975,0.05605381165919283,1472.3,4.22,0.0
7207,8,1257,8.255999999999956,0.05568814638027048,1472.9,4.21,0.0
7208,2,446,1.444999999999975,0.05605381165919283,1473.2,4.21,0.0
7209,4,730,3.728999999999994,0.056164383561643834,1473.6,4.21,0.0
7210,6,1005,6.004000000000084,0.05572139303482587,1474.1,4.21,0.0
7211,2,455,1.453999999999974,0.05714285714285714,1474.4,4.21,0.0
7212,0,205,-0.7959999999999998,0.05853658536585366,1474.5,4.21,0.0
7213,3,585,2.5839999999999597,0.05641025641025641,1474.8,4.21,0.0
7214,0,192,-0.8089999999999998,0.057291666666666664,1474.9,4.21,0.0
7215,3,588,2.5869999999999593,0.05612244897959184,1475.2,4.21,0.0
7216,0,208,-0.7929999999999998,0.057692307692307696,1475.3,4.21,0.0
7217,1,336,0.3349999999999871,0.05654761904761905,1475.5,4.21,0.0
7218,2,458,1.4569999999999736,0.056768558951965066,1475.8,4.21,0.0
7219,0,186,-0.8149999999999998,0.05913978494623656,1475.8,4.21,0.0
7220,3,579,2.5779999999999603,0.055267702936096716,1476.1,4.21,0.0
7221,4,733,3.731999999999995,0.05593451568894952,1476.6,4.21,0.0
7222,1,313,0.3119999999999896,0.054313099041533544,1476.7,4.21,0.0
7223,2,446,1.444999999999975,0.05605381165919283,1477.0,4.21,0.0
7224,1,339,0.33799999999998676,0.05604719764011799,1477.1,4.21,0.0
7225,0,179,-0.8219999999999998,0.055865921787709494,1477.2,4.21,0.0
7226,4,713,3.711999999999988,0.056100981767180924,1477.6,4.21,0.0
7227,0,190,-0.8109999999999998,0.05789473684210526,1477.7,4.21,0.0
7228,0,179,-0.8219999999999998,0.055865921787709494,1477.8,4.21,0.0
7229,1,313,0.3119999999999896,0.054313099041533544,1478.0,4.22,0.0
7230,1,313,0.3119999999999896,0.05750798722044728,1478.1,4.22,0.0
7231,0,179,-0.8219999999999998,0.055865921787709494,1478.2,4.22,0.0
7232,7,1113,7.112000000000036,0.055705300988319856,1478.8,4.21,0.0
7233,0,184,-0.8169999999999998,0.059782608695652176,1478.9,4.22,0.0
7234,2,446,1.444999999999975,0.05605381165919283,1479.2,4.22,0.0
7235,0,189,-0.8119999999999998,0.0582010582010582,1479.3,4.22,0.0
7236,4,727,3.725999999999993,0.05639614855570839,1479.7,4.22,0.0
7237,1,313,0.3119999999999896,0.054313099041533544,1479.9,4.22,0.0
7238,1,338,0.33699999999998687,0.05621301775147929,1480.1,4.22,0.0
7239,3,579,2.5779999999999603,0.055267702936096716,1480.4,4.22,0.0
7240,2,446,1.444999999999975,0.05605381165919283,1480.6,4.22,0.0
7241,4,713,3.711999999999988,0.056100981767180924,1481.0,4.21,0.0
7242,1,313,0.3119999999999896,0.05750798722044728,1481.2,4.21,0.0
7243,2,454,1.452999999999974,0.05726872246696035,1481.4,4.21,0.0
7244,1,313,0.3119999999999896,0.054313099041533544,1481.6,4.22,0.0
7245,1,314,0.3129999999999895,0.05732484076433121,1481.7,4.22,0.0
7246,4,713,3.711999999999988,0.0546984572230014,1482.1,4.21,0.0
7247,0,179,-0.8219999999999998,0.055865921787709494,1482.2,4.22,0.0
7248,0,179,-0.8219999999999998,0.055865921787709494,1482.3,4.22,0.0
7249,5,846,4.845000000000032,0.05555555555555555,1482.8,4.22,0.0
7250,2,461,1.4599999999999733,0.05639913232104121,1483.0,4.22,0.0
7251,1,313,0.3119999999999896,0.054313099041533544,1483.2,4.22,0.0
7252,1,313,0.3119999999999896,0.05750798722044728,1483.4,4.22,0.0
7253,5,846,4.845000000000032,0.05555555555555555,1483.8,4.21,0.0
7254,0,184,-0.8169999999999998,0.059782608695652176,1483.9,4.22,0.0
7255,0,190,-0.8109999999999998,0.05789473684210526,1484.0,4.22,0.0
7256,0,186,-0.8149999999999998,0.05913978494623656,1484.1,4.22,0.0
7257,4,713,3.711999999999988,0.056100981767180924,1484.5,4.22,0.0
7258,0,179,-0.8219999999999998,0.055865921787709494,1484.6,4.22,0.0
7259,3,579,2.5779999999999603,0.055267702936096716,1484.9,4.22,0.0
7260,5,846,4.845000000000032,0.05555555555555555,1485.4,4.22,0.0
7261,3,579,2.5779999999999603,0.055267702936096716,1485.7,4.21,0.0
7262,0,179,-0.8219999999999998,0.055865921787709494,1485.8,4.22,0.0
7263,0,186,-0.8149999999999998,0.05913978494623656,1485.9,4.22,0.0
7264,4,713,3.711999999999988,0.056100981767180924,1486.3,4.22,0.0
7265,2,446,1.444999999999975,0.05605381165919283,1486.5,4.22,0.0
7266,7,1113,7.112000000000036,0.055705300988319856,1487.1,4.21,0.0
7267,3,592,2.590999999999959,0.05574324324324324,1487.4,4.21,0.0
7268,0,195,-0.8059999999999998,0.05641025641025641,1487.5,4.21,0.0
7269,1,341,0.33999999999998654,0.05571847507331378,1487.7,4.21,0.0
7270,3,579,2.5779999999999603,0.055267702936096716,1488.0,4.21,0.0
7271,0,179,-0.8219999999999998,0.055865921787709494,1488.1,4.21,0.0
7272,4,713,3.711999999999988,0.0546984572230014,1488.5,4.21,0.0
7273,1,313,0.3119999999999896,0.05750798722044728,1488.7,4.21,0.0
7274,1,313,0.3119999999999896,0.054313099041533544,1488.8,4.21,0.0
7275,3,589,2.587999999999959,0.05602716468590832,1489.1,4.21,0.0
7276,1,313,0.3119999999999896,0.054313099041533544,1489.3,4.21,0.0
7277,0,188,-0.8129999999999998,0.05851063829787234,1489.4,4.22,0.0
7278,3,579,2.5779999999999603,0.055267702936096716,1489.7,4.21,0.0
7279,2,452,1.4509999999999743,0.05752212389380531,1490.0,4.21,0.0
7280,5,846,4.845000000000032,0.05555555555555555,1490.4,4.21,0.0
7281,3,579,2.5779999999999603,0.055267702936096716,1490.8,4.21,0.0
7282,0,179,-0.8219999999999998,0.055865921787709494,1490.9,4.21,0.0
7283,0,179,-0.8219999999999998,0.055865921787709494,1491.0,4.21,0.0
7284,1,319,0.31799999999998896,0.05642633228840126,1491.1,4.21,0.0
7285,6,979,5.978000000000075,0.05515832482124617,1491.7,4.21,0.0
7286,1,313,0.3119999999999896,0.054313099041533544,1491.9,4.21,0.0
7287,0,186,-0.8149999999999998,0.05913978494623656,1492.0,4.21,0.0
7288,0,192,-0.8089999999999998,0.057291666666666664,1492.1,4.21,0.0
7289,3,591,2.589999999999959,0.05583756345177665,1492.4,4.21,0.0
7290,2,446,1.444999999999975,0.05605381165919283,1492.6,4.21,0.0
7291,0,179,-0.8219999999999998,0.055865921787709494,1492.7,4.22,0.0
7292,0,194,-0.8069999999999998,0.05670103092783505,1492.8,4.22,0.0
7293,0,179,-0.8219999999999998,0.055865921787709494,1492.9,4.22,0.0
7294,1,313,0.3119999999999896,0.054313099041533544,1493.1,4.22,0.0
7295,2,457,1.4559999999999738,0.05689277899343545,1493.3,4.22,0.0
7296,0,188,-0.8129999999999998,0.05851063829787234,1493.4,4.22,0.0
7297,3,582,2.58099999999996,0.05670103092783505,1493.8,4.22,0.0
7298,0,179,-0.8219999999999998,0.055865921787709494,1493.9,4.22,0.0
7299,6,1003,6.002000000000083,0.05583250249252243,1494.4,4.22,0.0
7300,0,179,-0.8219999999999998,0.055865921787709494,1494.5,4.22,0.0
7301,5,854,4.853000000000034,0.05620608899297424,1495.0,4.22,0.0
7302,0,179,-0.8219999999999998,0.055865921787709494,1495.1,4.22,0.0
7303,0,188,-0.8129999999999998,0.05851063829787234,1495.2,4.22,0.0
7304,3,591,2.589999999999959,0.05583756345177665,1495.5,4.22,0.0
7305,1,313,0.3119999999999896,0.05750798722044728,1495.7,4.22,0.0
7306,2,455,1.453999999999974,0.05714285714285714,1495.9,4.22,0.0
7307,6,979,5.978000000000075,0.05515832482124617,1496.5,4.22,0.0
7308,2,452,1.4509999999999743,0.05752212389380531,1496.7,4.22,0.0
7309,1,313,0.3119999999999896,0.05750798722044728,1496.9,4.22,0.0
7310,1,317,0.3159999999999892,0.056782334384858045,1497.0,4.22,0.0
7311,1,313,0.3119999999999896,0.054313099041533544,1497.2,4.22,0.0
7312,4,713,3.711999999999988,0.0546984572230014,1497.6,4.22,0.0
7313,0,184,-0.8169999999999998,0.059782608695652176,1497.7,4.22,0.0
7314,0,179,-0.8219999999999998,0.055865921787709494,1497.8,4.22,0.0
7315,0,179,-0.8219999999999998,0.055865921787709494,1497.9,4.22,0.0
7316,0,185,-0.8159999999999998,0.05945945945945946,1498.0,4.22,0.0
7317,3,593,2.591999999999959,0.05564924114671164,1498.3,4.22,0.0
7318,1,320,0.31899999999998885,0.05625,1498.5,4.22,0.0
7319,3,579,2.5779999999999603,0.055267702936096716,1498.8,4.22,0.0
7320,1,323,0.3219999999999885,0.05572755417956656,1499.0,4.22,0.0
7321,10,1522,10.520999999999809,0.05584756898817345,1499.8,4.22,0.0
7322,0,179,-0.8219999999999998,0.055865921787709494,1499.9,4.22,0.0
7323,2,456,1.4549999999999739,0.05701754385964912,1500.1,4.22,0.0
7324,0,179,-0.8219999999999998,0.055865921787709494,1500.2,4.22,0.0
7325,1,313,0.3119999999999896,0.054313099041533544,1500.4,4.22,0.0
7326,0,179,-0.8219999999999998,0.055865921787709494,1500.5,4.22,0.0
7327,0,188,-0.8129999999999998,0.05851063829787234,1500.6,4.22,0.0
7328,0,190,-0.8109999999999998,0.05789473684210526,1500.7,4.22,0.0
7329,4,713,3.711999999999988,0.0546984572230014,1501.1,4.22,0.0
7330,3,579,2.5779999999999603,0.055267702936096716,1501.4,4.22,0.0
7331,1,321,0.31999999999998874,0.056074766355140186,1501.6,4.22,0.0
7332,0,184,-0.8169999999999998,0.059782608695652176,1501.7,4.22,0.0
7333,4,713,3.711999999999988,0.056100981767180924,1502.0,4.22,0.0
7334,0,179,-0.8219999999999998,0.055865921787709494,1502.1,4.22,0.0
7335,0,179,-0.8219999999999998,0.055865921787709494,1502.2,4.22,0.0
7336,0,179,-0.8219999999999998,0.055865921787709494,1502.3,4.22,0.0
7337,6,979,5.978000000000075,0.05515832482124617,1502.8,4.22,0.0
7338,4,713,3.711999999999988,0.056100981767180924,1503.2,4.22,0.0
7339,6,979,5.978000000000075,0.056179775280898875,1503.8,4.22,0.0
7340,3,579,2.5779999999999603,0.055267702936096716,1504.1,4.22,0.0
7341,1,320,0.31899999999998885,0.05625,1504.3,4.22,0.0
7342,2,446,1.444999999999975,0.05605381165919283,1504.5,4.22,0.0
7343,6,979,5.978000000000075,0.05515832482124617,1505.0,4.22,0.0
7344,1,313,0.3119999999999896,0.05750798722044728,1505.2,4.22,0.0
7345,3,579,2.5779999999999603,0.055267702936096716,1505.5,4.22,0.0
7346,0,179,-0.8219999999999998,0.055865921787709494,1505.6,4.22,0.0
7347,0,179,-0.8219999999999998,0.055865921787709494,1505.7,4.22,0.0
7348,1,314,0.3129999999999895,0.05732484076433121,1505.9,4.22,0.0
7349,7,1113,7.112000000000036,0.055705300988319856,1506.5,4.22,0.0
7350,6,1005,6.004000000000084,0.05572139303482587,1507.0,4.21,0.0
7351,1,335,0.3339999999999872,0.056716417910447764,1507.2,4.21,0.0
7352,2,446,1.444999999999975,0.05605381165919283,1507.4,4.21,0.0
7353,3,587,2.5859999999999594,0.056218057921635436,1507.8,4.21,0.0
7354,1,313,0.3119999999999896,0.054313099041533544,1507.9,4.21,0.0
7355,1,319,0.31799999999998896,0.05642633228840126,1508.1,4.21,0.0
7356,6,979,5.978000000000075,0.05515832482124617,1508.6,4.21,0.0
7357,1,313,0.3119999999999896,0.054313099041533544,1508.8,4.21,0.0
7358,5,846,4.845000000000032,0.05555555555555555,1509.3,4.21,0.0
7359,1,313,0.3119999999999896,0.054313099041533544,1509.4,4.21,0.0
7360,0,179,-0.8219999999999998,0.055865921787709494,1509.5,4.21,0.0
7361,0,190,-0.8109999999999998,0.05789473684210526,1509.6,4.21,0.0
7362,2,453,1.4519999999999742,0.05739514348785872,1509.9,4.21,0.0
7363,4,717,3.7159999999999895,0.05578800557880056,1510.3,4.21,0.0
7364,5,852,4.851000000000034,0.056338028169014086,1510.7,4.21,0.0
7365,2,447,1.4459999999999749,0.05592841163310962,1510.9,4.21,0.0
7366,4,713,3.711999999999988,0.056100981767180924,1511.3,4.21,0.0
7367,3,583,2.58199999999996,0.05660377358490566,1511.6,4.21,0.0
7368,3,600,2.598999999999958,0.056666666666666664,1512.0,4.21,0.0
7369,1,313,0.3119999999999896,0.054313099041533544,1512.1,4.21,0.0
7370,0,179,-0.8219999999999998,0.055865921787709494,1512.2,4.21,0.0
7371,0,179,-0.8219999999999998,0.055865921787709494,1512.3,4.21,0.0
7372,3,579,2.5779999999999603,0.055267702936096716,1512.6,4.21,0.0
7373,1,313,0.3119999999999896,0.05750798722044728,1512.8,4.21,0.0
7374,3,579,2.5779999999999603,0.055267702936096716,1513.1,4.21,0.0
7375,1,313,0.3119999999999896,0.05750798722044728,1513.2,4.21,0.0
7376,2,446,1.444999999999975,0.05605381165919283,1513.5,4.21,0.0
7377,0,179,-0.8219999999999998,0.055865921787709494,1513.6,4.21,0.0
7378,1,313,0.3119999999999896,0.054313099041533544,1513.8,4.21,0.0
7379,0,189,-0.8119999999999998,0.0582010582010582,1513.9,4.21,0.0
7380,0,186,-0.8149999999999998,0.05913978494623656,1514.0,4.21,0.0
7381,0,195,-0.8059999999999998,0.05641025641025641,1514.1,4.22,0.0
7382,3,579,2.5779999999999603,0.055267702936096716,1514.4,4.21,0.0
7383,2,457,1.4559999999999738,0.05689277899343545,1514.6,4.21,0.0
7384,1,320,0.31899999999998885,0.05625,1514.8,4.22,0.0
7385,1,335,0.3339999999999872,0.056716417910447764,1515.0,4.22,0.0
7386,1,313,0.3119999999999896,0.05750798722044728,1515.1,4.22,0.0
7387,0,179,-0.8219999999999998,0.055865921787709494,1515.2,4.22,0.0
7388,0,179,-0.8219999999999998,0.055865921787709494,1515.3,4.22,0.0
7389,1,313,0.3119999999999896,0.054313099041533544,1515.5,4.22,0.0
7390,2,446,1.444999999999975,0.053811659192825115,1515.8,4.22,0.0
7391,0,179,-0.8219999999999998,0.055865921787709494,1515.8,4.22,0.0
7392,2,446,1.444999999999975,0.05605381165919283,1516.1,4.22,0.0
7393,2,480,1.4789999999999712,0.05625,1516.3,4.22,0.0
7394,8,1246,8.244999999999962,0.05537720706260032,1517.0,4.22,0.0
7395,1,313,0.3119999999999896,0.054313099041533544,1517.2,4.22,0.0
7396,1,313,0.3119999999999896,0.05750798722044728,1517.4,4.22,0.0
7397,6,979,5.978000000000075,0.056179775280898875,1517.9,4.22,0.0
7398,0,179,-0.8219999999999998,0.055865921787709494,1518.0,4.22,0.0
7399,3,579,2.5779999999999603,0.055267702936096716,1518.3,4.22,0.0
7400,1,313,0.3119999999999896,0.054313099041533544,1518.4,4.22,0.0
7401,0,179,-0.8219999999999998,0.055865921787709494,1518.5,4.22,0.0
7402,0,179,-0.8219999999999998,0.055865921787709494,1518.6,4.22,0.0
7403,2,446,1.444999999999975,0.05605381165919283,1518.9,4.22,0.0
7404,2,456,1.4549999999999739,0.05701754385964912,1519.1,4.22,0.0
7405,0,179,-0.8219999999999998,0.055865921787709494,1519.2,4.22,0.0
7406,6,983,5.982000000000077,0.05595116988809766,1519.7,4.22,0.0
7407,1,313,0.3119999999999896,0.054313099041533544,1519.9,4.22,0.0
7408,0,179,-0.8219999999999998,0.061452513966480445,1520.0,4.22,0.0
7409,4,737,3.735999999999996,0.05563093622795115,1520.4,4.22,0.0
7410,5,846,4.845000000000032,0.05555555555555555,1520.8,4.22,0.0
7411,1,313,0.3119999999999896,0.054313099041533544,1521.0,4.22,0.0
7412,3,579,2.5779999999999603,0.05699481865284974,1521.3,4.22,0.0
7413,7,1128,7.127000000000027,0.05585106382978723,1521.9,4.21,0.0
7414,0,179,-0.8219999999999998,0.055865921787709494,1522.0,4.21,0.0
7415,0,184,-0.8169999999999998,0.059782608695652176,1522.1,4.22,0.0
7416,0,185,-0.8159999999999998,0.05945945945945946,1522.2,4.22,0.0
7417,1,315,0.3139999999999894,0.05714285714285714,1522.4,4.22,0.0
7418,2,454,1.452999999999974,0.05726872246696035,1522.6,4.22,0.0
7419,1,336,0.3349999999999871,0.05654761904761905,1522.8,4.22,0.0
7420,2,446,1.444999999999975,0.05605381165919283,1523.0,4.22,0.0
7421,0,179,-0.8219999999999998,0.055865921787709494,1523.1,4.22,0.0
7422,1,313,0.3119999999999896,0.054313099041533544,1523.3,4.22,0.0
7423,0,179,-0.8219999999999998,0.055865921787709494,1523.4,4.22,0.0
7424,1,318,0.31699999999998907,0.05660377358490566,1523.5,4.22,0.0
7425,1,320,0.31899999999998885,0.05625,1523.7,4.22,0.0
7426,4,713,3.711999999999988,0.056100981767180924,1524.1,4.22,0.0
7427,4,729,3.7279999999999935,0.056241426611796985,1524.5,4.22,0.0
7428,3,579,2.5779999999999603,0.055267702936096716,1524.8,4.22,0.0
7429,0,179,-0.8219999999999998,0.055865921787709494,1524.9,4.22,0.0
7430,3,609,2.607999999999957,0.05582922824302135,1525.3,4.22,0.0
7431,0,192,-0.8089999999999998,0.057291666666666664,1525.4,4.22,0.0
7432,0,179,-0.8219999999999998,0.055865921787709494,1525.4,4.22,0.0
7433,0,192,-0.8089999999999998,0.057291666666666664,1525.5,4.22,0.0
7434,1,313,0.3119999999999896,0.054313099041533544,1525.7,4.22,0.0
7435,1,313,0.3119999999999896,0.05750798722044728,1525.9,4.22,0.0
7436,3,579,2.5779999999999603,0.055267702936096716,1526.2,4.22,0.0
7437,2,466,1.4649999999999728,0.055793991416309016,1526.5,4.22,0.0
7438,0,179,-0.8219999999999998,0.055865921787709494,1526.6,4.22,0.0
7439,0,179,-0.8219999999999998,0.055865921787709494,1526.6,4.22,0.0
7440,5,846,4.845000000000032,0.05555555555555555,1527.1,4.22,0.0
7441,4,713,3.711999999999988,0.0546984572230014,1527.5,4.22,0.0
7442,5,846,4.845000000000032,0.054373522458628844,1527.9,4.22,0.0
7443,0,186,-0.8149999999999998,0.05913978494623656,1528.0,4.22,0.0
7444,6,979,5.978000000000075,0.056179775280898875,1528.6,4.22,0.0
7445,2,446,1.444999999999975,0.053811659192825115,1528.8,4.22,0.0
7446,3,579,2.5779999999999603,0.055267702936096716,1529.1,4.22,0.0
7447,4,713,3.711999999999988,0.0546984572230014,1529.5,4.22,0.0
7448,3,583,2.58199999999996,0.05660377358490566,1529.8,4.22,0.0
7449,2,446,1.444999999999975,0.05605381165919283,1530.1,4.22,0.0
7450,0,183,-0.8179999999999998,0.060109289617486336,1530.2,4.22,0.0
7451,1,313,0.3119999999999896,0.054313099041533544,1530.3,4.22,0.0
7452,1,313,0.3119999999999896,0.054313099041533544,1530.5,4.22,0.0
7453,4,718,3.71699999999999,0.055710306406685235,1530.9,4.22,0.0
7454,6,979,5.978000000000075,0.05515832482124617,1531.4,4.22,0.0
7455,1,320,0.31899999999998885,0.05625,1531.6,4.22,0.0
7456,0,179,-0.8219999999999998,0.055865921787709494,1531.7,4.22,0.0
7457,0,179,-0.8219999999999998,0.055865921787709494,1531.8,4.22,0.0
7458,0,189,-0.8119999999999998,0.0582010582010582,1531.9,4.22,0.0
7459,2,467,1.4659999999999727,0.055674518201284794,1532.1,4.22,0.0
7460,0,179,-0.8219999999999998,0.055865921787709494,1532.2,4.22,0.0
7461,0,179,-0.8219999999999998,0.055865921787709494,1532.3,4.22,0.0
7462,5,846,4.845000000000032,0.05555555555555555,1532.8,4.22,0.0
7463,0,179,-0.8219999999999998,0.055865921787709494,1532.9,4.22,0.0
7464,1,313,0.3119999999999896,0.05750798722044728,1533.1,4.22,0.0
7465,4,728,3.726999999999993,0.05631868131868132,1533.4,4.22,0.0
7466,3,585,2.5839999999999597,0.05641025641025641,1533.8,4.22,0.0
7467,0,179,-0.8219999999999998,0.055865921787709494,1533.9,4.22,0.0
7468,2,465,1.4639999999999729,0.05591397849462366,1534.1,4.22,0.0
7469,1,313,0.3119999999999896,0.054313099041533544,1534.3,4.22,0.0
7470,1,316,0.3149999999999893,0.056962025316455694,1534.5,4.22,0.0
7471,1,318,0.31699999999998907,0.05660377358490566,1534.6,4.22,0.0
7472,1,313,0.3119999999999896,0.054313099041533544,1534.8,4.22,0.0
7473,2,446,1.444999999999975,0.05605381165919283,1535.0,4.22,0.0
7474,1,313,0.3119999999999896,0.054313099041533544,1535.2,4.22,0.0
7475,3,579,2.5779999999999603,0.055267702936096716,1535.5,4.22,0.0
7476,1,313,0.3119999999999896,0.054313099041533544,1535.7,4.22,0.0
7477,0,179,-0.8219999999999998,0.055865921787709494,1535.8,4.22,0.0
7478,4,733,3.731999999999995,0.05593451568894952,1536.2,4.22,0.0
7479,4,728,3.726999999999993,0.05631868131868132,1536.6,4.22,0.0
7480,1,336,0.3349999999999871,0.05654761904761905,1536.7,4.22,0.0
7481,3,579,2.5779999999999603,0.055267702936096716,1537.1,4.22,0.0
7482,2,446,1.444999999999975,0.053811659192825115,1537.3,4.22,0.0
7483,0,182,-0.8189999999999998,0.06043956043956044,1537.4,4.22,0.0
7484,0,179,-0.8219999999999998,0.055865921787709494,1537.5,4.22,0.0
7485,3,591,2.589999999999959,0.05583756345177665,1537.8,4.22,0.0
7486,7,1122,7.121000000000031,0.05614973262032086,1538.4,4.22,0.0
7487,0,183,-0.8179999999999998,0.060109289617486336,1538.5,4.22,0.0
7488,2,456,1.4549999999999739,0.05701754385964912,1538.7,4.22,0.0
7489,3,589,2.587999999999959,0.05602716468590832,1539.1,4.22,0.0
7490,1,313,0.3119999999999896,0.05750798722044728,1539.2,4.22,0.0
7491,2,463,1.461999999999973,0.056155507559395246,1539.5,4.22,0.0
7492,7,1113,7.112000000000036,0.055705300988319856,1540.1,4.22,0.0
7493,6,985,5.984000000000077,0.05583756345177665,1540.6,4.22,0.0
7494,4,713,3.711999999999988,0.056100981767180924,1541.0,4.21,0.0
7495,5,846,4.845000000000032,0.05555555555555555,1541.4,4.21,0.0
7496,2,446,1.444999999999975,0.05605381165919283,1541.7,4.21,0.0
7497,5,846,4.845000000000032,0.05555555555555555,1542.1,4.21,0.0
7498,1,313,0.3119999999999896,0.05750798722044728,1542.3,4.21,0.0
7499,2,446,1.444999999999975,0.05605381165919283,1542.5,4.21,0.0
7500,2,446,1.444999999999975,0.05605381165919283,1542.8,4.21,0.0
7501,1,313,0.3119999999999896,0.05750798722044728,1546.1,4.21,0.0
7502,1,313,0.3119999999999896,0.05750798722044728,1546.2,4.21,0.0
7503,0,179,-0.8219999999999998,0.055865921787709494,1546.3,4.21,0.0
7504,1,313,0.3119999999999896,0.05750798722044728,1546.5,4.21,0.0
7505,3,579,2.5779999999999603,0.055267702936096716,1546.8,4.21,0.0
7506,3,579,2.5779999999999603,0.055267702936096716,1547.1,4.21,0.0
7507,0,179,-0.8219999999999998,0.055865921787709494,1547.2,4.21,0.0
7508,0,179,-0.8219999999999998,0.055865921787709494,1547.3,4.21,0.0
7509,0,190,-0.8109999999999998,0.05789473684210526,1547.4,4.21,0.0
7510,0,183,-0.8179999999999998,0.060109289617486336,1547.5,4.21,0.0
7511,6,980,5.979000000000076,0.05612244897959184,1548.0,4.21,0.0
7512,3,579,2.5779999999999603,0.05699481865284974,1548.3,4.21,0.0
7513,0,179,-0.8219999999999998,0.055865921787709494,1548.4,4.21,0.0
7514,0,179,-0.8219999999999998,0.055865921787709494,1548.5,4.21,0.0
7515,3,579,2.5779999999999603,0.055267702936096716,1548.8,4.21,0.0
7516,2,446,1.444999999999975,0.05605381165919283,1549.1,4.21,0.0
7517,1,317,0.3159999999999892,0.056782334384858045,1549.2,4.21,0.0
7518,2,446,1.444999999999975,0.05605381165919283,1549.5,4.21,0.0
7519,0,179,-0.8219999999999998,0.055865921787709494,1549.6,4.21,0.0
7520,2,446,1.444999999999975,0.05605381165919283,1549.8,4.21,0.0
7521,2,446,1.444999999999975,0.05605381165919283,1550.0,4.21,0.0
7522,2,457,1.4559999999999738,0.05689277899343545,1550.3,4.21,0.0
7523,0,189,-0.8119999999999998,0.0582010582010582,1550.4,4.21,0.0
7524,1,313,0.3119999999999896,0.054313099041533544,1550.6,4.21,0.0
7525,1,316,0.3149999999999893,0.056962025316455694,1550.7,4.21,0.0
7526,4,713,3.711999999999988,0.056100981767180924,1551.1,4.21,0.0
7527,2,446,1.444999999999975,0.05605381165919283,1551.4,4.21,0.0
7528,0,179,-0.8219999999999998,0.055865921787709494,1551.5,4.21,0.0
7529,2,446,1.444999999999975,0.053811659192825115,1551.7,4.21,0.0
7530,2,446,1.444999999999975,0.05605381165919283,1552.0,4.21,0.0
7531,1,313,0.3119999999999896,0.054313099041533544,1552.1,4.21,0.0
7532,3,579,2.5779999999999603,0.055267702936096716,1552.5,4.21,0.0
7533,5,861,4.860000000000037,0.05574912891986063,1552.9,4.21,0.0
7534,3,590,2.588999999999959,0.05593220338983051,1553.2,4.21,0.0
7535,2,446,1.444999999999975,0.05605381165919283,1553.5,4.21,0.0
7536,3,611,2.609999999999957,0.05564648117839607,1553.8,4.21,0.0
7537,0,179,-0.8219999999999998,0.055865921787709494,1553.9,4.21,0.0
7538,1,313,0.3119999999999896,0.054313099041533544,1554.1,4.21,0.0
7539,1,313,0.3119999999999896,0.054313099041533544,1554.2,4.21,0.0
7540,1,313,0.3119999999999896,0.05750798722044728,1554.4,4.21,0.0
7541,1,335,0.3339999999999872,0.056716417910447764,1554.6,4.21,0.0
7542,0,179,-0.8219999999999998,0.055865921787709494,1554.7,4.21,0.0
7543,3,590,2.588999999999959,0.05593220338983051,1555.0,4.21,0.0
7544,2,446,1.444999999999975,0.05605381165919283,1555.3,4.21,0.0
7545,3,579,2.5779999999999603,0.055267702936096716,1555.6,4.21,0.0
7546,0,179,-0.8219999999999998,0.055865921787709494,1555.7,4.21,0.0
7547,1,318,0.31699999999998907,0.05660377358490566,1555.8,4.21,0.0
7548,5,846,4.845000000000032,0.05555555555555555,1556.3,4.21,0.0
7549,2,447,1.4459999999999749,0.05592841163310962,1556.5,4.21,0.0
7550,3,588,2.5869999999999593,0.05612244897959184,1556.9,4.21,0.0
7551,1,313,0.3119999999999896,0.05750798722044728,1557.0,4.21,0.0
7552,0,179,-0.8219999999999998,0.055865921787709494,1557.1,4.21,0.0
7553,4,729,3.7279999999999935,0.056241426611796985,1557.5,4.21,0.0
7554,1,313,0.3119999999999896,0.054313099041533544,1557.7,4.21,0.0
7555,2,463,1.461999999999973,0.056155507559395246,1557.9,4.21,0.0
7556,2,446,1.444999999999975,0.05605381165919283,1558.2,4.21,0.0
7557,0,184,-0.8169999999999998,0.059782608695652176,1558.3,4.21,0.0
7558,2,446,1.444999999999975,0.05605381165919283,1558.5,4.21,0.0
7559,0,187,-0.8139999999999998,0.058823529411764705,1558.6,4.21,0.0
7560,0,179,-0.8219999999999998,0.055865921787709494,1558.7,4.21,0.0
7561,9,1379,9.377999999999888,0.05583756345177665,1559.5,4.21,0.0
7562,0,197,-0.8039999999999998,0.05583756345177665,1559.6,4.21,0.0
7563,3,588,2.5869999999999593,0.05612244897959184,1559.9,4.21,0.0
7564,1,320,0.31899999999998885,0.05625,1560.1,4.21,0.0
7565,2,457,1.4559999999999738,0.05689277899343545,1560.3,4.21,0.0
7566,3,590,2.588999999999959,0.05593220338983051,1560.6,4.21,0.0
7567,0,190,-0.8109999999999998,0.05789473684210526,1560.7,4.21,0.0
7568,0,179,-0.8219999999999998,0.05027932960893855,1560.8,4.21,0.0
7569,1,313,0.3119999999999896,0.054313099041533544,1561.0,4.21,0.0
7570,4,713,3.711999999999988,0.056100981767180924,1561.3,4.21,0.0
7571,1,313,0.3119999999999896,0.054313099041533544,1561.5,4.21,0.0
7572,0,179,-0.8219999999999998,0.055865921787709494,1561.6,4.21,0.0
7573,4,713,3.711999999999988,0.0546984572230014,1562.0,4.21,0.0
7574,0,179,-0.8219999999999998,0.055865921787709494,1562.1,4.21,0.0
7575,4,729,3.7279999999999935,0.056241426611796985,1562.5,4.21,0.0
7576,1,313,0.3119999999999896,0.05750798722044728,1562.6,4.21,0.0
7577,1,318,0.31699999999998907,0.05660377358490566,1562.8,4.21,0.0
7578,0,179,-0.8219999999999998,0.055865921787709494,1562.9,4.21,0.0
7579,0,179,-0.8219999999999998,0.055865921787709494,1563.0,4.21,0.0
7580,3,610,2.608999999999957,0.05573770491803279,1563.3,4.21,0.0
7581,5,846,4.845000000000032,0.05555555555555555,1563.7,4.21,0.0
7582,2,454,1.452999999999974,0.05726872246696035,1564.0,4.21,0.0
7583,3,579,2.5779999999999603,0.055267702936096716,1564.3,4.21,0.0
7584,4,718,3.71699999999999,0.055710306406685235,1564.7,4.21,0.0
7585,0,179,-0.8219999999999998,0.055865921787709494,1564.8,4.21,0.0
7586,3,579,2.5779999999999603,0.055267702936096716,1565.1,4.21,0.0
7587,1,313,0.3119999999999896,0.054313099041533544,1565.3,4.21,0.0
7588,2,446,1.444999999999975,0.05605381165919283,1565.5,4.21,0.0
7589,0,186,-0.8149999999999998,0.05913978494623656,1565.6,4.21,0.0
7590,3,579,2.5779999999999603,0.055267702936096716,1565.9,4.21,0.0
7591,1,313,0.3119999999999896,0.05750798722044728,1566.1,4.21,0.0
7592,2,453,1.4519999999999742,0.05739514348785872,1566.4,4.21,0.0
7593,4,713,3.711999999999988,0.056100981767180924,1566.7,4.21,0.0
7594,5,852,4.851000000000034,0.056338028169014086,1567.2,4.21,0.0
7595,0,187,-0.8139999999999998,0.058823529411764705,1567.3,4.21,0.0
7596,4,713,3.711999999999988,0.0546984572230014,1567.7,4.21,0.0
7597,5,846,4.845000000000032,0.05555555555555555,1568.1,4.21,0.0
7598,1,321,0.31999999999998874,0.056074766355140186,1568.3,4.21,0.0
7599,0,179,-0.8219999999999998,0.055865921787709494,1568.4,4.21,0.0
7600,3,579,2.5779999999999603,0.055267702936096716,1568.7,4.21,0.0
7601,0,179,-0.8219999999999998,0.055865921787709494,1568.8,4.21,0.0
7602,0,179,-0.8219999999999998,0.055865921787709494,1568.9,4.21,0.0
7603,4,735,3.7339999999999955,0.055782312925170066,1569.3,4.21,0.0
7604,3,579,2.5779999999999603,0.055267702936096716,1569.6,4.21,0.0
7605,1,313,0.3119999999999896,0.05750798722044728,1569.8,4.21,0.0
7606,6,979,5.978000000000075,0.05515832482124617,1570.3,4.21,0.0
7607,1,313,0.3119999999999896,0.054313099041533544,1570.5,4.21,0.0
7608,3,609,2.607999999999957,0.05582922824302135,1570.8,4.21,0.0
7609,2,446,1.444999999999975,0.05605381165919283,1571.0,4.21,0.0
7610,1,335,0.3339999999999872,0.056716417910447764,1571.2,4.21,0.0
7611,3,579,2.5779999999999603,0.055267702936096716,1571.5,4.21,0.0
7612,1,313,0.3119999999999896,0.05750798722044728,1571.7,4.21,0.0
7613,5,852,4.851000000000034,0.056338028169014086,1572.2,4.21,0.0
7614,0,195,-0.8059999999999998,0.05641025641025641,1572.3,4.21,0.0
7615,3,583,2.58199999999996,0.05660377358490566,1572.6,4.21,0.0
7616,2,453,1.4519999999999742,0.05739514348785872,1572.8,4.21,0.0
7617,0,186,-0.8149999999999998,0.05913978494623656,1572.9,4.21,0.0
7618,2,446,1.444999999999975,0.05605381165919283,1573.2,4.21,0.0
7619,0,179,-0.8219999999999998,0.055865921787709494,1573.3,4.21,0.0
7620,3,579,2.5779999999999603,0.055267702936096716,1573.6,4.21,0.0
7621,6,979,5.978000000000075,0.056179775280898875,1574.1,4.21,0.0
7622,4,729,3.7279999999999935,0.056241426611796985,1574.5,4.21,0.0
7623,0,179,-0.8219999999999998,0.055865921787709494,1574.6,4.21,0.0
7624,0,179,-0.8219999999999998,0.055865921787709494,1574.7,4.21,0.0
7625,0,179,-0.8219999999999998,0.055865921787709494,1574.8,4.21,0.0
7626,0,179,-0.8219999999999998,0.05027932960893855,1574.9,4.21,0.0
7627,0,179,-0.8219999999999998,0.055865921787709494,1575.0,4.21,0.0
7628,2,446,1.444999999999975,0.05605381165919283,1575.2,4.21,0.0
7629,1,313,0.3119999999999896,0.05750798722044728,1575.4,4.21,0.0
7630,2,446,1.444999999999975,0.05605381165919283,1575.6,4.21,0.0
7631,0,179,-0.8219999999999998,0.055865921787709494,1575.7,4.21,0.0
7632,3,584,2.5829999999999598,0.05650684931506849,1576.0,4.21,0.0
7633,1,313,0.3119999999999896,0.054313099041533544,1576.2,4.21,0.0
7634,3,579,2.5779999999999603,0.055267702936096716,1576.5,4.21,0.0
7635,0,187,-0.8139999999999998,0.058823529411764705,1576.6,4.21,0.0
7636,2,446,1.444999999999975,0.05605381165919283,1576.9,4.21,0.0
7637,2,446,1.444999999999975,0.05605381165919283,1577.1,4.21,0.0
7638,3,579,2.5779999999999603,0.055267702936096716,1577.4,4.21,0.0
7639,2,446,1.444999999999975,0.05605381165919283,1577.7,4.21,0.0
7640,0,179,-0.8219999999999998,0.055865921787709494,1577.7,4.21,0.0
7641,1,313,0.3119999999999896,0.05750798722044728,1577.9,4.21,0.0
7642,3,587,2.5859999999999594,0.056218057921635436,1578.2,4.21,0.0
7643,0,179,-0.8219999999999998,0.055865921787709494,1578.3,4.21,0.0
7644,0,179,-0.8219999999999998,0.055865921787709494,1578.4,4.21,0.0
7645,2,446,1.444999999999975,0.05605381165919283,1578.7,4.21,0.0
7646,1,333,0.3319999999999874,0.057057057057057055,1578.8,4.21,0.0
7647,2,446,1.444999999999975,0.05605381165919283,1579.1,4.21,0.0
7648,3,579,2.5779999999999603,0.055267702936096716,1579.4,4.21,0.0
7649,0,179,-0.8219999999999998,0.055865921787709494,1579.5,4.21,0.0
7650,4,713,3.711999999999988,0.0546984572230014,1579.9,4.21,0.0
7651,0,182,-0.8189999999999998,0.06043956043956044,1580.0,4.21,0.0
7652,5,846,4.845000000000032,0.05555555555555555,1580.4,4.21,0.0
7653,0,179,-0.8219999999999998,0.055865921787709494,1580.5,4.21,0.0
7654,0,191,-0.8099999999999998,0.05759162303664921,1580.6,4.21,0.0
7655,4,733,3.731999999999995,0.05593451568894952,1581.0,4.21,0.0
7656,2,446,1.444999999999975,0.05605381165919283,1581.2,4.21,0.0
7657,0,179,-0.8219999999999998,0.055865921787709494,1581.3,4.21,0.0
7658,5,846,4.845000000000032,0.05555555555555555,1581.8,4.21,0.0
7659,0,185,-0.8159999999999998,0.05945945945945946,1581.9,4.21,0.0
7660,1,315,0.3139999999999894,0.05714285714285714,1582.1,4.21,0.0
7661,4,714,3.7129999999999885,0.056022408963585436,1582.4,4.21,0.0
7662,3,579,2.5779999999999603,0.055267702936096716,1582.7,4.21,0.0
7663,5,846,4.845000000000032,0.05555555555555555,1583.2,4.21,0.0
7664,1,335,0.3339999999999872,0.056716417910447764,1583.4,4.21,0.0
7665,5,857,4.856000000000035,0.056009334889148193,1583.8,4.21,0.0
7666,6,979,5.978000000000075,0.056179775280898875,1584.4,4.21,0.0
7667,2,446,1.444999999999975,0.05605381165919283,1584.6,4.21,0.0
7668,3,589,2.587999999999959,0.05602716468590832,1584.9,4.21,0.0
7669,1,313,0.3119999999999896,0.054313099041533544,1585.1,4.21,0.0
7670,1,313,0.3119999999999896,0.05750798722044728,1585.3,4.21,0.0
7671,3,579,2.5779999999999603,0.055267702936096716,1585.6,4.21,0.0
7672,0,179,-0.8219999999999998,0.055865921787709494,1585.7,4.21,0.0
7673,0,179,-0.8219999999999998,0.055865921787709494,1585.8,4.21,0.0
7674,0,184,-0.8169999999999998,0.059782608695652176,1585.9,4.21,0.0
7675,6,979,5.978000000000075,0.05515832482124617,1586.4,4.21,0.0
7676,0,179,-0.8219999999999998,0.055865921787709494,1586.5,4.21,0.0
7677,7,1113,7.112000000000036,0.055705300988319856,1587.1,4.21,0.0
7678,0,179,-0.8219999999999998,0.055865921787709494,1587.2,4.21,0.0
7679,0,186,-0.8149999999999998,0.05913978494623656,1587.3,4.21,0.0
7680,3,579,2.5779999999999603,0.055267702936096716,1587.6,4.21,0.0
7681,0,189,-0.8119999999999998,0.0582010582010582,1587.7,4.21,0.0
7682,2,446,1.444999999999975,0.05605381165919283,1588.0,4.21,0.0
7683,7,1113,7.112000000000036,0.055705300988319856,1588.6,4.21,0.0
7684,2,446,1.444999999999975,0.05605381165919283,1588.8,4.21,0.0
7685,1,313,0.3119999999999896,0.05750798722044728,1589.0,4.21,0.0
7686,1,313,0.3119999999999896,0.05750798722044728,1589.1,4.21,0.0
7687,0,179,-0.8219999999999998,0.055865921787709494,1589.2,4.21,0.0
7688,1,335,0.3339999999999872,0.056716417910447764,1589.4,4.21,0.0
7689,2,454,1.452999999999974,0.05726872246696035,1589.6,4.21,0.0
7690,2,446,1.444999999999975,0.053811659192825115,1589.9,4.21,0.0
7691,1,313,0.3119999999999896,0.054313099041533544,1590.1,4.21,0.0
7692,3,579,2.5779999999999603,0.055267702936096716,1590.4,4.21,0.0
7693,1,313,0.3119999999999896,0.054313099041533544,1590.5,4.21,0.0
7694,2,446,1.444999999999975,0.053811659192825115,1590.8,4.21,0.0
7695,0,179,-0.8219999999999998,0.055865921787709494,1590.9,4.21,0.0
7696,2,446,1.444999999999975,0.05605381165919283,1591.1,4.21,0.0
7697,0,179,-0.8219999999999998,0.055865921787709494,1591.2,4.21,0.0
7698,0,179,-0.8219999999999998,0.055865921787709494,1591.3,4.21,0.0
7699,1,313,0.3119999999999896,0.054313099041533544,1591.5,4.21,0.0
7700,0,186,-0.8149999999999998,0.05913978494623656,1591.6,4.21,0.0
7701,0,187,-0.8139999999999998,0.058823529411764705,1591.7,4.21,0.0
7702,5,846,4.845000000000032,0.05555555555555555,1592.1,4.21,0.0
7703,0,179,-0.8219999999999998,0.055865921787709494,1592.2,4.21,0.0
7704,0,186,-0.8149999999999998,0.05913978494623656,1592.3,4.21,0.0
7705,2,467,1.4659999999999727,0.055674518201284794,1592.6,4.21,0.0
7706,2,446,1.444999999999975,0.05605381165919283,1592.8,4.21,0.0
7707,0,179,-0.8219999999999998,0.055865921787709494,1592.9,4.21,0.0
7708,3,579,2.5779999999999603,0.055267702936096716,1593.2,4.21,0.0
7709,0,187,-0.8139999999999998,0.058823529411764705,1593.3,4.21,0.0
7710,2,446,1.444999999999975,0.05605381165919283,1593.6,4.21,0.0
7711,3,579,2.5779999999999603,0.055267702936096716,1593.9,4.21,0.0
7712,2,446,1.444999999999975,0.05605381165919283,1594.1,4.21,0.0
7713,1,313,0.3119999999999896,0.05750798722044728,1594.3,4.21,0.0
7714,5,846,4.845000000000032,0.05555555555555555,1594.8,4.21,0.0
7715,0,179,-0.8219999999999998,0.055865921787709494,1594.9,4.21,0.0
7716,1,313,0.3119999999999896,0.054313099041533544,1595.0,4.21,0.0
7717,0,179,-0.8219999999999998,0.055865921787709494,1595.1,4.21,0.0
7718,0,179,-0.8219999999999998,0.055865921787709494,1595.2,4.21,0.0
7719,2,448,1.4469999999999748,0.05580357142857143,1595.5,4.21,0.0
7720,5,846,4.845000000000032,0.05555555555555555,1595.9,4.21,0.0
7721,0,179,-0.8219999999999998,0.055865921787709494,1596.0,4.21,0.0
7722,0,179,-0.8219999999999998,0.055865921787709494,1596.1,4.21,0.0
7723,3,583,2.58199999999996,0.05660377358490566,1596.4,4.21,0.0
7724,1,313,0.3119999999999896,0.05750798722044728,1596.6,4.21,0.0
7725,0,179,-0.8219999999999998,0.055865921787709494,1596.7,4.21,0.0
7726,2,446,1.444999999999975,0.05605381165919283,1596.9,4.21,0.0
7727,2,446,1.444999999999975,0.05605381165919283,1597.1,4.21,0.0
7728,2,446,1.444999999999975,0.05605381165919283,1597.4,4.21,0.0
7729,4,713,3.711999999999988,0.056100981767180924,1597.8,4.21,0.0
7730,0,183,-0.8179999999999998,0.060109289617486336,1597.9,4.21,0.0
7731,0,179,-0.8219999999999998,0.055865921787709494,1598.0,4.21,0.0
7732,0,179,-0.8219999999999998,0.055865921787709494,1598.1,4.21,0.0
7733,1,313,0.3119999999999896,0.054313099041533544,1598.2,4.21,0.0
7734,1,339,0.33799999999998676,0.05604719764011799,1598.4,4.21,0.0
7735,4,728,3.726999999999993,0.05631868131868132,1598.8,4.21,0.0
7736,1,313,0.3119999999999896,0.054313099041533544,1599.0,4.21,0.0
7737,0,188,-0.8129999999999998,0.05851063829787234,1599.1,4.21,0.0
7738,0,179,-0.8219999999999998,0.055865921787709494,1599.2,4.21,0.0
7739,0,179,-0.8219999999999998,0.055865921787709494,1599.3,4.21,0.0
7740,4,713,3.711999999999988,0.056100981767180924,1599.7,4.21,0.0
7741,1,335,0.3339999999999872,0.056716417910447764,1599.8,4.21,0.0
7742,1,315,0.3139999999999894,0.05714285714285714,1600.0,4.21,0.0
7743,0,179,-0.8219999999999998,0.055865921787709494,1600.1,4.21,0.0
7744,2,446,1.444999999999975,0.05605381165919283,1600.4,4.21,0.0
7745,4,713,3.711999999999988,0.056100981767180924,1600.7,4.21,0.0
7746,2,454,1.452999999999974,0.05726872246696035,1601.0,4.21,0.0
7747,2,448,1.4469999999999748,0.05580357142857143,1601.2,4.21,0.0
7748,0,179,-0.8219999999999998,0.05027932960893855,1601.3,4.21,0.0
7749,1,315,0.3139999999999894,0.05714285714285714,1601.5,4.21,0.0
7750,2,446,1.444999999999975,0.05605381165919283,1601.7,4.21,0.0
7751,1,313,0.3119999999999896,0.05750798722044728,1601.9,4.21,0.0
7752,2,460,1.4589999999999734,0.05652173913043478,1602.2,4.21,0.0
7753,0,189,-0.8119999999999998,0.0582010582010582,1602.3,4.22,0.0
7754,1,313,0.3119999999999896,0.054313099041533544,1602.4,4.22,0.0
7755,2,446,1.444999999999975,0.05605381165919283,1602.7,4.22,0.0
7756,1,317,0.3159999999999892,0.056782334384858045,1602.8,4.22,0.0
7757,2,461,1.4599999999999733,0.05639913232104121,1603.1,4.22,0.0
7758,1,315,0.3139999999999894,0.05714285714285714,1603.3,4.22,0.0
7759,7,1124,7.1230000000000295,0.05604982206405694,1603.9,4.21,0.0
7760,1,313,0.3119999999999896,0.054313099041533544,1604.0,4.21,0.0
7761,2,452,1.4509999999999743,0.05752212389380531,1604.3,4.21,0.0
7762,6,979,5.978000000000075,0.056179775280898875,1604.8,4.21,0.0
7763,1,314,0.3129999999999895,0.05732484076433121,1605.0,4.21,0.0
7764,0,187,-0.8139999999999998,0.058823529411764705,1605.1,4.21,0.0
7765,2,446,1.444999999999975,0.053811659192825115,1605.3,4.21,0.0
7766,4,715,3.713999999999989,0.055944055944055944,1605.7,4.21,0.0
7767,0,179,-0.8219999999999998,0.055865921787709494,1605.8,4.21,0.0
7768,2,451,1.4499999999999744,0.057649667405764965,1606.1,4.21,0.0
7769,4,732,3.7309999999999945,0.056010928961748634,1606.5,4.21,0.0
7770,4,713,3.711999999999988,0.0546984572230014,1606.9,4.21,0.0
7771,1,340,0.33899999999998665,0.05588235294117647,1607.0,4.21,0.0
7772,0,179,-0.8219999999999998,0.055865921787709494,1607.1,4.21,0.0
7773,4,713,3.711999999999988,0.056100981767180924,1607.5,4.21,0.0
7774,0,179,-0.8219999999999998,0.055865921787709494,1607.6,4.21,0.0
7775,0,179,-0.8219999999999998,0.055865921787709494,1607.7,4.21,0.0
7776,0,179,-0.8219999999999998,0.055865921787709494,1607.8,4.22,0.0
7777,4,713,3.711999999999988,0.056100981767180924,1608.2,4.21,0.0
7778,1,313,0.3119999999999896,0.054313099041533544,1608.4,4.21,0.0
7779,1,349,0.34799999999998565,0.05730659025787966,1608.5,4.21,0.0
7780,4,713,3.711999999999988,0.056100981767180924,1608.9,4.21,0.0
7781,0,179,-0.8219999999999998,0.055865921787709494,1609.0,4.21,0.0
7782,5,861,4.860000000000037,0.05574912891986063,1609.5,4.21,0.0
7783,1,336,0.3349999999999871,0.05654761904761905,1609.7,4.21,0.0
7784,0,190,-0.8109999999999998,0.05789473684210526,1609.8,4.21,0.0
7785,1,313,0.3119999999999896,0.054313099041533544,1610.0,4.22,0.0
7786,0,189,-0.8119999999999998,0.0582010582010582,1610.1,4.22,0.0
7787,1,316,0.3149999999999893,0.056962025316455694,1610.2,4.22,0.0
7788,3,579,2.5779999999999603,0.055267702936096716,1610.5,4.22,0.0
7789,2,446,1.444999999999975,0.05605381165919283,1610.8,4.22,0.0
7790,0,179,-0.8219999999999998,0.055865921787709494,1610.9,4.22,0.0
7791,3,590,2.588999999999959,0.05593220338983051,1611.2,4.22,0.0
7792,0,183,-0.8179999999999998,0.060109289617486336,1611.3,4.22,0.0
7793,1,339,0.33799999999998676,0.05604719764011799,1611.5,4.22,0.0
7794,1,318,0.31699999999998907,0.05660377358490566,1611.7,4.22,0.0
7795,1,313,0.3119999999999896,0.054313099041533544,1611.8,4.22,0.0
7796,4,731,3.729999999999994,0.0560875512995896,1612.2,4.22,0.0
7797,3,579,2.5779999999999603,0.055267702936096716,1612.6,4.22,0.0
7798,1,320,0.31899999999998885,0.05625,1612.7,4.22,0.0
7799,1,313,0.3119999999999896,0.05750798722044728,1612.9,4.22,0.0
7800,0,209,-0.7919999999999998,0.05741626794258373,1613.0,4.22,0.0
7801,3,579,2.5779999999999603,0.055267702936096716,1613.4,4.22,0.0
7802,4,730,3.728999999999994,0.056164383561643834,1613.7,4.22,0.0
7803,0,182,-0.8189999999999998,0.06043956043956044,1613.8,4.22,0.0
7804,3,579,2.5779999999999603,0.055267702936096716,1614.2,4.22,0.0
7805,0,179,-0.8219999999999998,0.055865921787709494,1614.3,4.22,0.0
7806,3,579,2.5779999999999603,0.055267702936096716,1614.6,4.22,0.0
7807,4,713,3.711999999999988,0.0546984572230014,1615.0,4.22,0.0
7808,3,609,2.607999999999957,0.05582922824302135,1615.3,4.22,0.0
7809,3,579,2.5779999999999603,0.055267702936096716,1615.6,4.22,0.0
7810,2,446,1.444999999999975,0.05605381165919283,1615.8,4.22,0.0
7811,4,713,3.711999999999988,0.056100981767180924,1616.2,4.21,0.0
7812,0,179,-0.8219999999999998,0.055865921787709494,1616.3,4.22,0.0
7813,0,179,-0.8219999999999998,0.055865921787709494,1616.4,4.22,0.0
7814,7,1122,7.121000000000031,0.05614973262032086,1617.0,4.21,0.0
7815,0,208,-0.7929999999999998,0.057692307692307696,1617.1,4.21,0.0
7816,2,449,1.4479999999999746,0.0556792873051225,1617.4,4.21,0.0
7817,6,979,5.978000000000075,0.056179775280898875,1617.9,4.21,0.0
7818,4,713,3.711999999999988,0.0546984572230014,1618.3,4.21,0.0
7819,1,313,0.3119999999999896,0.054313099041533544,1618.4,4.21,0.0
7820,3,579,2.5779999999999603,0.055267702936096716,1618.8,4.21,0.0
7821,1,313,0.3119999999999896,0.054313099041533544,1618.9,4.21,0.0
7822,1,313,0.3119999999999896,0.05750798722044728,1619.1,4.21,0.0
7823,1,313,0.3119999999999896,0.05750798722044728,1619.3,4.21,0.0
7824,4,736,3.734999999999996,0.05570652173913043,1619.7,4.21,0.0
7825,0,179,-0.8219999999999998,0.055865921787709494,1619.8,4.21,0.0
7826,3,579,2.5779999999999603,0.055267702936096716,1620.1,4.21,0.0
7827,0,205,-0.7959999999999998,0.05853658536585366,1620.2,4.21,0.0
7828,3,579,2.5779999999999603,0.055267702936096716,1620.5,4.21,0.0
7829,3,579,2.5779999999999603,0.055267702936096716,1620.8,4.21,0.0
7830,0,185,-0.8159999999999998,0.05945945945945946,1620.9,4.21,0.0
7831,1,313,0.3119999999999896,0.054313099041533544,1621.1,4.21,0.0
7832,1,313,0.3119999999999896,0.054313099041533544,1621.2,4.21,0.0
7833,0,208,-0.7929999999999998,0.057692307692307696,1621.4,4.21,0.0
7834,2,446,1.444999999999975,0.05605381165919283,1621.6,4.21,0.0
7835,4,713,3.711999999999988,0.056100981767180924,1622.0,4.21,0.0
7836,1,313,0.3119999999999896,0.054313099041533544,1622.2,4.21,0.0
7837,0,179,-0.8219999999999998,0.055865921787709494,1622.3,4.22,0.0
7838,3,579,2.5779999999999603,0.055267702936096716,1622.6,4.21,0.0
7839,0,183,-0.8179999999999998,0.060109289617486336,1622.7,4.22,0.0
7840,8,1246,8.244999999999962,0.05537720706260032,1623.4,4.21,0.0
7841,3,587,2.5859999999999594,0.056218057921635436,1623.7,4.21,0.0
7842,2,447,1.4459999999999749,0.05592841163310962,1623.9,4.21,0.0
7843,0,179,-0.8219999999999998,0.055865921787709494,1624.0,4.21,0.0
7844,4,713,3.711999999999988,0.056100981767180924,1624.4,4.21,0.0
7845,0,187,-0.8139999999999998,0.058823529411764705,1624.5,4.21,0.0
7846,2,453,1.4519999999999742,0.05739514348785872,1624.7,4.21,0.0
7847,3,592,2.590999999999959,0.05574324324324324,1625.1,4.21,0.0
7848,2,466,1.4649999999999728,0.055793991416309016,1625.3,4.21,0.0
7849,3,585,2.5839999999999597,0.05641025641025641,1625.6,4.21,0.0
7850,1,314,0.3129999999999895,0.05732484076433121,1625.8,4.21,0.0
7851,2,446,1.444999999999975,0.053811659192825115,1626.0,4.21,0.0
7852,3,579,2.5779999999999603,0.055267702936096716,1626.4,4.21,0.0
7853,4,713,3.711999999999988,0.056100981767180924,1626.7,4.21,0.0
7854,4,713,3.711999999999988,0.056100981767180924,1627.1,4.21,0.0
7855,4,713,3.711999999999988,0.0546984572230014,1627.5,4.21,0.0
7856,4,713,3.711999999999988,0.056100981767180924,1627.9,4.21,0.0
7857,4,713,3.711999999999988,0.0546984572230014,1628.3,4.21,0.0
7858,2,463,1.461999999999973,0.056155507559395246,1628.5,4.21,0.0
7859,0,179,-0.8219999999999998,0.055865921787709494,1628.6,4.21,0.0
7860,0,179,-0.8219999999999998,0.055865921787709494,1628.7,4.21,0.0
7861,0,210,-0.7909999999999998,0.05714285714285714,1628.8,4.21,0.0
7862,0,179,-0.8219999999999998,0.055865921787709494,1628.9,4.21,0.0
7863,1,336,0.3349999999999871,0.05654761904761905,1629.1,4.21,0.0
7864,5,858,4.857000000000036,0.055944055944055944,1629.6,4.21,0.0
7865,3,600,2.598999999999958,0.056666666666666664,1629.9,4.21,0.0
7866,6,984,5.983000000000077,0.05589430894308943,1630.4,4.21,0.0
7867,0,179,-0.8219999999999998,0.055865921787709494,1630.5,4.21,0.0
7868,0,194,-0.8069999999999998,0.05670103092783505,1630.6,4.21,0.0
7869,8,1246,8.244999999999962,0.05537720706260032,1631.3,4.21,0.0
7870,1,339,0.33799999999998676,0.05604719764011799,1631.5,4.21,0.0
7871,3,587,2.5859999999999594,0.056218057921635436,1631.8,4.21,0.0
7872,4,732,3.7309999999999945,0.056010928961748634,1632.2,4.21,0.0
7873,2,446,1.444999999999975,0.05605381165919283,1632.4,4.21,0.0
7874,0,179,-0.8219999999999998,0.055865921787709494,1632.5,4.21,0.0
7875,0,179,-0.8219999999999998,0.055865921787709494,1632.6,4.21,0.0
7876,3,579,2.5779999999999603,0.055267702936096716,1632.9,4.21,0.0
7877,3,579,2.5779999999999603,0.055267702936096716,1633.2,4.21,0.0
7878,0,179,-0.8219999999999998,0.055865921787709494,1633.3,4.21,0.0
7879,5,853,4.852000000000034,0.05627198124267292,1633.8,4.21,0.0
7880,0,183,-0.8179999999999998,0.060109289617486336,1633.9,4.21,0.0
7881,0,191,-0.8099999999999998,0.05759162303664921,1634.0,4.21,0.0
7882,4,729,3.7279999999999935,0.056241426611796985,1634.4,4.21,0.0
7883,1,313,0.3119999999999896,0.054313099041533544,1634.6,4.21,0.0
7884,0,179,-0.8219999999999998,0.055865921787709494,1634.7,4.21,0.0
7885,2,456,1.4549999999999739,0.05701754385964912,1634.9,4.21,0.0
7886,0,186,-0.8149999999999998,0.05913978494623656,1635.0,4.21,0.0
7887,7,1113,7.112000000000036,0.05480682839173405,1635.6,4.21,0.0
7888,0,195,-0.8059999999999998,0.05641025641025641,1635.7,4.21,0.0
7889,0,179,-0.8219999999999998,0.055865921787709494,1635.8,4.21,0.0
7890,0,179,-0.8219999999999998,0.055865921787709494,1635.9,4.21,0.0
7891,5,846,4.845000000000032,0.05555555555555555,1636.4,4.21,0.0
7892,0,183,-0.8179999999999998,0.060109289617486336,1636.5,4.21,0.0
7893,0,191,-0.8099999999999998,0.05759162303664921,1636.6,4.21,0.0
7894,2,446,1.444999999999975,0.053811659192825115,1636.8,4.21,0.0
7895,0,210,-0.7909999999999998,0.05714285714285714,1636.9,4.21,0.0
7896,0,186,-0.8149999999999998,0.05913978494623656,1637.0,4.21,0.0
7897,0,179,-0.8219999999999998,0.055865921787709494,1637.1,4.21,0.0
7898,1,313,0.3119999999999896,0.05750798722044728,1637.3,4.21,0.0
7899,3,579,2.5779999999999603,0.055267702936096716,1637.6,4.21,0.0
7900,2,446,1.444999999999975,0.05605381165919283,1637.9,4.21,0.0
7901,0,179,-0.8219999999999998,0.055865921787709494,1637.9,4.21,0.0
7902,1,313,0.3119999999999896,0.054313099041533544,1638.1,4.21,0.0
7903,8,1246,8.244999999999962,0.05537720706260032,1638.8,4.21,0.0
7904,0,179,-0.8219999999999998,0.055865921787709494,1638.9,4.21,0.0
7905,1,335,0.3339999999999872,0.056716417910447764,1639.1,4.21,0.0
7906,0,189,-0.8119999999999998,0.0582010582010582,1639.2,4.21,0.0
7907,0,187,-0.8139999999999998,0.058823529411764705,1639.3,4.21,0.0
7908,1,313,0.3119999999999896,0.05750798722044728,1639.4,4.21,0.0
7909,0,179,-0.8219999999999998,0.055865921787709494,1639.5,4.21,0.0
7910,2,446,1.444999999999975,0.05605381165919283,1639.8,4.21,0.0
7911,1,313,0.3119999999999896,0.054313099041533544,1639.9,4.21,0.0
7912,3,591,2.589999999999959,0.05583756345177665,1640.2,4.21,0.0
7913,0,179,-0.8219999999999998,0.061452513966480445,1640.3,4.21,0.0
7914,3,583,2.58199999999996,0.05660377358490566,1640.7,4.21,0.0
7915,1,321,0.31999999999998874,0.056074766355140186,1640.8,4.21,0.0
7916,2,446,1.444999999999975,0.05605381165919283,1641.1,4.21,0.0
7917,1,313,0.3119999999999896,0.054313099041533544,1641.2,4.22,0.0
7918,0,179,-0.8219999999999998,0.055865921787709494,1641.3,4.22,0.0
7919,4,713,3.711999999999988,0.0546984572230014,1641.7,4.22,0.0
7920,0,179,-0.8219999999999998,0.055865921787709494,1641.8,4.22,0.0
7921,1,315,0.3139999999999894,0.05714285714285714,1642.0,4.22,0.0
7922,0,179,-0.8219999999999998,0.055865921787709494,1642.1,4.22,0.0
7923,4,713,3.711999999999988,0.056100981767180924,1642.4,4.22,0.0
7924,5,846,4.845000000000032,0.05555555555555555,1642.9,4.22,0.0
7925,2,461,1.4599999999999733,0.05639913232104121,1643.2,4.22,0.0
7926,1,313,0.3119999999999896,0.054313099041533544,1643.3,4.22,0.0
7927,3,581,2.57999999999996,0.05679862306368331,1643.6,4.22,0.0
7928,4,732,3.7309999999999945,0.056010928961748634,1644.0,4.21,0.0
7929,4,713,3.711999999999988,0.056100981767180924,1644.4,4.21,0.0
7930,10,1513,10.511999999999814,0.05551883674818242,1645.2,4.21,0.0
7931,2,446,1.444999999999975,0.05605381165919283,1645.5,4.21,0.0
7932,0,189,-0.8119999999999998,0.0582010582010582,1645.6,4.21,0.0
7933,9,1382,9.380999999999887,0.055716353111432707,1646.3,4.21,0.0
7934,2,446,1.444999999999975,0.053811659192825115,1646.5,4.21,0.0
7935,2,461,1.4599999999999733,0.05639913232104121,1646.8,4.21,0.0
7936,3,579,2.5779999999999603,0.055267702936096716,1647.1,4.21,0.0
7937,0,179,-0.8219999999999998,0.055865921787709494,1647.2,4.21,0.0
7938,7,1113,7.112000000000036,0.055705300988319856,1647.8,4.21,0.0
7939,0,192,-0.8089999999999998,0.057291666666666664,1647.9,4.21,0.0
7940,1,335,0.3339999999999872,0.056716417910447764,1648.1,4.21,0.0
7941,1,323,0.3219999999999885,0.05572755417956656,1648.3,4.21,0.0
7942,2,460,1.4589999999999734,0.05652173913043478,1648.5,4.21,0.0
7943,4,713,3.711999999999988,0.0546984572230014,1648.9,4.21,0.0
7944,1,313,0.3119999999999896,0.054313099041533544,1649.1,4.21,0.0
7945,6,988,5.987000000000078,0.05566801619433198,1649.6,4.21,0.0
7946,0,191,-0.8099999999999998,0.05759162303664921,1649.7,4.21,0.0
7947,0,179,-0.8219999999999998,0.061452513966480445,1649.8,4.21,0.0
7948,6,979,5.978000000000075,0.05515832482124617,1650.3,4.21,0.0
7949,1,313,0.3119999999999896,0.054313099041533544,1650.5,4.21,0.0
7950,2,446,1.444999999999975,0.05605381165919283,1650.7,4.21,0.0
7951,5,846,4.845000000000032,0.05555555555555555,1651.2,4.21,0.0
7952,3,579,2.5779999999999603,0.055267702936096716,1651.5,4.21,0.0
7953,2,461,1.4599999999999733,0.05639913232104121,1651.7,4.21,0.0
7954,0,187,-0.8139999999999998,0.058823529411764705,1651.8,4.21,0.0
7955,5,846,4.845000000000032,0.05555555555555555,1652.3,4.21,0.0
7956,1,313,0.3119999999999896,0.054313099041533544,1652.5,4.21,0.0
7957,0,193,-0.8079999999999998,0.05699481865284974,1652.6,4.21,0.0
7958,0,183,-0.8179999999999998,0.060109289617486336,1652.7,4.21,0.0
7959,0,179,-0.8219999999999998,0.055865921787709494,1652.8,4.21,0.0
7960,0,179,-0.8219999999999998,0.055865921787709494,1652.9,4.21,0.0
7961,1,339,0.33799999999998676,0.05604719764011799,1653.0,4.21,0.0
7962,0,187,-0.8139999999999998,0.058823529411764705,1653.1,4.21,0.0
7963,2,462,1.4609999999999732,0.05627705627705628,1653.4,4.21,0.0
7964,0,179,-0.8219999999999998,0.055865921787709494,1653.5,4.21,0.0
7965,3,579,2.5779999999999603,0.055267702936096716,1653.8,4.21,0.0
7966,0,190,-0.8109999999999998,0.05789473684210526,1653.9,4.21,0.0
7967,1,313,0.3119999999999896,0.054313099041533544,1654.1,4.21,0.0
7968,2,455,1.453999999999974,0.05714285714285714,1654.3,4.21,0.0
7969,1,313,0.3119999999999896,0.054313099041533544,1654.5,4.21,0.0
7970,0,179,-0.8219999999999998,0.055865921787709494,1654.6,4.21,0.0
7971,0,179,-0.8219999999999998,0.055865921787709494,1654.7,4.21,0.0
7972,1,313,0.3119999999999896,0.054313099041533544,1654.8,4.21,0.0
7973,0,179,-0.8219999999999998,0.055865921787709494,1654.9,4.21,0.0
7974,1,319,0.31799999999998896,0.05642633228840126,1655.1,4.21,0.0
7975,7,1113,7.112000000000036,0.055705300988319856,1655.7,4.21,0.0
7976,0,179,-0.8219999999999998,0.055865921787709494,1655.8,4.21,0.0
7977,0,179,-0.8219999999999998,0.061452513966480445,1655.9,4.21,0.0
7978,4,713,3.711999999999988,0.0546984572230014,1656.3,4.21,0.0
7979,0,179,-0.8219999999999998,0.055865921787709494,1656.4,4.21,0.0
7980,0,184,-0.8169999999999998,0.059782608695652176,1656.5,4.21,0.0
7981,7,1113,7.112000000000036,0.055705300988319856,1657.1,4.21,0.0
7982,1,317,0.3159999999999892,0.056782334384858045,1657.3,4.21,0.0
7983,0,179,-0.8219999999999998,0.055865921787709494,1657.3,4.21,0.0
7984,2,457,1.4559999999999738,0.05689277899343545,1657.6,4.21,0.0
7985,0,179,-0.8219999999999998,0.055865921787709494,1657.7,4.21,0.0
7986,0,179,-0.8219999999999998,0.055865921787709494,1657.8,4.21,0.0
7987,1,339,0.33799999999998676,0.05604719764011799,1658.0,4.21,0.0
7988,1,313,0.3119999999999896,0.054313099041533544,1658.1,4.21,0.0
7989,0,179,-0.8219999999999998,0.055865921787709494,1658.2,4.22,0.0
7990,3,579,2.5779999999999603,0.055267702936096716,1658.5,4.22,0.0
7991,5,846,4.845000000000032,0.05555555555555555,1659.0,4.21,0.0
7992,6,979,5.978000000000075,0.05515832482124617,1659.5,4.21,0.0
7993,0,179,-0.8219999999999998,0.055865921787709494,1659.6,4.21,0.0
7994,0,179,-0.8219999999999998,0.055865921787709494,1659.7,4.21,0.0
7995,5,846,4.845000000000032,0.05555555555555555,1660.2,4.21,0.0
7996,3,579,2.5779999999999603,0.055267702936096716,1660.5,4.21,0.0
7997,5,846,4.845000000000032,0.05555555555555555,1660.9,4.21,0.0
7998,0,179,-0.8219999999999998,0.055865921787709494,1661.0,4.21,0.0
7999,3,579,2.5779999999999603,0.055267702936096716,1661.3,4.21,0.0
8000,4,717,3.7159999999999895,0.05578800557880056,1661.7,4.21,0.0
8001,4,713,3.711999999999988,0.0546984572230014,1665.3,4.20,0.0
8002,0,179,-0.8219999999999998,0.055865921787709494,1665.4,4.21,0.0
8003,3,579,2.5779999999999603,0.055267702936096716,1665.7,4.20,0.0
8004,1,313,0.3119999999999896,0.05750798722044728,1665.8,4.21,0.0
8005,0,179,-0.8219999999999998,0.055865921787709494,1665.9,4.21,0.0
8006,1,316,0.3149999999999893,0.056962025316455694,1666.1,4.21,0.0
8007,3,587,2.5859999999999594,0.056218057921635436,1666.4,4.21,0.0
8008,0,188,-0.8129999999999998,0.05851063829787234,1666.5,4.21,0.0
8009,1,335,0.3339999999999872,0.056716417910447764,1666.7,4.21,0.0
8010,5,846,4.845000000000032,0.05555555555555555,1667.3,4.21,0.0
8011,3,579,2.5779999999999603,0.055267702936096716,1667.6,4.20,0.0
8012,0,186,-0.8149999999999998,0.05913978494623656,1667.7,4.21,0.0
8013,0,186,-0.8149999999999998,0.05913978494623656,1667.8,4.21,0.0
8014,2,457,1.4559999999999738,0.05689277899343545,1668.0,4.21,0.0
8015,2,446,1.444999999999975,0.05605381165919283,1668.3,4.21,0.0
8016,4,713,3.711999999999988,0.0546984572230014,1668.7,4.21,0.0
8017,6,979,5.978000000000075,0.05515832482124617,1669.2,4.20,0.0
8018,3,579,2.5779999999999603,0.055267702936096716,1669.5,4.20,0.0
8019,2,446,1.444999999999975,0.05605381165919283,1669.7,4.20,0.0
8020,4,735,3.7339999999999955,0.055782312925170066,1670.1,4.20,0.0
8021,5,852,4.851000000000034,0.056338028169014086,1670.6,4.20,0.0
8022,0,207,-0.7939999999999998,0.057971014492753624,1670.7,4.20,0.0
8023,5,846,4.845000000000032,0.05555555555555555,1671.2,4.20,0.0
8024,5,846,4.845000000000032,0.05555555555555555,1671.6,4.20,0.0
8025,5,860,4.859000000000036,0.05581395348837209,1672.1,4.20,0.0
8026,3,579,2.5779999999999603,0.055267702936096716,1672.4,4.20,0.0
8027,5,846,4.845000000000032,0.05555555555555555,1672.8,4.20,0.0
8028,7,1113,7.112000000000036,0.055705300988319856,1673.5,4.20,0.0
8029,2,446,1.444999999999975,0.05605381165919283,1673.7,4.20,0.0
8030,0,179,-0.8219999999999998,0.055865921787709494,1673.8,4.20,0.0
8031,1,313,0.3119999999999896,0.05750798722044728,1674.0,4.20,0.0
8032,0,179,-0.8219999999999998,0.055865921787709494,1674.1,4.20,0.0
8033,0,179,-0.8219999999999998,0.055865921787709494,1674.2,4.20,0.0
8034,0,179,-0.8219999999999998,0.055865921787709494,1674.2,4.20,0.0
8035,1,313,0.3119999999999896,0.05750798722044728,1674.4,4.20,0.0
8036,5,852,4.851000000000034,0.056338028169014086,1674.9,4.20,0.0
8037,0,187,-0.8139999999999998,0.058823529411764705,1675.0,4.20,0.0
8038,0,184,-0.8169999999999998,0.059782608695652176,1675.1,4.20,0.0
8039,2,446,1.444999999999975,0.053811659192825115,1675.3,4.20,0.0
8040,1,313,0.3119999999999896,0.05750798722044728,1675.5,4.20,0.0
8041,0,179,-0.8219999999999998,0.055865921787709494,1675.6,4.20,0.0
8042,3,585,2.5839999999999597,0.05641025641025641,1675.9,4.20,0.0
8043,2,453,1.4519999999999742,0.05739514348785872,1676.2,4.20,0.0
8044,0,179,-0.8219999999999998,0.055865921787709494,1676.3,4.20,0.0
8045,1,313,0.3119999999999896,0.054313099041533544,1676.4,4.20,0.0
8046,1,313,0.3119999999999896,0.054313099041533544,1676.6,4.20,0.0
8047,0,179,-0.8219999999999998,0.055865921787709494,1676.7,4.20,0.0
8048,2,453,1.4519999999999742,0.05739514348785872,1676.9,4.20,0.0
8049,1,313,0.3119999999999896,0.05750798722044728,1677.1,4.20,0.0
8050,5,853,4.852000000000034,0.05627198124267292,1677.6,4.20,0.0
8051,0,179,-0.8219999999999998,0.055865921787709494,1677.7,4.20,0.0
8052,0,179,-0.8219999999999998,0.055865921787709494,1677.7,4.20,0.0
8053,0,179,-0.8219999999999998,0.055865921787709494,1677.8,4.20,0.0
8054,5,850,4.849000000000033,0.05647058823529412,1678.3,4.20,0.0
8055,1,314,0.3129999999999895,0.05732484076433121,1678.5,4.20,0.0
8056,3,579,2.5779999999999603,0.055267702936096716,1678.8,4.20,0.0
8057,6,980,5.979000000000076,0.05612244897959184,1679.3,4.20,0.0
8058,6,980,5.979000000000076,0.05612244897959184,1679.8,4.20,0.0
8059,0,183,-0.8179999999999998,0.060109289617486336,1679.9,4.20,0.0
8060,1,339,0.33799999999998676,0.05604719764011799,1680.1,4.20,0.0
8061,1,314,0.3129999999999895,0.05732484076433121,1680.3,4.20,0.0
8062,0,179,-0.8219999999999998,0.055865921787709494,1680.4,4.20,0.0
8063,1,319,0.31799999999998896,0.05642633228840126,1680.6,4.20,0.0
8064,1,313,0.3119999999999896,0.054313099041533544,1680.7,4.20,0.0
8065,4,713,3.711999999999988,0.056100981767180924,1681.1,4.20,0.0
8066,0,179,-0.8219999999999998,0.055865921787709494,1681.2,4.20,0.0
8067,2,446,1.444999999999975,0.05605381165919283,1681.4,4.20,0.0
8068,2,447,1.4459999999999749,0.05592841163310962,1681.7,4.20,0.0
8069,0,179,-0.8219999999999998,0.055865921787709494,1681.8,4.20,0.0
8070,1,316,0.3149999999999893,0.056962025316455694,1682.0,4.20,0.0
8071,3,579,2.5779999999999603,0.055267702936096716,1682.3,4.20,0.0
8072,0,179,-0.8219999999999998,0.055865921787709494,1682.4,4.20,0.0
8073,0,186,-0.8149999999999998,0.05913978494623656,1682.5,4.20,0.0
8074,2,465,1.4639999999999729,0.05591397849462366,1682.8,4.20,0.0
8075,0,182,-0.8189999999999998,0.06043956043956044,1682.9,4.20,0.0
8076,0,184,-0.8169999999999998,0.059782608695652176,1683.0,4.21,0.0
8077,1,313,0.3119999999999896,0.054313099041533544,1683.1,4.21,0.0
8078,6,983,5.982000000000077,0.05595116988809766,1683.7,4.20,0.0
8079,1,313,0.3119999999999896,0.05750798722044728,1683.8,4.20,0.0
8080,4,731,3.729999999999994,0.0560875512995896,1684.2,4.20,0.0
8081,4,713,3.711999999999988,0.0546984572230014,1684.6,4.20,0.0
8082,2,446,1.444999999999975,0.05605381165919283,1684.8,4.20,0.0
8083,3,579,2.5779999999999603,0.055267702936096716,1685.1,4.20,0.0
8084,0,191,-0.8099999999999998,0.05759162303664921,1685.2,4.20,0.0
8085,4,732,3.7309999999999945,0.056010928961748634,1685.6,4.20,0.0
8086,3,579,2.5779999999999603,0.055267702936096716,1685.9,4.20,0.0
8087,1,313,0.3119999999999896,0.05750798722044728,1686.1,4.20,0.0
8088,0,189,-0.8119999999999998,0.0582010582010582,1686.2,4.20,0.0
8089,0,179,-0.8219999999999998,0.055865921787709494,1686.3,4.20,0.0
8090,0,185,-0.8159999999999998,0.05945945945945946,1686.4,4.20,0.0
8091,6,1005,6.004000000000084,0.05572139303482587,1687.0,4.20,0.0
8092,7,1113,7.112000000000036,0.055705300988319856,1687.5,4.20,0.0
8093,0,190,-0.8109999999999998,0.05789473684210526,1687.6,4.20,0.0
8094,1,313,0.3119999999999896,0.054313099041533544,1687.8,4.20,0.0
8095,0,179,-0.8219999999999998,0.055865921787709494,1687.9,4.20,0.0
8096,0,179,-0.8219999999999998,0.055865921787709494,1688.0,4.20,0.0
8097,11,1646,11.64499999999974,0.05589307411907655,1688.9,4.20,0.0
8098,6,1003,6.002000000000083,0.05583250249252243,1689.4,4.20,0.0
8099,0,179,-0.8219999999999998,0.055865921787709494,1689.5,4.20,0.0
8100,1,313,0.3119999999999896,0.05750798722044728,1689.7,4.20,0.0
8101,0,185,-0.8159999999999998,0.05945945945945946,1689.8,4.20,0.0
8102,2,446,1.444999999999975,0.05605381165919283,1690.0,4.20,0.0
8103,2,463,1.461999999999973,0.056155507559395246,1690.3,4.20,0.0
8104,0,179,-0.8219999999999998,0.055865921787709494,1690.4,4.20,0.0
8105,1,313,0.3119999999999896,0.054313099041533544,1690.6,4.20,0.0
8106,0,179,-0.8219999999999998,0.055865921787709494,1690.6,4.20,0.0
8107,2,446,1.444999999999975,0.05605381165919283,1690.9,4.20,0.0
8108,2,456,1.4549999999999739,0.05701754385964912,1691.1,4.20,0.0
8109,1,313,0.3119999999999896,0.05750798722044728,1691.3,4.20,0.0
8110,0,179,-0.8219999999999998,0.061452513966480445,1691.4,4.20,0.0
8111,1,318,0.31699999999998907,0.05660377358490566,1691.6,4.20,0.0
8112,0,179,-0.8219999999999998,0.055865921787709494,1691.7,4.20,0.0
8113,3,579,2.5779999999999603,0.055267702936096716,1692.0,4.20,0.0
8114,0,182,-0.8189999999999998,0.06043956043956044,1692.1,4.20,0.0
8115,0,190,-0.8109999999999998,0.05789473684210526,1692.2,4.21,0.0
8116,0,179,-0.8219999999999998,0.055865921787709494,1692.3,4.21,0.0
8117,0,195,-0.8059999999999998,0.05641025641025641,1692.4,4.21,0.0
8118,1,313,0.3119999999999896,0.054313099041533544,1692.6,4.21,0.0
8119,2,446,1.444999999999975,0.05605381165919283,1692.8,4.21,0.0
8120,0,189,-0.8119999999999998,0.0582010582010582,1692.9,4.21,0.0
8121,2,453,1.4519999999999742,0.05739514348785872,1693.1,4.21,0.0
8122,2,447,1.4459999999999749,0.05592841163310962,1693.4,4.21,0.0
8123,8,1246,8.244999999999962,0.05537720706260032,1694.0,4.21,0.0
8124,1,313,0.3119999999999896,0.05750798722044728,1694.2,4.21,0.0
8125,2,457,1.4559999999999738,0.05689277899343545,1694.4,4.21,0.0
8126,1,313,0.3119999999999896,0.054313099041533544,1694.6,4.21,0.0
8127,1,313,0.3119999999999896,0.054313099041533544,1694.8,4.21,0.0
8128,0,194,-0.8069999999999998,0.05670103092783505,1694.9,4.21,0.0
8129,0,179,-0.8219999999999998,0.055865921787709494,1695.0,4.21,0.0
8130,0,179,-0.8219999999999998,0.055865921787709494,1695.1,4.21,0.0
8131,1,317,0.3159999999999892,0.056782334384858045,1695.3,4.21,0.0
8132,0,179,-0.8219999999999998,0.055865921787709494,1695.3,4.21,0.0
8133,1,313,0.3119999999999896,0.054313099041533544,1695.5,4.21,0.0
8134,0,179,-0.8219999999999998,0.055865921787709494,1695.6,4.21,0.0
8135,1,317,0.3159999999999892,0.056782334384858045,1695.8,4.21,0.0
8136,3,579,2.5779999999999603,0.055267702936096716,1696.1,4.21,0.0
8137,2,446,1.444999999999975,0.053811659192825115,1696.3,4.21,0.0
8138,1,339,0.33799999999998676,0.05604719764011799,1696.5,4.21,0.0
8139,3,579,2.5779999999999603,0.055267702936096716,1696.9,4.21,0.0
8140,1,313,0.3119999999999896,0.05750798722044728,1697.0,4.21,0.0
8141,5,856,4.855000000000035,0.056074766355140186,1697.5,4.21,0.0
8142,4,713,3.711999999999988,0.056100981767180924,1697.8,4.21,0.0
8143,1,339,0.33799999999998676,0.05604719764011799,1698.0,4.21,0.0
8144,3,579,2.5779999999999603,0.055267702936096716,1698.3,4.21,0.0
8145,2,446,1.444999999999975,0.05605381165919283,1698.6,4.21,0.0
8146,1,313,0.3119999999999896,0.054313099041533544,1698.7,4.21,0.0
8147,0,195,-0.8059999999999998,0.05641025641025641,1698.9,4.21,0.0
8148,2,446,1.444999999999975,0.053811659192825115,1699.1,4.21,0.0
8149,4,713,3.711999999999988,0.0546984572230014,1699.5,4.21,0.0
8150,2,446,1.444999999999975,0.05605381165919283,1699.7,4.21,0.0
8151,0,179,-0.8219999999999998,0.055865921787709494,1699.8,4.21,0.0
8152,0,179,-0.8219999999999998,0.05027932960893855,1699.9,4.21,0.0
8153,3,590,2.588999999999959,0.05593220338983051,1700.2,4.21,0.0
8154,2,446,1.444999999999975,0.05605381165919283,1700.5,4.21,0.0
8155,3,579,2.5779999999999603,0.055267702936096716,1700.8,4.21,0.0
8156,4,713,3.711999999999988,0.0546984572230014,1701.2,4.21,0.0
8157,1,313,0.3119999999999896,0.054313099041533544,1701.3,4.21,0.0
8158,3,579,2.5779999999999603,0.055267702936096716,1701.6,4.21,0.0
8159,3,589,2.587999999999959,0.05602716468590832,1701.9,4.21,0.0
8160,0,179,-0.8219999999999998,0.055865921787709494,1702.0,4.21,0.0
8161,0,190,-0.8109999999999998,0.05789473684210526,1702.1,4.21,0.0
8162,3,579,2.5779999999999603,0.055267702936096716,1702.4,4.21,0.0
8163,0,195,-0.8059999999999998,0.05641025641025641,1702.6,4.21,0.0
8164,1,313,0.3119999999999896,0.054313099041533544,1702.7,4.21,0.0
8165,3,579,2.5779999999999603,0.05699481865284974,1703.0,4.21,0.0
8166,1,313,0.3119999999999896,0.05750798722044728,1703.2,4.21,0.0
8167,1,313,0.3119999999999896,0.054313099041533544,1703.4,4.21,0.0
8168,1,313,0.3119999999999896,0.054313099041533544,1703.5,4.21,0.0
8169,1,320,0.31899999999998885,0.05625,1703.7,4.21,0.0
8170,1,321,0.31999999999998874,0.056074766355140186,1703.9,4.21,0.0
8171,0,179,-0.8219999999999998,0.055865921787709494,1704.0,4.21,0.0
8172,0,179,-0.8219999999999998,0.055865921787709494,1704.1,4.21,0.0
8173,1,313,0.3119999999999896,0.05750798722044728,1704.2,4.21,0.0
8174,0,191,-0.8099999999999998,0.05759162303664921,1704.3,4.21,0.0
8175,1,318,0.31699999999998907,0.05660377358490566,1704.5,4.21,0.0
8176,0,179,-0.8219999999999998,0.055865921787709494,1704.6,4.21,0.0
8177,1,319,0.31799999999998896,0.05642633228840126,1704.8,4.21,0.0
8178,4,713,3.711999999999988,0.056100981767180924,1705.1,4.21,0.0
8179,3,579,2.5779999999999603,0.055267702936096716,1705.5,4.21,0.0
8180,6,979,5.978000000000075,0.05515832482124617,1706.0,4.21,0.0
8181,1,337,0.335999999999987,0.05637982195845697,1706.2,4.21,0.0
8182,0,186,-0.8149999999999998,0.05913978494623656,1706.3,4.21,0.0
8183,7,1019,7.018000000000088,0.05593719332679097,1706.8,4.21,0.0
8184,2,446,1.444999999999975,0.05605381165919283,1707.1,4.21,0.0
8185,5,846,4.845000000000032,0.05555555555555555,1707.5,4.21,0.0
8186,5,880,4.879000000000043,0.05568181818181818,1708.0,4.21,0.0
8187,0,187,-0.8139999999999998,0.058823529411764705,1708.1,4.21,0.0
8188,1,313,0.3119999999999896,0.054313099041533544,1708.2,4.21,0.0
8189,0,179,-0.8219999999999998,0.055865921787709494,1708.3,4.21,0.0
8190,0,179,-0.8219999999999998,0.055865921787709494,1708.4,4.21,0.0
8191,0,179,-0.8219999999999998,0.055865921787709494,1708.5,4.21,0.0
8192,0,179,-0.8219999999999998,0.055865921787709494,1708.6,4.21,0.0
8193,1,313,0.3119999999999896,0.054313099041533544,1708.8,4.21,0.0
8194,6,981,5.980000000000076,0.05606523955147808,1709.3,4.21,0.0
8195,0,179,-0.8219999999999998,0.055865921787709494,1709.4,4.21,0.0
8196,3,579,2.5779999999999603,0.055267702936096716,1709.7,4.21,0.0
8197,0,195,-0.8059999999999998,0.05641025641025641,1709.8,4.21,0.0
8198,3,580,2.57899999999996,0.056896551724137934,1710.1,4.21,0.0
8199,5,846,4.845000000000032,0.05555555555555555,1710.6,4.21,0.0
8200,2,446,1.444999999999975,0.053811659192825115,1710.8,4.21,0.0
8201,7,1113,7.112000000000036,0.055705300988319856,1711.4,4.21,0.0
8202,4,713,3.711999999999988,0.056100981767180924,1711.8,4.21,0.0
8203,4,713,3.711999999999988,0.056100981767180924,1712.2,4.21,0.0
8204,5,857,4.856000000000035,0.056009334889148193,1712.6,4.21,0.0
8205,1,313,0.3119999999999896,0.054313099041533544,1712.8,4.21,0.0
8206,5,846,4.845000000000032,0.05555555555555555,1713.3,4.21,0.0
8207,8,1246,8.244999999999962,0.05537720706260032,1713.9,4.21,0.0
8208,0,179,-0.8219999999999998,0.055865921787709494,1714.0,4.21,0.0
8209,2,446,1.444999999999975,0.05605381165919283,1714.3,4.21,0.0
8210,3,579,2.5779999999999603,0.055267702936096716,1714.6,4.21,0.0
8211,0,179,-0.8219999999999998,0.055865921787709494,1714.7,4.21,0.0
8212,0,179,-0.8219999999999998,0.055865921787709494,1714.8,4.21,0.0
8213,8,1274,8.272999999999946,0.05572998430141287,1715.5,4.21,0.0
8214,0,179,-0.8219999999999998,0.055865921787709494,1715.6,4.21,0.0
8215,1,315,0.3139999999999894,0.05714285714285714,1715.7,4.21,0.0
8216,0,187,-0.8139999999999998,0.058823529411764705,1715.8,4.21,0.0
8217,0,181,-0.8199999999999998,0.06077348066298342,1715.9,4.21,0.0
8218,2,446,1.444999999999975,0.053811659192825115,1716.2,4.21,0.0
8219,0,179,-0.8219999999999998,0.055865921787709494,1716.2,4.21,0.0
8220,2,446,1.444999999999975,0.053811659192825115,1716.5,4.21,0.0
8221,4,730,3.728999999999994,0.056164383561643834,1716.9,4.21,0.0
8222,4,713,3.711999999999988,0.056100981767180924,1717.3,4.21,0.0
8223,0,179,-0.8219999999999998,0.055865921787709494,1717.4,4.21,0.0
8224,3,579,2.5779999999999603,0.055267702936096716,1717.7,4.21,0.0
8225,3,579,2.5779999999999603,0.055267702936096716,1718.0,4.21,0.0
8226,1,313,0.3119999999999896,0.05750798722044728,1718.2,4.21,0.0
8227,0,179,-0.8219999999999998,0.055865921787709494,1718.2,4.21,0.0
8228,5,852,4.851000000000034,0.056338028169014086,1718.7,4.21,0.0
8229,0,192,-0.8089999999999998,0.057291666666666664,1718.8,4.21,0.0
8230,1,313,0.3119999999999896,0.054313099041533544,1719.0,4.21,0.0
8231,0,179,-0.8219999999999998,0.055865921787709494,1719.1,4.21,0.0
8232,1,321,0.31999999999998874,0.056074766355140186,1719.3,4.21,0.0
8233,0,186,-0.8149999999999998,0.05913978494623656,1719.4,4.21,0.0
8234,0,190,-0.8109999999999998,0.05789473684210526,1719.5,4.21,0.0
8235,1,319,0.31799999999998896,0.05642633228840126,1719.6,4.21,0.0
8236,1,313,0.3119999999999896,0.054313099041533544,1719.8,4.21,0.0
8237,0,179,-0.8219999999999998,0.055865921787709494,1719.9,4.21,0.0
8238,0,179,-0.8219999999999998,0.055865921787709494,1720.0,4.21,0.0
8239,2,449,1.4479999999999746,0.0556792873051225,1720.2,4.21,0.0
8240,1,313,0.3119999999999896,0.054313099041533544,1720.4,4.21,0.0
8241,1,313,0.3119999999999896,0.054313099041533544,1720.6,4.21,0.0
8242,1,313,0.3119999999999896,0.05750798722044728,1720.7,4.21,0.0
8243,1,336,0.3349999999999871,0.05654761904761905,1720.9,4.21,0.0
8244,4,727,3.725999999999993,0.05639614855570839,1721.3,4.21,0.0
8245,3,579,2.5779999999999603,0.055267702936096716,1721.6,4.21,0.0
8246,3,581,2.57999999999996,0.05679862306368331,1721.9,4.21,0.0
8247,3,584,2.5829999999999598,0.05650684931506849,1722.2,4.21,0.0
8248,1,316,0.3149999999999893,0.056962025316455694,1722.4,4.21,0.0
8249,0,185,-0.8159999999999998,0.05945945945945946,1722.5,4.21,0.0
8250,1,313,0.3119999999999896,0.05750798722044728,1722.7,4.21,0.0
8251,3,579,2.5779999999999603,0.055267702936096716,1723.0,4.21,0.0
8252,4,713,3.711999999999988,0.056100981767180924,1723.4,4.21,0.0
8253,2,446,1.444999999999975,0.053811659192825115,1723.6,4.21,0.0
8254,0,179,-0.8219999999999998,0.05027932960893855,1723.7,4.21,0.0
8255,5,846,4.845000000000032,0.05555555555555555,1724.2,4.21,0.0
8256,2,446,1.444999999999975,0.05605381165919283,1724.4,4.21,0.0
8257,0,186,-0.8149999999999998,0.05913978494623656,1724.5,4.21,0.0
8258,2,446,1.444999999999975,0.05605381165919283,1724.7,4.21,0.0
8259,3,582,2.58099999999996,0.05670103092783505,1725.1,4.21,0.0
8260,2,446,1.444999999999975,0.05605381165919283,1725.3,4.21,0.0
8261,0,179,-0.8219999999999998,0.055865921787709494,1725.4,4.21,0.0
8262,8,1251,8.24999999999996,0.055955235811350916,1726.1,4.21,0.0
8263,3,579,2.5779999999999603,0.055267702936096716,1726.4,4.21,0.0
8264,1,314,0.3129999999999895,0.05732484076433121,1726.6,4.21,0.0
8265,0,179,-0.8219999999999998,0.055865921787709494,1726.7,4.21,0.0
8266,2,454,1.452999999999974,0.05726872246696035,1726.9,4.21,0.0
8267,2,446,1.444999999999975,0.05605381165919283,1727.1,4.21,0.0
8268,3,579,2.5779999999999603,0.055267702936096716,1727.4,4.21,0.0
8269,1,313,0.3119999999999896,0.05750798722044728,1727.6,4.21,0.0
8270,3,581,2.57999999999996,0.05679862306368331,1727.9,4.21,0.0
8271,3,581,2.57999999999996,0.05679862306368331,1728.2,4.21,0.0
8272,2,446,1.444999999999975,0.05605381165919283,1728.5,4.21,0.0
8273,0,179,-0.8219999999999998,0.055865921787709494,1728.6,4.21,0.0
8274,3,588,2.5869999999999593,0.05612244897959184,1728.9,4.21,0.0
8275,4,713,3.711999999999988,0.056100981767180924,1729.3,4.21,0.0
8276,3,579,2.5779999999999603,0.055267702936096716,1729.6,4.21,0.0
8277,0,179,-0.8219999999999998,0.055865921787709494,1729.7,4.21,0.0
8278,2,446,1.444999999999975,0.05605381165919283,1729.9,4.21,0.0
8279,1,315,0.3139999999999894,0.05714285714285714,1730.1,4.21,0.0
8280,1,313,0.3119999999999896,0.05750798722044728,1730.3,4.21,0.0
8281,4,713,3.711999999999988,0.0546984572230014,1730.7,4.21,0.0
8282,3,579,2.5779999999999603,0.055267702936096716,1731.0,4.21,0.0
8283,0,193,-0.8079999999999998,0.05699481865284974,1731.1,4.21,0.0
8284,0,189,-0.8119999999999998,0.0582010582010582,1731.2,4.21,0.0
8285,0,179,-0.8219999999999998,0.055865921787709494,1731.3,4.21,0.0
8286,0,194,-0.8069999999999998,0.05670103092783505,1731.4,4.21,0.0
8287,0,184,-0.8169999999999998,0.059782608695652176,1731.5,4.21,0.0
8288,0,179,-0.8219999999999998,0.055865921787709494,1731.6,4.21,0.0
8289,3,579,2.5779999999999603,0.055267702936096716,1731.9,4.21,0.0
8290,2,446,1.444999999999975,0.05605381165919283,1732.1,4.21,0.0
8291,0,179,-0.8219999999999998,0.055865921787709494,1732.2,4.21,0.0
8292,0,179,-0.8219999999999998,0.055865921787709494,1732.3,4.21,0.0
8293,0,183,-0.8179999999999998,0.060109289617486336,1732.4,4.21,0.0
8294,0,191,-0.8099999999999998,0.05759162303664921,1732.5,4.21,0.0
8295,7,1113,7.112000000000036,0.055705300988319856,1733.1,4.21,0.0
8296,0,179,-0.8219999999999998,0.055865921787709494,1733.3,4.21,0.0
8297,0,179,-0.8219999999999998,0.055865921787709494,1733.4,4.21,0.0
8298,4,714,3.7129999999999885,0.056022408963585436,1733.8,4.21,0.0
8299,5,846,4.845000000000032,0.05555555555555555,1734.2,4.21,0.0
8300,0,186,-0.8149999999999998,0.05913978494623656,1734.3,4.21,0.0
8301,0,179,-0.8219999999999998,0.055865921787709494,1734.4,4.21,0.0
8302,0,187,-0.8139999999999998,0.058823529411764705,1734.5,4.21,0.0
8303,0,192,-0.8089999999999998,0.057291666666666664,1734.6,4.21,0.0
8304,3,588,2.5869999999999593,0.05612244897959184,1734.9,4.21,0.0
8305,0,179,-0.8219999999999998,0.055865921787709494,1735.0,4.21,0.0
8306,2,450,1.4489999999999745,0.057777777777777775,1735.3,4.21,0.0
8307,0,179,-0.8219999999999998,0.055865921787709494,1735.4,4.21,0.0
8308,2,459,1.4579999999999735,0.05664488017429194,1735.6,4.21,0.0
8309,1,313,0.3119999999999896,0.054313099041533544,1735.8,4.21,0.0
8310,3,579,2.5779999999999603,0.055267702936096716,1736.1,4.21,0.0
8311,2,461,1.4599999999999733,0.05639913232104121,1736.3,4.21,0.0
8312,0,179,-0.8219999999999998,0.055865921787709494,1736.4,4.21,0.0
8313,3,579,2.5779999999999603,0.055267702936096716,1736.8,4.21,0.0
8314,4,714,3.7129999999999885,0.056022408963585436,1737.2,4.21,0.0
8315,0,179,-0.8219999999999998,0.05027932960893855,1737.3,4.21,0.0
8316,3,579,2.5779999999999603,0.055267702936096716,1737.6,4.21,0.0
8317,4,713,3.711999999999988,0.056100981767180924,1738.0,4.21,0.0
8318,0,179,-0.8219999999999998,0.055865921787709494,1738.1,4.21,0.0
8319,3,579,2.5779999999999603,0.05699481865284974,1738.4,4.21,0.0
8320,2,446,1.444999999999975,0.05605381165919283,1738.6,4.21,0.0
8321,2,446,1.444999999999975,0.05605381165919283,1738.9,4.21,0.0
8322,0,212,-0.7889999999999998,0.05660377358490566,1739.0,4.21,0.0
8323,1,313,0.3119999999999896,0.054313099041533544,1739.1,4.21,0.0
8324,0,179,-0.8219999999999998,0.055865921787709494,1739.2,4.21,0.0
8325,10,1513,10.511999999999814,0.05551883674818242,1740.1,4.21,0.0
8326,4,736,3.734999999999996,0.05570652173913043,1740.5,4.21,0.0
8327,1,313,0.3119999999999896,0.05750798722044728,1740.6,4.21,0.0
8328,1,313,0.3119999999999896,0.054313099041533544,1740.8,4.21,0.0
8329,1,313,0.3119999999999896,0.05750798722044728,1741.0,4.21,0.0
8330,0,185,-0.8159999999999998,0.05945945945945946,1741.0,4.21,0.0
8331,0,179,-0.8219999999999998,0.055865921787709494,1741.1,4.21,0.0
8332,2,446,1.444999999999975,0.053811659192825115,1741.4,4.21,0.0
8333,1,313,0.3119999999999896,0.054313099041533544,1741.6,4.21,0.0
8334,6,979,5.978000000000075,0.056179775280898875,1742.1,4.21,0.0
8335,1,323,0.3219999999999885,0.05572755417956656,1742.3,4.21,0.0
8336,1,313,0.3119999999999896,0.05750798722044728,1742.4,4.21,0.0
8337,1,313,0.3119999999999896,0.054313099041533544,1742.6,4.21,0.0
8338,7,1119,7.118000000000032,0.05630026809651475,1743.2,4.21,0.0
8339,4,732,3.7309999999999945,0.056010928961748634,1743.6,4.21,0.0
8340,2,446,1.444999999999975,0.05605381165919283,1743.9,4.21,0.0
8341,6,979,5.978000000000075,0.056179775280898875,1744.4,4.21,0.0
8342,3,579,2.5779999999999603,0.055267702936096716,1744.7,4.21,0.0
8343,2,446,1.444999999999975,0.05605381165919283,1744.9,4.21,0.0
8344,6,979,5.978000000000075,0.05515832482124617,1745.5,4.21,0.0
8345,5,859,4.858000000000036,0.05587892898719441,1745.9,4.21,0.0
8346,0,179,-0.8219999999999998,0.055865921787709494,1746.0,4.21,0.0
8347,1,313,0.3119999999999896,0.054313099041533544,1746.2,4.21,0.0
8348,0,179,-0.8219999999999998,0.055865921787709494,1746.3,4.21,0.0
8349,6,979,5.978000000000075,0.05515832482124617,1746.8,4.21,0.0
8350,0,179,-0.8219999999999998,0.055865921787709494,1746.9,4.21,0.0
8351,1,313,0.3119999999999896,0.054313099041533544,1747.1,4.21,0.0
8352,1,313,0.3119999999999896,0.054313099041533544,1747.2,4.21,0.0
8353,2,446,1.444999999999975,0.05605381165919283,1747.5,4.21,0.0
8354,2,446,1.444999999999975,0.05605381165919283,1747.7,4.21,0.0
8355,0,179,-0.8219999999999998,0.055865921787709494,1747.8,4.21,0.0
8356,0,179,-0.8219999999999998,0.055865921787709494,1747.9,4.21,0.0
8357,0,179,-0.8219999999999998,0.055865921787709494,1748.0,4.21,0.0
8358,1,313,0.3119999999999896,0.05750798722044728,1748.2,4.21,0.0
8359,1,318,0.31699999999998907,0.05660377358490566,1748.3,4.21,0.0
8360,6,979,5.978000000000075,0.05515832482124617,1748.8,4.21,0.0
8361,0,179,-0.8219999999999998,0.055865921787709494,1749.0,4.21,0.0
8362,1,313,0.3119999999999896,0.054313099041533544,1749.1,4.21,0.0
8363,0,186,-0.8149999999999998,0.05913978494623656,1749.2,4.21,0.0
8364,2,453,1.4519999999999742,0.05739514348785872,1749.5,4.21,0.0
8365,2,446,1.444999999999975,0.05605381165919283,1749.7,4.21,0.0
8366,0,179,-0.8219999999999998,0.055865921787709494,1749.8,4.21,0.0
8367,3,579,2.5779999999999603,0.055267702936096716,1750.1,4.21,0.0
8368,0,179,-0.8219999999999998,0.055865921787709494,1750.2,4.21,0.0
8369,3,579,2.5779999999999603,0.055267702936096716,1750.5,4.21,0.0
8370,1,313,0.3119999999999896,0.05750798722044728,1750.7,4.21,0.0
8371,3,580,2.57899999999996,0.056896551724137934,1751.0,4.21,0.0
8372,2,462,1.4609999999999732,0.05627705627705628,1751.2,4.21,0.0
8373,6,979,5.978000000000075,0.05515832482124617,1751.8,4.21,0.0
8374,4,713,3.711999999999988,0.0546984572230014,1752.1,4.21,0.0
8375,2,458,1.4569999999999736,0.056768558951965066,1752.4,4.21,0.0
8376,1,338,0.33699999999998687,0.05621301775147929,1752.6,4.21,0.0
8377,1,313,0.3119999999999896,0.054313099041533544,1752.7,4.21,0.0
8378,3,586,2.5849999999999596,0.05631399317406143,1753.1,4.21,0.0
8379,0,179,-0.8219999999999998,0.055865921787709494,1753.1,4.21,0.0
8380,4,713,3.711999999999988,0.056100981767180924,1753.5,4.21,0.0
8381,1,313,0.3119999999999896,0.054313099041533544,1753.7,4.21,0.0
8382,0,179,-0.8219999999999998,0.055865921787709494,1753.8,4.21,0.0
8383,0,184,-0.8169999999999998,0.059782608695652176,1753.9,4.21,0.0
8384,1,313,0.3119999999999896,0.054313099041533544,1754.1,4.21,0.0
8385,3,579,2.5779999999999603,0.055267702936096716,1754.4,4.21,0.0
8386,5,846,4.845000000000032,0.05555555555555555,1754.9,4.21,0.0
8387,3,579,2.5779999999999603,0.055267702936096716,1755.2,4.21,0.0
8388,0,179,-0.8219999999999998,0.055865921787709494,1755.3,4.21,0.0
8389,1,341,0.33999999999998654,0.05571847507331378,1755.5,4.21,0.0
8390,3,579,2.5779999999999603,0.055267702936096716,1755.8,4.21,0.0
8391,3,579,2.5779999999999603,0.055267702936096716,1756.1,4.21,0.0
8392,1,331,0.32999999999998764,0.05740181268882175,1756.3,4.21,0.0
8393,2,461,1.4599999999999733,0.05639913232104121,1756.5,4.21,0.0
8394,2,465,1.4639999999999729,0.05591397849462366,1756.8,4.21,0.0
8395,0,179,-0.8219999999999998,0.055865921787709494,1756.9,4.21,0.0
8396,2,446,1.444999999999975,0.05605381165919283,1757.1,4.21,0.0
8397,2,465,1.4639999999999729,0.05591397849462366,1757.4,4.21,0.0
8398,2,457,1.4559999999999738,0.05689277899343545,1757.6,4.21,0.0
8399,1,313,0.3119999999999896,0.054313099041533544,1757.8,4.21,0.0
8400,0,179,-0.8219999999999998,0.055865921787709494,1757.9,4.21,0.0
8401,0,179,-0.8219999999999998,0.055865921787709494,1758.0,4.21,0.0
8402,2,446,1.444999999999975,0.05605381165919283,1758.2,4.21,0.0
8403,4,713,3.711999999999988,0.0546984572230014,1758.6,4.21,0.0
8404,1,333,0.3319999999999874,0.057057057057057055,1758.8,4.21,0.0
8405,1,317,0.3159999999999892,0.056782334384858045,1759.0,4.21,0.0
8406,5,857,4.856000000000035,0.056009334889148193,1759.4,4.21,0.0
8407,2,461,1.4599999999999733,0.05639913232104121,1759.7,4.21,0.0
8408,4,713,3.711999999999988,0.056100981767180924,1760.1,4.21,0.0
8409,2,446,1.444999999999975,0.05605381165919283,1760.3,4.21,0.0
8410,0,206,-0.7949999999999998,0.05825242718446602,1760.4,4.21,0.0
8411,1,318,0.31699999999998907,0.05660377358490566,1760.6,4.21,0.0
8412,0,179,-0.8219999999999998,0.055865921787709494,1760.7,4.21,0.0
8413,1,317,0.3159999999999892,0.056782334384858045,1760.8,4.21,0.0
8414,0,195,-0.8059999999999998,0.05641025641025641,1761.0,4.21,0.0
8415,1,313,0.3119999999999896,0.054313099041533544,1761.1,4.21,0.0
8416,0,179,-0.8219999999999998,0.055865921787709494,1761.2,4.21,0.0
8417,0,186,-0.8149999999999998,0.05913978494623656,1761.3,4.21,0.0
8418,6,1007,6.006000000000085,0.05561072492552135,1761.9,4.21,0.0
8419,6,979,5.978000000000075,0.056179775280898875,1762.4,4.21,0.0
8420,0,191,-0.8099999999999998,0.05759162303664921,1762.5,4.21,0.0
8421,0,179,-0.8219999999999998,0.055865921787709494,1762.6,4.21,0.0
8422,3,579,2.5779999999999603,0.055267702936096716,1762.9,4.21,0.0
8423,0,179,-0.8219999999999998,0.055865921787709494,1763.0,4.21,0.0
8424,4,713,3.711999999999988,0.0546984572230014,1763.4,4.21,0.0
8425,5,846,4.845000000000032,0.05555555555555555,1763.8,4.21,0.0
8426,3,610,2.608999999999957,0.05573770491803279,1764.2,4.21,0.0
8427,1,313,0.3119999999999896,0.05750798722044728,1764.3,4.21,0.0
8428,1,313,0.3119999999999896,0.054313099041533544,1764.5,4.21,0.0
8429,10,1513,10.511999999999814,0.05551883674818242,1765.3,4.21,0.0
8430,0,179,-0.8219999999999998,0.055865921787709494,1765.4,4.21,0.0
8431,1,313,0.3119999999999896,0.05750798722044728,1765.6,4.21,0.0
8432,0,186,-0.8149999999999998,0.05913978494623656,1765.7,4.21,0.0
8433,0,187,-0.8139999999999998,0.058823529411764705,1765.8,4.21,0.0
8434,1,313,0.3119999999999896,0.05750798722044728,1766.0,4.21,0.0
8435,1,315,0.3139999999999894,0.05714285714285714,1766.1,4.21,0.0
8436,0,189,-0.8119999999999998,0.0582010582010582,1766.2,4.21,0.0
8437,2,454,1.452999999999974,0.05726872246696035,1766.5,4.21,0.0
8438,3,579,2.5779999999999603,0.055267702936096716,1766.8,4.21,0.0
8439,1,313,0.3119999999999896,0.054313099041533544,1767.0,4.21,0.0
8440,0,189,-0.8119999999999998,0.0582010582010582,1767.1,4.21,0.0
8441,0,179,-0.8219999999999998,0.055865921787709494,1767.2,4.21,0.0
8442,0,183,-0.8179999999999998,0.060109289617486336,1767.3,4.21,0.0
8443,5,857,4.856000000000035,0.056009334889148193,1767.7,4.21,0.0
8444,5,846,4.845000000000032,0.05555555555555555,1768.2,4.21,0.0
8445,0,186,-0.8149999999999998,0.05913978494623656,1768.3,4.21,0.0
8446,1,313,0.3119999999999896,0.05750798722044728,1768.4,4.21,0.0
8447,0,195,-0.8059999999999998,0.05641025641025641,1768.5,4.21,0.0
8448,1,317,0.3159999999999892,0.056782334384858045,1768.7,4.21,0.0
8449,1,313,0.3119999999999896,0.054313099041533544,1768.9,4.21,0.0
8450,4,713,3.711999999999988,0.056100981767180924,1769.3,4.21,0.0
8451,6,979,5.978000000000075,0.05515832482124617,1769.8,4.21,0.0
8452,2,459,1.4579999999999735,0.05664488017429194,1770.0,4.21,0.0
8453,1,321,0.31999999999998874,0.056074766355140186,1770.2,4.21,0.0
8454,2,446,1.444999999999975,0.05605381165919283,1770.4,4.21,0.0
8455,0,179,-0.8219999999999998,0.055865921787709494,1770.5,4.21,0.0
8456,2,446,1.444999999999975,0.05605381165919283,1770.8,4.21,0.0
8457,0,179,-0.8219999999999998,0.055865921787709494,1770.9,4.21,0.0
8458,2,461,1.4599999999999733,0.05639913232104121,1771.1,4.21,0.0
8459,1,314,0.3129999999999895,0.05732484076433121,1771.3,4.21,0.0
8460,1,339,0.33799999999998676,0.05604719764011799,1771.5,4.21,0.0
8461,0,179,-0.8219999999999998,0.055865921787709494,1771.5,4.21,0.0
8462,1,313,0.3119999999999896,0.05750798722044728,1771.7,4.21,0.0
8463,0,193,-0.8079999999999998,0.05699481865284974,1771.8,4.21,0.0
8464,1,313,0.3119999999999896,0.05750798722044728,1772.0,4.21,0.0
8465,2,464,1.462999999999973,0.05603448275862069,1772.2,4.21,0.0
8466,3,579,2.5779999999999603,0.055267702936096716,1772.6,4.21,0.0
8467,2,446,1.444999999999975,0.05605381165919283,1772.8,4.21,0.0
8468,4,725,3.723999999999992,0.05655172413793103,1773.2,4.21,0.0
8469,1,313,0.3119999999999896,0.05750798722044728,1773.4,4.21,0.0
8470,3,579,2.5779999999999603,0.055267702936096716,1773.7,4.21,0.0
8471,2,446,1.444999999999975,0.05605381165919283,1773.9,4.21,0.0
8472,5,846,4.845000000000032,0.05555555555555555,1774.4,4.21,0.0
8473,1,313,0.3119999999999896,0.054313099041533544,1774.5,4.21,0.0
8474,0,196,-0.8049999999999998,0.05612244897959184,1774.6,4.21,0.0
8475,0,191,-0.8099999999999998,0.05759162303664921,1774.7,4.21,0.0
8476,0,179,-0.8219999999999998,0.055865921787709494,1774.8,4.21,0.0
8477,1,313,0.3119999999999896,0.05750798722044728,1775.0,4.21,0.0
8478,2,446,1.444999999999975,0.05605381165919283,1775.3,4.21,0.0
8479,4,713,3.711999999999988,0.056100981767180924,1775.6,4.21,0.0
8480,1,313,0.3119999999999896,0.054313099041533544,1775.8,4.21,0.0
8481,0,184,-0.8169999999999998,0.059782608695652176,1775.9,4.21,0.0
8482,0,179,-0.8219999999999998,0.055865921787709494,1776.0,4.21,0.0
8483,0,179,-0.8219999999999998,0.055865921787709494,1776.1,4.21,0.0
8484,0,179,-0.8219999999999998,0.055865921787709494,1776.2,4.21,0.0
8485,0,179,-0.8219999999999998,0.055865921787709494,1776.3,4.21,0.0
8486,1,340,0.33899999999998665,0.05588235294117647,1776.5,4.21,0.0
8487,1,313,0.3119999999999896,0.054313099041533544,1776.6,4.21,0.0
8488,1,319,0.31799999999998896,0.05642633228840126,1776.8,4.21,0.0
8489,6,979,5.978000000000075,0.05515832482124617,1777.3,4.21,0.0
8490,2,457,1.4559999999999738,0.05689277899343545,1777.6,4.21,0.0
8491,2,446,1.444999999999975,0.053811659192825115,1777.8,4.21,0.0
8492,2,446,1.444999999999975,0.05605381165919283,1778.1,4.21,0.0
8493,5,846,4.845000000000032,0.05555555555555555,1778.5,4.21,0.0
8494,2,446,1.444999999999975,0.05605381165919283,1778.8,4.21,0.0
8495,3,579,2.5779999999999603,0.055267702936096716,1779.1,4.21,0.0
8496,0,186,-0.8149999999999998,0.05913978494623656,1779.2,4.21,0.0
8497,0,183,-0.8179999999999998,0.060109289617486336,1779.3,4.21,0.0
8498,2,446,1.444999999999975,0.05605381165919283,1779.5,4.21,0.0
8499,0,179,-0.8219999999999998,0.055865921787709494,1779.6,4.21,0.0
8500,1,313,0.3119999999999896,0.05750798722044728,1779.8,4.21,0.0
8501,2,446,1.444999999999975,0.05605381165919283,1783.1,4.21,0.0
8502,2,449,1.4479999999999746,0.0556792873051225,1783.3,4.21,0.0
8503,1,313,0.3119999999999896,0.054313099041533544,1783.5,4.21,0.0
8504,1,313,0.3119999999999896,0.05750798722044728,1783.7,4.21,0.0
8505,2,446,1.444999999999975,0.05605381165919283,1783.9,4.21,0.0
8506,1,313,0.3119999999999896,0.054313099041533544,1784.1,4.21,0.0
8507,0,179,-0.8219999999999998,0.055865921787709494,1784.2,4.21,0.0
8508,2,446,1.444999999999975,0.05605381165919283,1784.4,4.21,0.0
8509,2,446,1.444999999999975,0.05605381165919283,1784.6,4.21,0.0
8510,0,179,-0.8219999999999998,0.055865921787709494,1784.7,4.21,0.0
8511,2,446,1.444999999999975,0.05605381165919283,1785.0,4.21,0.0
8512,3,592,2.590999999999959,0.05574324324324324,1785.3,4.21,0.0
8513,5,846,4.845000000000032,0.05555555555555555,1785.8,4.21,0.0
8514,0,179,-0.8219999999999998,0.055865921787709494,1785.9,4.21,0.0
8515,1,337,0.335999999999987,0.05637982195845697,1786.1,4.21,0.0
8516,1,315,0.3139999999999894,0.05714285714285714,1786.2,4.21,0.0
8517,6,1003,6.002000000000083,0.05583250249252243,1786.8,4.21,0.0
8518,5,846,4.845000000000032,0.05555555555555555,1787.2,4.21,0.0
8519,6,979,5.978000000000075,0.05515832482124617,1787.7,4.21,0.0
8520,2,446,1.444999999999975,0.05605381165919283,1788.0,4.21,0.0
8521,4,713,3.711999999999988,0.056100981767180924,1788.4,4.21,0.0
8522,0,179,-0.8219999999999998,0.055865921787709494,1788.5,4.21,0.0
8523,0,189,-0.8119999999999998,0.0582010582010582,1788.6,4.21,0.0
8524,1,313,0.3119999999999896,0.054313099041533544,1788.7,4.21,0.0
8525,2,446,1.444999999999975,0.05605381165919283,1789.0,4.21,0.0
8526,4,713,3.711999999999988,0.056100981767180924,1789.4,4.21,0.0
8527,0,187,-0.8139999999999998,0.058823529411764705,1789.5,4.21,0.0
8528,0,179,-0.8219999999999998,0.055865921787709494,1789.6,4.21,0.0
8529,4,713,3.711999999999988,0.0546984572230014,1789.9,4.21,0.0
8530,3,579,2.5779999999999603,0.055267702936096716,1790.3,4.21,0.0
8531,0,187,-0.8139999999999998,0.058823529411764705,1790.4,4.21,0.0
8532,1,313,0.3119999999999896,0.05750798722044728,1790.5,4.21,0.0
8533,0,179,-0.8219999999999998,0.055865921787709494,1790.7,4.21,0.0
8534,0,179,-0.8219999999999998,0.055865921787709494,1790.8,4.21,0.0
8535,2,446,1.444999999999975,0.053811659192825115,1791.0,4.21,0.0
8536,0,179,-0.8219999999999998,0.055865921787709494,1791.1,4.21,0.0
8537,4,718,3.71699999999999,0.055710306406685235,1791.5,4.21,0.0
8538,2,456,1.4549999999999739,0.05701754385964912,1791.8,4.21,0.0
8539,2,446,1.444999999999975,0.05605381165919283,1792.0,4.21,0.0
8540,4,713,3.711999999999988,0.056100981767180924,1792.4,4.21,0.0
8541,0,179,-0.8219999999999998,0.055865921787709494,1792.5,4.21,0.0
8542,1,321,0.31999999999998874,0.056074766355140186,1792.7,4.21,0.0
8543,1,313,0.3119999999999896,0.054313099041533544,1792.9,4.21,0.0
8544,0,179,-0.8219999999999998,0.055865921787709494,1793.0,4.21,0.0
8545,2,467,1.4659999999999727,0.055674518201284794,1793.2,4.21,0.0
8546,4,713,3.711999999999988,0.056100981767180924,1793.6,4.21,0.0
8547,1,315,0.3139999999999894,0.05714285714285714,1793.8,4.21,0.0
8548,0,190,-0.8109999999999998,0.05789473684210526,1793.9,4.21,0.0
8549,0,190,-0.8109999999999998,0.05789473684210526,1794.0,4.21,0.0
8550,0,179,-0.8219999999999998,0.055865921787709494,1794.1,4.21,0.0
8551,1,319,0.31799999999998896,0.05642633228840126,1794.2,4.21,0.0
8552,0,179,-0.8219999999999998,0.055865921787709494,1794.3,4.21,0.0
8553,0,197,-0.8039999999999998,0.05583756345177665,1794.4,4.21,0.0
8554,3,588,2.5869999999999593,0.05612244897959184,1794.8,4.21,0.0
8555,2,446,1.444999999999975,0.053811659192825115,1795.0,4.21,0.0
8556,3,579,2.5779999999999603,0.055267702936096716,1795.3,4.21,0.0
8557,2,446,1.444999999999975,0.05605381165919283,1795.6,4.21,0.0
8558,1,316,0.3149999999999893,0.056962025316455694,1795.8,4.21,0.0
8559,3,589,2.587999999999959,0.05602716468590832,1796.1,4.21,0.0
8560,1,313,0.3119999999999896,0.05750798722044728,1796.2,4.21,0.0
8561,6,1002,6.001000000000083,0.05588822355289421,1796.8,4.21,0.0
8562,0,186,-0.8149999999999998,0.05913978494623656,1796.9,4.21,0.0
8563,0,192,-0.8089999999999998,0.057291666666666664,1797.0,4.21,0.0
8564,1,313,0.3119999999999896,0.054313099041533544,1797.1,4.21,0.0
8565,0,185,-0.8159999999999998,0.05945945945945946,1797.2,4.21,0.0
8566,3,585,2.5839999999999597,0.05641025641025641,1797.5,4.21,0.0
8567,3,579,2.5779999999999603,0.055267702936096716,1797.9,4.21,0.0
8568,1,335,0.3339999999999872,0.056716417910447764,1798.1,4.21,0.0
8569,1,313,0.3119999999999896,0.054313099041533544,1798.2,4.21,0.0
8570,1,313,0.3119999999999896,0.05750798722044728,1798.4,4.21,0.0
8571,3,579,2.5779999999999603,0.055267702936096716,1798.7,4.21,0.0
8572,1,316,0.3149999999999893,0.056962025316455694,1798.9,4.21,0.0
8573,6,989,5.988000000000079,0.055611729019211326,1799.4,4.21,0.0
8574,1,313,0.3119999999999896,0.054313099041533544,1799.6,4.21,0.0
8575,0,179,-0.8219999999999998,0.055865921787709494,1799.7,4.21,0.0
8576,2,446,1.444999999999975,0.05605381165919283,1799.9,4.21,0.0
8577,0,190,-0.8109999999999998,0.05789473684210526,1800.0,4.21,0.0
8578,0,179,-0.8219999999999998,0.055865921787709494,1800.1,4.21,0.0
8579,4,733,3.731999999999995,0.05593451568894952,1800.5,4.21,0.0
8580,7,1113,7.112000000000036,0.05480682839173405,1801.1,4.21,0.0
8581,3,579,2.5779999999999603,0.055267702936096716,1801.4,4.21,0.0
8582,2,446,1.444999999999975,0.05605381165919283,1801.7,4.21,0.0
8583,3,581,2.57999999999996,0.05679862306368331,1802.0,4.21,0.0
8584,4,713,3.711999999999988,0.056100981767180924,1802.4,4.21,0.0
8585,7,1129,7.128000000000027,0.05580159433126661,1803.0,4.21,0.0
8586,0,183,-0.8179999999999998,0.060109289617486336,1803.1,4.21,0.0
8587,2,464,1.462999999999973,0.05603448275862069,1803.3,4.21,0.0
8588,6,979,5.978000000000075,0.05515832482124617,1803.9,4.21,0.0
8589,0,185,-0.8159999999999998,0.05945945945945946,1804.0,4.21,0.0
8590,0,179,-0.8219999999999998,0.055865921787709494,1804.1,4.21,0.0
8591,2,446,1.444999999999975,0.05605381165919283,1804.3,4.21,0.0
8592,7,1113,7.112000000000036,0.055705300988319856,1804.9,4.21,0.0
8593,2,446,1.444999999999975,0.05605381165919283,1805.2,4.21,0.0
8594,0,194,-0.8069999999999998,0.05670103092783505,1805.3,4.21,0.0
8595,1,313,0.3119999999999896,0.054313099041533544,1805.4,4.21,0.0
8596,1,313,0.3119999999999896,0.05750798722044728,1805.6,4.21,0.0
8597,0,179,-0.8219999999999998,0.055865921787709494,1805.7,4.21,0.0
8598,3,579,2.5779999999999603,0.055267702936096716,1806.0,4.21,0.0
8599,1,313,0.3119999999999896,0.054313099041533544,1806.2,4.21,0.0
8600,0,179,-0.8219999999999998,0.055865921787709494,1806.3,4.21,0.0
8601,1,313,0.3119999999999896,0.054313099041533544,1806.4,4.21,0.0
8602,4,732,3.7309999999999945,0.056010928961748634,1806.8,4.21,0.0
8603,0,179,-0.8219999999999998,0.055865921787709494,1806.9,4.21,0.0
8604,0,179,-0.8219999999999998,0.055865921787709494,1807.0,4.21,0.0
8605,0,187,-0.8139999999999998,0.058823529411764705,1807.1,4.21,0.0
8606,5,846,4.845000000000032,0.05555555555555555,1807.6,4.21,0.0
8607,2,446,1.444999999999975,0.05605381165919283,1807.8,4.21,0.0
8608,0,187,-0.8139999999999998,0.058823529411764705,1807.9,4.21,0.0
8609,0,179,-0.8219999999999998,0.055865921787709494,1808.0,4.21,0.0
8610,0,187,-0.8139999999999998,0.058823529411764705,1808.1,4.21,0.0
8611,2,446,1.444999999999975,0.05605381165919283,1808.4,4.21,0.0
8612,1,313,0.3119999999999896,0.054313099041533544,1808.5,4.21,0.0
8613,3,590,2.588999999999959,0.05593220338983051,1808.9,4.21,0.0
8614,0,192,-0.8089999999999998,0.057291666666666664,1809.0,4.21,0.0
8615,0,179,-0.8219999999999998,0.055865921787709494,1809.1,4.21,0.0
8616,0,191,-0.8099999999999998,0.05759162303664921,1809.2,4.21,0.0
8617,1,313,0.3119999999999896,0.054313099041533544,1809.3,4.21,0.0
8618,1,313,0.3119999999999896,0.05750798722044728,1809.5,4.21,0.0
8619,4,713,3.711999999999988,0.056100981767180924,1809.9,4.21,0.0
8620,2,446,1.444999999999975,0.05605381165919283,1810.1,4.21,0.0
8621,3,579,2.5779999999999603,0.055267702936096716,1810.4,4.21,0.0
8622,2,446,1.444999999999975,0.05605381165919283,1810.7,4.21,0.0
8623,1,336,0.3349999999999871,0.05654761904761905,1810.9,4.21,0.0
8624,3,579,2.5779999999999603,0.055267702936096716,1811.2,4.21,0.0
8625,2,457,1.4559999999999738,0.05689277899343545,1811.4,4.21,0.0
8626,4,716,3.714999999999989,0.055865921787709494,1811.8,4.21,0.0
8627,0,197,-0.8039999999999998,0.05583756345177665,1811.9,4.21,0.0
8628,3,579,2.5779999999999603,0.055267702936096716,1812.2,4.21,0.0
8629,4,713,3.711999999999988,0.056100981767180924,1812.6,4.21,0.0
8630,7,1130,7.129000000000026,0.05575221238938053,1813.2,4.21,0.0
8631,4,713,3.711999999999988,0.0546984572230014,1813.6,4.21,0.0
8632,0,179,-0.8219999999999998,0.055865921787709494,1813.7,4.21,0.0
8633,3,592,2.590999999999959,0.05574324324324324,1814.0,4.21,0.0
8634,1,318,0.31699999999998907,0.05660377358490566,1814.2,4.21,0.0
8635,0,179,-0.8219999999999998,0.055865921787709494,1814.3,4.21,0.0
8636,1,313,0.3119999999999896,0.05750798722044728,1814.5,4.21,0.0
8637,2,446,1.444999999999975,0.05605381165919283,1814.7,4.21,0.0
8638,1,313,0.3119999999999896,0.054313099041533544,1814.9,4.21,0.0
8639,5,858,4.857000000000036,0.055944055944055944,1815.3,4.21,0.0
8640,2,446,1.444999999999975,0.05605381165919283,1815.6,4.21,0.0
8641,3,579,2.5779999999999603,0.05699481865284974,1815.9,4.21,0.0
8642,1,335,0.3339999999999872,0.056716417910447764,1816.1,4.21,0.0
8643,1,313,0.3119999999999896,0.05750798722044728,1816.2,4.21,0.0
8644,0,187,-0.8139999999999998,0.058823529411764705,1816.3,4.21,0.0
8645,2,462,1.4609999999999732,0.05627705627705628,1816.6,4.21,0.0
8646,0,179,-0.8219999999999998,0.055865921787709494,1816.7,4.21,0.0
8647,4,714,3.7129999999999885,0.056022408963585436,1817.1,4.21,0.0
8648,1,340,0.33899999999998665,0.05588235294117647,1817.2,4.21,0.0
8649,0,179,-0.8219999999999998,0.055865921787709494,1817.3,4.21,0.0
8650,1,313,0.3119999999999896,0.054313099041533544,1817.5,4.21,0.0
8651,2,446,1.444999999999975,0.05605381165919283,1817.8,4.21,0.0
8652,0,187,-0.8139999999999998,0.058823529411764705,1817.9,4.21,0.0
8653,2,446,1.444999999999975,0.05605381165919283,1818.1,4.21,0.0
8654,0,179,-0.8219999999999998,0.055865921787709494,1818.2,4.21,0.0
8655,3,591,2.589999999999959,0.05583756345177665,1818.5,4.21,0.0
8656,5,846,4.845000000000032,0.05555555555555555,1819.0,4.21,0.0
8657,4,713,3.711999999999988,0.0546984572230014,1819.3,4.21,0.0
8658,2,457,1.4559999999999738,0.05689277899343545,1819.6,4.21,0.0
8659,0,179,-0.8219999999999998,0.055865921787709494,1819.7,4.21,0.0
8660,3,579,2.5779999999999603,0.055267702936096716,1820.0,4.21,0.0
8661,5,846,4.845000000000032,0.05555555555555555,1820.5,4.21,0.0
8662,2,456,1.4549999999999739,0.05701754385964912,1820.7,4.21,0.0
8663,1,313,0.3119999999999896,0.054313099041533544,1820.9,4.21,0.0
8664,0,186,-0.8149999999999998,0.05913978494623656,1821.0,4.21,0.0
8665,0,179,-0.8219999999999998,0.055865921787709494,1821.1,4.21,0.0
8666,2,446,1.444999999999975,0.05605381165919283,1821.3,4.21,0.0
8667,0,179,-0.8219999999999998,0.055865921787709494,1821.4,4.21,0.0
8668,2,454,1.452999999999974,0.05726872246696035,1821.6,4.21,0.0
8669,2,446,1.444999999999975,0.05605381165919283,1821.9,4.21,0.0
8670,0,189,-0.8119999999999998,0.0582010582010582,1822.0,4.21,0.0
8671,2,446,1.444999999999975,0.05605381165919283,1822.2,4.21,0.0
8672,1,338,0.33699999999998687,0.05621301775147929,1822.4,4.21,0.0
8673,0,179,-0.8219999999999998,0.055865921787709494,1822.5,4.21,0.0
8674,2,460,1.4589999999999734,0.05652173913043478,1822.8,4.21,0.0
8675,5,846,4.845000000000032,0.05555555555555555,1823.2,4.21,0.0
8676,5,856,4.855000000000035,0.056074766355140186,1823.7,4.21,0.0
8677,3,582,2.58099999999996,0.05670103092783505,1824.0,4.21,0.0
8678,0,179,-0.8219999999999998,0.055865921787709494,1824.1,4.21,0.0
8679,1,313,0.3119999999999896,0.05750798722044728,1824.3,4.21,0.0
8680,1,336,0.3349999999999871,0.05654761904761905,1824.4,4.21,0.0
8681,2,446,1.444999999999975,0.053811659192825115,1824.7,4.21,0.0
8682,3,579,2.5779999999999603,0.055267702936096716,1825.0,4.21,0.0
8683,6,979,5.978000000000075,0.056179775280898875,1825.5,4.21,0.0
8684,4,713,3.711999999999988,0.056100981767180924,1825.9,4.21,0.0
8685,1,313,0.3119999999999896,0.054313099041533544,1826.1,4.21,0.0
8686,0,179,-0.8219999999999998,0.055865921787709494,1826.2,4.21,0.0
8687,0,179,-0.8219999999999998,0.055865921787709494,1826.3,4.21,0.0
8688,1,336,0.3349999999999871,0.05654761904761905,1826.5,4.21,0.0
8689,1,335,0.3339999999999872,0.056716417910447764,1826.6,4.21,0.0
8690,3,610,2.608999999999957,0.05573770491803279,1827.0,4.21,0.0
8691,3,585,2.5839999999999597,0.05641025641025641,1827.3,4.21,0.0
8692,1,313,0.3119999999999896,0.054313099041533544,1827.4,4.21,0.0
8693,9,1379,9.377999999999888,0.05583756345177665,1828.2,4.21,0.0
8694,1,316,0.3149999999999893,0.056962025316455694,1828.4,4.21,0.0
8695,1,313,0.3119999999999896,0.054313099041533544,1828.5,4.21,0.0
8696,0,179,-0.8219999999999998,0.055865921787709494,1828.6,4.21,0.0
8697,6,988,5.987000000000078,0.05566801619433198,1829.2,4.21,0.0
8698,3,586,2.5849999999999596,0.05631399317406143,1829.5,4.21,0.0
8699,3,581,2.57999999999996,0.05679862306368331,1829.8,4.21,0.0
8700,1,313,0.3119999999999896,0.054313099041533544,1830.0,4.21,0.0
8701,5,846,4.845000000000032,0.05555555555555555,1830.4,4.21,0.0
8702,0,192,-0.8089999999999998,0.057291666666666664,1830.5,4.21,0.0
8703,0,179,-0.8219999999999998,0.055865921787709494,1830.6,4.21,0.0
8704,3,579,2.5779999999999603,0.05699481865284974,1830.9,4.21,0.0
8705,1,313,0.3119999999999896,0.054313099041533544,1831.1,4.21,0.0
8706,2,446,1.444999999999975,0.05605381165919283,1831.3,4.21,0.0
8707,2,453,1.4519999999999742,0.05739514348785872,1831.6,4.21,0.0
8708,0,179,-0.8219999999999998,0.055865921787709494,1831.7,4.21,0.0
8709,1,316,0.3149999999999893,0.056962025316455694,1831.8,4.21,0.0
8710,6,979,5.978000000000075,0.05515832482124617,1832.3,4.21,0.0
8711,1,336,0.3349999999999871,0.05654761904761905,1832.5,4.21,0.0
8712,3,581,2.57999999999996,0.05679862306368331,1832.9,4.21,0.0
8713,3,579,2.5779999999999603,0.055267702936096716,1833.2,4.21,0.0
8714,7,1113,7.112000000000036,0.055705300988319856,1833.8,4.21,0.0
8715,4,713,3.711999999999988,0.056100981767180924,1834.1,4.21,0.0
8716,0,185,-0.8159999999999998,0.05945945945945946,1834.2,4.21,0.0
8717,0,191,-0.8099999999999998,0.05759162303664921,1834.3,4.21,0.0
8718,2,446,1.444999999999975,0.053811659192825115,1834.6,4.21,0.0
8719,1,321,0.31999999999998874,0.056074766355140186,1834.8,4.21,0.0
8720,2,461,1.4599999999999733,0.05639913232104121,1835.0,4.21,0.0
8721,3,579,2.5779999999999603,0.055267702936096716,1835.3,4.21,0.0
8722,0,184,-0.8169999999999998,0.059782608695652176,1835.4,4.21,0.0
8723,6,979,5.978000000000075,0.05515832482124617,1836.0,4.21,0.0
8724,3,583,2.58199999999996,0.05660377358490566,1836.3,4.21,0.0
8725,0,186,-0.8149999999999998,0.05913978494623656,1836.4,4.21,0.0
8726,2,446,1.444999999999975,0.05605381165919283,1836.6,4.21,0.0
8727,0,179,-0.8219999999999998,0.055865921787709494,1836.7,4.21,0.0
8728,2,446,1.444999999999975,0.05605381165919283,1837.0,4.21,0.0
8729,0,179,-0.8219999999999998,0.055865921787709494,1837.1,4.21,0.0
8730,1,313,0.3119999999999896,0.054313099041533544,1837.2,4.21,0.0
8731,0,210,-0.7909999999999998,0.05714285714285714,1837.3,4.21,0.0
8732,1,313,0.3119999999999896,0.054313099041533544,1837.5,4.21,0.0
8733,1,337,0.335999999999987,0.05637982195845697,1837.7,4.21,0.0
8734,0,187,-0.8139999999999998,0.058823529411764705,1837.8,4.21,0.0
8735,0,186,-0.8149999999999998,0.05913978494623656,1837.9,4.21,0.0
8736,0,179,-0.8219999999999998,0.055865921787709494,1838.0,4.21,0.0
8737,4,713,3.711999999999988,0.0546984572230014,1838.4,4.21,0.0
8738,2,456,1.4549999999999739,0.05701754385964912,1838.6,4.21,0.0
8739,2,462,1.4609999999999732,0.05627705627705628,1838.9,4.21,0.0
8740,2,446,1.444999999999975,0.05605381165919283,1839.1,4.21,0.0
8741,0,179,-0.8219999999999998,0.055865921787709494,1839.2,4.21,0.0
8742,3,579,2.5779999999999603,0.055267702936096716,1839.5,4.21,0.0
8743,3,588,2.5869999999999593,0.05612244897959184,1839.8,4.21,0.0
8744,1,313,0.3119999999999896,0.054313099041533544,1840.0,4.21,0.0
8745,2,446,1.444999999999975,0.05605381165919283,1840.2,4.21,0.0
8746,2,446,1.444999999999975,0.053811659192825115,1840.5,4.21,0.0
8747,1,337,0.335999999999987,0.05637982195845697,1840.7,4.21,0.0
8748,3,579,2.5779999999999603,0.055267702936096716,1841.0,4.21,0.0
8749,5,846,4.845000000000032,0.05555555555555555,1841.4,4.21,0.0
8750,8,1246,8.244999999999962,0.05537720706260032,1842.1,4.21,0.0
8751,3,579,2.5779999999999603,0.055267702936096716,1842.4,4.21,0.0
8752,0,179,-0.8219999999999998,0.055865921787709494,1842.5,4.21,0.0
8753,1,313,0.3119999999999896,0.054313099041533544,1842.7,4.21,0.0
8754,0,189,-0.8119999999999998,0.0582010582010582,1842.8,4.21,0.0
8755,2,448,1.4469999999999748,0.05580357142857143,1843.0,4.21,0.0
8756,5,846,4.845000000000032,0.05555555555555555,1843.5,4.21,0.0
8757,5,846,4.845000000000032,0.05555555555555555,1843.9,4.21,0.0
8758,0,184,-0.8169999999999998,0.059782608695652176,1844.0,4.21,0.0
8759,1,317,0.3159999999999892,0.056782334384858045,1844.2,4.21,0.0
8760,2,446,1.444999999999975,0.05605381165919283,1844.4,4.21,0.0
8761,4,730,3.728999999999994,0.056164383561643834,1844.8,4.21,0.0
8762,2,446,1.444999999999975,0.05605381165919283,1845.1,4.21,0.0
8763,4,713,3.711999999999988,0.0546984572230014,1845.4,4.21,0.0
8764,1,313,0.3119999999999896,0.054313099041533544,1845.6,4.21,0.0
8765,0,191,-0.8099999999999998,0.05759162303664921,1845.7,4.21,0.0
8766,4,713,3.711999999999988,0.056100981767180924,1846.1,4.21,0.0
8767,0,193,-0.8079999999999998,0.05699481865284974,1846.2,4.21,0.0
8768,0,179,-0.8219999999999998,0.055865921787709494,1846.3,4.21,0.0
8769,0,179,-0.8219999999999998,0.055865921787709494,1846.4,4.21,0.0
8770,1,337,0.335999999999987,0.05637982195845697,1846.6,4.21,0.0
8771,2,446,1.444999999999975,0.05605381165919283,1846.8,4.21,0.0
8772,2,446,1.444999999999975,0.05605381165919283,1847.1,4.21,0.0
8773,2,461,1.4599999999999733,0.05639913232104121,1847.3,4.21,0.0
8774,7,1113,7.112000000000036,0.055705300988319856,1847.9,4.21,0.0
8775,2,456,1.4549999999999739,0.05701754385964912,1848.2,4.21,0.0
8776,0,179,-0.8219999999999998,0.055865921787709494,1848.3,4.21,0.0
8777,1,315,0.3139999999999894,0.05714285714285714,1848.4,4.21,0.0
8778,6,979,5.978000000000075,0.056179775280898875,1849.0,4.21,0.0
8779,0,186,-0.8149999999999998,0.05913978494623656,1849.1,4.21,0.0
8780,3,579,2.5779999999999603,0.05699481865284974,1849.4,4.21,0.0
8781,2,446,1.444999999999975,0.053811659192825115,1849.6,4.21,0.0
8782,1,313,0.3119999999999896,0.05750798722044728,1849.8,4.21,0.0
8783,4,716,3.714999999999989,0.055865921787709494,1850.2,4.21,0.0
8784,0,196,-0.8049999999999998,0.05612244897959184,1850.3,4.21,0.0
8785,3,579,2.5779999999999603,0.055267702936096716,1850.6,4.21,0.0
8786,0,184,-0.8169999999999998,0.059782608695652176,1850.7,4.21,0.0
8787,0,179,-0.8219999999999998,0.055865921787709494,1850.8,4.21,0.0
8788,4,728,3.726999999999993,0.05631868131868132,1851.2,4.21,0.0
8789,4,713,3.711999999999988,0.056100981767180924,1851.6,4.21,0.0
8790,0,189,-0.8119999999999998,0.0582010582010582,1851.7,4.21,0.0
8791,2,464,1.462999999999973,0.05603448275862069,1851.9,4.21,0.0
8792,3,609,2.607999999999957,0.05582922824302135,1852.3,4.21,0.0
8793,1,313,0.3119999999999896,0.054313099041533544,1852.5,4.21,0.0
8794,4,736,3.734999999999996,0.05570652173913043,1852.8,4.21,0.0
8795,0,190,-0.8109999999999998,0.05789473684210526,1852.9,4.21,0.0
8796,0,191,-0.8099999999999998,0.05759162303664921,1853.1,4.21,0.0
8797,2,447,1.4459999999999749,0.05592841163310962,1853.3,4.21,0.0
8798,2,446,1.444999999999975,0.05605381165919283,1853.6,4.21,0.0
8799,2,446,1.444999999999975,0.053811659192825115,1853.8,4.21,0.0
8800,1,313,0.3119999999999896,0.054313099041533544,1853.9,4.21,0.0
8801,2,446,1.444999999999975,0.05605381165919283,1854.2,4.21,0.0
8802,0,179,-0.8219999999999998,0.055865921787709494,1854.3,4.21,0.0
8803,2,461,1.4599999999999733,0.05639913232104121,1854.6,4.21,0.0
8804,1,335,0.3339999999999872,0.056716417910447764,1854.7,4.21,0.0
8805,0,179,-0.8219999999999998,0.055865921787709494,1854.8,4.21,0.0
8806,10,1513,10.511999999999814,0.05551883674818242,1855.7,4.21,0.0
8807,0,189,-0.8119999999999998,0.0582010582010582,1855.8,4.21,0.0
8808,1,313,0.3119999999999896,0.054313099041533544,1855.9,4.21,0.0
8809,0,194,-0.8069999999999998,0.05670103092783505,1856.0,4.21,0.0
8810,4,620,3.618999999999957,0.056451612903225805,1856.4,4.21,0.0
8811,1,339,0.33799999999998676,0.05604719764011799,1856.5,4.21,0.0
8812,2,446,1.444999999999975,0.05605381165919283,1856.8,4.21,0.0
8813,2,446,1.444999999999975,0.05605381165919283,1857.0,4.21,0.0
8814,0,185,-0.8159999999999998,0.05945945945945946,1857.1,4.21,0.0
8815,1,221,0.21999999999999975,0.058823529411764705,1857.2,4.21,0.0
8816,2,466,1.4649999999999728,0.055793991416309016,1857.5,4.21,0.0
8817,1,313,0.3119999999999896,0.054313099041533544,1857.7,4.21,0.0
8818,2,446,1.444999999999975,0.053811659192825115,1857.9,4.21,0.0
8819,3,592,2.590999999999959,0.05574324324324324,1858.2,4.21,0.0
8820,1,313,0.3119999999999896,0.054313099041533544,1858.4,4.21,0.0
8821,1,338,0.33699999999998687,0.05621301775147929,1858.6,4.21,0.0
8822,2,463,1.461999999999973,0.056155507559395246,1858.8,4.21,0.0
8823,3,609,2.607999999999957,0.05582922824302135,1859.1,4.21,0.0
8824,4,713,3.711999999999988,0.056100981767180924,1859.5,4.21,0.0
8825,0,190,-0.8109999999999998,0.05789473684210526,1859.6,4.21,0.0
8826,0,179,-0.8219999999999998,0.055865921787709494,1859.7,4.21,0.0
8827,5,846,4.845000000000032,0.05555555555555555,1860.2,4.21,0.0
8828,2,446,1.444999999999975,0.05605381165919283,1860.4,4.21,0.0
8829,3,579,2.5779999999999603,0.055267702936096716,1860.7,4.21,0.0
8830,5,846,4.845000000000032,0.05555555555555555,1861.2,4.21,0.0
8831,5,846,4.845000000000032,0.05555555555555555,1861.6,4.21,0.0
8832,6,979,5.978000000000075,0.05515832482124617,1862.2,4.21,0.0
8833,3,581,2.57999999999996,0.05679862306368331,1862.5,4.21,0.0
8834,3,579,2.5779999999999603,0.055267702936096716,1862.8,4.21,0.0
8835,2,458,1.4569999999999736,0.056768558951965066,1863.0,4.21,0.0
8836,1,323,0.3219999999999885,0.05572755417956656,1863.2,4.21,0.0
8837,5,846,4.845000000000032,0.05555555555555555,1863.7,4.21,0.0
8838,0,191,-0.8099999999999998,0.05759162303664921,1863.8,4.21,0.0
8839,3,579,2.5779999999999603,0.05699481865284974,1864.1,4.21,0.0
8840,2,446,1.444999999999975,0.05605381165919283,1864.3,4.21,0.0
8841,1,313,0.3119999999999896,0.054313099041533544,1864.5,4.21,0.0
8842,3,579,2.5779999999999603,0.055267702936096716,1864.8,4.21,0.0
8843,0,179,-0.8219999999999998,0.055865921787709494,1864.9,4.21,0.0
8844,3,579,2.5779999999999603,0.055267702936096716,1865.2,4.21,0.0
8845,0,179,-0.8219999999999998,0.055865921787709494,1865.3,4.21,0.0
8846,1,320,0.31899999999998885,0.05625,1865.5,4.21,0.0
8847,0,179,-0.8219999999999998,0.055865921787709494,1865.6,4.21,0.0
8848,0,192,-0.8089999999999998,0.057291666666666664,1865.7,4.21,0.0
8849,5,846,4.845000000000032,0.05555555555555555,1866.1,4.21,0.0
8850,0,179,-0.8219999999999998,0.055865921787709494,1866.2,4.21,0.0
8851,0,179,-0.8219999999999998,0.055865921787709494,1866.3,4.21,0.0
8852,2,459,1.4579999999999735,0.05664488017429194,1866.6,4.21,0.0
8853,3,579,2.5779999999999603,0.055267702936096716,1866.9,4.21,0.0
8854,0,179,-0.8219999999999998,0.055865921787709494,1867.0,4.21,0.0
8855,5,846,4.845000000000032,0.05555555555555555,1867.4,4.21,0.0
8856,4,713,3.711999999999988,0.056100981767180924,1867.8,4.21,0.0
8857,2,446,1.444999999999975,0.053811659192825115,1868.0,4.21,0.0
8858,0,179,-0.8219999999999998,0.055865921787709494,1868.1,4.21,0.0
8859,2,455,1.453999999999974,0.05714285714285714,1868.4,4.21,0.0
8860,3,579,2.5779999999999603,0.055267702936096716,1868.7,4.21,0.0
8861,3,589,2.587999999999959,0.05602716468590832,1869.0,4.21,0.0
8862,2,466,1.4649999999999728,0.055793991416309016,1869.3,4.21,0.0
8863,3,579,2.5779999999999603,0.055267702936096716,1869.6,4.21,0.0
8864,0,179,-0.8219999999999998,0.055865921787709494,1869.7,4.21,0.0
8865,6,979,5.978000000000075,0.05515832482124617,1870.2,4.21,0.0
8866,1,313,0.3119999999999896,0.054313099041533544,1870.4,4.21,0.0
8867,1,313,0.3119999999999896,0.05750798722044728,1870.6,4.21,0.0
8868,2,446,1.444999999999975,0.05605381165919283,1870.8,4.21,0.0
8869,0,179,-0.8219999999999998,0.055865921787709494,1870.9,4.21,0.0
8870,4,714,3.7129999999999885,0.056022408963585436,1871.3,4.21,0.0
8871,1,313,0.3119999999999896,0.054313099041533544,1871.4,4.21,0.0
8872,2,447,1.4459999999999749,0.05592841163310962,1871.7,4.21,0.0
8873,3,579,2.5779999999999603,0.055267702936096716,1872.0,4.21,0.0
8874,0,179,-0.8219999999999998,0.055865921787709494,1872.1,4.21,0.0
8875,2,453,1.4519999999999742,0.05739514348785872,1872.3,4.21,0.0
8876,2,446,1.444999999999975,0.05605381165919283,1872.6,4.21,0.0
8877,2,446,1.444999999999975,0.05605381165919283,1872.8,4.21,0.0
8878,3,579,2.5779999999999603,0.055267702936096716,1873.1,4.21,0.0
8879,2,477,1.4759999999999716,0.05660377358490566,1873.4,4.21,0.0
8880,2,476,1.4749999999999717,0.05672268907563025,1873.6,4.21,0.0
8881,2,446,1.444999999999975,0.05605381165919283,1873.9,4.21,0.0
8882,0,179,-0.8219999999999998,0.055865921787709494,1874.0,4.21,0.0
8883,3,579,2.5779999999999603,0.055267702936096716,1874.3,4.21,0.0
8884,3,579,2.5779999999999603,0.055267702936096716,1874.6,4.21,0.0
8885,4,713,3.711999999999988,0.056100981767180924,1875.0,4.21,0.0
8886,2,446,1.444999999999975,0.05605381165919283,1875.2,4.21,0.0
8887,1,313,0.3119999999999896,0.054313099041533544,1875.4,4.21,0.0
8888,0,191,-0.8099999999999998,0.05759162303664921,1875.5,4.21,0.0
8889,0,179,-0.8219999999999998,0.055865921787709494,1875.6,4.21,0.0
8890,1,321,0.31999999999998874,0.056074766355140186,1875.8,4.21,0.0
8891,1,339,0.33799999999998676,0.05604719764011799,1876.0,4.21,0.0
8892,2,446,1.444999999999975,0.05605381165919283,1876.2,4.21,0.0
8893,1,313,0.3119999999999896,0.05750798722044728,1876.4,4.21,0.0
8894,0,188,-0.8129999999999998,0.05851063829787234,1876.5,4.21,0.0
8895,0,191,-0.8099999999999998,0.05759162303664921,1876.6,4.21,0.0
8896,2,446,1.444999999999975,0.05605381165919283,1876.8,4.21,0.0
8897,0,179,-0.8219999999999998,0.055865921787709494,1876.9,4.21,0.0
8898,0,186,-0.8149999999999998,0.05913978494623656,1877.0,4.21,0.0
8899,3,581,2.57999999999996,0.05679862306368331,1877.3,4.21,0.0
8900,0,179,-0.8219999999999998,0.055865921787709494,1877.4,4.21,0.0
8901,0,184,-0.8169999999999998,0.059782608695652176,1877.5,4.21,0.0
8902,5,851,4.850000000000033,0.0564042303172738,1877.9,4.21,0.0
8903,0,179,-0.8219999999999998,0.055865921787709494,1878.1,4.21,0.0
8904,2,446,1.444999999999975,0.05605381165919283,1878.3,4.21,0.0
8905,1,313,0.3119999999999896,0.05750798722044728,1878.5,4.21,0.0
8906,2,446,1.444999999999975,0.05605381165919283,1878.7,4.21,0.0
8907,1,313,0.3119999999999896,0.054313099041533544,1878.9,4.21,0.0
8908,2,446,1.444999999999975,0.05605381165919283,1879.1,4.21,0.0
8909,2,446,1.444999999999975,0.05605381165919283,1879.4,4.21,0.0
8910,3,579,2.5779999999999603,0.055267702936096716,1879.7,4.21,0.0
8911,0,187,-0.8139999999999998,0.058823529411764705,1879.8,4.21,0.0
8912,4,713,3.711999999999988,0.0546984572230014,1880.1,4.21,0.0
8913,2,460,1.4589999999999734,0.05652173913043478,1880.4,4.21,0.0
8914,1,313,0.3119999999999896,0.054313099041533544,1880.6,4.21,0.0
8915,3,585,2.5839999999999597,0.05641025641025641,1880.9,4.21,0.0
8916,0,179,-0.8219999999999998,0.055865921787709494,1881.0,4.21,0.0
8917,0,179,-0.8219999999999998,0.055865921787709494,1881.1,4.21,0.0
8918,1,316,0.3149999999999893,0.056962025316455694,1881.2,4.21,0.0
8919,4,715,3.713999999999989,0.055944055944055944,1881.6,4.21,0.0
8920,0,179,-0.8219999999999998,0.055865921787709494,1881.7,4.21,0.0
8921,2,446,1.444999999999975,0.05605381165919283,1882.0,4.21,0.0
8922,2,456,1.4549999999999739,0.05701754385964912,1882.2,4.21,0.0
8923,1,313,0.3119999999999896,0.054313099041533544,1882.4,4.21,0.0
8924,1,322,0.32099999999998863,0.055900621118012424,1882.5,4.21,0.0
8925,3,586,2.5849999999999596,0.05631399317406143,1882.9,4.21,0.0
8926,0,179,-0.8219999999999998,0.055865921787709494,1883.0,4.21,0.0
8927,1,313,0.3119999999999896,0.054313099041533544,1883.1,4.21,0.0
8928,1,313,0.3119999999999896,0.054313099041533544,1883.3,4.21,0.0
8929,2,446,1.444999999999975,0.05605381165919283,1883.6,4.21,0.0
8930,2,446,1.444999999999975,0.05605381165919283,1883.8,4.21,0.0
8931,0,184,-0.8169999999999998,0.059782608695652176,1883.9,4.21,0.0
8932,2,446,1.444999999999975,0.05605381165919283,1884.1,4.21,0.0
8933,2,458,1.4569999999999736,0.056768558951965066,1884.4,4.21,0.0
8934,0,179,-0.8219999999999998,0.055865921787709494,1884.5,4.21,0.0
8935,0,179,-0.8219999999999998,0.055865921787709494,1884.6,4.21,0.0
8936,2,446,1.444999999999975,0.05605381165919283,1884.8,4.21,0.0
8937,0,187,-0.8139999999999998,0.058823529411764705,1884.9,4.21,0.0
8938,2,446,1.444999999999975,0.05605381165919283,1885.1,4.21,0.0
8939,2,456,1.4549999999999739,0.05701754385964912,1885.4,4.21,0.0
8940,6,979,5.978000000000075,0.05515832482124617,1885.9,4.21,0.0
8941,1,337,0.335999999999987,0.05637982195845697,1886.1,4.21,0.0
8942,0,189,-0.8119999999999998,0.0582010582010582,1886.2,4.21,0.0
8943,4,713,3.711999999999988,0.056100981767180924,1886.6,4.21,0.0
8944,5,846,4.845000000000032,0.05555555555555555,1887.1,4.21,0.0
8945,5,846,4.845000000000032,0.05555555555555555,1887.5,4.21,0.0
8946,2,446,1.444999999999975,0.05605381165919283,1887.8,4.21,0.0
8947,1,313,0.3119999999999896,0.054313099041533544,1887.9,4.21,0.0
8948,0,179,-0.8219999999999998,0.055865921787709494,1888.0,4.21,0.0
8949,0,179,-0.8219999999999998,0.055865921787709494,1888.1,4.21,0.0
8950,0,192,-0.8089999999999998,0.057291666666666664,1888.2,4.21,0.0
8951,6,979,5.978000000000075,0.056179775280898875,1888.8,4.21,0.0
8952,2,463,1.461999999999973,0.056155507559395246,1889.0,4.21,0.0
8953,1,313,0.3119999999999896,0.05750798722044728,1889.2,4.21,0.0
8954,0,179,-0.8219999999999998,0.055865921787709494,1889.3,4.21,0.0
8955,4,713,3.711999999999988,0.0546984572230014,1889.7,4.21,0.0
8956,2,481,1.4799999999999711,0.056133056133056136,1889.9,4.21,0.0
8957,3,583,2.58199999999996,0.05660377358490566,1890.2,4.21,0.0
8958,1,317,0.3159999999999892,0.056782334384858045,1890.4,4.21,0.0
8959,2,446,1.444999999999975,0.05605381165919283,1890.6,4.21,0.0
8960,1,313,0.3119999999999896,0.054313099041533544,1890.8,4.21,0.0
8961,3,579,2.5779999999999603,0.055267702936096716,1891.1,4.21,0.0
8962,1,320,0.31899999999998885,0.05625,1891.3,4.21,0.0
8963,0,179,-0.8219999999999998,0.055865921787709494,1891.4,4.21,0.0
8964,1,313,0.3119999999999896,0.054313099041533544,1891.6,4.21,0.0
8965,2,446,1.444999999999975,0.05605381165919283,1891.8,4.21,0.0
8966,0,182,-0.8189999999999998,0.06043956043956044,1891.9,4.21,0.0
8967,1,313,0.3119999999999896,0.05750798722044728,1892.1,4.21,0.0
8968,0,193,-0.8079999999999998,0.05699481865284974,1892.2,4.21,0.0
8969,1,313,0.3119999999999896,0.05750798722044728,1892.3,4.21,0.0
8970,2,461,1.4599999999999733,0.05639913232104121,1892.6,4.21,0.0
8971,2,459,1.4579999999999735,0.05664488017429194,1892.8,4.21,0.0
8972,3,609,2.607999999999957,0.05582922824302135,1893.2,4.21,0.0
8973,1,313,0.3119999999999896,0.054313099041533544,1893.3,4.21,0.0
8974,1,313,0.3119999999999896,0.05750798722044728,1893.5,4.21,0.0
8975,2,457,1.4559999999999738,0.05689277899343545,1893.8,4.21,0.0
8976,1,313,0.3119999999999896,0.05750798722044728,1893.9,4.21,0.0
8977,1,313,0.3119999999999896,0.054313099041533544,1894.1,4.21,0.0
8978,3,579,2.5779999999999603,0.055267702936096716,1894.4,4.21,0.0
8979,3,579,2.5779999999999603,0.055267702936096716,1894.7,4.21,0.0
8980,4,731,3.729999999999994,0.0560875512995896,1895.1,4.21,0.0
8981,2,446,1.444999999999975,0.05605381165919283,1895.4,4.21,0.0
8982,1,313,0.3119999999999896,0.054313099041533544,1895.5,4.21,0.0
8983,3,579,2.5779999999999603,0.055267702936096716,1895.8,4.21,0.0
8984,1,337,0.335999999999987,0.05637982195845697,1896.0,4.21,0.0
8985,0,182,-0.8189999999999998,0.06043956043956044,1896.1,4.21,0.0
8986,6,979,5.978000000000075,0.05515832482124617,1896.6,4.21,0.0
8987,5,846,4.845000000000032,0.05555555555555555,1897.1,4.21,0.0
8988,7,1113,7.112000000000036,0.055705300988319856,1897.7,4.21,0.0
8989,1,313,0.3119999999999896,0.05750798722044728,1897.8,4.21,0.0
8990,1,315,0.3139999999999894,0.05714285714285714,1898.0,4.21,0.0
8991,3,584,2.5829999999999598,0.05650684931506849,1898.3,4.21,0.0
8992,0,187,-0.8139999999999998,0.058823529411764705,1898.4,4.21,0.0
8993,1,313,0.3119999999999896,0.054313099041533544,1898.6,4.21,0.0
8994,2,456,1.4549999999999739,0.05701754385964912,1898.9,4.21,0.0
8995,3,584,2.5829999999999598,0.05650684931506849,1899.2,4.21,0.0
8996,0,179,-0.8219999999999998,0.055865921787709494,1899.3,4.21,0.0
8997,2,452,1.4509999999999743,0.05752212389380531,1899.5,4.21,0.0
8998,0,179,-0.8219999999999998,0.055865921787709494,1899.6,4.21,0.0
8999,6,1007,6.006000000000085,0.05561072492552135,1900.2,4.21,0.0
9000,0,179,-0.8219999999999998,0.055865921787709494,1900.3,4.21,0.0
9001,4,727,3.725999999999993,0.05639614855570839,1903.8,4.20,0.0
9002,6,979,5.978000000000075,0.05515832482124617,1904.4,4.20,0.0
9003,3,588,2.5869999999999593,0.05612244897959184,1904.7,4.20,0.0
9004,4,713,3.711999999999988,0.056100981767180924,1905.1,4.20,0.0
9005,8,1246,8.244999999999962,0.05537720706260032,1905.7,4.20,0.0
9006,1,313,0.3119999999999896,0.05750798722044728,1905.9,4.20,0.0
9007,0,179,-0.8219999999999998,0.055865921787709494,1906.0,4.20,0.0
9008,2,458,1.4569999999999736,0.056768558951965066,1906.3,4.20,0.0
9009,1,313,0.3119999999999896,0.054313099041533544,1906.4,4.20,0.0
9010,1,338,0.33699999999998687,0.05621301775147929,1906.6,4.20,0.0
9011,13,1939,13.937999999999578,0.0556988138215575,1907.7,4.20,0.0
9012,1,313,0.3119999999999896,0.05750798722044728,1907.8,4.20,0.0
9013,1,313,0.3119999999999896,0.054313099041533544,1908.0,4.20,0.0
9014,3,579,2.5779999999999603,0.055267702936096716,1908.3,4.20,0.0
9015,0,187,-0.8139999999999998,0.058823529411764705,1908.4,4.20,0.0
9016,2,446,1.444999999999975,0.05605381165919283,1908.6,4.20,0.0
9017,2,446,1.444999999999975,0.05605381165919283,1908.9,4.20,0.0
9018,0,179,-0.8219999999999998,0.055865921787709494,1909.0,4.20,0.0
9019,0,179,-0.8219999999999998,0.055865921787709494,1909.1,4.20,0.0
9020,1,313,0.3119999999999896,0.05750798722044728,1909.2,4.20,0.0
9021,1,313,0.3119999999999896,0.05750798722044728,1909.4,4.20,0.0
9022,0,183,-0.8179999999999998,0.060109289617486336,1909.5,4.20,0.0
9023,0,189,-0.8119999999999998,0.0582010582010582,1909.6,4.20,0.0
9024,1,313,0.3119999999999896,0.054313099041533544,1909.8,4.20,0.0
9025,0,179,-0.8219999999999998,0.055865921787709494,1909.9,4.20,0.0
9026,0,182,-0.8189999999999998,0.06043956043956044,1910.0,4.20,0.0
9027,6,979,5.978000000000075,0.05515832482124617,1910.5,4.20,0.0
9028,2,458,1.4569999999999736,0.056768558951965066,1910.8,4.20,0.0
9029,0,179,-0.8219999999999998,0.055865921787709494,1910.9,4.20,0.0
9030,3,580,2.57899999999996,0.056896551724137934,1911.2,4.20,0.0
9031,6,1005,6.004000000000084,0.05572139303482587,1911.8,4.20,0.0
9032,1,313,0.3119999999999896,0.054313099041533544,1911.9,4.20,0.0
9033,3,579,2.5779999999999603,0.055267702936096716,1912.2,4.20,0.0
9034,0,186,-0.8149999999999998,0.05913978494623656,1912.3,4.20,0.0
9035,1,313,0.3119999999999896,0.05750798722044728,1912.5,4.20,0.0
9036,3,579,2.5779999999999603,0.05699481865284974,1912.8,4.20,0.0
9037,4,713,3.711999999999988,0.0546984572230014,1913.2,4.20,0.0
9038,12,1779,12.777999999999667,0.05564924114671164,1914.2,4.20,0.0
9039,1,313,0.3119999999999896,0.05750798722044728,1914.3,4.20,0.0
9040,0,197,-0.8039999999999998,0.05583756345177665,1914.4,4.20,0.0
9041,3,579,2.5779999999999603,0.055267702936096716,1914.7,4.20,0.0
9042,1,313,0.3119999999999896,0.05750798722044728,1914.9,4.20,0.0
9043,4,713,3.711999999999988,0.0546984572230014,1915.3,4.20,0.0
9044,6,988,5.987000000000078,0.05566801619433198,1915.8,4.20,0.0
9045,1,313,0.3119999999999896,0.05750798722044728,1916.0,4.20,0.0
9046,0,179,-0.8219999999999998,0.055865921787709494,1916.1,4.20,0.0
9047,4,713,3.711999999999988,0.056100981767180924,1916.5,4.20,0.0
9048,3,587,2.5859999999999594,0.056218057921635436,1916.8,4.20,0.0
9049,2,460,1.4589999999999734,0.05652173913043478,1917.0,4.20,0.0
9050,8,1246,8.244999999999962,0.05537720706260032,1917.7,4.20,0.0
9051,0,179,-0.8219999999999998,0.055865921787709494,1917.8,4.20,0.0
9052,3,579,2.5779999999999603,0.055267702936096716,1918.1,4.20,0.0
9053,0,183,-0.8179999999999998,0.060109289617486336,1918.2,4.20,0.0
9054,4,713,3.711999999999988,0.0546984572230014,1918.6,4.20,0.0
9055,3,579,2.5779999999999603,0.055267702936096716,1918.9,4.20,0.0
9056,2,459,1.4579999999999735,0.05664488017429194,1919.2,4.20,0.0
9057,3,579,2.5779999999999603,0.05699481865284974,1919.5,4.20,0.0
9058,0,179,-0.8219999999999998,0.055865921787709494,1919.6,4.20,0.0
9059,0,182,-0.8189999999999998,0.06043956043956044,1919.7,4.20,0.0
9060,3,579,2.5779999999999603,0.055267702936096716,1920.0,4.20,0.0
9061,2,446,1.444999999999975,0.05605381165919283,1920.2,4.20,0.0
9062,5,846,4.845000000000032,0.05555555555555555,1920.7,4.20,0.0
9063,1,313,0.3119999999999896,0.054313099041533544,1920.8,4.20,0.0
9064,3,589,2.587999999999959,0.05602716468590832,1921.2,4.20,0.0
9065,0,184,-0.8169999999999998,0.059782608695652176,1921.3,4.20,0.0
9066,1,313,0.3119999999999896,0.054313099041533544,1921.4,4.20,0.0
9067,1,313,0.3119999999999896,0.054313099041533544,1921.6,4.20,0.0
9068,0,179,-0.8219999999999998,0.055865921787709494,1921.7,4.20,0.0
9069,2,446,1.444999999999975,0.05605381165919283,1921.9,4.20,0.0
9070,3,579,2.5779999999999603,0.055267702936096716,1922.3,4.20,0.0
9071,1,313,0.3119999999999896,0.054313099041533544,1922.4,4.20,0.0
9072,2,465,1.4639999999999729,0.05591397849462366,1922.7,4.20,0.0
9073,4,735,3.7339999999999955,0.055782312925170066,1923.1,4.20,0.0
9074,0,183,-0.8179999999999998,0.060109289617486336,1923.2,4.20,0.0
9075,1,313,0.3119999999999896,0.05750798722044728,1923.3,4.20,0.0
9076,2,446,1.444999999999975,0.05605381165919283,1923.6,4.20,0.0
9077,1,320,0.31899999999998885,0.05625,1923.8,4.20,0.0
9078,0,179,-0.8219999999999998,0.055865921787709494,1923.9,4.20,0.0
9079,0,188,-0.8129999999999998,0.05851063829787234,1924.0,4.20,0.0
9080,3,579,2.5779999999999603,0.055267702936096716,1924.3,4.20,0.0
9081,1,313,0.3119999999999896,0.054313099041533544,1924.5,4.20,0.0
9082,1,313,0.3119999999999896,0.05750798722044728,1924.6,4.20,0.0
9083,1,317,0.3159999999999892,0.056782334384858045,1924.8,4.20,0.0
9084,2,465,1.4639999999999729,0.05591397849462366,1925.1,4.20,0.0
9085,0,179,-0.8219999999999998,0.055865921787709494,1925.1,4.20,0.0
9086,0,179,-0.8219999999999998,0.055865921787709494,1925.2,4.20,0.0
9087,5,851,4.850000000000033,0.0564042303172738,1925.7,4.20,0.0
9088,2,446,1.444999999999975,0.053811659192825115,1926.0,4.20,0.0
9089,1,313,0.3119999999999896,0.054313099041533544,1926.1,4.20,0.0
9090,5,846,4.845000000000032,0.05555555555555555,1926.6,4.20,0.0
9091,2,464,1.462999999999973,0.05603448275862069,1926.8,4.20,0.0
9092,1,313,0.3119999999999896,0.05750798722044728,1927.0,4.20,0.0
9093,0,179,-0.8219999999999998,0.055865921787709494,1927.1,4.20,0.0
9094,7,1118,7.117000000000033,0.05635062611806798,1927.7,4.20,0.0
9095,0,179,-0.8219999999999998,0.055865921787709494,1927.8,4.20,0.0
9096,0,183,-0.8179999999999998,0.060109289617486336,1927.9,4.20,0.0
9097,1,313,0.3119999999999896,0.05750798722044728,1928.1,4.20,0.0
9098,2,462,1.4609999999999732,0.05627705627705628,1928.3,4.20,0.0
9099,6,1002,6.001000000000083,0.05588822355289421,1928.8,4.20,0.0
9100,0,186,-0.8149999999999998,0.05913978494623656,1928.9,4.20,0.0
9101,2,481,1.4799999999999711,0.056133056133056136,1929.2,4.20,0.0
9102,7,1113,7.112000000000036,0.055705300988319856,1929.8,4.20,0.0
9103,3,610,2.608999999999957,0.05573770491803279,1930.1,4.20,0.0
9104,5,846,4.845000000000032,0.05555555555555555,1930.6,4.20,0.0
9105,0,179,-0.8219999999999998,0.055865921787709494,1930.7,4.20,0.0
9106,1,313,0.3119999999999896,0.054313099041533544,1930.8,4.20,0.0
9107,2,482,1.480999999999971,0.056016597510373446,1931.1,4.20,0.0
9108,5,846,4.845000000000032,0.05555555555555555,1931.5,4.20,0.0
9109,2,446,1.444999999999975,0.05605381165919283,1931.8,4.20,0.0
9110,1,321,0.31999999999998874,0.056074766355140186,1932.0,4.20,0.0
9111,4,749,3.748,0.056074766355140186,1932.4,4.20,0.0
9112,2,446,1.444999999999975,0.05605381165919283,1932.6,4.20,0.0
9113,3,579,2.5779999999999603,0.055267702936096716,1932.9,4.20,0.0
9114,0,183,-0.8179999999999998,0.060109289617486336,1933.0,4.20,0.0
9115,0,179,-0.8219999999999998,0.055865921787709494,1933.1,4.20,0.0
9116,0,179,-0.8219999999999998,0.055865921787709494,1933.2,4.20,0.0
9117,5,846,4.845000000000032,0.05555555555555555,1933.7,4.20,0.0
9118,3,579,2.5779999999999603,0.055267702936096716,1934.0,4.20,0.0
9119,1,313,0.3119999999999896,0.05750798722044728,1934.1,4.20,0.0
9120,2,446,1.444999999999975,0.05605381165919283,1934.4,4.20,0.0
9121,0,195,-0.8059999999999998,0.05641025641025641,1934.5,4.20,0.0
9122,8,1276,8.274999999999945,0.055642633228840124,1935.2,4.20,0.0
9123,5,846,4.845000000000032,0.05555555555555555,1935.6,4.20,0.0
9124,1,313,0.3119999999999896,0.054313099041533544,1935.8,4.20,0.0
9125,3,579,2.5779999999999603,0.055267702936096716,1936.1,4.20,0.0
9126,4,713,3.711999999999988,0.056100981767180924,1936.5,4.20,0.0
9127,3,579,2.5779999999999603,0.055267702936096716,1936.8,4.20,0.0
9128,2,463,1.461999999999973,0.056155507559395246,1937.0,4.20,0.0
9129,4,729,3.7279999999999935,0.056241426611796985,1937.4,4.20,0.0
9130,1,313,0.3119999999999896,0.05750798722044728,1937.6,4.20,0.0
9131,0,179,-0.8219999999999998,0.055865921787709494,1937.7,4.20,0.0
9132,1,313,0.3119999999999896,0.05750798722044728,1937.9,4.20,0.0
9133,0,179,-0.8219999999999998,0.055865921787709494,1938.0,4.20,0.0
9134,1,313,0.3119999999999896,0.054313099041533544,1938.1,4.20,0.0
9135,3,579,2.5779999999999603,0.05699481865284974,1938.4,4.20,0.0
9136,0,196,-0.8049999999999998,0.05612244897959184,1938.5,4.20,0.0
9137,9,1379,9.377999999999888,0.05511240029006526,1939.3,4.20,0.0
9138,1,313,0.3119999999999896,0.05750798722044728,1939.4,4.20,0.0
9139,0,179,-0.8219999999999998,0.055865921787709494,1939.5,4.20,0.0
9140,3,579,2.5779999999999603,0.055267702936096716,1939.9,4.20,0.0
9141,0,191,-0.8099999999999998,0.05759162303664921,1940.0,4.20,0.0
9142,6,979,5.978000000000075,0.05515832482124617,1940.5,4.20,0.0
9143,0,179,-0.8219999999999998,0.055865921787709494,1940.6,4.20,0.0
9144,2,447,1.4459999999999749,0.05592841163310962,1940.8,4.20,0.0
9145,2,462,1.4609999999999732,0.05627705627705628,1941.1,4.20,0.0
9146,3,579,2.5779999999999603,0.055267702936096716,1941.4,4.20,0.0
9147,1,314,0.3129999999999895,0.05732484076433121,1941.5,4.20,0.0
9148,4,717,3.7159999999999895,0.05578800557880056,1941.9,4.20,0.0
9149,3,590,2.588999999999959,0.05593220338983051,1942.2,4.20,0.0
9150,7,1113,7.112000000000036,0.055705300988319856,1942.8,4.20,0.0
9151,0,188,-0.8129999999999998,0.05851063829787234,1942.9,4.20,0.0
9152,0,179,-0.8219999999999998,0.055865921787709494,1943.0,4.20,0.0
9153,2,465,1.4639999999999729,0.05591397849462366,1943.3,4.20,0.0
9154,6,980,5.979000000000076,0.05612244897959184,1943.8,4.20,0.0
9155,1,339,0.33799999999998676,0.05604719764011799,1944.0,4.20,0.0
9156,1,335,0.3339999999999872,0.056716417910447764,1944.2,4.20,0.0
9157,1,313,0.3119999999999896,0.054313099041533544,1944.4,4.20,0.0
9158,2,446,1.444999999999975,0.05605381165919283,1944.6,4.20,0.0
9159,0,179,-0.8219999999999998,0.055865921787709494,1944.7,4.20,0.0
9160,1,313,0.3119999999999896,0.05750798722044728,1944.9,4.20,0.0
9161,7,1113,7.112000000000036,0.055705300988319856,1945.5,4.20,0.0
9162,0,186,-0.8149999999999998,0.05913978494623656,1945.6,4.20,0.0
9163,0,187,-0.8139999999999998,0.058823529411764705,1945.7,4.20,0.0
9164,3,579,2.5779999999999603,0.055267702936096716,1946.0,4.20,0.0
9165,2,454,1.452999999999974,0.05726872246696035,1946.2,4.20,0.0
9166,0,179,-0.8219999999999998,0.055865921787709494,1946.3,4.20,0.0
9167,0,179,-0.8219999999999998,0.055865921787709494,1946.4,4.20,0.0
9168,2,446,1.444999999999975,0.053811659192825115,1946.7,4.20,0.0
9169,0,184,-0.8169999999999998,0.059782608695652176,1946.8,4.20,0.0
9170,1,313,0.3119999999999896,0.054313099041533544,1946.9,4.20,0.0
9171,1,340,0.33899999999998665,0.05588235294117647,1947.1,4.20,0.0
9172,2,446,1.444999999999975,0.05605381165919283,1947.4,4.20,0.0
9173,0,179,-0.8219999999999998,0.055865921787709494,1947.5,4.20,0.0
9174,4,717,3.7159999999999895,0.05578800557880056,1947.8,4.20,0.0
9175,0,191,-0.8099999999999998,0.05759162303664921,1947.9,4.20,0.0
9176,0,179,-0.8219999999999998,0.055865921787709494,1948.0,4.20,0.0
9177,2,455,1.453999999999974,0.05714285714285714,1948.3,4.20,0.0
9178,3,579,2.5779999999999603,0.055267702936096716,1948.6,4.20,0.0
9179,1,321,0.31999999999998874,0.056074766355140186,1948.8,4.20,0.0
9180,2,457,1.4559999999999738,0.05689277899343545,1949.0,4.20,0.0
9181,1,313,0.3119999999999896,0.05750798722044728,1949.2,4.20,0.0
9182,4,713,3.711999999999988,0.056100981767180924,1949.6,4.20,0.0
9183,1,315,0.3139999999999894,0.05714285714285714,1949.7,4.20,0.0
9184,1,335,0.3339999999999872,0.056716417910447764,1949.9,4.20,0.0
9185,5,846,4.845000000000032,0.05555555555555555,1950.4,4.20,0.0
9186,3,585,2.5839999999999597,0.05641025641025641,1950.7,4.20,0.0
9187,0,179,-0.8219999999999998,0.055865921787709494,1950.8,4.20,0.0
9188,0,187,-0.8139999999999998,0.058823529411764705,1950.9,4.20,0.0
9189,0,185,-0.8159999999999998,0.05945945945945946,1951.0,4.20,0.0
9190,2,457,1.4559999999999738,0.05689277899343545,1951.2,4.20,0.0
9191,0,179,-0.8219999999999998,0.055865921787709494,1951.3,4.20,0.0
9192,1,322,0.32099999999998863,0.055900621118012424,1951.5,4.20,0.0
9193,0,179,-0.8219999999999998,0.05027932960893855,1951.6,4.20,0.0
9194,0,183,-0.8179999999999998,0.060109289617486336,1951.7,4.20,0.0
9195,0,187,-0.8139999999999998,0.058823529411764705,1951.8,4.20,0.0
9196,2,447,1.4459999999999749,0.05592841163310962,1952.0,4.20,0.0
9197,3,609,2.607999999999957,0.05582922824302135,1952.4,4.20,0.0
9198,3,579,2.5779999999999603,0.055267702936096716,1952.7,4.20,0.0
9199,1,322,0.32099999999998863,0.055900621118012424,1952.8,4.20,0.0
9200,0,179,-0.8219999999999998,0.055865921787709494,1952.9,4.20,0.0
9201,0,179,-0.8219999999999998,0.055865921787709494,1953.0,4.20,0.0
9202,1,322,0.32099999999998863,0.055900621118012424,1953.2,4.20,0.0
9203,3,579,2.5779999999999603,0.055267702936096716,1953.5,4.20,0.0
9204,0,189,-0.8119999999999998,0.0582010582010582,1953.6,4.20,0.0
9205,1,315,0.3139999999999894,0.05714285714285714,1953.8,4.20,0.0
9206,1,321,0.31999999999998874,0.056074766355140186,1954.0,4.20,0.0
9207,2,446,1.444999999999975,0.05605381165919283,1954.2,4.20,0.0
9208,1,313,0.3119999999999896,0.05750798722044728,1954.4,4.20,0.0
9209,3,579,2.5779999999999603,0.055267702936096716,1954.7,4.20,0.0
9210,3,579,2.5779999999999603,0.055267702936096716,1955.0,4.20,0.0
9211,0,179,-0.8219999999999998,0.055865921787709494,1955.1,4.20,0.0
9212,3,579,2.5779999999999603,0.055267702936096716,1955.4,4.20,0.0
9213,1,313,0.3119999999999896,0.05750798722044728,1955.6,4.20,0.0
9214,0,179,-0.8219999999999998,0.055865921787709494,1955.7,4.20,0.0
9215,3,585,2.5839999999999597,0.05641025641025641,1956.0,4.20,0.0
9216,2,465,1.4639999999999729,0.05591397849462366,1956.2,4.20,0.0
9217,0,179,-0.8219999999999998,0.055865921787709494,1956.3,4.20,0.0
9218,0,179,-0.8219999999999998,0.055865921787709494,1956.4,4.20,0.0
9219,0,179,-0.8219999999999998,0.055865921787709494,1956.5,4.20,0.0
9220,3,579,2.5779999999999603,0.05699481865284974,1956.8,4.20,0.0
9221,3,579,2.5779999999999603,0.055267702936096716,1957.2,4.20,0.0
9222,1,319,0.31799999999998896,0.05642633228840126,1957.3,4.20,0.0
9223,1,313,0.3119999999999896,0.05750798722044728,1957.5,4.20,0.0
9224,3,579,2.5779999999999603,0.055267702936096716,1957.8,4.20,0.0
9225,3,591,2.589999999999959,0.05583756345177665,1958.1,4.20,0.0
9226,0,185,-0.8159999999999998,0.05945945945945946,1958.2,4.20,0.0
9227,0,196,-0.8049999999999998,0.05612244897959184,1958.3,4.20,0.0
9228,5,859,4.858000000000036,0.05587892898719441,1958.8,4.20,0.0
9229,3,581,2.57999999999996,0.05679862306368331,1959.1,4.20,0.0
9230,1,313,0.3119999999999896,0.05750798722044728,1959.3,4.20,0.0
9231,0,210,-0.7909999999999998,0.05714285714285714,1959.4,4.20,0.0
9232,3,579,2.5779999999999603,0.055267702936096716,1959.7,4.20,0.0
9233,0,179,-0.8219999999999998,0.055865921787709494,1959.8,4.20,0.0
9234,4,713,3.711999999999988,0.0546984572230014,1960.2,4.20,0.0
9235,0,189,-0.8119999999999998,0.0582010582010582,1960.3,4.20,0.0
9236,5,846,4.845000000000032,0.05555555555555555,1960.7,4.20,0.0
9237,4,732,3.7309999999999945,0.056010928961748634,1961.1,4.20,0.0
9238,2,446,1.444999999999975,0.05605381165919283,1961.4,4.20,0.0
9239,3,593,2.591999999999959,0.05564924114671164,1961.7,4.20,0.0
9240,1,321,0.31999999999998874,0.056074766355140186,1961.9,4.20,0.0
9241,0,192,-0.8089999999999998,0.057291666666666664,1962.0,4.20,0.0
9242,4,713,3.711999999999988,0.0546984572230014,1962.3,4.20,0.0
9243,1,313,0.3119999999999896,0.05750798722044728,1962.5,4.20,0.0
9244,2,459,1.4579999999999735,0.05664488017429194,1962.7,4.20,0.0
9245,5,860,4.859000000000036,0.05581395348837209,1963.2,4.20,0.0
9246,1,313,0.3119999999999896,0.05750798722044728,1963.4,4.20,0.0
9247,10,1513,10.511999999999814,0.05551883674818242,1964.2,4.20,0.0
9248,4,619,3.617999999999957,0.05654281098546042,1964.5,4.20,0.0
9249,0,179,-0.8219999999999998,0.055865921787709494,1964.6,4.20,0.0
9250,3,579,2.5779999999999603,0.055267702936096716,1964.9,4.20,0.0
9251,0,179,-0.8219999999999998,0.055865921787709494,1965.0,4.20,0.0
9252,4,713,3.711999999999988,0.056100981767180924,1965.4,4.20,0.0
9253,1,313,0.3119999999999896,0.054313099041533544,1965.6,4.20,0.0
9254,0,179,-0.8219999999999998,0.055865921787709494,1965.7,4.20,0.0
9255,2,482,1.480999999999971,0.056016597510373446,1965.9,4.20,0.0
9256,1,313,0.3119999999999896,0.054313099041533544,1966.1,4.20,0.0
9257,5,846,4.845000000000032,0.05555555555555555,1966.5,4.20,0.0
9258,1,313,0.3119999999999896,0.054313099041533544,1966.7,4.20,0.0
9259,2,459,1.4579999999999735,0.05664488017429194,1967.0,4.20,0.0
9260,0,179,-0.8219999999999998,0.055865921787709494,1967.1,4.20,0.0
9261,4,713,3.711999999999988,0.056100981767180924,1967.5,4.20,0.0
9262,0,179,-0.8219999999999998,0.055865921787709494,1967.6,4.20,0.0
9263,5,857,4.856000000000035,0.056009334889148193,1968.0,4.20,0.0
9264,0,187,-0.8139999999999998,0.058823529411764705,1968.1,4.20,0.0
9265,0,179,-0.8219999999999998,0.055865921787709494,1968.2,4.20,0.0
9266,2,446,1.444999999999975,0.05605381165919283,1968.4,4.20,0.0
9267,0,179,-0.8219999999999998,0.055865921787709494,1968.5,4.20,0.0
9268,1,313,0.3119999999999896,0.05750798722044728,1968.7,4.20,0.0
9269,2,446,1.444999999999975,0.05605381165919283,1968.9,4.20,0.0
9270,2,446,1.444999999999975,0.05605381165919283,1969.2,4.20,0.0
9271,0,179,-0.8219999999999998,0.055865921787709494,1969.3,4.20,0.0
9272,2,452,1.4509999999999743,0.05752212389380531,1969.5,4.20,0.0
9273,2,459,1.4579999999999735,0.05664488017429194,1969.8,4.20,0.0
9274,0,195,-0.8059999999999998,0.05641025641025641,1969.9,4.20,0.0
9275,7,1113,7.112000000000036,0.05480682839173405,1970.5,4.20,0.0
9276,0,188,-0.8129999999999998,0.05851063829787234,1970.6,4.20,0.0
9277,4,713,3.711999999999988,0.0546984572230014,1971.0,4.20,0.0
9278,1,338,0.33699999999998687,0.05621301775147929,1971.2,4.20,0.0
9279,0,191,-0.8099999999999998,0.05759162303664921,1971.3,4.20,0.0
9280,1,313,0.3119999999999896,0.054313099041533544,1971.5,4.20,0.0
9281,3,581,2.57999999999996,0.05679862306368331,1971.8,4.20,0.0
9282,1,336,0.3349999999999871,0.05654761904761905,1971.9,4.20,0.0
9283,0,189,-0.8119999999999998,0.0582010582010582,1972.0,4.20,0.0
9284,1,313,0.3119999999999896,0.05750798722044728,1972.2,4.20,0.0
9285,0,183,-0.8179999999999998,0.060109289617486336,1972.3,4.20,0.0
9286,0,179,-0.8219999999999998,0.055865921787709494,1972.4,4.20,0.0
9287,4,727,3.725999999999993,0.05639614855570839,1972.8,4.20,0.0
9288,2,446,1.444999999999975,0.05605381165919283,1973.0,4.20,0.0
9289,6,981,5.980000000000076,0.05606523955147808,1973.6,4.20,0.0
9290,0,179,-0.8219999999999998,0.055865921787709494,1973.7,4.20,0.0
9291,2,446,1.444999999999975,0.053811659192825115,1973.9,4.20,0.0
9292,2,446,1.444999999999975,0.05605381165919283,1974.2,4.20,0.0
9293,0,191,-0.8099999999999998,0.05759162303664921,1974.3,4.20,0.0
9294,2,458,1.4569999999999736,0.056768558951965066,1974.5,4.20,0.0
9295,0,183,-0.8179999999999998,0.060109289617486336,1974.6,4.20,0.0
9296,2,446,1.444999999999975,0.05605381165919283,1974.9,4.20,0.0
9297,1,313,0.3119999999999896,0.05750798722044728,1975.0,4.20,0.0
9298,5,850,4.849000000000033,0.05647058823529412,1975.5,4.20,0.0
9299,1,313,0.3119999999999896,0.054313099041533544,1975.7,4.20,0.0
9300,0,185,-0.8159999999999998,0.05945945945945946,1975.8,4.20,0.0
9301,3,579,2.5779999999999603,0.055267702936096716,1976.1,4.20,0.0
9302,0,188,-0.8129999999999998,0.05851063829787234,1976.2,4.20,0.0
9303,1,313,0.3119999999999896,0.05750798722044728,1976.4,4.20,0.0
9304,2,446,1.444999999999975,0.05605381165919283,1976.6,4.20,0.0
9305,0,191,-0.8099999999999998,0.05759162303664921,1976.7,4.20,0.0
9306,2,446,1.444999999999975,0.05605381165919283,1976.9,4.20,0.0
9307,5,853,4.852000000000034,0.05627198124267292,1977.4,4.20,0.0
9308,0,195,-0.8059999999999998,0.05641025641025641,1977.5,4.20,0.0
9309,6,979,5.978000000000075,0.05515832482124617,1978.0,4.20,0.0
9310,8,1246,8.244999999999962,0.05537720706260032,1978.7,4.20,0.0
9311,1,323,0.3219999999999885,0.05572755417956656,1978.9,4.20,0.0
9312,0,179,-0.8219999999999998,0.055865921787709494,1979.0,4.20,0.0
9313,0,191,-0.8099999999999998,0.05759162303664921,1979.1,4.20,0.0
9314,4,725,3.723999999999992,0.05655172413793103,1979.5,4.20,0.0
9315,2,446,1.444999999999975,0.053811659192825115,1979.7,4.20,0.0
9316,1,313,0.3119999999999896,0.054313099041533544,1979.9,4.20,0.0
9317,0,179,-0.8219999999999998,0.055865921787709494,1980.0,4.20,0.0
9318,6,979,5.978000000000075,0.05515832482124617,1980.5,4.20,0.0
9319,4,713,3.711999999999988,0.056100981767180924,1980.9,4.20,0.0
9320,0,185,-0.8159999999999998,0.05945945945945946,1981.0,4.20,0.0
9321,0,179,-0.8219999999999998,0.055865921787709494,1981.1,4.20,0.0
9322,0,179,-0.8219999999999998,0.055865921787709494,1981.2,4.20,0.0
9323,0,192,-0.8089999999999998,0.057291666666666664,1981.3,4.20,0.0
9324,1,313,0.3119999999999896,0.054313099041533544,1981.4,4.20,0.0
9325,4,716,3.714999999999989,0.055865921787709494,1981.8,4.20,0.0
9326,0,179,-0.8219999999999998,0.055865921787709494,1981.9,4.20,0.0
9327,5,846,4.845000000000032,0.05555555555555555,1982.4,4.20,0.0
9328,3,582,2.58099999999996,0.05670103092783505,1982.7,4.20,0.0
9329,0,179,-0.8219999999999998,0.055865921787709494,1982.8,4.20,0.0
9330,1,313,0.3119999999999896,0.054313099041533544,1982.9,4.20,0.0
9331,2,460,1.4589999999999734,0.05652173913043478,1983.2,4.20,0.0
9332,1,313,0.3119999999999896,0.05750798722044728,1983.4,4.20,0.0
9333,7,1113,7.112000000000036,0.055705300988319856,1984.0,4.20,0.0
9334,0,179,-0.8219999999999998,0.055865921787709494,1984.0,4.20,0.0
9335,1,313,0.3119999999999896,0.054313099041533544,1984.2,4.20,0.0
9336,0,185,-0.8159999999999998,0.05945945945945946,1984.3,4.20,0.0
9337,2,460,1.4589999999999734,0.05652173913043478,1984.6,4.20,0.0
9338,0,179,-0.8219999999999998,0.055865921787709494,1984.7,4.20,0.0
9339,6,979,5.978000000000075,0.05515832482124617,1985.2,4.20,0.0
9340,0,179,-0.8219999999999998,0.055865921787709494,1985.3,4.20,0.0
9341,0,179,-0.8219999999999998,0.055865921787709494,1985.4,4.20,0.0
9342,1,313,0.3119999999999896,0.054313099041533544,1985.5,4.20,0.0
9343,0,181,-0.8199999999999998,0.06077348066298342,1985.6,4.20,0.0
9344,2,455,1.453999999999974,0.05714285714285714,1985.9,4.20,0.0
9345,0,196,-0.8049999999999998,0.05612244897959184,1986.0,4.20,0.0
9346,0,179,-0.8219999999999998,0.055865921787709494,1986.1,4.20,0.0
9347,3,579,2.5779999999999603,0.055267702936096716,1986.4,4.20,0.0
9348,1,313,0.3119999999999896,0.05750798722044728,1986.6,4.20,0.0
9349,1,341,0.33999999999998654,0.05571847507331378,1986.8,4.20,0.0
9350,0,187,-0.8139999999999998,0.058823529411764705,1986.9,4.20,0.0
9351,0,194,-0.8069999999999998,0.05670103092783505,1987.0,4.20,0.0
9352,5,862,4.861000000000037,0.05568445475638051,1987.4,4.20,0.0
9353,3,589,2.587999999999959,0.05602716468590832,1987.8,4.20,0.0
9354,1,313,0.3119999999999896,0.054313099041533544,1987.9,4.20,0.0
9355,2,447,1.4459999999999749,0.05592841163310962,1988.2,4.20,0.0
9356,2,446,1.444999999999975,0.053811659192825115,1988.4,4.20,0.0
9357,5,853,4.852000000000034,0.05627198124267292,1988.9,4.20,0.0
9358,4,713,3.711999999999988,0.056100981767180924,1989.2,4.20,0.0
9359,2,455,1.453999999999974,0.05714285714285714,1989.5,4.20,0.0
9360,0,196,-0.8049999999999998,0.05612244897959184,1989.6,4.20,0.0
9361,5,846,4.845000000000032,0.05555555555555555,1990.0,4.20,0.0
9362,3,579,2.5779999999999603,0.05699481865284974,1990.3,4.20,0.0
9363,2,446,1.444999999999975,0.05605381165919283,1990.6,4.20,0.0
9364,0,186,-0.8149999999999998,0.05913978494623656,1990.7,4.20,0.0
9365,2,466,1.4649999999999728,0.055793991416309016,1991.0,4.20,0.0
9366,0,191,-0.8099999999999998,0.05759162303664921,1991.1,4.20,0.0
9367,0,179,-0.8219999999999998,0.055865921787709494,1991.1,4.20,0.0
9368,1,313,0.3119999999999896,0.054313099041533544,1991.3,4.20,0.0
9369,1,313,0.3119999999999896,0.054313099041533544,1991.5,4.20,0.0
9370,5,860,4.859000000000036,0.05581395348837209,1991.9,4.20,0.0
9371,1,313,0.3119999999999896,0.054313099041533544,1992.1,4.20,0.0
9372,1,313,0.3119999999999896,0.054313099041533544,1992.3,4.20,0.0
9373,1,313,0.3119999999999896,0.054313099041533544,1992.5,4.20,0.0
9374,2,446,1.444999999999975,0.05605381165919283,1992.7,4.20,0.0
9375,2,446,1.444999999999975,0.05605381165919283,1992.9,4.20,0.0
9376,2,457,1.4559999999999738,0.05689277899343545,1993.2,4.20,0.0
9377,3,579,2.5779999999999603,0.055267702936096716,1993.5,4.20,0.0
9378,0,179,-0.8219999999999998,0.055865921787709494,1993.6,4.20,0.0
9379,0,194,-0.8069999999999998,0.05670103092783505,1993.7,4.20,0.0
9380,0,194,-0.8069999999999998,0.05670103092783505,1993.8,4.20,0.0
9381,2,446,1.444999999999975,0.053811659192825115,1994.0,4.20,0.0
9382,6,1003,6.002000000000083,0.05583250249252243,1994.6,4.20,0.0
9383,0,187,-0.8139999999999998,0.058823529411764705,1994.7,4.20,0.0
9384,7,1122,7.121000000000031,0.05614973262032086,1995.3,4.20,0.0
9385,1,335,0.3339999999999872,0.056716417910447764,1995.5,4.20,0.0
9386,1,319,0.31799999999998896,0.05642633228840126,1995.6,4.20,0.0
9387,3,579,2.5779999999999603,0.055267702936096716,1995.9,4.20,0.0
9388,1,318,0.31699999999998907,0.05660377358490566,1996.1,4.20,0.0
9389,2,448,1.4469999999999748,0.05580357142857143,1996.3,4.20,0.0
9390,3,579,2.5779999999999603,0.055267702936096716,1996.6,4.20,0.0
9391,1,313,0.3119999999999896,0.05750798722044728,1996.8,4.20,0.0
9392,1,313,0.3119999999999896,0.054313099041533544,1997.0,4.20,0.0
9393,2,446,1.444999999999975,0.053811659192825115,1997.2,4.20,0.0
9394,0,179,-0.8219999999999998,0.055865921787709494,1997.3,4.20,0.0
9395,3,579,2.5779999999999603,0.055267702936096716,1997.6,4.20,0.0
9396,0,179,-0.8219999999999998,0.055865921787709494,1997.7,4.20,0.0
9397,2,446,1.444999999999975,0.05605381165919283,1998.0,4.20,0.0
9398,2,446,1.444999999999975,0.05605381165919283,1998.2,4.20,0.0
9399,4,735,3.7339999999999955,0.055782312925170066,1998.6,4.20,0.0
9400,0,183,-0.8179999999999998,0.060109289617486336,1998.7,4.20,0.0
9401,3,589,2.587999999999959,0.05602716468590832,1999.0,4.20,0.0
9402,0,179,-0.8219999999999998,0.055865921787709494,1999.1,4.20,0.0
9403,0,179,-0.8219999999999998,0.055865921787709494,1999.2,4.20,0.0
9404,0,185,-0.8159999999999998,0.05945945945945946,1999.3,4.20,0.0
9405,3,609,2.607999999999957,0.05582922824302135,1999.7,4.20,0.0
9406,3,592,2.590999999999959,0.05574324324324324,2000.0,4.20,0.0
9407,2,482,1.480999999999971,0.056016597510373446,2000.2,4.20,0.0
9408,6,979,5.978000000000075,0.05515832482124617,2000.8,4.20,0.0
9409,2,465,1.4639999999999729,0.05591397849462366,2001.0,4.20,0.0
9410,5,853,4.852000000000034,0.05627198124267292,2001.5,4.20,0.0
9411,0,179,-0.8219999999999998,0.055865921787709494,2001.6,4.20,0.0
9412,2,460,1.4589999999999734,0.05652173913043478,2001.8,4.20,0.0
9413,5,852,4.851000000000034,0.056338028169014086,2002.3,4.20,0.0
9414,1,313,0.3119999999999896,0.05750798722044728,2002.4,4.20,0.0
9415,0,179,-0.8219999999999998,0.055865921787709494,2002.5,4.20,0.0
9416,0,179,-0.8219999999999998,0.055865921787709494,2002.6,4.20,0.0
9417,3,586,2.5849999999999596,0.05631399317406143,2003.0,4.20,0.0
9418,1,313,0.3119999999999896,0.054313099041533544,2003.1,4.20,0.0
9419,12,1796,12.794999999999657,0.0556792873051225,2004.1,4.20,0.0
9420,0,179,-0.8219999999999998,0.055865921787709494,2004.2,4.20,0.0
9421,3,579,2.5779999999999603,0.055267702936096716,2004.5,4.20,0.0
9422,4,715,3.713999999999989,0.055944055944055944,2004.9,4.20,0.0
9423,2,454,1.452999999999974,0.05726872246696035,2005.1,4.20,0.0
9424,3,603,2.6019999999999577,0.05638474295190713,2005.4,4.20,0.0
9425,6,979,5.978000000000075,0.05515832482124617,2006.0,4.20,0.0
9426,0,187,-0.8139999999999998,0.058823529411764705,2006.1,4.20,0.0
9427,1,316,0.3149999999999893,0.056962025316455694,2006.3,4.20,0.0
9428,1,335,0.3339999999999872,0.056716417910447764,2006.4,4.20,0.0
9429,0,179,-0.8219999999999998,0.055865921787709494,2006.5,4.20,0.0
9430,0,179,-0.8219999999999998,0.055865921787709494,2006.6,4.20,0.0
9431,5,853,4.852000000000034,0.05627198124267292,2007.1,4.20,0.0
9432,0,185,-0.8159999999999998,0.05945945945945946,2007.2,4.20,0.0
9433,4,713,3.711999999999988,0.056100981767180924,2007.6,4.20,0.0
9434,0,179,-0.8219999999999998,0.055865921787709494,2007.7,4.20,0.0
9435,1,313,0.3119999999999896,0.05750798722044728,2007.8,4.20,0.0
9436,3,579,2.5779999999999603,0.055267702936096716,2008.2,4.20,0.0
9437,0,179,-0.8219999999999998,0.055865921787709494,2008.3,4.20,0.0
9438,1,313,0.3119999999999896,0.05750798722044728,2008.4,4.20,0.0
9439,0,191,-0.8099999999999998,0.05759162303664921,2008.5,4.20,0.0
9440,2,446,1.444999999999975,0.05605381165919283,2008.7,4.20,0.0
9441,0,179,-0.8219999999999998,0.055865921787709494,2008.8,4.20,0.0
9442,4,713,3.711999999999988,0.056100981767180924,2009.2,4.20,0.0
9443,3,579,2.5779999999999603,0.055267702936096716,2009.5,4.20,0.0
9444,2,446,1.444999999999975,0.05605381165919283,2009.8,4.20,0.0
9445,1,313,0.3119999999999896,0.054313099041533544,2010.0,4.20,0.0
9446,1,319,0.31799999999998896,0.05642633228840126,2010.1,4.20,0.0
9447,0,210,-0.7909999999999998,0.05714285714285714,2010.2,4.20,0.0
9448,3,579,2.5779999999999603,0.055267702936096716,2010.6,4.20,0.0
9449,0,179,-0.8219999999999998,0.055865921787709494,2010.7,4.20,0.0
9450,3,579,2.5779999999999603,0.055267702936096716,2011.0,4.20,0.0
9451,1,315,0.3139999999999894,0.05714285714285714,2011.1,4.20,0.0
9452,0,179,-0.8219999999999998,0.05027932960893855,2011.2,4.20,0.0
9453,5,853,4.852000000000034,0.05627198124267292,2011.7,4.20,0.0
9454,0,184,-0.8169999999999998,0.059782608695652176,2011.8,4.20,0.0
9455,0,184,-0.8169999999999998,0.059782608695652176,2011.9,4.20,0.0
9456,5,846,4.845000000000032,0.05555555555555555,2012.3,4.20,0.0
9457,2,446,1.444999999999975,0.05605381165919283,2012.6,4.20,0.0
9458,1,313,0.3119999999999896,0.05750798722044728,2012.7,4.20,0.0
9459,1,313,0.3119999999999896,0.054313099041533544,2012.9,4.20,0.0
9460,0,179,-0.8219999999999998,0.055865921787709494,2013.0,4.20,0.0
9461,0,179,-0.8219999999999998,0.055865921787709494,2013.1,4.20,0.0
9462,3,579,2.5779999999999603,0.055267702936096716,2013.4,4.20,0.0
9463,0,179,-0.8219999999999998,0.055865921787709494,2013.5,4.20,0.0
9464,2,446,1.444999999999975,0.05605381165919283,2013.7,4.20,0.0
9465,2,446,1.444999999999975,0.05605381165919283,2014.0,4.20,0.0
9466,3,579,2.5779999999999603,0.055267702936096716,2014.3,4.20,0.0
9467,3,579,2.5779999999999603,0.055267702936096716,2014.6,4.20,0.0
9468,2,451,1.4499999999999744,0.057649667405764965,2014.8,4.20,0.0
9469,1,313,0.3119999999999896,0.05750798722044728,2015.0,4.20,0.0
9470,1,339,0.33799999999998676,0.05604719764011799,2015.2,4.20,0.0
9471,3,609,2.607999999999957,0.05582922824302135,2015.5,4.20,0.0
9472,4,715,3.713999999999989,0.055944055944055944,2015.9,4.20,0.0
9473,3,579,2.5779999999999603,0.055267702936096716,2016.2,4.20,0.0
9474,0,179,-0.8219999999999998,0.055865921787709494,2016.3,4.20,0.0
9475,0,179,-0.8219999999999998,0.055865921787709494,2016.4,4.20,0.0
9476,1,313,0.3119999999999896,0.05750798722044728,2016.5,4.20,0.0
9477,9,1379,9.377999999999888,0.05583756345177665,2017.3,4.20,0.0
9478,2,456,1.4549999999999739,0.05701754385964912,2017.5,4.20,0.0
9479,0,179,-0.8219999999999998,0.055865921787709494,2017.6,4.20,0.0
9480,1,321,0.31999999999998874,0.056074766355140186,2017.8,4.20,0.0
9481,2,455,1.453999999999974,0.05714285714285714,2018.1,4.20,0.0
9482,0,186,-0.8149999999999998,0.05913978494623656,2018.2,4.20,0.0
9483,1,313,0.3119999999999896,0.054313099041533544,2018.3,4.20,0.0
9484,0,179,-0.8219999999999998,0.055865921787709494,2018.4,4.20,0.0
9485,2,460,1.4589999999999734,0.05652173913043478,2018.7,4.20,0.0
9486,0,179,-0.8219999999999998,0.055865921787709494,2018.7,4.20,0.0
9487,4,713,3.711999999999988,0.0546984572230014,2019.1,4.20,0.0
9488,7,1113,7.112000000000036,0.055705300988319856,2019.7,4.20,0.0
9489,1,318,0.31699999999998907,0.05660377358490566,2019.9,4.20,0.0
9490,1,313,0.3119999999999896,0.054313099041533544,2020.1,4.20,0.0
9491,1,313,0.3119999999999896,0.054313099041533544,2020.2,4.20,0.0
9492,3,584,2.5829999999999598,0.05650684931506849,2020.6,4.20,0.0
9493,2,455,1.453999999999974,0.05714285714285714,2020.8,4.20,0.0
9494,0,183,-0.8179999999999998,0.060109289617486336,2020.9,4.20,0.0
9495,0,184,-0.8169999999999998,0.059782608695652176,2021.0,4.20,0.0
9496,0,179,-0.8219999999999998,0.055865921787709494,2021.1,4.20,0.0
9497,1,313,0.3119999999999896,0.054313099041533544,2021.3,4.20,0.0
9498,0,195,-0.8059999999999998,0.05641025641025641,2021.4,4.20,0.0
9499,0,179,-0.8219999999999998,0.055865921787709494,2021.5,4.20,0.0
9500,1,313,0.3119999999999896,0.05750798722044728,2021.6,4.21,0.0
9501,2,451,1.4499999999999744,0.057649667405764965,2025.0,4.20,0.0
9502,3,579,2.5779999999999603,0.055267702936096716,2025.3,4.20,0.0
9503,0,179,-0.8219999999999998,0.055865921787709494,2025.4,4.20,0.0
9504,0,179,-0.8219999999999998,0.055865921787709494,2025.5,4.20,0.0
9505,7,1128,7.127000000000027,0.05585106382978723,2026.1,4.20,0.0
9506,1,338,0.33699999999998687,0.05621301775147929,2026.3,4.20,0.0
9507,0,179,-0.8219999999999998,0.055865921787709494,2026.4,4.20,0.0
9508,0,183,-0.8179999999999998,0.060109289617486336,2026.5,4.20,0.0
9509,6,979,5.978000000000075,0.05515832482124617,2027.0,4.20,0.0
9510,3,579,2.5779999999999603,0.055267702936096716,2027.3,4.20,0.0
9511,4,713,3.711999999999988,0.056100981767180924,2027.7,4.20,0.0
9512,3,579,2.5779999999999603,0.055267702936096716,2028.0,4.20,0.0
9513,3,583,2.58199999999996,0.05660377358490566,2028.3,4.20,0.0
9514,8,1246,8.244999999999962,0.05537720706260032,2029.0,4.20,0.0
9515,2,446,1.444999999999975,0.05605381165919283,2029.2,4.20,0.0
9516,4,713,3.711999999999988,0.056100981767180924,2029.6,4.20,0.0
9517,1,319,0.31799999999998896,0.05642633228840126,2029.8,4.20,0.0
9518,4,713,3.711999999999988,0.0546984572230014,2030.2,4.20,0.0
9519,0,181,-0.8199999999999998,0.06077348066298342,2030.3,4.20,0.0
9520,1,313,0.3119999999999896,0.054313099041533544,2030.5,4.20,0.0
9521,0,191,-0.8099999999999998,0.05759162303664921,2030.6,4.20,0.0
9522,4,713,3.711999999999988,0.0546984572230014,2031.0,4.20,0.0
9523,2,446,1.444999999999975,0.05605381165919283,2031.2,4.20,0.0
9524,2,446,1.444999999999975,0.05605381165919283,2031.4,4.20,0.0
9525,2,446,1.444999999999975,0.05605381165919283,2031.7,4.20,0.0
9526,0,179,-0.8219999999999998,0.055865921787709494,2031.8,4.20,0.0
9527,1,337,0.335999999999987,0.05637982195845697,2031.9,4.20,0.0
9528,0,195,-0.8059999999999998,0.05641025641025641,2032.1,4.20,0.0
9529,2,448,1.4469999999999748,0.05580357142857143,2032.3,4.20,0.0
9530,3,579,2.5779999999999603,0.055267702936096716,2032.6,4.20,0.0
9531,1,313,0.3119999999999896,0.054313099041533544,2032.8,4.20,0.0
9532,1,313,0.3119999999999896,0.054313099041533544,2032.9,4.20,0.0
9533,1,332,0.3309999999999875,0.0572289156626506,2033.2,4.20,0.0
9534,0,179,-0.8219999999999998,0.055865921787709494,2033.3,4.20,0.0
9535,3,591,2.589999999999959,0.05583756345177665,2033.6,4.20,0.0
9536,0,179,-0.8219999999999998,0.055865921787709494,2033.7,4.20,0.0
9537,0,179,-0.8219999999999998,0.055865921787709494,2033.8,4.20,0.0
9538,1,313,0.3119999999999896,0.05750798722044728,2033.9,4.20,0.0
9539,8,1249,8.24799999999996,0.05604483586869496,2034.6,4.20,0.0
9540,0,179,-0.8219999999999998,0.055865921787709494,2034.7,4.20,0.0
9541,0,191,-0.8099999999999998,0.05759162303664921,2034.8,4.20,0.0
9542,0,183,-0.8179999999999998,0.060109289617486336,2034.9,4.20,0.0
9543,0,179,-0.8219999999999998,0.055865921787709494,2035.0,4.20,0.0
9544,4,713,3.711999999999988,0.056100981767180924,2035.4,4.20,0.0
9545,12,1779,12.777999999999667,0.05564924114671164,2036.3,4.20,0.0
9546,0,179,-0.8219999999999998,0.055865921787709494,2036.4,4.20,0.0
9547,1,313,0.3119999999999896,0.05750798722044728,2036.6,4.20,0.0
9548,0,195,-0.8059999999999998,0.05641025641025641,2036.7,4.20,0.0
9549,1,313,0.3119999999999896,0.054313099041533544,2036.9,4.20,0.0
9550,4,715,3.713999999999989,0.055944055944055944,2037.2,4.20,0.0
9551,0,183,-0.8179999999999998,0.060109289617486336,2037.3,4.20,0.0
9552,0,182,-0.8189999999999998,0.06043956043956044,2037.4,4.20,0.0
9553,2,446,1.444999999999975,0.05605381165919283,2037.7,4.20,0.0
9554,1,313,0.3119999999999896,0.054313099041533544,2037.8,4.20,0.0
9555,0,183,-0.8179999999999998,0.060109289617486336,2037.9,4.20,0.0
9556,0,192,-0.8089999999999998,0.057291666666666664,2038.1,4.20,0.0
9557,1,335,0.3339999999999872,0.056716417910447764,2038.3,4.20,0.0
9558,0,186,-0.8149999999999998,0.05913978494623656,2038.4,4.20,0.0
9559,4,713,3.711999999999988,0.0546984572230014,2038.7,4.20,0.0
9560,0,179,-0.8219999999999998,0.055865921787709494,2038.8,4.20,0.0
9561,4,713,3.711999999999988,0.056100981767180924,2039.2,4.20,0.0
9562,3,583,2.58199999999996,0.05660377358490566,2039.5,4.20,0.0
9563,3,580,2.57899999999996,0.056896551724137934,2039.8,4.20,0.0
9564,1,313,0.3119999999999896,0.05750798722044728,2040.0,4.20,0.0
9565,0,179,-0.8219999999999998,0.055865921787709494,2040.1,4.20,0.0
9566,0,191,-0.8099999999999998,0.05759162303664921,2040.2,4.20,0.0
9567,4,713,3.711999999999988,0.0546984572230014,2040.6,4.20,0.0
9568,0,179,-0.8219999999999998,0.055865921787709494,2040.7,4.20,0.0
9569,1,313,0.3119999999999896,0.054313099041533544,2040.8,4.20,0.0
9570,0,179,-0.8219999999999998,0.055865921787709494,2040.9,4.20,0.0
9571,1,313,0.3119999999999896,0.05750798722044728,2041.1,4.20,0.0
9572,0,186,-0.8149999999999998,0.05913978494623656,2041.2,4.20,0.0
9573,3,588,2.5869999999999593,0.05612244897959184,2041.5,4.20,0.0
9574,3,579,2.5779999999999603,0.055267702936096716,2041.8,4.20,0.0
9575,1,313,0.3119999999999896,0.054313099041533544,2042.0,4.20,0.0
9576,1,313,0.3119999999999896,0.054313099041533544,2042.2,4.20,0.0
9577,0,179,-0.8219999999999998,0.055865921787709494,2042.3,4.20,0.0
9578,0,188,-0.8129999999999998,0.05851063829787234,2042.4,4.20,0.0
9579,4,715,3.713999999999989,0.055944055944055944,2042.7,4.20,0.0
9580,1,315,0.3139999999999894,0.05714285714285714,2042.9,4.20,0.0
9581,3,579,2.5779999999999603,0.055267702936096716,2043.2,4.20,0.0
9582,0,179,-0.8219999999999998,0.055865921787709494,2043.3,4.20,0.0
9583,0,188,-0.8129999999999998,0.05851063829787234,2043.4,4.20,0.0
9584,0,179,-0.8219999999999998,0.055865921787709494,2043.5,4.20,0.0
9585,0,185,-0.8159999999999998,0.05945945945945946,2043.6,4.20,0.0
9586,1,313,0.3119999999999896,0.054313099041533544,2043.8,4.20,0.0
9587,2,462,1.4609999999999732,0.05627705627705628,2044.0,4.20,0.0
9588,0,179,-0.8219999999999998,0.055865921787709494,2044.1,4.20,0.0
9589,3,579,2.5779999999999603,0.05699481865284974,2044.4,4.20,0.0
9590,4,715,3.713999999999989,0.055944055944055944,2044.8,4.20,0.0
9591,2,446,1.444999999999975,0.05605381165919283,2045.1,4.20,0.0
9592,1,313,0.3119999999999896,0.05750798722044728,2045.2,4.20,0.0
9593,3,579,2.5779999999999603,0.055267702936096716,2045.6,4.20,0.0
9594,0,184,-0.8169999999999998,0.059782608695652176,2045.7,4.20,0.0
9595,1,318,0.31699999999998907,0.05660377358490566,2045.8,4.20,0.0
9596,0,179,-0.8219999999999998,0.055865921787709494,2045.9,4.20,0.0
9597,2,456,1.4549999999999739,0.05701754385964912,2046.2,4.20,0.0
9598,0,188,-0.8129999999999998,0.05851063829787234,2046.3,4.20,0.0
9599,3,579,2.5779999999999603,0.055267702936096716,2046.6,4.20,0.0
9600,4,713,3.711999999999988,0.056100981767180924,2047.0,4.20,0.0
9601,6,979,5.978000000000075,0.056179775280898875,2047.5,4.20,0.0
9602,0,179,-0.8219999999999998,0.055865921787709494,2047.6,4.20,0.0
9603,0,179,-0.8219999999999998,0.055865921787709494,2047.7,4.20,0.0
9604,6,1004,6.003000000000084,0.055776892430278883,2048.2,4.20,0.0
9605,1,313,0.3119999999999896,0.05750798722044728,2048.4,4.20,0.0
9606,1,313,0.3119999999999896,0.05750798722044728,2048.6,4.20,0.0
9607,3,579,2.5779999999999603,0.055267702936096716,2048.9,4.20,0.0
9608,1,321,0.31999999999998874,0.056074766355140186,2049.0,4.20,0.0
9609,0,179,-0.8219999999999998,0.055865921787709494,2049.1,4.20,0.0
9610,3,579,2.5779999999999603,0.055267702936096716,2049.4,4.20,0.0
9611,0,179,-0.8219999999999998,0.055865921787709494,2049.5,4.20,0.0
9612,1,313,0.3119999999999896,0.054313099041533544,2049.7,4.20,0.0
9613,0,187,-0.8139999999999998,0.058823529411764705,2049.8,4.20,0.0
9614,1,313,0.3119999999999896,0.05750798722044728,2050.0,4.20,0.0
9615,5,853,4.852000000000034,0.05627198124267292,2050.4,4.20,0.0
9616,1,313,0.3119999999999896,0.05750798722044728,2050.6,4.20,0.0
9617,6,979,5.978000000000075,0.056179775280898875,2051.1,4.20,0.0
9618,0,179,-0.8219999999999998,0.055865921787709494,2051.2,4.20,0.0
9619,6,1005,6.004000000000084,0.05572139303482587,2051.8,4.20,0.0
9620,2,446,1.444999999999975,0.05605381165919283,2052.0,4.20,0.0
9621,4,713,3.711999999999988,0.0546984572230014,2052.4,4.20,0.0
9622,1,336,0.3349999999999871,0.05654761904761905,2052.6,4.20,0.0
9623,2,446,1.444999999999975,0.05605381165919283,2052.8,4.20,0.0
9624,0,179,-0.8219999999999998,0.055865921787709494,2052.9,4.20,0.0
9625,0,179,-0.8219999999999998,0.055865921787709494,2053.0,4.20,0.0
9626,0,179,-0.8219999999999998,0.055865921787709494,2053.1,4.20,0.0
9627,3,579,2.5779999999999603,0.055267702936096716,2053.4,4.20,0.0
9628,2,446,1.444999999999975,0.05605381165919283,2053.6,4.20,0.0
9629,3,585,2.5839999999999597,0.05641025641025641,2054.0,4.20,0.0
9630,0,179,-0.8219999999999998,0.055865921787709494,2054.1,4.20,0.0
9631,2,462,1.4609999999999732,0.05627705627705628,2054.3,4.20,0.0
9632,2,446,1.444999999999975,0.05605381165919283,2054.6,4.20,0.0
9633,2,446,1.444999999999975,0.05605381165919283,2054.8,4.20,0.0
9634,1,313,0.3119999999999896,0.05750798722044728,2055.0,4.20,0.0
9635,1,313,0.3119999999999896,0.054313099041533544,2055.1,4.20,0.0
9636,2,446,1.444999999999975,0.05605381165919283,2055.4,4.20,0.0
9637,0,187,-0.8139999999999998,0.058823529411764705,2055.5,4.20,0.0
9638,6,979,5.978000000000075,0.056179775280898875,2056.0,4.20,0.0
9639,3,579,2.5779999999999603,0.055267702936096716,2056.3,4.20,0.0
9640,3,611,2.609999999999957,0.05564648117839607,2056.6,4.20,0.0
9641,4,713,3.711999999999988,0.0546984572230014,2057.0,4.20,0.0
9642,0,192,-0.8089999999999998,0.057291666666666664,2057.1,4.20,0.0
9643,0,179,-0.8219999999999998,0.055865921787709494,2057.2,4.20,0.0
9644,2,462,1.4609999999999732,0.05627705627705628,2057.5,4.20,0.0
9645,6,1001,6.000000000000083,0.055944055944055944,2058.0,4.20,0.0
9646,2,446,1.444999999999975,0.05605381165919283,2058.3,4.20,0.0
9647,2,457,1.4559999999999738,0.05689277899343545,2058.5,4.20,0.0
9648,0,179,-0.8219999999999998,0.055865921787709494,2058.6,4.20,0.0
9649,6,1001,6.000000000000083,0.055944055944055944,2059.1,4.20,0.0
9650,5,846,4.845000000000032,0.05555555555555555,2059.6,4.20,0.0
9651,3,579,2.5779999999999603,0.05699481865284974,2059.9,4.20,0.0
9652,0,179,-0.8219999999999998,0.055865921787709494,2060.0,4.20,0.0
9653,3,579,2.5779999999999603,0.055267702936096716,2060.3,4.20,0.0
9654,1,332,0.3309999999999875,0.0572289156626506,2060.5,4.20,0.0
9655,4,731,3.729999999999994,0.0560875512995896,2060.9,4.20,0.0
9656,1,341,0.33999999999998654,0.05571847507331378,2061.0,4.20,0.0
9657,0,179,-0.8219999999999998,0.055865921787709494,2061.1,4.20,0.0
9658,1,320,0.31899999999998885,0.05625,2061.3,4.20,0.0
9659,3,580,2.57899999999996,0.056896551724137934,2061.6,4.20,0.0
9660,4,713,3.711999999999988,0.0546984572230014,2062.0,4.20,0.0
9661,6,979,5.978000000000075,0.05515832482124617,2062.5,4.20,0.0
9662,1,313,0.3119999999999896,0.054313099041533544,2062.7,4.20,0.0
9663,0,179,-0.8219999999999998,0.055865921787709494,2062.8,4.20,0.0
9664,1,313,0.3119999999999896,0.054313099041533544,2063.0,4.20,0.0
9665,2,465,1.4639999999999729,0.05591397849462366,2063.2,4.20,0.0
9666,0,184,-0.8169999999999998,0.059782608695652176,2063.3,4.20,0.0
9667,2,446,1.444999999999975,0.05605381165919283,2063.6,4.20,0.0
9668,0,183,-0.8179999999999998,0.060109289617486336,2063.6,4.20,0.0
9669,2,446,1.444999999999975,0.05605381165919283,2063.9,4.20,0.0
9670,3,579,2.5779999999999603,0.055267702936096716,2064.2,4.20,0.0
9671,0,179,-0.8219999999999998,0.055865921787709494,2064.3,4.20,0.0
9672,4,730,3.728999999999994,0.056164383561643834,2064.7,4.20,0.0
9673,1,313,0.3119999999999896,0.05750798722044728,2064.9,4.20,0.0
9674,3,609,2.607999999999957,0.05582922824302135,2065.2,4.20,0.0
9675,1,321,0.31999999999998874,0.056074766355140186,2065.4,4.20,0.0
9676,3,579,2.5779999999999603,0.055267702936096716,2065.7,4.20,0.0
9677,2,446,1.444999999999975,0.05605381165919283,2065.9,4.20,0.0
9678,2,446,1.444999999999975,0.05605381165919283,2066.2,4.20,0.0
9679,4,713,3.711999999999988,0.056100981767180924,2066.6,4.20,0.0
9680,2,446,1.444999999999975,0.05605381165919283,2066.8,4.20,0.0
9681,0,179,-0.8219999999999998,0.055865921787709494,2066.9,4.20,0.0
9682,0,187,-0.8139999999999998,0.058823529411764705,2067.0,4.20,0.0
9683,2,446,1.444999999999975,0.05605381165919283,2067.3,4.20,0.0
9684,0,188,-0.8129999999999998,0.05851063829787234,2067.4,4.20,0.0
9685,0,190,-0.8109999999999998,0.05789473684210526,2067.5,4.20,0.0
9686,0,179,-0.8219999999999998,0.055865921787709494,2067.5,4.20,0.0
9687,1,337,0.335999999999987,0.05637982195845697,2067.7,4.20,0.0
9688,3,579,2.5779999999999603,0.055267702936096716,2068.0,4.20,0.0
9689,3,583,2.58199999999996,0.05660377358490566,2068.4,4.20,0.0
9690,2,446,1.444999999999975,0.053811659192825115,2068.6,4.20,0.0
9691,1,313,0.3119999999999896,0.054313099041533544,2068.7,4.20,0.0
9692,0,184,-0.8169999999999998,0.059782608695652176,2068.8,4.20,0.0
9693,1,313,0.3119999999999896,0.054313099041533544,2069.0,4.20,0.0
9694,0,191,-0.8099999999999998,0.05759162303664921,2069.1,4.20,0.0
9695,0,179,-0.8219999999999998,0.055865921787709494,2069.2,4.20,0.0
9696,2,446,1.444999999999975,0.053811659192825115,2069.4,4.20,0.0
9697,2,462,1.4609999999999732,0.05627705627705628,2069.7,4.20,0.0
9698,0,179,-0.8219999999999998,0.055865921787709494,2069.8,4.20,0.0
9699,7,1113,7.112000000000036,0.05480682839173405,2070.4,4.20,0.0
9700,6,979,5.978000000000075,0.05515832482124617,2070.9,4.20,0.0
9701,1,314,0.3129999999999895,0.05732484076433121,2071.1,4.20,0.0
9702,4,727,3.725999999999993,0.05639614855570839,2071.5,4.20,0.0
9703,0,190,-0.8109999999999998,0.05789473684210526,2071.6,4.20,0.0
9704,1,313,0.3119999999999896,0.05750798722044728,2071.7,4.20,0.0
9705,2,446,1.444999999999975,0.05605381165919283,2072.0,4.20,0.0
9706,2,446,1.444999999999975,0.05605381165919283,2072.2,4.20,0.0
9707,0,179,-0.8219999999999998,0.055865921787709494,2072.3,4.20,0.0
9708,6,980,5.979000000000076,0.05612244897959184,2072.8,4.20,0.0
9709,0,179,-0.8219999999999998,0.055865921787709494,2072.9,4.20,0.0
9710,4,729,3.7279999999999935,0.056241426611796985,2073.3,4.20,0.0
9711,1,313,0.3119999999999896,0.054313099041533544,2073.5,4.20,0.0
9712,1,321,0.31999999999998874,0.056074766355140186,2073.6,4.20,0.0
9713,0,190,-0.8109999999999998,0.05789473684210526,2073.7,4.20,0.0
9714,2,446,1.444999999999975,0.05605381165919283,2074.0,4.20,0.0
9715,4,713,3.711999999999988,0.056100981767180924,2074.3,4.20,0.0
9716,0,179,-0.8219999999999998,0.055865921787709494,2074.4,4.20,0.0
9717,2,464,1.462999999999973,0.05603448275862069,2074.7,4.20,0.0
9718,0,179,-0.8219999999999998,0.055865921787709494,2074.8,4.20,0.0
9719,1,313,0.3119999999999896,0.05750798722044728,2074.9,4.20,0.0
9720,0,187,-0.8139999999999998,0.058823529411764705,2075.0,4.20,0.0
9721,3,579,2.5779999999999603,0.055267702936096716,2075.3,4.20,0.0
9722,0,179,-0.8219999999999998,0.055865921787709494,2075.4,4.20,0.0
9723,1,313,0.3119999999999896,0.054313099041533544,2075.6,4.20,0.0
9724,4,730,3.728999999999994,0.056164383561643834,2076.0,4.20,0.0
9725,0,179,-0.8219999999999998,0.055865921787709494,2076.1,4.20,0.0
9726,5,852,4.851000000000034,0.056338028169014086,2076.6,4.20,0.0
9727,0,179,-0.8219999999999998,0.055865921787709494,2076.7,4.20,0.0
9728,3,586,2.5849999999999596,0.05631399317406143,2077.0,4.20,0.0
9729,0,179,-0.8219999999999998,0.055865921787709494,2077.1,4.20,0.0
9730,0,179,-0.8219999999999998,0.055865921787709494,2077.2,4.20,0.0
9731,0,194,-0.8069999999999998,0.05670103092783505,2077.3,4.20,0.0
9732,1,337,0.335999999999987,0.05637982195845697,2077.5,4.20,0.0
9733,1,313,0.3119999999999896,0.054313099041533544,2077.6,4.20,0.0
9734,4,713,3.711999999999988,0.0546984572230014,2078.0,4.20,0.0
9735,5,856,4.855000000000035,0.056074766355140186,2078.5,4.20,0.0
9736,4,713,3.711999999999988,0.056100981767180924,2078.9,4.20,0.0
9737,2,457,1.4559999999999738,0.05689277899343545,2079.1,4.20,0.0
9738,2,446,1.444999999999975,0.05605381165919283,2079.3,4.20,0.0
9739,1,313,0.3119999999999896,0.054313099041533544,2079.5,4.20,0.0
9740,3,611,2.609999999999957,0.05564648117839607,2079.8,4.20,0.0
9741,0,179,-0.8219999999999998,0.055865921787709494,2079.9,4.20,0.0
9742,5,862,4.861000000000037,0.05568445475638051,2080.4,4.20,0.0
9743,5,853,4.852000000000034,0.05627198124267292,2080.8,4.20,0.0
9744,0,179,-0.8219999999999998,0.055865921787709494,2081.0,4.20,0.0
9745,7,1121,7.120000000000031,0.056199821587867974,2081.5,4.20,0.0
9746,0,184,-0.8169999999999998,0.059782608695652176,2081.6,4.20,0.0
9747,1,313,0.3119999999999896,0.05750798722044728,2081.8,4.20,0.0
9748,0,183,-0.8179999999999998,0.060109289617486336,2081.9,4.20,0.0
9749,0,189,-0.8119999999999998,0.0582010582010582,2082.0,4.20,0.0
9750,1,313,0.3119999999999896,0.05750798722044728,2082.2,4.20,0.0
9751,2,462,1.4609999999999732,0.05627705627705628,2082.4,4.20,0.0
9752,4,713,3.711999999999988,0.0546984572230014,2082.8,4.20,0.0
9753,3,585,2.5839999999999597,0.05641025641025641,2083.1,4.20,0.0
9754,0,179,-0.8219999999999998,0.055865921787709494,2083.2,4.20,0.0
9755,4,618,3.6169999999999565,0.05663430420711974,2083.5,4.20,0.0
9756,1,313,0.3119999999999896,0.05750798722044728,2083.7,4.20,0.0
9757,2,446,1.444999999999975,0.05605381165919283,2083.9,4.20,0.0
9758,0,179,-0.8219999999999998,0.055865921787709494,2084.0,4.20,0.0
9759,8,1246,8.244999999999962,0.05537720706260032,2084.7,4.20,0.0
9760,0,179,-0.8219999999999998,0.055865921787709494,2084.8,4.20,0.0
9761,1,323,0.3219999999999885,0.05572755417956656,2085.0,4.20,0.0
9762,1,336,0.3349999999999871,0.05654761904761905,2085.2,4.20,0.0
9763,0,179,-0.8219999999999998,0.055865921787709494,2085.3,4.20,0.0
9764,4,713,3.711999999999988,0.0546984572230014,2085.7,4.20,0.0
9765,0,179,-0.8219999999999998,0.055865921787709494,2085.7,4.20,0.0
9766,2,461,1.4599999999999733,0.05639913232104121,2086.0,4.20,0.0
9767,5,846,4.845000000000032,0.05555555555555555,2086.5,4.20,0.0
9768,0,179,-0.8219999999999998,0.055865921787709494,2086.6,4.20,0.0
9769,2,446,1.444999999999975,0.05605381165919283,2086.8,4.20,0.0
9770,3,579,2.5779999999999603,0.05699481865284974,2087.1,4.20,0.0
9771,2,462,1.4609999999999732,0.05627705627705628,2087.4,4.20,0.0
9772,9,1397,9.395999999999878,0.05583392984967788,2088.1,4.20,0.0
9773,0,190,-0.8109999999999998,0.05789473684210526,2088.2,4.20,0.0
9774,0,189,-0.8119999999999998,0.0582010582010582,2088.3,4.20,0.0
9775,1,332,0.3309999999999875,0.0572289156626506,2088.5,4.20,0.0
9776,2,446,1.444999999999975,0.05605381165919283,2088.7,4.20,0.0
9777,0,191,-0.8099999999999998,0.05759162303664921,2088.8,4.20,0.0
9778,1,313,0.3119999999999896,0.05750798722044728,2089.0,4.20,0.0
9779,4,713,3.711999999999988,0.0546984572230014,2089.4,4.20,0.0
9780,1,337,0.335999999999987,0.05637982195845697,2089.6,4.20,0.0
9781,0,187,-0.8139999999999998,0.058823529411764705,2089.7,4.20,0.0
9782,1,313,0.3119999999999896,0.054313099041533544,2089.8,4.20,0.0
9783,2,446,1.444999999999975,0.05605381165919283,2090.1,4.20,0.0
9784,2,446,1.444999999999975,0.05605381165919283,2090.3,4.20,0.0
9785,1,337,0.335999999999987,0.05637982195845697,2090.5,4.20,0.0
9786,3,579,2.5779999999999603,0.055267702936096716,2090.8,4.20,0.0
9787,2,457,1.4559999999999738,0.05689277899343545,2091.1,4.20,0.0
9788,2,454,1.452999999999974,0.05726872246696035,2091.3,4.20,0.0
9789,2,452,1.4509999999999743,0.05752212389380531,2091.5,4.20,0.0
9790,0,179,-0.8219999999999998,0.055865921787709494,2091.6,4.20,0.0
9791,1,313,0.3119999999999896,0.054313099041533544,2091.8,4.20,0.0
9792,5,853,4.852000000000034,0.05627198124267292,2092.3,4.20,0.0
9793,0,179,-0.8219999999999998,0.055865921787709494,2092.4,4.20,0.0
9794,0,187,-0.8139999999999998,0.058823529411764705,2092.5,4.20,0.0
9795,1,313,0.3119999999999896,0.054313099041533544,2092.6,4.20,0.0
9796,5,849,4.848000000000033,0.05653710247349823,2093.1,4.20,0.0
9797,1,317,0.3159999999999892,0.056782334384858045,2093.3,4.20,0.0
9798,2,446,1.444999999999975,0.05605381165919283,2093.5,4.20,0.0
9799,0,186,-0.8149999999999998,0.05913978494623656,2093.6,4.20,0.0
9800,3,579,2.5779999999999603,0.055267702936096716,2094.0,4.20,0.0
9801,1,313,0.3119999999999896,0.05750798722044728,2094.1,4.20,0.0
9802,0,179,-0.8219999999999998,0.055865921787709494,2094.2,4.20,0.0
9803,0,179,-0.8219999999999998,0.055865921787709494,2094.3,4.20,0.0
9804,1,323,0.3219999999999885,0.05572755417956656,2094.5,4.20,0.0
9805,0,192,-0.8089999999999998,0.057291666666666664,2094.6,4.20,0.0
9806,0,179,-0.8219999999999998,0.055865921787709494,2094.7,4.20,0.0
9807,3,579,2.5779999999999603,0.05699481865284974,2095.0,4.20,0.0
9808,1,337,0.335999999999987,0.05637982195845697,2095.2,4.20,0.0
9809,1,313,0.3119999999999896,0.05750798722044728,2095.3,4.20,0.0
9810,2,446,1.444999999999975,0.05605381165919283,2095.6,4.20,0.0
9811,2,458,1.4569999999999736,0.056768558951965066,2095.8,4.20,0.0
9812,0,189,-0.8119999999999998,0.0582010582010582,2095.9,4.20,0.0
9813,1,335,0.3339999999999872,0.056716417910447764,2096.1,4.20,0.0
9814,2,462,1.4609999999999732,0.05627705627705628,2096.3,4.20,0.0
9815,5,859,4.858000000000036,0.05587892898719441,2096.8,4.20,0.0
9816,1,336,0.3349999999999871,0.05654761904761905,2097.0,4.20,0.0
9817,3,585,2.5839999999999597,0.05641025641025641,2097.3,4.20,0.0
9818,0,179,-0.8219999999999998,0.055865921787709494,2097.4,4.20,0.0
9819,0,179,-0.8219999999999998,0.055865921787709494,2097.5,4.21,0.0
9820,3,579,2.5779999999999603,0.055267702936096716,2097.8,4.20,0.0
9821,1,313,0.3119999999999896,0.054313099041533544,2097.9,4.21,0.0
9822,1,313,0.3119999999999896,0.054313099041533544,2098.1,4.21,0.0
9823,2,446,1.444999999999975,0.05605381165919283,2098.4,4.21,0.0
9824,4,713,3.711999999999988,0.056100981767180924,2098.7,4.20,0.0
9825,1,313,0.3119999999999896,0.054313099041533544,2098.9,4.21,0.0
9826,3,579,2.5779999999999603,0.055267702936096716,2099.2,4.20,0.0
9827,0,204,-0.7969999999999998,0.058823529411764705,2099.3,4.21,0.0
9828,0,179,-0.8219999999999998,0.055865921787709494,2099.4,4.21,0.0
9829,0,179,-0.8219999999999998,0.055865921787709494,2099.5,4.21,0.0
9830,9,1379,9.377999999999888,0.05583756345177665,2100.2,4.20,0.0
9831,0,179,-0.8219999999999998,0.055865921787709494,2100.3,4.21,0.0
9832,0,179,-0.8219999999999998,0.055865921787709494,2100.4,4.21,0.0
9833,4,713,3.711999999999988,0.0546984572230014,2100.8,4.21,0.0
9834,2,447,1.4459999999999749,0.05592841163310962,2101.0,4.21,0.0
9835,0,187,-0.8139999999999998,0.058823529411764705,2101.1,4.21,0.0
9836,2,466,1.4649999999999728,0.055793991416309016,2101.4,4.21,0.0
9837,0,179,-0.8219999999999998,0.055865921787709494,2101.5,4.21,0.0
9838,0,187,-0.8139999999999998,0.058823529411764705,2101.6,4.21,0.0
9839,0,179,-0.8219999999999998,0.055865921787709494,2101.7,4.21,0.0
9840,0,179,-0.8219999999999998,0.055865921787709494,2101.8,4.21,0.0
9841,0,179,-0.8219999999999998,0.055865921787709494,2101.9,4.21,0.0
9842,5,846,4.845000000000032,0.05555555555555555,2102.3,4.21,0.0
9843,1,315,0.3139999999999894,0.05714285714285714,2102.5,4.21,0.0
9844,0,192,-0.8089999999999998,0.057291666666666664,2102.6,4.21,0.0
9845,0,189,-0.8119999999999998,0.0582010582010582,2102.7,4.21,0.0
9846,1,313,0.3119999999999896,0.054313099041533544,2102.9,4.21,0.0
9847,1,313,0.3119999999999896,0.05750798722044728,2103.0,4.21,0.0
9848,0,179,-0.8219999999999998,0.055865921787709494,2103.1,4.21,0.0
9849,1,313,0.3119999999999896,0.05750798722044728,2103.3,4.21,0.0
9850,0,184,-0.8169999999999998,0.059782608695652176,2103.4,4.21,0.0
9851,3,579,2.5779999999999603,0.055267702936096716,2103.7,4.21,0.0
9852,2,446,1.444999999999975,0.05605381165919283,2104.0,4.21,0.0
9853,2,446,1.444999999999975,0.05605381165919283,2104.2,4.21,0.0
9854,0,179,-0.8219999999999998,0.055865921787709494,2104.3,4.21,0.0
9855,1,315,0.3139999999999894,0.05714285714285714,2104.4,4.21,0.0
9856,0,179,-0.8219999999999998,0.055865921787709494,2104.5,4.21,0.0
9857,0,179,-0.8219999999999998,0.055865921787709494,2104.6,4.21,0.0
9858,4,713,3.711999999999988,0.056100981767180924,2105.0,4.21,0.0
9859,0,179,-0.8219999999999998,0.055865921787709494,2105.1,4.21,0.0
9860,2,462,1.4609999999999732,0.05627705627705628,2105.4,4.21,0.0
9861,2,446,1.444999999999975,0.05605381165919283,2105.6,4.21,0.0
9862,6,979,5.978000000000075,0.05515832482124617,2106.2,4.21,0.0
9863,6,979,5.978000000000075,0.05515832482124617,2106.7,4.21,0.0
9864,0,179,-0.8219999999999998,0.055865921787709494,2106.8,4.21,0.0
9865,1,313,0.3119999999999896,0.05750798722044728,2106.9,4.21,0.0
9866,2,446,1.444999999999975,0.05605381165919283,2107.2,4.21,0.0
9867,0,189,-0.8119999999999998,0.0582010582010582,2107.3,4.21,0.0
9868,3,585,2.5839999999999597,0.05641025641025641,2107.6,4.21,0.0
9869,1,340,0.33899999999998665,0.05588235294117647,2107.8,4.21,0.0
9870,1,313,0.3119999999999896,0.054313099041533544,2107.9,4.21,0.0
9871,0,179,-0.8219999999999998,0.055865921787709494,2108.0,4.21,0.0
9872,0,179,-0.8219999999999998,0.055865921787709494,2108.1,4.21,0.0
9873,3,579,2.5779999999999603,0.055267702936096716,2108.4,4.21,0.0
9874,1,315,0.3139999999999894,0.05714285714285714,2108.6,4.21,0.0
9875,7,1122,7.121000000000031,0.05614973262032086,2109.2,4.21,0.0
9876,3,579,2.5779999999999603,0.055267702936096716,2109.5,4.21,0.0
9877,2,453,1.4519999999999742,0.05739514348785872,2109.7,4.21,0.0
9878,6,979,5.978000000000075,0.05515832482124617,2110.3,4.21,0.0
9879,0,179,-0.8219999999999998,0.055865921787709494,2110.4,4.21,0.0
9880,4,713,3.711999999999988,0.0546984572230014,2110.7,4.21,0.0
9881,4,713,3.711999999999988,0.056100981767180924,2111.1,4.21,0.0
9882,0,192,-0.8089999999999998,0.057291666666666664,2111.2,4.21,0.0
9883,3,610,2.608999999999957,0.05573770491803279,2111.6,4.21,0.0
9884,7,1113,7.112000000000036,0.05480682839173405,2112.1,4.21,0.0
9885,0,213,-0.7879999999999998,0.056338028169014086,2112.2,4.21,0.0
9886,2,456,1.4549999999999739,0.05701754385964912,2112.5,4.21,0.0
9887,3,582,2.58099999999996,0.05670103092783505,2112.8,4.21,0.0
9888,1,313,0.3119999999999896,0.05750798722044728,2113.0,4.21,0.0
9889,2,446,1.444999999999975,0.05605381165919283,2113.2,4.21,0.0
9890,2,446,1.444999999999975,0.05605381165919283,2113.4,4.21,0.0
9891,1,313,0.3119999999999896,0.054313099041533544,2113.6,4.21,0.0
9892,5,853,4.852000000000034,0.05627198124267292,2114.1,4.21,0.0
9893,0,179,-0.8219999999999998,0.055865921787709494,2114.2,4.21,0.0
9894,3,579,2.5779999999999603,0.055267702936096716,2114.5,4.21,0.0
9895,0,179,-0.8219999999999998,0.055865921787709494,2114.6,4.21,0.0
9896,1,313,0.3119999999999896,0.054313099041533544,2114.7,4.21,0.0
9897,2,446,1.444999999999975,0.05605381165919283,2115.0,4.21,0.0
9898,0,191,-0.8099999999999998,0.05759162303664921,2115.1,4.21,0.0
9899,1,313,0.3119999999999896,0.054313099041533544,2115.2,4.21,0.0
9900,0,179,-0.8219999999999998,0.055865921787709494,2115.3,4.21,0.0
9901,0,179,-0.8219999999999998,0.055865921787709494,2115.4,4.21,0.0
9902,0,181,-0.8199999999999998,0.06077348066298342,2115.5,4.21,0.0
9903,6,979,5.978000000000075,0.056179775280898875,2116.0,4.21,0.0
9904,1,341,0.33999999999998654,0.05571847507331378,2116.2,4.21,0.0
9905,0,192,-0.8089999999999998,0.057291666666666664,2116.3,4.21,0.0
9906,1,313,0.3119999999999896,0.05750798722044728,2116.5,4.21,0.0
9907,2,446,1.444999999999975,0.05605381165919283,2116.7,4.21,0.0
9908,0,184,-0.8169999999999998,0.059782608695652176,2116.9,4.21,0.0
9909,6,979,5.978000000000075,0.05515832482124617,2117.4,4.21,0.0
9910,4,713,3.711999999999988,0.056100981767180924,2117.7,4.21,0.0
9911,3,582,2.58099999999996,0.05670103092783505,2118.1,4.21,0.0
9912,0,190,-0.8109999999999998,0.05789473684210526,2118.2,4.21,0.0
9913,2,448,1.4469999999999748,0.05580357142857143,2118.4,4.21,0.0
9914,1,323,0.3219999999999885,0.05572755417956656,2118.6,4.21,0.0
9915,4,731,3.729999999999994,0.0560875512995896,2119.0,4.21,0.0
9916,4,713,3.711999999999988,0.056100981767180924,2119.3,4.21,0.0
9917,0,189,-0.8119999999999998,0.0582010582010582,2119.4,4.21,0.0
9918,1,313,0.3119999999999896,0.054313099041533544,2119.6,4.21,0.0
9919,0,179,-0.8219999999999998,0.055865921787709494,2119.7,4.21,0.0
9920,3,579,2.5779999999999603,0.055267702936096716,2120.0,4.21,0.0
9921,0,179,-0.8219999999999998,0.055865921787709494,2120.1,4.21,0.0
9922,2,462,1.4609999999999732,0.05627705627705628,2120.4,4.21,0.0
9923,3,579,2.5779999999999603,0.055267702936096716,2120.7,4.21,0.0
9924,5,846,4.845000000000032,0.05555555555555555,2121.1,4.21,0.0
9925,4,713,3.711999999999988,0.0546984572230014,2121.5,4.21,0.0
9926,0,185,-0.8159999999999998,0.05945945945945946,2121.6,4.21,0.0
9927,0,179,-0.8219999999999998,0.055865921787709494,2121.7,4.21,0.0
9928,1,322,0.32099999999998863,0.055900621118012424,2121.9,4.21,0.0
9929,2,446,1.444999999999975,0.05605381165919283,2122.1,4.21,0.0
9930,0,187,-0.8139999999999998,0.058823529411764705,2122.2,4.21,0.0
9931,1,313,0.3119999999999896,0.054313099041533544,2122.4,4.21,0.0
9932,0,188,-0.8129999999999998,0.05851063829787234,2122.5,4.21,0.0
9933,0,179,-0.8219999999999998,0.055865921787709494,2122.6,4.21,0.0
9934,1,313,0.3119999999999896,0.054313099041533544,2122.7,4.21,0.0
9935,4,713,3.711999999999988,0.0546984572230014,2123.1,4.21,0.0
9936,6,987,5.986000000000078,0.05572441742654509,2123.6,4.21,0.0
9937,3,579,2.5779999999999603,0.055267702936096716,2123.9,4.21,0.0
9938,0,179,-0.8219999999999998,0.055865921787709494,2124.0,4.21,0.0
9939,2,446,1.444999999999975,0.053811659192825115,2124.3,4.21,0.0
9940,0,179,-0.8219999999999998,0.055865921787709494,2124.4,4.21,0.0
9941,3,579,2.5779999999999603,0.055267702936096716,2124.7,4.21,0.0
9942,0,194,-0.8069999999999998,0.05670103092783505,2124.8,4.21,0.0
9943,4,713,3.711999999999988,0.056100981767180924,2125.1,4.21,0.0
9944,6,1004,6.003000000000084,0.055776892430278883,2125.7,4.21,0.0
9945,2,463,1.461999999999973,0.056155507559395246,2125.9,4.21,0.0
9946,2,446,1.444999999999975,0.05605381165919283,2126.2,4.21,0.0
9947,6,979,5.978000000000075,0.056179775280898875,2126.7,4.21,0.0
9948,0,179,-0.8219999999999998,0.055865921787709494,2126.8,4.21,0.0
9949,2,446,1.444999999999975,0.05605381165919283,2127.1,4.21,0.0
9950,0,196,-0.8049999999999998,0.05612244897959184,2127.2,4.21,0.0
9951,1,313,0.3119999999999896,0.054313099041533544,2127.3,4.21,0.0
9952,0,179,-0.8219999999999998,0.05027932960893855,2127.4,4.21,0.0
9953,0,183,-0.8179999999999998,0.060109289617486336,2127.5,4.21,0.0
9954,4,713,3.711999999999988,0.056100981767180924,2127.9,4.21,0.0
9955,1,316,0.3149999999999893,0.056962025316455694,2128.1,4.21,0.0
9956,2,461,1.4599999999999733,0.05639913232104121,2128.3,4.21,0.0
9957,2,446,1.444999999999975,0.05605381165919283,2128.5,4.21,0.0
9958,3,585,2.5839999999999597,0.05641025641025641,2128.9,4.21,0.0
9959,2,446,1.444999999999975,0.05605381165919283,2129.1,4.21,0.0
9960,3,589,2.587999999999959,0.05602716468590832,2129.4,4.21,0.0
9961,3,579,2.5779999999999603,0.055267702936096716,2129.7,4.21,0.0
9962,1,335,0.3339999999999872,0.056716417910447764,2129.9,4.21,0.0
9963,0,179,-0.8219999999999998,0.055865921787709494,2130.0,4.21,0.0
9964,0,179,-0.8219999999999998,0.055865921787709494,2130.1,4.21,0.0
9965,1,321,0.31999999999998874,0.056074766355140186,2130.3,4.21,0.0
9966,0,212,-0.7889999999999998,0.05660377358490566,2130.4,4.21,0.0
9967,0,179,-0.8219999999999998,0.055865921787709494,2130.5,4.21,0.0
9968,1,313,0.3119999999999896,0.054313099041533544,2130.6,4.21,0.0
9969,3,579,2.5779999999999603,0.055267702936096716,2131.0,4.21,0.0
9970,0,197,-0.8039999999999998,0.05583756345177665,2131.1,4.21,0.0
9971,0,179,-0.8219999999999998,0.055865921787709494,2131.2,4.21,0.0
9972,0,179,-0.8219999999999998,0.055865921787709494,2131.3,4.21,0.0
9973,4,713,3.711999999999988,0.056100981767180924,2131.6,4.21,0.0
9974,0,179,-0.8219999999999998,0.055865921787709494,2131.7,4.21,0.0
9975,1,313,0.3119999999999896,0.054313099041533544,2131.9,4.21,0.0
9976,1,317,0.3159999999999892,0.056782334384858045,2132.1,4.21,0.0
9977,3,579,2.5779999999999603,0.055267702936096716,2132.4,4.21,0.0
9978,0,191,-0.8099999999999998,0.05759162303664921,2132.5,4.21,0.0
9979,0,186,-0.8149999999999998,0.05913978494623656,2132.6,4.21,0.0
9980,4,713,3.711999999999988,0.056100981767180924,2133.0,4.21,0.0
9981,0,186,-0.8149999999999998,0.05913978494623656,2133.1,4.21,0.0
9982,0,179,-0.8219999999999998,0.055865921787709494,2133.2,4.21,0.0
9983,0,186,-0.8149999999999998,0.05913978494623656,2133.3,4.21,0.0
9984,1,313,0.3119999999999896,0.054313099041533544,2133.4,4.21,0.0
9985,1,313,0.3119999999999896,0.05750798722044728,2133.6,4.21,0.0
9986,4,713,3.711999999999988,0.056100981767180924,2134.0,4.21,0.0
9987,0,186,-0.8149999999999998,0.05913978494623656,2134.1,4.21,0.0
9988,0,187,-0.8139999999999998,0.058823529411764705,2134.2,4.21,0.0
9989,0,179,-0.8219999999999998,0.055865921787709494,2134.3,4.21,0.0
9990,1,323,0.3219999999999885,0.05572755417956656,2134.4,4.21,0.0
9991,0,179,-0.8219999999999998,0.055865921787709494,2134.5,4.21,0.0
9992,4,733,3.731999999999995,0.05593451568894952,2134.9,4.21,0.0
9993,0,179,-0.8219999999999998,0.055865921787709494,2135.0,4.21,0.0
9994,0,179,-0.8219999999999998,0.055865921787709494,2135.1,4.21,0.0
9995,1,313,0.3119999999999896,0.05750798722044728,2135.3,4.21,0.0
9996,1,341,0.33999999999998654,0.05571847507331378,2135.4,4.21,0.0
9997,0,179,-0.8219999999999998,0.055865921787709494,2135.5,4.21,0.0
9998,2,465,1.4639999999999729,0.05591397849462366,2135.8,4.21,0.0
9999,1,315,0.3139999999999894,0.05714285714285714,2135.9,4.21,0.0
