episode,score,steps,total_reward,flap_rate,elapsed_s,eps_per_sec,gpu_memory_mb
0,1,335,0.3339999999999872,0.056716417910447764,0.2,5.49,0.0
1,4,717,3.7159999999999895,0.05578800557880056,0.6,3.47,0.0
2,1,328,0.32699999999998797,0.057926829268292686,0.7,4.01,0.0
3,1,313,0.3119999999999896,0.054313099041533544,0.9,4.39,0.0
4,3,579,2.5779999999999603,0.055267702936096716,1.2,4.11,0.0
5,0,179,-0.8219999999999998,0.055865921787709494,1.3,4.59,0.0
6,0,179,-0.8219999999999998,0.055865921787709494,1.4,4.96,0.0
7,3,579,2.5779999999999603,0.0535405872193437,1.7,4.67,0.0
8,3,592,2.590999999999959,0.05574324324324324,2.0,4.42,0.0
9,3,579,2.5779999999999603,0.055267702936096716,2.3,4.27,0.0
10,0,204,-0.7969999999999998,0.058823529411764705,2.5,4.48,0.0
11,2,472,1.470999999999972,0.057203389830508475,2.7,4.43,0.0
12,2,446,1.444999999999975,0.05605381165919283,3.0,4.40,0.0
13,1,313,0.3119999999999896,0.054313099041533544,3.1,4.50,0.0
14,1,336,0.3349999999999871,0.05654761904761905,3.3,4.57,0.0
15,5,846,4.845000000000032,0.05555555555555555,3.7,4.28,0.0
16,1,338,0.33699999999998687,0.05325443786982249,3.9,4.34,0.0
17,1,313,0.3119999999999896,0.054313099041533544,4.1,4.41,0.0
18,7,1137,7.136000000000022,0.05452946350043975,4.7,4.03,0.0
19,3,579,2.5779999999999603,0.055267702936096716,5.0,3.99,0.0
20,4,713,3.711999999999988,0.0546984572230014,5.4,3.90,0.0
21,0,192,-0.8089999999999998,0.052083333333333336,5.5,4.01,0.0
22,0,179,-0.8219999999999998,0.055865921787709494,5.6,4.12,0.0
23,0,179,-0.8219999999999998,0.055865921787709494,5.7,4.23,0.0
24,1,313,0.3119999999999896,0.054313099041533544,5.9,4.27,0.0
25,0,191,-0.8099999999999998,0.05759162303664921,6.0,4.36,0.0
26,0,190,-0.8109999999999998,0.05789473684210526,6.1,4.45,0.0
27,3,611,2.609999999999957,0.054009819967266774,6.4,4.39,0.0
28,0,185,-0.8159999999999998,0.05945945945945946,6.5,4.48,0.0
29,0,212,-0.7889999999999998,0.05188679245283019,6.6,4.56,0.0
30,1,338,0.33699999999998687,0.05621301775147929,6.8,4.59,0.0
31,1,313,0.3119999999999896,0.054313099041533544,6.9,4.61,0.0
32,1,313,0.3119999999999896,0.054313099041533544,7.1,4.65,0.0
33,4,718,3.71699999999999,0.055710306406685235,7.5,4.55,0.0
34,2,457,1.4559999999999738,0.05689277899343545,7.7,4.54,0.0
35,0,179,-0.8219999999999998,0.055865921787709494,7.8,4.61,0.0
36,1,313,0.3119999999999896,0.054313099041533544,8.0,4.63,0.0
37,0,198,-0.8029999999999998,0.050505050505050504,8.1,4.69,0.0
38,1,313,0.3119999999999896,0.054313099041533544,8.3,4.72,0.0
39,2,446,1.444999999999975,0.053811659192825115,8.5,4.71,0.0
40,1,313,0.3119999999999896,0.05750798722044728,8.7,4.74,0.0
41,4,730,3.728999999999994,0.056164383561643834,9.1,4.63,0.0
42,0,187,-0.8139999999999998,0.058823529411764705,9.2,4.69,0.0
43,1,348,0.34699999999998576,0.05747126436781609,9.4,4.71,0.0
44,2,446,1.444999999999975,0.05605381165919283,9.6,4.70,0.0
45,1,221,0.21999999999999975,0.058823529411764705,9.7,4.74,0.0
46,3,579,2.5779999999999603,0.055267702936096716,10.0,4.70,0.0
47,0,204,-0.7969999999999998,0.058823529411764705,10.1,4.73,0.0
48,0,194,-0.8069999999999998,0.05670103092783505,10.2,4.78,0.0
49,1,337,0.335999999999987,0.05637982195845697,10.4,4.79,0.0
50,1,323,0.3219999999999885,0.05572755417956656,10.6,4.81,0.0
51,1,319,0.31799999999998896,0.05329153605015674,10.8,4.83,0.0
52,1,342,0.3409999999999864,0.05263157894736842,10.9,4.85,0.0
53,6,980,5.979000000000076,0.05612244897959184,11.5,4.70,0.0
54,5,849,4.848000000000033,0.05535924617196702,11.9,4.61,0.0
55,0,181,-0.8199999999999998,0.049723756906077346,12.0,4.66,0.0
56,0,187,-0.8139999999999998,0.058823529411764705,12.1,4.70,0.0
57,3,579,2.5779999999999603,0.05699481865284974,12.4,4.67,0.0
58,1,313,0.3119999999999896,0.054313099041533544,12.6,4.68,0.0
59,0,179,-0.8219999999999998,0.055865921787709494,12.7,4.73,0.0
60,1,320,0.31899999999998885,0.05625,12.9,4.74,0.0
61,2,446,1.444999999999975,0.05605381165919283,13.1,4.74,0.0
62,1,313,0.3119999999999896,0.05750798722044728,13.3,4.75,0.0
63,2,354,1.352999999999985,0.05649717514124294,13.5,4.76,0.0
64,1,315,0.3139999999999894,0.05714285714285714,13.6,4.77,0.0
65,0,179,-0.8219999999999998,0.05027932960893855,13.7,4.81,0.0
66,5,846,4.845000000000032,0.05555555555555555,14.2,4.73,0.0
67,6,979,5.978000000000075,0.05515832482124617,14.7,4.62,0.0
68,0,187,-0.8139999999999998,0.058823529411764705,14.8,4.66,0.0
69,3,580,2.57899999999996,0.056896551724137934,15.1,4.63,0.0
70,0,186,-0.8149999999999998,0.05913978494623656,15.2,4.67,0.0
71,2,446,1.444999999999975,0.05605381165919283,15.4,4.66,0.0
72,4,736,3.734999999999996,0.05570652173913043,15.8,4.61,0.0
73,0,179,-0.8219999999999998,0.05027932960893855,15.9,4.65,0.0
74,1,313,0.3119999999999896,0.054313099041533544,16.1,4.66,0.0
75,5,846,4.845000000000032,0.05555555555555555,16.5,4.60,0.0
76,0,183,-0.8179999999999998,0.04918032786885246,16.6,4.63,0.0
77,0,180,-0.8209999999999998,0.05,16.7,4.66,0.0
78,1,327,0.3259999999999881,0.0581039755351682,16.9,4.67,0.0
79,1,313,0.3119999999999896,0.054313099041533544,17.1,4.68,0.0
80,1,346,0.344999999999986,0.057803468208092484,17.3,4.69,0.0
81,0,179,-0.8219999999999998,0.055865921787709494,17.4,4.72,0.0
82,0,198,-0.8029999999999998,0.050505050505050504,17.5,4.75,0.0
83,0,188,-0.8129999999999998,0.05851063829787234,17.6,4.78,0.0
84,0,194,-0.8069999999999998,0.05670103092783505,17.7,4.81,0.0
85,4,713,3.711999999999988,0.056100981767180924,18.1,4.76,0.0
86,1,313,0.3119999999999896,0.054313099041533544,18.2,4.77,0.0
87,1,313,0.3119999999999896,0.054313099041533544,18.4,4.79,0.0
88,3,579,2.5779999999999603,0.055267702936096716,18.7,4.76,0.0
89,0,179,-0.8219999999999998,0.055865921787709494,18.8,4.79,0.0
90,5,846,4.845000000000032,0.05555555555555555,19.2,4.73,0.0
91,8,1250,8.24899999999996,0.056,19.9,4.62,0.0
92,4,732,3.7309999999999945,0.056010928961748634,20.3,4.58,0.0
93,1,320,0.31899999999998885,0.05625,20.5,4.59,0.0
94,1,313,0.3119999999999896,0.054313099041533544,20.6,4.60,0.0
95,0,184,-0.8169999999999998,0.059782608695652176,20.7,4.63,0.0
96,5,852,4.851000000000034,0.056338028169014086,21.2,4.57,0.0
97,8,1271,8.269999999999948,0.05586152635719906,21.9,4.48,0.0
98,1,331,0.32999999999998764,0.054380664652567974,22.1,4.48,0.0
99,1,313,0.3119999999999896,0.05750798722044728,22.2,4.50,0.0
100,0,179,-0.8219999999999998,0.055865921787709494,22.3,4.52,0.0
101,0,179,-0.8219999999999998,0.05027932960893855,22.4,4.55,0.0
102,3,579,2.5779999999999603,0.055267702936096716,22.7,4.53,0.0
103,1,315,0.3139999999999894,0.05714285714285714,22.9,4.54,0.0
104,4,720,3.7189999999999905,0.05416666666666667,23.3,4.51,0.0
105,0,179,-0.8219999999999998,0.055865921787709494,23.4,4.53,0.0
106,0,179,-0.8219999999999998,0.055865921787709494,23.5,4.56,0.0
107,3,588,2.5869999999999593,0.05612244897959184,23.8,4.54,0.0
108,1,313,0.3119999999999896,0.054313099041533544,24.0,4.55,0.0
109,2,452,1.4509999999999743,0.05752212389380531,24.2,4.54,0.0
110,2,446,1.444999999999975,0.05605381165919283,24.5,4.54,0.0
111,5,846,4.845000000000032,0.05555555555555555,24.9,4.50,0.0
112,0,209,-0.7919999999999998,0.05741626794258373,25.0,4.52,0.0
113,1,313,0.3119999999999896,0.054313099041533544,25.2,4.53,0.0
114,6,979,5.978000000000075,0.05515832482124617,25.7,4.47,0.0
115,2,446,1.444999999999975,0.05605381165919283,25.9,4.47,0.0
116,3,597,2.5959999999999583,0.05695142378559464,26.3,4.45,0.0
117,3,485,2.4839999999999707,0.05567010309278351,26.5,4.45,0.0
118,3,579,2.5779999999999603,0.055267702936096716,26.8,4.43,0.0
119,0,186,-0.8149999999999998,0.05913978494623656,26.9,4.46,0.0
120,1,327,0.3259999999999881,0.0581039755351682,27.1,4.46,0.0
121,0,186,-0.8149999999999998,0.05913978494623656,27.2,4.49,0.0
122,0,189,-0.8119999999999998,0.0582010582010582,27.3,4.51,0.0
123,1,333,0.3319999999999874,0.057057057057057055,27.5,4.51,0.0
124,0,179,-0.8219999999999998,0.055865921787709494,27.6,4.53,0.0
125,1,313,0.3119999999999896,0.05750798722044728,27.7,4.54,0.0
126,0,193,-0.8079999999999998,0.05699481865284974,27.8,4.56,0.0
127,5,855,4.854000000000035,0.05497076023391813,28.3,4.52,0.0
128,0,187,-0.8139999999999998,0.058823529411764705,28.4,4.54,0.0
129,0,179,-0.8219999999999998,0.055865921787709494,28.5,4.56,0.0
130,0,179,-0.8219999999999998,0.055865921787709494,28.6,4.58,0.0
131,4,713,3.711999999999988,0.056100981767180924,29.0,4.56,0.0
132,3,579,2.5779999999999603,0.055267702936096716,29.3,4.55,0.0
133,1,313,0.3119999999999896,0.05750798722044728,29.4,4.55,0.0
134,1,330,0.32899999999998775,0.05757575757575758,29.6,4.56,0.0
135,1,336,0.3349999999999871,0.05654761904761905,29.8,4.56,0.0
136,2,470,1.4689999999999723,0.05319148936170213,30.1,4.56,0.0
137,3,586,2.5849999999999596,0.05631399317406143,30.4,4.54,0.0
138,2,446,1.444999999999975,0.05605381165919283,30.6,4.54,0.0
139,0,187,-0.8139999999999998,0.058823529411764705,30.7,4.56,0.0
140,1,342,0.3409999999999864,0.05263157894736842,30.9,4.56,0.0
141,0,179,-0.8219999999999998,0.05027932960893855,31.0,4.58,0.0
142,6,979,5.978000000000075,0.05515832482124617,31.5,4.54,0.0
143,1,316,0.3149999999999893,0.056962025316455694,31.7,4.54,0.0
144,0,179,-0.8219999999999998,0.055865921787709494,31.8,4.56,0.0
145,0,179,-0.8219999999999998,0.055865921787709494,31.9,4.58,0.0
146,1,313,0.3119999999999896,0.054313099041533544,32.0,4.59,0.0
147,1,313,0.3119999999999896,0.054313099041533544,32.2,4.59,0.0
148,2,454,1.452999999999974,0.05726872246696035,32.4,4.59,0.0
149,2,446,1.444999999999975,0.05605381165919283,32.7,4.59,0.0
150,4,729,3.7279999999999935,0.056241426611796985,33.1,4.56,0.0
151,2,446,1.444999999999975,0.05605381165919283,33.3,4.56,0.0
152,0,179,-0.8219999999999998,0.055865921787709494,33.4,4.58,0.0
153,5,751,4.75,0.0559254327563249,33.8,4.55,0.0
154,7,1122,7.121000000000031,0.05614973262032086,34.4,4.50,0.0
155,2,446,1.444999999999975,0.053811659192825115,34.7,4.50,0.0
156,2,465,1.4639999999999729,0.05591397849462366,34.9,4.50,0.0
157,2,446,1.444999999999975,0.053811659192825115,35.2,4.49,0.0
158,6,979,5.978000000000075,0.05515832482124617,35.7,4.46,0.0
159,0,184,-0.8169999999999998,0.059782608695652176,35.8,4.47,0.0
160,2,446,1.444999999999975,0.05605381165919283,36.0,4.47,0.0
161,4,713,3.711999999999988,0.0546984572230014,36.4,4.45,0.0
162,0,215,-0.7859999999999998,0.05116279069767442,36.5,4.46,0.0
163,1,337,0.335999999999987,0.05637982195845697,36.7,4.47,0.0
164,0,184,-0.8169999999999998,0.059782608695652176,36.8,4.49,0.0
165,2,465,1.4639999999999729,0.05591397849462366,37.0,4.48,0.0
166,3,579,2.5779999999999603,0.055267702936096716,37.4,4.47,0.0
167,4,713,3.711999999999988,0.0546984572230014,37.7,4.45,0.0
168,4,724,3.722999999999992,0.05662983425414365,38.1,4.43,0.0
169,4,713,3.711999999999988,0.0546984572230014,38.5,4.42,0.0
170,2,457,1.4559999999999738,0.05689277899343545,38.7,4.41,0.0
171,2,446,1.444999999999975,0.05605381165919283,39.0,4.41,0.0
172,1,313,0.3119999999999896,0.054313099041533544,39.1,4.42,0.0
173,2,452,1.4509999999999743,0.05752212389380531,39.4,4.42,0.0
174,4,713,3.711999999999988,0.0546984572230014,39.8,4.40,0.0
175,2,477,1.4759999999999716,0.05450733752620545,40.0,4.40,0.0
176,1,332,0.3309999999999875,0.0572289156626506,40.2,4.40,0.0
177,1,336,0.3349999999999871,0.05654761904761905,40.4,4.41,0.0
178,1,313,0.3119999999999896,0.054313099041533544,40.6,4.41,0.0
179,0,184,-0.8169999999999998,0.059782608695652176,40.7,4.43,0.0
180,3,579,2.5779999999999603,0.055267702936096716,41.0,4.42,0.0
181,3,579,2.5779999999999603,0.055267702936096716,41.3,4.41,0.0
182,3,609,2.607999999999957,0.05582922824302135,41.6,4.40,0.0
183,0,190,-0.8109999999999998,0.05789473684210526,41.7,4.41,0.0
184,2,454,1.452999999999974,0.05726872246696035,42.0,4.41,0.0
185,3,579,2.5779999999999603,0.055267702936096716,42.3,4.40,0.0
186,1,326,0.3249999999999882,0.05521472392638037,42.4,4.41,0.0
187,0,179,-0.8219999999999998,0.055865921787709494,42.5,4.42,0.0
188,3,579,2.5779999999999603,0.055267702936096716,42.9,4.41,0.0
189,4,714,3.7129999999999885,0.056022408963585436,43.2,4.39,0.0
190,0,207,-0.7939999999999998,0.057971014492753624,43.3,4.41,0.0
191,2,462,1.4609999999999732,0.05627705627705628,43.6,4.40,0.0
192,1,313,0.3119999999999896,0.054313099041533544,43.8,4.41,0.0
193,1,313,0.3119999999999896,0.054313099041533544,43.9,4.42,0.0
194,1,313,0.3119999999999896,0.054313099041533544,44.1,4.42,0.0
195,0,210,-0.7909999999999998,0.05714285714285714,44.2,4.43,0.0
196,0,179,-0.8219999999999998,0.055865921787709494,44.3,4.45,0.0
197,1,314,0.3129999999999895,0.05732484076433121,44.5,4.45,0.0
198,0,195,-0.8059999999999998,0.05641025641025641,44.6,4.46,0.0
199,0,179,-0.8219999999999998,0.055865921787709494,44.7,4.48,0.0
200,4,713,3.711999999999988,0.056100981767180924,45.1,4.46,0.0
201,0,192,-0.8089999999999998,0.057291666666666664,45.2,4.47,0.0
202,2,446,1.444999999999975,0.05605381165919283,45.4,4.47,0.0
203,0,193,-0.8079999999999998,0.05699481865284974,45.5,4.48,0.0
204,9,1380,9.378999999999888,0.05579710144927536,46.3,4.43,0.0
205,2,446,1.444999999999975,0.05605381165919283,46.5,4.43,0.0
206,3,579,2.5779999999999603,0.055267702936096716,46.8,4.42,0.0
207,0,179,-0.8219999999999998,0.055865921787709494,46.9,4.44,0.0
208,2,446,1.444999999999975,0.053811659192825115,47.1,4.43,0.0
209,6,993,5.99200000000008,0.054380664652567974,47.7,4.41,0.0
210,4,730,3.728999999999994,0.056164383561643834,48.1,4.39,0.0
211,3,579,2.5779999999999603,0.055267702936096716,48.4,4.38,0.0
212,1,313,0.3119999999999896,0.054313099041533544,48.5,4.39,0.0
213,4,713,3.711999999999988,0.056100981767180924,48.9,4.37,0.0
214,5,851,4.850000000000033,0.0564042303172738,49.4,4.35,0.0
215,3,582,2.58099999999996,0.05670103092783505,49.7,4.35,0.0
216,0,179,-0.8219999999999998,0.055865921787709494,49.8,4.36,0.0
217,0,179,-0.8219999999999998,0.05027932960893855,49.9,4.37,0.0
218,2,468,1.4669999999999725,0.053418803418803416,50.1,4.37,0.0
219,1,318,0.31699999999998907,0.05660377358490566,50.3,4.37,0.0
220,2,446,1.444999999999975,0.05605381165919283,50.5,4.37,0.0
221,3,584,2.5829999999999598,0.05650684931506849,50.9,4.37,0.0
222,1,313,0.3119999999999896,0.05750798722044728,51.0,4.37,0.0
223,0,179,-0.8219999999999998,0.055865921787709494,51.1,4.38,0.0
224,3,486,2.4849999999999706,0.053497942386831275,51.4,4.38,0.0
225,1,313,0.3119999999999896,0.054313099041533544,51.6,4.38,0.0
226,0,179,-0.8219999999999998,0.055865921787709494,51.7,4.39,0.0
227,0,179,-0.8219999999999998,0.055865921787709494,51.7,4.41,0.0
228,1,341,0.33999999999998654,0.05278592375366569,51.9,4.41,0.0
229,0,179,-0.8219999999999998,0.055865921787709494,52.0,4.42,0.0
230,0,179,-0.8219999999999998,0.055865921787709494,52.1,4.43,0.0
231,1,321,0.31999999999998874,0.056074766355140186,52.3,4.44,0.0
232,3,585,2.5839999999999597,0.05641025641025641,52.6,4.43,0.0
233,1,335,0.3339999999999872,0.056716417910447764,52.8,4.43,0.0
234,3,579,2.5779999999999603,0.055267702936096716,53.1,4.43,0.0
235,1,330,0.32899999999998775,0.05757575757575758,53.3,4.43,0.0
236,0,179,-0.8219999999999998,0.055865921787709494,53.4,4.44,0.0
237,1,313,0.3119999999999896,0.05750798722044728,53.5,4.45,0.0
238,2,446,1.444999999999975,0.05605381165919283,53.8,4.45,0.0
239,1,313,0.3119999999999896,0.054313099041533544,53.9,4.45,0.0
240,0,179,-0.8219999999999998,0.05027932960893855,54.0,4.46,0.0
241,1,313,0.3119999999999896,0.054313099041533544,54.2,4.47,0.0
242,0,189,-0.8119999999999998,0.0582010582010582,54.3,4.48,0.0
243,2,458,1.4569999999999736,0.056768558951965066,54.5,4.48,0.0
244,2,446,1.444999999999975,0.053811659192825115,54.8,4.47,0.0
245,5,846,4.845000000000032,0.05555555555555555,55.2,4.46,0.0
246,0,181,-0.8199999999999998,0.049723756906077346,55.3,4.47,0.0
247,3,583,2.58199999999996,0.05660377358490566,55.6,4.46,0.0
248,2,464,1.462999999999973,0.05387931034482758,55.8,4.46,0.0
249,4,713,3.711999999999988,0.056100981767180924,56.2,4.45,0.0
250,6,997,5.996000000000081,0.05616850551654965,56.8,4.42,0.0
251,3,617,3.615999999999956,0.05672609400324149,57.1,4.41,0.0
252,1,313,0.3119999999999896,0.05750798722044728,57.2,4.42,0.0
253,10,1513,10.511999999999814,0.05551883674818242,58.1,4.38,0.0
254,0,179,-0.8219999999999998,0.055865921787709494,58.1,4.39,0.0
255,0,186,-0.8149999999999998,0.05913978494623656,58.2,4.40,0.0
256,2,446,1.444999999999975,0.05605381165919283,58.5,4.40,0.0
257,3,579,2.5779999999999603,0.055267702936096716,58.8,4.39,0.0
258,1,313,0.3119999999999896,0.054313099041533544,59.0,4.39,0.0
259,4,714,3.7129999999999885,0.056022408963585436,59.3,4.38,0.0
260,0,184,-0.8169999999999998,0.059782608695652176,59.4,4.39,0.0
261,7,1143,7.142000000000019,0.05599300087489064,60.0,4.36,0.0
262,4,713,3.711999999999988,0.0546984572230014,60.4,4.35,0.0
263,0,191,-0.8099999999999998,0.05759162303664921,60.5,4.36,0.0
264,0,183,-0.8179999999999998,0.060109289617486336,60.6,4.37,0.0
265,5,846,4.845000000000032,0.05555555555555555,61.1,4.35,0.0
266,1,318,0.31699999999998907,0.05660377358490566,61.3,4.36,0.0
267,0,187,-0.8139999999999998,0.058823529411764705,61.4,4.37,0.0
268,0,208,-0.7929999999999998,0.057692307692307696,61.5,4.38,0.0
269,3,582,2.58099999999996,0.05670103092783505,61.8,4.37,0.0
270,3,486,2.4849999999999706,0.053497942386831275,62.1,4.37,0.0
271,4,735,3.7339999999999955,0.055782312925170066,62.5,4.35,0.0
272,2,457,1.4559999999999738,0.05689277899343545,62.7,4.35,0.0
273,1,315,0.3139999999999894,0.05714285714285714,62.9,4.36,0.0
274,2,483,2.481999999999971,0.053830227743271224,63.1,4.36,0.0
275,3,579,2.5779999999999603,0.055267702936096716,63.4,4.35,0.0
276,0,187,-0.8139999999999998,0.058823529411764705,63.5,4.36,0.0
277,2,464,1.462999999999973,0.05603448275862069,63.8,4.36,0.0
278,2,446,1.444999999999975,0.05605381165919283,64.0,4.36,0.0
279,0,211,-0.7899999999999998,0.05687203791469194,64.1,4.37,0.0
280,0,179,-0.8219999999999998,0.055865921787709494,64.2,4.38,0.0
281,0,179,-0.8219999999999998,0.055865921787709494,64.3,4.39,0.0
282,5,862,4.861000000000037,0.05568445475638051,64.8,4.37,0.0
283,0,179,-0.8219999999999998,0.055865921787709494,64.9,4.38,0.0
284,1,315,0.3139999999999894,0.05714285714285714,65.0,4.38,0.0
285,1,329,0.32799999999998786,0.057750759878419454,65.2,4.39,0.0
286,0,179,-0.8219999999999998,0.055865921787709494,65.3,4.40,0.0
287,1,218,0.21700000000000008,0.05045871559633028,65.4,4.40,0.0
288,2,465,1.4639999999999729,0.05591397849462366,65.7,4.40,0.0
289,0,179,-0.8219999999999998,0.055865921787709494,65.7,4.41,0.0
290,2,446,1.444999999999975,0.05605381165919283,66.0,4.41,0.0
291,3,597,2.5959999999999583,0.05695142378559464,66.3,4.40,0.0
292,2,455,1.453999999999974,0.05714285714285714,66.6,4.40,0.0
293,7,1120,7.119000000000032,0.05625,67.1,4.38,0.0
294,0,179,-0.8219999999999998,0.055865921787709494,67.2,4.39,0.0
295,7,1113,7.112000000000036,0.055705300988319856,67.8,4.36,0.0
296,0,179,-0.8219999999999998,0.05027932960893855,67.9,4.37,0.0
297,1,331,0.32999999999998764,0.05740181268882175,68.1,4.38,0.0
298,0,194,-0.8069999999999998,0.05670103092783505,68.2,4.38,0.0
299,2,455,1.453999999999974,0.05714285714285714,68.5,4.38,0.0
300,1,335,0.3339999999999872,0.056716417910447764,68.6,4.39,0.0
301,1,322,0.32099999999998863,0.055900621118012424,68.8,4.39,0.0
302,6,979,5.978000000000075,0.05515832482124617,69.3,4.37,0.0
303,2,459,1.4579999999999735,0.05664488017429194,69.6,4.37,0.0
304,3,579,2.5779999999999603,0.055267702936096716,69.9,4.36,0.0
305,0,179,-0.8219999999999998,0.055865921787709494,70.0,4.37,0.0
306,3,579,2.5779999999999603,0.055267702936096716,70.3,4.37,0.0
307,1,313,0.3119999999999896,0.054313099041533544,70.4,4.37,0.0
308,8,1246,8.244999999999962,0.05537720706260032,71.2,4.34,0.0
309,0,204,-0.7969999999999998,0.058823529411764705,71.3,4.35,0.0
310,1,313,0.3119999999999896,0.054313099041533544,71.4,4.35,0.0
311,1,318,0.31699999999998907,0.05660377358490566,71.6,4.36,0.0
312,0,193,-0.8079999999999998,0.05699481865284974,71.7,4.36,0.0
313,0,179,-0.8219999999999998,0.055865921787709494,71.8,4.37,0.0
314,2,446,1.444999999999975,0.05605381165919283,72.1,4.37,0.0
315,5,846,4.845000000000032,0.05555555555555555,72.5,4.36,0.0
316,0,209,-0.7919999999999998,0.05741626794258373,72.6,4.37,0.0
317,5,875,4.874000000000041,0.056,73.1,4.35,0.0
318,2,446,1.444999999999975,0.05605381165919283,73.3,4.35,0.0
319,0,179,-0.8219999999999998,0.055865921787709494,73.4,4.36,0.0
320,3,579,2.5779999999999603,0.055267702936096716,73.7,4.36,0.0
321,0,179,-0.8219999999999998,0.055865921787709494,73.8,4.36,0.0
322,5,859,4.858000000000036,0.05587892898719441,74.3,4.35,0.0
323,0,179,-0.8219999999999998,0.055865921787709494,74.4,4.36,0.0
324,0,184,-0.8169999999999998,0.059782608695652176,74.5,4.36,0.0
325,0,208,-0.7929999999999998,0.057692307692307696,74.6,4.37,0.0
326,7,1146,7.145000000000017,0.055846422338568937,75.2,4.35,0.0
327,1,328,0.32699999999998797,0.054878048780487805,75.4,4.35,0.0
328,3,579,2.5779999999999603,0.055267702936096716,75.7,4.35,0.0
329,3,588,2.5869999999999593,0.05612244897959184,76.0,4.34,0.0
330,2,464,1.462999999999973,0.05387931034482758,76.2,4.34,0.0
331,2,454,1.452999999999974,0.05726872246696035,76.5,4.34,0.0
332,3,579,2.5779999999999603,0.055267702936096716,76.8,4.34,0.0
333,2,453,1.4519999999999742,0.05739514348785872,77.0,4.34,0.0
334,2,446,1.444999999999975,0.05605381165919283,77.3,4.34,0.0
335,3,588,2.5869999999999593,0.05612244897959184,77.6,4.33,0.0
336,2,462,1.4609999999999732,0.05627705627705628,77.8,4.33,0.0
337,1,313,0.3119999999999896,0.054313099041533544,78.0,4.33,0.0
338,7,1120,7.119000000000032,0.054464285714285715,78.6,4.31,0.0
339,0,184,-0.8169999999999998,0.059782608695652176,78.7,4.32,0.0
340,0,179,-0.8219999999999998,0.055865921787709494,78.8,4.33,0.0
341,0,179,-0.8219999999999998,0.055865921787709494,78.9,4.34,0.0
342,2,446,1.444999999999975,0.053811659192825115,79.1,4.34,0.0
343,0,188,-0.8129999999999998,0.05851063829787234,79.2,4.34,0.0
344,0,202,-0.7989999999999998,0.0594059405940594,79.3,4.35,0.0
345,0,187,-0.8139999999999998,0.058823529411764705,79.4,4.36,0.0
346,0,186,-0.8149999999999998,0.05913978494623656,79.5,4.37,0.0
347,4,713,3.711999999999988,0.056100981767180924,79.9,4.36,0.0
348,0,179,-0.8219999999999998,0.055865921787709494,80.0,4.36,0.0
349,0,193,-0.8079999999999998,0.05699481865284974,80.1,4.37,0.0
350,3,579,2.5779999999999603,0.055267702936096716,80.4,4.37,0.0
351,0,214,-0.7869999999999998,0.0514018691588785,80.5,4.37,0.0
352,0,212,-0.7889999999999998,0.05660377358490566,80.6,4.38,0.0
353,3,604,2.6029999999999576,0.056291390728476824,80.9,4.37,0.0
354,5,846,4.845000000000032,0.05555555555555555,81.4,4.36,0.0
355,7,1113,7.112000000000036,0.05480682839173405,82.0,4.34,0.0
356,5,868,4.867000000000039,0.05414746543778802,82.4,4.33,0.0
357,5,851,4.850000000000033,0.0564042303172738,82.9,4.32,0.0
358,2,446,1.444999999999975,0.05605381165919283,83.1,4.32,0.0
359,0,187,-0.8139999999999998,0.058823529411764705,83.2,4.33,0.0
360,0,179,-0.8219999999999998,0.055865921787709494,83.3,4.33,0.0
361,0,183,-0.8179999999999998,0.060109289617486336,83.4,4.34,0.0
362,1,313,0.3119999999999896,0.054313099041533544,83.6,4.34,0.0
363,0,186,-0.8149999999999998,0.05913978494623656,83.7,4.35,0.0
364,0,192,-0.8089999999999998,0.057291666666666664,83.8,4.36,0.0
365,3,579,2.5779999999999603,0.055267702936096716,84.1,4.35,0.0
366,2,446,1.444999999999975,0.05605381165919283,84.3,4.35,0.0
367,0,189,-0.8119999999999998,0.0582010582010582,84.4,4.36,0.0
368,0,179,-0.8219999999999998,0.055865921787709494,84.5,4.37,0.0
369,3,579,2.5779999999999603,0.055267702936096716,84.8,4.36,0.0
370,0,208,-0.7929999999999998,0.057692307692307696,84.9,4.37,0.0
371,3,579,2.5779999999999603,0.055267702936096716,85.2,4.36,0.0
372,3,579,2.5779999999999603,0.055267702936096716,85.5,4.36,0.0
373,0,184,-0.8169999999999998,0.059782608695652176,85.6,4.37,0.0
374,1,313,0.3119999999999896,0.054313099041533544,85.8,4.37,0.0
375,2,446,1.444999999999975,0.05605381165919283,86.0,4.37,0.0
376,0,208,-0.7929999999999998,0.052884615384615384,86.2,4.38,0.0
377,2,469,1.4679999999999724,0.053304904051172705,86.4,4.37,0.0
378,0,186,-0.8149999999999998,0.05913978494623656,86.5,4.38,0.0
379,4,728,3.726999999999993,0.05631868131868132,86.9,4.37,0.0
380,0,192,-0.8089999999999998,0.057291666666666664,87.0,4.38,0.0
381,1,313,0.3119999999999896,0.054313099041533544,87.2,4.38,0.0
382,0,179,-0.8219999999999998,0.055865921787709494,87.3,4.39,0.0
383,1,313,0.3119999999999896,0.054313099041533544,87.4,4.39,0.0
384,0,179,-0.8219999999999998,0.055865921787709494,87.5,4.40,0.0
385,3,581,2.57999999999996,0.05679862306368331,87.8,4.39,0.0
386,1,313,0.3119999999999896,0.054313099041533544,88.0,4.40,0.0
387,0,208,-0.7929999999999998,0.057692307692307696,88.1,4.40,0.0
388,0,179,-0.8219999999999998,0.05027932960893855,88.2,4.41,0.0
389,2,446,1.444999999999975,0.05605381165919283,88.5,4.41,0.0
390,4,729,3.7279999999999935,0.05486968449931413,88.9,4.40,0.0
391,4,713,3.711999999999988,0.0546984572230014,89.2,4.39,0.0
392,2,446,1.444999999999975,0.05605381165919283,89.5,4.39,0.0
393,2,446,1.444999999999975,0.05605381165919283,89.7,4.39,0.0
394,0,186,-0.8149999999999998,0.05913978494623656,89.8,4.40,0.0
395,2,352,1.3509999999999853,0.056818181818181816,90.0,4.40,0.0
396,8,1246,8.244999999999962,0.056179775280898875,90.7,4.38,0.0
397,1,339,0.33799999999998676,0.05604719764011799,90.8,4.38,0.0
398,0,186,-0.8149999999999998,0.05913978494623656,90.9,4.39,0.0
399,2,446,1.444999999999975,0.05605381165919283,91.2,4.39,0.0
400,0,195,-0.8059999999999998,0.05641025641025641,91.3,4.39,0.0
401,1,313,0.3119999999999896,0.054313099041533544,91.5,4.40,0.0
402,1,313,0.3119999999999896,0.054313099041533544,91.6,4.40,0.0
403,7,1113,7.112000000000036,0.055705300988319856,92.2,4.38,0.0
404,2,446,1.444999999999975,0.05605381165919283,92.5,4.38,0.0
405,0,209,-0.7919999999999998,0.05741626794258373,92.6,4.39,0.0
406,2,469,1.4679999999999724,0.053304904051172705,92.8,4.38,0.0
407,1,313,0.3119999999999896,0.054313099041533544,93.0,4.39,0.0
408,1,313,0.3119999999999896,0.054313099041533544,93.2,4.39,0.0
409,1,313,0.3119999999999896,0.054313099041533544,93.3,4.39,0.0
410,0,186,-0.8149999999999998,0.05913978494623656,93.4,4.40,0.0
411,0,179,-0.8219999999999998,0.055865921787709494,93.5,4.41,0.0
412,2,446,1.444999999999975,0.053811659192825115,93.8,4.40,0.0
413,2,446,1.444999999999975,0.05605381165919283,94.0,4.40,0.0
414,2,459,1.4579999999999735,0.05664488017429194,94.3,4.40,0.0
415,2,446,1.444999999999975,0.05605381165919283,94.5,4.40,0.0
416,2,446,1.444999999999975,0.05605381165919283,94.7,4.40,0.0
417,0,179,-0.8219999999999998,0.055865921787709494,94.8,4.41,0.0
418,2,446,1.444999999999975,0.05605381165919283,95.1,4.41,0.0
419,4,713,3.711999999999988,0.0546984572230014,95.4,4.40,0.0
420,1,313,0.3119999999999896,0.054313099041533544,95.6,4.40,0.0
421,4,713,3.711999999999988,0.056100981767180924,96.0,4.40,0.0
422,1,219,0.21799999999999997,0.0547945205479452,96.1,4.40,0.0
423,0,179,-0.8219999999999998,0.055865921787709494,96.2,4.41,0.0
424,3,579,2.5779999999999603,0.055267702936096716,96.5,4.40,0.0
425,1,325,0.3239999999999883,0.052307692307692305,96.7,4.41,0.0
426,2,454,1.452999999999974,0.05726872246696035,96.9,4.40,0.0
427,1,320,0.31899999999998885,0.05625,97.1,4.41,0.0
428,1,313,0.3119999999999896,0.054313099041533544,97.3,4.41,0.0
429,6,979,5.978000000000075,0.05515832482124617,97.8,4.40,0.0
430,4,713,3.711999999999988,0.0546984572230014,98.2,4.39,0.0
431,4,713,3.711999999999988,0.056100981767180924,98.6,4.38,0.0
432,0,179,-0.8219999999999998,0.055865921787709494,98.7,4.39,0.0
433,0,185,-0.8159999999999998,0.05945945945945946,98.8,4.39,0.0
434,10,1516,10.514999999999812,0.056068601583113456,99.6,4.37,0.0
435,3,579,2.5779999999999603,0.055267702936096716,99.9,4.36,0.0
436,0,185,-0.8159999999999998,0.05945945945945946,100.0,4.37,0.0
437,2,446,1.444999999999975,0.05605381165919283,100.3,4.37,0.0
438,3,613,2.6119999999999566,0.053833605220228384,100.6,4.36,0.0
439,4,736,3.734999999999996,0.05570652173913043,101.0,4.36,0.0
440,1,328,0.32699999999998797,0.057926829268292686,101.1,4.36,0.0
441,0,179,-0.8219999999999998,0.055865921787709494,101.2,4.37,0.0
442,1,313,0.3119999999999896,0.054313099041533544,101.4,4.37,0.0
443,1,313,0.3119999999999896,0.051118210862619806,101.6,4.37,0.0
444,1,313,0.3119999999999896,0.054313099041533544,101.8,4.37,0.0
445,0,179,-0.8219999999999998,0.055865921787709494,101.9,4.38,0.0
446,7,1125,7.124000000000029,0.056,102.5,4.36,0.0
447,0,193,-0.8079999999999998,0.05699481865284974,102.6,4.37,0.0
448,3,579,2.5779999999999603,0.055267702936096716,102.9,4.36,0.0
449,8,1253,8.251999999999958,0.055865921787709494,103.5,4.35,0.0
450,8,1251,8.24999999999996,0.055955235811350916,104.2,4.33,0.0
451,4,734,3.732999999999995,0.055858310626702996,104.6,4.32,0.0
452,0,179,-0.8219999999999998,0.055865921787709494,104.7,4.33,0.0
453,1,313,0.3119999999999896,0.054313099041533544,104.9,4.33,0.0
454,6,980,5.979000000000076,0.05612244897959184,105.4,4.32,0.0
455,1,342,0.3409999999999864,0.05263157894736842,105.5,4.32,0.0
456,0,179,-0.8219999999999998,0.055865921787709494,105.6,4.33,0.0
457,6,999,5.998000000000082,0.056056056056056056,106.2,4.31,0.0
458,2,446,1.444999999999975,0.053811659192825115,106.4,4.31,0.0
459,0,186,-0.8149999999999998,0.05913978494623656,106.5,4.32,0.0
460,5,846,4.845000000000032,0.05555555555555555,107.0,4.31,0.0
461,0,179,-0.8219999999999998,0.055865921787709494,107.1,4.32,0.0
462,2,446,1.444999999999975,0.05605381165919283,107.3,4.31,0.0
463,0,215,-0.7859999999999998,0.05581395348837209,107.4,4.32,0.0
464,4,713,3.711999999999988,0.056100981767180924,107.8,4.31,0.0
465,1,313,0.3119999999999896,0.054313099041533544,108.0,4.32,0.0
466,0,179,-0.8219999999999998,0.055865921787709494,108.1,4.32,0.0
467,4,716,3.714999999999989,0.055865921787709494,108.4,4.32,0.0
468,0,210,-0.7909999999999998,0.05238095238095238,108.6,4.32,0.0
469,2,473,1.471999999999972,0.05708245243128964,108.8,4.32,0.0
470,6,979,5.978000000000075,0.05515832482124617,109.3,4.31,0.0
471,2,446,1.444999999999975,0.05605381165919283,109.6,4.31,0.0
472,1,313,0.3119999999999896,0.054313099041533544,109.7,4.31,0.0
473,0,179,-0.8219999999999998,0.055865921787709494,109.8,4.32,0.0
474,2,446,1.444999999999975,0.05605381165919283,110.1,4.31,0.0
475,0,185,-0.8159999999999998,0.05945945945945946,110.2,4.32,0.0
476,1,335,0.3339999999999872,0.056716417910447764,110.4,4.32,0.0
477,0,179,-0.8219999999999998,0.055865921787709494,110.5,4.33,0.0
478,3,579,2.5779999999999603,0.055267702936096716,110.8,4.32,0.0
479,0,187,-0.8139999999999998,0.058823529411764705,110.9,4.33,0.0
480,0,184,-0.8169999999999998,0.059782608695652176,111.0,4.33,0.0
481,0,188,-0.8129999999999998,0.05851063829787234,111.1,4.34,0.0
482,2,446,1.444999999999975,0.05605381165919283,111.3,4.34,0.0
483,3,609,2.607999999999957,0.054187192118226604,111.6,4.34,0.0
484,2,477,1.4759999999999716,0.05660377358490566,111.9,4.33,0.0
485,1,336,0.3349999999999871,0.05654761904761905,112.1,4.34,0.0
486,0,179,-0.8219999999999998,0.055865921787709494,112.2,4.34,0.0
487,1,313,0.3119999999999896,0.054313099041533544,112.3,4.34,0.0
488,4,750,4.7490000000000006,0.056,112.7,4.34,0.0
489,1,314,0.3129999999999895,0.05732484076433121,112.9,4.34,0.0
490,6,979,5.978000000000075,0.056179775280898875,113.4,4.33,0.0
491,2,446,1.444999999999975,0.05605381165919283,113.7,4.33,0.0
492,1,319,0.31799999999998896,0.05642633228840126,113.8,4.33,0.0
493,1,313,0.3119999999999896,0.054313099041533544,114.0,4.33,0.0
494,0,186,-0.8149999999999998,0.05913978494623656,114.1,4.34,0.0
495,1,322,0.32099999999998863,0.052795031055900624,114.3,4.34,0.0
496,0,179,-0.8219999999999998,0.055865921787709494,114.4,4.35,0.0
497,2,446,1.444999999999975,0.05605381165919283,114.6,4.35,0.0
498,2,446,1.444999999999975,0.05605381165919283,114.8,4.34,0.0
499,3,579,2.5779999999999603,0.05699481865284974,115.2,4.34,0.0
500,0,179,-0.8219999999999998,0.055865921787709494,115.2,4.35,0.0
501,0,184,-0.8169999999999998,0.059782608695652176,118.7,4.23,0.0
502,0,179,-0.8219999999999998,0.055865921787709494,118.8,4.23,0.0
503,2,446,1.444999999999975,0.05605381165919283,119.0,4.23,0.0
504,0,179,-0.8219999999999998,0.055865921787709494,119.1,4.24,0.0
505,0,179,-0.8219999999999998,0.055865921787709494,119.2,4.24,0.0
506,0,192,-0.8089999999999998,0.057291666666666664,119.3,4.25,0.0
507,0,179,-0.8219999999999998,0.055865921787709494,119.4,4.25,0.0
508,3,579,2.5779999999999603,0.055267702936096716,119.7,4.25,0.0
509,0,185,-0.8159999999999998,0.05945945945945946,119.8,4.26,0.0
510,4,713,3.711999999999988,0.0546984572230014,120.2,4.25,0.0
511,2,446,1.444999999999975,0.05605381165919283,120.5,4.25,0.0
512,1,313,0.3119999999999896,0.05750798722044728,120.6,4.25,0.0
513,0,179,-0.8219999999999998,0.055865921787709494,120.7,4.26,0.0
514,2,446,1.444999999999975,0.05605381165919283,121.0,4.26,0.0
515,3,602,2.600999999999958,0.05647840531561462,121.3,4.25,0.0
516,3,579,2.5779999999999603,0.055267702936096716,121.6,4.25,0.0
517,1,313,0.3119999999999896,0.054313099041533544,121.7,4.25,0.0
518,5,846,4.845000000000032,0.05555555555555555,122.2,4.25,0.0
519,2,449,1.4479999999999746,0.053452115812917596,122.5,4.25,0.0
520,0,179,-0.8219999999999998,0.055865921787709494,122.5,4.25,0.0
521,5,846,4.845000000000032,0.05555555555555555,123.0,4.24,0.0
522,0,207,-0.7939999999999998,0.057971014492753624,123.1,4.25,0.0
523,1,337,0.335999999999987,0.05341246290801187,123.3,4.25,0.0
524,2,454,1.452999999999974,0.05726872246696035,123.5,4.25,0.0
525,2,446,1.444999999999975,0.05605381165919283,123.8,4.25,0.0
526,1,313,0.3119999999999896,0.05750798722044728,123.9,4.25,0.0
527,2,354,1.352999999999985,0.05649717514124294,124.1,4.25,0.0
528,5,846,4.845000000000032,0.05555555555555555,124.6,4.25,0.0
529,1,313,0.3119999999999896,0.054313099041533544,124.7,4.25,0.0
530,1,336,0.3349999999999871,0.05357142857142857,124.9,4.25,0.0
531,2,464,1.462999999999973,0.05603448275862069,125.1,4.25,0.0
532,0,179,-0.8219999999999998,0.055865921787709494,125.2,4.26,0.0
533,3,485,2.4839999999999707,0.05360824742268041,125.5,4.25,0.0
534,1,321,0.31999999999998874,0.056074766355140186,125.7,4.26,0.0
535,4,713,3.711999999999988,0.056100981767180924,126.1,4.25,0.0
536,0,179,-0.8219999999999998,0.055865921787709494,126.1,4.26,0.0
537,0,179,-0.8219999999999998,0.055865921787709494,126.2,4.26,0.0
538,1,313,0.3119999999999896,0.054313099041533544,126.4,4.26,0.0
539,1,336,0.3349999999999871,0.05654761904761905,126.6,4.26,0.0
540,0,192,-0.8089999999999998,0.057291666666666664,126.7,4.27,0.0
541,8,1251,8.24999999999996,0.055955235811350916,127.4,4.25,0.0
542,0,179,-0.8219999999999998,0.055865921787709494,127.5,4.26,0.0
543,2,461,1.4599999999999733,0.05639913232104121,127.8,4.26,0.0
544,1,322,0.32099999999998863,0.055900621118012424,128.0,4.26,0.0
545,3,592,2.590999999999959,0.05574324324324324,128.4,4.25,0.0
546,1,319,0.31799999999998896,0.05642633228840126,128.6,4.25,0.0
547,1,319,0.31799999999998896,0.05642633228840126,128.8,4.26,0.0
548,2,446,1.444999999999975,0.05605381165919283,129.0,4.26,0.0
549,1,221,0.21999999999999975,0.058823529411764705,129.1,4.26,0.0
550,6,1000,5.999000000000082,0.056,129.6,4.25,0.0
551,0,179,-0.8219999999999998,0.055865921787709494,129.8,4.25,0.0
552,0,194,-0.8069999999999998,0.05670103092783505,129.9,4.26,0.0
553,1,313,0.3119999999999896,0.05750798722044728,130.0,4.26,0.0
554,4,713,3.711999999999988,0.0546984572230014,130.4,4.26,0.0
555,2,352,1.3509999999999853,0.05397727272727273,130.6,4.26,0.0
556,0,183,-0.8179999999999998,0.060109289617486336,130.7,4.26,0.0
557,1,313,0.3119999999999896,0.054313099041533544,130.9,4.26,0.0
558,1,313,0.3119999999999896,0.05750798722044728,131.0,4.27,0.0
559,0,185,-0.8159999999999998,0.05945945945945946,131.1,4.27,0.0
560,0,206,-0.7949999999999998,0.05825242718446602,131.2,4.27,0.0
561,1,336,0.3349999999999871,0.05654761904761905,131.4,4.28,0.0
562,0,189,-0.8119999999999998,0.0582010582010582,131.5,4.28,0.0
563,2,446,1.444999999999975,0.05605381165919283,131.7,4.28,0.0
564,3,589,2.587999999999959,0.05602716468590832,132.1,4.28,0.0
565,2,446,1.444999999999975,0.05605381165919283,132.3,4.28,0.0
566,1,313,0.3119999999999896,0.054313099041533544,132.5,4.28,0.0
567,2,446,1.444999999999975,0.053811659192825115,132.7,4.28,0.0
568,1,339,0.33799999999998676,0.05309734513274336,132.9,4.28,0.0
569,0,206,-0.7949999999999998,0.05825242718446602,133.0,4.29,0.0
570,3,579,2.5779999999999603,0.055267702936096716,133.3,4.28,0.0
571,0,179,-0.8219999999999998,0.055865921787709494,133.4,4.29,0.0
572,3,579,2.5779999999999603,0.055267702936096716,133.7,4.29,0.0
573,0,179,-0.8219999999999998,0.055865921787709494,133.8,4.29,0.0
574,4,723,3.7219999999999915,0.05394190871369295,134.2,4.28,0.0
575,2,457,1.4559999999999738,0.05689277899343545,134.4,4.28,0.0
576,0,179,-0.8219999999999998,0.055865921787709494,134.5,4.29,0.0
577,3,582,2.58099999999996,0.05670103092783505,134.8,4.29,0.0
578,2,447,1.4459999999999749,0.053691275167785234,135.1,4.29,0.0
579,5,846,4.845000000000032,0.05555555555555555,135.5,4.28,0.0
580,0,179,-0.8219999999999998,0.055865921787709494,135.6,4.28,0.0
581,0,186,-0.8149999999999998,0.05913978494623656,135.7,4.29,0.0
582,2,446,1.444999999999975,0.05605381165919283,135.9,4.29,0.0
583,13,1913,13.911999999999592,0.05593308938839519,137.0,4.26,0.0
584,0,183,-0.8179999999999998,0.060109289617486336,137.1,4.27,0.0
585,0,197,-0.8039999999999998,0.050761421319796954,137.2,4.27,0.0
586,1,313,0.3119999999999896,0.054313099041533544,137.4,4.27,0.0
587,1,337,0.335999999999987,0.05637982195845697,137.6,4.27,0.0
588,1,313,0.3119999999999896,0.054313099041533544,137.7,4.28,0.0
589,4,713,3.711999999999988,0.0546984572230014,138.1,4.27,0.0
590,0,184,-0.8169999999999998,0.059782608695652176,138.2,4.28,0.0
591,2,446,1.444999999999975,0.05605381165919283,138.4,4.28,0.0
592,1,327,0.3259999999999881,0.0581039755351682,138.6,4.28,0.0
593,1,328,0.32699999999998797,0.057926829268292686,138.8,4.28,0.0
594,2,475,1.4739999999999718,0.05473684210526316,139.1,4.28,0.0
595,0,195,-0.8059999999999998,0.05641025641025641,139.2,4.28,0.0
596,0,189,-0.8119999999999998,0.05291005291005291,139.3,4.29,0.0
597,3,485,2.4839999999999707,0.05360824742268041,139.5,4.29,0.0
598,0,179,-0.8219999999999998,0.055865921787709494,139.6,4.29,0.0
599,2,446,1.444999999999975,0.05605381165919283,139.9,4.29,0.0
600,0,179,-0.8219999999999998,0.055865921787709494,140.0,4.29,0.0
601,1,313,0.3119999999999896,0.054313099041533544,140.1,4.30,0.0
602,1,345,0.3439999999999861,0.057971014492753624,140.3,4.30,0.0
603,2,455,1.453999999999974,0.05714285714285714,140.6,4.30,0.0
604,1,320,0.31899999999998885,0.05625,140.7,4.30,0.0
605,1,318,0.31699999999998907,0.05660377358490566,140.9,4.30,0.0
606,3,594,2.5929999999999587,0.05387205387205387,141.2,4.30,0.0
607,0,208,-0.7929999999999998,0.057692307692307696,141.3,4.30,0.0
608,0,191,-0.8099999999999998,0.05759162303664921,141.4,4.31,0.0
609,1,317,0.3159999999999892,0.056782334384858045,141.6,4.31,0.0
610,3,585,2.5839999999999597,0.05641025641025641,141.9,4.31,0.0
611,0,179,-0.8219999999999998,0.055865921787709494,142.0,4.31,0.0
612,1,313,0.3119999999999896,0.054313099041533544,142.2,4.31,0.0
613,0,186,-0.8149999999999998,0.05913978494623656,142.3,4.32,0.0
614,1,329,0.32799999999998786,0.057750759878419454,142.5,4.32,0.0
615,0,179,-0.8219999999999998,0.055865921787709494,142.6,4.32,0.0
616,0,190,-0.8109999999999998,0.05789473684210526,142.6,4.33,0.0
617,0,179,-0.8219999999999998,0.055865921787709494,142.7,4.33,0.0
618,0,179,-0.8219999999999998,0.055865921787709494,142.9,4.33,0.0
619,0,179,-0.8219999999999998,0.055865921787709494,143.0,4.34,0.0
620,0,179,-0.8219999999999998,0.055865921787709494,143.0,4.34,0.0
621,3,579,2.5779999999999603,0.055267702936096716,143.4,4.34,0.0
622,3,579,2.5779999999999603,0.055267702936096716,143.7,4.34,0.0
623,5,846,4.845000000000032,0.05555555555555555,144.1,4.33,0.0
624,0,179,-0.8219999999999998,0.055865921787709494,144.2,4.33,0.0
625,3,579,2.5779999999999603,0.055267702936096716,144.5,4.33,0.0
626,1,314,0.3129999999999895,0.05732484076433121,144.7,4.33,0.0
627,2,446,1.444999999999975,0.05605381165919283,145.0,4.33,0.0
628,0,179,-0.8219999999999998,0.055865921787709494,145.1,4.34,0.0
629,2,446,1.444999999999975,0.053811659192825115,145.3,4.34,0.0
630,0,196,-0.8049999999999998,0.05102040816326531,145.4,4.34,0.0
631,3,603,2.6019999999999577,0.05638474295190713,145.7,4.34,0.0
632,0,179,-0.8219999999999998,0.055865921787709494,145.8,4.34,0.0
633,2,446,1.444999999999975,0.05605381165919283,146.0,4.34,0.0
634,0,179,-0.8219999999999998,0.055865921787709494,146.1,4.35,0.0
635,2,446,1.444999999999975,0.053811659192825115,146.4,4.35,0.0
636,2,446,1.444999999999975,0.05605381165919283,146.6,4.34,0.0
637,0,185,-0.8159999999999998,0.05945945945945946,146.7,4.35,0.0
638,1,313,0.3119999999999896,0.054313099041533544,146.9,4.35,0.0
639,2,466,1.4649999999999728,0.055793991416309016,147.1,4.35,0.0
640,2,461,1.4599999999999733,0.05639913232104121,147.4,4.35,0.0
641,3,614,2.6129999999999565,0.05374592833876222,147.7,4.35,0.0
642,12,1791,12.78999999999966,0.05583472920156337,148.6,4.33,0.0
643,4,618,3.6169999999999565,0.05663430420711974,149.0,4.32,0.0
644,3,589,2.587999999999959,0.05602716468590832,149.3,4.32,0.0
645,6,1001,6.000000000000083,0.054945054945054944,149.8,4.31,0.0
646,3,579,2.5779999999999603,0.055267702936096716,150.1,4.31,0.0
647,1,320,0.31899999999998885,0.053125,150.3,4.31,0.0
648,2,446,1.444999999999975,0.05605381165919283,150.6,4.31,0.0
649,1,221,0.21999999999999975,0.058823529411764705,150.7,4.31,0.0
650,1,218,0.21700000000000008,0.05045871559633028,150.8,4.32,0.0
651,6,979,5.978000000000075,0.05515832482124617,151.3,4.31,0.0
652,1,313,0.3119999999999896,0.054313099041533544,151.5,4.31,0.0
653,4,713,3.711999999999988,0.056100981767180924,151.9,4.31,0.0
654,1,313,0.3119999999999896,0.054313099041533544,152.0,4.31,0.0
655,5,846,4.845000000000032,0.05555555555555555,152.5,4.30,0.0
656,1,313,0.3119999999999896,0.054313099041533544,152.7,4.30,0.0
657,0,179,-0.8219999999999998,0.055865921787709494,152.8,4.31,0.0
658,4,717,3.7159999999999895,0.05439330543933055,153.2,4.30,0.0
659,0,179,-0.8219999999999998,0.055865921787709494,153.3,4.31,0.0
660,0,208,-0.7929999999999998,0.057692307692307696,153.4,4.31,0.0
661,0,185,-0.8159999999999998,0.05945945945945946,153.5,4.31,0.0
662,1,313,0.3119999999999896,0.05750798722044728,153.7,4.31,0.0
663,0,206,-0.7949999999999998,0.05825242718446602,153.8,4.32,0.0
664,3,579,2.5779999999999603,0.055267702936096716,154.1,4.32,0.0
665,1,338,0.33699999999998687,0.05325443786982249,154.2,4.32,0.0
666,3,579,2.5779999999999603,0.055267702936096716,154.6,4.32,0.0
667,0,213,-0.7879999999999998,0.056338028169014086,154.7,4.32,0.0
668,1,339,0.33799999999998676,0.05604719764011799,154.9,4.32,0.0
669,1,316,0.3149999999999893,0.056962025316455694,155.0,4.32,0.0
670,3,579,2.5779999999999603,0.055267702936096716,155.3,4.32,0.0
671,1,313,0.3119999999999896,0.054313099041533544,155.5,4.32,0.0
672,1,338,0.33699999999998687,0.05621301775147929,155.7,4.32,0.0
673,11,1646,11.64499999999974,0.05528554070473876,156.6,4.30,0.0
674,2,446,1.444999999999975,0.05605381165919283,156.8,4.30,0.0
675,1,327,0.3259999999999881,0.0581039755351682,157.0,4.31,0.0
676,4,714,3.7129999999999885,0.0546218487394958,157.4,4.30,0.0
677,1,313,0.3119999999999896,0.05750798722044728,157.6,4.30,0.0
678,1,313,0.3119999999999896,0.054313099041533544,157.7,4.31,0.0
679,2,460,1.4589999999999734,0.05652173913043478,158.0,4.30,0.0
680,0,189,-0.8119999999999998,0.0582010582010582,158.1,4.31,0.0
681,0,192,-0.8089999999999998,0.057291666666666664,158.2,4.31,0.0
682,2,446,1.444999999999975,0.05605381165919283,158.4,4.31,0.0
683,2,446,1.444999999999975,0.05605381165919283,158.6,4.31,0.0
684,4,736,3.734999999999996,0.05570652173913043,159.0,4.31,0.0
685,6,979,5.978000000000075,0.05515832482124617,159.6,4.30,0.0
686,3,583,2.58199999999996,0.05660377358490566,159.9,4.30,0.0
687,2,446,1.444999999999975,0.053811659192825115,160.1,4.30,0.0
688,0,179,-0.8219999999999998,0.055865921787709494,160.2,4.30,0.0
689,1,313,0.3119999999999896,0.054313099041533544,160.4,4.30,0.0
690,0,179,-0.8219999999999998,0.055865921787709494,160.5,4.31,0.0
691,4,748,3.747,0.05614973262032086,160.8,4.30,0.0
692,0,179,-0.8219999999999998,0.055865921787709494,160.9,4.31,0.0
693,1,313,0.3119999999999896,0.054313099041533544,161.1,4.31,0.0
694,1,313,0.3119999999999896,0.054313099041533544,161.3,4.31,0.0
695,0,179,-0.8219999999999998,0.055865921787709494,161.4,4.31,0.0
696,3,594,2.5929999999999587,0.05387205387205387,161.7,4.31,0.0
697,2,446,1.444999999999975,0.053811659192825115,161.9,4.31,0.0
698,0,213,-0.7879999999999998,0.056338028169014086,162.0,4.31,0.0
699,7,1113,7.112000000000036,0.055705300988319856,162.6,4.30,0.0
700,2,456,1.4549999999999739,0.05701754385964912,162.9,4.30,0.0
701,4,713,3.711999999999988,0.056100981767180924,163.2,4.30,0.0
702,0,179,-0.8219999999999998,0.055865921787709494,163.4,4.30,0.0
703,2,464,1.462999999999973,0.05387931034482758,163.6,4.30,0.0
704,6,1002,6.001000000000083,0.05588822355289421,164.1,4.30,0.0
705,3,602,2.600999999999958,0.05647840531561462,164.5,4.29,0.0
706,1,315,0.3139999999999894,0.05714285714285714,164.6,4.29,0.0
707,3,579,2.5779999999999603,0.055267702936096716,164.9,4.29,0.0
708,0,186,-0.8149999999999998,0.05913978494623656,165.0,4.30,0.0
709,0,196,-0.8049999999999998,0.05102040816326531,165.1,4.30,0.0
710,0,207,-0.7939999999999998,0.057971014492753624,165.3,4.30,0.0
711,5,863,4.862000000000037,0.055619930475086905,165.7,4.30,0.0
712,2,458,1.4569999999999736,0.056768558951965066,166.0,4.30,0.0
713,0,188,-0.8129999999999998,0.05851063829787234,166.1,4.30,0.0
714,2,460,1.4589999999999734,0.05652173913043478,166.3,4.30,0.0
715,4,713,3.711999999999988,0.056100981767180924,166.7,4.30,0.0
716,0,179,-0.8219999999999998,0.055865921787709494,166.8,4.30,0.0
717,2,463,1.461999999999973,0.056155507559395246,167.0,4.30,0.0
718,1,313,0.3119999999999896,0.054313099041533544,167.2,4.30,0.0
719,0,195,-0.8059999999999998,0.05641025641025641,167.3,4.30,0.0
720,5,846,4.845000000000032,0.05555555555555555,167.8,4.30,0.0
721,0,203,-0.7979999999999998,0.054187192118226604,167.9,4.30,0.0
722,1,313,0.3119999999999896,0.054313099041533544,168.1,4.30,0.0
723,0,179,-0.8219999999999998,0.055865921787709494,168.1,4.31,0.0
724,3,594,2.5929999999999587,0.05387205387205387,168.5,4.30,0.0
725,4,729,3.7279999999999935,0.056241426611796985,168.9,4.30,0.0
726,3,580,2.57899999999996,0.056896551724137934,169.2,4.30,0.0
727,0,215,-0.7859999999999998,0.05116279069767442,169.3,4.30,0.0
728,4,713,3.711999999999988,0.056100981767180924,169.7,4.30,0.0
729,0,185,-0.8159999999999998,0.05945945945945946,169.8,4.30,0.0
730,0,194,-0.8069999999999998,0.05670103092783505,169.9,4.30,0.0
731,0,189,-0.8119999999999998,0.0582010582010582,170.0,4.31,0.0
732,0,184,-0.8169999999999998,0.059782608695652176,170.1,4.31,0.0
733,0,179,-0.8219999999999998,0.05027932960893855,170.2,4.31,0.0
734,4,726,3.7249999999999925,0.05647382920110193,170.6,4.31,0.0
735,1,313,0.3119999999999896,0.05750798722044728,170.7,4.31,0.0
736,1,313,0.3119999999999896,0.05750798722044728,170.9,4.31,0.0
737,2,446,1.444999999999975,0.05605381165919283,171.2,4.31,0.0
738,2,446,1.444999999999975,0.05605381165919283,171.4,4.31,0.0
739,1,315,0.3139999999999894,0.05714285714285714,171.6,4.31,0.0
740,5,846,4.845000000000032,0.05555555555555555,172.0,4.31,0.0
741,3,579,2.5779999999999603,0.055267702936096716,172.4,4.31,0.0
742,0,209,-0.7919999999999998,0.05741626794258373,172.5,4.31,0.0
743,1,313,0.3119999999999896,0.054313099041533544,172.6,4.31,0.0
744,0,188,-0.8129999999999998,0.05851063829787234,172.7,4.31,0.0
745,0,192,-0.8089999999999998,0.057291666666666664,172.8,4.32,0.0
746,0,179,-0.8219999999999998,0.055865921787709494,172.9,4.32,0.0
747,1,322,0.32099999999998863,0.052795031055900624,173.1,4.32,0.0
748,4,747,3.7459999999999996,0.05622489959839357,173.5,4.32,0.0
749,1,336,0.3349999999999871,0.05654761904761905,173.7,4.32,0.0
750,5,846,4.845000000000032,0.05555555555555555,174.1,4.31,0.0
751,0,189,-0.8119999999999998,0.0582010582010582,174.2,4.32,0.0
752,1,338,0.33699999999998687,0.05621301775147929,174.4,4.32,0.0
753,1,314,0.3129999999999895,0.05732484076433121,174.6,4.32,0.0
754,0,179,-0.8219999999999998,0.055865921787709494,174.7,4.32,0.0
755,3,586,2.5849999999999596,0.05631399317406143,175.0,4.32,0.0
756,3,587,2.5859999999999594,0.056218057921635436,175.3,4.32,0.0
757,1,313,0.3119999999999896,0.054313099041533544,175.5,4.32,0.0
758,0,179,-0.8219999999999998,0.055865921787709494,175.6,4.32,0.0
759,2,446,1.444999999999975,0.05605381165919283,175.8,4.32,0.0
760,5,856,4.855000000000035,0.056074766355140186,176.3,4.32,0.0
761,3,579,2.5779999999999603,0.055267702936096716,176.6,4.32,0.0
762,0,179,-0.8219999999999998,0.055865921787709494,176.7,4.32,0.0
763,1,314,0.3129999999999895,0.05732484076433121,176.8,4.32,0.0
764,2,446,1.444999999999975,0.05605381165919283,177.1,4.32,0.0
765,6,980,5.979000000000076,0.05612244897959184,177.6,4.31,0.0
766,1,327,0.3259999999999881,0.05504587155963303,177.8,4.31,0.0
767,3,587,2.5859999999999594,0.056218057921635436,178.1,4.31,0.0
768,3,594,2.5929999999999587,0.05387205387205387,178.4,4.31,0.0
769,5,846,4.845000000000032,0.05555555555555555,178.9,4.30,0.0
770,2,460,1.4589999999999734,0.05652173913043478,179.1,4.30,0.0
771,1,313,0.3119999999999896,0.054313099041533544,179.3,4.31,0.0
772,0,208,-0.7929999999999998,0.057692307692307696,179.4,4.31,0.0
773,1,313,0.3119999999999896,0.054313099041533544,179.5,4.31,0.0
774,0,179,-0.8219999999999998,0.055865921787709494,179.6,4.31,0.0
775,1,313,0.3119999999999896,0.05750798722044728,179.8,4.32,0.0
776,0,188,-0.8129999999999998,0.05851063829787234,179.9,4.32,0.0
777,5,850,4.849000000000033,0.05647058823529412,180.4,4.31,0.0
778,3,579,2.5779999999999603,0.055267702936096716,180.7,4.31,0.0
779,1,313,0.3119999999999896,0.054313099041533544,180.9,4.31,0.0
780,3,587,2.5859999999999594,0.056218057921635436,181.2,4.31,0.0
781,3,579,2.5779999999999603,0.055267702936096716,181.5,4.31,0.0
782,1,313,0.3119999999999896,0.05750798722044728,181.7,4.31,0.0
783,2,458,1.4569999999999736,0.056768558951965066,181.9,4.31,0.0
784,3,579,2.5779999999999603,0.055267702936096716,182.2,4.31,0.0
785,0,192,-0.8089999999999998,0.057291666666666664,182.3,4.31,0.0
786,3,579,2.5779999999999603,0.055267702936096716,182.6,4.31,0.0
787,1,313,0.3119999999999896,0.05750798722044728,182.8,4.31,0.0
788,2,446,1.444999999999975,0.05605381165919283,183.0,4.31,0.0
789,1,313,0.3119999999999896,0.054313099041533544,183.2,4.31,0.0
790,4,713,3.711999999999988,0.056100981767180924,183.6,4.31,0.0
791,5,861,4.860000000000037,0.05574912891986063,184.0,4.30,0.0
792,3,580,2.57899999999996,0.056896551724137934,184.4,4.30,0.0
793,0,179,-0.8219999999999998,0.055865921787709494,184.5,4.30,0.0
794,1,313,0.3119999999999896,0.05750798722044728,184.6,4.31,0.0
795,1,321,0.31999999999998874,0.056074766355140186,184.8,4.31,0.0
796,1,313,0.3119999999999896,0.054313099041533544,185.0,4.31,0.0
797,1,313,0.3119999999999896,0.054313099041533544,185.1,4.31,0.0
798,1,314,0.3129999999999895,0.05732484076433121,185.3,4.31,0.0
799,4,713,3.711999999999988,0.056100981767180924,185.7,4.31,0.0
800,0,196,-0.8049999999999998,0.05102040816326531,185.8,4.31,0.0
801,1,313,0.3119999999999896,0.054313099041533544,185.9,4.31,0.0
802,3,579,2.5779999999999603,0.055267702936096716,186.3,4.31,0.0
803,3,579,2.5779999999999603,0.055267702936096716,186.6,4.31,0.0
804,2,446,1.444999999999975,0.05605381165919283,186.8,4.31,0.0
805,2,446,1.444999999999975,0.05605381165919283,187.0,4.31,0.0
806,3,579,2.5779999999999603,0.055267702936096716,187.4,4.31,0.0
807,0,179,-0.8219999999999998,0.055865921787709494,187.5,4.31,0.0
808,2,446,1.444999999999975,0.05605381165919283,187.7,4.31,0.0
809,0,211,-0.7899999999999998,0.05687203791469194,187.8,4.31,0.0
810,3,592,2.590999999999959,0.05574324324324324,188.1,4.31,0.0
811,0,181,-0.8199999999999998,0.049723756906077346,188.2,4.31,0.0
812,1,318,0.31699999999998907,0.05660377358490566,188.4,4.32,0.0
813,1,313,0.3119999999999896,0.054313099041533544,188.6,4.32,0.0
814,0,179,-0.8219999999999998,0.055865921787709494,188.7,4.32,0.0
815,4,732,3.7309999999999945,0.0546448087431694,189.1,4.32,0.0
816,0,179,-0.8219999999999998,0.055865921787709494,189.1,4.32,0.0
817,6,981,5.980000000000076,0.05606523955147808,189.7,4.31,0.0
818,0,182,-0.8189999999999998,0.054945054945054944,189.8,4.32,0.0
819,5,876,4.875000000000042,0.05593607305936073,190.2,4.31,0.0
820,4,713,3.711999999999988,0.056100981767180924,190.6,4.31,0.0
821,0,186,-0.8149999999999998,0.05913978494623656,190.7,4.31,0.0
822,5,854,4.853000000000034,0.05620608899297424,191.2,4.31,0.0
823,0,179,-0.8219999999999998,0.055865921787709494,191.3,4.31,0.0
824,2,458,1.4569999999999736,0.056768558951965066,191.5,4.31,0.0
825,5,846,4.845000000000032,0.05555555555555555,192.0,4.30,0.0
826,3,579,2.5779999999999603,0.055267702936096716,192.3,4.30,0.0
827,0,179,-0.8219999999999998,0.055865921787709494,192.3,4.30,0.0
828,0,179,-0.8219999999999998,0.055865921787709494,192.4,4.31,0.0
829,1,316,0.3149999999999893,0.056962025316455694,192.6,4.31,0.0
830,1,313,0.3119999999999896,0.054313099041533544,192.8,4.31,0.0
831,3,582,2.58099999999996,0.05670103092783505,193.1,4.31,0.0
832,0,179,-0.8219999999999998,0.055865921787709494,193.2,4.31,0.0
833,1,313,0.3119999999999896,0.054313099041533544,193.4,4.31,0.0
834,5,861,4.860000000000037,0.05574912891986063,193.9,4.31,0.0
835,2,446,1.444999999999975,0.05605381165919283,194.1,4.31,0.0
836,3,592,2.590999999999959,0.05574324324324324,194.4,4.31,0.0
837,0,179,-0.8219999999999998,0.055865921787709494,194.5,4.31,0.0
838,7,1113,7.112000000000036,0.055705300988319856,195.1,4.30,0.0
839,5,854,4.853000000000034,0.05620608899297424,195.6,4.30,0.0
840,3,579,2.5779999999999603,0.055267702936096716,195.9,4.29,0.0
841,0,179,-0.8219999999999998,0.055865921787709494,196.0,4.30,0.0
842,1,219,0.21799999999999997,0.0502283105022831,196.1,4.30,0.0
843,1,327,0.3259999999999881,0.0581039755351682,196.3,4.30,0.0
844,0,184,-0.8169999999999998,0.05434782608695652,196.4,4.30,0.0
845,1,336,0.3349999999999871,0.05654761904761905,196.5,4.30,0.0
846,1,313,0.3119999999999896,0.054313099041533544,196.7,4.31,0.0
847,3,579,2.5779999999999603,0.055267702936096716,197.0,4.30,0.0
848,2,446,1.444999999999975,0.05605381165919283,197.3,4.30,0.0
849,2,446,1.444999999999975,0.05605381165919283,197.5,4.30,0.0
850,1,313,0.3119999999999896,0.05750798722044728,197.7,4.31,0.0
851,4,729,3.7279999999999935,0.056241426611796985,198.1,4.30,0.0
852,6,996,5.995000000000081,0.05622489959839357,198.6,4.30,0.0
853,1,313,0.3119999999999896,0.054313099041533544,198.8,4.30,0.0
854,3,579,2.5779999999999603,0.055267702936096716,199.1,4.30,0.0
855,1,313,0.3119999999999896,0.054313099041533544,199.2,4.30,0.0
856,1,313,0.3119999999999896,0.05750798722044728,199.4,4.30,0.0
857,1,313,0.3119999999999896,0.05750798722044728,199.6,4.30,0.0
858,5,846,4.845000000000032,0.05555555555555555,200.0,4.29,0.0
859,0,188,-0.8129999999999998,0.05851063829787234,200.1,4.30,0.0
860,0,179,-0.8219999999999998,0.055865921787709494,200.2,4.30,0.0
861,5,846,4.845000000000032,0.05555555555555555,200.7,4.30,0.0
862,3,579,2.5779999999999603,0.055267702936096716,201.0,4.29,0.0
863,3,601,2.599999999999958,0.05490848585690516,201.3,4.29,0.0
864,1,336,0.3349999999999871,0.05654761904761905,201.4,4.29,0.0
865,0,179,-0.8219999999999998,0.055865921787709494,201.5,4.30,0.0
866,4,728,3.726999999999993,0.05631868131868132,201.9,4.29,0.0
867,2,446,1.444999999999975,0.05605381165919283,202.2,4.29,0.0
868,1,329,0.32799999999998786,0.057750759878419454,202.3,4.29,0.0
869,4,717,3.7159999999999895,0.05578800557880056,202.7,4.29,0.0
870,2,446,1.444999999999975,0.05605381165919283,203.0,4.29,0.0
871,1,313,0.3119999999999896,0.054313099041533544,203.1,4.29,0.0
872,0,208,-0.7929999999999998,0.057692307692307696,203.2,4.30,0.0
873,0,179,-0.8219999999999998,0.055865921787709494,203.3,4.30,0.0
874,0,189,-0.8119999999999998,0.0582010582010582,203.4,4.30,0.0
875,1,313,0.3119999999999896,0.05750798722044728,203.6,4.30,0.0
876,6,985,5.984000000000077,0.05583756345177665,204.1,4.30,0.0
877,0,179,-0.8219999999999998,0.055865921787709494,204.2,4.30,0.0
878,3,579,2.5779999999999603,0.055267702936096716,204.5,4.30,0.0
879,1,335,0.3339999999999872,0.056716417910447764,204.7,4.30,0.0
880,0,202,-0.7989999999999998,0.054455445544554455,204.8,4.30,0.0
881,5,846,4.845000000000032,0.05555555555555555,205.3,4.30,0.0
882,7,1125,7.124000000000029,0.056,205.9,4.29,0.0
883,2,474,1.4729999999999719,0.056962025316455694,206.1,4.29,0.0
884,0,181,-0.8199999999999998,0.049723756906077346,206.2,4.29,0.0
885,2,446,1.444999999999975,0.05605381165919283,206.5,4.29,0.0
886,0,190,-0.8109999999999998,0.05789473684210526,206.6,4.29,0.0
887,8,1255,8.253999999999957,0.055776892430278883,207.2,4.28,0.0
888,0,194,-0.8069999999999998,0.05670103092783505,207.3,4.29,0.0
889,1,330,0.32899999999998775,0.05757575757575758,207.5,4.29,0.0
890,0,195,-0.8059999999999998,0.05641025641025641,207.6,4.29,0.0
891,0,191,-0.8099999999999998,0.05759162303664921,207.7,4.29,0.0
892,0,179,-0.8219999999999998,0.055865921787709494,207.8,4.30,0.0
893,0,179,-0.8219999999999998,0.055865921787709494,207.9,4.30,0.0
894,0,179,-0.8219999999999998,0.055865921787709494,208.0,4.30,0.0
895,9,1379,9.377999999999888,0.05583756345177665,208.8,4.29,0.0
896,0,213,-0.7879999999999998,0.051643192488262914,208.9,4.29,0.0
897,0,179,-0.8219999999999998,0.055865921787709494,209.0,4.30,0.0
898,2,354,1.352999999999985,0.05367231638418079,209.2,4.30,0.0
899,3,579,2.5779999999999603,0.055267702936096716,209.5,4.30,0.0
900,3,583,2.58199999999996,0.05660377358490566,209.9,4.29,0.0
901,0,195,-0.8059999999999998,0.05641025641025641,210.0,4.30,0.0
902,4,618,3.6169999999999565,0.05663430420711974,210.3,4.29,0.0
903,2,446,1.444999999999975,0.053811659192825115,210.6,4.29,0.0
904,0,207,-0.7939999999999998,0.057971014492753624,210.7,4.30,0.0
905,4,713,3.711999999999988,0.0546984572230014,211.0,4.29,0.0
906,1,315,0.3139999999999894,0.05714285714285714,211.2,4.29,0.0
907,1,313,0.3119999999999896,0.05750798722044728,211.4,4.30,0.0
908,1,313,0.3119999999999896,0.054313099041533544,211.6,4.30,0.0
909,3,579,2.5779999999999603,0.055267702936096716,211.9,4.30,0.0
910,0,192,-0.8089999999999998,0.057291666666666664,212.0,4.30,0.0
911,0,184,-0.8169999999999998,0.059782608695652176,212.1,4.30,0.0
912,0,179,-0.8219999999999998,0.055865921787709494,212.2,4.30,0.0
913,2,446,1.444999999999975,0.05605381165919283,212.4,4.30,0.0
914,3,602,2.600999999999958,0.05647840531561462,212.7,4.30,0.0
915,3,579,2.5779999999999603,0.05699481865284974,213.1,4.30,0.0
916,5,872,4.87100000000004,0.05619266055045872,213.5,4.29,0.0
917,3,582,2.58099999999996,0.05670103092783505,213.8,4.29,0.0
918,1,320,0.31899999999998885,0.05625,214.0,4.29,0.0
919,2,446,1.444999999999975,0.05605381165919283,214.2,4.29,0.0
920,5,849,4.848000000000033,0.05418138987043581,214.7,4.29,0.0
921,2,447,1.4459999999999749,0.05592841163310962,214.9,4.29,0.0
922,0,186,-0.8149999999999998,0.05913978494623656,215.0,4.29,0.0
923,2,447,1.4459999999999749,0.05592841163310962,215.3,4.29,0.0
924,2,453,1.4519999999999742,0.05739514348785872,215.5,4.29,0.0
925,3,589,2.587999999999959,0.05602716468590832,215.8,4.29,0.0
926,5,846,4.845000000000032,0.05555555555555555,216.3,4.29,0.0
927,1,323,0.3219999999999885,0.05263157894736842,216.4,4.29,0.0
928,0,179,-0.8219999999999998,0.055865921787709494,216.5,4.29,0.0
929,0,179,-0.8219999999999998,0.055865921787709494,216.6,4.29,0.0
930,1,313,0.3119999999999896,0.054313099041533544,216.8,4.29,0.0
931,0,179,-0.8219999999999998,0.055865921787709494,216.9,4.30,0.0
932,0,179,-0.8219999999999998,0.055865921787709494,217.0,4.30,0.0
933,1,313,0.3119999999999896,0.054313099041533544,217.1,4.30,0.0
934,2,457,1.4559999999999738,0.05689277899343545,217.4,4.30,0.0
935,1,343,0.3419999999999863,0.052478134110787174,217.6,4.30,0.0
936,0,202,-0.7989999999999998,0.0594059405940594,217.7,4.30,0.0
937,4,713,3.711999999999988,0.056100981767180924,218.1,4.30,0.0
938,3,607,2.6059999999999572,0.05601317957166392,218.4,4.30,0.0
939,4,715,3.713999999999989,0.055944055944055944,218.8,4.30,0.0
940,2,457,1.4559999999999738,0.05689277899343545,219.0,4.30,0.0
941,0,210,-0.7909999999999998,0.05714285714285714,219.1,4.30,0.0
942,1,329,0.32799999999998786,0.057750759878419454,219.3,4.30,0.0
943,0,179,-0.8219999999999998,0.055865921787709494,219.4,4.30,0.0
944,4,742,3.740999999999998,0.05660377358490566,219.8,4.30,0.0
945,0,184,-0.8169999999999998,0.059782608695652176,219.9,4.30,0.0
946,2,446,1.444999999999975,0.05605381165919283,220.2,4.30,0.0
947,2,446,1.444999999999975,0.05605381165919283,220.4,4.30,0.0
948,2,480,1.4789999999999712,0.05625,220.7,4.30,0.0
949,1,313,0.3119999999999896,0.054313099041533544,220.8,4.30,0.0
950,0,194,-0.8069999999999998,0.05670103092783505,220.9,4.30,0.0
951,1,313,0.3119999999999896,0.054313099041533544,221.1,4.31,0.0
952,0,179,-0.8219999999999998,0.055865921787709494,221.2,4.31,0.0
953,0,179,-0.8219999999999998,0.055865921787709494,221.3,4.31,0.0
954,3,579,2.5779999999999603,0.055267702936096716,221.6,4.31,0.0
955,3,579,2.5779999999999603,0.05699481865284974,221.9,4.31,0.0
956,1,313,0.3119999999999896,0.054313099041533544,222.1,4.31,0.0
957,3,579,2.5779999999999603,0.055267702936096716,222.4,4.31,0.0
958,1,313,0.3119999999999896,0.05750798722044728,222.6,4.31,0.0
959,0,186,-0.8149999999999998,0.05913978494623656,222.6,4.31,0.0
960,0,190,-0.8109999999999998,0.05789473684210526,222.8,4.31,0.0
961,1,333,0.3319999999999874,0.057057057057057055,222.9,4.32,0.0
962,0,179,-0.8219999999999998,0.055865921787709494,223.0,4.32,0.0
963,3,579,2.5779999999999603,0.055267702936096716,223.4,4.32,0.0
964,0,192,-0.8089999999999998,0.057291666666666664,223.5,4.32,0.0
965,2,446,1.444999999999975,0.053811659192825115,223.7,4.32,0.0
966,0,179,-0.8219999999999998,0.055865921787709494,223.8,4.32,0.0
967,0,179,-0.8219999999999998,0.055865921787709494,223.9,4.32,0.0
968,4,713,3.711999999999988,0.056100981767180924,224.2,4.32,0.0
969,2,446,1.444999999999975,0.05605381165919283,224.5,4.32,0.0
970,6,979,5.978000000000075,0.05515832482124617,225.0,4.32,0.0
971,0,179,-0.8219999999999998,0.055865921787709494,225.1,4.32,0.0
972,4,713,3.711999999999988,0.056100981767180924,225.5,4.31,0.0
973,0,188,-0.8129999999999998,0.05851063829787234,225.6,4.32,0.0
974,4,713,3.711999999999988,0.056100981767180924,226.0,4.31,0.0
975,1,331,0.32999999999998764,0.05740181268882175,226.2,4.32,0.0
976,0,186,-0.8149999999999998,0.05913978494623656,226.3,4.32,0.0
977,2,446,1.444999999999975,0.05605381165919283,226.5,4.32,0.0
978,1,313,0.3119999999999896,0.054313099041533544,226.7,4.32,0.0
979,0,179,-0.8219999999999998,0.055865921787709494,226.8,4.32,0.0
980,0,179,-0.8219999999999998,0.055865921787709494,226.9,4.32,0.0
981,0,179,-0.8219999999999998,0.055865921787709494,226.9,4.33,0.0
982,2,446,1.444999999999975,0.05605381165919283,227.2,4.33,0.0
983,3,579,2.5779999999999603,0.055267702936096716,227.5,4.33,0.0
984,0,179,-0.8219999999999998,0.055865921787709494,227.6,4.33,0.0
985,3,579,2.5779999999999603,0.055267702936096716,227.9,4.33,0.0
986,2,457,1.4559999999999738,0.05689277899343545,228.2,4.33,0.0
987,1,313,0.3119999999999896,0.054313099041533544,228.3,4.33,0.0
988,0,190,-0.8109999999999998,0.05789473684210526,228.4,4.33,0.0
989,1,313,0.3119999999999896,0.054313099041533544,228.6,4.33,0.0
990,9,1412,9.41099999999987,0.05594900849858357,229.4,4.32,0.0
991,2,446,1.444999999999975,0.05605381165919283,229.6,4.32,0.0
992,0,184,-0.8169999999999998,0.059782608695652176,229.7,4.32,0.0
993,3,579,2.5779999999999603,0.055267702936096716,230.0,4.32,0.0
994,0,194,-0.8069999999999998,0.05670103092783505,230.1,4.32,0.0
995,3,615,2.6139999999999564,0.056910569105691054,230.5,4.32,0.0
996,1,313,0.3119999999999896,0.054313099041533544,230.6,4.32,0.0
997,4,713,3.711999999999988,0.056100981767180924,231.0,4.32,0.0
998,1,317,0.3159999999999892,0.056782334384858045,231.2,4.32,0.0
999,0,190,-0.8109999999999998,0.05789473684210526,231.3,4.32,0.0
1000,1,335,0.3339999999999872,0.056716417910447764,231.4,4.32,0.0
1001,0,179,-0.8219999999999998,0.055865921787709494,234.7,4.27,0.0
1002,1,313,0.3119999999999896,0.054313099041533544,234.9,4.27,0.0
1003,0,189,-0.8119999999999998,0.0582010582010582,235.0,4.27,0.0
1004,1,336,0.3349999999999871,0.05654761904761905,235.2,4.27,0.0
1005,6,1004,6.003000000000084,0.055776892430278883,235.7,4.27,0.0
1006,0,185,-0.8159999999999998,0.05945945945945946,235.8,4.27,0.0
1007,3,591,2.589999999999959,0.05583756345177665,236.1,4.27,0.0
1008,1,313,0.3119999999999896,0.054313099041533544,236.3,4.27,0.0
1009,0,187,-0.8139999999999998,0.058823529411764705,236.4,4.27,0.0
1010,3,579,2.5779999999999603,0.055267702936096716,236.7,4.27,0.0
1011,0,179,-0.8219999999999998,0.055865921787709494,236.8,4.27,0.0
1012,4,723,3.7219999999999915,0.056708160442600276,237.2,4.27,0.0
1013,1,313,0.3119999999999896,0.054313099041533544,237.3,4.27,0.0
1014,3,579,2.5779999999999603,0.055267702936096716,237.6,4.27,0.0
1015,0,189,-0.8119999999999998,0.0582010582010582,237.7,4.27,0.0
1016,1,313,0.3119999999999896,0.054313099041533544,237.9,4.27,0.0
1017,1,313,0.3119999999999896,0.054313099041533544,238.1,4.28,0.0
1018,4,713,3.711999999999988,0.0546984572230014,238.5,4.27,0.0
1019,1,313,0.3119999999999896,0.054313099041533544,238.6,4.27,0.0
1020,2,446,1.444999999999975,0.05605381165919283,238.9,4.27,0.0
1021,2,481,1.4799999999999711,0.056133056133056136,239.1,4.27,0.0
1022,1,336,0.3349999999999871,0.05654761904761905,239.3,4.27,0.0
1023,2,446,1.444999999999975,0.05605381165919283,239.5,4.27,0.0
1024,2,446,1.444999999999975,0.053811659192825115,239.8,4.27,0.0
1025,2,446,1.444999999999975,0.05605381165919283,240.0,4.27,0.0
1026,2,446,1.444999999999975,0.053811659192825115,240.3,4.27,0.0
1027,2,446,1.444999999999975,0.053811659192825115,240.5,4.27,0.0
1028,0,191,-0.8099999999999998,0.05759162303664921,240.6,4.28,0.0
1029,6,979,5.978000000000075,0.05515832482124617,241.2,4.27,0.0
1030,0,191,-0.8099999999999998,0.05759162303664921,241.3,4.27,0.0
1031,6,1013,6.012000000000087,0.0562685093780849,241.8,4.27,0.0
1032,1,313,0.3119999999999896,0.054313099041533544,242.0,4.27,0.0
1033,1,313,0.3119999999999896,0.054313099041533544,242.1,4.27,0.0
1034,1,313,0.3119999999999896,0.05750798722044728,242.3,4.27,0.0
1035,2,446,1.444999999999975,0.05605381165919283,242.5,4.27,0.0
1036,3,579,2.5779999999999603,0.055267702936096716,242.8,4.27,0.0
1037,11,1651,11.649999999999737,0.05572380375529982,243.7,4.26,0.0
1038,3,579,2.5779999999999603,0.055267702936096716,244.1,4.26,0.0
1039,1,333,0.3319999999999874,0.057057057057057055,244.2,4.26,0.0
1040,2,456,1.4549999999999739,0.05701754385964912,244.5,4.26,0.0
1041,0,187,-0.8139999999999998,0.053475935828877004,244.6,4.26,0.0
1042,1,313,0.3119999999999896,0.054313099041533544,244.7,4.26,0.0
1043,1,316,0.3149999999999893,0.056962025316455694,244.9,4.26,0.0
1044,1,313,0.3119999999999896,0.054313099041533544,245.1,4.26,0.0
1045,1,318,0.31699999999998907,0.05660377358490566,245.2,4.27,0.0
1046,0,193,-0.8079999999999998,0.05699481865284974,245.3,4.27,0.0
1047,1,333,0.3319999999999874,0.057057057057057055,245.5,4.27,0.0
1048,0,179,-0.8219999999999998,0.055865921787709494,245.6,4.27,0.0
1049,0,195,-0.8059999999999998,0.05641025641025641,245.7,4.27,0.0
1050,4,725,3.723999999999992,0.05655172413793103,246.1,4.27,0.0
1051,4,729,3.7279999999999935,0.056241426611796985,246.5,4.27,0.0
1052,3,593,2.591999999999959,0.05564924114671164,246.8,4.27,0.0
1053,2,446,1.444999999999975,0.053811659192825115,247.0,4.27,0.0
1054,3,587,2.5859999999999594,0.056218057921635436,247.4,4.27,0.0
1055,1,313,0.3119999999999896,0.054313099041533544,247.5,4.27,0.0
1056,0,194,-0.8069999999999998,0.05670103092783505,247.6,4.27,0.0
1057,3,579,2.5779999999999603,0.055267702936096716,247.9,4.27,0.0
1058,1,313,0.3119999999999896,0.054313099041533544,248.1,4.27,0.0
1059,1,313,0.3119999999999896,0.054313099041533544,248.3,4.27,0.0
1060,0,179,-0.8219999999999998,0.055865921787709494,248.4,4.27,0.0
1061,0,179,-0.8219999999999998,0.055865921787709494,248.5,4.27,0.0
1062,2,446,1.444999999999975,0.05605381165919283,248.7,4.27,0.0
1063,2,446,1.444999999999975,0.053811659192825115,249.0,4.27,0.0
1064,2,446,1.444999999999975,0.05605381165919283,249.2,4.27,0.0
1065,5,846,4.845000000000032,0.05555555555555555,249.6,4.27,0.0
1066,2,446,1.444999999999975,0.05605381165919283,249.9,4.27,0.0
1067,3,579,2.5779999999999603,0.055267702936096716,250.2,4.27,0.0
1068,2,446,1.444999999999975,0.05605381165919283,250.4,4.27,0.0
1069,0,179,-0.8219999999999998,0.055865921787709494,250.5,4.27,0.0
1070,1,313,0.3119999999999896,0.054313099041533544,250.7,4.27,0.0
1071,0,186,-0.8149999999999998,0.05913978494623656,250.8,4.27,0.0
1072,3,579,2.5779999999999603,0.05699481865284974,251.1,4.27,0.0
1073,2,352,1.3509999999999853,0.056818181818181816,251.3,4.27,0.0
1074,6,979,5.978000000000075,0.056179775280898875,251.8,4.27,0.0
1075,2,446,1.444999999999975,0.05605381165919283,252.0,4.27,0.0
1076,3,609,2.607999999999957,0.05582922824302135,252.4,4.27,0.0
1077,0,188,-0.8129999999999998,0.05851063829787234,252.5,4.27,0.0
1078,0,179,-0.8219999999999998,0.055865921787709494,252.6,4.27,0.0
1079,3,579,2.5779999999999603,0.055267702936096716,252.9,4.27,0.0
1080,2,458,1.4569999999999736,0.056768558951965066,253.1,4.27,0.0
1081,2,446,1.444999999999975,0.05605381165919283,253.4,4.27,0.0
1082,4,724,3.722999999999992,0.05662983425414365,253.8,4.27,0.0
1083,0,179,-0.8219999999999998,0.055865921787709494,253.9,4.27,0.0
1084,2,446,1.444999999999975,0.053811659192825115,254.1,4.27,0.0
1085,3,592,2.590999999999959,0.05574324324324324,254.4,4.27,0.0
1086,0,202,-0.7989999999999998,0.0594059405940594,254.5,4.27,0.0
1087,0,202,-0.7989999999999998,0.0594059405940594,254.6,4.27,0.0
1088,1,350,1.3489999999999855,0.05714285714285714,254.8,4.27,0.0
1089,0,186,-0.8149999999999998,0.05913978494623656,254.9,4.28,0.0
1090,0,179,-0.8219999999999998,0.055865921787709494,255.0,4.28,0.0
1091,2,446,1.444999999999975,0.05605381165919283,255.2,4.28,0.0
1092,1,339,0.33799999999998676,0.05604719764011799,255.4,4.28,0.0
1093,1,313,0.3119999999999896,0.054313099041533544,255.6,4.28,0.0
1094,0,186,-0.8149999999999998,0.05913978494623656,255.7,4.28,0.0
1095,3,579,2.5779999999999603,0.055267702936096716,256.0,4.28,0.0
1096,1,313,0.3119999999999896,0.054313099041533544,256.2,4.28,0.0
1097,0,179,-0.8219999999999998,0.055865921787709494,256.3,4.28,0.0
1098,0,187,-0.8139999999999998,0.058823529411764705,256.4,4.29,0.0
1099,0,186,-0.8149999999999998,0.05913978494623656,256.5,4.29,0.0
1100,2,456,1.4549999999999739,0.05701754385964912,256.7,4.29,0.0
1101,8,1246,8.244999999999962,0.05537720706260032,257.4,4.28,0.0
1102,1,313,0.3119999999999896,0.05750798722044728,257.6,4.28,0.0
1103,3,579,2.5779999999999603,0.055267702936096716,257.9,4.28,0.0
1104,3,579,2.5779999999999603,0.055267702936096716,258.2,4.28,0.0
1105,4,713,3.711999999999988,0.056100981767180924,258.5,4.28,0.0
1106,0,183,-0.8179999999999998,0.060109289617486336,258.6,4.28,0.0
1107,0,179,-0.8219999999999998,0.055865921787709494,258.7,4.28,0.0
1108,1,313,0.3119999999999896,0.054313099041533544,258.9,4.28,0.0
1109,3,584,2.5829999999999598,0.05650684931506849,259.2,4.28,0.0
1110,0,188,-0.8129999999999998,0.05851063829787234,259.3,4.28,0.0
1111,1,313,0.3119999999999896,0.054313099041533544,259.5,4.29,0.0
1112,0,179,-0.8219999999999998,0.055865921787709494,259.6,4.29,0.0
1113,1,316,0.3149999999999893,0.056962025316455694,259.7,4.29,0.0
1114,8,1246,8.244999999999962,0.05537720706260032,260.4,4.28,0.0
1115,0,179,-0.8219999999999998,0.055865921787709494,260.5,4.28,0.0
1116,4,727,3.725999999999993,0.05639614855570839,260.9,4.28,0.0
1117,0,186,-0.8149999999999998,0.05913978494623656,261.0,4.28,0.0
1118,3,584,2.5829999999999598,0.05650684931506849,261.3,4.28,0.0
1119,1,313,0.3119999999999896,0.054313099041533544,261.4,4.28,0.0
1120,0,184,-0.8169999999999998,0.059782608695652176,261.5,4.29,0.0
1121,3,579,2.5779999999999603,0.055267702936096716,261.8,4.29,0.0
1122,4,727,3.725999999999993,0.05639614855570839,262.2,4.28,0.0
1123,5,846,4.845000000000032,0.05555555555555555,262.7,4.28,0.0
1124,1,315,0.3139999999999894,0.05714285714285714,262.9,4.28,0.0
1125,4,731,3.729999999999994,0.0560875512995896,263.2,4.28,0.0
1126,0,195,-0.8059999999999998,0.05641025641025641,263.3,4.28,0.0
1127,0,179,-0.8219999999999998,0.055865921787709494,263.4,4.28,0.0
1128,6,979,5.978000000000075,0.05515832482124617,264.0,4.28,0.0
1129,3,579,2.5779999999999603,0.055267702936096716,264.3,4.28,0.0
1130,3,579,2.5779999999999603,0.055267702936096716,264.6,4.27,0.0
1131,0,186,-0.8149999999999998,0.05913978494623656,264.7,4.28,0.0
1132,1,313,0.3119999999999896,0.054313099041533544,264.9,4.28,0.0
1133,3,579,2.5779999999999603,0.055267702936096716,265.2,4.28,0.0
1134,3,580,2.57899999999996,0.056896551724137934,265.5,4.28,0.0
1135,0,179,-0.8219999999999998,0.055865921787709494,265.6,4.28,0.0
1136,3,484,2.482999999999971,0.05578512396694215,265.8,4.28,0.0
1137,4,713,3.711999999999988,0.056100981767180924,266.2,4.27,0.0
1138,2,446,1.444999999999975,0.05605381165919283,266.5,4.27,0.0
1139,1,327,0.3259999999999881,0.0581039755351682,266.6,4.28,0.0
1140,1,313,0.3119999999999896,0.054313099041533544,266.8,4.28,0.0
1141,2,446,1.444999999999975,0.05605381165919283,267.0,4.28,0.0
1142,5,846,4.845000000000032,0.05555555555555555,267.5,4.27,0.0
1143,5,846,4.845000000000032,0.05555555555555555,267.9,4.27,0.0
1144,1,313,0.3119999999999896,0.054313099041533544,268.1,4.27,0.0
1145,0,196,-0.8049999999999998,0.05612244897959184,268.2,4.27,0.0
1146,2,446,1.444999999999975,0.05605381165919283,268.4,4.27,0.0
1147,0,179,-0.8219999999999998,0.055865921787709494,268.5,4.27,0.0
1148,0,201,-0.7999999999999998,0.05970149253731343,268.7,4.28,0.0
1149,3,579,2.5779999999999603,0.055267702936096716,269.0,4.28,0.0
1150,3,579,2.5779999999999603,0.055267702936096716,269.3,4.27,0.0
1151,3,579,2.5779999999999603,0.055267702936096716,269.6,4.27,0.0
1152,4,713,3.711999999999988,0.056100981767180924,269.9,4.27,0.0
1153,0,179,-0.8219999999999998,0.055865921787709494,270.1,4.27,0.0
1154,2,446,1.444999999999975,0.053811659192825115,270.3,4.27,0.0
1155,2,446,1.444999999999975,0.05605381165919283,270.5,4.27,0.0
1156,1,313,0.3119999999999896,0.05750798722044728,270.7,4.27,0.0
1157,1,313,0.3119999999999896,0.05750798722044728,270.9,4.28,0.0
1158,1,314,0.3129999999999895,0.05732484076433121,271.0,4.28,0.0
1159,0,179,-0.8219999999999998,0.055865921787709494,271.1,4.28,0.0
1160,0,179,-0.8219999999999998,0.055865921787709494,271.2,4.28,0.0
1161,1,341,0.33999999999998654,0.05571847507331378,271.4,4.28,0.0
1162,1,313,0.3119999999999896,0.054313099041533544,271.6,4.28,0.0
1163,0,179,-0.8219999999999998,0.055865921787709494,271.7,4.28,0.0
1164,3,579,2.5779999999999603,0.055267702936096716,272.0,4.28,0.0
1165,0,183,-0.8179999999999998,0.060109289617486336,272.1,4.29,0.0
1166,0,179,-0.8219999999999998,0.055865921787709494,272.2,4.29,0.0
1167,0,179,-0.8219999999999998,0.055865921787709494,272.3,4.29,0.0
1168,2,459,1.4579999999999735,0.05664488017429194,272.5,4.29,0.0
1169,2,452,1.4509999999999743,0.05752212389380531,272.7,4.29,0.0
1170,1,313,0.3119999999999896,0.05750798722044728,272.9,4.29,0.0
1171,3,603,2.6019999999999577,0.05638474295190713,273.2,4.29,0.0
1172,0,185,-0.8159999999999998,0.05945945945945946,273.3,4.29,0.0
1173,0,179,-0.8219999999999998,0.055865921787709494,273.4,4.29,0.0
1174,2,460,1.4589999999999734,0.05652173913043478,273.7,4.29,0.0
1175,9,1393,9.39199999999988,0.05599425699928212,274.4,4.29,0.0
1176,5,846,4.845000000000032,0.05555555555555555,274.9,4.28,0.0
1177,3,579,2.5779999999999603,0.055267702936096716,275.2,4.28,0.0
1178,2,446,1.444999999999975,0.05605381165919283,275.4,4.28,0.0
1179,0,189,-0.8119999999999998,0.0582010582010582,275.5,4.28,0.0
1180,0,179,-0.8219999999999998,0.055865921787709494,275.6,4.29,0.0
1181,4,744,3.7429999999999986,0.056451612903225805,276.0,4.28,0.0
1182,2,446,1.444999999999975,0.05605381165919283,276.2,4.28,0.0
1183,3,579,2.5779999999999603,0.055267702936096716,276.5,4.28,0.0
1184,6,992,5.99100000000008,0.056451612903225805,277.1,4.28,0.0
1185,1,313,0.3119999999999896,0.054313099041533544,277.2,4.28,0.0
1186,0,187,-0.8139999999999998,0.058823529411764705,277.3,4.28,0.0
1187,0,179,-0.8219999999999998,0.055865921787709494,277.4,4.28,0.0
1188,1,332,0.3309999999999875,0.0572289156626506,277.6,4.28,0.0
1189,1,313,0.3119999999999896,0.054313099041533544,277.8,4.28,0.0
1190,2,446,1.444999999999975,0.05605381165919283,278.0,4.28,0.0
1191,5,846,4.845000000000032,0.05555555555555555,278.5,4.28,0.0
1192,0,187,-0.8139999999999998,0.058823529411764705,278.6,4.28,0.0
1193,3,579,2.5779999999999603,0.055267702936096716,278.9,4.28,0.0
1194,3,591,2.589999999999959,0.05583756345177665,279.2,4.28,0.0
1195,1,319,0.31799999999998896,0.05642633228840126,279.4,4.28,0.0
1196,5,877,4.876000000000042,0.055872291904218926,279.8,4.28,0.0
1197,3,579,2.5779999999999603,0.055267702936096716,280.2,4.28,0.0
1198,2,453,1.4519999999999742,0.05739514348785872,280.4,4.28,0.0
1199,2,446,1.444999999999975,0.05605381165919283,280.6,4.28,0.0
1200,0,186,-0.8149999999999998,0.05913978494623656,280.7,4.28,0.0
1201,3,579,2.5779999999999603,0.055267702936096716,281.0,4.28,0.0
1202,0,179,-0.8219999999999998,0.055865921787709494,281.1,4.28,0.0
1203,12,1779,12.777999999999667,0.05564924114671164,282.1,4.27,0.0
1204,0,191,-0.8099999999999998,0.05759162303664921,282.2,4.27,0.0
1205,0,179,-0.8219999999999998,0.05027932960893855,282.3,4.27,0.0
1206,0,188,-0.8129999999999998,0.05851063829787234,282.4,4.27,0.0
1207,2,446,1.444999999999975,0.053811659192825115,282.6,4.27,0.0
1208,0,186,-0.8149999999999998,0.05913978494623656,282.7,4.28,0.0
1209,0,179,-0.8219999999999998,0.055865921787709494,282.8,4.28,0.0
1210,5,857,4.856000000000035,0.056009334889148193,283.3,4.28,0.0
1211,0,179,-0.8219999999999998,0.055865921787709494,283.4,4.28,0.0
1212,0,179,-0.8219999999999998,0.055865921787709494,283.5,4.28,0.0
1213,1,334,0.3329999999999873,0.05688622754491018,283.6,4.28,0.0
1214,0,185,-0.8159999999999998,0.05945945945945946,283.7,4.28,0.0
1215,1,319,0.31799999999998896,0.05642633228840126,283.9,4.28,0.0
1216,4,741,3.7399999999999975,0.05668016194331984,284.3,4.28,0.0
1217,0,188,-0.8129999999999998,0.05851063829787234,284.4,4.28,0.0
1218,0,187,-0.8139999999999998,0.058823529411764705,284.5,4.28,0.0
1219,1,313,0.3119999999999896,0.054313099041533544,284.7,4.29,0.0
1220,0,189,-0.8119999999999998,0.0582010582010582,284.8,4.29,0.0
1221,1,313,0.3119999999999896,0.054313099041533544,285.0,4.29,0.0
1222,0,179,-0.8219999999999998,0.055865921787709494,285.0,4.29,0.0
1223,5,851,4.850000000000033,0.0564042303172738,285.5,4.29,0.0
1224,0,185,-0.8159999999999998,0.05945945945945946,285.6,4.29,0.0
1225,5,854,4.853000000000034,0.05620608899297424,286.0,4.29,0.0
1226,2,446,1.444999999999975,0.05605381165919283,286.3,4.29,0.0
1227,12,1779,12.777999999999667,0.05564924114671164,287.2,4.28,0.0
1228,8,1249,8.24799999999996,0.05604483586869496,287.9,4.27,0.0
1229,4,735,3.7339999999999955,0.055782312925170066,288.3,4.27,0.0
1230,3,585,2.5839999999999597,0.05641025641025641,288.6,4.27,0.0
1231,5,751,4.75,0.0559254327563249,289.0,4.26,0.0
1232,0,179,-0.8219999999999998,0.055865921787709494,289.1,4.26,0.0
1233,0,190,-0.8109999999999998,0.05789473684210526,289.2,4.27,0.0
1234,0,179,-0.8219999999999998,0.055865921787709494,289.3,4.27,0.0
1235,1,313,0.3119999999999896,0.05750798722044728,289.5,4.27,0.0
1236,3,579,2.5779999999999603,0.055267702936096716,289.8,4.27,0.0
1237,4,713,3.711999999999988,0.0546984572230014,290.2,4.27,0.0
1238,3,585,2.5839999999999597,0.05641025641025641,290.5,4.27,0.0
1239,5,846,4.845000000000032,0.05555555555555555,290.9,4.26,0.0
1240,2,446,1.444999999999975,0.05605381165919283,291.1,4.26,0.0
1241,3,579,2.5779999999999603,0.055267702936096716,291.5,4.26,0.0
1242,2,475,1.4739999999999718,0.056842105263157895,291.7,4.26,0.0
1243,1,320,0.31899999999998885,0.05625,291.9,4.26,0.0
1244,1,317,0.3159999999999892,0.056782334384858045,292.1,4.26,0.0
1245,1,313,0.3119999999999896,0.05750798722044728,292.2,4.26,0.0
1246,2,467,1.4659999999999727,0.055674518201284794,292.5,4.26,0.0
1247,1,348,0.34699999999998576,0.05747126436781609,292.6,4.26,0.0
1248,0,189,-0.8119999999999998,0.0582010582010582,292.8,4.27,0.0
1249,1,317,0.3159999999999892,0.056782334384858045,292.9,4.27,0.0
1250,4,713,3.711999999999988,0.056100981767180924,293.3,4.27,0.0
1251,0,179,-0.8219999999999998,0.055865921787709494,293.4,4.27,0.0
1252,0,206,-0.7949999999999998,0.05825242718446602,293.5,4.27,0.0
1253,0,210,-0.7909999999999998,0.05714285714285714,293.6,4.27,0.0
1254,0,179,-0.8219999999999998,0.055865921787709494,293.7,4.27,0.0
1255,1,313,0.3119999999999896,0.054313099041533544,293.9,4.27,0.0
1256,0,179,-0.8219999999999998,0.055865921787709494,294.0,4.28,0.0
1257,3,579,2.5779999999999603,0.055267702936096716,294.3,4.27,0.0
1258,0,193,-0.8079999999999998,0.05699481865284974,294.4,4.28,0.0
1259,2,458,1.4569999999999736,0.056768558951965066,294.6,4.28,0.0
1260,1,332,0.3309999999999875,0.0572289156626506,294.8,4.28,0.0
1261,3,579,2.5779999999999603,0.05699481865284974,295.1,4.28,0.0
1262,2,453,1.4519999999999742,0.05739514348785872,295.4,4.28,0.0
1263,0,179,-0.8219999999999998,0.055865921787709494,295.4,4.28,0.0
1264,2,446,1.444999999999975,0.05605381165919283,295.7,4.28,0.0
1265,1,313,0.3119999999999896,0.05750798722044728,295.8,4.28,0.0
1266,0,190,-0.8109999999999998,0.05789473684210526,296.0,4.28,0.0
1267,0,189,-0.8119999999999998,0.0582010582010582,296.1,4.28,0.0
1268,4,731,3.729999999999994,0.0560875512995896,296.5,4.28,0.0
1269,1,313,0.3119999999999896,0.054313099041533544,296.6,4.28,0.0
1270,1,313,0.3119999999999896,0.054313099041533544,296.8,4.28,0.0
1271,0,185,-0.8159999999999998,0.05945945945945946,296.9,4.28,0.0
1272,5,846,4.845000000000032,0.05555555555555555,297.3,4.28,0.0
1273,2,457,1.4559999999999738,0.05689277899343545,297.6,4.28,0.0
1274,1,341,0.33999999999998654,0.05571847507331378,297.7,4.28,0.0
1275,4,713,3.711999999999988,0.0546984572230014,298.1,4.28,0.0
1276,0,179,-0.8219999999999998,0.055865921787709494,298.2,4.28,0.0
1277,0,188,-0.8129999999999998,0.05851063829787234,298.3,4.28,0.0
1278,3,581,2.57999999999996,0.05679862306368331,298.6,4.28,0.0
1279,3,579,2.5779999999999603,0.055267702936096716,298.9,4.28,0.0
1280,8,1246,8.244999999999962,0.05537720706260032,299.6,4.28,0.0
1281,2,446,1.444999999999975,0.05605381165919283,299.9,4.28,0.0
1282,5,846,4.845000000000032,0.05555555555555555,300.3,4.27,0.0
1283,0,211,-0.7899999999999998,0.05687203791469194,300.4,4.27,0.0
1284,0,179,-0.8219999999999998,0.055865921787709494,300.5,4.28,0.0
1285,2,466,1.4649999999999728,0.055793991416309016,300.8,4.28,0.0
1286,0,179,-0.8219999999999998,0.055865921787709494,300.9,4.28,0.0
1287,3,579,2.5779999999999603,0.055267702936096716,301.2,4.28,0.0
1288,1,313,0.3119999999999896,0.054313099041533544,301.3,4.28,0.0
1289,4,713,3.711999999999988,0.0546984572230014,301.7,4.28,0.0
1290,2,446,1.444999999999975,0.053811659192825115,302.0,4.28,0.0
1291,1,313,0.3119999999999896,0.054313099041533544,302.1,4.28,0.0
1292,1,313,0.3119999999999896,0.054313099041533544,302.3,4.28,0.0
1293,0,186,-0.8149999999999998,0.05913978494623656,302.4,4.28,0.0
1294,1,313,0.3119999999999896,0.054313099041533544,302.6,4.28,0.0
1295,2,463,1.461999999999973,0.056155507559395246,302.8,4.28,0.0
1296,3,579,2.5779999999999603,0.055267702936096716,303.1,4.28,0.0
1297,3,598,2.5969999999999582,0.056856187290969896,303.4,4.28,0.0
1298,0,179,-0.8219999999999998,0.055865921787709494,303.5,4.28,0.0
1299,2,479,1.4779999999999713,0.05636743215031315,303.8,4.28,0.0
1300,0,179,-0.8219999999999998,0.05027932960893855,303.9,4.28,0.0
1301,4,725,3.723999999999992,0.05655172413793103,304.3,4.28,0.0
1302,2,460,1.4589999999999734,0.05652173913043478,304.5,4.28,0.0
1303,3,580,2.57899999999996,0.056896551724137934,304.8,4.28,0.0
1304,0,179,-0.8219999999999998,0.055865921787709494,304.9,4.28,0.0
1305,1,335,0.3339999999999872,0.056716417910447764,305.1,4.28,0.0
1306,0,179,-0.8219999999999998,0.055865921787709494,305.2,4.28,0.0
1307,1,313,0.3119999999999896,0.054313099041533544,305.3,4.28,0.0
1308,0,179,-0.8219999999999998,0.055865921787709494,305.4,4.29,0.0
1309,7,1120,7.119000000000032,0.05625,306.1,4.28,0.0
1310,2,446,1.444999999999975,0.05605381165919283,306.3,4.28,0.0
1311,2,462,1.4609999999999732,0.05627705627705628,306.5,4.28,0.0
1312,1,332,0.3309999999999875,0.0572289156626506,306.7,4.28,0.0
1313,0,196,-0.8049999999999998,0.05612244897959184,306.8,4.28,0.0
1314,0,213,-0.7879999999999998,0.056338028169014086,306.9,4.28,0.0
1315,4,713,3.711999999999988,0.0546984572230014,307.3,4.28,0.0
1316,0,186,-0.8149999999999998,0.05913978494623656,307.4,4.28,0.0
1317,0,194,-0.8069999999999998,0.05670103092783505,307.5,4.29,0.0
1318,3,579,2.5779999999999603,0.055267702936096716,307.8,4.29,0.0
1319,1,321,0.31999999999998874,0.056074766355140186,308.0,4.29,0.0
1320,3,581,2.57999999999996,0.05679862306368331,308.3,4.28,0.0
1321,2,446,1.444999999999975,0.05605381165919283,308.5,4.28,0.0
1322,0,208,-0.7929999999999998,0.057692307692307696,308.6,4.29,0.0
1323,2,465,1.4639999999999729,0.05591397849462366,308.9,4.29,0.0
1324,0,179,-0.8219999999999998,0.055865921787709494,309.0,4.29,0.0
1325,1,332,0.3309999999999875,0.0572289156626506,309.2,4.29,0.0
1326,0,179,-0.8219999999999998,0.055865921787709494,309.3,4.29,0.0
1327,0,184,-0.8169999999999998,0.059782608695652176,309.4,4.29,0.0
1328,2,446,1.444999999999975,0.05605381165919283,309.6,4.29,0.0
1329,0,187,-0.8139999999999998,0.058823529411764705,309.7,4.29,0.0
1330,0,179,-0.8219999999999998,0.055865921787709494,309.8,4.30,0.0
1331,2,446,1.444999999999975,0.05605381165919283,310.1,4.30,0.0
1332,3,579,2.5779999999999603,0.055267702936096716,310.4,4.29,0.0
1333,4,713,3.711999999999988,0.0546984572230014,310.7,4.29,0.0
1334,2,446,1.444999999999975,0.05605381165919283,311.0,4.29,0.0
1335,3,579,2.5779999999999603,0.055267702936096716,311.3,4.29,0.0
1336,0,179,-0.8219999999999998,0.055865921787709494,311.4,4.29,0.0
1337,1,313,0.3119999999999896,0.054313099041533544,311.6,4.29,0.0
1338,4,620,3.618999999999957,0.056451612903225805,311.9,4.29,0.0
1339,3,589,2.587999999999959,0.05602716468590832,312.2,4.29,0.0
1340,3,588,2.5869999999999593,0.05612244897959184,312.5,4.29,0.0
1341,2,446,1.444999999999975,0.05605381165919283,312.8,4.29,0.0
1342,3,585,2.5839999999999597,0.05641025641025641,313.1,4.29,0.0
1343,4,727,3.725999999999993,0.05639614855570839,313.5,4.29,0.0
1344,0,179,-0.8219999999999998,0.055865921787709494,313.6,4.29,0.0
1345,3,581,2.57999999999996,0.05679862306368331,313.9,4.29,0.0
1346,5,850,4.849000000000033,0.05647058823529412,314.3,4.29,0.0
1347,3,579,2.5779999999999603,0.055267702936096716,314.6,4.28,0.0
1348,1,313,0.3119999999999896,0.05750798722044728,314.8,4.29,0.0
1349,1,336,0.3349999999999871,0.05654761904761905,315.0,4.29,0.0
1350,2,446,1.444999999999975,0.05605381165919283,315.2,4.29,0.0
1351,3,579,2.5779999999999603,0.055267702936096716,315.5,4.28,0.0
1352,0,179,-0.8219999999999998,0.055865921787709494,315.6,4.29,0.0
1353,4,715,3.713999999999989,0.055944055944055944,316.0,4.28,0.0
1354,0,215,-0.7859999999999998,0.05581395348837209,316.1,4.29,0.0
1355,0,187,-0.8139999999999998,0.058823529411764705,316.2,4.29,0.0
1356,1,313,0.3119999999999896,0.054313099041533544,316.4,4.29,0.0
1357,2,459,1.4579999999999735,0.05664488017429194,316.6,4.29,0.0
1358,1,313,0.3119999999999896,0.054313099041533544,316.8,4.29,0.0
1359,4,713,3.711999999999988,0.056100981767180924,317.2,4.29,0.0
1360,1,321,0.31999999999998874,0.056074766355140186,317.4,4.29,0.0
1361,0,179,-0.8219999999999998,0.055865921787709494,317.5,4.29,0.0
1362,6,979,5.978000000000075,0.05515832482124617,318.0,4.29,0.0
1363,0,179,-0.8219999999999998,0.055865921787709494,318.1,4.29,0.0
1364,5,846,4.845000000000032,0.05555555555555555,318.5,4.29,0.0
1365,3,586,2.5849999999999596,0.05631399317406143,318.9,4.28,0.0
1366,2,446,1.444999999999975,0.05605381165919283,319.1,4.28,0.0
1367,0,192,-0.8089999999999998,0.057291666666666664,319.2,4.29,0.0
1368,1,327,0.3259999999999881,0.0581039755351682,319.4,4.29,0.0
1369,2,446,1.444999999999975,0.05605381165919283,319.6,4.29,0.0
1370,5,846,4.845000000000032,0.05555555555555555,320.1,4.28,0.0
1371,1,313,0.3119999999999896,0.054313099041533544,320.2,4.28,0.0
1372,2,462,1.4609999999999732,0.05627705627705628,320.5,4.28,0.0
1373,3,579,2.5779999999999603,0.055267702936096716,320.8,4.28,0.0
1374,1,314,0.3129999999999895,0.05732484076433121,321.0,4.28,0.0
1375,2,446,1.444999999999975,0.05605381165919283,321.2,4.28,0.0
1376,1,314,0.3129999999999895,0.05732484076433121,321.4,4.28,0.0
1377,0,190,-0.8109999999999998,0.05789473684210526,321.5,4.29,0.0
1378,2,446,1.444999999999975,0.05605381165919283,321.7,4.29,0.0
1379,0,189,-0.8119999999999998,0.0582010582010582,321.8,4.29,0.0
1380,0,179,-0.8219999999999998,0.055865921787709494,321.9,4.29,0.0
1381,3,579,2.5779999999999603,0.055267702936096716,322.2,4.29,0.0
1382,0,194,-0.8069999999999998,0.05670103092783505,322.3,4.29,0.0
1383,2,446,1.444999999999975,0.053811659192825115,322.6,4.29,0.0
1384,0,206,-0.7949999999999998,0.05825242718446602,322.7,4.29,0.0
1385,2,447,1.4459999999999749,0.05592841163310962,322.9,4.29,0.0
1386,2,446,1.444999999999975,0.05605381165919283,323.2,4.29,0.0
1387,0,179,-0.8219999999999998,0.055865921787709494,323.3,4.29,0.0
1388,3,580,2.57899999999996,0.056896551724137934,323.6,4.29,0.0
1389,4,714,3.7129999999999885,0.056022408963585436,323.9,4.29,0.0
1390,0,179,-0.8219999999999998,0.055865921787709494,324.0,4.29,0.0
1391,0,186,-0.8149999999999998,0.05913978494623656,324.1,4.29,0.0
1392,3,579,2.5779999999999603,0.055267702936096716,324.4,4.29,0.0
1393,0,179,-0.8219999999999998,0.055865921787709494,324.5,4.30,0.0
1394,0,188,-0.8129999999999998,0.05851063829787234,324.6,4.30,0.0
1395,2,446,1.444999999999975,0.05605381165919283,324.9,4.30,0.0
1396,6,979,5.978000000000075,0.05515832482124617,325.4,4.29,0.0
1397,2,465,1.4639999999999729,0.05591397849462366,325.7,4.29,0.0
1398,5,855,4.854000000000035,0.056140350877192984,326.1,4.29,0.0
1399,2,474,1.4729999999999719,0.056962025316455694,326.4,4.29,0.0
1400,1,313,0.3119999999999896,0.054313099041533544,326.5,4.29,0.0
1401,0,179,-0.8219999999999998,0.055865921787709494,326.6,4.29,0.0
1402,3,579,2.5779999999999603,0.055267702936096716,326.9,4.29,0.0
1403,2,457,1.4559999999999738,0.05689277899343545,327.2,4.29,0.0
1404,0,179,-0.8219999999999998,0.055865921787709494,327.3,4.29,0.0
1405,0,179,-0.8219999999999998,0.055865921787709494,327.3,4.30,0.0
1406,2,446,1.444999999999975,0.053811659192825115,327.6,4.29,0.0
1407,2,462,1.4609999999999732,0.05627705627705628,327.8,4.29,0.0
1408,5,858,4.857000000000036,0.055944055944055944,328.3,4.29,0.0
1409,0,187,-0.8139999999999998,0.058823529411764705,328.4,4.29,0.0
1410,1,314,0.3129999999999895,0.05732484076433121,328.6,4.29,0.0
1411,0,179,-0.8219999999999998,0.055865921787709494,328.7,4.30,0.0
1412,0,179,-0.8219999999999998,0.055865921787709494,328.7,4.30,0.0
1413,0,179,-0.8219999999999998,0.055865921787709494,328.8,4.30,0.0
1414,2,446,1.444999999999975,0.05605381165919283,329.1,4.30,0.0
1415,0,179,-0.8219999999999998,0.055865921787709494,329.2,4.30,0.0
1416,1,313,0.3119999999999896,0.054313099041533544,329.3,4.30,0.0
1417,1,346,0.344999999999986,0.057803468208092484,329.5,4.30,0.0
1418,1,313,0.3119999999999896,0.05750798722044728,329.7,4.30,0.0
1419,2,446,1.444999999999975,0.05605381165919283,329.9,4.30,0.0
1420,3,579,2.5779999999999603,0.055267702936096716,330.2,4.30,0.0
1421,3,579,2.5779999999999603,0.055267702936096716,330.5,4.30,0.0
1422,0,202,-0.7989999999999998,0.0594059405940594,330.7,4.30,0.0
1423,0,183,-0.8179999999999998,0.060109289617486336,330.8,4.31,0.0
1424,2,459,1.4579999999999735,0.05664488017429194,331.0,4.31,0.0
1425,2,446,1.444999999999975,0.05605381165919283,331.2,4.31,0.0
1426,2,446,1.444999999999975,0.053811659192825115,331.5,4.31,0.0
1427,5,846,4.845000000000032,0.05555555555555555,331.9,4.30,0.0
1428,2,480,1.4789999999999712,0.05625,332.2,4.30,0.0
1429,6,979,5.978000000000075,0.056179775280898875,332.7,4.30,0.0
1430,1,339,0.33799999999998676,0.05604719764011799,332.9,4.30,0.0
1431,0,192,-0.8089999999999998,0.057291666666666664,333.0,4.30,0.0
1432,0,186,-0.8149999999999998,0.05913978494623656,333.1,4.30,0.0
1433,2,446,1.444999999999975,0.05605381165919283,333.3,4.30,0.0
1434,3,579,2.5779999999999603,0.055267702936096716,333.6,4.30,0.0
1435,4,741,3.7399999999999975,0.05668016194331984,334.0,4.30,0.0
1436,4,713,3.711999999999988,0.056100981767180924,334.4,4.30,0.0
1437,1,313,0.3119999999999896,0.05750798722044728,334.6,4.30,0.0
1438,3,579,2.5779999999999603,0.055267702936096716,334.9,4.30,0.0
1439,5,857,4.856000000000035,0.056009334889148193,335.3,4.29,0.0
1440,1,313,0.3119999999999896,0.054313099041533544,335.5,4.30,0.0
1441,1,313,0.3119999999999896,0.054313099041533544,335.7,4.30,0.0
1442,0,179,-0.8219999999999998,0.055865921787709494,335.8,4.30,0.0
1443,1,313,0.3119999999999896,0.05750798722044728,335.9,4.30,0.0
1444,2,446,1.444999999999975,0.05605381165919283,336.1,4.30,0.0
1445,0,190,-0.8109999999999998,0.05789473684210526,336.3,4.30,0.0
1446,0,187,-0.8139999999999998,0.058823529411764705,336.4,4.30,0.0
1447,0,184,-0.8169999999999998,0.059782608695652176,336.5,4.30,0.0
1448,2,446,1.444999999999975,0.05605381165919283,336.7,4.30,0.0
1449,3,579,2.5779999999999603,0.055267702936096716,337.0,4.30,0.0
1450,2,446,1.444999999999975,0.053811659192825115,337.2,4.30,0.0
1451,2,353,1.3519999999999852,0.056657223796033995,337.4,4.30,0.0
1452,3,579,2.5779999999999603,0.055267702936096716,337.7,4.30,0.0
1453,5,846,4.845000000000032,0.05555555555555555,338.2,4.30,0.0
1454,2,446,1.444999999999975,0.05605381165919283,338.4,4.30,0.0
1455,0,185,-0.8159999999999998,0.05945945945945946,338.5,4.30,0.0
1456,4,713,3.711999999999988,0.0546984572230014,338.9,4.30,0.0
1457,0,179,-0.8219999999999998,0.055865921787709494,339.0,4.30,0.0
1458,0,192,-0.8089999999999998,0.057291666666666664,339.1,4.30,0.0
1459,3,587,2.5859999999999594,0.056218057921635436,339.4,4.30,0.0
1460,2,446,1.444999999999975,0.05605381165919283,339.7,4.30,0.0
1461,1,348,0.34699999999998576,0.05747126436781609,339.9,4.30,0.0
1462,1,314,0.3129999999999895,0.05732484076433121,340.0,4.30,0.0
1463,0,179,-0.8219999999999998,0.055865921787709494,340.1,4.30,0.0
1464,1,317,0.3159999999999892,0.056782334384858045,340.3,4.31,0.0
1465,2,446,1.444999999999975,0.05605381165919283,340.5,4.31,0.0
1466,4,713,3.711999999999988,0.056100981767180924,340.9,4.30,0.0
1467,0,179,-0.8219999999999998,0.055865921787709494,341.0,4.30,0.0
1468,0,179,-0.8219999999999998,0.055865921787709494,341.1,4.31,0.0
1469,6,1012,6.011000000000086,0.05632411067193676,341.7,4.30,0.0
1470,1,320,0.31899999999998885,0.05625,341.8,4.30,0.0
1471,0,179,-0.8219999999999998,0.055865921787709494,341.9,4.31,0.0
1472,2,446,1.444999999999975,0.05605381165919283,342.1,4.31,0.0
1473,0,192,-0.8089999999999998,0.057291666666666664,342.2,4.31,0.0
1474,2,465,1.4639999999999729,0.05591397849462366,342.5,4.31,0.0
1475,3,579,2.5779999999999603,0.055267702936096716,342.8,4.31,0.0
1476,0,179,-0.8219999999999998,0.055865921787709494,342.9,4.31,0.0
1477,1,313,0.3119999999999896,0.054313099041533544,343.1,4.31,0.0
1478,1,337,0.335999999999987,0.05637982195845697,343.2,4.31,0.0
1479,3,598,2.5969999999999582,0.056856187290969896,343.6,4.31,0.0
1480,2,456,1.4549999999999739,0.05701754385964912,343.8,4.31,0.0
1481,0,205,-0.7959999999999998,0.05853658536585366,343.9,4.31,0.0
1482,3,579,2.5779999999999603,0.055267702936096716,344.2,4.31,0.0
1483,0,189,-0.8119999999999998,0.0582010582010582,344.3,4.31,0.0
1484,0,179,-0.8219999999999998,0.055865921787709494,344.4,4.31,0.0
1485,0,179,-0.8219999999999998,0.055865921787709494,344.5,4.31,0.0
1486,0,190,-0.8109999999999998,0.05789473684210526,344.6,4.31,0.0
1487,7,1113,7.112000000000036,0.055705300988319856,345.2,4.31,0.0
1488,1,336,0.3349999999999871,0.05654761904761905,345.4,4.31,0.0
1489,3,579,2.5779999999999603,0.055267702936096716,345.7,4.31,0.0
1490,0,179,-0.8219999999999998,0.055865921787709494,345.8,4.31,0.0
1491,2,457,1.4559999999999738,0.05689277899343545,346.0,4.31,0.0
1492,3,579,2.5779999999999603,0.05699481865284974,346.3,4.31,0.0
1493,2,446,1.444999999999975,0.05605381165919283,346.6,4.31,0.0
1494,0,179,-0.8219999999999998,0.055865921787709494,346.6,4.31,0.0
1495,0,179,-0.8219999999999998,0.055865921787709494,346.7,4.31,0.0
1496,0,209,-0.7919999999999998,0.05741626794258373,346.9,4.32,0.0
1497,2,471,1.4699999999999722,0.05732484076433121,347.1,4.32,0.0
1498,1,329,0.32799999999998786,0.057750759878419454,347.3,4.32,0.0
1499,2,446,1.444999999999975,0.05605381165919283,347.5,4.32,0.0
1500,1,313,0.3119999999999896,0.054313099041533544,347.7,4.32,0.0
1501,5,846,4.845000000000032,0.05555555555555555,352.0,4.27,0.0
1502,0,179,-0.8219999999999998,0.055865921787709494,352.1,4.27,0.0
1503,0,193,-0.8079999999999998,0.05699481865284974,352.2,4.27,0.0
1504,0,179,-0.8219999999999998,0.055865921787709494,352.3,4.27,0.0
1505,0,192,-0.8089999999999998,0.057291666666666664,352.4,4.27,0.0
1506,3,589,2.587999999999959,0.05602716468590832,352.8,4.27,0.0
1507,6,981,5.980000000000076,0.05606523955147808,353.3,4.27,0.0
1508,2,481,1.4799999999999711,0.056133056133056136,353.5,4.27,0.0
1509,5,855,4.854000000000035,0.056140350877192984,354.0,4.27,0.0
1510,3,593,2.591999999999959,0.05564924114671164,354.3,4.26,0.0
1511,5,846,4.845000000000032,0.05555555555555555,354.8,4.26,0.0
1512,2,459,1.4579999999999735,0.05664488017429194,355.0,4.26,0.0
1513,0,192,-0.8089999999999998,0.057291666666666664,355.1,4.26,0.0
1514,10,1513,10.511999999999814,0.05551883674818242,355.9,4.26,0.0
1515,8,1249,8.24799999999996,0.05604483586869496,356.6,4.25,0.0
1516,2,446,1.444999999999975,0.05605381165919283,356.8,4.25,0.0
1517,2,458,1.4569999999999736,0.056768558951965066,357.1,4.25,0.0
1518,5,846,4.845000000000032,0.05555555555555555,357.5,4.25,0.0
1519,0,179,-0.8219999999999998,0.055865921787709494,357.6,4.25,0.0
1520,0,179,-0.8219999999999998,0.055865921787709494,357.7,4.25,0.0
1521,1,313,0.3119999999999896,0.05750798722044728,357.9,4.25,0.0
1522,0,179,-0.8219999999999998,0.055865921787709494,358.0,4.25,0.0
1523,2,446,1.444999999999975,0.05605381165919283,358.2,4.25,0.0
1524,3,583,2.58199999999996,0.05660377358490566,358.5,4.25,0.0
1525,0,213,-0.7879999999999998,0.056338028169014086,358.6,4.26,0.0
1526,6,1001,6.000000000000083,0.055944055944055944,359.1,4.25,0.0
1527,5,860,4.859000000000036,0.05581395348837209,359.6,4.25,0.0
1528,1,336,0.3349999999999871,0.05654761904761905,359.8,4.25,0.0
1529,0,182,-0.8189999999999998,0.06043956043956044,359.9,4.25,0.0
1530,4,725,3.723999999999992,0.05655172413793103,360.3,4.25,0.0
1531,1,313,0.3119999999999896,0.054313099041533544,360.4,4.25,0.0
1532,0,179,-0.8219999999999998,0.055865921787709494,360.5,4.25,0.0
1533,2,446,1.444999999999975,0.05605381165919283,360.8,4.25,0.0
1534,0,179,-0.8219999999999998,0.055865921787709494,360.9,4.25,0.0
1535,0,187,-0.8139999999999998,0.058823529411764705,361.0,4.26,0.0
1536,0,179,-0.8219999999999998,0.055865921787709494,361.1,4.26,0.0
1537,2,446,1.444999999999975,0.053811659192825115,361.3,4.26,0.0
1538,1,314,0.3129999999999895,0.05732484076433121,361.5,4.26,0.0
1539,0,185,-0.8159999999999998,0.05945945945945946,361.6,4.26,0.0
1540,0,179,-0.8219999999999998,0.055865921787709494,361.7,4.26,0.0
1541,1,313,0.3119999999999896,0.054313099041533544,361.8,4.26,0.0
1542,1,313,0.3119999999999896,0.054313099041533544,362.0,4.26,0.0
1543,1,313,0.3119999999999896,0.05750798722044728,362.2,4.26,0.0
1544,2,461,1.4599999999999733,0.05639913232104121,362.4,4.26,0.0
1545,2,446,1.444999999999975,0.05605381165919283,362.7,4.26,0.0
1546,1,313,0.3119999999999896,0.054313099041533544,362.8,4.26,0.0
1547,1,313,0.3119999999999896,0.054313099041533544,363.0,4.26,0.0
1548,0,187,-0.8139999999999998,0.058823529411764705,363.1,4.27,0.0
1549,4,713,3.711999999999988,0.0546984572230014,363.5,4.26,0.0
1550,0,179,-0.8219999999999998,0.055865921787709494,363.6,4.27,0.0
1551,3,579,2.5779999999999603,0.055267702936096716,363.9,4.27,0.0
1552,8,1246,8.244999999999962,0.05537720706260032,364.5,4.26,0.0
1553,2,446,1.444999999999975,0.05605381165919283,364.8,4.26,0.0
1554,1,313,0.3119999999999896,0.054313099041533544,364.9,4.26,0.0
1555,1,313,0.3119999999999896,0.054313099041533544,365.1,4.26,0.0
1556,1,313,0.3119999999999896,0.054313099041533544,365.3,4.26,0.0
1557,2,456,1.4549999999999739,0.05701754385964912,365.5,4.26,0.0
1558,0,190,-0.8109999999999998,0.05789473684210526,365.6,4.26,0.0
1559,1,313,0.3119999999999896,0.054313099041533544,365.8,4.26,0.0
1560,0,179,-0.8219999999999998,0.055865921787709494,365.9,4.27,0.0
1561,4,729,3.7279999999999935,0.056241426611796985,366.3,4.26,0.0
1562,2,447,1.4459999999999749,0.05592841163310962,366.5,4.26,0.0
1563,2,446,1.444999999999975,0.053811659192825115,366.8,4.26,0.0
1564,1,337,0.335999999999987,0.05637982195845697,366.9,4.27,0.0
1565,2,460,1.4589999999999734,0.05652173913043478,367.2,4.27,0.0
1566,0,208,-0.7929999999999998,0.057692307692307696,367.3,4.27,0.0
1567,2,446,1.444999999999975,0.05605381165919283,367.5,4.27,0.0
1568,3,610,2.608999999999957,0.05573770491803279,367.8,4.27,0.0
1569,5,853,4.852000000000034,0.05627198124267292,368.3,4.26,0.0
1570,3,579,2.5779999999999603,0.055267702936096716,368.6,4.26,0.0
1571,5,859,4.858000000000036,0.05587892898719441,369.1,4.26,0.0
1572,2,481,1.4799999999999711,0.056133056133056136,369.3,4.26,0.0
1573,5,876,4.875000000000042,0.05593607305936073,369.8,4.26,0.0
1574,3,579,2.5779999999999603,0.055267702936096716,370.1,4.26,0.0
1575,1,331,0.32999999999998764,0.05740181268882175,370.3,4.26,0.0
1576,1,313,0.3119999999999896,0.054313099041533544,370.5,4.26,0.0
1577,0,187,-0.8139999999999998,0.058823529411764705,370.6,4.26,0.0
1578,0,193,-0.8079999999999998,0.05699481865284974,370.7,4.26,0.0
1579,0,179,-0.8219999999999998,0.055865921787709494,370.8,4.26,0.0
1580,1,336,0.3349999999999871,0.05654761904761905,370.9,4.26,0.0
1581,2,446,1.444999999999975,0.05605381165919283,371.2,4.26,0.0
1582,3,579,2.5779999999999603,0.055267702936096716,371.5,4.26,0.0
1583,3,582,2.58099999999996,0.05670103092783505,371.8,4.26,0.0
1584,0,193,-0.8079999999999998,0.05699481865284974,371.9,4.26,0.0
1585,6,1005,6.004000000000084,0.05572139303482587,372.4,4.26,0.0
1586,0,179,-0.8219999999999998,0.055865921787709494,372.5,4.26,0.0
1587,0,196,-0.8049999999999998,0.05612244897959184,372.6,4.26,0.0
1588,1,313,0.3119999999999896,0.054313099041533544,372.8,4.26,0.0
1589,3,591,2.589999999999959,0.05583756345177665,373.1,4.26,0.0
1590,0,179,-0.8219999999999998,0.055865921787709494,373.2,4.26,0.0
1591,2,446,1.444999999999975,0.053811659192825115,373.5,4.26,0.0
1592,2,455,1.453999999999974,0.05714285714285714,373.7,4.26,0.0
1593,0,179,-0.8219999999999998,0.055865921787709494,373.8,4.26,0.0
1594,0,183,-0.8179999999999998,0.060109289617486336,373.9,4.27,0.0
1595,4,713,3.711999999999988,0.056100981767180924,374.3,4.26,0.0
1596,0,179,-0.8219999999999998,0.055865921787709494,374.4,4.27,0.0
1597,1,313,0.3119999999999896,0.054313099041533544,374.5,4.27,0.0
1598,1,313,0.3119999999999896,0.054313099041533544,374.7,4.27,0.0
1599,0,195,-0.8059999999999998,0.05641025641025641,374.8,4.27,0.0
1600,0,179,-0.8219999999999998,0.055865921787709494,374.9,4.27,0.0
1601,0,188,-0.8129999999999998,0.05851063829787234,375.0,4.27,0.0
1602,2,446,1.444999999999975,0.053811659192825115,375.2,4.27,0.0
1603,4,713,3.711999999999988,0.056100981767180924,375.6,4.27,0.0
1604,4,727,3.725999999999993,0.05639614855570839,376.0,4.27,0.0
1605,0,184,-0.8169999999999998,0.059782608695652176,376.1,4.27,0.0
1606,3,579,2.5779999999999603,0.055267702936096716,376.4,4.27,0.0
1607,1,313,0.3119999999999896,0.05750798722044728,376.6,4.27,0.0
1608,0,179,-0.8219999999999998,0.055865921787709494,376.7,4.27,0.0
1609,0,179,-0.8219999999999998,0.055865921787709494,376.8,4.27,0.0
1610,2,459,1.4579999999999735,0.05664488017429194,377.0,4.27,0.0
1611,0,184,-0.8169999999999998,0.059782608695652176,377.1,4.27,0.0
1612,1,313,0.3119999999999896,0.05750798722044728,377.3,4.28,0.0
1613,4,713,3.711999999999988,0.0546984572230014,377.7,4.27,0.0
1614,2,446,1.444999999999975,0.05605381165919283,377.9,4.27,0.0
1615,1,313,0.3119999999999896,0.054313099041533544,378.1,4.27,0.0
1616,7,1113,7.112000000000036,0.055705300988319856,378.7,4.27,0.0
1617,2,457,1.4559999999999738,0.05689277899343545,378.9,4.27,0.0
1618,2,457,1.4559999999999738,0.05689277899343545,379.2,4.27,0.0
1619,1,313,0.3119999999999896,0.054313099041533544,379.3,4.27,0.0
1620,3,579,2.5779999999999603,0.055267702936096716,379.6,4.27,0.0
1621,7,1113,7.112000000000036,0.055705300988319856,380.2,4.27,0.0
1622,0,179,-0.8219999999999998,0.055865921787709494,380.3,4.27,0.0
1623,0,186,-0.8149999999999998,0.05913978494623656,380.4,4.27,0.0
1624,2,446,1.444999999999975,0.05605381165919283,380.7,4.27,0.0
1625,1,320,0.31899999999998885,0.05625,380.8,4.27,0.0
1626,2,446,1.444999999999975,0.05605381165919283,381.1,4.27,0.0
1627,0,189,-0.8119999999999998,0.0582010582010582,381.2,4.27,0.0
1628,1,315,0.3139999999999894,0.05714285714285714,381.4,4.27,0.0
1629,2,454,1.452999999999974,0.05726872246696035,381.6,4.27,0.0
1630,3,579,2.5779999999999603,0.055267702936096716,381.9,4.27,0.0
1631,0,185,-0.8159999999999998,0.05945945945945946,382.0,4.27,0.0
1632,2,446,1.444999999999975,0.05605381165919283,382.2,4.27,0.0
1633,1,313,0.3119999999999896,0.054313099041533544,382.4,4.27,0.0
1634,4,713,3.711999999999988,0.0546984572230014,382.8,4.27,0.0
1635,2,457,1.4559999999999738,0.05689277899343545,383.0,4.27,0.0
1636,2,454,1.452999999999974,0.05726872246696035,383.3,4.27,0.0
1637,6,1002,6.001000000000083,0.05588822355289421,383.8,4.27,0.0
1638,2,446,1.444999999999975,0.05605381165919283,384.1,4.27,0.0
1639,1,313,0.3119999999999896,0.054313099041533544,384.2,4.27,0.0
1640,0,179,-0.8219999999999998,0.055865921787709494,384.3,4.27,0.0
1641,5,846,4.845000000000032,0.05555555555555555,384.8,4.27,0.0
1642,2,446,1.444999999999975,0.05605381165919283,385.0,4.27,0.0
1643,0,183,-0.8179999999999998,0.060109289617486336,385.1,4.27,0.0
1644,6,980,5.979000000000076,0.05612244897959184,385.6,4.27,0.0
1645,1,314,0.3129999999999895,0.05732484076433121,385.8,4.27,0.0
1646,5,846,4.845000000000032,0.05555555555555555,386.3,4.26,0.0
1647,0,186,-0.8149999999999998,0.05913978494623656,386.4,4.27,0.0
1648,3,584,2.5829999999999598,0.05650684931506849,386.7,4.26,0.0
1649,0,179,-0.8219999999999998,0.055865921787709494,386.8,4.27,0.0
1650,8,1274,8.272999999999946,0.05572998430141287,387.5,4.26,0.0
1651,3,579,2.5779999999999603,0.055267702936096716,387.8,4.26,0.0
1652,0,179,-0.8219999999999998,0.055865921787709494,387.9,4.26,0.0
1653,0,194,-0.8069999999999998,0.05670103092783505,388.0,4.26,0.0
1654,3,579,2.5779999999999603,0.055267702936096716,388.3,4.26,0.0
1655,1,313,0.3119999999999896,0.054313099041533544,388.4,4.26,0.0
1656,0,185,-0.8159999999999998,0.05945945945945946,388.5,4.26,0.0
1657,0,179,-0.8219999999999998,0.055865921787709494,388.6,4.27,0.0
1658,3,579,2.5779999999999603,0.055267702936096716,388.9,4.27,0.0
1659,1,339,0.33799999999998676,0.05604719764011799,389.1,4.27,0.0
1660,3,579,2.5779999999999603,0.055267702936096716,389.4,4.27,0.0
1661,6,979,5.978000000000075,0.05515832482124617,389.9,4.26,0.0
1662,2,446,1.444999999999975,0.053811659192825115,390.2,4.26,0.0
1663,0,179,-0.8219999999999998,0.055865921787709494,390.3,4.26,0.0
1664,4,725,3.723999999999992,0.05655172413793103,390.7,4.26,0.0
1665,2,453,1.4519999999999742,0.05739514348785872,390.9,4.26,0.0
1666,1,313,0.3119999999999896,0.05750798722044728,391.1,4.26,0.0
1667,3,579,2.5779999999999603,0.055267702936096716,391.4,4.26,0.0
1668,1,313,0.3119999999999896,0.05750798722044728,391.6,4.26,0.0
1669,3,587,2.5859999999999594,0.056218057921635436,391.9,4.26,0.0
1670,0,185,-0.8159999999999998,0.05945945945945946,392.0,4.26,0.0
1671,1,314,0.3129999999999895,0.05732484076433121,392.1,4.26,0.0
1672,0,179,-0.8219999999999998,0.055865921787709494,392.2,4.27,0.0
1673,0,179,-0.8219999999999998,0.055865921787709494,392.3,4.27,0.0
1674,1,313,0.3119999999999896,0.05750798722044728,392.5,4.27,0.0
1675,2,476,1.4749999999999717,0.05672268907563025,392.7,4.27,0.0
1676,5,846,4.845000000000032,0.05555555555555555,393.2,4.27,0.0
1677,2,446,1.444999999999975,0.05605381165919283,393.4,4.27,0.0
1678,5,846,4.845000000000032,0.05555555555555555,393.9,4.26,0.0
1679,3,582,2.58099999999996,0.05670103092783505,394.2,4.26,0.0
1680,0,188,-0.8129999999999998,0.05851063829787234,394.3,4.26,0.0
1681,2,446,1.444999999999975,0.05605381165919283,394.5,4.26,0.0
1682,0,209,-0.7919999999999998,0.05741626794258373,394.7,4.26,0.0
1683,1,315,0.3139999999999894,0.05714285714285714,394.8,4.27,0.0
1684,1,313,0.3119999999999896,0.05750798722044728,395.0,4.27,0.0
1685,1,314,0.3129999999999895,0.05732484076433121,395.2,4.27,0.0
1686,0,179,-0.8219999999999998,0.055865921787709494,395.3,4.27,0.0
1687,1,313,0.3119999999999896,0.05750798722044728,395.4,4.27,0.0
1688,0,179,-0.8219999999999998,0.055865921787709494,395.5,4.27,0.0
1689,0,179,-0.8219999999999998,0.055865921787709494,395.6,4.27,0.0
1690,0,179,-0.8219999999999998,0.055865921787709494,395.7,4.27,0.0
1691,1,313,0.3119999999999896,0.05750798722044728,395.9,4.27,0.0
1692,3,579,2.5779999999999603,0.055267702936096716,396.2,4.27,0.0
1693,0,179,-0.8219999999999998,0.055865921787709494,396.3,4.27,0.0
1694,2,458,1.4569999999999736,0.056768558951965066,396.5,4.27,0.0
1695,1,315,0.3139999999999894,0.05714285714285714,396.7,4.28,0.0
1696,3,604,2.6029999999999576,0.056291390728476824,397.0,4.27,0.0
1697,0,179,-0.8219999999999998,0.055865921787709494,397.1,4.28,0.0
1698,1,336,0.3349999999999871,0.05654761904761905,397.3,4.28,0.0
1699,6,979,5.978000000000075,0.05515832482124617,397.8,4.27,0.0
1700,5,846,4.845000000000032,0.05555555555555555,398.3,4.27,0.0
1701,0,183,-0.8179999999999998,0.060109289617486336,398.4,4.27,0.0
1702,0,192,-0.8089999999999998,0.057291666666666664,398.5,4.27,0.0
1703,2,462,1.4609999999999732,0.05627705627705628,398.7,4.27,0.0
1704,0,179,-0.8219999999999998,0.055865921787709494,398.8,4.28,0.0
1705,2,446,1.444999999999975,0.05605381165919283,399.0,4.28,0.0
1706,1,313,0.3119999999999896,0.054313099041533544,399.2,4.28,0.0
1707,0,188,-0.8129999999999998,0.05851063829787234,399.3,4.28,0.0
1708,0,179,-0.8219999999999998,0.055865921787709494,399.4,4.28,0.0
1709,3,579,2.5779999999999603,0.055267702936096716,399.7,4.28,0.0
1710,0,202,-0.7989999999999998,0.0594059405940594,399.8,4.28,0.0
1711,3,579,2.5779999999999603,0.055267702936096716,400.2,4.28,0.0
1712,0,187,-0.8139999999999998,0.058823529411764705,400.3,4.28,0.0
1713,4,713,3.711999999999988,0.0546984572230014,400.7,4.28,0.0
1714,0,179,-0.8219999999999998,0.055865921787709494,400.8,4.28,0.0
1715,0,179,-0.8219999999999998,0.055865921787709494,400.9,4.28,0.0
1716,5,851,4.850000000000033,0.0564042303172738,401.3,4.28,0.0
1717,2,462,1.4609999999999732,0.05627705627705628,401.6,4.28,0.0
1718,0,179,-0.8219999999999998,0.05027932960893855,401.7,4.28,0.0
1719,1,329,0.32799999999998786,0.057750759878419454,401.8,4.28,0.0
1720,2,460,1.4589999999999734,0.05652173913043478,402.1,4.28,0.0
1721,4,713,3.711999999999988,0.056100981767180924,402.5,4.28,0.0
1722,3,582,2.58099999999996,0.05670103092783505,402.8,4.28,0.0
1723,1,318,0.31699999999998907,0.05660377358490566,403.0,4.28,0.0
1724,1,313,0.3119999999999896,0.054313099041533544,403.1,4.28,0.0
1725,0,179,-0.8219999999999998,0.055865921787709494,403.2,4.28,0.0
1726,0,187,-0.8139999999999998,0.058823529411764705,403.3,4.28,0.0
1727,7,1113,7.112000000000036,0.055705300988319856,403.9,4.28,0.0
1728,1,321,0.31999999999998874,0.056074766355140186,404.1,4.28,0.0
1729,0,185,-0.8159999999999998,0.05945945945945946,404.2,4.28,0.0
1730,1,313,0.3119999999999896,0.054313099041533544,404.3,4.28,0.0
1731,0,179,-0.8219999999999998,0.055865921787709494,404.4,4.28,0.0
1732,2,446,1.444999999999975,0.05605381165919283,404.7,4.28,0.0
1733,0,194,-0.8069999999999998,0.05670103092783505,404.8,4.28,0.0
1734,4,731,3.729999999999994,0.0560875512995896,405.2,4.28,0.0
1735,0,186,-0.8149999999999998,0.05913978494623656,405.3,4.28,0.0
1736,1,313,0.3119999999999896,0.054313099041533544,405.4,4.28,0.0
1737,3,579,2.5779999999999603,0.055267702936096716,405.8,4.28,0.0
1738,0,184,-0.8169999999999998,0.059782608695652176,405.9,4.28,0.0
1739,4,719,3.71799999999999,0.055632823365785816,406.2,4.28,0.0
1740,4,713,3.711999999999988,0.056100981767180924,406.6,4.28,0.0
1741,0,188,-0.8129999999999998,0.05851063829787234,406.7,4.28,0.0
1742,2,454,1.452999999999974,0.05726872246696035,407.0,4.28,0.0
1743,0,179,-0.8219999999999998,0.055865921787709494,407.1,4.28,0.0
1744,1,332,0.3309999999999875,0.0572289156626506,407.2,4.29,0.0
1745,2,462,1.4609999999999732,0.05627705627705628,407.5,4.29,0.0
1746,5,855,4.854000000000035,0.056140350877192984,407.9,4.28,0.0
1747,0,187,-0.8139999999999998,0.058823529411764705,408.0,4.28,0.0
1748,1,313,0.3119999999999896,0.05750798722044728,408.2,4.28,0.0
1749,2,446,1.444999999999975,0.05605381165919283,408.4,4.28,0.0
1750,9,1380,9.378999999999888,0.05579710144927536,409.1,4.28,0.0
1751,1,313,0.3119999999999896,0.054313099041533544,409.3,4.28,0.0
1752,0,186,-0.8149999999999998,0.05913978494623656,409.4,4.28,0.0
1753,5,846,4.845000000000032,0.05555555555555555,409.8,4.28,0.0
1754,3,585,2.5839999999999597,0.05641025641025641,410.2,4.28,0.0
1755,3,582,2.58099999999996,0.05670103092783505,410.5,4.28,0.0
1756,3,579,2.5779999999999603,0.055267702936096716,410.8,4.28,0.0
1757,0,179,-0.8219999999999998,0.055865921787709494,410.9,4.28,0.0
1758,1,339,0.33799999999998676,0.05604719764011799,411.1,4.28,0.0
1759,4,713,3.711999999999988,0.056100981767180924,411.5,4.28,0.0
1760,2,446,1.444999999999975,0.053811659192825115,411.7,4.28,0.0
1761,0,179,-0.8219999999999998,0.055865921787709494,411.8,4.28,0.0
1762,2,446,1.444999999999975,0.053811659192825115,412.0,4.28,0.0
1763,0,184,-0.8169999999999998,0.059782608695652176,412.1,4.28,0.0
1764,3,590,2.588999999999959,0.05593220338983051,412.4,4.28,0.0
1765,1,313,0.3119999999999896,0.054313099041533544,412.6,4.28,0.0
1766,5,846,4.845000000000032,0.05555555555555555,413.0,4.28,0.0
1767,1,313,0.3119999999999896,0.05750798722044728,413.2,4.28,0.0
1768,0,185,-0.8159999999999998,0.05945945945945946,413.3,4.28,0.0
1769,1,313,0.3119999999999896,0.05750798722044728,413.5,4.28,0.0
1770,0,187,-0.8139999999999998,0.058823529411764705,413.6,4.28,0.0
1771,1,313,0.3119999999999896,0.054313099041533544,413.7,4.28,0.0
1772,0,179,-0.8219999999999998,0.05027932960893855,413.8,4.28,0.0
1773,1,336,0.3349999999999871,0.05654761904761905,414.0,4.28,0.0
1774,2,456,1.4549999999999739,0.05701754385964912,414.3,4.28,0.0
1775,4,715,3.713999999999989,0.055944055944055944,414.6,4.28,0.0
1776,0,190,-0.8109999999999998,0.05789473684210526,414.7,4.28,0.0
1777,0,191,-0.8099999999999998,0.05759162303664921,414.8,4.29,0.0
1778,1,318,0.31699999999998907,0.05660377358490566,415.0,4.29,0.0
1779,6,979,5.978000000000075,0.05515832482124617,415.5,4.28,0.0
1780,1,313,0.3119999999999896,0.05750798722044728,415.7,4.28,0.0
1781,0,179,-0.8219999999999998,0.055865921787709494,415.8,4.29,0.0
1782,0,188,-0.8129999999999998,0.05851063829787234,415.9,4.29,0.0
1783,1,336,0.3349999999999871,0.05654761904761905,416.1,4.29,0.0
1784,0,179,-0.8219999999999998,0.055865921787709494,416.2,4.29,0.0
1785,4,724,3.722999999999992,0.05662983425414365,416.6,4.29,0.0
1786,1,313,0.3119999999999896,0.054313099041533544,416.7,4.29,0.0
1787,1,313,0.3119999999999896,0.054313099041533544,416.9,4.29,0.0
1788,5,853,4.852000000000034,0.05627198124267292,417.3,4.29,0.0
1789,0,186,-0.8149999999999998,0.05913978494623656,417.4,4.29,0.0
1790,7,1113,7.112000000000036,0.055705300988319856,418.0,4.28,0.0
1791,3,579,2.5779999999999603,0.055267702936096716,418.3,4.28,0.0
1792,7,1113,7.112000000000036,0.055705300988319856,418.9,4.28,0.0
1793,10,1513,10.511999999999814,0.05551883674818242,419.7,4.27,0.0
1794,3,582,2.58099999999996,0.05670103092783505,420.0,4.27,0.0
1795,0,179,-0.8219999999999998,0.055865921787709494,420.1,4.27,0.0
1796,4,713,3.711999999999988,0.0546984572230014,420.5,4.27,0.0
1797,0,179,-0.8219999999999998,0.055865921787709494,420.6,4.27,0.0
1798,1,313,0.3119999999999896,0.05750798722044728,420.8,4.28,0.0
1799,2,446,1.444999999999975,0.05605381165919283,421.0,4.28,0.0
1800,2,458,1.4569999999999736,0.056768558951965066,421.3,4.28,0.0
1801,1,313,0.3119999999999896,0.05750798722044728,421.4,4.28,0.0
1802,3,610,2.608999999999957,0.05573770491803279,421.8,4.27,0.0
1803,0,211,-0.7899999999999998,0.05687203791469194,421.9,4.28,0.0
1804,10,1513,10.511999999999814,0.05551883674818242,422.7,4.27,0.0
1805,0,179,-0.8219999999999998,0.055865921787709494,422.8,4.27,0.0
1806,7,1113,7.112000000000036,0.05480682839173405,423.4,4.27,0.0
1807,6,979,5.978000000000075,0.05515832482124617,423.9,4.27,0.0
1808,2,446,1.444999999999975,0.053811659192825115,424.2,4.26,0.0
1809,2,446,1.444999999999975,0.05605381165919283,424.4,4.26,0.0
1810,0,196,-0.8049999999999998,0.05612244897959184,424.5,4.27,0.0
1811,2,446,1.444999999999975,0.05605381165919283,424.7,4.27,0.0
1812,3,579,2.5779999999999603,0.055267702936096716,425.0,4.27,0.0
1813,4,713,3.711999999999988,0.056100981767180924,425.4,4.26,0.0
1814,7,1145,7.144000000000018,0.05589519650655022,426.0,4.26,0.0
1815,0,183,-0.8179999999999998,0.060109289617486336,426.1,4.26,0.0
1816,3,579,2.5779999999999603,0.055267702936096716,426.4,4.26,0.0
1817,3,602,2.600999999999958,0.05647840531561462,426.8,4.26,0.0
1818,4,713,3.711999999999988,0.0546984572230014,427.1,4.26,0.0
1819,2,446,1.444999999999975,0.05605381165919283,427.4,4.26,0.0
1820,0,179,-0.8219999999999998,0.055865921787709494,427.5,4.26,0.0
1821,4,727,3.725999999999993,0.05639614855570839,427.9,4.26,0.0
1822,3,583,2.58199999999996,0.05660377358490566,428.2,4.26,0.0
1823,5,846,4.845000000000032,0.05555555555555555,428.6,4.26,0.0
1824,0,190,-0.8109999999999998,0.05789473684210526,428.7,4.26,0.0
1825,0,179,-0.8219999999999998,0.055865921787709494,428.8,4.26,0.0
1826,5,851,4.850000000000033,0.0564042303172738,429.3,4.26,0.0
1827,2,457,1.4559999999999738,0.05689277899343545,429.5,4.26,0.0
1828,2,446,1.444999999999975,0.05605381165919283,429.8,4.26,0.0
1829,5,846,4.845000000000032,0.05555555555555555,430.2,4.25,0.0
1830,0,187,-0.8139999999999998,0.058823529411764705,430.3,4.26,0.0
1831,4,737,3.735999999999996,0.05563093622795115,430.7,4.25,0.0
1832,0,179,-0.8219999999999998,0.055865921787709494,430.8,4.25,0.0
1833,3,591,2.589999999999959,0.05583756345177665,431.1,4.25,0.0
1834,0,179,-0.8219999999999998,0.055865921787709494,431.2,4.26,0.0
1835,3,579,2.5779999999999603,0.055267702936096716,431.5,4.25,0.0
1836,2,446,1.444999999999975,0.05605381165919283,431.8,4.25,0.0
1837,2,456,1.4549999999999739,0.05701754385964912,432.0,4.25,0.0
1838,5,852,4.851000000000034,0.056338028169014086,432.5,4.25,0.0
1839,4,713,3.711999999999988,0.0546984572230014,432.9,4.25,0.0
1840,2,446,1.444999999999975,0.05605381165919283,433.1,4.25,0.0
1841,2,459,1.4579999999999735,0.05664488017429194,433.3,4.25,0.0
1842,0,187,-0.8139999999999998,0.058823529411764705,433.4,4.25,0.0
1843,0,179,-0.8219999999999998,0.055865921787709494,433.5,4.25,0.0
1844,2,457,1.4559999999999738,0.05689277899343545,433.8,4.25,0.0
1845,3,579,2.5779999999999603,0.055267702936096716,434.1,4.25,0.0
1846,3,592,2.590999999999959,0.05574324324324324,434.4,4.25,0.0
1847,1,313,0.3119999999999896,0.05750798722044728,434.6,4.25,0.0
1848,1,314,0.3129999999999895,0.05732484076433121,434.7,4.25,0.0
1849,2,458,1.4569999999999736,0.056768558951965066,435.0,4.25,0.0
1850,4,713,3.711999999999988,0.0546984572230014,435.4,4.25,0.0
1851,1,313,0.3119999999999896,0.054313099041533544,435.6,4.25,0.0
1852,0,179,-0.8219999999999998,0.055865921787709494,435.7,4.25,0.0
1853,2,458,1.4569999999999736,0.056768558951965066,435.9,4.25,0.0
1854,0,179,-0.8219999999999998,0.055865921787709494,436.0,4.25,0.0
1855,4,713,3.711999999999988,0.056100981767180924,436.4,4.25,0.0
1856,5,846,4.845000000000032,0.05555555555555555,436.8,4.25,0.0
1857,4,713,3.711999999999988,0.056100981767180924,437.2,4.25,0.0
1858,4,729,3.7279999999999935,0.056241426611796985,437.6,4.25,0.0
1859,3,609,2.607999999999957,0.05582922824302135,437.9,4.25,0.0
1860,1,313,0.3119999999999896,0.054313099041533544,438.1,4.25,0.0
1861,2,446,1.444999999999975,0.05605381165919283,438.4,4.25,0.0
1862,1,317,0.3159999999999892,0.056782334384858045,438.5,4.25,0.0
1863,0,179,-0.8219999999999998,0.055865921787709494,438.6,4.25,0.0
1864,2,446,1.444999999999975,0.05605381165919283,438.9,4.25,0.0
1865,3,579,2.5779999999999603,0.055267702936096716,439.2,4.25,0.0
1866,0,179,-0.8219999999999998,0.055865921787709494,439.3,4.25,0.0
1867,5,846,4.845000000000032,0.05555555555555555,439.7,4.25,0.0
1868,0,179,-0.8219999999999998,0.055865921787709494,439.8,4.25,0.0
1869,1,313,0.3119999999999896,0.054313099041533544,440.0,4.25,0.0
1870,0,192,-0.8089999999999998,0.057291666666666664,440.1,4.25,0.0
1871,2,476,1.4749999999999717,0.05672268907563025,440.3,4.25,0.0
1872,2,446,1.444999999999975,0.05605381165919283,440.6,4.25,0.0
1873,3,579,2.5779999999999603,0.055267702936096716,440.9,4.25,0.0
1874,1,340,0.33899999999998665,0.05588235294117647,441.1,4.25,0.0
1875,0,179,-0.8219999999999998,0.055865921787709494,441.1,4.25,0.0
1876,0,179,-0.8219999999999998,0.055865921787709494,441.2,4.25,0.0
1877,1,340,0.33899999999998665,0.05588235294117647,441.4,4.25,0.0
1878,2,463,1.461999999999973,0.056155507559395246,441.7,4.25,0.0
1879,3,606,2.6049999999999573,0.056105610561056105,442.0,4.25,0.0
1880,0,205,-0.7959999999999998,0.05853658536585366,442.1,4.25,0.0
1881,4,714,3.7129999999999885,0.056022408963585436,442.5,4.25,0.0
1882,2,446,1.444999999999975,0.05605381165919283,442.7,4.25,0.0
1883,0,179,-0.8219999999999998,0.055865921787709494,442.8,4.25,0.0
1884,0,179,-0.8219999999999998,0.055865921787709494,442.9,4.26,0.0
1885,2,446,1.444999999999975,0.05605381165919283,443.2,4.26,0.0
1886,1,338,0.33699999999998687,0.05621301775147929,443.3,4.26,0.0
1887,1,314,0.3129999999999895,0.05732484076433121,443.5,4.26,0.0
1888,6,979,5.978000000000075,0.05515832482124617,444.0,4.25,0.0
1889,1,332,0.3309999999999875,0.0572289156626506,444.2,4.25,0.0
1890,5,751,4.75,0.0559254327563249,444.6,4.25,0.0
1891,0,179,-0.8219999999999998,0.055865921787709494,444.7,4.25,0.0
1892,0,179,-0.8219999999999998,0.055865921787709494,444.8,4.26,0.0
1893,1,313,0.3119999999999896,0.05750798722044728,445.0,4.26,0.0
1894,3,579,2.5779999999999603,0.055267702936096716,445.3,4.26,0.0
1895,2,458,1.4569999999999736,0.056768558951965066,445.5,4.26,0.0
1896,2,483,2.481999999999971,0.055900621118012424,445.8,4.26,0.0
1897,2,446,1.444999999999975,0.05605381165919283,446.0,4.26,0.0
1898,3,585,2.5839999999999597,0.05641025641025641,446.3,4.25,0.0
1899,1,319,0.31799999999998896,0.05642633228840126,446.5,4.26,0.0
1900,0,179,-0.8219999999999998,0.055865921787709494,446.6,4.26,0.0
1901,1,313,0.3119999999999896,0.05750798722044728,446.8,4.26,0.0
1902,7,1113,7.112000000000036,0.055705300988319856,447.3,4.25,0.0
1903,4,735,3.7339999999999955,0.055782312925170066,447.7,4.25,0.0
1904,0,179,-0.8219999999999998,0.055865921787709494,447.8,4.25,0.0
1905,0,179,-0.8219999999999998,0.055865921787709494,447.9,4.26,0.0
1906,4,713,3.711999999999988,0.056100981767180924,448.3,4.25,0.0
1907,3,579,2.5779999999999603,0.055267702936096716,448.6,4.25,0.0
1908,0,179,-0.8219999999999998,0.055865921787709494,448.7,4.25,0.0
1909,2,465,1.4639999999999729,0.05591397849462366,448.9,4.25,0.0
1910,0,179,-0.8219999999999998,0.055865921787709494,449.0,4.26,0.0
1911,1,313,0.3119999999999896,0.054313099041533544,449.2,4.26,0.0
1912,0,179,-0.8219999999999998,0.05027932960893855,449.3,4.26,0.0
1913,0,190,-0.8109999999999998,0.05789473684210526,449.4,4.26,0.0
1914,13,1913,13.911999999999592,0.05541035023523262,450.4,4.25,0.0
1915,0,187,-0.8139999999999998,0.058823529411764705,450.5,4.25,0.0
1916,1,318,0.31699999999998907,0.05660377358490566,450.7,4.25,0.0
1917,4,713,3.711999999999988,0.056100981767180924,451.1,4.25,0.0
1918,1,313,0.3119999999999896,0.054313099041533544,451.3,4.25,0.0
1919,1,331,0.32999999999998764,0.05740181268882175,451.4,4.25,0.0
1920,6,979,5.978000000000075,0.05515832482124617,451.9,4.25,0.0
1921,1,313,0.3119999999999896,0.054313099041533544,452.1,4.25,0.0
1922,0,186,-0.8149999999999998,0.05913978494623656,452.2,4.25,0.0
1923,6,979,5.978000000000075,0.05515832482124617,452.7,4.25,0.0
1924,5,752,4.751,0.05585106382978723,453.1,4.25,0.0
1925,2,461,1.4599999999999733,0.05639913232104121,453.4,4.25,0.0
1926,2,446,1.444999999999975,0.05605381165919283,453.6,4.25,0.0
1927,1,320,0.31899999999998885,0.05625,453.8,4.25,0.0
1928,1,313,0.3119999999999896,0.054313099041533544,453.9,4.25,0.0
1929,3,579,2.5779999999999603,0.055267702936096716,454.2,4.25,0.0
1930,0,179,-0.8219999999999998,0.055865921787709494,454.3,4.25,0.0
1931,4,715,3.713999999999989,0.055944055944055944,454.7,4.25,0.0
1932,3,579,2.5779999999999603,0.055267702936096716,455.0,4.25,0.0
1933,5,846,4.845000000000032,0.05555555555555555,455.4,4.25,0.0
1934,0,179,-0.8219999999999998,0.055865921787709494,455.6,4.25,0.0
1935,2,461,1.4599999999999733,0.05639913232104121,455.8,4.25,0.0
1936,0,179,-0.8219999999999998,0.055865921787709494,455.9,4.25,0.0
1937,1,313,0.3119999999999896,0.054313099041533544,456.1,4.25,0.0
1938,4,729,3.7279999999999935,0.056241426611796985,456.5,4.25,0.0
1939,6,979,5.978000000000075,0.05515832482124617,457.0,4.25,0.0
1940,2,446,1.444999999999975,0.05605381165919283,457.2,4.25,0.0
1941,1,321,0.31999999999998874,0.056074766355140186,457.4,4.25,0.0
1942,3,601,2.599999999999958,0.056572379367720464,457.7,4.25,0.0
1943,2,458,1.4569999999999736,0.056768558951965066,458.0,4.24,0.0
1944,0,183,-0.8179999999999998,0.060109289617486336,458.1,4.25,0.0
1945,8,1246,8.244999999999962,0.05537720706260032,458.7,4.24,0.0
1946,2,447,1.4459999999999749,0.05592841163310962,458.9,4.24,0.0
1947,2,459,1.4579999999999735,0.05664488017429194,459.2,4.24,0.0
1948,2,446,1.444999999999975,0.05605381165919283,459.4,4.24,0.0
1949,2,466,1.4649999999999728,0.055793991416309016,459.7,4.24,0.0
1950,1,313,0.3119999999999896,0.054313099041533544,459.8,4.24,0.0
1951,1,313,0.3119999999999896,0.05750798722044728,460.0,4.24,0.0
1952,1,313,0.3119999999999896,0.054313099041533544,460.2,4.24,0.0
1953,0,207,-0.7939999999999998,0.057971014492753624,460.3,4.25,0.0
1954,4,713,3.711999999999988,0.0546984572230014,460.7,4.24,0.0
1955,10,1517,10.515999999999812,0.05603164139749506,461.5,4.24,0.0
1956,5,846,4.845000000000032,0.05555555555555555,461.9,4.24,0.0
1957,2,446,1.444999999999975,0.053811659192825115,462.2,4.24,0.0
1958,2,466,1.4649999999999728,0.055793991416309016,462.4,4.24,0.0
1959,3,579,2.5779999999999603,0.055267702936096716,462.7,4.24,0.0
1960,5,861,4.860000000000037,0.05574912891986063,463.2,4.23,0.0
1961,1,313,0.3119999999999896,0.054313099041533544,463.4,4.23,0.0
1962,4,713,3.711999999999988,0.0546984572230014,463.8,4.23,0.0
1963,2,446,1.444999999999975,0.05605381165919283,464.0,4.23,0.0
1964,2,473,1.471999999999972,0.05708245243128964,464.3,4.23,0.0
1965,3,579,2.5779999999999603,0.055267702936096716,464.6,4.23,0.0
1966,5,851,4.850000000000033,0.0564042303172738,465.0,4.23,0.0
1967,0,184,-0.8169999999999998,0.059782608695652176,465.1,4.23,0.0
1968,3,579,2.5779999999999603,0.055267702936096716,465.4,4.23,0.0
1969,1,313,0.3119999999999896,0.05750798722044728,465.6,4.23,0.0
1970,0,179,-0.8219999999999998,0.055865921787709494,465.7,4.23,0.0
1971,2,460,1.4589999999999734,0.05652173913043478,466.0,4.23,0.0
1972,1,313,0.3119999999999896,0.054313099041533544,466.1,4.23,0.0
1973,1,334,0.3329999999999873,0.05688622754491018,466.3,4.23,0.0
1974,4,727,3.725999999999993,0.05639614855570839,466.7,4.23,0.0
1975,1,320,0.31899999999998885,0.05625,466.9,4.23,0.0
1976,0,179,-0.8219999999999998,0.055865921787709494,467.0,4.23,0.0
1977,0,179,-0.8219999999999998,0.055865921787709494,467.1,4.24,0.0
1978,5,846,4.845000000000032,0.05555555555555555,467.5,4.23,0.0
1979,1,315,0.3139999999999894,0.05714285714285714,467.7,4.23,0.0
1980,0,179,-0.8219999999999998,0.055865921787709494,467.8,4.23,0.0
1981,5,846,4.845000000000032,0.05555555555555555,468.2,4.23,0.0
1982,1,313,0.3119999999999896,0.05750798722044728,468.4,4.23,0.0
1983,0,197,-0.8039999999999998,0.05583756345177665,468.5,4.23,0.0
1984,0,179,-0.8219999999999998,0.055865921787709494,468.6,4.24,0.0
1985,0,179,-0.8219999999999998,0.055865921787709494,468.7,4.24,0.0
1986,5,852,4.851000000000034,0.056338028169014086,469.1,4.24,0.0
1987,0,179,-0.8219999999999998,0.055865921787709494,469.2,4.24,0.0
1988,0,179,-0.8219999999999998,0.055865921787709494,469.3,4.24,0.0
1989,0,179,-0.8219999999999998,0.055865921787709494,469.4,4.24,0.0
1990,0,179,-0.8219999999999998,0.055865921787709494,469.5,4.24,0.0
1991,3,584,2.5829999999999598,0.05650684931506849,469.8,4.24,0.0
1992,3,579,2.5779999999999603,0.055267702936096716,470.1,4.24,0.0
1993,3,579,2.5779999999999603,0.055267702936096716,470.4,4.24,0.0
1994,5,846,4.845000000000032,0.05555555555555555,470.9,4.24,0.0
1995,3,579,2.5779999999999603,0.055267702936096716,471.2,4.24,0.0
1996,0,184,-0.8169999999999998,0.059782608695652176,471.3,4.24,0.0
1997,2,460,1.4589999999999734,0.05652173913043478,471.5,4.24,0.0
1998,2,446,1.444999999999975,0.05605381165919283,471.8,4.24,0.0
1999,3,609,2.607999999999957,0.05582922824302135,472.1,4.24,0.0
2000,2,446,1.444999999999975,0.05605381165919283,472.3,4.24,0.0
2001,2,460,1.4589999999999734,0.05652173913043478,475.7,4.21,0.0
2002,1,313,0.3119999999999896,0.05750798722044728,475.9,4.21,0.0
2003,1,313,0.3119999999999896,0.05750798722044728,476.0,4.21,0.0
2004,3,581,2.57999999999996,0.05679862306368331,476.3,4.21,0.0
2005,0,179,-0.8219999999999998,0.055865921787709494,476.4,4.21,0.0
2006,3,579,2.5779999999999603,0.055267702936096716,476.7,4.21,0.0
2007,7,1142,7.1410000000000196,0.05604203152364273,477.3,4.21,0.0
2008,1,313,0.3119999999999896,0.054313099041533544,477.5,4.21,0.0
2009,0,179,-0.8219999999999998,0.055865921787709494,477.6,4.21,0.0
2010,4,713,3.711999999999988,0.056100981767180924,478.0,4.21,0.0
2011,2,446,1.444999999999975,0.05605381165919283,478.2,4.21,0.0
2012,2,446,1.444999999999975,0.05605381165919283,478.5,4.21,0.0
2013,2,458,1.4569999999999736,0.056768558951965066,478.7,4.21,0.0
2014,1,335,0.3339999999999872,0.056716417910447764,478.9,4.21,0.0
2015,4,714,3.7129999999999885,0.056022408963585436,479.3,4.21,0.0
2016,2,446,1.444999999999975,0.05605381165919283,479.5,4.21,0.0
2017,4,713,3.711999999999988,0.056100981767180924,479.9,4.21,0.0
2018,2,446,1.444999999999975,0.05605381165919283,480.2,4.20,0.0
2019,7,1113,7.112000000000036,0.055705300988319856,480.7,4.20,0.0
2020,1,313,0.3119999999999896,0.054313099041533544,480.9,4.20,0.0
2021,4,713,3.711999999999988,0.056100981767180924,481.3,4.20,0.0
2022,1,313,0.3119999999999896,0.054313099041533544,481.4,4.20,0.0
2023,0,193,-0.8079999999999998,0.05699481865284974,481.5,4.20,0.0
2024,4,713,3.711999999999988,0.056100981767180924,481.9,4.20,0.0
2025,3,582,2.58099999999996,0.05670103092783505,482.2,4.20,0.0
2026,0,192,-0.8089999999999998,0.057291666666666664,482.3,4.20,0.0
2027,0,184,-0.8169999999999998,0.059782608695652176,482.4,4.20,0.0
2028,4,713,3.711999999999988,0.056100981767180924,482.8,4.20,0.0
2029,0,187,-0.8139999999999998,0.058823529411764705,482.9,4.20,0.0
2030,3,579,2.5779999999999603,0.055267702936096716,483.2,4.20,0.0
2031,0,187,-0.8139999999999998,0.058823529411764705,483.3,4.20,0.0
2032,1,313,0.3119999999999896,0.054313099041533544,483.5,4.20,0.0
2033,0,179,-0.8219999999999998,0.055865921787709494,483.6,4.21,0.0
2034,2,446,1.444999999999975,0.05605381165919283,483.8,4.21,0.0
2035,0,179,-0.8219999999999998,0.055865921787709494,483.9,4.21,0.0
2036,0,179,-0.8219999999999998,0.055865921787709494,484.0,4.21,0.0
2037,0,182,-0.8189999999999998,0.06043956043956044,484.1,4.21,0.0
2038,0,195,-0.8059999999999998,0.05641025641025641,484.2,4.21,0.0
2039,1,313,0.3119999999999896,0.054313099041533544,484.4,4.21,0.0
2040,10,1513,10.511999999999814,0.05551883674818242,485.2,4.21,0.0
2041,5,853,4.852000000000034,0.05627198124267292,485.6,4.20,0.0
2042,1,335,0.3339999999999872,0.056716417910447764,485.8,4.21,0.0
2043,0,179,-0.8219999999999998,0.055865921787709494,485.9,4.21,0.0
2044,2,455,1.453999999999974,0.05714285714285714,486.2,4.21,0.0
2045,0,179,-0.8219999999999998,0.055865921787709494,486.3,4.21,0.0
2046,0,179,-0.8219999999999998,0.055865921787709494,486.4,4.21,0.0
2047,1,313,0.3119999999999896,0.054313099041533544,486.5,4.21,0.0
2048,0,179,-0.8219999999999998,0.055865921787709494,486.6,4.21,0.0
2049,3,579,2.5779999999999603,0.055267702936096716,486.9,4.21,0.0
2050,1,313,0.3119999999999896,0.054313099041533544,487.1,4.21,0.0
2051,0,179,-0.8219999999999998,0.055865921787709494,487.2,4.21,0.0
2052,2,461,1.4599999999999733,0.05639913232104121,487.4,4.21,0.0
2053,0,179,-0.8219999999999998,0.055865921787709494,487.5,4.21,0.0
2054,0,179,-0.8219999999999998,0.055865921787709494,487.6,4.21,0.0
2055,2,446,1.444999999999975,0.053811659192825115,487.9,4.21,0.0
2056,6,979,5.978000000000075,0.05515832482124617,488.4,4.21,0.0
2057,0,179,-0.8219999999999998,0.055865921787709494,488.5,4.21,0.0
2058,0,195,-0.8059999999999998,0.05641025641025641,488.6,4.21,0.0
2059,1,315,0.3139999999999894,0.05714285714285714,488.7,4.21,0.0
2060,2,455,1.453999999999974,0.05714285714285714,489.0,4.21,0.0
2061,1,313,0.3119999999999896,0.054313099041533544,489.1,4.22,0.0
2062,1,313,0.3119999999999896,0.054313099041533544,489.3,4.22,0.0
2063,4,729,3.7279999999999935,0.056241426611796985,489.7,4.21,0.0
2064,1,313,0.3119999999999896,0.054313099041533544,489.9,4.22,0.0
2065,0,179,-0.8219999999999998,0.055865921787709494,490.0,4.22,0.0
2066,0,179,-0.8219999999999998,0.055865921787709494,490.1,4.22,0.0
2067,4,713,3.711999999999988,0.056100981767180924,490.5,4.22,0.0
2068,2,461,1.4599999999999733,0.05639913232104121,490.7,4.22,0.0
2069,2,457,1.4559999999999738,0.05689277899343545,490.9,4.22,0.0
2070,0,179,-0.8219999999999998,0.055865921787709494,491.0,4.22,0.0
2071,1,313,0.3119999999999896,0.054313099041533544,491.2,4.22,0.0
2072,3,592,2.590999999999959,0.05574324324324324,491.6,4.22,0.0
2073,4,713,3.711999999999988,0.056100981767180924,491.9,4.22,0.0
2074,5,853,4.852000000000034,0.05627198124267292,492.4,4.21,0.0
2075,3,579,2.5779999999999603,0.055267702936096716,492.7,4.21,0.0
2076,0,179,-0.8219999999999998,0.055865921787709494,492.8,4.21,0.0
2077,0,179,-0.8219999999999998,0.055865921787709494,492.9,4.22,0.0
2078,3,611,2.609999999999957,0.05564648117839607,493.2,4.22,0.0
2079,4,713,3.711999999999988,0.056100981767180924,493.6,4.21,0.0
2080,0,179,-0.8219999999999998,0.055865921787709494,493.7,4.22,0.0
2081,1,313,0.3119999999999896,0.05750798722044728,493.9,4.22,0.0
2082,0,179,-0.8219999999999998,0.055865921787709494,494.0,4.22,0.0
2083,3,583,2.58199999999996,0.05660377358490566,494.3,4.22,0.0
2084,5,850,4.849000000000033,0.05647058823529412,494.7,4.21,0.0
2085,4,713,3.711999999999988,0.056100981767180924,495.1,4.21,0.0
2086,2,446,1.444999999999975,0.05605381165919283,495.3,4.21,0.0
2087,2,446,1.444999999999975,0.05605381165919283,495.6,4.21,0.0
2088,0,179,-0.8219999999999998,0.055865921787709494,495.7,4.21,0.0
2089,1,313,0.3119999999999896,0.054313099041533544,495.8,4.22,0.0
2090,0,185,-0.8159999999999998,0.05945945945945946,495.9,4.22,0.0
2091,1,315,0.3139999999999894,0.05714285714285714,496.1,4.22,0.0
2092,0,179,-0.8219999999999998,0.055865921787709494,496.2,4.22,0.0
2093,2,458,1.4569999999999736,0.056768558951965066,496.5,4.22,0.0
2094,0,179,-0.8219999999999998,0.055865921787709494,496.5,4.22,0.0
2095,0,179,-0.8219999999999998,0.055865921787709494,496.6,4.22,0.0
2096,2,446,1.444999999999975,0.05605381165919283,496.9,4.22,0.0
2097,4,729,3.7279999999999935,0.056241426611796985,497.3,4.22,0.0
2098,0,179,-0.8219999999999998,0.055865921787709494,497.4,4.22,0.0
2099,0,179,-0.8219999999999998,0.055865921787709494,497.5,4.22,0.0
2100,1,313,0.3119999999999896,0.054313099041533544,497.7,4.22,0.0
2101,0,179,-0.8219999999999998,0.055865921787709494,497.7,4.22,0.0
2102,2,457,1.4559999999999738,0.05689277899343545,498.0,4.22,0.0
2103,0,179,-0.8219999999999998,0.055865921787709494,498.1,4.22,0.0
2104,0,179,-0.8219999999999998,0.055865921787709494,498.2,4.23,0.0
2105,0,194,-0.8069999999999998,0.05670103092783505,498.3,4.23,0.0
2106,0,193,-0.8079999999999998,0.05699481865284974,498.4,4.23,0.0
2107,5,860,4.859000000000036,0.05581395348837209,498.9,4.23,0.0
2108,4,713,3.711999999999988,0.0546984572230014,499.2,4.22,0.0
2109,1,336,0.3349999999999871,0.05654761904761905,499.4,4.22,0.0
2110,1,313,0.3119999999999896,0.05750798722044728,499.6,4.23,0.0
2111,3,579,2.5779999999999603,0.055267702936096716,499.9,4.22,0.0
2112,0,187,-0.8139999999999998,0.058823529411764705,500.0,4.23,0.0
2113,5,863,4.862000000000037,0.055619930475086905,500.5,4.22,0.0
2114,0,186,-0.8149999999999998,0.05913978494623656,500.6,4.23,0.0
2115,1,313,0.3119999999999896,0.054313099041533544,500.7,4.23,0.0
2116,0,187,-0.8139999999999998,0.058823529411764705,500.8,4.23,0.0
2117,3,582,2.58099999999996,0.05670103092783505,501.1,4.23,0.0
2118,3,579,2.5779999999999603,0.055267702936096716,501.5,4.23,0.0
2119,0,190,-0.8109999999999998,0.05789473684210526,501.6,4.23,0.0
2120,6,984,5.983000000000077,0.05589430894308943,502.1,4.22,0.0
2121,0,179,-0.8219999999999998,0.055865921787709494,502.2,4.23,0.0
2122,3,579,2.5779999999999603,0.055267702936096716,502.5,4.23,0.0
2123,1,313,0.3119999999999896,0.05750798722044728,502.6,4.23,0.0
2124,2,446,1.444999999999975,0.05605381165919283,502.9,4.23,0.0
2125,1,313,0.3119999999999896,0.054313099041533544,503.0,4.23,0.0
2126,4,713,3.711999999999988,0.0546984572230014,503.4,4.23,0.0
2127,1,318,0.31699999999998907,0.05660377358490566,503.6,4.23,0.0
2128,0,195,-0.8059999999999998,0.05641025641025641,503.7,4.23,0.0
2129,0,179,-0.8219999999999998,0.055865921787709494,503.8,4.23,0.0
2130,3,581,2.57999999999996,0.05679862306368331,504.1,4.23,0.0
2131,3,588,2.5869999999999593,0.05612244897959184,504.4,4.23,0.0
2132,2,454,1.452999999999974,0.05726872246696035,504.7,4.23,0.0
2133,0,179,-0.8219999999999998,0.055865921787709494,504.8,4.23,0.0
2134,0,179,-0.8219999999999998,0.055865921787709494,504.9,4.23,0.0
2135,3,579,2.5779999999999603,0.055267702936096716,505.2,4.23,0.0
2136,0,179,-0.8219999999999998,0.055865921787709494,505.3,4.23,0.0
2137,0,179,-0.8219999999999998,0.05027932960893855,505.4,4.23,0.0
2138,2,446,1.444999999999975,0.05605381165919283,505.6,4.23,0.0
2139,3,610,2.608999999999957,0.05573770491803279,506.0,4.23,0.0
2140,2,446,1.444999999999975,0.053811659192825115,506.2,4.23,0.0
2141,0,206,-0.7949999999999998,0.05825242718446602,506.3,4.23,0.0
2142,1,313,0.3119999999999896,0.054313099041533544,506.5,4.23,0.0
2143,6,979,5.978000000000075,0.05515832482124617,507.0,4.23,0.0
2144,0,179,-0.8219999999999998,0.055865921787709494,507.1,4.23,0.0
2145,0,179,-0.8219999999999998,0.055865921787709494,507.2,4.23,0.0
2146,1,313,0.3119999999999896,0.054313099041533544,507.3,4.23,0.0
2147,2,446,1.444999999999975,0.05605381165919283,507.6,4.23,0.0
2148,0,184,-0.8169999999999998,0.059782608695652176,507.7,4.23,0.0
2149,4,713,3.711999999999988,0.056100981767180924,508.1,4.23,0.0
2150,2,463,1.461999999999973,0.056155507559395246,508.3,4.23,0.0
2151,10,1513,10.511999999999814,0.05551883674818242,509.1,4.23,0.0
2152,3,582,2.58099999999996,0.05670103092783505,509.4,4.23,0.0
2153,4,713,3.711999999999988,0.056100981767180924,509.8,4.23,0.0
2154,2,446,1.444999999999975,0.05605381165919283,510.0,4.23,0.0
2155,1,313,0.3119999999999896,0.054313099041533544,510.2,4.23,0.0
2156,3,579,2.5779999999999603,0.055267702936096716,510.5,4.23,0.0
2157,1,313,0.3119999999999896,0.054313099041533544,510.7,4.23,0.0
2158,1,321,0.31999999999998874,0.056074766355140186,510.8,4.23,0.0
2159,3,579,2.5779999999999603,0.055267702936096716,511.2,4.23,0.0
2160,3,582,2.58099999999996,0.05670103092783505,511.5,4.23,0.0
2161,2,453,1.4519999999999742,0.05739514348785872,511.7,4.23,0.0
2162,0,215,-0.7859999999999998,0.05581395348837209,511.8,4.23,0.0
2163,3,579,2.5779999999999603,0.055267702936096716,512.1,4.23,0.0
2164,3,584,2.5829999999999598,0.05650684931506849,512.4,4.22,0.0
2165,2,446,1.444999999999975,0.05605381165919283,512.7,4.22,0.0
2166,1,313,0.3119999999999896,0.05750798722044728,512.8,4.23,0.0
2167,1,313,0.3119999999999896,0.054313099041533544,513.0,4.23,0.0
2168,1,313,0.3119999999999896,0.054313099041533544,513.2,4.23,0.0
2169,1,319,0.31799999999998896,0.05642633228840126,513.4,4.23,0.0
2170,1,318,0.31699999999998907,0.05660377358490566,513.5,4.23,0.0
2171,1,320,0.31899999999998885,0.05625,513.7,4.23,0.0
2172,2,446,1.444999999999975,0.05605381165919283,513.9,4.23,0.0
2173,0,179,-0.8219999999999998,0.055865921787709494,514.0,4.23,0.0
2174,3,579,2.5779999999999603,0.055267702936096716,514.3,4.23,0.0
2175,1,313,0.3119999999999896,0.05750798722044728,514.5,4.23,0.0
2176,3,579,2.5779999999999603,0.055267702936096716,514.8,4.23,0.0
2177,1,316,0.3149999999999893,0.056962025316455694,515.0,4.23,0.0
2178,1,313,0.3119999999999896,0.054313099041533544,515.1,4.23,0.0
2179,2,446,1.444999999999975,0.05605381165919283,515.4,4.23,0.0
2180,0,179,-0.8219999999999998,0.055865921787709494,515.5,4.23,0.0
2181,3,579,2.5779999999999603,0.055267702936096716,515.8,4.23,0.0
2182,0,179,-0.8219999999999998,0.055865921787709494,515.9,4.23,0.0
2183,0,179,-0.8219999999999998,0.055865921787709494,516.0,4.23,0.0
2184,2,446,1.444999999999975,0.05605381165919283,516.2,4.23,0.0
2185,3,579,2.5779999999999603,0.055267702936096716,516.5,4.23,0.0
2186,0,179,-0.8219999999999998,0.055865921787709494,516.6,4.23,0.0
2187,1,313,0.3119999999999896,0.05750798722044728,516.8,4.23,0.0
2188,4,713,3.711999999999988,0.0546984572230014,517.2,4.23,0.0
2189,0,179,-0.8219999999999998,0.055865921787709494,517.3,4.23,0.0
2190,3,585,2.5839999999999597,0.05641025641025641,517.6,4.23,0.0
2191,2,446,1.444999999999975,0.053811659192825115,517.8,4.23,0.0
2192,3,579,2.5779999999999603,0.055267702936096716,518.1,4.23,0.0
2193,1,315,0.3139999999999894,0.05714285714285714,518.3,4.23,0.0
2194,3,591,2.589999999999959,0.05583756345177665,518.6,4.23,0.0
2195,1,313,0.3119999999999896,0.054313099041533544,518.8,4.23,0.0
2196,2,446,1.444999999999975,0.05605381165919283,519.0,4.23,0.0
2197,6,983,5.982000000000077,0.05595116988809766,519.5,4.23,0.0
2198,1,313,0.3119999999999896,0.054313099041533544,519.7,4.23,0.0
2199,1,336,0.3349999999999871,0.05654761904761905,519.9,4.23,0.0
2200,3,579,2.5779999999999603,0.055267702936096716,520.2,4.23,0.0
2201,4,713,3.711999999999988,0.056100981767180924,520.6,4.23,0.0
2202,0,184,-0.8169999999999998,0.059782608695652176,520.7,4.23,0.0
2203,3,579,2.5779999999999603,0.055267702936096716,521.0,4.23,0.0
2204,0,179,-0.8219999999999998,0.055865921787709494,521.1,4.23,0.0
2205,4,726,3.7249999999999925,0.05647382920110193,521.4,4.23,0.0
2206,11,1646,11.64499999999974,0.05589307411907655,522.3,4.23,0.0
2207,3,579,2.5779999999999603,0.055267702936096716,522.6,4.22,0.0
2208,7,1113,7.112000000000036,0.055705300988319856,523.3,4.22,0.0
2209,1,315,0.3139999999999894,0.05714285714285714,523.4,4.22,0.0
2210,0,211,-0.7899999999999998,0.05687203791469194,523.5,4.22,0.0
2211,1,313,0.3119999999999896,0.05750798722044728,523.7,4.22,0.0
2212,0,179,-0.8219999999999998,0.055865921787709494,523.8,4.22,0.0
2213,6,979,5.978000000000075,0.05515832482124617,524.3,4.22,0.0
2214,1,313,0.3119999999999896,0.05750798722044728,524.5,4.22,0.0
2215,0,195,-0.8059999999999998,0.05641025641025641,524.6,4.22,0.0
2216,1,313,0.3119999999999896,0.054313099041533544,524.8,4.22,0.0
2217,0,179,-0.8219999999999998,0.055865921787709494,524.9,4.23,0.0
2218,6,979,5.978000000000075,0.05515832482124617,525.4,4.22,0.0
2219,5,846,4.845000000000032,0.05555555555555555,525.8,4.22,0.0
2220,0,179,-0.8219999999999998,0.055865921787709494,525.9,4.22,0.0
2221,3,579,2.5779999999999603,0.055267702936096716,526.2,4.22,0.0
2222,2,454,1.452999999999974,0.05726872246696035,526.5,4.22,0.0
2223,1,313,0.3119999999999896,0.054313099041533544,526.7,4.22,0.0
2224,1,318,0.31699999999998907,0.05660377358490566,526.9,4.22,0.0
2225,2,446,1.444999999999975,0.05605381165919283,527.1,4.22,0.0
2226,0,184,-0.8169999999999998,0.059782608695652176,527.2,4.22,0.0
2227,0,179,-0.8219999999999998,0.055865921787709494,527.3,4.23,0.0
2228,1,315,0.3139999999999894,0.05714285714285714,527.5,4.23,0.0
2229,8,1274,8.272999999999946,0.05572998430141287,528.1,4.22,0.0
2230,2,446,1.444999999999975,0.05605381165919283,528.4,4.22,0.0
2231,5,846,4.845000000000032,0.05555555555555555,528.8,4.22,0.0
2232,1,317,0.3159999999999892,0.056782334384858045,529.0,4.22,0.0
2233,0,196,-0.8049999999999998,0.05612244897959184,529.1,4.22,0.0
2234,1,313,0.3119999999999896,0.054313099041533544,529.3,4.22,0.0
2235,4,713,3.711999999999988,0.0546984572230014,529.7,4.22,0.0
2236,3,610,2.608999999999957,0.05573770491803279,530.0,4.22,0.0
2237,4,713,3.711999999999988,0.056100981767180924,530.4,4.22,0.0
2238,1,337,0.335999999999987,0.05637982195845697,530.6,4.22,0.0
2239,3,583,2.58199999999996,0.05660377358490566,530.9,4.22,0.0
2240,5,846,4.845000000000032,0.05555555555555555,531.3,4.22,0.0
2241,2,454,1.452999999999974,0.05726872246696035,531.6,4.22,0.0
2242,3,579,2.5779999999999603,0.055267702936096716,531.9,4.22,0.0
2243,0,179,-0.8219999999999998,0.055865921787709494,532.0,4.22,0.0
2244,0,187,-0.8139999999999998,0.058823529411764705,532.1,4.22,0.0
2245,1,313,0.3119999999999896,0.054313099041533544,532.2,4.22,0.0
2246,5,858,4.857000000000036,0.055944055944055944,532.7,4.22,0.0
2247,0,179,-0.8219999999999998,0.055865921787709494,532.8,4.22,0.0
2248,0,179,-0.8219999999999998,0.055865921787709494,532.9,4.22,0.0
2249,0,189,-0.8119999999999998,0.0582010582010582,533.0,4.22,0.0
2250,0,186,-0.8149999999999998,0.05913978494623656,533.1,4.22,0.0
2251,1,313,0.3119999999999896,0.054313099041533544,533.2,4.22,0.0
2252,1,313,0.3119999999999896,0.054313099041533544,533.4,4.22,0.0
2253,2,446,1.444999999999975,0.05605381165919283,533.6,4.22,0.0
2254,2,446,1.444999999999975,0.05605381165919283,533.9,4.22,0.0
2255,2,446,1.444999999999975,0.05605381165919283,534.1,4.22,0.0
2256,0,191,-0.8099999999999998,0.05759162303664921,534.2,4.22,0.0
2257,6,985,5.984000000000077,0.05583756345177665,534.7,4.22,0.0
2258,4,713,3.711999999999988,0.056100981767180924,535.1,4.22,0.0
2259,1,319,0.31799999999998896,0.05642633228840126,535.3,4.22,0.0
2260,6,983,5.982000000000077,0.05595116988809766,535.8,4.22,0.0
2261,3,579,2.5779999999999603,0.055267702936096716,536.1,4.22,0.0
2262,0,179,-0.8219999999999998,0.055865921787709494,536.2,4.22,0.0
2263,1,313,0.3119999999999896,0.054313099041533544,536.4,4.22,0.0
2264,0,179,-0.8219999999999998,0.055865921787709494,536.5,4.22,0.0
2265,3,582,2.58099999999996,0.05670103092783505,536.8,4.22,0.0
2266,2,446,1.444999999999975,0.05605381165919283,537.0,4.22,0.0
2267,1,313,0.3119999999999896,0.054313099041533544,537.2,4.22,0.0
2268,2,446,1.444999999999975,0.053811659192825115,537.5,4.22,0.0
2269,2,446,1.444999999999975,0.05605381165919283,537.7,4.22,0.0
2270,0,197,-0.8039999999999998,0.05583756345177665,537.8,4.22,0.0
2271,3,580,2.57899999999996,0.056896551724137934,538.1,4.22,0.0
2272,0,179,-0.8219999999999998,0.055865921787709494,538.2,4.22,0.0
2273,2,446,1.444999999999975,0.05605381165919283,538.4,4.22,0.0
2274,1,313,0.3119999999999896,0.054313099041533544,538.6,4.22,0.0
2275,1,323,0.3219999999999885,0.05572755417956656,538.8,4.22,0.0
2276,4,727,3.725999999999993,0.05639614855570839,539.1,4.22,0.0
2277,0,179,-0.8219999999999998,0.055865921787709494,539.2,4.22,0.0
2278,1,317,0.3159999999999892,0.056782334384858045,539.4,4.22,0.0
2279,3,579,2.5779999999999603,0.055267702936096716,539.7,4.22,0.0
2280,0,179,-0.8219999999999998,0.055865921787709494,539.8,4.23,0.0
2281,6,979,5.978000000000075,0.056179775280898875,540.3,4.22,0.0
2282,2,446,1.444999999999975,0.05605381165919283,540.6,4.22,0.0
2283,4,713,3.711999999999988,0.0546984572230014,541.0,4.22,0.0
2284,10,1419,10.417999999999866,0.05567300916138125,541.7,4.22,0.0
2285,1,313,0.3119999999999896,0.054313099041533544,541.9,4.22,0.0
2286,2,446,1.444999999999975,0.05605381165919283,542.1,4.22,0.0
2287,0,189,-0.8119999999999998,0.0582010582010582,542.2,4.22,0.0
2288,3,581,2.57999999999996,0.05679862306368331,542.6,4.22,0.0
2289,2,459,1.4579999999999735,0.05664488017429194,542.8,4.22,0.0
2290,2,446,1.444999999999975,0.05605381165919283,543.0,4.22,0.0
2291,7,1113,7.112000000000036,0.055705300988319856,543.6,4.22,0.0
2292,1,313,0.3119999999999896,0.05750798722044728,543.8,4.22,0.0
2293,0,179,-0.8219999999999998,0.055865921787709494,543.9,4.22,0.0
2294,3,587,2.5859999999999594,0.056218057921635436,544.2,4.22,0.0
2295,0,179,-0.8219999999999998,0.055865921787709494,544.3,4.22,0.0
2296,4,729,3.7279999999999935,0.056241426611796985,544.7,4.22,0.0
2297,0,179,-0.8219999999999998,0.055865921787709494,544.8,4.22,0.0
2298,1,313,0.3119999999999896,0.054313099041533544,545.0,4.22,0.0
2299,3,579,2.5779999999999603,0.055267702936096716,545.2,4.22,0.0
2300,0,179,-0.8219999999999998,0.055865921787709494,545.3,4.22,0.0
2301,1,313,0.3119999999999896,0.05750798722044728,545.5,4.22,0.0
2302,0,179,-0.8219999999999998,0.055865921787709494,545.6,4.22,0.0
2303,1,315,0.3139999999999894,0.05714285714285714,545.8,4.22,0.0
2304,0,182,-0.8189999999999998,0.06043956043956044,545.9,4.22,0.0
2305,0,186,-0.8149999999999998,0.05913978494623656,546.0,4.22,0.0
2306,0,179,-0.8219999999999998,0.055865921787709494,546.1,4.22,0.0
2307,4,713,3.711999999999988,0.0546984572230014,546.4,4.22,0.0
2308,3,580,2.57899999999996,0.056896551724137934,546.8,4.22,0.0
2309,4,734,3.732999999999995,0.055858310626702996,547.2,4.22,0.0
2310,3,588,2.5869999999999593,0.05612244897959184,547.5,4.22,0.0
2311,0,179,-0.8219999999999998,0.055865921787709494,547.6,4.22,0.0
2312,1,313,0.3119999999999896,0.054313099041533544,547.7,4.22,0.0
2313,3,583,2.58199999999996,0.05660377358490566,548.1,4.22,0.0
2314,0,179,-0.8219999999999998,0.055865921787709494,548.1,4.22,0.0
2315,3,584,2.5829999999999598,0.05650684931506849,548.5,4.22,0.0
2316,0,179,-0.8219999999999998,0.055865921787709494,548.5,4.22,0.0
2317,2,446,1.444999999999975,0.05605381165919283,548.8,4.22,0.0
2318,3,579,2.5779999999999603,0.055267702936096716,549.1,4.22,0.0
2319,2,446,1.444999999999975,0.05605381165919283,549.3,4.22,0.0
2320,4,713,3.711999999999988,0.056100981767180924,549.7,4.22,0.0
2321,1,313,0.3119999999999896,0.054313099041533544,549.9,4.22,0.0
2322,3,579,2.5779999999999603,0.055267702936096716,550.2,4.22,0.0
2323,0,179,-0.8219999999999998,0.055865921787709494,550.3,4.22,0.0
2324,3,582,2.58099999999996,0.05670103092783505,550.6,4.22,0.0
2325,3,582,2.58099999999996,0.05670103092783505,550.9,4.22,0.0
2326,3,579,2.5779999999999603,0.055267702936096716,551.2,4.22,0.0
2327,0,179,-0.8219999999999998,0.055865921787709494,551.3,4.22,0.0
2328,3,579,2.5779999999999603,0.055267702936096716,551.6,4.22,0.0
2329,3,579,2.5779999999999603,0.055267702936096716,551.9,4.22,0.0
2330,6,979,5.978000000000075,0.05515832482124617,552.5,4.22,0.0
2331,0,191,-0.8099999999999998,0.05759162303664921,552.6,4.22,0.0
2332,0,184,-0.8169999999999998,0.059782608695652176,552.7,4.22,0.0
2333,2,446,1.444999999999975,0.053811659192825115,552.9,4.22,0.0
2334,0,179,-0.8219999999999998,0.05027932960893855,553.0,4.22,0.0
2335,0,180,-0.8209999999999998,0.06111111111111111,553.1,4.22,0.0
2336,0,179,-0.8219999999999998,0.055865921787709494,553.2,4.22,0.0
2337,3,609,2.607999999999957,0.05582922824302135,553.5,4.22,0.0
2338,4,713,3.711999999999988,0.056100981767180924,553.9,4.22,0.0
2339,2,446,1.444999999999975,0.05605381165919283,554.1,4.22,0.0
2340,3,583,2.58199999999996,0.05660377358490566,554.4,4.22,0.0
2341,1,313,0.3119999999999896,0.05750798722044728,554.6,4.22,0.0
2342,3,579,2.5779999999999603,0.055267702936096716,554.9,4.22,0.0
2343,1,313,0.3119999999999896,0.05750798722044728,555.1,4.22,0.0
2344,4,713,3.711999999999988,0.056100981767180924,555.5,4.22,0.0
2345,6,979,5.978000000000075,0.056179775280898875,556.0,4.22,0.0
2346,1,315,0.3139999999999894,0.05714285714285714,556.2,4.22,0.0
2347,3,579,2.5779999999999603,0.055267702936096716,556.5,4.22,0.0
2348,7,1113,7.112000000000036,0.05480682839173405,557.1,4.22,0.0
2349,2,446,1.444999999999975,0.05605381165919283,557.3,4.22,0.0
2350,0,179,-0.8219999999999998,0.055865921787709494,557.4,4.22,0.0
2351,1,317,0.3159999999999892,0.056782334384858045,557.6,4.22,0.0
2352,3,579,2.5779999999999603,0.055267702936096716,557.9,4.22,0.0
2353,1,313,0.3119999999999896,0.05750798722044728,558.1,4.22,0.0
2354,0,179,-0.8219999999999998,0.055865921787709494,558.2,4.22,0.0
2355,1,313,0.3119999999999896,0.054313099041533544,558.3,4.22,0.0
2356,5,852,4.851000000000034,0.056338028169014086,558.8,4.22,0.0
2357,6,979,5.978000000000075,0.05515832482124617,559.3,4.22,0.0
2358,1,319,0.31799999999998896,0.05642633228840126,559.5,4.22,0.0
2359,2,446,1.444999999999975,0.05605381165919283,559.7,4.22,0.0
2360,0,179,-0.8219999999999998,0.055865921787709494,559.8,4.22,0.0
2361,2,446,1.444999999999975,0.05605381165919283,560.0,4.22,0.0
2362,3,586,2.5849999999999596,0.05631399317406143,560.4,4.22,0.0
2363,3,579,2.5779999999999603,0.055267702936096716,560.7,4.22,0.0
2364,2,446,1.444999999999975,0.05605381165919283,560.9,4.22,0.0
2365,0,179,-0.8219999999999998,0.055865921787709494,561.0,4.22,0.0
2366,0,179,-0.8219999999999998,0.055865921787709494,561.1,4.22,0.0
2367,0,190,-0.8109999999999998,0.05789473684210526,561.2,4.22,0.0
2368,9,1396,9.394999999999879,0.055873925501432664,562.0,4.22,0.0
2369,0,179,-0.8219999999999998,0.055865921787709494,562.1,4.22,0.0
2370,0,195,-0.8059999999999998,0.05641025641025641,562.2,4.22,0.0
2371,4,729,3.7279999999999935,0.056241426611796985,562.6,4.22,0.0
2372,2,447,1.4459999999999749,0.05592841163310962,562.8,4.22,0.0
2373,2,446,1.444999999999975,0.053811659192825115,563.0,4.22,0.0
2374,0,179,-0.8219999999999998,0.055865921787709494,563.1,4.22,0.0
2375,1,313,0.3119999999999896,0.054313099041533544,563.3,4.22,0.0
2376,0,179,-0.8219999999999998,0.055865921787709494,563.4,4.22,0.0
2377,2,446,1.444999999999975,0.05605381165919283,563.6,4.22,0.0
2378,0,179,-0.8219999999999998,0.055865921787709494,563.7,4.22,0.0
2379,0,192,-0.8089999999999998,0.057291666666666664,563.8,4.22,0.0
2380,0,179,-0.8219999999999998,0.055865921787709494,563.9,4.22,0.0
2381,5,846,4.845000000000032,0.05555555555555555,564.4,4.22,0.0
2382,2,462,1.4609999999999732,0.05627705627705628,564.6,4.22,0.0
2383,6,979,5.978000000000075,0.056179775280898875,565.2,4.22,0.0
2384,0,179,-0.8219999999999998,0.05027932960893855,565.2,4.22,0.0
2385,1,323,0.3219999999999885,0.05572755417956656,565.4,4.22,0.0
2386,1,313,0.3119999999999896,0.054313099041533544,565.6,4.22,0.0
2387,4,713,3.711999999999988,0.056100981767180924,566.0,4.22,0.0
2388,2,459,1.4579999999999735,0.05664488017429194,566.2,4.22,0.0
2389,3,579,2.5779999999999603,0.055267702936096716,566.5,4.22,0.0
2390,3,588,2.5869999999999593,0.05612244897959184,566.8,4.22,0.0
2391,0,184,-0.8169999999999998,0.059782608695652176,566.9,4.22,0.0
2392,5,846,4.845000000000032,0.05555555555555555,567.4,4.22,0.0
2393,0,179,-0.8219999999999998,0.055865921787709494,567.5,4.22,0.0
2394,1,323,0.3219999999999885,0.05572755417956656,567.7,4.22,0.0
2395,0,179,-0.8219999999999998,0.055865921787709494,567.8,4.22,0.0
2396,2,448,1.4469999999999748,0.05580357142857143,568.0,4.22,0.0
2397,1,313,0.3119999999999896,0.054313099041533544,568.2,4.22,0.0
2398,3,587,2.5859999999999594,0.056218057921635436,568.5,4.22,0.0
2399,4,713,3.711999999999988,0.056100981767180924,568.9,4.22,0.0
2400,1,337,0.335999999999987,0.05637982195845697,569.1,4.22,0.0
2401,1,313,0.3119999999999896,0.05750798722044728,569.2,4.22,0.0
2402,0,179,-0.8219999999999998,0.055865921787709494,569.3,4.22,0.0
2403,0,189,-0.8119999999999998,0.0582010582010582,569.4,4.22,0.0
2404,2,457,1.4559999999999738,0.05689277899343545,569.6,4.22,0.0
2405,3,592,2.590999999999959,0.05574324324324324,570.0,4.22,0.0
2406,2,483,2.481999999999971,0.055900621118012424,570.2,4.22,0.0
2407,1,313,0.3119999999999896,0.054313099041533544,570.4,4.22,0.0
2408,0,179,-0.8219999999999998,0.055865921787709494,570.5,4.22,0.0
2409,0,187,-0.8139999999999998,0.058823529411764705,570.6,4.22,0.0
2410,2,464,1.462999999999973,0.05603448275862069,570.8,4.22,0.0
2411,4,713,3.711999999999988,0.056100981767180924,571.2,4.22,0.0
2412,2,464,1.462999999999973,0.05603448275862069,571.5,4.22,0.0
2413,1,313,0.3119999999999896,0.05750798722044728,571.6,4.22,0.0
2414,5,846,4.845000000000032,0.05555555555555555,572.1,4.22,0.0
2415,3,579,2.5779999999999603,0.055267702936096716,572.4,4.22,0.0
2416,4,713,3.711999999999988,0.0546984572230014,572.8,4.22,0.0
2417,2,456,1.4549999999999739,0.05701754385964912,573.0,4.22,0.0
2418,3,579,2.5779999999999603,0.055267702936096716,573.3,4.22,0.0
2419,0,179,-0.8219999999999998,0.055865921787709494,573.4,4.22,0.0
2420,0,179,-0.8219999999999998,0.05027932960893855,573.5,4.22,0.0
2421,0,179,-0.8219999999999998,0.055865921787709494,573.6,4.22,0.0
2422,2,446,1.444999999999975,0.05605381165919283,573.9,4.22,0.0
2423,0,179,-0.8219999999999998,0.055865921787709494,574.0,4.22,0.0
2424,1,313,0.3119999999999896,0.054313099041533544,574.2,4.22,0.0
2425,0,179,-0.8219999999999998,0.055865921787709494,574.3,4.22,0.0
2426,1,313,0.3119999999999896,0.054313099041533544,574.4,4.23,0.0
2427,1,313,0.3119999999999896,0.054313099041533544,574.6,4.23,0.0
2428,1,313,0.3119999999999896,0.054313099041533544,574.7,4.23,0.0
2429,3,579,2.5779999999999603,0.055267702936096716,575.1,4.23,0.0
2430,0,179,-0.8219999999999998,0.055865921787709494,575.2,4.23,0.0
2431,0,179,-0.8219999999999998,0.055865921787709494,575.2,4.23,0.0
2432,4,713,3.711999999999988,0.056100981767180924,575.6,4.23,0.0
2433,4,713,3.711999999999988,0.0546984572230014,576.0,4.23,0.0
2434,3,579,2.5779999999999603,0.055267702936096716,576.3,4.23,0.0
2435,1,335,0.3339999999999872,0.056716417910447764,576.5,4.23,0.0
2436,1,313,0.3119999999999896,0.054313099041533544,576.7,4.23,0.0
2437,1,315,0.3139999999999894,0.05714285714285714,576.8,4.23,0.0
2438,2,460,1.4589999999999734,0.05652173913043478,577.1,4.23,0.0
2439,1,313,0.3119999999999896,0.054313099041533544,577.2,4.23,0.0
2440,1,313,0.3119999999999896,0.054313099041533544,577.4,4.23,0.0
2441,1,313,0.3119999999999896,0.05750798722044728,577.6,4.23,0.0
2442,0,183,-0.8179999999999998,0.060109289617486336,577.7,4.23,0.0
2443,2,454,1.452999999999974,0.05726872246696035,577.9,4.23,0.0
2444,1,322,0.32099999999998863,0.055900621118012424,578.1,4.23,0.0
2445,2,446,1.444999999999975,0.053811659192825115,578.3,4.23,0.0
2446,2,462,1.4609999999999732,0.05627705627705628,578.6,4.23,0.0
2447,4,734,3.732999999999995,0.055858310626702996,578.9,4.23,0.0
2448,4,728,3.726999999999993,0.05631868131868132,579.3,4.23,0.0
2449,0,179,-0.8219999999999998,0.055865921787709494,579.4,4.23,0.0
2450,1,339,0.33799999999998676,0.05604719764011799,579.6,4.23,0.0
2451,0,179,-0.8219999999999998,0.055865921787709494,579.7,4.23,0.0
2452,2,446,1.444999999999975,0.05605381165919283,579.9,4.23,0.0
2453,3,579,2.5779999999999603,0.055267702936096716,580.3,4.23,0.0
2454,0,184,-0.8169999999999998,0.059782608695652176,580.3,4.23,0.0
2455,3,579,2.5779999999999603,0.055267702936096716,580.7,4.23,0.0
2456,0,179,-0.8219999999999998,0.055865921787709494,580.8,4.23,0.0
2457,1,313,0.3119999999999896,0.05750798722044728,580.9,4.23,0.0
2458,10,1519,10.51799999999981,0.05595786701777485,581.7,4.23,0.0
2459,3,586,2.5849999999999596,0.05631399317406143,582.0,4.23,0.0
2460,0,187,-0.8139999999999998,0.058823529411764705,582.1,4.23,0.0
2461,1,313,0.3119999999999896,0.05750798722044728,582.3,4.23,0.0
2462,1,313,0.3119999999999896,0.05750798722044728,582.5,4.23,0.0
2463,2,446,1.444999999999975,0.05605381165919283,582.7,4.23,0.0
2464,2,446,1.444999999999975,0.05605381165919283,583.0,4.23,0.0
2465,6,979,5.978000000000075,0.056179775280898875,583.5,4.23,0.0
2466,0,179,-0.8219999999999998,0.055865921787709494,583.6,4.23,0.0
2467,0,179,-0.8219999999999998,0.055865921787709494,583.7,4.23,0.0
2468,2,446,1.444999999999975,0.05605381165919283,583.9,4.23,0.0
2469,0,193,-0.8079999999999998,0.05699481865284974,584.0,4.23,0.0
2470,0,187,-0.8139999999999998,0.058823529411764705,584.1,4.23,0.0
2471,1,322,0.32099999999998863,0.055900621118012424,584.3,4.23,0.0
2472,0,184,-0.8169999999999998,0.059782608695652176,584.4,4.23,0.0
2473,2,446,1.444999999999975,0.05605381165919283,584.6,4.23,0.0
2474,1,318,0.31699999999998907,0.05660377358490566,584.8,4.23,0.0
2475,4,732,3.7309999999999945,0.056010928961748634,585.2,4.23,0.0
2476,5,846,4.845000000000032,0.05555555555555555,585.6,4.23,0.0
2477,0,179,-0.8219999999999998,0.055865921787709494,585.7,4.23,0.0
2478,0,179,-0.8219999999999998,0.055865921787709494,585.8,4.23,0.0
2479,1,313,0.3119999999999896,0.05750798722044728,586.0,4.23,0.0
2480,1,313,0.3119999999999896,0.054313099041533544,586.1,4.23,0.0
2481,1,313,0.3119999999999896,0.054313099041533544,586.3,4.23,0.0
2482,2,446,1.444999999999975,0.05605381165919283,586.5,4.23,0.0
2483,1,313,0.3119999999999896,0.05750798722044728,586.7,4.23,0.0
2484,5,846,4.845000000000032,0.05555555555555555,587.2,4.23,0.0
2485,2,446,1.444999999999975,0.05605381165919283,587.4,4.23,0.0
2486,6,979,5.978000000000075,0.05515832482124617,587.9,4.23,0.0
2487,4,736,3.734999999999996,0.05570652173913043,588.3,4.23,0.0
2488,2,454,1.452999999999974,0.05726872246696035,588.6,4.23,0.0
2489,3,579,2.5779999999999603,0.055267702936096716,588.9,4.23,0.0
2490,1,313,0.3119999999999896,0.054313099041533544,589.1,4.23,0.0
2491,0,179,-0.8219999999999998,0.055865921787709494,589.2,4.23,0.0
2492,0,191,-0.8099999999999998,0.05759162303664921,589.3,4.23,0.0
2493,1,313,0.3119999999999896,0.054313099041533544,589.4,4.23,0.0
2494,1,313,0.3119999999999896,0.05750798722044728,589.6,4.23,0.0
2495,3,579,2.5779999999999603,0.055267702936096716,589.9,4.23,0.0
2496,2,446,1.444999999999975,0.05605381165919283,590.1,4.23,0.0
2497,3,579,2.5779999999999603,0.055267702936096716,590.5,4.23,0.0
2498,2,446,1.444999999999975,0.05605381165919283,590.7,4.23,0.0
2499,1,317,0.3159999999999892,0.056782334384858045,590.9,4.23,0.0
2500,0,193,-0.8079999999999998,0.05699481865284974,591.0,4.23,0.0
2501,0,179,-0.8219999999999998,0.055865921787709494,594.2,4.21,0.0
2502,5,846,4.845000000000032,0.05555555555555555,594.6,4.21,0.0
2503,1,317,0.3159999999999892,0.056782334384858045,594.8,4.21,0.0
2504,2,456,1.4549999999999739,0.05701754385964912,595.0,4.21,0.0
2505,0,179,-0.8219999999999998,0.055865921787709494,595.1,4.21,0.0
2506,0,179,-0.8219999999999998,0.05027932960893855,595.2,4.21,0.0
2507,0,179,-0.8219999999999998,0.055865921787709494,595.3,4.21,0.0
2508,3,591,2.589999999999959,0.05583756345177665,595.6,4.21,0.0
2509,0,179,-0.8219999999999998,0.055865921787709494,595.7,4.21,0.0
2510,0,190,-0.8109999999999998,0.05789473684210526,595.8,4.21,0.0
2511,0,179,-0.8219999999999998,0.055865921787709494,595.9,4.22,0.0
2512,2,446,1.444999999999975,0.053811659192825115,596.2,4.22,0.0
2513,2,446,1.444999999999975,0.05605381165919283,596.4,4.22,0.0
2514,3,584,2.5829999999999598,0.05650684931506849,596.7,4.21,0.0
2515,0,179,-0.8219999999999998,0.055865921787709494,596.8,4.22,0.0
2516,2,446,1.444999999999975,0.05605381165919283,597.1,4.22,0.0
2517,1,314,0.3129999999999895,0.05732484076433121,597.2,4.22,0.0
2518,2,446,1.444999999999975,0.053811659192825115,597.5,4.22,0.0
2519,8,1275,8.273999999999946,0.05568627450980392,598.2,4.21,0.0
2520,0,204,-0.7969999999999998,0.058823529411764705,598.3,4.21,0.0
2521,0,187,-0.8139999999999998,0.058823529411764705,598.4,4.21,0.0
2522,4,713,3.711999999999988,0.056100981767180924,598.7,4.21,0.0
2523,1,313,0.3119999999999896,0.054313099041533544,598.9,4.21,0.0
2524,0,179,-0.8219999999999998,0.055865921787709494,599.0,4.22,0.0
2525,0,179,-0.8219999999999998,0.055865921787709494,599.1,4.22,0.0
2526,1,333,0.3319999999999874,0.057057057057057055,599.3,4.22,0.0
2527,2,446,1.444999999999975,0.05605381165919283,599.5,4.22,0.0
2528,0,186,-0.8149999999999998,0.05913978494623656,599.6,4.22,0.0
2529,2,446,1.444999999999975,0.05605381165919283,599.9,4.22,0.0
2530,5,846,4.845000000000032,0.05555555555555555,600.3,4.22,0.0
2531,0,179,-0.8219999999999998,0.055865921787709494,600.4,4.22,0.0
2532,0,179,-0.8219999999999998,0.055865921787709494,600.5,4.22,0.0
2533,2,454,1.452999999999974,0.05726872246696035,600.7,4.22,0.0
2534,1,321,0.31999999999998874,0.056074766355140186,600.9,4.22,0.0
2535,0,179,-0.8219999999999998,0.055865921787709494,601.0,4.22,0.0
2536,1,313,0.3119999999999896,0.05750798722044728,601.2,4.22,0.0
2537,1,322,0.32099999999998863,0.055900621118012424,601.4,4.22,0.0
2538,0,192,-0.8089999999999998,0.057291666666666664,601.5,4.22,0.0
2539,3,579,2.5779999999999603,0.055267702936096716,601.8,4.22,0.0
2540,0,179,-0.8219999999999998,0.055865921787709494,601.9,4.22,0.0
2541,0,179,-0.8219999999999998,0.055865921787709494,602.0,4.22,0.0
2542,1,313,0.3119999999999896,0.05750798722044728,602.1,4.22,0.0
2543,3,579,2.5779999999999603,0.055267702936096716,602.4,4.22,0.0
2544,1,313,0.3119999999999896,0.054313099041533544,602.6,4.22,0.0
2545,3,579,2.5779999999999603,0.055267702936096716,602.9,4.22,0.0
2546,0,179,-0.8219999999999998,0.055865921787709494,603.0,4.22,0.0
2547,3,589,2.587999999999959,0.05602716468590832,603.3,4.22,0.0
2548,3,579,2.5779999999999603,0.055267702936096716,603.7,4.22,0.0
2549,1,314,0.3129999999999895,0.05732484076433121,603.8,4.22,0.0
2550,2,446,1.444999999999975,0.05605381165919283,604.1,4.22,0.0
2551,6,1005,6.004000000000084,0.05572139303482587,604.6,4.22,0.0
2552,4,732,3.7309999999999945,0.056010928961748634,605.0,4.22,0.0
2553,0,184,-0.8169999999999998,0.059782608695652176,605.1,4.22,0.0
2554,0,190,-0.8109999999999998,0.05789473684210526,605.2,4.22,0.0
2555,0,185,-0.8159999999999998,0.05945945945945946,605.3,4.22,0.0
2556,0,179,-0.8219999999999998,0.055865921787709494,605.4,4.22,0.0
2557,2,456,1.4549999999999739,0.05701754385964912,605.6,4.22,0.0
2558,0,195,-0.8059999999999998,0.05641025641025641,605.7,4.22,0.0
2559,0,179,-0.8219999999999998,0.055865921787709494,605.8,4.23,0.0
2560,1,313,0.3119999999999896,0.05750798722044728,606.0,4.23,0.0
2561,0,179,-0.8219999999999998,0.055865921787709494,606.1,4.23,0.0
2562,7,1113,7.112000000000036,0.055705300988319856,606.7,4.22,0.0
2563,1,313,0.3119999999999896,0.05750798722044728,606.9,4.22,0.0
2564,2,446,1.444999999999975,0.05605381165919283,607.1,4.22,0.0
2565,2,446,1.444999999999975,0.053811659192825115,607.4,4.22,0.0
2566,1,315,0.3139999999999894,0.05714285714285714,607.5,4.23,0.0
2567,1,313,0.3119999999999896,0.05750798722044728,607.7,4.23,0.0
2568,1,313,0.3119999999999896,0.054313099041533544,607.9,4.23,0.0
2569,9,1399,9.397999999999877,0.05575411007862759,608.7,4.22,0.0
2570,3,579,2.5779999999999603,0.055267702936096716,609.0,4.22,0.0
2571,1,313,0.3119999999999896,0.054313099041533544,609.1,4.22,0.0
2572,3,579,2.5779999999999603,0.055267702936096716,609.4,4.22,0.0
2573,0,179,-0.8219999999999998,0.055865921787709494,609.5,4.22,0.0
2574,4,713,3.711999999999988,0.056100981767180924,609.9,4.22,0.0
2575,1,313,0.3119999999999896,0.054313099041533544,610.1,4.22,0.0
2576,0,179,-0.8219999999999998,0.055865921787709494,610.2,4.22,0.0
2577,0,179,-0.8219999999999998,0.055865921787709494,610.3,4.22,0.0
2578,2,446,1.444999999999975,0.053811659192825115,610.5,4.22,0.0
2579,1,313,0.3119999999999896,0.05750798722044728,610.7,4.22,0.0
2580,10,1513,10.511999999999814,0.05551883674818242,611.5,4.22,0.0
2581,2,463,1.461999999999973,0.056155507559395246,611.7,4.22,0.0
2582,5,846,4.845000000000032,0.05555555555555555,612.2,4.22,0.0
2583,0,189,-0.8119999999999998,0.0582010582010582,612.3,4.22,0.0
2584,4,713,3.711999999999988,0.056100981767180924,612.7,4.22,0.0
2585,0,179,-0.8219999999999998,0.055865921787709494,612.8,4.22,0.0
2586,1,313,0.3119999999999896,0.054313099041533544,613.0,4.22,0.0
2587,2,446,1.444999999999975,0.05605381165919283,613.2,4.22,0.0
2588,1,313,0.3119999999999896,0.05750798722044728,613.4,4.22,0.0
2589,5,846,4.845000000000032,0.05555555555555555,613.8,4.22,0.0
2590,0,179,-0.8219999999999998,0.055865921787709494,613.9,4.22,0.0
2591,5,846,4.845000000000032,0.05555555555555555,614.4,4.22,0.0
2592,0,179,-0.8219999999999998,0.055865921787709494,614.4,4.22,0.0
2593,1,340,0.33899999999998665,0.05588235294117647,614.6,4.22,0.0
2594,3,587,2.5859999999999594,0.056218057921635436,614.9,4.22,0.0
2595,2,461,1.4599999999999733,0.05639913232104121,615.2,4.22,0.0
2596,0,189,-0.8119999999999998,0.0582010582010582,615.3,4.22,0.0
2597,4,713,3.711999999999988,0.0546984572230014,615.7,4.22,0.0
2598,0,179,-0.8219999999999998,0.055865921787709494,615.8,4.22,0.0
2599,0,189,-0.8119999999999998,0.0582010582010582,615.9,4.22,0.0
2600,0,179,-0.8219999999999998,0.055865921787709494,616.0,4.22,0.0
2601,1,313,0.3119999999999896,0.054313099041533544,616.1,4.22,0.0
2602,3,579,2.5779999999999603,0.055267702936096716,616.4,4.22,0.0
2603,1,313,0.3119999999999896,0.054313099041533544,616.6,4.22,0.0
2604,2,446,1.444999999999975,0.05605381165919283,616.8,4.22,0.0
2605,2,455,1.453999999999974,0.05714285714285714,617.1,4.22,0.0
2606,3,588,2.5869999999999593,0.05612244897959184,617.4,4.22,0.0
2607,0,179,-0.8219999999999998,0.055865921787709494,617.5,4.22,0.0
2608,0,179,-0.8219999999999998,0.055865921787709494,617.6,4.22,0.0
2609,0,184,-0.8169999999999998,0.059782608695652176,617.7,4.23,0.0
2610,1,313,0.3119999999999896,0.054313099041533544,617.9,4.23,0.0
2611,2,446,1.444999999999975,0.05605381165919283,618.1,4.23,0.0
2612,4,713,3.711999999999988,0.056100981767180924,618.5,4.22,0.0
2613,0,179,-0.8219999999999998,0.055865921787709494,618.6,4.23,0.0
2614,0,179,-0.8219999999999998,0.055865921787709494,618.7,4.23,0.0
2615,2,448,1.4469999999999748,0.05580357142857143,618.9,4.23,0.0
2616,1,313,0.3119999999999896,0.054313099041533544,619.1,4.23,0.0
2617,3,579,2.5779999999999603,0.055267702936096716,619.4,4.23,0.0
2618,1,313,0.3119999999999896,0.054313099041533544,619.6,4.23,0.0
2619,7,1128,7.127000000000027,0.05585106382978723,620.1,4.22,0.0
2620,1,315,0.3139999999999894,0.05714285714285714,620.3,4.23,0.0
2621,4,713,3.711999999999988,0.056100981767180924,620.7,4.22,0.0
2622,3,579,2.5779999999999603,0.055267702936096716,621.0,4.22,0.0
2623,0,179,-0.8219999999999998,0.055865921787709494,621.1,4.22,0.0
2624,0,179,-0.8219999999999998,0.055865921787709494,621.2,4.23,0.0
2625,0,179,-0.8219999999999998,0.055865921787709494,621.3,4.23,0.0
2626,0,195,-0.8059999999999998,0.05641025641025641,621.4,4.23,0.0
2627,0,185,-0.8159999999999998,0.05945945945945946,621.5,4.23,0.0
2628,2,446,1.444999999999975,0.05605381165919283,621.7,4.23,0.0
2629,2,446,1.444999999999975,0.05605381165919283,622.0,4.23,0.0
2630,1,314,0.3129999999999895,0.05732484076433121,622.1,4.23,0.0
2631,2,449,1.4479999999999746,0.0556792873051225,622.4,4.23,0.0
2632,3,579,2.5779999999999603,0.055267702936096716,622.7,4.23,0.0
2633,0,179,-0.8219999999999998,0.055865921787709494,622.8,4.23,0.0
2634,0,179,-0.8219999999999998,0.055865921787709494,622.9,4.23,0.0
2635,3,585,2.5839999999999597,0.05641025641025641,623.2,4.23,0.0
2636,7,1113,7.112000000000036,0.055705300988319856,623.8,4.23,0.0
2637,2,446,1.444999999999975,0.05605381165919283,624.0,4.23,0.0
2638,1,338,0.33699999999998687,0.05621301775147929,624.2,4.23,0.0
2639,4,717,3.7159999999999895,0.05578800557880056,624.6,4.23,0.0
2640,1,313,0.3119999999999896,0.054313099041533544,624.7,4.23,0.0
2641,0,179,-0.8219999999999998,0.055865921787709494,624.8,4.23,0.0
2642,4,713,3.711999999999988,0.056100981767180924,625.2,4.23,0.0
2643,2,464,1.462999999999973,0.05603448275862069,625.4,4.23,0.0
2644,6,1004,6.003000000000084,0.055776892430278883,626.0,4.23,0.0
2645,1,313,0.3119999999999896,0.054313099041533544,626.1,4.23,0.0
2646,4,729,3.7279999999999935,0.056241426611796985,626.5,4.22,0.0
2647,2,464,1.462999999999973,0.05603448275862069,626.8,4.22,0.0
2648,1,313,0.3119999999999896,0.054313099041533544,627.0,4.23,0.0
2649,4,727,3.725999999999993,0.05639614855570839,627.3,4.22,0.0
2650,4,716,3.714999999999989,0.055865921787709494,627.7,4.22,0.0
2651,0,179,-0.8219999999999998,0.055865921787709494,627.8,4.22,0.0
2652,4,729,3.7279999999999935,0.056241426611796985,628.2,4.22,0.0
2653,7,1113,7.112000000000036,0.055705300988319856,628.8,4.22,0.0
2654,1,317,0.3159999999999892,0.056782334384858045,629.0,4.22,0.0
2655,2,449,1.4479999999999746,0.0556792873051225,629.2,4.22,0.0
2656,1,313,0.3119999999999896,0.054313099041533544,629.4,4.22,0.0
2657,4,713,3.711999999999988,0.056100981767180924,629.8,4.22,0.0
2658,2,446,1.444999999999975,0.05605381165919283,630.0,4.22,0.0
2659,0,190,-0.8109999999999998,0.05789473684210526,630.1,4.22,0.0
2660,2,446,1.444999999999975,0.05605381165919283,630.4,4.22,0.0
2661,1,339,0.33799999999998676,0.05604719764011799,630.5,4.22,0.0
2662,3,587,2.5859999999999594,0.056218057921635436,630.8,4.22,0.0
2663,3,579,2.5779999999999603,0.055267702936096716,631.1,4.22,0.0
2664,3,582,2.58099999999996,0.05670103092783505,631.5,4.22,0.0
2665,4,728,3.726999999999993,0.05631868131868132,631.8,4.22,0.0
2666,8,1246,8.244999999999962,0.05537720706260032,632.5,4.22,0.0
2667,1,313,0.3119999999999896,0.054313099041533544,632.7,4.22,0.0
2668,4,713,3.711999999999988,0.056100981767180924,633.1,4.22,0.0
2669,1,321,0.31999999999998874,0.056074766355140186,633.2,4.22,0.0
2670,3,579,2.5779999999999603,0.055267702936096716,633.6,4.22,0.0
2671,4,731,3.729999999999994,0.0560875512995896,634.0,4.21,0.0
2672,1,313,0.3119999999999896,0.05750798722044728,634.1,4.22,0.0
2673,2,446,1.444999999999975,0.053811659192825115,634.4,4.22,0.0
2674,1,313,0.3119999999999896,0.05750798722044728,634.5,4.22,0.0
2675,1,315,0.3139999999999894,0.05714285714285714,634.7,4.22,0.0
2676,6,979,5.978000000000075,0.056179775280898875,635.2,4.21,0.0
2677,3,582,2.58099999999996,0.05670103092783505,635.5,4.21,0.0
2678,0,179,-0.8219999999999998,0.05027932960893855,635.6,4.21,0.0
2679,3,579,2.5779999999999603,0.055267702936096716,635.9,4.21,0.0
2680,6,979,5.978000000000075,0.05515832482124617,636.4,4.21,0.0
2681,2,446,1.444999999999975,0.05605381165919283,636.7,4.21,0.0
2682,0,179,-0.8219999999999998,0.055865921787709494,636.8,4.21,0.0
2683,0,179,-0.8219999999999998,0.055865921787709494,636.9,4.21,0.0
2684,0,179,-0.8219999999999998,0.055865921787709494,637.0,4.22,0.0
2685,1,321,0.31999999999998874,0.056074766355140186,637.2,4.22,0.0
2686,3,579,2.5779999999999603,0.055267702936096716,637.5,4.22,0.0
2687,1,313,0.3119999999999896,0.05750798722044728,637.6,4.22,0.0
2688,2,446,1.444999999999975,0.05605381165919283,637.9,4.22,0.0
2689,2,457,1.4559999999999738,0.05689277899343545,638.1,4.22,0.0
2690,4,621,3.6199999999999575,0.05636070853462158,638.5,4.21,0.0
2691,1,313,0.3119999999999896,0.05750798722044728,638.6,4.22,0.0
2692,1,315,0.3139999999999894,0.05714285714285714,638.8,4.22,0.0
2693,0,179,-0.8219999999999998,0.055865921787709494,638.9,4.22,0.0
2694,5,861,4.860000000000037,0.05574912891986063,639.3,4.22,0.0
2695,0,179,-0.8219999999999998,0.055865921787709494,639.4,4.22,0.0
2696,0,179,-0.8219999999999998,0.05027932960893855,639.5,4.22,0.0
2697,5,854,4.853000000000034,0.05620608899297424,640.0,4.22,0.0
2698,3,582,2.58099999999996,0.05670103092783505,640.3,4.22,0.0
2699,2,446,1.444999999999975,0.05605381165919283,640.6,4.22,0.0
2700,0,186,-0.8149999999999998,0.05913978494623656,640.7,4.22,0.0
2701,1,313,0.3119999999999896,0.054313099041533544,640.8,4.22,0.0
2702,0,189,-0.8119999999999998,0.0582010582010582,640.9,4.22,0.0
2703,6,979,5.978000000000075,0.056179775280898875,641.4,4.22,0.0
2704,2,446,1.444999999999975,0.05605381165919283,641.7,4.22,0.0
2705,4,713,3.711999999999988,0.0546984572230014,642.0,4.21,0.0
2706,2,446,1.444999999999975,0.05605381165919283,642.3,4.21,0.0
2707,2,446,1.444999999999975,0.05605381165919283,642.5,4.21,0.0
2708,0,179,-0.8219999999999998,0.055865921787709494,642.6,4.22,0.0
2709,3,582,2.58099999999996,0.05670103092783505,642.9,4.22,0.0
2710,3,579,2.5779999999999603,0.055267702936096716,643.3,4.21,0.0
2711,3,579,2.5779999999999603,0.055267702936096716,643.6,4.21,0.0
2712,2,446,1.444999999999975,0.05605381165919283,643.8,4.21,0.0
2713,2,446,1.444999999999975,0.05605381165919283,644.0,4.21,0.0
2714,0,179,-0.8219999999999998,0.055865921787709494,644.1,4.22,0.0
2715,0,179,-0.8219999999999998,0.055865921787709494,644.2,4.22,0.0
2716,0,179,-0.8219999999999998,0.055865921787709494,644.3,4.22,0.0
2717,2,459,1.4579999999999735,0.05664488017429194,644.6,4.22,0.0
2718,1,313,0.3119999999999896,0.054313099041533544,644.7,4.22,0.0
2719,0,189,-0.8119999999999998,0.0582010582010582,644.8,4.22,0.0
2720,0,179,-0.8219999999999998,0.055865921787709494,644.9,4.22,0.0
2721,14,2000,15.998999999999544,0.056,646.0,4.21,0.0
2722,2,452,1.4509999999999743,0.05752212389380531,646.2,4.21,0.0
2723,4,713,3.711999999999988,0.0546984572230014,646.6,4.21,0.0
2724,0,179,-0.8219999999999998,0.055865921787709494,646.7,4.21,0.0
2725,5,846,4.845000000000032,0.05555555555555555,647.1,4.21,0.0
2726,2,457,1.4559999999999738,0.05689277899343545,647.4,4.21,0.0
2727,4,731,3.729999999999994,0.0560875512995896,647.8,4.21,0.0
2728,0,179,-0.8219999999999998,0.05027932960893855,647.9,4.21,0.0
2729,0,183,-0.8179999999999998,0.060109289617486336,648.0,4.21,0.0
2730,0,184,-0.8169999999999998,0.059782608695652176,648.1,4.21,0.0
2731,2,446,1.444999999999975,0.05605381165919283,648.3,4.21,0.0
2732,0,179,-0.8219999999999998,0.055865921787709494,648.4,4.21,0.0
2733,3,610,2.608999999999957,0.05573770491803279,648.7,4.21,0.0
2734,8,1250,8.24899999999996,0.056,649.4,4.21,0.0
2735,0,189,-0.8119999999999998,0.0582010582010582,649.5,4.21,0.0
2736,1,313,0.3119999999999896,0.054313099041533544,649.6,4.21,0.0
2737,2,461,1.4599999999999733,0.05639913232104121,649.9,4.21,0.0
2738,7,1113,7.112000000000036,0.055705300988319856,650.5,4.21,0.0
2739,7,1113,7.112000000000036,0.055705300988319856,651.1,4.21,0.0
2740,4,731,3.729999999999994,0.0560875512995896,651.5,4.21,0.0
2741,5,846,4.845000000000032,0.05555555555555555,651.9,4.21,0.0
2742,1,313,0.3119999999999896,0.05750798722044728,652.1,4.21,0.0
2743,2,354,1.352999999999985,0.05649717514124294,652.3,4.21,0.0
2744,0,192,-0.8089999999999998,0.057291666666666664,652.4,4.21,0.0
2745,1,335,0.3339999999999872,0.056716417910447764,652.6,4.21,0.0
2746,0,192,-0.8089999999999998,0.057291666666666664,652.7,4.21,0.0
2747,5,846,4.845000000000032,0.05673758865248227,653.1,4.21,0.0
2748,1,341,0.33999999999998654,0.05571847507331378,653.3,4.21,0.0
2749,4,713,3.711999999999988,0.0546984572230014,653.7,4.21,0.0
2750,2,457,1.4559999999999738,0.05689277899343545,653.9,4.21,0.0
2751,5,846,4.845000000000032,0.05555555555555555,654.4,4.21,0.0
2752,2,467,1.4659999999999727,0.055674518201284794,654.7,4.21,0.0
2753,3,579,2.5779999999999603,0.055267702936096716,655.0,4.20,0.0
2754,4,713,3.711999999999988,0.0546984572230014,655.4,4.20,0.0
2755,5,846,4.845000000000032,0.05555555555555555,655.8,4.20,0.0
2756,4,713,3.711999999999988,0.0546984572230014,656.2,4.20,0.0
2757,4,713,3.711999999999988,0.0546984572230014,656.5,4.20,0.0
2758,4,713,3.711999999999988,0.056100981767180924,656.9,4.20,0.0
2759,4,732,3.7309999999999945,0.056010928961748634,657.3,4.20,0.0
2760,3,579,2.5779999999999603,0.05699481865284974,657.6,4.20,0.0
2761,8,1246,8.244999999999962,0.05537720706260032,658.3,4.20,0.0
2762,0,186,-0.8149999999999998,0.05913978494623656,658.4,4.20,0.0
2763,0,192,-0.8089999999999998,0.057291666666666664,658.5,4.20,0.0
2764,3,593,2.591999999999959,0.05564924114671164,658.8,4.20,0.0
2765,0,187,-0.8139999999999998,0.058823529411764705,658.9,4.20,0.0
2766,2,446,1.444999999999975,0.05605381165919283,659.2,4.20,0.0
2767,1,313,0.3119999999999896,0.05750798722044728,659.3,4.20,0.0
2768,0,193,-0.8079999999999998,0.05699481865284974,659.4,4.20,0.0
2769,3,579,2.5779999999999603,0.055267702936096716,659.7,4.20,0.0
2770,1,313,0.3119999999999896,0.054313099041533544,659.9,4.20,0.0
2771,1,313,0.3119999999999896,0.05750798722044728,660.1,4.20,0.0
2772,0,183,-0.8179999999999998,0.060109289617486336,660.2,4.20,0.0
2773,0,179,-0.8219999999999998,0.055865921787709494,660.3,4.20,0.0
2774,3,587,2.5859999999999594,0.056218057921635436,660.6,4.20,0.0
2775,1,313,0.3119999999999896,0.054313099041533544,660.8,4.20,0.0
2776,3,579,2.5779999999999603,0.055267702936096716,661.1,4.20,0.0
2777,0,179,-0.8219999999999998,0.055865921787709494,661.2,4.20,0.0
2778,5,846,4.845000000000032,0.05555555555555555,661.6,4.20,0.0
2779,3,580,2.57899999999996,0.056896551724137934,661.9,4.20,0.0
2780,1,319,0.31799999999998896,0.05642633228840126,662.1,4.20,0.0
2781,0,179,-0.8219999999999998,0.055865921787709494,662.2,4.20,0.0
2782,2,465,1.4639999999999729,0.05591397849462366,662.4,4.20,0.0
2783,4,714,3.7129999999999885,0.056022408963585436,662.8,4.20,0.0
2784,2,466,1.4649999999999728,0.055793991416309016,663.1,4.20,0.0
2785,0,179,-0.8219999999999998,0.055865921787709494,663.2,4.20,0.0
2786,2,446,1.444999999999975,0.05605381165919283,663.4,4.20,0.0
2787,0,179,-0.8219999999999998,0.055865921787709494,663.5,4.20,0.0
2788,1,313,0.3119999999999896,0.05750798722044728,663.6,4.20,0.0
2789,2,446,1.444999999999975,0.05605381165919283,663.9,4.20,0.0
2790,0,211,-0.7899999999999998,0.05687203791469194,664.0,4.20,0.0
2791,3,585,2.5839999999999597,0.05641025641025641,664.3,4.20,0.0
2792,3,583,2.58199999999996,0.05660377358490566,664.6,4.20,0.0
2793,2,446,1.444999999999975,0.05605381165919283,664.8,4.20,0.0
2794,4,730,3.728999999999994,0.056164383561643834,665.2,4.20,0.0
2795,2,446,1.444999999999975,0.05605381165919283,665.5,4.20,0.0
2796,0,206,-0.7949999999999998,0.05825242718446602,665.6,4.20,0.0
2797,0,189,-0.8119999999999998,0.0582010582010582,665.7,4.20,0.0
2798,1,313,0.3119999999999896,0.054313099041533544,665.9,4.20,0.0
2799,4,747,3.7459999999999996,0.05622489959839357,666.3,4.20,0.0
2800,1,313,0.3119999999999896,0.054313099041533544,666.5,4.20,0.0
2801,1,313,0.3119999999999896,0.054313099041533544,666.7,4.20,0.0
2802,0,179,-0.8219999999999998,0.055865921787709494,666.8,4.20,0.0
2803,0,184,-0.8169999999999998,0.059782608695652176,666.8,4.20,0.0
2804,6,979,5.978000000000075,0.056179775280898875,667.4,4.20,0.0
2805,5,846,4.845000000000032,0.05555555555555555,667.8,4.20,0.0
2806,0,195,-0.8059999999999998,0.05641025641025641,667.9,4.20,0.0
2807,1,313,0.3119999999999896,0.054313099041533544,668.1,4.20,0.0
2808,2,452,1.4509999999999743,0.05752212389380531,668.4,4.20,0.0
2809,4,728,3.726999999999993,0.05631868131868132,668.7,4.20,0.0
2810,2,446,1.444999999999975,0.05605381165919283,669.0,4.20,0.0
2811,2,449,1.4479999999999746,0.0556792873051225,669.2,4.20,0.0
2812,1,313,0.3119999999999896,0.05750798722044728,669.4,4.20,0.0
2813,6,979,5.978000000000075,0.05515832482124617,669.9,4.20,0.0
2814,0,191,-0.8099999999999998,0.05759162303664921,670.0,4.20,0.0
2815,0,179,-0.8219999999999998,0.055865921787709494,670.1,4.20,0.0
2816,2,446,1.444999999999975,0.053811659192825115,670.4,4.20,0.0
2817,2,454,1.452999999999974,0.05726872246696035,670.6,4.20,0.0
2818,0,187,-0.8139999999999998,0.058823529411764705,670.7,4.20,0.0
2819,4,713,3.711999999999988,0.056100981767180924,671.1,4.20,0.0
2820,0,179,-0.8219999999999998,0.055865921787709494,671.2,4.20,0.0
2821,2,446,1.444999999999975,0.05605381165919283,671.4,4.20,0.0
2822,1,313,0.3119999999999896,0.054313099041533544,671.6,4.20,0.0
2823,0,187,-0.8139999999999998,0.058823529411764705,671.7,4.20,0.0
2824,2,446,1.444999999999975,0.05605381165919283,672.0,4.20,0.0
2825,1,313,0.3119999999999896,0.05750798722044728,672.1,4.20,0.0
2826,2,446,1.444999999999975,0.053811659192825115,672.4,4.20,0.0
2827,4,713,3.711999999999988,0.056100981767180924,672.8,4.20,0.0
2828,0,179,-0.8219999999999998,0.055865921787709494,672.9,4.20,0.0
2829,0,179,-0.8219999999999998,0.055865921787709494,673.0,4.21,0.0
2830,1,317,0.3159999999999892,0.056782334384858045,673.1,4.21,0.0
2831,3,579,2.5779999999999603,0.055267702936096716,673.5,4.20,0.0
2832,4,713,3.711999999999988,0.056100981767180924,673.9,4.20,0.0
2833,1,313,0.3119999999999896,0.05750798722044728,674.1,4.20,0.0
2834,0,179,-0.8219999999999998,0.055865921787709494,674.2,4.21,0.0
2835,7,1123,7.12200000000003,0.05609973285841496,674.8,4.20,0.0
2836,0,182,-0.8189999999999998,0.06043956043956044,674.9,4.20,0.0
2837,2,446,1.444999999999975,0.05605381165919283,675.1,4.20,0.0
2838,1,313,0.3119999999999896,0.054313099041533544,675.3,4.20,0.0
2839,0,179,-0.8219999999999998,0.055865921787709494,675.4,4.21,0.0
2840,1,313,0.3119999999999896,0.05750798722044728,675.5,4.21,0.0
2841,5,846,4.845000000000032,0.05555555555555555,676.0,4.20,0.0
2842,0,179,-0.8219999999999998,0.055865921787709494,676.1,4.20,0.0
2843,0,183,-0.8179999999999998,0.060109289617486336,676.2,4.21,0.0
2844,1,313,0.3119999999999896,0.05750798722044728,676.4,4.21,0.0
2845,2,446,1.444999999999975,0.05605381165919283,676.6,4.21,0.0
2846,5,846,4.845000000000032,0.05555555555555555,677.1,4.20,0.0
2847,2,462,1.4609999999999732,0.05627705627705628,677.4,4.20,0.0
2848,0,184,-0.8169999999999998,0.059782608695652176,677.5,4.21,0.0
2849,0,179,-0.8219999999999998,0.055865921787709494,677.5,4.21,0.0
2850,2,446,1.444999999999975,0.05605381165919283,677.8,4.21,0.0
2851,1,318,0.31699999999998907,0.05660377358490566,678.0,4.21,0.0
2852,1,313,0.3119999999999896,0.054313099041533544,678.1,4.21,0.0
2853,3,579,2.5779999999999603,0.055267702936096716,678.4,4.21,0.0
2854,1,317,0.3159999999999892,0.056782334384858045,678.6,4.21,0.0
2855,3,579,2.5779999999999603,0.055267702936096716,678.9,4.21,0.0
2856,0,179,-0.8219999999999998,0.055865921787709494,679.0,4.21,0.0
2857,2,464,1.462999999999973,0.05603448275862069,679.3,4.21,0.0
2858,1,313,0.3119999999999896,0.054313099041533544,679.4,4.21,0.0
2859,0,179,-0.8219999999999998,0.055865921787709494,679.5,4.21,0.0
2860,1,313,0.3119999999999896,0.054313099041533544,679.7,4.21,0.0
2861,2,446,1.444999999999975,0.05605381165919283,679.9,4.21,0.0
2862,3,586,2.5849999999999596,0.05631399317406143,680.3,4.21,0.0
2863,1,321,0.31999999999998874,0.056074766355140186,680.4,4.21,0.0
2864,0,179,-0.8219999999999998,0.055865921787709494,680.5,4.21,0.0
2865,3,579,2.5779999999999603,0.055267702936096716,680.8,4.21,0.0
2866,1,336,0.3349999999999871,0.05654761904761905,681.0,4.21,0.0
2867,4,732,3.7309999999999945,0.056010928961748634,681.4,4.21,0.0
2868,1,313,0.3119999999999896,0.054313099041533544,681.6,4.21,0.0
2869,2,453,1.4519999999999742,0.05739514348785872,681.8,4.21,0.0
2870,2,446,1.444999999999975,0.053811659192825115,682.0,4.21,0.0
2871,3,579,2.5779999999999603,0.055267702936096716,682.4,4.21,0.0
2872,1,313,0.3119999999999896,0.054313099041533544,682.5,4.21,0.0
2873,1,313,0.3119999999999896,0.05750798722044728,682.7,4.21,0.0
2874,2,454,1.452999999999974,0.05726872246696035,682.9,4.21,0.0
2875,1,313,0.3119999999999896,0.054313099041533544,683.1,4.21,0.0
2876,0,179,-0.8219999999999998,0.055865921787709494,683.2,4.21,0.0
2877,2,458,1.4569999999999736,0.056768558951965066,683.5,4.21,0.0
2878,6,984,5.983000000000077,0.05589430894308943,684.0,4.21,0.0
2879,0,187,-0.8139999999999998,0.058823529411764705,684.1,4.21,0.0
2880,2,446,1.444999999999975,0.053811659192825115,684.3,4.21,0.0
2881,2,446,1.444999999999975,0.05605381165919283,684.6,4.21,0.0
2882,0,179,-0.8219999999999998,0.055865921787709494,684.7,4.21,0.0
2883,2,446,1.444999999999975,0.05605381165919283,684.9,4.21,0.0
2884,4,713,3.711999999999988,0.056100981767180924,685.3,4.21,0.0
2885,0,179,-0.8219999999999998,0.055865921787709494,685.4,4.21,0.0
2886,0,190,-0.8109999999999998,0.05789473684210526,685.5,4.21,0.0
2887,3,610,2.608999999999957,0.05573770491803279,685.8,4.21,0.0
2888,4,713,3.711999999999988,0.056100981767180924,686.2,4.21,0.0
2889,0,179,-0.8219999999999998,0.055865921787709494,686.3,4.21,0.0
2890,7,1133,7.1320000000000245,0.05560458958517211,686.9,4.21,0.0
2891,1,313,0.3119999999999896,0.054313099041533544,687.1,4.21,0.0
2892,0,197,-0.8039999999999998,0.05583756345177665,687.2,4.21,0.0
2893,4,731,3.729999999999994,0.0560875512995896,687.5,4.21,0.0
2894,5,846,4.845000000000032,0.05555555555555555,688.0,4.21,0.0
2895,3,584,2.5829999999999598,0.05650684931506849,688.3,4.21,0.0
2896,8,1253,8.251999999999958,0.055865921787709494,689.0,4.20,0.0
2897,1,313,0.3119999999999896,0.054313099041533544,689.1,4.21,0.0
2898,0,179,-0.8219999999999998,0.055865921787709494,689.2,4.21,0.0
2899,2,446,1.444999999999975,0.05605381165919283,689.5,4.21,0.0
2900,4,713,3.711999999999988,0.056100981767180924,689.8,4.21,0.0
2901,2,456,1.4549999999999739,0.05701754385964912,690.1,4.21,0.0
2902,0,179,-0.8219999999999998,0.055865921787709494,690.2,4.21,0.0
2903,0,185,-0.8159999999999998,0.05945945945945946,690.3,4.21,0.0
2904,0,179,-0.8219999999999998,0.055865921787709494,690.4,4.21,0.0
2905,0,179,-0.8219999999999998,0.055865921787709494,690.5,4.21,0.0
2906,1,318,0.31699999999998907,0.05660377358490566,690.6,4.21,0.0
2907,1,313,0.3119999999999896,0.054313099041533544,690.8,4.21,0.0
2908,0,179,-0.8219999999999998,0.055865921787709494,690.9,4.21,0.0
2909,2,446,1.444999999999975,0.05605381165919283,691.1,4.21,0.0
2910,1,313,0.3119999999999896,0.054313099041533544,691.3,4.21,0.0
2911,4,713,3.711999999999988,0.0546984572230014,691.7,4.21,0.0
2912,3,579,2.5779999999999603,0.055267702936096716,692.0,4.21,0.0
2913,1,313,0.3119999999999896,0.054313099041533544,692.2,4.21,0.0
2914,1,317,0.3159999999999892,0.056782334384858045,692.3,4.21,0.0
2915,0,179,-0.8219999999999998,0.055865921787709494,692.4,4.21,0.0
2916,5,846,4.845000000000032,0.05555555555555555,692.9,4.21,0.0
2917,1,313,0.3119999999999896,0.054313099041533544,693.0,4.21,0.0
2918,1,313,0.3119999999999896,0.054313099041533544,693.2,4.21,0.0
2919,2,446,1.444999999999975,0.05605381165919283,693.4,4.21,0.0
2920,0,179,-0.8219999999999998,0.055865921787709494,693.5,4.21,0.0
2921,4,713,3.711999999999988,0.0546984572230014,693.9,4.21,0.0
2922,0,179,-0.8219999999999998,0.055865921787709494,694.0,4.21,0.0
2923,1,313,0.3119999999999896,0.054313099041533544,694.2,4.21,0.0
2924,3,579,2.5779999999999603,0.055267702936096716,694.5,4.21,0.0
2925,1,313,0.3119999999999896,0.05750798722044728,694.7,4.21,0.0
2926,7,1113,7.112000000000036,0.055705300988319856,695.3,4.21,0.0
2927,5,846,4.845000000000032,0.05555555555555555,695.8,4.21,0.0
2928,0,179,-0.8219999999999998,0.055865921787709494,695.9,4.21,0.0
2929,4,713,3.711999999999988,0.0546984572230014,696.2,4.21,0.0
2930,8,1246,8.244999999999962,0.05537720706260032,696.9,4.21,0.0
2931,0,179,-0.8219999999999998,0.055865921787709494,697.0,4.21,0.0
2932,0,179,-0.8219999999999998,0.055865921787709494,697.1,4.21,0.0
2933,8,1274,8.272999999999946,0.05572998430141287,697.8,4.20,0.0
2934,2,446,1.444999999999975,0.05605381165919283,698.0,4.20,0.0
2935,3,591,2.589999999999959,0.05583756345177665,698.3,4.20,0.0
2936,0,190,-0.8109999999999998,0.05789473684210526,698.4,4.21,0.0
2937,0,179,-0.8219999999999998,0.055865921787709494,698.5,4.21,0.0
2938,3,579,2.5779999999999603,0.055267702936096716,698.8,4.21,0.0
2939,5,857,4.856000000000035,0.056009334889148193,699.3,4.20,0.0
2940,1,313,0.3119999999999896,0.05750798722044728,699.4,4.20,0.0
2941,0,179,-0.8219999999999998,0.055865921787709494,699.5,4.21,0.0
2942,0,193,-0.8079999999999998,0.05699481865284974,699.6,4.21,0.0
2943,4,713,3.711999999999988,0.056100981767180924,700.0,4.21,0.0
2944,2,446,1.444999999999975,0.05605381165919283,700.3,4.21,0.0
2945,1,313,0.3119999999999896,0.054313099041533544,700.4,4.21,0.0
2946,0,190,-0.8109999999999998,0.05789473684210526,700.5,4.21,0.0
2947,0,189,-0.8119999999999998,0.0582010582010582,700.6,4.21,0.0
2948,2,446,1.444999999999975,0.05605381165919283,700.9,4.21,0.0
2949,1,338,0.33699999999998687,0.05621301775147929,701.1,4.21,0.0
2950,1,313,0.3119999999999896,0.05750798722044728,701.2,4.21,0.0
2951,0,179,-0.8219999999999998,0.055865921787709494,701.3,4.21,0.0
2952,3,579,2.5779999999999603,0.055267702936096716,701.6,4.21,0.0
2953,1,335,0.3339999999999872,0.056716417910447764,701.8,4.21,0.0
2954,0,179,-0.8219999999999998,0.055865921787709494,701.9,4.21,0.0
2955,2,446,1.444999999999975,0.05605381165919283,702.1,4.21,0.0
2956,1,313,0.3119999999999896,0.054313099041533544,702.3,4.21,0.0
2957,3,579,2.5779999999999603,0.055267702936096716,702.6,4.21,0.0
2958,4,727,3.725999999999993,0.05639614855570839,703.0,4.21,0.0
2959,0,179,-0.8219999999999998,0.055865921787709494,703.1,4.21,0.0
2960,0,179,-0.8219999999999998,0.05027932960893855,703.2,4.21,0.0
2961,4,713,3.711999999999988,0.0546984572230014,703.6,4.21,0.0
2962,2,446,1.444999999999975,0.05605381165919283,703.8,4.21,0.0
2963,0,179,-0.8219999999999998,0.055865921787709494,703.9,4.21,0.0
2964,0,179,-0.8219999999999998,0.055865921787709494,704.0,4.21,0.0
2965,4,729,3.7279999999999935,0.056241426611796985,704.4,4.21,0.0
2966,8,1246,8.244999999999962,0.05537720706260032,705.1,4.21,0.0
2967,0,179,-0.8219999999999998,0.055865921787709494,705.2,4.21,0.0
2968,5,846,4.845000000000032,0.05555555555555555,705.6,4.21,0.0
2969,2,454,1.452999999999974,0.05726872246696035,705.9,4.21,0.0
2970,0,179,-0.8219999999999998,0.055865921787709494,705.9,4.21,0.0
2971,1,313,0.3119999999999896,0.054313099041533544,706.1,4.21,0.0
2972,0,179,-0.8219999999999998,0.055865921787709494,706.2,4.21,0.0
2973,1,313,0.3119999999999896,0.05750798722044728,706.4,4.21,0.0
2974,0,179,-0.8219999999999998,0.055865921787709494,706.5,4.21,0.0
2975,4,729,3.7279999999999935,0.056241426611796985,706.9,4.21,0.0
2976,0,179,-0.8219999999999998,0.055865921787709494,707.0,4.21,0.0
2977,3,579,2.5779999999999603,0.055267702936096716,707.3,4.21,0.0
2978,1,313,0.3119999999999896,0.05750798722044728,707.5,4.21,0.0
2979,2,461,1.4599999999999733,0.05639913232104121,707.7,4.21,0.0
2980,0,179,-0.8219999999999998,0.055865921787709494,707.8,4.21,0.0
2981,4,713,3.711999999999988,0.056100981767180924,708.2,4.21,0.0
2982,3,579,2.5779999999999603,0.055267702936096716,708.5,4.21,0.0
2983,1,313,0.3119999999999896,0.054313099041533544,708.7,4.21,0.0
2984,0,192,-0.8089999999999998,0.057291666666666664,708.8,4.21,0.0
2985,1,313,0.3119999999999896,0.05750798722044728,708.9,4.21,0.0
2986,1,314,0.3129999999999895,0.05732484076433121,709.1,4.21,0.0
2987,4,713,3.711999999999988,0.0546984572230014,709.5,4.21,0.0
2988,0,179,-0.8219999999999998,0.055865921787709494,709.6,4.21,0.0
2989,2,446,1.444999999999975,0.05605381165919283,709.8,4.21,0.0
2990,4,713,3.711999999999988,0.0546984572230014,710.2,4.21,0.0
2991,0,179,-0.8219999999999998,0.055865921787709494,710.3,4.21,0.0
2992,0,184,-0.8169999999999998,0.059782608695652176,710.4,4.21,0.0
2993,0,179,-0.8219999999999998,0.055865921787709494,710.5,4.21,0.0
2994,3,579,2.5779999999999603,0.055267702936096716,710.8,4.21,0.0
2995,3,579,2.5779999999999603,0.055267702936096716,711.1,4.21,0.0
2996,3,579,2.5779999999999603,0.055267702936096716,711.4,4.21,0.0
2997,0,179,-0.8219999999999998,0.055865921787709494,711.5,4.21,0.0
2998,0,184,-0.8169999999999998,0.059782608695652176,711.6,4.21,0.0
2999,0,179,-0.8219999999999998,0.055865921787709494,711.7,4.22,0.0
3000,4,713,3.711999999999988,0.0546984572230014,712.1,4.21,0.0
3001,7,1113,7.112000000000036,0.055705300988319856,715.8,4.19,0.0
3002,2,462,1.4609999999999732,0.05627705627705628,716.1,4.19,0.0
3003,7,1114,7.113000000000035,0.05565529622980251,716.6,4.19,0.0
3004,2,479,1.4779999999999713,0.05636743215031315,716.9,4.19,0.0
3005,0,179,-0.8219999999999998,0.05027932960893855,717.0,4.19,0.0
3006,5,846,4.845000000000032,0.05555555555555555,717.5,4.19,0.0
3007,2,446,1.444999999999975,0.05605381165919283,717.7,4.19,0.0
3008,0,179,-0.8219999999999998,0.055865921787709494,717.8,4.19,0.0
3009,5,846,4.845000000000032,0.05555555555555555,718.2,4.19,0.0
3010,3,584,2.5829999999999598,0.05650684931506849,718.7,4.19,0.0
3011,3,579,2.5779999999999603,0.055267702936096716,719.1,4.19,0.0
3012,1,335,0.3339999999999872,0.056716417910447764,719.3,4.19,0.0
3013,0,179,-0.8219999999999998,0.055865921787709494,719.5,4.19,0.0
3014,1,313,0.3119999999999896,0.054313099041533544,719.6,4.19,0.0
3015,0,179,-0.8219999999999998,0.055865921787709494,719.7,4.19,0.0
3016,1,313,0.3119999999999896,0.054313099041533544,719.9,4.19,0.0
3017,8,1251,8.24999999999996,0.055955235811350916,720.6,4.19,0.0
3018,0,179,-0.8219999999999998,0.05027932960893855,720.7,4.19,0.0
3019,4,729,3.7279999999999935,0.056241426611796985,721.1,4.19,0.0
3020,0,179,-0.8219999999999998,0.055865921787709494,721.2,4.19,0.0
3021,4,713,3.711999999999988,0.056100981767180924,721.5,4.19,0.0
3022,0,185,-0.8159999999999998,0.05945945945945946,721.6,4.19,0.0
3023,0,179,-0.8219999999999998,0.055865921787709494,721.7,4.19,0.0
3024,2,446,1.444999999999975,0.05605381165919283,722.0,4.19,0.0
3025,0,179,-0.8219999999999998,0.055865921787709494,722.1,4.19,0.0
3026,3,584,2.5829999999999598,0.05650684931506849,722.4,4.19,0.0
3027,0,185,-0.8159999999999998,0.05945945945945946,722.5,4.19,0.0
3028,3,579,2.5779999999999603,0.055267702936096716,722.8,4.19,0.0
3029,2,446,1.444999999999975,0.05605381165919283,723.0,4.19,0.0
3030,3,579,2.5779999999999603,0.055267702936096716,723.3,4.19,0.0
3031,0,186,-0.8149999999999998,0.05913978494623656,723.4,4.19,0.0
3032,3,579,2.5779999999999603,0.055267702936096716,723.8,4.19,0.0
3033,3,579,2.5779999999999603,0.055267702936096716,724.1,4.19,0.0
3034,0,194,-0.8069999999999998,0.05670103092783505,724.2,4.19,0.0
3035,2,446,1.444999999999975,0.05605381165919283,724.4,4.19,0.0
3036,4,713,3.711999999999988,0.056100981767180924,724.8,4.19,0.0
3037,4,717,3.7159999999999895,0.05578800557880056,725.2,4.19,0.0
3038,1,336,0.3349999999999871,0.05654761904761905,725.4,4.19,0.0
3039,1,313,0.3119999999999896,0.054313099041533544,725.6,4.19,0.0
3040,0,179,-0.8219999999999998,0.055865921787709494,725.7,4.19,0.0
3041,3,585,2.5839999999999597,0.05641025641025641,726.0,4.19,0.0
3042,0,179,-0.8219999999999998,0.055865921787709494,726.1,4.19,0.0
3043,3,584,2.5829999999999598,0.05650684931506849,726.4,4.19,0.0
3044,5,846,4.845000000000032,0.05555555555555555,726.8,4.19,0.0
3045,1,336,0.3349999999999871,0.05654761904761905,727.0,4.19,0.0
3046,2,446,1.444999999999975,0.05605381165919283,727.3,4.19,0.0
3047,0,179,-0.8219999999999998,0.055865921787709494,727.4,4.19,0.0
3048,5,852,4.851000000000034,0.056338028169014086,727.8,4.19,0.0
3049,1,313,0.3119999999999896,0.05750798722044728,728.0,4.19,0.0
3050,1,319,0.31799999999998896,0.05642633228840126,728.2,4.19,0.0
3051,2,446,1.444999999999975,0.05605381165919283,728.4,4.19,0.0
3052,0,179,-0.8219999999999998,0.055865921787709494,728.5,4.19,0.0
3053,3,579,2.5779999999999603,0.055267702936096716,728.8,4.19,0.0
3054,1,313,0.3119999999999896,0.054313099041533544,729.0,4.19,0.0
3055,5,846,4.845000000000032,0.05555555555555555,729.5,4.19,0.0
3056,1,319,0.31799999999998896,0.05642633228840126,729.7,4.19,0.0
3057,5,854,4.853000000000034,0.05620608899297424,730.1,4.19,0.0
3058,3,586,2.5849999999999596,0.05631399317406143,730.5,4.19,0.0
3059,4,713,3.711999999999988,0.056100981767180924,730.8,4.19,0.0
3060,2,457,1.4559999999999738,0.05689277899343545,731.1,4.19,0.0
3061,0,179,-0.8219999999999998,0.055865921787709494,731.2,4.19,0.0
3062,3,579,2.5779999999999603,0.055267702936096716,731.5,4.19,0.0
3063,0,189,-0.8119999999999998,0.0582010582010582,731.6,4.19,0.0
3064,2,446,1.444999999999975,0.05605381165919283,731.8,4.19,0.0
3065,4,713,3.711999999999988,0.056100981767180924,732.2,4.19,0.0
3066,4,713,3.711999999999988,0.0546984572230014,732.6,4.19,0.0
3067,1,313,0.3119999999999896,0.054313099041533544,732.8,4.19,0.0
3068,1,313,0.3119999999999896,0.054313099041533544,733.0,4.19,0.0
3069,1,313,0.3119999999999896,0.05750798722044728,733.1,4.19,0.0
3070,0,179,-0.8219999999999998,0.055865921787709494,733.2,4.19,0.0
3071,0,186,-0.8149999999999998,0.05913978494623656,733.3,4.19,0.0
3072,3,579,2.5779999999999603,0.055267702936096716,733.6,4.19,0.0
3073,1,315,0.3139999999999894,0.05714285714285714,733.8,4.19,0.0
3074,0,179,-0.8219999999999998,0.055865921787709494,733.9,4.19,0.0
3075,0,179,-0.8219999999999998,0.055865921787709494,734.0,4.19,0.0
3076,0,184,-0.8169999999999998,0.059782608695652176,734.1,4.19,0.0
3077,3,579,2.5779999999999603,0.055267702936096716,734.4,4.19,0.0
3078,5,846,4.845000000000032,0.05555555555555555,734.9,4.19,0.0
3079,0,179,-0.8219999999999998,0.055865921787709494,735.0,4.19,0.0
3080,3,579,2.5779999999999603,0.055267702936096716,735.3,4.19,0.0
3081,1,313,0.3119999999999896,0.054313099041533544,735.4,4.19,0.0
3082,0,179,-0.8219999999999998,0.055865921787709494,735.5,4.19,0.0
3083,3,589,2.587999999999959,0.05602716468590832,735.9,4.19,0.0
3084,1,313,0.3119999999999896,0.054313099041533544,736.0,4.19,0.0
3085,4,713,3.711999999999988,0.056100981767180924,736.4,4.19,0.0
3086,2,446,1.444999999999975,0.05605381165919283,736.6,4.19,0.0
3087,2,460,1.4589999999999734,0.05652173913043478,736.9,4.19,0.0
3088,2,446,1.444999999999975,0.053811659192825115,737.2,4.19,0.0
3089,3,579,2.5779999999999603,0.055267702936096716,737.5,4.19,0.0
3090,0,179,-0.8219999999999998,0.055865921787709494,737.6,4.19,0.0
3091,3,579,2.5779999999999603,0.055267702936096716,737.9,4.19,0.0
3092,9,1379,9.377999999999888,0.05583756345177665,738.6,4.19,0.0
3093,5,846,4.845000000000032,0.05555555555555555,739.0,4.19,0.0
3094,1,313,0.3119999999999896,0.054313099041533544,739.2,4.19,0.0
3095,1,313,0.3119999999999896,0.05750798722044728,739.4,4.19,0.0
3096,4,731,3.729999999999994,0.0560875512995896,739.8,4.19,0.0
3097,6,979,5.978000000000075,0.056179775280898875,740.3,4.18,0.0
3098,4,713,3.711999999999988,0.056100981767180924,740.6,4.18,0.0
3099,2,458,1.4569999999999736,0.056768558951965066,740.9,4.18,0.0
3100,0,190,-0.8109999999999998,0.05789473684210526,741.0,4.18,0.0
3101,0,190,-0.8109999999999998,0.05789473684210526,741.1,4.19,0.0
3102,0,179,-0.8219999999999998,0.055865921787709494,741.2,4.19,0.0
3103,1,336,0.3349999999999871,0.05654761904761905,741.4,4.19,0.0
3104,0,179,-0.8219999999999998,0.055865921787709494,741.5,4.19,0.0
3105,1,319,0.31799999999998896,0.05642633228840126,741.6,4.19,0.0
3106,7,1123,7.12200000000003,0.05609973285841496,742.2,4.19,0.0
3107,2,465,1.4639999999999729,0.05591397849462366,742.5,4.19,0.0
3108,1,320,0.31899999999998885,0.05625,742.6,4.19,0.0
3109,0,184,-0.8169999999999998,0.059782608695652176,742.7,4.19,0.0
3110,0,179,-0.8219999999999998,0.055865921787709494,742.8,4.19,0.0
3111,0,185,-0.8159999999999998,0.05945945945945946,742.9,4.19,0.0
3112,3,579,2.5779999999999603,0.055267702936096716,743.2,4.19,0.0
3113,0,194,-0.8069999999999998,0.05670103092783505,743.4,4.19,0.0
3114,1,314,0.3129999999999895,0.05732484076433121,743.5,4.19,0.0
3115,3,593,2.591999999999959,0.05564924114671164,743.8,4.19,0.0
3116,1,313,0.3119999999999896,0.054313099041533544,744.0,4.19,0.0
3117,5,860,4.859000000000036,0.05581395348837209,744.5,4.19,0.0
3118,0,179,-0.8219999999999998,0.055865921787709494,744.6,4.19,0.0
3119,2,456,1.4549999999999739,0.05701754385964912,745.0,4.19,0.0
3120,4,713,3.711999999999988,0.056100981767180924,745.5,4.19,0.0
3121,4,713,3.711999999999988,0.0546984572230014,746.0,4.18,0.0
3122,3,579,2.5779999999999603,0.055267702936096716,746.3,4.18,0.0
3123,0,179,-0.8219999999999998,0.055865921787709494,746.4,4.19,0.0
3124,1,313,0.3119999999999896,0.054313099041533544,746.6,4.19,0.0
3125,2,462,1.4609999999999732,0.05627705627705628,746.9,4.19,0.0
3126,1,318,0.31699999999998907,0.05660377358490566,747.1,4.19,0.0
3127,2,446,1.444999999999975,0.053811659192825115,747.4,4.19,0.0
3128,1,315,0.3139999999999894,0.05714285714285714,747.5,4.19,0.0
3129,0,190,-0.8109999999999998,0.05789473684210526,747.6,4.19,0.0
3130,0,194,-0.8069999999999998,0.05670103092783505,747.7,4.19,0.0
3131,4,713,3.711999999999988,0.056100981767180924,748.1,4.19,0.0
3132,0,214,-0.7869999999999998,0.056074766355140186,748.2,4.19,0.0
3133,0,179,-0.8219999999999998,0.055865921787709494,748.3,4.19,0.0
3134,0,213,-0.7879999999999998,0.056338028169014086,748.4,4.19,0.0
3135,1,313,0.3119999999999896,0.05750798722044728,748.6,4.19,0.0
3136,0,192,-0.8089999999999998,0.057291666666666664,748.7,4.19,0.0
3137,1,313,0.3119999999999896,0.05750798722044728,748.9,4.19,0.0
3138,3,593,2.591999999999959,0.05564924114671164,749.2,4.19,0.0
3139,1,313,0.3119999999999896,0.054313099041533544,749.4,4.19,0.0
3140,6,981,5.980000000000076,0.05606523955147808,749.9,4.19,0.0
3141,2,446,1.444999999999975,0.05605381165919283,750.2,4.19,0.0
3142,1,313,0.3119999999999896,0.05750798722044728,750.3,4.19,0.0
3143,3,579,2.5779999999999603,0.055267702936096716,750.6,4.19,0.0
3144,6,979,5.978000000000075,0.056179775280898875,751.1,4.19,0.0
3145,1,313,0.3119999999999896,0.054313099041533544,751.3,4.19,0.0
3146,10,1538,10.5369999999998,0.055916775032509754,752.1,4.18,0.0
3147,4,717,3.7159999999999895,0.05578800557880056,752.5,4.18,0.0
3148,0,197,-0.8039999999999998,0.05583756345177665,752.6,4.18,0.0
3149,3,584,2.5829999999999598,0.05650684931506849,752.9,4.18,0.0
3150,0,179,-0.8219999999999998,0.055865921787709494,753.1,4.18,0.0
3151,0,179,-0.8219999999999998,0.055865921787709494,753.1,4.19,0.0
3152,2,446,1.444999999999975,0.05605381165919283,753.4,4.19,0.0
3153,3,579,2.5779999999999603,0.055267702936096716,753.7,4.18,0.0
3154,2,446,1.444999999999975,0.05605381165919283,753.9,4.18,0.0
3155,3,582,2.58099999999996,0.05670103092783505,754.2,4.18,0.0
3156,2,457,1.4559999999999738,0.05689277899343545,754.5,4.18,0.0
3157,1,336,0.3349999999999871,0.05654761904761905,754.7,4.18,0.0
3158,0,179,-0.8219999999999998,0.055865921787709494,754.8,4.19,0.0
3159,0,184,-0.8169999999999998,0.059782608695652176,754.9,4.19,0.0
3160,4,713,3.711999999999988,0.056100981767180924,755.2,4.19,0.0
3161,0,193,-0.8079999999999998,0.05699481865284974,755.4,4.19,0.0
3162,3,609,2.607999999999957,0.05582922824302135,755.7,4.19,0.0
3163,0,179,-0.8219999999999998,0.055865921787709494,755.8,4.19,0.0
3164,0,192,-0.8089999999999998,0.057291666666666664,755.9,4.19,0.0
3165,1,336,0.3349999999999871,0.05654761904761905,756.0,4.19,0.0
3166,2,446,1.444999999999975,0.05605381165919283,756.3,4.19,0.0
3167,6,979,5.978000000000075,0.05515832482124617,756.8,4.19,0.0
3168,1,313,0.3119999999999896,0.054313099041533544,757.0,4.19,0.0
3169,1,313,0.3119999999999896,0.054313099041533544,757.1,4.19,0.0
3170,0,188,-0.8129999999999998,0.05851063829787234,757.2,4.19,0.0
3171,2,446,1.444999999999975,0.05605381165919283,757.5,4.19,0.0
3172,0,179,-0.8219999999999998,0.055865921787709494,757.6,4.19,0.0
3173,4,713,3.711999999999988,0.056100981767180924,758.0,4.19,0.0
3174,2,464,1.462999999999973,0.05603448275862069,758.2,4.19,0.0
3175,2,464,1.462999999999973,0.05603448275862069,758.5,4.19,0.0
3176,1,313,0.3119999999999896,0.054313099041533544,758.6,4.19,0.0
3177,1,313,0.3119999999999896,0.05750798722044728,758.8,4.19,0.0
3178,0,179,-0.8219999999999998,0.055865921787709494,758.9,4.19,0.0
3179,1,313,0.3119999999999896,0.054313099041533544,759.1,4.19,0.0
3180,4,713,3.711999999999988,0.056100981767180924,759.4,4.19,0.0
3181,0,179,-0.8219999999999998,0.055865921787709494,759.5,4.19,0.0
3182,2,454,1.452999999999974,0.05726872246696035,759.8,4.19,0.0
3183,2,446,1.444999999999975,0.053811659192825115,760.0,4.19,0.0
3184,0,179,-0.8219999999999998,0.055865921787709494,760.1,4.19,0.0
3185,0,191,-0.8099999999999998,0.05759162303664921,760.2,4.19,0.0
3186,6,979,5.978000000000075,0.05515832482124617,760.7,4.19,0.0
3187,2,446,1.444999999999975,0.053811659192825115,761.0,4.19,0.0
3188,0,179,-0.8219999999999998,0.055865921787709494,761.1,4.19,0.0
3189,0,194,-0.8069999999999998,0.05670103092783505,761.2,4.19,0.0
3190,0,187,-0.8139999999999998,0.058823529411764705,761.3,4.19,0.0
3191,5,846,4.845000000000032,0.05555555555555555,761.8,4.19,0.0
3192,0,184,-0.8169999999999998,0.059782608695652176,761.9,4.19,0.0
3193,0,179,-0.8219999999999998,0.055865921787709494,762.0,4.19,0.0
3194,5,857,4.856000000000035,0.056009334889148193,762.4,4.19,0.0
3195,0,179,-0.8219999999999998,0.055865921787709494,762.5,4.19,0.0
3196,3,579,2.5779999999999603,0.055267702936096716,762.8,4.19,0.0
3197,0,179,-0.8219999999999998,0.05027932960893855,762.9,4.19,0.0
3198,4,713,3.711999999999988,0.056100981767180924,763.3,4.19,0.0
3199,0,179,-0.8219999999999998,0.055865921787709494,763.4,4.19,0.0
3200,0,183,-0.8179999999999998,0.060109289617486336,763.5,4.19,0.0
3201,2,446,1.444999999999975,0.05605381165919283,763.7,4.19,0.0
3202,5,846,4.845000000000032,0.05555555555555555,764.2,4.19,0.0
3203,4,713,3.711999999999988,0.0546984572230014,764.6,4.19,0.0
3204,5,874,4.873000000000041,0.05606407322654462,765.0,4.19,0.0
3205,1,313,0.3119999999999896,0.05750798722044728,765.2,4.19,0.0
3206,1,313,0.3119999999999896,0.054313099041533544,765.4,4.19,0.0
3207,4,713,3.711999999999988,0.056100981767180924,765.7,4.19,0.0
3208,4,713,3.711999999999988,0.056100981767180924,766.1,4.19,0.0
3209,1,313,0.3119999999999896,0.05750798722044728,766.3,4.19,0.0
3210,2,459,1.4579999999999735,0.05664488017429194,766.5,4.19,0.0
3211,1,314,0.3129999999999895,0.05732484076433121,766.7,4.19,0.0
3212,3,579,2.5779999999999603,0.055267702936096716,767.0,4.19,0.0
3213,0,179,-0.8219999999999998,0.055865921787709494,767.1,4.19,0.0
3214,1,313,0.3119999999999896,0.05750798722044728,767.3,4.19,0.0
3215,0,187,-0.8139999999999998,0.058823529411764705,767.4,4.19,0.0
3216,1,315,0.3139999999999894,0.05714285714285714,767.5,4.19,0.0
3217,0,183,-0.8179999999999998,0.060109289617486336,767.6,4.19,0.0
3218,0,179,-0.8219999999999998,0.055865921787709494,767.7,4.19,0.0
3219,2,460,1.4589999999999734,0.05652173913043478,768.0,4.19,0.0
3220,0,193,-0.8079999999999998,0.05699481865284974,768.1,4.19,0.0
3221,1,313,0.3119999999999896,0.054313099041533544,768.2,4.19,0.0
3222,1,336,0.3349999999999871,0.05654761904761905,768.4,4.19,0.0
3223,1,313,0.3119999999999896,0.054313099041533544,768.6,4.19,0.0
3224,2,446,1.444999999999975,0.05605381165919283,768.8,4.19,0.0
3225,6,988,5.987000000000078,0.05566801619433198,769.3,4.19,0.0
3226,1,313,0.3119999999999896,0.054313099041533544,769.5,4.19,0.0
3227,0,189,-0.8119999999999998,0.0582010582010582,769.6,4.19,0.0
3228,3,579,2.5779999999999603,0.055267702936096716,769.9,4.19,0.0
3229,2,446,1.444999999999975,0.053811659192825115,770.2,4.19,0.0
3230,0,183,-0.8179999999999998,0.060109289617486336,770.3,4.19,0.0
3231,2,446,1.444999999999975,0.05605381165919283,770.5,4.19,0.0
3232,0,179,-0.8219999999999998,0.055865921787709494,770.6,4.20,0.0
3233,3,579,2.5779999999999603,0.055267702936096716,770.9,4.20,0.0
3234,9,1379,9.377999999999888,0.05511240029006526,771.7,4.19,0.0
3235,8,1246,8.244999999999962,0.05537720706260032,772.3,4.19,0.0
3236,3,610,2.608999999999957,0.05573770491803279,772.7,4.19,0.0
3237,2,446,1.444999999999975,0.05605381165919283,772.9,4.19,0.0
3238,0,179,-0.8219999999999998,0.055865921787709494,773.0,4.19,0.0
3239,3,579,2.5779999999999603,0.055267702936096716,773.3,4.19,0.0
3240,0,179,-0.8219999999999998,0.055865921787709494,773.4,4.19,0.0
3241,0,179,-0.8219999999999998,0.055865921787709494,773.5,4.19,0.0
3242,2,461,1.4599999999999733,0.05639913232104121,773.7,4.19,0.0
3243,3,579,2.5779999999999603,0.055267702936096716,774.0,4.19,0.0
3244,5,846,4.845000000000032,0.05555555555555555,774.5,4.19,0.0
3245,0,179,-0.8219999999999998,0.055865921787709494,774.6,4.19,0.0
3246,4,713,3.711999999999988,0.056100981767180924,775.0,4.19,0.0
3247,1,313,0.3119999999999896,0.054313099041533544,775.1,4.19,0.0
3248,3,585,2.5839999999999597,0.05641025641025641,775.4,4.19,0.0
3249,1,313,0.3119999999999896,0.05750798722044728,775.6,4.19,0.0
3250,2,453,1.4519999999999742,0.05739514348785872,775.8,4.19,0.0
3251,0,191,-0.8099999999999998,0.05759162303664921,775.9,4.19,0.0
3252,0,179,-0.8219999999999998,0.055865921787709494,776.0,4.19,0.0
3253,3,579,2.5779999999999603,0.055267702936096716,776.3,4.19,0.0
3254,1,313,0.3119999999999896,0.054313099041533544,776.5,4.19,0.0
3255,4,713,3.711999999999988,0.056100981767180924,776.9,4.19,0.0
3256,4,713,3.711999999999988,0.0546984572230014,777.2,4.19,0.0
3257,5,855,4.854000000000035,0.056140350877192984,777.7,4.19,0.0
3258,3,579,2.5779999999999603,0.055267702936096716,778.0,4.19,0.0
3259,0,189,-0.8119999999999998,0.0582010582010582,778.1,4.19,0.0
3260,10,1513,10.511999999999814,0.056179775280898875,779.0,4.19,0.0
3261,6,979,5.978000000000075,0.056179775280898875,779.6,4.18,0.0
3262,2,446,1.444999999999975,0.053811659192825115,779.8,4.18,0.0
3263,0,179,-0.8219999999999998,0.055865921787709494,779.9,4.19,0.0
3264,1,313,0.3119999999999896,0.054313099041533544,780.1,4.19,0.0
3265,2,461,1.4599999999999733,0.05639913232104121,780.3,4.19,0.0
3266,5,846,4.845000000000032,0.05555555555555555,780.8,4.18,0.0
3267,2,461,1.4599999999999733,0.05639913232104121,781.0,4.18,0.0
3268,8,1246,8.244999999999962,0.05537720706260032,781.7,4.18,0.0
3269,0,179,-0.8219999999999998,0.055865921787709494,781.8,4.18,0.0
3270,6,998,5.997000000000082,0.056112224448897796,782.3,4.18,0.0
3271,1,313,0.3119999999999896,0.05750798722044728,782.5,4.18,0.0
3272,3,579,2.5779999999999603,0.055267702936096716,782.8,4.18,0.0
3273,5,846,4.845000000000032,0.05555555555555555,783.2,4.18,0.0
3274,6,979,5.978000000000075,0.05515832482124617,783.8,4.18,0.0
3275,1,313,0.3119999999999896,0.05750798722044728,783.9,4.18,0.0
3276,1,313,0.3119999999999896,0.054313099041533544,784.1,4.18,0.0
3277,0,179,-0.8219999999999998,0.055865921787709494,784.2,4.18,0.0
3278,0,191,-0.8099999999999998,0.05759162303664921,784.3,4.18,0.0
3279,3,591,2.589999999999959,0.05583756345177665,784.6,4.18,0.0
3280,3,579,2.5779999999999603,0.055267702936096716,784.9,4.18,0.0
3281,0,179,-0.8219999999999998,0.055865921787709494,785.0,4.18,0.0
3282,4,727,3.725999999999993,0.05639614855570839,785.4,4.18,0.0
3283,0,179,-0.8219999999999998,0.055865921787709494,785.5,4.18,0.0
3284,3,579,2.5779999999999603,0.055267702936096716,785.8,4.18,0.0
3285,2,446,1.444999999999975,0.05605381165919283,786.1,4.18,0.0
3286,2,446,1.444999999999975,0.053811659192825115,786.3,4.18,0.0
3287,1,313,0.3119999999999896,0.054313099041533544,786.5,4.18,0.0
3288,1,313,0.3119999999999896,0.05750798722044728,786.6,4.18,0.0
3289,4,713,3.711999999999988,0.056100981767180924,787.0,4.18,0.0
3290,2,454,1.452999999999974,0.05726872246696035,787.3,4.18,0.0
3291,1,313,0.3119999999999896,0.054313099041533544,787.4,4.18,0.0
3292,3,579,2.5779999999999603,0.055267702936096716,787.7,4.18,0.0
3293,0,179,-0.8219999999999998,0.055865921787709494,787.8,4.18,0.0
3294,1,315,0.3139999999999894,0.05714285714285714,788.0,4.18,0.0
3295,1,313,0.3119999999999896,0.05750798722044728,788.2,4.18,0.0
3296,5,849,4.848000000000033,0.05653710247349823,788.6,4.18,0.0
3297,0,184,-0.8169999999999998,0.059782608695652176,788.7,4.18,0.0
3298,0,179,-0.8219999999999998,0.055865921787709494,788.8,4.18,0.0
3299,3,579,2.5779999999999603,0.055267702936096716,789.1,4.18,0.0
3300,2,462,1.4609999999999732,0.05627705627705628,789.4,4.18,0.0
3301,3,579,2.5779999999999603,0.055267702936096716,789.7,4.18,0.0
3302,0,179,-0.8219999999999998,0.055865921787709494,789.8,4.18,0.0
3303,3,579,2.5779999999999603,0.055267702936096716,790.1,4.18,0.0
3304,0,187,-0.8139999999999998,0.058823529411764705,790.2,4.18,0.0
3305,5,848,4.847000000000032,0.05660377358490566,790.6,4.18,0.0
3306,2,454,1.452999999999974,0.05726872246696035,790.9,4.18,0.0
3307,4,713,3.711999999999988,0.0546984572230014,791.3,4.18,0.0
3308,0,179,-0.8219999999999998,0.055865921787709494,791.4,4.18,0.0
3309,2,461,1.4599999999999733,0.05639913232104121,791.6,4.18,0.0
3310,3,579,2.5779999999999603,0.055267702936096716,791.9,4.18,0.0
3311,0,185,-0.8159999999999998,0.05945945945945946,792.0,4.18,0.0
3312,0,179,-0.8219999999999998,0.055865921787709494,792.1,4.18,0.0
3313,3,579,2.5779999999999603,0.055267702936096716,792.4,4.18,0.0
3314,1,315,0.3139999999999894,0.05714285714285714,792.6,4.18,0.0
3315,1,314,0.3129999999999895,0.05732484076433121,792.7,4.18,0.0
3316,0,184,-0.8169999999999998,0.059782608695652176,792.8,4.18,0.0
3317,6,988,5.987000000000078,0.05566801619433198,793.4,4.18,0.0
3318,1,313,0.3119999999999896,0.054313099041533544,793.5,4.18,0.0
3319,2,446,1.444999999999975,0.05605381165919283,793.8,4.18,0.0
3320,3,579,2.5779999999999603,0.055267702936096716,794.1,4.18,0.0
3321,6,979,5.978000000000075,0.056179775280898875,794.6,4.18,0.0
3322,1,316,0.3149999999999893,0.056962025316455694,794.8,4.18,0.0
3323,0,179,-0.8219999999999998,0.055865921787709494,794.9,4.18,0.0
3324,0,179,-0.8219999999999998,0.055865921787709494,795.0,4.18,0.0
3325,1,313,0.3119999999999896,0.054313099041533544,795.1,4.18,0.0
3326,4,730,3.728999999999994,0.056164383561643834,795.5,4.18,0.0
3327,1,315,0.3139999999999894,0.05714285714285714,795.7,4.18,0.0
3328,5,846,4.845000000000032,0.05555555555555555,796.1,4.18,0.0
3329,0,179,-0.8219999999999998,0.055865921787709494,796.2,4.18,0.0
3330,1,313,0.3119999999999896,0.05750798722044728,796.4,4.18,0.0
3331,2,446,1.444999999999975,0.053811659192825115,796.6,4.18,0.0
3332,1,313,0.3119999999999896,0.054313099041533544,796.8,4.18,0.0
3333,1,337,0.335999999999987,0.05637982195845697,797.0,4.18,0.0
3334,0,179,-0.8219999999999998,0.055865921787709494,797.1,4.18,0.0
3335,3,582,2.58099999999996,0.05670103092783505,797.4,4.18,0.0
3336,4,713,3.711999999999988,0.056100981767180924,797.8,4.18,0.0
3337,0,179,-0.8219999999999998,0.055865921787709494,797.9,4.18,0.0
3338,3,583,2.58199999999996,0.05660377358490566,798.2,4.18,0.0
3339,3,579,2.5779999999999603,0.055267702936096716,798.5,4.18,0.0
3340,4,713,3.711999999999988,0.056100981767180924,798.9,4.18,0.0
3341,5,855,4.854000000000035,0.056140350877192984,799.4,4.18,0.0
3342,0,184,-0.8169999999999998,0.059782608695652176,799.5,4.18,0.0
3343,1,313,0.3119999999999896,0.05750798722044728,799.6,4.18,0.0
3344,0,182,-0.8189999999999998,0.06043956043956044,799.7,4.18,0.0
3345,0,195,-0.8059999999999998,0.05641025641025641,799.8,4.18,0.0
3346,1,321,0.31999999999998874,0.056074766355140186,800.0,4.18,0.0
3347,2,446,1.444999999999975,0.05605381165919283,800.3,4.18,0.0
3348,0,179,-0.8219999999999998,0.055865921787709494,800.3,4.18,0.0
3349,3,579,2.5779999999999603,0.055267702936096716,800.6,4.18,0.0
3350,1,313,0.3119999999999896,0.05750798722044728,800.8,4.18,0.0
3351,0,187,-0.8139999999999998,0.058823529411764705,800.9,4.19,0.0
3352,0,188,-0.8129999999999998,0.05851063829787234,801.0,4.19,0.0
3353,1,313,0.3119999999999896,0.05750798722044728,801.2,4.19,0.0
3354,1,339,0.33799999999998676,0.05604719764011799,801.4,4.19,0.0
3355,1,313,0.3119999999999896,0.054313099041533544,801.5,4.19,0.0
3356,3,580,2.57899999999996,0.056896551724137934,801.8,4.19,0.0
3357,1,313,0.3119999999999896,0.054313099041533544,802.0,4.19,0.0
3358,3,589,2.587999999999959,0.05602716468590832,802.3,4.19,0.0
3359,5,846,4.845000000000032,0.05555555555555555,802.8,4.19,0.0
3360,2,446,1.444999999999975,0.05605381165919283,803.0,4.19,0.0
3361,2,461,1.4599999999999733,0.05639913232104121,803.3,4.19,0.0
3362,1,321,0.31999999999998874,0.056074766355140186,803.4,4.19,0.0
3363,0,179,-0.8219999999999998,0.055865921787709494,803.5,4.19,0.0
3364,0,179,-0.8219999999999998,0.055865921787709494,803.6,4.19,0.0
3365,1,338,0.33699999999998687,0.05621301775147929,803.8,4.19,0.0
3366,13,1913,13.911999999999592,0.05541035023523262,804.9,4.18,0.0
3367,1,313,0.3119999999999896,0.054313099041533544,805.0,4.18,0.0
3368,0,188,-0.8129999999999998,0.05851063829787234,805.2,4.18,0.0
3369,0,179,-0.8219999999999998,0.055865921787709494,805.3,4.19,0.0
3370,2,446,1.444999999999975,0.053811659192825115,805.5,4.19,0.0
3371,0,179,-0.8219999999999998,0.055865921787709494,805.6,4.19,0.0
3372,1,313,0.3119999999999896,0.054313099041533544,805.7,4.19,0.0
3373,8,1246,8.244999999999962,0.05537720706260032,806.4,4.18,0.0
3374,1,313,0.3119999999999896,0.054313099041533544,806.6,4.18,0.0
3375,4,713,3.711999999999988,0.0546984572230014,807.0,4.18,0.0
3376,0,184,-0.8169999999999998,0.059782608695652176,807.1,4.18,0.0
3377,4,713,3.711999999999988,0.056100981767180924,807.5,4.18,0.0
3378,3,579,2.5779999999999603,0.055267702936096716,807.8,4.18,0.0
3379,6,979,5.978000000000075,0.05515832482124617,808.3,4.18,0.0
3380,0,194,-0.8069999999999998,0.05670103092783505,808.4,4.18,0.0
3381,7,1131,7.130000000000026,0.05570291777188329,809.0,4.18,0.0
3382,0,187,-0.8139999999999998,0.058823529411764705,809.1,4.18,0.0
3383,3,583,2.58199999999996,0.05660377358490566,809.4,4.18,0.0
3384,6,1004,6.003000000000084,0.055776892430278883,810.0,4.18,0.0
3385,0,179,-0.8219999999999998,0.055865921787709494,810.1,4.18,0.0
3386,3,580,2.57899999999996,0.056896551724137934,810.4,4.18,0.0
3387,10,1513,10.511999999999814,0.05551883674818242,811.2,4.18,0.0
3388,1,313,0.3119999999999896,0.05750798722044728,811.4,4.18,0.0
3389,4,713,3.711999999999988,0.0546984572230014,811.8,4.18,0.0
3390,0,179,-0.8219999999999998,0.055865921787709494,811.9,4.18,0.0
3391,0,179,-0.8219999999999998,0.055865921787709494,812.0,4.18,0.0
3392,1,315,0.3139999999999894,0.05714285714285714,812.1,4.18,0.0
3393,0,179,-0.8219999999999998,0.055865921787709494,812.2,4.18,0.0
3394,2,466,1.4649999999999728,0.055793991416309016,812.5,4.18,0.0
3395,0,179,-0.8219999999999998,0.055865921787709494,812.6,4.18,0.0
3396,0,179,-0.8219999999999998,0.055865921787709494,812.6,4.18,0.0
3397,2,459,1.4579999999999735,0.05664488017429194,812.9,4.18,0.0
3398,3,579,2.5779999999999603,0.055267702936096716,813.2,4.18,0.0
3399,1,313,0.3119999999999896,0.054313099041533544,813.4,4.18,0.0
3400,0,179,-0.8219999999999998,0.055865921787709494,813.5,4.18,0.0
3401,1,313,0.3119999999999896,0.054313099041533544,813.6,4.18,0.0
3402,1,313,0.3119999999999896,0.054313099041533544,813.8,4.18,0.0
3403,3,579,2.5779999999999603,0.055267702936096716,814.1,4.18,0.0
3404,4,713,3.711999999999988,0.056100981767180924,814.5,4.18,0.0
3405,3,579,2.5779999999999603,0.055267702936096716,814.8,4.18,0.0
3406,4,728,3.726999999999993,0.05631868131868132,815.2,4.18,0.0
3407,6,979,5.978000000000075,0.05515832482124617,815.7,4.18,0.0
3408,8,1246,8.244999999999962,0.05537720706260032,816.4,4.18,0.0
3409,4,736,3.734999999999996,0.05570652173913043,816.8,4.17,0.0
3410,0,179,-0.8219999999999998,0.055865921787709494,816.9,4.18,0.0
3411,4,713,3.711999999999988,0.056100981767180924,817.3,4.17,0.0
3412,7,1113,7.112000000000036,0.055705300988319856,817.9,4.17,0.0
3413,0,179,-0.8219999999999998,0.055865921787709494,818.0,4.17,0.0
3414,2,456,1.4549999999999739,0.05701754385964912,818.2,4.17,0.0
3415,1,313,0.3119999999999896,0.054313099041533544,818.4,4.17,0.0
3416,0,179,-0.8219999999999998,0.055865921787709494,818.5,4.17,0.0
3417,0,179,-0.8219999999999998,0.055865921787709494,818.6,4.18,0.0
3418,2,446,1.444999999999975,0.05605381165919283,818.8,4.18,0.0
3419,4,713,3.711999999999988,0.0546984572230014,819.2,4.17,0.0
3420,0,186,-0.8149999999999998,0.05913978494623656,819.3,4.18,0.0
3421,1,313,0.3119999999999896,0.05750798722044728,819.5,4.18,0.0
3422,1,313,0.3119999999999896,0.054313099041533544,819.6,4.18,0.0
3423,11,1649,11.647999999999739,0.05579138872043663,820.5,4.17,0.0
3424,1,320,0.31899999999998885,0.05625,820.7,4.17,0.0
3425,1,313,0.3119999999999896,0.054313099041533544,820.8,4.17,0.0
3426,0,179,-0.8219999999999998,0.055865921787709494,820.9,4.17,0.0
3427,0,184,-0.8169999999999998,0.059782608695652176,821.0,4.18,0.0
3428,3,579,2.5779999999999603,0.05699481865284974,821.3,4.17,0.0
3429,0,195,-0.8059999999999998,0.05641025641025641,821.4,4.18,0.0
3430,3,579,2.5779999999999603,0.055267702936096716,821.8,4.18,0.0
3431,0,179,-0.8219999999999998,0.055865921787709494,821.9,4.18,0.0
3432,0,179,-0.8219999999999998,0.055865921787709494,821.9,4.18,0.0
3433,0,179,-0.8219999999999998,0.055865921787709494,822.0,4.18,0.0
3434,4,727,3.725999999999993,0.05639614855570839,822.4,4.18,0.0
3435,0,213,-0.7879999999999998,0.056338028169014086,822.5,4.18,0.0
3436,3,579,2.5779999999999603,0.055267702936096716,822.8,4.18,0.0
3437,0,179,-0.8219999999999998,0.055865921787709494,822.9,4.18,0.0
3438,0,190,-0.8109999999999998,0.05789473684210526,823.0,4.18,0.0
3439,4,732,3.7309999999999945,0.056010928961748634,823.4,4.18,0.0
3440,2,459,1.4579999999999735,0.05664488017429194,823.7,4.18,0.0
3441,0,179,-0.8219999999999998,0.055865921787709494,823.8,4.18,0.0
3442,0,179,-0.8219999999999998,0.055865921787709494,823.9,4.18,0.0
3443,4,729,3.7279999999999935,0.056241426611796985,824.2,4.18,0.0
3444,0,191,-0.8099999999999998,0.05759162303664921,824.3,4.18,0.0
3445,3,579,2.5779999999999603,0.055267702936096716,824.6,4.18,0.0
3446,0,179,-0.8219999999999998,0.055865921787709494,824.8,4.18,0.0
3447,0,179,-0.8219999999999998,0.055865921787709494,824.9,4.18,0.0
3448,3,579,2.5779999999999603,0.055267702936096716,825.2,4.18,0.0
3449,0,179,-0.8219999999999998,0.055865921787709494,825.3,4.18,0.0
3450,0,179,-0.8219999999999998,0.055865921787709494,825.4,4.18,0.0
3451,3,591,2.589999999999959,0.05583756345177665,825.7,4.18,0.0
3452,1,317,0.3159999999999892,0.056782334384858045,825.9,4.18,0.0
3453,0,179,-0.8219999999999998,0.055865921787709494,826.0,4.18,0.0
3454,4,713,3.711999999999988,0.056100981767180924,826.3,4.18,0.0
3455,1,313,0.3119999999999896,0.054313099041533544,826.5,4.18,0.0
3456,6,1002,6.001000000000083,0.05588822355289421,827.1,4.18,0.0
3457,0,182,-0.8189999999999998,0.06043956043956044,827.2,4.18,0.0
3458,0,179,-0.8219999999999998,0.055865921787709494,827.2,4.18,0.0
3459,0,189,-0.8119999999999998,0.0582010582010582,827.3,4.18,0.0
3460,2,446,1.444999999999975,0.053811659192825115,827.6,4.18,0.0
3461,6,979,5.978000000000075,0.05515832482124617,828.1,4.18,0.0
3462,0,179,-0.8219999999999998,0.05027932960893855,828.2,4.18,0.0
3463,2,453,1.4519999999999742,0.05739514348785872,828.4,4.18,0.0
3464,6,979,5.978000000000075,0.05515832482124617,829.0,4.18,0.0
3465,0,179,-0.8219999999999998,0.055865921787709494,829.0,4.18,0.0
3466,0,179,-0.8219999999999998,0.055865921787709494,829.2,4.18,0.0
3467,1,313,0.3119999999999896,0.054313099041533544,829.3,4.18,0.0
3468,6,1001,6.000000000000083,0.055944055944055944,829.8,4.18,0.0
3469,4,713,3.711999999999988,0.056100981767180924,830.2,4.18,0.0
3470,3,585,2.5839999999999597,0.05641025641025641,830.6,4.18,0.0
3471,2,446,1.444999999999975,0.053811659192825115,830.8,4.18,0.0
3472,3,579,2.5779999999999603,0.055267702936096716,831.1,4.18,0.0
3473,8,1256,8.254999999999956,0.05573248407643312,831.8,4.18,0.0
3474,3,579,2.5779999999999603,0.055267702936096716,832.1,4.18,0.0
3475,1,313,0.3119999999999896,0.054313099041533544,832.3,4.18,0.0
3476,1,313,0.3119999999999896,0.054313099041533544,832.4,4.18,0.0
3477,0,191,-0.8099999999999998,0.05759162303664921,832.5,4.18,0.0
3478,1,337,0.335999999999987,0.05637982195845697,832.7,4.18,0.0
3479,4,713,3.711999999999988,0.056100981767180924,833.1,4.18,0.0
3480,5,853,4.852000000000034,0.05627198124267292,833.5,4.18,0.0
3481,2,455,1.453999999999974,0.05714285714285714,833.8,4.18,0.0
3482,0,179,-0.8219999999999998,0.055865921787709494,833.9,4.18,0.0
3483,1,316,0.3149999999999893,0.056962025316455694,834.0,4.18,0.0
3484,3,579,2.5779999999999603,0.055267702936096716,834.3,4.18,0.0
3485,2,446,1.444999999999975,0.05605381165919283,834.6,4.18,0.0
3486,1,313,0.3119999999999896,0.054313099041533544,834.8,4.18,0.0
3487,6,984,5.983000000000077,0.05589430894308943,835.3,4.18,0.0
3488,0,179,-0.8219999999999998,0.055865921787709494,835.4,4.18,0.0
3489,3,579,2.5779999999999603,0.055267702936096716,835.7,4.18,0.0
3490,2,446,1.444999999999975,0.053811659192825115,835.9,4.18,0.0
3491,0,179,-0.8219999999999998,0.055865921787709494,836.0,4.18,0.0
3492,2,447,1.4459999999999749,0.05592841163310962,836.3,4.18,0.0
3493,8,1246,8.244999999999962,0.056179775280898875,836.9,4.17,0.0
3494,0,183,-0.8179999999999998,0.060109289617486336,837.0,4.18,0.0
3495,0,181,-0.8199999999999998,0.06077348066298342,837.1,4.18,0.0
3496,3,579,2.5779999999999603,0.055267702936096716,837.4,4.18,0.0
3497,1,313,0.3119999999999896,0.05750798722044728,837.6,4.18,0.0
3498,1,314,0.3129999999999895,0.05732484076433121,837.8,4.18,0.0
3499,0,179,-0.8219999999999998,0.055865921787709494,837.9,4.18,0.0
3500,0,179,-0.8219999999999998,0.055865921787709494,838.0,4.18,0.0
3501,0,179,-0.8219999999999998,0.055865921787709494,841.2,4.16,0.0
3502,3,587,2.5859999999999594,0.056218057921635436,841.5,4.16,0.0
3503,0,179,-0.8219999999999998,0.055865921787709494,841.6,4.16,0.0
3504,0,184,-0.8169999999999998,0.059782608695652176,841.7,4.16,0.0
3505,3,579,2.5779999999999603,0.05699481865284974,842.0,4.16,0.0
3506,1,336,0.3349999999999871,0.05654761904761905,842.2,4.16,0.0
3507,1,336,0.3349999999999871,0.05654761904761905,842.4,4.16,0.0
3508,2,454,1.452999999999974,0.05726872246696035,842.6,4.16,0.0
3509,0,195,-0.8059999999999998,0.05641025641025641,842.7,4.17,0.0
3510,7,1113,7.112000000000036,0.055705300988319856,843.3,4.16,0.0
3511,0,189,-0.8119999999999998,0.0582010582010582,843.4,4.16,0.0
3512,3,579,2.5779999999999603,0.055267702936096716,843.7,4.16,0.0
3513,2,446,1.444999999999975,0.05605381165919283,844.0,4.16,0.0
3514,0,179,-0.8219999999999998,0.055865921787709494,844.0,4.16,0.0
3515,0,186,-0.8149999999999998,0.05913978494623656,844.1,4.17,0.0
3516,4,731,3.729999999999994,0.0560875512995896,844.6,4.16,0.0
3517,1,313,0.3119999999999896,0.054313099041533544,844.7,4.16,0.0
3518,4,713,3.711999999999988,0.056100981767180924,845.1,4.16,0.0
3519,2,353,1.3519999999999852,0.056657223796033995,845.3,4.16,0.0
3520,0,179,-0.8219999999999998,0.055865921787709494,845.4,4.16,0.0
3521,3,579,2.5779999999999603,0.05699481865284974,845.7,4.16,0.0
3522,0,179,-0.8219999999999998,0.055865921787709494,845.8,4.17,0.0
3523,3,579,2.5779999999999603,0.055267702936096716,846.1,4.17,0.0
3524,2,446,1.444999999999975,0.05605381165919283,846.3,4.17,0.0
3525,7,1121,7.120000000000031,0.056199821587867974,846.9,4.16,0.0
3526,0,179,-0.8219999999999998,0.055865921787709494,847.0,4.16,0.0
3527,1,315,0.3139999999999894,0.05714285714285714,847.2,4.16,0.0
3528,3,579,2.5779999999999603,0.05699481865284974,847.5,4.16,0.0
3529,3,582,2.58099999999996,0.05670103092783505,847.8,4.16,0.0
3530,0,179,-0.8219999999999998,0.055865921787709494,847.9,4.16,0.0
3531,2,446,1.444999999999975,0.05605381165919283,848.1,4.16,0.0
3532,1,318,0.31699999999998907,0.05660377358490566,848.3,4.16,0.0
3533,0,179,-0.8219999999999998,0.055865921787709494,848.4,4.17,0.0
3534,7,1126,7.125000000000028,0.05595026642984014,849.0,4.16,0.0
3535,2,446,1.444999999999975,0.05605381165919283,849.2,4.16,0.0
3536,4,728,3.726999999999993,0.05631868131868132,849.6,4.16,0.0
3537,0,195,-0.8059999999999998,0.05641025641025641,849.7,4.16,0.0
3538,0,190,-0.8109999999999998,0.05789473684210526,849.8,4.16,0.0
3539,2,461,1.4599999999999733,0.05639913232104121,850.1,4.16,0.0
3540,1,313,0.3119999999999896,0.05750798722044728,850.3,4.16,0.0
3541,3,589,2.587999999999959,0.05602716468590832,850.6,4.16,0.0
3542,0,179,-0.8219999999999998,0.055865921787709494,850.7,4.16,0.0
3543,1,318,0.31699999999998907,0.05660377358490566,850.9,4.17,0.0
3544,4,713,3.711999999999988,0.056100981767180924,851.3,4.16,0.0
3545,0,179,-0.8219999999999998,0.055865921787709494,851.3,4.17,0.0
3546,0,179,-0.8219999999999998,0.055865921787709494,851.4,4.17,0.0
3547,1,335,0.3339999999999872,0.056716417910447764,851.6,4.17,0.0
3548,0,179,-0.8219999999999998,0.055865921787709494,851.7,4.17,0.0
3549,3,585,2.5839999999999597,0.05641025641025641,852.0,4.17,0.0
3550,2,447,1.4459999999999749,0.05592841163310962,852.3,4.17,0.0
3551,0,179,-0.8219999999999998,0.05027932960893855,852.4,4.17,0.0
3552,5,859,4.858000000000036,0.05587892898719441,852.8,4.17,0.0
3553,0,179,-0.8219999999999998,0.055865921787709494,852.9,4.17,0.0
3554,1,313,0.3119999999999896,0.054313099041533544,853.1,4.17,0.0
3555,2,465,1.4639999999999729,0.05591397849462366,853.3,4.17,0.0
3556,2,446,1.444999999999975,0.053811659192825115,853.6,4.17,0.0
3557,3,579,2.5779999999999603,0.055267702936096716,853.9,4.17,0.0
3558,4,713,3.711999999999988,0.056100981767180924,854.3,4.17,0.0
3559,4,735,3.7339999999999955,0.055782312925170066,854.7,4.17,0.0
3560,3,579,2.5779999999999603,0.055267702936096716,855.0,4.17,0.0
3561,1,322,0.32099999999998863,0.055900621118012424,855.2,4.17,0.0
3562,2,446,1.444999999999975,0.05605381165919283,855.4,4.17,0.0
3563,0,179,-0.8219999999999998,0.05027932960893855,855.5,4.17,0.0
3564,5,846,4.845000000000032,0.05555555555555555,856.0,4.16,0.0
3565,7,1113,7.112000000000036,0.055705300988319856,856.6,4.16,0.0
3566,1,313,0.3119999999999896,0.054313099041533544,856.7,4.16,0.0
3567,2,446,1.444999999999975,0.05605381165919283,857.0,4.16,0.0
3568,1,313,0.3119999999999896,0.054313099041533544,857.2,4.16,0.0
3569,2,458,1.4569999999999736,0.056768558951965066,857.4,4.16,0.0
3570,4,713,3.711999999999988,0.056100981767180924,857.8,4.16,0.0
3571,5,850,4.849000000000033,0.05647058823529412,858.2,4.16,0.0
3572,3,591,2.589999999999959,0.05583756345177665,858.6,4.16,0.0
3573,0,179,-0.8219999999999998,0.055865921787709494,858.7,4.16,0.0
3574,3,579,2.5779999999999603,0.055267702936096716,859.0,4.16,0.0
3575,1,319,0.31799999999998896,0.05642633228840126,859.1,4.16,0.0
3576,3,579,2.5779999999999603,0.055267702936096716,859.5,4.16,0.0
3577,2,446,1.444999999999975,0.05605381165919283,859.7,4.16,0.0
3578,2,446,1.444999999999975,0.05605381165919283,859.9,4.16,0.0
3579,0,179,-0.8219999999999998,0.055865921787709494,860.0,4.16,0.0
3580,0,179,-0.8219999999999998,0.055865921787709494,860.1,4.16,0.0
3581,1,313,0.3119999999999896,0.054313099041533544,860.3,4.16,0.0
3582,1,313,0.3119999999999896,0.054313099041533544,860.5,4.16,0.0
3583,0,179,-0.8219999999999998,0.05027932960893855,860.6,4.16,0.0
3584,3,579,2.5779999999999603,0.055267702936096716,860.9,4.16,0.0
3585,0,179,-0.8219999999999998,0.055865921787709494,861.0,4.17,0.0
3586,1,313,0.3119999999999896,0.054313099041533544,861.1,4.17,0.0
3587,3,579,2.5779999999999603,0.055267702936096716,861.5,4.17,0.0
3588,1,313,0.3119999999999896,0.05750798722044728,861.6,4.17,0.0
3589,1,320,0.31899999999998885,0.05625,861.8,4.17,0.0
3590,3,579,2.5779999999999603,0.055267702936096716,862.1,4.17,0.0
3591,3,579,2.5779999999999603,0.055267702936096716,862.4,4.16,0.0
3592,0,192,-0.8089999999999998,0.057291666666666664,862.5,4.17,0.0
3593,1,313,0.3119999999999896,0.05750798722044728,862.7,4.17,0.0
3594,4,713,3.711999999999988,0.0546984572230014,863.1,4.17,0.0
3595,0,179,-0.8219999999999998,0.055865921787709494,863.2,4.17,0.0
3596,0,187,-0.8139999999999998,0.058823529411764705,863.3,4.17,0.0
3597,1,317,0.3159999999999892,0.056782334384858045,863.4,4.17,0.0
3598,4,728,3.726999999999993,0.05631868131868132,863.9,4.17,0.0
3599,0,183,-0.8179999999999998,0.060109289617486336,864.0,4.17,0.0
3600,0,197,-0.8039999999999998,0.05583756345177665,864.1,4.17,0.0
3601,1,313,0.3119999999999896,0.05750798722044728,864.2,4.17,0.0
3602,4,729,3.7279999999999935,0.056241426611796985,864.6,4.17,0.0
3603,3,605,2.6039999999999575,0.05619834710743802,865.0,4.17,0.0
3604,1,313,0.3119999999999896,0.05750798722044728,865.1,4.17,0.0
3605,4,713,3.711999999999988,0.0546984572230014,865.5,4.17,0.0
3606,0,179,-0.8219999999999998,0.055865921787709494,865.6,4.17,0.0
3607,0,179,-0.8219999999999998,0.055865921787709494,865.7,4.17,0.0
3608,0,179,-0.8219999999999998,0.055865921787709494,865.8,4.17,0.0
3609,1,314,0.3129999999999895,0.05732484076433121,866.0,4.17,0.0
3610,0,185,-0.8159999999999998,0.05945945945945946,866.1,4.17,0.0
3611,1,313,0.3119999999999896,0.054313099041533544,866.3,4.17,0.0
3612,5,846,4.845000000000032,0.05555555555555555,866.7,4.17,0.0
3613,0,195,-0.8059999999999998,0.05641025641025641,866.8,4.17,0.0
3614,0,179,-0.8219999999999998,0.055865921787709494,866.9,4.17,0.0
3615,0,189,-0.8119999999999998,0.0582010582010582,867.0,4.17,0.0
3616,4,713,3.711999999999988,0.056100981767180924,867.4,4.17,0.0
3617,2,446,1.444999999999975,0.05605381165919283,867.6,4.17,0.0
3618,3,589,2.587999999999959,0.05602716468590832,867.9,4.17,0.0
3619,2,456,1.4549999999999739,0.05701754385964912,868.2,4.17,0.0
3620,3,585,2.5839999999999597,0.05641025641025641,868.5,4.17,0.0
3621,4,736,3.734999999999996,0.05570652173913043,868.9,4.17,0.0
3622,3,585,2.5839999999999597,0.05641025641025641,869.2,4.17,0.0
3623,5,846,4.845000000000032,0.05555555555555555,869.7,4.17,0.0
3624,0,182,-0.8189999999999998,0.06043956043956044,869.8,4.17,0.0
3625,0,179,-0.8219999999999998,0.055865921787709494,869.9,4.17,0.0
3626,1,313,0.3119999999999896,0.054313099041533544,870.0,4.17,0.0
3627,0,186,-0.8149999999999998,0.05913978494623656,870.1,4.17,0.0
3628,1,332,0.3309999999999875,0.0572289156626506,870.3,4.17,0.0
3629,3,579,2.5779999999999603,0.055267702936096716,870.6,4.17,0.0
3630,0,179,-0.8219999999999998,0.055865921787709494,870.7,4.17,0.0
3631,0,179,-0.8219999999999998,0.055865921787709494,870.8,4.17,0.0
3632,0,179,-0.8219999999999998,0.055865921787709494,870.9,4.17,0.0
3633,0,179,-0.8219999999999998,0.055865921787709494,871.0,4.17,0.0
3634,1,313,0.3119999999999896,0.05750798722044728,871.2,4.17,0.0
3635,0,179,-0.8219999999999998,0.055865921787709494,871.3,4.17,0.0
3636,0,179,-0.8219999999999998,0.055865921787709494,871.4,4.17,0.0
3637,2,446,1.444999999999975,0.05605381165919283,871.6,4.17,0.0
3638,0,179,-0.8219999999999998,0.055865921787709494,871.7,4.17,0.0
3639,0,179,-0.8219999999999998,0.055865921787709494,871.8,4.18,0.0
3640,2,446,1.444999999999975,0.053811659192825115,872.0,4.18,0.0
3641,3,579,2.5779999999999603,0.05699481865284974,872.3,4.17,0.0
3642,4,713,3.711999999999988,0.0546984572230014,872.7,4.17,0.0
3643,1,321,0.31999999999998874,0.056074766355140186,872.9,4.17,0.0
3644,2,446,1.444999999999975,0.05605381165919283,873.1,4.17,0.0
3645,2,446,1.444999999999975,0.053811659192825115,873.4,4.17,0.0
3646,2,459,1.4579999999999735,0.05664488017429194,873.6,4.17,0.0
3647,5,846,4.845000000000032,0.05555555555555555,874.1,4.17,0.0
3648,4,727,3.725999999999993,0.05639614855570839,874.5,4.17,0.0
3649,1,336,0.3349999999999871,0.05654761904761905,874.7,4.17,0.0
3650,2,446,1.444999999999975,0.05605381165919283,874.9,4.17,0.0
3651,1,313,0.3119999999999896,0.054313099041533544,875.1,4.17,0.0
3652,0,179,-0.8219999999999998,0.055865921787709494,875.2,4.17,0.0
3653,9,1379,9.377999999999888,0.05583756345177665,875.9,4.17,0.0
3654,2,446,1.444999999999975,0.05605381165919283,876.1,4.17,0.0
3655,3,581,2.57999999999996,0.05679862306368331,876.4,4.17,0.0
3656,2,446,1.444999999999975,0.05605381165919283,876.7,4.17,0.0
3657,5,846,4.845000000000032,0.05555555555555555,877.1,4.17,0.0
3658,0,179,-0.8219999999999998,0.05027932960893855,877.2,4.17,0.0
3659,1,336,0.3349999999999871,0.05654761904761905,877.4,4.17,0.0
3660,0,183,-0.8179999999999998,0.060109289617486336,877.5,4.17,0.0
3661,1,313,0.3119999999999896,0.05750798722044728,877.7,4.17,0.0
3662,0,188,-0.8129999999999998,0.05851063829787234,877.8,4.17,0.0
3663,1,313,0.3119999999999896,0.05750798722044728,878.0,4.17,0.0
3664,4,729,3.7279999999999935,0.056241426611796985,878.4,4.17,0.0
3665,1,315,0.3139999999999894,0.05714285714285714,878.5,4.17,0.0
3666,4,718,3.71699999999999,0.055710306406685235,878.9,4.17,0.0
3667,0,179,-0.8219999999999998,0.055865921787709494,879.0,4.17,0.0
3668,2,446,1.444999999999975,0.05605381165919283,879.2,4.17,0.0
3669,1,313,0.3119999999999896,0.05750798722044728,879.4,4.17,0.0
3670,0,185,-0.8159999999999998,0.05945945945945946,879.5,4.17,0.0
3671,1,339,0.33799999999998676,0.05604719764011799,879.7,4.17,0.0
3672,2,446,1.444999999999975,0.05605381165919283,879.9,4.17,0.0
3673,2,463,1.461999999999973,0.056155507559395246,880.2,4.17,0.0
3674,0,187,-0.8139999999999998,0.058823529411764705,880.3,4.17,0.0
3675,3,579,2.5779999999999603,0.055267702936096716,880.6,4.17,0.0
3676,0,179,-0.8219999999999998,0.055865921787709494,880.7,4.18,0.0
3677,2,446,1.444999999999975,0.053811659192825115,881.0,4.18,0.0
3678,5,846,4.845000000000032,0.05555555555555555,881.4,4.17,0.0
3679,1,335,0.3339999999999872,0.056716417910447764,881.6,4.17,0.0
3680,0,179,-0.8219999999999998,0.055865921787709494,881.7,4.17,0.0
3681,2,457,1.4559999999999738,0.05689277899343545,881.9,4.17,0.0
3682,0,188,-0.8129999999999998,0.05851063829787234,882.0,4.18,0.0
3683,3,579,2.5779999999999603,0.055267702936096716,882.3,4.18,0.0
3684,4,713,3.711999999999988,0.0546984572230014,882.7,4.17,0.0
3685,0,179,-0.8219999999999998,0.055865921787709494,882.8,4.18,0.0
3686,0,183,-0.8179999999999998,0.060109289617486336,882.9,4.18,0.0
3687,4,727,3.725999999999993,0.05639614855570839,883.3,4.18,0.0
3688,3,591,2.589999999999959,0.05583756345177665,883.6,4.17,0.0
3689,1,313,0.3119999999999896,0.054313099041533544,883.8,4.18,0.0
3690,0,179,-0.8219999999999998,0.055865921787709494,883.9,4.18,0.0
3691,5,854,4.853000000000034,0.05620608899297424,884.3,4.18,0.0
3692,1,313,0.3119999999999896,0.054313099041533544,884.5,4.18,0.0
3693,3,589,2.587999999999959,0.05602716468590832,884.8,4.18,0.0
3694,4,713,3.711999999999988,0.056100981767180924,885.2,4.17,0.0
3695,4,733,3.731999999999995,0.05593451568894952,885.5,4.17,0.0
3696,3,583,2.58199999999996,0.05660377358490566,885.9,4.17,0.0
3697,1,313,0.3119999999999896,0.054313099041533544,886.0,4.17,0.0
3698,5,853,4.852000000000034,0.05627198124267292,886.5,4.17,0.0
3699,2,454,1.452999999999974,0.05726872246696035,886.7,4.17,0.0
3700,0,189,-0.8119999999999998,0.0582010582010582,886.8,4.17,0.0
3701,6,979,5.978000000000075,0.05515832482124617,887.3,4.17,0.0
3702,2,453,1.4519999999999742,0.05739514348785872,887.6,4.17,0.0
3703,0,192,-0.8089999999999998,0.057291666666666664,887.7,4.17,0.0
3704,2,446,1.444999999999975,0.05605381165919283,887.9,4.17,0.0
3705,5,856,4.855000000000035,0.056074766355140186,888.4,4.17,0.0
3706,7,1113,7.112000000000036,0.055705300988319856,889.0,4.17,0.0
3707,0,179,-0.8219999999999998,0.055865921787709494,889.1,4.17,0.0
3708,1,336,0.3349999999999871,0.05654761904761905,889.3,4.17,0.0
3709,2,446,1.444999999999975,0.05605381165919283,889.5,4.17,0.0
3710,1,349,0.34799999999998565,0.05730659025787966,889.7,4.17,0.0
3711,2,457,1.4559999999999738,0.05689277899343545,889.9,4.17,0.0
3712,2,446,1.444999999999975,0.05605381165919283,890.2,4.17,0.0
3713,0,189,-0.8119999999999998,0.0582010582010582,890.3,4.17,0.0
3714,5,846,4.845000000000032,0.05555555555555555,890.7,4.17,0.0
3715,1,314,0.3129999999999895,0.05732484076433121,890.9,4.17,0.0
3716,1,313,0.3119999999999896,0.05750798722044728,891.1,4.17,0.0
3717,7,1119,7.118000000000032,0.05630026809651475,891.6,4.17,0.0
3718,3,591,2.589999999999959,0.05583756345177665,892.0,4.17,0.0
3719,0,185,-0.8159999999999998,0.05945945945945946,892.1,4.17,0.0
3720,4,713,3.711999999999988,0.0546984572230014,892.4,4.17,0.0
3721,0,179,-0.8219999999999998,0.055865921787709494,892.5,4.17,0.0
3722,2,456,1.4549999999999739,0.05701754385964912,892.8,4.17,0.0
3723,0,179,-0.8219999999999998,0.055865921787709494,892.8,4.17,0.0
3724,0,191,-0.8099999999999998,0.05759162303664921,893.0,4.17,0.0
3725,0,195,-0.8059999999999998,0.05641025641025641,893.1,4.17,0.0
3726,4,727,3.725999999999993,0.05639614855570839,893.5,4.17,0.0
3727,0,179,-0.8219999999999998,0.055865921787709494,893.6,4.17,0.0
3728,1,317,0.3159999999999892,0.056782334384858045,893.7,4.17,0.0
3729,2,453,1.4519999999999742,0.05739514348785872,894.0,4.17,0.0
3730,0,184,-0.8169999999999998,0.059782608695652176,894.1,4.17,0.0
3731,2,463,1.461999999999973,0.056155507559395246,894.3,4.17,0.0
3732,1,313,0.3119999999999896,0.054313099041533544,894.5,4.17,0.0
3733,5,846,4.845000000000032,0.05555555555555555,894.9,4.17,0.0
3734,1,313,0.3119999999999896,0.054313099041533544,895.1,4.17,0.0
3735,1,313,0.3119999999999896,0.054313099041533544,895.3,4.17,0.0
3736,1,335,0.3339999999999872,0.056716417910447764,895.4,4.17,0.0
3737,1,313,0.3119999999999896,0.05750798722044728,895.6,4.17,0.0
3738,3,579,2.5779999999999603,0.055267702936096716,895.9,4.17,0.0
3739,0,188,-0.8129999999999998,0.05851063829787234,896.0,4.17,0.0
3740,1,314,0.3129999999999895,0.05732484076433121,896.2,4.17,0.0
3741,4,750,4.7490000000000006,0.056,896.6,4.17,0.0
3742,1,313,0.3119999999999896,0.05750798722044728,896.7,4.17,0.0
3743,3,604,2.6029999999999576,0.056291390728476824,897.1,4.17,0.0
3744,0,186,-0.8149999999999998,0.05913978494623656,897.2,4.17,0.0
3745,0,179,-0.8219999999999998,0.055865921787709494,897.3,4.17,0.0
3746,0,184,-0.8169999999999998,0.059782608695652176,897.4,4.18,0.0
3747,3,579,2.5779999999999603,0.055267702936096716,897.7,4.18,0.0
3748,2,452,1.4509999999999743,0.05752212389380531,897.9,4.18,0.0
3749,3,579,2.5779999999999603,0.055267702936096716,898.2,4.17,0.0
3750,2,446,1.444999999999975,0.05605381165919283,898.5,4.17,0.0
3751,6,979,5.978000000000075,0.05515832482124617,899.0,4.17,0.0
3752,1,337,0.335999999999987,0.05637982195845697,899.2,4.17,0.0
3753,1,340,0.33899999999998665,0.05588235294117647,899.3,4.17,0.0
3754,5,846,4.845000000000032,0.05555555555555555,899.8,4.17,0.0
3755,2,446,1.444999999999975,0.05605381165919283,900.0,4.17,0.0
3756,1,313,0.3119999999999896,0.05750798722044728,900.2,4.17,0.0
3757,7,1121,7.120000000000031,0.056199821587867974,900.8,4.17,0.0
3758,1,319,0.31799999999998896,0.05642633228840126,901.0,4.17,0.0
3759,2,459,1.4579999999999735,0.05664488017429194,901.2,4.17,0.0
3760,4,713,3.711999999999988,0.056100981767180924,901.6,4.17,0.0
3761,0,179,-0.8219999999999998,0.055865921787709494,901.7,4.17,0.0
3762,6,979,5.978000000000075,0.05515832482124617,902.2,4.17,0.0
3763,0,179,-0.8219999999999998,0.055865921787709494,902.3,4.17,0.0
3764,0,179,-0.8219999999999998,0.055865921787709494,902.4,4.17,0.0
3765,0,189,-0.8119999999999998,0.0582010582010582,902.5,4.17,0.0
3766,1,313,0.3119999999999896,0.054313099041533544,902.7,4.17,0.0
3767,1,313,0.3119999999999896,0.05750798722044728,902.8,4.17,0.0
3768,1,313,0.3119999999999896,0.054313099041533544,903.0,4.17,0.0
3769,3,585,2.5839999999999597,0.05641025641025641,903.3,4.17,0.0
3770,0,191,-0.8099999999999998,0.05759162303664921,903.4,4.17,0.0
3771,1,332,0.3309999999999875,0.0572289156626506,903.6,4.17,0.0
3772,4,713,3.711999999999988,0.056100981767180924,904.0,4.17,0.0
3773,0,196,-0.8049999999999998,0.05612244897959184,904.1,4.17,0.0
3774,0,183,-0.8179999999999998,0.060109289617486336,904.2,4.18,0.0
3775,0,185,-0.8159999999999998,0.05945945945945946,904.3,4.18,0.0
3776,0,208,-0.7929999999999998,0.057692307692307696,904.4,4.18,0.0
3777,0,179,-0.8219999999999998,0.055865921787709494,904.5,4.18,0.0
3778,1,313,0.3119999999999896,0.05750798722044728,904.6,4.18,0.0
3779,3,579,2.5779999999999603,0.055267702936096716,905.0,4.18,0.0
3780,0,193,-0.8079999999999998,0.05699481865284974,905.1,4.18,0.0
3781,1,313,0.3119999999999896,0.054313099041533544,905.2,4.18,0.0
3782,4,733,3.731999999999995,0.05593451568894952,905.6,4.18,0.0
3783,1,313,0.3119999999999896,0.05750798722044728,905.8,4.18,0.0
3784,3,579,2.5779999999999603,0.055267702936096716,906.1,4.18,0.0
3785,0,187,-0.8139999999999998,0.058823529411764705,906.2,4.18,0.0
3786,3,590,2.588999999999959,0.05593220338983051,906.5,4.18,0.0
3787,0,179,-0.8219999999999998,0.055865921787709494,906.6,4.18,0.0
3788,4,713,3.711999999999988,0.056100981767180924,907.0,4.18,0.0
3789,1,313,0.3119999999999896,0.054313099041533544,907.2,4.18,0.0
3790,1,313,0.3119999999999896,0.05750798722044728,907.3,4.18,0.0
3791,2,459,1.4579999999999735,0.05664488017429194,907.6,4.18,0.0
3792,6,979,5.978000000000075,0.05515832482124617,908.1,4.18,0.0
3793,3,587,2.5859999999999594,0.056218057921635436,908.4,4.18,0.0
3794,2,456,1.4549999999999739,0.05701754385964912,908.6,4.18,0.0
3795,0,212,-0.7889999999999998,0.05660377358490566,908.7,4.18,0.0
3796,3,579,2.5779999999999603,0.055267702936096716,909.0,4.18,0.0
3797,1,313,0.3119999999999896,0.05750798722044728,909.2,4.18,0.0
3798,3,579,2.5779999999999603,0.055267702936096716,909.5,4.18,0.0
3799,0,186,-0.8149999999999998,0.05913978494623656,909.6,4.18,0.0
3800,0,179,-0.8219999999999998,0.055865921787709494,909.7,4.18,0.0
3801,3,586,2.5849999999999596,0.05631399317406143,910.0,4.18,0.0
3802,0,189,-0.8119999999999998,0.0582010582010582,910.1,4.18,0.0
3803,3,579,2.5779999999999603,0.055267702936096716,910.4,4.18,0.0
3804,1,313,0.3119999999999896,0.054313099041533544,910.6,4.18,0.0
3805,0,179,-0.8219999999999998,0.055865921787709494,910.7,4.18,0.0
3806,6,980,5.979000000000076,0.05612244897959184,911.2,4.18,0.0
3807,2,446,1.444999999999975,0.053811659192825115,911.5,4.18,0.0
3808,2,446,1.444999999999975,0.05605381165919283,911.7,4.18,0.0
3809,3,579,2.5779999999999603,0.055267702936096716,912.0,4.18,0.0
3810,3,579,2.5779999999999603,0.055267702936096716,912.3,4.18,0.0
3811,0,179,-0.8219999999999998,0.055865921787709494,912.4,4.18,0.0
3812,3,579,2.5779999999999603,0.055267702936096716,912.7,4.18,0.0
3813,1,313,0.3119999999999896,0.054313099041533544,912.9,4.18,0.0
3814,0,179,-0.8219999999999998,0.055865921787709494,913.0,4.18,0.0
3815,3,579,2.5779999999999603,0.055267702936096716,913.3,4.18,0.0
3816,1,313,0.3119999999999896,0.05750798722044728,913.5,4.18,0.0
3817,0,179,-0.8219999999999998,0.055865921787709494,913.6,4.18,0.0
3818,4,729,3.7279999999999935,0.056241426611796985,913.9,4.18,0.0
3819,2,446,1.444999999999975,0.05605381165919283,914.2,4.18,0.0
3820,0,179,-0.8219999999999998,0.055865921787709494,914.3,4.18,0.0
3821,0,179,-0.8219999999999998,0.055865921787709494,914.4,4.18,0.0
3822,1,313,0.3119999999999896,0.054313099041533544,914.5,4.18,0.0
3823,4,713,3.711999999999988,0.056100981767180924,914.9,4.18,0.0
3824,0,186,-0.8149999999999998,0.05913978494623656,915.0,4.18,0.0
3825,0,179,-0.8219999999999998,0.055865921787709494,915.1,4.18,0.0
3826,3,579,2.5779999999999603,0.055267702936096716,915.4,4.18,0.0
3827,1,313,0.3119999999999896,0.054313099041533544,915.6,4.18,0.0
3828,2,446,1.444999999999975,0.05605381165919283,915.8,4.18,0.0
3829,1,313,0.3119999999999896,0.05750798722044728,916.0,4.18,0.0
3830,5,846,4.845000000000032,0.05555555555555555,916.4,4.18,0.0
3831,8,1246,8.244999999999962,0.05537720706260032,917.1,4.18,0.0
3832,0,179,-0.8219999999999998,0.055865921787709494,917.2,4.18,0.0
3833,1,321,0.31999999999998874,0.056074766355140186,917.4,4.18,0.0
3834,2,446,1.444999999999975,0.05605381165919283,917.6,4.18,0.0
3835,0,179,-0.8219999999999998,0.061452513966480445,917.7,4.18,0.0
3836,1,315,0.3139999999999894,0.05714285714285714,917.9,4.18,0.0
3837,4,713,3.711999999999988,0.0546984572230014,918.3,4.18,0.0
3838,2,466,1.4649999999999728,0.055793991416309016,918.5,4.18,0.0
3839,1,313,0.3119999999999896,0.054313099041533544,918.7,4.18,0.0
3840,3,579,2.5779999999999603,0.055267702936096716,919.0,4.18,0.0
3841,1,316,0.3149999999999893,0.056962025316455694,919.2,4.18,0.0
3842,0,179,-0.8219999999999998,0.055865921787709494,919.3,4.18,0.0
3843,0,179,-0.8219999999999998,0.055865921787709494,919.4,4.18,0.0
3844,2,459,1.4579999999999735,0.05664488017429194,919.6,4.18,0.0
3845,1,313,0.3119999999999896,0.054313099041533544,919.8,4.18,0.0
3846,2,458,1.4569999999999736,0.056768558951965066,920.0,4.18,0.0
3847,0,179,-0.8219999999999998,0.055865921787709494,920.1,4.18,0.0
3848,0,179,-0.8219999999999998,0.055865921787709494,920.2,4.18,0.0
3849,1,313,0.3119999999999896,0.054313099041533544,920.4,4.18,0.0
3850,7,1113,7.112000000000036,0.055705300988319856,921.0,4.18,0.0
3851,1,313,0.3119999999999896,0.054313099041533544,921.1,4.18,0.0
3852,1,318,0.31699999999998907,0.05660377358490566,921.3,4.18,0.0
3853,0,187,-0.8139999999999998,0.058823529411764705,921.4,4.18,0.0
3854,5,846,4.845000000000032,0.05555555555555555,921.9,4.18,0.0
3855,3,579,2.5779999999999603,0.055267702936096716,922.2,4.18,0.0
3856,2,446,1.444999999999975,0.05605381165919283,922.4,4.18,0.0
3857,3,579,2.5779999999999603,0.055267702936096716,922.7,4.18,0.0
3858,0,179,-0.8219999999999998,0.055865921787709494,922.8,4.18,0.0
3859,1,313,0.3119999999999896,0.05750798722044728,923.0,4.18,0.0
3860,4,713,3.711999999999988,0.056100981767180924,923.4,4.18,0.0
3861,2,446,1.444999999999975,0.05605381165919283,923.6,4.18,0.0
3862,0,179,-0.8219999999999998,0.05027932960893855,923.7,4.18,0.0
3863,3,580,2.57899999999996,0.056896551724137934,924.0,4.18,0.0
3864,3,579,2.5779999999999603,0.055267702936096716,924.3,4.18,0.0
3865,0,179,-0.8219999999999998,0.055865921787709494,924.4,4.18,0.0
3866,5,846,4.845000000000032,0.05555555555555555,924.9,4.18,0.0
3867,0,179,-0.8219999999999998,0.055865921787709494,924.9,4.18,0.0
3868,0,189,-0.8119999999999998,0.0582010582010582,925.0,4.18,0.0
3869,1,314,0.3129999999999895,0.05732484076433121,925.2,4.18,0.0
3870,1,313,0.3119999999999896,0.054313099041533544,925.4,4.18,0.0
3871,6,1005,6.004000000000084,0.05572139303482587,925.9,4.18,0.0
3872,1,313,0.3119999999999896,0.05750798722044728,926.1,4.18,0.0
3873,1,319,0.31799999999998896,0.05642633228840126,926.2,4.18,0.0
3874,4,729,3.7279999999999935,0.056241426611796985,926.6,4.18,0.0
3875,1,313,0.3119999999999896,0.05750798722044728,926.8,4.18,0.0
3876,7,1113,7.112000000000036,0.055705300988319856,927.4,4.18,0.0
3877,0,179,-0.8219999999999998,0.055865921787709494,927.5,4.18,0.0
3878,3,579,2.5779999999999603,0.055267702936096716,927.8,4.18,0.0
3879,2,463,1.461999999999973,0.056155507559395246,928.0,4.18,0.0
3880,2,446,1.444999999999975,0.05605381165919283,928.3,4.18,0.0
3881,0,179,-0.8219999999999998,0.055865921787709494,928.4,4.18,0.0
3882,3,588,2.5869999999999593,0.05612244897959184,928.7,4.18,0.0
3883,5,852,4.851000000000034,0.056338028169014086,929.1,4.18,0.0
3884,2,446,1.444999999999975,0.05605381165919283,929.4,4.18,0.0
3885,0,179,-0.8219999999999998,0.055865921787709494,929.5,4.18,0.0
3886,0,192,-0.8089999999999998,0.057291666666666664,929.6,4.18,0.0
3887,1,317,0.3159999999999892,0.056782334384858045,929.8,4.18,0.0
3888,0,179,-0.8219999999999998,0.055865921787709494,929.8,4.18,0.0
3889,1,322,0.32099999999998863,0.055900621118012424,930.0,4.18,0.0
3890,2,446,1.444999999999975,0.053811659192825115,930.3,4.18,0.0
3891,2,465,1.4639999999999729,0.05591397849462366,930.5,4.18,0.0
3892,0,179,-0.8219999999999998,0.055865921787709494,930.6,4.18,0.0
3893,0,187,-0.8139999999999998,0.058823529411764705,930.7,4.18,0.0
3894,5,846,4.845000000000032,0.05555555555555555,931.2,4.18,0.0
3895,3,579,2.5779999999999603,0.055267702936096716,931.5,4.18,0.0
3896,0,179,-0.8219999999999998,0.05027932960893855,931.6,4.18,0.0
3897,2,446,1.444999999999975,0.05605381165919283,931.8,4.18,0.0
3898,1,313,0.3119999999999896,0.054313099041533544,932.0,4.18,0.0
3899,1,313,0.3119999999999896,0.054313099041533544,932.2,4.18,0.0
3900,3,579,2.5779999999999603,0.055267702936096716,932.5,4.18,0.0
3901,1,315,0.3139999999999894,0.05714285714285714,932.6,4.18,0.0
3902,3,579,2.5779999999999603,0.05699481865284974,933.0,4.18,0.0
3903,0,179,-0.8219999999999998,0.055865921787709494,933.0,4.18,0.0
3904,5,855,4.854000000000035,0.056140350877192984,933.5,4.18,0.0
3905,4,713,3.711999999999988,0.056100981767180924,933.9,4.18,0.0
3906,1,313,0.3119999999999896,0.054313099041533544,934.1,4.18,0.0
3907,0,179,-0.8219999999999998,0.055865921787709494,934.1,4.18,0.0
3908,1,313,0.3119999999999896,0.054313099041533544,934.3,4.18,0.0
3909,6,979,5.978000000000075,0.05515832482124617,934.8,4.18,0.0
3910,1,336,0.3349999999999871,0.05654761904761905,935.0,4.18,0.0
3911,1,313,0.3119999999999896,0.05750798722044728,935.2,4.18,0.0
3912,2,446,1.444999999999975,0.05605381165919283,935.4,4.18,0.0
3913,0,187,-0.8139999999999998,0.058823529411764705,935.5,4.18,0.0
3914,0,179,-0.8219999999999998,0.055865921787709494,935.6,4.18,0.0
3915,0,193,-0.8079999999999998,0.05699481865284974,935.7,4.19,0.0
3916,1,313,0.3119999999999896,0.054313099041533544,935.9,4.19,0.0
3917,5,857,4.856000000000035,0.056009334889148193,936.3,4.18,0.0
3918,5,846,4.845000000000032,0.05555555555555555,936.8,4.18,0.0
3919,3,581,2.57999999999996,0.05679862306368331,937.1,4.18,0.0
3920,2,446,1.444999999999975,0.05605381165919283,937.3,4.18,0.0
3921,7,1129,7.128000000000027,0.05580159433126661,937.9,4.18,0.0
3922,2,461,1.4599999999999733,0.05639913232104121,938.2,4.18,0.0
3923,3,579,2.5779999999999603,0.055267702936096716,938.5,4.18,0.0
3924,2,446,1.444999999999975,0.05605381165919283,938.7,4.18,0.0
3925,0,179,-0.8219999999999998,0.055865921787709494,938.8,4.18,0.0
3926,4,735,3.7339999999999955,0.055782312925170066,939.2,4.18,0.0
3927,0,179,-0.8219999999999998,0.055865921787709494,939.3,4.18,0.0
3928,4,716,3.714999999999989,0.055865921787709494,939.7,4.18,0.0
3929,1,321,0.31999999999998874,0.056074766355140186,939.8,4.18,0.0
3930,0,179,-0.8219999999999998,0.055865921787709494,939.9,4.18,0.0
3931,1,313,0.3119999999999896,0.05750798722044728,940.1,4.18,0.0
3932,0,187,-0.8139999999999998,0.058823529411764705,940.2,4.18,0.0
3933,0,179,-0.8219999999999998,0.055865921787709494,940.3,4.18,0.0
3934,4,713,3.711999999999988,0.0546984572230014,940.7,4.18,0.0
3935,0,179,-0.8219999999999998,0.055865921787709494,940.8,4.18,0.0
3936,2,446,1.444999999999975,0.05605381165919283,941.0,4.18,0.0
3937,1,313,0.3119999999999896,0.054313099041533544,941.2,4.18,0.0
3938,1,313,0.3119999999999896,0.054313099041533544,941.3,4.18,0.0
3939,0,179,-0.8219999999999998,0.055865921787709494,941.4,4.19,0.0
3940,0,179,-0.8219999999999998,0.055865921787709494,941.5,4.19,0.0
3941,5,846,4.845000000000032,0.05555555555555555,942.0,4.18,0.0
3942,0,190,-0.8109999999999998,0.05789473684210526,942.1,4.19,0.0
3943,0,189,-0.8119999999999998,0.0582010582010582,942.2,4.19,0.0
3944,0,179,-0.8219999999999998,0.055865921787709494,942.3,4.19,0.0
3945,0,186,-0.8149999999999998,0.05913978494623656,942.4,4.19,0.0
3946,0,179,-0.8219999999999998,0.055865921787709494,942.5,4.19,0.0
3947,2,446,1.444999999999975,0.05605381165919283,942.8,4.19,0.0
3948,4,715,3.713999999999989,0.055944055944055944,943.1,4.19,0.0
3949,1,316,0.3149999999999893,0.056962025316455694,943.3,4.19,0.0
3950,0,179,-0.8219999999999998,0.055865921787709494,943.4,4.19,0.0
3951,5,855,4.854000000000035,0.056140350877192984,943.9,4.19,0.0
3952,4,713,3.711999999999988,0.056100981767180924,944.2,4.19,0.0
3953,3,579,2.5779999999999603,0.055267702936096716,944.5,4.19,0.0
3954,9,1379,9.377999999999888,0.05583756345177665,945.3,4.18,0.0
3955,3,579,2.5779999999999603,0.055267702936096716,945.6,4.18,0.0
3956,3,585,2.5839999999999597,0.05641025641025641,945.9,4.18,0.0
3957,2,458,1.4569999999999736,0.056768558951965066,946.1,4.18,0.0
3958,0,179,-0.8219999999999998,0.055865921787709494,946.2,4.18,0.0
3959,2,446,1.444999999999975,0.05605381165919283,946.5,4.18,0.0
3960,0,179,-0.8219999999999998,0.055865921787709494,946.6,4.18,0.0
3961,3,588,2.5869999999999593,0.05612244897959184,946.9,4.18,0.0
3962,1,335,0.3339999999999872,0.056716417910447764,947.1,4.18,0.0
3963,3,579,2.5779999999999603,0.055267702936096716,947.4,4.18,0.0
3964,3,579,2.5779999999999603,0.055267702936096716,947.7,4.18,0.0
3965,0,194,-0.8069999999999998,0.05670103092783505,947.8,4.18,0.0
3966,2,446,1.444999999999975,0.053811659192825115,948.0,4.18,0.0
3967,0,187,-0.8139999999999998,0.058823529411764705,948.2,4.18,0.0
3968,0,179,-0.8219999999999998,0.055865921787709494,948.2,4.19,0.0
3969,3,579,2.5779999999999603,0.055267702936096716,948.5,4.19,0.0
3970,0,195,-0.8059999999999998,0.05641025641025641,948.7,4.19,0.0
3971,0,179,-0.8219999999999998,0.055865921787709494,948.7,4.19,0.0
3972,2,446,1.444999999999975,0.05605381165919283,949.0,4.19,0.0
3973,0,190,-0.8109999999999998,0.05789473684210526,949.1,4.19,0.0
3974,0,182,-0.8189999999999998,0.06043956043956044,949.2,4.19,0.0
3975,3,591,2.589999999999959,0.05583756345177665,949.5,4.19,0.0
3976,0,179,-0.8219999999999998,0.055865921787709494,949.6,4.19,0.0
3977,3,579,2.5779999999999603,0.055267702936096716,949.9,4.19,0.0
3978,1,313,0.3119999999999896,0.05750798722044728,950.1,4.19,0.0
3979,4,713,3.711999999999988,0.056100981767180924,950.5,4.19,0.0
3980,6,979,5.978000000000075,0.05515832482124617,951.0,4.19,0.0
3981,2,446,1.444999999999975,0.05605381165919283,951.2,4.19,0.0
3982,0,193,-0.8079999999999998,0.05699481865284974,951.3,4.19,0.0
3983,0,184,-0.8169999999999998,0.059782608695652176,951.4,4.19,0.0
3984,1,318,0.31699999999998907,0.05660377358490566,951.6,4.19,0.0
3985,0,182,-0.8189999999999998,0.06043956043956044,951.7,4.19,0.0
3986,1,313,0.3119999999999896,0.05750798722044728,951.9,4.19,0.0
3987,0,179,-0.8219999999999998,0.05027932960893855,952.0,4.19,0.0
3988,2,446,1.444999999999975,0.05605381165919283,952.2,4.19,0.0
3989,0,191,-0.8099999999999998,0.05759162303664921,952.3,4.19,0.0
3990,5,855,4.854000000000035,0.056140350877192984,952.8,4.19,0.0
3991,6,979,5.978000000000075,0.05515832482124617,953.3,4.19,0.0
3992,2,446,1.444999999999975,0.053811659192825115,953.5,4.19,0.0
3993,0,179,-0.8219999999999998,0.055865921787709494,953.6,4.19,0.0
3994,1,313,0.3119999999999896,0.05750798722044728,953.8,4.19,0.0
3995,1,313,0.3119999999999896,0.05750798722044728,954.0,4.19,0.0
3996,0,179,-0.8219999999999998,0.055865921787709494,954.0,4.19,0.0
3997,0,179,-0.8219999999999998,0.055865921787709494,954.1,4.19,0.0
3998,0,192,-0.8089999999999998,0.057291666666666664,954.2,4.19,0.0
3999,0,179,-0.8219999999999998,0.055865921787709494,954.3,4.19,0.0
4000,0,182,-0.8189999999999998,0.06043956043956044,954.4,4.19,0.0
4001,3,579,2.5779999999999603,0.055267702936096716,957.8,4.18,0.0
4002,0,212,-0.7889999999999998,0.05660377358490566,958.0,4.18,0.0
4003,1,335,0.3339999999999872,0.056716417910447764,958.1,4.18,0.0
4004,2,446,1.444999999999975,0.05605381165919283,958.4,4.18,0.0
4005,2,448,1.4469999999999748,0.05580357142857143,958.6,4.18,0.0
4006,0,189,-0.8119999999999998,0.0582010582010582,958.7,4.18,0.0
4007,4,713,3.711999999999988,0.0546984572230014,959.1,4.18,0.0
4008,3,579,2.5779999999999603,0.055267702936096716,959.4,4.18,0.0
4009,0,179,-0.8219999999999998,0.055865921787709494,959.5,4.18,0.0
4010,1,313,0.3119999999999896,0.054313099041533544,959.7,4.18,0.0
4011,0,190,-0.8109999999999998,0.05789473684210526,959.8,4.18,0.0
4012,1,317,0.3159999999999892,0.056782334384858045,959.9,4.18,0.0
4013,0,179,-0.8219999999999998,0.055865921787709494,960.0,4.18,0.0
4014,0,190,-0.8109999999999998,0.05789473684210526,960.1,4.18,0.0
4015,0,179,-0.8219999999999998,0.055865921787709494,960.2,4.18,0.0
4016,2,446,1.444999999999975,0.05605381165919283,960.5,4.18,0.0
4017,0,179,-0.8219999999999998,0.055865921787709494,960.6,4.18,0.0
4018,1,313,0.3119999999999896,0.054313099041533544,960.7,4.18,0.0
4019,3,579,2.5779999999999603,0.055267702936096716,961.0,4.18,0.0
4020,2,446,1.444999999999975,0.05605381165919283,961.3,4.18,0.0
4021,0,193,-0.8079999999999998,0.05699481865284974,961.4,4.18,0.0
4022,0,179,-0.8219999999999998,0.055865921787709494,961.5,4.18,0.0
4023,1,313,0.3119999999999896,0.054313099041533544,961.6,4.18,0.0
4024,4,732,3.7309999999999945,0.056010928961748634,962.0,4.18,0.0
4025,0,189,-0.8119999999999998,0.0582010582010582,962.1,4.18,0.0
4026,2,446,1.444999999999975,0.05605381165919283,962.4,4.18,0.0
4027,1,313,0.3119999999999896,0.054313099041533544,962.5,4.18,0.0
4028,7,1125,7.124000000000029,0.056,963.1,4.18,0.0
4029,1,315,0.3139999999999894,0.05714285714285714,963.3,4.18,0.0
4030,1,336,0.3349999999999871,0.05654761904761905,963.5,4.18,0.0
4031,0,179,-0.8219999999999998,0.055865921787709494,963.6,4.18,0.0
4032,4,724,3.722999999999992,0.05662983425414365,963.9,4.18,0.0
4033,0,179,-0.8219999999999998,0.05027932960893855,964.0,4.18,0.0
4034,3,579,2.5779999999999603,0.055267702936096716,964.3,4.18,0.0
4035,5,846,4.845000000000032,0.05555555555555555,964.8,4.18,0.0
4036,8,1255,8.253999999999957,0.055776892430278883,965.5,4.18,0.0
4037,0,179,-0.8219999999999998,0.055865921787709494,965.5,4.18,0.0
4038,3,579,2.5779999999999603,0.055267702936096716,965.9,4.18,0.0
4039,5,854,4.853000000000034,0.05620608899297424,966.3,4.18,0.0
4040,5,846,4.845000000000032,0.05555555555555555,966.8,4.18,0.0
4041,4,620,3.618999999999957,0.056451612903225805,967.1,4.18,0.0
4042,5,846,4.845000000000032,0.05555555555555555,967.5,4.18,0.0
4043,2,455,1.453999999999974,0.05714285714285714,967.8,4.18,0.0
4044,2,446,1.444999999999975,0.05605381165919283,968.0,4.18,0.0
4045,0,179,-0.8219999999999998,0.055865921787709494,968.1,4.18,0.0
4046,0,190,-0.8109999999999998,0.05789473684210526,968.2,4.18,0.0
4047,1,313,0.3119999999999896,0.05750798722044728,968.4,4.18,0.0
4048,3,579,2.5779999999999603,0.055267702936096716,968.7,4.18,0.0
4049,1,313,0.3119999999999896,0.05750798722044728,968.9,4.18,0.0
4050,8,1255,8.253999999999957,0.055776892430278883,969.5,4.18,0.0
4051,5,846,4.845000000000032,0.05555555555555555,970.0,4.18,0.0
4052,4,713,3.711999999999988,0.056100981767180924,970.4,4.18,0.0
4053,5,846,4.845000000000032,0.05555555555555555,970.8,4.18,0.0
4054,0,179,-0.8219999999999998,0.055865921787709494,970.9,4.18,0.0
4055,1,313,0.3119999999999896,0.05750798722044728,971.1,4.18,0.0
4056,3,579,2.5779999999999603,0.055267702936096716,971.4,4.18,0.0
4057,0,179,-0.8219999999999998,0.05027932960893855,971.5,4.18,0.0
4058,2,458,1.4569999999999736,0.056768558951965066,971.7,4.18,0.0
4059,2,446,1.444999999999975,0.05605381165919283,972.0,4.18,0.0
4060,1,313,0.3119999999999896,0.054313099041533544,972.2,4.18,0.0
4061,2,459,1.4579999999999735,0.05664488017429194,972.4,4.18,0.0
4062,0,195,-0.8059999999999998,0.05641025641025641,972.5,4.18,0.0
4063,3,579,2.5779999999999603,0.055267702936096716,972.8,4.18,0.0
4064,2,446,1.444999999999975,0.05605381165919283,973.0,4.18,0.0
4065,3,579,2.5779999999999603,0.055267702936096716,973.3,4.18,0.0
4066,3,579,2.5779999999999603,0.055267702936096716,973.6,4.18,0.0
4067,1,323,0.3219999999999885,0.05572755417956656,973.8,4.18,0.0
4068,0,179,-0.8219999999999998,0.055865921787709494,973.9,4.18,0.0
4069,4,713,3.711999999999988,0.056100981767180924,974.3,4.18,0.0
4070,0,179,-0.8219999999999998,0.055865921787709494,974.4,4.18,0.0
4071,2,446,1.444999999999975,0.05605381165919283,974.6,4.18,0.0
4072,1,313,0.3119999999999896,0.054313099041533544,974.8,4.18,0.0
4073,0,179,-0.8219999999999998,0.055865921787709494,974.9,4.18,0.0
4074,0,179,-0.8219999999999998,0.055865921787709494,975.0,4.18,0.0
4075,0,179,-0.8219999999999998,0.055865921787709494,975.1,4.18,0.0
4076,2,446,1.444999999999975,0.05605381165919283,975.3,4.18,0.0
4077,0,185,-0.8159999999999998,0.05945945945945946,975.4,4.18,0.0
4078,0,179,-0.8219999999999998,0.055865921787709494,975.5,4.18,0.0
4079,0,179,-0.8219999999999998,0.055865921787709494,975.6,4.18,0.0
4080,0,195,-0.8059999999999998,0.05641025641025641,975.7,4.18,0.0
4081,3,583,2.58199999999996,0.05660377358490566,976.0,4.18,0.0
4082,0,185,-0.8159999999999998,0.05945945945945946,976.1,4.18,0.0
4083,2,446,1.444999999999975,0.05605381165919283,976.3,4.18,0.0
4084,0,179,-0.8219999999999998,0.055865921787709494,976.5,4.18,0.0
4085,0,179,-0.8219999999999998,0.055865921787709494,976.6,4.18,0.0
4086,4,718,3.71699999999999,0.055710306406685235,976.9,4.18,0.0
4087,0,189,-0.8119999999999998,0.0582010582010582,977.0,4.18,0.0
4088,0,179,-0.8219999999999998,0.055865921787709494,977.1,4.18,0.0
4089,3,580,2.57899999999996,0.056896551724137934,977.4,4.18,0.0
4090,1,321,0.31999999999998874,0.056074766355140186,977.6,4.18,0.0
4091,5,846,4.845000000000032,0.05555555555555555,978.1,4.18,0.0
4092,0,187,-0.8139999999999998,0.058823529411764705,978.2,4.18,0.0
4093,4,713,3.711999999999988,0.056100981767180924,978.6,4.18,0.0
4094,0,191,-0.8099999999999998,0.05759162303664921,978.7,4.18,0.0
4095,5,751,4.75,0.0559254327563249,979.1,4.18,0.0
4096,0,179,-0.8219999999999998,0.055865921787709494,979.1,4.18,0.0
4097,1,313,0.3119999999999896,0.054313099041533544,979.3,4.18,0.0
4098,0,187,-0.8139999999999998,0.058823529411764705,979.4,4.19,0.0
4099,3,579,2.5779999999999603,0.055267702936096716,979.7,4.18,0.0
4100,2,446,1.444999999999975,0.05605381165919283,980.0,4.18,0.0
4101,0,186,-0.8149999999999998,0.05913978494623656,980.1,4.19,0.0
4102,1,320,0.31899999999998885,0.05625,980.2,4.19,0.0
4103,2,465,1.4639999999999729,0.05591397849462366,980.5,4.19,0.0
4104,8,1246,8.244999999999962,0.05537720706260032,981.2,4.18,0.0
4105,1,313,0.3119999999999896,0.054313099041533544,981.3,4.18,0.0
4106,0,191,-0.8099999999999998,0.05759162303664921,981.4,4.18,0.0
4107,0,193,-0.8079999999999998,0.05699481865284974,981.5,4.19,0.0
4108,0,215,-0.7859999999999998,0.05581395348837209,981.6,4.19,0.0
4109,3,584,2.5829999999999598,0.05650684931506849,982.0,4.19,0.0
4110,2,446,1.444999999999975,0.05605381165919283,982.2,4.19,0.0
4111,0,179,-0.8219999999999998,0.055865921787709494,982.3,4.19,0.0
4112,1,336,0.3349999999999871,0.05654761904761905,982.5,4.19,0.0
4113,2,446,1.444999999999975,0.053811659192825115,982.7,4.19,0.0
4114,0,189,-0.8119999999999998,0.0582010582010582,982.8,4.19,0.0
4115,1,313,0.3119999999999896,0.054313099041533544,983.0,4.19,0.0
4116,1,321,0.31999999999998874,0.056074766355140186,983.2,4.19,0.0
4117,0,179,-0.8219999999999998,0.055865921787709494,983.3,4.19,0.0
4118,1,313,0.3119999999999896,0.054313099041533544,983.4,4.19,0.0
4119,1,313,0.3119999999999896,0.054313099041533544,983.6,4.19,0.0
4120,3,579,2.5779999999999603,0.055267702936096716,983.9,4.19,0.0
4121,3,587,2.5859999999999594,0.056218057921635436,984.2,4.19,0.0
4122,2,446,1.444999999999975,0.053811659192825115,984.5,4.19,0.0
4123,0,179,-0.8219999999999998,0.055865921787709494,984.6,4.19,0.0
4124,2,446,1.444999999999975,0.05605381165919283,984.8,4.19,0.0
4125,3,586,2.5849999999999596,0.05631399317406143,985.1,4.19,0.0
4126,1,313,0.3119999999999896,0.054313099041533544,985.3,4.19,0.0
4127,2,460,1.4589999999999734,0.05652173913043478,985.5,4.19,0.0
4128,3,579,2.5779999999999603,0.055267702936096716,985.8,4.19,0.0
4129,2,446,1.444999999999975,0.05605381165919283,986.1,4.19,0.0
4130,0,185,-0.8159999999999998,0.05945945945945946,986.2,4.19,0.0
4131,2,463,1.461999999999973,0.056155507559395246,986.4,4.19,0.0
4132,5,846,4.845000000000032,0.05555555555555555,986.9,4.19,0.0
4133,0,179,-0.8219999999999998,0.055865921787709494,986.9,4.19,0.0
4134,3,579,2.5779999999999603,0.05699481865284974,987.3,4.19,0.0
4135,2,462,1.4609999999999732,0.05627705627705628,987.5,4.19,0.0
4136,0,179,-0.8219999999999998,0.055865921787709494,987.6,4.19,0.0
4137,2,462,1.4609999999999732,0.05627705627705628,987.9,4.19,0.0
4138,3,601,2.599999999999958,0.056572379367720464,988.2,4.19,0.0
4139,2,457,1.4559999999999738,0.05689277899343545,988.4,4.19,0.0
4140,0,194,-0.8069999999999998,0.05670103092783505,988.5,4.19,0.0
4141,1,323,0.3219999999999885,0.05572755417956656,988.7,4.19,0.0
4142,0,179,-0.8219999999999998,0.055865921787709494,988.8,4.19,0.0
4143,8,1246,8.244999999999962,0.05537720706260032,989.5,4.19,0.0
4144,0,179,-0.8219999999999998,0.055865921787709494,989.5,4.19,0.0
4145,0,187,-0.8139999999999998,0.058823529411764705,989.6,4.19,0.0
4146,5,846,4.845000000000032,0.05555555555555555,990.1,4.19,0.0
4147,1,313,0.3119999999999896,0.054313099041533544,990.2,4.19,0.0
4148,0,179,-0.8219999999999998,0.055865921787709494,990.3,4.19,0.0
4149,1,313,0.3119999999999896,0.05750798722044728,990.5,4.19,0.0
4150,0,186,-0.8149999999999998,0.05913978494623656,990.6,4.19,0.0
4151,2,446,1.444999999999975,0.05605381165919283,990.9,4.19,0.0
4152,1,313,0.3119999999999896,0.05750798722044728,991.0,4.19,0.0
4153,2,447,1.4459999999999749,0.05592841163310962,991.3,4.19,0.0
4154,1,317,0.3159999999999892,0.056782334384858045,991.4,4.19,0.0
4155,1,321,0.31999999999998874,0.056074766355140186,991.6,4.19,0.0
4156,6,979,5.978000000000075,0.05515832482124617,992.1,4.19,0.0
4157,1,313,0.3119999999999896,0.054313099041533544,992.3,4.19,0.0
4158,0,196,-0.8049999999999998,0.05612244897959184,992.4,4.19,0.0
4159,1,313,0.3119999999999896,0.054313099041533544,992.6,4.19,0.0
4160,0,189,-0.8119999999999998,0.0582010582010582,992.7,4.19,0.0
4161,0,179,-0.8219999999999998,0.055865921787709494,992.8,4.19,0.0
4162,1,313,0.3119999999999896,0.05750798722044728,992.9,4.19,0.0
4163,4,713,3.711999999999988,0.0546984572230014,993.3,4.19,0.0
4164,5,846,4.845000000000032,0.05555555555555555,993.7,4.19,0.0
4165,0,179,-0.8219999999999998,0.055865921787709494,993.8,4.19,0.0
4166,3,579,2.5779999999999603,0.055267702936096716,994.2,4.19,0.0
4167,2,446,1.444999999999975,0.05605381165919283,994.4,4.19,0.0
4168,3,588,2.5869999999999593,0.05612244897959184,994.7,4.19,0.0
4169,2,446,1.444999999999975,0.05605381165919283,995.0,4.19,0.0
4170,5,846,4.845000000000032,0.05555555555555555,995.4,4.19,0.0
4171,0,179,-0.8219999999999998,0.055865921787709494,995.5,4.19,0.0
4172,0,179,-0.8219999999999998,0.055865921787709494,995.6,4.19,0.0
4173,0,182,-0.8189999999999998,0.06043956043956044,995.7,4.19,0.0
4174,3,579,2.5779999999999603,0.055267702936096716,996.0,4.19,0.0
4175,2,446,1.444999999999975,0.05605381165919283,996.2,4.19,0.0
4176,0,179,-0.8219999999999998,0.055865921787709494,996.3,4.19,0.0
4177,5,846,4.845000000000032,0.05555555555555555,996.8,4.19,0.0
4178,1,313,0.3119999999999896,0.054313099041533544,996.9,4.19,0.0
4179,5,856,4.855000000000035,0.056074766355140186,997.4,4.19,0.0
4180,3,591,2.589999999999959,0.05583756345177665,997.7,4.19,0.0
4181,3,579,2.5779999999999603,0.055267702936096716,998.0,4.19,0.0
4182,0,179,-0.8219999999999998,0.055865921787709494,998.1,4.19,0.0
4183,3,589,2.587999999999959,0.05602716468590832,998.4,4.19,0.0
4184,1,318,0.31699999999998907,0.05660377358490566,998.6,4.19,0.0
4185,0,179,-0.8219999999999998,0.055865921787709494,998.7,4.19,0.0
4186,1,313,0.3119999999999896,0.054313099041533544,998.9,4.19,0.0
4187,0,195,-0.8059999999999998,0.05641025641025641,999.0,4.19,0.0
4188,6,979,5.978000000000075,0.05515832482124617,999.5,4.19,0.0
4189,2,446,1.444999999999975,0.05605381165919283,999.7,4.19,0.0
4190,2,446,1.444999999999975,0.05605381165919283,1000.0,4.19,0.0
4191,0,179,-0.8219999999999998,0.055865921787709494,1000.0,4.19,0.0
4192,1,313,0.3119999999999896,0.054313099041533544,1000.2,4.19,0.0
4193,0,185,-0.8159999999999998,0.05945945945945946,1000.3,4.19,0.0
4194,2,446,1.444999999999975,0.05605381165919283,1000.6,4.19,0.0
4195,1,339,0.33799999999998676,0.05604719764011799,1000.7,4.19,0.0
4196,5,846,4.845000000000032,0.05555555555555555,1001.2,4.19,0.0
4197,2,446,1.444999999999975,0.05605381165919283,1001.4,4.19,0.0
4198,1,313,0.3119999999999896,0.054313099041533544,1001.6,4.19,0.0
4199,2,446,1.444999999999975,0.05605381165919283,1001.8,4.19,0.0
4200,2,446,1.444999999999975,0.05605381165919283,1002.1,4.19,0.0
4201,0,179,-0.8219999999999998,0.055865921787709494,1002.2,4.19,0.0
4202,2,446,1.444999999999975,0.05605381165919283,1002.4,4.19,0.0
4203,0,179,-0.8219999999999998,0.055865921787709494,1002.5,4.19,0.0
4204,1,335,0.3339999999999872,0.056716417910447764,1002.7,4.19,0.0
4205,4,713,3.711999999999988,0.056100981767180924,1003.1,4.19,0.0
4206,3,585,2.5839999999999597,0.05641025641025641,1003.4,4.19,0.0
4207,3,588,2.5869999999999593,0.05612244897959184,1003.7,4.19,0.0
4208,1,314,0.3129999999999895,0.05732484076433121,1003.9,4.19,0.0
4209,3,579,2.5779999999999603,0.055267702936096716,1004.2,4.19,0.0
4210,2,446,1.444999999999975,0.05605381165919283,1004.4,4.19,0.0
4211,1,315,0.3139999999999894,0.05714285714285714,1004.6,4.19,0.0
4212,3,579,2.5779999999999603,0.055267702936096716,1004.9,4.19,0.0
4213,2,447,1.4459999999999749,0.05592841163310962,1005.1,4.19,0.0
4214,2,446,1.444999999999975,0.05605381165919283,1005.4,4.19,0.0
4215,0,179,-0.8219999999999998,0.055865921787709494,1005.4,4.19,0.0
4216,1,336,0.3349999999999871,0.05654761904761905,1005.6,4.19,0.0
4217,1,313,0.3119999999999896,0.054313099041533544,1005.8,4.19,0.0
4218,2,446,1.444999999999975,0.053811659192825115,1006.0,4.19,0.0
4219,9,1379,9.377999999999888,0.05583756345177665,1006.8,4.19,0.0
4220,2,446,1.444999999999975,0.05605381165919283,1007.0,4.19,0.0
4221,2,457,1.4559999999999738,0.05689277899343545,1007.3,4.19,0.0
4222,1,313,0.3119999999999896,0.054313099041533544,1007.5,4.19,0.0
4223,0,179,-0.8219999999999998,0.055865921787709494,1007.5,4.19,0.0
4224,4,713,3.711999999999988,0.056100981767180924,1007.9,4.19,0.0
4225,1,313,0.3119999999999896,0.05750798722044728,1008.1,4.19,0.0
4226,4,713,3.711999999999988,0.056100981767180924,1008.5,4.19,0.0
4227,3,589,2.587999999999959,0.05602716468590832,1008.8,4.19,0.0
4228,1,313,0.3119999999999896,0.054313099041533544,1008.9,4.19,0.0
4229,0,193,-0.8079999999999998,0.05699481865284974,1009.1,4.19,0.0
4230,6,979,5.978000000000075,0.05515832482124617,1009.6,4.19,0.0
4231,1,313,0.3119999999999896,0.05750798722044728,1009.7,4.19,0.0
4232,2,457,1.4559999999999738,0.05689277899343545,1010.0,4.19,0.0
4233,3,579,2.5779999999999603,0.055267702936096716,1010.3,4.19,0.0
4234,6,979,5.978000000000075,0.05515832482124617,1010.8,4.19,0.0
4235,1,313,0.3119999999999896,0.054313099041533544,1011.0,4.19,0.0
4236,0,179,-0.8219999999999998,0.055865921787709494,1011.1,4.19,0.0
4237,0,179,-0.8219999999999998,0.055865921787709494,1011.2,4.19,0.0
4238,0,186,-0.8149999999999998,0.05913978494623656,1011.3,4.19,0.0
4239,0,179,-0.8219999999999998,0.055865921787709494,1011.4,4.19,0.0
4240,1,313,0.3119999999999896,0.05750798722044728,1011.6,4.19,0.0
4241,4,713,3.711999999999988,0.0546984572230014,1011.9,4.19,0.0
4242,1,313,0.3119999999999896,0.054313099041533544,1012.1,4.19,0.0
4243,4,713,3.711999999999988,0.056100981767180924,1012.5,4.19,0.0
4244,4,728,3.726999999999993,0.05631868131868132,1012.9,4.19,0.0
4245,1,316,0.3149999999999893,0.056962025316455694,1013.0,4.19,0.0
4246,3,585,2.5839999999999597,0.05641025641025641,1013.3,4.19,0.0
4247,0,181,-0.8199999999999998,0.06077348066298342,1013.4,4.19,0.0
4248,7,1113,7.112000000000036,0.055705300988319856,1014.0,4.19,0.0
4249,1,313,0.3119999999999896,0.054313099041533544,1014.2,4.19,0.0
4250,0,183,-0.8179999999999998,0.060109289617486336,1014.3,4.19,0.0
4251,0,179,-0.8219999999999998,0.055865921787709494,1014.4,4.19,0.0
4252,1,313,0.3119999999999896,0.054313099041533544,1014.6,4.19,0.0
4253,1,313,0.3119999999999896,0.05750798722044728,1014.7,4.19,0.0
4254,0,179,-0.8219999999999998,0.055865921787709494,1014.8,4.19,0.0
4255,4,713,3.711999999999988,0.056100981767180924,1015.2,4.19,0.0
4256,2,446,1.444999999999975,0.05605381165919283,1015.4,4.19,0.0
4257,1,313,0.3119999999999896,0.05750798722044728,1015.6,4.19,0.0
4258,3,579,2.5779999999999603,0.055267702936096716,1015.9,4.19,0.0
4259,0,179,-0.8219999999999998,0.055865921787709494,1016.0,4.19,0.0
4260,0,179,-0.8219999999999998,0.055865921787709494,1016.1,4.19,0.0
4261,1,320,0.31899999999998885,0.05625,1016.3,4.19,0.0
4262,4,713,3.711999999999988,0.056100981767180924,1016.7,4.19,0.0
4263,0,179,-0.8219999999999998,0.055865921787709494,1016.8,4.19,0.0
4264,0,179,-0.8219999999999998,0.055865921787709494,1016.9,4.19,0.0
4265,0,179,-0.8219999999999998,0.055865921787709494,1017.0,4.19,0.0
4266,3,579,2.5779999999999603,0.055267702936096716,1017.3,4.19,0.0
4267,0,192,-0.8089999999999998,0.057291666666666664,1017.4,4.20,0.0
4268,3,609,2.607999999999957,0.05582922824302135,1017.7,4.19,0.0
4269,2,446,1.444999999999975,0.05605381165919283,1018.0,4.19,0.0
4270,1,313,0.3119999999999896,0.054313099041533544,1018.1,4.19,0.0
4271,3,579,2.5779999999999603,0.055267702936096716,1018.4,4.19,0.0
4272,6,979,5.978000000000075,0.05515832482124617,1019.0,4.19,0.0
4273,0,184,-0.8169999999999998,0.059782608695652176,1019.1,4.19,0.0
4274,0,189,-0.8119999999999998,0.0582010582010582,1019.2,4.19,0.0
4275,2,446,1.444999999999975,0.05605381165919283,1019.4,4.19,0.0
4276,3,579,2.5779999999999603,0.055267702936096716,1019.7,4.19,0.0
4277,2,447,1.4459999999999749,0.05592841163310962,1019.9,4.19,0.0
4278,4,713,3.711999999999988,0.056100981767180924,1020.3,4.19,0.0
4279,1,313,0.3119999999999896,0.054313099041533544,1020.5,4.19,0.0
4280,0,183,-0.8179999999999998,0.060109289617486336,1020.6,4.19,0.0
4281,2,446,1.444999999999975,0.05605381165919283,1020.8,4.19,0.0
4282,3,579,2.5779999999999603,0.055267702936096716,1021.1,4.19,0.0
4283,0,179,-0.8219999999999998,0.055865921787709494,1021.2,4.19,0.0
4284,2,458,1.4569999999999736,0.056768558951965066,1021.5,4.19,0.0
4285,2,446,1.444999999999975,0.05605381165919283,1021.7,4.19,0.0
4286,1,313,0.3119999999999896,0.05750798722044728,1021.9,4.20,0.0
4287,3,579,2.5779999999999603,0.055267702936096716,1022.2,4.19,0.0
4288,1,313,0.3119999999999896,0.054313099041533544,1022.3,4.20,0.0
4289,0,179,-0.8219999999999998,0.055865921787709494,1022.4,4.20,0.0
4290,2,446,1.444999999999975,0.053811659192825115,1022.7,4.20,0.0
4291,5,846,4.845000000000032,0.05555555555555555,1023.1,4.19,0.0
4292,0,196,-0.8049999999999998,0.05612244897959184,1023.2,4.20,0.0
4293,3,584,2.5829999999999598,0.05650684931506849,1023.6,4.20,0.0
4294,4,713,3.711999999999988,0.056100981767180924,1023.9,4.19,0.0
4295,0,204,-0.7969999999999998,0.058823529411764705,1024.0,4.20,0.0
4296,0,184,-0.8169999999999998,0.059782608695652176,1024.1,4.20,0.0
4297,2,459,1.4579999999999735,0.05664488017429194,1024.4,4.20,0.0
4298,2,446,1.444999999999975,0.05605381165919283,1024.6,4.20,0.0
4299,0,179,-0.8219999999999998,0.055865921787709494,1024.7,4.20,0.0
4300,1,313,0.3119999999999896,0.054313099041533544,1024.9,4.20,0.0
4301,0,179,-0.8219999999999998,0.055865921787709494,1025.0,4.20,0.0
4302,0,179,-0.8219999999999998,0.055865921787709494,1025.1,4.20,0.0
4303,0,179,-0.8219999999999998,0.055865921787709494,1025.1,4.20,0.0
4304,3,579,2.5779999999999603,0.055267702936096716,1025.5,4.20,0.0
4305,4,728,3.726999999999993,0.05631868131868132,1025.8,4.20,0.0
4306,1,313,0.3119999999999896,0.05750798722044728,1026.0,4.20,0.0
4307,2,446,1.444999999999975,0.05605381165919283,1026.2,4.20,0.0
4308,4,713,3.711999999999988,0.056100981767180924,1026.6,4.20,0.0
4309,0,179,-0.8219999999999998,0.055865921787709494,1026.7,4.20,0.0
4310,2,463,1.461999999999973,0.056155507559395246,1027.0,4.20,0.0
4311,0,186,-0.8149999999999998,0.05913978494623656,1027.1,4.20,0.0
4312,2,446,1.444999999999975,0.05605381165919283,1027.3,4.20,0.0
4313,1,313,0.3119999999999896,0.05750798722044728,1027.5,4.20,0.0
4314,3,606,2.6049999999999573,0.056105610561056105,1027.8,4.20,0.0
4315,1,313,0.3119999999999896,0.054313099041533544,1028.0,4.20,0.0
4316,2,446,1.444999999999975,0.05605381165919283,1028.2,4.20,0.0
4317,1,322,0.32099999999998863,0.055900621118012424,1028.4,4.20,0.0
4318,1,313,0.3119999999999896,0.05750798722044728,1028.6,4.20,0.0
4319,2,455,1.453999999999974,0.05714285714285714,1028.8,4.20,0.0
4320,1,313,0.3119999999999896,0.05750798722044728,1029.0,4.20,0.0
4321,3,579,2.5779999999999603,0.055267702936096716,1029.3,4.20,0.0
4322,2,446,1.444999999999975,0.05605381165919283,1029.6,4.20,0.0
4323,3,579,2.5779999999999603,0.055267702936096716,1029.9,4.20,0.0
4324,1,313,0.3119999999999896,0.054313099041533544,1030.1,4.20,0.0
4325,0,179,-0.8219999999999998,0.055865921787709494,1030.2,4.20,0.0
4326,6,979,5.978000000000075,0.05515832482124617,1030.8,4.20,0.0
4327,2,447,1.4459999999999749,0.05592841163310962,1031.1,4.20,0.0
4328,1,313,0.3119999999999896,0.054313099041533544,1031.2,4.20,0.0
4329,3,579,2.5779999999999603,0.055267702936096716,1031.6,4.20,0.0
4330,2,446,1.444999999999975,0.053811659192825115,1031.8,4.20,0.0
4331,0,190,-0.8109999999999998,0.05789473684210526,1031.9,4.20,0.0
4332,1,313,0.3119999999999896,0.054313099041533544,1032.1,4.20,0.0
4333,2,461,1.4599999999999733,0.05639913232104121,1032.3,4.20,0.0
4334,3,579,2.5779999999999603,0.05699481865284974,1032.6,4.20,0.0
4335,1,313,0.3119999999999896,0.05750798722044728,1032.8,4.20,0.0
4336,0,187,-0.8139999999999998,0.058823529411764705,1032.9,4.20,0.0
4337,0,209,-0.7919999999999998,0.05741626794258373,1033.0,4.20,0.0
4338,0,179,-0.8219999999999998,0.055865921787709494,1033.1,4.20,0.0
4339,0,179,-0.8219999999999998,0.055865921787709494,1033.2,4.20,0.0
4340,1,313,0.3119999999999896,0.054313099041533544,1033.4,4.20,0.0
4341,3,579,2.5779999999999603,0.055267702936096716,1033.7,4.20,0.0
4342,1,331,0.32999999999998764,0.05740181268882175,1033.9,4.20,0.0
4343,3,579,2.5779999999999603,0.05699481865284974,1034.2,4.20,0.0
4344,0,184,-0.8169999999999998,0.059782608695652176,1034.3,4.20,0.0
4345,0,179,-0.8219999999999998,0.055865921787709494,1034.4,4.20,0.0
4346,0,179,-0.8219999999999998,0.055865921787709494,1034.5,4.20,0.0
4347,0,179,-0.8219999999999998,0.055865921787709494,1034.6,4.20,0.0
4348,0,179,-0.8219999999999998,0.055865921787709494,1034.7,4.20,0.0
4349,6,979,5.978000000000075,0.05515832482124617,1035.2,4.20,0.0
4350,0,179,-0.8219999999999998,0.055865921787709494,1035.3,4.20,0.0
4351,2,446,1.444999999999975,0.05605381165919283,1035.5,4.20,0.0
4352,2,446,1.444999999999975,0.053811659192825115,1035.8,4.20,0.0
4353,1,313,0.3119999999999896,0.054313099041533544,1035.9,4.20,0.0
4354,0,206,-0.7949999999999998,0.05825242718446602,1036.0,4.20,0.0
4355,3,579,2.5779999999999603,0.055267702936096716,1036.4,4.20,0.0
4356,5,846,4.845000000000032,0.05555555555555555,1036.8,4.20,0.0
4357,1,313,0.3119999999999896,0.054313099041533544,1037.0,4.20,0.0
4358,5,858,4.857000000000036,0.055944055944055944,1037.5,4.20,0.0
4359,0,195,-0.8059999999999998,0.05641025641025641,1037.6,4.20,0.0
4360,2,446,1.444999999999975,0.05605381165919283,1037.8,4.20,0.0
4361,1,315,0.3139999999999894,0.05714285714285714,1038.0,4.20,0.0
4362,0,179,-0.8219999999999998,0.05027932960893855,1038.1,4.20,0.0
4363,2,446,1.444999999999975,0.05605381165919283,1038.3,4.20,0.0
4364,0,183,-0.8179999999999998,0.060109289617486336,1038.4,4.20,0.0
4365,3,579,2.5779999999999603,0.055267702936096716,1038.7,4.20,0.0
4366,2,446,1.444999999999975,0.05605381165919283,1039.0,4.20,0.0
4367,2,458,1.4569999999999736,0.056768558951965066,1039.2,4.20,0.0
4368,0,179,-0.8219999999999998,0.055865921787709494,1039.3,4.20,0.0
4369,0,188,-0.8129999999999998,0.05851063829787234,1039.4,4.20,0.0
4370,2,446,1.444999999999975,0.05605381165919283,1039.6,4.20,0.0
4371,2,459,1.4579999999999735,0.05664488017429194,1039.9,4.20,0.0
4372,0,179,-0.8219999999999998,0.055865921787709494,1040.0,4.20,0.0
4373,1,313,0.3119999999999896,0.054313099041533544,1040.1,4.21,0.0
4374,1,316,0.3149999999999893,0.056962025316455694,1040.3,4.21,0.0
4375,0,179,-0.8219999999999998,0.055865921787709494,1040.4,4.21,0.0
4376,2,446,1.444999999999975,0.05605381165919283,1040.7,4.21,0.0
4377,1,336,0.3349999999999871,0.05654761904761905,1040.8,4.21,0.0
4378,0,179,-0.8219999999999998,0.055865921787709494,1040.9,4.21,0.0
4379,0,179,-0.8219999999999998,0.055865921787709494,1041.0,4.21,0.0
4380,5,846,4.845000000000032,0.05555555555555555,1041.5,4.21,0.0
4381,0,183,-0.8179999999999998,0.060109289617486336,1041.6,4.21,0.0
4382,2,446,1.444999999999975,0.05605381165919283,1041.8,4.21,0.0
4383,1,316,0.3149999999999893,0.056962025316455694,1042.0,4.21,0.0
4384,0,189,-0.8119999999999998,0.0582010582010582,1042.1,4.21,0.0
4385,5,874,4.873000000000041,0.05606407322654462,1042.6,4.21,0.0
4386,1,313,0.3119999999999896,0.054313099041533544,1042.7,4.21,0.0
4387,0,187,-0.8139999999999998,0.058823529411764705,1042.8,4.21,0.0
4388,3,579,2.5779999999999603,0.05699481865284974,1043.1,4.21,0.0
4389,1,313,0.3119999999999896,0.05750798722044728,1043.3,4.21,0.0
4390,2,459,1.4579999999999735,0.05664488017429194,1043.5,4.21,0.0
4391,0,185,-0.8159999999999998,0.05945945945945946,1043.6,4.21,0.0
4392,1,313,0.3119999999999896,0.054313099041533544,1043.8,4.21,0.0
4393,2,446,1.444999999999975,0.05605381165919283,1044.0,4.21,0.0
4394,0,186,-0.8149999999999998,0.05913978494623656,1044.2,4.21,0.0
4395,2,446,1.444999999999975,0.05605381165919283,1044.4,4.21,0.0
4396,0,192,-0.8089999999999998,0.057291666666666664,1044.5,4.21,0.0
4397,0,179,-0.8219999999999998,0.055865921787709494,1044.6,4.21,0.0
4398,4,734,3.732999999999995,0.055858310626702996,1045.0,4.21,0.0
4399,4,729,3.7279999999999935,0.056241426611796985,1045.4,4.21,0.0
4400,1,339,0.33799999999998676,0.05604719764011799,1045.6,4.21,0.0
4401,1,315,0.3139999999999894,0.05714285714285714,1045.7,4.21,0.0
4402,7,1114,7.113000000000035,0.05565529622980251,1046.3,4.21,0.0
4403,6,979,5.978000000000075,0.056179775280898875,1046.8,4.21,0.0
4404,1,313,0.3119999999999896,0.05750798722044728,1047.0,4.21,0.0
4405,0,179,-0.8219999999999998,0.055865921787709494,1047.1,4.21,0.0
4406,3,579,2.5779999999999603,0.055267702936096716,1047.4,4.21,0.0
4407,1,313,0.3119999999999896,0.05750798722044728,1047.6,4.21,0.0
4408,4,713,3.711999999999988,0.056100981767180924,1048.0,4.21,0.0
4409,0,179,-0.8219999999999998,0.055865921787709494,1048.1,4.21,0.0
4410,2,446,1.444999999999975,0.05605381165919283,1048.3,4.21,0.0
4411,9,1379,9.377999999999888,0.05583756345177665,1049.1,4.21,0.0
4412,5,853,4.852000000000034,0.05627198124267292,1049.5,4.20,0.0
4413,3,579,2.5779999999999603,0.055267702936096716,1049.8,4.20,0.0
4414,3,579,2.5779999999999603,0.055267702936096716,1050.1,4.20,0.0
4415,0,181,-0.8199999999999998,0.06077348066298342,1050.2,4.20,0.0
4416,0,179,-0.8219999999999998,0.055865921787709494,1050.3,4.21,0.0
4417,0,179,-0.8219999999999998,0.055865921787709494,1050.4,4.21,0.0
4418,3,579,2.5779999999999603,0.055267702936096716,1050.7,4.21,0.0
4419,1,313,0.3119999999999896,0.054313099041533544,1050.9,4.21,0.0
4420,1,313,0.3119999999999896,0.054313099041533544,1051.1,4.21,0.0
4421,0,188,-0.8129999999999998,0.05851063829787234,1051.2,4.21,0.0
4422,0,179,-0.8219999999999998,0.055865921787709494,1051.2,4.21,0.0
4423,0,179,-0.8219999999999998,0.055865921787709494,1051.3,4.21,0.0
4424,1,313,0.3119999999999896,0.05750798722044728,1051.5,4.21,0.0
4425,5,846,4.845000000000032,0.05555555555555555,1052.0,4.21,0.0
4426,8,1267,8.26599999999995,0.056037884767166535,1052.7,4.21,0.0
4427,1,313,0.3119999999999896,0.05750798722044728,1052.8,4.21,0.0
4428,7,1128,7.127000000000027,0.05585106382978723,1053.4,4.20,0.0
4429,3,579,2.5779999999999603,0.055267702936096716,1053.8,4.20,0.0
4430,1,338,0.33699999999998687,0.05621301775147929,1053.9,4.20,0.0
4431,6,979,5.978000000000075,0.05515832482124617,1054.4,4.20,0.0
4432,2,458,1.4569999999999736,0.056768558951965066,1054.7,4.20,0.0
4433,0,195,-0.8059999999999998,0.05641025641025641,1054.8,4.20,0.0
4434,0,194,-0.8069999999999998,0.05670103092783505,1054.9,4.20,0.0
4435,2,454,1.452999999999974,0.05726872246696035,1055.1,4.20,0.0
4436,3,579,2.5779999999999603,0.055267702936096716,1055.4,4.20,0.0
4437,2,446,1.444999999999975,0.05605381165919283,1055.7,4.20,0.0
4438,2,446,1.444999999999975,0.05605381165919283,1055.9,4.20,0.0
4439,0,179,-0.8219999999999998,0.055865921787709494,1056.0,4.20,0.0
4440,0,179,-0.8219999999999998,0.05027932960893855,1056.1,4.21,0.0
4441,1,313,0.3119999999999896,0.054313099041533544,1056.3,4.21,0.0
4442,4,713,3.711999999999988,0.056100981767180924,1056.6,4.20,0.0
4443,5,848,4.847000000000032,0.05660377358490566,1057.1,4.20,0.0
4444,3,579,2.5779999999999603,0.055267702936096716,1057.4,4.20,0.0
4445,3,591,2.589999999999959,0.05583756345177665,1057.7,4.20,0.0
4446,5,853,4.852000000000034,0.05627198124267292,1058.2,4.20,0.0
4447,0,179,-0.8219999999999998,0.055865921787709494,1058.3,4.20,0.0
4448,3,579,2.5779999999999603,0.055267702936096716,1058.6,4.20,0.0
4449,2,446,1.444999999999975,0.053811659192825115,1058.8,4.20,0.0
4450,1,335,0.3339999999999872,0.056716417910447764,1059.0,4.20,0.0
4451,2,446,1.444999999999975,0.05605381165919283,1059.2,4.20,0.0
4452,6,979,5.978000000000075,0.05515832482124617,1059.8,4.20,0.0
4453,1,317,0.3159999999999892,0.056782334384858045,1059.9,4.20,0.0
4454,4,728,3.726999999999993,0.05631868131868132,1060.3,4.20,0.0
4455,2,446,1.444999999999975,0.05605381165919283,1060.6,4.20,0.0
4456,3,579,2.5779999999999603,0.055267702936096716,1060.9,4.20,0.0
4457,3,586,2.5849999999999596,0.05631399317406143,1061.2,4.20,0.0
4458,4,727,3.725999999999993,0.05639614855570839,1061.6,4.20,0.0
4459,0,179,-0.8219999999999998,0.055865921787709494,1061.7,4.20,0.0
4460,0,179,-0.8219999999999998,0.055865921787709494,1061.8,4.20,0.0
4461,1,318,0.31699999999998907,0.05660377358490566,1061.9,4.20,0.0
4462,0,184,-0.8169999999999998,0.059782608695652176,1062.0,4.20,0.0
4463,0,179,-0.8219999999999998,0.055865921787709494,1062.1,4.20,0.0
4464,0,179,-0.8219999999999998,0.055865921787709494,1062.2,4.20,0.0
4465,0,193,-0.8079999999999998,0.05699481865284974,1062.3,4.20,0.0
4466,0,179,-0.8219999999999998,0.055865921787709494,1062.4,4.20,0.0
4467,0,179,-0.8219999999999998,0.055865921787709494,1062.5,4.21,0.0
4468,0,194,-0.8069999999999998,0.05670103092783505,1062.6,4.21,0.0
4469,4,713,3.711999999999988,0.056100981767180924,1063.0,4.21,0.0
4470,0,179,-0.8219999999999998,0.055865921787709494,1063.1,4.21,0.0
4471,3,579,2.5779999999999603,0.055267702936096716,1063.4,4.21,0.0
4472,1,313,0.3119999999999896,0.054313099041533544,1063.6,4.21,0.0
4473,0,179,-0.8219999999999998,0.055865921787709494,1063.7,4.21,0.0
4474,4,729,3.7279999999999935,0.056241426611796985,1064.1,4.21,0.0
4475,2,465,1.4639999999999729,0.05591397849462366,1064.3,4.21,0.0
4476,6,1004,6.003000000000084,0.055776892430278883,1064.8,4.20,0.0
4477,1,313,0.3119999999999896,0.054313099041533544,1065.0,4.20,0.0
4478,0,183,-0.8179999999999998,0.060109289617486336,1065.1,4.21,0.0
4479,4,715,3.713999999999989,0.055944055944055944,1065.5,4.20,0.0
4480,3,579,2.5779999999999603,0.055267702936096716,1065.8,4.20,0.0
4481,1,313,0.3119999999999896,0.054313099041533544,1065.9,4.20,0.0
4482,0,193,-0.8079999999999998,0.05699481865284974,1066.1,4.21,0.0
4483,0,179,-0.8219999999999998,0.055865921787709494,1066.1,4.21,0.0
4484,5,851,4.850000000000033,0.0564042303172738,1066.6,4.20,0.0
4485,7,1113,7.112000000000036,0.05480682839173405,1067.2,4.20,0.0
4486,0,188,-0.8129999999999998,0.05851063829787234,1067.3,4.20,0.0
4487,0,190,-0.8109999999999998,0.05789473684210526,1067.4,4.20,0.0
4488,0,179,-0.8219999999999998,0.055865921787709494,1067.5,4.21,0.0
4489,0,183,-0.8179999999999998,0.060109289617486336,1067.6,4.21,0.0
4490,5,862,4.861000000000037,0.05568445475638051,1068.0,4.20,0.0
4491,1,338,0.33699999999998687,0.05621301775147929,1068.2,4.21,0.0
4492,1,313,0.3119999999999896,0.054313099041533544,1068.4,4.21,0.0
4493,5,846,4.845000000000032,0.05555555555555555,1068.9,4.20,0.0
4494,3,582,2.58099999999996,0.05670103092783505,1069.2,4.20,0.0
4495,2,461,1.4599999999999733,0.05639913232104121,1069.4,4.20,0.0
4496,4,715,3.713999999999989,0.055944055944055944,1069.8,4.20,0.0
4497,0,179,-0.8219999999999998,0.055865921787709494,1069.9,4.20,0.0
4498,0,182,-0.8189999999999998,0.06043956043956044,1070.0,4.20,0.0
4499,2,446,1.444999999999975,0.05605381165919283,1070.2,4.20,0.0
4500,0,187,-0.8139999999999998,0.058823529411764705,1070.3,4.21,0.0
4501,0,197,-0.8039999999999998,0.05583756345177665,1073.6,4.19,0.0
4502,0,179,-0.8219999999999998,0.055865921787709494,1073.7,4.19,0.0
4503,2,455,1.453999999999974,0.05714285714285714,1073.9,4.19,0.0
4504,1,313,0.3119999999999896,0.05750798722044728,1074.1,4.19,0.0
4505,2,446,1.444999999999975,0.05605381165919283,1074.3,4.19,0.0
4506,3,579,2.5779999999999603,0.055267702936096716,1074.6,4.19,0.0
4507,2,446,1.444999999999975,0.05605381165919283,1074.9,4.19,0.0
4508,4,734,3.732999999999995,0.055858310626702996,1075.3,4.19,0.0
4509,3,592,2.590999999999959,0.05574324324324324,1075.6,4.19,0.0
4510,1,313,0.3119999999999896,0.054313099041533544,1075.8,4.19,0.0
4511,0,179,-0.8219999999999998,0.055865921787709494,1075.9,4.19,0.0
4512,2,448,1.4469999999999748,0.05580357142857143,1076.1,4.19,0.0
4513,1,313,0.3119999999999896,0.05750798722044728,1076.3,4.19,0.0
4514,3,579,2.5779999999999603,0.055267702936096716,1076.6,4.19,0.0
4515,2,459,1.4579999999999735,0.05664488017429194,1076.8,4.19,0.0
4516,0,179,-0.8219999999999998,0.055865921787709494,1076.9,4.19,0.0
4517,4,729,3.7279999999999935,0.056241426611796985,1077.3,4.19,0.0
4518,0,179,-0.8219999999999998,0.055865921787709494,1077.4,4.19,0.0
4519,1,336,0.3349999999999871,0.05654761904761905,1077.6,4.19,0.0
4520,5,846,4.845000000000032,0.05555555555555555,1078.0,4.19,0.0
4521,1,313,0.3119999999999896,0.05750798722044728,1078.2,4.19,0.0
4522,0,179,-0.8219999999999998,0.055865921787709494,1078.3,4.19,0.0
4523,1,313,0.3119999999999896,0.05750798722044728,1078.5,4.19,0.0
4524,2,461,1.4599999999999733,0.05639913232104121,1078.7,4.19,0.0
4525,3,584,2.5829999999999598,0.05650684931506849,1079.0,4.19,0.0
4526,1,313,0.3119999999999896,0.054313099041533544,1079.2,4.19,0.0
4527,1,313,0.3119999999999896,0.054313099041533544,1079.4,4.20,0.0
4528,5,862,4.861000000000037,0.05568445475638051,1079.8,4.19,0.0
4529,2,446,1.444999999999975,0.05605381165919283,1080.1,4.19,0.0
4530,0,192,-0.8089999999999998,0.057291666666666664,1080.2,4.19,0.0
4531,1,315,0.3139999999999894,0.05714285714285714,1080.3,4.20,0.0
4532,2,446,1.444999999999975,0.05605381165919283,1080.6,4.20,0.0
4533,0,187,-0.8139999999999998,0.058823529411764705,1080.7,4.20,0.0
4534,6,984,5.983000000000077,0.05589430894308943,1081.2,4.19,0.0
4535,2,446,1.444999999999975,0.05605381165919283,1081.4,4.19,0.0
4536,1,313,0.3119999999999896,0.054313099041533544,1081.6,4.19,0.0
4537,5,846,4.845000000000032,0.05555555555555555,1082.1,4.19,0.0
4538,0,192,-0.8089999999999998,0.057291666666666664,1082.2,4.19,0.0
4539,3,580,2.57899999999996,0.056896551724137934,1082.5,4.19,0.0
4540,0,179,-0.8219999999999998,0.055865921787709494,1082.6,4.19,0.0
4541,7,1120,7.119000000000032,0.05625,1083.2,4.19,0.0
4542,1,317,0.3159999999999892,0.056782334384858045,1083.3,4.19,0.0
4543,0,185,-0.8159999999999998,0.05945945945945946,1083.4,4.19,0.0
4544,5,846,4.845000000000032,0.05555555555555555,1083.9,4.19,0.0
4545,2,446,1.444999999999975,0.05605381165919283,1084.1,4.19,0.0
4546,1,313,0.3119999999999896,0.054313099041533544,1084.3,4.19,0.0
4547,1,221,0.21999999999999975,0.058823529411764705,1084.4,4.19,0.0
4548,0,185,-0.8159999999999998,0.05945945945945946,1084.5,4.19,0.0
4549,0,179,-0.8219999999999998,0.055865921787709494,1084.6,4.20,0.0
4550,0,186,-0.8149999999999998,0.05913978494623656,1084.7,4.20,0.0
4551,3,579,2.5779999999999603,0.055267702936096716,1085.0,4.20,0.0
4552,2,446,1.444999999999975,0.05605381165919283,1085.3,4.20,0.0
4553,0,179,-0.8219999999999998,0.055865921787709494,1085.4,4.20,0.0
4554,5,846,4.845000000000032,0.05555555555555555,1085.8,4.20,0.0
4555,3,592,2.590999999999959,0.05574324324324324,1086.1,4.19,0.0
4556,0,189,-0.8119999999999998,0.0582010582010582,1086.2,4.20,0.0
4557,11,1646,11.64499999999974,0.05528554070473876,1087.1,4.19,0.0
4558,2,446,1.444999999999975,0.05605381165919283,1087.3,4.19,0.0
4559,0,179,-0.8219999999999998,0.055865921787709494,1087.4,4.19,0.0
4560,0,193,-0.8079999999999998,0.05699481865284974,1087.5,4.19,0.0
4561,4,713,3.711999999999988,0.056100981767180924,1087.9,4.19,0.0
4562,3,579,2.5779999999999603,0.055267702936096716,1088.2,4.19,0.0
4563,3,609,2.607999999999957,0.05582922824302135,1088.6,4.19,0.0
4564,0,183,-0.8179999999999998,0.060109289617486336,1088.6,4.19,0.0
4565,2,446,1.444999999999975,0.05605381165919283,1088.9,4.19,0.0
4566,8,1246,8.244999999999962,0.05537720706260032,1089.6,4.19,0.0
4567,5,853,4.852000000000034,0.05627198124267292,1090.0,4.19,0.0
4568,2,482,1.480999999999971,0.056016597510373446,1090.3,4.19,0.0
4569,0,179,-0.8219999999999998,0.055865921787709494,1090.4,4.19,0.0
4570,1,339,0.33799999999998676,0.05604719764011799,1090.6,4.19,0.0
4571,3,588,2.5869999999999593,0.05612244897959184,1090.9,4.19,0.0
4572,3,579,2.5779999999999603,0.055267702936096716,1091.2,4.19,0.0
4573,1,313,0.3119999999999896,0.054313099041533544,1091.4,4.19,0.0
4574,1,313,0.3119999999999896,0.054313099041533544,1091.5,4.19,0.0
4575,2,446,1.444999999999975,0.05605381165919283,1091.8,4.19,0.0
4576,4,713,3.711999999999988,0.0546984572230014,1092.1,4.19,0.0
4577,0,182,-0.8189999999999998,0.06043956043956044,1092.2,4.19,0.0
4578,3,588,2.5869999999999593,0.05612244897959184,1092.6,4.19,0.0
4579,0,179,-0.8219999999999998,0.05027932960893855,1092.7,4.19,0.0
4580,2,446,1.444999999999975,0.05605381165919283,1092.9,4.19,0.0
4581,0,189,-0.8119999999999998,0.0582010582010582,1093.0,4.19,0.0
4582,0,179,-0.8219999999999998,0.055865921787709494,1093.1,4.19,0.0
4583,0,192,-0.8089999999999998,0.057291666666666664,1093.2,4.19,0.0
4584,1,313,0.3119999999999896,0.05750798722044728,1093.4,4.19,0.0
4585,0,179,-0.8219999999999998,0.055865921787709494,1093.5,4.19,0.0
4586,0,179,-0.8219999999999998,0.055865921787709494,1093.6,4.19,0.0
4587,4,713,3.711999999999988,0.056100981767180924,1093.9,4.19,0.0
4588,0,184,-0.8169999999999998,0.059782608695652176,1094.0,4.19,0.0
4589,4,730,3.728999999999994,0.056164383561643834,1094.4,4.19,0.0
4590,1,313,0.3119999999999896,0.05750798722044728,1094.6,4.19,0.0
4591,1,313,0.3119999999999896,0.054313099041533544,1094.8,4.19,0.0
4592,1,313,0.3119999999999896,0.054313099041533544,1094.9,4.19,0.0
4593,0,189,-0.8119999999999998,0.0582010582010582,1095.0,4.20,0.0
4594,0,190,-0.8109999999999998,0.05789473684210526,1095.1,4.20,0.0
4595,0,185,-0.8159999999999998,0.05945945945945946,1095.2,4.20,0.0
4596,6,983,5.982000000000077,0.05595116988809766,1095.8,4.20,0.0
4597,2,453,1.4519999999999742,0.05739514348785872,1096.0,4.20,0.0
4598,0,179,-0.8219999999999998,0.055865921787709494,1096.1,4.20,0.0
4599,1,313,0.3119999999999896,0.05750798722044728,1096.3,4.20,0.0
4600,0,186,-0.8149999999999998,0.05913978494623656,1096.4,4.20,0.0
4601,1,335,0.3339999999999872,0.056716417910447764,1096.6,4.20,0.0
4602,5,855,4.854000000000035,0.056140350877192984,1097.0,4.20,0.0
4603,0,179,-0.8219999999999998,0.055865921787709494,1097.1,4.20,0.0
4604,9,1379,9.377999999999888,0.05583756345177665,1097.8,4.19,0.0
4605,7,1113,7.112000000000036,0.055705300988319856,1098.4,4.19,0.0
4606,0,187,-0.8139999999999998,0.058823529411764705,1098.6,4.19,0.0
4607,0,179,-0.8219999999999998,0.055865921787709494,1098.7,4.19,0.0
4608,5,856,4.855000000000035,0.056074766355140186,1099.1,4.19,0.0
4609,3,582,2.58099999999996,0.05670103092783505,1099.4,4.19,0.0
4610,2,462,1.4609999999999732,0.05627705627705628,1099.7,4.19,0.0
4611,0,179,-0.8219999999999998,0.055865921787709494,1099.7,4.19,0.0
4612,1,313,0.3119999999999896,0.054313099041533544,1099.9,4.19,0.0
4613,6,979,5.978000000000075,0.05515832482124617,1100.4,4.19,0.0
4614,0,185,-0.8159999999999998,0.05945945945945946,1100.5,4.19,0.0
4615,5,846,4.845000000000032,0.05555555555555555,1101.0,4.19,0.0
4616,0,179,-0.8219999999999998,0.055865921787709494,1101.1,4.19,0.0
4617,2,448,1.4469999999999748,0.05580357142857143,1101.3,4.19,0.0
4618,5,846,4.845000000000032,0.05555555555555555,1101.8,4.19,0.0
4619,2,446,1.444999999999975,0.05605381165919283,1102.0,4.19,0.0
4620,2,446,1.444999999999975,0.053811659192825115,1102.3,4.19,0.0
4621,5,862,4.861000000000037,0.05568445475638051,1102.7,4.19,0.0
4622,0,187,-0.8139999999999998,0.058823529411764705,1102.8,4.19,0.0
4623,2,446,1.444999999999975,0.05605381165919283,1103.1,4.19,0.0
4624,0,179,-0.8219999999999998,0.055865921787709494,1103.2,4.19,0.0
4625,0,185,-0.8159999999999998,0.05945945945945946,1103.3,4.19,0.0
4626,0,179,-0.8219999999999998,0.055865921787709494,1103.3,4.19,0.0
4627,2,446,1.444999999999975,0.053811659192825115,1103.6,4.19,0.0
4628,2,455,1.453999999999974,0.05714285714285714,1103.8,4.19,0.0
4629,0,179,-0.8219999999999998,0.055865921787709494,1103.9,4.19,0.0
4630,6,987,5.986000000000078,0.05572441742654509,1104.5,4.19,0.0
4631,0,179,-0.8219999999999998,0.055865921787709494,1104.6,4.19,0.0
4632,0,191,-0.8099999999999998,0.05759162303664921,1104.7,4.19,0.0
4633,5,851,4.850000000000033,0.0564042303172738,1105.1,4.19,0.0
4634,1,313,0.3119999999999896,0.05750798722044728,1105.3,4.19,0.0
4635,5,874,4.873000000000041,0.05606407322654462,1105.8,4.19,0.0
4636,1,339,0.33799999999998676,0.05604719764011799,1105.9,4.19,0.0
4637,2,446,1.444999999999975,0.05605381165919283,1106.2,4.19,0.0
4638,1,318,0.31699999999998907,0.05660377358490566,1106.3,4.19,0.0
4639,7,1113,7.112000000000036,0.055705300988319856,1106.9,4.19,0.0
4640,1,314,0.3129999999999895,0.05732484076433121,1107.1,4.19,0.0
4641,0,179,-0.8219999999999998,0.055865921787709494,1107.2,4.19,0.0
4642,2,461,1.4599999999999733,0.05639913232104121,1107.4,4.19,0.0
4643,3,579,2.5779999999999603,0.055267702936096716,1107.7,4.19,0.0
4644,0,179,-0.8219999999999998,0.055865921787709494,1107.9,4.19,0.0
4645,4,713,3.711999999999988,0.056100981767180924,1108.2,4.19,0.0
4646,2,446,1.444999999999975,0.05605381165919283,1108.5,4.19,0.0
4647,1,313,0.3119999999999896,0.054313099041533544,1108.6,4.19,0.0
4648,2,446,1.444999999999975,0.053811659192825115,1108.9,4.19,0.0
4649,6,983,5.982000000000077,0.05595116988809766,1109.4,4.19,0.0
4650,0,211,-0.7899999999999998,0.05687203791469194,1109.5,4.19,0.0
4651,0,186,-0.8149999999999998,0.05913978494623656,1109.6,4.19,0.0
4652,1,316,0.3149999999999893,0.056962025316455694,1109.8,4.19,0.0
4653,0,179,-0.8219999999999998,0.05027932960893855,1109.9,4.19,0.0
4654,4,727,3.725999999999993,0.05639614855570839,1110.3,4.19,0.0
4655,1,313,0.3119999999999896,0.054313099041533544,1110.5,4.19,0.0
4656,0,189,-0.8119999999999998,0.0582010582010582,1110.6,4.19,0.0
4657,3,579,2.5779999999999603,0.055267702936096716,1110.9,4.19,0.0
4658,1,316,0.3149999999999893,0.056962025316455694,1111.0,4.19,0.0
4659,6,979,5.978000000000075,0.056179775280898875,1111.6,4.19,0.0
4660,2,446,1.444999999999975,0.05605381165919283,1111.8,4.19,0.0
4661,4,713,3.711999999999988,0.056100981767180924,1112.2,4.19,0.0
4662,0,191,-0.8099999999999998,0.05759162303664921,1112.3,4.19,0.0
4663,1,313,0.3119999999999896,0.05750798722044728,1112.4,4.19,0.0
4664,3,579,2.5779999999999603,0.055267702936096716,1112.7,4.19,0.0
4665,4,713,3.711999999999988,0.0546984572230014,1113.1,4.19,0.0
4666,2,456,1.4549999999999739,0.05701754385964912,1113.4,4.19,0.0
4667,3,587,2.5859999999999594,0.056218057921635436,1113.7,4.19,0.0
4668,1,338,0.33699999999998687,0.05621301775147929,1113.9,4.19,0.0
4669,1,313,0.3119999999999896,0.054313099041533544,1114.0,4.19,0.0
4670,0,179,-0.8219999999999998,0.055865921787709494,1114.1,4.19,0.0
4671,0,182,-0.8189999999999998,0.06043956043956044,1114.2,4.19,0.0
4672,2,446,1.444999999999975,0.053811659192825115,1114.5,4.19,0.0
4673,0,179,-0.8219999999999998,0.055865921787709494,1114.6,4.19,0.0
4674,0,179,-0.8219999999999998,0.055865921787709494,1114.7,4.19,0.0
4675,0,179,-0.8219999999999998,0.055865921787709494,1114.8,4.19,0.0
4676,3,580,2.57899999999996,0.056896551724137934,1115.1,4.19,0.0
4677,0,179,-0.8219999999999998,0.055865921787709494,1115.2,4.19,0.0
4678,3,583,2.58199999999996,0.05660377358490566,1115.5,4.19,0.0
4679,3,579,2.5779999999999603,0.055267702936096716,1115.8,4.19,0.0
4680,3,590,2.588999999999959,0.05593220338983051,1116.2,4.19,0.0
4681,6,979,5.978000000000075,0.05515832482124617,1116.7,4.19,0.0
4682,2,446,1.444999999999975,0.05605381165919283,1116.9,4.19,0.0
4683,1,313,0.3119999999999896,0.054313099041533544,1117.1,4.19,0.0
4684,0,179,-0.8219999999999998,0.055865921787709494,1117.2,4.19,0.0
4685,0,179,-0.8219999999999998,0.055865921787709494,1117.3,4.19,0.0
4686,0,180,-0.8209999999999998,0.06111111111111111,1117.4,4.19,0.0
4687,0,179,-0.8219999999999998,0.055865921787709494,1117.5,4.20,0.0
4688,3,579,2.5779999999999603,0.055267702936096716,1117.8,4.19,0.0
4689,0,179,-0.8219999999999998,0.055865921787709494,1117.9,4.20,0.0
4690,3,579,2.5779999999999603,0.055267702936096716,1118.2,4.20,0.0
4691,1,314,0.3129999999999895,0.05732484076433121,1118.4,4.20,0.0
4692,1,337,0.335999999999987,0.05637982195845697,1118.5,4.20,0.0
4693,4,713,3.711999999999988,0.056100981767180924,1118.9,4.20,0.0
4694,0,179,-0.8219999999999998,0.055865921787709494,1119.0,4.20,0.0
4695,0,179,-0.8219999999999998,0.055865921787709494,1119.1,4.20,0.0
4696,0,179,-0.8219999999999998,0.055865921787709494,1119.2,4.20,0.0
4697,5,854,4.853000000000034,0.05620608899297424,1119.7,4.20,0.0
4698,0,179,-0.8219999999999998,0.055865921787709494,1119.8,4.20,0.0
4699,1,313,0.3119999999999896,0.05750798722044728,1119.9,4.20,0.0
4700,1,313,0.3119999999999896,0.05750798722044728,1120.1,4.20,0.0
4701,1,317,0.3159999999999892,0.056782334384858045,1120.3,4.20,0.0
4702,0,179,-0.8219999999999998,0.055865921787709494,1120.4,4.20,0.0
4703,3,584,2.5829999999999598,0.05650684931506849,1120.7,4.20,0.0
4704,3,588,2.5869999999999593,0.05612244897959184,1121.0,4.20,0.0
4705,2,473,1.471999999999972,0.05708245243128964,1121.2,4.20,0.0
4706,5,846,4.845000000000032,0.05555555555555555,1121.7,4.20,0.0
4707,1,313,0.3119999999999896,0.05750798722044728,1121.8,4.20,0.0
4708,0,179,-0.8219999999999998,0.055865921787709494,1121.9,4.20,0.0
4709,0,179,-0.8219999999999998,0.055865921787709494,1122.0,4.20,0.0
4710,2,446,1.444999999999975,0.05605381165919283,1122.3,4.20,0.0
4711,2,354,1.352999999999985,0.05649717514124294,1122.5,4.20,0.0
4712,0,179,-0.8219999999999998,0.055865921787709494,1122.5,4.20,0.0
4713,2,461,1.4599999999999733,0.05639913232104121,1122.8,4.20,0.0
4714,0,179,-0.8219999999999998,0.055865921787709494,1122.9,4.20,0.0
4715,2,446,1.444999999999975,0.05605381165919283,1123.1,4.20,0.0
4716,0,191,-0.8099999999999998,0.05759162303664921,1123.2,4.20,0.0
4717,4,735,3.7339999999999955,0.055782312925170066,1123.6,4.20,0.0
4718,0,179,-0.8219999999999998,0.055865921787709494,1123.7,4.20,0.0
4719,1,313,0.3119999999999896,0.054313099041533544,1123.9,4.20,0.0
4720,0,184,-0.8169999999999998,0.059782608695652176,1124.0,4.20,0.0
4721,0,179,-0.8219999999999998,0.05027932960893855,1124.1,4.20,0.0
4722,5,846,4.845000000000032,0.05555555555555555,1124.5,4.20,0.0
4723,5,857,4.856000000000035,0.056009334889148193,1125.0,4.20,0.0
4724,1,313,0.3119999999999896,0.054313099041533544,1125.1,4.20,0.0
4725,2,446,1.444999999999975,0.05605381165919283,1125.4,4.20,0.0
4726,4,713,3.711999999999988,0.056100981767180924,1125.8,4.20,0.0
4727,0,179,-0.8219999999999998,0.055865921787709494,1125.8,4.20,0.0
4728,2,446,1.444999999999975,0.05605381165919283,1126.1,4.20,0.0
4729,3,579,2.5779999999999603,0.055267702936096716,1126.4,4.20,0.0
4730,3,579,2.5779999999999603,0.055267702936096716,1126.7,4.20,0.0
4731,1,340,0.33899999999998665,0.05588235294117647,1126.9,4.20,0.0
4732,6,979,5.978000000000075,0.056179775280898875,1127.4,4.20,0.0
4733,1,313,0.3119999999999896,0.054313099041533544,1127.6,4.20,0.0
4734,1,317,0.3159999999999892,0.056782334384858045,1127.7,4.20,0.0
4735,2,446,1.444999999999975,0.053811659192825115,1128.0,4.20,0.0
4736,3,581,2.57999999999996,0.05679862306368331,1128.3,4.20,0.0
4737,1,313,0.3119999999999896,0.054313099041533544,1128.5,4.20,0.0
4738,9,1380,9.378999999999888,0.05579710144927536,1129.2,4.20,0.0
4739,3,609,2.607999999999957,0.05582922824302135,1129.5,4.20,0.0
4740,2,453,1.4519999999999742,0.05739514348785872,1129.8,4.20,0.0
4741,3,593,2.591999999999959,0.05564924114671164,1130.1,4.20,0.0
4742,2,447,1.4459999999999749,0.05592841163310962,1130.3,4.20,0.0
4743,2,464,1.462999999999973,0.05603448275862069,1130.6,4.20,0.0
4744,1,313,0.3119999999999896,0.05750798722044728,1130.8,4.20,0.0
4745,1,313,0.3119999999999896,0.054313099041533544,1130.9,4.20,0.0
4746,1,339,0.33799999999998676,0.05604719764011799,1131.1,4.20,0.0
4747,4,713,3.711999999999988,0.056100981767180924,1131.5,4.20,0.0
4748,6,979,5.978000000000075,0.05515832482124617,1132.0,4.20,0.0
4749,7,1113,7.112000000000036,0.055705300988319856,1132.6,4.19,0.0
4750,0,187,-0.8139999999999998,0.058823529411764705,1132.7,4.19,0.0
4751,8,1246,8.244999999999962,0.05537720706260032,1133.4,4.19,0.0
4752,2,455,1.453999999999974,0.05714285714285714,1133.6,4.19,0.0
4753,3,579,2.5779999999999603,0.055267702936096716,1133.9,4.19,0.0
4754,2,446,1.444999999999975,0.05605381165919283,1134.2,4.19,0.0
4755,4,748,3.747,0.05614973262032086,1134.6,4.19,0.0
4756,1,313,0.3119999999999896,0.054313099041533544,1134.7,4.19,0.0
4757,0,179,-0.8219999999999998,0.05027932960893855,1134.8,4.19,0.0
4758,5,861,4.860000000000037,0.05574912891986063,1135.3,4.19,0.0
4759,0,179,-0.8219999999999998,0.055865921787709494,1135.4,4.19,0.0
4760,3,591,2.589999999999959,0.05583756345177665,1135.7,4.19,0.0
4761,0,179,-0.8219999999999998,0.055865921787709494,1135.8,4.19,0.0
4762,0,179,-0.8219999999999998,0.055865921787709494,1135.9,4.19,0.0
4763,0,179,-0.8219999999999998,0.055865921787709494,1136.0,4.19,0.0
4764,2,446,1.444999999999975,0.05605381165919283,1136.2,4.19,0.0
4765,2,457,1.4559999999999738,0.05689277899343545,1136.4,4.19,0.0
4766,3,579,2.5779999999999603,0.055267702936096716,1136.8,4.19,0.0
4767,1,331,0.32999999999998764,0.05740181268882175,1136.9,4.19,0.0
4768,6,979,5.978000000000075,0.056179775280898875,1137.5,4.19,0.0
4769,2,446,1.444999999999975,0.053811659192825115,1137.7,4.19,0.0
4770,3,583,2.58199999999996,0.05660377358490566,1138.0,4.19,0.0
4771,5,846,4.845000000000032,0.05555555555555555,1138.5,4.19,0.0
4772,9,1400,9.398999999999877,0.055714285714285716,1139.2,4.19,0.0
4773,1,318,0.31699999999998907,0.05660377358490566,1139.4,4.19,0.0
4774,1,313,0.3119999999999896,0.054313099041533544,1139.6,4.19,0.0
4775,1,313,0.3119999999999896,0.054313099041533544,1139.7,4.19,0.0
4776,4,748,3.747,0.05614973262032086,1140.1,4.19,0.0
4777,2,462,1.4609999999999732,0.05627705627705628,1140.4,4.19,0.0
4778,0,179,-0.8219999999999998,0.055865921787709494,1140.5,4.19,0.0
4779,2,446,1.444999999999975,0.05605381165919283,1140.7,4.19,0.0
4780,0,179,-0.8219999999999998,0.055865921787709494,1140.8,4.19,0.0
4781,0,179,-0.8219999999999998,0.055865921787709494,1140.9,4.19,0.0
4782,0,179,-0.8219999999999998,0.055865921787709494,1141.0,4.19,0.0
4783,1,313,0.3119999999999896,0.054313099041533544,1141.2,4.19,0.0
4784,0,192,-0.8089999999999998,0.057291666666666664,1141.3,4.19,0.0
4785,2,446,1.444999999999975,0.05605381165919283,1141.5,4.19,0.0
4786,2,446,1.444999999999975,0.05605381165919283,1141.8,4.19,0.0
4787,1,335,0.3339999999999872,0.056716417910447764,1141.9,4.19,0.0
4788,5,846,4.845000000000032,0.05673758865248227,1142.4,4.19,0.0
4789,1,313,0.3119999999999896,0.05750798722044728,1142.6,4.19,0.0
4790,0,179,-0.8219999999999998,0.05027932960893855,1142.7,4.19,0.0
4791,1,337,0.335999999999987,0.05637982195845697,1142.8,4.19,0.0
4792,0,192,-0.8089999999999998,0.057291666666666664,1142.9,4.19,0.0
4793,0,179,-0.8219999999999998,0.055865921787709494,1143.0,4.19,0.0
4794,2,461,1.4599999999999733,0.05639913232104121,1143.3,4.19,0.0
4795,0,191,-0.8099999999999998,0.05759162303664921,1143.4,4.19,0.0
4796,1,338,0.33699999999998687,0.05621301775147929,1143.6,4.19,0.0
4797,0,188,-0.8129999999999998,0.05851063829787234,1143.7,4.20,0.0
4798,2,463,1.461999999999973,0.056155507559395246,1143.9,4.20,0.0
4799,2,478,1.4769999999999714,0.056485355648535567,1144.2,4.20,0.0
4800,0,179,-0.8219999999999998,0.055865921787709494,1144.3,4.20,0.0
4801,9,1393,9.39199999999988,0.05599425699928212,1145.0,4.19,0.0
4802,0,179,-0.8219999999999998,0.055865921787709494,1145.1,4.19,0.0
4803,2,447,1.4459999999999749,0.05592841163310962,1145.4,4.19,0.0
4804,1,319,0.31799999999998896,0.05642633228840126,1145.5,4.19,0.0
4805,1,313,0.3119999999999896,0.054313099041533544,1145.7,4.19,0.0
4806,2,446,1.444999999999975,0.05605381165919283,1146.0,4.19,0.0
4807,0,193,-0.8079999999999998,0.05699481865284974,1146.1,4.20,0.0
4808,0,186,-0.8149999999999998,0.05913978494623656,1146.2,4.20,0.0
4809,2,454,1.452999999999974,0.05726872246696035,1146.4,4.20,0.0
4810,0,179,-0.8219999999999998,0.055865921787709494,1146.5,4.20,0.0
4811,7,1124,7.1230000000000295,0.05604982206405694,1147.1,4.19,0.0
4812,4,713,3.711999999999988,0.0546984572230014,1147.5,4.19,0.0
4813,5,846,4.845000000000032,0.05555555555555555,1147.9,4.19,0.0
4814,1,313,0.3119999999999896,0.05750798722044728,1148.1,4.19,0.0
4815,3,579,2.5779999999999603,0.055267702936096716,1148.4,4.19,0.0
4816,0,179,-0.8219999999999998,0.055865921787709494,1148.5,4.19,0.0
4817,1,313,0.3119999999999896,0.054313099041533544,1148.7,4.19,0.0
4818,0,179,-0.8219999999999998,0.055865921787709494,1148.8,4.19,0.0
4819,1,313,0.3119999999999896,0.05750798722044728,1148.9,4.20,0.0
4820,0,182,-0.8189999999999998,0.06043956043956044,1149.0,4.20,0.0
4821,1,313,0.3119999999999896,0.05750798722044728,1149.2,4.20,0.0
4822,3,609,2.607999999999957,0.05582922824302135,1149.5,4.20,0.0
4823,2,446,1.444999999999975,0.05605381165919283,1149.8,4.20,0.0
4824,0,179,-0.8219999999999998,0.055865921787709494,1149.9,4.20,0.0
4825,1,340,0.33899999999998665,0.05588235294117647,1150.1,4.20,0.0
4826,0,188,-0.8129999999999998,0.05851063829787234,1150.2,4.20,0.0
4827,1,313,0.3119999999999896,0.054313099041533544,1150.3,4.20,0.0
4828,4,713,3.711999999999988,0.056100981767180924,1150.7,4.20,0.0
4829,0,179,-0.8219999999999998,0.05027932960893855,1150.8,4.20,0.0
4830,0,187,-0.8139999999999998,0.058823529411764705,1150.9,4.20,0.0
4831,1,313,0.3119999999999896,0.054313099041533544,1151.0,4.20,0.0
4832,0,213,-0.7879999999999998,0.056338028169014086,1151.2,4.20,0.0
4833,5,858,4.857000000000036,0.055944055944055944,1151.6,4.20,0.0
4834,1,335,0.3339999999999872,0.056716417910447764,1151.8,4.20,0.0
4835,2,446,1.444999999999975,0.05605381165919283,1152.0,4.20,0.0
4836,0,179,-0.8219999999999998,0.055865921787709494,1152.1,4.20,0.0
4837,2,446,1.444999999999975,0.05605381165919283,1152.4,4.20,0.0
4838,1,313,0.3119999999999896,0.05750798722044728,1152.5,4.20,0.0
4839,1,336,0.3349999999999871,0.05654761904761905,1152.7,4.20,0.0
4840,3,610,2.608999999999957,0.05573770491803279,1153.0,4.20,0.0
4841,2,446,1.444999999999975,0.05605381165919283,1153.2,4.20,0.0
4842,2,458,1.4569999999999736,0.056768558951965066,1153.5,4.20,0.0
4843,0,189,-0.8119999999999998,0.0582010582010582,1153.6,4.20,0.0
4844,1,313,0.3119999999999896,0.054313099041533544,1153.8,4.20,0.0
4845,0,179,-0.8219999999999998,0.055865921787709494,1153.9,4.20,0.0
4846,2,446,1.444999999999975,0.05605381165919283,1154.1,4.20,0.0
4847,4,713,3.711999999999988,0.056100981767180924,1154.5,4.20,0.0
4848,0,179,-0.8219999999999998,0.055865921787709494,1154.6,4.20,0.0
4849,3,589,2.587999999999959,0.05602716468590832,1154.9,4.20,0.0
4850,0,179,-0.8219999999999998,0.055865921787709494,1155.0,4.20,0.0
4851,0,190,-0.8109999999999998,0.05789473684210526,1155.1,4.20,0.0
4852,2,446,1.444999999999975,0.053811659192825115,1155.3,4.20,0.0
4853,10,1513,10.511999999999814,0.05551883674818242,1156.2,4.20,0.0
4854,3,579,2.5779999999999603,0.05699481865284974,1156.5,4.20,0.0
4855,1,314,0.3129999999999895,0.05732484076433121,1156.6,4.20,0.0
4856,1,313,0.3119999999999896,0.05750798722044728,1156.8,4.20,0.0
4857,0,186,-0.8149999999999998,0.05913978494623656,1156.9,4.20,0.0
4858,3,588,2.5869999999999593,0.05612244897959184,1157.2,4.20,0.0
4859,2,446,1.444999999999975,0.05605381165919283,1157.5,4.20,0.0
4860,1,313,0.3119999999999896,0.05750798722044728,1157.7,4.20,0.0
4861,4,713,3.711999999999988,0.0546984572230014,1158.0,4.20,0.0
4862,0,190,-0.8109999999999998,0.05789473684210526,1158.1,4.20,0.0
4863,3,579,2.5779999999999603,0.055267702936096716,1158.4,4.20,0.0
4864,4,713,3.711999999999988,0.056100981767180924,1158.8,4.20,0.0
4865,4,713,3.711999999999988,0.056100981767180924,1159.2,4.20,0.0
4866,5,846,4.845000000000032,0.05555555555555555,1159.6,4.20,0.0
4867,4,713,3.711999999999988,0.056100981767180924,1160.0,4.20,0.0
4868,0,189,-0.8119999999999998,0.0582010582010582,1160.1,4.20,0.0
4869,0,179,-0.8219999999999998,0.055865921787709494,1160.2,4.20,0.0
4870,2,446,1.444999999999975,0.05605381165919283,1160.5,4.20,0.0
4871,1,313,0.3119999999999896,0.05750798722044728,1160.6,4.20,0.0
4872,2,446,1.444999999999975,0.053811659192825115,1160.9,4.20,0.0
4873,0,179,-0.8219999999999998,0.055865921787709494,1161.0,4.20,0.0
4874,1,313,0.3119999999999896,0.054313099041533544,1161.1,4.20,0.0
4875,0,179,-0.8219999999999998,0.055865921787709494,1161.2,4.20,0.0
4876,0,179,-0.8219999999999998,0.055865921787709494,1161.3,4.20,0.0
4877,5,846,4.845000000000032,0.05555555555555555,1161.8,4.20,0.0
4878,1,313,0.3119999999999896,0.05750798722044728,1161.9,4.20,0.0
4879,2,462,1.4609999999999732,0.05627705627705628,1162.2,4.20,0.0
4880,0,179,-0.8219999999999998,0.055865921787709494,1162.3,4.20,0.0
4881,1,313,0.3119999999999896,0.05750798722044728,1162.5,4.20,0.0
4882,3,579,2.5779999999999603,0.055267702936096716,1162.8,4.20,0.0
4883,0,184,-0.8169999999999998,0.059782608695652176,1162.9,4.20,0.0
4884,5,846,4.845000000000032,0.05555555555555555,1163.3,4.20,0.0
4885,2,446,1.444999999999975,0.053811659192825115,1163.6,4.20,0.0
4886,3,579,2.5779999999999603,0.055267702936096716,1163.9,4.20,0.0
4887,1,321,0.31999999999998874,0.056074766355140186,1164.0,4.20,0.0
4888,1,313,0.3119999999999896,0.054313099041533544,1164.2,4.20,0.0
4889,1,313,0.3119999999999896,0.05750798722044728,1164.4,4.20,0.0
4890,9,1379,9.377999999999888,0.05511240029006526,1165.1,4.20,0.0
4891,1,313,0.3119999999999896,0.054313099041533544,1165.3,4.20,0.0
4892,5,846,4.845000000000032,0.05555555555555555,1165.8,4.20,0.0
4893,3,579,2.5779999999999603,0.055267702936096716,1166.1,4.20,0.0
4894,3,590,2.588999999999959,0.05593220338983051,1166.4,4.20,0.0
4895,0,179,-0.8219999999999998,0.055865921787709494,1166.5,4.20,0.0
4896,2,461,1.4599999999999733,0.05639913232104121,1166.7,4.20,0.0
4897,3,579,2.5779999999999603,0.055267702936096716,1167.0,4.20,0.0
4898,1,340,0.33899999999998665,0.05588235294117647,1167.2,4.20,0.0
4899,0,179,-0.8219999999999998,0.055865921787709494,1167.3,4.20,0.0
4900,4,729,3.7279999999999935,0.056241426611796985,1167.7,4.20,0.0
4901,3,609,2.607999999999957,0.05582922824302135,1168.0,4.20,0.0
4902,2,446,1.444999999999975,0.05605381165919283,1168.2,4.20,0.0
4903,7,1113,7.112000000000036,0.055705300988319856,1168.8,4.20,0.0
4904,6,979,5.978000000000075,0.05515832482124617,1169.3,4.19,0.0
4905,5,852,4.851000000000034,0.056338028169014086,1169.8,4.19,0.0
4906,0,195,-0.8059999999999998,0.05641025641025641,1169.9,4.19,0.0
4907,4,724,3.722999999999992,0.05662983425414365,1170.3,4.19,0.0
4908,4,713,3.711999999999988,0.056100981767180924,1170.7,4.19,0.0
4909,2,455,1.453999999999974,0.05714285714285714,1170.9,4.19,0.0
4910,4,713,3.711999999999988,0.056100981767180924,1171.3,4.19,0.0
4911,0,179,-0.8219999999999998,0.055865921787709494,1171.4,4.19,0.0
4912,4,735,3.7339999999999955,0.055782312925170066,1171.8,4.19,0.0
4913,2,446,1.444999999999975,0.053811659192825115,1172.0,4.19,0.0
4914,1,313,0.3119999999999896,0.054313099041533544,1172.2,4.19,0.0
4915,1,313,0.3119999999999896,0.054313099041533544,1172.3,4.19,0.0
4916,0,189,-0.8119999999999998,0.0582010582010582,1172.4,4.19,0.0
4917,3,587,2.5859999999999594,0.056218057921635436,1172.7,4.19,0.0
4918,2,446,1.444999999999975,0.05605381165919283,1173.0,4.19,0.0
4919,1,313,0.3119999999999896,0.05750798722044728,1173.2,4.19,0.0
4920,0,185,-0.8159999999999998,0.05945945945945946,1173.3,4.19,0.0
4921,8,1254,8.252999999999957,0.05582137161084529,1173.9,4.19,0.0
4922,1,336,0.3349999999999871,0.05654761904761905,1174.1,4.19,0.0
4923,0,183,-0.8179999999999998,0.060109289617486336,1174.2,4.19,0.0
4924,7,1113,7.112000000000036,0.055705300988319856,1174.8,4.19,0.0
4925,0,189,-0.8119999999999998,0.0582010582010582,1174.9,4.19,0.0
4926,6,979,5.978000000000075,0.05515832482124617,1175.5,4.19,0.0
4927,0,179,-0.8219999999999998,0.055865921787709494,1175.5,4.19,0.0
4928,3,592,2.590999999999959,0.05574324324324324,1175.9,4.19,0.0
4929,3,589,2.587999999999959,0.05602716468590832,1176.2,4.19,0.0
4930,1,313,0.3119999999999896,0.054313099041533544,1176.4,4.19,0.0
4931,2,467,1.4659999999999727,0.055674518201284794,1176.6,4.19,0.0
4932,1,313,0.3119999999999896,0.05750798722044728,1176.8,4.19,0.0
4933,3,590,2.588999999999959,0.05593220338983051,1177.1,4.19,0.0
4934,1,313,0.3119999999999896,0.05750798722044728,1177.2,4.19,0.0
4935,1,313,0.3119999999999896,0.054313099041533544,1177.4,4.19,0.0
4936,1,313,0.3119999999999896,0.054313099041533544,1177.6,4.19,0.0
4937,1,313,0.3119999999999896,0.054313099041533544,1177.7,4.19,0.0
4938,1,315,0.3139999999999894,0.05714285714285714,1177.9,4.19,0.0
4939,8,1246,8.244999999999962,0.05537720706260032,1178.6,4.19,0.0
4940,7,1113,7.112000000000036,0.055705300988319856,1179.2,4.19,0.0
4941,0,179,-0.8219999999999998,0.055865921787709494,1179.2,4.19,0.0
4942,3,579,2.5779999999999603,0.055267702936096716,1179.6,4.19,0.0
4943,0,179,-0.8219999999999998,0.055865921787709494,1179.7,4.19,0.0
4944,1,313,0.3119999999999896,0.054313099041533544,1179.8,4.19,0.0
4945,5,851,4.850000000000033,0.0564042303172738,1180.3,4.19,0.0
4946,0,179,-0.8219999999999998,0.055865921787709494,1180.4,4.19,0.0
4947,4,713,3.711999999999988,0.056100981767180924,1180.8,4.19,0.0
4948,3,580,2.57899999999996,0.056896551724137934,1181.1,4.19,0.0
4949,1,315,0.3139999999999894,0.05714285714285714,1181.2,4.19,0.0
4950,0,179,-0.8219999999999998,0.05027932960893855,1181.3,4.19,0.0
4951,1,336,0.3349999999999871,0.05654761904761905,1181.5,4.19,0.0
4952,2,446,1.444999999999975,0.05605381165919283,1181.8,4.19,0.0
4953,0,179,-0.8219999999999998,0.055865921787709494,1181.8,4.19,0.0
4954,1,313,0.3119999999999896,0.054313099041533544,1182.0,4.19,0.0
4955,4,713,3.711999999999988,0.0546984572230014,1182.4,4.19,0.0
4956,4,737,3.735999999999996,0.05563093622795115,1182.8,4.19,0.0
4957,3,579,2.5779999999999603,0.055267702936096716,1183.1,4.19,0.0
4958,2,446,1.444999999999975,0.05605381165919283,1183.3,4.19,0.0
4959,2,477,1.4759999999999716,0.05660377358490566,1183.6,4.19,0.0
4960,1,319,0.31799999999998896,0.05642633228840126,1183.8,4.19,0.0
4961,0,179,-0.8219999999999998,0.055865921787709494,1183.9,4.19,0.0
4962,0,185,-0.8159999999999998,0.05945945945945946,1184.0,4.19,0.0
4963,1,313,0.3119999999999896,0.05750798722044728,1184.1,4.19,0.0
4964,4,730,3.728999999999994,0.056164383561643834,1184.5,4.19,0.0
4965,4,736,3.734999999999996,0.05570652173913043,1184.9,4.19,0.0
4966,0,183,-0.8179999999999998,0.060109289617486336,1185.0,4.19,0.0
4967,1,313,0.3119999999999896,0.054313099041533544,1185.2,4.19,0.0
4968,1,316,0.3149999999999893,0.056962025316455694,1185.3,4.19,0.0
4969,2,457,1.4559999999999738,0.05689277899343545,1185.6,4.19,0.0
4970,2,483,2.481999999999971,0.055900621118012424,1185.8,4.19,0.0
4971,3,586,2.5849999999999596,0.05631399317406143,1186.2,4.19,0.0
4972,1,313,0.3119999999999896,0.05750798722044728,1186.3,4.19,0.0
4973,2,454,1.452999999999974,0.05726872246696035,1186.6,4.19,0.0
4974,0,179,-0.8219999999999998,0.05027932960893855,1186.7,4.19,0.0
4975,0,179,-0.8219999999999998,0.055865921787709494,1186.7,4.19,0.0
4976,4,732,3.7309999999999945,0.056010928961748634,1187.1,4.19,0.0
4977,1,338,0.33699999999998687,0.05621301775147929,1187.3,4.19,0.0
4978,5,846,4.845000000000032,0.05555555555555555,1187.8,4.19,0.0
4979,2,448,1.4469999999999748,0.05580357142857143,1188.0,4.19,0.0
4980,2,463,1.461999999999973,0.056155507559395246,1188.3,4.19,0.0
4981,1,313,0.3119999999999896,0.054313099041533544,1188.4,4.19,0.0
4982,4,735,3.7339999999999955,0.055782312925170066,1188.8,4.19,0.0
4983,1,339,0.33799999999998676,0.05604719764011799,1189.0,4.19,0.0
4984,2,446,1.444999999999975,0.05605381165919283,1189.2,4.19,0.0
4985,4,713,3.711999999999988,0.056100981767180924,1189.6,4.19,0.0
4986,0,189,-0.8119999999999998,0.0582010582010582,1189.7,4.19,0.0
4987,1,313,0.3119999999999896,0.054313099041533544,1189.9,4.19,0.0
4988,5,854,4.853000000000034,0.05620608899297424,1190.4,4.19,0.0
4989,1,317,0.3159999999999892,0.056782334384858045,1190.5,4.19,0.0
4990,2,467,1.4659999999999727,0.055674518201284794,1190.8,4.19,0.0
4991,1,313,0.3119999999999896,0.05750798722044728,1190.9,4.19,0.0
4992,2,454,1.452999999999974,0.05726872246696035,1191.2,4.19,0.0
4993,2,446,1.444999999999975,0.05605381165919283,1191.4,4.19,0.0
4994,1,316,0.3149999999999893,0.056962025316455694,1191.6,4.19,0.0
4995,4,713,3.711999999999988,0.056100981767180924,1192.0,4.19,0.0
4996,2,449,1.4479999999999746,0.0556792873051225,1192.2,4.19,0.0
4997,0,179,-0.8219999999999998,0.055865921787709494,1192.3,4.19,0.0
4998,0,179,-0.8219999999999998,0.055865921787709494,1192.4,4.19,0.0
4999,0,183,-0.8179999999999998,0.060109289617486336,1192.5,4.19,0.0
5000,0,179,-0.8219999999999998,0.055865921787709494,1192.6,4.19,0.0
5001,0,191,-0.8099999999999998,0.05759162303664921,1195.8,4.18,0.0
5002,1,317,0.3159999999999892,0.056782334384858045,1196.0,4.18,0.0
5003,5,846,4.845000000000032,0.05555555555555555,1196.4,4.18,0.0
5004,0,179,-0.8219999999999998,0.055865921787709494,1196.5,4.18,0.0
5005,0,183,-0.8179999999999998,0.060109289617486336,1196.6,4.18,0.0
5006,0,179,-0.8219999999999998,0.055865921787709494,1196.7,4.18,0.0
5007,4,730,3.728999999999994,0.056164383561643834,1197.1,4.18,0.0
5008,2,464,1.462999999999973,0.05603448275862069,1197.3,4.18,0.0
5009,1,339,0.33799999999998676,0.05604719764011799,1197.5,4.18,0.0
5010,1,313,0.3119999999999896,0.05750798722044728,1197.7,4.18,0.0
5011,1,313,0.3119999999999896,0.054313099041533544,1197.9,4.18,0.0
5012,0,185,-0.8159999999999998,0.05945945945945946,1197.9,4.18,0.0
5013,3,579,2.5779999999999603,0.055267702936096716,1198.2,4.18,0.0
5014,1,340,0.33899999999998665,0.05588235294117647,1198.4,4.18,0.0
5015,3,592,2.590999999999959,0.05574324324324324,1198.7,4.18,0.0
5016,1,313,0.3119999999999896,0.05750798722044728,1198.9,4.18,0.0
5017,6,979,5.978000000000075,0.05515832482124617,1199.4,4.18,0.0
5018,0,179,-0.8219999999999998,0.055865921787709494,1199.5,4.18,0.0
5019,4,718,3.71699999999999,0.055710306406685235,1199.9,4.18,0.0
5020,1,313,0.3119999999999896,0.054313099041533544,1200.1,4.18,0.0
5021,2,446,1.444999999999975,0.053811659192825115,1200.3,4.18,0.0
5022,6,979,5.978000000000075,0.05515832482124617,1200.8,4.18,0.0
5023,3,579,2.5779999999999603,0.055267702936096716,1201.2,4.18,0.0
5024,2,446,1.444999999999975,0.05605381165919283,1201.4,4.18,0.0
5025,4,735,3.7339999999999955,0.055782312925170066,1201.8,4.18,0.0
5026,1,313,0.3119999999999896,0.05750798722044728,1201.9,4.18,0.0
5027,0,179,-0.8219999999999998,0.055865921787709494,1202.0,4.18,0.0
5028,1,318,0.31699999999998907,0.05660377358490566,1202.2,4.18,0.0
5029,5,853,4.852000000000034,0.05627198124267292,1202.7,4.18,0.0
5030,1,316,0.3149999999999893,0.056962025316455694,1202.8,4.18,0.0
5031,3,579,2.5779999999999603,0.055267702936096716,1203.1,4.18,0.0
5032,2,446,1.444999999999975,0.05605381165919283,1203.4,4.18,0.0
5033,4,727,3.725999999999993,0.05639614855570839,1203.7,4.18,0.0
5034,2,446,1.444999999999975,0.05605381165919283,1204.0,4.18,0.0
5035,0,179,-0.8219999999999998,0.055865921787709494,1204.1,4.18,0.0
5036,3,579,2.5779999999999603,0.055267702936096716,1204.4,4.18,0.0
5037,4,713,3.711999999999988,0.0546984572230014,1204.8,4.18,0.0
5038,1,314,0.3129999999999895,0.05732484076433121,1204.9,4.18,0.0
5039,1,313,0.3119999999999896,0.054313099041533544,1205.1,4.18,0.0
5040,4,729,3.7279999999999935,0.056241426611796985,1205.5,4.18,0.0
5041,0,179,-0.8219999999999998,0.055865921787709494,1205.6,4.18,0.0
5042,1,314,0.3129999999999895,0.05732484076433121,1205.8,4.18,0.0
5043,1,322,0.32099999999998863,0.055900621118012424,1205.9,4.18,0.0
5044,1,313,0.3119999999999896,0.05750798722044728,1206.1,4.18,0.0
5045,0,179,-0.8219999999999998,0.055865921787709494,1206.2,4.18,0.0
5046,0,187,-0.8139999999999998,0.058823529411764705,1206.3,4.18,0.0
5047,0,179,-0.8219999999999998,0.055865921787709494,1206.4,4.18,0.0
5048,0,179,-0.8219999999999998,0.055865921787709494,1206.5,4.18,0.0
5049,0,179,-0.8219999999999998,0.055865921787709494,1206.6,4.19,0.0
5050,1,313,0.3119999999999896,0.054313099041533544,1206.7,4.19,0.0
5051,1,335,0.3339999999999872,0.056716417910447764,1206.9,4.19,0.0
5052,1,315,0.3139999999999894,0.05714285714285714,1207.1,4.19,0.0
5053,3,611,2.609999999999957,0.05564648117839607,1207.4,4.19,0.0
5054,3,591,2.589999999999959,0.05583756345177665,1207.7,4.19,0.0
5055,10,1526,10.524999999999807,0.055701179554390565,1208.6,4.18,0.0
5056,4,713,3.711999999999988,0.056100981767180924,1208.9,4.18,0.0
5057,0,194,-0.8069999999999998,0.05670103092783505,1209.0,4.18,0.0
5058,0,179,-0.8219999999999998,0.055865921787709494,1209.1,4.18,0.0
5059,1,336,0.3349999999999871,0.05654761904761905,1209.3,4.18,0.0
5060,3,579,2.5779999999999603,0.055267702936096716,1209.6,4.18,0.0
5061,0,179,-0.8219999999999998,0.055865921787709494,1209.7,4.18,0.0
5062,1,314,0.3129999999999895,0.05732484076433121,1209.9,4.18,0.0
5063,2,446,1.444999999999975,0.05605381165919283,1210.1,4.18,0.0
5064,2,446,1.444999999999975,0.05605381165919283,1210.4,4.18,0.0
5065,0,187,-0.8139999999999998,0.058823529411764705,1210.5,4.19,0.0
5066,0,183,-0.8179999999999998,0.060109289617486336,1210.6,4.19,0.0
5067,6,980,5.979000000000076,0.05612244897959184,1211.1,4.18,0.0
5068,0,179,-0.8219999999999998,0.05027932960893855,1211.2,4.19,0.0
5069,0,179,-0.8219999999999998,0.05027932960893855,1211.3,4.19,0.0
5070,0,189,-0.8119999999999998,0.0582010582010582,1211.4,4.19,0.0
5071,0,179,-0.8219999999999998,0.055865921787709494,1211.5,4.19,0.0
5072,2,446,1.444999999999975,0.05605381165919283,1211.7,4.19,0.0
5073,3,579,2.5779999999999603,0.055267702936096716,1212.1,4.19,0.0
5074,2,451,1.4499999999999744,0.057649667405764965,1212.3,4.19,0.0
5075,5,846,4.845000000000032,0.05555555555555555,1212.7,4.19,0.0
5076,1,313,0.3119999999999896,0.05750798722044728,1212.9,4.19,0.0
5077,3,579,2.5779999999999603,0.055267702936096716,1213.2,4.19,0.0
5078,0,179,-0.8219999999999998,0.055865921787709494,1213.3,4.19,0.0
5079,0,195,-0.8059999999999998,0.05641025641025641,1213.4,4.19,0.0
5080,6,979,5.978000000000075,0.05515832482124617,1213.9,4.19,0.0
5081,3,579,2.5779999999999603,0.055267702936096716,1214.3,4.19,0.0
5082,2,466,1.4649999999999728,0.055793991416309016,1214.5,4.19,0.0
5083,0,179,-0.8219999999999998,0.055865921787709494,1214.6,4.19,0.0
5084,3,579,2.5779999999999603,0.055267702936096716,1214.9,4.19,0.0
5085,11,1646,11.64499999999974,0.05589307411907655,1215.8,4.18,0.0
5086,4,729,3.7279999999999935,0.056241426611796985,1216.2,4.18,0.0
5087,0,179,-0.8219999999999998,0.055865921787709494,1216.3,4.18,0.0
5088,5,846,4.845000000000032,0.05555555555555555,1216.7,4.18,0.0
5089,0,179,-0.8219999999999998,0.055865921787709494,1216.8,4.18,0.0
5090,2,446,1.444999999999975,0.05605381165919283,1217.1,4.18,0.0
5091,2,456,1.4549999999999739,0.05701754385964912,1217.3,4.18,0.0
5092,2,446,1.444999999999975,0.05605381165919283,1217.6,4.18,0.0
5093,2,454,1.452999999999974,0.05726872246696035,1217.8,4.18,0.0
5094,3,579,2.5779999999999603,0.055267702936096716,1218.1,4.18,0.0
5095,0,179,-0.8219999999999998,0.055865921787709494,1218.2,4.18,0.0
5096,1,313,0.3119999999999896,0.054313099041533544,1218.4,4.18,0.0
5097,4,713,3.711999999999988,0.0546984572230014,1218.8,4.18,0.0
5098,0,179,-0.8219999999999998,0.055865921787709494,1218.9,4.18,0.0
5099,3,579,2.5779999999999603,0.055267702936096716,1219.2,4.18,0.0
5100,2,461,1.4599999999999733,0.05639913232104121,1219.4,4.18,0.0
5101,0,185,-0.8159999999999998,0.05945945945945946,1219.5,4.18,0.0
5102,5,852,4.851000000000034,0.056338028169014086,1220.0,4.18,0.0
5103,5,851,4.850000000000033,0.0564042303172738,1220.4,4.18,0.0
5104,4,713,3.711999999999988,0.0546984572230014,1220.8,4.18,0.0
5105,4,713,3.711999999999988,0.056100981767180924,1221.2,4.18,0.0
5106,0,179,-0.8219999999999998,0.055865921787709494,1221.3,4.18,0.0
5107,4,713,3.711999999999988,0.056100981767180924,1221.7,4.18,0.0
5108,0,179,-0.8219999999999998,0.055865921787709494,1221.8,4.18,0.0
5109,0,179,-0.8219999999999998,0.055865921787709494,1221.9,4.18,0.0
5110,1,313,0.3119999999999896,0.054313099041533544,1222.1,4.18,0.0
5111,1,313,0.3119999999999896,0.054313099041533544,1222.2,4.18,0.0
5112,2,454,1.452999999999974,0.05726872246696035,1222.5,4.18,0.0
5113,1,313,0.3119999999999896,0.054313099041533544,1222.6,4.18,0.0
5114,1,313,0.3119999999999896,0.05750798722044728,1222.8,4.18,0.0
5115,7,1150,8.149000000000015,0.05565217391304348,1223.4,4.18,0.0
5116,2,465,1.4639999999999729,0.05591397849462366,1223.7,4.18,0.0
5117,6,979,5.978000000000075,0.056179775280898875,1224.2,4.18,0.0
5118,0,191,-0.8099999999999998,0.05759162303664921,1224.3,4.18,0.0
5119,0,179,-0.8219999999999998,0.055865921787709494,1224.4,4.18,0.0
5120,0,190,-0.8109999999999998,0.05789473684210526,1224.5,4.18,0.0
5121,4,713,3.711999999999988,0.0546984572230014,1224.9,4.18,0.0
5122,1,313,0.3119999999999896,0.054313099041533544,1225.0,4.18,0.0
5123,4,713,3.711999999999988,0.056100981767180924,1225.4,4.18,0.0
5124,1,313,0.3119999999999896,0.054313099041533544,1225.6,4.18,0.0
5125,2,446,1.444999999999975,0.05605381165919283,1225.8,4.18,0.0
5126,0,183,-0.8179999999999998,0.060109289617486336,1225.9,4.18,0.0
5127,1,313,0.3119999999999896,0.054313099041533544,1226.1,4.18,0.0
5128,0,179,-0.8219999999999998,0.055865921787709494,1226.2,4.18,0.0
5129,0,179,-0.8219999999999998,0.055865921787709494,1226.3,4.18,0.0
5130,1,315,0.3139999999999894,0.05714285714285714,1226.4,4.18,0.0
5131,1,320,0.31899999999998885,0.05625,1226.6,4.18,0.0
5132,0,186,-0.8149999999999998,0.05913978494623656,1226.7,4.18,0.0
5133,2,446,1.444999999999975,0.05605381165919283,1227.0,4.18,0.0
5134,1,313,0.3119999999999896,0.05750798722044728,1227.1,4.18,0.0
5135,5,860,4.859000000000036,0.05581395348837209,1227.6,4.18,0.0
5136,0,183,-0.8179999999999998,0.060109289617486336,1227.7,4.18,0.0
5137,0,192,-0.8089999999999998,0.057291666666666664,1227.8,4.18,0.0
5138,0,192,-0.8089999999999998,0.057291666666666664,1227.9,4.19,0.0
5139,1,313,0.3119999999999896,0.05750798722044728,1228.0,4.19,0.0
5140,0,179,-0.8219999999999998,0.055865921787709494,1228.1,4.19,0.0
5141,2,446,1.444999999999975,0.053811659192825115,1228.4,4.19,0.0
5142,5,846,4.845000000000032,0.05555555555555555,1228.8,4.19,0.0
5143,0,179,-0.8219999999999998,0.055865921787709494,1228.9,4.19,0.0
5144,5,852,4.851000000000034,0.056338028169014086,1229.4,4.19,0.0
5145,2,446,1.444999999999975,0.05605381165919283,1229.6,4.19,0.0
5146,0,187,-0.8139999999999998,0.058823529411764705,1229.7,4.19,0.0
5147,1,313,0.3119999999999896,0.05750798722044728,1229.9,4.19,0.0
5148,5,846,4.845000000000032,0.05555555555555555,1230.3,4.19,0.0
5149,0,179,-0.8219999999999998,0.055865921787709494,1230.4,4.19,0.0
5150,0,179,-0.8219999999999998,0.055865921787709494,1230.5,4.19,0.0
5151,0,179,-0.8219999999999998,0.055865921787709494,1230.6,4.19,0.0
5152,9,1396,9.394999999999879,0.055873925501432664,1231.4,4.18,0.0
5153,3,579,2.5779999999999603,0.055267702936096716,1231.7,4.18,0.0
5154,0,179,-0.8219999999999998,0.055865921787709494,1231.8,4.19,0.0
5155,0,179,-0.8219999999999998,0.055865921787709494,1231.9,4.19,0.0
5156,2,452,1.4509999999999743,0.05752212389380531,1232.1,4.19,0.0
5157,0,195,-0.8059999999999998,0.05641025641025641,1232.2,4.19,0.0
5158,2,446,1.444999999999975,0.05605381165919283,1232.4,4.19,0.0
5159,4,713,3.711999999999988,0.0546984572230014,1232.8,4.19,0.0
5160,3,579,2.5779999999999603,0.055267702936096716,1233.1,4.19,0.0
5161,3,579,2.5779999999999603,0.05699481865284974,1233.4,4.19,0.0
5162,1,313,0.3119999999999896,0.054313099041533544,1233.6,4.19,0.0
5163,1,341,0.33999999999998654,0.05571847507331378,1233.8,4.19,0.0
5164,0,179,-0.8219999999999998,0.055865921787709494,1233.9,4.19,0.0
5165,4,713,3.711999999999988,0.0546984572230014,1234.3,4.19,0.0
5166,4,713,3.711999999999988,0.056100981767180924,1234.7,4.18,0.0
5167,0,179,-0.8219999999999998,0.055865921787709494,1234.8,4.19,0.0
5168,0,179,-0.8219999999999998,0.055865921787709494,1234.9,4.19,0.0
5169,3,579,2.5779999999999603,0.055267702936096716,1235.2,4.19,0.0
5170,3,583,2.58199999999996,0.05660377358490566,1235.5,4.19,0.0
5171,0,183,-0.8179999999999998,0.060109289617486336,1235.6,4.19,0.0
5172,5,850,4.849000000000033,0.05647058823529412,1236.0,4.19,0.0
5173,0,179,-0.8219999999999998,0.055865921787709494,1236.1,4.19,0.0
5174,5,846,4.845000000000032,0.05555555555555555,1236.6,4.18,0.0
5175,1,335,0.3339999999999872,0.056716417910447764,1236.8,4.19,0.0
5176,2,446,1.444999999999975,0.05605381165919283,1237.0,4.19,0.0
5177,3,579,2.5779999999999603,0.055267702936096716,1237.3,4.18,0.0
5178,0,179,-0.8219999999999998,0.055865921787709494,1237.4,4.19,0.0
5179,0,179,-0.8219999999999998,0.055865921787709494,1237.5,4.19,0.0
5180,1,321,0.31999999999998874,0.056074766355140186,1237.6,4.19,0.0
5181,3,583,2.58199999999996,0.05660377358490566,1238.0,4.19,0.0
5182,4,713,3.711999999999988,0.056100981767180924,1238.3,4.19,0.0
5183,0,189,-0.8119999999999998,0.0582010582010582,1238.4,4.19,0.0
5184,6,979,5.978000000000075,0.05515832482124617,1239.0,4.18,0.0
5185,1,335,0.3339999999999872,0.056716417910447764,1239.2,4.19,0.0
5186,2,446,1.444999999999975,0.05605381165919283,1239.4,4.19,0.0
5187,2,446,1.444999999999975,0.05605381165919283,1239.6,4.19,0.0
5188,2,446,1.444999999999975,0.05605381165919283,1239.9,4.19,0.0
5189,0,179,-0.8219999999999998,0.055865921787709494,1240.0,4.19,0.0
5190,6,979,5.978000000000075,0.056179775280898875,1240.5,4.18,0.0
5191,0,189,-0.8119999999999998,0.0582010582010582,1240.6,4.18,0.0
5192,2,454,1.452999999999974,0.05726872246696035,1240.9,4.19,0.0
5193,0,179,-0.8219999999999998,0.055865921787709494,1241.0,4.19,0.0
5194,1,313,0.3119999999999896,0.054313099041533544,1241.1,4.19,0.0
5195,0,181,-0.8199999999999998,0.06077348066298342,1241.2,4.19,0.0
5196,0,183,-0.8179999999999998,0.060109289617486336,1241.3,4.19,0.0
5197,1,340,0.33899999999998665,0.05588235294117647,1241.5,4.19,0.0
5198,3,579,2.5779999999999603,0.055267702936096716,1241.8,4.19,0.0
5199,0,185,-0.8159999999999998,0.05945945945945946,1241.9,4.19,0.0
5200,2,446,1.444999999999975,0.05605381165919283,1242.1,4.19,0.0
5201,2,446,1.444999999999975,0.05605381165919283,1242.4,4.19,0.0
5202,2,446,1.444999999999975,0.053811659192825115,1242.6,4.19,0.0
5203,5,846,4.845000000000032,0.05555555555555555,1243.0,4.19,0.0
5204,0,179,-0.8219999999999998,0.055865921787709494,1243.1,4.19,0.0
5205,0,179,-0.8219999999999998,0.055865921787709494,1243.2,4.19,0.0
5206,1,313,0.3119999999999896,0.054313099041533544,1243.4,4.19,0.0
5207,2,455,1.453999999999974,0.05714285714285714,1243.6,4.19,0.0
5208,2,446,1.444999999999975,0.05605381165919283,1243.9,4.19,0.0
5209,0,179,-0.8219999999999998,0.055865921787709494,1244.0,4.19,0.0
5210,0,208,-0.7929999999999998,0.057692307692307696,1244.1,4.19,0.0
5211,0,188,-0.8129999999999998,0.05851063829787234,1244.2,4.19,0.0
5212,0,179,-0.8219999999999998,0.055865921787709494,1244.3,4.19,0.0
5213,3,579,2.5779999999999603,0.055267702936096716,1244.6,4.19,0.0
5214,2,446,1.444999999999975,0.053811659192825115,1244.8,4.19,0.0
5215,2,446,1.444999999999975,0.05605381165919283,1245.1,4.19,0.0
5216,4,713,3.711999999999988,0.056100981767180924,1245.5,4.19,0.0
5217,4,730,3.728999999999994,0.056164383561643834,1245.9,4.19,0.0
5218,4,713,3.711999999999988,0.056100981767180924,1246.2,4.19,0.0
5219,2,457,1.4559999999999738,0.05689277899343545,1246.5,4.19,0.0
5220,0,179,-0.8219999999999998,0.055865921787709494,1246.6,4.19,0.0
5221,0,191,-0.8099999999999998,0.05759162303664921,1246.7,4.19,0.0
5222,0,188,-0.8129999999999998,0.05851063829787234,1246.8,4.19,0.0
5223,0,184,-0.8169999999999998,0.059782608695652176,1246.9,4.19,0.0
5224,1,321,0.31999999999998874,0.056074766355140186,1247.1,4.19,0.0
5225,4,713,3.711999999999988,0.0546984572230014,1247.4,4.19,0.0
5226,0,189,-0.8119999999999998,0.0582010582010582,1247.6,4.19,0.0
5227,4,713,3.711999999999988,0.056100981767180924,1247.9,4.19,0.0
5228,3,579,2.5779999999999603,0.055267702936096716,1248.2,4.19,0.0
5229,2,446,1.444999999999975,0.05605381165919283,1248.5,4.19,0.0
5230,0,179,-0.8219999999999998,0.061452513966480445,1248.6,4.19,0.0
5231,2,446,1.444999999999975,0.05605381165919283,1248.8,4.19,0.0
5232,3,579,2.5779999999999603,0.055267702936096716,1249.1,4.19,0.0
5233,1,315,0.3139999999999894,0.05714285714285714,1249.3,4.19,0.0
5234,5,846,4.845000000000032,0.05555555555555555,1249.7,4.19,0.0
5235,2,460,1.4589999999999734,0.05652173913043478,1250.0,4.19,0.0
5236,3,579,2.5779999999999603,0.055267702936096716,1250.3,4.19,0.0
5237,2,446,1.444999999999975,0.05605381165919283,1250.6,4.19,0.0
5238,2,446,1.444999999999975,0.05605381165919283,1250.8,4.19,0.0
5239,1,314,0.3129999999999895,0.05732484076433121,1251.0,4.19,0.0
5240,1,313,0.3119999999999896,0.054313099041533544,1251.1,4.19,0.0
5241,1,313,0.3119999999999896,0.054313099041533544,1251.3,4.19,0.0
5242,3,579,2.5779999999999603,0.055267702936096716,1251.6,4.19,0.0
5243,2,446,1.444999999999975,0.05605381165919283,1251.8,4.19,0.0
5244,7,1113,7.112000000000036,0.055705300988319856,1252.4,4.19,0.0
5245,0,179,-0.8219999999999998,0.05027932960893855,1252.5,4.19,0.0
5246,1,314,0.3129999999999895,0.05732484076433121,1252.7,4.19,0.0
5247,4,718,3.71699999999999,0.055710306406685235,1253.1,4.19,0.0
5248,1,315,0.3139999999999894,0.05714285714285714,1253.2,4.19,0.0
5249,4,713,3.711999999999988,0.056100981767180924,1253.6,4.19,0.0
5250,0,179,-0.8219999999999998,0.055865921787709494,1253.7,4.19,0.0
5251,0,179,-0.8219999999999998,0.055865921787709494,1253.8,4.19,0.0
5252,0,185,-0.8159999999999998,0.05945945945945946,1253.9,4.19,0.0
5253,0,185,-0.8159999999999998,0.05945945945945946,1254.0,4.19,0.0
5254,2,446,1.444999999999975,0.05605381165919283,1254.3,4.19,0.0
5255,6,1001,6.000000000000083,0.055944055944055944,1254.8,4.19,0.0
5256,2,446,1.444999999999975,0.05605381165919283,1255.0,4.19,0.0
5257,1,335,0.3339999999999872,0.056716417910447764,1255.2,4.19,0.0
5258,1,313,0.3119999999999896,0.054313099041533544,1255.4,4.19,0.0
5259,0,179,-0.8219999999999998,0.055865921787709494,1255.5,4.19,0.0
5260,2,446,1.444999999999975,0.05605381165919283,1255.7,4.19,0.0
5261,0,189,-0.8119999999999998,0.0582010582010582,1255.8,4.19,0.0
5262,0,179,-0.8219999999999998,0.055865921787709494,1255.9,4.19,0.0
5263,2,446,1.444999999999975,0.05605381165919283,1256.2,4.19,0.0
5264,4,731,3.729999999999994,0.0560875512995896,1256.6,4.19,0.0
5265,1,313,0.3119999999999896,0.054313099041533544,1256.7,4.19,0.0
5266,2,446,1.444999999999975,0.053811659192825115,1257.0,4.19,0.0
5267,0,179,-0.8219999999999998,0.055865921787709494,1257.1,4.19,0.0
5268,3,579,2.5779999999999603,0.055267702936096716,1257.4,4.19,0.0
5269,6,979,5.978000000000075,0.05515832482124617,1257.9,4.19,0.0
5270,3,579,2.5779999999999603,0.055267702936096716,1258.2,4.19,0.0
5271,2,446,1.444999999999975,0.05605381165919283,1258.5,4.19,0.0
5272,0,179,-0.8219999999999998,0.055865921787709494,1258.6,4.19,0.0
5273,2,446,1.444999999999975,0.05605381165919283,1258.8,4.19,0.0
5274,7,1144,7.1430000000000184,0.055944055944055944,1259.4,4.19,0.0
5275,0,187,-0.8139999999999998,0.058823529411764705,1259.5,4.19,0.0
5276,3,579,2.5779999999999603,0.055267702936096716,1259.8,4.19,0.0
5277,1,313,0.3119999999999896,0.054313099041533544,1260.0,4.19,0.0
5278,0,179,-0.8219999999999998,0.055865921787709494,1260.1,4.19,0.0
5279,0,179,-0.8219999999999998,0.055865921787709494,1260.2,4.19,0.0
5280,1,313,0.3119999999999896,0.054313099041533544,1260.3,4.19,0.0
5281,2,446,1.444999999999975,0.053811659192825115,1260.6,4.19,0.0
5282,0,179,-0.8219999999999998,0.055865921787709494,1260.7,4.19,0.0
5283,0,179,-0.8219999999999998,0.055865921787709494,1260.8,4.19,0.0
5284,2,446,1.444999999999975,0.05605381165919283,1261.0,4.19,0.0
5285,2,446,1.444999999999975,0.05605381165919283,1261.2,4.19,0.0
5286,2,446,1.444999999999975,0.05605381165919283,1261.5,4.19,0.0
5287,0,179,-0.8219999999999998,0.055865921787709494,1261.5,4.19,0.0
5288,1,313,0.3119999999999896,0.054313099041533544,1261.7,4.19,0.0
5289,3,604,2.6029999999999576,0.056291390728476824,1262.0,4.19,0.0
5290,3,587,2.5859999999999594,0.056218057921635436,1262.4,4.19,0.0
5291,4,713,3.711999999999988,0.056100981767180924,1262.8,4.19,0.0
5292,2,464,1.462999999999973,0.05603448275862069,1263.0,4.19,0.0
5293,3,579,2.5779999999999603,0.055267702936096716,1263.3,4.19,0.0
5294,4,730,3.728999999999994,0.056164383561643834,1263.7,4.19,0.0
5295,2,461,1.4599999999999733,0.05639913232104121,1264.0,4.19,0.0
5296,0,179,-0.8219999999999998,0.055865921787709494,1264.1,4.19,0.0
5297,2,446,1.444999999999975,0.05605381165919283,1264.3,4.19,0.0
5298,2,464,1.462999999999973,0.05603448275862069,1264.5,4.19,0.0
5299,0,179,-0.8219999999999998,0.055865921787709494,1264.6,4.19,0.0
5300,2,446,1.444999999999975,0.05605381165919283,1264.9,4.19,0.0
5301,0,189,-0.8119999999999998,0.0582010582010582,1265.0,4.19,0.0
5302,1,313,0.3119999999999896,0.054313099041533544,1265.1,4.19,0.0
5303,0,185,-0.8159999999999998,0.05945945945945946,1265.2,4.19,0.0
5304,0,179,-0.8219999999999998,0.055865921787709494,1265.3,4.19,0.0
5305,0,183,-0.8179999999999998,0.060109289617486336,1265.4,4.19,0.0
5306,1,313,0.3119999999999896,0.054313099041533544,1265.6,4.19,0.0
5307,1,313,0.3119999999999896,0.054313099041533544,1265.8,4.19,0.0
5308,1,313,0.3119999999999896,0.054313099041533544,1265.9,4.19,0.0
5309,4,713,3.711999999999988,0.056100981767180924,1266.3,4.19,0.0
5310,0,179,-0.8219999999999998,0.055865921787709494,1266.4,4.19,0.0
5311,0,179,-0.8219999999999998,0.055865921787709494,1266.5,4.19,0.0
5312,0,179,-0.8219999999999998,0.055865921787709494,1266.6,4.19,0.0
5313,0,189,-0.8119999999999998,0.0582010582010582,1266.7,4.20,0.0
5314,0,179,-0.8219999999999998,0.05027932960893855,1266.8,4.20,0.0
5315,0,179,-0.8219999999999998,0.055865921787709494,1266.9,4.20,0.0
5316,0,191,-0.8099999999999998,0.05759162303664921,1267.0,4.20,0.0
5317,4,713,3.711999999999988,0.056100981767180924,1267.4,4.20,0.0
5318,0,179,-0.8219999999999998,0.055865921787709494,1267.5,4.20,0.0
5319,5,846,4.845000000000032,0.05555555555555555,1267.9,4.20,0.0
5320,0,179,-0.8219999999999998,0.055865921787709494,1268.0,4.20,0.0
5321,1,313,0.3119999999999896,0.054313099041533544,1268.2,4.20,0.0
5322,1,313,0.3119999999999896,0.05750798722044728,1268.3,4.20,0.0
5323,1,313,0.3119999999999896,0.054313099041533544,1268.5,4.20,0.0
5324,3,590,2.588999999999959,0.05593220338983051,1268.8,4.20,0.0
5325,2,446,1.444999999999975,0.05605381165919283,1269.1,4.20,0.0
5326,0,179,-0.8219999999999998,0.055865921787709494,1269.2,4.20,0.0
5327,1,313,0.3119999999999896,0.054313099041533544,1269.3,4.20,0.0
5328,2,446,1.444999999999975,0.05605381165919283,1269.6,4.20,0.0
5329,0,179,-0.8219999999999998,0.055865921787709494,1269.7,4.20,0.0
5330,0,195,-0.8059999999999998,0.05641025641025641,1269.8,4.20,0.0
5331,2,446,1.444999999999975,0.05605381165919283,1270.0,4.20,0.0
5332,1,319,0.31799999999998896,0.05642633228840126,1270.2,4.20,0.0
5333,5,857,4.856000000000035,0.056009334889148193,1270.7,4.20,0.0
5334,2,446,1.444999999999975,0.053811659192825115,1270.9,4.20,0.0
5335,0,186,-0.8149999999999998,0.05913978494623656,1271.0,4.20,0.0
5336,1,313,0.3119999999999896,0.054313099041533544,1271.2,4.20,0.0
5337,3,579,2.5779999999999603,0.055267702936096716,1271.5,4.20,0.0
5338,1,337,0.335999999999987,0.05637982195845697,1271.7,4.20,0.0
5339,0,191,-0.8099999999999998,0.05759162303664921,1271.8,4.20,0.0
5340,0,187,-0.8139999999999998,0.058823529411764705,1271.9,4.20,0.0
5341,3,609,2.607999999999957,0.05582922824302135,1272.2,4.20,0.0
5342,3,587,2.5859999999999594,0.056218057921635436,1272.5,4.20,0.0
5343,2,446,1.444999999999975,0.053811659192825115,1272.7,4.20,0.0
5344,1,335,0.3339999999999872,0.056716417910447764,1272.9,4.20,0.0
5345,3,579,2.5779999999999603,0.055267702936096716,1273.2,4.20,0.0
5346,0,179,-0.8219999999999998,0.055865921787709494,1273.3,4.20,0.0
5347,0,179,-0.8219999999999998,0.055865921787709494,1273.4,4.20,0.0
5348,4,713,3.711999999999988,0.0546984572230014,1273.8,4.20,0.0
5349,5,853,4.852000000000034,0.05627198124267292,1274.3,4.20,0.0
5350,5,854,4.853000000000034,0.05620608899297424,1274.7,4.20,0.0
5351,2,446,1.444999999999975,0.05605381165919283,1275.0,4.20,0.0
5352,0,184,-0.8169999999999998,0.059782608695652176,1275.1,4.20,0.0
5353,0,179,-0.8219999999999998,0.055865921787709494,1275.2,4.20,0.0
5354,1,313,0.3119999999999896,0.05750798722044728,1275.3,4.20,0.0
5355,3,579,2.5779999999999603,0.055267702936096716,1275.6,4.20,0.0
5356,4,713,3.711999999999988,0.0546984572230014,1276.0,4.20,0.0
5357,3,579,2.5779999999999603,0.055267702936096716,1276.3,4.20,0.0
5358,0,195,-0.8059999999999998,0.05641025641025641,1276.5,4.20,0.0
5359,1,313,0.3119999999999896,0.05750798722044728,1276.6,4.20,0.0
5360,2,455,1.453999999999974,0.05714285714285714,1276.9,4.20,0.0
5361,0,179,-0.8219999999999998,0.055865921787709494,1277.0,4.20,0.0
5362,3,579,2.5779999999999603,0.055267702936096716,1277.3,4.20,0.0
5363,4,717,3.7159999999999895,0.05578800557880056,1277.7,4.20,0.0
5364,2,446,1.444999999999975,0.05605381165919283,1277.9,4.20,0.0
5365,2,446,1.444999999999975,0.05605381165919283,1278.2,4.20,0.0
5366,0,179,-0.8219999999999998,0.055865921787709494,1278.2,4.20,0.0
5367,1,313,0.3119999999999896,0.054313099041533544,1278.4,4.20,0.0
5368,0,179,-0.8219999999999998,0.055865921787709494,1278.5,4.20,0.0
5369,0,188,-0.8129999999999998,0.05851063829787234,1278.6,4.20,0.0
5370,4,715,3.713999999999989,0.055944055944055944,1279.0,4.20,0.0
5371,4,713,3.711999999999988,0.0546984572230014,1279.4,4.20,0.0
5372,0,182,-0.8189999999999998,0.06043956043956044,1279.5,4.20,0.0
5373,1,313,0.3119999999999896,0.054313099041533544,1279.6,4.20,0.0
5374,0,179,-0.8219999999999998,0.055865921787709494,1279.7,4.20,0.0
5375,0,189,-0.8119999999999998,0.0582010582010582,1279.8,4.20,0.0
5376,0,184,-0.8169999999999998,0.059782608695652176,1279.9,4.20,0.0
5377,0,189,-0.8119999999999998,0.0582010582010582,1280.0,4.20,0.0
5378,5,846,4.845000000000032,0.05555555555555555,1280.5,4.20,0.0
5379,4,715,3.713999999999989,0.055944055944055944,1280.9,4.20,0.0
5380,3,579,2.5779999999999603,0.055267702936096716,1281.2,4.20,0.0
5381,0,189,-0.8119999999999998,0.0582010582010582,1281.3,4.20,0.0
5382,0,179,-0.8219999999999998,0.05027932960893855,1281.4,4.20,0.0
5383,0,197,-0.8039999999999998,0.05583756345177665,1281.5,4.20,0.0
5384,0,179,-0.8219999999999998,0.055865921787709494,1281.6,4.20,0.0
5385,1,313,0.3119999999999896,0.05750798722044728,1281.8,4.20,0.0
5386,2,446,1.444999999999975,0.053811659192825115,1282.0,4.20,0.0
5387,4,713,3.711999999999988,0.056100981767180924,1282.4,4.20,0.0
5388,6,979,5.978000000000075,0.056179775280898875,1282.9,4.20,0.0
5389,6,979,5.978000000000075,0.05515832482124617,1283.4,4.20,0.0
5390,0,191,-0.8099999999999998,0.05759162303664921,1283.6,4.20,0.0
5391,1,313,0.3119999999999896,0.054313099041533544,1283.7,4.20,0.0
5392,3,579,2.5779999999999603,0.055267702936096716,1284.0,4.20,0.0
5393,2,446,1.444999999999975,0.05605381165919283,1284.3,4.20,0.0
5394,0,182,-0.8189999999999998,0.06043956043956044,1284.4,4.20,0.0
5395,0,187,-0.8139999999999998,0.058823529411764705,1284.4,4.20,0.0
5396,2,446,1.444999999999975,0.05605381165919283,1284.7,4.20,0.0
5397,0,179,-0.8219999999999998,0.055865921787709494,1284.8,4.20,0.0
5398,1,313,0.3119999999999896,0.05750798722044728,1285.0,4.20,0.0
5399,0,179,-0.8219999999999998,0.055865921787709494,1285.1,4.20,0.0
5400,3,589,2.587999999999959,0.05602716468590832,1285.4,4.20,0.0
5401,4,713,3.711999999999988,0.056100981767180924,1285.8,4.20,0.0
5402,4,713,3.711999999999988,0.056100981767180924,1286.1,4.20,0.0
5403,5,846,4.845000000000032,0.05555555555555555,1286.6,4.20,0.0
5404,0,187,-0.8139999999999998,0.058823529411764705,1286.7,4.20,0.0
5405,2,446,1.444999999999975,0.05605381165919283,1286.9,4.20,0.0
5406,5,846,4.845000000000032,0.05555555555555555,1287.4,4.20,0.0
5407,6,979,5.978000000000075,0.05515832482124617,1287.9,4.20,0.0
5408,0,195,-0.8059999999999998,0.05641025641025641,1288.0,4.20,0.0
5409,0,179,-0.8219999999999998,0.05027932960893855,1288.1,4.20,0.0
5410,1,313,0.3119999999999896,0.054313099041533544,1288.3,4.20,0.0
5411,0,179,-0.8219999999999998,0.055865921787709494,1288.4,4.20,0.0
5412,0,196,-0.8049999999999998,0.05612244897959184,1288.5,4.20,0.0
5413,2,446,1.444999999999975,0.05605381165919283,1288.7,4.20,0.0
5414,2,446,1.444999999999975,0.05605381165919283,1288.9,4.20,0.0
5415,2,464,1.462999999999973,0.05603448275862069,1289.2,4.20,0.0
5416,3,579,2.5779999999999603,0.055267702936096716,1289.5,4.20,0.0
5417,0,179,-0.8219999999999998,0.055865921787709494,1289.6,4.20,0.0
5418,2,446,1.444999999999975,0.05605381165919283,1289.8,4.20,0.0
5419,7,1113,7.112000000000036,0.055705300988319856,1290.4,4.20,0.0
5420,2,459,1.4579999999999735,0.05664488017429194,1290.7,4.20,0.0
5421,0,179,-0.8219999999999998,0.055865921787709494,1290.7,4.20,0.0
5422,5,846,4.845000000000032,0.05555555555555555,1291.2,4.20,0.0
5423,0,187,-0.8139999999999998,0.058823529411764705,1291.3,4.20,0.0
5424,0,179,-0.8219999999999998,0.055865921787709494,1291.4,4.20,0.0
5425,1,313,0.3119999999999896,0.05750798722044728,1291.6,4.20,0.0
5426,3,579,2.5779999999999603,0.05699481865284974,1291.9,4.20,0.0
5427,4,713,3.711999999999988,0.056100981767180924,1292.3,4.20,0.0
5428,0,183,-0.8179999999999998,0.060109289617486336,1292.4,4.20,0.0
5429,1,313,0.3119999999999896,0.054313099041533544,1292.5,4.20,0.0
5430,1,313,0.3119999999999896,0.05750798722044728,1292.7,4.20,0.0
5431,3,591,2.589999999999959,0.05583756345177665,1293.0,4.20,0.0
5432,2,459,1.4579999999999735,0.05664488017429194,1293.2,4.20,0.0
5433,5,859,4.858000000000036,0.05587892898719441,1293.7,4.20,0.0
5434,5,855,4.854000000000035,0.056140350877192984,1294.2,4.20,0.0
5435,1,337,0.335999999999987,0.05637982195845697,1294.3,4.20,0.0
5436,1,318,0.31699999999998907,0.05660377358490566,1294.5,4.20,0.0
5437,1,330,0.32899999999998775,0.05757575757575758,1294.7,4.20,0.0
5438,3,579,2.5779999999999603,0.055267702936096716,1295.0,4.20,0.0
5439,4,713,3.711999999999988,0.056100981767180924,1295.4,4.20,0.0
5440,3,579,2.5779999999999603,0.055267702936096716,1295.7,4.20,0.0
5441,3,579,2.5779999999999603,0.055267702936096716,1296.0,4.20,0.0
5442,3,610,2.608999999999957,0.05573770491803279,1296.3,4.20,0.0
5443,3,593,2.591999999999959,0.05564924114671164,1296.7,4.20,0.0
5444,0,192,-0.8089999999999998,0.057291666666666664,1296.8,4.20,0.0
5445,3,583,2.58199999999996,0.05660377358490566,1297.1,4.20,0.0
5446,1,313,0.3119999999999896,0.05750798722044728,1297.2,4.20,0.0
5447,3,588,2.5869999999999593,0.05612244897959184,1297.5,4.20,0.0
5448,3,579,2.5779999999999603,0.055267702936096716,1297.9,4.20,0.0
5449,1,313,0.3119999999999896,0.05750798722044728,1298.0,4.20,0.0
5450,1,321,0.31999999999998874,0.056074766355140186,1298.2,4.20,0.0
5451,1,333,0.3319999999999874,0.057057057057057055,1298.4,4.20,0.0
5452,1,313,0.3119999999999896,0.054313099041533544,1298.5,4.20,0.0
5453,0,179,-0.8219999999999998,0.055865921787709494,1298.6,4.20,0.0
5454,2,446,1.444999999999975,0.05605381165919283,1298.9,4.20,0.0
5455,4,713,3.711999999999988,0.056100981767180924,1299.3,4.20,0.0
5456,1,313,0.3119999999999896,0.05750798722044728,1299.4,4.20,0.0
5457,5,846,4.845000000000032,0.05555555555555555,1299.9,4.20,0.0
5458,2,446,1.444999999999975,0.05605381165919283,1300.1,4.20,0.0
5459,0,179,-0.8219999999999998,0.055865921787709494,1300.2,4.20,0.0
5460,0,179,-0.8219999999999998,0.055865921787709494,1300.3,4.20,0.0
5461,2,446,1.444999999999975,0.05605381165919283,1300.5,4.20,0.0
5462,0,179,-0.8219999999999998,0.055865921787709494,1300.6,4.20,0.0
5463,1,336,0.3349999999999871,0.05654761904761905,1300.8,4.20,0.0
5464,0,194,-0.8069999999999998,0.05670103092783505,1300.9,4.20,0.0
5465,0,179,-0.8219999999999998,0.055865921787709494,1301.0,4.20,0.0
5466,2,446,1.444999999999975,0.053811659192825115,1301.3,4.20,0.0
5467,4,713,3.711999999999988,0.056100981767180924,1301.6,4.20,0.0
5468,4,731,3.729999999999994,0.0560875512995896,1302.0,4.20,0.0
5469,4,713,3.711999999999988,0.0546984572230014,1302.4,4.20,0.0
5470,0,179,-0.8219999999999998,0.055865921787709494,1302.5,4.20,0.0
5471,1,313,0.3119999999999896,0.054313099041533544,1302.7,4.20,0.0
5472,4,731,3.729999999999994,0.0560875512995896,1303.0,4.20,0.0
5473,0,179,-0.8219999999999998,0.055865921787709494,1303.1,4.20,0.0
5474,1,313,0.3119999999999896,0.054313099041533544,1303.3,4.20,0.0
5475,1,315,0.3139999999999894,0.05714285714285714,1303.5,4.20,0.0
5476,0,210,-0.7909999999999998,0.05714285714285714,1303.6,4.20,0.0
5477,1,313,0.3119999999999896,0.054313099041533544,1303.8,4.20,0.0
5478,2,446,1.444999999999975,0.05605381165919283,1304.0,4.20,0.0
5479,3,579,2.5779999999999603,0.055267702936096716,1304.3,4.20,0.0
5480,0,179,-0.8219999999999998,0.055865921787709494,1304.4,4.20,0.0
5481,1,319,0.31799999999998896,0.05642633228840126,1304.6,4.20,0.0
5482,1,313,0.3119999999999896,0.05750798722044728,1304.7,4.20,0.0
5483,3,610,2.608999999999957,0.05573770491803279,1305.1,4.20,0.0
5484,3,579,2.5779999999999603,0.05699481865284974,1305.4,4.20,0.0
5485,0,183,-0.8179999999999998,0.060109289617486336,1305.5,4.20,0.0
5486,4,713,3.711999999999988,0.0546984572230014,1305.9,4.20,0.0
5487,6,979,5.978000000000075,0.05515832482124617,1306.4,4.20,0.0
5488,4,713,3.711999999999988,0.056100981767180924,1306.8,4.20,0.0
5489,1,313,0.3119999999999896,0.054313099041533544,1306.9,4.20,0.0
5490,0,179,-0.8219999999999998,0.055865921787709494,1307.0,4.20,0.0
5491,3,583,2.58199999999996,0.05660377358490566,1307.3,4.20,0.0
5492,4,715,3.713999999999989,0.055944055944055944,1307.7,4.20,0.0
5493,3,591,2.589999999999959,0.05583756345177665,1308.0,4.20,0.0
5494,4,729,3.7279999999999935,0.056241426611796985,1308.4,4.20,0.0
5495,4,713,3.711999999999988,0.0546984572230014,1308.8,4.20,0.0
5496,0,179,-0.8219999999999998,0.055865921787709494,1308.9,4.20,0.0
5497,2,446,1.444999999999975,0.05605381165919283,1309.1,4.20,0.0
5498,3,582,2.58099999999996,0.05670103092783505,1309.4,4.20,0.0
5499,2,465,1.4639999999999729,0.05591397849462366,1309.7,4.20,0.0
5500,1,313,0.3119999999999896,0.054313099041533544,1309.9,4.20,0.0
5501,0,179,-0.8219999999999998,0.055865921787709494,1313.1,4.19,0.0
5502,1,336,0.3349999999999871,0.05654761904761905,1313.3,4.19,0.0
5503,0,179,-0.8219999999999998,0.055865921787709494,1313.4,4.19,0.0
5504,0,179,-0.8219999999999998,0.055865921787709494,1313.4,4.19,0.0
5505,3,579,2.5779999999999603,0.055267702936096716,1313.8,4.19,0.0
5506,0,187,-0.8139999999999998,0.058823529411764705,1313.9,4.19,0.0
5507,6,979,5.978000000000075,0.056179775280898875,1314.4,4.19,0.0
5508,0,179,-0.8219999999999998,0.055865921787709494,1314.5,4.19,0.0
5509,3,579,2.5779999999999603,0.055267702936096716,1314.8,4.19,0.0
5510,0,179,-0.8219999999999998,0.055865921787709494,1314.9,4.19,0.0
5511,0,179,-0.8219999999999998,0.055865921787709494,1315.0,4.19,0.0
5512,0,186,-0.8149999999999998,0.05913978494623656,1315.1,4.19,0.0
5513,2,446,1.444999999999975,0.05605381165919283,1315.3,4.19,0.0
5514,2,446,1.444999999999975,0.05605381165919283,1315.6,4.19,0.0
5515,3,579,2.5779999999999603,0.05699481865284974,1315.9,4.19,0.0
5516,2,463,1.461999999999973,0.056155507559395246,1316.1,4.19,0.0
5517,0,179,-0.8219999999999998,0.055865921787709494,1316.2,4.19,0.0
5518,0,179,-0.8219999999999998,0.055865921787709494,1316.3,4.19,0.0
5519,2,446,1.444999999999975,0.05605381165919283,1316.6,4.19,0.0
5520,0,185,-0.8159999999999998,0.05945945945945946,1316.7,4.19,0.0
5521,2,446,1.444999999999975,0.05605381165919283,1316.9,4.19,0.0
5522,0,179,-0.8219999999999998,0.055865921787709494,1317.0,4.19,0.0
5523,0,179,-0.8219999999999998,0.055865921787709494,1317.1,4.19,0.0
5524,4,731,3.729999999999994,0.0560875512995896,1317.5,4.19,0.0
5525,1,313,0.3119999999999896,0.054313099041533544,1317.6,4.19,0.0
5526,3,588,2.5869999999999593,0.05612244897959184,1318.0,4.19,0.0
5527,0,188,-0.8129999999999998,0.05851063829787234,1318.1,4.19,0.0
5528,6,979,5.978000000000075,0.05515832482124617,1318.6,4.19,0.0
5529,2,446,1.444999999999975,0.05605381165919283,1318.8,4.19,0.0
5530,0,179,-0.8219999999999998,0.055865921787709494,1318.9,4.19,0.0
5531,4,730,3.728999999999994,0.056164383561643834,1319.3,4.19,0.0
5532,0,179,-0.8219999999999998,0.055865921787709494,1319.4,4.19,0.0
5533,1,340,0.33899999999998665,0.05588235294117647,1319.6,4.19,0.0
5534,1,313,0.3119999999999896,0.054313099041533544,1319.8,4.19,0.0
5535,1,316,0.3149999999999893,0.056962025316455694,1319.9,4.19,0.0
5536,1,336,0.3349999999999871,0.05654761904761905,1320.1,4.19,0.0
5537,7,1113,7.112000000000036,0.055705300988319856,1320.7,4.19,0.0
5538,3,584,2.5829999999999598,0.05650684931506849,1321.0,4.19,0.0
5539,3,589,2.587999999999959,0.05602716468590832,1321.3,4.19,0.0
5540,0,179,-0.8219999999999998,0.055865921787709494,1321.4,4.19,0.0
5541,4,713,3.711999999999988,0.056100981767180924,1321.8,4.19,0.0
5542,1,337,0.335999999999987,0.05637982195845697,1322.0,4.19,0.0
5543,8,1246,8.244999999999962,0.056179775280898875,1322.6,4.19,0.0
5544,0,179,-0.8219999999999998,0.055865921787709494,1322.7,4.19,0.0
5545,6,984,5.983000000000077,0.05589430894308943,1323.3,4.19,0.0
5546,1,313,0.3119999999999896,0.054313099041533544,1323.4,4.19,0.0
5547,2,446,1.444999999999975,0.053811659192825115,1323.7,4.19,0.0
5548,0,186,-0.8149999999999998,0.05913978494623656,1323.8,4.19,0.0
5549,3,579,2.5779999999999603,0.055267702936096716,1324.1,4.19,0.0
5550,0,190,-0.8109999999999998,0.05789473684210526,1324.2,4.19,0.0
5551,1,313,0.3119999999999896,0.05750798722044728,1324.4,4.19,0.0
5552,2,446,1.444999999999975,0.05605381165919283,1324.6,4.19,0.0
5553,0,179,-0.8219999999999998,0.055865921787709494,1324.7,4.19,0.0
5554,0,189,-0.8119999999999998,0.0582010582010582,1324.8,4.19,0.0
5555,2,446,1.444999999999975,0.05605381165919283,1325.0,4.19,0.0
5556,6,981,5.980000000000076,0.05606523955147808,1325.5,4.19,0.0
5557,3,579,2.5779999999999603,0.055267702936096716,1325.9,4.19,0.0
5558,0,179,-0.8219999999999998,0.055865921787709494,1325.9,4.19,0.0
5559,3,579,2.5779999999999603,0.055267702936096716,1326.3,4.19,0.0
5560,3,579,2.5779999999999603,0.055267702936096716,1326.6,4.19,0.0
5561,8,1246,8.244999999999962,0.05537720706260032,1327.3,4.19,0.0
5562,2,446,1.444999999999975,0.053811659192825115,1327.5,4.19,0.0
5563,4,713,3.711999999999988,0.056100981767180924,1327.9,4.19,0.0
5564,2,456,1.4549999999999739,0.05701754385964912,1328.1,4.19,0.0
5565,0,179,-0.8219999999999998,0.055865921787709494,1328.2,4.19,0.0
5566,7,1113,7.112000000000036,0.055705300988319856,1328.8,4.19,0.0
5567,1,339,0.33799999999998676,0.05604719764011799,1329.0,4.19,0.0
5568,6,981,5.980000000000076,0.05606523955147808,1329.5,4.19,0.0
5569,1,319,0.31799999999998896,0.05642633228840126,1329.7,4.19,0.0
5570,2,449,1.4479999999999746,0.0556792873051225,1329.9,4.19,0.0
5571,4,713,3.711999999999988,0.0546984572230014,1330.4,4.19,0.0
5572,2,465,1.4639999999999729,0.05591397849462366,1330.6,4.19,0.0
5573,10,1513,10.511999999999814,0.05551883674818242,1331.5,4.19,0.0
5574,2,461,1.4599999999999733,0.05639913232104121,1331.7,4.19,0.0
5575,0,184,-0.8169999999999998,0.059782608695652176,1331.8,4.19,0.0
5576,3,579,2.5779999999999603,0.055267702936096716,1332.1,4.19,0.0
5577,0,187,-0.8139999999999998,0.058823529411764705,1332.2,4.19,0.0
5578,2,460,1.4589999999999734,0.05652173913043478,1332.4,4.19,0.0
5579,0,179,-0.8219999999999998,0.055865921787709494,1332.5,4.19,0.0
5580,0,179,-0.8219999999999998,0.055865921787709494,1332.6,4.19,0.0
5581,1,335,0.3339999999999872,0.056716417910447764,1332.8,4.19,0.0
5582,3,579,2.5779999999999603,0.05699481865284974,1333.1,4.19,0.0
5583,2,446,1.444999999999975,0.05605381165919283,1333.3,4.19,0.0
5584,2,453,1.4519999999999742,0.05739514348785872,1333.6,4.19,0.0
5585,0,179,-0.8219999999999998,0.055865921787709494,1333.7,4.19,0.0
5586,0,179,-0.8219999999999998,0.055865921787709494,1333.8,4.19,0.0
5587,3,609,2.607999999999957,0.05582922824302135,1334.1,4.19,0.0
5588,7,1113,7.112000000000036,0.055705300988319856,1334.7,4.19,0.0
5589,5,846,4.845000000000032,0.05555555555555555,1335.2,4.19,0.0
5590,3,579,2.5779999999999603,0.055267702936096716,1335.5,4.19,0.0
5591,2,461,1.4599999999999733,0.05639913232104121,1335.7,4.19,0.0
5592,1,313,0.3119999999999896,0.054313099041533544,1335.9,4.19,0.0
5593,0,185,-0.8159999999999998,0.05945945945945946,1336.0,4.19,0.0
5594,2,446,1.444999999999975,0.053811659192825115,1336.2,4.19,0.0
5595,0,189,-0.8119999999999998,0.0582010582010582,1336.3,4.19,0.0
5596,4,713,3.711999999999988,0.056100981767180924,1336.7,4.19,0.0
5597,1,318,0.31699999999998907,0.05660377358490566,1336.9,4.19,0.0
5598,2,353,1.3519999999999852,0.056657223796033995,1337.1,4.19,0.0
5599,0,179,-0.8219999999999998,0.055865921787709494,1337.2,4.19,0.0
5600,0,179,-0.8219999999999998,0.055865921787709494,1337.3,4.19,0.0
5601,2,446,1.444999999999975,0.05605381165919283,1337.7,4.19,0.0
5602,2,446,1.444999999999975,0.05605381165919283,1338.0,4.19,0.0
5603,1,350,1.3489999999999855,0.05714285714285714,1338.3,4.19,0.0
5604,2,446,1.444999999999975,0.05605381165919283,1338.5,4.19,0.0
5605,3,579,2.5779999999999603,0.055267702936096716,1338.8,4.19,0.0
5606,0,179,-0.8219999999999998,0.055865921787709494,1338.9,4.19,0.0
5607,0,179,-0.8219999999999998,0.055865921787709494,1339.0,4.19,0.0
5608,7,1127,7.126000000000028,0.055900621118012424,1339.6,4.19,0.0
5609,2,446,1.444999999999975,0.05605381165919283,1339.9,4.19,0.0
5610,0,179,-0.8219999999999998,0.055865921787709494,1339.9,4.19,0.0
5611,4,713,3.711999999999988,0.056100981767180924,1340.4,4.19,0.0
5612,4,733,3.731999999999995,0.05593451568894952,1340.7,4.19,0.0
5613,2,457,1.4559999999999738,0.05689277899343545,1341.0,4.19,0.0
5614,6,983,5.982000000000077,0.05595116988809766,1341.5,4.19,0.0
5615,3,579,2.5779999999999603,0.055267702936096716,1341.8,4.19,0.0
5616,2,446,1.444999999999975,0.05605381165919283,1342.1,4.19,0.0
5617,3,579,2.5779999999999603,0.055267702936096716,1342.4,4.19,0.0
5618,6,887,5.8860000000000445,0.05636978579481398,1342.9,4.18,0.0
5619,4,715,3.713999999999989,0.055944055944055944,1343.2,4.18,0.0
5620,0,179,-0.8219999999999998,0.055865921787709494,1343.3,4.18,0.0
5621,1,317,0.3159999999999892,0.056782334384858045,1343.5,4.18,0.0
5622,8,1246,8.244999999999962,0.05537720706260032,1344.2,4.18,0.0
5623,0,183,-0.8179999999999998,0.060109289617486336,1344.2,4.18,0.0
5624,2,461,1.4599999999999733,0.05639913232104121,1344.5,4.18,0.0
5625,0,179,-0.8219999999999998,0.055865921787709494,1344.6,4.18,0.0
5626,0,210,-0.7909999999999998,0.05714285714285714,1344.7,4.18,0.0
5627,2,446,1.444999999999975,0.05605381165919283,1344.9,4.18,0.0
5628,3,579,2.5779999999999603,0.055267702936096716,1345.2,4.18,0.0
5629,1,335,0.3339999999999872,0.056716417910447764,1345.4,4.18,0.0
5630,2,457,1.4559999999999738,0.05689277899343545,1345.7,4.18,0.0
5631,5,849,4.848000000000033,0.05653710247349823,1346.1,4.18,0.0
5632,3,586,2.5849999999999596,0.05631399317406143,1346.4,4.18,0.0
5633,3,579,2.5779999999999603,0.055267702936096716,1346.7,4.18,0.0
5634,0,179,-0.8219999999999998,0.055865921787709494,1346.8,4.18,0.0
5635,6,979,5.978000000000075,0.05515832482124617,1347.4,4.18,0.0
5636,0,179,-0.8219999999999998,0.055865921787709494,1347.4,4.18,0.0
5637,5,856,4.855000000000035,0.056074766355140186,1347.9,4.18,0.0
5638,0,179,-0.8219999999999998,0.055865921787709494,1348.0,4.18,0.0
5639,2,456,1.4549999999999739,0.05701754385964912,1348.3,4.18,0.0
5640,4,723,3.7219999999999915,0.056708160442600276,1348.6,4.18,0.0
5641,3,582,2.58099999999996,0.05670103092783505,1349.0,4.18,0.0
5642,1,313,0.3119999999999896,0.054313099041533544,1349.1,4.18,0.0
5643,8,1248,8.24699999999996,0.05608974358974359,1349.8,4.18,0.0
5644,5,851,4.850000000000033,0.0564042303172738,1350.3,4.18,0.0
5645,2,446,1.444999999999975,0.05605381165919283,1350.5,4.18,0.0
5646,0,179,-0.8219999999999998,0.055865921787709494,1350.6,4.18,0.0
5647,0,179,-0.8219999999999998,0.05027932960893855,1350.7,4.18,0.0
5648,2,466,1.4649999999999728,0.055793991416309016,1350.9,4.18,0.0
5649,0,184,-0.8169999999999998,0.059782608695652176,1351.0,4.18,0.0
5650,3,579,2.5779999999999603,0.055267702936096716,1351.4,4.18,0.0
5651,4,713,3.711999999999988,0.056100981767180924,1351.7,4.18,0.0
5652,1,313,0.3119999999999896,0.05750798722044728,1351.9,4.18,0.0
5653,4,713,3.711999999999988,0.056100981767180924,1352.3,4.18,0.0
5654,4,713,3.711999999999988,0.056100981767180924,1352.7,4.18,0.0
5655,0,179,-0.8219999999999998,0.055865921787709494,1352.7,4.18,0.0
5656,2,453,1.4519999999999742,0.05739514348785872,1353.0,4.18,0.0
5657,0,179,-0.8219999999999998,0.055865921787709494,1353.1,4.18,0.0
5658,3,579,2.5779999999999603,0.055267702936096716,1353.4,4.18,0.0
5659,1,313,0.3119999999999896,0.054313099041533544,1353.6,4.18,0.0
5660,0,183,-0.8179999999999998,0.060109289617486336,1353.7,4.18,0.0
5661,0,197,-0.8039999999999998,0.05583756345177665,1353.8,4.18,0.0
5662,2,353,1.3519999999999852,0.056657223796033995,1353.9,4.18,0.0
5663,1,313,0.3119999999999896,0.054313099041533544,1354.1,4.18,0.0
5664,11,1651,11.649999999999737,0.05572380375529982,1355.0,4.18,0.0
5665,4,713,3.711999999999988,0.056100981767180924,1355.4,4.18,0.0
5666,0,192,-0.8089999999999998,0.057291666666666664,1355.5,4.18,0.0
5667,1,313,0.3119999999999896,0.054313099041533544,1355.7,4.18,0.0
5668,0,179,-0.8219999999999998,0.055865921787709494,1355.8,4.18,0.0
5669,1,313,0.3119999999999896,0.054313099041533544,1355.9,4.18,0.0
5670,0,188,-0.8129999999999998,0.05851063829787234,1356.0,4.18,0.0
5671,3,579,2.5779999999999603,0.055267702936096716,1356.3,4.18,0.0
5672,1,313,0.3119999999999896,0.054313099041533544,1356.5,4.18,0.0
5673,0,179,-0.8219999999999998,0.055865921787709494,1356.6,4.18,0.0
5674,0,179,-0.8219999999999998,0.055865921787709494,1356.7,4.18,0.0
5675,1,339,0.33799999999998676,0.05604719764011799,1356.9,4.18,0.0
5676,1,313,0.3119999999999896,0.05750798722044728,1357.1,4.18,0.0
5677,1,313,0.3119999999999896,0.05750798722044728,1357.2,4.18,0.0
5678,6,1005,6.004000000000084,0.05572139303482587,1357.8,4.18,0.0
5679,0,179,-0.8219999999999998,0.055865921787709494,1357.9,4.18,0.0
5680,2,446,1.444999999999975,0.05605381165919283,1358.1,4.18,0.0
5681,2,454,1.452999999999974,0.05726872246696035,1358.4,4.18,0.0
5682,5,846,4.845000000000032,0.05555555555555555,1358.8,4.18,0.0
5683,1,313,0.3119999999999896,0.054313099041533544,1359.0,4.18,0.0
5684,0,179,-0.8219999999999998,0.055865921787709494,1359.1,4.18,0.0
5685,1,318,0.31699999999998907,0.05660377358490566,1359.2,4.18,0.0
5686,4,713,3.711999999999988,0.056100981767180924,1359.6,4.18,0.0
5687,0,185,-0.8159999999999998,0.05945945945945946,1359.7,4.18,0.0
5688,2,446,1.444999999999975,0.053811659192825115,1359.9,4.18,0.0
5689,5,848,4.847000000000032,0.05660377358490566,1360.4,4.18,0.0
5690,0,179,-0.8219999999999998,0.055865921787709494,1360.5,4.18,0.0
5691,1,313,0.3119999999999896,0.054313099041533544,1360.7,4.18,0.0
5692,3,588,2.5869999999999593,0.05612244897959184,1361.0,4.18,0.0
5693,0,179,-0.8219999999999998,0.055865921787709494,1361.1,4.18,0.0
5694,0,183,-0.8179999999999998,0.060109289617486336,1361.2,4.18,0.0
5695,9,1383,9.381999999999886,0.05567606652205351,1361.9,4.18,0.0
5696,0,211,-0.7899999999999998,0.05687203791469194,1362.0,4.18,0.0
5697,2,446,1.444999999999975,0.05605381165919283,1362.2,4.18,0.0
5698,0,179,-0.8219999999999998,0.055865921787709494,1362.3,4.18,0.0
5699,4,713,3.711999999999988,0.056100981767180924,1362.7,4.18,0.0
5700,1,316,0.3149999999999893,0.056962025316455694,1362.9,4.18,0.0
5701,2,446,1.444999999999975,0.05605381165919283,1363.1,4.18,0.0
5702,8,1246,8.244999999999962,0.05537720706260032,1363.8,4.18,0.0
5703,2,446,1.444999999999975,0.053811659192825115,1364.0,4.18,0.0
5704,4,732,3.7309999999999945,0.056010928961748634,1364.4,4.18,0.0
5705,0,179,-0.8219999999999998,0.055865921787709494,1364.5,4.18,0.0
5706,3,588,2.5869999999999593,0.05612244897959184,1364.8,4.18,0.0
5707,2,456,1.4549999999999739,0.05701754385964912,1365.1,4.18,0.0
5708,3,609,2.607999999999957,0.05582922824302135,1365.4,4.18,0.0
5709,1,313,0.3119999999999896,0.054313099041533544,1365.6,4.18,0.0
5710,0,194,-0.8069999999999998,0.05670103092783505,1365.7,4.18,0.0
5711,5,846,4.845000000000032,0.05555555555555555,1366.1,4.18,0.0
5712,6,984,5.983000000000077,0.05589430894308943,1366.7,4.18,0.0
5713,2,464,1.462999999999973,0.05603448275862069,1366.9,4.18,0.0
5714,4,713,3.711999999999988,0.0546984572230014,1367.3,4.18,0.0
5715,0,190,-0.8109999999999998,0.05789473684210526,1367.4,4.18,0.0
5716,0,191,-0.8099999999999998,0.05759162303664921,1367.5,4.18,0.0
5717,1,313,0.3119999999999896,0.05750798722044728,1367.6,4.18,0.0
5718,12,1779,12.777999999999667,0.05564924114671164,1368.6,4.18,0.0
5719,4,732,3.7309999999999945,0.056010928961748634,1369.0,4.18,0.0
5720,2,446,1.444999999999975,0.053811659192825115,1369.2,4.18,0.0
5721,0,179,-0.8219999999999998,0.055865921787709494,1369.3,4.18,0.0
5722,1,313,0.3119999999999896,0.054313099041533544,1369.5,4.18,0.0
5723,0,179,-0.8219999999999998,0.055865921787709494,1369.6,4.18,0.0
5724,0,179,-0.8219999999999998,0.055865921787709494,1369.7,4.18,0.0
5725,5,853,4.852000000000034,0.05627198124267292,1370.1,4.18,0.0
5726,5,846,4.845000000000032,0.05555555555555555,1370.6,4.18,0.0
5727,7,1113,7.112000000000036,0.055705300988319856,1371.2,4.18,0.0
5728,0,179,-0.8219999999999998,0.055865921787709494,1371.2,4.18,0.0
5729,0,179,-0.8219999999999998,0.055865921787709494,1371.3,4.18,0.0
5730,2,456,1.4549999999999739,0.05701754385964912,1371.6,4.18,0.0
5731,0,179,-0.8219999999999998,0.05027932960893855,1371.7,4.18,0.0
5732,3,589,2.587999999999959,0.05602716468590832,1372.0,4.18,0.0
5733,2,352,1.3509999999999853,0.056818181818181816,1372.2,4.18,0.0
5734,6,979,5.978000000000075,0.05515832482124617,1372.7,4.18,0.0
5735,1,336,0.3349999999999871,0.05654761904761905,1372.9,4.18,0.0
5736,2,459,1.4579999999999735,0.05664488017429194,1373.1,4.18,0.0
5737,3,584,2.5829999999999598,0.05650684931506849,1373.4,4.18,0.0
5738,0,179,-0.8219999999999998,0.055865921787709494,1373.5,4.18,0.0
5739,1,340,0.33899999999998665,0.05588235294117647,1373.7,4.18,0.0
5740,0,179,-0.8219999999999998,0.055865921787709494,1373.8,4.18,0.0
5741,1,313,0.3119999999999896,0.05750798722044728,1374.0,4.18,0.0
5742,2,446,1.444999999999975,0.05605381165919283,1374.2,4.18,0.0
5743,1,317,0.3159999999999892,0.056782334384858045,1374.4,4.18,0.0
5744,0,179,-0.8219999999999998,0.055865921787709494,1374.5,4.18,0.0
5745,4,713,3.711999999999988,0.0546984572230014,1374.9,4.18,0.0
5746,0,179,-0.8219999999999998,0.055865921787709494,1375.0,4.18,0.0
5747,0,187,-0.8139999999999998,0.058823529411764705,1375.1,4.18,0.0
5748,0,179,-0.8219999999999998,0.055865921787709494,1375.1,4.18,0.0
5749,5,846,4.845000000000032,0.05555555555555555,1375.6,4.18,0.0
5750,0,186,-0.8149999999999998,0.05913978494623656,1375.7,4.18,0.0
5751,2,446,1.444999999999975,0.05605381165919283,1375.9,4.18,0.0
5752,0,193,-0.8079999999999998,0.05699481865284974,1376.0,4.18,0.0
5753,0,179,-0.8219999999999998,0.055865921787709494,1376.1,4.18,0.0
5754,1,313,0.3119999999999896,0.054313099041533544,1376.3,4.18,0.0
5755,2,446,1.444999999999975,0.05605381165919283,1376.5,4.18,0.0
5756,2,446,1.444999999999975,0.05605381165919283,1376.8,4.18,0.0
5757,0,179,-0.8219999999999998,0.055865921787709494,1376.9,4.18,0.0
5758,2,446,1.444999999999975,0.05605381165919283,1377.1,4.18,0.0
5759,1,313,0.3119999999999896,0.054313099041533544,1377.3,4.18,0.0
5760,0,179,-0.8219999999999998,0.055865921787709494,1377.4,4.18,0.0
5761,2,447,1.4459999999999749,0.05592841163310962,1377.6,4.18,0.0
5762,0,179,-0.8219999999999998,0.055865921787709494,1377.7,4.18,0.0
5763,4,713,3.711999999999988,0.056100981767180924,1378.1,4.18,0.0
5764,1,313,0.3119999999999896,0.054313099041533544,1378.3,4.18,0.0
5765,3,579,2.5779999999999603,0.055267702936096716,1378.6,4.18,0.0
5766,4,713,3.711999999999988,0.056100981767180924,1379.0,4.18,0.0
5767,0,191,-0.8099999999999998,0.05759162303664921,1379.1,4.18,0.0
5768,1,313,0.3119999999999896,0.05750798722044728,1379.3,4.18,0.0
5769,4,713,3.711999999999988,0.0546984572230014,1379.6,4.18,0.0
5770,3,579,2.5779999999999603,0.055267702936096716,1379.9,4.18,0.0
5771,2,446,1.444999999999975,0.05605381165919283,1380.2,4.18,0.0
5772,0,179,-0.8219999999999998,0.055865921787709494,1380.3,4.18,0.0
5773,0,179,-0.8219999999999998,0.055865921787709494,1380.4,4.18,0.0
5774,1,313,0.3119999999999896,0.05750798722044728,1380.6,4.18,0.0
5775,6,984,5.983000000000077,0.05589430894308943,1381.1,4.18,0.0
5776,0,179,-0.8219999999999998,0.055865921787709494,1381.2,4.18,0.0
5777,5,851,4.850000000000033,0.0564042303172738,1381.6,4.18,0.0
5778,1,335,0.3339999999999872,0.056716417910447764,1381.8,4.18,0.0
5779,1,313,0.3119999999999896,0.054313099041533544,1382.0,4.18,0.0
5780,2,446,1.444999999999975,0.05605381165919283,1382.2,4.18,0.0
5781,2,446,1.444999999999975,0.05605381165919283,1382.5,4.18,0.0
5782,1,313,0.3119999999999896,0.05750798722044728,1382.6,4.18,0.0
5783,1,313,0.3119999999999896,0.054313099041533544,1382.8,4.18,0.0
5784,1,313,0.3119999999999896,0.05750798722044728,1383.0,4.18,0.0
5785,3,579,2.5779999999999603,0.055267702936096716,1383.3,4.18,0.0
5786,1,313,0.3119999999999896,0.054313099041533544,1383.4,4.18,0.0
5787,0,189,-0.8119999999999998,0.0582010582010582,1383.5,4.18,0.0
5788,1,313,0.3119999999999896,0.054313099041533544,1383.7,4.18,0.0
5789,0,179,-0.8219999999999998,0.055865921787709494,1383.8,4.18,0.0
5790,3,579,2.5779999999999603,0.055267702936096716,1384.1,4.18,0.0
5791,2,446,1.444999999999975,0.05605381165919283,1384.3,4.18,0.0
5792,2,458,1.4569999999999736,0.056768558951965066,1384.6,4.18,0.0
5793,1,313,0.3119999999999896,0.05750798722044728,1384.8,4.18,0.0
5794,4,713,3.711999999999988,0.0546984572230014,1385.2,4.18,0.0
5795,3,579,2.5779999999999603,0.055267702936096716,1385.5,4.18,0.0
5796,0,179,-0.8219999999999998,0.055865921787709494,1385.6,4.18,0.0
5797,4,713,3.711999999999988,0.0546984572230014,1386.0,4.18,0.0
5798,1,317,0.3159999999999892,0.056782334384858045,1386.1,4.18,0.0
5799,2,446,1.444999999999975,0.05605381165919283,1386.4,4.18,0.0
5800,2,473,1.471999999999972,0.05708245243128964,1386.6,4.18,0.0
5801,0,179,-0.8219999999999998,0.055865921787709494,1386.7,4.18,0.0
5802,0,179,-0.8219999999999998,0.055865921787709494,1386.8,4.18,0.0
5803,1,338,0.33699999999998687,0.05621301775147929,1387.0,4.18,0.0
5804,0,179,-0.8219999999999998,0.055865921787709494,1387.1,4.18,0.0
5805,1,313,0.3119999999999896,0.054313099041533544,1387.3,4.19,0.0
5806,0,179,-0.8219999999999998,0.055865921787709494,1387.4,4.19,0.0
5807,2,446,1.444999999999975,0.05605381165919283,1387.6,4.19,0.0
5808,3,579,2.5779999999999603,0.055267702936096716,1387.9,4.19,0.0
5809,2,458,1.4569999999999736,0.056768558951965066,1388.2,4.19,0.0
5810,0,187,-0.8139999999999998,0.058823529411764705,1388.3,4.19,0.0
5811,1,336,0.3349999999999871,0.05654761904761905,1388.4,4.19,0.0
5812,1,313,0.3119999999999896,0.054313099041533544,1388.6,4.19,0.0
5813,4,732,3.7309999999999945,0.056010928961748634,1389.0,4.19,0.0
5814,5,846,4.845000000000032,0.05555555555555555,1389.4,4.19,0.0
5815,1,315,0.3139999999999894,0.05714285714285714,1389.6,4.19,0.0
5816,0,179,-0.8219999999999998,0.055865921787709494,1389.7,4.19,0.0
5817,5,754,4.753000000000001,0.05570291777188329,1390.1,4.19,0.0
5818,4,729,3.7279999999999935,0.056241426611796985,1390.5,4.18,0.0
5819,2,465,1.4639999999999729,0.05591397849462366,1390.7,4.18,0.0
5820,3,579,2.5779999999999603,0.055267702936096716,1391.1,4.18,0.0
5821,1,313,0.3119999999999896,0.05750798722044728,1391.2,4.18,0.0
5822,3,579,2.5779999999999603,0.055267702936096716,1391.5,4.18,0.0
5823,0,183,-0.8179999999999998,0.060109289617486336,1391.6,4.19,0.0
5824,1,313,0.3119999999999896,0.054313099041533544,1391.8,4.19,0.0
5825,0,186,-0.8149999999999998,0.05913978494623656,1391.9,4.19,0.0
5826,1,321,0.31999999999998874,0.056074766355140186,1392.1,4.19,0.0
5827,0,179,-0.8219999999999998,0.055865921787709494,1392.2,4.19,0.0
5828,3,579,2.5779999999999603,0.055267702936096716,1392.5,4.19,0.0
5829,1,313,0.3119999999999896,0.05750798722044728,1392.6,4.19,0.0
5830,0,179,-0.8219999999999998,0.05027932960893855,1392.7,4.19,0.0
5831,0,191,-0.8099999999999998,0.05759162303664921,1392.8,4.19,0.0
5832,1,313,0.3119999999999896,0.054313099041533544,1393.0,4.19,0.0
5833,6,979,5.978000000000075,0.05515832482124617,1393.5,4.19,0.0
5834,2,446,1.444999999999975,0.05605381165919283,1393.8,4.19,0.0
5835,0,179,-0.8219999999999998,0.055865921787709494,1393.9,4.19,0.0
5836,2,455,1.453999999999974,0.05714285714285714,1394.1,4.19,0.0
5837,2,458,1.4569999999999736,0.056768558951965066,1394.4,4.19,0.0
5838,2,455,1.453999999999974,0.05714285714285714,1394.6,4.19,0.0
5839,0,183,-0.8179999999999998,0.060109289617486336,1394.7,4.19,0.0
5840,4,713,3.711999999999988,0.0546984572230014,1395.1,4.19,0.0
5841,2,455,1.453999999999974,0.05714285714285714,1395.3,4.19,0.0
5842,2,446,1.444999999999975,0.05605381165919283,1395.6,4.19,0.0
5843,2,452,1.4509999999999743,0.05752212389380531,1395.8,4.19,0.0
5844,1,313,0.3119999999999896,0.054313099041533544,1396.0,4.19,0.0
5845,1,318,0.31699999999998907,0.05660377358490566,1396.2,4.19,0.0
5846,0,189,-0.8119999999999998,0.0582010582010582,1396.2,4.19,0.0
5847,0,179,-0.8219999999999998,0.055865921787709494,1396.3,4.19,0.0
5848,0,189,-0.8119999999999998,0.0582010582010582,1396.4,4.19,0.0
5849,0,179,-0.8219999999999998,0.055865921787709494,1396.6,4.19,0.0
5850,2,446,1.444999999999975,0.05605381165919283,1396.8,4.19,0.0
5851,1,315,0.3139999999999894,0.05714285714285714,1397.0,4.19,0.0
5852,2,446,1.444999999999975,0.05605381165919283,1397.2,4.19,0.0
5853,4,713,3.711999999999988,0.0546984572230014,1397.6,4.19,0.0
5854,0,179,-0.8219999999999998,0.055865921787709494,1397.7,4.19,0.0
5855,0,179,-0.8219999999999998,0.055865921787709494,1397.8,4.19,0.0
5856,6,979,5.978000000000075,0.05515832482124617,1398.3,4.19,0.0
5857,4,715,3.713999999999989,0.055944055944055944,1398.7,4.19,0.0
5858,2,456,1.4549999999999739,0.05701754385964912,1398.9,4.19,0.0
5859,0,179,-0.8219999999999998,0.055865921787709494,1399.0,4.19,0.0
5860,3,579,2.5779999999999603,0.055267702936096716,1399.3,4.19,0.0
5861,1,313,0.3119999999999896,0.054313099041533544,1399.5,4.19,0.0
5862,0,179,-0.8219999999999998,0.055865921787709494,1399.6,4.19,0.0
5863,1,313,0.3119999999999896,0.054313099041533544,1399.8,4.19,0.0
5864,1,313,0.3119999999999896,0.05750798722044728,1399.9,4.19,0.0
5865,1,313,0.3119999999999896,0.05750798722044728,1400.1,4.19,0.0
5866,1,315,0.3139999999999894,0.05714285714285714,1400.3,4.19,0.0
5867,4,730,3.728999999999994,0.056164383561643834,1400.7,4.19,0.0
5868,1,313,0.3119999999999896,0.054313099041533544,1400.8,4.19,0.0
5869,0,179,-0.8219999999999998,0.055865921787709494,1400.9,4.19,0.0
5870,0,179,-0.8219999999999998,0.055865921787709494,1401.0,4.19,0.0
5871,6,985,5.984000000000077,0.05583756345177665,1401.6,4.19,0.0
5872,2,459,1.4579999999999735,0.05664488017429194,1401.8,4.19,0.0
5873,0,179,-0.8219999999999998,0.055865921787709494,1401.9,4.19,0.0
5874,4,713,3.711999999999988,0.0546984572230014,1402.3,4.19,0.0
5875,0,187,-0.8139999999999998,0.058823529411764705,1402.4,4.19,0.0
5876,3,579,2.5779999999999603,0.055267702936096716,1402.7,4.19,0.0
5877,5,846,4.845000000000032,0.05555555555555555,1403.1,4.19,0.0
5878,1,318,0.31699999999998907,0.05660377358490566,1403.3,4.19,0.0
5879,2,460,1.4589999999999734,0.05652173913043478,1403.5,4.19,0.0
5880,1,321,0.31999999999998874,0.056074766355140186,1403.7,4.19,0.0
5881,0,187,-0.8139999999999998,0.058823529411764705,1403.8,4.19,0.0
5882,3,579,2.5779999999999603,0.055267702936096716,1404.1,4.19,0.0
5883,0,179,-0.8219999999999998,0.055865921787709494,1404.2,4.19,0.0
5884,2,446,1.444999999999975,0.05605381165919283,1404.5,4.19,0.0
5885,8,1246,8.244999999999962,0.05537720706260032,1405.1,4.19,0.0
5886,0,183,-0.8179999999999998,0.060109289617486336,1405.2,4.19,0.0
5887,0,179,-0.8219999999999998,0.055865921787709494,1405.3,4.19,0.0
5888,6,979,5.978000000000075,0.05515832482124617,1405.8,4.19,0.0
5889,5,846,4.845000000000032,0.05555555555555555,1406.3,4.19,0.0
5890,0,179,-0.8219999999999998,0.055865921787709494,1406.4,4.19,0.0
5891,0,179,-0.8219999999999998,0.055865921787709494,1406.5,4.19,0.0
5892,0,179,-0.8219999999999998,0.055865921787709494,1406.6,4.19,0.0
5893,0,179,-0.8219999999999998,0.055865921787709494,1406.7,4.19,0.0
5894,1,313,0.3119999999999896,0.054313099041533544,1406.8,4.19,0.0
5895,5,846,4.845000000000032,0.05555555555555555,1407.3,4.19,0.0
5896,1,314,0.3129999999999895,0.05732484076433121,1407.5,4.19,0.0
5897,2,447,1.4459999999999749,0.05592841163310962,1407.7,4.19,0.0
5898,1,313,0.3119999999999896,0.054313099041533544,1407.9,4.19,0.0
5899,1,313,0.3119999999999896,0.054313099041533544,1408.0,4.19,0.0
5900,3,579,2.5779999999999603,0.055267702936096716,1408.3,4.19,0.0
5901,1,313,0.3119999999999896,0.05750798722044728,1408.5,4.19,0.0
5902,0,194,-0.8069999999999998,0.05670103092783505,1408.6,4.19,0.0
5903,4,713,3.711999999999988,0.056100981767180924,1409.0,4.19,0.0
5904,0,179,-0.8219999999999998,0.055865921787709494,1409.1,4.19,0.0
5905,1,320,0.31899999999998885,0.05625,1409.2,4.19,0.0
5906,0,179,-0.8219999999999998,0.055865921787709494,1409.3,4.19,0.0
5907,3,579,2.5779999999999603,0.055267702936096716,1409.7,4.19,0.0
5908,0,184,-0.8169999999999998,0.059782608695652176,1409.8,4.19,0.0
5909,2,460,1.4589999999999734,0.05652173913043478,1410.0,4.19,0.0
5910,0,194,-0.8069999999999998,0.05670103092783505,1410.1,4.19,0.0
5911,3,579,2.5779999999999603,0.055267702936096716,1410.4,4.19,0.0
5912,0,179,-0.8219999999999998,0.055865921787709494,1410.5,4.19,0.0
5913,8,1246,8.244999999999962,0.056179775280898875,1411.2,4.19,0.0
5914,2,474,1.4729999999999719,0.056962025316455694,1411.4,4.19,0.0
5915,2,454,1.452999999999974,0.05726872246696035,1411.7,4.19,0.0
5916,2,446,1.444999999999975,0.05605381165919283,1411.9,4.19,0.0
5917,1,338,0.33699999999998687,0.05621301775147929,1412.1,4.19,0.0
5918,4,713,3.711999999999988,0.056100981767180924,1412.5,4.19,0.0
5919,0,182,-0.8189999999999998,0.06043956043956044,1412.6,4.19,0.0
5920,1,313,0.3119999999999896,0.05750798722044728,1412.7,4.19,0.0
5921,4,750,4.7490000000000006,0.056,1413.1,4.19,0.0
5922,1,313,0.3119999999999896,0.05750798722044728,1413.3,4.19,0.0
5923,3,589,2.587999999999959,0.05602716468590832,1413.6,4.19,0.0
5924,6,979,5.978000000000075,0.05515832482124617,1414.2,4.19,0.0
5925,0,179,-0.8219999999999998,0.055865921787709494,1414.2,4.19,0.0
5926,0,179,-0.8219999999999998,0.055865921787709494,1414.3,4.19,0.0
5927,0,179,-0.8219999999999998,0.055865921787709494,1414.4,4.19,0.0
5928,2,447,1.4459999999999749,0.05592841163310962,1414.7,4.19,0.0
5929,7,1128,7.127000000000027,0.05585106382978723,1415.3,4.19,0.0
5930,2,456,1.4549999999999739,0.05701754385964912,1415.5,4.19,0.0
5931,0,179,-0.8219999999999998,0.055865921787709494,1415.6,4.19,0.0
5932,0,179,-0.8219999999999998,0.055865921787709494,1415.7,4.19,0.0
5933,2,446,1.444999999999975,0.05605381165919283,1415.9,4.19,0.0
5934,1,313,0.3119999999999896,0.05750798722044728,1416.1,4.19,0.0
5935,4,730,3.728999999999994,0.056164383561643834,1416.5,4.19,0.0
5936,1,313,0.3119999999999896,0.054313099041533544,1416.7,4.19,0.0
5937,1,313,0.3119999999999896,0.054313099041533544,1416.8,4.19,0.0
5938,0,179,-0.8219999999999998,0.055865921787709494,1416.9,4.19,0.0
5939,0,183,-0.8179999999999998,0.060109289617486336,1417.0,4.19,0.0
5940,0,179,-0.8219999999999998,0.055865921787709494,1417.1,4.19,0.0
5941,1,313,0.3119999999999896,0.054313099041533544,1417.3,4.19,0.0
5942,0,179,-0.8219999999999998,0.055865921787709494,1417.4,4.19,0.0
5943,1,313,0.3119999999999896,0.05750798722044728,1417.6,4.19,0.0
5944,1,313,0.3119999999999896,0.05750798722044728,1417.7,4.19,0.0
5945,1,314,0.3129999999999895,0.05732484076433121,1417.9,4.19,0.0
5946,0,179,-0.8219999999999998,0.05027932960893855,1418.0,4.19,0.0
5947,3,592,2.590999999999959,0.05574324324324324,1418.3,4.19,0.0
5948,2,446,1.444999999999975,0.05605381165919283,1418.5,4.19,0.0
5949,2,456,1.4549999999999739,0.05701754385964912,1418.8,4.19,0.0
5950,3,579,2.5779999999999603,0.05699481865284974,1419.1,4.19,0.0
5951,3,586,2.5849999999999596,0.05631399317406143,1419.4,4.19,0.0
5952,0,179,-0.8219999999999998,0.055865921787709494,1419.5,4.19,0.0
5953,3,579,2.5779999999999603,0.055267702936096716,1419.8,4.19,0.0
5954,2,446,1.444999999999975,0.05605381165919283,1420.0,4.19,0.0
5955,0,179,-0.8219999999999998,0.055865921787709494,1420.1,4.19,0.0
5956,2,459,1.4579999999999735,0.05664488017429194,1420.4,4.19,0.0
5957,3,579,2.5779999999999603,0.055267702936096716,1420.7,4.19,0.0
5958,6,979,5.978000000000075,0.056179775280898875,1421.2,4.19,0.0
5959,2,446,1.444999999999975,0.05605381165919283,1421.4,4.19,0.0
5960,0,189,-0.8119999999999998,0.0582010582010582,1421.5,4.19,0.0
5961,0,186,-0.8149999999999998,0.05913978494623656,1421.7,4.19,0.0
5962,1,313,0.3119999999999896,0.054313099041533544,1421.8,4.19,0.0
5963,0,186,-0.8149999999999998,0.05913978494623656,1421.9,4.19,0.0
5964,1,313,0.3119999999999896,0.05750798722044728,1422.1,4.19,0.0
5965,5,846,4.845000000000032,0.05555555555555555,1422.5,4.19,0.0
5966,0,183,-0.8179999999999998,0.060109289617486336,1422.6,4.19,0.0
5967,0,179,-0.8219999999999998,0.055865921787709494,1422.7,4.19,0.0
5968,3,581,2.57999999999996,0.05679862306368331,1423.0,4.19,0.0
5969,9,1379,9.377999999999888,0.05511240029006526,1423.8,4.19,0.0
5970,4,729,3.7279999999999935,0.056241426611796985,1424.1,4.19,0.0
5971,3,579,2.5779999999999603,0.055267702936096716,1424.5,4.19,0.0
5972,2,446,1.444999999999975,0.05605381165919283,1424.7,4.19,0.0
5973,0,179,-0.8219999999999998,0.055865921787709494,1424.8,4.19,0.0
5974,3,579,2.5779999999999603,0.055267702936096716,1425.1,4.19,0.0
5975,1,313,0.3119999999999896,0.05750798722044728,1425.3,4.19,0.0
5976,0,207,-0.7939999999999998,0.057971014492753624,1425.4,4.19,0.0
5977,3,579,2.5779999999999603,0.055267702936096716,1425.7,4.19,0.0
5978,1,340,0.33899999999998665,0.05588235294117647,1425.9,4.19,0.0
5979,2,451,1.4499999999999744,0.057649667405764965,1426.1,4.19,0.0
5980,2,459,1.4579999999999735,0.05664488017429194,1426.3,4.19,0.0
5981,0,183,-0.8179999999999998,0.060109289617486336,1426.4,4.19,0.0
5982,0,179,-0.8219999999999998,0.055865921787709494,1426.5,4.19,0.0
5983,1,317,0.3159999999999892,0.056782334384858045,1426.7,4.19,0.0
5984,3,579,2.5779999999999603,0.055267702936096716,1427.0,4.19,0.0
5985,4,713,3.711999999999988,0.056100981767180924,1427.4,4.19,0.0
5986,3,579,2.5779999999999603,0.055267702936096716,1427.7,4.19,0.0
5987,2,446,1.444999999999975,0.053811659192825115,1427.9,4.19,0.0
5988,3,579,2.5779999999999603,0.055267702936096716,1428.3,4.19,0.0
5989,0,193,-0.8079999999999998,0.05699481865284974,1428.4,4.19,0.0
5990,2,448,1.4469999999999748,0.05580357142857143,1428.6,4.19,0.0
5991,0,179,-0.8219999999999998,0.055865921787709494,1428.7,4.19,0.0
5992,1,313,0.3119999999999896,0.05750798722044728,1428.8,4.19,0.0
5993,1,319,0.31799999999998896,0.05642633228840126,1429.0,4.19,0.0
5994,8,1246,8.244999999999962,0.05537720706260032,1429.7,4.19,0.0
5995,0,179,-0.8219999999999998,0.055865921787709494,1429.8,4.19,0.0
5996,0,179,-0.8219999999999998,0.055865921787709494,1429.9,4.19,0.0
5997,4,727,3.725999999999993,0.05639614855570839,1430.3,4.19,0.0
5998,2,446,1.444999999999975,0.05605381165919283,1430.5,4.19,0.0
5999,0,185,-0.8159999999999998,0.05945945945945946,1430.6,4.19,0.0
6000,4,713,3.711999999999988,0.056100981767180924,1431.0,4.19,0.0
6001,4,713,3.711999999999988,0.056100981767180924,1434.4,4.18,0.0
6002,2,446,1.444999999999975,0.05605381165919283,1434.7,4.18,0.0
6003,7,1113,7.112000000000036,0.055705300988319856,1435.3,4.18,0.0
6004,0,179,-0.8219999999999998,0.055865921787709494,1435.4,4.18,0.0
6005,0,184,-0.8169999999999998,0.059782608695652176,1435.5,4.18,0.0
6006,0,179,-0.8219999999999998,0.055865921787709494,1435.6,4.18,0.0
6007,0,179,-0.8219999999999998,0.055865921787709494,1435.7,4.18,0.0
6008,3,587,2.5859999999999594,0.056218057921635436,1436.0,4.18,0.0
6009,4,713,3.711999999999988,0.0546984572230014,1436.4,4.18,0.0
6010,4,713,3.711999999999988,0.056100981767180924,1436.7,4.18,0.0
6011,4,713,3.711999999999988,0.0546984572230014,1437.1,4.18,0.0
6012,1,339,0.33799999999998676,0.05604719764011799,1437.3,4.18,0.0
6013,4,713,3.711999999999988,0.056100981767180924,1437.7,4.18,0.0
6014,0,189,-0.8119999999999998,0.0582010582010582,1437.8,4.18,0.0
6015,5,846,4.845000000000032,0.05555555555555555,1438.2,4.18,0.0
6016,2,446,1.444999999999975,0.05605381165919283,1438.5,4.18,0.0
6017,1,313,0.3119999999999896,0.054313099041533544,1438.6,4.18,0.0
6018,0,179,-0.8219999999999998,0.055865921787709494,1438.7,4.18,0.0
6019,1,313,0.3119999999999896,0.05750798722044728,1438.9,4.18,0.0
6020,1,313,0.3119999999999896,0.054313099041533544,1439.1,4.18,0.0
6021,2,446,1.444999999999975,0.05605381165919283,1439.3,4.18,0.0
6022,0,179,-0.8219999999999998,0.055865921787709494,1439.4,4.18,0.0
6023,0,197,-0.8039999999999998,0.05583756345177665,1439.5,4.18,0.0
6024,0,191,-0.8099999999999998,0.05759162303664921,1439.6,4.19,0.0
6025,1,327,0.3259999999999881,0.0581039755351682,1439.8,4.19,0.0
6026,2,446,1.444999999999975,0.05605381165919283,1440.0,4.19,0.0
6027,3,583,2.58199999999996,0.05660377358490566,1440.3,4.19,0.0
6028,1,318,0.31699999999998907,0.05660377358490566,1440.5,4.19,0.0
6029,0,184,-0.8169999999999998,0.059782608695652176,1440.6,4.19,0.0
6030,4,713,3.711999999999988,0.056100981767180924,1440.9,4.19,0.0
6031,3,591,2.589999999999959,0.05583756345177665,1441.3,4.19,0.0
6032,0,179,-0.8219999999999998,0.055865921787709494,1441.4,4.19,0.0
6033,0,179,-0.8219999999999998,0.055865921787709494,1441.5,4.19,0.0
6034,0,179,-0.8219999999999998,0.055865921787709494,1441.6,4.19,0.0
6035,0,186,-0.8149999999999998,0.05913978494623656,1441.7,4.19,0.0
6036,3,579,2.5779999999999603,0.055267702936096716,1442.0,4.19,0.0
6037,2,446,1.444999999999975,0.05605381165919283,1442.2,4.19,0.0
6038,2,446,1.444999999999975,0.05605381165919283,1442.4,4.19,0.0
6039,4,713,3.711999999999988,0.0546984572230014,1442.8,4.19,0.0
6040,0,179,-0.8219999999999998,0.055865921787709494,1442.9,4.19,0.0
6041,1,313,0.3119999999999896,0.054313099041533544,1443.1,4.19,0.0
6042,4,719,3.71799999999999,0.055632823365785816,1443.5,4.19,0.0
6043,0,179,-0.8219999999999998,0.055865921787709494,1443.6,4.19,0.0
6044,1,337,0.335999999999987,0.05637982195845697,1443.7,4.19,0.0
6045,0,192,-0.8089999999999998,0.057291666666666664,1443.8,4.19,0.0
6046,2,465,1.4639999999999729,0.05591397849462366,1444.1,4.19,0.0
6047,5,846,4.845000000000032,0.05555555555555555,1444.5,4.19,0.0
6048,1,313,0.3119999999999896,0.054313099041533544,1444.7,4.19,0.0
6049,2,446,1.444999999999975,0.05605381165919283,1444.9,4.19,0.0
6050,2,446,1.444999999999975,0.05605381165919283,1445.2,4.19,0.0
6051,0,179,-0.8219999999999998,0.055865921787709494,1445.2,4.19,0.0
6052,1,313,0.3119999999999896,0.054313099041533544,1445.4,4.19,0.0
6053,0,179,-0.8219999999999998,0.055865921787709494,1445.5,4.19,0.0
6054,0,179,-0.8219999999999998,0.055865921787709494,1445.6,4.19,0.0
6055,1,313,0.3119999999999896,0.054313099041533544,1445.8,4.19,0.0
6056,5,849,4.848000000000033,0.05653710247349823,1446.2,4.19,0.0
6057,0,193,-0.8079999999999998,0.05699481865284974,1446.3,4.19,0.0
6058,1,313,0.3119999999999896,0.054313099041533544,1446.5,4.19,0.0
6059,4,732,3.7309999999999945,0.056010928961748634,1446.9,4.19,0.0
6060,3,579,2.5779999999999603,0.055267702936096716,1447.2,4.19,0.0
6061,2,446,1.444999999999975,0.05605381165919283,1447.4,4.19,0.0
6062,0,179,-0.8219999999999998,0.055865921787709494,1447.5,4.19,0.0
6063,3,584,2.5829999999999598,0.05650684931506849,1447.8,4.19,0.0
6064,2,446,1.444999999999975,0.05605381165919283,1448.1,4.19,0.0
6065,3,579,2.5779999999999603,0.055267702936096716,1448.4,4.19,0.0
6066,3,588,2.5869999999999593,0.05612244897959184,1448.7,4.19,0.0
6067,5,875,4.874000000000041,0.056,1449.2,4.19,0.0
6068,5,846,4.845000000000032,0.05555555555555555,1449.6,4.19,0.0
6069,4,715,3.713999999999989,0.055944055944055944,1450.0,4.19,0.0
6070,0,186,-0.8149999999999998,0.05913978494623656,1450.1,4.19,0.0
6071,1,313,0.3119999999999896,0.054313099041533544,1450.3,4.19,0.0
6072,1,313,0.3119999999999896,0.054313099041533544,1450.5,4.19,0.0
6073,4,729,3.7279999999999935,0.056241426611796985,1450.8,4.19,0.0
6074,3,593,2.591999999999959,0.05564924114671164,1451.2,4.19,0.0
6075,0,184,-0.8169999999999998,0.059782608695652176,1451.3,4.19,0.0
6076,1,335,0.3339999999999872,0.056716417910447764,1451.4,4.19,0.0
6077,0,187,-0.8139999999999998,0.058823529411764705,1451.5,4.19,0.0
6078,2,457,1.4559999999999738,0.05689277899343545,1451.8,4.19,0.0
6079,0,179,-0.8219999999999998,0.055865921787709494,1451.9,4.19,0.0
6080,5,846,4.845000000000032,0.05555555555555555,1452.3,4.19,0.0
6081,0,179,-0.8219999999999998,0.055865921787709494,1452.4,4.19,0.0
6082,0,192,-0.8089999999999998,0.057291666666666664,1452.5,4.19,0.0
6083,10,1513,10.511999999999814,0.05551883674818242,1453.3,4.19,0.0
6084,1,338,0.33699999999998687,0.05621301775147929,1453.5,4.19,0.0
6085,1,336,0.3349999999999871,0.05654761904761905,1453.7,4.19,0.0
6086,3,590,2.588999999999959,0.05593220338983051,1454.0,4.19,0.0
6087,0,179,-0.8219999999999998,0.055865921787709494,1454.1,4.19,0.0
6088,3,579,2.5779999999999603,0.055267702936096716,1454.4,4.19,0.0
6089,0,179,-0.8219999999999998,0.055865921787709494,1454.5,4.19,0.0
6090,6,986,5.985000000000078,0.055780933062880324,1455.0,4.19,0.0
6091,1,313,0.3119999999999896,0.05750798722044728,1455.2,4.19,0.0
6092,1,336,0.3349999999999871,0.05654761904761905,1455.4,4.19,0.0
6093,0,183,-0.8179999999999998,0.060109289617486336,1455.5,4.19,0.0
6094,2,446,1.444999999999975,0.05605381165919283,1455.7,4.19,0.0
6095,0,182,-0.8189999999999998,0.06043956043956044,1455.8,4.19,0.0
6096,1,313,0.3119999999999896,0.054313099041533544,1456.0,4.19,0.0
6097,5,855,4.854000000000035,0.056140350877192984,1456.6,4.19,0.0
6098,4,713,3.711999999999988,0.056100981767180924,1456.9,4.19,0.0
6099,3,579,2.5779999999999603,0.055267702936096716,1457.3,4.19,0.0
6100,0,196,-0.8049999999999998,0.05612244897959184,1457.4,4.19,0.0
6101,2,446,1.444999999999975,0.05605381165919283,1457.6,4.19,0.0
6102,4,727,3.725999999999993,0.05639614855570839,1458.0,4.19,0.0
6103,1,337,0.335999999999987,0.05637982195845697,1458.2,4.19,0.0
6104,2,446,1.444999999999975,0.05605381165919283,1458.4,4.19,0.0
6105,1,313,0.3119999999999896,0.05750798722044728,1458.6,4.19,0.0
6106,2,446,1.444999999999975,0.05605381165919283,1458.9,4.19,0.0
6107,2,446,1.444999999999975,0.05605381165919283,1459.1,4.19,0.0
6108,0,186,-0.8149999999999998,0.05913978494623656,1459.2,4.19,0.0
6109,0,179,-0.8219999999999998,0.055865921787709494,1459.3,4.19,0.0
6110,0,194,-0.8069999999999998,0.05670103092783505,1459.4,4.19,0.0
6111,1,313,0.3119999999999896,0.054313099041533544,1459.6,4.19,0.0
6112,0,179,-0.8219999999999998,0.055865921787709494,1459.7,4.19,0.0
6113,2,446,1.444999999999975,0.053811659192825115,1459.9,4.19,0.0
6114,0,179,-0.8219999999999998,0.055865921787709494,1460.0,4.19,0.0
6115,2,458,1.4569999999999736,0.056768558951965066,1460.3,4.19,0.0
6116,0,179,-0.8219999999999998,0.055865921787709494,1460.3,4.19,0.0
6117,1,313,0.3119999999999896,0.054313099041533544,1460.5,4.19,0.0
6118,2,461,1.4599999999999733,0.05639913232104121,1460.8,4.19,0.0
6119,2,446,1.444999999999975,0.053811659192825115,1461.0,4.19,0.0
6120,1,313,0.3119999999999896,0.054313099041533544,1461.2,4.19,0.0
6121,1,313,0.3119999999999896,0.05750798722044728,1461.3,4.19,0.0
6122,0,195,-0.8059999999999998,0.05641025641025641,1461.4,4.19,0.0
6123,7,1113,7.112000000000036,0.055705300988319856,1462.0,4.19,0.0
6124,0,192,-0.8089999999999998,0.057291666666666664,1462.1,4.19,0.0
6125,3,579,2.5779999999999603,0.055267702936096716,1462.4,4.19,0.0
6126,0,179,-0.8219999999999998,0.055865921787709494,1462.5,4.19,0.0
6127,0,185,-0.8159999999999998,0.05945945945945946,1462.6,4.19,0.0
6128,5,846,4.845000000000032,0.05555555555555555,1463.1,4.19,0.0
6129,5,846,4.845000000000032,0.05555555555555555,1463.6,4.19,0.0
6130,3,583,2.58199999999996,0.05660377358490566,1463.9,4.19,0.0
6131,5,850,4.849000000000033,0.05647058823529412,1464.3,4.19,0.0
6132,3,583,2.58199999999996,0.05660377358490566,1464.6,4.19,0.0
6133,1,313,0.3119999999999896,0.054313099041533544,1464.8,4.19,0.0
6134,2,457,1.4559999999999738,0.05689277899343545,1465.1,4.19,0.0
6135,0,179,-0.8219999999999998,0.055865921787709494,1465.2,4.19,0.0
6136,2,446,1.444999999999975,0.05605381165919283,1465.4,4.19,0.0
6137,6,1005,6.004000000000084,0.05572139303482587,1465.9,4.19,0.0
6138,0,179,-0.8219999999999998,0.055865921787709494,1466.0,4.19,0.0
6139,0,191,-0.8099999999999998,0.05759162303664921,1466.1,4.19,0.0
6140,0,179,-0.8219999999999998,0.055865921787709494,1466.2,4.19,0.0
6141,2,446,1.444999999999975,0.053811659192825115,1466.5,4.19,0.0
6142,2,446,1.444999999999975,0.05605381165919283,1466.7,4.19,0.0
6143,4,713,3.711999999999988,0.0546984572230014,1467.1,4.19,0.0
6144,2,462,1.4609999999999732,0.05627705627705628,1467.4,4.19,0.0
6145,4,713,3.711999999999988,0.056100981767180924,1467.7,4.19,0.0
6146,1,313,0.3119999999999896,0.054313099041533544,1467.9,4.19,0.0
6147,4,732,3.7309999999999945,0.056010928961748634,1468.3,4.19,0.0
6148,0,179,-0.8219999999999998,0.055865921787709494,1468.4,4.19,0.0
6149,3,588,2.5869999999999593,0.05612244897959184,1468.7,4.19,0.0
6150,0,183,-0.8179999999999998,0.060109289617486336,1468.8,4.19,0.0
6151,3,579,2.5779999999999603,0.055267702936096716,1469.1,4.19,0.0
6152,3,579,2.5779999999999603,0.055267702936096716,1469.4,4.19,0.0
6153,0,196,-0.8049999999999998,0.05612244897959184,1469.5,4.19,0.0
6154,5,855,4.854000000000035,0.056140350877192984,1470.0,4.19,0.0
6155,3,579,2.5779999999999603,0.055267702936096716,1470.3,4.19,0.0
6156,4,713,3.711999999999988,0.056100981767180924,1470.7,4.19,0.0
6157,2,446,1.444999999999975,0.05605381165919283,1470.9,4.19,0.0
6158,2,446,1.444999999999975,0.05605381165919283,1471.2,4.19,0.0
6159,4,715,3.713999999999989,0.055944055944055944,1471.6,4.19,0.0
6160,0,179,-0.8219999999999998,0.055865921787709494,1471.7,4.19,0.0
6161,2,446,1.444999999999975,0.05605381165919283,1471.9,4.19,0.0
6162,2,446,1.444999999999975,0.053811659192825115,1472.1,4.19,0.0
6163,2,446,1.444999999999975,0.05605381165919283,1472.4,4.19,0.0
6164,0,189,-0.8119999999999998,0.0582010582010582,1472.5,4.19,0.0
6165,1,336,0.3349999999999871,0.05654761904761905,1472.7,4.19,0.0
6166,1,313,0.3119999999999896,0.054313099041533544,1472.8,4.19,0.0
6167,3,579,2.5779999999999603,0.055267702936096716,1473.1,4.19,0.0
6168,4,713,3.711999999999988,0.056100981767180924,1473.5,4.19,0.0
6169,3,609,2.607999999999957,0.05582922824302135,1473.9,4.19,0.0
6170,0,179,-0.8219999999999998,0.055865921787709494,1474.0,4.19,0.0
6171,2,446,1.444999999999975,0.05605381165919283,1474.2,4.19,0.0
6172,0,179,-0.8219999999999998,0.055865921787709494,1474.3,4.19,0.0
6173,0,179,-0.8219999999999998,0.055865921787709494,1474.4,4.19,0.0
6174,3,579,2.5779999999999603,0.055267702936096716,1474.7,4.19,0.0
6175,0,179,-0.8219999999999998,0.055865921787709494,1474.8,4.19,0.0
6176,9,1379,9.377999999999888,0.05511240029006526,1475.5,4.19,0.0
6177,0,179,-0.8219999999999998,0.055865921787709494,1475.6,4.19,0.0
6178,4,713,3.711999999999988,0.056100981767180924,1476.0,4.19,0.0
6179,3,579,2.5779999999999603,0.05699481865284974,1476.3,4.19,0.0
6180,0,179,-0.8219999999999998,0.055865921787709494,1476.4,4.19,0.0
6181,0,179,-0.8219999999999998,0.055865921787709494,1476.5,4.19,0.0
6182,4,732,3.7309999999999945,0.056010928961748634,1476.8,4.19,0.0
6183,0,179,-0.8219999999999998,0.055865921787709494,1476.9,4.19,0.0
6184,1,313,0.3119999999999896,0.05750798722044728,1477.1,4.19,0.0
6185,0,179,-0.8219999999999998,0.055865921787709494,1477.2,4.19,0.0
6186,9,1379,9.377999999999888,0.05583756345177665,1477.9,4.19,0.0
6187,6,979,5.978000000000075,0.05515832482124617,1478.5,4.19,0.0
6188,4,713,3.711999999999988,0.056100981767180924,1478.8,4.19,0.0
6189,3,579,2.5779999999999603,0.055267702936096716,1479.2,4.18,0.0
6190,1,313,0.3119999999999896,0.054313099041533544,1479.3,4.19,0.0
6191,4,728,3.726999999999993,0.05631868131868132,1479.7,4.18,0.0
6192,6,979,5.978000000000075,0.05515832482124617,1480.2,4.18,0.0
6193,2,446,1.444999999999975,0.05605381165919283,1480.5,4.18,0.0
6194,1,313,0.3119999999999896,0.054313099041533544,1480.6,4.18,0.0
6195,4,713,3.711999999999988,0.0546984572230014,1481.0,4.18,0.0
6196,0,184,-0.8169999999999998,0.059782608695652176,1481.1,4.18,0.0
6197,1,313,0.3119999999999896,0.05750798722044728,1481.3,4.18,0.0
6198,0,187,-0.8139999999999998,0.058823529411764705,1481.4,4.18,0.0
6199,1,313,0.3119999999999896,0.054313099041533544,1481.5,4.18,0.0
6200,1,313,0.3119999999999896,0.054313099041533544,1481.7,4.19,0.0
6201,1,313,0.3119999999999896,0.054313099041533544,1481.9,4.19,0.0
6202,0,192,-0.8089999999999998,0.057291666666666664,1482.0,4.19,0.0
6203,6,982,5.981000000000076,0.0560081466395112,1482.5,4.18,0.0
6204,1,340,0.33899999999998665,0.05588235294117647,1482.7,4.19,0.0
6205,1,313,0.3119999999999896,0.05750798722044728,1482.8,4.19,0.0
6206,2,446,1.444999999999975,0.053811659192825115,1483.1,4.19,0.0
6207,1,322,0.32099999999998863,0.055900621118012424,1483.3,4.19,0.0
6208,2,462,1.4609999999999732,0.05627705627705628,1483.5,4.19,0.0
6209,4,732,3.7309999999999945,0.056010928961748634,1483.9,4.18,0.0
6210,1,313,0.3119999999999896,0.054313099041533544,1484.1,4.19,0.0
6211,4,727,3.725999999999993,0.05639614855570839,1484.5,4.18,0.0
6212,2,456,1.4549999999999739,0.05701754385964912,1484.7,4.18,0.0
6213,1,313,0.3119999999999896,0.054313099041533544,1484.9,4.18,0.0
6214,6,1001,6.000000000000083,0.055944055944055944,1485.4,4.18,0.0
6215,0,185,-0.8159999999999998,0.05945945945945946,1485.5,4.18,0.0
6216,7,1113,7.112000000000036,0.055705300988319856,1486.1,4.18,0.0
6217,1,322,0.32099999999998863,0.055900621118012424,1486.3,4.18,0.0
6218,0,179,-0.8219999999999998,0.055865921787709494,1486.4,4.18,0.0
6219,3,582,2.58099999999996,0.05670103092783505,1486.7,4.18,0.0
6220,0,187,-0.8139999999999998,0.058823529411764705,1486.8,4.18,0.0
6221,2,446,1.444999999999975,0.05605381165919283,1487.0,4.18,0.0
6222,2,446,1.444999999999975,0.05605381165919283,1487.2,4.18,0.0
6223,1,313,0.3119999999999896,0.054313099041533544,1487.4,4.18,0.0
6224,0,186,-0.8149999999999998,0.05913978494623656,1487.5,4.18,0.0
6225,0,179,-0.8219999999999998,0.055865921787709494,1487.6,4.19,0.0
6226,1,335,0.3339999999999872,0.056716417910447764,1487.8,4.19,0.0
6227,1,313,0.3119999999999896,0.054313099041533544,1488.0,4.19,0.0
6228,4,713,3.711999999999988,0.056100981767180924,1488.3,4.19,0.0
6229,0,179,-0.8219999999999998,0.055865921787709494,1488.4,4.19,0.0
6230,2,446,1.444999999999975,0.05605381165919283,1488.7,4.19,0.0
6231,3,579,2.5779999999999603,0.055267702936096716,1489.0,4.19,0.0
6232,0,179,-0.8219999999999998,0.055865921787709494,1489.1,4.19,0.0
6233,5,846,4.845000000000032,0.054373522458628844,1489.5,4.19,0.0
6234,2,446,1.444999999999975,0.053811659192825115,1489.8,4.19,0.0
6235,0,184,-0.8169999999999998,0.059782608695652176,1489.9,4.19,0.0
6236,2,463,1.461999999999973,0.056155507559395246,1490.1,4.19,0.0
6237,3,579,2.5779999999999603,0.055267702936096716,1490.4,4.19,0.0
6238,0,179,-0.8219999999999998,0.055865921787709494,1490.5,4.19,0.0
6239,3,579,2.5779999999999603,0.055267702936096716,1490.8,4.19,0.0
6240,4,735,3.7339999999999955,0.055782312925170066,1491.3,4.19,0.0
6241,3,584,2.5829999999999598,0.05650684931506849,1491.6,4.18,0.0
6242,4,713,3.711999999999988,0.056100981767180924,1491.9,4.18,0.0
6243,3,579,2.5779999999999603,0.055267702936096716,1492.3,4.18,0.0
6244,1,313,0.3119999999999896,0.054313099041533544,1492.4,4.18,0.0
6245,3,579,2.5779999999999603,0.055267702936096716,1492.7,4.18,0.0
6246,0,179,-0.8219999999999998,0.055865921787709494,1492.8,4.18,0.0
6247,1,313,0.3119999999999896,0.05750798722044728,1493.0,4.18,0.0
6248,4,713,3.711999999999988,0.0546984572230014,1493.4,4.18,0.0
6249,4,713,3.711999999999988,0.056100981767180924,1493.8,4.18,0.0
6250,0,179,-0.8219999999999998,0.055865921787709494,1493.9,4.18,0.0
6251,5,855,4.854000000000035,0.056140350877192984,1494.3,4.18,0.0
6252,0,179,-0.8219999999999998,0.055865921787709494,1494.4,4.18,0.0
6253,0,179,-0.8219999999999998,0.055865921787709494,1494.5,4.18,0.0
6254,5,852,4.851000000000034,0.056338028169014086,1495.0,4.18,0.0
6255,0,185,-0.8159999999999998,0.05945945945945946,1495.1,4.18,0.0
6256,1,313,0.3119999999999896,0.05750798722044728,1495.2,4.18,0.0
6257,0,184,-0.8169999999999998,0.059782608695652176,1495.3,4.18,0.0
6258,4,731,3.729999999999994,0.0560875512995896,1495.7,4.18,0.0
6259,0,179,-0.8219999999999998,0.055865921787709494,1495.8,4.18,0.0
6260,4,713,3.711999999999988,0.0546984572230014,1496.2,4.18,0.0
6261,0,179,-0.8219999999999998,0.05027932960893855,1496.3,4.19,0.0
6262,5,861,4.860000000000037,0.05574912891986063,1496.7,4.18,0.0
6263,0,179,-0.8219999999999998,0.055865921787709494,1496.8,4.18,0.0
6264,3,579,2.5779999999999603,0.055267702936096716,1497.1,4.18,0.0
6265,1,313,0.3119999999999896,0.054313099041533544,1497.3,4.18,0.0
6266,5,846,4.845000000000032,0.05555555555555555,1497.8,4.18,0.0
6267,4,713,3.711999999999988,0.056100981767180924,1498.1,4.18,0.0
6268,3,579,2.5779999999999603,0.055267702936096716,1498.5,4.18,0.0
6269,1,313,0.3119999999999896,0.054313099041533544,1498.6,4.18,0.0
6270,0,179,-0.8219999999999998,0.055865921787709494,1498.7,4.18,0.0
6271,3,609,2.607999999999957,0.05582922824302135,1499.0,4.18,0.0
6272,1,313,0.3119999999999896,0.05750798722044728,1499.2,4.18,0.0
6273,1,313,0.3119999999999896,0.054313099041533544,1499.4,4.18,0.0
6274,1,313,0.3119999999999896,0.054313099041533544,1499.5,4.18,0.0
6275,5,846,4.845000000000032,0.05555555555555555,1500.0,4.18,0.0
6276,1,320,0.31899999999998885,0.05625,1500.2,4.18,0.0
6277,2,446,1.444999999999975,0.05605381165919283,1500.4,4.18,0.0
6278,1,313,0.3119999999999896,0.05750798722044728,1500.6,4.18,0.0
6279,1,313,0.3119999999999896,0.054313099041533544,1500.7,4.18,0.0
6280,1,322,0.32099999999998863,0.055900621118012424,1500.9,4.18,0.0
6281,0,179,-0.8219999999999998,0.055865921787709494,1501.0,4.19,0.0
6282,0,188,-0.8129999999999998,0.05851063829787234,1501.1,4.19,0.0
6283,0,179,-0.8219999999999998,0.055865921787709494,1501.2,4.19,0.0
6284,1,313,0.3119999999999896,0.054313099041533544,1501.4,4.19,0.0
6285,1,313,0.3119999999999896,0.054313099041533544,1501.5,4.19,0.0
6286,9,1379,9.377999999999888,0.05583756345177665,1502.3,4.18,0.0
6287,2,460,1.4589999999999734,0.05652173913043478,1502.5,4.18,0.0
6288,3,579,2.5779999999999603,0.05699481865284974,1502.8,4.18,0.0
6289,6,984,5.983000000000077,0.05589430894308943,1503.4,4.18,0.0
6290,5,846,4.845000000000032,0.05555555555555555,1503.8,4.18,0.0
6291,1,313,0.3119999999999896,0.054313099041533544,1504.0,4.18,0.0
6292,2,446,1.444999999999975,0.053811659192825115,1504.2,4.18,0.0
6293,4,713,3.711999999999988,0.056100981767180924,1504.6,4.18,0.0
6294,4,713,3.711999999999988,0.0546984572230014,1505.0,4.18,0.0
6295,0,179,-0.8219999999999998,0.055865921787709494,1505.1,4.18,0.0
6296,1,313,0.3119999999999896,0.054313099041533544,1505.2,4.18,0.0
6297,2,446,1.444999999999975,0.05605381165919283,1505.5,4.18,0.0
6298,0,179,-0.8219999999999998,0.055865921787709494,1505.6,4.18,0.0
6299,3,579,2.5779999999999603,0.055267702936096716,1505.9,4.18,0.0
6300,0,179,-0.8219999999999998,0.055865921787709494,1506.0,4.18,0.0
6301,2,446,1.444999999999975,0.053811659192825115,1506.2,4.18,0.0
6302,9,1388,9.386999999999883,0.056195965417867436,1507.0,4.18,0.0
6303,4,713,3.711999999999988,0.056100981767180924,1507.4,4.18,0.0
6304,1,313,0.3119999999999896,0.054313099041533544,1507.5,4.18,0.0
6305,0,179,-0.8219999999999998,0.055865921787709494,1507.6,4.18,0.0
6306,0,179,-0.8219999999999998,0.055865921787709494,1507.7,4.18,0.0
6307,1,320,0.31899999999998885,0.05625,1507.9,4.18,0.0
6308,6,979,5.978000000000075,0.056179775280898875,1508.4,4.18,0.0
6309,0,179,-0.8219999999999998,0.055865921787709494,1508.5,4.18,0.0
6310,2,446,1.444999999999975,0.05605381165919283,1508.8,4.18,0.0
6311,5,846,4.845000000000032,0.05555555555555555,1509.2,4.18,0.0
6312,2,446,1.444999999999975,0.053811659192825115,1509.5,4.18,0.0
6313,3,579,2.5779999999999603,0.05699481865284974,1509.8,4.18,0.0
6314,0,183,-0.8179999999999998,0.060109289617486336,1509.9,4.18,0.0
6315,1,313,0.3119999999999896,0.054313099041533544,1510.0,4.18,0.0
6316,5,846,4.845000000000032,0.05555555555555555,1510.5,4.18,0.0
6317,0,179,-0.8219999999999998,0.055865921787709494,1510.6,4.18,0.0
6318,5,846,4.845000000000032,0.05555555555555555,1511.0,4.18,0.0
6319,6,979,5.978000000000075,0.05515832482124617,1511.6,4.18,0.0
6320,3,590,2.588999999999959,0.05593220338983051,1511.9,4.18,0.0
6321,6,988,5.987000000000078,0.05566801619433198,1512.4,4.18,0.0
6322,0,186,-0.8149999999999998,0.05913978494623656,1512.5,4.18,0.0
6323,0,179,-0.8219999999999998,0.055865921787709494,1512.6,4.18,0.0
6324,5,846,4.845000000000032,0.05555555555555555,1513.0,4.18,0.0
6325,4,713,3.711999999999988,0.056100981767180924,1513.4,4.18,0.0
6326,0,179,-0.8219999999999998,0.055865921787709494,1513.5,4.18,0.0
6327,1,341,0.33999999999998654,0.05571847507331378,1513.7,4.18,0.0
6328,0,179,-0.8219999999999998,0.055865921787709494,1513.8,4.18,0.0
6329,5,846,4.845000000000032,0.05555555555555555,1514.2,4.18,0.0
6330,1,315,0.3139999999999894,0.05714285714285714,1514.4,4.18,0.0
6331,2,459,1.4579999999999735,0.05664488017429194,1514.7,4.18,0.0
6332,5,881,4.880000000000043,0.05561861520998865,1515.1,4.18,0.0
6333,0,179,-0.8219999999999998,0.055865921787709494,1515.2,4.18,0.0
6334,7,1130,7.129000000000026,0.05575221238938053,1515.8,4.18,0.0
6335,1,338,0.33699999999998687,0.05621301775147929,1516.0,4.18,0.0
6336,3,579,2.5779999999999603,0.055267702936096716,1516.3,4.18,0.0
6337,1,336,0.3349999999999871,0.05654761904761905,1516.5,4.18,0.0
6338,3,589,2.587999999999959,0.05602716468590832,1516.8,4.18,0.0
6339,1,335,0.3339999999999872,0.056716417910447764,1517.0,4.18,0.0
6340,7,1113,7.112000000000036,0.055705300988319856,1517.6,4.18,0.0
6341,0,187,-0.8139999999999998,0.058823529411764705,1517.7,4.18,0.0
6342,3,582,2.58099999999996,0.05670103092783505,1518.0,4.18,0.0
6343,0,189,-0.8119999999999998,0.0582010582010582,1518.1,4.18,0.0
6344,0,179,-0.8219999999999998,0.055865921787709494,1518.2,4.18,0.0
6345,2,459,1.4579999999999735,0.05664488017429194,1518.5,4.18,0.0
6346,3,583,2.58199999999996,0.05660377358490566,1518.8,4.18,0.0
6347,0,179,-0.8219999999999998,0.055865921787709494,1518.9,4.18,0.0
6348,3,579,2.5779999999999603,0.055267702936096716,1519.2,4.18,0.0
6349,1,317,0.3159999999999892,0.056782334384858045,1519.4,4.18,0.0
6350,3,579,2.5779999999999603,0.055267702936096716,1519.7,4.18,0.0
6351,4,727,3.725999999999993,0.05639614855570839,1520.1,4.18,0.0
6352,2,446,1.444999999999975,0.05605381165919283,1520.3,4.18,0.0
6353,4,713,3.711999999999988,0.056100981767180924,1520.7,4.18,0.0
6354,0,179,-0.8219999999999998,0.055865921787709494,1520.8,4.18,0.0
6355,1,316,0.3149999999999893,0.056962025316455694,1521.0,4.18,0.0
6356,0,193,-0.8079999999999998,0.05699481865284974,1521.1,4.18,0.0
6357,0,189,-0.8119999999999998,0.0582010582010582,1521.2,4.18,0.0
6358,0,179,-0.8219999999999998,0.055865921787709494,1521.3,4.18,0.0
6359,5,846,4.845000000000032,0.05555555555555555,1521.8,4.18,0.0
6360,1,313,0.3119999999999896,0.054313099041533544,1521.9,4.18,0.0
6361,2,446,1.444999999999975,0.05605381165919283,1522.2,4.18,0.0
6362,0,179,-0.8219999999999998,0.055865921787709494,1522.2,4.18,0.0
6363,2,446,1.444999999999975,0.05605381165919283,1522.5,4.18,0.0
6364,0,179,-0.8219999999999998,0.055865921787709494,1522.6,4.18,0.0
6365,0,179,-0.8219999999999998,0.055865921787709494,1522.7,4.18,0.0
6366,0,179,-0.8219999999999998,0.055865921787709494,1522.8,4.18,0.0
6367,4,713,3.711999999999988,0.056100981767180924,1523.2,4.18,0.0
6368,0,179,-0.8219999999999998,0.055865921787709494,1523.3,4.18,0.0
6369,1,313,0.3119999999999896,0.054313099041533544,1523.4,4.18,0.0
6370,3,579,2.5779999999999603,0.055267702936096716,1523.7,4.18,0.0
6371,2,446,1.444999999999975,0.05605381165919283,1524.0,4.18,0.0
6372,4,730,3.728999999999994,0.056164383561643834,1524.3,4.18,0.0
6373,0,179,-0.8219999999999998,0.055865921787709494,1524.4,4.18,0.0
6374,2,446,1.444999999999975,0.05605381165919283,1524.7,4.18,0.0
6375,10,1513,10.511999999999814,0.05551883674818242,1525.5,4.18,0.0
6376,0,184,-0.8169999999999998,0.059782608695652176,1525.6,4.18,0.0
6377,0,179,-0.8219999999999998,0.05027932960893855,1525.7,4.18,0.0
6378,2,446,1.444999999999975,0.053811659192825115,1525.9,4.18,0.0
6379,0,179,-0.8219999999999998,0.055865921787709494,1526.0,4.18,0.0
6380,0,190,-0.8109999999999998,0.05789473684210526,1526.1,4.18,0.0
6381,0,194,-0.8069999999999998,0.05670103092783505,1526.2,4.18,0.0
6382,4,736,3.734999999999996,0.05570652173913043,1526.6,4.18,0.0
6383,2,466,1.4649999999999728,0.055793991416309016,1526.8,4.18,0.0
6384,2,459,1.4579999999999735,0.05664488017429194,1527.1,4.18,0.0
6385,1,320,0.31899999999998885,0.05625,1527.3,4.18,0.0
6386,2,446,1.444999999999975,0.05605381165919283,1527.5,4.18,0.0
6387,3,579,2.5779999999999603,0.055267702936096716,1527.8,4.18,0.0
6388,0,183,-0.8179999999999998,0.060109289617486336,1527.9,4.18,0.0
6389,6,979,5.978000000000075,0.05515832482124617,1528.4,4.18,0.0
6390,1,337,0.335999999999987,0.05637982195845697,1528.6,4.18,0.0
6391,3,584,2.5829999999999598,0.05650684931506849,1528.9,4.18,0.0
6392,0,179,-0.8219999999999998,0.055865921787709494,1529.0,4.18,0.0
6393,0,179,-0.8219999999999998,0.055865921787709494,1529.1,4.18,0.0
6394,1,313,0.3119999999999896,0.054313099041533544,1529.3,4.18,0.0
6395,4,713,3.711999999999988,0.056100981767180924,1529.6,4.18,0.0
6396,2,446,1.444999999999975,0.05605381165919283,1529.9,4.18,0.0
6397,1,313,0.3119999999999896,0.054313099041533544,1530.0,4.18,0.0
6398,0,179,-0.8219999999999998,0.055865921787709494,1530.1,4.18,0.0
6399,2,463,1.461999999999973,0.056155507559395246,1530.4,4.18,0.0
6400,1,350,1.3489999999999855,0.05714285714285714,1530.6,4.18,0.0
6401,0,179,-0.8219999999999998,0.055865921787709494,1530.6,4.18,0.0
6402,6,979,5.978000000000075,0.05515832482124617,1531.2,4.18,0.0
6403,3,586,2.5849999999999596,0.05631399317406143,1531.5,4.18,0.0
6404,1,313,0.3119999999999896,0.054313099041533544,1531.6,4.18,0.0
6405,2,464,1.462999999999973,0.05603448275862069,1531.9,4.18,0.0
6406,0,179,-0.8219999999999998,0.055865921787709494,1532.0,4.18,0.0
6407,3,579,2.5779999999999603,0.05699481865284974,1532.3,4.18,0.0
6408,2,446,1.444999999999975,0.05605381165919283,1532.5,4.18,0.0
6409,1,313,0.3119999999999896,0.054313099041533544,1532.7,4.18,0.0
6410,2,446,1.444999999999975,0.05605381165919283,1532.9,4.18,0.0
6411,8,1246,8.244999999999962,0.056179775280898875,1533.6,4.18,0.0
6412,0,179,-0.8219999999999998,0.055865921787709494,1533.7,4.18,0.0
6413,0,187,-0.8139999999999998,0.058823529411764705,1533.8,4.18,0.0
6414,5,754,4.753000000000001,0.05570291777188329,1534.2,4.18,0.0
6415,0,179,-0.8219999999999998,0.05027932960893855,1534.3,4.18,0.0
6416,0,179,-0.8219999999999998,0.055865921787709494,1534.4,4.18,0.0
6417,1,336,0.3349999999999871,0.05654761904761905,1534.6,4.18,0.0
6418,0,179,-0.8219999999999998,0.055865921787709494,1534.7,4.18,0.0
6419,3,589,2.587999999999959,0.05602716468590832,1535.0,4.18,0.0
6420,3,579,2.5779999999999603,0.055267702936096716,1535.3,4.18,0.0
6421,4,750,4.7490000000000006,0.056,1535.7,4.18,0.0
6422,0,192,-0.8089999999999998,0.057291666666666664,1535.8,4.18,0.0
6423,1,313,0.3119999999999896,0.054313099041533544,1536.0,4.18,0.0
6424,1,313,0.3119999999999896,0.054313099041533544,1536.1,4.18,0.0
6425,3,586,2.5849999999999596,0.05631399317406143,1536.4,4.18,0.0
6426,0,179,-0.8219999999999998,0.055865921787709494,1536.5,4.18,0.0
6427,1,313,0.3119999999999896,0.054313099041533544,1536.7,4.18,0.0
6428,2,463,1.461999999999973,0.056155507559395246,1537.0,4.18,0.0
6429,2,446,1.444999999999975,0.05605381165919283,1537.2,4.18,0.0
6430,0,179,-0.8219999999999998,0.05027932960893855,1537.3,4.18,0.0
6431,0,179,-0.8219999999999998,0.055865921787709494,1537.4,4.18,0.0
6432,0,189,-0.8119999999999998,0.0582010582010582,1537.5,4.18,0.0
6433,1,319,0.31799999999998896,0.05642633228840126,1537.7,4.18,0.0
6434,2,446,1.444999999999975,0.05605381165919283,1537.9,4.18,0.0
6435,4,726,3.7249999999999925,0.05647382920110193,1538.3,4.18,0.0
6436,0,179,-0.8219999999999998,0.055865921787709494,1538.4,4.18,0.0
6437,1,313,0.3119999999999896,0.05750798722044728,1538.5,4.18,0.0
6438,3,611,2.609999999999957,0.05564648117839607,1538.9,4.18,0.0
6439,5,846,4.845000000000032,0.05555555555555555,1539.3,4.18,0.0
6440,2,447,1.4459999999999749,0.05592841163310962,1539.6,4.18,0.0
6441,2,446,1.444999999999975,0.05605381165919283,1539.8,4.18,0.0
6442,0,179,-0.8219999999999998,0.055865921787709494,1539.9,4.18,0.0
6443,1,313,0.3119999999999896,0.05750798722044728,1540.1,4.18,0.0
6444,3,583,2.58199999999996,0.05660377358490566,1540.4,4.18,0.0
6445,0,179,-0.8219999999999998,0.055865921787709494,1540.5,4.18,0.0
6446,3,579,2.5779999999999603,0.05699481865284974,1540.8,4.18,0.0
6447,2,446,1.444999999999975,0.05605381165919283,1541.0,4.18,0.0
6448,1,313,0.3119999999999896,0.05750798722044728,1541.2,4.18,0.0
6449,0,187,-0.8139999999999998,0.058823529411764705,1541.3,4.18,0.0
6450,0,188,-0.8129999999999998,0.05851063829787234,1541.4,4.19,0.0
6451,0,179,-0.8219999999999998,0.055865921787709494,1541.5,4.19,0.0
6452,0,179,-0.8219999999999998,0.055865921787709494,1541.6,4.19,0.0
6453,2,446,1.444999999999975,0.053811659192825115,1541.8,4.19,0.0
6454,5,846,4.845000000000032,0.05555555555555555,1542.3,4.19,0.0
6455,0,187,-0.8139999999999998,0.058823529411764705,1542.4,4.19,0.0
6456,0,190,-0.8109999999999998,0.05789473684210526,1542.5,4.19,0.0
6457,2,446,1.444999999999975,0.05605381165919283,1542.7,4.19,0.0
6458,0,179,-0.8219999999999998,0.055865921787709494,1542.8,4.19,0.0
6459,0,179,-0.8219999999999998,0.055865921787709494,1542.9,4.19,0.0
6460,7,1131,7.130000000000026,0.05570291777188329,1543.5,4.19,0.0
6461,1,336,0.3349999999999871,0.05654761904761905,1543.7,4.19,0.0
6462,4,732,3.7309999999999945,0.056010928961748634,1544.1,4.19,0.0
6463,2,446,1.444999999999975,0.05605381165919283,1544.3,4.19,0.0
6464,3,579,2.5779999999999603,0.055267702936096716,1544.6,4.19,0.0
6465,5,846,4.845000000000032,0.05555555555555555,1545.1,4.18,0.0
6466,2,453,1.4519999999999742,0.05739514348785872,1545.3,4.18,0.0
6467,1,313,0.3119999999999896,0.054313099041533544,1545.5,4.19,0.0
6468,0,179,-0.8219999999999998,0.055865921787709494,1545.6,4.19,0.0
6469,0,179,-0.8219999999999998,0.055865921787709494,1545.7,4.19,0.0
6470,2,461,1.4599999999999733,0.05639913232104121,1545.9,4.19,0.0
6471,2,446,1.444999999999975,0.05605381165919283,1546.2,4.19,0.0
6472,4,713,3.711999999999988,0.0546984572230014,1546.5,4.19,0.0
6473,1,315,0.3139999999999894,0.05714285714285714,1546.7,4.19,0.0
6474,1,313,0.3119999999999896,0.054313099041533544,1546.9,4.19,0.0
6475,0,179,-0.8219999999999998,0.055865921787709494,1547.0,4.19,0.0
6476,3,579,2.5779999999999603,0.055267702936096716,1547.3,4.19,0.0
6477,2,456,1.4549999999999739,0.05701754385964912,1547.5,4.19,0.0
6478,2,446,1.444999999999975,0.05605381165919283,1547.8,4.19,0.0
6479,1,313,0.3119999999999896,0.054313099041533544,1547.9,4.19,0.0
6480,0,179,-0.8219999999999998,0.055865921787709494,1548.0,4.19,0.0
6481,5,858,4.857000000000036,0.055944055944055944,1548.5,4.19,0.0
6482,2,446,1.444999999999975,0.053811659192825115,1548.7,4.19,0.0
6483,2,446,1.444999999999975,0.053811659192825115,1549.0,4.19,0.0
6484,0,179,-0.8219999999999998,0.055865921787709494,1549.1,4.19,0.0
6485,3,579,2.5779999999999603,0.055267702936096716,1549.4,4.19,0.0
6486,1,313,0.3119999999999896,0.054313099041533544,1549.6,4.19,0.0
6487,3,582,2.58099999999996,0.05670103092783505,1549.9,4.19,0.0
6488,0,179,-0.8219999999999998,0.055865921787709494,1549.9,4.19,0.0
6489,2,463,1.461999999999973,0.056155507559395246,1550.2,4.19,0.0
6490,2,462,1.4609999999999732,0.05627705627705628,1550.4,4.19,0.0
6491,3,592,2.590999999999959,0.05574324324324324,1550.8,4.19,0.0
6492,2,446,1.444999999999975,0.05605381165919283,1551.0,4.19,0.0
6493,0,179,-0.8219999999999998,0.055865921787709494,1551.1,4.19,0.0
6494,0,179,-0.8219999999999998,0.055865921787709494,1551.2,4.19,0.0
6495,2,446,1.444999999999975,0.05605381165919283,1551.4,4.19,0.0
6496,1,313,0.3119999999999896,0.054313099041533544,1551.6,4.19,0.0
6497,5,857,4.856000000000035,0.056009334889148193,1552.1,4.19,0.0
6498,3,579,2.5779999999999603,0.05699481865284974,1552.4,4.19,0.0
6499,2,446,1.444999999999975,0.05605381165919283,1552.6,4.19,0.0
6500,2,446,1.444999999999975,0.05605381165919283,1552.9,4.19,0.0
6501,1,321,0.31999999999998874,0.056074766355140186,1556.1,4.18,0.0
6502,0,179,-0.8219999999999998,0.05027932960893855,1556.2,4.18,0.0
6503,0,179,-0.8219999999999998,0.055865921787709494,1556.3,4.18,0.0
6504,3,588,2.5869999999999593,0.05612244897959184,1556.6,4.18,0.0
6505,0,179,-0.8219999999999998,0.055865921787709494,1556.7,4.18,0.0
6506,1,313,0.3119999999999896,0.054313099041533544,1556.9,4.18,0.0
6507,1,318,0.31699999999998907,0.05660377358490566,1557.1,4.18,0.0
6508,1,313,0.3119999999999896,0.054313099041533544,1557.2,4.18,0.0
6509,0,179,-0.8219999999999998,0.055865921787709494,1557.3,4.18,0.0
6510,6,979,5.978000000000075,0.056179775280898875,1557.8,4.18,0.0
6511,0,179,-0.8219999999999998,0.055865921787709494,1557.9,4.18,0.0
6512,0,179,-0.8219999999999998,0.061452513966480445,1558.0,4.18,0.0
6513,2,446,1.444999999999975,0.05605381165919283,1558.3,4.18,0.0
6514,0,189,-0.8119999999999998,0.0582010582010582,1558.4,4.18,0.0
6515,0,186,-0.8149999999999998,0.05913978494623656,1558.5,4.18,0.0
6516,0,179,-0.8219999999999998,0.055865921787709494,1558.6,4.18,0.0
6517,1,313,0.3119999999999896,0.054313099041533544,1558.7,4.18,0.0
6518,5,861,4.860000000000037,0.05574912891986063,1559.2,4.18,0.0
6519,0,213,-0.7879999999999998,0.056338028169014086,1559.3,4.18,0.0
6520,8,1246,8.244999999999962,0.05537720706260032,1560.0,4.18,0.0
6521,2,449,1.4479999999999746,0.0556792873051225,1560.2,4.18,0.0
6522,1,315,0.3139999999999894,0.05714285714285714,1560.4,4.18,0.0
6523,2,462,1.4609999999999732,0.05627705627705628,1560.6,4.18,0.0
6524,5,846,4.845000000000032,0.05555555555555555,1561.1,4.18,0.0
6525,5,846,4.845000000000032,0.05555555555555555,1561.5,4.18,0.0
6526,0,179,-0.8219999999999998,0.05027932960893855,1561.6,4.18,0.0
6527,5,846,4.845000000000032,0.05555555555555555,1562.1,4.18,0.0
6528,0,179,-0.8219999999999998,0.055865921787709494,1562.2,4.18,0.0
6529,0,186,-0.8149999999999998,0.05913978494623656,1562.3,4.18,0.0
6530,3,579,2.5779999999999603,0.055267702936096716,1562.6,4.18,0.0
6531,0,179,-0.8219999999999998,0.055865921787709494,1562.7,4.18,0.0
6532,1,313,0.3119999999999896,0.054313099041533544,1562.8,4.18,0.0
6533,0,179,-0.8219999999999998,0.055865921787709494,1562.9,4.18,0.0
6534,2,446,1.444999999999975,0.05605381165919283,1563.2,4.18,0.0
6535,0,183,-0.8179999999999998,0.060109289617486336,1563.3,4.18,0.0
6536,3,579,2.5779999999999603,0.055267702936096716,1563.6,4.18,0.0
6537,4,713,3.711999999999988,0.056100981767180924,1564.0,4.18,0.0
6538,1,323,0.3219999999999885,0.05572755417956656,1564.1,4.18,0.0
6539,2,454,1.452999999999974,0.05726872246696035,1564.4,4.18,0.0
6540,1,313,0.3119999999999896,0.05750798722044728,1564.6,4.18,0.0
6541,1,315,0.3139999999999894,0.05714285714285714,1564.7,4.18,0.0
6542,0,187,-0.8139999999999998,0.058823529411764705,1564.8,4.18,0.0
6543,4,717,3.7159999999999895,0.05578800557880056,1565.2,4.18,0.0
6544,3,591,2.589999999999959,0.05583756345177665,1565.6,4.18,0.0
6545,3,579,2.5779999999999603,0.055267702936096716,1565.9,4.18,0.0
6546,1,313,0.3119999999999896,0.05750798722044728,1566.1,4.18,0.0
6547,5,853,4.852000000000034,0.05627198124267292,1566.5,4.18,0.0
6548,5,846,4.845000000000032,0.05555555555555555,1567.0,4.18,0.0
6549,0,210,-0.7909999999999998,0.05714285714285714,1567.1,4.18,0.0
6550,2,446,1.444999999999975,0.053811659192825115,1567.3,4.18,0.0
6551,3,579,2.5779999999999603,0.055267702936096716,1567.6,4.18,0.0
6552,4,713,3.711999999999988,0.056100981767180924,1568.0,4.18,0.0
6553,1,317,0.3159999999999892,0.056782334384858045,1568.2,4.18,0.0
6554,6,979,5.978000000000075,0.05515832482124617,1568.7,4.18,0.0
6555,0,186,-0.8149999999999998,0.05913978494623656,1568.8,4.18,0.0
6556,3,579,2.5779999999999603,0.055267702936096716,1569.1,4.18,0.0
6557,0,179,-0.8219999999999998,0.055865921787709494,1569.2,4.18,0.0
6558,1,313,0.3119999999999896,0.054313099041533544,1569.4,4.18,0.0
6559,0,179,-0.8219999999999998,0.055865921787709494,1569.5,4.18,0.0
6560,0,185,-0.8159999999999998,0.05945945945945946,1569.6,4.18,0.0
6561,4,713,3.711999999999988,0.0546984572230014,1570.0,4.18,0.0
6562,1,322,0.32099999999998863,0.055900621118012424,1570.2,4.18,0.0
6563,0,186,-0.8149999999999998,0.05913978494623656,1570.3,4.18,0.0
6564,3,579,2.5779999999999603,0.055267702936096716,1570.6,4.18,0.0
6565,0,179,-0.8219999999999998,0.055865921787709494,1570.6,4.18,0.0
6566,2,462,1.4609999999999732,0.05627705627705628,1570.9,4.18,0.0
6567,2,446,1.444999999999975,0.05605381165919283,1571.1,4.18,0.0
6568,3,579,2.5779999999999603,0.055267702936096716,1571.4,4.18,0.0
6569,2,466,1.4649999999999728,0.055793991416309016,1571.7,4.18,0.0
6570,3,579,2.5779999999999603,0.05699481865284974,1572.0,4.18,0.0
6571,4,748,3.747,0.05614973262032086,1572.4,4.18,0.0
6572,1,313,0.3119999999999896,0.054313099041533544,1572.6,4.18,0.0
6573,5,846,4.845000000000032,0.05555555555555555,1573.0,4.18,0.0
6574,0,179,-0.8219999999999998,0.055865921787709494,1573.1,4.18,0.0
6575,3,589,2.587999999999959,0.05602716468590832,1573.4,4.18,0.0
6576,2,446,1.444999999999975,0.05605381165919283,1573.7,4.18,0.0
6577,3,579,2.5779999999999603,0.055267702936096716,1574.0,4.18,0.0
6578,0,179,-0.8219999999999998,0.055865921787709494,1574.1,4.18,0.0
6579,0,179,-0.8219999999999998,0.055865921787709494,1574.2,4.18,0.0
6580,1,339,0.33799999999998676,0.05604719764011799,1574.3,4.18,0.0
6581,0,179,-0.8219999999999998,0.055865921787709494,1574.4,4.18,0.0
6582,0,179,-0.8219999999999998,0.055865921787709494,1574.5,4.18,0.0
6583,3,609,2.607999999999957,0.05582922824302135,1574.9,4.18,0.0
6584,0,179,-0.8219999999999998,0.055865921787709494,1575.0,4.18,0.0
6585,6,1004,6.003000000000084,0.055776892430278883,1575.5,4.18,0.0
6586,2,446,1.444999999999975,0.05605381165919283,1575.7,4.18,0.0
6587,3,579,2.5779999999999603,0.055267702936096716,1576.1,4.18,0.0
6588,0,191,-0.8099999999999998,0.05759162303664921,1576.2,4.18,0.0
6589,0,179,-0.8219999999999998,0.055865921787709494,1576.2,4.18,0.0
6590,0,179,-0.8219999999999998,0.055865921787709494,1576.3,4.18,0.0
6591,7,1126,7.125000000000028,0.05595026642984014,1576.9,4.18,0.0
6592,2,446,1.444999999999975,0.05605381165919283,1577.2,4.18,0.0
6593,1,313,0.3119999999999896,0.054313099041533544,1577.4,4.18,0.0
6594,0,179,-0.8219999999999998,0.055865921787709494,1577.4,4.18,0.0
6595,0,179,-0.8219999999999998,0.055865921787709494,1577.5,4.18,0.0
6596,0,210,-0.7909999999999998,0.05714285714285714,1577.6,4.18,0.0
6597,1,313,0.3119999999999896,0.054313099041533544,1577.8,4.18,0.0
6598,1,313,0.3119999999999896,0.054313099041533544,1578.0,4.18,0.0
6599,1,313,0.3119999999999896,0.05750798722044728,1578.2,4.18,0.0
6600,0,179,-0.8219999999999998,0.055865921787709494,1578.3,4.18,0.0
6601,4,713,3.711999999999988,0.056100981767180924,1578.6,4.18,0.0
6602,0,179,-0.8219999999999998,0.05027932960893855,1578.7,4.18,0.0
6603,0,179,-0.8219999999999998,0.05027932960893855,1578.8,4.18,0.0
6604,0,179,-0.8219999999999998,0.055865921787709494,1579.0,4.18,0.0
6605,0,185,-0.8159999999999998,0.05945945945945946,1579.1,4.18,0.0
6606,7,1113,7.112000000000036,0.055705300988319856,1579.6,4.18,0.0
6607,2,352,1.3509999999999853,0.056818181818181816,1579.8,4.18,0.0
6608,3,584,2.5829999999999598,0.05650684931506849,1580.2,4.18,0.0
6609,2,446,1.444999999999975,0.05605381165919283,1580.4,4.18,0.0
6610,0,179,-0.8219999999999998,0.055865921787709494,1580.5,4.18,0.0
6611,1,316,0.3149999999999893,0.056962025316455694,1580.7,4.18,0.0
6612,3,588,2.5869999999999593,0.05612244897959184,1581.0,4.18,0.0
6613,2,446,1.444999999999975,0.05605381165919283,1581.2,4.18,0.0
6614,4,713,3.711999999999988,0.056100981767180924,1581.6,4.18,0.0
6615,0,179,-0.8219999999999998,0.055865921787709494,1581.7,4.18,0.0
6616,2,446,1.444999999999975,0.053811659192825115,1581.9,4.18,0.0
6617,4,735,3.7339999999999955,0.055782312925170066,1582.3,4.18,0.0
6618,1,313,0.3119999999999896,0.054313099041533544,1582.5,4.18,0.0
6619,2,446,1.444999999999975,0.05605381165919283,1582.7,4.18,0.0
6620,2,447,1.4459999999999749,0.05592841163310962,1583.0,4.18,0.0
6621,2,446,1.444999999999975,0.05605381165919283,1583.2,4.18,0.0
6622,6,979,5.978000000000075,0.056179775280898875,1583.7,4.18,0.0
6623,0,179,-0.8219999999999998,0.055865921787709494,1583.8,4.18,0.0
6624,2,456,1.4549999999999739,0.05701754385964912,1584.1,4.18,0.0
6625,0,191,-0.8099999999999998,0.05759162303664921,1584.2,4.18,0.0
6626,10,1513,10.511999999999814,0.05551883674818242,1585.0,4.18,0.0
6627,6,980,5.979000000000076,0.05612244897959184,1585.5,4.18,0.0
6628,10,1521,10.51999999999981,0.055884286653517426,1586.3,4.18,0.0
6629,2,446,1.444999999999975,0.05605381165919283,1586.6,4.18,0.0
6630,0,179,-0.8219999999999998,0.055865921787709494,1586.6,4.18,0.0
6631,1,313,0.3119999999999896,0.054313099041533544,1586.8,4.18,0.0
6632,5,846,4.845000000000032,0.05555555555555555,1587.3,4.18,0.0
6633,0,179,-0.8219999999999998,0.055865921787709494,1587.4,4.18,0.0
6634,0,179,-0.8219999999999998,0.055865921787709494,1587.5,4.18,0.0
6635,5,859,4.858000000000036,0.05587892898719441,1587.9,4.18,0.0
6636,3,586,2.5849999999999596,0.05631399317406143,1588.2,4.18,0.0
6637,3,593,2.591999999999959,0.05564924114671164,1588.5,4.18,0.0
6638,4,713,3.711999999999988,0.056100981767180924,1588.9,4.18,0.0
6639,1,313,0.3119999999999896,0.054313099041533544,1589.1,4.18,0.0
6640,0,179,-0.8219999999999998,0.055865921787709494,1589.2,4.18,0.0
6641,2,456,1.4549999999999739,0.05701754385964912,1589.4,4.18,0.0
6642,5,846,4.845000000000032,0.05555555555555555,1589.9,4.18,0.0
6643,1,313,0.3119999999999896,0.054313099041533544,1590.1,4.18,0.0
6644,3,579,2.5779999999999603,0.055267702936096716,1590.4,4.18,0.0
6645,1,313,0.3119999999999896,0.054313099041533544,1590.5,4.18,0.0
6646,1,319,0.31799999999998896,0.05642633228840126,1590.7,4.18,0.0
6647,0,179,-0.8219999999999998,0.055865921787709494,1590.8,4.18,0.0
6648,0,185,-0.8159999999999998,0.05945945945945946,1590.9,4.18,0.0
6649,0,179,-0.8219999999999998,0.055865921787709494,1591.0,4.18,0.0
6650,3,579,2.5779999999999603,0.055267702936096716,1591.3,4.18,0.0
6651,2,446,1.444999999999975,0.05605381165919283,1591.5,4.18,0.0
6652,8,1276,8.274999999999945,0.055642633228840124,1592.2,4.18,0.0
6653,3,579,2.5779999999999603,0.055267702936096716,1592.5,4.18,0.0
6654,2,446,1.444999999999975,0.05605381165919283,1592.8,4.18,0.0
6655,0,179,-0.8219999999999998,0.055865921787709494,1592.8,4.18,0.0
6656,0,179,-0.8219999999999998,0.055865921787709494,1593.0,4.18,0.0
6657,0,179,-0.8219999999999998,0.055865921787709494,1593.1,4.18,0.0
6658,7,1113,7.112000000000036,0.055705300988319856,1593.6,4.18,0.0
6659,2,457,1.4559999999999738,0.05689277899343545,1593.9,4.18,0.0
6660,0,186,-0.8149999999999998,0.05913978494623656,1594.0,4.18,0.0
6661,6,979,5.978000000000075,0.05515832482124617,1594.5,4.18,0.0
6662,1,313,0.3119999999999896,0.05750798722044728,1594.7,4.18,0.0
6663,2,446,1.444999999999975,0.05605381165919283,1594.9,4.18,0.0
6664,2,456,1.4549999999999739,0.05701754385964912,1595.2,4.18,0.0
6665,0,183,-0.8179999999999998,0.060109289617486336,1595.3,4.18,0.0
6666,2,446,1.444999999999975,0.05605381165919283,1595.5,4.18,0.0
6667,0,179,-0.8219999999999998,0.055865921787709494,1595.6,4.18,0.0
6668,1,313,0.3119999999999896,0.05750798722044728,1595.8,4.18,0.0
6669,0,179,-0.8219999999999998,0.055865921787709494,1595.9,4.18,0.0
6670,0,179,-0.8219999999999998,0.055865921787709494,1596.0,4.18,0.0
6671,4,713,3.711999999999988,0.0546984572230014,1596.3,4.18,0.0
6672,3,587,2.5859999999999594,0.056218057921635436,1596.7,4.18,0.0
6673,0,191,-0.8099999999999998,0.05759162303664921,1596.8,4.18,0.0
6674,6,979,5.978000000000075,0.05515832482124617,1597.3,4.18,0.0
6675,1,313,0.3119999999999896,0.05750798722044728,1597.5,4.18,0.0
6676,3,579,2.5779999999999603,0.055267702936096716,1597.8,4.18,0.0
6677,0,194,-0.8069999999999998,0.05670103092783505,1597.9,4.18,0.0
6678,5,846,4.845000000000032,0.05555555555555555,1598.3,4.18,0.0
6679,2,446,1.444999999999975,0.05605381165919283,1598.6,4.18,0.0
6680,3,579,2.5779999999999603,0.055267702936096716,1598.9,4.18,0.0
6681,5,846,4.845000000000032,0.05555555555555555,1599.3,4.18,0.0
6682,4,732,3.7309999999999945,0.056010928961748634,1599.7,4.18,0.0
6683,4,713,3.711999999999988,0.0546984572230014,1600.1,4.18,0.0
6684,1,313,0.3119999999999896,0.05750798722044728,1600.3,4.18,0.0
6685,2,463,1.461999999999973,0.056155507559395246,1600.5,4.18,0.0
6686,0,209,-0.7919999999999998,0.05741626794258373,1600.6,4.18,0.0
6687,0,185,-0.8159999999999998,0.05945945945945946,1600.7,4.18,0.0
6688,7,1113,7.112000000000036,0.055705300988319856,1601.3,4.18,0.0
6689,1,313,0.3119999999999896,0.054313099041533544,1601.5,4.18,0.0
6690,3,582,2.58099999999996,0.05670103092783505,1601.8,4.18,0.0
6691,0,183,-0.8179999999999998,0.060109289617486336,1601.9,4.18,0.0
6692,2,446,1.444999999999975,0.05605381165919283,1602.1,4.18,0.0
6693,0,189,-0.8119999999999998,0.0582010582010582,1602.2,4.18,0.0
6694,2,446,1.444999999999975,0.05605381165919283,1602.5,4.18,0.0
6695,2,456,1.4549999999999739,0.05701754385964912,1602.7,4.18,0.0
6696,4,713,3.711999999999988,0.056100981767180924,1603.1,4.18,0.0
6697,0,179,-0.8219999999999998,0.055865921787709494,1603.2,4.18,0.0
6698,2,446,1.444999999999975,0.05605381165919283,1603.4,4.18,0.0
6699,2,458,1.4569999999999736,0.056768558951965066,1603.7,4.18,0.0
6700,0,182,-0.8189999999999998,0.06043956043956044,1603.8,4.18,0.0
6701,0,179,-0.8219999999999998,0.055865921787709494,1603.9,4.18,0.0
6702,1,333,0.3319999999999874,0.057057057057057055,1604.1,4.18,0.0
6703,1,314,0.3129999999999895,0.05732484076433121,1604.2,4.18,0.0
6704,6,979,5.978000000000075,0.056179775280898875,1604.7,4.18,0.0
6705,1,313,0.3119999999999896,0.05750798722044728,1604.9,4.18,0.0
6706,0,179,-0.8219999999999998,0.055865921787709494,1605.0,4.18,0.0
6707,0,179,-0.8219999999999998,0.055865921787709494,1605.1,4.18,0.0
6708,0,179,-0.8219999999999998,0.055865921787709494,1605.2,4.18,0.0
6709,3,582,2.58099999999996,0.05670103092783505,1605.5,4.18,0.0
6710,0,192,-0.8089999999999998,0.057291666666666664,1605.6,4.18,0.0
6711,0,193,-0.8079999999999998,0.05699481865284974,1605.7,4.18,0.0
6712,0,184,-0.8169999999999998,0.059782608695652176,1605.8,4.18,0.0
6713,2,453,1.4519999999999742,0.05739514348785872,1606.1,4.18,0.0
6714,0,190,-0.8109999999999998,0.05789473684210526,1606.2,4.18,0.0
6715,1,341,0.33999999999998654,0.05571847507331378,1606.3,4.18,0.0
6716,4,713,3.711999999999988,0.0546984572230014,1606.7,4.18,0.0
6717,3,583,2.58199999999996,0.05660377358490566,1607.0,4.18,0.0
6718,1,316,0.3149999999999893,0.056962025316455694,1607.2,4.18,0.0
6719,2,446,1.444999999999975,0.05605381165919283,1607.4,4.18,0.0
6720,0,210,-0.7909999999999998,0.05714285714285714,1607.6,4.18,0.0
6721,1,313,0.3119999999999896,0.05750798722044728,1607.7,4.18,0.0
6722,1,313,0.3119999999999896,0.054313099041533544,1607.9,4.18,0.0
6723,1,313,0.3119999999999896,0.05750798722044728,1608.0,4.18,0.0
6724,0,192,-0.8089999999999998,0.057291666666666664,1608.1,4.18,0.0
6725,0,208,-0.7929999999999998,0.057692307692307696,1608.3,4.18,0.0
6726,0,206,-0.7949999999999998,0.05825242718446602,1608.4,4.18,0.0
6727,2,446,1.444999999999975,0.05605381165919283,1608.6,4.18,0.0
6728,1,338,0.33699999999998687,0.05621301775147929,1608.8,4.18,0.0
6729,2,446,1.444999999999975,0.05605381165919283,1609.0,4.18,0.0
6730,3,579,2.5779999999999603,0.05699481865284974,1609.4,4.18,0.0
6731,4,729,3.7279999999999935,0.056241426611796985,1609.7,4.18,0.0
6732,1,338,0.33699999999998687,0.05621301775147929,1609.9,4.18,0.0
6733,2,446,1.444999999999975,0.05605381165919283,1610.2,4.18,0.0
6734,2,461,1.4599999999999733,0.05639913232104121,1610.4,4.18,0.0
6735,3,584,2.5829999999999598,0.05650684931506849,1610.7,4.18,0.0
6736,7,1121,7.120000000000031,0.056199821587867974,1611.3,4.18,0.0
6737,0,179,-0.8219999999999998,0.055865921787709494,1611.4,4.18,0.0
6738,1,341,0.33999999999998654,0.05571847507331378,1611.6,4.18,0.0
6739,0,186,-0.8149999999999998,0.05913978494623656,1611.7,4.18,0.0
6740,0,179,-0.8219999999999998,0.055865921787709494,1611.8,4.18,0.0
6741,1,335,0.3339999999999872,0.056716417910447764,1612.0,4.18,0.0
6742,3,581,2.57999999999996,0.05679862306368331,1612.3,4.18,0.0
6743,0,193,-0.8079999999999998,0.05699481865284974,1612.4,4.18,0.0
6744,0,179,-0.8219999999999998,0.05027932960893855,1612.5,4.18,0.0
6745,5,846,4.845000000000032,0.05555555555555555,1612.9,4.18,0.0
6746,3,579,2.5779999999999603,0.05699481865284974,1613.2,4.18,0.0
6747,3,579,2.5779999999999603,0.05699481865284974,1613.5,4.18,0.0
6748,0,187,-0.8139999999999998,0.058823529411764705,1613.6,4.18,0.0
6749,3,579,2.5779999999999603,0.055267702936096716,1613.9,4.18,0.0
6750,0,179,-0.8219999999999998,0.055865921787709494,1614.0,4.18,0.0
6751,5,846,4.845000000000032,0.05555555555555555,1614.5,4.18,0.0
6752,2,446,1.444999999999975,0.05605381165919283,1614.7,4.18,0.0
6753,3,600,2.598999999999958,0.056666666666666664,1615.0,4.18,0.0
6754,0,179,-0.8219999999999998,0.055865921787709494,1615.1,4.18,0.0
6755,1,313,0.3119999999999896,0.054313099041533544,1615.3,4.18,0.0
6756,0,188,-0.8129999999999998,0.05851063829787234,1615.4,4.18,0.0
6757,0,192,-0.8089999999999998,0.057291666666666664,1615.5,4.18,0.0
6758,0,179,-0.8219999999999998,0.055865921787709494,1615.6,4.18,0.0
6759,6,979,5.978000000000075,0.05515832482124617,1616.1,4.18,0.0
6760,0,179,-0.8219999999999998,0.055865921787709494,1616.2,4.18,0.0
6761,2,447,1.4459999999999749,0.05592841163310962,1616.4,4.18,0.0
6762,4,735,3.7339999999999955,0.055782312925170066,1616.8,4.18,0.0
6763,0,179,-0.8219999999999998,0.055865921787709494,1616.9,4.18,0.0
6764,1,320,0.31899999999998885,0.05625,1617.1,4.18,0.0
6765,0,191,-0.8099999999999998,0.05759162303664921,1617.2,4.18,0.0
6766,4,713,3.711999999999988,0.056100981767180924,1617.6,4.18,0.0
6767,1,335,0.3339999999999872,0.056716417910447764,1617.7,4.18,0.0
6768,3,579,2.5779999999999603,0.055267702936096716,1618.1,4.18,0.0
6769,1,313,0.3119999999999896,0.054313099041533544,1618.2,4.18,0.0
6770,4,713,3.711999999999988,0.056100981767180924,1618.6,4.18,0.0
6771,2,464,1.462999999999973,0.05603448275862069,1618.8,4.18,0.0
6772,2,456,1.4549999999999739,0.05701754385964912,1619.1,4.18,0.0
6773,0,179,-0.8219999999999998,0.055865921787709494,1619.2,4.18,0.0
6774,0,180,-0.8209999999999998,0.06111111111111111,1619.3,4.18,0.0
6775,5,854,4.853000000000034,0.05620608899297424,1619.8,4.18,0.0
6776,3,585,2.5839999999999597,0.05641025641025641,1620.1,4.18,0.0
6777,1,315,0.3139999999999894,0.05714285714285714,1620.2,4.18,0.0
6778,0,183,-0.8179999999999998,0.060109289617486336,1620.3,4.18,0.0
6779,2,461,1.4599999999999733,0.05639913232104121,1620.6,4.18,0.0
6780,3,579,2.5779999999999603,0.055267702936096716,1620.9,4.18,0.0
6781,2,460,1.4589999999999734,0.05652173913043478,1621.1,4.18,0.0
6782,1,313,0.3119999999999896,0.05750798722044728,1621.3,4.18,0.0
6783,6,979,5.978000000000075,0.05515832482124617,1621.8,4.18,0.0
6784,7,1113,7.112000000000036,0.055705300988319856,1622.4,4.18,0.0
6785,3,579,2.5779999999999603,0.055267702936096716,1622.7,4.18,0.0
6786,0,179,-0.8219999999999998,0.055865921787709494,1622.8,4.18,0.0
6787,2,446,1.444999999999975,0.05605381165919283,1623.1,4.18,0.0
6788,1,339,0.33799999999998676,0.05604719764011799,1623.2,4.18,0.0
6789,7,1113,7.112000000000036,0.055705300988319856,1623.8,4.18,0.0
6790,0,192,-0.8089999999999998,0.057291666666666664,1623.9,4.18,0.0
6791,1,313,0.3119999999999896,0.054313099041533544,1624.1,4.18,0.0
6792,0,179,-0.8219999999999998,0.055865921787709494,1624.2,4.18,0.0
6793,0,179,-0.8219999999999998,0.055865921787709494,1624.3,4.18,0.0
6794,1,313,0.3119999999999896,0.054313099041533544,1624.5,4.18,0.0
6795,0,179,-0.8219999999999998,0.055865921787709494,1624.5,4.18,0.0
6796,0,179,-0.8219999999999998,0.055865921787709494,1624.6,4.18,0.0
6797,2,446,1.444999999999975,0.05605381165919283,1624.9,4.18,0.0
6798,1,313,0.3119999999999896,0.054313099041533544,1625.0,4.18,0.0
6799,1,313,0.3119999999999896,0.054313099041533544,1625.2,4.18,0.0
6800,0,186,-0.8149999999999998,0.05913978494623656,1625.3,4.18,0.0
6801,2,456,1.4549999999999739,0.05701754385964912,1625.6,4.18,0.0
6802,1,313,0.3119999999999896,0.054313099041533544,1625.7,4.18,0.0
6803,2,467,1.4659999999999727,0.055674518201284794,1626.0,4.18,0.0
6804,1,313,0.3119999999999896,0.05750798722044728,1626.2,4.18,0.0
6805,1,313,0.3119999999999896,0.054313099041533544,1626.3,4.18,0.0
6806,7,1123,7.12200000000003,0.05609973285841496,1626.9,4.18,0.0
6807,0,179,-0.8219999999999998,0.055865921787709494,1627.0,4.18,0.0
6808,0,193,-0.8079999999999998,0.05699481865284974,1627.1,4.18,0.0
6809,2,465,1.4639999999999729,0.05591397849462366,1627.4,4.18,0.0
6810,0,184,-0.8169999999999998,0.059782608695652176,1627.5,4.19,0.0
6811,0,179,-0.8219999999999998,0.055865921787709494,1627.6,4.19,0.0
6812,0,179,-0.8219999999999998,0.055865921787709494,1627.7,4.19,0.0
6813,4,713,3.711999999999988,0.056100981767180924,1628.1,4.19,0.0
6814,0,179,-0.8219999999999998,0.055865921787709494,1628.2,4.19,0.0
6815,0,182,-0.8189999999999998,0.06043956043956044,1628.2,4.19,0.0
6816,0,179,-0.8219999999999998,0.055865921787709494,1628.3,4.19,0.0
6817,2,446,1.444999999999975,0.05605381165919283,1628.6,4.19,0.0
6818,10,1513,10.511999999999814,0.05551883674818242,1629.4,4.18,0.0
6819,2,457,1.4559999999999738,0.05689277899343545,1629.6,4.18,0.0
6820,1,321,0.31999999999998874,0.056074766355140186,1629.9,4.19,0.0
6821,0,191,-0.8099999999999998,0.05759162303664921,1630.0,4.19,0.0
6822,2,446,1.444999999999975,0.05605381165919283,1630.2,4.19,0.0
6823,4,713,3.711999999999988,0.056100981767180924,1630.6,4.19,0.0
6824,6,988,5.987000000000078,0.05566801619433198,1631.2,4.18,0.0
6825,0,186,-0.8149999999999998,0.05913978494623656,1631.2,4.18,0.0
6826,1,313,0.3119999999999896,0.054313099041533544,1631.4,4.18,0.0
6827,7,1113,7.112000000000036,0.055705300988319856,1632.0,4.18,0.0
6828,0,186,-0.8149999999999998,0.05913978494623656,1632.1,4.18,0.0
6829,0,182,-0.8189999999999998,0.06043956043956044,1632.2,4.18,0.0
6830,1,313,0.3119999999999896,0.05750798722044728,1632.4,4.18,0.0
6831,0,179,-0.8219999999999998,0.055865921787709494,1632.5,4.19,0.0
6832,3,579,2.5779999999999603,0.055267702936096716,1632.8,4.18,0.0
6833,0,186,-0.8149999999999998,0.05913978494623656,1632.9,4.19,0.0
6834,2,446,1.444999999999975,0.05605381165919283,1633.1,4.19,0.0
6835,0,179,-0.8219999999999998,0.055865921787709494,1633.2,4.19,0.0
6836,4,713,3.711999999999988,0.0546984572230014,1633.6,4.19,0.0
6837,1,313,0.3119999999999896,0.05750798722044728,1633.7,4.19,0.0
6838,1,313,0.3119999999999896,0.05750798722044728,1633.9,4.19,0.0
6839,3,579,2.5779999999999603,0.055267702936096716,1634.2,4.19,0.0
6840,3,579,2.5779999999999603,0.055267702936096716,1634.5,4.19,0.0
6841,1,321,0.31999999999998874,0.056074766355140186,1634.7,4.19,0.0
6842,5,846,4.845000000000032,0.05555555555555555,1635.1,4.18,0.0
6843,0,179,-0.8219999999999998,0.055865921787709494,1635.2,4.19,0.0
6844,4,732,3.7309999999999945,0.056010928961748634,1635.6,4.18,0.0
6845,0,179,-0.8219999999999998,0.055865921787709494,1635.7,4.19,0.0
6846,3,579,2.5779999999999603,0.055267702936096716,1636.0,4.19,0.0
6847,0,179,-0.8219999999999998,0.055865921787709494,1636.1,4.19,0.0
6848,0,179,-0.8219999999999998,0.055865921787709494,1636.2,4.19,0.0
6849,0,188,-0.8129999999999998,0.05851063829787234,1636.3,4.19,0.0
6850,2,461,1.4599999999999733,0.05639913232104121,1636.6,4.19,0.0
6851,4,713,3.711999999999988,0.056100981767180924,1637.0,4.19,0.0
6852,0,179,-0.8219999999999998,0.055865921787709494,1637.1,4.19,0.0
6853,0,179,-0.8219999999999998,0.055865921787709494,1637.2,4.19,0.0
6854,2,446,1.444999999999975,0.05605381165919283,1637.4,4.19,0.0
6855,1,313,0.3119999999999896,0.05750798722044728,1637.6,4.19,0.0
6856,2,446,1.444999999999975,0.053811659192825115,1637.8,4.19,0.0
6857,4,718,3.71699999999999,0.055710306406685235,1638.2,4.19,0.0
6858,0,179,-0.8219999999999998,0.055865921787709494,1638.3,4.19,0.0
6859,2,446,1.444999999999975,0.05605381165919283,1638.5,4.19,0.0
6860,5,875,4.874000000000041,0.056,1639.0,4.19,0.0
6861,1,316,0.3149999999999893,0.056962025316455694,1639.2,4.19,0.0
6862,1,316,0.3149999999999893,0.056962025316455694,1639.3,4.19,0.0
6863,1,313,0.3119999999999896,0.05750798722044728,1639.5,4.19,0.0
6864,5,855,4.854000000000035,0.056140350877192984,1640.0,4.19,0.0
6865,2,446,1.444999999999975,0.05605381165919283,1640.2,4.19,0.0
6866,0,190,-0.8109999999999998,0.05789473684210526,1640.3,4.19,0.0
6867,3,589,2.587999999999959,0.05602716468590832,1640.6,4.19,0.0
6868,0,179,-0.8219999999999998,0.05027932960893855,1640.7,4.19,0.0
6869,3,581,2.57999999999996,0.05679862306368331,1641.0,4.19,0.0
6870,1,313,0.3119999999999896,0.054313099041533544,1641.2,4.19,0.0
6871,2,446,1.444999999999975,0.05605381165919283,1641.4,4.19,0.0
6872,3,579,2.5779999999999603,0.055267702936096716,1641.8,4.19,0.0
6873,4,734,3.732999999999995,0.055858310626702996,1642.1,4.19,0.0
6874,4,713,3.711999999999988,0.056100981767180924,1642.5,4.19,0.0
6875,4,713,3.711999999999988,0.0546984572230014,1642.9,4.19,0.0
6876,1,338,0.33699999999998687,0.05621301775147929,1643.1,4.19,0.0
6877,0,190,-0.8109999999999998,0.05789473684210526,1643.2,4.19,0.0
6878,0,182,-0.8189999999999998,0.06043956043956044,1643.3,4.19,0.0
6879,7,1120,7.119000000000032,0.05625,1643.9,4.19,0.0
6880,3,579,2.5779999999999603,0.055267702936096716,1644.2,4.19,0.0
6881,1,317,0.3159999999999892,0.056782334384858045,1644.4,4.19,0.0
6882,1,313,0.3119999999999896,0.054313099041533544,1644.5,4.19,0.0
6883,0,186,-0.8149999999999998,0.05913978494623656,1644.6,4.19,0.0
6884,3,579,2.5779999999999603,0.055267702936096716,1644.9,4.19,0.0
6885,1,313,0.3119999999999896,0.05750798722044728,1645.1,4.19,0.0
6886,1,337,0.335999999999987,0.05637982195845697,1645.3,4.19,0.0
6887,0,189,-0.8119999999999998,0.0582010582010582,1645.4,4.19,0.0
6888,2,460,1.4589999999999734,0.05652173913043478,1645.7,4.19,0.0
6889,0,179,-0.8219999999999998,0.05027932960893855,1645.7,4.19,0.0
6890,0,188,-0.8129999999999998,0.05851063829787234,1645.8,4.19,0.0
6891,0,182,-0.8189999999999998,0.06043956043956044,1645.9,4.19,0.0
6892,0,179,-0.8219999999999998,0.055865921787709494,1646.0,4.19,0.0
6893,5,853,4.852000000000034,0.05627198124267292,1646.5,4.19,0.0
6894,0,179,-0.8219999999999998,0.055865921787709494,1646.6,4.19,0.0
6895,7,1113,7.112000000000036,0.055705300988319856,1647.2,4.19,0.0
6896,4,732,3.7309999999999945,0.056010928961748634,1647.6,4.19,0.0
6897,2,459,1.4579999999999735,0.05664488017429194,1647.8,4.19,0.0
6898,0,179,-0.8219999999999998,0.055865921787709494,1647.9,4.19,0.0
6899,4,713,3.711999999999988,0.056100981767180924,1648.3,4.19,0.0
6900,4,731,3.729999999999994,0.0560875512995896,1648.7,4.19,0.0
6901,2,447,1.4459999999999749,0.05592841163310962,1648.9,4.19,0.0
6902,4,713,3.711999999999988,0.056100981767180924,1649.3,4.19,0.0
6903,2,457,1.4559999999999738,0.05689277899343545,1649.6,4.19,0.0
6904,0,179,-0.8219999999999998,0.055865921787709494,1649.6,4.19,0.0
6905,2,462,1.4609999999999732,0.05627705627705628,1649.9,4.19,0.0
6906,4,715,3.713999999999989,0.055944055944055944,1650.3,4.19,0.0
6907,4,729,3.7279999999999935,0.056241426611796985,1650.7,4.18,0.0
6908,4,727,3.725999999999993,0.05639614855570839,1651.1,4.18,0.0
6909,0,179,-0.8219999999999998,0.055865921787709494,1651.2,4.18,0.0
6910,6,979,5.978000000000075,0.05515832482124617,1651.7,4.18,0.0
6911,0,179,-0.8219999999999998,0.055865921787709494,1651.8,4.18,0.0
6912,2,454,1.452999999999974,0.05726872246696035,1652.0,4.18,0.0
6913,1,313,0.3119999999999896,0.054313099041533544,1652.2,4.18,0.0
6914,2,448,1.4469999999999748,0.05580357142857143,1652.4,4.18,0.0
6915,3,579,2.5779999999999603,0.055267702936096716,1652.7,4.18,0.0
6916,1,313,0.3119999999999896,0.054313099041533544,1652.9,4.18,0.0
6917,0,187,-0.8139999999999998,0.058823529411764705,1653.0,4.19,0.0
6918,1,313,0.3119999999999896,0.054313099041533544,1653.2,4.19,0.0
6919,0,185,-0.8159999999999998,0.05945945945945946,1653.3,4.19,0.0
6920,3,591,2.589999999999959,0.05583756345177665,1653.6,4.19,0.0
6921,0,182,-0.8189999999999998,0.06043956043956044,1653.7,4.19,0.0
6922,4,713,3.711999999999988,0.0546984572230014,1654.1,4.19,0.0
6923,0,179,-0.8219999999999998,0.055865921787709494,1654.2,4.19,0.0
6924,0,179,-0.8219999999999998,0.055865921787709494,1654.3,4.19,0.0
6925,2,456,1.4549999999999739,0.05701754385964912,1654.5,4.19,0.0
6926,2,453,1.4519999999999742,0.05739514348785872,1654.7,4.19,0.0
6927,0,185,-0.8159999999999998,0.05945945945945946,1654.9,4.19,0.0
6928,2,453,1.4519999999999742,0.05739514348785872,1655.1,4.19,0.0
6929,0,179,-0.8219999999999998,0.055865921787709494,1655.2,4.19,0.0
6930,0,179,-0.8219999999999998,0.055865921787709494,1655.3,4.19,0.0
6931,2,446,1.444999999999975,0.053811659192825115,1655.5,4.19,0.0
6932,5,846,4.845000000000032,0.05555555555555555,1656.0,4.19,0.0
6933,3,584,2.5829999999999598,0.05650684931506849,1656.3,4.19,0.0
6934,0,179,-0.8219999999999998,0.055865921787709494,1656.4,4.19,0.0
6935,0,179,-0.8219999999999998,0.055865921787709494,1656.5,4.19,0.0
6936,2,460,1.4589999999999734,0.05652173913043478,1656.7,4.19,0.0
6937,6,980,5.979000000000076,0.05612244897959184,1657.2,4.19,0.0
6938,0,179,-0.8219999999999998,0.055865921787709494,1657.3,4.19,0.0
6939,0,179,-0.8219999999999998,0.055865921787709494,1657.4,4.19,0.0
6940,4,713,3.711999999999988,0.056100981767180924,1657.8,4.19,0.0
6941,1,337,0.335999999999987,0.05637982195845697,1658.0,4.19,0.0
6942,1,331,0.32999999999998764,0.05740181268882175,1658.2,4.19,0.0
6943,1,313,0.3119999999999896,0.05750798722044728,1658.3,4.19,0.0
6944,2,446,1.444999999999975,0.053811659192825115,1658.6,4.19,0.0
6945,2,461,1.4599999999999733,0.05639913232104121,1658.8,4.19,0.0
6946,3,579,2.5779999999999603,0.055267702936096716,1659.1,4.19,0.0
6947,0,186,-0.8149999999999998,0.05913978494623656,1659.2,4.19,0.0
6948,2,463,1.461999999999973,0.056155507559395246,1659.5,4.19,0.0
6949,0,179,-0.8219999999999998,0.055865921787709494,1659.6,4.19,0.0
6950,1,313,0.3119999999999896,0.05750798722044728,1659.7,4.19,0.0
6951,3,583,2.58199999999996,0.05660377358490566,1660.0,4.19,0.0
6952,2,446,1.444999999999975,0.05605381165919283,1660.3,4.19,0.0
6953,2,446,1.444999999999975,0.05605381165919283,1660.5,4.19,0.0
6954,0,179,-0.8219999999999998,0.055865921787709494,1660.6,4.19,0.0
6955,0,179,-0.8219999999999998,0.055865921787709494,1660.7,4.19,0.0
6956,2,446,1.444999999999975,0.05605381165919283,1661.0,4.19,0.0
6957,3,579,2.5779999999999603,0.055267702936096716,1661.3,4.19,0.0
6958,4,713,3.711999999999988,0.056100981767180924,1661.7,4.19,0.0
6959,4,733,3.731999999999995,0.05593451568894952,1662.0,4.19,0.0
6960,8,1254,8.252999999999957,0.05582137161084529,1662.7,4.19,0.0
6961,1,313,0.3119999999999896,0.054313099041533544,1662.9,4.19,0.0
6962,0,186,-0.8149999999999998,0.05913978494623656,1663.0,4.19,0.0
6963,6,979,5.978000000000075,0.056179775280898875,1663.5,4.19,0.0
6964,0,179,-0.8219999999999998,0.05027932960893855,1663.6,4.19,0.0
6965,2,466,1.4649999999999728,0.055793991416309016,1663.9,4.19,0.0
6966,5,846,4.845000000000032,0.05555555555555555,1664.3,4.19,0.0
6967,0,190,-0.8109999999999998,0.05789473684210526,1664.4,4.19,0.0
6968,3,579,2.5779999999999603,0.055267702936096716,1664.7,4.19,0.0
6969,3,579,2.5779999999999603,0.055267702936096716,1665.0,4.19,0.0
6970,2,447,1.4459999999999749,0.05592841163310962,1665.3,4.19,0.0
6971,0,179,-0.8219999999999998,0.055865921787709494,1665.4,4.19,0.0
6972,6,979,5.978000000000075,0.05515832482124617,1665.9,4.19,0.0
6973,4,713,3.711999999999988,0.056100981767180924,1666.3,4.19,0.0
6974,1,313,0.3119999999999896,0.05750798722044728,1666.4,4.19,0.0
6975,4,713,3.711999999999988,0.0546984572230014,1666.8,4.19,0.0
6976,0,183,-0.8179999999999998,0.060109289617486336,1666.9,4.19,0.0
6977,1,313,0.3119999999999896,0.054313099041533544,1667.1,4.19,0.0
6978,5,846,4.845000000000032,0.05555555555555555,1667.5,4.19,0.0
6979,1,340,0.33899999999998665,0.05588235294117647,1667.7,4.19,0.0
6980,0,189,-0.8119999999999998,0.0582010582010582,1667.8,4.19,0.0
6981,4,717,3.7159999999999895,0.05578800557880056,1668.2,4.19,0.0
6982,2,449,1.4479999999999746,0.0556792873051225,1668.4,4.19,0.0
6983,0,179,-0.8219999999999998,0.05027932960893855,1668.5,4.19,0.0
6984,7,1113,7.112000000000036,0.055705300988319856,1669.1,4.18,0.0
6985,4,713,3.711999999999988,0.056100981767180924,1669.5,4.18,0.0
6986,7,1113,7.112000000000036,0.055705300988319856,1670.1,4.18,0.0
6987,0,179,-0.8219999999999998,0.055865921787709494,1670.2,4.18,0.0
6988,1,317,0.3159999999999892,0.056782334384858045,1670.4,4.18,0.0
6989,2,463,1.461999999999973,0.056155507559395246,1670.6,4.18,0.0
6990,1,336,0.3349999999999871,0.05654761904761905,1670.8,4.18,0.0
6991,1,313,0.3119999999999896,0.054313099041533544,1671.0,4.18,0.0
6992,0,186,-0.8149999999999998,0.05913978494623656,1671.1,4.18,0.0
6993,0,179,-0.8219999999999998,0.055865921787709494,1671.2,4.19,0.0
6994,6,979,5.978000000000075,0.05515832482124617,1671.7,4.18,0.0
6995,1,313,0.3119999999999896,0.05750798722044728,1671.8,4.18,0.0
6996,1,313,0.3119999999999896,0.054313099041533544,1672.0,4.18,0.0
6997,8,1257,8.255999999999956,0.05568814638027048,1672.7,4.18,0.0
6998,6,1001,6.000000000000083,0.055944055944055944,1673.2,4.18,0.0
6999,0,179,-0.8219999999999998,0.055865921787709494,1673.3,4.18,0.0
7000,1,313,0.3119999999999896,0.054313099041533544,1673.5,4.18,0.0
7001,1,313,0.3119999999999896,0.054313099041533544,1676.7,4.18,0.0
7002,0,184,-0.8169999999999998,0.059782608695652176,1676.8,4.18,0.0
7003,0,179,-0.8219999999999998,0.055865921787709494,1676.9,4.18,0.0
7004,1,313,0.3119999999999896,0.054313099041533544,1677.1,4.18,0.0
7005,3,579,2.5779999999999603,0.055267702936096716,1677.4,4.18,0.0
7006,2,446,1.444999999999975,0.05605381165919283,1677.6,4.18,0.0
7007,1,313,0.3119999999999896,0.054313099041533544,1677.8,4.18,0.0
7008,2,465,1.4639999999999729,0.05591397849462366,1678.0,4.18,0.0
7009,3,584,2.5829999999999598,0.05650684931506849,1678.3,4.18,0.0
7010,2,446,1.444999999999975,0.05605381165919283,1678.6,4.18,0.0
7011,0,179,-0.8219999999999998,0.055865921787709494,1678.7,4.18,0.0
7012,1,313,0.3119999999999896,0.054313099041533544,1678.8,4.18,0.0
7013,3,585,2.5839999999999597,0.05641025641025641,1679.2,4.18,0.0
7014,1,313,0.3119999999999896,0.054313099041533544,1679.3,4.18,0.0
7015,1,313,0.3119999999999896,0.054313099041533544,1679.5,4.18,0.0
7016,1,323,0.3219999999999885,0.05572755417956656,1679.6,4.18,0.0
7017,3,588,2.5869999999999593,0.05612244897959184,1680.0,4.18,0.0
7018,9,1398,9.396999999999878,0.055793991416309016,1680.7,4.18,0.0
7019,0,186,-0.8149999999999998,0.05913978494623656,1680.8,4.18,0.0
7020,1,317,0.3159999999999892,0.056782334384858045,1681.0,4.18,0.0
7021,1,313,0.3119999999999896,0.054313099041533544,1681.2,4.18,0.0
7022,0,179,-0.8219999999999998,0.055865921787709494,1681.3,4.18,0.0
7023,0,179,-0.8219999999999998,0.055865921787709494,1681.4,4.18,0.0
7024,1,315,0.3139999999999894,0.05714285714285714,1681.5,4.18,0.0
7025,0,184,-0.8169999999999998,0.059782608695652176,1681.6,4.18,0.0
7026,1,321,0.31999999999998874,0.056074766355140186,1681.8,4.18,0.0
7027,0,192,-0.8089999999999998,0.057291666666666664,1681.9,4.18,0.0
7028,1,336,0.3349999999999871,0.05654761904761905,1682.1,4.18,0.0
7029,5,854,4.853000000000034,0.05620608899297424,1682.5,4.18,0.0
7030,0,179,-0.8219999999999998,0.055865921787709494,1682.6,4.18,0.0
7031,0,179,-0.8219999999999998,0.055865921787709494,1682.7,4.18,0.0
7032,1,337,0.335999999999987,0.05637982195845697,1682.9,4.18,0.0
7033,0,179,-0.8219999999999998,0.055865921787709494,1683.0,4.18,0.0
7034,2,459,1.4579999999999735,0.05664488017429194,1683.3,4.18,0.0
7035,5,846,4.845000000000032,0.05555555555555555,1683.7,4.18,0.0
7036,3,589,2.587999999999959,0.05602716468590832,1684.0,4.18,0.0
7037,3,586,2.5849999999999596,0.05631399317406143,1684.3,4.18,0.0
7038,1,313,0.3119999999999896,0.054313099041533544,1684.5,4.18,0.0
7039,0,187,-0.8139999999999998,0.058823529411764705,1684.6,4.18,0.0
7040,6,979,5.978000000000075,0.05515832482124617,1685.1,4.18,0.0
7041,1,221,0.21999999999999975,0.058823529411764705,1685.2,4.18,0.0
7042,0,179,-0.8219999999999998,0.055865921787709494,1685.3,4.18,0.0
7043,0,179,-0.8219999999999998,0.055865921787709494,1685.4,4.18,0.0
7044,1,313,0.3119999999999896,0.05750798722044728,1685.6,4.18,0.0
7045,0,179,-0.8219999999999998,0.055865921787709494,1685.7,4.18,0.0
7046,1,313,0.3119999999999896,0.054313099041533544,1685.9,4.18,0.0
7047,1,314,0.3129999999999895,0.05732484076433121,1686.0,4.18,0.0
7048,0,185,-0.8159999999999998,0.05945945945945946,1686.1,4.18,0.0
7049,3,584,2.5829999999999598,0.05650684931506849,1686.5,4.18,0.0
7050,3,591,2.589999999999959,0.05583756345177665,1686.8,4.18,0.0
7051,2,462,1.4609999999999732,0.05627705627705628,1687.0,4.18,0.0
7052,6,979,5.978000000000075,0.05515832482124617,1687.5,4.18,0.0
7053,0,195,-0.8059999999999998,0.05641025641025641,1687.7,4.18,0.0
7054,4,713,3.711999999999988,0.056100981767180924,1688.0,4.18,0.0
7055,3,579,2.5779999999999603,0.055267702936096716,1688.3,4.18,0.0
7056,4,714,3.7129999999999885,0.056022408963585436,1688.7,4.18,0.0
7057,0,183,-0.8179999999999998,0.060109289617486336,1688.8,4.18,0.0
7058,3,579,2.5779999999999603,0.055267702936096716,1689.1,4.18,0.0
7059,0,187,-0.8139999999999998,0.058823529411764705,1689.2,4.18,0.0
7060,0,179,-0.8219999999999998,0.05027932960893855,1689.3,4.18,0.0
7061,1,335,0.3339999999999872,0.056716417910447764,1689.5,4.18,0.0
7062,1,313,0.3119999999999896,0.054313099041533544,1689.7,4.18,0.0
7063,2,446,1.444999999999975,0.05605381165919283,1689.9,4.18,0.0
7064,1,313,0.3119999999999896,0.054313099041533544,1690.1,4.18,0.0
7065,0,179,-0.8219999999999998,0.055865921787709494,1690.2,4.18,0.0
7066,0,179,-0.8219999999999998,0.055865921787709494,1690.3,4.18,0.0
7067,2,446,1.444999999999975,0.05605381165919283,1690.5,4.18,0.0
7068,0,192,-0.8089999999999998,0.057291666666666664,1690.6,4.18,0.0
7069,1,313,0.3119999999999896,0.054313099041533544,1690.8,4.18,0.0
7070,3,587,2.5859999999999594,0.056218057921635436,1691.1,4.18,0.0
7071,1,313,0.3119999999999896,0.05750798722044728,1691.3,4.18,0.0
7072,0,190,-0.8109999999999998,0.05789473684210526,1691.4,4.18,0.0
7073,3,579,2.5779999999999603,0.055267702936096716,1691.7,4.18,0.0
7074,1,341,0.33999999999998654,0.05571847507331378,1691.8,4.18,0.0
7075,0,179,-0.8219999999999998,0.055865921787709494,1691.9,4.18,0.0
7076,1,313,0.3119999999999896,0.054313099041533544,1692.1,4.18,0.0
7077,1,336,0.3349999999999871,0.05654761904761905,1692.3,4.18,0.0
7078,3,579,2.5779999999999603,0.05699481865284974,1692.6,4.18,0.0
7079,1,313,0.3119999999999896,0.054313099041533544,1692.8,4.18,0.0
7080,2,446,1.444999999999975,0.053811659192825115,1693.0,4.18,0.0
7081,4,713,3.711999999999988,0.0546984572230014,1693.4,4.18,0.0
7082,0,179,-0.8219999999999998,0.055865921787709494,1693.5,4.18,0.0
7083,4,733,3.731999999999995,0.05593451568894952,1693.9,4.18,0.0
7084,1,313,0.3119999999999896,0.054313099041533544,1694.0,4.18,0.0
7085,1,323,0.3219999999999885,0.05572755417956656,1694.2,4.18,0.0
7086,0,179,-0.8219999999999998,0.055865921787709494,1694.3,4.18,0.0
7087,2,446,1.444999999999975,0.05605381165919283,1694.5,4.18,0.0
7088,1,313,0.3119999999999896,0.054313099041533544,1694.7,4.18,0.0
7089,4,713,3.711999999999988,0.0546984572230014,1695.1,4.18,0.0
7090,0,192,-0.8089999999999998,0.057291666666666664,1695.2,4.18,0.0
7091,3,579,2.5779999999999603,0.055267702936096716,1695.5,4.18,0.0
7092,1,338,0.33699999999998687,0.05621301775147929,1695.7,4.18,0.0
7093,1,317,0.3159999999999892,0.056782334384858045,1695.8,4.18,0.0
7094,1,313,0.3119999999999896,0.05750798722044728,1696.0,4.18,0.0
7095,1,313,0.3119999999999896,0.054313099041533544,1696.2,4.18,0.0
7096,4,713,3.711999999999988,0.056100981767180924,1696.6,4.18,0.0
7097,2,446,1.444999999999975,0.05605381165919283,1696.8,4.18,0.0
7098,0,179,-0.8219999999999998,0.055865921787709494,1696.9,4.18,0.0
7099,5,846,4.845000000000032,0.05555555555555555,1697.4,4.18,0.0
7100,2,461,1.4599999999999733,0.05639913232104121,1697.6,4.18,0.0
7101,3,579,2.5779999999999603,0.055267702936096716,1697.9,4.18,0.0
7102,0,179,-0.8219999999999998,0.055865921787709494,1698.0,4.18,0.0
7103,0,179,-0.8219999999999998,0.055865921787709494,1698.1,4.18,0.0
7104,5,846,4.845000000000032,0.05555555555555555,1698.6,4.18,0.0
7105,3,579,2.5779999999999603,0.055267702936096716,1698.9,4.18,0.0
7106,0,179,-0.8219999999999998,0.055865921787709494,1699.0,4.18,0.0
7107,6,979,5.978000000000075,0.05515832482124617,1699.5,4.18,0.0
7108,1,313,0.3119999999999896,0.054313099041533544,1699.7,4.18,0.0
7109,3,579,2.5779999999999603,0.055267702936096716,1700.0,4.18,0.0
7110,0,179,-0.8219999999999998,0.055865921787709494,1700.1,4.18,0.0
7111,4,717,3.7159999999999895,0.05578800557880056,1700.4,4.18,0.0
7112,0,179,-0.8219999999999998,0.055865921787709494,1700.6,4.18,0.0
7113,0,191,-0.8099999999999998,0.05759162303664921,1700.7,4.18,0.0
7114,0,179,-0.8219999999999998,0.055865921787709494,1700.8,4.18,0.0
7115,1,318,0.31699999999998907,0.05660377358490566,1700.9,4.18,0.0
7116,3,605,2.6039999999999575,0.05619834710743802,1701.2,4.18,0.0
7117,0,179,-0.8219999999999998,0.055865921787709494,1701.3,4.18,0.0
7118,1,313,0.3119999999999896,0.054313099041533544,1701.5,4.18,0.0
7119,1,319,0.31799999999998896,0.05642633228840126,1701.7,4.18,0.0
7120,0,179,-0.8219999999999998,0.055865921787709494,1701.8,4.18,0.0
7121,6,979,5.978000000000075,0.05515832482124617,1702.3,4.18,0.0
7122,1,313,0.3119999999999896,0.054313099041533544,1702.5,4.18,0.0
7123,3,579,2.5779999999999603,0.055267702936096716,1702.8,4.18,0.0
7124,0,179,-0.8219999999999998,0.055865921787709494,1702.9,4.18,0.0
7125,0,179,-0.8219999999999998,0.055865921787709494,1703.0,4.18,0.0
7126,3,579,2.5779999999999603,0.055267702936096716,1703.3,4.18,0.0
7127,0,187,-0.8139999999999998,0.058823529411764705,1703.4,4.18,0.0
7128,1,313,0.3119999999999896,0.05750798722044728,1703.6,4.18,0.0
7129,3,579,2.5779999999999603,0.055267702936096716,1703.9,4.18,0.0
7130,1,317,0.3159999999999892,0.056782334384858045,1704.0,4.18,0.0
7131,0,184,-0.8169999999999998,0.059782608695652176,1704.1,4.19,0.0
7132,3,581,2.57999999999996,0.05679862306368331,1704.5,4.18,0.0
7133,0,193,-0.8079999999999998,0.05699481865284974,1704.6,4.19,0.0
7134,0,179,-0.8219999999999998,0.055865921787709494,1704.6,4.19,0.0
7135,4,713,3.711999999999988,0.0546984572230014,1705.0,4.19,0.0
7136,7,1113,7.112000000000036,0.055705300988319856,1705.6,4.18,0.0
7137,2,447,1.4459999999999749,0.05592841163310962,1705.9,4.18,0.0
7138,5,855,4.854000000000035,0.056140350877192984,1706.3,4.18,0.0
7139,2,465,1.4639999999999729,0.05591397849462366,1706.6,4.18,0.0
7140,1,313,0.3119999999999896,0.054313099041533544,1706.7,4.18,0.0
7141,9,1379,9.377999999999888,0.05583756345177665,1707.5,4.18,0.0
7142,1,313,0.3119999999999896,0.05750798722044728,1707.6,4.18,0.0
7143,3,579,2.5779999999999603,0.055267702936096716,1708.0,4.18,0.0
7144,2,446,1.444999999999975,0.05605381165919283,1708.2,4.18,0.0
7145,3,589,2.587999999999959,0.05602716468590832,1708.5,4.18,0.0
7146,1,321,0.31999999999998874,0.056074766355140186,1708.7,4.18,0.0
7147,2,446,1.444999999999975,0.05605381165919283,1708.9,4.18,0.0
7148,2,446,1.444999999999975,0.053811659192825115,1709.1,4.18,0.0
7149,7,1132,7.131000000000025,0.05565371024734982,1709.8,4.18,0.0
7150,2,446,1.444999999999975,0.053811659192825115,1710.0,4.18,0.0
7151,0,183,-0.8179999999999998,0.060109289617486336,1710.1,4.18,0.0
7152,0,179,-0.8219999999999998,0.055865921787709494,1710.2,4.18,0.0
7153,1,315,0.3139999999999894,0.05714285714285714,1710.4,4.18,0.0
7154,1,335,0.3339999999999872,0.056716417910447764,1710.5,4.18,0.0
7155,1,323,0.3219999999999885,0.05572755417956656,1710.7,4.18,0.0
7156,0,179,-0.8219999999999998,0.055865921787709494,1710.8,4.18,0.0
7157,10,1514,10.512999999999813,0.056142668428005284,1711.6,4.18,0.0
7158,1,337,0.335999999999987,0.05637982195845697,1711.8,4.18,0.0
7159,2,446,1.444999999999975,0.05605381165919283,1712.0,4.18,0.0
7160,1,313,0.3119999999999896,0.05750798722044728,1712.2,4.18,0.0
7161,2,446,1.444999999999975,0.053811659192825115,1712.4,4.18,0.0
7162,0,188,-0.8129999999999998,0.05851063829787234,1712.6,4.18,0.0
7163,1,313,0.3119999999999896,0.05750798722044728,1712.7,4.18,0.0
7164,2,446,1.444999999999975,0.053811659192825115,1713.0,4.18,0.0
7165,0,179,-0.8219999999999998,0.055865921787709494,1713.1,4.18,0.0
7166,2,446,1.444999999999975,0.05605381165919283,1713.3,4.18,0.0
7167,2,446,1.444999999999975,0.05605381165919283,1713.5,4.18,0.0
7168,0,179,-0.8219999999999998,0.055865921787709494,1713.6,4.18,0.0
7169,1,313,0.3119999999999896,0.054313099041533544,1713.8,4.18,0.0
7170,3,579,2.5779999999999603,0.055267702936096716,1714.1,4.18,0.0
7171,1,313,0.3119999999999896,0.054313099041533544,1714.2,4.18,0.0
7172,0,186,-0.8149999999999998,0.05913978494623656,1714.3,4.18,0.0
7173,0,179,-0.8219999999999998,0.055865921787709494,1714.4,4.18,0.0
7174,4,713,3.711999999999988,0.056100981767180924,1714.8,4.18,0.0
7175,2,446,1.444999999999975,0.05605381165919283,1715.1,4.18,0.0
7176,2,446,1.444999999999975,0.053811659192825115,1715.3,4.18,0.0
7177,0,179,-0.8219999999999998,0.055865921787709494,1715.4,4.18,0.0
7178,1,318,0.31699999999998907,0.05660377358490566,1715.5,4.18,0.0
7179,0,179,-0.8219999999999998,0.055865921787709494,1715.6,4.19,0.0
7180,0,179,-0.8219999999999998,0.055865921787709494,1715.8,4.19,0.0
7181,0,179,-0.8219999999999998,0.055865921787709494,1715.9,4.19,0.0
7182,2,453,1.4519999999999742,0.05739514348785872,1716.1,4.19,0.0
7183,4,713,3.711999999999988,0.0546984572230014,1716.5,4.19,0.0
7184,0,179,-0.8219999999999998,0.055865921787709494,1716.6,4.19,0.0
7185,1,315,0.3139999999999894,0.05714285714285714,1716.7,4.19,0.0
7186,2,446,1.444999999999975,0.05605381165919283,1717.0,4.19,0.0
7187,1,341,0.33999999999998654,0.05571847507331378,1717.1,4.19,0.0
7188,1,313,0.3119999999999896,0.05750798722044728,1717.3,4.19,0.0
7189,1,313,0.3119999999999896,0.05750798722044728,1717.5,4.19,0.0
7190,5,846,4.845000000000032,0.05555555555555555,1717.9,4.19,0.0
7191,0,179,-0.8219999999999998,0.055865921787709494,1718.0,4.19,0.0
7192,3,579,2.5779999999999603,0.055267702936096716,1718.3,4.19,0.0
7193,1,313,0.3119999999999896,0.054313099041533544,1718.5,4.19,0.0
7194,1,313,0.3119999999999896,0.054313099041533544,1718.6,4.19,0.0
7195,0,195,-0.8059999999999998,0.05641025641025641,1718.7,4.19,0.0
7196,3,592,2.590999999999959,0.05574324324324324,1719.1,4.19,0.0
7197,3,579,2.5779999999999603,0.055267702936096716,1719.4,4.19,0.0
7198,0,192,-0.8089999999999998,0.057291666666666664,1719.5,4.19,0.0
7199,0,179,-0.8219999999999998,0.055865921787709494,1719.6,4.19,0.0
7200,3,579,2.5779999999999603,0.055267702936096716,1719.9,4.19,0.0
7201,1,313,0.3119999999999896,0.054313099041533544,1720.0,4.19,0.0
7202,0,179,-0.8219999999999998,0.055865921787709494,1720.2,4.19,0.0
7203,8,1246,8.244999999999962,0.05537720706260032,1720.8,4.19,0.0
7204,3,583,2.58199999999996,0.05660377358490566,1721.1,4.19,0.0
7205,2,446,1.444999999999975,0.05605381165919283,1721.4,4.19,0.0
7206,1,339,0.33799999999998676,0.05604719764011799,1721.5,4.19,0.0
7207,2,446,1.444999999999975,0.05605381165919283,1721.8,4.19,0.0
7208,4,713,3.711999999999988,0.056100981767180924,1722.2,4.19,0.0
7209,1,313,0.3119999999999896,0.05750798722044728,1722.3,4.19,0.0
7210,2,455,1.453999999999974,0.05714285714285714,1722.6,4.19,0.0
7211,1,313,0.3119999999999896,0.05750798722044728,1722.8,4.19,0.0
7212,3,585,2.5839999999999597,0.05641025641025641,1723.1,4.19,0.0
7213,0,192,-0.8089999999999998,0.057291666666666664,1723.2,4.19,0.0
7214,7,1114,7.113000000000035,0.05565529622980251,1723.8,4.19,0.0
7215,4,713,3.711999999999988,0.056100981767180924,1724.1,4.19,0.0
7216,1,336,0.3349999999999871,0.05654761904761905,1724.3,4.19,0.0
7217,2,458,1.4569999999999736,0.056768558951965066,1724.6,4.19,0.0
7218,0,184,-0.8169999999999998,0.059782608695652176,1724.7,4.19,0.0
7219,3,579,2.5779999999999603,0.055267702936096716,1725.0,4.19,0.0
7220,5,857,4.856000000000035,0.056009334889148193,1725.4,4.19,0.0
7221,1,313,0.3119999999999896,0.054313099041533544,1725.6,4.19,0.0
7222,2,446,1.444999999999975,0.05605381165919283,1725.8,4.19,0.0
7223,2,459,1.4579999999999735,0.05664488017429194,1726.1,4.19,0.0
7224,0,179,-0.8219999999999998,0.055865921787709494,1726.2,4.19,0.0
7225,4,713,3.711999999999988,0.056100981767180924,1726.6,4.19,0.0
7226,0,190,-0.8109999999999998,0.05789473684210526,1726.7,4.19,0.0
7227,0,179,-0.8219999999999998,0.055865921787709494,1726.8,4.19,0.0
7228,1,313,0.3119999999999896,0.054313099041533544,1726.9,4.19,0.0
7229,1,313,0.3119999999999896,0.05750798722044728,1727.1,4.19,0.0
7230,0,179,-0.8219999999999998,0.055865921787709494,1727.2,4.19,0.0
7231,1,313,0.3119999999999896,0.054313099041533544,1727.3,4.19,0.0
7232,0,184,-0.8169999999999998,0.059782608695652176,1727.4,4.19,0.0
7233,2,446,1.444999999999975,0.05605381165919283,1727.7,4.19,0.0
7234,0,191,-0.8099999999999998,0.05759162303664921,1727.8,4.19,0.0
7235,4,727,3.725999999999993,0.05639614855570839,1728.2,4.19,0.0
7236,1,313,0.3119999999999896,0.054313099041533544,1728.3,4.19,0.0
7237,1,338,0.33699999999998687,0.05621301775147929,1728.5,4.19,0.0
7238,3,579,2.5779999999999603,0.055267702936096716,1728.8,4.19,0.0
7239,2,446,1.444999999999975,0.05605381165919283,1729.1,4.19,0.0
7240,4,713,3.711999999999988,0.056100981767180924,1729.4,4.19,0.0
7241,1,313,0.3119999999999896,0.05750798722044728,1729.6,4.19,0.0
7242,2,446,1.444999999999975,0.053811659192825115,1729.8,4.19,0.0
7243,1,313,0.3119999999999896,0.054313099041533544,1730.0,4.19,0.0
7244,1,314,0.3129999999999895,0.05732484076433121,1730.2,4.19,0.0
7245,4,713,3.711999999999988,0.0546984572230014,1730.6,4.19,0.0
7246,0,179,-0.8219999999999998,0.055865921787709494,1730.7,4.19,0.0
7247,4,730,3.728999999999994,0.056164383561643834,1731.1,4.19,0.0
7248,5,846,4.845000000000032,0.05555555555555555,1731.5,4.19,0.0
7249,2,461,1.4599999999999733,0.05639913232104121,1731.7,4.19,0.0
7250,1,313,0.3119999999999896,0.054313099041533544,1731.9,4.19,0.0
7251,1,317,0.3159999999999892,0.056782334384858045,1732.1,4.19,0.0
7252,5,846,4.845000000000032,0.05555555555555555,1732.5,4.19,0.0
7253,0,184,-0.8169999999999998,0.059782608695652176,1732.6,4.19,0.0
7254,0,190,-0.8109999999999998,0.05789473684210526,1732.7,4.19,0.0
7255,0,186,-0.8149999999999998,0.05913978494623656,1732.8,4.19,0.0
7256,4,713,3.711999999999988,0.056100981767180924,1733.2,4.19,0.0
7257,0,179,-0.8219999999999998,0.055865921787709494,1733.3,4.19,0.0
7258,3,579,2.5779999999999603,0.055267702936096716,1733.6,4.19,0.0
7259,5,846,4.845000000000032,0.05555555555555555,1734.1,4.19,0.0
7260,3,579,2.5779999999999603,0.055267702936096716,1734.4,4.19,0.0
7261,0,179,-0.8219999999999998,0.055865921787709494,1734.5,4.19,0.0
7262,0,186,-0.8149999999999998,0.05913978494623656,1734.6,4.19,0.0
7263,4,713,3.711999999999988,0.056100981767180924,1735.0,4.19,0.0
7264,2,446,1.444999999999975,0.05605381165919283,1735.2,4.19,0.0
7265,7,1113,7.112000000000036,0.055705300988319856,1735.8,4.19,0.0
7266,3,585,2.5839999999999597,0.05641025641025641,1736.1,4.19,0.0
7267,0,195,-0.8059999999999998,0.05641025641025641,1736.2,4.19,0.0
7268,1,341,0.33999999999998654,0.05571847507331378,1736.4,4.19,0.0
7269,3,579,2.5779999999999603,0.055267702936096716,1736.7,4.19,0.0
7270,0,179,-0.8219999999999998,0.055865921787709494,1736.8,4.19,0.0
7271,4,713,3.711999999999988,0.0546984572230014,1737.2,4.19,0.0
7272,1,313,0.3119999999999896,0.05750798722044728,1737.4,4.19,0.0
7273,1,313,0.3119999999999896,0.054313099041533544,1737.6,4.19,0.0
7274,3,589,2.587999999999959,0.05602716468590832,1737.9,4.19,0.0
7275,1,313,0.3119999999999896,0.054313099041533544,1738.0,4.19,0.0
7276,0,183,-0.8179999999999998,0.060109289617486336,1738.1,4.19,0.0
7277,3,579,2.5779999999999603,0.055267702936096716,1738.4,4.19,0.0
7278,2,454,1.452999999999974,0.05726872246696035,1738.7,4.19,0.0
7279,5,846,4.845000000000032,0.05555555555555555,1739.1,4.19,0.0
7280,3,579,2.5779999999999603,0.055267702936096716,1739.4,4.19,0.0
7281,0,179,-0.8219999999999998,0.055865921787709494,1739.5,4.19,0.0
7282,0,179,-0.8219999999999998,0.055865921787709494,1739.6,4.19,0.0
7283,2,446,1.444999999999975,0.05605381165919283,1739.9,4.19,0.0
7284,6,979,5.978000000000075,0.05515832482124617,1740.4,4.19,0.0
7285,1,313,0.3119999999999896,0.054313099041533544,1740.6,4.19,0.0
7286,0,186,-0.8149999999999998,0.05913978494623656,1740.7,4.19,0.0
7287,0,179,-0.8219999999999998,0.055865921787709494,1740.8,4.19,0.0
7288,3,591,2.589999999999959,0.05583756345177665,1741.1,4.19,0.0
7289,2,446,1.444999999999975,0.05605381165919283,1741.3,4.19,0.0
7290,0,179,-0.8219999999999998,0.055865921787709494,1741.4,4.19,0.0
7291,0,179,-0.8219999999999998,0.055865921787709494,1741.5,4.19,0.0
7292,0,179,-0.8219999999999998,0.055865921787709494,1741.6,4.19,0.0
7293,1,313,0.3119999999999896,0.054313099041533544,1741.8,4.19,0.0
7294,2,457,1.4559999999999738,0.05689277899343545,1742.0,4.19,0.0
7295,0,188,-0.8129999999999998,0.05851063829787234,1742.1,4.19,0.0
7296,3,582,2.58099999999996,0.05670103092783505,1742.4,4.19,0.0
7297,0,179,-0.8219999999999998,0.055865921787709494,1742.5,4.19,0.0
7298,6,1003,6.002000000000083,0.05583250249252243,1743.1,4.19,0.0
7299,0,179,-0.8219999999999998,0.055865921787709494,1743.2,4.19,0.0
7300,5,854,4.853000000000034,0.05620608899297424,1743.6,4.19,0.0
7301,0,179,-0.8219999999999998,0.055865921787709494,1743.7,4.19,0.0
7302,0,188,-0.8129999999999998,0.05851063829787234,1743.8,4.19,0.0
7303,3,591,2.589999999999959,0.05583756345177665,1744.1,4.19,0.0
7304,1,313,0.3119999999999896,0.05750798722044728,1744.3,4.19,0.0
7305,2,455,1.453999999999974,0.05714285714285714,1744.5,4.19,0.0
7306,6,979,5.978000000000075,0.05515832482124617,1745.1,4.19,0.0
7307,2,452,1.4509999999999743,0.05752212389380531,1745.3,4.19,0.0
7308,1,313,0.3119999999999896,0.05750798722044728,1745.5,4.19,0.0
7309,1,317,0.3159999999999892,0.056782334384858045,1745.6,4.19,0.0
7310,1,313,0.3119999999999896,0.054313099041533544,1745.8,4.19,0.0
7311,4,727,3.725999999999993,0.05639614855570839,1746.2,4.19,0.0
7312,0,184,-0.8169999999999998,0.059782608695652176,1746.3,4.19,0.0
7313,0,179,-0.8219999999999998,0.055865921787709494,1746.4,4.19,0.0
7314,0,179,-0.8219999999999998,0.055865921787709494,1746.5,4.19,0.0
7315,0,185,-0.8159999999999998,0.05945945945945946,1746.6,4.19,0.0
7316,3,593,2.591999999999959,0.05564924114671164,1746.9,4.19,0.0
7317,1,336,0.3349999999999871,0.05654761904761905,1747.1,4.19,0.0
7318,3,610,2.608999999999957,0.05573770491803279,1747.4,4.19,0.0
7319,1,314,0.3129999999999895,0.05732484076433121,1747.6,4.19,0.0
7320,2,465,1.4639999999999729,0.05591397849462366,1747.8,4.19,0.0
7321,0,179,-0.8219999999999998,0.055865921787709494,1747.9,4.19,0.0
7322,2,456,1.4549999999999739,0.05701754385964912,1748.2,4.19,0.0
7323,0,179,-0.8219999999999998,0.055865921787709494,1748.3,4.19,0.0
7324,1,313,0.3119999999999896,0.054313099041533544,1748.4,4.19,0.0
7325,0,179,-0.8219999999999998,0.055865921787709494,1748.5,4.19,0.0
7326,0,188,-0.8129999999999998,0.05851063829787234,1748.6,4.19,0.0
7327,0,190,-0.8109999999999998,0.05789473684210526,1748.7,4.19,0.0
7328,4,713,3.711999999999988,0.056100981767180924,1749.1,4.19,0.0
7329,3,583,2.58199999999996,0.05660377358490566,1749.4,4.19,0.0
7330,1,321,0.31999999999998874,0.056074766355140186,1749.6,4.19,0.0
7331,0,184,-0.8169999999999998,0.059782608695652176,1749.7,4.19,0.0
7332,4,713,3.711999999999988,0.056100981767180924,1750.1,4.19,0.0
7333,0,179,-0.8219999999999998,0.055865921787709494,1750.2,4.19,0.0
7334,0,179,-0.8219999999999998,0.055865921787709494,1750.3,4.19,0.0
7335,0,179,-0.8219999999999998,0.055865921787709494,1750.4,4.19,0.0
7336,6,979,5.978000000000075,0.05515832482124617,1750.9,4.19,0.0
7337,4,717,3.7159999999999895,0.05578800557880056,1751.3,4.19,0.0
7338,6,979,5.978000000000075,0.056179775280898875,1751.8,4.19,0.0
7339,3,579,2.5779999999999603,0.055267702936096716,1752.1,4.19,0.0
7340,1,320,0.31899999999998885,0.05625,1752.3,4.19,0.0
7341,2,446,1.444999999999975,0.05605381165919283,1752.5,4.19,0.0
7342,6,979,5.978000000000075,0.05515832482124617,1753.0,4.19,0.0
7343,1,313,0.3119999999999896,0.05750798722044728,1753.2,4.19,0.0
7344,3,588,2.5869999999999593,0.05612244897959184,1753.5,4.19,0.0
7345,0,179,-0.8219999999999998,0.055865921787709494,1753.6,4.19,0.0
7346,0,179,-0.8219999999999998,0.055865921787709494,1753.7,4.19,0.0
7347,1,314,0.3129999999999895,0.05732484076433121,1753.9,4.19,0.0
7348,7,1113,7.112000000000036,0.055705300988319856,1754.5,4.19,0.0
7349,4,731,3.729999999999994,0.0560875512995896,1754.8,4.19,0.0
7350,1,335,0.3339999999999872,0.056716417910447764,1755.0,4.19,0.0
7351,2,446,1.444999999999975,0.05605381165919283,1755.3,4.19,0.0
7352,11,1646,11.64499999999974,0.05589307411907655,1756.2,4.19,0.0
7353,1,313,0.3119999999999896,0.054313099041533544,1756.3,4.19,0.0
7354,1,319,0.31799999999998896,0.05642633228840126,1756.5,4.19,0.0
7355,6,979,5.978000000000075,0.05515832482124617,1757.0,4.19,0.0
7356,1,313,0.3119999999999896,0.054313099041533544,1757.2,4.19,0.0
7357,5,846,4.845000000000032,0.05555555555555555,1757.6,4.19,0.0
7358,1,313,0.3119999999999896,0.054313099041533544,1757.8,4.19,0.0
7359,0,179,-0.8219999999999998,0.055865921787709494,1757.9,4.19,0.0
7360,0,190,-0.8109999999999998,0.05789473684210526,1758.0,4.19,0.0
7361,2,453,1.4519999999999742,0.05739514348785872,1758.3,4.19,0.0
7362,8,1251,8.24999999999996,0.055955235811350916,1758.9,4.19,0.0
7363,5,852,4.851000000000034,0.056338028169014086,1759.4,4.19,0.0
7364,2,447,1.4459999999999749,0.05592841163310962,1759.6,4.19,0.0
7365,4,713,3.711999999999988,0.056100981767180924,1760.0,4.19,0.0
7366,3,583,2.58199999999996,0.05660377358490566,1760.3,4.19,0.0
7367,3,600,2.598999999999958,0.056666666666666664,1760.6,4.18,0.0
7368,1,313,0.3119999999999896,0.054313099041533544,1760.8,4.19,0.0
7369,0,179,-0.8219999999999998,0.055865921787709494,1760.9,4.19,0.0
7370,0,179,-0.8219999999999998,0.055865921787709494,1761.0,4.19,0.0
7371,3,579,2.5779999999999603,0.055267702936096716,1761.3,4.19,0.0
7372,1,313,0.3119999999999896,0.05750798722044728,1761.5,4.19,0.0
7373,3,579,2.5779999999999603,0.055267702936096716,1761.8,4.19,0.0
7374,1,313,0.3119999999999896,0.05750798722044728,1762.0,4.19,0.0
7375,2,446,1.444999999999975,0.05605381165919283,1762.2,4.19,0.0
7376,0,179,-0.8219999999999998,0.055865921787709494,1762.3,4.19,0.0
7377,1,313,0.3119999999999896,0.054313099041533544,1762.5,4.19,0.0
7378,0,195,-0.8059999999999998,0.05641025641025641,1762.6,4.19,0.0
7379,0,186,-0.8149999999999998,0.05913978494623656,1762.7,4.19,0.0
7380,3,588,2.5869999999999593,0.05612244897959184,1763.0,4.19,0.0
7381,3,590,2.588999999999959,0.05593220338983051,1763.3,4.19,0.0
7382,2,457,1.4559999999999738,0.05689277899343545,1763.5,4.19,0.0
7383,5,846,4.845000000000032,0.05555555555555555,1764.0,4.19,0.0
7384,1,335,0.3339999999999872,0.056716417910447764,1764.2,4.19,0.0
7385,1,313,0.3119999999999896,0.05750798722044728,1764.3,4.19,0.0
7386,0,179,-0.8219999999999998,0.055865921787709494,1764.4,4.19,0.0
7387,0,179,-0.8219999999999998,0.055865921787709494,1764.5,4.19,0.0
7388,1,313,0.3119999999999896,0.054313099041533544,1764.7,4.19,0.0
7389,2,446,1.444999999999975,0.053811659192825115,1764.9,4.19,0.0
7390,0,179,-0.8219999999999998,0.055865921787709494,1765.0,4.19,0.0
7391,2,446,1.444999999999975,0.05605381165919283,1765.3,4.19,0.0
7392,2,480,1.4789999999999712,0.05625,1765.5,4.19,0.0
7393,8,1246,8.244999999999962,0.05537720706260032,1766.2,4.19,0.0
7394,1,313,0.3119999999999896,0.054313099041533544,1766.3,4.19,0.0
7395,1,313,0.3119999999999896,0.05750798722044728,1766.5,4.19,0.0
7396,6,979,5.978000000000075,0.056179775280898875,1767.0,4.19,0.0
7397,5,846,4.845000000000032,0.05555555555555555,1767.5,4.19,0.0
7398,3,579,2.5779999999999603,0.055267702936096716,1767.8,4.19,0.0
7399,1,313,0.3119999999999896,0.054313099041533544,1768.0,4.19,0.0
7400,0,179,-0.8219999999999998,0.055865921787709494,1768.1,4.19,0.0
7401,0,179,-0.8219999999999998,0.055865921787709494,1768.2,4.19,0.0
7402,2,446,1.444999999999975,0.05605381165919283,1768.4,4.19,0.0
7403,2,456,1.4549999999999739,0.05701754385964912,1768.6,4.19,0.0
7404,0,179,-0.8219999999999998,0.055865921787709494,1768.7,4.19,0.0
7405,6,983,5.982000000000077,0.05595116988809766,1769.3,4.19,0.0
7406,1,313,0.3119999999999896,0.054313099041533544,1769.4,4.19,0.0
7407,0,179,-0.8219999999999998,0.055865921787709494,1769.5,4.19,0.0
7408,4,737,3.735999999999996,0.05563093622795115,1769.9,4.19,0.0
7409,5,846,4.845000000000032,0.05555555555555555,1770.4,4.19,0.0
7410,1,313,0.3119999999999896,0.054313099041533544,1770.6,4.19,0.0
7411,3,579,2.5779999999999603,0.05699481865284974,1770.9,4.19,0.0
7412,2,446,1.444999999999975,0.05605381165919283,1771.1,4.19,0.0
7413,0,179,-0.8219999999999998,0.055865921787709494,1771.2,4.19,0.0
7414,0,186,-0.8149999999999998,0.05913978494623656,1771.3,4.19,0.0
7415,0,185,-0.8159999999999998,0.05945945945945946,1771.4,4.19,0.0
7416,1,315,0.3139999999999894,0.05714285714285714,1771.6,4.19,0.0
7417,2,446,1.444999999999975,0.053811659192825115,1771.8,4.19,0.0
7418,1,336,0.3349999999999871,0.05654761904761905,1772.0,4.19,0.0
7419,2,446,1.444999999999975,0.05605381165919283,1772.2,4.19,0.0
7420,0,179,-0.8219999999999998,0.055865921787709494,1772.3,4.19,0.0
7421,1,338,0.33699999999998687,0.05621301775147929,1772.5,4.19,0.0
7422,0,179,-0.8219999999999998,0.055865921787709494,1772.6,4.19,0.0
7423,1,318,0.31699999999998907,0.05660377358490566,1772.8,4.19,0.0
7424,1,320,0.31899999999998885,0.05625,1772.9,4.19,0.0
7425,4,713,3.711999999999988,0.056100981767180924,1773.3,4.19,0.0
7426,4,736,3.734999999999996,0.05570652173913043,1773.7,4.19,0.0
7427,3,579,2.5779999999999603,0.055267702936096716,1774.0,4.19,0.0
7428,1,317,0.3159999999999892,0.056782334384858045,1774.2,4.19,0.0
7429,3,609,2.607999999999957,0.05582922824302135,1774.5,4.19,0.0
7430,0,192,-0.8089999999999998,0.057291666666666664,1774.6,4.19,0.0
7431,0,179,-0.8219999999999998,0.055865921787709494,1774.7,4.19,0.0
7432,0,192,-0.8089999999999998,0.057291666666666664,1774.8,4.19,0.0
7433,1,313,0.3119999999999896,0.054313099041533544,1775.0,4.19,0.0
7434,1,313,0.3119999999999896,0.05750798722044728,1775.1,4.19,0.0
7435,3,579,2.5779999999999603,0.055267702936096716,1775.4,4.19,0.0
7436,4,713,3.711999999999988,0.056100981767180924,1775.8,4.19,0.0
7437,0,179,-0.8219999999999998,0.055865921787709494,1775.9,4.19,0.0
7438,0,179,-0.8219999999999998,0.055865921787709494,1776.0,4.19,0.0
7439,5,846,4.845000000000032,0.05555555555555555,1776.5,4.19,0.0
7440,4,713,3.711999999999988,0.0546984572230014,1776.9,4.19,0.0
7441,5,846,4.845000000000032,0.054373522458628844,1777.3,4.19,0.0
7442,0,193,-0.8079999999999998,0.05699481865284974,1777.4,4.19,0.0
7443,6,979,5.978000000000075,0.056179775280898875,1777.9,4.19,0.0
7444,2,446,1.444999999999975,0.053811659192825115,1778.2,4.19,0.0
7445,3,579,2.5779999999999603,0.055267702936096716,1778.5,4.19,0.0
7446,3,579,2.5779999999999603,0.055267702936096716,1778.8,4.19,0.0
7447,2,446,1.444999999999975,0.05605381165919283,1779.0,4.19,0.0
7448,7,1113,7.112000000000036,0.055705300988319856,1779.6,4.19,0.0
7449,0,184,-0.8169999999999998,0.059782608695652176,1779.7,4.19,0.0
7450,1,313,0.3119999999999896,0.054313099041533544,1779.9,4.19,0.0
7451,1,313,0.3119999999999896,0.054313099041533544,1780.0,4.19,0.0
7452,4,718,3.71699999999999,0.055710306406685235,1780.4,4.19,0.0
7453,6,979,5.978000000000075,0.05515832482124617,1780.9,4.19,0.0
7454,1,320,0.31899999999998885,0.05625,1781.1,4.19,0.0
7455,0,179,-0.8219999999999998,0.055865921787709494,1781.2,4.19,0.0
7456,0,179,-0.8219999999999998,0.055865921787709494,1781.3,4.19,0.0
7457,0,189,-0.8119999999999998,0.0582010582010582,1781.4,4.19,0.0
7458,2,458,1.4569999999999736,0.056768558951965066,1781.7,4.19,0.0
7459,0,179,-0.8219999999999998,0.055865921787709494,1781.8,4.19,0.0
7460,0,179,-0.8219999999999998,0.055865921787709494,1781.9,4.19,0.0
7461,9,1389,9.387999999999883,0.056155507559395246,1782.6,4.19,0.0
7462,0,179,-0.8219999999999998,0.055865921787709494,1782.7,4.19,0.0
7463,1,313,0.3119999999999896,0.05750798722044728,1782.9,4.19,0.0
7464,4,728,3.726999999999993,0.05631868131868132,1783.3,4.19,0.0
7465,3,585,2.5839999999999597,0.05641025641025641,1783.6,4.19,0.0
7466,0,179,-0.8219999999999998,0.055865921787709494,1783.7,4.19,0.0
7467,2,465,1.4639999999999729,0.05591397849462366,1783.9,4.19,0.0
7468,1,313,0.3119999999999896,0.054313099041533544,1784.1,4.19,0.0
7469,1,316,0.3149999999999893,0.056962025316455694,1784.2,4.19,0.0
7470,1,318,0.31699999999998907,0.05660377358490566,1784.4,4.19,0.0
7471,1,313,0.3119999999999896,0.054313099041533544,1784.6,4.19,0.0
7472,2,446,1.444999999999975,0.05605381165919283,1784.8,4.19,0.0
7473,1,313,0.3119999999999896,0.054313099041533544,1785.0,4.19,0.0
7474,3,579,2.5779999999999603,0.055267702936096716,1785.3,4.19,0.0
7475,1,313,0.3119999999999896,0.054313099041533544,1785.4,4.19,0.0
7476,0,179,-0.8219999999999998,0.055865921787709494,1785.5,4.19,0.0
7477,0,193,-0.8079999999999998,0.05699481865284974,1785.6,4.19,0.0
7478,4,728,3.726999999999993,0.05631868131868132,1786.0,4.19,0.0
7479,1,336,0.3349999999999871,0.05654761904761905,1786.2,4.19,0.0
7480,3,579,2.5779999999999603,0.055267702936096716,1786.5,4.19,0.0
7481,0,190,-0.8109999999999998,0.05789473684210526,1786.6,4.19,0.0
7482,0,182,-0.8189999999999998,0.06043956043956044,1786.7,4.19,0.0
7483,0,179,-0.8219999999999998,0.055865921787709494,1786.8,4.19,0.0
7484,3,579,2.5779999999999603,0.055267702936096716,1787.1,4.19,0.0
7485,1,334,0.3329999999999873,0.05688622754491018,1787.3,4.19,0.0
7486,0,183,-0.8179999999999998,0.060109289617486336,1787.4,4.19,0.0
7487,2,462,1.4609999999999732,0.05627705627705628,1787.6,4.19,0.0
7488,3,609,2.607999999999957,0.05582922824302135,1788.0,4.19,0.0
7489,1,313,0.3119999999999896,0.05750798722044728,1788.1,4.19,0.0
7490,2,463,1.461999999999973,0.056155507559395246,1788.4,4.19,0.0
7491,7,1113,7.112000000000036,0.055705300988319856,1789.0,4.19,0.0
7492,8,1246,8.244999999999962,0.056179775280898875,1789.6,4.19,0.0
7493,4,713,3.711999999999988,0.056100981767180924,1790.0,4.19,0.0
7494,5,846,4.845000000000032,0.05555555555555555,1790.5,4.19,0.0
7495,2,446,1.444999999999975,0.05605381165919283,1790.7,4.19,0.0
7496,5,846,4.845000000000032,0.05555555555555555,1791.1,4.19,0.0
7497,0,179,-0.8219999999999998,0.055865921787709494,1791.2,4.19,0.0
7498,2,446,1.444999999999975,0.05605381165919283,1791.5,4.19,0.0
7499,2,446,1.444999999999975,0.05605381165919283,1791.7,4.19,0.0
7500,1,313,0.3119999999999896,0.05750798722044728,1791.9,4.19,0.0
7501,1,313,0.3119999999999896,0.05750798722044728,1795.2,4.18,0.0
7502,0,179,-0.8219999999999998,0.055865921787709494,1795.3,4.18,0.0
7503,1,313,0.3119999999999896,0.05750798722044728,1795.4,4.18,0.0
7504,2,466,1.4649999999999728,0.055793991416309016,1795.7,4.18,0.0
7505,3,579,2.5779999999999603,0.055267702936096716,1796.0,4.18,0.0
7506,0,179,-0.8219999999999998,0.055865921787709494,1796.1,4.18,0.0
7507,0,179,-0.8219999999999998,0.055865921787709494,1796.2,4.18,0.0
7508,0,190,-0.8109999999999998,0.05789473684210526,1796.3,4.18,0.0
7509,0,183,-0.8179999999999998,0.060109289617486336,1796.4,4.18,0.0
7510,6,980,5.979000000000076,0.05612244897959184,1796.9,4.18,0.0
7511,3,579,2.5779999999999603,0.05699481865284974,1797.2,4.18,0.0
7512,0,179,-0.8219999999999998,0.055865921787709494,1797.3,4.18,0.0
7513,0,179,-0.8219999999999998,0.055865921787709494,1797.4,4.18,0.0
7514,3,579,2.5779999999999603,0.055267702936096716,1797.7,4.18,0.0
7515,2,446,1.444999999999975,0.05605381165919283,1797.9,4.18,0.0
7516,1,317,0.3159999999999892,0.056782334384858045,1798.1,4.18,0.0
7517,2,446,1.444999999999975,0.05605381165919283,1798.4,4.18,0.0
7518,0,179,-0.8219999999999998,0.055865921787709494,1798.5,4.18,0.0
7519,2,446,1.444999999999975,0.05605381165919283,1798.7,4.18,0.0
7520,2,446,1.444999999999975,0.05605381165919283,1798.9,4.18,0.0
7521,2,457,1.4559999999999738,0.05689277899343545,1799.1,4.18,0.0
7522,0,189,-0.8119999999999998,0.0582010582010582,1799.2,4.18,0.0
7523,1,313,0.3119999999999896,0.054313099041533544,1799.4,4.18,0.0
7524,1,316,0.3149999999999893,0.056962025316455694,1799.6,4.18,0.0
7525,8,1249,8.24799999999996,0.05604483586869496,1800.2,4.18,0.0
7526,2,446,1.444999999999975,0.05605381165919283,1800.5,4.18,0.0
7527,0,179,-0.8219999999999998,0.055865921787709494,1800.6,4.18,0.0
7528,2,446,1.444999999999975,0.053811659192825115,1800.8,4.18,0.0
7529,2,446,1.444999999999975,0.05605381165919283,1801.1,4.18,0.0
7530,1,313,0.3119999999999896,0.054313099041533544,1801.2,4.18,0.0
7531,3,579,2.5779999999999603,0.055267702936096716,1801.5,4.18,0.0
7532,5,861,4.860000000000037,0.05574912891986063,1802.0,4.18,0.0
7533,3,590,2.588999999999959,0.05593220338983051,1802.3,4.18,0.0
7534,2,446,1.444999999999975,0.05605381165919283,1802.6,4.18,0.0
7535,2,459,1.4579999999999735,0.05664488017429194,1802.8,4.18,0.0
7536,0,179,-0.8219999999999998,0.055865921787709494,1802.9,4.18,0.0
7537,1,313,0.3119999999999896,0.054313099041533544,1803.1,4.18,0.0
7538,1,313,0.3119999999999896,0.054313099041533544,1803.2,4.18,0.0
7539,1,313,0.3119999999999896,0.05750798722044728,1803.4,4.18,0.0
7540,1,335,0.3339999999999872,0.056716417910447764,1803.6,4.18,0.0
7541,2,456,1.4549999999999739,0.05701754385964912,1803.8,4.18,0.0
7542,3,590,2.588999999999959,0.05593220338983051,1804.1,4.18,0.0
7543,2,446,1.444999999999975,0.05605381165919283,1804.4,4.18,0.0
7544,3,587,2.5859999999999594,0.056218057921635436,1804.7,4.18,0.0
7545,0,179,-0.8219999999999998,0.055865921787709494,1804.8,4.18,0.0
7546,1,313,0.3119999999999896,0.05750798722044728,1804.9,4.18,0.0
7547,5,846,4.845000000000032,0.05555555555555555,1805.4,4.18,0.0
7548,2,447,1.4459999999999749,0.05592841163310962,1805.6,4.18,0.0
7549,4,713,3.711999999999988,0.056100981767180924,1806.0,4.18,0.0
7550,1,313,0.3119999999999896,0.05750798722044728,1806.2,4.18,0.0
7551,0,179,-0.8219999999999998,0.055865921787709494,1806.3,4.18,0.0
7552,4,729,3.7279999999999935,0.056241426611796985,1806.7,4.18,0.0
7553,1,322,0.32099999999998863,0.055900621118012424,1806.8,4.18,0.0
7554,2,446,1.444999999999975,0.053811659192825115,1807.1,4.18,0.0
7555,2,446,1.444999999999975,0.05605381165919283,1807.3,4.18,0.0
7556,0,184,-0.8169999999999998,0.059782608695652176,1807.4,4.18,0.0
7557,0,192,-0.8089999999999998,0.057291666666666664,1807.5,4.18,0.0
7558,0,187,-0.8139999999999998,0.058823529411764705,1807.6,4.18,0.0
7559,0,179,-0.8219999999999998,0.055865921787709494,1807.7,4.18,0.0
7560,9,1379,9.377999999999888,0.05583756345177665,1808.5,4.18,0.0
7561,0,197,-0.8039999999999998,0.05583756345177665,1808.6,4.18,0.0
7562,0,179,-0.8219999999999998,0.055865921787709494,1808.6,4.18,0.0
7563,1,320,0.31899999999998885,0.05625,1808.8,4.18,0.0
7564,2,457,1.4559999999999738,0.05689277899343545,1809.1,4.18,0.0
7565,3,590,2.588999999999959,0.05593220338983051,1809.4,4.18,0.0
7566,0,188,-0.8129999999999998,0.05851063829787234,1809.5,4.18,0.0
7567,0,179,-0.8219999999999998,0.05027932960893855,1809.6,4.18,0.0
7568,1,313,0.3119999999999896,0.054313099041533544,1809.7,4.18,0.0
7569,4,713,3.711999999999988,0.056100981767180924,1810.1,4.18,0.0
7570,1,313,0.3119999999999896,0.054313099041533544,1810.3,4.18,0.0
7571,0,179,-0.8219999999999998,0.055865921787709494,1810.4,4.18,0.0
7572,4,713,3.711999999999988,0.0546984572230014,1810.8,4.18,0.0
7573,0,179,-0.8219999999999998,0.055865921787709494,1810.9,4.18,0.0
7574,4,729,3.7279999999999935,0.056241426611796985,1811.2,4.18,0.0
7575,1,313,0.3119999999999896,0.05750798722044728,1811.4,4.18,0.0
7576,1,318,0.31699999999998907,0.05660377358490566,1811.6,4.18,0.0
7577,0,179,-0.8219999999999998,0.055865921787709494,1811.7,4.18,0.0
7578,0,179,-0.8219999999999998,0.055865921787709494,1811.8,4.18,0.0
7579,5,846,4.845000000000032,0.05555555555555555,1812.2,4.18,0.0
7580,10,1513,10.511999999999814,0.05551883674818242,1813.0,4.18,0.0
7581,2,454,1.452999999999974,0.05726872246696035,1813.2,4.18,0.0
7582,3,579,2.5779999999999603,0.055267702936096716,1813.6,4.18,0.0
7583,4,718,3.71699999999999,0.055710306406685235,1814.0,4.18,0.0
7584,0,179,-0.8219999999999998,0.055865921787709494,1814.1,4.18,0.0
7585,3,579,2.5779999999999603,0.055267702936096716,1814.4,4.18,0.0
7586,1,313,0.3119999999999896,0.054313099041533544,1814.5,4.18,0.0
7587,2,446,1.444999999999975,0.05605381165919283,1814.8,4.18,0.0
7588,0,186,-0.8149999999999998,0.05913978494623656,1814.9,4.18,0.0
7589,3,579,2.5779999999999603,0.055267702936096716,1815.2,4.18,0.0
7590,1,313,0.3119999999999896,0.05750798722044728,1815.3,4.18,0.0
7591,2,453,1.4519999999999742,0.05739514348785872,1815.6,4.18,0.0
7592,1,313,0.3119999999999896,0.054313099041533544,1815.8,4.18,0.0
7593,0,179,-0.8219999999999998,0.055865921787709494,1815.9,4.18,0.0
7594,0,187,-0.8139999999999998,0.058823529411764705,1816.0,4.18,0.0
7595,4,713,3.711999999999988,0.0546984572230014,1816.3,4.18,0.0
7596,5,846,4.845000000000032,0.05555555555555555,1816.8,4.18,0.0
7597,1,321,0.31999999999998874,0.056074766355140186,1817.0,4.18,0.0
7598,0,179,-0.8219999999999998,0.055865921787709494,1817.1,4.18,0.0
7599,6,979,5.978000000000075,0.056179775280898875,1817.6,4.18,0.0
7600,0,179,-0.8219999999999998,0.055865921787709494,1817.7,4.18,0.0
7601,0,179,-0.8219999999999998,0.055865921787709494,1817.8,4.18,0.0
7602,4,735,3.7339999999999955,0.055782312925170066,1818.2,4.18,0.0
7603,3,579,2.5779999999999603,0.055267702936096716,1818.5,4.18,0.0
7604,1,313,0.3119999999999896,0.05750798722044728,1818.7,4.18,0.0
7605,6,979,5.978000000000075,0.05515832482124617,1819.2,4.18,0.0
7606,1,338,0.33699999999998687,0.05621301775147929,1819.4,4.18,0.0
7607,3,609,2.607999999999957,0.05582922824302135,1819.7,4.18,0.0
7608,2,446,1.444999999999975,0.05605381165919283,1819.9,4.18,0.0
7609,1,335,0.3339999999999872,0.056716417910447764,1820.1,4.18,0.0
7610,3,579,2.5779999999999603,0.055267702936096716,1820.5,4.18,0.0
7611,1,313,0.3119999999999896,0.05750798722044728,1820.6,4.18,0.0
7612,5,852,4.851000000000034,0.056338028169014086,1821.1,4.18,0.0
7613,0,195,-0.8059999999999998,0.05641025641025641,1821.2,4.18,0.0
7614,3,579,2.5779999999999603,0.055267702936096716,1821.5,4.18,0.0
7615,2,453,1.4519999999999742,0.05739514348785872,1821.7,4.18,0.0
7616,0,186,-0.8149999999999998,0.05913978494623656,1821.8,4.18,0.0
7617,2,446,1.444999999999975,0.05605381165919283,1822.0,4.18,0.0
7618,0,179,-0.8219999999999998,0.055865921787709494,1822.1,4.18,0.0
7619,3,610,2.608999999999957,0.05573770491803279,1822.5,4.18,0.0
7620,6,979,5.978000000000075,0.056179775280898875,1823.0,4.18,0.0
7621,2,463,1.461999999999973,0.056155507559395246,1823.2,4.18,0.0
7622,0,179,-0.8219999999999998,0.055865921787709494,1823.3,4.18,0.0
7623,0,179,-0.8219999999999998,0.055865921787709494,1823.4,4.18,0.0
7624,0,179,-0.8219999999999998,0.055865921787709494,1823.5,4.18,0.0
7625,0,179,-0.8219999999999998,0.05027932960893855,1823.6,4.18,0.0
7626,0,179,-0.8219999999999998,0.055865921787709494,1823.7,4.18,0.0
7627,2,446,1.444999999999975,0.05605381165919283,1823.9,4.18,0.0
7628,1,313,0.3119999999999896,0.05750798722044728,1824.1,4.18,0.0
7629,2,446,1.444999999999975,0.05605381165919283,1824.3,4.18,0.0
7630,0,179,-0.8219999999999998,0.055865921787709494,1824.4,4.18,0.0
7631,3,579,2.5779999999999603,0.055267702936096716,1824.8,4.18,0.0
7632,1,313,0.3119999999999896,0.054313099041533544,1824.9,4.18,0.0
7633,3,579,2.5779999999999603,0.055267702936096716,1825.2,4.18,0.0
7634,0,187,-0.8139999999999998,0.058823529411764705,1825.3,4.18,0.0
7635,2,446,1.444999999999975,0.05605381165919283,1825.6,4.18,0.0
7636,2,446,1.444999999999975,0.05605381165919283,1825.8,4.18,0.0
7637,3,610,2.608999999999957,0.05573770491803279,1826.1,4.18,0.0
7638,2,446,1.444999999999975,0.05605381165919283,1826.3,4.18,0.0
7639,0,179,-0.8219999999999998,0.055865921787709494,1826.4,4.18,0.0
7640,1,313,0.3119999999999896,0.05750798722044728,1826.6,4.18,0.0
7641,3,587,2.5859999999999594,0.056218057921635436,1826.9,4.18,0.0
7642,0,179,-0.8219999999999998,0.055865921787709494,1827.0,4.18,0.0
7643,0,179,-0.8219999999999998,0.055865921787709494,1827.1,4.18,0.0
7644,0,187,-0.8139999999999998,0.058823529411764705,1827.2,4.18,0.0
7645,1,333,0.3319999999999874,0.057057057057057055,1827.4,4.18,0.0
7646,2,446,1.444999999999975,0.05605381165919283,1827.6,4.18,0.0
7647,3,579,2.5779999999999603,0.055267702936096716,1827.9,4.18,0.0
7648,0,179,-0.8219999999999998,0.055865921787709494,1828.0,4.18,0.0
7649,4,713,3.711999999999988,0.0546984572230014,1828.4,4.18,0.0
7650,0,183,-0.8179999999999998,0.060109289617486336,1828.5,4.18,0.0
7651,5,846,4.845000000000032,0.05555555555555555,1828.9,4.18,0.0
7652,0,179,-0.8219999999999998,0.055865921787709494,1829.0,4.18,0.0
7653,0,191,-0.8099999999999998,0.05759162303664921,1829.1,4.18,0.0
7654,3,610,2.608999999999957,0.05573770491803279,1829.4,4.18,0.0
7655,2,446,1.444999999999975,0.05605381165919283,1829.7,4.18,0.0
7656,0,179,-0.8219999999999998,0.055865921787709494,1829.8,4.18,0.0
7657,5,846,4.845000000000032,0.05555555555555555,1830.2,4.18,0.0
7658,0,186,-0.8149999999999998,0.05913978494623656,1830.3,4.18,0.0
7659,1,320,0.31899999999998885,0.05625,1830.5,4.18,0.0
7660,4,714,3.7129999999999885,0.056022408963585436,1830.9,4.18,0.0
7661,3,609,2.607999999999957,0.05582922824302135,1831.2,4.18,0.0
7662,5,846,4.845000000000032,0.05555555555555555,1831.7,4.18,0.0
7663,1,335,0.3339999999999872,0.056716417910447764,1831.8,4.18,0.0
7664,4,737,3.735999999999996,0.05563093622795115,1832.2,4.18,0.0
7665,6,979,5.978000000000075,0.056179775280898875,1832.8,4.18,0.0
7666,2,446,1.444999999999975,0.05605381165919283,1833.0,4.18,0.0
7667,3,589,2.587999999999959,0.05602716468590832,1833.3,4.18,0.0
7668,0,179,-0.8219999999999998,0.055865921787709494,1833.4,4.18,0.0
7669,1,313,0.3119999999999896,0.05750798722044728,1833.6,4.18,0.0
7670,3,585,2.5839999999999597,0.05641025641025641,1833.9,4.18,0.0
7671,0,179,-0.8219999999999998,0.055865921787709494,1834.0,4.18,0.0
7672,0,179,-0.8219999999999998,0.055865921787709494,1834.0,4.18,0.0
7673,0,184,-0.8169999999999998,0.059782608695652176,1834.1,4.18,0.0
7674,6,979,5.978000000000075,0.05515832482124617,1834.7,4.18,0.0
7675,0,179,-0.8219999999999998,0.055865921787709494,1834.8,4.18,0.0
7676,7,1113,7.112000000000036,0.055705300988319856,1835.3,4.18,0.0
7677,0,179,-0.8219999999999998,0.055865921787709494,1835.5,4.18,0.0
7678,0,186,-0.8149999999999998,0.05913978494623656,1835.5,4.18,0.0
7679,3,579,2.5779999999999603,0.055267702936096716,1835.9,4.18,0.0
7680,0,189,-0.8119999999999998,0.0582010582010582,1836.0,4.18,0.0
7681,2,446,1.444999999999975,0.05605381165919283,1836.2,4.18,0.0
7682,7,1113,7.112000000000036,0.055705300988319856,1836.8,4.18,0.0
7683,2,446,1.444999999999975,0.05605381165919283,1837.0,4.18,0.0
7684,1,313,0.3119999999999896,0.05750798722044728,1837.2,4.18,0.0
7685,1,313,0.3119999999999896,0.05750798722044728,1837.4,4.18,0.0
7686,0,179,-0.8219999999999998,0.055865921787709494,1837.5,4.18,0.0
7687,1,335,0.3339999999999872,0.056716417910447764,1837.6,4.18,0.0
7688,2,454,1.452999999999974,0.05726872246696035,1837.9,4.18,0.0
7689,2,446,1.444999999999975,0.05605381165919283,1838.1,4.18,0.0
7690,1,313,0.3119999999999896,0.054313099041533544,1838.3,4.18,0.0
7691,3,587,2.5859999999999594,0.056218057921635436,1838.6,4.18,0.0
7692,4,713,3.711999999999988,0.056100981767180924,1839.0,4.18,0.0
7693,2,446,1.444999999999975,0.053811659192825115,1839.2,4.18,0.0
7694,0,179,-0.8219999999999998,0.055865921787709494,1839.3,4.18,0.0
7695,2,446,1.444999999999975,0.05605381165919283,1839.5,4.18,0.0
7696,0,179,-0.8219999999999998,0.055865921787709494,1839.6,4.18,0.0
7697,0,179,-0.8219999999999998,0.055865921787709494,1839.7,4.18,0.0
7698,1,313,0.3119999999999896,0.054313099041533544,1839.9,4.18,0.0
7699,0,186,-0.8149999999999998,0.05913978494623656,1840.0,4.18,0.0
7700,0,187,-0.8139999999999998,0.058823529411764705,1840.1,4.19,0.0
7701,1,337,0.335999999999987,0.05637982195845697,1840.3,4.19,0.0
7702,0,179,-0.8219999999999998,0.055865921787709494,1840.4,4.19,0.0
7703,0,186,-0.8149999999999998,0.05913978494623656,1840.5,4.19,0.0
7704,2,467,1.4659999999999727,0.055674518201284794,1840.7,4.19,0.0
7705,2,446,1.444999999999975,0.05605381165919283,1841.0,4.19,0.0
7706,0,179,-0.8219999999999998,0.055865921787709494,1841.0,4.19,0.0
7707,3,579,2.5779999999999603,0.055267702936096716,1841.3,4.19,0.0
7708,0,186,-0.8149999999999998,0.05913978494623656,1841.4,4.19,0.0
7709,2,446,1.444999999999975,0.05605381165919283,1841.7,4.19,0.0
7710,0,209,-0.7919999999999998,0.05741626794258373,1841.8,4.19,0.0
7711,2,446,1.444999999999975,0.05605381165919283,1842.0,4.19,0.0
7712,1,313,0.3119999999999896,0.05750798722044728,1842.2,4.19,0.0
7713,5,846,4.845000000000032,0.05555555555555555,1842.7,4.19,0.0
7714,1,316,0.3149999999999893,0.056962025316455694,1842.8,4.19,0.0
7715,1,313,0.3119999999999896,0.054313099041533544,1843.0,4.19,0.0
7716,0,179,-0.8219999999999998,0.055865921787709494,1843.1,4.19,0.0
7717,0,179,-0.8219999999999998,0.055865921787709494,1843.2,4.19,0.0
7718,2,448,1.4469999999999748,0.05580357142857143,1843.4,4.19,0.0
7719,6,986,5.985000000000078,0.055780933062880324,1844.0,4.19,0.0
7720,0,179,-0.8219999999999998,0.055865921787709494,1844.1,4.19,0.0
7721,8,1246,8.244999999999962,0.05537720706260032,1844.7,4.19,0.0
7722,3,583,2.58199999999996,0.05660377358490566,1845.0,4.19,0.0
7723,1,313,0.3119999999999896,0.05750798722044728,1845.2,4.19,0.0
7724,1,313,0.3119999999999896,0.05750798722044728,1845.4,4.19,0.0
7725,2,446,1.444999999999975,0.05605381165919283,1845.6,4.19,0.0
7726,2,446,1.444999999999975,0.05605381165919283,1845.9,4.19,0.0
7727,2,446,1.444999999999975,0.05605381165919283,1846.1,4.19,0.0
7728,4,713,3.711999999999988,0.056100981767180924,1846.5,4.19,0.0
7729,0,183,-0.8179999999999998,0.060109289617486336,1846.6,4.19,0.0
7730,0,179,-0.8219999999999998,0.055865921787709494,1846.7,4.19,0.0
7731,0,179,-0.8219999999999998,0.061452513966480445,1846.8,4.19,0.0
7732,1,313,0.3119999999999896,0.054313099041533544,1846.9,4.19,0.0
7733,1,339,0.33799999999998676,0.05604719764011799,1847.1,4.19,0.0
7734,4,713,3.711999999999988,0.0546984572230014,1847.5,4.19,0.0
7735,1,313,0.3119999999999896,0.054313099041533544,1847.7,4.19,0.0
7736,0,186,-0.8149999999999998,0.05913978494623656,1847.8,4.19,0.0
7737,0,179,-0.8219999999999998,0.055865921787709494,1847.8,4.19,0.0
7738,0,179,-0.8219999999999998,0.055865921787709494,1847.9,4.19,0.0
7739,4,713,3.711999999999988,0.056100981767180924,1848.3,4.19,0.0
7740,1,335,0.3339999999999872,0.056716417910447764,1848.5,4.19,0.0
7741,1,315,0.3139999999999894,0.05714285714285714,1848.7,4.19,0.0
7742,0,179,-0.8219999999999998,0.055865921787709494,1848.8,4.19,0.0
7743,2,446,1.444999999999975,0.05605381165919283,1849.0,4.19,0.0
7744,4,713,3.711999999999988,0.056100981767180924,1849.4,4.19,0.0
7745,2,446,1.444999999999975,0.053811659192825115,1849.6,4.19,0.0
7746,2,448,1.4469999999999748,0.05580357142857143,1849.9,4.19,0.0
7747,0,179,-0.8219999999999998,0.055865921787709494,1849.9,4.19,0.0
7748,1,315,0.3139999999999894,0.05714285714285714,1850.1,4.19,0.0
7749,2,446,1.444999999999975,0.05605381165919283,1850.3,4.19,0.0
7750,1,313,0.3119999999999896,0.05750798722044728,1850.5,4.19,0.0
7751,2,460,1.4589999999999734,0.05652173913043478,1850.8,4.19,0.0
7752,0,189,-0.8119999999999998,0.0582010582010582,1850.9,4.19,0.0
7753,1,313,0.3119999999999896,0.054313099041533544,1851.0,4.19,0.0
7754,2,446,1.444999999999975,0.05605381165919283,1851.3,4.19,0.0
7755,1,313,0.3119999999999896,0.054313099041533544,1851.4,4.19,0.0
7756,2,461,1.4599999999999733,0.05639913232104121,1851.7,4.19,0.0
7757,1,315,0.3139999999999894,0.05714285714285714,1851.8,4.19,0.0
7758,7,1124,7.1230000000000295,0.05604982206405694,1852.4,4.19,0.0
7759,1,313,0.3119999999999896,0.054313099041533544,1852.6,4.19,0.0
7760,2,452,1.4509999999999743,0.05752212389380531,1852.9,4.19,0.0
7761,6,982,5.981000000000076,0.0560081466395112,1853.4,4.19,0.0
7762,1,314,0.3129999999999895,0.05732484076433121,1853.5,4.19,0.0
7763,0,196,-0.8049999999999998,0.05612244897959184,1853.6,4.19,0.0
7764,2,446,1.444999999999975,0.05605381165919283,1853.9,4.19,0.0
7765,4,715,3.713999999999989,0.055944055944055944,1854.3,4.19,0.0
7766,0,179,-0.8219999999999998,0.055865921787709494,1854.4,4.19,0.0
7767,2,451,1.4499999999999744,0.057649667405764965,1854.6,4.19,0.0
7768,4,713,3.711999999999988,0.0546984572230014,1855.0,4.19,0.0
7769,4,713,3.711999999999988,0.0546984572230014,1855.4,4.19,0.0
7770,1,340,0.33899999999998665,0.05588235294117647,1855.6,4.19,0.0
7771,0,179,-0.8219999999999998,0.055865921787709494,1855.7,4.19,0.0
7772,4,713,3.711999999999988,0.056100981767180924,1856.0,4.19,0.0
7773,0,179,-0.8219999999999998,0.055865921787709494,1856.1,4.19,0.0
7774,0,179,-0.8219999999999998,0.055865921787709494,1856.2,4.19,0.0
7775,0,179,-0.8219999999999998,0.055865921787709494,1856.3,4.19,0.0
7776,4,713,3.711999999999988,0.056100981767180924,1856.7,4.19,0.0
7777,1,313,0.3119999999999896,0.054313099041533544,1856.9,4.19,0.0
7778,4,713,3.711999999999988,0.056100981767180924,1857.2,4.19,0.0
7779,4,713,3.711999999999988,0.056100981767180924,1857.6,4.19,0.0
7780,0,179,-0.8219999999999998,0.055865921787709494,1857.7,4.19,0.0
7781,5,849,4.848000000000033,0.05653710247349823,1858.2,4.19,0.0
7782,1,336,0.3349999999999871,0.05654761904761905,1858.4,4.19,0.0
7783,5,846,4.845000000000032,0.05555555555555555,1858.8,4.19,0.0
7784,1,313,0.3119999999999896,0.054313099041533544,1859.0,4.19,0.0
7785,0,189,-0.8119999999999998,0.0582010582010582,1859.1,4.19,0.0
7786,1,316,0.3149999999999893,0.056962025316455694,1859.2,4.19,0.0
7787,3,581,2.57999999999996,0.05679862306368331,1859.5,4.19,0.0
7788,2,446,1.444999999999975,0.05605381165919283,1859.8,4.19,0.0
7789,0,179,-0.8219999999999998,0.055865921787709494,1859.9,4.19,0.0
7790,3,590,2.588999999999959,0.05593220338983051,1860.2,4.19,0.0
7791,0,183,-0.8179999999999998,0.060109289617486336,1860.3,4.19,0.0
7792,1,313,0.3119999999999896,0.054313099041533544,1860.4,4.19,0.0
7793,1,318,0.31699999999998907,0.05660377358490566,1860.6,4.19,0.0
7794,1,313,0.3119999999999896,0.054313099041533544,1860.8,4.19,0.0
7795,9,1287,9.28599999999994,0.055944055944055944,1861.5,4.19,0.0
7796,3,579,2.5779999999999603,0.055267702936096716,1861.8,4.19,0.0
7797,1,320,0.31899999999998885,0.05625,1862.0,4.19,0.0
7798,1,313,0.3119999999999896,0.05750798722044728,1862.1,4.19,0.0
7799,0,209,-0.7919999999999998,0.05741626794258373,1862.2,4.19,0.0
7800,3,579,2.5779999999999603,0.055267702936096716,1862.5,4.19,0.0
7801,4,713,3.711999999999988,0.0546984572230014,1862.9,4.19,0.0
7802,0,182,-0.8189999999999998,0.06043956043956044,1863.0,4.19,0.0
7803,3,579,2.5779999999999603,0.055267702936096716,1863.3,4.19,0.0
7804,0,179,-0.8219999999999998,0.055865921787709494,1863.4,4.19,0.0
7805,8,1246,8.244999999999962,0.05537720706260032,1864.1,4.19,0.0
7806,4,713,3.711999999999988,0.0546984572230014,1864.5,4.19,0.0
7807,5,860,4.859000000000036,0.05581395348837209,1864.9,4.19,0.0
7808,3,579,2.5779999999999603,0.055267702936096716,1865.2,4.19,0.0
7809,2,446,1.444999999999975,0.05605381165919283,1865.5,4.19,0.0
7810,4,713,3.711999999999988,0.056100981767180924,1865.9,4.19,0.0
7811,0,179,-0.8219999999999998,0.055865921787709494,1866.0,4.19,0.0
7812,0,179,-0.8219999999999998,0.055865921787709494,1866.0,4.19,0.0
7813,7,1122,7.121000000000031,0.05614973262032086,1866.6,4.19,0.0
7814,0,208,-0.7929999999999998,0.057692307692307696,1866.7,4.19,0.0
7815,2,449,1.4479999999999746,0.0556792873051225,1867.0,4.19,0.0
7816,6,979,5.978000000000075,0.056179775280898875,1867.5,4.19,0.0
7817,4,713,3.711999999999988,0.0546984572230014,1867.9,4.19,0.0
7818,1,313,0.3119999999999896,0.054313099041533544,1868.1,4.19,0.0
7819,3,579,2.5779999999999603,0.055267702936096716,1868.4,4.19,0.0
7820,1,313,0.3119999999999896,0.054313099041533544,1868.6,4.19,0.0
7821,1,313,0.3119999999999896,0.05750798722044728,1868.7,4.19,0.0
7822,1,315,0.3139999999999894,0.05714285714285714,1868.9,4.19,0.0
7823,4,736,3.734999999999996,0.05570652173913043,1869.3,4.19,0.0
7824,0,179,-0.8219999999999998,0.055865921787709494,1869.4,4.19,0.0
7825,3,579,2.5779999999999603,0.055267702936096716,1869.7,4.19,0.0
7826,0,205,-0.7959999999999998,0.05853658536585366,1869.8,4.19,0.0
7827,3,579,2.5779999999999603,0.055267702936096716,1870.1,4.19,0.0
7828,3,579,2.5779999999999603,0.055267702936096716,1870.4,4.19,0.0
7829,0,185,-0.8159999999999998,0.05945945945945946,1870.5,4.19,0.0
7830,1,313,0.3119999999999896,0.054313099041533544,1870.7,4.19,0.0
7831,1,313,0.3119999999999896,0.054313099041533544,1870.9,4.19,0.0
7832,0,208,-0.7929999999999998,0.057692307692307696,1871.0,4.19,0.0
7833,2,446,1.444999999999975,0.05605381165919283,1871.2,4.19,0.0
7834,4,731,3.729999999999994,0.0560875512995896,1871.6,4.19,0.0
7835,1,313,0.3119999999999896,0.054313099041533544,1871.8,4.19,0.0
7836,0,179,-0.8219999999999998,0.055865921787709494,1871.9,4.19,0.0
7837,3,579,2.5779999999999603,0.055267702936096716,1872.2,4.19,0.0
7838,0,183,-0.8179999999999998,0.060109289617486336,1872.3,4.19,0.0
7839,8,1246,8.244999999999962,0.05537720706260032,1873.0,4.19,0.0
7840,3,587,2.5859999999999594,0.056218057921635436,1873.3,4.19,0.0
7841,2,447,1.4459999999999749,0.05592841163310962,1873.5,4.19,0.0
7842,0,179,-0.8219999999999998,0.055865921787709494,1873.6,4.19,0.0
7843,4,713,3.711999999999988,0.056100981767180924,1874.0,4.19,0.0
7844,0,188,-0.8129999999999998,0.05851063829787234,1874.1,4.19,0.0
7845,2,454,1.452999999999974,0.05726872246696035,1874.3,4.19,0.0
7846,3,592,2.590999999999959,0.05574324324324324,1874.6,4.19,0.0
7847,2,466,1.4649999999999728,0.055793991416309016,1874.9,4.19,0.0
7848,3,585,2.5839999999999597,0.05641025641025641,1875.2,4.19,0.0
7849,1,314,0.3129999999999895,0.05732484076433121,1875.3,4.19,0.0
7850,2,446,1.444999999999975,0.053811659192825115,1875.6,4.19,0.0
7851,3,579,2.5779999999999603,0.055267702936096716,1875.9,4.19,0.0
7852,4,713,3.711999999999988,0.056100981767180924,1876.3,4.19,0.0
7853,4,713,3.711999999999988,0.056100981767180924,1876.7,4.19,0.0
7854,4,713,3.711999999999988,0.0546984572230014,1877.1,4.18,0.0
7855,4,713,3.711999999999988,0.056100981767180924,1877.5,4.18,0.0
7856,4,713,3.711999999999988,0.0546984572230014,1877.9,4.18,0.0
7857,2,463,1.461999999999973,0.056155507559395246,1878.1,4.18,0.0
7858,0,179,-0.8219999999999998,0.055865921787709494,1878.2,4.18,0.0
7859,0,179,-0.8219999999999998,0.055865921787709494,1878.3,4.18,0.0
7860,0,210,-0.7909999999999998,0.05714285714285714,1878.4,4.18,0.0
7861,0,179,-0.8219999999999998,0.055865921787709494,1878.5,4.19,0.0
7862,1,313,0.3119999999999896,0.054313099041533544,1878.7,4.19,0.0
7863,6,999,5.998000000000082,0.056056056056056056,1879.2,4.18,0.0
7864,3,579,2.5779999999999603,0.055267702936096716,1879.5,4.18,0.0
7865,6,984,5.983000000000077,0.05589430894308943,1880.1,4.18,0.0
7866,0,179,-0.8219999999999998,0.055865921787709494,1880.2,4.18,0.0
7867,0,187,-0.8139999999999998,0.058823529411764705,1880.3,4.18,0.0
7868,8,1246,8.244999999999962,0.05537720706260032,1881.0,4.18,0.0
7869,1,339,0.33799999999998676,0.05604719764011799,1881.2,4.18,0.0
7870,3,587,2.5859999999999594,0.056218057921635436,1881.5,4.18,0.0
7871,4,732,3.7309999999999945,0.056010928961748634,1881.9,4.18,0.0
7872,2,446,1.444999999999975,0.05605381165919283,1882.1,4.18,0.0
7873,0,179,-0.8219999999999998,0.055865921787709494,1882.2,4.18,0.0
7874,0,179,-0.8219999999999998,0.055865921787709494,1882.3,4.18,0.0
7875,5,846,4.845000000000032,0.05555555555555555,1882.8,4.18,0.0
7876,3,579,2.5779999999999603,0.055267702936096716,1883.1,4.18,0.0
7877,0,179,-0.8219999999999998,0.055865921787709494,1883.2,4.18,0.0
7878,2,457,1.4559999999999738,0.05689277899343545,1883.5,4.18,0.0
7879,0,183,-0.8179999999999998,0.060109289617486336,1883.6,4.18,0.0
7880,0,183,-0.8179999999999998,0.060109289617486336,1883.7,4.18,0.0
7881,4,729,3.7279999999999935,0.056241426611796985,1884.0,4.18,0.0
7882,1,313,0.3119999999999896,0.054313099041533544,1884.2,4.18,0.0
7883,0,179,-0.8219999999999998,0.055865921787709494,1884.3,4.18,0.0
7884,2,456,1.4549999999999739,0.05701754385964912,1884.6,4.18,0.0
7885,0,186,-0.8149999999999998,0.05913978494623656,1884.7,4.18,0.0
7886,7,1113,7.112000000000036,0.05480682839173405,1885.2,4.18,0.0
7887,0,195,-0.8059999999999998,0.05641025641025641,1885.4,4.18,0.0
7888,0,179,-0.8219999999999998,0.055865921787709494,1885.5,4.18,0.0
7889,0,179,-0.8219999999999998,0.055865921787709494,1885.6,4.18,0.0
7890,5,846,4.845000000000032,0.05555555555555555,1886.0,4.18,0.0
7891,0,183,-0.8179999999999998,0.060109289617486336,1886.1,4.18,0.0
7892,0,185,-0.8159999999999998,0.05945945945945946,1886.2,4.18,0.0
7893,2,446,1.444999999999975,0.053811659192825115,1886.4,4.18,0.0
7894,3,579,2.5779999999999603,0.055267702936096716,1886.7,4.18,0.0
7895,0,186,-0.8149999999999998,0.05913978494623656,1886.8,4.18,0.0
7896,0,179,-0.8219999999999998,0.055865921787709494,1886.9,4.19,0.0
7897,1,313,0.3119999999999896,0.05750798722044728,1887.1,4.19,0.0
7898,3,579,2.5779999999999603,0.055267702936096716,1887.4,4.19,0.0
7899,2,446,1.444999999999975,0.05605381165919283,1887.6,4.19,0.0
7900,0,179,-0.8219999999999998,0.055865921787709494,1887.7,4.19,0.0
7901,1,313,0.3119999999999896,0.054313099041533544,1887.9,4.19,0.0
7902,8,1246,8.244999999999962,0.05537720706260032,1888.6,4.18,0.0
7903,0,179,-0.8219999999999998,0.055865921787709494,1888.7,4.18,0.0
7904,1,335,0.3339999999999872,0.056716417910447764,1888.9,4.19,0.0
7905,0,194,-0.8069999999999998,0.05670103092783505,1889.0,4.19,0.0
7906,0,187,-0.8139999999999998,0.058823529411764705,1889.1,4.19,0.0
7907,1,313,0.3119999999999896,0.05750798722044728,1889.2,4.19,0.0
7908,0,179,-0.8219999999999998,0.055865921787709494,1889.3,4.19,0.0
7909,2,446,1.444999999999975,0.05605381165919283,1889.6,4.19,0.0
7910,1,313,0.3119999999999896,0.054313099041533544,1889.7,4.19,0.0
7911,3,583,2.58199999999996,0.05660377358490566,1890.1,4.19,0.0
7912,0,179,-0.8219999999999998,0.055865921787709494,1890.2,4.19,0.0
7913,2,465,1.4639999999999729,0.05591397849462366,1890.4,4.19,0.0
7914,1,321,0.31999999999998874,0.056074766355140186,1890.6,4.19,0.0
7915,2,446,1.444999999999975,0.05605381165919283,1890.8,4.19,0.0
7916,1,313,0.3119999999999896,0.054313099041533544,1891.0,4.19,0.0
7917,0,179,-0.8219999999999998,0.055865921787709494,1891.1,4.19,0.0
7918,4,713,3.711999999999988,0.0546984572230014,1891.4,4.19,0.0
7919,0,179,-0.8219999999999998,0.055865921787709494,1891.5,4.19,0.0
7920,1,315,0.3139999999999894,0.05714285714285714,1891.7,4.19,0.0
7921,0,179,-0.8219999999999998,0.055865921787709494,1891.8,4.19,0.0
7922,4,713,3.711999999999988,0.0546984572230014,1892.2,4.19,0.0
7923,1,339,0.33799999999998676,0.05604719764011799,1892.4,4.19,0.0
7924,2,461,1.4599999999999733,0.05639913232104121,1892.6,4.19,0.0
7925,1,313,0.3119999999999896,0.054313099041533544,1892.8,4.19,0.0
7926,3,580,2.57899999999996,0.056896551724137934,1893.1,4.19,0.0
7927,4,732,3.7309999999999945,0.056010928961748634,1893.5,4.19,0.0
7928,4,713,3.711999999999988,0.056100981767180924,1893.8,4.19,0.0
7929,10,1513,10.511999999999814,0.05551883674818242,1894.6,4.19,0.0
7930,2,446,1.444999999999975,0.05605381165919283,1894.9,4.19,0.0
7931,0,189,-0.8119999999999998,0.0582010582010582,1895.0,4.19,0.0
7932,9,1382,9.380999999999887,0.055716353111432707,1895.7,4.18,0.0
7933,2,446,1.444999999999975,0.053811659192825115,1895.9,4.18,0.0
7934,2,461,1.4599999999999733,0.05639913232104121,1896.2,4.18,0.0
7935,3,579,2.5779999999999603,0.055267702936096716,1896.5,4.18,0.0
7936,0,179,-0.8219999999999998,0.055865921787709494,1896.6,4.18,0.0
7937,7,1113,7.112000000000036,0.055705300988319856,1897.2,4.18,0.0
7938,0,192,-0.8089999999999998,0.057291666666666664,1897.3,4.18,0.0
7939,1,335,0.3339999999999872,0.056716417910447764,1897.5,4.18,0.0
7940,1,323,0.3219999999999885,0.05572755417956656,1897.6,4.18,0.0
7941,2,460,1.4589999999999734,0.05652173913043478,1897.9,4.18,0.0
7942,4,713,3.711999999999988,0.0546984572230014,1898.3,4.18,0.0
7943,1,313,0.3119999999999896,0.054313099041533544,1898.4,4.18,0.0
7944,6,988,5.987000000000078,0.05566801619433198,1898.9,4.18,0.0
7945,0,191,-0.8099999999999998,0.05759162303664921,1899.0,4.18,0.0
7946,0,179,-0.8219999999999998,0.061452513966480445,1899.1,4.18,0.0
7947,6,979,5.978000000000075,0.05515832482124617,1899.7,4.18,0.0
7948,1,313,0.3119999999999896,0.054313099041533544,1899.8,4.18,0.0
7949,2,446,1.444999999999975,0.05605381165919283,1900.1,4.18,0.0
7950,5,846,4.845000000000032,0.05555555555555555,1900.5,4.18,0.0
7951,3,579,2.5779999999999603,0.055267702936096716,1900.8,4.18,0.0
7952,2,461,1.4599999999999733,0.05639913232104121,1901.1,4.18,0.0
7953,0,187,-0.8139999999999998,0.058823529411764705,1901.2,4.18,0.0
7954,5,846,4.845000000000032,0.05555555555555555,1901.6,4.18,0.0
7955,1,313,0.3119999999999896,0.054313099041533544,1901.8,4.18,0.0
7956,0,186,-0.8149999999999998,0.05913978494623656,1901.9,4.18,0.0
7957,0,183,-0.8179999999999998,0.060109289617486336,1902.0,4.18,0.0
7958,0,179,-0.8219999999999998,0.055865921787709494,1902.1,4.18,0.0
7959,0,179,-0.8219999999999998,0.055865921787709494,1902.2,4.18,0.0
7960,1,339,0.33799999999998676,0.05604719764011799,1902.3,4.18,0.0
7961,0,187,-0.8139999999999998,0.058823529411764705,1902.5,4.19,0.0
7962,2,462,1.4609999999999732,0.05627705627705628,1902.7,4.19,0.0
7963,0,179,-0.8219999999999998,0.055865921787709494,1902.8,4.19,0.0
7964,3,579,2.5779999999999603,0.055267702936096716,1903.1,4.19,0.0
7965,0,190,-0.8109999999999998,0.05789473684210526,1903.2,4.19,0.0
7966,1,313,0.3119999999999896,0.054313099041533544,1903.4,4.19,0.0
7967,2,446,1.444999999999975,0.053811659192825115,1903.6,4.19,0.0
7968,1,313,0.3119999999999896,0.054313099041533544,1903.8,4.19,0.0
7969,0,179,-0.8219999999999998,0.055865921787709494,1903.9,4.19,0.0
7970,0,179,-0.8219999999999998,0.055865921787709494,1904.0,4.19,0.0
7971,1,313,0.3119999999999896,0.054313099041533544,1904.2,4.19,0.0
7972,0,179,-0.8219999999999998,0.055865921787709494,1904.2,4.19,0.0
7973,1,319,0.31799999999998896,0.05642633228840126,1904.4,4.19,0.0
7974,7,1113,7.112000000000036,0.055705300988319856,1905.0,4.19,0.0
7975,0,179,-0.8219999999999998,0.055865921787709494,1905.1,4.19,0.0
7976,0,179,-0.8219999999999998,0.061452513966480445,1905.2,4.19,0.0
7977,4,713,3.711999999999988,0.0546984572230014,1905.6,4.19,0.0
7978,0,179,-0.8219999999999998,0.055865921787709494,1905.7,4.19,0.0
7979,0,184,-0.8169999999999998,0.059782608695652176,1905.8,4.19,0.0
7980,7,1113,7.112000000000036,0.055705300988319856,1906.4,4.19,0.0
7981,1,317,0.3159999999999892,0.056782334384858045,1906.5,4.19,0.0
7982,0,179,-0.8219999999999998,0.055865921787709494,1906.6,4.19,0.0
7983,2,457,1.4559999999999738,0.05689277899343545,1906.8,4.19,0.0
7984,0,179,-0.8219999999999998,0.055865921787709494,1906.9,4.19,0.0
7985,0,179,-0.8219999999999998,0.055865921787709494,1907.0,4.19,0.0
7986,1,339,0.33799999999998676,0.05604719764011799,1907.2,4.19,0.0
7987,3,589,2.587999999999959,0.05602716468590832,1907.5,4.19,0.0
7988,0,179,-0.8219999999999998,0.055865921787709494,1907.6,4.19,0.0
7989,3,579,2.5779999999999603,0.055267702936096716,1907.9,4.19,0.0
7990,0,179,-0.8219999999999998,0.055865921787709494,1908.0,4.19,0.0
7991,6,979,5.978000000000075,0.05515832482124617,1908.6,4.19,0.0
7992,0,179,-0.8219999999999998,0.055865921787709494,1908.6,4.19,0.0
7993,0,179,-0.8219999999999998,0.055865921787709494,1908.7,4.19,0.0
7994,5,846,4.845000000000032,0.05555555555555555,1909.2,4.19,0.0
7995,3,579,2.5779999999999603,0.055267702936096716,1909.5,4.19,0.0
7996,9,1379,9.377999999999888,0.05583756345177665,1910.2,4.19,0.0
7997,0,179,-0.8219999999999998,0.055865921787709494,1910.3,4.19,0.0
7998,3,579,2.5779999999999603,0.055267702936096716,1910.6,4.19,0.0
7999,4,717,3.7159999999999895,0.05578800557880056,1911.0,4.19,0.0
8000,4,729,3.7279999999999935,0.056241426611796985,1911.4,4.19,0.0
8001,0,179,-0.8219999999999998,0.055865921787709494,1914.6,4.18,0.0
8002,3,579,2.5779999999999603,0.055267702936096716,1914.9,4.18,0.0
8003,1,313,0.3119999999999896,0.05750798722044728,1915.1,4.18,0.0
8004,0,179,-0.8219999999999998,0.055865921787709494,1915.2,4.18,0.0
8005,1,316,0.3149999999999893,0.056962025316455694,1915.4,4.18,0.0
8006,3,587,2.5859999999999594,0.056218057921635436,1915.7,4.18,0.0
8007,0,188,-0.8129999999999998,0.05851063829787234,1915.8,4.18,0.0
8008,1,335,0.3339999999999872,0.056716417910447764,1916.0,4.18,0.0
8009,5,846,4.845000000000032,0.05555555555555555,1916.4,4.18,0.0
8010,3,579,2.5779999999999603,0.055267702936096716,1916.7,4.18,0.0
8011,0,186,-0.8149999999999998,0.05913978494623656,1916.8,4.18,0.0
8012,0,186,-0.8149999999999998,0.05913978494623656,1916.9,4.18,0.0
8013,2,457,1.4559999999999738,0.05689277899343545,1917.2,4.18,0.0
8014,2,446,1.444999999999975,0.05605381165919283,1917.4,4.18,0.0
8015,4,713,3.711999999999988,0.0546984572230014,1917.8,4.18,0.0
8016,6,979,5.978000000000075,0.05515832482124617,1918.3,4.18,0.0
8017,3,579,2.5779999999999603,0.055267702936096716,1918.6,4.18,0.0
8018,2,446,1.444999999999975,0.05605381165919283,1918.8,4.18,0.0
8019,4,729,3.7279999999999935,0.056241426611796985,1919.2,4.18,0.0
8020,5,852,4.851000000000034,0.056338028169014086,1919.7,4.18,0.0
8021,1,317,0.3159999999999892,0.056782334384858045,1919.9,4.18,0.0
8022,5,846,4.845000000000032,0.05555555555555555,1920.3,4.18,0.0
8023,5,846,4.845000000000032,0.05555555555555555,1920.8,4.18,0.0
8024,5,860,4.859000000000036,0.05581395348837209,1921.2,4.18,0.0
8025,3,579,2.5779999999999603,0.055267702936096716,1921.6,4.18,0.0
8026,5,846,4.845000000000032,0.05555555555555555,1922.0,4.18,0.0
8027,7,1113,7.112000000000036,0.055705300988319856,1922.6,4.18,0.0
8028,2,446,1.444999999999975,0.05605381165919283,1922.8,4.18,0.0
8029,0,179,-0.8219999999999998,0.055865921787709494,1922.9,4.18,0.0
8030,1,313,0.3119999999999896,0.05750798722044728,1923.1,4.18,0.0
8031,0,179,-0.8219999999999998,0.055865921787709494,1923.2,4.18,0.0
8032,0,179,-0.8219999999999998,0.055865921787709494,1923.3,4.18,0.0
8033,1,318,0.31699999999998907,0.05660377358490566,1923.4,4.18,0.0
8034,1,313,0.3119999999999896,0.05750798722044728,1923.6,4.18,0.0
8035,5,852,4.851000000000034,0.056338028169014086,1924.1,4.18,0.0
8036,0,186,-0.8149999999999998,0.05913978494623656,1924.2,4.18,0.0
8037,0,184,-0.8169999999999998,0.059782608695652176,1924.3,4.18,0.0
8038,2,446,1.444999999999975,0.053811659192825115,1924.5,4.18,0.0
8039,1,313,0.3119999999999896,0.05750798722044728,1924.7,4.18,0.0
8040,0,179,-0.8219999999999998,0.055865921787709494,1924.8,4.18,0.0
8041,3,585,2.5839999999999597,0.05641025641025641,1925.1,4.18,0.0
8042,2,454,1.452999999999974,0.05726872246696035,1925.3,4.18,0.0
8043,0,179,-0.8219999999999998,0.055865921787709494,1925.4,4.18,0.0
8044,1,313,0.3119999999999896,0.054313099041533544,1925.6,4.18,0.0
8045,1,313,0.3119999999999896,0.054313099041533544,1925.8,4.18,0.0
8046,0,179,-0.8219999999999998,0.055865921787709494,1925.8,4.18,0.0
8047,2,453,1.4519999999999742,0.05739514348785872,1926.1,4.18,0.0
8048,1,313,0.3119999999999896,0.05750798722044728,1926.2,4.18,0.0
8049,3,579,2.5779999999999603,0.055267702936096716,1926.5,4.18,0.0
8050,0,179,-0.8219999999999998,0.055865921787709494,1926.6,4.18,0.0
8051,0,179,-0.8219999999999998,0.055865921787709494,1926.7,4.18,0.0
8052,0,179,-0.8219999999999998,0.055865921787709494,1926.8,4.18,0.0
8053,5,855,4.854000000000035,0.056140350877192984,1927.3,4.18,0.0
8054,1,314,0.3129999999999895,0.05732484076433121,1927.5,4.18,0.0
8055,3,579,2.5779999999999603,0.055267702936096716,1927.8,4.18,0.0
8056,6,980,5.979000000000076,0.05612244897959184,1928.3,4.18,0.0
8057,3,606,2.6049999999999573,0.056105610561056105,1928.6,4.18,0.0
8058,0,183,-0.8179999999999998,0.060109289617486336,1928.7,4.18,0.0
8059,1,313,0.3119999999999896,0.054313099041533544,1928.9,4.18,0.0
8060,1,314,0.3129999999999895,0.05732484076433121,1929.1,4.18,0.0
8061,0,179,-0.8219999999999998,0.055865921787709494,1929.2,4.18,0.0
8062,1,319,0.31799999999998896,0.05642633228840126,1929.3,4.18,0.0
8063,1,313,0.3119999999999896,0.054313099041533544,1929.5,4.18,0.0
8064,4,713,3.711999999999988,0.056100981767180924,1929.9,4.18,0.0
8065,0,179,-0.8219999999999998,0.055865921787709494,1930.0,4.18,0.0
8066,2,446,1.444999999999975,0.05605381165919283,1930.2,4.18,0.0
8067,2,447,1.4459999999999749,0.05592841163310962,1930.5,4.18,0.0
8068,0,179,-0.8219999999999998,0.055865921787709494,1930.6,4.18,0.0
8069,1,316,0.3149999999999893,0.056962025316455694,1930.7,4.18,0.0
8070,3,579,2.5779999999999603,0.055267702936096716,1931.1,4.18,0.0
8071,0,179,-0.8219999999999998,0.055865921787709494,1931.2,4.18,0.0
8072,0,187,-0.8139999999999998,0.058823529411764705,1931.3,4.18,0.0
8073,2,465,1.4639999999999729,0.05591397849462366,1931.5,4.18,0.0
8074,0,182,-0.8189999999999998,0.06043956043956044,1931.6,4.18,0.0
8075,0,184,-0.8169999999999998,0.059782608695652176,1931.7,4.18,0.0
8076,1,313,0.3119999999999896,0.054313099041533544,1931.9,4.18,0.0
8077,6,983,5.982000000000077,0.05595116988809766,1932.4,4.18,0.0
8078,1,313,0.3119999999999896,0.05750798722044728,1932.6,4.18,0.0
8079,4,731,3.729999999999994,0.0560875512995896,1933.0,4.18,0.0
8080,4,713,3.711999999999988,0.0546984572230014,1933.4,4.18,0.0
8081,2,446,1.444999999999975,0.05605381165919283,1933.7,4.18,0.0
8082,3,579,2.5779999999999603,0.055267702936096716,1934.0,4.18,0.0
8083,0,191,-0.8099999999999998,0.05759162303664921,1934.1,4.18,0.0
8084,4,732,3.7309999999999945,0.056010928961748634,1934.5,4.18,0.0
8085,3,579,2.5779999999999603,0.055267702936096716,1934.8,4.18,0.0
8086,1,313,0.3119999999999896,0.05750798722044728,1934.9,4.18,0.0
8087,0,189,-0.8119999999999998,0.0582010582010582,1935.0,4.18,0.0
8088,0,179,-0.8219999999999998,0.055865921787709494,1935.1,4.18,0.0
8089,0,185,-0.8159999999999998,0.05945945945945946,1935.2,4.18,0.0
8090,6,1005,6.004000000000084,0.05572139303482587,1935.8,4.18,0.0
8091,9,1379,9.377999999999888,0.05583756345177665,1936.5,4.18,0.0
8092,0,190,-0.8109999999999998,0.05789473684210526,1936.6,4.18,0.0
8093,1,313,0.3119999999999896,0.054313099041533544,1936.8,4.18,0.0
8094,0,179,-0.8219999999999998,0.055865921787709494,1936.8,4.18,0.0
8095,0,179,-0.8219999999999998,0.055865921787709494,1936.9,4.18,0.0
8096,6,979,5.978000000000075,0.05515832482124617,1937.5,4.18,0.0
8097,6,1003,6.002000000000083,0.05583250249252243,1938.0,4.18,0.0
8098,0,179,-0.8219999999999998,0.055865921787709494,1938.1,4.18,0.0
8099,1,313,0.3119999999999896,0.05750798722044728,1938.3,4.18,0.0
8100,0,185,-0.8159999999999998,0.05945945945945946,1938.4,4.18,0.0
8101,2,446,1.444999999999975,0.05605381165919283,1938.7,4.18,0.0
8102,2,463,1.461999999999973,0.056155507559395246,1938.9,4.18,0.0
8103,0,179,-0.8219999999999998,0.055865921787709494,1939.0,4.18,0.0
8104,1,313,0.3119999999999896,0.054313099041533544,1939.2,4.18,0.0
8105,0,179,-0.8219999999999998,0.055865921787709494,1939.3,4.18,0.0
8106,2,446,1.444999999999975,0.05605381165919283,1939.5,4.18,0.0
8107,2,456,1.4549999999999739,0.05701754385964912,1939.7,4.18,0.0
8108,1,313,0.3119999999999896,0.05750798722044728,1939.9,4.18,0.0
8109,0,179,-0.8219999999999998,0.055865921787709494,1940.0,4.18,0.0
8110,1,318,0.31699999999998907,0.05660377358490566,1940.2,4.18,0.0
8111,0,179,-0.8219999999999998,0.055865921787709494,1940.3,4.18,0.0
8112,3,579,2.5779999999999603,0.055267702936096716,1940.6,4.18,0.0
8113,0,182,-0.8189999999999998,0.06043956043956044,1940.7,4.18,0.0
8114,0,190,-0.8109999999999998,0.05789473684210526,1940.8,4.18,0.0
8115,0,179,-0.8219999999999998,0.055865921787709494,1940.8,4.18,0.0
8116,0,195,-0.8059999999999998,0.05641025641025641,1941.0,4.18,0.0
8117,1,313,0.3119999999999896,0.054313099041533544,1941.1,4.18,0.0
8118,2,446,1.444999999999975,0.05605381165919283,1941.4,4.18,0.0
8119,0,179,-0.8219999999999998,0.055865921787709494,1941.4,4.18,0.0
8120,2,454,1.452999999999974,0.05726872246696035,1941.7,4.18,0.0
8121,2,447,1.4459999999999749,0.05592841163310962,1941.9,4.18,0.0
8122,12,1779,12.777999999999667,0.05508712759977515,1942.9,4.18,0.0
8123,0,179,-0.8219999999999998,0.055865921787709494,1943.0,4.18,0.0
8124,2,457,1.4559999999999738,0.05689277899343545,1943.2,4.18,0.0
8125,1,313,0.3119999999999896,0.054313099041533544,1943.4,4.18,0.0
8126,1,313,0.3119999999999896,0.054313099041533544,1943.5,4.18,0.0
8127,0,194,-0.8069999999999998,0.05670103092783505,1943.6,4.18,0.0
8128,0,179,-0.8219999999999998,0.055865921787709494,1943.7,4.18,0.0
8129,0,179,-0.8219999999999998,0.055865921787709494,1943.8,4.18,0.0
8130,1,317,0.3159999999999892,0.056782334384858045,1944.0,4.18,0.0
8131,0,179,-0.8219999999999998,0.055865921787709494,1944.1,4.18,0.0
8132,1,313,0.3119999999999896,0.054313099041533544,1944.3,4.18,0.0
8133,0,179,-0.8219999999999998,0.055865921787709494,1944.4,4.18,0.0
8134,1,313,0.3119999999999896,0.05750798722044728,1944.5,4.18,0.0
8135,3,609,2.607999999999957,0.05582922824302135,1944.8,4.18,0.0
8136,2,446,1.444999999999975,0.053811659192825115,1945.1,4.18,0.0
8137,1,339,0.33799999999998676,0.05604719764011799,1945.3,4.18,0.0
8138,3,579,2.5779999999999603,0.055267702936096716,1945.6,4.18,0.0
8139,1,313,0.3119999999999896,0.05750798722044728,1945.7,4.18,0.0
8140,3,588,2.5869999999999593,0.05612244897959184,1946.0,4.18,0.0
8141,4,713,3.711999999999988,0.056100981767180924,1946.4,4.18,0.0
8142,1,339,0.33799999999998676,0.05604719764011799,1946.6,4.18,0.0
8143,3,579,2.5779999999999603,0.055267702936096716,1946.9,4.18,0.0
8144,2,446,1.444999999999975,0.05605381165919283,1947.2,4.18,0.0
8145,1,313,0.3119999999999896,0.054313099041533544,1947.3,4.18,0.0
8146,0,195,-0.8059999999999998,0.05641025641025641,1947.4,4.18,0.0
8147,2,446,1.444999999999975,0.053811659192825115,1947.7,4.18,0.0
8148,4,713,3.711999999999988,0.0546984572230014,1948.0,4.18,0.0
8149,2,446,1.444999999999975,0.05605381165919283,1948.3,4.18,0.0
8150,0,179,-0.8219999999999998,0.055865921787709494,1948.4,4.18,0.0
8151,0,179,-0.8219999999999998,0.05027932960893855,1948.5,4.18,0.0
8152,3,590,2.588999999999959,0.05593220338983051,1948.8,4.18,0.0
8153,2,446,1.444999999999975,0.05605381165919283,1949.0,4.18,0.0
8154,3,579,2.5779999999999603,0.055267702936096716,1949.3,4.18,0.0
8155,4,713,3.711999999999988,0.0546984572230014,1949.7,4.18,0.0
8156,1,313,0.3119999999999896,0.054313099041533544,1949.9,4.18,0.0
8157,3,579,2.5779999999999603,0.055267702936096716,1950.2,4.18,0.0
8158,3,589,2.587999999999959,0.05602716468590832,1950.5,4.18,0.0
8159,0,179,-0.8219999999999998,0.055865921787709494,1950.6,4.18,0.0
8160,0,190,-0.8109999999999998,0.05789473684210526,1950.7,4.18,0.0
8161,3,579,2.5779999999999603,0.055267702936096716,1951.0,4.18,0.0
8162,0,189,-0.8119999999999998,0.0582010582010582,1951.1,4.18,0.0
8163,1,313,0.3119999999999896,0.054313099041533544,1951.3,4.18,0.0
8164,3,579,2.5779999999999603,0.05699481865284974,1951.6,4.18,0.0
8165,1,313,0.3119999999999896,0.05750798722044728,1951.7,4.18,0.0
8166,1,313,0.3119999999999896,0.054313099041533544,1951.9,4.18,0.0
8167,1,313,0.3119999999999896,0.054313099041533544,1952.1,4.18,0.0
8168,1,320,0.31899999999998885,0.05625,1952.3,4.18,0.0
8169,1,321,0.31999999999998874,0.056074766355140186,1952.4,4.18,0.0
8170,0,179,-0.8219999999999998,0.055865921787709494,1952.5,4.18,0.0
8171,0,179,-0.8219999999999998,0.055865921787709494,1952.6,4.19,0.0
8172,1,313,0.3119999999999896,0.05750798722044728,1952.8,4.19,0.0
8173,0,191,-0.8099999999999998,0.05759162303664921,1952.9,4.19,0.0
8174,1,318,0.31699999999998907,0.05660377358490566,1953.1,4.19,0.0
8175,2,456,1.4549999999999739,0.05701754385964912,1953.3,4.19,0.0
8176,4,713,3.711999999999988,0.0546984572230014,1953.7,4.19,0.0
8177,0,179,-0.8219999999999998,0.055865921787709494,1953.8,4.19,0.0
8178,3,579,2.5779999999999603,0.055267702936096716,1954.1,4.19,0.0
8179,6,979,5.978000000000075,0.05515832482124617,1954.6,4.18,0.0
8180,1,337,0.335999999999987,0.05637982195845697,1954.8,4.19,0.0
8181,0,186,-0.8149999999999998,0.05913978494623656,1954.9,4.19,0.0
8182,7,1019,7.018000000000088,0.05593719332679097,1955.4,4.18,0.0
8183,2,446,1.444999999999975,0.05605381165919283,1955.6,4.18,0.0
8184,5,846,4.845000000000032,0.05555555555555555,1956.1,4.18,0.0
8185,1,335,0.3339999999999872,0.056716417910447764,1956.3,4.18,0.0
8186,0,187,-0.8139999999999998,0.058823529411764705,1956.4,4.18,0.0
8187,1,313,0.3119999999999896,0.054313099041533544,1956.5,4.18,0.0
8188,0,179,-0.8219999999999998,0.055865921787709494,1956.6,4.19,0.0
8189,0,179,-0.8219999999999998,0.055865921787709494,1956.7,4.19,0.0
8190,0,179,-0.8219999999999998,0.055865921787709494,1956.8,4.19,0.0
8191,0,179,-0.8219999999999998,0.055865921787709494,1956.9,4.19,0.0
8192,1,313,0.3119999999999896,0.054313099041533544,1957.1,4.19,0.0
8193,6,981,5.980000000000076,0.05606523955147808,1957.6,4.19,0.0
8194,0,179,-0.8219999999999998,0.055865921787709494,1957.7,4.19,0.0
8195,3,579,2.5779999999999603,0.055267702936096716,1958.0,4.19,0.0
8196,0,195,-0.8059999999999998,0.05641025641025641,1958.1,4.19,0.0
8197,3,580,2.57899999999996,0.056896551724137934,1958.4,4.19,0.0
8198,5,846,4.845000000000032,0.05555555555555555,1958.9,4.19,0.0
8199,2,446,1.444999999999975,0.053811659192825115,1959.1,4.19,0.0
8200,7,1113,7.112000000000036,0.055705300988319856,1959.7,4.18,0.0
8201,4,713,3.711999999999988,0.056100981767180924,1960.1,4.18,0.0
8202,4,713,3.711999999999988,0.056100981767180924,1960.5,4.18,0.0
8203,5,857,4.856000000000035,0.056009334889148193,1961.0,4.18,0.0
8204,1,313,0.3119999999999896,0.054313099041533544,1961.1,4.18,0.0
8205,5,846,4.845000000000032,0.05555555555555555,1961.6,4.18,0.0
8206,8,1246,8.244999999999962,0.05537720706260032,1962.2,4.18,0.0
8207,0,179,-0.8219999999999998,0.055865921787709494,1962.3,4.18,0.0
8208,2,446,1.444999999999975,0.05605381165919283,1962.6,4.18,0.0
8209,3,579,2.5779999999999603,0.055267702936096716,1962.9,4.18,0.0
8210,0,179,-0.8219999999999998,0.055865921787709494,1963.0,4.18,0.0
8211,0,179,-0.8219999999999998,0.055865921787709494,1963.1,4.18,0.0
8212,8,1274,8.272999999999946,0.05572998430141287,1963.8,4.18,0.0
8213,0,179,-0.8219999999999998,0.055865921787709494,1963.9,4.18,0.0
8214,1,315,0.3139999999999894,0.05714285714285714,1964.0,4.18,0.0
8215,0,187,-0.8139999999999998,0.058823529411764705,1964.1,4.18,0.0
8216,0,181,-0.8199999999999998,0.06077348066298342,1964.2,4.18,0.0
8217,2,446,1.444999999999975,0.053811659192825115,1964.4,4.18,0.0
8218,0,179,-0.8219999999999998,0.055865921787709494,1964.5,4.18,0.0
8219,2,461,1.4599999999999733,0.05639913232104121,1964.8,4.18,0.0
8220,4,730,3.728999999999994,0.056164383561643834,1965.2,4.18,0.0
8221,4,713,3.711999999999988,0.056100981767180924,1965.6,4.18,0.0
8222,0,179,-0.8219999999999998,0.055865921787709494,1965.6,4.18,0.0
8223,3,579,2.5779999999999603,0.055267702936096716,1966.0,4.18,0.0
8224,3,579,2.5779999999999603,0.055267702936096716,1966.3,4.18,0.0
8225,1,313,0.3119999999999896,0.05750798722044728,1966.4,4.18,0.0
8226,0,179,-0.8219999999999998,0.055865921787709494,1966.5,4.18,0.0
8227,5,852,4.851000000000034,0.056338028169014086,1967.0,4.18,0.0
8228,5,846,4.845000000000032,0.05555555555555555,1967.5,4.18,0.0
8229,1,313,0.3119999999999896,0.054313099041533544,1967.6,4.18,0.0
8230,0,179,-0.8219999999999998,0.055865921787709494,1967.7,4.18,0.0
8231,1,321,0.31999999999998874,0.056074766355140186,1967.9,4.18,0.0
8232,0,186,-0.8149999999999998,0.05913978494623656,1968.0,4.18,0.0
8233,0,190,-0.8109999999999998,0.05789473684210526,1968.1,4.18,0.0
8234,1,319,0.31799999999998896,0.05642633228840126,1968.3,4.18,0.0
8235,1,335,0.3339999999999872,0.056716417910447764,1968.4,4.18,0.0
8236,0,179,-0.8219999999999998,0.055865921787709494,1968.5,4.18,0.0
8237,0,179,-0.8219999999999998,0.055865921787709494,1968.6,4.18,0.0
8238,2,449,1.4479999999999746,0.0556792873051225,1968.9,4.18,0.0
8239,1,313,0.3119999999999896,0.054313099041533544,1969.0,4.18,0.0
8240,1,313,0.3119999999999896,0.054313099041533544,1969.2,4.18,0.0
8241,1,313,0.3119999999999896,0.05750798722044728,1969.4,4.19,0.0
8242,1,336,0.3349999999999871,0.05654761904761905,1969.5,4.19,0.0
8243,4,729,3.7279999999999935,0.056241426611796985,1969.9,4.18,0.0
8244,3,579,2.5779999999999603,0.055267702936096716,1970.3,4.18,0.0
8245,3,581,2.57999999999996,0.05679862306368331,1970.6,4.18,0.0
8246,3,584,2.5829999999999598,0.05650684931506849,1970.9,4.18,0.0
8247,1,316,0.3149999999999893,0.056962025316455694,1971.0,4.18,0.0
8248,0,185,-0.8159999999999998,0.05945945945945946,1971.1,4.18,0.0
8249,1,313,0.3119999999999896,0.05750798722044728,1971.3,4.19,0.0
8250,3,579,2.5779999999999603,0.055267702936096716,1971.6,4.18,0.0
8251,4,713,3.711999999999988,0.056100981767180924,1972.0,4.18,0.0
8252,2,446,1.444999999999975,0.053811659192825115,1972.2,4.18,0.0
8253,0,183,-0.8179999999999998,0.060109289617486336,1972.3,4.18,0.0
8254,5,846,4.845000000000032,0.05555555555555555,1972.8,4.18,0.0
8255,2,446,1.444999999999975,0.05605381165919283,1973.0,4.18,0.0
8256,0,186,-0.8149999999999998,0.05913978494623656,1973.1,4.18,0.0
8257,2,446,1.444999999999975,0.05605381165919283,1973.3,4.18,0.0
8258,5,846,4.845000000000032,0.05555555555555555,1973.8,4.18,0.0
8259,2,446,1.444999999999975,0.05605381165919283,1974.1,4.18,0.0
8260,0,179,-0.8219999999999998,0.055865921787709494,1974.2,4.18,0.0
8261,8,1251,8.24999999999996,0.055955235811350916,1974.8,4.18,0.0
8262,3,579,2.5779999999999603,0.055267702936096716,1975.1,4.18,0.0
8263,1,314,0.3129999999999895,0.05732484076433121,1975.3,4.18,0.0
8264,0,179,-0.8219999999999998,0.055865921787709494,1975.4,4.18,0.0
8265,2,454,1.452999999999974,0.05726872246696035,1975.6,4.18,0.0
8266,2,446,1.444999999999975,0.05605381165919283,1975.9,4.18,0.0
8267,3,579,2.5779999999999603,0.055267702936096716,1976.2,4.18,0.0
8268,1,313,0.3119999999999896,0.05750798722044728,1976.4,4.18,0.0
8269,3,581,2.57999999999996,0.05679862306368331,1976.7,4.18,0.0
8270,3,581,2.57999999999996,0.05679862306368331,1977.0,4.18,0.0
8271,2,446,1.444999999999975,0.05605381165919283,1977.2,4.18,0.0
8272,0,179,-0.8219999999999998,0.055865921787709494,1977.3,4.18,0.0
8273,3,588,2.5869999999999593,0.05612244897959184,1977.6,4.18,0.0
8274,4,713,3.711999999999988,0.056100981767180924,1978.0,4.18,0.0
8275,3,579,2.5779999999999603,0.055267702936096716,1978.3,4.18,0.0
8276,0,179,-0.8219999999999998,0.055865921787709494,1978.4,4.18,0.0
8277,2,446,1.444999999999975,0.05605381165919283,1978.6,4.18,0.0
8278,1,315,0.3139999999999894,0.05714285714285714,1978.8,4.18,0.0
8279,1,313,0.3119999999999896,0.05750798722044728,1979.0,4.18,0.0
8280,4,713,3.711999999999988,0.0546984572230014,1979.4,4.18,0.0
8281,3,579,2.5779999999999603,0.055267702936096716,1979.7,4.18,0.0
8282,0,193,-0.8079999999999998,0.05699481865284974,1979.8,4.18,0.0
8283,0,179,-0.8219999999999998,0.055865921787709494,1979.8,4.18,0.0
8284,0,179,-0.8219999999999998,0.055865921787709494,1979.9,4.18,0.0
8285,0,189,-0.8119999999999998,0.0582010582010582,1980.0,4.18,0.0
8286,0,184,-0.8169999999999998,0.059782608695652176,1980.1,4.19,0.0
8287,0,179,-0.8219999999999998,0.055865921787709494,1980.2,4.19,0.0
8288,3,579,2.5779999999999603,0.055267702936096716,1980.5,4.19,0.0
8289,2,446,1.444999999999975,0.05605381165919283,1980.8,4.19,0.0
8290,0,179,-0.8219999999999998,0.055865921787709494,1980.9,4.19,0.0
8291,0,179,-0.8219999999999998,0.055865921787709494,1981.0,4.19,0.0
8292,0,185,-0.8159999999999998,0.05945945945945946,1981.1,4.19,0.0
8293,0,191,-0.8099999999999998,0.05759162303664921,1981.2,4.19,0.0
8294,7,1113,7.112000000000036,0.055705300988319856,1981.8,4.19,0.0
8295,0,179,-0.8219999999999998,0.055865921787709494,1981.9,4.19,0.0
8296,0,179,-0.8219999999999998,0.055865921787709494,1982.0,4.19,0.0
8297,8,1246,8.244999999999962,0.05537720706260032,1982.6,4.19,0.0
8298,5,846,4.845000000000032,0.05555555555555555,1983.1,4.18,0.0
8299,0,186,-0.8149999999999998,0.05913978494623656,1983.2,4.19,0.0
8300,0,179,-0.8219999999999998,0.055865921787709494,1983.3,4.19,0.0
8301,0,187,-0.8139999999999998,0.058823529411764705,1983.4,4.19,0.0
8302,0,197,-0.8039999999999998,0.05583756345177665,1983.5,4.19,0.0
8303,3,588,2.5869999999999593,0.05612244897959184,1983.8,4.19,0.0
8304,0,179,-0.8219999999999998,0.055865921787709494,1983.9,4.19,0.0
8305,2,450,1.4489999999999745,0.057777777777777775,1984.2,4.19,0.0
8306,0,179,-0.8219999999999998,0.055865921787709494,1984.3,4.19,0.0
8307,2,459,1.4579999999999735,0.05664488017429194,1984.5,4.19,0.0
8308,1,313,0.3119999999999896,0.054313099041533544,1984.7,4.19,0.0
8309,3,579,2.5779999999999603,0.055267702936096716,1985.0,4.19,0.0
8310,2,452,1.4509999999999743,0.05752212389380531,1985.2,4.19,0.0
8311,0,179,-0.8219999999999998,0.055865921787709494,1985.3,4.19,0.0
8312,3,579,2.5779999999999603,0.055267702936096716,1985.6,4.19,0.0
8313,4,714,3.7129999999999885,0.056022408963585436,1986.0,4.19,0.0
8314,0,179,-0.8219999999999998,0.05027932960893855,1986.1,4.19,0.0
8315,3,579,2.5779999999999603,0.055267702936096716,1986.4,4.19,0.0
8316,4,713,3.711999999999988,0.056100981767180924,1986.8,4.19,0.0
8317,0,179,-0.8219999999999998,0.055865921787709494,1986.9,4.19,0.0
8318,3,579,2.5779999999999603,0.055267702936096716,1987.2,4.19,0.0
8319,2,446,1.444999999999975,0.05605381165919283,1987.4,4.19,0.0
8320,2,446,1.444999999999975,0.05605381165919283,1987.7,4.19,0.0
8321,6,979,5.978000000000075,0.056179775280898875,1988.2,4.19,0.0
8322,1,313,0.3119999999999896,0.054313099041533544,1988.3,4.19,0.0
8323,0,179,-0.8219999999999998,0.055865921787709494,1988.4,4.19,0.0
8324,4,713,3.711999999999988,0.056100981767180924,1988.8,4.19,0.0
8325,11,1646,11.64499999999974,0.05589307411907655,1989.7,4.18,0.0
8326,1,313,0.3119999999999896,0.05750798722044728,1989.9,4.18,0.0
8327,1,313,0.3119999999999896,0.054313099041533544,1990.0,4.18,0.0
8328,1,313,0.3119999999999896,0.05750798722044728,1990.2,4.18,0.0
8329,0,185,-0.8159999999999998,0.05945945945945946,1990.3,4.19,0.0
8330,0,179,-0.8219999999999998,0.055865921787709494,1990.4,4.19,0.0
8331,2,446,1.444999999999975,0.053811659192825115,1990.6,4.19,0.0
8332,1,313,0.3119999999999896,0.054313099041533544,1990.8,4.19,0.0
8333,6,979,5.978000000000075,0.056179775280898875,1991.3,4.19,0.0
8334,1,323,0.3219999999999885,0.05572755417956656,1991.5,4.19,0.0
8335,1,313,0.3119999999999896,0.05750798722044728,1991.7,4.19,0.0
8336,1,313,0.3119999999999896,0.054313099041533544,1991.8,4.19,0.0
8337,2,446,1.444999999999975,0.05605381165919283,1992.1,4.19,0.0
8338,4,732,3.7309999999999945,0.056010928961748634,1992.5,4.19,0.0
8339,2,446,1.444999999999975,0.05605381165919283,1992.7,4.19,0.0
8340,6,979,5.978000000000075,0.056179775280898875,1993.2,4.18,0.0
8341,3,579,2.5779999999999603,0.055267702936096716,1993.5,4.18,0.0
8342,2,446,1.444999999999975,0.05605381165919283,1993.7,4.18,0.0
8343,6,979,5.978000000000075,0.05515832482124617,1994.3,4.18,0.0
8344,5,859,4.858000000000036,0.05587892898719441,1994.7,4.18,0.0
8345,0,179,-0.8219999999999998,0.055865921787709494,1994.8,4.18,0.0
8346,1,313,0.3119999999999896,0.054313099041533544,1995.0,4.18,0.0
8347,0,179,-0.8219999999999998,0.055865921787709494,1995.1,4.18,0.0
8348,6,979,5.978000000000075,0.05515832482124617,1995.6,4.18,0.0
8349,0,179,-0.8219999999999998,0.055865921787709494,1995.7,4.18,0.0
8350,1,313,0.3119999999999896,0.054313099041533544,1995.9,4.18,0.0
8351,1,313,0.3119999999999896,0.054313099041533544,1996.0,4.18,0.0
8352,2,446,1.444999999999975,0.05605381165919283,1996.3,4.18,0.0
8353,2,446,1.444999999999975,0.05605381165919283,1996.5,4.18,0.0
8354,0,179,-0.8219999999999998,0.055865921787709494,1996.6,4.18,0.0
8355,0,179,-0.8219999999999998,0.055865921787709494,1996.7,4.18,0.0
8356,0,179,-0.8219999999999998,0.055865921787709494,1996.8,4.19,0.0
8357,1,313,0.3119999999999896,0.05750798722044728,1997.0,4.19,0.0
8358,1,318,0.31699999999998907,0.05660377358490566,1997.2,4.19,0.0
8359,6,979,5.978000000000075,0.05515832482124617,1997.7,4.18,0.0
8360,0,179,-0.8219999999999998,0.055865921787709494,1997.8,4.19,0.0
8361,1,313,0.3119999999999896,0.054313099041533544,1998.0,4.19,0.0
8362,0,186,-0.8149999999999998,0.05913978494623656,1998.1,4.19,0.0
8363,2,453,1.4519999999999742,0.05739514348785872,1998.3,4.19,0.0
8364,2,446,1.444999999999975,0.05605381165919283,1998.6,4.19,0.0
8365,0,179,-0.8219999999999998,0.055865921787709494,1998.7,4.19,0.0
8366,3,579,2.5779999999999603,0.055267702936096716,1999.0,4.19,0.0
8367,0,179,-0.8219999999999998,0.055865921787709494,1999.1,4.19,0.0
8368,3,579,2.5779999999999603,0.055267702936096716,1999.4,4.19,0.0
8369,1,313,0.3119999999999896,0.05750798722044728,1999.5,4.19,0.0
8370,3,580,2.57899999999996,0.056896551724137934,1999.9,4.19,0.0
8371,2,462,1.4609999999999732,0.05627705627705628,2000.1,4.19,0.0
8372,6,979,5.978000000000075,0.05515832482124617,2000.6,4.19,0.0
8373,4,713,3.711999999999988,0.0546984572230014,2001.0,4.18,0.0
8374,2,458,1.4569999999999736,0.056768558951965066,2001.2,4.18,0.0
8375,1,338,0.33699999999998687,0.05621301775147929,2001.4,4.19,0.0
8376,1,313,0.3119999999999896,0.054313099041533544,2001.6,4.19,0.0
8377,3,586,2.5849999999999596,0.05631399317406143,2001.9,4.19,0.0
8378,0,179,-0.8219999999999998,0.055865921787709494,2002.0,4.19,0.0
8379,4,713,3.711999999999988,0.056100981767180924,2002.4,4.19,0.0
8380,1,313,0.3119999999999896,0.054313099041533544,2002.5,4.19,0.0
8381,0,179,-0.8219999999999998,0.055865921787709494,2002.6,4.19,0.0
8382,0,184,-0.8169999999999998,0.059782608695652176,2002.7,4.19,0.0
8383,1,313,0.3119999999999896,0.054313099041533544,2002.9,4.19,0.0
8384,3,579,2.5779999999999603,0.055267702936096716,2003.2,4.19,0.0
8385,5,846,4.845000000000032,0.05555555555555555,2003.6,4.19,0.0
8386,3,579,2.5779999999999603,0.055267702936096716,2004.0,4.19,0.0
8387,0,179,-0.8219999999999998,0.055865921787709494,2004.1,4.19,0.0
8388,1,341,0.33999999999998654,0.05571847507331378,2004.2,4.19,0.0
8389,3,579,2.5779999999999603,0.055267702936096716,2004.6,4.19,0.0
8390,3,579,2.5779999999999603,0.055267702936096716,2004.9,4.19,0.0
8391,1,331,0.32999999999998764,0.05740181268882175,2005.0,4.19,0.0
8392,2,461,1.4599999999999733,0.05639913232104121,2005.3,4.19,0.0
8393,2,465,1.4639999999999729,0.05591397849462366,2005.5,4.19,0.0
8394,0,179,-0.8219999999999998,0.055865921787709494,2005.6,4.19,0.0
8395,2,446,1.444999999999975,0.05605381165919283,2005.9,4.19,0.0
8396,2,465,1.4639999999999729,0.05591397849462366,2006.1,4.19,0.0
8397,2,457,1.4559999999999738,0.05689277899343545,2006.4,4.19,0.0
8398,1,313,0.3119999999999896,0.054313099041533544,2006.5,4.19,0.0
8399,0,179,-0.8219999999999998,0.055865921787709494,2006.6,4.19,0.0
8400,0,209,-0.7919999999999998,0.05741626794258373,2006.7,4.19,0.0
8401,2,446,1.444999999999975,0.05605381165919283,2007.0,4.19,0.0
8402,6,979,5.978000000000075,0.05515832482124617,2007.5,4.19,0.0
8403,1,333,0.3319999999999874,0.057057057057057055,2007.7,4.19,0.0
8404,1,317,0.3159999999999892,0.056782334384858045,2007.8,4.19,0.0
8405,0,189,-0.8119999999999998,0.0582010582010582,2007.9,4.19,0.0
8406,2,461,1.4599999999999733,0.05639913232104121,2008.2,4.19,0.0
8407,4,713,3.711999999999988,0.056100981767180924,2008.6,4.19,0.0
8408,2,446,1.444999999999975,0.05605381165919283,2008.8,4.19,0.0
8409,0,206,-0.7949999999999998,0.05825242718446602,2008.9,4.19,0.0
8410,1,318,0.31699999999998907,0.05660377358490566,2009.1,4.19,0.0
8411,0,179,-0.8219999999999998,0.055865921787709494,2009.2,4.19,0.0
8412,1,317,0.3159999999999892,0.056782334384858045,2009.3,4.19,0.0
8413,0,195,-0.8059999999999998,0.05641025641025641,2009.5,4.19,0.0
8414,1,313,0.3119999999999896,0.054313099041533544,2009.6,4.19,0.0
8415,0,179,-0.8219999999999998,0.055865921787709494,2009.7,4.19,0.0
8416,0,186,-0.8149999999999998,0.05913978494623656,2009.8,4.19,0.0
8417,0,192,-0.8089999999999998,0.057291666666666664,2009.9,4.19,0.0
8418,6,979,5.978000000000075,0.056179775280898875,2010.5,4.19,0.0
8419,0,191,-0.8099999999999998,0.05759162303664921,2010.6,4.19,0.0
8420,0,179,-0.8219999999999998,0.055865921787709494,2010.7,4.19,0.0
8421,3,579,2.5779999999999603,0.055267702936096716,2011.0,4.19,0.0
8422,0,179,-0.8219999999999998,0.055865921787709494,2011.1,4.19,0.0
8423,4,713,3.711999999999988,0.0546984572230014,2011.4,4.19,0.0
8424,5,846,4.845000000000032,0.05555555555555555,2011.9,4.19,0.0
8425,3,610,2.608999999999957,0.05573770491803279,2012.2,4.19,0.0
8426,1,313,0.3119999999999896,0.05750798722044728,2012.4,4.19,0.0
8427,1,313,0.3119999999999896,0.054313099041533544,2012.5,4.19,0.0
8428,4,713,3.711999999999988,0.056100981767180924,2012.9,4.19,0.0
8429,0,179,-0.8219999999999998,0.055865921787709494,2013.0,4.19,0.0
8430,1,313,0.3119999999999896,0.05750798722044728,2013.2,4.19,0.0
8431,0,186,-0.8149999999999998,0.05913978494623656,2013.3,4.19,0.0
8432,0,187,-0.8139999999999998,0.058823529411764705,2013.4,4.19,0.0
8433,1,313,0.3119999999999896,0.05750798722044728,2013.5,4.19,0.0
8434,1,315,0.3139999999999894,0.05714285714285714,2013.7,4.19,0.0
8435,0,189,-0.8119999999999998,0.0582010582010582,2013.8,4.19,0.0
8436,2,454,1.452999999999974,0.05726872246696035,2014.1,4.19,0.0
8437,3,579,2.5779999999999603,0.055267702936096716,2014.4,4.19,0.0
8438,1,313,0.3119999999999896,0.054313099041533544,2014.5,4.19,0.0
8439,0,189,-0.8119999999999998,0.0582010582010582,2014.6,4.19,0.0
8440,0,179,-0.8219999999999998,0.055865921787709494,2014.7,4.19,0.0
8441,0,184,-0.8169999999999998,0.059782608695652176,2014.9,4.19,0.0
8442,5,853,4.852000000000034,0.05627198124267292,2015.3,4.19,0.0
8443,5,846,4.845000000000032,0.05555555555555555,2015.7,4.19,0.0
8444,0,193,-0.8079999999999998,0.05699481865284974,2015.9,4.19,0.0
8445,1,313,0.3119999999999896,0.05750798722044728,2016.0,4.19,0.0
8446,0,195,-0.8059999999999998,0.05641025641025641,2016.1,4.19,0.0
8447,1,317,0.3159999999999892,0.056782334384858045,2016.3,4.19,0.0
8448,1,313,0.3119999999999896,0.054313099041533544,2016.5,4.19,0.0
8449,4,713,3.711999999999988,0.056100981767180924,2016.8,4.19,0.0
8450,6,979,5.978000000000075,0.05515832482124617,2017.4,4.19,0.0
8451,2,459,1.4579999999999735,0.05664488017429194,2017.6,4.19,0.0
8452,5,846,4.845000000000032,0.05555555555555555,2018.1,4.19,0.0
8453,2,446,1.444999999999975,0.05605381165919283,2018.3,4.19,0.0
8454,0,179,-0.8219999999999998,0.055865921787709494,2018.4,4.19,0.0
8455,2,446,1.444999999999975,0.05605381165919283,2018.7,4.19,0.0
8456,0,179,-0.8219999999999998,0.055865921787709494,2018.8,4.19,0.0
8457,2,461,1.4599999999999733,0.05639913232104121,2019.0,4.19,0.0
8458,1,314,0.3129999999999895,0.05732484076433121,2019.2,4.19,0.0
8459,1,339,0.33799999999998676,0.05604719764011799,2019.4,4.19,0.0
8460,0,179,-0.8219999999999998,0.055865921787709494,2019.5,4.19,0.0
8461,1,313,0.3119999999999896,0.05750798722044728,2019.6,4.19,0.0
8462,0,193,-0.8079999999999998,0.05699481865284974,2019.7,4.19,0.0
8463,0,190,-0.8109999999999998,0.05789473684210526,2019.8,4.19,0.0
8464,2,464,1.462999999999973,0.05603448275862069,2020.1,4.19,0.0
8465,1,322,0.32099999999998863,0.055900621118012424,2020.3,4.19,0.0
8466,2,446,1.444999999999975,0.05605381165919283,2020.5,4.19,0.0
8467,4,725,3.723999999999992,0.05655172413793103,2020.9,4.19,0.0
8468,1,313,0.3119999999999896,0.05750798722044728,2021.1,4.19,0.0
8469,3,579,2.5779999999999603,0.055267702936096716,2021.4,4.19,0.0
8470,2,446,1.444999999999975,0.05605381165919283,2021.6,4.19,0.0
8471,5,846,4.845000000000032,0.05555555555555555,2022.1,4.19,0.0
8472,1,313,0.3119999999999896,0.054313099041533544,2022.3,4.19,0.0
8473,0,196,-0.8049999999999998,0.05612244897959184,2022.4,4.19,0.0
8474,1,313,0.3119999999999896,0.05750798722044728,2022.6,4.19,0.0
8475,0,179,-0.8219999999999998,0.055865921787709494,2022.6,4.19,0.0
8476,1,313,0.3119999999999896,0.05750798722044728,2022.8,4.19,0.0
8477,2,446,1.444999999999975,0.05605381165919283,2023.0,4.19,0.0
8478,4,713,3.711999999999988,0.056100981767180924,2023.4,4.19,0.0
8479,1,313,0.3119999999999896,0.054313099041533544,2023.6,4.19,0.0
8480,0,187,-0.8139999999999998,0.058823529411764705,2023.7,4.19,0.0
8481,0,179,-0.8219999999999998,0.055865921787709494,2023.8,4.19,0.0
8482,0,179,-0.8219999999999998,0.055865921787709494,2023.9,4.19,0.0
8483,0,179,-0.8219999999999998,0.055865921787709494,2024.0,4.19,0.0
8484,0,179,-0.8219999999999998,0.055865921787709494,2024.1,4.19,0.0
8485,1,340,0.33899999999998665,0.05588235294117647,2024.3,4.19,0.0
8486,1,313,0.3119999999999896,0.054313099041533544,2024.4,4.19,0.0
8487,1,319,0.31799999999998896,0.05642633228840126,2024.6,4.19,0.0
8488,6,1005,6.004000000000084,0.05572139303482587,2025.1,4.19,0.0
8489,2,457,1.4559999999999738,0.05689277899343545,2025.4,4.19,0.0
8490,2,446,1.444999999999975,0.053811659192825115,2025.6,4.19,0.0
8491,2,446,1.444999999999975,0.05605381165919283,2025.9,4.19,0.0
8492,5,846,4.845000000000032,0.05555555555555555,2026.3,4.19,0.0
8493,2,446,1.444999999999975,0.05605381165919283,2026.5,4.19,0.0
8494,3,579,2.5779999999999603,0.055267702936096716,2026.9,4.19,0.0
8495,0,186,-0.8149999999999998,0.05913978494623656,2027.0,4.19,0.0
8496,0,183,-0.8179999999999998,0.060109289617486336,2027.1,4.19,0.0
8497,2,446,1.444999999999975,0.05605381165919283,2027.3,4.19,0.0
8498,0,179,-0.8219999999999998,0.055865921787709494,2027.4,4.19,0.0
8499,1,313,0.3119999999999896,0.05750798722044728,2027.5,4.19,0.0
8500,2,446,1.444999999999975,0.05605381165919283,2027.8,4.19,0.0
8501,2,449,1.4479999999999746,0.0556792873051225,2031.2,4.19,0.0
8502,1,313,0.3119999999999896,0.054313099041533544,2031.3,4.19,0.0
8503,1,313,0.3119999999999896,0.05750798722044728,2031.5,4.19,0.0
8504,2,446,1.444999999999975,0.05605381165919283,2031.8,4.19,0.0
8505,1,313,0.3119999999999896,0.054313099041533544,2031.9,4.19,0.0
8506,0,179,-0.8219999999999998,0.055865921787709494,2032.0,4.19,0.0
8507,2,446,1.444999999999975,0.05605381165919283,2032.3,4.19,0.0
8508,1,336,0.3349999999999871,0.05654761904761905,2032.4,4.19,0.0
8509,0,179,-0.8219999999999998,0.055865921787709494,2032.5,4.19,0.0
8510,2,446,1.444999999999975,0.05605381165919283,2032.8,4.19,0.0
8511,3,592,2.590999999999959,0.05574324324324324,2033.1,4.19,0.0
8512,5,846,4.845000000000032,0.05555555555555555,2033.5,4.19,0.0
8513,0,179,-0.8219999999999998,0.055865921787709494,2033.6,4.19,0.0
8514,1,337,0.335999999999987,0.05637982195845697,2033.8,4.19,0.0
8515,1,315,0.3139999999999894,0.05714285714285714,2034.0,4.19,0.0
8516,6,1003,6.002000000000083,0.05583250249252243,2034.5,4.19,0.0
8517,5,846,4.845000000000032,0.05555555555555555,2035.0,4.19,0.0
8518,6,979,5.978000000000075,0.05515832482124617,2035.5,4.19,0.0
8519,2,446,1.444999999999975,0.05605381165919283,2035.7,4.19,0.0
8520,4,713,3.711999999999988,0.056100981767180924,2036.1,4.18,0.0
8521,0,179,-0.8219999999999998,0.055865921787709494,2036.2,4.19,0.0
8522,0,189,-0.8119999999999998,0.0582010582010582,2036.3,4.19,0.0
8523,1,313,0.3119999999999896,0.054313099041533544,2036.5,4.19,0.0
8524,2,446,1.444999999999975,0.05605381165919283,2036.7,4.19,0.0
8525,4,713,3.711999999999988,0.056100981767180924,2037.1,4.19,0.0
8526,0,187,-0.8139999999999998,0.058823529411764705,2037.2,4.19,0.0
8527,0,179,-0.8219999999999998,0.055865921787709494,2037.3,4.19,0.0
8528,4,713,3.711999999999988,0.0546984572230014,2037.7,4.19,0.0
8529,3,579,2.5779999999999603,0.055267702936096716,2038.0,4.19,0.0
8530,0,187,-0.8139999999999998,0.058823529411764705,2038.1,4.19,0.0
8531,1,313,0.3119999999999896,0.05750798722044728,2038.2,4.19,0.0
8532,0,179,-0.8219999999999998,0.055865921787709494,2038.3,4.19,0.0
8533,0,179,-0.8219999999999998,0.055865921787709494,2038.4,4.19,0.0
8534,2,446,1.444999999999975,0.053811659192825115,2038.7,4.19,0.0
8535,0,179,-0.8219999999999998,0.055865921787709494,2038.8,4.19,0.0
8536,2,459,1.4579999999999735,0.05664488017429194,2039.0,4.19,0.0
8537,2,446,1.444999999999975,0.05605381165919283,2039.2,4.19,0.0
8538,2,446,1.444999999999975,0.05605381165919283,2039.5,4.19,0.0
8539,4,713,3.711999999999988,0.056100981767180924,2039.9,4.19,0.0
8540,0,179,-0.8219999999999998,0.055865921787709494,2040.0,4.19,0.0
8541,1,321,0.31999999999998874,0.056074766355140186,2040.1,4.19,0.0
8542,1,313,0.3119999999999896,0.054313099041533544,2040.3,4.19,0.0
8543,0,179,-0.8219999999999998,0.055865921787709494,2040.4,4.19,0.0
8544,2,467,1.4659999999999727,0.055674518201284794,2040.7,4.19,0.0
8545,4,713,3.711999999999988,0.056100981767180924,2041.0,4.19,0.0
8546,1,315,0.3139999999999894,0.05714285714285714,2041.2,4.19,0.0
8547,0,190,-0.8109999999999998,0.05789473684210526,2041.3,4.19,0.0
8548,0,190,-0.8109999999999998,0.05789473684210526,2041.4,4.19,0.0
8549,0,179,-0.8219999999999998,0.055865921787709494,2041.5,4.19,0.0
8550,1,319,0.31799999999998896,0.05642633228840126,2041.7,4.19,0.0
8551,0,179,-0.8219999999999998,0.055865921787709494,2041.8,4.19,0.0
8552,0,197,-0.8039999999999998,0.05583756345177665,2041.9,4.19,0.0
8553,3,588,2.5869999999999593,0.05612244897959184,2042.2,4.19,0.0
8554,2,446,1.444999999999975,0.053811659192825115,2042.4,4.19,0.0
8555,3,579,2.5779999999999603,0.055267702936096716,2042.7,4.19,0.0
8556,2,446,1.444999999999975,0.05605381165919283,2043.0,4.19,0.0
8557,1,316,0.3149999999999893,0.056962025316455694,2043.2,4.19,0.0
8558,3,589,2.587999999999959,0.05602716468590832,2043.5,4.19,0.0
8559,0,191,-0.8099999999999998,0.05759162303664921,2043.6,4.19,0.0
8560,6,1002,6.001000000000083,0.05588822355289421,2044.1,4.19,0.0
8561,0,192,-0.8089999999999998,0.057291666666666664,2044.2,4.19,0.0
8562,0,192,-0.8089999999999998,0.057291666666666664,2044.3,4.19,0.0
8563,1,313,0.3119999999999896,0.054313099041533544,2044.5,4.19,0.0
8564,0,186,-0.8149999999999998,0.05913978494623656,2044.6,4.19,0.0
8565,3,585,2.5839999999999597,0.05641025641025641,2044.9,4.19,0.0
8566,3,585,2.5839999999999597,0.05641025641025641,2045.2,4.19,0.0
8567,1,335,0.3339999999999872,0.056716417910447764,2045.4,4.19,0.0
8568,1,339,0.33799999999998676,0.05604719764011799,2045.6,4.19,0.0
8569,1,313,0.3119999999999896,0.05750798722044728,2045.7,4.19,0.0
8570,3,579,2.5779999999999603,0.055267702936096716,2046.0,4.19,0.0
8571,1,316,0.3149999999999893,0.056962025316455694,2046.2,4.19,0.0
8572,6,989,5.988000000000079,0.055611729019211326,2046.7,4.19,0.0
8573,1,313,0.3119999999999896,0.054313099041533544,2046.9,4.19,0.0
8574,0,179,-0.8219999999999998,0.055865921787709494,2047.0,4.19,0.0
8575,2,446,1.444999999999975,0.05605381165919283,2047.3,4.19,0.0
8576,0,190,-0.8109999999999998,0.05789473684210526,2047.4,4.19,0.0
8577,0,179,-0.8219999999999998,0.055865921787709494,2047.4,4.19,0.0
8578,4,733,3.731999999999995,0.05593451568894952,2047.8,4.19,0.0
8579,7,1113,7.112000000000036,0.05480682839173405,2048.4,4.19,0.0
8580,3,579,2.5779999999999603,0.055267702936096716,2048.7,4.19,0.0
8581,2,446,1.444999999999975,0.05605381165919283,2049.0,4.19,0.0
8582,3,581,2.57999999999996,0.05679862306368331,2049.3,4.19,0.0
8583,4,713,3.711999999999988,0.056100981767180924,2049.7,4.19,0.0
8584,7,1129,7.128000000000027,0.05580159433126661,2050.3,4.19,0.0
8585,0,183,-0.8179999999999998,0.060109289617486336,2050.4,4.19,0.0
8586,2,464,1.462999999999973,0.05603448275862069,2050.6,4.19,0.0
8587,6,979,5.978000000000075,0.05515832482124617,2051.2,4.19,0.0
8588,0,185,-0.8159999999999998,0.05945945945945946,2051.3,4.19,0.0
8589,0,179,-0.8219999999999998,0.055865921787709494,2051.4,4.19,0.0
8590,2,446,1.444999999999975,0.05605381165919283,2051.6,4.19,0.0
8591,7,1113,7.112000000000036,0.055705300988319856,2052.2,4.19,0.0
8592,2,446,1.444999999999975,0.05605381165919283,2052.4,4.19,0.0
8593,0,194,-0.8069999999999998,0.05670103092783505,2052.5,4.19,0.0
8594,1,313,0.3119999999999896,0.054313099041533544,2052.7,4.19,0.0
8595,1,313,0.3119999999999896,0.05750798722044728,2052.9,4.19,0.0
8596,0,179,-0.8219999999999998,0.055865921787709494,2053.0,4.19,0.0
8597,3,579,2.5779999999999603,0.055267702936096716,2053.3,4.19,0.0
8598,1,313,0.3119999999999896,0.054313099041533544,2053.4,4.19,0.0
8599,0,179,-0.8219999999999998,0.055865921787709494,2053.5,4.19,0.0
8600,1,313,0.3119999999999896,0.054313099041533544,2053.7,4.19,0.0
8601,4,732,3.7309999999999945,0.056010928961748634,2054.1,4.19,0.0
8602,0,179,-0.8219999999999998,0.055865921787709494,2054.2,4.19,0.0
8603,0,179,-0.8219999999999998,0.055865921787709494,2054.3,4.19,0.0
8604,0,187,-0.8139999999999998,0.058823529411764705,2054.4,4.19,0.0
8605,5,846,4.845000000000032,0.05555555555555555,2054.8,4.19,0.0
8606,2,446,1.444999999999975,0.05605381165919283,2055.1,4.19,0.0
8607,0,187,-0.8139999999999998,0.058823529411764705,2055.2,4.19,0.0
8608,3,579,2.5779999999999603,0.055267702936096716,2055.5,4.19,0.0
8609,0,187,-0.8139999999999998,0.058823529411764705,2055.6,4.19,0.0
8610,2,446,1.444999999999975,0.05605381165919283,2055.8,4.19,0.0
8611,1,313,0.3119999999999896,0.054313099041533544,2056.0,4.19,0.0
8612,3,590,2.588999999999959,0.05593220338983051,2056.3,4.19,0.0
8613,0,192,-0.8089999999999998,0.057291666666666664,2056.4,4.19,0.0
8614,0,179,-0.8219999999999998,0.055865921787709494,2056.5,4.19,0.0
8615,0,191,-0.8099999999999998,0.05759162303664921,2056.6,4.19,0.0
8616,1,313,0.3119999999999896,0.054313099041533544,2056.8,4.19,0.0
8617,1,313,0.3119999999999896,0.05750798722044728,2057.0,4.19,0.0
8618,4,713,3.711999999999988,0.056100981767180924,2057.4,4.19,0.0
8619,2,446,1.444999999999975,0.05605381165919283,2057.6,4.19,0.0
8620,3,579,2.5779999999999603,0.055267702936096716,2057.9,4.19,0.0
8621,2,446,1.444999999999975,0.05605381165919283,2058.2,4.19,0.0
8622,1,336,0.3349999999999871,0.05654761904761905,2058.3,4.19,0.0
8623,3,579,2.5779999999999603,0.055267702936096716,2058.7,4.19,0.0
8624,2,457,1.4559999999999738,0.05689277899343545,2058.9,4.19,0.0
8625,4,716,3.714999999999989,0.055865921787709494,2059.3,4.19,0.0
8626,0,188,-0.8129999999999998,0.05851063829787234,2059.4,4.19,0.0
8627,3,579,2.5779999999999603,0.055267702936096716,2059.7,4.19,0.0
8628,4,713,3.711999999999988,0.056100981767180924,2060.1,4.19,0.0
8629,7,1130,7.129000000000026,0.05575221238938053,2060.7,4.19,0.0
8630,4,713,3.711999999999988,0.0546984572230014,2061.1,4.19,0.0
8631,0,179,-0.8219999999999998,0.055865921787709494,2061.2,4.19,0.0
8632,3,592,2.590999999999959,0.05574324324324324,2061.5,4.19,0.0
8633,1,318,0.31699999999998907,0.05660377358490566,2061.7,4.19,0.0
8634,0,179,-0.8219999999999998,0.055865921787709494,2061.8,4.19,0.0
8635,1,313,0.3119999999999896,0.05750798722044728,2061.9,4.19,0.0
8636,2,446,1.444999999999975,0.05605381165919283,2062.2,4.19,0.0
8637,1,313,0.3119999999999896,0.054313099041533544,2062.4,4.19,0.0
8638,5,858,4.857000000000036,0.055944055944055944,2062.8,4.19,0.0
8639,2,446,1.444999999999975,0.05605381165919283,2063.0,4.19,0.0
8640,3,579,2.5779999999999603,0.05699481865284974,2063.4,4.19,0.0
8641,1,335,0.3339999999999872,0.056716417910447764,2063.6,4.19,0.0
8642,1,313,0.3119999999999896,0.05750798722044728,2063.7,4.19,0.0
8643,0,187,-0.8139999999999998,0.058823529411764705,2063.8,4.19,0.0
8644,2,462,1.4609999999999732,0.05627705627705628,2064.1,4.19,0.0
8645,0,179,-0.8219999999999998,0.055865921787709494,2064.2,4.19,0.0
8646,4,714,3.7129999999999885,0.056022408963585436,2064.5,4.19,0.0
8647,1,340,0.33899999999998665,0.05588235294117647,2064.7,4.19,0.0
8648,0,179,-0.8219999999999998,0.055865921787709494,2064.8,4.19,0.0
8649,1,313,0.3119999999999896,0.054313099041533544,2065.0,4.19,0.0
8650,2,446,1.444999999999975,0.05605381165919283,2065.2,4.19,0.0
8651,0,187,-0.8139999999999998,0.058823529411764705,2065.3,4.19,0.0
8652,2,446,1.444999999999975,0.05605381165919283,2065.5,4.19,0.0
8653,0,179,-0.8219999999999998,0.055865921787709494,2065.7,4.19,0.0
8654,3,591,2.589999999999959,0.05583756345177665,2066.0,4.19,0.0
8655,5,846,4.845000000000032,0.05555555555555555,2066.4,4.19,0.0
8656,4,713,3.711999999999988,0.0546984572230014,2066.8,4.19,0.0
8657,2,457,1.4559999999999738,0.05689277899343545,2067.1,4.19,0.0
8658,0,179,-0.8219999999999998,0.055865921787709494,2067.2,4.19,0.0
8659,3,579,2.5779999999999603,0.055267702936096716,2067.4,4.19,0.0
8660,5,846,4.845000000000032,0.05555555555555555,2067.9,4.19,0.0
8661,2,456,1.4549999999999739,0.05701754385964912,2068.2,4.19,0.0
8662,1,313,0.3119999999999896,0.054313099041533544,2068.3,4.19,0.0
8663,0,186,-0.8149999999999998,0.05913978494623656,2068.4,4.19,0.0
8664,0,179,-0.8219999999999998,0.055865921787709494,2068.5,4.19,0.0
8665,2,446,1.444999999999975,0.05605381165919283,2068.8,4.19,0.0
8666,0,179,-0.8219999999999998,0.055865921787709494,2068.9,4.19,0.0
8667,2,454,1.452999999999974,0.05726872246696035,2069.1,4.19,0.0
8668,3,609,2.607999999999957,0.05582922824302135,2069.4,4.19,0.0
8669,0,189,-0.8119999999999998,0.0582010582010582,2069.5,4.19,0.0
8670,2,446,1.444999999999975,0.05605381165919283,2069.8,4.19,0.0
8671,1,338,0.33699999999998687,0.05621301775147929,2070.0,4.19,0.0
8672,0,179,-0.8219999999999998,0.055865921787709494,2070.1,4.19,0.0
8673,2,460,1.4589999999999734,0.05652173913043478,2070.3,4.19,0.0
8674,5,846,4.845000000000032,0.05555555555555555,2070.8,4.19,0.0
8675,5,856,4.855000000000035,0.056074766355140186,2071.2,4.19,0.0
8676,3,582,2.58099999999996,0.05670103092783505,2071.5,4.19,0.0
8677,0,179,-0.8219999999999998,0.055865921787709494,2071.6,4.19,0.0
8678,1,313,0.3119999999999896,0.05750798722044728,2071.8,4.19,0.0
8679,1,336,0.3349999999999871,0.05654761904761905,2072.0,4.19,0.0
8680,2,446,1.444999999999975,0.053811659192825115,2072.2,4.19,0.0
8681,3,579,2.5779999999999603,0.055267702936096716,2072.5,4.19,0.0
8682,6,979,5.978000000000075,0.056179775280898875,2073.0,4.19,0.0
8683,4,713,3.711999999999988,0.056100981767180924,2073.4,4.19,0.0
8684,1,313,0.3119999999999896,0.054313099041533544,2073.6,4.19,0.0
8685,0,179,-0.8219999999999998,0.055865921787709494,2073.7,4.19,0.0
8686,0,179,-0.8219999999999998,0.055865921787709494,2073.8,4.19,0.0
8687,1,336,0.3349999999999871,0.05654761904761905,2074.0,4.19,0.0
8688,1,335,0.3339999999999872,0.056716417910447764,2074.1,4.19,0.0
8689,3,610,2.608999999999957,0.05573770491803279,2074.5,4.19,0.0
8690,3,585,2.5839999999999597,0.05641025641025641,2074.8,4.19,0.0
8691,1,313,0.3119999999999896,0.054313099041533544,2074.9,4.19,0.0
8692,9,1379,9.377999999999888,0.05583756345177665,2075.7,4.19,0.0
8693,1,316,0.3149999999999893,0.056962025316455694,2075.9,4.19,0.0
8694,1,313,0.3119999999999896,0.054313099041533544,2076.0,4.19,0.0
8695,0,179,-0.8219999999999998,0.055865921787709494,2076.1,4.19,0.0
8696,6,988,5.987000000000078,0.05566801619433198,2076.7,4.19,0.0
8697,3,586,2.5849999999999596,0.05631399317406143,2077.0,4.19,0.0
8698,3,581,2.57999999999996,0.05679862306368331,2077.3,4.19,0.0
8699,1,313,0.3119999999999896,0.054313099041533544,2077.4,4.19,0.0
8700,5,846,4.845000000000032,0.05555555555555555,2077.9,4.19,0.0
8701,0,192,-0.8089999999999998,0.057291666666666664,2078.0,4.19,0.0
8702,0,179,-0.8219999999999998,0.055865921787709494,2078.1,4.19,0.0
8703,3,579,2.5779999999999603,0.05699481865284974,2078.4,4.19,0.0
8704,1,313,0.3119999999999896,0.054313099041533544,2078.6,4.19,0.0
8705,2,446,1.444999999999975,0.05605381165919283,2078.8,4.19,0.0
8706,2,453,1.4519999999999742,0.05739514348785872,2079.0,4.19,0.0
8707,0,179,-0.8219999999999998,0.055865921787709494,2079.1,4.19,0.0
8708,1,316,0.3149999999999893,0.056962025316455694,2079.3,4.19,0.0
8709,6,979,5.978000000000075,0.05515832482124617,2079.8,4.19,0.0
8710,1,336,0.3349999999999871,0.05654761904761905,2080.0,4.19,0.0
8711,3,581,2.57999999999996,0.05679862306368331,2080.3,4.19,0.0
8712,3,579,2.5779999999999603,0.055267702936096716,2080.6,4.19,0.0
8713,7,1113,7.112000000000036,0.055705300988319856,2081.2,4.19,0.0
8714,4,713,3.711999999999988,0.056100981767180924,2081.6,4.19,0.0
8715,0,185,-0.8159999999999998,0.05945945945945946,2081.7,4.19,0.0
8716,0,191,-0.8099999999999998,0.05759162303664921,2081.8,4.19,0.0
8717,2,446,1.444999999999975,0.053811659192825115,2082.0,4.19,0.0
8718,1,321,0.31999999999998874,0.056074766355140186,2082.2,4.19,0.0
8719,2,461,1.4599999999999733,0.05639913232104121,2082.5,4.19,0.0
8720,3,579,2.5779999999999603,0.055267702936096716,2082.8,4.19,0.0
8721,0,184,-0.8169999999999998,0.059782608695652176,2082.9,4.19,0.0
8722,6,979,5.978000000000075,0.05515832482124617,2083.4,4.19,0.0
8723,3,583,2.58199999999996,0.05660377358490566,2083.7,4.19,0.0
8724,0,186,-0.8149999999999998,0.05913978494623656,2083.8,4.19,0.0
8725,2,446,1.444999999999975,0.05605381165919283,2084.0,4.19,0.0
8726,0,179,-0.8219999999999998,0.055865921787709494,2084.1,4.19,0.0
8727,2,446,1.444999999999975,0.05605381165919283,2084.4,4.19,0.0
8728,0,179,-0.8219999999999998,0.055865921787709494,2084.5,4.19,0.0
8729,1,313,0.3119999999999896,0.054313099041533544,2084.6,4.19,0.0
8730,0,210,-0.7909999999999998,0.05714285714285714,2084.7,4.19,0.0
8731,1,313,0.3119999999999896,0.054313099041533544,2084.9,4.19,0.0
8732,1,337,0.335999999999987,0.05637982195845697,2085.1,4.19,0.0
8733,0,187,-0.8139999999999998,0.058823529411764705,2085.2,4.19,0.0
8734,0,186,-0.8149999999999998,0.05913978494623656,2085.3,4.19,0.0
8735,0,179,-0.8219999999999998,0.055865921787709494,2085.4,4.19,0.0
8736,4,713,3.711999999999988,0.0546984572230014,2085.8,4.19,0.0
8737,2,456,1.4549999999999739,0.05701754385964912,2086.0,4.19,0.0
8738,2,462,1.4609999999999732,0.05627705627705628,2086.3,4.19,0.0
8739,2,446,1.444999999999975,0.05605381165919283,2086.5,4.19,0.0
8740,0,179,-0.8219999999999998,0.055865921787709494,2086.6,4.19,0.0
8741,3,579,2.5779999999999603,0.055267702936096716,2086.9,4.19,0.0
8742,3,588,2.5869999999999593,0.05612244897959184,2087.2,4.19,0.0
8743,1,313,0.3119999999999896,0.054313099041533544,2087.4,4.19,0.0
8744,2,446,1.444999999999975,0.05605381165919283,2087.6,4.19,0.0
8745,2,446,1.444999999999975,0.053811659192825115,2087.9,4.19,0.0
8746,1,337,0.335999999999987,0.05637982195845697,2088.0,4.19,0.0
8747,3,579,2.5779999999999603,0.055267702936096716,2088.3,4.19,0.0
8748,5,846,4.845000000000032,0.05555555555555555,2088.8,4.19,0.0
8749,8,1246,8.244999999999962,0.05537720706260032,2089.4,4.19,0.0
8750,3,579,2.5779999999999603,0.055267702936096716,2089.8,4.19,0.0
8751,0,179,-0.8219999999999998,0.055865921787709494,2089.9,4.19,0.0
8752,1,313,0.3119999999999896,0.054313099041533544,2090.0,4.19,0.0
8753,0,189,-0.8119999999999998,0.0582010582010582,2090.1,4.19,0.0
8754,2,448,1.4469999999999748,0.05580357142857143,2090.4,4.19,0.0
8755,5,846,4.845000000000032,0.05555555555555555,2090.8,4.19,0.0
8756,5,846,4.845000000000032,0.05555555555555555,2091.3,4.19,0.0
8757,0,184,-0.8169999999999998,0.059782608695652176,2091.4,4.19,0.0
8758,1,317,0.3159999999999892,0.056782334384858045,2091.5,4.19,0.0
8759,2,446,1.444999999999975,0.05605381165919283,2091.8,4.19,0.0
8760,4,730,3.728999999999994,0.056164383561643834,2092.2,4.19,0.0
8761,2,446,1.444999999999975,0.05605381165919283,2092.4,4.19,0.0
8762,4,713,3.711999999999988,0.0546984572230014,2092.8,4.19,0.0
8763,1,313,0.3119999999999896,0.054313099041533544,2093.0,4.19,0.0
8764,0,191,-0.8099999999999998,0.05759162303664921,2093.1,4.19,0.0
8765,4,713,3.711999999999988,0.056100981767180924,2093.4,4.19,0.0
8766,0,193,-0.8079999999999998,0.05699481865284974,2093.5,4.19,0.0
8767,0,179,-0.8219999999999998,0.055865921787709494,2093.6,4.19,0.0
8768,0,179,-0.8219999999999998,0.055865921787709494,2093.7,4.19,0.0
8769,1,337,0.335999999999987,0.05637982195845697,2093.9,4.19,0.0
8770,2,446,1.444999999999975,0.05605381165919283,2094.2,4.19,0.0
8771,2,446,1.444999999999975,0.05605381165919283,2094.4,4.19,0.0
8772,2,461,1.4599999999999733,0.05639913232104121,2094.6,4.19,0.0
8773,7,1113,7.112000000000036,0.055705300988319856,2095.2,4.19,0.0
8774,2,456,1.4549999999999739,0.05701754385964912,2095.5,4.19,0.0
8775,0,179,-0.8219999999999998,0.055865921787709494,2095.6,4.19,0.0
8776,1,315,0.3139999999999894,0.05714285714285714,2095.7,4.19,0.0
8777,6,979,5.978000000000075,0.056179775280898875,2096.3,4.19,0.0
8778,0,186,-0.8149999999999998,0.05913978494623656,2096.4,4.19,0.0
8779,3,579,2.5779999999999603,0.05699481865284974,2096.7,4.19,0.0
8780,2,446,1.444999999999975,0.053811659192825115,2096.9,4.19,0.0
8781,1,313,0.3119999999999896,0.05750798722044728,2097.1,4.19,0.0
8782,4,716,3.714999999999989,0.055865921787709494,2097.5,4.19,0.0
8783,0,196,-0.8049999999999998,0.05612244897959184,2097.6,4.19,0.0
8784,3,579,2.5779999999999603,0.055267702936096716,2097.9,4.19,0.0
8785,0,184,-0.8169999999999998,0.059782608695652176,2098.0,4.19,0.0
8786,0,179,-0.8219999999999998,0.055865921787709494,2098.1,4.19,0.0
8787,4,728,3.726999999999993,0.05631868131868132,2098.5,4.19,0.0
8788,4,713,3.711999999999988,0.056100981767180924,2098.9,4.19,0.0
8789,0,189,-0.8119999999999998,0.0582010582010582,2099.0,4.19,0.0
8790,2,464,1.462999999999973,0.05603448275862069,2099.2,4.19,0.0
8791,3,609,2.607999999999957,0.05582922824302135,2099.5,4.19,0.0
8792,1,313,0.3119999999999896,0.054313099041533544,2099.7,4.19,0.0
8793,4,736,3.734999999999996,0.05570652173913043,2100.1,4.19,0.0
8794,0,190,-0.8109999999999998,0.05789473684210526,2100.2,4.19,0.0
8795,0,191,-0.8099999999999998,0.05759162303664921,2100.3,4.19,0.0
8796,2,447,1.4459999999999749,0.05592841163310962,2100.5,4.19,0.0
8797,2,446,1.444999999999975,0.05605381165919283,2100.8,4.19,0.0
8798,2,446,1.444999999999975,0.053811659192825115,2101.0,4.19,0.0
8799,1,313,0.3119999999999896,0.054313099041533544,2101.2,4.19,0.0
8800,2,446,1.444999999999975,0.05605381165919283,2101.4,4.19,0.0
8801,0,179,-0.8219999999999998,0.055865921787709494,2101.5,4.19,0.0
8802,2,461,1.4599999999999733,0.05639913232104121,2101.7,4.19,0.0
8803,1,335,0.3339999999999872,0.056716417910447764,2101.9,4.19,0.0
8804,0,179,-0.8219999999999998,0.055865921787709494,2102.0,4.19,0.0
8805,10,1513,10.511999999999814,0.05551883674818242,2102.8,4.19,0.0
8806,0,189,-0.8119999999999998,0.0582010582010582,2102.9,4.19,0.0
8807,1,313,0.3119999999999896,0.054313099041533544,2103.1,4.19,0.0
8808,0,194,-0.8069999999999998,0.05670103092783505,2103.2,4.19,0.0
8809,4,620,3.618999999999957,0.056451612903225805,2103.5,4.19,0.0
8810,1,339,0.33799999999998676,0.05604719764011799,2103.7,4.19,0.0
8811,2,446,1.444999999999975,0.05605381165919283,2104.0,4.19,0.0
8812,2,446,1.444999999999975,0.05605381165919283,2104.2,4.19,0.0
8813,0,185,-0.8159999999999998,0.05945945945945946,2104.3,4.19,0.0
8814,1,221,0.21999999999999975,0.058823529411764705,2104.4,4.19,0.0
8815,2,466,1.4649999999999728,0.055793991416309016,2104.7,4.19,0.0
8816,1,313,0.3119999999999896,0.054313099041533544,2104.8,4.19,0.0
8817,2,446,1.444999999999975,0.053811659192825115,2105.1,4.19,0.0
8818,3,592,2.590999999999959,0.05574324324324324,2105.4,4.19,0.0
8819,1,313,0.3119999999999896,0.054313099041533544,2105.6,4.19,0.0
8820,1,338,0.33699999999998687,0.05621301775147929,2105.7,4.19,0.0
8821,2,463,1.461999999999973,0.056155507559395246,2106.0,4.19,0.0
8822,3,609,2.607999999999957,0.05582922824302135,2106.3,4.19,0.0
8823,4,713,3.711999999999988,0.056100981767180924,2106.7,4.19,0.0
8824,0,190,-0.8109999999999998,0.05789473684210526,2106.8,4.19,0.0
8825,0,179,-0.8219999999999998,0.055865921787709494,2106.9,4.19,0.0
8826,5,846,4.845000000000032,0.05555555555555555,2107.4,4.19,0.0
8827,2,446,1.444999999999975,0.05605381165919283,2107.6,4.19,0.0
8828,3,579,2.5779999999999603,0.055267702936096716,2107.9,4.19,0.0
8829,5,846,4.845000000000032,0.05555555555555555,2108.4,4.19,0.0
8830,5,846,4.845000000000032,0.05555555555555555,2108.8,4.19,0.0
8831,6,979,5.978000000000075,0.05515832482124617,2109.4,4.19,0.0
8832,3,581,2.57999999999996,0.05679862306368331,2109.7,4.19,0.0
8833,3,579,2.5779999999999603,0.055267702936096716,2110.0,4.19,0.0
8834,2,458,1.4569999999999736,0.056768558951965066,2110.2,4.19,0.0
8835,1,323,0.3219999999999885,0.05572755417956656,2110.4,4.19,0.0
8836,5,846,4.845000000000032,0.05555555555555555,2110.9,4.19,0.0
8837,0,191,-0.8099999999999998,0.05759162303664921,2111.0,4.19,0.0
8838,3,579,2.5779999999999603,0.05699481865284974,2111.3,4.19,0.0
8839,2,446,1.444999999999975,0.05605381165919283,2111.5,4.19,0.0
8840,1,313,0.3119999999999896,0.054313099041533544,2111.7,4.19,0.0
8841,3,579,2.5779999999999603,0.055267702936096716,2112.0,4.19,0.0
8842,0,179,-0.8219999999999998,0.055865921787709494,2112.1,4.19,0.0
8843,3,579,2.5779999999999603,0.055267702936096716,2112.4,4.19,0.0
8844,0,179,-0.8219999999999998,0.055865921787709494,2112.5,4.19,0.0
8845,1,320,0.31899999999998885,0.05625,2112.7,4.19,0.0
8846,0,179,-0.8219999999999998,0.055865921787709494,2112.8,4.19,0.0
8847,0,192,-0.8089999999999998,0.057291666666666664,2112.9,4.19,0.0
8848,5,846,4.845000000000032,0.05555555555555555,2113.3,4.19,0.0
8849,0,179,-0.8219999999999998,0.055865921787709494,2113.4,4.19,0.0
8850,0,179,-0.8219999999999998,0.055865921787709494,2113.5,4.19,0.0
8851,2,459,1.4579999999999735,0.05664488017429194,2113.8,4.19,0.0
8852,3,579,2.5779999999999603,0.055267702936096716,2114.1,4.19,0.0
8853,0,179,-0.8219999999999998,0.055865921787709494,2114.2,4.19,0.0
8854,5,846,4.845000000000032,0.05555555555555555,2114.6,4.19,0.0
8855,4,713,3.711999999999988,0.056100981767180924,2115.0,4.19,0.0
8856,2,446,1.444999999999975,0.053811659192825115,2115.2,4.19,0.0
8857,0,179,-0.8219999999999998,0.055865921787709494,2115.3,4.19,0.0
8858,2,455,1.453999999999974,0.05714285714285714,2115.6,4.19,0.0
8859,3,579,2.5779999999999603,0.055267702936096716,2115.9,4.19,0.0
8860,3,589,2.587999999999959,0.05602716468590832,2116.2,4.19,0.0
8861,2,466,1.4649999999999728,0.055793991416309016,2116.5,4.19,0.0
8862,3,579,2.5779999999999603,0.055267702936096716,2116.8,4.19,0.0
8863,0,179,-0.8219999999999998,0.055865921787709494,2116.9,4.19,0.0
8864,6,979,5.978000000000075,0.05515832482124617,2117.4,4.19,0.0
8865,1,313,0.3119999999999896,0.054313099041533544,2117.6,4.19,0.0
8866,1,313,0.3119999999999896,0.05750798722044728,2117.7,4.19,0.0
8867,2,446,1.444999999999975,0.05605381165919283,2118.0,4.19,0.0
8868,0,179,-0.8219999999999998,0.055865921787709494,2118.1,4.19,0.0
8869,4,714,3.7129999999999885,0.056022408963585436,2118.5,4.19,0.0
8870,1,313,0.3119999999999896,0.054313099041533544,2118.6,4.19,0.0
8871,2,447,1.4459999999999749,0.05592841163310962,2118.9,4.19,0.0
8872,3,579,2.5779999999999603,0.055267702936096716,2119.2,4.19,0.0
8873,0,179,-0.8219999999999998,0.055865921787709494,2119.3,4.19,0.0
8874,2,453,1.4519999999999742,0.05739514348785872,2119.5,4.19,0.0
8875,2,446,1.444999999999975,0.05605381165919283,2119.7,4.19,0.0
8876,2,446,1.444999999999975,0.05605381165919283,2120.0,4.19,0.0
8877,3,579,2.5779999999999603,0.055267702936096716,2120.3,4.19,0.0
8878,2,477,1.4759999999999716,0.05660377358490566,2120.5,4.19,0.0
8879,2,476,1.4749999999999717,0.05672268907563025,2120.8,4.19,0.0
8880,2,446,1.444999999999975,0.05605381165919283,2121.0,4.19,0.0
8881,0,179,-0.8219999999999998,0.055865921787709494,2121.1,4.19,0.0
8882,3,579,2.5779999999999603,0.055267702936096716,2121.4,4.19,0.0
8883,3,579,2.5779999999999603,0.055267702936096716,2121.7,4.19,0.0
8884,4,713,3.711999999999988,0.056100981767180924,2122.1,4.19,0.0
8885,2,446,1.444999999999975,0.05605381165919283,2122.3,4.19,0.0
8886,1,313,0.3119999999999896,0.054313099041533544,2122.5,4.19,0.0
8887,0,191,-0.8099999999999998,0.05759162303664921,2122.6,4.19,0.0
8888,0,179,-0.8219999999999998,0.055865921787709494,2122.7,4.19,0.0
8889,1,321,0.31999999999998874,0.056074766355140186,2122.9,4.19,0.0
8890,1,339,0.33799999999998676,0.05604719764011799,2123.0,4.19,0.0
8891,2,446,1.444999999999975,0.05605381165919283,2123.3,4.19,0.0
8892,1,313,0.3119999999999896,0.05750798722044728,2123.4,4.19,0.0
8893,0,188,-0.8129999999999998,0.05851063829787234,2123.5,4.19,0.0
8894,0,191,-0.8099999999999998,0.05759162303664921,2123.6,4.19,0.0
8895,2,446,1.444999999999975,0.05605381165919283,2123.9,4.19,0.0
8896,0,179,-0.8219999999999998,0.055865921787709494,2124.0,4.19,0.0
8897,0,186,-0.8149999999999998,0.05913978494623656,2124.1,4.19,0.0
8898,3,581,2.57999999999996,0.05679862306368331,2124.4,4.19,0.0
8899,0,179,-0.8219999999999998,0.055865921787709494,2124.5,4.19,0.0
8900,0,184,-0.8169999999999998,0.059782608695652176,2124.6,4.19,0.0
8901,5,851,4.850000000000033,0.0564042303172738,2125.0,4.19,0.0
8902,0,179,-0.8219999999999998,0.055865921787709494,2125.1,4.19,0.0
8903,2,446,1.444999999999975,0.05605381165919283,2125.4,4.19,0.0
8904,1,313,0.3119999999999896,0.05750798722044728,2125.5,4.19,0.0
8905,2,446,1.444999999999975,0.05605381165919283,2125.8,4.19,0.0
8906,1,313,0.3119999999999896,0.054313099041533544,2125.9,4.19,0.0
8907,2,446,1.444999999999975,0.05605381165919283,2126.2,4.19,0.0
8908,2,446,1.444999999999975,0.05605381165919283,2126.4,4.19,0.0
8909,3,579,2.5779999999999603,0.055267702936096716,2126.7,4.19,0.0
8910,0,187,-0.8139999999999998,0.058823529411764705,2126.8,4.19,0.0
8911,4,713,3.711999999999988,0.0546984572230014,2127.2,4.19,0.0
8912,2,460,1.4589999999999734,0.05652173913043478,2127.5,4.19,0.0
8913,1,313,0.3119999999999896,0.054313099041533544,2127.6,4.19,0.0
8914,3,585,2.5839999999999597,0.05641025641025641,2127.9,4.19,0.0
8915,0,179,-0.8219999999999998,0.055865921787709494,2128.0,4.19,0.0
8916,0,179,-0.8219999999999998,0.055865921787709494,2128.1,4.19,0.0
8917,1,316,0.3149999999999893,0.056962025316455694,2128.3,4.19,0.0
8918,3,591,2.589999999999959,0.05583756345177665,2128.6,4.19,0.0
8919,0,179,-0.8219999999999998,0.055865921787709494,2128.7,4.19,0.0
8920,2,446,1.444999999999975,0.05605381165919283,2129.0,4.19,0.0
8921,2,456,1.4549999999999739,0.05701754385964912,2129.2,4.19,0.0
8922,1,313,0.3119999999999896,0.054313099041533544,2129.4,4.19,0.0
8923,1,322,0.32099999999998863,0.055900621118012424,2129.5,4.19,0.0
8924,3,586,2.5849999999999596,0.05631399317406143,2129.8,4.19,0.0
8925,0,179,-0.8219999999999998,0.055865921787709494,2129.9,4.19,0.0
8926,1,313,0.3119999999999896,0.054313099041533544,2130.1,4.19,0.0
8927,1,313,0.3119999999999896,0.054313099041533544,2130.3,4.19,0.0
8928,2,446,1.444999999999975,0.05605381165919283,2130.5,4.19,0.0
8929,2,446,1.444999999999975,0.05605381165919283,2130.8,4.19,0.0
8930,0,184,-0.8169999999999998,0.059782608695652176,2130.9,4.19,0.0
8931,2,446,1.444999999999975,0.05605381165919283,2131.1,4.19,0.0
8932,2,458,1.4569999999999736,0.056768558951965066,2131.4,4.19,0.0
8933,0,179,-0.8219999999999998,0.055865921787709494,2131.5,4.19,0.0
8934,0,179,-0.8219999999999998,0.055865921787709494,2131.5,4.19,0.0
8935,2,446,1.444999999999975,0.05605381165919283,2131.8,4.19,0.0
8936,0,187,-0.8139999999999998,0.058823529411764705,2131.9,4.19,0.0
8937,2,446,1.444999999999975,0.05605381165919283,2132.1,4.19,0.0
8938,2,456,1.4549999999999739,0.05701754385964912,2132.4,4.19,0.0
8939,6,979,5.978000000000075,0.05515832482124617,2132.9,4.19,0.0
8940,1,337,0.335999999999987,0.05637982195845697,2133.0,4.19,0.0
8941,0,189,-0.8119999999999998,0.0582010582010582,2133.1,4.19,0.0
8942,4,713,3.711999999999988,0.056100981767180924,2133.5,4.19,0.0
8943,5,846,4.845000000000032,0.05555555555555555,2134.0,4.19,0.0
8944,5,846,4.845000000000032,0.05555555555555555,2134.5,4.19,0.0
8945,2,446,1.444999999999975,0.05605381165919283,2134.7,4.19,0.0
8946,1,313,0.3119999999999896,0.054313099041533544,2134.9,4.19,0.0
8947,0,179,-0.8219999999999998,0.055865921787709494,2135.0,4.19,0.0
8948,0,179,-0.8219999999999998,0.055865921787709494,2135.0,4.19,0.0
8949,0,192,-0.8089999999999998,0.057291666666666664,2135.1,4.19,0.0
8950,6,979,5.978000000000075,0.056179775280898875,2135.7,4.19,0.0
8951,2,463,1.461999999999973,0.056155507559395246,2135.9,4.19,0.0
8952,1,313,0.3119999999999896,0.05750798722044728,2136.1,4.19,0.0
8953,0,179,-0.8219999999999998,0.055865921787709494,2136.2,4.19,0.0
8954,4,713,3.711999999999988,0.0546984572230014,2136.6,4.19,0.0
8955,2,481,1.4799999999999711,0.056133056133056136,2136.8,4.19,0.0
8956,3,583,2.58199999999996,0.05660377358490566,2137.1,4.19,0.0
8957,1,317,0.3159999999999892,0.056782334384858045,2137.3,4.19,0.0
8958,2,446,1.444999999999975,0.05605381165919283,2137.6,4.19,0.0
8959,1,313,0.3119999999999896,0.054313099041533544,2137.7,4.19,0.0
8960,3,579,2.5779999999999603,0.055267702936096716,2138.0,4.19,0.0
8961,1,320,0.31899999999998885,0.05625,2138.2,4.19,0.0
8962,0,179,-0.8219999999999998,0.055865921787709494,2138.3,4.19,0.0
8963,1,313,0.3119999999999896,0.054313099041533544,2138.4,4.19,0.0
8964,2,446,1.444999999999975,0.05605381165919283,2138.7,4.19,0.0
8965,0,182,-0.8189999999999998,0.06043956043956044,2138.8,4.19,0.0
8966,1,313,0.3119999999999896,0.05750798722044728,2138.9,4.19,0.0
8967,0,193,-0.8079999999999998,0.05699481865284974,2139.0,4.19,0.0
8968,1,313,0.3119999999999896,0.05750798722044728,2139.2,4.19,0.0
8969,2,461,1.4599999999999733,0.05639913232104121,2139.5,4.19,0.0
8970,2,459,1.4579999999999735,0.05664488017429194,2139.7,4.19,0.0
8971,3,609,2.607999999999957,0.05582922824302135,2140.0,4.19,0.0
8972,1,313,0.3119999999999896,0.054313099041533544,2140.2,4.19,0.0
8973,1,313,0.3119999999999896,0.05750798722044728,2140.4,4.19,0.0
8974,2,457,1.4559999999999738,0.05689277899343545,2140.6,4.19,0.0
8975,1,313,0.3119999999999896,0.05750798722044728,2140.8,4.19,0.0
8976,1,313,0.3119999999999896,0.054313099041533544,2140.9,4.19,0.0
8977,3,579,2.5779999999999603,0.055267702936096716,2141.3,4.19,0.0
8978,3,579,2.5779999999999603,0.055267702936096716,2141.6,4.19,0.0
8979,4,731,3.729999999999994,0.0560875512995896,2142.0,4.19,0.0
8980,2,446,1.444999999999975,0.05605381165919283,2142.2,4.19,0.0
8981,1,313,0.3119999999999896,0.054313099041533544,2142.4,4.19,0.0
8982,3,579,2.5779999999999603,0.055267702936096716,2142.7,4.19,0.0
8983,1,337,0.335999999999987,0.05637982195845697,2142.9,4.19,0.0
8984,0,182,-0.8189999999999998,0.06043956043956044,2143.0,4.19,0.0
8985,6,979,5.978000000000075,0.05515832482124617,2143.5,4.19,0.0
8986,5,846,4.845000000000032,0.05555555555555555,2143.9,4.19,0.0
8987,7,1113,7.112000000000036,0.055705300988319856,2144.5,4.19,0.0
8988,1,313,0.3119999999999896,0.05750798722044728,2144.7,4.19,0.0
8989,1,315,0.3139999999999894,0.05714285714285714,2144.9,4.19,0.0
8990,3,584,2.5829999999999598,0.05650684931506849,2145.2,4.19,0.0
8991,0,187,-0.8139999999999998,0.058823529411764705,2145.3,4.19,0.0
8992,1,313,0.3119999999999896,0.054313099041533544,2145.5,4.19,0.0
8993,2,456,1.4549999999999739,0.05701754385964912,2145.7,4.19,0.0
8994,3,584,2.5829999999999598,0.05650684931506849,2146.0,4.19,0.0
8995,0,179,-0.8219999999999998,0.055865921787709494,2146.1,4.19,0.0
8996,2,452,1.4509999999999743,0.05752212389380531,2146.4,4.19,0.0
8997,0,179,-0.8219999999999998,0.055865921787709494,2146.5,4.19,0.0
8998,6,1007,6.006000000000085,0.05561072492552135,2147.0,4.19,0.0
8999,0,179,-0.8219999999999998,0.055865921787709494,2147.1,4.19,0.0
9000,4,727,3.725999999999993,0.05639614855570839,2147.5,4.19,0.0
9001,6,979,5.978000000000075,0.05515832482124617,2151.1,4.18,0.0
9002,3,588,2.5869999999999593,0.05612244897959184,2151.4,4.18,0.0
9003,4,713,3.711999999999988,0.056100981767180924,2151.8,4.18,0.0
9004,8,1246,8.244999999999962,0.05537720706260032,2152.5,4.18,0.0
9005,1,313,0.3119999999999896,0.05750798722044728,2152.6,4.18,0.0
9006,0,179,-0.8219999999999998,0.055865921787709494,2152.7,4.18,0.0
9007,2,458,1.4569999999999736,0.056768558951965066,2153.0,4.18,0.0
9008,1,313,0.3119999999999896,0.054313099041533544,2153.2,4.18,0.0
9009,1,338,0.33699999999998687,0.05621301775147929,2153.3,4.18,0.0
9010,13,1939,13.937999999999578,0.0556988138215575,2154.4,4.18,0.0
9011,1,313,0.3119999999999896,0.05750798722044728,2154.5,4.18,0.0
9012,1,313,0.3119999999999896,0.054313099041533544,2154.7,4.18,0.0
9013,3,579,2.5779999999999603,0.055267702936096716,2155.0,4.18,0.0
9014,0,187,-0.8139999999999998,0.058823529411764705,2155.1,4.18,0.0
9015,2,446,1.444999999999975,0.05605381165919283,2155.4,4.18,0.0
9016,2,446,1.444999999999975,0.05605381165919283,2155.6,4.18,0.0
9017,0,179,-0.8219999999999998,0.055865921787709494,2155.7,4.18,0.0
9018,0,179,-0.8219999999999998,0.055865921787709494,2155.8,4.18,0.0
9019,1,313,0.3119999999999896,0.05750798722044728,2155.9,4.18,0.0
9020,1,313,0.3119999999999896,0.05750798722044728,2156.1,4.18,0.0
9021,0,183,-0.8179999999999998,0.060109289617486336,2156.2,4.18,0.0
9022,0,189,-0.8119999999999998,0.0582010582010582,2156.3,4.18,0.0
9023,1,313,0.3119999999999896,0.054313099041533544,2156.5,4.18,0.0
9024,0,179,-0.8219999999999998,0.055865921787709494,2156.6,4.18,0.0
9025,0,182,-0.8189999999999998,0.06043956043956044,2156.7,4.19,0.0
9026,6,979,5.978000000000075,0.05515832482124617,2157.2,4.18,0.0
9027,2,458,1.4569999999999736,0.056768558951965066,2157.4,4.18,0.0
9028,0,179,-0.8219999999999998,0.055865921787709494,2157.5,4.18,0.0
9029,3,580,2.57899999999996,0.056896551724137934,2157.8,4.18,0.0
9030,6,1005,6.004000000000084,0.05572139303482587,2158.4,4.18,0.0
9031,1,313,0.3119999999999896,0.054313099041533544,2158.6,4.18,0.0
9032,3,579,2.5779999999999603,0.055267702936096716,2158.9,4.18,0.0
9033,0,186,-0.8149999999999998,0.05913978494623656,2159.0,4.18,0.0
9034,1,313,0.3119999999999896,0.05750798722044728,2159.1,4.18,0.0
9035,3,579,2.5779999999999603,0.05699481865284974,2159.4,4.18,0.0
9036,4,713,3.711999999999988,0.0546984572230014,2159.8,4.18,0.0
9037,12,1779,12.777999999999667,0.05564924114671164,2160.8,4.18,0.0
9038,1,313,0.3119999999999896,0.05750798722044728,2160.9,4.18,0.0
9039,0,197,-0.8039999999999998,0.05583756345177665,2161.1,4.18,0.0
9040,3,579,2.5779999999999603,0.055267702936096716,2161.4,4.18,0.0
9041,1,313,0.3119999999999896,0.05750798722044728,2161.5,4.18,0.0
9042,4,713,3.711999999999988,0.0546984572230014,2161.9,4.18,0.0
9043,6,988,5.987000000000078,0.05566801619433198,2162.4,4.18,0.0
9044,1,313,0.3119999999999896,0.05750798722044728,2162.6,4.18,0.0
9045,0,179,-0.8219999999999998,0.055865921787709494,2162.7,4.18,0.0
9046,4,713,3.711999999999988,0.056100981767180924,2163.1,4.18,0.0
9047,3,587,2.5859999999999594,0.056218057921635436,2163.4,4.18,0.0
9048,2,460,1.4589999999999734,0.05652173913043478,2163.6,4.18,0.0
9049,8,1246,8.244999999999962,0.05537720706260032,2164.3,4.18,0.0
9050,0,179,-0.8219999999999998,0.055865921787709494,2164.4,4.18,0.0
9051,3,579,2.5779999999999603,0.055267702936096716,2164.7,4.18,0.0
9052,0,183,-0.8179999999999998,0.060109289617486336,2164.8,4.18,0.0
9053,4,713,3.711999999999988,0.0546984572230014,2165.2,4.18,0.0
9054,3,579,2.5779999999999603,0.055267702936096716,2165.5,4.18,0.0
9055,2,459,1.4579999999999735,0.05664488017429194,2165.7,4.18,0.0
9056,3,579,2.5779999999999603,0.05699481865284974,2166.0,4.18,0.0
9057,0,179,-0.8219999999999998,0.055865921787709494,2166.1,4.18,0.0
9058,0,182,-0.8189999999999998,0.06043956043956044,2166.3,4.18,0.0
9059,3,579,2.5779999999999603,0.055267702936096716,2166.6,4.18,0.0
9060,2,446,1.444999999999975,0.05605381165919283,2166.8,4.18,0.0
9061,5,846,4.845000000000032,0.05555555555555555,2167.3,4.18,0.0
9062,1,313,0.3119999999999896,0.054313099041533544,2167.4,4.18,0.0
9063,3,589,2.587999999999959,0.05602716468590832,2167.7,4.18,0.0
9064,0,184,-0.8169999999999998,0.059782608695652176,2167.8,4.18,0.0
9065,1,313,0.3119999999999896,0.054313099041533544,2168.0,4.18,0.0
9066,1,313,0.3119999999999896,0.054313099041533544,2168.2,4.18,0.0
9067,0,179,-0.8219999999999998,0.055865921787709494,2168.3,4.18,0.0
9068,2,446,1.444999999999975,0.05605381165919283,2168.5,4.18,0.0
9069,3,579,2.5779999999999603,0.055267702936096716,2168.8,4.18,0.0
9070,1,313,0.3119999999999896,0.054313099041533544,2169.0,4.18,0.0
9071,2,465,1.4639999999999729,0.05591397849462366,2169.2,4.18,0.0
9072,4,735,3.7339999999999955,0.055782312925170066,2169.6,4.18,0.0
9073,0,183,-0.8179999999999998,0.060109289617486336,2169.7,4.18,0.0
9074,1,313,0.3119999999999896,0.05750798722044728,2169.9,4.18,0.0
9075,2,446,1.444999999999975,0.05605381165919283,2170.2,4.18,0.0
9076,1,320,0.31899999999998885,0.05625,2170.3,4.18,0.0
9077,0,179,-0.8219999999999998,0.055865921787709494,2170.4,4.18,0.0
9078,0,188,-0.8129999999999998,0.05851063829787234,2170.5,4.18,0.0
9079,3,579,2.5779999999999603,0.055267702936096716,2170.8,4.18,0.0
9080,1,313,0.3119999999999896,0.054313099041533544,2171.0,4.18,0.0
9081,1,313,0.3119999999999896,0.05750798722044728,2171.2,4.18,0.0
9082,1,317,0.3159999999999892,0.056782334384858045,2171.4,4.18,0.0
9083,2,465,1.4639999999999729,0.05591397849462366,2171.6,4.18,0.0
9084,0,179,-0.8219999999999998,0.055865921787709494,2171.7,4.18,0.0
9085,0,179,-0.8219999999999998,0.055865921787709494,2171.8,4.18,0.0
9086,5,851,4.850000000000033,0.0564042303172738,2172.3,4.18,0.0
9087,2,446,1.444999999999975,0.053811659192825115,2172.5,4.18,0.0
9088,1,313,0.3119999999999896,0.054313099041533544,2172.7,4.18,0.0
9089,5,846,4.845000000000032,0.05555555555555555,2173.1,4.18,0.0
9090,2,464,1.462999999999973,0.05603448275862069,2173.4,4.18,0.0
9091,1,313,0.3119999999999896,0.05750798722044728,2173.5,4.18,0.0
9092,0,179,-0.8219999999999998,0.055865921787709494,2173.6,4.18,0.0
9093,7,1118,7.117000000000033,0.05635062611806798,2174.2,4.18,0.0
9094,0,179,-0.8219999999999998,0.055865921787709494,2174.3,4.18,0.0
9095,0,183,-0.8179999999999998,0.060109289617486336,2174.4,4.18,0.0
9096,1,313,0.3119999999999896,0.05750798722044728,2174.6,4.18,0.0
9097,2,462,1.4609999999999732,0.05627705627705628,2174.8,4.18,0.0
9098,6,1002,6.001000000000083,0.05588822355289421,2175.4,4.18,0.0
9099,0,186,-0.8149999999999998,0.05913978494623656,2175.5,4.18,0.0
9100,2,481,1.4799999999999711,0.056133056133056136,2175.7,4.18,0.0
9101,7,1113,7.112000000000036,0.055705300988319856,2176.3,4.18,0.0
9102,3,610,2.608999999999957,0.05573770491803279,2176.7,4.18,0.0
9103,5,846,4.845000000000032,0.05555555555555555,2177.1,4.18,0.0
9104,0,179,-0.8219999999999998,0.055865921787709494,2177.2,4.18,0.0
9105,1,313,0.3119999999999896,0.054313099041533544,2177.4,4.18,0.0
9106,2,482,1.480999999999971,0.056016597510373446,2177.7,4.18,0.0
9107,5,846,4.845000000000032,0.05555555555555555,2178.1,4.18,0.0
9108,2,446,1.444999999999975,0.05605381165919283,2178.3,4.18,0.0
9109,1,321,0.31999999999998874,0.056074766355140186,2178.5,4.18,0.0
9110,4,749,3.748,0.056074766355140186,2178.9,4.18,0.0
9111,2,446,1.444999999999975,0.05605381165919283,2179.2,4.18,0.0
9112,3,579,2.5779999999999603,0.055267702936096716,2179.5,4.18,0.0
9113,0,183,-0.8179999999999998,0.060109289617486336,2179.6,4.18,0.0
9114,0,179,-0.8219999999999998,0.055865921787709494,2179.7,4.18,0.0
9115,0,179,-0.8219999999999998,0.055865921787709494,2179.8,4.18,0.0
9116,5,846,4.845000000000032,0.05555555555555555,2180.3,4.18,0.0
9117,3,579,2.5779999999999603,0.055267702936096716,2180.6,4.18,0.0
9118,1,313,0.3119999999999896,0.05750798722044728,2180.7,4.18,0.0
9119,2,446,1.444999999999975,0.05605381165919283,2181.0,4.18,0.0
9120,0,195,-0.8059999999999998,0.05641025641025641,2181.1,4.18,0.0
9121,8,1276,8.274999999999945,0.055642633228840124,2181.8,4.18,0.0
9122,5,846,4.845000000000032,0.05555555555555555,2182.2,4.18,0.0
9123,1,313,0.3119999999999896,0.054313099041533544,2182.4,4.18,0.0
9124,3,579,2.5779999999999603,0.055267702936096716,2182.7,4.18,0.0
9125,4,713,3.711999999999988,0.056100981767180924,2183.1,4.18,0.0
9126,3,579,2.5779999999999603,0.055267702936096716,2183.4,4.18,0.0
9127,2,463,1.461999999999973,0.056155507559395246,2183.6,4.18,0.0
9128,4,729,3.7279999999999935,0.056241426611796985,2184.0,4.18,0.0
9129,1,313,0.3119999999999896,0.05750798722044728,2184.2,4.18,0.0
9130,0,179,-0.8219999999999998,0.055865921787709494,2184.3,4.18,0.0
9131,1,313,0.3119999999999896,0.05750798722044728,2184.5,4.18,0.0
9132,0,179,-0.8219999999999998,0.055865921787709494,2184.6,4.18,0.0
9133,1,313,0.3119999999999896,0.054313099041533544,2184.7,4.18,0.0
9134,3,579,2.5779999999999603,0.05699481865284974,2185.0,4.18,0.0
9135,0,196,-0.8049999999999998,0.05612244897959184,2185.1,4.18,0.0
9136,9,1379,9.377999999999888,0.05511240029006526,2185.9,4.18,0.0
9137,1,313,0.3119999999999896,0.05750798722044728,2186.0,4.18,0.0
9138,0,179,-0.8219999999999998,0.055865921787709494,2186.1,4.18,0.0
9139,3,579,2.5779999999999603,0.055267702936096716,2186.4,4.18,0.0
9140,0,191,-0.8099999999999998,0.05759162303664921,2186.5,4.18,0.0
9141,6,979,5.978000000000075,0.05515832482124617,2187.1,4.18,0.0
9142,0,179,-0.8219999999999998,0.055865921787709494,2187.1,4.18,0.0
9143,2,447,1.4459999999999749,0.05592841163310962,2187.4,4.18,0.0
9144,2,462,1.4609999999999732,0.05627705627705628,2187.6,4.18,0.0
9145,3,579,2.5779999999999603,0.055267702936096716,2187.9,4.18,0.0
9146,1,314,0.3129999999999895,0.05732484076433121,2188.1,4.18,0.0
9147,4,717,3.7159999999999895,0.05578800557880056,2188.5,4.18,0.0
9148,3,590,2.588999999999959,0.05593220338983051,2188.8,4.18,0.0
9149,7,1113,7.112000000000036,0.055705300988319856,2189.4,4.18,0.0
9150,0,188,-0.8129999999999998,0.05851063829787234,2189.5,4.18,0.0
9151,0,179,-0.8219999999999998,0.055865921787709494,2189.6,4.18,0.0
9152,2,465,1.4639999999999729,0.05591397849462366,2189.9,4.18,0.0
9153,6,980,5.979000000000076,0.05612244897959184,2190.4,4.18,0.0
9154,1,339,0.33799999999998676,0.05604719764011799,2190.6,4.18,0.0
9155,1,335,0.3339999999999872,0.056716417910447764,2190.8,4.18,0.0
9156,1,313,0.3119999999999896,0.054313099041533544,2191.0,4.18,0.0
9157,2,446,1.444999999999975,0.05605381165919283,2191.2,4.18,0.0
9158,0,179,-0.8219999999999998,0.055865921787709494,2191.3,4.18,0.0
9159,1,313,0.3119999999999896,0.05750798722044728,2191.5,4.18,0.0
9160,7,1113,7.112000000000036,0.055705300988319856,2192.1,4.18,0.0
9161,0,186,-0.8149999999999998,0.05913978494623656,2192.2,4.18,0.0
9162,0,187,-0.8139999999999998,0.058823529411764705,2192.3,4.18,0.0
9163,3,579,2.5779999999999603,0.055267702936096716,2192.6,4.18,0.0
9164,2,454,1.452999999999974,0.05726872246696035,2192.8,4.18,0.0
9165,0,179,-0.8219999999999998,0.055865921787709494,2192.9,4.18,0.0
9166,0,179,-0.8219999999999998,0.055865921787709494,2193.0,4.18,0.0
9167,2,446,1.444999999999975,0.053811659192825115,2193.3,4.18,0.0
9168,0,184,-0.8169999999999998,0.059782608695652176,2193.4,4.18,0.0
9169,1,313,0.3119999999999896,0.054313099041533544,2193.5,4.18,0.0
9170,1,340,0.33899999999998665,0.05588235294117647,2193.7,4.18,0.0
9171,2,446,1.444999999999975,0.05605381165919283,2194.0,4.18,0.0
9172,0,179,-0.8219999999999998,0.055865921787709494,2194.0,4.18,0.0
9173,4,717,3.7159999999999895,0.05578800557880056,2194.4,4.18,0.0
9174,0,191,-0.8099999999999998,0.05759162303664921,2194.5,4.18,0.0
9175,0,179,-0.8219999999999998,0.055865921787709494,2194.6,4.18,0.0
9176,2,455,1.453999999999974,0.05714285714285714,2194.9,4.18,0.0
9177,3,579,2.5779999999999603,0.055267702936096716,2195.2,4.18,0.0
9178,1,321,0.31999999999998874,0.056074766355140186,2195.4,4.18,0.0
9179,2,457,1.4559999999999738,0.05689277899343545,2195.6,4.18,0.0
9180,1,313,0.3119999999999896,0.05750798722044728,2195.8,4.18,0.0
9181,4,713,3.711999999999988,0.056100981767180924,2196.2,4.18,0.0
9182,1,315,0.3139999999999894,0.05714285714285714,2196.3,4.18,0.0
9183,1,335,0.3339999999999872,0.056716417910447764,2196.5,4.18,0.0
9184,5,846,4.845000000000032,0.05555555555555555,2197.0,4.18,0.0
9185,3,585,2.5839999999999597,0.05641025641025641,2197.3,4.18,0.0
9186,0,179,-0.8219999999999998,0.055865921787709494,2197.4,4.18,0.0
9187,0,187,-0.8139999999999998,0.058823529411764705,2197.5,4.18,0.0
9188,0,185,-0.8159999999999998,0.05945945945945946,2197.6,4.18,0.0
9189,2,457,1.4559999999999738,0.05689277899343545,2197.8,4.18,0.0
9190,0,179,-0.8219999999999998,0.055865921787709494,2197.9,4.18,0.0
9191,1,322,0.32099999999998863,0.055900621118012424,2198.1,4.18,0.0
9192,0,179,-0.8219999999999998,0.05027932960893855,2198.2,4.18,0.0
9193,0,183,-0.8179999999999998,0.060109289617486336,2198.3,4.18,0.0
9194,0,187,-0.8139999999999998,0.058823529411764705,2198.4,4.18,0.0
9195,2,447,1.4459999999999749,0.05592841163310962,2198.6,4.18,0.0
9196,3,609,2.607999999999957,0.05582922824302135,2198.9,4.18,0.0
9197,3,579,2.5779999999999603,0.055267702936096716,2199.3,4.18,0.0
9198,1,322,0.32099999999998863,0.055900621118012424,2199.4,4.18,0.0
9199,0,179,-0.8219999999999998,0.055865921787709494,2199.5,4.18,0.0
9200,0,179,-0.8219999999999998,0.055865921787709494,2199.6,4.18,0.0
9201,1,322,0.32099999999998863,0.055900621118012424,2199.8,4.18,0.0
9202,3,579,2.5779999999999603,0.055267702936096716,2200.1,4.18,0.0
9203,0,189,-0.8119999999999998,0.0582010582010582,2200.2,4.18,0.0
9204,1,315,0.3139999999999894,0.05714285714285714,2200.4,4.18,0.0
9205,1,321,0.31999999999998874,0.056074766355140186,2200.6,4.18,0.0
9206,2,446,1.444999999999975,0.05605381165919283,2200.8,4.18,0.0
9207,1,313,0.3119999999999896,0.05750798722044728,2201.0,4.18,0.0
9208,3,579,2.5779999999999603,0.055267702936096716,2201.3,4.18,0.0
9209,3,579,2.5779999999999603,0.055267702936096716,2201.6,4.18,0.0
9210,0,179,-0.8219999999999998,0.055865921787709494,2201.7,4.18,0.0
9211,3,579,2.5779999999999603,0.055267702936096716,2202.0,4.18,0.0
9212,1,313,0.3119999999999896,0.05750798722044728,2202.2,4.18,0.0
9213,0,179,-0.8219999999999998,0.055865921787709494,2202.3,4.18,0.0
9214,3,585,2.5839999999999597,0.05641025641025641,2202.6,4.18,0.0
9215,2,465,1.4639999999999729,0.05591397849462366,2202.9,4.18,0.0
9216,0,179,-0.8219999999999998,0.055865921787709494,2203.0,4.18,0.0
9217,0,179,-0.8219999999999998,0.055865921787709494,2203.1,4.18,0.0
9218,0,179,-0.8219999999999998,0.055865921787709494,2203.1,4.18,0.0
9219,3,579,2.5779999999999603,0.05699481865284974,2203.5,4.18,0.0
9220,3,579,2.5779999999999603,0.055267702936096716,2203.8,4.18,0.0
9221,1,319,0.31799999999998896,0.05642633228840126,2203.9,4.18,0.0
9222,1,313,0.3119999999999896,0.05750798722044728,2204.1,4.18,0.0
9223,3,579,2.5779999999999603,0.055267702936096716,2204.4,4.18,0.0
9224,3,591,2.589999999999959,0.05583756345177665,2204.7,4.18,0.0
9225,0,185,-0.8159999999999998,0.05945945945945946,2204.8,4.18,0.0
9226,0,196,-0.8049999999999998,0.05612244897959184,2204.9,4.18,0.0
9227,5,859,4.858000000000036,0.05587892898719441,2205.4,4.18,0.0
9228,3,581,2.57999999999996,0.05679862306368331,2205.7,4.18,0.0
9229,1,313,0.3119999999999896,0.05750798722044728,2205.9,4.18,0.0
9230,0,210,-0.7909999999999998,0.05714285714285714,2206.0,4.18,0.0
9231,3,579,2.5779999999999603,0.055267702936096716,2206.3,4.18,0.0
9232,0,179,-0.8219999999999998,0.055865921787709494,2206.4,4.18,0.0
9233,4,713,3.711999999999988,0.0546984572230014,2206.8,4.18,0.0
9234,0,189,-0.8119999999999998,0.0582010582010582,2206.9,4.18,0.0
9235,5,846,4.845000000000032,0.05555555555555555,2207.4,4.18,0.0
9236,4,732,3.7309999999999945,0.056010928961748634,2207.7,4.18,0.0
9237,2,446,1.444999999999975,0.05605381165919283,2208.0,4.18,0.0
9238,3,593,2.591999999999959,0.05564924114671164,2208.3,4.18,0.0
9239,1,321,0.31999999999998874,0.056074766355140186,2208.5,4.18,0.0
9240,0,192,-0.8089999999999998,0.057291666666666664,2208.6,4.18,0.0
9241,4,713,3.711999999999988,0.0546984572230014,2208.9,4.18,0.0
9242,1,313,0.3119999999999896,0.05750798722044728,2209.1,4.18,0.0
9243,2,459,1.4579999999999735,0.05664488017429194,2209.4,4.18,0.0
9244,5,860,4.859000000000036,0.05581395348837209,2209.8,4.18,0.0
9245,1,313,0.3119999999999896,0.05750798722044728,2210.0,4.18,0.0
9246,10,1513,10.511999999999814,0.05551883674818242,2210.8,4.18,0.0
9247,4,619,3.617999999999957,0.05654281098546042,2211.1,4.18,0.0
9248,0,179,-0.8219999999999998,0.055865921787709494,2211.2,4.18,0.0
9249,3,579,2.5779999999999603,0.055267702936096716,2211.5,4.18,0.0
9250,0,179,-0.8219999999999998,0.055865921787709494,2211.6,4.18,0.0
9251,4,713,3.711999999999988,0.056100981767180924,2212.0,4.18,0.0
9252,1,313,0.3119999999999896,0.054313099041533544,2212.2,4.18,0.0
9253,0,179,-0.8219999999999998,0.055865921787709494,2212.3,4.18,0.0
9254,2,482,1.480999999999971,0.056016597510373446,2212.5,4.18,0.0
9255,1,313,0.3119999999999896,0.054313099041533544,2212.7,4.18,0.0
9256,5,846,4.845000000000032,0.05555555555555555,2213.1,4.18,0.0
9257,1,313,0.3119999999999896,0.054313099041533544,2213.3,4.18,0.0
9258,2,459,1.4579999999999735,0.05664488017429194,2213.6,4.18,0.0
9259,0,179,-0.8219999999999998,0.055865921787709494,2213.7,4.18,0.0
9260,4,713,3.711999999999988,0.056100981767180924,2214.0,4.18,0.0
9261,0,179,-0.8219999999999998,0.055865921787709494,2214.1,4.18,0.0
9262,5,857,4.856000000000035,0.056009334889148193,2214.6,4.18,0.0
9263,0,187,-0.8139999999999998,0.058823529411764705,2214.7,4.18,0.0
9264,0,179,-0.8219999999999998,0.055865921787709494,2214.8,4.18,0.0
9265,2,446,1.444999999999975,0.05605381165919283,2215.1,4.18,0.0
9266,0,179,-0.8219999999999998,0.055865921787709494,2215.1,4.18,0.0
9267,1,313,0.3119999999999896,0.05750798722044728,2215.3,4.18,0.0
9268,2,446,1.444999999999975,0.05605381165919283,2215.6,4.18,0.0
9269,2,446,1.444999999999975,0.05605381165919283,2215.8,4.18,0.0
9270,0,179,-0.8219999999999998,0.055865921787709494,2215.9,4.18,0.0
9271,2,452,1.4509999999999743,0.05752212389380531,2216.1,4.18,0.0
9272,2,459,1.4579999999999735,0.05664488017429194,2216.4,4.18,0.0
9273,0,195,-0.8059999999999998,0.05641025641025641,2216.5,4.18,0.0
9274,7,1113,7.112000000000036,0.05480682839173405,2217.1,4.18,0.0
9275,0,188,-0.8129999999999998,0.05851063829787234,2217.2,4.18,0.0
9276,4,713,3.711999999999988,0.0546984572230014,2217.5,4.18,0.0
9277,1,338,0.33699999999998687,0.05621301775147929,2217.7,4.18,0.0
9278,0,191,-0.8099999999999998,0.05759162303664921,2217.8,4.18,0.0
9279,1,313,0.3119999999999896,0.054313099041533544,2218.0,4.18,0.0
9280,3,581,2.57999999999996,0.05679862306368331,2218.3,4.18,0.0
9281,1,336,0.3349999999999871,0.05654761904761905,2218.5,4.18,0.0
9282,0,189,-0.8119999999999998,0.0582010582010582,2218.6,4.18,0.0
9283,1,313,0.3119999999999896,0.05750798722044728,2218.8,4.18,0.0
9284,0,183,-0.8179999999999998,0.060109289617486336,2218.9,4.18,0.0
9285,0,179,-0.8219999999999998,0.055865921787709494,2218.9,4.18,0.0
9286,4,727,3.725999999999993,0.05639614855570839,2219.3,4.18,0.0
9287,2,446,1.444999999999975,0.05605381165919283,2219.6,4.18,0.0
9288,6,981,5.980000000000076,0.05606523955147808,2220.1,4.18,0.0
9289,0,179,-0.8219999999999998,0.055865921787709494,2220.2,4.18,0.0
9290,2,446,1.444999999999975,0.053811659192825115,2220.4,4.18,0.0
9291,2,446,1.444999999999975,0.05605381165919283,2220.7,4.18,0.0
9292,0,191,-0.8099999999999998,0.05759162303664921,2220.8,4.18,0.0
9293,2,458,1.4569999999999736,0.056768558951965066,2221.0,4.18,0.0
9294,0,183,-0.8179999999999998,0.060109289617486336,2221.1,4.18,0.0
9295,2,446,1.444999999999975,0.05605381165919283,2221.4,4.18,0.0
9296,1,313,0.3119999999999896,0.05750798722044728,2221.5,4.18,0.0
9297,5,850,4.849000000000033,0.05647058823529412,2222.0,4.18,0.0
9298,1,313,0.3119999999999896,0.054313099041533544,2222.2,4.18,0.0
9299,0,185,-0.8159999999999998,0.05945945945945946,2222.3,4.18,0.0
9300,3,579,2.5779999999999603,0.055267702936096716,2222.6,4.18,0.0
9301,0,188,-0.8129999999999998,0.05851063829787234,2222.7,4.19,0.0
9302,1,313,0.3119999999999896,0.05750798722044728,2222.8,4.19,0.0
9303,2,446,1.444999999999975,0.05605381165919283,2223.1,4.19,0.0
9304,0,191,-0.8099999999999998,0.05759162303664921,2223.2,4.19,0.0
9305,2,446,1.444999999999975,0.05605381165919283,2223.4,4.19,0.0
9306,5,853,4.852000000000034,0.05627198124267292,2223.9,4.19,0.0
9307,0,195,-0.8059999999999998,0.05641025641025641,2224.0,4.19,0.0
9308,6,979,5.978000000000075,0.05515832482124617,2224.5,4.18,0.0
9309,8,1246,8.244999999999962,0.05537720706260032,2225.1,4.18,0.0
9310,1,323,0.3219999999999885,0.05572755417956656,2225.3,4.18,0.0
9311,0,179,-0.8219999999999998,0.055865921787709494,2225.4,4.18,0.0
9312,0,191,-0.8099999999999998,0.05759162303664921,2225.5,4.18,0.0
9313,4,725,3.723999999999992,0.05655172413793103,2225.9,4.18,0.0
9314,2,446,1.444999999999975,0.053811659192825115,2226.1,4.18,0.0
9315,1,313,0.3119999999999896,0.054313099041533544,2226.3,4.18,0.0
9316,0,179,-0.8219999999999998,0.055865921787709494,2226.4,4.18,0.0
9317,6,979,5.978000000000075,0.05515832482124617,2227.0,4.18,0.0
9318,4,713,3.711999999999988,0.056100981767180924,2227.4,4.18,0.0
9319,0,185,-0.8159999999999998,0.05945945945945946,2227.5,4.18,0.0
9320,0,179,-0.8219999999999998,0.055865921787709494,2227.6,4.18,0.0
9321,0,179,-0.8219999999999998,0.055865921787709494,2227.7,4.18,0.0
9322,0,192,-0.8089999999999998,0.057291666666666664,2227.8,4.18,0.0
9323,1,313,0.3119999999999896,0.054313099041533544,2227.9,4.19,0.0
9324,4,716,3.714999999999989,0.055865921787709494,2228.3,4.18,0.0
9325,0,179,-0.8219999999999998,0.055865921787709494,2228.4,4.19,0.0
9326,5,846,4.845000000000032,0.05555555555555555,2228.8,4.18,0.0
9327,3,582,2.58099999999996,0.05670103092783505,2229.2,4.18,0.0
9328,0,179,-0.8219999999999998,0.055865921787709494,2229.2,4.18,0.0
9329,1,313,0.3119999999999896,0.054313099041533544,2229.4,4.18,0.0
9330,2,460,1.4589999999999734,0.05652173913043478,2229.7,4.18,0.0
9331,1,313,0.3119999999999896,0.05750798722044728,2229.8,4.19,0.0
9332,7,1113,7.112000000000036,0.055705300988319856,2230.4,4.18,0.0
9333,0,179,-0.8219999999999998,0.055865921787709494,2230.5,4.18,0.0
9334,1,313,0.3119999999999896,0.054313099041533544,2230.7,4.18,0.0
9335,0,185,-0.8159999999999998,0.05945945945945946,2230.8,4.19,0.0
9336,2,460,1.4589999999999734,0.05652173913043478,2231.1,4.19,0.0
9337,0,179,-0.8219999999999998,0.055865921787709494,2231.2,4.19,0.0
9338,6,979,5.978000000000075,0.05515832482124617,2231.7,4.18,0.0
9339,0,179,-0.8219999999999998,0.055865921787709494,2231.8,4.19,0.0
9340,0,179,-0.8219999999999998,0.055865921787709494,2231.9,4.19,0.0
9341,1,313,0.3119999999999896,0.054313099041533544,2232.0,4.19,0.0
9342,0,181,-0.8199999999999998,0.06077348066298342,2232.1,4.19,0.0
9343,2,455,1.453999999999974,0.05714285714285714,2232.4,4.19,0.0
9344,0,196,-0.8049999999999998,0.05612244897959184,2232.5,4.19,0.0
9345,0,179,-0.8219999999999998,0.055865921787709494,2232.6,4.19,0.0
9346,3,579,2.5779999999999603,0.055267702936096716,2232.9,4.19,0.0
9347,1,313,0.3119999999999896,0.05750798722044728,2233.1,4.19,0.0
9348,1,341,0.33999999999998654,0.05571847507331378,2233.3,4.19,0.0
9349,0,187,-0.8139999999999998,0.058823529411764705,2233.4,4.19,0.0
9350,0,194,-0.8069999999999998,0.05670103092783505,2233.5,4.19,0.0
9351,5,862,4.861000000000037,0.05568445475638051,2233.9,4.19,0.0
9352,3,589,2.587999999999959,0.05602716468590832,2234.2,4.19,0.0
9353,1,313,0.3119999999999896,0.054313099041533544,2234.4,4.19,0.0
9354,2,447,1.4459999999999749,0.05592841163310962,2234.7,4.19,0.0
9355,2,446,1.444999999999975,0.053811659192825115,2234.9,4.19,0.0
9356,5,853,4.852000000000034,0.05627198124267292,2235.4,4.19,0.0
9357,4,713,3.711999999999988,0.056100981767180924,2235.8,4.19,0.0
9358,2,455,1.453999999999974,0.05714285714285714,2236.0,4.19,0.0
9359,0,196,-0.8049999999999998,0.05612244897959184,2236.1,4.19,0.0
9360,5,846,4.845000000000032,0.05555555555555555,2236.6,4.19,0.0
9361,3,579,2.5779999999999603,0.05699481865284974,2236.9,4.19,0.0
9362,2,446,1.444999999999975,0.05605381165919283,2237.1,4.19,0.0
9363,0,186,-0.8149999999999998,0.05913978494623656,2237.2,4.19,0.0
9364,2,466,1.4649999999999728,0.055793991416309016,2237.5,4.19,0.0
9365,0,191,-0.8099999999999998,0.05759162303664921,2237.6,4.19,0.0
9366,0,179,-0.8219999999999998,0.055865921787709494,2237.7,4.19,0.0
9367,1,313,0.3119999999999896,0.054313099041533544,2237.8,4.19,0.0
9368,1,313,0.3119999999999896,0.054313099041533544,2238.0,4.19,0.0
9369,5,860,4.859000000000036,0.05581395348837209,2238.5,4.19,0.0
9370,1,313,0.3119999999999896,0.054313099041533544,2238.6,4.19,0.0
9371,1,313,0.3119999999999896,0.054313099041533544,2238.8,4.19,0.0
9372,1,313,0.3119999999999896,0.054313099041533544,2239.0,4.19,0.0
9373,2,446,1.444999999999975,0.05605381165919283,2239.2,4.19,0.0
9374,2,446,1.444999999999975,0.05605381165919283,2239.5,4.19,0.0
9375,2,457,1.4559999999999738,0.05689277899343545,2239.7,4.19,0.0
9376,3,579,2.5779999999999603,0.055267702936096716,2240.0,4.19,0.0
9377,0,179,-0.8219999999999998,0.055865921787709494,2240.1,4.19,0.0
9378,0,194,-0.8069999999999998,0.05670103092783505,2240.2,4.19,0.0
9379,0,194,-0.8069999999999998,0.05670103092783505,2240.3,4.19,0.0
9380,2,446,1.444999999999975,0.053811659192825115,2240.6,4.19,0.0
9381,6,1003,6.002000000000083,0.05583250249252243,2241.1,4.19,0.0
9382,0,187,-0.8139999999999998,0.058823529411764705,2241.2,4.19,0.0
9383,7,1122,7.121000000000031,0.05614973262032086,2241.8,4.19,0.0
9384,1,335,0.3339999999999872,0.056716417910447764,2242.0,4.19,0.0
9385,1,319,0.31799999999998896,0.05642633228840126,2242.2,4.19,0.0
9386,3,579,2.5779999999999603,0.055267702936096716,2242.5,4.19,0.0
9387,1,318,0.31699999999998907,0.05660377358490566,2242.7,4.19,0.0
9388,2,448,1.4469999999999748,0.05580357142857143,2242.9,4.19,0.0
9389,3,579,2.5779999999999603,0.055267702936096716,2243.2,4.19,0.0
9390,1,313,0.3119999999999896,0.05750798722044728,2243.4,4.19,0.0
9391,1,313,0.3119999999999896,0.054313099041533544,2243.5,4.19,0.0
9392,2,446,1.444999999999975,0.053811659192825115,2243.8,4.19,0.0
9393,0,179,-0.8219999999999998,0.055865921787709494,2243.9,4.19,0.0
9394,3,579,2.5779999999999603,0.055267702936096716,2244.2,4.19,0.0
9395,0,179,-0.8219999999999998,0.055865921787709494,2244.3,4.19,0.0
9396,2,446,1.444999999999975,0.05605381165919283,2244.5,4.19,0.0
9397,2,446,1.444999999999975,0.05605381165919283,2244.8,4.19,0.0
9398,4,735,3.7339999999999955,0.055782312925170066,2245.1,4.19,0.0
9399,0,183,-0.8179999999999998,0.060109289617486336,2245.2,4.19,0.0
9400,3,589,2.587999999999959,0.05602716468590832,2245.6,4.19,0.0
9401,0,179,-0.8219999999999998,0.055865921787709494,2245.6,4.19,0.0
9402,0,179,-0.8219999999999998,0.055865921787709494,2245.8,4.19,0.0
9403,0,185,-0.8159999999999998,0.05945945945945946,2245.9,4.19,0.0
9404,3,609,2.607999999999957,0.05582922824302135,2246.2,4.19,0.0
9405,3,592,2.590999999999959,0.05574324324324324,2246.5,4.19,0.0
9406,2,482,1.480999999999971,0.056016597510373446,2246.8,4.19,0.0
9407,6,979,5.978000000000075,0.05515832482124617,2247.3,4.19,0.0
9408,2,465,1.4639999999999729,0.05591397849462366,2247.5,4.19,0.0
9409,5,853,4.852000000000034,0.05627198124267292,2248.0,4.19,0.0
9410,0,179,-0.8219999999999998,0.055865921787709494,2248.1,4.19,0.0
9411,2,460,1.4589999999999734,0.05652173913043478,2248.3,4.19,0.0
9412,5,852,4.851000000000034,0.056338028169014086,2248.8,4.19,0.0
9413,1,313,0.3119999999999896,0.05750798722044728,2249.0,4.19,0.0
9414,0,179,-0.8219999999999998,0.055865921787709494,2249.1,4.19,0.0
9415,0,179,-0.8219999999999998,0.055865921787709494,2249.2,4.19,0.0
9416,3,586,2.5849999999999596,0.05631399317406143,2249.5,4.19,0.0
9417,1,313,0.3119999999999896,0.054313099041533544,2249.6,4.19,0.0
9418,12,1796,12.794999999999657,0.0556792873051225,2250.6,4.19,0.0
9419,0,179,-0.8219999999999998,0.055865921787709494,2250.7,4.19,0.0
9420,3,579,2.5779999999999603,0.055267702936096716,2251.0,4.19,0.0
9421,4,715,3.713999999999989,0.055944055944055944,2251.4,4.18,0.0
9422,2,454,1.452999999999974,0.05726872246696035,2251.6,4.18,0.0
9423,3,603,2.6019999999999577,0.05638474295190713,2252.0,4.18,0.0
9424,6,979,5.978000000000075,0.05515832482124617,2252.5,4.18,0.0
9425,0,187,-0.8139999999999998,0.058823529411764705,2252.6,4.18,0.0
9426,1,316,0.3149999999999893,0.056962025316455694,2252.8,4.18,0.0
9427,1,335,0.3339999999999872,0.056716417910447764,2252.9,4.18,0.0
9428,0,179,-0.8219999999999998,0.055865921787709494,2253.0,4.19,0.0
9429,0,179,-0.8219999999999998,0.055865921787709494,2253.1,4.19,0.0
9430,5,853,4.852000000000034,0.05627198124267292,2253.6,4.18,0.0
9431,0,185,-0.8159999999999998,0.05945945945945946,2253.7,4.19,0.0
9432,4,713,3.711999999999988,0.056100981767180924,2254.0,4.18,0.0
9433,0,179,-0.8219999999999998,0.055865921787709494,2254.1,4.19,0.0
9434,1,313,0.3119999999999896,0.05750798722044728,2254.3,4.19,0.0
9435,3,579,2.5779999999999603,0.055267702936096716,2254.6,4.19,0.0
9436,0,179,-0.8219999999999998,0.055865921787709494,2254.7,4.19,0.0
9437,1,313,0.3119999999999896,0.05750798722044728,2254.9,4.19,0.0
9438,0,191,-0.8099999999999998,0.05759162303664921,2255.0,4.19,0.0
9439,2,446,1.444999999999975,0.05605381165919283,2255.2,4.19,0.0
9440,0,179,-0.8219999999999998,0.055865921787709494,2255.3,4.19,0.0
9441,4,713,3.711999999999988,0.056100981767180924,2255.7,4.19,0.0
9442,3,579,2.5779999999999603,0.055267702936096716,2256.0,4.19,0.0
9443,2,446,1.444999999999975,0.05605381165919283,2256.3,4.19,0.0
9444,1,313,0.3119999999999896,0.054313099041533544,2256.4,4.19,0.0
9445,1,319,0.31799999999998896,0.05642633228840126,2256.6,4.19,0.0
9446,0,210,-0.7909999999999998,0.05714285714285714,2256.7,4.19,0.0
9447,3,579,2.5779999999999603,0.055267702936096716,2257.0,4.19,0.0
9448,0,179,-0.8219999999999998,0.055865921787709494,2257.1,4.19,0.0
9449,3,579,2.5779999999999603,0.055267702936096716,2257.4,4.19,0.0
9450,1,315,0.3139999999999894,0.05714285714285714,2257.6,4.19,0.0
9451,0,179,-0.8219999999999998,0.05027932960893855,2257.7,4.19,0.0
9452,5,853,4.852000000000034,0.05627198124267292,2258.1,4.19,0.0
9453,0,184,-0.8169999999999998,0.059782608695652176,2258.2,4.19,0.0
9454,0,184,-0.8169999999999998,0.059782608695652176,2258.3,4.19,0.0
9455,5,846,4.845000000000032,0.05555555555555555,2258.8,4.19,0.0
9456,2,446,1.444999999999975,0.05605381165919283,2259.0,4.19,0.0
9457,1,313,0.3119999999999896,0.05750798722044728,2259.2,4.19,0.0
9458,1,313,0.3119999999999896,0.054313099041533544,2259.4,4.19,0.0
9459,0,179,-0.8219999999999998,0.055865921787709494,2259.5,4.19,0.0
9460,0,179,-0.8219999999999998,0.055865921787709494,2259.6,4.19,0.0
9461,3,579,2.5779999999999603,0.055267702936096716,2259.9,4.19,0.0
9462,0,179,-0.8219999999999998,0.055865921787709494,2260.0,4.19,0.0
9463,2,446,1.444999999999975,0.05605381165919283,2260.2,4.19,0.0
9464,2,446,1.444999999999975,0.05605381165919283,2260.4,4.19,0.0
9465,3,579,2.5779999999999603,0.055267702936096716,2260.8,4.19,0.0
9466,3,579,2.5779999999999603,0.055267702936096716,2261.1,4.19,0.0
9467,2,451,1.4499999999999744,0.057649667405764965,2261.3,4.19,0.0
9468,1,313,0.3119999999999896,0.05750798722044728,2261.5,4.19,0.0
9469,1,339,0.33799999999998676,0.05604719764011799,2261.6,4.19,0.0
9470,3,609,2.607999999999957,0.05582922824302135,2262.0,4.19,0.0
9471,4,715,3.713999999999989,0.055944055944055944,2262.4,4.19,0.0
9472,3,579,2.5779999999999603,0.055267702936096716,2262.7,4.19,0.0
9473,0,179,-0.8219999999999998,0.055865921787709494,2262.8,4.19,0.0
9474,0,179,-0.8219999999999998,0.055865921787709494,2262.9,4.19,0.0
9475,1,313,0.3119999999999896,0.05750798722044728,2263.0,4.19,0.0
9476,9,1379,9.377999999999888,0.05583756345177665,2263.8,4.19,0.0
9477,2,456,1.4549999999999739,0.05701754385964912,2264.0,4.19,0.0
9478,0,179,-0.8219999999999998,0.055865921787709494,2264.1,4.19,0.0
9479,1,321,0.31999999999998874,0.056074766355140186,2264.3,4.19,0.0
9480,2,455,1.453999999999974,0.05714285714285714,2264.5,4.19,0.0
9481,0,186,-0.8149999999999998,0.05913978494623656,2264.6,4.19,0.0
9482,1,313,0.3119999999999896,0.054313099041533544,2264.8,4.19,0.0
9483,0,179,-0.8219999999999998,0.055865921787709494,2264.9,4.19,0.0
9484,2,460,1.4589999999999734,0.05652173913043478,2265.1,4.19,0.0
9485,0,179,-0.8219999999999998,0.055865921787709494,2265.2,4.19,0.0
9486,4,713,3.711999999999988,0.0546984572230014,2265.6,4.19,0.0
9487,7,1113,7.112000000000036,0.055705300988319856,2266.2,4.19,0.0
9488,1,318,0.31699999999998907,0.05660377358490566,2266.4,4.19,0.0
9489,1,313,0.3119999999999896,0.054313099041533544,2266.6,4.19,0.0
9490,1,313,0.3119999999999896,0.054313099041533544,2266.7,4.19,0.0
9491,3,584,2.5829999999999598,0.05650684931506849,2267.0,4.19,0.0
9492,2,455,1.453999999999974,0.05714285714285714,2267.3,4.19,0.0
9493,0,183,-0.8179999999999998,0.060109289617486336,2267.4,4.19,0.0
9494,0,184,-0.8169999999999998,0.059782608695652176,2267.5,4.19,0.0
9495,0,179,-0.8219999999999998,0.055865921787709494,2267.6,4.19,0.0
9496,1,313,0.3119999999999896,0.054313099041533544,2267.7,4.19,0.0
9497,0,195,-0.8059999999999998,0.05641025641025641,2267.8,4.19,0.0
9498,0,179,-0.8219999999999998,0.055865921787709494,2267.9,4.19,0.0
9499,1,313,0.3119999999999896,0.05750798722044728,2268.1,4.19,0.0
9500,2,451,1.4499999999999744,0.057649667405764965,2268.3,4.19,0.0
9501,3,579,2.5779999999999603,0.055267702936096716,2271.8,4.18,0.0
9502,0,179,-0.8219999999999998,0.055865921787709494,2271.9,4.18,0.0
9503,0,179,-0.8219999999999998,0.055865921787709494,2272.0,4.18,0.0
9504,7,1128,7.127000000000027,0.05585106382978723,2272.6,4.18,0.0
9505,1,338,0.33699999999998687,0.05621301775147929,2272.7,4.18,0.0
9506,0,179,-0.8219999999999998,0.055865921787709494,2272.8,4.18,0.0
9507,0,183,-0.8179999999999998,0.060109289617486336,2272.9,4.18,0.0
9508,6,979,5.978000000000075,0.05515832482124617,2273.5,4.18,0.0
9509,3,579,2.5779999999999603,0.055267702936096716,2273.8,4.18,0.0
9510,4,713,3.711999999999988,0.056100981767180924,2274.1,4.18,0.0
9511,3,579,2.5779999999999603,0.055267702936096716,2274.4,4.18,0.0
9512,3,583,2.58199999999996,0.05660377358490566,2274.8,4.18,0.0
9513,8,1246,8.244999999999962,0.05537720706260032,2275.4,4.18,0.0
9514,2,446,1.444999999999975,0.05605381165919283,2275.7,4.18,0.0
9515,4,713,3.711999999999988,0.056100981767180924,2276.0,4.18,0.0
9516,1,319,0.31799999999998896,0.05642633228840126,2276.2,4.18,0.0
9517,4,713,3.711999999999988,0.0546984572230014,2276.6,4.18,0.0
9518,0,181,-0.8199999999999998,0.06077348066298342,2276.7,4.18,0.0
9519,1,313,0.3119999999999896,0.054313099041533544,2276.8,4.18,0.0
9520,0,191,-0.8099999999999998,0.05759162303664921,2276.9,4.18,0.0
9521,4,713,3.711999999999988,0.0546984572230014,2277.3,4.18,0.0
9522,2,446,1.444999999999975,0.05605381165919283,2277.6,4.18,0.0
9523,2,446,1.444999999999975,0.05605381165919283,2277.8,4.18,0.0
9524,2,446,1.444999999999975,0.05605381165919283,2278.0,4.18,0.0
9525,0,179,-0.8219999999999998,0.055865921787709494,2278.1,4.18,0.0
9526,1,337,0.335999999999987,0.05637982195845697,2278.3,4.18,0.0
9527,0,195,-0.8059999999999998,0.05641025641025641,2278.4,4.18,0.0
9528,2,448,1.4469999999999748,0.05580357142857143,2278.7,4.18,0.0
9529,3,579,2.5779999999999603,0.055267702936096716,2279.0,4.18,0.0
9530,1,313,0.3119999999999896,0.054313099041533544,2279.1,4.18,0.0
9531,1,313,0.3119999999999896,0.054313099041533544,2279.3,4.18,0.0
9532,1,332,0.3309999999999875,0.0572289156626506,2279.5,4.18,0.0
9533,0,179,-0.8219999999999998,0.055865921787709494,2279.6,4.18,0.0
9534,3,591,2.589999999999959,0.05583756345177665,2279.9,4.18,0.0
9535,0,179,-0.8219999999999998,0.055865921787709494,2280.0,4.18,0.0
9536,0,179,-0.8219999999999998,0.055865921787709494,2280.1,4.18,0.0
9537,1,313,0.3119999999999896,0.05750798722044728,2280.2,4.18,0.0
9538,8,1249,8.24799999999996,0.05604483586869496,2280.9,4.18,0.0
9539,0,179,-0.8219999999999998,0.055865921787709494,2281.0,4.18,0.0
9540,0,191,-0.8099999999999998,0.05759162303664921,2281.1,4.18,0.0
9541,0,183,-0.8179999999999998,0.060109289617486336,2281.2,4.18,0.0
9542,0,179,-0.8219999999999998,0.055865921787709494,2281.3,4.18,0.0
9543,4,713,3.711999999999988,0.056100981767180924,2281.7,4.18,0.0
9544,12,1779,12.777999999999667,0.05564924114671164,2282.7,4.18,0.0
9545,0,179,-0.8219999999999998,0.055865921787709494,2282.7,4.18,0.0
9546,1,313,0.3119999999999896,0.05750798722044728,2282.9,4.18,0.0
9547,0,195,-0.8059999999999998,0.05641025641025641,2283.0,4.18,0.0
9548,1,313,0.3119999999999896,0.054313099041533544,2283.2,4.18,0.0
9549,4,715,3.713999999999989,0.055944055944055944,2283.6,4.18,0.0
9550,0,183,-0.8179999999999998,0.060109289617486336,2283.7,4.18,0.0
9551,0,182,-0.8189999999999998,0.06043956043956044,2283.8,4.18,0.0
9552,2,446,1.444999999999975,0.05605381165919283,2284.1,4.18,0.0
9553,1,313,0.3119999999999896,0.054313099041533544,2284.2,4.18,0.0
9554,0,183,-0.8179999999999998,0.060109289617486336,2284.3,4.18,0.0
9555,0,192,-0.8089999999999998,0.057291666666666664,2284.4,4.18,0.0
9556,1,335,0.3339999999999872,0.056716417910447764,2284.6,4.18,0.0
9557,0,186,-0.8149999999999998,0.05913978494623656,2284.7,4.18,0.0
9558,4,713,3.711999999999988,0.0546984572230014,2285.1,4.18,0.0
9559,0,179,-0.8219999999999998,0.055865921787709494,2285.2,4.18,0.0
9560,4,713,3.711999999999988,0.056100981767180924,2285.6,4.18,0.0
9561,3,583,2.58199999999996,0.05660377358490566,2285.9,4.18,0.0
9562,3,580,2.57899999999996,0.056896551724137934,2286.2,4.18,0.0
9563,1,313,0.3119999999999896,0.05750798722044728,2286.4,4.18,0.0
9564,0,179,-0.8219999999999998,0.055865921787709494,2286.5,4.18,0.0
9565,0,191,-0.8099999999999998,0.05759162303664921,2286.6,4.18,0.0
9566,4,713,3.711999999999988,0.0546984572230014,2287.0,4.18,0.0
9567,0,179,-0.8219999999999998,0.055865921787709494,2287.1,4.18,0.0
9568,1,313,0.3119999999999896,0.054313099041533544,2287.3,4.18,0.0
9569,0,179,-0.8219999999999998,0.055865921787709494,2287.4,4.18,0.0
9570,1,313,0.3119999999999896,0.05750798722044728,2287.5,4.18,0.0
9571,0,186,-0.8149999999999998,0.05913978494623656,2287.6,4.18,0.0
9572,3,588,2.5869999999999593,0.05612244897959184,2288.0,4.18,0.0
9573,3,579,2.5779999999999603,0.055267702936096716,2288.3,4.18,0.0
9574,1,313,0.3119999999999896,0.054313099041533544,2288.5,4.18,0.0
9575,1,313,0.3119999999999896,0.054313099041533544,2288.6,4.18,0.0
9576,0,179,-0.8219999999999998,0.055865921787709494,2288.7,4.18,0.0
9577,0,188,-0.8129999999999998,0.05851063829787234,2288.8,4.18,0.0
9578,4,715,3.713999999999989,0.055944055944055944,2289.2,4.18,0.0
9579,1,315,0.3139999999999894,0.05714285714285714,2289.4,4.18,0.0
9580,3,579,2.5779999999999603,0.055267702936096716,2289.7,4.18,0.0
9581,0,179,-0.8219999999999998,0.055865921787709494,2289.8,4.18,0.0
9582,0,188,-0.8129999999999998,0.05851063829787234,2289.9,4.18,0.0
9583,0,179,-0.8219999999999998,0.055865921787709494,2290.0,4.19,0.0
9584,0,185,-0.8159999999999998,0.05945945945945946,2290.1,4.19,0.0
9585,1,313,0.3119999999999896,0.054313099041533544,2290.3,4.19,0.0
9586,2,462,1.4609999999999732,0.05627705627705628,2290.5,4.19,0.0
9587,0,179,-0.8219999999999998,0.055865921787709494,2290.6,4.19,0.0
9588,3,579,2.5779999999999603,0.05699481865284974,2290.9,4.19,0.0
9589,4,715,3.713999999999989,0.055944055944055944,2291.3,4.19,0.0
9590,2,446,1.444999999999975,0.05605381165919283,2291.5,4.19,0.0
9591,1,313,0.3119999999999896,0.05750798722044728,2291.7,4.19,0.0
9592,3,579,2.5779999999999603,0.055267702936096716,2292.0,4.19,0.0
9593,0,184,-0.8169999999999998,0.059782608695652176,2292.1,4.19,0.0
9594,1,318,0.31699999999998907,0.05660377358490566,2292.3,4.19,0.0
9595,0,179,-0.8219999999999998,0.055865921787709494,2292.4,4.19,0.0
9596,2,456,1.4549999999999739,0.05701754385964912,2292.6,4.19,0.0
9597,0,188,-0.8129999999999998,0.05851063829787234,2292.7,4.19,0.0
9598,3,579,2.5779999999999603,0.055267702936096716,2293.0,4.19,0.0
9599,4,713,3.711999999999988,0.056100981767180924,2293.4,4.19,0.0
9600,6,979,5.978000000000075,0.056179775280898875,2293.9,4.19,0.0
9601,0,179,-0.8219999999999998,0.055865921787709494,2294.0,4.19,0.0
9602,0,179,-0.8219999999999998,0.055865921787709494,2294.1,4.19,0.0
9603,6,1004,6.003000000000084,0.055776892430278883,2294.7,4.19,0.0
9604,1,313,0.3119999999999896,0.05750798722044728,2294.8,4.19,0.0
9605,1,313,0.3119999999999896,0.05750798722044728,2295.0,4.19,0.0
9606,3,579,2.5779999999999603,0.055267702936096716,2295.3,4.19,0.0
9607,1,321,0.31999999999998874,0.056074766355140186,2295.5,4.19,0.0
9608,0,179,-0.8219999999999998,0.055865921787709494,2295.6,4.19,0.0
9609,3,579,2.5779999999999603,0.055267702936096716,2295.9,4.19,0.0
9610,0,179,-0.8219999999999998,0.055865921787709494,2296.0,4.19,0.0
9611,1,313,0.3119999999999896,0.054313099041533544,2296.2,4.19,0.0
9612,0,187,-0.8139999999999998,0.058823529411764705,2296.3,4.19,0.0
9613,1,313,0.3119999999999896,0.05750798722044728,2296.4,4.19,0.0
9614,5,853,4.852000000000034,0.05627198124267292,2296.9,4.19,0.0
9615,1,313,0.3119999999999896,0.05750798722044728,2297.0,4.19,0.0
9616,6,979,5.978000000000075,0.056179775280898875,2297.6,4.19,0.0
9617,0,179,-0.8219999999999998,0.055865921787709494,2297.7,4.19,0.0
9618,6,1005,6.004000000000084,0.05572139303482587,2298.3,4.19,0.0
9619,2,446,1.444999999999975,0.05605381165919283,2298.5,4.19,0.0
9620,4,713,3.711999999999988,0.0546984572230014,2298.9,4.19,0.0
9621,1,336,0.3349999999999871,0.05654761904761905,2299.1,4.19,0.0
9622,2,446,1.444999999999975,0.05605381165919283,2299.3,4.19,0.0
9623,0,179,-0.8219999999999998,0.055865921787709494,2299.4,4.19,0.0
9624,0,179,-0.8219999999999998,0.055865921787709494,2299.5,4.19,0.0
9625,0,179,-0.8219999999999998,0.055865921787709494,2299.6,4.19,0.0
9626,3,579,2.5779999999999603,0.055267702936096716,2299.9,4.19,0.0
9627,2,446,1.444999999999975,0.05605381165919283,2300.2,4.19,0.0
9628,3,585,2.5839999999999597,0.05641025641025641,2300.5,4.19,0.0
9629,0,179,-0.8219999999999998,0.055865921787709494,2300.6,4.19,0.0
9630,2,462,1.4609999999999732,0.05627705627705628,2300.8,4.19,0.0
9631,2,446,1.444999999999975,0.05605381165919283,2301.0,4.19,0.0
9632,2,446,1.444999999999975,0.05605381165919283,2301.3,4.19,0.0
9633,1,313,0.3119999999999896,0.05750798722044728,2301.4,4.19,0.0
9634,1,313,0.3119999999999896,0.054313099041533544,2301.6,4.19,0.0
9635,2,446,1.444999999999975,0.05605381165919283,2301.8,4.19,0.0
9636,0,187,-0.8139999999999998,0.058823529411764705,2302.0,4.19,0.0
9637,6,979,5.978000000000075,0.056179775280898875,2302.5,4.19,0.0
9638,3,579,2.5779999999999603,0.055267702936096716,2302.8,4.19,0.0
9639,3,611,2.609999999999957,0.05564648117839607,2303.1,4.19,0.0
9640,4,713,3.711999999999988,0.0546984572230014,2303.5,4.19,0.0
9641,0,192,-0.8089999999999998,0.057291666666666664,2303.6,4.19,0.0
9642,0,179,-0.8219999999999998,0.055865921787709494,2303.7,4.19,0.0
9643,2,462,1.4609999999999732,0.05627705627705628,2303.9,4.19,0.0
9644,6,1001,6.000000000000083,0.055944055944055944,2304.5,4.19,0.0
9645,2,446,1.444999999999975,0.05605381165919283,2304.7,4.19,0.0
9646,2,457,1.4559999999999738,0.05689277899343545,2305.0,4.19,0.0
9647,0,179,-0.8219999999999998,0.055865921787709494,2305.1,4.19,0.0
9648,6,1001,6.000000000000083,0.055944055944055944,2305.6,4.19,0.0
9649,5,846,4.845000000000032,0.05555555555555555,2306.1,4.18,0.0
9650,3,579,2.5779999999999603,0.05699481865284974,2306.4,4.18,0.0
9651,0,179,-0.8219999999999998,0.055865921787709494,2306.5,4.18,0.0
9652,3,579,2.5779999999999603,0.055267702936096716,2306.8,4.18,0.0
9653,1,332,0.3309999999999875,0.0572289156626506,2307.0,4.18,0.0
9654,4,731,3.729999999999994,0.0560875512995896,2307.4,4.18,0.0
9655,1,341,0.33999999999998654,0.05571847507331378,2307.5,4.18,0.0
9656,0,179,-0.8219999999999998,0.055865921787709494,2307.6,4.18,0.0
9657,1,320,0.31899999999998885,0.05625,2307.8,4.18,0.0
9658,3,580,2.57899999999996,0.056896551724137934,2308.1,4.18,0.0
9659,4,713,3.711999999999988,0.0546984572230014,2308.5,4.18,0.0
9660,6,979,5.978000000000075,0.05515832482124617,2309.0,4.18,0.0
9661,1,313,0.3119999999999896,0.054313099041533544,2309.2,4.18,0.0
9662,0,179,-0.8219999999999998,0.055865921787709494,2309.3,4.18,0.0
9663,1,313,0.3119999999999896,0.054313099041533544,2309.4,4.18,0.0
9664,2,465,1.4639999999999729,0.05591397849462366,2309.7,4.18,0.0
9665,0,184,-0.8169999999999998,0.059782608695652176,2309.8,4.18,0.0
9666,2,446,1.444999999999975,0.05605381165919283,2310.0,4.18,0.0
9667,0,183,-0.8179999999999998,0.060109289617486336,2310.1,4.19,0.0
9668,2,446,1.444999999999975,0.05605381165919283,2310.4,4.19,0.0
9669,3,579,2.5779999999999603,0.055267702936096716,2310.7,4.18,0.0
9670,0,179,-0.8219999999999998,0.055865921787709494,2310.8,4.19,0.0
9671,4,730,3.728999999999994,0.056164383561643834,2311.2,4.18,0.0
9672,1,313,0.3119999999999896,0.05750798722044728,2311.3,4.19,0.0
9673,3,609,2.607999999999957,0.05582922824302135,2311.6,4.18,0.0
9674,1,321,0.31999999999998874,0.056074766355140186,2311.8,4.19,0.0
9675,3,579,2.5779999999999603,0.055267702936096716,2312.1,4.18,0.0
9676,2,446,1.444999999999975,0.05605381165919283,2312.4,4.18,0.0
9677,2,446,1.444999999999975,0.05605381165919283,2312.6,4.18,0.0
9678,4,713,3.711999999999988,0.056100981767180924,2313.0,4.18,0.0
9679,2,446,1.444999999999975,0.05605381165919283,2313.2,4.18,0.0
9680,0,179,-0.8219999999999998,0.055865921787709494,2313.3,4.18,0.0
9681,0,187,-0.8139999999999998,0.058823529411764705,2313.4,4.19,0.0
9682,2,446,1.444999999999975,0.05605381165919283,2313.7,4.19,0.0
9683,0,188,-0.8129999999999998,0.05851063829787234,2313.8,4.19,0.0
9684,0,190,-0.8109999999999998,0.05789473684210526,2313.9,4.19,0.0
9685,0,179,-0.8219999999999998,0.055865921787709494,2314.0,4.19,0.0
9686,1,337,0.335999999999987,0.05637982195845697,2314.2,4.19,0.0
9687,3,579,2.5779999999999603,0.055267702936096716,2314.5,4.19,0.0
9688,3,583,2.58199999999996,0.05660377358490566,2314.8,4.19,0.0
9689,2,446,1.444999999999975,0.053811659192825115,2315.0,4.19,0.0
9690,1,313,0.3119999999999896,0.054313099041533544,2315.2,4.19,0.0
9691,0,184,-0.8169999999999998,0.059782608695652176,2315.3,4.19,0.0
9692,1,313,0.3119999999999896,0.054313099041533544,2315.5,4.19,0.0
9693,0,191,-0.8099999999999998,0.05759162303664921,2315.6,4.19,0.0
9694,0,179,-0.8219999999999998,0.055865921787709494,2315.7,4.19,0.0
9695,2,446,1.444999999999975,0.053811659192825115,2315.9,4.19,0.0
9696,2,462,1.4609999999999732,0.05627705627705628,2316.1,4.19,0.0
9697,0,179,-0.8219999999999998,0.055865921787709494,2316.2,4.19,0.0
9698,7,1113,7.112000000000036,0.05480682839173405,2316.8,4.19,0.0
9699,6,979,5.978000000000075,0.05515832482124617,2317.4,4.19,0.0
9700,1,314,0.3129999999999895,0.05732484076433121,2317.5,4.19,0.0
9701,4,727,3.725999999999993,0.05639614855570839,2317.9,4.19,0.0
9702,0,190,-0.8109999999999998,0.05789473684210526,2318.0,4.19,0.0
9703,1,313,0.3119999999999896,0.05750798722044728,2318.2,4.19,0.0
9704,2,446,1.444999999999975,0.05605381165919283,2318.4,4.19,0.0
9705,2,446,1.444999999999975,0.05605381165919283,2318.7,4.19,0.0
9706,0,179,-0.8219999999999998,0.055865921787709494,2318.8,4.19,0.0
9707,6,980,5.979000000000076,0.05612244897959184,2319.3,4.19,0.0
9708,0,179,-0.8219999999999998,0.055865921787709494,2319.4,4.19,0.0
9709,4,729,3.7279999999999935,0.056241426611796985,2319.8,4.19,0.0
9710,1,313,0.3119999999999896,0.054313099041533544,2319.9,4.19,0.0
9711,1,321,0.31999999999998874,0.056074766355140186,2320.1,4.19,0.0
9712,0,190,-0.8109999999999998,0.05789473684210526,2320.2,4.19,0.0
9713,2,446,1.444999999999975,0.05605381165919283,2320.5,4.19,0.0
9714,4,713,3.711999999999988,0.056100981767180924,2320.8,4.19,0.0
9715,0,179,-0.8219999999999998,0.055865921787709494,2320.9,4.19,0.0
9716,2,464,1.462999999999973,0.05603448275862069,2321.2,4.19,0.0
9717,0,179,-0.8219999999999998,0.055865921787709494,2321.3,4.19,0.0
9718,1,313,0.3119999999999896,0.05750798722044728,2321.4,4.19,0.0
9719,0,187,-0.8139999999999998,0.058823529411764705,2321.5,4.19,0.0
9720,3,579,2.5779999999999603,0.055267702936096716,2321.8,4.19,0.0
9721,0,179,-0.8219999999999998,0.055865921787709494,2321.9,4.19,0.0
9722,1,313,0.3119999999999896,0.054313099041533544,2322.1,4.19,0.0
9723,4,730,3.728999999999994,0.056164383561643834,2322.5,4.19,0.0
9724,0,179,-0.8219999999999998,0.055865921787709494,2322.6,4.19,0.0
9725,5,852,4.851000000000034,0.056338028169014086,2323.1,4.19,0.0
9726,0,179,-0.8219999999999998,0.055865921787709494,2323.2,4.19,0.0
9727,3,586,2.5849999999999596,0.05631399317406143,2323.5,4.19,0.0
9728,0,179,-0.8219999999999998,0.055865921787709494,2323.6,4.19,0.0
9729,0,179,-0.8219999999999998,0.055865921787709494,2323.7,4.19,0.0
9730,0,194,-0.8069999999999998,0.05670103092783505,2323.8,4.19,0.0
9731,1,337,0.335999999999987,0.05637982195845697,2324.0,4.19,0.0
9732,1,313,0.3119999999999896,0.054313099041533544,2324.1,4.19,0.0
9733,4,713,3.711999999999988,0.0546984572230014,2324.5,4.19,0.0
9734,5,856,4.855000000000035,0.056074766355140186,2325.0,4.19,0.0
9735,4,713,3.711999999999988,0.056100981767180924,2325.3,4.19,0.0
9736,2,457,1.4559999999999738,0.05689277899343545,2325.6,4.19,0.0
9737,2,446,1.444999999999975,0.05605381165919283,2325.8,4.19,0.0
9738,1,313,0.3119999999999896,0.054313099041533544,2326.0,4.19,0.0
9739,3,611,2.609999999999957,0.05564648117839607,2326.3,4.19,0.0
9740,0,179,-0.8219999999999998,0.055865921787709494,2326.4,4.19,0.0
9741,5,862,4.861000000000037,0.05568445475638051,2326.9,4.19,0.0
9742,5,853,4.852000000000034,0.05627198124267292,2327.3,4.19,0.0
9743,0,179,-0.8219999999999998,0.055865921787709494,2327.4,4.19,0.0
9744,7,1121,7.120000000000031,0.056199821587867974,2328.0,4.19,0.0
9745,0,184,-0.8169999999999998,0.059782608695652176,2328.1,4.19,0.0
9746,1,313,0.3119999999999896,0.05750798722044728,2328.3,4.19,0.0
9747,0,183,-0.8179999999999998,0.060109289617486336,2328.4,4.19,0.0
9748,0,189,-0.8119999999999998,0.0582010582010582,2328.5,4.19,0.0
9749,1,313,0.3119999999999896,0.05750798722044728,2328.7,4.19,0.0
9750,2,462,1.4609999999999732,0.05627705627705628,2328.9,4.19,0.0
9751,4,713,3.711999999999988,0.0546984572230014,2329.3,4.19,0.0
9752,3,585,2.5839999999999597,0.05641025641025641,2329.6,4.19,0.0
9753,0,179,-0.8219999999999998,0.055865921787709494,2329.7,4.19,0.0
9754,4,618,3.6169999999999565,0.05663430420711974,2330.0,4.19,0.0
9755,1,313,0.3119999999999896,0.05750798722044728,2330.2,4.19,0.0
9756,2,446,1.444999999999975,0.05605381165919283,2330.4,4.19,0.0
9757,0,179,-0.8219999999999998,0.055865921787709494,2330.5,4.19,0.0
9758,8,1246,8.244999999999962,0.05537720706260032,2331.2,4.19,0.0
9759,0,179,-0.8219999999999998,0.055865921787709494,2331.3,4.19,0.0
9760,1,323,0.3219999999999885,0.05572755417956656,2331.4,4.19,0.0
9761,1,336,0.3349999999999871,0.05654761904761905,2331.6,4.19,0.0
9762,0,179,-0.8219999999999998,0.055865921787709494,2331.7,4.19,0.0
9763,4,713,3.711999999999988,0.0546984572230014,2332.1,4.19,0.0
9764,0,179,-0.8219999999999998,0.055865921787709494,2332.2,4.19,0.0
9765,2,461,1.4599999999999733,0.05639913232104121,2332.4,4.19,0.0
9766,5,846,4.845000000000032,0.05555555555555555,2332.9,4.19,0.0
9767,0,179,-0.8219999999999998,0.055865921787709494,2333.0,4.19,0.0
9768,2,446,1.444999999999975,0.05605381165919283,2333.2,4.19,0.0
9769,3,579,2.5779999999999603,0.05699481865284974,2333.5,4.19,0.0
9770,2,462,1.4609999999999732,0.05627705627705628,2333.8,4.19,0.0
9771,9,1397,9.395999999999878,0.05583392984967788,2334.6,4.19,0.0
9772,0,190,-0.8109999999999998,0.05789473684210526,2334.7,4.19,0.0
9773,0,189,-0.8119999999999998,0.0582010582010582,2334.8,4.19,0.0
9774,1,332,0.3309999999999875,0.0572289156626506,2334.9,4.19,0.0
9775,2,446,1.444999999999975,0.05605381165919283,2335.2,4.19,0.0
9776,0,191,-0.8099999999999998,0.05759162303664921,2335.3,4.19,0.0
9777,1,313,0.3119999999999896,0.05750798722044728,2335.4,4.19,0.0
9778,4,713,3.711999999999988,0.0546984572230014,2335.8,4.19,0.0
9779,1,337,0.335999999999987,0.05637982195845697,2336.0,4.19,0.0
9780,0,187,-0.8139999999999998,0.058823529411764705,2336.1,4.19,0.0
9781,1,313,0.3119999999999896,0.054313099041533544,2336.2,4.19,0.0
9782,2,446,1.444999999999975,0.05605381165919283,2336.5,4.19,0.0
9783,2,446,1.444999999999975,0.05605381165919283,2336.7,4.19,0.0
9784,1,337,0.335999999999987,0.05637982195845697,2336.9,4.19,0.0
9785,3,579,2.5779999999999603,0.055267702936096716,2337.2,4.19,0.0
9786,2,457,1.4559999999999738,0.05689277899343545,2337.5,4.19,0.0
9787,2,454,1.452999999999974,0.05726872246696035,2337.7,4.19,0.0
9788,2,452,1.4509999999999743,0.05752212389380531,2338.0,4.19,0.0
9789,0,179,-0.8219999999999998,0.055865921787709494,2338.0,4.19,0.0
9790,1,313,0.3119999999999896,0.054313099041533544,2338.2,4.19,0.0
9791,5,853,4.852000000000034,0.05627198124267292,2338.7,4.19,0.0
9792,0,179,-0.8219999999999998,0.055865921787709494,2338.8,4.19,0.0
9793,0,187,-0.8139999999999998,0.058823529411764705,2338.9,4.19,0.0
9794,1,313,0.3119999999999896,0.054313099041533544,2339.1,4.19,0.0
9795,5,849,4.848000000000033,0.05653710247349823,2339.5,4.19,0.0
9796,1,317,0.3159999999999892,0.056782334384858045,2339.7,4.19,0.0
9797,2,446,1.444999999999975,0.05605381165919283,2339.9,4.19,0.0
9798,0,186,-0.8149999999999998,0.05913978494623656,2340.0,4.19,0.0
9799,3,579,2.5779999999999603,0.055267702936096716,2340.3,4.19,0.0
9800,1,313,0.3119999999999896,0.05750798722044728,2340.5,4.19,0.0
9801,0,179,-0.8219999999999998,0.055865921787709494,2340.6,4.19,0.0
9802,0,179,-0.8219999999999998,0.055865921787709494,2340.7,4.19,0.0
9803,1,323,0.3219999999999885,0.05572755417956656,2340.8,4.19,0.0
9804,0,192,-0.8089999999999998,0.057291666666666664,2340.9,4.19,0.0
9805,0,179,-0.8219999999999998,0.055865921787709494,2341.0,4.19,0.0
9806,3,579,2.5779999999999603,0.05699481865284974,2341.4,4.19,0.0
9807,1,337,0.335999999999987,0.05637982195845697,2341.5,4.19,0.0
9808,1,313,0.3119999999999896,0.05750798722044728,2341.7,4.19,0.0
9809,2,446,1.444999999999975,0.05605381165919283,2341.9,4.19,0.0
9810,2,458,1.4569999999999736,0.056768558951965066,2342.2,4.19,0.0
9811,0,189,-0.8119999999999998,0.0582010582010582,2342.3,4.19,0.0
9812,1,335,0.3339999999999872,0.056716417910447764,2342.5,4.19,0.0
9813,2,462,1.4609999999999732,0.05627705627705628,2342.7,4.19,0.0
9814,5,859,4.858000000000036,0.05587892898719441,2343.2,4.19,0.0
9815,1,336,0.3349999999999871,0.05654761904761905,2343.4,4.19,0.0
9816,3,585,2.5839999999999597,0.05641025641025641,2343.7,4.19,0.0
9817,0,179,-0.8219999999999998,0.055865921787709494,2343.8,4.19,0.0
9818,0,179,-0.8219999999999998,0.055865921787709494,2343.9,4.19,0.0
9819,3,579,2.5779999999999603,0.055267702936096716,2344.2,4.19,0.0
9820,1,313,0.3119999999999896,0.054313099041533544,2344.4,4.19,0.0
9821,1,313,0.3119999999999896,0.054313099041533544,2344.5,4.19,0.0
9822,2,446,1.444999999999975,0.05605381165919283,2344.8,4.19,0.0
9823,4,713,3.711999999999988,0.056100981767180924,2345.1,4.19,0.0
9824,1,313,0.3119999999999896,0.054313099041533544,2345.3,4.19,0.0
9825,3,579,2.5779999999999603,0.055267702936096716,2345.6,4.19,0.0
9826,0,204,-0.7969999999999998,0.058823529411764705,2345.7,4.19,0.0
9827,0,179,-0.8219999999999998,0.055865921787709494,2345.8,4.19,0.0
9828,0,179,-0.8219999999999998,0.055865921787709494,2345.9,4.19,0.0
9829,9,1379,9.377999999999888,0.05583756345177665,2346.6,4.19,0.0
9830,0,179,-0.8219999999999998,0.055865921787709494,2346.7,4.19,0.0
9831,0,179,-0.8219999999999998,0.055865921787709494,2346.8,4.19,0.0
9832,4,713,3.711999999999988,0.0546984572230014,2347.2,4.19,0.0
9833,2,447,1.4459999999999749,0.05592841163310962,2347.4,4.19,0.0
9834,0,187,-0.8139999999999998,0.058823529411764705,2347.5,4.19,0.0
9835,2,466,1.4649999999999728,0.055793991416309016,2347.8,4.19,0.0
9836,0,179,-0.8219999999999998,0.055865921787709494,2347.9,4.19,0.0
9837,0,187,-0.8139999999999998,0.058823529411764705,2348.0,4.19,0.0
9838,0,179,-0.8219999999999998,0.055865921787709494,2348.1,4.19,0.0
9839,0,179,-0.8219999999999998,0.055865921787709494,2348.2,4.19,0.0
9840,0,179,-0.8219999999999998,0.055865921787709494,2348.3,4.19,0.0
9841,5,846,4.845000000000032,0.05555555555555555,2348.7,4.19,0.0
9842,1,315,0.3139999999999894,0.05714285714285714,2348.9,4.19,0.0
9843,0,192,-0.8089999999999998,0.057291666666666664,2349.0,4.19,0.0
9844,0,189,-0.8119999999999998,0.0582010582010582,2349.1,4.19,0.0
9845,1,313,0.3119999999999896,0.054313099041533544,2349.3,4.19,0.0
9846,1,313,0.3119999999999896,0.05750798722044728,2349.4,4.19,0.0
9847,0,179,-0.8219999999999998,0.055865921787709494,2349.5,4.19,0.0
9848,1,313,0.3119999999999896,0.05750798722044728,2349.7,4.19,0.0
9849,0,184,-0.8169999999999998,0.059782608695652176,2349.8,4.19,0.0
9850,3,579,2.5779999999999603,0.055267702936096716,2350.1,4.19,0.0
9851,2,446,1.444999999999975,0.05605381165919283,2350.4,4.19,0.0
9852,2,446,1.444999999999975,0.05605381165919283,2350.6,4.19,0.0
9853,0,179,-0.8219999999999998,0.055865921787709494,2350.7,4.19,0.0
9854,1,315,0.3139999999999894,0.05714285714285714,2350.9,4.19,0.0
9855,0,179,-0.8219999999999998,0.055865921787709494,2351.0,4.19,0.0
9856,0,179,-0.8219999999999998,0.055865921787709494,2351.1,4.19,0.0
9857,4,713,3.711999999999988,0.056100981767180924,2351.4,4.19,0.0
9858,0,179,-0.8219999999999998,0.055865921787709494,2351.5,4.19,0.0
9859,2,462,1.4609999999999732,0.05627705627705628,2351.8,4.19,0.0
9860,2,446,1.444999999999975,0.05605381165919283,2352.0,4.19,0.0
9861,6,979,5.978000000000075,0.05515832482124617,2352.5,4.19,0.0
9862,6,979,5.978000000000075,0.05515832482124617,2353.1,4.19,0.0
9863,0,179,-0.8219999999999998,0.055865921787709494,2353.2,4.19,0.0
9864,1,313,0.3119999999999896,0.05750798722044728,2353.3,4.19,0.0
9865,2,446,1.444999999999975,0.05605381165919283,2353.6,4.19,0.0
9866,0,189,-0.8119999999999998,0.0582010582010582,2353.7,4.19,0.0
9867,3,585,2.5839999999999597,0.05641025641025641,2354.0,4.19,0.0
9868,1,340,0.33899999999998665,0.05588235294117647,2354.2,4.19,0.0
9869,1,313,0.3119999999999896,0.054313099041533544,2354.3,4.19,0.0
9870,0,179,-0.8219999999999998,0.055865921787709494,2354.4,4.19,0.0
9871,0,179,-0.8219999999999998,0.055865921787709494,2354.5,4.19,0.0
9872,3,579,2.5779999999999603,0.055267702936096716,2354.8,4.19,0.0
9873,1,315,0.3139999999999894,0.05714285714285714,2355.0,4.19,0.0
9874,7,1122,7.121000000000031,0.05614973262032086,2355.6,4.19,0.0
9875,3,579,2.5779999999999603,0.055267702936096716,2355.9,4.19,0.0
9876,2,453,1.4519999999999742,0.05739514348785872,2356.2,4.19,0.0
9877,6,979,5.978000000000075,0.05515832482124617,2356.7,4.19,0.0
9878,0,179,-0.8219999999999998,0.055865921787709494,2356.8,4.19,0.0
9879,4,713,3.711999999999988,0.0546984572230014,2357.2,4.19,0.0
9880,4,713,3.711999999999988,0.056100981767180924,2357.6,4.19,0.0
9881,0,192,-0.8089999999999998,0.057291666666666664,2357.7,4.19,0.0
9882,3,610,2.608999999999957,0.05573770491803279,2358.0,4.19,0.0
9883,7,1113,7.112000000000036,0.05480682839173405,2358.6,4.19,0.0
9884,0,213,-0.7879999999999998,0.056338028169014086,2358.7,4.19,0.0
9885,2,456,1.4549999999999739,0.05701754385964912,2358.9,4.19,0.0
9886,3,582,2.58099999999996,0.05670103092783505,2359.2,4.19,0.0
9887,1,313,0.3119999999999896,0.05750798722044728,2359.4,4.19,0.0
9888,2,446,1.444999999999975,0.05605381165919283,2359.7,4.19,0.0
9889,2,446,1.444999999999975,0.05605381165919283,2359.9,4.19,0.0
9890,1,313,0.3119999999999896,0.054313099041533544,2360.0,4.19,0.0
9891,5,853,4.852000000000034,0.05627198124267292,2360.5,4.19,0.0
9892,0,179,-0.8219999999999998,0.055865921787709494,2360.6,4.19,0.0
9893,3,579,2.5779999999999603,0.055267702936096716,2360.9,4.19,0.0
9894,0,179,-0.8219999999999998,0.055865921787709494,2361.0,4.19,0.0
9895,1,313,0.3119999999999896,0.054313099041533544,2361.1,4.19,0.0
9896,2,446,1.444999999999975,0.05605381165919283,2361.4,4.19,0.0
9897,0,191,-0.8099999999999998,0.05759162303664921,2361.5,4.19,0.0
9898,1,313,0.3119999999999896,0.054313099041533544,2361.6,4.19,0.0
9899,0,179,-0.8219999999999998,0.055865921787709494,2361.7,4.19,0.0
9900,0,179,-0.8219999999999998,0.055865921787709494,2361.8,4.19,0.0
9901,0,181,-0.8199999999999998,0.06077348066298342,2361.9,4.19,0.0
9902,6,979,5.978000000000075,0.056179775280898875,2362.4,4.19,0.0
9903,1,341,0.33999999999998654,0.05571847507331378,2362.6,4.19,0.0
9904,0,192,-0.8089999999999998,0.057291666666666664,2362.7,4.19,0.0
9905,1,313,0.3119999999999896,0.05750798722044728,2362.9,4.19,0.0
9906,2,446,1.444999999999975,0.05605381165919283,2363.1,4.19,0.0
9907,0,184,-0.8169999999999998,0.059782608695652176,2363.2,4.19,0.0
9908,6,979,5.978000000000075,0.05515832482124617,2363.7,4.19,0.0
9909,4,713,3.711999999999988,0.056100981767180924,2364.1,4.19,0.0
9910,3,582,2.58099999999996,0.05670103092783505,2364.4,4.19,0.0
9911,0,190,-0.8109999999999998,0.05789473684210526,2364.5,4.19,0.0
9912,2,448,1.4469999999999748,0.05580357142857143,2364.8,4.19,0.0
9913,1,323,0.3219999999999885,0.05572755417956656,2365.0,4.19,0.0
9914,4,731,3.729999999999994,0.0560875512995896,2365.3,4.19,0.0
9915,4,713,3.711999999999988,0.056100981767180924,2365.7,4.19,0.0
9916,0,189,-0.8119999999999998,0.0582010582010582,2365.8,4.19,0.0
9917,1,313,0.3119999999999896,0.054313099041533544,2366.0,4.19,0.0
9918,0,179,-0.8219999999999998,0.055865921787709494,2366.1,4.19,0.0
9919,3,579,2.5779999999999603,0.055267702936096716,2366.4,4.19,0.0
9920,0,179,-0.8219999999999998,0.055865921787709494,2366.5,4.19,0.0
9921,2,462,1.4609999999999732,0.05627705627705628,2366.7,4.19,0.0
9922,3,579,2.5779999999999603,0.055267702936096716,2367.0,4.19,0.0
9923,5,846,4.845000000000032,0.05555555555555555,2367.5,4.19,0.0
9924,4,713,3.711999999999988,0.0546984572230014,2367.9,4.19,0.0
9925,0,185,-0.8159999999999998,0.05945945945945946,2368.0,4.19,0.0
9926,0,179,-0.8219999999999998,0.055865921787709494,2368.0,4.19,0.0
9927,1,322,0.32099999999998863,0.055900621118012424,2368.2,4.19,0.0
9928,2,446,1.444999999999975,0.05605381165919283,2368.5,4.19,0.0
9929,0,187,-0.8139999999999998,0.058823529411764705,2368.6,4.19,0.0
9930,1,313,0.3119999999999896,0.054313099041533544,2368.7,4.19,0.0
9931,0,188,-0.8129999999999998,0.05851063829787234,2368.9,4.19,0.0
9932,0,179,-0.8219999999999998,0.055865921787709494,2369.0,4.19,0.0
9933,1,313,0.3119999999999896,0.054313099041533544,2369.1,4.19,0.0
9934,4,713,3.711999999999988,0.0546984572230014,2369.5,4.19,0.0
9935,6,987,5.986000000000078,0.05572441742654509,2370.0,4.19,0.0
9936,3,579,2.5779999999999603,0.055267702936096716,2370.4,4.19,0.0
9937,0,179,-0.8219999999999998,0.055865921787709494,2370.5,4.19,0.0
9938,2,446,1.444999999999975,0.053811659192825115,2370.7,4.19,0.0
9939,0,179,-0.8219999999999998,0.055865921787709494,2370.8,4.19,0.0
9940,3,579,2.5779999999999603,0.055267702936096716,2371.1,4.19,0.0
9941,0,194,-0.8069999999999998,0.05670103092783505,2371.2,4.19,0.0
9942,4,713,3.711999999999988,0.056100981767180924,2371.6,4.19,0.0
9943,6,1004,6.003000000000084,0.055776892430278883,2372.1,4.19,0.0
9944,2,463,1.461999999999973,0.056155507559395246,2372.4,4.19,0.0
9945,2,446,1.444999999999975,0.05605381165919283,2372.6,4.19,0.0
9946,6,979,5.978000000000075,0.056179775280898875,2373.1,4.19,0.0
9947,0,179,-0.8219999999999998,0.055865921787709494,2373.2,4.19,0.0
9948,2,446,1.444999999999975,0.05605381165919283,2373.5,4.19,0.0
9949,0,196,-0.8049999999999998,0.05612244897959184,2373.6,4.19,0.0
9950,1,313,0.3119999999999896,0.054313099041533544,2373.8,4.19,0.0
9951,0,179,-0.8219999999999998,0.05027932960893855,2373.9,4.19,0.0
9952,0,183,-0.8179999999999998,0.060109289617486336,2374.0,4.19,0.0
9953,4,713,3.711999999999988,0.056100981767180924,2374.3,4.19,0.0
9954,1,316,0.3149999999999893,0.056962025316455694,2374.5,4.19,0.0
9955,2,461,1.4599999999999733,0.05639913232104121,2374.8,4.19,0.0
9956,2,446,1.444999999999975,0.05605381165919283,2375.0,4.19,0.0
9957,3,585,2.5839999999999597,0.05641025641025641,2375.3,4.19,0.0
9958,2,446,1.444999999999975,0.05605381165919283,2375.5,4.19,0.0
9959,3,589,2.587999999999959,0.05602716468590832,2375.9,4.19,0.0
9960,3,579,2.5779999999999603,0.055267702936096716,2376.2,4.19,0.0
9961,1,335,0.3339999999999872,0.056716417910447764,2376.3,4.19,0.0
9962,0,179,-0.8219999999999998,0.055865921787709494,2376.4,4.19,0.0
9963,0,179,-0.8219999999999998,0.055865921787709494,2376.5,4.19,0.0
9964,1,321,0.31999999999998874,0.056074766355140186,2376.7,4.19,0.0
9965,0,212,-0.7889999999999998,0.05660377358490566,2376.8,4.19,0.0
9966,0,179,-0.8219999999999998,0.055865921787709494,2376.9,4.19,0.0
9967,1,313,0.3119999999999896,0.054313099041533544,2377.1,4.19,0.0
9968,3,579,2.5779999999999603,0.055267702936096716,2377.4,4.19,0.0
9969,0,197,-0.8039999999999998,0.05583756345177665,2377.5,4.19,0.0
9970,0,179,-0.8219999999999998,0.055865921787709494,2377.6,4.19,0.0
9971,0,179,-0.8219999999999998,0.055865921787709494,2377.7,4.19,0.0
9972,4,713,3.711999999999988,0.056100981767180924,2378.1,4.19,0.0
9973,0,179,-0.8219999999999998,0.055865921787709494,2378.2,4.19,0.0
9974,1,313,0.3119999999999896,0.054313099041533544,2378.3,4.19,0.0
9975,1,317,0.3159999999999892,0.056782334384858045,2378.5,4.19,0.0
9976,3,579,2.5779999999999603,0.055267702936096716,2378.8,4.19,0.0
9977,0,191,-0.8099999999999998,0.05759162303664921,2378.9,4.19,0.0
9978,0,186,-0.8149999999999998,0.05913978494623656,2379.0,4.19,0.0
9979,4,713,3.711999999999988,0.056100981767180924,2379.4,4.19,0.0
9980,0,186,-0.8149999999999998,0.05913978494623656,2379.5,4.19,0.0
9981,0,179,-0.8219999999999998,0.055865921787709494,2379.6,4.19,0.0
9982,0,186,-0.8149999999999998,0.05913978494623656,2379.7,4.20,0.0
9983,1,313,0.3119999999999896,0.054313099041533544,2379.9,4.20,0.0
9984,1,313,0.3119999999999896,0.05750798722044728,2380.0,4.20,0.0
9985,4,713,3.711999999999988,0.056100981767180924,2380.4,4.20,0.0
9986,0,186,-0.8149999999999998,0.05913978494623656,2380.5,4.20,0.0
9987,0,187,-0.8139999999999998,0.058823529411764705,2380.6,4.20,0.0
9988,0,179,-0.8219999999999998,0.055865921787709494,2380.7,4.20,0.0
9989,1,323,0.3219999999999885,0.05572755417956656,2380.9,4.20,0.0
9990,0,179,-0.8219999999999998,0.055865921787709494,2381.0,4.20,0.0
9991,4,733,3.731999999999995,0.05593451568894952,2381.4,4.20,0.0
9992,0,179,-0.8219999999999998,0.055865921787709494,2381.5,4.20,0.0
9993,0,179,-0.8219999999999998,0.055865921787709494,2381.6,4.20,0.0
9994,1,313,0.3119999999999896,0.05750798722044728,2381.7,4.20,0.0
9995,1,341,0.33999999999998654,0.05571847507331378,2381.9,4.20,0.0
9996,0,179,-0.8219999999999998,0.055865921787709494,2382.0,4.20,0.0
9997,2,465,1.4639999999999729,0.05591397849462366,2382.3,4.20,0.0
9998,1,315,0.3139999999999894,0.05714285714285714,2382.4,4.20,0.0
9999,4,713,3.711999999999988,0.056100981767180924,2382.8,4.20,0.0
