episode,seed,score,steps,total_reward,mean_score_50,mean_survival_50,eval_mean_score,eval_mean_survival,eval_success_rate,curriculum_stage,wall_time_s
1,47,41,10000,50.99899999999463,41.0,10000.0,,,,0,15.8
2,48,41,10000,50.99899999999463,41.0,10000.0,,,,0,29.3
3,49,41,10000,50.99899999999463,41.0,10000.0,,,,0,41.8
4,50,41,10000,50.99899999999463,41.0,10000.0,,,,0,57.1
5,51,41,10000,50.99899999999463,41.0,10000.0,,,,0,69.2
6,52,41,10000,50.99899999999463,41.0,10000.0,,,,0,81.4
7,53,41,10000,50.99899999999463,41.0,10000.0,,,,0,94.2
8,54,41,10000,50.99899999999463,41.0,10000.0,,,,0,109.3
9,55,41,10000,50.99899999999463,41.0,10000.0,,,,0,124.7
10,56,41,10000,50.99899999999463,41.0,10000.0,,,,0,141.3
11,57,41,10000,50.99899999999463,41.0,10000.0,,,,0,158.2
12,58,41,10000,50.99899999999463,41.0,10000.0,,,,0,173.9
13,59,41,10000,50.99899999999463,41.0,10000.0,,,,0,187.8
14,60,41,10000,50.99899999999463,41.0,10000.0,,,,0,200.1
15,61,41,10000,50.99899999999463,41.0,10000.0,,,,0,212.2
16,62,41,10000,50.99899999999463,41.0,10000.0,,,,0,224.3
17,63,22,5369,26.368000000002027,39.88235294117647,9727.588235294117,,,,0,230.9
18,64,24,6029,29.028000000002834,39.0,9522.111111111111,,,,0,238.2
19,65,41,10000,50.99899999999463,39.10526315789474,9547.263157894737,,,,0,250.3
20,66,41,10000,50.99899999999463,39.2,9569.9,,,,0,262.7
21,67,41,10000,50.99899999999463,39.285714285714285,9590.380952380952,,,,0,275.0
22,68,41,10000,50.99899999999463,39.36363636363637,9609.0,,,,0,287.3
23,69,41,10000,50.99899999999463,39.43478260869565,9626.0,,,,0,299.7
24,70,4,1268,4.267000000000014,37.958333333333336,9277.75,,,,0,301.2
25,71,41,10000,50.99899999999463,38.08,9306.64,,,,0,313.2
26,72,41,10000,50.99899999999463,38.19230769230769,9333.307692307691,,,,0,325.5
27,73,28,6989,33.98800000000165,37.81481481481482,9246.481481481482,,,,0,334.2
28,74,41,10000,50.99899999999463,37.92857142857143,9273.392857142857,,,,0,346.5
29,75,41,10000,50.99899999999463,38.03448275862069,9298.448275862069,,,,0,358.9
30,76,41,10000,50.99899999999463,38.13333333333333,9321.833333333334,,,,0,371.3
31,77,41,10000,50.99899999999463,38.225806451612904,9343.709677419354,,,,0,383.6
32,78,41,10000,50.99899999999463,38.3125,9364.21875,,,,0,395.8
33,79,41,10000,50.99899999999463,38.39393939393939,9383.484848484848,,,,0,407.9
34,80,41,10000,50.99899999999463,38.470588235294116,9401.617647058823,,,,0,419.8
35,81,36,8917,43.915999999997155,38.4,9387.771428571428,,,,0,430.7
36,82,41,10000,50.99899999999463,38.47222222222222,9404.777777777777,,,,0,442.5
37,83,41,10000,50.99899999999463,38.54054054054054,9420.864864864865,,,,0,454.4
38,84,41,10000,50.99899999999463,38.60526315789474,9436.105263157895,,,,0,466.0
39,85,41,10000,50.99899999999463,38.666666666666664,9450.564102564103,,,,0,477.6
40,86,29,7253,35.25200000000103,38.425,9395.625,,,,0,485.9
41,87,41,10000,50.99899999999463,38.48780487804878,9410.365853658537,,,,0,497.3
42,88,41,10000,50.99899999999463,38.54761904761905,9424.404761904761,,,,0,508.9
43,89,9,2464,10.462999999999793,37.86046511627907,9262.53488372093,,,,0,511.7
44,90,7,1987,7.9860000000000575,37.15909090909091,9097.181818181818,,,,0,513.9
45,91,41,10000,50.99899999999463,37.24444444444445,9117.244444444445,,,,0,525.4
46,92,39,9646,47.644999999995456,37.28260869565217,9128.739130434782,,,,0,536.4
47,93,41,10000,50.99899999999463,37.361702127659576,9147.27659574468,,,,0,548.0
48,94,41,10000,50.99899999999463,37.4375,9165.041666666666,,,,0,559.6
49,95,41,10000,50.99899999999463,37.51020408163265,9182.081632653062,,,,0,571.0
50,96,41,10000,50.99899999999463,37.58,9198.44,,,,0,583.2
51,97,41,10000,50.99899999999463,37.58,9198.44,,,,0,595.6
52,98,36,8944,43.94299999999709,37.48,9177.32,,,,0,606.6
53,99,41,10000,50.99899999999463,37.48,9177.32,,,,0,619.5
54,100,10,2678,11.676999999999675,36.86,9030.88,,,,0,622.9
55,101,9,2446,10.444999999999803,36.22,8879.8,,,,0,626.1
56,102,32,7980,38.97899999999934,36.04,8839.4,,,,0,635.6
57,103,41,10000,50.99899999999463,36.04,8839.4,,,,0,647.3
58,104,41,10000,50.99899999999463,36.04,8839.4,,,,0,659.1
59,105,41,10000,50.99899999999463,36.04,8839.4,,,,0,670.8
60,106,41,10000,50.99899999999463,36.04,8839.4,,,,0,682.4
61,107,41,10000,50.99899999999463,36.04,8839.4,,,,0,694.1
62,108,41,10000,50.99899999999463,36.04,8839.4,,,,0,706.7
63,109,41,10000,50.99899999999463,36.04,8839.4,,,,0,718.5
64,110,41,10000,50.99899999999463,36.04,8839.4,,,,0,730.0
65,111,41,10000,50.99899999999463,36.04,8839.4,,,,0,741.6
66,112,41,10000,50.99899999999463,36.04,8839.4,,,,0,753.4
67,113,0,286,-0.7149999999999999,35.6,8737.74,,,,0,753.7
68,114,41,10000,50.99899999999463,35.94,8817.16,,,,0,765.4
69,115,41,10000,50.99899999999463,35.94,8817.16,,,,0,777.2
70,116,41,10000,50.99899999999463,35.94,8817.16,,,,0,788.7
71,117,41,10000,50.99899999999463,35.94,8817.16,,,,0,800.4
72,118,41,10000,50.99899999999463,35.94,8817.16,,,,0,811.9
73,119,41,10000,50.99899999999463,35.94,8817.16,,,,0,823.6
74,120,41,10000,50.99899999999463,36.68,8991.8,,,,0,835.1
75,121,41,10000,50.99899999999463,36.68,8991.8,,,,0,846.7
76,122,41,10000,50.99899999999463,36.68,8991.8,,,,0,858.5
77,123,41,10000,50.99899999999463,36.94,9052.02,,,,0,870.7
78,124,41,10000,50.99899999999463,36.94,9052.02,,,,0,882.5
79,125,41,10000,50.99899999999463,36.94,9052.02,,,,0,894.0
80,126,41,10000,50.99899999999463,36.94,9052.02,,,,0,905.5
81,127,41,10000,50.99899999999463,36.94,9052.02,,,,0,917.0
82,128,41,10000,50.99899999999463,36.94,9052.02,,,,0,928.4
83,129,41,10000,50.99899999999463,36.94,9052.02,,,,0,940.0
84,130,41,10000,50.99899999999463,36.94,9052.02,,,,0,952.0
85,131,15,3923,17.92200000000026,36.52,8952.14,,,,0,956.6
86,132,41,10000,50.99899999999463,36.52,8952.14,,,,0,968.2
87,133,41,10000,50.99899999999463,36.52,8952.14,,,,0,980.6
88,134,41,10000,50.99899999999463,36.52,8952.14,,,,0,992.3
89,135,41,10000,50.99899999999463,36.52,8952.14,,,,0,1003.7
90,136,41,10000,50.99899999999463,36.76,9007.08,,,,0,1015.3
91,137,41,10000,50.99899999999463,36.76,9007.08,,,,0,1026.8
92,138,24,6044,29.043000000002852,36.42,8927.96,,,,0,1034.0
93,139,12,3203,14.201999999999384,36.48,8942.74,,,,0,1037.8
94,140,41,10000,50.99899999999463,37.16,9103.0,,,,0,1049.6
95,141,41,10000,50.99899999999463,37.16,9103.0,,,,0,1061.4
96,142,22,5559,26.55800000000226,36.82,9021.26,,,,0,1068.0
97,143,41,10000,50.99899999999463,36.82,9021.26,,,,0,1079.5
98,144,39,9665,47.66399999999541,36.78,9014.56,,,,0,1090.7
99,145,41,10000,50.99899999999463,36.78,9014.56,,,,0,1102.4
100,146,41,10000,50.99899999999463,36.78,9014.56,,,,0,1114.0
101,147,41,10000,50.99899999999463,36.78,9014.56,,,,0,1125.8
102,148,41,10000,50.99899999999463,36.88,9035.68,,,,0,1137.4
103,149,41,10000,50.99899999999463,36.88,9035.68,,,,0,1148.8
104,150,41,10000,50.99899999999463,37.5,9182.12,,,,0,1160.4
105,151,41,10000,50.99899999999463,38.14,9333.2,,,,0,1172.4
106,152,41,10000,50.99899999999463,38.32,9373.6,,,,0,1184.0
107,153,9,2482,10.480999999999783,37.68,9223.24,,,,0,1186.9
108,154,41,10000,50.99899999999463,37.68,9223.24,,,,0,1198.2
109,155,6,1709,6.708000000000161,36.98,9057.42,,,,0,1200.2
110,156,41,10000,50.99899999999463,36.98,9057.42,,,,0,1211.8
111,157,41,10000,50.99899999999463,36.98,9057.42,,,,0,1225.1
112,158,41,10000,50.99899999999463,36.98,9057.42,,,,0,1237.3
113,159,41,10000,50.99899999999463,36.98,9057.42,,,,0,1249.4
114,160,41,10000,50.99899999999463,36.98,9057.42,,,,0,1261.2
115,161,41,10000,50.99899999999463,36.98,9057.42,,,,0,1273.2
116,162,41,10000,50.99899999999463,36.98,9057.42,,,,0,1285.7
117,163,41,10000,50.99899999999463,37.8,9251.7,,,,0,1298.0
118,164,41,10000,50.99899999999463,37.8,9251.7,,,,0,1310.3
119,165,6,1723,6.722000000000166,37.1,9086.16,,,,0,1312.4
120,166,41,10000,50.99899999999463,37.1,9086.16,,,,0,1324.4
121,167,41,10000,50.99899999999463,37.1,9086.16,,,,0,1335.9
122,168,31,7720,37.718999999999944,36.9,9040.56,,,,0,1344.7
123,169,41,10000,50.99899999999463,36.9,9040.56,,,,0,1356.3
124,170,41,10000,50.99899999999463,36.9,9040.56,,,,0,1368.1
125,171,41,10000,50.99899999999463,36.9,9040.56,,,,0,1379.6
126,172,41,10000,50.99899999999463,36.9,9040.56,,,,0,1391.2
127,173,41,10000,50.99899999999463,36.9,9040.56,,,,0,1402.8
128,174,41,10000,50.99899999999463,36.9,9040.56,,,,0,1414.3
129,175,41,10000,50.99899999999463,36.9,9040.56,,,,0,1425.9
130,176,41,10000,50.99899999999463,36.9,9040.56,,,,0,1437.4
131,177,19,4876,22.875000000001425,36.46,8938.08,,,,0,1442.9
132,178,33,8243,40.241999999998725,36.3,8902.94,,,,0,1452.6
133,179,16,4138,19.137000000000523,35.8,8785.7,,,,0,1457.8
134,180,23,5794,27.793000000002547,35.44,8701.58,,,,0,1465.4
135,181,41,10000,50.99899999999463,35.96,8823.12,,,,0,1477.9
136,182,27,6766,32.76500000000217,35.68,8758.44,,,,0,1486.3
137,183,41,10000,50.99899999999463,35.68,8758.44,,,,0,1498.5
138,184,41,10000,50.99899999999463,35.68,8758.44,,,,0,1510.2
139,185,41,10000,50.99899999999463,35.68,8758.44,,,,0,1521.8
140,186,41,10000,50.99899999999463,35.68,8758.44,,,,0,1533.5
141,187,41,10000,50.99899999999463,35.68,8758.44,,,,0,1544.9
142,188,41,10000,50.99899999999463,36.02,8837.56,,,,0,1556.6
143,189,15,3905,17.904000000000238,36.08,8851.6,,,,0,1561.2
144,190,41,10000,50.99899999999463,36.08,8851.6,,,,0,1572.7
145,191,41,10000,50.99899999999463,36.08,8851.6,,,,0,1584.9
146,192,3,989,2.987999999999927,35.7,8760.2,,,,0,1586.0
147,193,41,10000,50.99899999999463,35.7,8760.2,,,,0,1597.6
148,194,41,10000,50.99899999999463,35.74,8766.9,,,,0,1609.4
149,195,11,2909,12.907999999999547,35.14,8625.08,,,,0,1612.8
150,196,8,2209,9.207999999999934,34.48,8469.26,,,,0,1615.3
151,197,41,10000,50.99899999999463,34.48,8469.26,,,,0,1627.2
152,198,41,10000,50.99899999999463,34.48,8469.26,,,,0,1639.6
153,199,3,989,2.987999999999927,33.72,8289.04,,,,0,1640.8
154,200,3,1024,3.022999999999933,32.96,8109.52,,,,0,1642.0
155,201,41,10000,50.99899999999463,32.96,8109.52,,,,0,1654.4
156,202,41,10000,50.99899999999463,32.96,8109.52,,,,0,1666.6
157,203,41,10000,50.99899999999463,33.6,8259.88,,,,0,1678.8
158,204,41,10000,50.99899999999463,33.6,8259.88,,,,0,1690.8
159,205,31,7714,37.71299999999996,34.1,8379.98,,,,0,1700.3
160,206,41,10000,50.99899999999463,34.1,8379.98,,,,0,1712.7
161,207,41,10000,50.99899999999463,34.1,8379.98,,,,0,1725.1
162,208,20,5123,24.122000000001727,33.68,8282.44,,,,0,1731.4
163,209,41,10000,50.99899999999463,33.68,8282.44,,,,0,1743.6
164,210,6,1726,6.725000000000167,32.98,8116.96,,,,0,1745.6
165,211,2,772,1.770999999999951,32.2,7932.4,,,,0,1746.5
166,212,41,10000,50.99899999999463,32.2,7932.4,,,,0,1757.9
167,213,30,7288,36.28700000000095,31.98,7878.16,,,,0,1766.4
168,214,41,10000,50.99899999999463,31.98,7878.16,,,,0,1778.1
169,215,30,7288,36.28700000000095,32.46,7989.46,,,,0,1786.6
170,216,2,754,1.752999999999953,31.68,7804.54,,,,0,1787.5
171,217,9,2437,10.435999999999808,31.04,7653.28,,,,0,1790.2
172,218,41,10000,50.99899999999463,31.24,7698.88,,,,0,1801.6
173,219,6,1727,6.726000000000167,30.54,7533.42,,,,0,1803.5
174,220,1,556,0.5549999999999748,29.74,7344.54,,,,0,1804.1
175,221,38,9408,46.40699999999601,29.68,7332.7,,,,0,1815.1
176,222,41,10000,50.99899999999463,29.68,7332.7,,,,0,1827.1
177,223,23,5825,27.824000000002584,29.32,7249.2,,,,0,1833.8
178,224,41,10000,50.99899999999463,29.32,7249.2,,,,0,1845.3
179,225,17,4391,20.390000000000832,28.84,7137.02,,,,0,1850.3
180,226,41,10000,50.99899999999463,28.84,7137.02,,,,0,1862.2
181,227,9,2464,10.462999999999793,28.64,7088.78,,,,0,1865.0
182,228,37,9173,45.17199999999656,28.72,7107.38,,,,0,1875.8
183,229,40,9876,48.87499999999492,29.2,7222.14,,,,0,1887.1
184,230,41,10000,50.99899999999463,29.56,7306.26,,,,0,1898.4
185,231,41,10000,50.99899999999463,29.56,7306.26,,,,0,1909.9
186,232,41,10000,50.99899999999463,29.84,7370.94,,,,0,1921.5
187,233,41,10000,50.99899999999463,29.84,7370.94,,,,0,1933.1
188,234,31,7738,37.7369999999999,29.64,7325.7,,,,0,1942.0
189,235,41,10000,50.99899999999463,29.64,7325.7,,,,0,1953.7
190,236,41,10000,50.99899999999463,29.64,7325.7,,,,0,1965.2
191,237,41,10000,50.99899999999463,29.64,7325.7,,,,0,1976.9
192,238,0,286,-0.7149999999999999,28.82,7131.42,,,,0,1977.2
193,239,1,557,0.5559999999999747,28.54,7064.46,,,,0,1977.9
194,240,34,8459,41.45799999999822,28.4,7033.64,,,,0,1987.6
195,241,6,1727,6.726000000000167,27.7,6868.18,,,,0,1989.6
196,242,17,4367,20.366000000000803,27.98,6935.74,,,,0,1994.8
197,243,10,2669,11.66799999999968,27.36,6789.12,,,,0,1997.9
198,244,41,10000,50.99899999999463,27.36,6789.12,,,,0,2009.2
199,245,20,5110,24.10900000000171,27.54,6833.14,,,,0,2015.1
200,246,32,7954,38.9529999999994,28.02,6948.04,,,,0,2024.4
201,247,9,2482,10.480999999999783,27.38,6797.68,,,,0,2027.3
202,248,41,10000,50.99899999999463,27.38,6797.68,,,,0,2038.8
203,249,8,2212,9.210999999999933,27.48,6822.14,,,,0,2041.7
204,250,4,1276,4.275000000000016,27.5,6827.18,,,,0,2043.3
205,251,13,3414,15.412999999999638,26.94,6695.46,,,,0,2047.4
206,252,8,2244,9.242999999999915,26.28,6540.34,,,,0,2050.0
207,253,12,2965,13.963999999999515,25.7,6399.64,,,,0,2053.3
208,254,9,2429,10.427999999999813,25.06,6248.22,,,,0,2056.2
209,255,1,509,0.50799999999998,24.46,6104.12,,,,0,2056.8
210,256,41,10000,50.99899999999463,24.46,6104.12,,,,0,2068.3
211,257,10,2713,11.711999999999655,23.84,5958.38,,,,0,2071.5
212,258,21,5341,25.340000000001993,23.86,5962.74,,,,0,2077.7
213,259,21,5358,25.357000000002014,23.46,5869.9,,,,0,2083.8
214,260,9,2443,10.441999999999805,23.52,5884.24,,,,0,2086.6
215,261,40,9894,48.89299999999488,24.28,6066.68,,,,0,2098.3
216,262,39,9629,47.627999999995495,24.24,6059.26,,,,0,2109.7
217,263,6,1525,6.5240000000000995,23.76,5944.0,,,,0,2111.5
218,264,23,5790,27.78900000000254,23.4,5859.8,,,,0,2118.3
219,265,6,1722,6.721000000000165,22.92,5748.48,,,,0,2120.3
220,266,20,5071,24.070000000001663,23.28,5834.82,,,,0,2126.4
221,267,4,1253,4.252000000000009,23.18,5811.14,,,,0,2127.9
222,268,29,7245,35.24400000000105,22.94,5756.04,,,,0,2136.3
223,269,26,6512,31.51100000000276,23.34,5851.74,,,,0,2143.8
224,270,12,3198,14.196999999999386,23.56,5904.58,,,,0,2147.4
225,271,28,6997,33.99600000000163,23.36,5856.36,,,,0,2155.5
226,272,6,1726,6.725000000000167,22.66,5690.88,,,,0,2157.5
227,273,30,7500,36.49900000000046,22.8,5724.38,,,,0,2165.9
228,274,9,2245,10.243999999999915,22.16,5569.28,,,,0,2168.5
229,275,2,766,1.7649999999999517,21.86,5496.78,,,,0,2169.4
230,276,5,1510,5.5090000000000945,21.14,5326.98,,,,0,2171.1
231,277,3,1042,3.040999999999939,21.02,5298.54,,,,0,2172.3
232,278,6,1709,6.708000000000161,20.4,5149.26,,,,0,2174.3
233,279,3,1024,3.022999999999933,19.66,4972.22,,,,0,2175.4
234,280,24,6059,29.05800000000287,19.32,4893.4,,,,0,2182.4
235,281,20,5085,24.08400000000168,18.9,4795.1,,,,0,2188.3
236,282,4,1276,4.275000000000016,18.16,4620.62,,,,0,2189.8
237,283,19,4829,22.828000000001367,17.72,4517.2,,,,0,2195.3
238,284,19,4854,22.853000000001398,17.48,4459.52,,,,0,2200.9
239,285,9,2248,10.246999999999913,16.84,4304.48,,,,0,2203.5
240,286,28,6997,33.99600000000163,16.58,4244.42,,,,0,2211.6
241,287,2,749,1.7479999999999536,15.8,4059.4,,,,0,2212.4
242,288,11,2914,12.912999999999544,16.02,4111.96,,,,0,2215.7
243,289,7,1956,7.955000000000075,16.14,4139.94,,,,0,2218.0
244,290,7,1956,7.955000000000075,15.6,4009.88,,,,0,2220.1
245,291,5,1521,5.520000000000098,15.58,4005.76,,,,0,2221.8
246,292,0,269,-0.7319999999999998,15.24,3923.8,,,,0,2222.1
247,293,6,1757,6.756000000000177,15.16,3905.56,,,,0,2224.1
248,294,4,1234,4.233000000000002,14.42,3730.24,,,,0,2225.5
249,295,4,1252,4.251000000000008,14.1,3653.08,,,,0,2227.0
250,296,3,1038,3.0369999999999377,13.52,3514.76,,,,0,2228.2
251,297,5,1486,5.4850000000000865,13.44,3494.84,,,,0,2229.9
252,298,6,1740,6.739000000000171,12.74,3329.64,,,,0,2231.8
253,299,30,7483,36.4820000000005,13.18,3435.06,,,,0,2240.4
254,300,3,999,2.997999999999926,13.16,3429.52,,,,0,2241.5
255,301,11,2731,12.729999999999645,13.12,3415.86,,,,0,2244.7
256,302,4,1229,4.228000000000001,13.04,3395.56,,,,0,2246.0
257,303,12,2969,13.967999999999513,13.04,3395.64,,,,0,2249.5
258,304,9,2482,10.480999999999783,13.04,3396.7,,,,0,2252.3
259,305,8,2242,9.240999999999916,13.18,3431.36,,,,0,2254.8
260,306,24,6061,29.060000000002873,12.84,3352.58,,,,0,2261.7
261,307,5,1524,5.523000000000099,12.74,3328.8,,,,0,2263.5
262,308,22,5597,26.596000000002306,12.76,3333.92,,,,0,2269.9
263,309,10,2695,11.693999999999665,12.54,3280.66,,,,0,2273.1
264,310,0,283,-0.7179999999999997,12.36,3237.46,,,,0,2273.4
265,311,0,269,-0.7319999999999998,11.56,3044.96,,,,0,2273.7
266,312,6,1709,6.708000000000161,10.9,2886.56,,,,0,2275.6
267,313,8,2189,9.187999999999946,10.94,2899.84,,,,0,2278.2
268,314,4,1229,4.228000000000001,10.56,2808.62,,,,0,2279.6
269,315,6,1740,6.739000000000171,10.56,2808.98,,,,0,2281.7
270,316,1,556,0.5549999999999748,10.18,2718.68,,,,0,2282.4
271,317,18,4408,21.407000000000853,10.46,2781.78,,,,0,2287.5
272,318,3,999,2.997999999999926,9.94,2656.86,,,,0,2288.6
273,319,0,269,-0.7319999999999998,9.42,2532.0,,,,0,2289.0
274,320,3,806,2.8049999999999473,9.24,2484.16,,,,0,2290.0
275,321,11,2946,12.944999999999526,8.9,2403.14,,,,0,2293.4
276,322,7,1953,7.952000000000076,8.92,2407.68,,,,0,2295.7
277,323,22,5575,26.57400000000228,8.76,2369.18,,,,0,2302.1
278,324,6,1719,6.718000000000164,8.7,2358.66,,,,0,2304.1
279,325,15,3886,17.885000000000215,8.96,2421.06,,,,0,2308.5
280,326,4,1229,4.228000000000001,8.94,2415.44,,,,0,2309.9
281,327,8,2194,9.192999999999943,9.04,2438.48,,,,0,2312.4
282,328,1,534,0.5329999999999773,8.94,2414.98,,,,0,2313.0
283,329,0,269,-0.7319999999999998,8.88,2399.88,,,,0,2313.3
284,330,12,3199,14.197999999999386,8.64,2342.68,,,,0,2317.0
285,331,3,1020,3.0189999999999317,8.3,2261.38,,,,0,2318.2
286,332,2,770,1.7689999999999513,8.26,2251.26,,,,0,2319.1
287,333,10,2673,11.671999999999677,8.08,2208.14,,,,0,2322.2
288,334,3,999,2.997999999999926,7.76,2131.04,,,,0,2323.4
289,335,9,2440,10.438999999999806,7.76,2134.88,,,,0,2326.2
290,336,36,8955,43.953999999997066,7.92,2174.04,,,,0,2336.5
291,337,8,2244,9.242999999999915,8.04,2203.94,,,,0,2339.2
292,338,12,3198,14.196999999999386,8.06,2209.62,,,,0,2342.8
293,339,6,1709,6.708000000000161,8.04,2204.68,,,,0,2344.9
294,340,1,509,0.50799999999998,7.92,2175.74,,,,0,2345.4
295,341,12,3161,14.159999999999407,8.06,2208.54,,,,0,2349.0
296,342,3,989,2.987999999999927,8.12,2222.94,,,,0,2350.2
297,343,3,989,2.987999999999927,8.06,2207.58,,,,0,2351.3
298,344,18,4617,21.616000000001108,8.34,2275.24,,,,0,2356.5
299,345,15,3879,17.878000000000206,8.56,2327.78,,,,0,2361.0
300,346,3,1020,3.0189999999999317,8.56,2327.42,,,,0,2362.2
301,347,3,1035,3.0339999999999367,8.52,2318.4,,,,0,2363.4
302,348,0,269,-0.7319999999999998,8.4,2288.98,,,,0,2363.7
303,349,9,2478,10.476999999999785,7.98,2188.88,,,,0,2366.6
304,350,2,749,1.7479999999999536,7.96,2183.88,,,,0,2367.5
305,351,8,2205,9.203999999999937,7.9,2173.36,,,,0,2370.2
306,352,1,553,0.5519999999999752,7.84,2159.84,,,,0,2370.9
307,353,38,9423,46.421999999995975,8.36,2288.92,,,,0,2382.0
308,354,19,4854,22.853000000001398,8.56,2336.36,,,,0,2387.7
309,355,0,269,-0.7319999999999998,8.4,2296.9,,,,0,2388.0
310,356,41,10000,50.99899999999463,8.74,2375.68,,,,0,2399.4
311,357,5,1491,5.490000000000088,8.74,2375.02,,,,0,2401.2
312,358,11,2964,12.962999999999516,8.52,2322.36,,,,0,2404.6
313,359,6,1709,6.708000000000161,8.44,2302.64,,,,0,2406.8
314,360,18,4600,21.599000000001087,8.8,2388.98,,,,0,2412.0
315,361,29,7231,35.230000000001084,9.38,2528.22,,,,0,2421.5
316,362,14,3630,16.628999999999902,9.54,2566.64,,,,0,2426.3
317,363,19,4829,22.828000000001367,9.76,2619.44,,,,0,2432.9
318,364,3,1020,3.0189999999999317,9.74,2615.26,,,,0,2434.1
319,365,21,5322,25.32100000000197,10.04,2686.9,,,,0,2441.2
320,366,3,809,2.807999999999947,10.08,2691.96,,,,0,2442.3
321,367,3,1017,3.0159999999999307,9.78,2624.14,,,,0,2443.8
322,368,20,5104,24.103000000001703,10.12,2706.24,,,,0,2450.7
323,369,3,1038,3.0369999999999377,10.18,2721.62,,,,0,2452.0
324,370,10,2669,11.66799999999968,10.32,2758.88,,,,0,2455.5
325,371,9,2440,10.438999999999806,10.28,2748.76,,,,0,2458.6
326,372,3,1017,3.0159999999999307,10.2,2730.04,,,,0,2459.8
327,373,20,4891,23.890000000001443,10.16,2716.36,,,,0,2465.6
328,374,41,10000,50.99899999999463,10.86,2881.98,,,,0,2477.3
329,375,3,1039,3.037999999999938,10.62,2825.04,,,,0,2478.6
330,376,9,2461,10.459999999999795,10.72,2849.68,,,,0,2481.4
331,377,2,766,1.7649999999999517,10.6,2821.12,,,,0,2482.4
332,378,4,1234,4.233000000000002,10.66,2835.12,,,,0,2483.8
333,379,4,1237,4.236000000000003,10.74,2854.48,,,,0,2485.2
334,380,7,1971,7.970000000000066,10.64,2829.92,,,,0,2487.5
335,381,8,2208,9.206999999999935,10.74,2853.68,,,,0,2490.7
336,382,1,516,0.5149999999999793,10.72,2848.6,,,,0,2491.3
337,383,6,1738,6.737000000000171,10.64,2829.9,,,,0,2493.2
338,384,15,3869,17.868000000000194,10.88,2887.3,,,,0,2497.7
339,385,2,765,1.7639999999999518,10.74,2853.8,,,,0,2498.6
340,386,18,4409,21.408000000000854,10.38,2762.88,,,,0,2503.8
341,387,0,316,-0.6849999999999998,10.22,2724.32,,,,0,2504.2
342,388,3,1017,3.0159999999999307,10.04,2680.7,,,,0,2505.3
343,389,11,2961,12.959999999999518,10.14,2705.74,,,,0,2508.7
344,390,21,5337,25.336000000001988,10.54,2802.3,,,,0,2514.9
345,391,7,1949,7.948000000000079,10.44,2778.06,,,,0,2517.1
346,392,19,4829,22.828000000001367,10.76,2854.86,,,,0,2522.8
347,393,11,2964,12.962999999999516,10.92,2894.36,,,,0,2526.2
348,394,7,1972,7.971000000000066,10.7,2841.46,,,,0,2528.5
349,395,3,989,2.987999999999927,10.46,2783.66,,,,0,2529.7
350,396,11,2933,12.931999999999533,10.62,2821.92,,,,0,2533.1
351,397,14,3629,16.6279999999999,10.84,2873.8,,,,0,2537.3
352,398,41,10000,50.99899999999463,11.66,3068.42,,,,0,2549.2
353,399,6,1709,6.708000000000161,11.6,3053.04,,,,0,2551.2
354,400,11,2931,12.929999999999534,11.78,3096.68,,,,0,2554.5
355,401,2,804,1.8029999999999475,11.66,3068.66,,,,0,2555.4
356,402,5,1488,5.487000000000087,11.74,3087.36,,,,0,2557.2
357,403,0,269,-0.7319999999999998,10.98,2904.28,,,,0,2557.6
358,404,17,4404,20.403000000000848,10.94,2895.28,,,,0,2562.7
359,405,1,549,0.5479999999999756,10.96,2900.88,,,,0,2563.2
360,406,11,2932,12.930999999999534,10.36,2759.52,,,,0,2566.7
361,407,0,269,-0.7319999999999998,10.26,2735.08,,,,0,2567.0
362,408,3,1017,3.0159999999999307,10.1,2696.14,,,,0,2568.2
363,409,11,2929,12.927999999999535,10.2,2720.54,,,,0,2571.5
364,410,4,1258,4.25700000000001,9.92,2653.7,,,,0,2573.0
365,411,0,269,-0.7319999999999998,9.34,2514.46,,,,0,2573.3
366,412,19,4829,22.828000000001367,9.44,2538.44,,,,0,2578.8
367,413,3,805,2.8039999999999474,9.12,2457.96,,,,0,2579.7
368,414,11,2910,12.908999999999546,9.28,2495.76,,,,0,2583.1
369,415,3,1017,3.0159999999999307,8.92,2409.66,,,,0,2584.4
370,416,4,1234,4.233000000000002,8.94,2418.16,,,,0,2585.7
371,417,9,2246,10.244999999999914,9.06,2442.74,,,,0,2588.2
372,418,16,4109,19.108000000000487,8.98,2422.84,,,,0,2593.2
373,419,11,2925,12.923999999999538,9.14,2460.58,,,,0,2596.8
374,420,40,9913,48.91199999999483,9.74,2605.46,,,,0,2608.3
375,421,0,269,-0.7319999999999998,9.56,2562.04,,,,0,2608.6
376,422,7,1949,7.948000000000079,9.64,2580.68,,,,0,2610.9
377,423,12,3199,14.197999999999386,9.48,2546.84,,,,0,2614.6
378,424,15,3897,17.896000000000228,8.96,2424.78,,,,0,2619.1
379,425,12,3177,14.175999999999398,9.14,2467.54,,,,0,2622.7
380,426,3,1000,2.998999999999926,9.02,2438.32,,,,0,2623.9
381,427,0,280,-0.7209999999999999,8.98,2428.6,,,,0,2624.2
382,428,3,999,2.997999999999926,8.96,2423.9,,,,0,2625.3
383,429,7,1957,7.956000000000074,9.02,2438.3,,,,0,2627.6
384,430,0,269,-0.7319999999999998,8.88,2404.26,,,,0,2627.9
385,431,27,6798,32.79700000000209,9.26,2496.06,,,,0,2635.7
386,432,30,7518,36.517000000000415,9.84,2636.1,,,,0,2644.4
387,433,5,1486,5.4850000000000865,9.82,2631.06,,,,0,2646.2
388,434,5,1470,5.469000000000081,9.62,2583.08,,,,0,2648.0
389,435,18,4635,21.63400000000113,9.94,2660.48,,,,0,2653.5
390,436,8,2190,9.188999999999945,9.74,2616.1,,,,0,2656.0
391,437,14,3670,16.66899999999995,10.02,2683.18,,,,0,2660.2
392,438,10,2695,11.693999999999665,10.16,2716.74,,,,0,2663.4
393,439,15,3882,17.88100000000021,10.24,2735.16,,,,0,2668.0
394,440,37,9149,45.147999999996614,10.56,2811.4,,,,0,2678.7
395,441,0,269,-0.7319999999999998,10.42,2777.8,,,,0,2679.0
396,442,5,1522,5.5210000000000985,10.14,2711.66,,,,0,2680.9
397,443,4,1233,4.232000000000002,10.0,2677.04,,,,0,2682.4
398,444,6,1709,6.708000000000161,9.98,2671.78,,,,0,2684.4
399,445,20,4891,23.890000000001443,10.32,2749.82,,,,0,2690.0
400,446,20,5088,24.087000000001684,10.5,2792.92,,,,0,2695.7
401,447,20,5111,24.110000000001712,10.62,2822.56,,,,0,2701.5
402,448,4,1254,4.253000000000009,9.88,2647.64,,,,0,2703.0
403,449,3,1000,2.998999999999926,9.82,2633.46,,,,0,2704.1
404,450,3,1036,3.034999999999937,9.66,2595.56,,,,0,2705.3
405,451,1,550,0.5489999999999755,9.64,2590.48,,,,0,2706.0
406,452,10,2678,11.676999999999675,9.74,2614.28,,,,0,2709.2
407,453,0,269,-0.7319999999999998,9.74,2614.28,,,,0,2709.5
408,454,4,1234,4.233000000000002,9.48,2550.88,,,,0,2710.9
409,455,6,1709,6.708000000000161,9.58,2574.08,,,,0,2712.8
410,456,5,1523,5.522000000000099,9.46,2545.9,,,,0,2714.5
411,457,9,2429,10.427999999999813,9.64,2589.1,,,,0,2717.3
412,458,2,768,1.7669999999999515,9.62,2584.12,,,,0,2718.2
413,459,16,4150,19.149000000000537,9.72,2608.54,,,,0,2723.3
414,460,34,8433,41.43199999999828,10.32,2752.04,,,,0,2733.1
415,461,38,9441,46.43999999999593,11.08,2935.48,,,,0,2744.2
416,462,5,1472,5.471000000000082,10.8,2868.34,,,,0,2745.9
417,463,6,1762,6.761000000000179,10.86,2887.48,,,,0,2747.8
418,464,12,3177,14.175999999999398,10.88,2892.82,,,,0,2751.4
419,465,1,554,0.5529999999999751,10.84,2883.56,,,,0,2752.0
420,466,0,269,-0.7319999999999998,10.76,2864.26,,,,0,2752.3
421,467,9,2429,10.427999999999813,10.76,2867.92,,,,0,2755.2
422,468,30,7497,36.496000000000464,11.04,2935.68,,,,0,2763.8
423,469,18,4635,21.63400000000113,11.18,2969.88,,,,0,2769.1
424,470,17,4384,20.383000000000823,10.72,2859.3,,,,0,2774.3
425,471,15,3879,17.878000000000206,11.02,2931.5,,,,0,2778.8
426,472,6,1737,6.73600000000017,11.0,2927.26,,,,0,2780.9
427,473,4,1252,4.251000000000008,10.84,2888.32,,,,0,2782.3
428,474,5,1506,5.505000000000093,10.64,2840.5,,,,0,2784.1
429,475,8,2241,9.239999999999917,10.56,2821.78,,,,0,2786.7
430,476,0,301,-0.6999999999999997,10.5,2807.8,,,,0,2787.1
431,477,10,2691,11.689999999999667,10.7,2856.02,,,,0,2790.3
432,478,8,2230,9.228999999999923,10.8,2880.64,,,,0,2792.8
433,479,18,4622,21.621000000001114,11.02,2933.94,,,,0,2798.2
434,480,2,754,1.752999999999953,11.06,2943.64,,,,0,2799.1
435,481,5,1485,5.484000000000086,10.62,2837.38,,,,0,2800.8
436,482,4,1236,4.235000000000003,10.1,2711.74,,,,0,2802.2
437,483,12,2968,13.966999999999514,10.24,2741.38,,,,0,2805.8
438,484,14,3684,16.682999999999968,10.42,2785.66,,,,0,2810.1
439,485,1,534,0.5329999999999773,10.08,2703.64,,,,0,2810.7
440,486,9,2440,10.438999999999806,10.1,2708.64,,,,0,2813.6
441,487,15,3869,17.868000000000194,10.12,2712.62,,,,0,2818.2
442,488,39,9642,47.640999999995465,10.7,2851.56,,,,0,2829.3
443,489,12,3183,14.181999999999395,10.64,2837.58,,,,0,2833.0
444,490,13,3411,15.409999999999634,10.16,2722.82,,,,0,2836.9
445,491,4,1254,4.253000000000009,10.24,2742.52,,,,0,2838.4
446,492,8,2189,9.187999999999946,10.3,2755.86,,,,0,2840.8
447,493,12,3178,14.176999999999397,10.46,2794.76,,,,0,2844.5
448,494,34,8436,41.434999999998276,11.02,2929.3,,,,0,2854.1
449,495,8,2241,9.239999999999917,10.78,2876.3,,,,0,2856.7
450,496,24,6029,29.028000000002834,10.86,2895.12,,,,0,2863.9
451,497,35,8685,42.683999999997695,11.16,2966.6,,,,0,2873.9
452,498,2,802,1.8009999999999478,11.12,2957.56,,,,0,2874.8
453,499,3,1018,3.016999999999931,11.12,2957.92,,,,0,2876.0
454,500,21,5125,25.12400000000173,11.48,3039.7,,,,0,2882.0
455,501,15,3879,17.878000000000206,11.76,3106.28,,,,0,2886.6
456,502,14,3630,16.628999999999902,11.84,3125.32,,,,0,2890.9
457,503,5,1486,5.4850000000000865,11.94,3149.66,,,,0,2892.5
458,504,37,9171,45.16999999999656,12.6,3308.4,,,,0,2903.2
459,505,2,801,1.7999999999999479,12.52,3290.24,,,,0,2904.2
460,506,20,5121,24.120000000001724,12.82,3362.2,,,,0,2910.1
461,507,7,1955,7.954000000000075,12.78,3352.72,,,,0,2912.3
462,508,13,3394,15.392999999999613,13.0,3405.24,,,,0,2916.3
463,509,0,315,-0.6859999999999997,12.68,3328.54,,,,0,2916.7
464,510,27,6760,32.75900000000218,12.54,3295.08,,,,0,2924.4
465,511,7,1949,7.948000000000079,11.92,3145.24,,,,0,2926.6
466,512,2,769,1.7679999999999514,11.86,3131.18,,,,0,2927.4
467,513,15,3917,17.916000000000253,12.04,3174.28,,,,0,2931.9
468,514,2,769,1.7679999999999514,11.84,3126.12,,,,0,2932.8
469,515,1,553,0.5519999999999752,11.84,3126.1,,,,0,2933.4
470,516,19,4834,22.833000000001373,12.22,3217.4,,,,0,2939.0
471,517,41,10000,50.99899999999463,12.86,3368.82,,,,0,2950.6
472,518,7,1949,7.948000000000079,12.4,3257.86,,,,0,2952.9
473,519,7,1971,7.970000000000066,12.18,3204.58,,,,0,2955.1
474,520,12,3196,14.194999999999387,12.08,3180.82,,,,0,2958.8
475,521,7,1978,7.9770000000000625,11.92,3142.8,,,,0,2961.2
476,522,24,6039,29.038000000002846,12.28,3228.84,,,,0,2967.9
477,523,12,3181,14.179999999999396,12.44,3267.42,,,,0,2971.7
478,524,12,3184,14.182999999999394,12.58,3300.98,,,,0,2975.3
479,525,12,3198,14.196999999999386,12.66,3320.12,,,,0,2979.1
480,526,2,749,1.7479999999999536,12.7,3329.08,,,,0,2979.9
481,527,15,3918,17.917000000000254,12.8,3353.62,,,,0,2984.4
482,528,9,2461,10.459999999999795,12.82,3358.24,,,,0,2987.3
483,529,21,5342,25.341000000001994,12.88,3372.64,,,,0,2993.6
484,530,12,3180,14.178999999999396,13.08,3421.16,,,,0,2997.4
485,531,4,1251,4.250000000000008,13.06,3416.48,,,,0,2998.8
486,532,6,1738,6.737000000000171,13.1,3426.52,,,,0,3000.8
487,533,12,3180,14.178999999999396,13.1,3430.76,,,,0,3004.6
488,534,8,2208,9.206999999999935,12.98,3401.24,,,,0,3007.3
489,535,6,1720,6.719000000000165,13.08,3424.96,,,,0,3009.3
490,536,12,3177,14.175999999999398,13.14,3439.7,,,,0,3013.0
491,537,14,3648,16.646999999999924,13.12,3435.28,,,,0,3017.6
492,538,14,3648,16.646999999999924,12.62,3315.4,,,,0,3022.0
493,539,3,989,2.987999999999927,12.44,3271.52,,,,0,3023.1
494,540,22,5549,26.548000000002247,12.62,3314.28,,,,0,3029.5
495,541,20,5085,24.08400000000168,12.94,3390.9,,,,0,3035.5
496,542,2,765,1.7639999999999518,12.82,3362.42,,,,0,3036.4
497,543,23,5789,27.78800000000254,13.04,3414.64,,,,0,3043.1
498,544,9,2476,10.474999999999786,12.54,3295.44,,,,0,3046.0
499,545,13,3433,15.431999999999661,12.64,3319.28,,,,0,3049.9
500,546,21,5341,25.340000000001993,12.58,3305.52,1.7,408.35,0.5,0,3066.5
501,547,0,301,-0.6999999999999997,11.88,3137.84,,,,0,3066.9
502,548,15,3922,17.92100000000026,12.14,3200.24,,,,0,3072.6
503,549,14,3681,16.679999999999964,12.36,3253.5,,,,0,3077.9
504,550,18,4589,21.588000000001074,12.3,3242.78,,,,0,3084.5
505,551,18,4636,21.63500000000113,12.36,3257.92,,,,0,3091.1
506,552,1,514,0.5129999999999795,12.1,3195.6,,,,0,3091.8
507,553,8,2205,9.203999999999937,12.16,3209.98,,,,0,3095.0
508,554,5,1522,5.5210000000000985,11.52,3057.0,,,,0,3097.2
509,555,6,1758,6.757000000000177,11.6,3076.14,,,,0,3099.8
510,556,3,1022,3.0209999999999324,11.26,2994.16,,,,0,3101.2
511,557,16,4120,19.1190000000005,11.44,3037.46,,,,0,3107.3
512,558,1,553,0.5519999999999752,11.2,2980.64,,,,0,3108.1
513,559,9,2461,10.459999999999795,11.38,3023.56,,,,0,3111.7
514,560,4,1256,4.25500000000001,10.92,2913.48,,,,0,3113.7
515,561,41,10000,50.99899999999463,11.6,3074.5,,,,0,3129.3
516,562,4,1232,4.231000000000002,11.64,3083.76,,,,0,3131.0
517,563,0,269,-0.7319999999999998,11.34,3010.8,,,,0,3131.4
518,564,5,1521,5.520000000000098,11.4,3025.84,,,,0,3133.7
519,565,0,286,-0.7149999999999999,11.38,3020.5,,,,0,3134.1
520,566,2,765,1.7639999999999518,11.04,2939.12,,,,0,3135.2
521,567,35,8706,42.704999999997646,10.92,2913.24,,,,0,3148.2
522,568,8,2207,9.205999999999936,10.94,2918.4,,,,0,3151.5
523,569,1,549,0.5479999999999756,10.82,2889.96,,,,0,3152.3
524,570,21,5320,25.319000000001967,11.0,2932.44,,,,0,3160.4
525,571,41,10000,50.99899999999463,11.68,3092.88,,,,0,3175.5
526,572,6,1719,6.718000000000164,11.32,3006.48,,,,0,3178.2
527,573,4,1234,4.233000000000002,11.16,2967.54,,,,0,3180.1
528,574,2,769,1.7679999999999514,10.96,2919.24,,,,0,3181.3
529,575,22,5571,26.570000000002274,11.16,2966.7,,,,0,3190.0
530,576,3,1035,3.0339999999999367,11.18,2972.42,,,,0,3191.5
531,577,19,4873,22.87200000000142,11.26,2991.52,,,,0,3198.6
532,578,37,9157,45.155999999996595,11.82,3125.44,,,,0,3212.2
533,579,15,3869,17.868000000000194,11.7,3095.98,,,,0,3217.9
534,580,5,1485,5.484000000000086,11.56,3062.08,,,,0,3220.1
535,581,10,2678,11.676999999999675,11.68,3090.62,,,,0,3224.3
536,582,12,3159,14.157999999999408,11.8,3119.04,,,,0,3229.2
537,583,16,4113,19.112000000000492,11.88,3137.7,,,,0,3235.4
538,584,12,3162,14.160999999999406,11.96,3156.78,,,,0,3240.4
539,585,13,3389,15.387999999999607,12.1,3190.16,,,,0,3245.5
540,586,4,1235,4.234000000000003,11.94,3151.32,,,,0,3247.3
541,587,10,2676,11.674999999999676,11.86,3131.88,,,,0,3251.4
542,588,18,4618,21.61700000000111,11.94,3151.28,,,,0,3258.2
543,589,6,1755,6.754000000000176,12.0,3166.6,,,,0,3260.8
544,590,12,3159,14.157999999999408,11.8,3118.8,,,,0,3265.4
545,591,2,765,1.7639999999999518,11.44,3032.4,,,,0,3266.6
546,592,7,1957,7.956000000000074,11.54,3056.24,,,,0,3269.5
547,593,9,2245,10.243999999999915,11.26,2985.36,,,,0,3272.8
548,594,4,1229,4.228000000000001,11.16,2960.42,,,,0,3274.5
549,595,11,2909,12.907999999999547,11.12,2949.94,,,,0,3278.8
550,596,3,1038,3.0369999999999377,10.76,2863.88,,,,0,3280.4
551,597,8,2241,9.239999999999917,10.92,2902.68,,,,0,3283.7
552,598,5,1472,5.471000000000082,10.72,2853.68,,,,0,3286.0
553,599,0,269,-0.7319999999999998,10.44,2785.44,,,,0,3286.4
554,600,13,3394,15.392999999999613,10.34,2761.54,,,,0,3291.4
555,601,14,3645,16.64399999999992,10.26,2741.72,,,,0,3296.8
556,602,14,3629,16.6279999999999,10.52,2804.02,,,,0,3302.3
557,603,0,269,-0.7319999999999998,10.36,2765.3,,,,0,3302.7
558,604,27,6565,32.564000000002636,10.8,2866.16,,,,0,3312.6
559,605,38,9427,46.425999999995966,11.44,3019.54,,,,0,3328.6
560,606,8,2241,9.239999999999917,11.54,3043.92,,,,0,3331.9
561,607,3,1002,3.0009999999999257,11.28,2981.56,,,,0,3333.3
562,608,15,3920,17.919000000000256,11.56,3048.9,,,,0,3339.2
563,609,1,552,0.5509999999999753,11.4,3010.72,,,,0,3340.0
564,610,16,4131,19.130000000000514,11.64,3068.22,,,,0,3346.1
565,611,21,5125,25.12400000000173,11.24,2970.72,,,,0,3353.6
566,612,0,269,-0.7319999999999998,11.16,2951.46,,,,0,3354.1
567,613,9,2482,10.480999999999783,11.34,2995.72,,,,0,3357.8
568,614,12,3159,14.157999999999408,11.48,3028.48,,,,0,3362.3
569,615,12,3165,14.163999999999405,11.72,3086.06,,,,0,3366.8
570,616,5,1524,5.523000000000099,11.78,3101.24,,,,0,3369.2
571,617,40,9894,48.89299999999488,11.88,3125.0,,,,0,3383.4
572,618,41,10000,50.99899999999463,12.54,3280.86,,,,0,3398.2
573,619,13,3397,15.395999999999617,12.78,3337.82,,,,0,3403.5
574,620,8,2212,9.210999999999933,12.52,3275.66,,,,0,3407.0
575,621,17,4351,20.350000000000783,12.04,3162.68,,,,0,3413.8
576,622,5,1489,5.4880000000000875,12.02,3158.08,,,,0,3416.1
577,623,0,269,-0.7319999999999998,11.94,3138.78,,,,0,3416.5
578,624,13,3389,15.387999999999607,12.16,3191.18,,,,0,3421.9
579,625,5,1474,5.4730000000000825,11.82,3109.24,,,,0,3424.1
580,626,7,1961,7.960000000000072,11.9,3127.76,,,,0,3427.2
581,627,0,269,-0.7319999999999998,11.52,3035.68,,,,0,3427.6
582,628,18,4600,21.599000000001087,11.14,2944.54,,,,0,3434.5
583,629,17,4384,20.383000000000823,11.18,2954.84,,,,0,3441.0
584,630,2,750,1.7489999999999535,11.12,2940.14,,,,0,3442.1
585,631,1,557,0.5559999999999747,10.94,2897.72,,,,0,3442.9
586,632,9,2476,10.474999999999786,10.88,2884.06,,,,0,3446.5
587,633,2,801,1.7999999999999479,10.6,2817.82,,,,0,3447.7
588,634,2,766,1.7649999999999517,10.4,2769.9,,,,0,3448.8
589,635,41,10000,50.99899999999463,10.96,2902.12,,,,0,3463.5
590,636,10,2669,11.66799999999968,11.08,2930.8,,,,0,3467.7
591,637,8,2244,9.242999999999915,11.04,2922.16,,,,0,3471.2
592,638,22,5571,26.570000000002274,11.12,2941.22,,,,0,3478.2
593,639,4,1233,4.232000000000002,11.08,2930.78,,,,0,3479.8
594,640,3,989,2.987999999999927,10.9,2887.38,,,,0,3481.1
595,641,11,2909,12.907999999999547,11.08,2930.26,,,,0,3484.7
596,642,4,1236,4.235000000000003,11.02,2915.84,,,,0,3486.2
597,643,26,6509,31.508000000002767,11.36,3001.12,,,,0,3494.1
598,644,8,2206,9.204999999999936,11.44,3020.66,,,,0,3496.6
599,645,1,550,0.5489999999999755,11.24,2973.48,,,,0,3497.3
600,646,41,10000,50.99899999999463,12.0,3152.72,,,,0,3508.8
601,647,21,5341,25.340000000001993,12.26,3214.72,,,,0,3514.9
602,648,10,2713,11.711999999999655,12.36,3239.54,,,,0,3518.0
603,649,10,2674,11.672999999999677,12.56,3287.64,,,,0,3521.0
604,650,4,1233,4.232000000000002,12.38,3244.42,,,,0,3522.5
605,651,3,989,2.987999999999927,12.16,3191.3,,,,0,3523.6
606,652,8,2242,9.240999999999916,12.04,3163.56,,,,0,3526.3
607,653,35,8491,42.48999999999815,12.74,3328.0,,,,0,3535.8
608,654,6,1755,6.754000000000176,12.32,3231.8,,,,0,3537.8
609,655,6,1741,6.740000000000172,11.68,3078.08,,,,0,3539.8
610,656,25,6269,30.268000000003127,12.02,3158.64,,,,0,3547.1
611,657,9,2429,10.427999999999813,12.14,3187.18,,,,0,3549.9
612,658,7,1975,7.974000000000064,11.98,3148.28,,,,0,3552.2
613,659,16,4135,19.13400000000052,12.28,3219.94,,,,0,3557.0
614,660,0,322,-0.6789999999999998,11.96,3143.76,,,,0,3557.4
615,661,4,1253,4.252000000000009,11.62,3066.32,,,,0,3558.9
616,662,16,4114,19.113000000000493,11.94,3143.22,,,,0,3563.7
617,663,1,513,0.5119999999999796,11.78,3103.84,,,,0,3564.3
618,664,3,1000,2.998999999999926,11.6,3060.66,,,,0,3565.4
619,665,21,5345,25.344000000001998,11.78,3104.26,,,,0,3571.8
620,666,15,3880,17.879000000000207,11.98,3151.38,,,,0,3576.5
621,667,2,752,1.7509999999999533,11.22,2968.54,,,,0,3577.4
622,668,11,2909,12.907999999999547,10.62,2826.72,,,,0,3581.1
623,669,1,517,0.5159999999999791,10.38,2769.12,,,,0,3581.7
624,670,0,269,-0.7319999999999998,10.22,2730.26,,,,0,3582.1
625,671,6,1709,6.708000000000161,10.0,2677.42,,,,0,3584.2
626,672,12,3195,14.193999999999388,10.14,2711.54,,,,0,3588.2
627,673,10,2710,11.708999999999657,10.34,2760.36,,,,0,3591.6
628,674,3,999,2.997999999999926,10.14,2712.56,,,,0,3592.8
629,675,0,269,-0.7319999999999998,10.04,2688.46,,,,0,3593.2
630,676,27,6795,32.7940000000021,10.44,2785.14,,,,0,3601.6
631,677,4,1235,4.234000000000003,10.52,2804.46,,,,0,3603.1
632,678,6,1709,6.708000000000161,10.28,2746.64,,,,0,3605.2
633,679,8,2224,9.222999999999926,10.1,2703.44,,,,0,3607.9
634,680,10,2713,11.711999999999655,10.26,2742.7,,,,0,3611.2
635,681,5,1471,5.4700000000000815,10.34,2760.98,,,,0,3613.0
636,682,9,2478,10.476999999999785,10.34,2761.02,,,,0,3616.1
637,683,11,2943,12.941999999999528,10.52,2803.86,,,,0,3619.9
638,684,9,2475,10.473999999999787,10.66,2838.04,,,,0,3622.8
639,685,41,10000,50.99899999999463,10.66,2838.04,,,,0,3634.8
640,686,3,989,2.987999999999927,10.52,2804.44,,,,0,3636.1
641,687,18,4408,21.407000000000853,10.72,2847.72,,,,0,3641.5
642,688,25,6273,30.272000000003132,10.78,2861.76,,,,0,3649.4
643,689,9,2475,10.473999999999787,10.88,2886.6,,,,0,3652.5
644,690,6,1759,6.758000000000178,10.94,2902.0,,,,0,3654.7
645,691,13,3394,15.392999999999613,10.98,2911.7,,,,0,3658.9
646,692,1,513,0.5119999999999796,10.92,2897.24,,,,0,3659.6
647,693,1,552,0.5509999999999753,10.42,2778.1,,,,0,3660.2
648,694,6,1739,6.738000000000171,10.38,2768.76,,,,0,3662.4
649,695,7,1957,7.956000000000074,10.5,2796.9,,,,0,3664.9
650,696,3,1004,3.0029999999999264,9.74,2616.98,,,,0,3666.1
651,697,1,513,0.5119999999999796,9.34,2520.42,,,,0,3666.8
652,698,5,1521,5.520000000000098,9.24,2496.58,,,,0,3668.7
653,699,34,8437,41.43599999999827,9.72,2611.84,,,,0,3679.4
654,700,5,1522,5.5210000000000985,9.74,2617.62,,,,0,3681.3
655,701,6,1758,6.757000000000177,9.8,2633.0,,,,0,3683.5
656,702,5,1524,5.523000000000099,9.74,2618.64,,,,0,3685.5
657,703,3,1006,3.004999999999927,9.1,2468.94,,,,0,3686.7
658,704,0,318,-0.6829999999999998,8.98,2440.2,,,,0,3687.1
659,705,18,4408,21.407000000000853,9.22,2493.54,,,,0,3692.6
660,706,15,3897,17.896000000000228,9.02,2446.1,,,,0,3697.6
661,707,10,2698,11.696999999999663,9.04,2451.48,,,,0,3701.0
662,708,8,2011,9.010000000000044,9.06,2452.2,,,,0,3703.5
663,709,3,989,2.987999999999927,8.8,2389.28,,,,0,3704.8
664,710,5,1521,5.520000000000098,8.9,2413.26,,,,0,3706.7
665,711,11,2909,12.907999999999547,9.04,2446.38,,,,0,3710.2
666,712,6,1709,6.708000000000161,8.84,2398.28,,,,0,3712.2
667,713,7,1954,7.953000000000076,8.96,2427.1,,,,0,3714.5
668,714,9,2476,10.474999999999786,9.08,2456.62,,,,0,3717.5
669,715,15,3915,17.91400000000025,8.96,2428.02,,,,0,3722.2
670,716,15,3685,17.68399999999997,8.96,2424.12,,,,0,3726.4
671,717,2,770,1.7689999999999513,8.96,2424.48,,,,0,3727.3
672,718,7,1949,7.948000000000079,8.88,2405.28,,,,0,3729.7
673,719,9,2442,10.440999999999805,9.04,2443.78,,,,0,3732.5
674,720,41,10000,50.99899999999463,9.86,2638.4,,,,0,3743.7
675,721,6,1722,6.721000000000165,9.86,2638.66,,,,0,3745.8
676,722,41,10000,50.99899999999463,10.44,2774.76,,,,0,3757.0
677,723,2,766,1.7649999999999517,10.28,2735.88,,,,0,3757.9
678,724,15,3869,17.868000000000194,10.52,2793.28,,,,0,3762.3
679,725,2,766,1.7649999999999517,10.56,2803.22,,,,0,3763.3
680,726,2,773,1.771999999999951,10.06,2682.78,,,,0,3764.2
681,727,5,1291,5.290000000000021,10.08,2683.9,,,,0,3765.7
682,728,12,3160,14.158999999999407,10.2,2712.92,,,,0,3769.5
683,729,14,3653,16.65199999999993,10.32,2741.5,,,,0,3773.9
684,730,4,1233,4.232000000000002,10.2,2711.9,,,,0,3775.4
685,731,0,317,-0.6839999999999997,10.1,2688.82,,,,0,3775.8
686,732,1,557,0.5559999999999747,9.94,2650.4,,,,0,3776.4
687,733,21,5309,25.308000000001954,10.14,2697.72,,,,0,3782.6
688,734,6,1738,6.737000000000171,10.08,2682.98,,,,0,3784.5
689,735,40,9869,48.867999999994936,10.06,2680.36,,,,0,3795.9
690,736,15,3897,17.896000000000228,10.3,2738.52,,,,0,3800.4
691,737,1,552,0.5509999999999753,9.96,2661.4,,,,0,3801.1
692,738,5,1485,5.484000000000086,9.56,2565.64,,,,0,3802.8
693,739,11,2946,12.944999999999526,9.6,2575.06,,,,0,3806.3
694,740,24,6077,29.076000000002892,9.96,2661.42,,,,0,3813.9
695,741,0,269,-0.7319999999999998,9.7,2598.92,,,,0,3814.2
696,742,12,3174,14.1729999999994,9.92,2652.14,,,,0,3818.1
697,743,2,751,1.7499999999999534,9.94,2656.12,,,,0,3819.1
698,744,8,2210,9.208999999999934,9.98,2665.54,,,,0,3821.7
699,745,25,6313,30.31200000000318,10.34,2752.66,,,,0,3829.5
700,746,4,1251,4.250000000000008,10.36,2757.6,,,,0,3830.9
701,747,6,1756,6.755000000000177,10.46,2782.46,,,,0,3833.0
702,748,3,1038,3.0369999999999377,10.42,2772.8,,,,0,3834.1
703,749,1,554,0.5529999999999751,9.76,2615.14,,,,0,3834.8
704,750,11,2947,12.945999999999525,9.88,2643.64,,,,0,3838.3
705,751,18,4589,21.588000000001074,10.12,2700.26,,,,0,3843.5
706,752,3,1015,3.01399999999993,10.08,2690.08,,,,0,3844.7
707,753,0,269,-0.7319999999999998,10.02,2675.34,,,,0,3845.0
708,754,16,4109,19.108000000000487,10.34,2751.16,,,,0,3849.8
709,755,12,3164,14.162999999999405,10.22,2726.28,,,,0,3853.5
710,756,4,1274,4.273000000000016,10.0,2673.82,,,,0,3854.9
711,757,10,2669,11.66799999999968,10.0,2673.24,,,,0,3858.1
712,758,14,3629,16.6279999999999,10.12,2705.6,,,,0,3862.5
713,759,5,1489,5.4880000000000875,10.16,2715.6,,,,0,3864.4
714,760,2,750,1.7489999999999535,10.1,2700.18,,,,0,3865.3
715,761,6,1719,6.718000000000164,10.0,2676.38,,,,0,3867.4
716,762,5,1485,5.484000000000086,9.98,2671.9,,,,0,3869.3
717,763,5,1486,5.4850000000000865,9.94,2662.54,,,,0,3871.1
718,764,3,1017,3.0159999999999307,9.82,2633.36,,,,0,3872.4
719,765,8,2189,9.187999999999946,9.68,2598.84,,,,0,3875.1
720,766,10,2681,11.679999999999673,9.58,2578.76,,,,0,3878.4
721,767,1,509,0.50799999999998,9.56,2573.54,,,,0,3879.1
722,768,18,4599,21.598000000001086,9.78,2626.54,,,,0,3884.8
723,769,21,5319,25.318000000001966,10.02,2684.08,,,,0,3891.4
724,770,7,1949,7.948000000000079,9.34,2523.06,,,,0,3893.9
725,771,12,3177,14.175999999999398,9.46,2552.16,,,,0,3897.9
726,772,0,269,-0.7319999999999998,8.64,2357.54,,,,0,3898.2
727,773,14,3629,16.6279999999999,8.88,2414.8,,,,0,3902.6
728,774,22,5553,26.552000000002252,9.02,2448.48,,,,0,3909.6
729,775,6,1709,6.708000000000161,9.1,2467.34,,,,0,3911.7
730,776,1,550,0.5489999999999755,9.08,2462.88,,,,0,3912.4
731,777,10,2674,11.672999999999677,9.18,2490.54,,,,0,3915.7
732,778,17,4402,20.401000000000845,9.28,2515.38,,,,0,3921.2
733,779,1,509,0.50799999999998,9.02,2452.5,,,,0,3921.8
734,780,6,1709,6.708000000000161,9.06,2462.02,,,,0,3924.0
735,781,3,989,2.987999999999927,9.12,2475.46,,,,0,3925.2
736,782,0,297,-0.7039999999999997,9.1,2470.26,,,,0,3925.6
737,783,5,1485,5.484000000000086,8.78,2393.78,,,,0,3927.4
738,784,3,1000,2.998999999999926,8.72,2379.02,,,,0,3928.7
739,785,11,2928,12.926999999999536,8.14,2240.2,,,,0,3932.2
740,786,31,7735,37.73399999999991,8.46,2316.96,,,,0,3942.0
741,787,1,518,0.516999999999979,8.46,2316.28,,,,0,3942.7
742,788,2,770,1.7689999999999513,8.4,2301.98,,,,0,3943.7
743,789,16,4120,19.1190000000005,8.5,2325.46,,,,0,3949.0
744,790,3,1036,3.034999999999937,8.08,2224.64,,,,0,3950.3
745,791,33,8238,40.23699999999874,8.74,2384.02,,,,0,3960.6
746,792,15,3879,17.878000000000206,8.8,2398.12,,,,0,3965.6
747,793,16,4109,19.108000000000487,9.08,2465.28,,,,0,3970.9
748,794,8,2225,9.223999999999926,9.08,2465.58,,,,0,3973.7
749,795,1,549,0.5479999999999756,8.6,2350.3,,,,0,3974.4
750,796,8,2212,9.210999999999933,8.68,2369.52,,,,0,3977.1
751,797,31,7713,37.71199999999996,9.18,2488.66,,,,0,3986.7
752,798,20,5122,24.121000000001725,9.52,2570.34,,,,0,3993.0
753,799,7,1956,7.955000000000075,9.64,2598.38,,,,0,3995.3
754,800,4,1229,4.228000000000001,9.5,2564.02,,,,0,3996.8
755,801,28,6997,33.99600000000163,9.7,2612.18,,,,0,4005.6
756,802,3,1024,3.022999999999933,9.7,2612.36,,,,0,4006.9
757,803,15,3881,17.88000000000021,10.0,2684.6,,,,0,4011.8
758,804,41,10000,50.99899999999463,10.5,2802.42,,,,0,4024.0
759,805,28,6994,33.993000000001636,10.82,2879.02,,,,0,4032.4
760,806,1,549,0.5479999999999756,10.76,2864.52,,,,0,4033.1
761,807,5,1291,5.290000000000021,10.66,2836.96,,,,0,4034.6
762,808,12,3195,14.193999999999388,10.62,2828.28,,,,0,4038.3
763,809,4,1238,4.237000000000004,10.6,2823.26,,,,0,4039.9
764,810,7,1949,7.948000000000079,10.7,2847.24,,,,0,4042.3
765,811,6,1737,6.73600000000017,10.7,2847.6,,,,0,4044.5
766,812,1,531,0.5299999999999776,10.62,2828.52,,,,0,4045.1
767,813,14,3629,16.6279999999999,10.8,2871.38,,,,0,4049.6
768,814,4,1272,4.271000000000015,10.82,2876.48,,,,0,4051.2
769,815,7,1996,7.9950000000000525,10.8,2872.62,,,,0,4053.7
770,816,12,3177,14.175999999999398,10.84,2882.54,,,,0,4057.6
771,817,8,2227,9.225999999999924,10.98,2916.9,,,,0,4060.3
772,818,1,514,0.5129999999999795,10.64,2835.2,,,,0,4060.9
773,819,5,1469,5.468000000000081,10.32,2758.2,,,,0,4062.6
774,820,22,5572,26.571000000002275,10.62,2830.66,,,,0,4069.1
775,821,3,1003,3.001999999999926,10.44,2787.18,,,,0,4070.3
776,822,4,1254,4.253000000000009,10.52,2806.88,,,,0,4071.8
777,823,27,6800,32.79900000000209,10.78,2870.3,,,,0,4079.8
778,824,41,10000,50.99899999999463,11.16,2959.24,,,,0,4091.6
779,825,2,786,1.7849999999999495,11.08,2940.78,,,,0,4092.5
780,826,9,2429,10.427999999999813,11.24,2978.36,,,,0,4095.2
781,827,14,3663,16.661999999999942,11.32,2998.14,,,,0,4099.5
782,828,2,749,1.7479999999999536,11.02,2925.08,,,,0,4100.4
783,829,3,989,2.987999999999927,11.06,2934.68,,,,0,4101.5
784,830,13,3400,15.39899999999962,11.2,2968.5,,,,0,4105.8
785,831,37,9178,45.176999999996546,11.88,3132.28,,,,0,4117.4
786,832,1,517,0.5159999999999791,11.9,3136.68,,,,0,4118.0
787,833,4,1254,4.253000000000009,11.88,3132.06,,,,0,4119.6
788,834,12,3177,14.175999999999398,12.06,3175.6,,,,0,4123.6
789,835,17,4387,20.386000000000827,12.18,3204.78,,,,0,4129.2
790,836,4,1233,4.232000000000002,11.64,3074.74,,,,0,4130.7
791,837,1,509,0.50799999999998,11.64,3074.56,,,,0,4131.4
792,838,8,2189,9.187999999999946,11.76,3102.94,,,,0,4134.1
793,839,8,2205,9.203999999999937,11.6,3064.64,,,,0,4136.9
794,840,5,1521,5.520000000000098,11.64,3074.34,,,,0,4138.8
795,841,12,3159,14.157999999999408,11.22,2972.76,,,,0,4143.1
796,842,36,8937,43.93599999999711,11.64,3073.92,,,,0,4154.8
797,843,15,3879,17.878000000000206,11.62,3069.32,,,,0,4159.6
798,844,27,6749,32.74800000000221,12.0,3159.8,,,,0,4168.1
799,845,3,999,2.997999999999926,12.04,3168.8,,,,0,4169.3
800,846,15,3879,17.878000000000206,12.18,3202.14,,,,0,4174.2
801,847,4,1233,4.232000000000002,11.64,3072.54,,,,0,4175.7
802,848,18,4618,21.61700000000111,11.6,3062.46,,,,0,4181.6
803,849,19,4873,22.87200000000142,11.84,3120.8,,,,0,4187.9
804,850,33,8223,40.22199999999877,12.42,3260.68,,,,0,4198.1
805,851,8,2189,9.187999999999946,12.02,3164.52,,,,0,4200.9
806,852,6,1756,6.755000000000177,12.08,3179.16,,,,0,4203.1
807,853,10,2678,11.676999999999675,11.98,3155.1,,,,0,4206.3
808,854,2,773,1.771999999999951,11.2,2970.56,,,,0,4207.1
809,855,11,2929,12.927999999999535,10.86,2889.26,,,,0,4210.6
810,856,33,8212,40.2109999999988,11.5,3042.52,,,,0,4220.4
811,857,12,3177,14.175999999999398,11.64,3080.24,,,,0,4224.1
812,858,2,769,1.7679999999999514,11.44,3031.72,,,,0,4224.9
813,859,2,771,1.7699999999999512,11.4,3022.38,,,,0,4225.8
814,860,8,2189,9.187999999999946,11.42,3027.18,,,,0,4228.5
815,861,6,1709,6.708000000000161,11.42,3026.62,,,,0,4230.6
816,862,4,1234,4.233000000000002,11.48,3040.68,,,,0,4232.1
817,863,13,3412,15.410999999999635,11.46,3036.34,,,,0,4236.4
818,864,41,10000,50.99899999999463,12.2,3210.9,,,,0,4249.0
819,865,9,2457,10.455999999999797,12.24,3220.12,,,,0,4251.8
820,866,4,1251,4.250000000000008,12.08,3181.6,,,,0,4253.3
821,867,2,768,1.7669999999999515,11.96,3152.42,,,,0,4254.1
822,868,1,535,0.5339999999999772,11.96,3152.84,,,,0,4254.7
823,869,9,2439,10.437999999999807,12.04,3172.24,,,,0,4257.6
824,870,0,269,-0.7319999999999998,11.6,3066.18,,,,0,4257.9
825,871,8,2241,9.239999999999917,11.7,3090.94,,,,0,4260.5
826,872,15,3685,17.68399999999997,11.92,3139.56,,,,0,4264.7
827,873,6,1758,6.757000000000177,11.5,3038.72,,,,0,4266.8
828,874,3,1017,3.0159999999999307,10.74,2859.06,,,,0,4268.0
829,875,3,1017,3.0159999999999307,10.76,2863.68,,,,0,4269.2
830,876,1,549,0.5479999999999756,10.6,2826.08,,,,0,4269.9
831,877,5,1522,5.5210000000000985,10.42,2783.26,,,,0,4271.8
832,878,5,1510,5.5090000000000945,10.48,2798.48,,,,0,4273.6
833,879,3,989,2.987999999999927,10.48,2798.48,,,,0,4274.7
834,880,0,269,-0.7319999999999998,10.22,2735.86,,,,0,4275.1
835,881,6,1723,6.722000000000166,9.6,2586.76,,,,0,4277.0
836,882,5,1489,5.4880000000000875,9.68,2606.2,,,,0,4278.9
837,883,23,5789,27.78800000000254,10.06,2696.9,,,,0,4285.8
838,884,0,283,-0.7179999999999997,9.82,2639.02,,,,0,4286.2
839,885,2,765,1.7639999999999518,9.52,2566.58,,,,0,4287.1
840,886,6,1739,6.738000000000171,9.56,2576.7,,,,0,4289.1
841,887,3,1039,3.037999999999938,9.6,2587.3,,,,0,4290.3
842,888,3,1003,3.001999999999926,9.5,2563.58,,,,0,4291.5
843,889,3,1021,3.019999999999932,9.4,2539.9,,,,0,4292.9
844,890,3,1039,3.037999999999938,9.36,2530.26,,,,0,4294.2
845,891,13,3394,15.392999999999613,9.38,2534.96,,,,0,4298.6
846,892,3,1017,3.0159999999999307,8.72,2376.56,,,,0,4299.9
847,893,41,10000,50.99899999999463,9.24,2498.98,,,,0,4312.5
848,894,14,3649,16.647999999999925,8.98,2436.98,,,,0,4317.0
849,895,41,10000,50.99899999999463,9.74,2617.0,,,,0,4329.2
850,896,18,4600,21.599000000001087,9.8,2631.42,,,,0,4335.0
851,897,3,1039,3.037999999999938,9.78,2627.54,,,,0,4336.3
852,898,1,550,0.5489999999999755,9.44,2546.18,,,,0,4337.0
853,899,1,531,0.5299999999999776,9.08,2459.34,,,,0,4337.7
854,900,12,3202,14.200999999999384,8.66,2358.92,,,,0,4341.7
855,901,7,1949,7.948000000000079,8.64,2354.12,,,,0,4344.2
856,902,7,1960,7.9590000000000725,8.66,2358.2,,,,0,4346.7
857,903,17,4369,20.368000000000805,8.8,2392.02,,,,0,4352.1
858,904,0,322,-0.6789999999999998,8.76,2383.0,,,,0,4352.5
859,905,5,1469,5.468000000000081,8.64,2353.8,,,,0,4354.3
860,906,11,2909,12.907999999999547,8.2,2247.74,,,,0,4357.8
861,907,3,1002,3.0009999999999257,8.02,2204.24,,,,0,4359.1
862,908,0,279,-0.7219999999999998,7.98,2194.44,,,,0,4359.4
863,909,4,1229,4.228000000000001,8.02,2203.6,,,,0,4361.0
864,910,13,3414,15.412999999999638,8.12,2228.1,,,,0,4365.3
865,911,14,3681,16.679999999999964,8.28,2267.54,,,,0,4369.9
866,912,14,3681,16.679999999999964,8.48,2316.48,,,,0,4374.4
867,913,11,2961,12.959999999999518,8.44,2307.46,,,,0,4378.1
868,914,31,7720,37.718999999999944,8.24,2261.86,,,,0,4387.7
869,915,0,269,-0.7319999999999998,8.06,2218.1,,,,0,4388.0
870,916,0,269,-0.7319999999999998,7.98,2198.46,,,,0,4388.4
871,917,5,1521,5.520000000000098,8.04,2213.52,,,,0,4390.1
872,918,7,1976,7.975000000000064,8.16,2242.34,,,,0,4392.4
873,919,3,989,2.987999999999927,8.04,2213.34,,,,0,4393.6
874,920,19,4829,22.828000000001367,8.42,2304.54,,,,0,4399.3
875,921,3,1020,3.0189999999999317,8.32,2280.12,,,,0,4400.6
876,922,8,2241,9.239999999999917,8.18,2251.24,,,,0,4403.2
877,923,8,2241,9.239999999999917,8.22,2260.9,,,,0,4406.0
878,924,2,801,1.7999999999999479,8.2,2256.58,,,,0,4406.9
879,925,7,1960,7.9590000000000725,8.28,2275.44,,,,0,4409.3
880,926,10,2677,11.675999999999675,8.46,2318.0,,,,0,4412.5
881,927,5,1469,5.468000000000081,8.46,2316.94,,,,0,4414.2
882,928,22,5553,26.552000000002252,8.8,2397.8,,,,0,4421.3
883,929,11,2962,12.960999999999517,8.96,2437.26,,,,0,4424.9
884,930,2,765,1.7639999999999518,9.0,2447.18,,,,0,4425.8
885,931,4,1234,4.233000000000002,8.96,2437.4,,,,0,4427.3
886,932,9,2429,10.427999999999813,9.04,2456.2,,,,0,4430.3
887,933,5,1524,5.523000000000099,8.68,2370.9,,,,0,4432.1
888,934,7,1954,7.953000000000076,8.82,2404.32,,,,0,4434.4
889,935,7,1949,7.948000000000079,8.92,2428.0,,,,0,4436.7
890,936,27,6795,32.7940000000021,9.34,2529.12,,,,0,4444.6
891,937,0,315,-0.6859999999999997,9.28,2514.64,,,,0,4445.0
892,938,13,3389,15.387999999999607,9.48,2562.36,,,,0,4449.2
893,939,3,999,2.997999999999926,9.48,2561.92,,,,0,4450.4
894,940,14,3629,16.6279999999999,9.7,2613.72,,,,0,4454.8
895,941,6,1723,6.722000000000166,9.56,2580.3,,,,0,4456.9
896,942,6,1759,6.758000000000178,9.62,2595.14,,,,0,4459.1
897,943,13,3412,15.410999999999635,9.06,2463.38,,,,0,4463.4
898,944,0,319,-0.6819999999999997,8.78,2396.78,,,,0,4463.8
899,945,6,1721,6.720000000000165,8.08,2231.2,,,,0,4466.0
900,946,12,3184,14.182999999999394,7.96,2202.88,,,,0,4470.0
901,947,6,1528,6.5270000000001005,8.02,2212.66,,,,0,4471.9
902,948,5,1504,5.5030000000000925,8.1,2231.74,,,,0,4473.7
903,949,34,8451,41.44999999999824,8.76,2390.14,,,,0,4484.5
904,950,8,2194,9.192999999999943,8.68,2369.98,,,,0,4487.1
905,951,32,7949,38.94799999999941,9.18,2489.98,,,,0,4496.5
906,952,3,1020,3.0189999999999317,9.1,2471.18,,,,0,4497.7
907,953,10,2677,11.675999999999675,8.96,2437.34,,,,0,4500.8
908,954,4,1253,4.252000000000009,9.04,2455.96,,,,0,4502.3
909,955,0,269,-0.7319999999999998,8.94,2431.96,,,,0,4502.6
910,956,2,765,1.7639999999999518,8.76,2389.08,,,,0,4503.5
911,957,3,1036,3.034999999999937,8.76,2389.76,,,,0,4504.7
912,958,29,7266,35.265000000001,9.34,2529.5,,,,0,4513.4
913,959,41,10000,50.99899999999463,10.08,2704.92,,,,0,4525.1
914,960,7,1949,7.948000000000079,9.96,2675.62,,,,0,4527.4
915,961,10,2673,11.671999999999677,9.88,2655.46,,,,0,4530.5
916,962,17,4372,20.37100000000081,9.94,2669.28,,,,0,4535.6
917,963,7,1954,7.953000000000076,9.86,2649.14,,,,0,4537.9
918,964,6,1720,6.719000000000165,9.36,2529.14,,,,0,4540.0
919,965,3,1001,2.999999999999926,9.42,2543.78,,,,0,4541.2
920,966,2,765,1.7639999999999518,9.46,2553.7,,,,0,4542.1
921,967,2,768,1.7669999999999515,9.4,2538.64,,,,0,4542.9
922,968,27,6749,32.74800000000221,9.8,2634.1,,,,0,4550.8
923,969,1,549,0.5479999999999756,9.76,2625.3,,,,0,4551.4
924,970,2,769,1.7679999999999514,9.42,2544.1,,,,0,4552.3
925,971,6,1724,6.723000000000166,9.48,2558.18,,,,0,4554.2
926,972,0,269,-0.7319999999999998,9.32,2518.74,,,,0,4554.5
927,973,4,1270,4.269000000000014,9.24,2499.32,,,,0,4556.0
928,974,14,3682,16.680999999999965,9.48,2556.94,,,,0,4560.3
929,975,0,316,-0.6849999999999998,9.34,2524.06,,,,0,4560.7
930,976,15,3884,17.883000000000212,9.44,2548.2,,,,0,4565.2
931,977,2,749,1.7479999999999536,9.38,2533.8,,,,0,4566.1
932,978,5,1291,5.290000000000021,9.04,2448.56,,,,0,4567.6
933,979,8,2223,9.221999999999927,8.98,2433.78,,,,0,4570.3
934,980,4,1253,4.252000000000009,9.02,2443.54,,,,0,4571.8
935,981,38,9423,46.421999999995975,9.7,2607.32,,,,0,4583.3
936,982,13,3393,15.391999999999612,9.78,2626.6,,,,0,4587.3
937,983,23,5831,27.83000000000259,10.14,2712.74,,,,0,4594.2
938,984,4,1234,4.233000000000002,10.08,2698.34,,,,0,4595.7
939,985,14,3629,16.6279999999999,10.22,2731.94,,,,0,4599.9
940,986,10,2711,11.709999999999656,9.88,2650.26,,,,0,4603.1
941,987,5,1291,5.290000000000021,9.98,2669.78,,,,0,4604.7
942,988,9,2429,10.427999999999813,9.9,2650.58,,,,0,4607.6
943,989,24,6078,29.077000000002894,10.32,2752.16,,,,0,4614.5
944,990,8,2241,9.239999999999917,10.2,2724.4,,,,0,4617.1
945,991,16,4134,19.133000000000518,10.4,2772.62,,,,0,4621.9
946,992,9,2461,10.459999999999795,10.46,2786.66,,,,0,4624.7
947,993,2,768,1.7669999999999515,10.24,2733.78,,,,0,4625.6
948,994,1,552,0.5509999999999753,10.26,2738.44,,,,0,4626.2
949,995,2,802,1.8009999999999478,10.18,2720.06,,,,0,4627.1
950,996,0,269,-0.7319999999999998,9.94,2661.76,,,,0,4627.4
951,997,3,989,2.987999999999927,9.88,2650.98,,,,0,4628.6
952,998,1,538,0.5369999999999768,9.8,2631.66,,,,0,4629.3
953,999,9,2458,10.456999999999796,9.3,2511.8,,,,0,4632.4
954,1000,6,1741,6.740000000000172,9.26,2502.74,,,,0,4634.3
955,1001,4,1252,4.251000000000008,8.7,2368.8,,,,0,4635.7
956,1002,0,318,-0.6829999999999998,8.64,2354.76,,,,0,4636.0
957,1003,0,269,-0.7319999999999998,8.44,2306.6,,,,0,4636.3
958,1004,6,1709,6.708000000000161,8.48,2315.72,,,,0,4638.2
959,1005,0,299,-0.7019999999999997,8.48,2316.32,,,,0,4638.5
960,1006,15,3883,17.88200000000021,8.74,2378.68,,,,0,4643.0
961,1007,9,2478,10.476999999999785,8.86,2407.52,,,,0,4645.9
962,1008,7,1989,7.988000000000056,8.42,2301.98,,,,0,4648.3
963,1009,32,7972,38.97099999999936,8.24,2261.42,,,,0,4658.3
964,1010,8,2205,9.203999999999937,8.26,2266.54,,,,0,4661.1
965,1011,3,1017,3.0159999999999307,8.12,2233.42,,,,0,4662.4
966,1012,41,10000,50.99899999999463,8.6,2345.98,,,,0,4674.6
967,1013,11,2909,12.907999999999547,8.68,2365.08,,,,0,4678.4
968,1014,33,8200,40.198999999998826,9.22,2494.68,,,,0,4688.5
969,1015,17,4365,20.3640000000008,9.5,2561.96,,,,0,4693.9
970,1016,13,3414,15.412999999999638,9.72,2614.94,,,,0,4698.2
971,1017,4,1229,4.228000000000001,9.76,2624.16,,,,0,4699.7
972,1018,12,3149,14.147999999999413,9.46,2552.16,,,,0,4703.6
973,1019,7,1949,7.948000000000079,9.58,2580.16,,,,0,4706.1
974,1020,12,3149,14.147999999999413,9.78,2627.76,,,,0,4710.0
975,1021,21,5356,25.35500000000201,10.08,2700.4,,,,0,4716.5
976,1022,0,298,-0.7029999999999998,10.08,2700.98,,,,0,4716.8
977,1023,7,1953,7.952000000000076,10.14,2714.64,,,,0,4719.1
978,1024,5,1490,5.489000000000088,9.96,2670.8,,,,0,4720.8
979,1025,2,769,1.7679999999999514,10.0,2679.86,,,,0,4721.7
980,1026,3,1021,3.019999999999932,9.76,2622.6,,,,0,4722.9
981,1027,3,1038,3.0369999999999377,9.78,2628.38,,,,0,4724.1
982,1028,27,6749,32.74800000000221,10.22,2737.54,,,,0,4732.0
983,1029,9,2476,10.474999999999786,10.24,2742.6,,,,0,4734.8
984,1030,7,1949,7.948000000000079,10.3,2756.52,,,,0,4737.1
985,1031,23,5812,27.81100000000257,10.0,2684.3,,,,0,4743.8
986,1032,37,9171,45.16999999999656,10.48,2799.86,,,,0,4754.7
987,1033,20,5106,24.105000000001706,10.42,2785.36,,,,0,4760.7
988,1034,15,3685,17.68399999999997,10.64,2834.38,,,,0,4765.0
989,1035,5,1489,5.4880000000000875,10.46,2791.58,,,,0,4766.9
990,1036,3,1002,3.0009999999999257,10.32,2757.4,,,,0,4768.1
991,1037,10,2676,11.674999999999676,10.42,2785.1,,,,0,4771.3
992,1038,2,751,1.7499999999999534,10.28,2751.54,,,,0,4772.3
993,1039,4,1254,4.253000000000009,9.88,2655.06,,,,0,4773.8
994,1040,29,7229,35.22800000000109,10.3,2754.82,,,,0,4782.3
995,1041,3,1038,3.0369999999999377,10.04,2692.9,,,,0,4783.6
996,1042,0,316,-0.6849999999999998,9.86,2650.0,,,,0,4784.0
997,1043,10,2673,11.671999999999677,10.02,2688.1,,,,0,4787.2
998,1044,41,10000,50.99899999999463,10.82,2877.06,,,,0,4798.8
999,1045,27,6565,32.564000000002636,11.32,2992.32,,,,0,4806.4
1000,1046,13,3389,15.387999999999607,11.58,3054.72,1.8,421.45,0.55,0,4819.7
1001,1047,23,5808,27.807000000002564,11.98,3151.1,,,,0,4827.0
1002,1048,1,557,0.5559999999999747,11.98,3151.48,,,,0,4827.7
1003,1049,39,9678,47.67699999999538,12.58,3295.88,,,,0,4838.9
1004,1050,28,7013,34.01200000000159,13.02,3401.32,,,,0,4847.0
1005,1051,1,554,0.5529999999999751,12.96,3387.36,,,,0,4847.6
1006,1052,9,2480,10.478999999999784,13.14,3430.6,,,,0,4850.5
1007,1053,9,2429,10.427999999999813,13.32,3473.8,,,,0,4853.2
1008,1054,11,2910,12.908999999999546,13.42,3497.82,,,,0,4856.5
1009,1055,4,1237,4.236000000000003,13.5,3516.58,,,,0,4858.0
1010,1056,38,9444,46.442999999995926,13.96,3627.8,,,,0,4868.5
1011,1057,33,8189,40.18799999999885,14.44,3742.02,,,,0,4878.2
1012,1058,2,786,1.7849999999999495,14.34,3717.96,,,,0,4879.0
1013,1059,25,6294,30.293000000003158,14.2,3684.4,,,,0,4886.0
1014,1060,11,2928,12.926999999999536,14.26,3698.86,,,,0,4889.3
1015,1061,34,8436,41.434999999998276,14.88,3847.24,,,,0,4898.4
1016,1062,26,6532,31.531000000002713,14.58,3777.88,,,,0,4905.4
1017,1063,26,6550,31.54900000000267,14.88,3850.7,,,,0,4912.5
1018,1064,4,1236,4.235000000000003,14.3,3711.42,,,,0,4913.9
1019,1065,22,5549,26.548000000002247,14.4,3735.1,,,,0,4920.2
1020,1066,6,1762,6.761000000000179,14.26,3702.06,,,,0,4922.2
1021,1067,17,4404,20.403000000000848,14.52,3765.56,,,,0,4927.1
1022,1068,3,806,2.8049999999999473,14.34,3718.7,,,,0,4928.0
1023,1069,2,769,1.7679999999999514,14.24,3695.1,,,,0,4928.8
1024,1070,12,3181,14.179999999999396,14.24,3695.74,,,,0,4932.5
1025,1071,6,1740,6.739000000000171,13.94,3623.42,,,,0,4934.4
1026,1072,24,6061,29.060000000002873,14.42,3738.68,,,,0,4941.4
1027,1073,33,8189,40.18799999999885,14.94,3863.4,,,,0,4950.7
1028,1074,1,534,0.5329999999999773,14.86,3844.28,,,,0,4951.3
1029,1075,7,1979,7.978000000000062,14.96,3868.48,,,,0,4953.5
1030,1076,16,4109,19.108000000000487,15.22,3930.24,,,,0,4958.3
1031,1077,1,556,0.5549999999999748,15.18,3920.6,,,,0,4958.9
1032,1078,2,772,1.770999999999951,14.68,3801.06,,,,0,4959.8
1033,1079,3,989,2.987999999999927,14.56,3771.32,,,,0,4961.0
1034,1080,11,2925,12.923999999999538,14.64,3790.84,,,,0,4964.4
1035,1081,29,7281,35.28000000000097,14.76,3820.22,,,,0,4972.7
1036,1082,11,2911,12.909999999999545,14.24,3695.02,,,,0,4976.0
1037,1083,3,1025,3.0239999999999334,13.9,3613.4,,,,0,4977.2
1038,1084,9,2477,10.475999999999786,13.78,3589.24,,,,0,4979.9
1039,1085,5,1523,5.522000000000099,13.78,3589.92,,,,0,4981.7
1040,1086,1,552,0.5509999999999753,13.74,3580.92,,,,0,4982.2
1041,1087,12,3162,14.160999999999406,13.78,3590.64,,,,0,4985.7
1042,1088,10,2695,11.693999999999665,13.94,3629.52,,,,0,4988.8
1043,1089,17,4385,20.384000000000825,14.2,3692.14,,,,0,4993.7
1044,1090,7,1949,7.948000000000079,13.76,3586.54,,,,0,4995.9
1045,1091,16,4109,19.108000000000487,14.02,3647.96,,,,0,5000.6
1046,1092,25,6277,30.276000000003137,14.52,3767.18,,,,0,5007.6
1047,1093,4,1253,4.252000000000009,14.4,3738.78,,,,0,5009.0
1048,1094,4,1237,4.236000000000003,13.66,3563.52,,,,0,5010.4
1049,1095,5,1488,5.487000000000087,13.22,3461.98,,,,0,5012.1
1050,1096,9,2460,10.458999999999795,13.14,3443.4,,,,0,5014.9
1051,1097,13,3396,15.394999999999616,12.94,3395.16,,,,0,5018.9
1052,1098,12,2965,13.963999999999515,13.16,3443.32,,,,0,5022.2
1053,1099,28,7036,34.03500000000154,12.94,3390.48,,,,0,5030.1
1054,1100,4,1236,4.235000000000003,12.46,3274.94,,,,0,5031.4
1055,1101,5,1471,5.4700000000000815,12.54,3293.28,,,,0,5033.1
1056,1102,11,2946,12.944999999999526,12.58,3302.6,,,,0,5036.5
1057,1103,6,1741,6.740000000000172,12.52,3288.84,,,,0,5038.5
1058,1104,5,1469,5.468000000000081,12.4,3260.02,,,,0,5040.1
1059,1105,3,1002,3.0009999999999257,12.38,3255.32,,,,0,5041.2
1060,1106,2,765,1.7639999999999518,11.66,3081.74,,,,0,5042.0
1061,1107,9,2461,10.459999999999795,11.18,2967.18,,,,0,5044.8
1062,1108,6,1744,6.743000000000173,11.26,2986.34,,,,0,5046.8
1063,1109,10,2677,11.675999999999675,10.96,2914.0,,,,0,5049.9
1064,1110,10,2673,11.671999999999677,10.94,2908.9,,,,0,5053.0
1065,1111,15,3900,17.899000000000232,10.56,2818.18,,,,0,5057.3
1066,1112,0,284,-0.7169999999999999,10.04,2693.22,,,,0,5057.6
1067,1113,1,549,0.5479999999999756,9.54,2573.2,,,,0,5058.3
1068,1114,0,269,-0.7319999999999998,9.46,2553.86,,,,0,5058.6
1069,1115,4,1251,4.250000000000008,9.1,2467.9,,,,0,5060.0
1070,1116,2,783,1.7819999999999498,9.02,2448.32,,,,0,5061.0
1071,1117,14,3629,16.6279999999999,8.96,2432.82,,,,0,5065.2
1072,1118,28,6993,33.99200000000164,9.46,2556.56,,,,0,5073.3
1073,1119,3,999,2.997999999999926,9.48,2561.16,,,,0,5074.4
1074,1120,5,1291,5.290000000000021,9.34,2523.36,,,,0,5075.9
1075,1121,14,3629,16.6279999999999,9.5,2561.14,,,,0,5080.1
1076,1122,13,3396,15.394999999999616,9.28,2507.84,,,,0,5084.2
1077,1123,2,772,1.770999999999951,8.66,2359.5,,,,0,5085.0
1078,1124,4,1233,4.232000000000002,8.72,2373.48,,,,0,5086.5
1079,1125,17,4365,20.3640000000008,8.92,2421.2,,,,0,5091.4
1080,1126,22,5549,26.548000000002247,9.04,2450.0,,,,0,5097.8
1081,1127,9,2476,10.474999999999786,9.2,2488.4,,,,0,5100.8
1082,1128,10,2673,11.671999999999677,9.36,2526.42,,,,0,5104.0
1083,1129,14,3668,16.66699999999995,9.58,2580.0,,,,0,5108.2
1084,1130,17,4349,20.34800000000078,9.7,2608.48,,,,0,5113.2
1085,1131,14,3645,16.64399999999992,9.4,2535.76,,,,0,5117.4
1086,1132,1,509,0.50799999999998,9.2,2487.72,,,,0,5118.0
1087,1133,7,1993,7.992000000000054,9.28,2507.08,,,,0,5120.4
1088,1134,3,805,2.8039999999999474,9.16,2473.64,,,,0,5121.3
1089,1135,16,4120,19.1190000000005,9.38,2525.58,,,,0,5126.2
1090,1136,1,553,0.5519999999999752,9.38,2525.6,,,,0,5126.8
1091,1137,0,269,-0.7319999999999998,9.14,2467.74,,,,0,5127.1
1092,1138,6,1761,6.760000000000178,9.06,2449.06,,,,0,5129.2
1093,1139,3,989,2.987999999999927,8.78,2381.14,,,,0,5130.4
1094,1140,5,1522,5.5210000000000985,8.74,2372.6,,,,0,5132.2
1095,1141,0,269,-0.7319999999999998,8.42,2295.8,,,,0,5132.5
1096,1142,5,1522,5.5210000000000985,8.02,2200.7,,,,0,5134.3
1097,1143,6,1759,6.758000000000178,8.06,2210.82,,,,0,5136.3
1098,1144,4,1234,4.233000000000002,8.06,2210.76,,,,0,5137.7
1099,1145,1,549,0.5479999999999756,7.98,2191.98,,,,0,5138.4
1100,1146,12,3159,14.157999999999408,8.04,2205.96,,,,0,5142.0
1101,1147,41,10000,50.99899999999463,8.6,2338.04,,,,0,5153.5
1102,1148,4,1235,4.234000000000003,8.44,2303.44,,,,0,5154.9
1103,1149,10,2691,11.689999999999667,8.08,2216.54,,,,0,5158.0
1104,1150,5,1524,5.523000000000099,8.1,2222.3,,,,0,5159.7
1105,1151,17,4385,20.384000000000825,8.34,2280.58,,,,0,5164.8
1106,1152,6,1741,6.740000000000172,8.24,2256.48,,,,0,5166.8
1107,1153,0,269,-0.7319999999999998,8.12,2227.04,,,,0,5167.1
1108,1154,16,4117,19.116000000000497,8.34,2280.0,,,,0,5171.9
1109,1155,10,2710,11.708999999999657,8.48,2314.16,,,,0,5175.0
1110,1156,12,3196,14.194999999999387,8.68,2362.78,,,,0,5178.7
1111,1157,41,10000,50.99899999999463,9.32,2513.56,,,,0,5190.1
1112,1158,17,4369,20.368000000000805,9.54,2566.06,,,,0,5195.3
1113,1159,12,3149,14.147999999999413,9.58,2575.5,,,,0,5198.9
1114,1160,0,269,-0.7319999999999998,9.38,2527.42,,,,0,5199.2
1115,1161,3,1002,3.0009999999999257,9.14,2469.46,,,,0,5200.4
1116,1162,5,1505,5.504000000000093,9.24,2493.88,,,,0,5202.2
1117,1163,6,1741,6.740000000000172,9.34,2517.72,,,,0,5204.1
1118,1164,15,3904,17.903000000000237,9.64,2590.42,,,,0,5208.6
1119,1165,8,2190,9.188999999999945,9.72,2609.2,,,,0,5211.2
1120,1166,6,1741,6.740000000000172,9.8,2628.36,,,,0,5213.2
1121,1167,3,1039,3.037999999999938,9.58,2576.56,,,,0,5214.4
1122,1168,12,3160,14.158999999999407,9.26,2499.9,,,,0,5218.1
1123,1169,0,269,-0.7319999999999998,9.2,2485.3,,,,0,5218.4
1124,1170,5,1489,5.4880000000000875,9.2,2489.26,,,,0,5220.2
1125,1171,19,4829,22.828000000001367,9.3,2513.26,,,,0,5225.8
1126,1172,16,4116,19.115000000000496,9.36,2527.66,,,,0,5230.6
1127,1173,8,2244,9.242999999999915,9.48,2557.1,,,,0,5233.2
1128,1174,0,283,-0.7179999999999997,9.4,2538.1,,,,0,5233.5
1129,1175,2,753,1.7519999999999532,9.1,2465.86,,,,0,5234.4
1130,1176,14,3634,16.632999999999907,8.94,2427.56,,,,0,5238.6
1131,1177,14,3663,16.661999999999942,9.04,2451.3,,,,0,5242.8
1132,1178,19,4829,22.828000000001367,9.22,2494.42,,,,0,5248.3
1133,1179,19,4876,22.875000000001425,9.32,2518.58,,,,0,5253.9
1134,1180,6,1763,6.762000000000179,9.1,2466.86,,,,0,5255.9
1135,1181,11,2927,12.925999999999537,9.04,2452.5,,,,0,5259.3
1136,1182,1,534,0.5329999999999773,9.04,2453.0,,,,0,5259.9
1137,1183,23,5789,27.78800000000254,9.36,2528.92,,,,0,5266.6
1138,1184,11,2910,12.908999999999546,9.52,2571.02,,,,0,5270.1
1139,1185,14,3684,16.682999999999968,9.48,2562.3,,,,0,5274.4
1140,1186,19,4854,22.853000000001398,9.84,2648.32,,,,0,5280.0
1141,1187,8,2208,9.206999999999935,10.0,2687.1,,,,0,5282.6
1142,1188,5,1291,5.290000000000021,9.98,2677.7,,,,0,5284.1
1143,1189,19,4876,22.875000000001425,10.3,2755.44,,,,0,5289.6
1144,1190,32,7968,38.966999999999366,10.84,2884.36,,,,0,5299.0
1145,1191,6,1525,6.5240000000000995,10.96,2909.48,,,,0,5300.7
1146,1192,41,10000,50.99899999999463,11.68,3079.04,,,,0,5311.9
1147,1193,6,1525,6.5240000000000995,11.68,3074.36,,,,0,5313.6
1148,1194,5,1471,5.4700000000000815,11.7,3079.1,,,,0,5315.3
1149,1195,18,4589,21.588000000001074,12.04,3159.9,,,,0,5320.5
1150,1196,36,8909,43.90799999999717,12.52,3274.9,,,,0,5330.6
1151,1197,9,2429,10.427999999999813,11.88,3123.48,,,,0,5333.4
1152,1198,18,4620,21.61900000000111,12.16,3191.18,,,,0,5338.9
1153,1199,10,2678,11.676999999999675,12.16,3190.92,,,,0,5342.1
1154,1200,3,989,2.987999999999927,12.12,3180.22,,,,0,5343.2
1155,1201,17,4350,20.349000000000782,12.12,3179.52,,,,0,5348.3
1156,1202,27,6799,32.79800000000209,12.54,3280.68,,,,0,5356.3
1157,1203,10,2676,11.674999999999676,12.74,3328.82,,,,0,5359.5
1158,1204,1,553,0.5519999999999752,12.44,3257.54,,,,0,5360.1
1159,1205,6,1742,6.741000000000172,12.36,3238.18,,,,0,5362.1
1160,1206,0,269,-0.7319999999999998,12.12,3179.64,,,,0,5362.5
1161,1207,4,1236,4.235000000000003,11.38,3004.36,,,,0,5364.0
1162,1208,0,282,-0.7189999999999999,11.04,2922.62,,,,0,5364.3
1163,1209,21,5340,25.33900000000199,11.22,2966.44,,,,0,5370.5
1164,1210,4,1254,4.253000000000009,11.3,2986.14,,,,0,5371.9
1165,1211,15,3685,17.68399999999997,11.54,3039.8,,,,0,5376.3
1166,1212,21,5362,25.36100000000202,11.86,3116.94,,,,0,5382.6
1167,1213,6,1740,6.739000000000171,11.86,3116.92,,,,0,5384.7
1168,1214,10,2694,11.692999999999666,11.76,3092.72,,,,0,5388.0
1169,1215,5,1524,5.523000000000099,11.7,3079.4,,,,0,5389.9
1170,1216,41,10000,50.99899999999463,12.4,3244.58,,,,0,5401.3
1171,1217,13,3397,15.395999999999617,12.6,3291.74,,,,0,5405.3
1172,1218,9,2442,10.440999999999805,12.54,3277.38,,,,0,5408.2
1173,1219,19,4871,22.87000000000142,12.92,3369.42,,,,0,5413.8
1174,1220,3,989,2.987999999999927,12.88,3359.42,,,,0,5414.9
1175,1221,4,1236,4.235000000000003,12.58,3287.56,,,,0,5416.4
1176,1222,41,10000,50.99899999999463,13.08,3405.24,,,,0,5428.5
1177,1223,8,2209,9.207999999999934,13.08,3404.54,,,,0,5431.0
1178,1224,27,6799,32.79800000000209,13.62,3534.86,,,,0,5438.9
1179,1225,18,4406,21.40500000000085,13.94,3607.92,,,,0,5444.1
1180,1226,41,10000,50.99899999999463,14.48,3735.24,,,,0,5455.7
1181,1227,15,3900,17.899000000000232,14.5,3739.98,,,,0,5460.3
1182,1228,6,1721,6.720000000000165,14.24,3677.82,,,,0,5462.3
1183,1229,8,2244,9.242999999999915,14.02,3625.18,,,,0,5465.0
1184,1230,17,4354,20.353000000000787,14.24,3677.0,,,,0,5470.0
1185,1231,9,2461,10.459999999999795,14.2,3667.68,,,,0,5472.9
1186,1232,26,6528,31.527000000002722,14.7,3787.56,,,,0,5481.5
1187,1233,7,1974,7.973000000000065,14.38,3711.26,,,,0,5483.9
1188,1234,6,1740,6.739000000000171,14.28,3687.86,,,,0,5486.2
1189,1235,0,269,-0.7319999999999998,14.0,3619.56,,,,0,5486.5
1190,1236,30,7469,36.46800000000053,14.22,3671.86,,,,0,5495.4
1191,1237,21,5309,25.308000000001954,14.48,3733.88,,,,0,5501.6
1192,1238,1,552,0.5509999999999753,14.4,3719.1,,,,0,5502.3
1193,1239,5,1524,5.523000000000099,14.12,3652.06,,,,0,5504.1
1194,1240,16,4134,19.133000000000518,13.8,3575.38,,,,0,5509.0
1195,1241,41,10000,50.99899999999463,14.5,3744.88,,,,0,5520.6
1196,1242,4,1237,4.236000000000003,13.76,3569.62,,,,0,5522.0
1197,1243,3,1020,3.0189999999999317,13.7,3559.52,,,,0,5523.1
1198,1244,10,2676,11.674999999999676,13.8,3583.62,,,,0,5526.2
1199,1245,41,10000,50.99899999999463,14.26,3691.84,,,,0,5537.6
1200,1246,12,3202,14.200999999999384,13.78,3577.7,,,,0,5541.4
1201,1247,40,9869,48.867999999994936,14.4,3726.5,,,,0,5552.6
1202,1248,0,269,-0.7319999999999998,14.04,3639.48,,,,0,5552.9
1203,1249,15,3919,17.918000000000255,14.14,3664.3,,,,0,5557.5
1204,1250,2,804,1.8029999999999475,14.12,3660.6,,,,0,5558.4
1205,1251,41,10000,50.99899999999463,14.6,3773.6,,,,0,5570.2
1206,1252,41,10000,50.99899999999463,14.88,3837.62,,,,0,5581.6
1207,1253,25,6317,30.316000000003186,15.18,3910.44,,,,0,5589.1
1208,1254,11,2933,12.931999999999533,15.38,3958.04,,,,0,5592.5
1209,1255,20,5106,24.105000000001706,15.66,4025.32,,,,0,5598.5
1210,1256,6,1740,6.739000000000171,15.78,4054.74,,,,0,5600.5
1211,1257,36,8927,43.92599999999713,16.42,4208.56,,,,0,5610.8
1212,1258,30,7486,36.48500000000049,17.02,4352.64,,,,0,5619.6
1213,1259,41,10000,50.99899999999463,17.42,4445.84,,,,0,5631.2
1214,1260,17,4355,20.354000000000788,17.68,4507.86,,,,0,5636.2
1215,1261,4,1258,4.25700000000001,17.46,4459.32,,,,0,5637.8
1216,1262,41,10000,50.99899999999463,17.86,4552.08,,,,0,5649.5
1217,1263,0,322,-0.6789999999999998,17.74,4523.72,,,,0,5649.8
1218,1264,33,8008,40.00699999999927,18.2,4630.0,,,,0,5659.2
1219,1265,12,3149,14.147999999999413,18.34,4662.5,,,,0,5662.8
1220,1266,39,9664,47.662999999995414,18.3,4655.78,,,,0,5674.0
1221,1267,25,6317,30.316000000003186,18.54,4714.18,,,,0,5681.5
1222,1268,41,10000,50.99899999999463,19.18,4865.34,,,,0,5693.0
1223,1269,6,1745,6.744000000000173,18.92,4802.82,,,,0,5695.0
1224,1270,24,6064,29.063000000002877,19.34,4904.32,,,,0,5702.0
1225,1271,26,6532,31.531000000002713,19.78,5010.24,,,,0,5709.6
1226,1272,9,2464,10.462999999999793,19.14,4859.52,,,,0,5712.5
1227,1273,3,1043,3.0419999999999394,19.04,4836.2,,,,0,5713.6
1228,1274,25,6299,30.298000000003164,19.0,4826.2,,,,0,5721.1
1229,1275,36,8728,43.726999999997595,19.36,4912.64,,,,0,5731.2
1230,1276,41,10000,50.99899999999463,19.36,4912.64,,,,0,5742.6
1231,1277,41,10000,50.99899999999463,19.88,5034.64,,,,0,5754.0
1232,1278,15,3922,17.92100000000026,20.06,5078.66,,,,0,5758.5
1233,1279,41,10000,50.99899999999463,20.72,5233.78,,,,0,5770.0
1234,1280,41,10000,50.99899999999463,21.2,5346.7,,,,0,5781.8
1235,1281,41,10000,50.99899999999463,21.84,5497.48,,,,0,5793.8
1236,1282,41,10000,50.99899999999463,22.14,5566.92,,,,0,5805.5
1237,1283,41,10000,50.99899999999463,22.82,5727.44,,,,0,5817.0
1238,1284,41,10000,50.99899999999463,23.52,5892.64,,,,0,5828.4
1239,1285,41,10000,50.99899999999463,24.34,6087.26,,,,0,5840.1
1240,1286,41,10000,50.99899999999463,24.56,6137.88,,,,0,5851.9
1241,1287,41,10000,50.99899999999463,24.96,6231.7,,,,0,5863.8
1242,1288,27,6761,32.76000000000218,25.48,6355.88,,,,0,5871.7
1243,1289,41,10000,50.99899999999463,26.2,6525.4,,,,0,5883.1
1244,1290,41,10000,50.99899999999463,26.7,6642.72,,,,0,5894.5
1245,1291,41,10000,50.99899999999463,26.7,6642.72,,,,0,5906.0
1246,1292,41,10000,50.99899999999463,27.44,6817.98,,,,0,5917.6
1247,1293,41,10000,50.99899999999463,28.2,6997.58,,,,0,5929.2
1248,1294,41,10000,50.99899999999463,28.82,7144.06,,,,0,5940.8
1249,1295,16,4153,19.15200000000054,28.32,7027.12,,,,0,5945.5
1250,1296,41,10000,50.99899999999463,28.9,7163.08,,,,0,5957.6
1251,1297,41,10000,50.99899999999463,28.92,7165.7,,,,0,5969.9
1252,1298,41,10000,50.99899999999463,29.74,7360.32,,,,0,5981.9
1253,1299,41,10000,50.99899999999463,30.26,7481.94,,,,0,5993.5
1254,1300,41,10000,50.99899999999463,31.04,7665.86,,,,0,6005.2
1255,1301,41,10000,50.99899999999463,31.04,7665.86,,,,0,6016.4
1256,1302,41,10000,50.99899999999463,31.04,7665.86,,,,0,6028.4
1257,1303,41,10000,50.99899999999463,31.36,7739.52,,,,0,6039.9
1258,1304,3,989,2.987999999999927,31.2,7700.64,,,,0,6041.1
1259,1305,41,10000,50.99899999999463,31.62,7798.52,,,,0,6052.6
1260,1306,27,6749,32.74800000000221,32.04,7898.7,,,,0,6060.5
1261,1307,41,10000,50.99899999999463,32.14,7920.16,,,,0,6072.2
1262,1308,41,10000,50.99899999999463,32.36,7970.44,,,,0,6083.9
1263,1309,41,10000,50.99899999999463,32.36,7970.44,,,,0,6096.4
1264,1310,41,10000,50.99899999999463,32.84,8083.34,,,,0,6108.0
1265,1311,41,10000,50.99899999999463,33.58,8258.18,,,,0,6119.3
1266,1312,1,520,0.5189999999999788,32.78,8068.58,,,,0,6119.8
1267,1313,41,10000,50.99899999999463,33.6,8262.14,,,,0,6131.1
1268,1314,41,10000,50.99899999999463,33.76,8301.98,,,,0,6142.7
1269,1315,41,10000,50.99899999999463,34.34,8439.0,,,,0,6154.2
1270,1316,41,10000,50.99899999999463,34.38,8445.72,,,,0,6166.6
1271,1317,41,10000,50.99899999999463,34.7,8519.38,,,,0,6177.9
1272,1318,22,5578,26.577000000002283,34.32,8430.94,,,,0,6184.3
1273,1319,41,10000,50.99899999999463,35.02,8596.04,,,,0,6195.7
1274,1320,41,10000,50.99899999999463,35.36,8674.76,,,,0,6207.3
1275,1321,41,10000,50.99899999999463,35.66,8744.12,,,,0,6218.7
1276,1322,41,10000,50.99899999999463,36.3,8894.84,,,,0,6230.5
1277,1323,27,6749,32.74800000000221,36.78,9008.96,,,,0,6238.5
1278,1324,41,10000,50.99899999999463,37.1,9082.98,,,,0,6250.1
1279,1325,41,10000,50.99899999999463,37.2,9108.42,,,,0,6261.6
1280,1326,41,10000,50.99899999999463,37.2,9108.42,,,,0,6273.1
1281,1327,41,10000,50.99899999999463,37.2,9108.42,,,,0,6284.8
1282,1328,41,10000,50.99899999999463,37.72,9229.98,,,,0,6296.8
1283,1329,18,4589,21.588000000001074,37.26,9121.76,,,,0,6302.2
1284,1330,41,10000,50.99899999999463,37.26,9121.76,,,,0,6314.0
1285,1331,41,10000,50.99899999999463,37.26,9121.76,,,,0,6325.5
1286,1332,40,9899,48.897999999994866,37.24,9119.74,,,,0,6336.8
1287,1333,41,10000,50.99899999999463,37.24,9119.74,,,,0,6348.6
1288,1334,41,10000,50.99899999999463,37.24,9119.74,,,,0,6360.5
1289,1335,41,10000,50.99899999999463,37.24,9119.74,,,,0,6371.9
1290,1336,41,10000,50.99899999999463,37.24,9119.74,,,,0,6383.3
1291,1337,6,1726,6.725000000000167,36.54,8954.26,,,,0,6385.2
1292,1338,41,10000,50.99899999999463,36.82,9019.04,,,,0,6396.7
1293,1339,41,10000,50.99899999999463,36.82,9019.04,,,,0,6408.3
1294,1340,41,10000,50.99899999999463,36.82,9019.04,,,,0,6419.9
1295,1341,41,10000,50.99899999999463,36.82,9019.04,,,,0,6431.5
1296,1342,41,10000,50.99899999999463,36.82,9019.04,,,,0,6442.9
1297,1343,41,10000,50.99899999999463,36.82,9019.04,,,,0,6454.1
1298,1344,41,10000,50.99899999999463,36.82,9019.04,,,,0,6465.5
1299,1345,41,10000,50.99899999999463,37.32,9135.98,,,,0,6477.0
1300,1346,41,10000,50.99899999999463,37.32,9135.98,,,,0,6488.7
1301,1347,41,10000,50.99899999999463,37.32,9135.98,,,,0,6500.6
1302,1348,41,10000,50.99899999999463,37.32,9135.98,,,,0,6512.8
1303,1349,41,10000,50.99899999999463,37.32,9135.98,,,,0,6525.0
1304,1350,41,10000,50.99899999999463,37.32,9135.98,,,,0,6536.6
1305,1351,41,10000,50.99899999999463,37.32,9135.98,,,,0,6547.7
1306,1352,41,10000,50.99899999999463,37.32,9135.98,,,,0,6559.4
1307,1353,2,754,1.752999999999953,36.54,8951.06,,,,0,6560.3
1308,1354,41,10000,50.99899999999463,37.3,9131.28,,,,0,6572.0
1309,1355,41,10000,50.99899999999463,37.3,9131.28,,,,0,6583.3
1310,1356,41,10000,50.99899999999463,37.58,9196.3,,,,0,6595.0
1311,1357,41,10000,50.99899999999463,37.58,9196.3,,,,0,6606.4
1312,1358,41,10000,50.99899999999463,37.58,9196.3,,,,0,6617.9
1313,1359,41,10000,50.99899999999463,37.58,9196.3,,,,0,6629.7
1314,1360,41,10000,50.99899999999463,37.58,9196.3,,,,0,6641.1
1315,1361,41,10000,50.99899999999463,37.58,9196.3,,,,0,6652.6
1316,1362,41,10000,50.99899999999463,38.38,9385.9,,,,0,6664.1
1317,1363,3,1043,3.0419999999999394,37.62,9206.76,,,,0,6665.3
1318,1364,41,10000,50.99899999999463,37.62,9206.76,,,,0,6676.8
1319,1365,41,10000,50.99899999999463,37.62,9206.76,,,,0,6688.5
1320,1366,41,10000,50.99899999999463,37.62,9206.76,,,,0,6700.3
1321,1367,41,10000,50.99899999999463,37.62,9206.76,,,,0,6711.8
1322,1368,41,10000,50.99899999999463,38.0,9295.2,,,,0,6723.1
1323,1369,41,10000,50.99899999999463,38.0,9295.2,,,,0,6734.5
1324,1370,41,10000,50.99899999999463,38.0,9295.2,,,,0,6745.5
1325,1371,41,10000,50.99899999999463,38.0,9295.2,,,,0,6757.1
1326,1372,41,10000,50.99899999999463,38.0,9295.2,,,,0,6768.7
1327,1373,41,10000,50.99899999999463,38.28,9360.22,,,,0,6780.2
1328,1374,41,10000,50.99899999999463,38.28,9360.22,,,,0,6791.8
1329,1375,41,10000,50.99899999999463,38.28,9360.22,,,,0,6803.3
1330,1376,41,10000,50.99899999999463,38.28,9360.22,,,,0,6814.9
1331,1377,41,10000,50.99899999999463,38.28,9360.22,,,,0,6826.7
1332,1378,3,1042,3.040999999999939,37.52,9181.06,,,,0,6827.9
1333,1379,41,10000,50.99899999999463,37.98,9289.28,,,,0,6839.4
1334,1380,41,10000,50.99899999999463,37.98,9289.28,,,,0,6850.9
1335,1381,41,10000,50.99899999999463,37.98,9289.28,,,,0,6862.7
1336,1382,41,10000,50.99899999999463,38.0,9291.3,,,,0,6874.3
1337,1383,18,4607,21.606000000001096,37.54,9183.44,,,,0,6879.8
1338,1384,41,10000,50.99899999999463,37.54,9183.44,,,,0,6891.3
1339,1385,41,10000,50.99899999999463,37.54,9183.44,,,,0,6903.9
1340,1386,41,10000,50.99899999999463,37.54,9183.44,,,,0,6915.1
1341,1387,41,10000,50.99899999999463,38.24,9348.92,,,,0,6926.5
1342,1388,41,10000,50.99899999999463,38.24,9348.92,,,,0,6937.9
1343,1389,41,10000,50.99899999999463,38.24,9348.92,,,,0,6949.4
1344,1390,41,10000,50.99899999999463,38.24,9348.92,,,,0,6960.8
1345,1391,41,10000,50.99899999999463,38.24,9348.92,,,,0,6972.6
1346,1392,41,10000,50.99899999999463,38.24,9348.92,,,,0,6984.3
1347,1393,41,10000,50.99899999999463,38.24,9348.92,,,,0,6995.6
1348,1394,41,10000,50.99899999999463,38.24,9348.92,,,,0,7006.9
1349,1395,41,10000,50.99899999999463,38.24,9348.92,,,,0,7018.4
1350,1396,41,10000,50.99899999999463,38.24,9348.92,,,,0,7030.1
1351,1397,41,10000,50.99899999999463,38.24,9348.92,,,,0,7041.8
1352,1398,18,4405,21.40400000000085,37.78,9237.02,,,,0,7047.1
1353,1399,27,6766,32.76500000000217,37.5,9172.34,,,,0,7055.2
1354,1400,41,10000,50.99899999999463,37.5,9172.34,,,,0,7066.8
1355,1401,41,10000,50.99899999999463,37.5,9172.34,,,,0,7078.2
1356,1402,41,10000,50.99899999999463,37.5,9172.34,,,,0,7089.5
1357,1403,41,10000,50.99899999999463,38.28,9357.26,,,,0,7101.2
1358,1404,41,10000,50.99899999999463,38.28,9357.26,,,,0,7112.7
1359,1405,41,10000,50.99899999999463,38.28,9357.26,,,,0,7124.2
1360,1406,41,10000,50.99899999999463,38.28,9357.26,,,,0,7135.6
1361,1407,41,10000,50.99899999999463,38.28,9357.26,,,,0,7147.3
1362,1408,41,10000,50.99899999999463,38.28,9357.26,,,,0,7158.7
1363,1409,33,8206,40.20499999999881,38.12,9321.38,,,,0,7168.0
1364,1410,41,10000,50.99899999999463,38.12,9321.38,,,,0,7179.4
1365,1411,41,10000,50.99899999999463,38.12,9321.38,,,,0,7190.9
1366,1412,27,6766,32.76500000000217,37.84,9256.7,,,,0,7199.0
1367,1413,41,10000,50.99899999999463,38.6,9435.84,,,,0,7210.3
1368,1414,41,10000,50.99899999999463,38.6,9435.84,,,,0,7222.0
1369,1415,13,3396,15.394999999999616,38.04,9303.76,,,,0,7226.1
1370,1416,41,10000,50.99899999999463,38.04,9303.76,,,,0,7237.7
1371,1417,41,10000,50.99899999999463,38.04,9303.76,,,,0,7249.0
1372,1418,41,10000,50.99899999999463,38.04,9303.76,,,,0,7260.4
1373,1419,41,10000,50.99899999999463,38.04,9303.76,,,,0,7272.0
1374,1420,41,10000,50.99899999999463,38.04,9303.76,,,,0,7283.4
1375,1421,41,10000,50.99899999999463,38.04,9303.76,,,,0,7294.9
1376,1422,41,10000,50.99899999999463,38.04,9303.76,,,,0,7306.4
1377,1423,41,10000,50.99899999999463,38.04,9303.76,,,,0,7318.0
1378,1424,29,7230,35.229000000001086,37.8,9248.36,,,,0,7326.5
1379,1425,16,4136,19.13500000000052,37.3,9131.08,,,,0,7331.2
1380,1426,41,10000,50.99899999999463,37.3,9131.08,,,,0,7342.7
1381,1427,31,7738,37.7369999999999,37.1,9085.84,,,,0,7351.9
1382,1428,41,10000,50.99899999999463,37.86,9265.0,,,,0,7363.2
1383,1429,41,10000,50.99899999999463,37.86,9265.0,,,,0,7374.6
1384,1430,41,10000,50.99899999999463,37.86,9265.0,,,,0,7386.1
1385,1431,41,10000,50.99899999999463,37.86,9265.0,,,,0,7397.7
1386,1432,41,10000,50.99899999999463,37.86,9265.0,,,,0,7409.2
1387,1433,41,10000,50.99899999999463,38.32,9372.86,,,,0,7420.6
1388,1434,41,10000,50.99899999999463,38.32,9372.86,,,,0,7431.8
1389,1435,41,10000,50.99899999999463,38.32,9372.86,,,,0,7442.8
1390,1436,41,10000,50.99899999999463,38.32,9372.86,,,,0,7454.5
1391,1437,41,10000,50.99899999999463,38.32,9372.86,,,,0,7466.0
1392,1438,41,10000,50.99899999999463,38.32,9372.86,,,,0,7477.5
1393,1439,26,6550,31.54900000000267,38.02,9303.86,,,,0,7485.2
1394,1440,41,10000,50.99899999999463,38.02,9303.86,,,,0,7496.8
1395,1441,41,10000,50.99899999999463,38.02,9303.86,,,,0,7508.4
1396,1442,41,10000,50.99899999999463,38.02,9303.86,,,,0,7520.0
1397,1443,38,9391,46.38999999999605,37.96,9291.68,,,,0,7531.0
1398,1444,23,5789,27.78800000000254,37.6,9207.46,,,,0,7537.7
1399,1445,41,10000,50.99899999999463,37.6,9207.46,,,,0,7549.6
1400,1446,8,2189,9.187999999999946,36.94,9051.24,,,,0,7552.2
1401,1447,41,10000,50.99899999999463,36.94,9051.24,,,,0,7564.0
1402,1448,41,10000,50.99899999999463,37.4,9163.14,,,,0,7575.9
1403,1449,41,10000,50.99899999999463,37.68,9227.82,,,,0,7587.4
1404,1450,41,10000,50.99899999999463,37.68,9227.82,,,,0,7599.0
1405,1451,41,10000,50.99899999999463,37.68,9227.82,,,,0,7610.4
1406,1452,41,10000,50.99899999999463,37.68,9227.82,,,,0,7621.7
1407,1453,41,10000,50.99899999999463,37.68,9227.82,,,,0,7633.2
1408,1454,41,10000,50.99899999999463,37.68,9227.82,,,,0,7645.0
1409,1455,41,10000,50.99899999999463,37.68,9227.82,,,,0,7656.9
1410,1456,41,10000,50.99899999999463,37.68,9227.82,,,,0,7668.4
1411,1457,41,10000,50.99899999999463,37.68,9227.82,,,,0,7679.7
1412,1458,41,10000,50.99899999999463,37.68,9227.82,,,,0,7691.4
1413,1459,41,10000,50.99899999999463,37.84,9263.7,,,,0,7702.8
1414,1460,41,10000,50.99899999999463,37.84,9263.7,,,,0,7714.3
1415,1461,41,10000,50.99899999999463,37.84,9263.7,,,,0,7725.9
1416,1462,41,10000,50.99899999999463,38.12,9328.38,,,,0,7737.2
1417,1463,41,10000,50.99899999999463,38.12,9328.38,,,,0,7748.7
1418,1464,41,10000,50.99899999999463,38.12,9328.38,,,,0,7760.6
1419,1465,41,10000,50.99899999999463,38.68,9460.46,,,,0,7772.8
1420,1466,41,10000,50.99899999999463,38.68,9460.46,,,,0,7784.6
1421,1467,41,10000,50.99899999999463,38.68,9460.46,,,,0,7795.8
1422,1468,36,8962,43.96099999999705,38.58,9439.7,,,,0,7806.1
1423,1469,41,10000,50.99899999999463,38.58,9439.7,,,,0,7818.1
1424,1470,41,10000,50.99899999999463,38.58,9439.7,,,,0,7829.5
1425,1471,41,10000,50.99899999999463,38.58,9439.7,,,,0,7841.0
1426,1472,16,4115,19.114000000000495,38.08,9322.0,,,,0,7845.8
1427,1473,41,10000,50.99899999999463,38.08,9322.0,,,,0,7857.5
1428,1474,41,10000,50.99899999999463,38.32,9377.4,,,,0,7869.0
1429,1475,41,10000,50.99899999999463,38.82,9494.68,,,,0,7880.8
1430,1476,41,10000,50.99899999999463,38.82,9494.68,,,,0,7891.9
1431,1477,41,10000,50.99899999999463,39.02,9539.92,,,,0,7903.6
1432,1478,41,10000,50.99899999999463,39.02,9539.92,,,,0,7915.3
1433,1479,14,3629,16.6279999999999,38.48,9412.5,,,,0,7919.5
1434,1480,41,10000,50.99899999999463,38.48,9412.5,,,,0,7931.2
1435,1481,41,10000,50.99899999999463,38.48,9412.5,,,,0,7942.9
1436,1482,41,10000,50.99899999999463,38.48,9412.5,,,,0,7954.3
1437,1483,17,4367,20.366000000000803,38.0,9299.84,,,,0,7959.2
1438,1484,41,10000,50.99899999999463,38.0,9299.84,,,,0,7970.7
1439,1485,41,10000,50.99899999999463,38.0,9299.84,,,,0,7981.8
1440,1486,41,10000,50.99899999999463,38.0,9299.84,,,,0,7993.4
1441,1487,41,10000,50.99899999999463,38.0,9299.84,,,,0,8004.8
1442,1488,41,10000,50.99899999999463,38.0,9299.84,,,,0,8016.5
1443,1489,41,10000,50.99899999999463,38.3,9368.84,,,,0,8028.2
1444,1490,41,10000,50.99899999999463,38.3,9368.84,,,,0,8039.8
1445,1491,7,1996,7.9950000000000525,37.62,9208.76,,,,0,8042.1
1446,1492,41,10000,50.99899999999463,37.62,9208.76,,,,0,8053.4
1447,1493,41,10000,50.99899999999463,37.68,9220.94,,,,0,8065.3
1448,1494,41,10000,50.99899999999463,38.04,9305.16,,,,0,8076.8
1449,1495,41,10000,50.99899999999463,38.04,9305.16,,,,0,8088.4
1450,1496,9,2445,10.443999999999804,38.06,9310.28,,,,0,8091.3
1451,1497,16,4115,19.114000000000495,37.56,9192.58,,,,0,8096.1
1452,1498,5,1493,5.492000000000089,36.84,9022.44,,,,0,8097.8
1453,1499,41,10000,50.99899999999463,36.84,9022.44,,,,0,8109.6
1454,1500,41,10000,50.99899999999463,36.84,9022.44,,,,0,8121.4
1455,1501,41,10000,50.99899999999463,36.84,9022.44,,,,0,8133.0
1456,1502,41,10000,50.99899999999463,36.84,9022.44,,,,0,8144.8
1457,1503,37,9177,45.17599999999655,36.76,9005.98,,,,0,8155.6
1458,1504,41,10000,50.99899999999463,36.76,9005.98,,,,0,8167.1
1459,1505,41,10000,50.99899999999463,36.76,9005.98,,,,0,8178.5
1460,1506,41,10000,50.99899999999463,36.76,9005.98,,,,0,8190.0
1461,1507,41,10000,50.99899999999463,36.76,9005.98,,,,0,8201.6
1462,1508,41,10000,50.99899999999463,36.76,9005.98,,,,0,8213.3
1463,1509,41,10000,50.99899999999463,36.76,9005.98,,,,0,8224.9
1464,1510,41,10000,50.99899999999463,36.76,9005.98,,,,0,8236.2
1465,1511,28,6999,33.998000000001625,36.5,8945.96,,,,0,8244.4
1466,1512,41,10000,50.99899999999463,36.5,8945.96,,,,0,8255.8
1467,1513,41,10000,50.99899999999463,36.5,8945.96,,,,0,8267.1
1468,1514,41,10000,50.99899999999463,36.5,8945.96,,,,0,8278.7
1469,1515,37,9153,45.151999999996605,36.42,8929.02,,,,0,8289.5
1470,1516,41,10000,50.99899999999463,36.42,8929.02,,,,0,8300.8
1471,1517,41,10000,50.99899999999463,36.42,8929.02,,,,0,8312.2
1472,1518,41,10000,50.99899999999463,36.52,8949.78,,,,0,8323.8
1473,1519,41,10000,50.99899999999463,36.52,8949.78,,,,0,8335.2
1474,1520,41,10000,50.99899999999463,36.52,8949.78,,,,0,8346.7
1475,1521,41,10000,50.99899999999463,36.52,8949.78,,,,0,8358.2
1476,1522,41,10000,50.99899999999463,37.02,9067.48,,,,0,8369.6
1477,1523,41,10000,50.99899999999463,37.02,9067.48,,,,0,8381.3
1478,1524,41,10000,50.99899999999463,37.02,9067.48,,,,0,8392.5
1479,1525,41,10000,50.99899999999463,37.02,9067.48,,,,0,8403.8
1480,1526,41,10000,50.99899999999463,37.02,9067.48,,,,0,8415.9
1481,1527,41,10000,50.99899999999463,37.02,9067.48,,,,0,8428.0
1482,1528,41,10000,50.99899999999463,37.02,9067.48,,,,0,8439.2
1483,1529,41,10000,50.99899999999463,37.56,9194.9,,,,0,8450.8
1484,1530,41,10000,50.99899999999463,37.56,9194.9,,,,0,8462.1
1485,1531,41,10000,50.99899999999463,37.56,9194.9,,,,0,8473.5
1486,1532,6,1726,6.725000000000167,36.86,9029.42,,,,0,8475.5
1487,1533,41,10000,50.99899999999463,37.34,9142.08,,,,0,8487.2
1488,1534,41,10000,50.99899999999463,37.34,9142.08,,,,0,8498.5
1489,1535,41,10000,50.99899999999463,37.34,9142.08,,,,0,8510.0
1490,1536,41,10000,50.99899999999463,37.34,9142.08,,,,0,8521.2
1491,1537,41,10000,50.99899999999463,37.34,9142.08,,,,0,8532.4
1492,1538,41,10000,50.99899999999463,37.34,9142.08,,,,0,8543.8
1493,1539,41,10000,50.99899999999463,37.34,9142.08,,,,0,8555.4
1494,1540,41,10000,50.99899999999463,37.34,9142.08,,,,0,8567.0
1495,1541,41,10000,50.99899999999463,38.02,9302.16,,,,0,8578.5
1496,1542,41,10000,50.99899999999463,38.02,9302.16,,,,0,8589.9
1497,1543,41,10000,50.99899999999463,38.02,9302.16,,,,0,8601.4
1498,1544,41,10000,50.99899999999463,38.02,9302.16,,,,0,8612.6
1499,1545,41,10000,50.99899999999463,38.02,9302.16,,,,0,8623.7
1500,1546,41,10000,50.99899999999463,38.66,9453.26,0.95,307.55,0.5,0,8647.5
1501,1547,13,3401,15.399999999999622,38.6,9438.98,,,,0,8651.4
1502,1548,41,10000,50.99899999999463,39.32,9609.12,,,,0,8662.5
1503,1549,3,1024,3.022999999999933,38.56,9429.6,,,,0,8663.7
1504,1550,41,10000,50.99899999999463,38.56,9429.6,,,,0,8674.9
1505,1551,9,2443,10.441999999999805,37.92,9278.46,,,,0,8677.7
1506,1552,41,10000,50.99899999999463,37.92,9278.46,,,,0,8689.1
1507,1553,24,6029,29.028000000002834,37.66,9215.5,,,,0,8695.9
1508,1554,41,10000,50.99899999999463,37.66,9215.5,,,,0,8707.0
1509,1555,41,10000,50.99899999999463,37.66,9215.5,,,,0,8718.4
1510,1556,41,10000,50.99899999999463,37.66,9215.5,,,,0,8729.8
1511,1557,41,10000,50.99899999999463,37.66,9215.5,,,,0,8740.8
1512,1558,41,10000,50.99899999999463,37.66,9215.5,,,,0,8752.3
1513,1559,41,10000,50.99899999999463,37.66,9215.5,,,,0,8763.6
1514,1560,41,10000,50.99899999999463,37.66,9215.5,,,,0,8775.2
1515,1561,41,10000,50.99899999999463,37.92,9275.52,,,,0,8786.4
1516,1562,41,10000,50.99899999999463,37.92,9275.52,,,,0,8797.6
1517,1563,41,10000,50.99899999999463,37.92,9275.52,,,,0,8809.1
1518,1564,41,10000,50.99899999999463,37.92,9275.52,,,,0,8820.6
1519,1565,41,10000,50.99899999999463,38.0,9292.46,,,,0,8831.8
1520,1566,41,10000,50.99899999999463,38.0,9292.46,,,,0,8843.1
1521,1567,41,10000,50.99899999999463,38.0,9292.46,,,,0,8854.3
1522,1568,41,10000,50.99899999999463,38.0,9292.46,,,,0,8865.7
1523,1569,41,10000,50.99899999999463,38.0,9292.46,,,,0,8876.5
1524,1570,41,10000,50.99899999999463,38.0,9292.46,,,,0,8888.1
1525,1571,41,10000,50.99899999999463,38.0,9292.46,,,,0,8899.4
1526,1572,41,10000,50.99899999999463,38.0,9292.46,,,,0,8910.9
1527,1573,41,10000,50.99899999999463,38.0,9292.46,,,,0,8922.2
1528,1574,41,10000,50.99899999999463,38.0,9292.46,,,,0,8933.5
1529,1575,1,556,0.5549999999999748,37.2,9103.58,,,,0,8934.2
1530,1576,41,10000,50.99899999999463,37.2,9103.58,,,,0,8945.4
1531,1577,41,10000,50.99899999999463,37.2,9103.58,,,,0,8957.1
1532,1578,41,10000,50.99899999999463,37.2,9103.58,,,,0,8968.4
1533,1579,41,10000,50.99899999999463,37.2,9103.58,,,,0,8979.8
1534,1580,41,10000,50.99899999999463,37.2,9103.58,,,,0,8991.0
1535,1581,41,10000,50.99899999999463,37.2,9103.58,,,,0,9001.9
1536,1582,41,10000,50.99899999999463,37.9,9269.06,,,,0,9013.2
1537,1583,41,10000,50.99899999999463,37.9,9269.06,,,,0,9024.6
1538,1584,41,10000,50.99899999999463,37.9,9269.06,,,,0,9035.8
1539,1585,41,10000,50.99899999999463,37.9,9269.06,,,,0,9046.8
1540,1586,41,10000,50.99899999999463,37.9,9269.06,,,,0,9058.0
1541,1587,41,10000,50.99899999999463,37.9,9269.06,,,,0,9068.9
1542,1588,41,10000,50.99899999999463,37.9,9269.06,,,,0,9079.6
1543,1589,41,10000,50.99899999999463,37.9,9269.06,,,,0,9090.8
1544,1590,41,10000,50.99899999999463,37.9,9269.06,,,,0,9102.0
1545,1591,41,10000,50.99899999999463,37.9,9269.06,,,,0,9113.3
1546,1592,41,10000,50.99899999999463,37.9,9269.06,,,,0,9124.1
1547,1593,41,10000,50.99899999999463,37.9,9269.06,,,,0,9134.8
1548,1594,41,10000,50.99899999999463,37.9,9269.06,,,,0,9146.0
1549,1595,41,10000,50.99899999999463,37.9,9269.06,,,,0,9157.3
1550,1596,23,5794,27.793000000002547,37.54,9184.94,,,,0,9164.0
1551,1597,41,10000,50.99899999999463,38.1,9316.92,,,,0,9175.4
1552,1598,41,10000,50.99899999999463,38.1,9316.92,,,,0,9186.5
1553,1599,29,7253,35.25200000000103,38.62,9441.5,,,,0,9194.5
1554,1600,41,10000,50.99899999999463,38.62,9441.5,,,,0,9205.2
1555,1601,41,10000,50.99899999999463,39.26,9592.64,,,,0,9216.5
1556,1602,41,10000,50.99899999999463,39.26,9592.64,,,,0,9228.3
1557,1603,41,10000,50.99899999999463,39.6,9672.06,,,,0,9239.8
1558,1604,22,5578,26.577000000002283,39.22,9583.62,,,,0,9245.9
1559,1605,41,10000,50.99899999999463,39.22,9583.62,,,,0,9257.0
1560,1606,41,10000,50.99899999999463,39.22,9583.62,,,,0,9267.7
1561,1607,41,10000,50.99899999999463,39.22,9583.62,,,,0,9279.0
1562,1608,41,10000,50.99899999999463,39.22,9583.62,,,,0,9290.0
1563,1609,24,6042,29.04100000000285,38.88,9504.46,,,,0,9296.7
1564,1610,41,10000,50.99899999999463,38.88,9504.46,,,,0,9307.7
1565,1611,4,1240,4.239000000000004,38.14,9329.26,,,,0,9309.2
1566,1612,41,10000,50.99899999999463,38.14,9329.26,,,,0,9320.4
1567,1613,41,10000,50.99899999999463,38.14,9329.26,,,,0,9331.1
1568,1614,41,10000,50.99899999999463,38.14,9329.26,,,,0,9342.1
1569,1615,41,10000,50.99899999999463,38.14,9329.26,,,,0,9353.5
1570,1616,41,10000,50.99899999999463,38.14,9329.26,,,,0,9364.5
1571,1617,41,10000,50.99899999999463,38.14,9329.26,,,,0,9375.2
1572,1618,41,10000,50.99899999999463,38.14,9329.26,,,,0,9386.1
1573,1619,41,10000,50.99899999999463,38.14,9329.26,,,,0,9397.4
1574,1620,41,10000,50.99899999999463,38.14,9329.26,,,,0,9408.3
1575,1621,41,10000,50.99899999999463,38.14,9329.26,,,,0,9419.3
1576,1622,41,10000,50.99899999999463,38.14,9329.26,,,,0,9430.1
1577,1623,41,10000,50.99899999999463,38.14,9329.26,,,,0,9440.9
1578,1624,41,10000,50.99899999999463,38.14,9329.26,,,,0,9451.7
1579,1625,41,10000,50.99899999999463,38.94,9518.14,,,,0,9462.3
1580,1626,41,10000,50.99899999999463,38.94,9518.14,,,,0,9473.3
1581,1627,41,10000,50.99899999999463,38.94,9518.14,,,,0,9484.4
1582,1628,41,10000,50.99899999999463,38.94,9518.14,,,,0,9495.3
1583,1629,41,10000,50.99899999999463,38.94,9518.14,,,,0,9506.1
1584,1630,41,10000,50.99899999999463,38.94,9518.14,,,,0,9517.0
1585,1631,41,10000,50.99899999999463,38.94,9518.14,,,,0,9527.9
1586,1632,41,10000,50.99899999999463,38.94,9518.14,,,,0,9538.7
1587,1633,9,2464,10.462999999999793,38.3,9367.42,,,,0,9541.6
1588,1634,11,2913,12.911999999999544,37.7,9225.68,,,,0,9544.9
1589,1635,41,10000,50.99899999999463,37.7,9225.68,,,,0,9556.3
1590,1636,41,10000,50.99899999999463,37.7,9225.68,,,,0,9567.4
1591,1637,41,10000,50.99899999999463,37.7,9225.68,,,,0,9579.0
1592,1638,41,10000,50.99899999999463,37.7,9225.68,,,,0,9590.5
1593,1639,41,10000,50.99899999999463,37.7,9225.68,,,,0,9601.8
1594,1640,41,10000,50.99899999999463,37.7,9225.68,,,,0,9613.0
1595,1641,41,10000,50.99899999999463,37.7,9225.68,,,,0,9624.6
1596,1642,41,10000,50.99899999999463,37.7,9225.68,,,,0,9636.0
1597,1643,41,10000,50.99899999999463,37.7,9225.68,,,,0,9647.8
1598,1644,41,10000,50.99899999999463,37.7,9225.68,,,,0,9658.9
1599,1645,41,10000,50.99899999999463,37.7,9225.68,,,,0,9670.3
1600,1646,41,10000,50.99899999999463,38.06,9309.8,,,,0,9681.3
1601,1647,41,10000,50.99899999999463,38.06,9309.8,,,,0,9692.2
1602,1648,41,10000,50.99899999999463,38.06,9309.8,,,,0,9704.2
1603,1649,3,998,2.996999999999926,37.54,9184.7,,,,0,9705.3
1604,1650,41,10000,50.99899999999463,37.54,9184.7,,,,0,9716.6
1605,1651,41,10000,50.99899999999463,37.54,9184.7,,,,0,9727.6
1606,1652,41,10000,50.99899999999463,37.54,9184.7,,,,0,9739.3
1607,1653,41,10000,50.99899999999463,37.54,9184.7,,,,0,9750.7
1608,1654,41,10000,50.99899999999463,37.92,9273.14,,,,0,9762.2
1609,1655,41,10000,50.99899999999463,37.92,9273.14,,,,0,9773.7
1610,1656,41,10000,50.99899999999463,37.92,9273.14,,,,0,9784.7
1611,1657,41,10000,50.99899999999463,37.92,9273.14,,,,0,9795.7
1612,1658,41,10000,50.99899999999463,37.92,9273.14,,,,0,9806.7
1613,1659,41,10000,50.99899999999463,38.26,9352.3,,,,0,9817.3
1614,1660,41,10000,50.99899999999463,38.26,9352.3,,,,0,9828.5
1615,1661,41,10000,50.99899999999463,39.0,9527.5,,,,0,9839.5
1616,1662,41,10000,50.99899999999463,39.0,9527.5,,,,0,9850.6
1617,1663,28,7036,34.03500000000154,38.74,9468.22,,,,0,9858.2
1618,1664,41,10000,50.99899999999463,38.74,9468.22,,,,0,9869.5
1619,1665,36,8729,43.72799999999759,38.64,9442.8,,,,0,9879.4
1620,1666,41,10000,50.99899999999463,38.64,9442.8,,,,0,9890.6
1621,1667,41,10000,50.99899999999463,38.64,9442.8,,,,0,9902.0
1622,1668,38,9430,46.42899999999596,38.58,9431.4,,,,0,9913.2
1623,1669,20,5092,24.09100000000169,38.16,9333.24,,,,0,9919.1
1624,1670,41,10000,50.99899999999463,38.16,9333.24,,,,0,9930.6
1625,1671,41,10000,50.99899999999463,38.16,9333.24,,,,0,9942.2
1626,1672,41,10000,50.99899999999463,38.16,9333.24,,,,0,9953.6
1627,1673,41,10000,50.99899999999463,38.16,9333.24,,,,0,9964.5
1628,1674,41,10000,50.99899999999463,38.16,9333.24,,,,0,9975.4
1629,1675,41,10000,50.99899999999463,38.16,9333.24,,,,0,9986.4
1630,1676,41,10000,50.99899999999463,38.16,9333.24,,,,0,9997.2
1631,1677,41,10000,50.99899999999463,38.16,9333.24,,,,0,10008.2
1632,1678,41,10000,50.99899999999463,38.16,9333.24,,,,0,10019.2
1633,1679,36,8728,43.726999999997595,38.06,9307.8,,,,0,10029.2
1634,1680,41,10000,50.99899999999463,38.06,9307.8,,,,0,10040.7
1635,1681,41,10000,50.99899999999463,38.06,9307.8,,,,0,10052.2
1636,1682,41,10000,50.99899999999463,38.06,9307.8,,,,0,10063.2
1637,1683,41,10000,50.99899999999463,38.7,9458.52,,,,0,10074.5
1638,1684,41,10000,50.99899999999463,39.3,9600.26,,,,0,10086.5
1639,1685,41,10000,50.99899999999463,39.3,9600.26,,,,0,10097.2
1640,1686,41,10000,50.99899999999463,39.3,9600.26,,,,0,10108.5
1641,1687,41,10000,50.99899999999463,39.3,9600.26,,,,0,10119.8
1642,1688,26,6529,31.52800000000272,39.0,9530.84,,,,0,10127.1
1643,1689,41,10000,50.99899999999463,39.0,9530.84,,,,0,10138.3
1644,1690,41,10000,50.99899999999463,39.0,9530.84,,,,0,10149.4
1645,1691,41,10000,50.99899999999463,39.0,9530.84,,,,0,10160.6
1646,1692,6,1709,6.708000000000161,38.3,9365.02,,,,0,10162.6
1647,1693,41,10000,50.99899999999463,38.3,9365.02,,,,0,10174.5
1648,1694,41,10000,50.99899999999463,38.3,9365.02,,,,0,10186.8
1649,1695,41,10000,50.99899999999463,38.3,9365.02,,,,0,10197.8
1650,1696,41,10000,50.99899999999463,38.3,9365.02,,,,0,10209.1
1651,1697,41,10000,50.99899999999463,38.3,9365.02,,,,0,10220.2
1652,1698,41,10000,50.99899999999463,38.3,9365.02,,,,0,10231.5
1653,1699,41,10000,50.99899999999463,39.06,9545.06,,,,0,10242.6
1654,1700,41,10000,50.99899999999463,39.06,9545.06,,,,0,10254.1
1655,1701,41,10000,50.99899999999463,39.06,9545.06,,,,0,10265.9
1656,1702,41,10000,50.99899999999463,39.06,9545.06,,,,0,10276.5
1657,1703,12,3184,14.182999999999394,38.48,9408.74,,,,0,10280.1
1658,1704,41,10000,50.99899999999463,38.48,9408.74,,,,0,10291.4
1659,1705,41,10000,50.99899999999463,38.48,9408.74,,,,0,10301.4
1660,1706,41,10000,50.99899999999463,38.48,9408.74,,,,0,10312.9
1661,1707,14,3634,16.632999999999907,37.94,9281.42,,,,0,10317.1
1662,1708,41,10000,50.99899999999463,37.94,9281.42,,,,0,10328.5
1663,1709,41,10000,50.99899999999463,37.94,9281.42,,,,0,10339.2
1664,1710,41,10000,50.99899999999463,37.94,9281.42,,,,0,10349.8
1665,1711,41,10000,50.99899999999463,37.94,9281.42,,,,0,10360.5
1666,1712,23,5812,27.81100000000257,37.58,9197.66,,,,0,10367.2
1667,1713,9,2483,10.481999999999783,37.2,9106.6,,,,0,10370.1
1668,1714,41,10000,50.99899999999463,37.2,9106.6,,,,0,10381.2
1669,1715,41,10000,50.99899999999463,37.3,9132.02,,,,0,10392.0
1670,1716,41,10000,50.99899999999463,37.3,9132.02,,,,0,10403.3
1671,1717,41,10000,50.99899999999463,37.3,9132.02,,,,0,10414.1
1672,1718,41,10000,50.99899999999463,37.36,9143.42,,,,0,10425.4
1673,1719,41,10000,50.99899999999463,37.78,9241.58,,,,0,10437.0
1674,1720,41,10000,50.99899999999463,37.78,9241.58,,,,0,10447.9
1675,1721,41,10000,50.99899999999463,37.78,9241.58,,,,0,10458.8
1676,1722,41,10000,50.99899999999463,37.78,9241.58,,,,0,10470.7
1677,1723,41,10000,50.99899999999463,37.78,9241.58,,,,0,10482.3
1678,1724,41,10000,50.99899999999463,37.78,9241.58,,,,0,10493.4
1679,1725,41,10000,50.99899999999463,37.78,9241.58,,,,0,10504.9
1680,1726,41,10000,50.99899999999463,37.78,9241.58,,,,0,10515.2
1681,1727,41,10000,50.99899999999463,37.78,9241.58,,,,0,10526.2
1682,1728,7,1978,7.9770000000000625,37.1,9081.14,,,,0,10528.5
1683,1729,41,10000,50.99899999999463,37.2,9106.58,,,,0,10539.8
1684,1730,41,10000,50.99899999999463,37.2,9106.58,,,,0,10550.9
1685,1731,41,10000,50.99899999999463,37.2,9106.58,,,,0,10562.3
1686,1732,41,10000,50.99899999999463,37.2,9106.58,,,,0,10573.4
1687,1733,41,10000,50.99899999999463,37.2,9106.58,,,,0,10584.4
1688,1734,22,5549,26.548000000002247,36.82,9017.56,,,,0,10590.7
1689,1735,41,10000,50.99899999999463,36.82,9017.56,,,,0,10601.7
1690,1736,41,10000,50.99899999999463,36.82,9017.56,,,,0,10612.6
1691,1737,41,10000,50.99899999999463,36.82,9017.56,,,,0,10623.7
1692,1738,41,10000,50.99899999999463,37.12,9086.98,,,,0,10635.1
1693,1739,41,10000,50.99899999999463,37.12,9086.98,,,,0,10646.1
1694,1740,41,10000,50.99899999999463,37.12,9086.98,,,,0,10656.8
1695,1741,41,10000,50.99899999999463,37.12,9086.98,,,,0,10667.4
1696,1742,41,10000,50.99899999999463,37.82,9252.8,,,,0,10677.8
1697,1743,41,10000,50.99899999999463,37.82,9252.8,,,,0,10688.7
1698,1744,41,10000,50.99899999999463,37.82,9252.8,,,,0,10699.7
1699,1745,41,10000,50.99899999999463,37.82,9252.8,,,,0,10710.1
1700,1746,41,10000,50.99899999999463,37.82,9252.8,,,,0,10721.0
1701,1747,41,10000,50.99899999999463,37.82,9252.8,,,,0,10731.7
1702,1748,25,6317,30.316000000003186,37.5,9179.14,,,,0,10738.8
1703,1749,41,10000,50.99899999999463,37.5,9179.14,,,,0,10750.1
1704,1750,41,10000,50.99899999999463,37.5,9179.14,,,,0,10761.8
1705,1751,41,10000,50.99899999999463,37.5,9179.14,,,,0,10773.0
1706,1752,41,10000,50.99899999999463,37.5,9179.14,,,,0,10784.1
1707,1753,41,10000,50.99899999999463,38.08,9315.46,,,,0,10795.4
1708,1754,41,10000,50.99899999999463,38.08,9315.46,,,,0,10806.5
1709,1755,0,269,-0.7319999999999998,37.26,9120.84,,,,0,10806.8
1710,1756,41,10000,50.99899999999463,37.26,9120.84,,,,0,10818.7
1711,1757,41,10000,50.99899999999463,37.8,9248.16,,,,0,10830.2
1712,1758,41,10000,50.99899999999463,37.8,9248.16,,,,0,10841.8
1713,1759,41,10000,50.99899999999463,37.8,9248.16,,,,0,10852.9
1714,1760,36,8944,43.94299999999709,37.7,9227.04,,,,0,10863.5
1715,1761,41,10000,50.99899999999463,37.7,9227.04,,,,0,10874.9
1716,1762,41,10000,50.99899999999463,38.06,9310.8,,,,0,10886.1
1717,1763,17,4391,20.390000000000832,38.22,9348.96,,,,0,10890.9
1718,1764,41,10000,50.99899999999463,38.22,9348.96,,,,0,10902.1
1719,1765,41,10000,50.99899999999463,38.22,9348.96,,,,0,10913.1
1720,1766,41,10000,50.99899999999463,38.22,9348.96,,,,0,10924.1
1721,1767,41,10000,50.99899999999463,38.22,9348.96,,,,0,10935.4
1722,1768,41,10000,50.99899999999463,38.22,9348.96,,,,0,10946.7
1723,1769,35,8672,42.670999999997726,38.1,9322.4,,,,0,10956.6
1724,1770,41,10000,50.99899999999463,38.1,9322.4,,,,0,10967.7
1725,1771,41,10000,50.99899999999463,38.1,9322.4,,,,0,10978.3
1726,1772,41,10000,50.99899999999463,38.1,9322.4,,,,0,10989.2
1727,1773,41,10000,50.99899999999463,38.1,9322.4,,,,0,11000.6
1728,1774,41,10000,50.99899999999463,38.1,9322.4,,,,0,11012.1
1729,1775,41,10000,50.99899999999463,38.1,9322.4,,,,0,11023.6
1730,1776,41,10000,50.99899999999463,38.1,9322.4,,,,0,11034.8
1731,1777,41,10000,50.99899999999463,38.1,9322.4,,,,0,11045.2
1732,1778,41,10000,50.99899999999463,38.78,9482.84,,,,0,11055.9
1733,1779,41,10000,50.99899999999463,38.78,9482.84,,,,0,11066.8
1734,1780,41,10000,50.99899999999463,38.78,9482.84,,,,0,11077.6
1735,1781,41,10000,50.99899999999463,38.78,9482.84,,,,0,11089.0
1736,1782,6,1721,6.720000000000165,38.08,9317.26,,,,0,11091.1
1737,1783,41,10000,50.99899999999463,38.08,9317.26,,,,0,11102.3
1738,1784,41,10000,50.99899999999463,38.46,9406.28,,,,0,11113.5
1739,1785,41,10000,50.99899999999463,38.46,9406.28,,,,0,11124.5
1740,1786,41,10000,50.99899999999463,38.46,9406.28,,,,0,11135.6
1741,1787,41,10000,50.99899999999463,38.46,9406.28,,,,0,11146.9
1742,1788,41,10000,50.99899999999463,38.46,9406.28,,,,0,11158.0
1743,1789,41,10000,50.99899999999463,38.46,9406.28,,,,0,11168.8
1744,1790,41,10000,50.99899999999463,38.46,9406.28,,,,0,11179.3
1745,1791,41,10000,50.99899999999463,38.46,9406.28,,,,0,11190.3
1746,1792,6,1762,6.761000000000179,37.76,9241.52,,,,0,11192.3
1747,1793,41,10000,50.99899999999463,37.76,9241.52,,,,0,11203.8
1748,1794,41,10000,50.99899999999463,37.76,9241.52,,,,0,11215.3
1749,1795,41,10000,50.99899999999463,37.76,9241.52,,,,0,11226.9
1750,1796,41,10000,50.99899999999463,37.76,9241.52,,,,0,11238.2
1751,1797,41,10000,50.99899999999463,37.76,9241.52,,,,0,11249.3
1752,1798,41,10000,50.99899999999463,38.08,9315.18,,,,0,11260.4
1753,1799,41,10000,50.99899999999463,38.08,9315.18,,,,0,11271.5
1754,1800,41,10000,50.99899999999463,38.08,9315.18,,,,0,11282.4
1755,1801,41,10000,50.99899999999463,38.08,9315.18,,,,0,11294.0
1756,1802,4,1276,4.275000000000016,37.34,9140.7,,,,0,11295.5
1757,1803,41,10000,50.99899999999463,37.34,9140.7,,,,0,11306.7
1758,1804,39,9664,47.662999999995414,37.3,9133.98,,,,0,11317.8
1759,1805,41,10000,50.99899999999463,38.12,9328.6,,,,0,11329.2
1760,1806,41,10000,50.99899999999463,38.12,9328.6,,,,0,11340.2
1761,1807,41,10000,50.99899999999463,38.12,9328.6,,,,0,11351.7
1762,1808,41,10000,50.99899999999463,38.12,9328.6,,,,0,11362.6
1763,1809,27,6569,32.56800000000263,37.84,9259.98,,,,0,11370.0
1764,1810,41,10000,50.99899999999463,37.94,9281.1,,,,0,11380.8
1765,1811,41,10000,50.99899999999463,37.94,9281.1,,,,0,11391.8
1766,1812,41,10000,50.99899999999463,37.94,9281.1,,,,0,11402.6
1767,1813,41,10000,50.99899999999463,38.42,9393.28,,,,0,11414.0
1768,1814,41,10000,50.99899999999463,38.42,9393.28,,,,0,11425.9
1769,1815,41,10000,50.99899999999463,38.42,9393.28,,,,0,11437.2
1770,1816,41,10000,50.99899999999463,38.42,9393.28,,,,0,11448.2
1771,1817,41,10000,50.99899999999463,38.42,9393.28,,,,0,11459.3
1772,1818,41,10000,50.99899999999463,38.42,9393.28,,,,0,11470.2
1773,1819,0,269,-0.7319999999999998,37.72,9225.22,,,,0,11470.5
1774,1820,41,10000,50.99899999999463,37.72,9225.22,,,,0,11482.0
1775,1821,41,10000,50.99899999999463,37.72,9225.22,,,,0,11493.7
1776,1822,41,10000,50.99899999999463,37.72,9225.22,,,,0,11505.4
1777,1823,41,10000,50.99899999999463,37.72,9225.22,,,,0,11516.3
1778,1824,41,10000,50.99899999999463,37.72,9225.22,,,,0,11526.8
1779,1825,41,10000,50.99899999999463,37.72,9225.22,,,,0,11537.7
1780,1826,41,10000,50.99899999999463,37.72,9225.22,,,,0,11549.1
1781,1827,41,10000,50.99899999999463,37.72,9225.22,,,,0,11560.5
1782,1828,41,10000,50.99899999999463,37.72,9225.22,,,,0,11571.8
1783,1829,41,10000,50.99899999999463,37.72,9225.22,,,,0,11583.3
1784,1830,15,3905,17.904000000000238,37.2,9103.32,,,,0,11587.7
1785,1831,41,10000,50.99899999999463,37.2,9103.32,,,,0,11599.0
1786,1832,41,10000,50.99899999999463,37.9,9268.9,,,,0,11610.6
1787,1833,41,10000,50.99899999999463,37.9,9268.9,,,,0,11621.4
1788,1834,41,10000,50.99899999999463,37.9,9268.9,,,,0,11632.7
1789,1835,41,10000,50.99899999999463,37.9,9268.9,,,,0,11643.7
1790,1836,41,10000,50.99899999999463,37.9,9268.9,,,,0,11654.9
1791,1837,41,10000,50.99899999999463,37.9,9268.9,,,,0,11666.6
1792,1838,41,10000,50.99899999999463,37.9,9268.9,,,,0,11678.1
1793,1839,41,10000,50.99899999999463,37.9,9268.9,,,,0,11689.3
1794,1840,41,10000,50.99899999999463,37.9,9268.9,,,,0,11700.8
1795,1841,17,4390,20.38900000000083,37.42,9156.7,,,,0,11705.8
1796,1842,41,10000,50.99899999999463,38.12,9321.46,,,,0,11717.3
1797,1843,24,6029,29.028000000002834,37.78,9242.04,,,,0,11724.5
1798,1844,41,10000,50.99899999999463,37.78,9242.04,,,,0,11735.8
1799,1845,41,10000,50.99899999999463,37.78,9242.04,,,,0,11747.1
1800,1846,41,10000,50.99899999999463,37.78,9242.04,,,,0,11758.3
1801,1847,41,10000,50.99899999999463,37.78,9242.04,,,,0,11769.6
1802,1848,18,4408,21.407000000000853,37.32,9130.2,,,,0,11774.8
1803,1849,41,10000,50.99899999999463,37.32,9130.2,,,,0,11786.0
1804,1850,41,10000,50.99899999999463,37.32,9130.2,,,,0,11797.3
1805,1851,41,10000,50.99899999999463,37.32,9130.2,,,,0,11808.9
1806,1852,41,10000,50.99899999999463,38.06,9304.68,,,,0,11820.9
1807,1853,41,10000,50.99899999999463,38.06,9304.68,,,,0,11832.6
1808,1854,41,10000,50.99899999999463,38.1,9311.4,,,,0,11844.0
1809,1855,22,5549,26.548000000002247,37.72,9222.38,,,,0,11850.3
1810,1856,41,10000,50.99899999999463,37.72,9222.38,,,,0,11861.8
1811,1857,41,10000,50.99899999999463,37.72,9222.38,,,,0,11873.3
1812,1858,41,10000,50.99899999999463,37.72,9222.38,,,,0,11884.4
1813,1859,41,10000,50.99899999999463,38.0,9291.0,,,,0,11895.8
1814,1860,41,10000,50.99899999999463,38.0,9291.0,,,,0,11907.4
1815,1861,41,10000,50.99899999999463,38.0,9291.0,,,,0,11918.8
1816,1862,41,10000,50.99899999999463,38.0,9291.0,,,,0,11930.2
1817,1863,13,3400,15.39899999999962,37.44,9159.0,,,,0,11934.2
1818,1864,41,10000,50.99899999999463,37.44,9159.0,,,,0,11945.8
1819,1865,41,10000,50.99899999999463,37.44,9159.0,,,,0,11957.2
1820,1866,5,1492,5.4910000000000885,36.72,8988.84,,,,0,11959.0
1821,1867,41,10000,50.99899999999463,36.72,8988.84,,,,0,11970.4
1822,1868,41,10000,50.99899999999463,36.72,8988.84,,,,0,11981.7
1823,1869,41,10000,50.99899999999463,37.54,9183.46,,,,0,11992.9
1824,1870,29,7270,35.26900000000099,37.3,9128.86,,,,0,12000.6
1825,1871,30,7469,36.46800000000053,37.08,9078.24,,,,0,12009.1
1826,1872,41,10000,50.99899999999463,37.08,9078.24,,,,0,12021.0
1827,1873,41,10000,50.99899999999463,37.08,9078.24,,,,0,12032.9
1828,1874,41,10000,50.99899999999463,37.08,9078.24,,,,0,12044.3
1829,1875,41,10000,50.99899999999463,37.08,9078.24,,,,0,12055.6
1830,1876,41,10000,50.99899999999463,37.08,9078.24,,,,0,12066.7
1831,1877,39,9646,47.644999999995456,37.04,9071.16,,,,0,12077.5
1832,1878,39,9449,47.447999999995915,37.0,9060.14,,,,0,12089.0
1833,1879,41,10000,50.99899999999463,37.0,9060.14,,,,0,12099.8
1834,1880,17,4349,20.34800000000078,37.04,9069.02,,,,0,12104.9
1835,1881,41,10000,50.99899999999463,37.04,9069.02,,,,0,12116.1
1836,1882,41,10000,50.99899999999463,37.04,9069.02,,,,0,12127.4
1837,1883,41,10000,50.99899999999463,37.04,9069.02,,,,0,12138.7
1838,1884,41,10000,50.99899999999463,37.04,9069.02,,,,0,12150.1
1839,1885,41,10000,50.99899999999463,37.04,9069.02,,,,0,12161.2
1840,1886,41,10000,50.99899999999463,37.04,9069.02,,,,0,12172.3
1841,1887,41,10000,50.99899999999463,37.04,9069.02,,,,0,12183.3
1842,1888,41,10000,50.99899999999463,37.04,9069.02,,,,0,12194.7
1843,1889,41,10000,50.99899999999463,37.04,9069.02,,,,0,12205.9
1844,1890,41,10000,50.99899999999463,37.04,9069.02,,,,0,12217.0
1845,1891,41,10000,50.99899999999463,37.52,9181.22,,,,0,12228.2
1846,1892,41,10000,50.99899999999463,37.52,9181.22,,,,0,12239.5
1847,1893,41,10000,50.99899999999463,37.86,9260.64,,,,0,12250.7
1848,1894,41,10000,50.99899999999463,37.86,9260.64,,,,0,12262.1
1849,1895,41,10000,50.99899999999463,37.86,9260.64,,,,0,12273.4
1850,1896,41,10000,50.99899999999463,37.86,9260.64,,,,0,12284.8
1851,1897,34,8477,41.47599999999818,37.72,9230.18,,,,0,12294.2
1852,1898,41,10000,50.99899999999463,38.18,9342.02,,,,0,12305.6
1853,1899,20,4889,23.88800000000144,37.76,9239.8,,,,0,12311.3
1854,1900,41,10000,50.99899999999463,37.76,9239.8,,,,0,12322.8
1855,1901,41,10000,50.99899999999463,37.76,9239.8,,,,0,12334.3
1856,1902,41,10000,50.99899999999463,37.76,9239.8,,,,0,12345.5
1857,1903,21,5363,25.36200000000202,37.36,9147.06,,,,0,12351.7
1858,1904,41,10000,50.99899999999463,37.36,9147.06,,,,0,12362.7
1859,1905,2,772,1.770999999999951,36.96,9051.52,,,,0,12363.4
1860,1906,41,10000,50.99899999999463,36.96,9051.52,,,,0,12374.8
1861,1907,41,10000,50.99899999999463,36.96,9051.52,,,,0,12386.2
1862,1908,41,10000,50.99899999999463,36.96,9051.52,,,,0,12397.4
1863,1909,31,7720,37.718999999999944,36.76,9005.92,,,,0,12406.6
1864,1910,41,10000,50.99899999999463,36.76,9005.92,,,,0,12417.9
1865,1911,0,287,-0.7139999999999997,35.94,8811.66,,,,0,12418.2
1866,1912,41,10000,50.99899999999463,35.94,8811.66,,,,0,12429.2
1867,1913,41,10000,50.99899999999463,36.5,8943.66,,,,0,12440.2
1868,1914,41,10000,50.99899999999463,36.5,8943.66,,,,0,12451.8
1869,1915,41,10000,50.99899999999463,36.5,8943.66,,,,0,12463.7
1870,1916,41,10000,50.99899999999463,37.22,9113.82,,,,0,12476.4
1871,1917,41,10000,50.99899999999463,37.22,9113.82,,,,0,12487.7
1872,1918,41,10000,50.99899999999463,37.22,9113.82,,,,0,12498.9
1873,1919,41,10000,50.99899999999463,37.22,9113.82,,,,0,12510.2
1874,1920,41,10000,50.99899999999463,37.46,9168.42,,,,0,12521.4
1875,1921,41,10000,50.99899999999463,37.68,9219.04,,,,0,12532.5
1876,1922,41,10000,50.99899999999463,37.68,9219.04,,,,0,12543.5
1877,1923,41,10000,50.99899999999463,37.68,9219.04,,,,0,12554.9
1878,1924,41,10000,50.99899999999463,37.68,9219.04,,,,0,12566.2
1879,1925,41,10000,50.99899999999463,37.68,9219.04,,,,0,12577.2
1880,1926,41,10000,50.99899999999463,37.68,9219.04,,,,0,12588.8
1881,1927,6,1528,6.5270000000001005,37.02,9056.68,,,,0,12590.6
1882,1928,41,10000,50.99899999999463,37.06,9067.7,,,,0,12601.8
1883,1929,41,10000,50.99899999999463,37.06,9067.7,,,,0,12613.5
1884,1930,41,10000,50.99899999999463,37.54,9180.72,,,,0,12625.5
1885,1931,6,1709,6.708000000000161,36.84,9014.9,,,,0,12627.5
1886,1932,37,9178,45.176999999996546,36.76,8998.46,,,,0,12638.3
1887,1933,41,10000,50.99899999999463,36.76,8998.46,,,,0,12650.4
1888,1934,5,1493,5.492000000000089,36.04,8828.32,,,,0,12652.2
1889,1935,41,10000,50.99899999999463,36.04,8828.32,,,,0,12663.4
1890,1936,41,10000,50.99899999999463,36.04,8828.32,,,,0,12674.1
1891,1937,41,10000,50.99899999999463,36.04,8828.32,,,,0,12685.5
1892,1938,41,10000,50.99899999999463,36.04,8828.32,,,,0,12697.0
1893,1939,41,10000,50.99899999999463,36.04,8828.32,,,,0,12708.2
1894,1940,41,10000,50.99899999999463,36.04,8828.32,,,,0,12719.5
1895,1941,41,10000,50.99899999999463,36.04,8828.32,,,,0,12730.6
1896,1942,41,10000,50.99899999999463,36.04,8828.32,,,,0,12742.5
1897,1943,41,10000,50.99899999999463,36.04,8828.32,,,,0,12753.6
1898,1944,41,10000,50.99899999999463,36.04,8828.32,,,,0,12765.0
1899,1945,41,10000,50.99899999999463,36.04,8828.32,,,,0,12776.6
1900,1946,41,10000,50.99899999999463,36.04,8828.32,,,,0,12788.1
1901,1947,41,10000,50.99899999999463,36.18,8858.78,,,,0,12799.5
1902,1948,41,10000,50.99899999999463,36.18,8858.78,,,,0,12811.4
1903,1949,41,10000,50.99899999999463,36.6,8961.0,,,,0,12822.6
1904,1950,6,1709,6.708000000000161,35.9,8795.18,,,,0,12824.6
1905,1951,41,10000,50.99899999999463,35.9,8795.18,,,,0,12836.0
1906,1952,41,10000,50.99899999999463,35.9,8795.18,,,,0,12847.4
1907,1953,41,10000,50.99899999999463,36.3,8887.92,,,,0,12858.6
1908,1954,41,10000,50.99899999999463,36.3,8887.92,,,,0,12869.7
1909,1955,41,10000,50.99899999999463,37.08,9072.48,,,,0,12881.3
1910,1956,41,10000,50.99899999999463,37.08,9072.48,,,,0,12892.3
1911,1957,41,10000,50.99899999999463,37.08,9072.48,,,,0,12903.3
1912,1958,41,10000,50.99899999999463,37.08,9072.48,,,,0,12914.5
1913,1959,41,10000,50.99899999999463,37.28,9118.08,,,,0,12925.9
1914,1960,41,10000,50.99899999999463,37.28,9118.08,,,,0,12937.5
1915,1961,41,10000,50.99899999999463,38.1,9312.34,,,,0,12948.8
1916,1962,41,10000,50.99899999999463,38.1,9312.34,,,,0,12959.7
1917,1963,41,10000,50.99899999999463,38.1,9312.34,,,,0,12970.7
1918,1964,41,10000,50.99899999999463,38.1,9312.34,,,,0,12982.2
1919,1965,41,10000,50.99899999999463,38.1,9312.34,,,,0,12993.9
1920,1966,41,10000,50.99899999999463,38.1,9312.34,,,,0,13005.4
1921,1967,41,10000,50.99899999999463,38.1,9312.34,,,,0,13017.2
1922,1968,41,10000,50.99899999999463,38.1,9312.34,,,,0,13028.4
1923,1969,36,8963,43.96199999999705,38.0,9291.6,,,,0,13038.7
1924,1970,41,10000,50.99899999999463,38.0,9291.6,,,,0,13050.0
1925,1971,41,10000,50.99899999999463,38.0,9291.6,,,,0,13061.6
1926,1972,41,10000,50.99899999999463,38.0,9291.6,,,,0,13072.3
1927,1973,38,9412,46.410999999996,37.94,9279.84,,,,0,13082.4
1928,1974,41,10000,50.99899999999463,37.94,9279.84,,,,0,13094.2
1929,1975,33,8008,40.00699999999927,37.78,9240.0,,,,0,13103.5
1930,1976,41,10000,50.99899999999463,37.78,9240.0,,,,0,13115.0
1931,1977,41,10000,50.99899999999463,38.48,9409.44,,,,0,13126.2
1932,1978,24,6082,29.0810000000029,38.14,9331.08,,,,0,13133.0
1933,1979,41,10000,50.99899999999463,38.14,9331.08,,,,0,13144.0
1934,1980,41,10000,50.99899999999463,38.14,9331.08,,,,0,13155.4
1935,1981,4,1276,4.275000000000016,38.1,9322.42,,,,0,13156.8
1936,1982,41,10000,50.99899999999463,38.18,9338.86,,,,0,13168.7
1937,1983,41,10000,50.99899999999463,38.18,9338.86,,,,0,13180.7
1938,1984,41,10000,50.99899999999463,38.9,9509.0,,,,0,13191.9
1939,1985,41,10000,50.99899999999463,38.9,9509.0,,,,0,13203.0
1940,1986,27,6760,32.75900000000218,38.62,9444.2,,,,0,13210.6
1941,1987,41,10000,50.99899999999463,38.62,9444.2,,,,0,13223.5
1942,1988,41,10000,50.99899999999463,38.62,9444.2,,,,0,13237.0
1943,1989,41,10000,50.99899999999463,38.62,9444.2,,,,0,13250.2
1944,1990,38,9429,46.42799999999596,38.56,9432.78,,,,0,13261.9
1945,1991,35,8704,42.70299999999765,38.44,9406.86,,,,0,13271.9
1946,1992,41,10000,50.99899999999463,38.44,9406.86,,,,0,13284.1
1947,1993,41,10000,50.99899999999463,38.44,9406.86,,,,0,13295.8
1948,1994,41,10000,50.99899999999463,38.44,9406.86,,,,0,13307.6
1949,1995,41,10000,50.99899999999463,38.44,9406.86,,,,0,13319.1
1950,1996,41,10000,50.99899999999463,38.44,9406.86,,,,0,13331.2
1951,1997,41,10000,50.99899999999463,38.44,9406.86,,,,0,13342.6
1952,1998,41,10000,50.99899999999463,38.44,9406.86,,,,0,13354.1
1953,1999,27,6803,32.80200000000208,38.16,9342.92,,,,0,13362.2
1954,2000,41,10000,50.99899999999463,38.86,9508.74,,,,0,13373.6
1955,2001,41,10000,50.99899999999463,38.86,9508.74,,,,0,13385.1
1956,2002,41,10000,50.99899999999463,38.86,9508.74,,,,0,13396.2
1957,2003,41,10000,50.99899999999463,38.86,9508.74,,,,0,13407.7
1958,2004,41,10000,50.99899999999463,38.86,9508.74,,,,0,13419.1
1959,2005,41,10000,50.99899999999463,38.86,9508.74,,,,0,13430.4
1960,2006,41,10000,50.99899999999463,38.86,9508.74,,,,0,13441.9
1961,2007,19,4841,22.840000000001382,38.42,9405.56,,,,0,13447.6
1962,2008,41,10000,50.99899999999463,38.42,9405.56,,,,0,13459.1
1963,2009,41,10000,50.99899999999463,38.42,9405.56,,,,0,13470.7
1964,2010,41,10000,50.99899999999463,38.42,9405.56,,,,0,13482.1
1965,2011,41,10000,50.99899999999463,38.42,9405.56,,,,0,13494.0
1966,2012,41,10000,50.99899999999463,38.42,9405.56,,,,0,13505.7
1967,2013,41,10000,50.99899999999463,38.42,9405.56,,,,0,13517.6
1968,2014,41,10000,50.99899999999463,38.42,9405.56,,,,0,13528.9
1969,2015,41,10000,50.99899999999463,38.42,9405.56,,,,0,13540.2
1970,2016,41,10000,50.99899999999463,38.42,9405.56,,,,0,13552.0
1971,2017,41,10000,50.99899999999463,38.42,9405.56,,,,0,13563.2
1972,2018,41,10000,50.99899999999463,38.42,9405.56,,,,0,13574.8
1973,2019,41,10000,50.99899999999463,38.52,9426.3,,,,0,13586.8
1974,2020,9,2483,10.481999999999783,37.88,9275.96,,,,0,13589.6
1975,2021,41,10000,50.99899999999463,37.88,9275.96,,,,0,13601.1
1976,2022,13,3400,15.39899999999962,37.32,9143.96,,,,0,13605.1
1977,2023,41,10000,50.99899999999463,37.38,9155.72,,,,0,13616.5
1978,2024,41,10000,50.99899999999463,37.38,9155.72,,,,0,13628.0
1979,2025,41,10000,50.99899999999463,37.54,9195.56,,,,0,13639.3
1980,2026,41,10000,50.99899999999463,37.54,9195.56,,,,0,13651.7
1981,2027,41,10000,50.99899999999463,37.54,9195.56,,,,0,13663.3
1982,2028,41,10000,50.99899999999463,37.88,9273.92,,,,0,13674.7
1983,2029,41,10000,50.99899999999463,37.88,9273.92,,,,0,13686.0
1984,2030,41,10000,50.99899999999463,37.88,9273.92,,,,0,13697.4
1985,2031,41,10000,50.99899999999463,38.62,9448.4,,,,0,13708.6
1986,2032,41,10000,50.99899999999463,38.62,9448.4,,,,0,13720.1
1987,2033,41,10000,50.99899999999463,38.62,9448.4,,,,0,13732.2
1988,2034,41,10000,50.99899999999463,38.62,9448.4,,,,0,13744.1
1989,2035,41,10000,50.99899999999463,38.62,9448.4,,,,0,13755.1
1990,2036,41,10000,50.99899999999463,38.9,9513.2,,,,0,13766.4
1991,2037,41,10000,50.99899999999463,38.9,9513.2,,,,0,13777.4
1992,2038,41,10000,50.99899999999463,38.9,9513.2,,,,0,13788.8
1993,2039,41,10000,50.99899999999463,38.9,9513.2,,,,0,13800.1
1994,2040,41,10000,50.99899999999463,38.96,9524.62,,,,0,13812.0
1995,2041,41,10000,50.99899999999463,39.08,9550.54,,,,0,13823.8
1996,2042,41,10000,50.99899999999463,39.08,9550.54,,,,0,13835.2
1997,2043,12,3166,14.164999999999404,38.5,9413.86,,,,0,13838.9
1998,2044,41,10000,50.99899999999463,38.5,9413.86,,,,0,13850.5
1999,2045,41,10000,50.99899999999463,38.5,9413.86,,,,0,13861.5
2000,2046,41,10000,50.99899999999463,38.5,9413.86,1.35,362.45,0.55,0,13885.8
2001,2047,4,1276,4.275000000000016,37.76,9239.38,,,,0,13887.1
2002,2048,39,9682,47.68099999999537,37.72,9233.02,,,,0,13897.9
2003,2049,41,10000,50.99899999999463,38.0,9296.96,,,,0,13909.1
2004,2050,41,10000,50.99899999999463,38.0,9296.96,,,,0,13919.5
2005,2051,41,10000,50.99899999999463,38.0,9296.96,,,,0,13930.1
2006,2052,41,10000,50.99899999999463,38.0,9296.96,,,,0,13940.5
2007,2053,41,10000,50.99899999999463,38.0,9296.96,,,,0,13951.4
2008,2054,24,6029,29.028000000002834,37.66,9217.54,,,,0,13959.1
2009,2055,26,6532,31.531000000002713,37.36,9148.18,,,,0,13966.5
2010,2056,41,10000,50.99899999999463,37.36,9148.18,,,,0,13977.1
2011,2057,41,10000,50.99899999999463,37.8,9251.36,,,,0,13987.8
2012,2058,41,10000,50.99899999999463,37.8,9251.36,,,,0,13998.9
2013,2059,2,802,1.8009999999999478,37.02,9067.4,,,,0,13999.8
2014,2060,41,10000,50.99899999999463,37.02,9067.4,,,,0,14011.0
2015,2061,41,10000,50.99899999999463,37.02,9067.4,,,,0,14021.4
2016,2062,41,10000,50.99899999999463,37.02,9067.4,,,,0,14032.4
2017,2063,41,10000,50.99899999999463,37.02,9067.4,,,,0,14043.0
2018,2064,41,10000,50.99899999999463,37.02,9067.4,,,,0,14053.7
2019,2065,41,10000,50.99899999999463,37.02,9067.4,,,,0,14064.6
2020,2066,24,5849,28.848000000002614,36.68,8984.38,,,,0,14070.8
2021,2067,41,10000,50.99899999999463,36.68,8984.38,,,,0,14081.5
2022,2068,41,10000,50.99899999999463,36.68,8984.38,,,,0,14092.2
2023,2069,41,10000,50.99899999999463,36.68,8984.38,,,,0,14102.8
2024,2070,41,10000,50.99899999999463,37.32,9134.72,,,,0,14113.0
2025,2071,41,10000,50.99899999999463,37.32,9134.72,,,,0,14123.6
2026,2072,41,10000,50.99899999999463,37.88,9266.72,,,,0,14134.7
2027,2073,41,10000,50.99899999999463,37.88,9266.72,,,,0,14145.4
2028,2074,41,10000,50.99899999999463,37.88,9266.72,,,,0,14156.4
2029,2075,41,10000,50.99899999999463,37.88,9266.72,,,,0,14167.1
2030,2076,33,8225,40.22399999999877,37.72,9231.22,,,,0,14176.0
2031,2077,30,7486,36.48500000000049,37.5,9180.94,,,,0,14183.9
2032,2078,41,10000,50.99899999999463,37.5,9180.94,,,,0,14194.9
2033,2079,41,10000,50.99899999999463,37.5,9180.94,,,,0,14205.7
2034,2080,6,1720,6.719000000000165,36.8,9015.34,,,,0,14207.4
2035,2081,41,10000,50.99899999999463,36.8,9015.34,,,,0,14218.1
2036,2082,41,10000,50.99899999999463,36.8,9015.34,,,,0,14229.3
2037,2083,41,10000,50.99899999999463,36.8,9015.34,,,,0,14240.5
2038,2084,41,10000,50.99899999999463,36.8,9015.34,,,,0,14251.1
2039,2085,41,10000,50.99899999999463,36.8,9015.34,,,,0,14261.7
2040,2086,41,10000,50.99899999999463,36.8,9015.34,,,,0,14272.2
2041,2087,30,7522,36.521000000000406,36.58,8965.78,,,,0,14279.9
2042,2088,41,10000,50.99899999999463,36.58,8965.78,,,,0,14290.2
2043,2089,2,773,1.771999999999951,35.8,8781.24,,,,0,14291.0
2044,2090,17,4372,20.37100000000081,35.32,8668.68,,,,0,14295.5
2045,2091,41,10000,50.99899999999463,35.32,8668.68,,,,0,14305.5
2046,2092,41,10000,50.99899999999463,35.32,8668.68,,,,0,14315.9
2047,2093,1,518,0.516999999999979,35.1,8615.72,,,,0,14316.5
2048,2094,41,10000,50.99899999999463,35.1,8615.72,,,,0,14327.1
2049,2095,41,10000,50.99899999999463,35.1,8615.72,,,,0,14337.8
2050,2096,41,10000,50.99899999999463,35.1,8615.72,,,,0,14348.3
2051,2097,41,10000,50.99899999999463,35.84,8790.2,,,,0,14358.7
2052,2098,33,8224,40.22299999999877,35.72,8761.04,,,,0,14367.1
2053,2099,41,10000,50.99899999999463,35.72,8761.04,,,,0,14377.3
2054,2100,18,4606,21.605000000001095,35.26,8653.16,,,,0,14381.9
2055,2101,41,10000,50.99899999999463,35.26,8653.16,,,,0,14392.3
2056,2102,41,10000,50.99899999999463,35.26,8653.16,,,,0,14403.3
2057,2103,39,9664,47.662999999995414,35.22,8646.44,,,,0,14413.4
2058,2104,41,10000,50.99899999999463,35.56,8725.86,,,,0,14424.5
2059,2105,41,10000,50.99899999999463,35.86,8795.22,,,,0,14435.5
2060,2106,41,10000,50.99899999999463,35.86,8795.22,,,,0,14446.5
2061,2107,26,6550,31.54900000000267,35.56,8726.22,,,,0,14453.3
2062,2108,41,10000,50.99899999999463,35.56,8726.22,,,,0,14464.0
2063,2109,41,10000,50.99899999999463,36.34,8910.18,,,,0,14474.5
2064,2110,19,4858,22.857000000001403,35.9,8807.34,,,,0,14479.5
2065,2111,41,10000,50.99899999999463,35.9,8807.34,,,,0,14490.7
2066,2112,4,1240,4.239000000000004,35.16,8632.14,,,,0,14492.1
2067,2113,41,10000,50.99899999999463,35.16,8632.14,,,,0,14503.1
2068,2114,41,10000,50.99899999999463,35.16,8632.14,,,,0,14513.7
2069,2115,24,6083,29.0820000000029,34.82,8553.8,,,,0,14520.4
2070,2116,41,10000,50.99899999999463,35.16,8636.82,,,,0,14530.8
2071,2117,41,10000,50.99899999999463,35.16,8636.82,,,,0,14541.2
2072,2118,21,5344,25.343000000001997,34.76,8543.7,,,,0,14547.0
2073,2119,17,4349,20.34800000000078,34.28,8430.68,,,,0,14551.7
2074,2120,41,10000,50.99899999999463,34.28,8430.68,,,,0,14562.4
2075,2121,41,10000,50.99899999999463,34.28,8430.68,,,,0,14573.1
2076,2122,15,3689,17.687999999999974,33.76,8304.46,,,,0,14576.9
2077,2123,41,10000,50.99899999999463,33.76,8304.46,,,,0,14587.5
2078,2124,41,10000,50.99899999999463,33.76,8304.46,,,,0,14597.9
2079,2125,8,2194,9.192999999999943,33.1,8148.34,,,,0,14600.3
2080,2126,41,10000,50.99899999999463,33.26,8183.84,,,,0,14610.8
2081,2127,41,10000,50.99899999999463,33.48,8234.12,,,,0,14621.5
2082,2128,41,10000,50.99899999999463,33.48,8234.12,,,,0,14631.9
2083,2129,41,10000,50.99899999999463,33.48,8234.12,,,,0,14642.1
2084,2130,28,7019,34.01800000000158,33.92,8340.1,,,,0,14649.4
2085,2131,41,10000,50.99899999999463,33.92,8340.1,,,,0,14660.1
2086,2132,41,10000,50.99899999999463,33.92,8340.1,,,,0,14670.6
2087,2133,41,10000,50.99899999999463,33.92,8340.1,,,,0,14681.0
2088,2134,41,10000,50.99899999999463,33.92,8340.1,,,,0,14691.5
2089,2135,41,10000,50.99899999999463,33.92,8340.1,,,,0,14701.7
2090,2136,41,10000,50.99899999999463,33.92,8340.1,,,,0,14712.3
2091,2137,41,10000,50.99899999999463,34.14,8389.66,,,,0,14722.8
2092,2138,41,10000,50.99899999999463,34.14,8389.66,,,,0,14733.0
2093,2139,41,10000,50.99899999999463,34.92,8574.2,,,,0,14743.2
2094,2140,41,10000,50.99899999999463,35.4,8686.76,,,,0,14753.4
2095,2141,41,10000,50.99899999999463,35.4,8686.76,,,,0,14763.8
2096,2142,0,303,-0.6979999999999997,34.58,8492.82,,,,0,14764.1
2097,2143,41,10000,50.99899999999463,35.38,8682.46,,,,0,14774.5
2098,2144,2,789,1.7879999999999492,34.6,8498.24,,,,0,14775.3
2099,2145,41,10000,50.99899999999463,34.6,8498.24,,,,0,14785.3
2100,2146,41,10000,50.99899999999463,34.6,8498.24,,,,0,14795.4
2101,2147,41,10000,50.99899999999463,34.6,8498.24,,,,0,14805.8
2102,2148,41,10000,50.99899999999463,34.76,8533.76,,,,0,14816.1
2103,2149,18,4606,21.605000000001095,34.3,8425.88,,,,0,14820.9
2104,2150,41,10000,50.99899999999463,34.76,8533.76,,,,0,14831.7
2105,2151,41,10000,50.99899999999463,34.76,8533.76,,,,0,14842.0
2106,2152,30,7486,36.48500000000049,34.54,8483.48,,,,0,14849.6
2107,2153,41,10000,50.99899999999463,34.58,8490.2,,,,0,14860.0
2108,2154,41,10000,50.99899999999463,34.58,8490.2,,,,0,14870.6
2109,2155,41,10000,50.99899999999463,34.58,8490.2,,,,0,14881.7
2110,2156,19,4841,22.840000000001382,34.14,8387.02,,,,0,14886.9
2111,2157,15,3904,17.903000000000237,33.92,8334.1,,,,0,14891.0
2112,2158,41,10000,50.99899999999463,33.92,8334.1,,,,0,14901.6
2113,2159,41,10000,50.99899999999463,33.92,8334.1,,,,0,14911.9
2114,2160,41,10000,50.99899999999463,34.36,8436.94,,,,0,14922.2
2115,2161,41,10000,50.99899999999463,34.36,8436.94,,,,0,14932.4
2116,2162,41,10000,50.99899999999463,35.1,8612.14,,,,0,14942.7
2117,2163,7,1997,7.996000000000052,34.42,8452.08,,,,0,14944.7
2118,2164,41,10000,50.99899999999463,34.42,8452.08,,,,0,14955.2
2119,2165,41,10000,50.99899999999463,34.76,8530.42,,,,0,14965.6
2120,2166,41,10000,50.99899999999463,34.76,8530.42,,,,0,14977.0
2121,2167,41,10000,50.99899999999463,34.76,8530.42,,,,0,14988.1
2122,2168,16,4121,19.120000000000502,34.66,8505.96,,,,0,14992.5
2123,2169,41,10000,50.99899999999463,35.14,8618.98,,,,0,15002.7
2124,2170,28,7037,34.036000000001536,34.88,8559.72,,,,0,15010.1
2125,2171,41,10000,50.99899999999463,34.88,8559.72,,,,0,15020.7
2126,2172,41,10000,50.99899999999463,35.4,8685.94,,,,0,15031.6
2127,2173,41,10000,50.99899999999463,35.4,8685.94,,,,0,15042.8
2128,2174,41,10000,50.99899999999463,35.4,8685.94,,,,0,15053.5
2129,2175,41,10000,50.99899999999463,36.06,8842.06,,,,0,15064.0
2130,2176,21,5129,25.128000000001734,35.66,8744.64,,,,0,15069.6
2131,2177,41,10000,50.99899999999463,35.66,8744.64,,,,0,15080.0
2132,2178,41,10000,50.99899999999463,35.66,8744.64,,,,0,15090.5
2133,2179,41,10000,50.99899999999463,35.66,8744.64,,,,0,15102.3
2134,2180,35,8689,42.687999999997686,35.8,8778.04,,,,0,15112.5
2135,2181,41,10000,50.99899999999463,35.8,8778.04,,,,0,15124.2
2136,2182,41,10000,50.99899999999463,35.8,8778.04,,,,0,15136.0
2137,2183,41,10000,50.99899999999463,35.8,8778.04,,,,0,15146.9
2138,2184,41,10000,50.99899999999463,35.8,8778.04,,,,0,15157.8
2139,2185,41,10000,50.99899999999463,35.8,8778.04,,,,0,15168.5
2140,2186,35,8702,42.700999999997656,35.68,8752.08,,,,0,15177.4
2141,2187,41,10000,50.99899999999463,35.68,8752.08,,,,0,15187.9
2142,2188,41,10000,50.99899999999463,35.68,8752.08,,,,0,15198.4
2143,2189,41,10000,50.99899999999463,35.68,8752.08,,,,0,15209.3
2144,2190,41,10000,50.99899999999463,35.68,8752.08,,,,0,15220.0
2145,2191,41,10000,50.99899999999463,35.68,8752.08,,,,0,15230.8
2146,2192,41,10000,50.99899999999463,36.5,8946.02,,,,0,15241.4
2147,2193,41,10000,50.99899999999463,36.5,8946.02,,,,0,15251.8
2148,2194,41,10000,50.99899999999463,37.28,9130.24,,,,0,15262.3
2149,2195,26,6533,31.53200000000271,36.98,9060.9,,,,0,15269.3
2150,2196,41,10000,50.99899999999463,36.98,9060.9,,,,0,15280.1
2151,2197,41,10000,50.99899999999463,36.98,9060.9,,,,0,15290.5
2152,2198,41,10000,50.99899999999463,36.98,9060.9,,,,0,15301.1
2153,2199,41,10000,50.99899999999463,37.44,9168.78,,,,0,15311.8
2154,2200,41,10000,50.99899999999463,37.44,9168.78,,,,0,15322.5
2155,2201,41,10000,50.99899999999463,37.44,9168.78,,,,0,15333.1
2156,2202,41,10000,50.99899999999463,37.66,9219.06,,,,0,15344.2
2157,2203,8,2230,9.228999999999923,37.0,9063.66,,,,0,15346.5
2158,2204,41,10000,50.99899999999463,37.0,9063.66,,,,0,15357.1
2159,2205,41,10000,50.99899999999463,37.0,9063.66,,,,0,15367.9
2160,2206,41,10000,50.99899999999463,37.44,9166.84,,,,0,15378.4
2161,2207,41,10000,50.99899999999463,37.96,9288.76,,,,0,15388.7
2162,2208,12,3203,14.201999999999384,37.38,9152.82,,,,0,15392.0
2163,2209,41,10000,50.99899999999463,37.38,9152.82,,,,0,15402.6
2164,2210,41,10000,50.99899999999463,37.38,9152.82,,,,0,15413.4
2165,2211,25,6317,30.316000000003186,37.06,9079.16,,,,0,15419.8
2166,2212,41,10000,50.99899999999463,37.06,9079.16,,,,0,15430.6
2167,2213,41,10000,50.99899999999463,37.74,9239.22,,,,0,15441.0
2168,2214,41,10000,50.99899999999463,37.74,9239.22,,,,0,15451.3
2169,2215,41,10000,50.99899999999463,37.74,9239.22,,,,0,15461.7
2170,2216,41,10000,50.99899999999463,37.74,9239.22,,,,0,15472.4
2171,2217,41,10000,50.99899999999463,37.74,9239.22,,,,0,15483.0
2172,2218,41,10000,50.99899999999463,38.24,9356.8,,,,0,15493.5
2173,2219,41,10000,50.99899999999463,38.24,9356.8,,,,0,15504.1
2174,2220,41,10000,50.99899999999463,38.5,9416.06,,,,0,15514.9
2175,2221,41,10000,50.99899999999463,38.5,9416.06,,,,0,15525.6
2176,2222,3,809,2.807999999999947,37.74,9232.24,,,,0,15526.4
2177,2223,41,10000,50.99899999999463,37.74,9232.24,,,,0,15537.0
2178,2224,41,10000,50.99899999999463,37.74,9232.24,,,,0,15547.4
2179,2225,40,9875,48.87399999999492,37.72,9229.74,,,,0,15557.8
2180,2226,41,10000,50.99899999999463,38.12,9327.16,,,,0,15568.3
2181,2227,41,10000,50.99899999999463,38.12,9327.16,,,,0,15578.9
2182,2228,41,10000,50.99899999999463,38.12,9327.16,,,,0,15589.4
2183,2229,41,10000,50.99899999999463,38.12,9327.16,,,,0,15600.1
2184,2230,41,10000,50.99899999999463,38.24,9353.38,,,,0,15610.9
2185,2231,41,10000,50.99899999999463,38.24,9353.38,,,,0,15621.8
2186,2232,41,10000,50.99899999999463,38.24,9353.38,,,,0,15633.0
2187,2233,41,10000,50.99899999999463,38.24,9353.38,,,,0,15643.8
2188,2234,41,10000,50.99899999999463,38.24,9353.38,,,,0,15654.2
2189,2235,41,10000,50.99899999999463,38.24,9353.38,,,,0,15665.0
2190,2236,41,10000,50.99899999999463,38.36,9379.34,,,,0,15675.2
2191,2237,41,10000,50.99899999999463,38.36,9379.34,,,,0,15685.7
2192,2238,41,10000,50.99899999999463,38.36,9379.34,,,,0,15696.2
2193,2239,41,10000,50.99899999999463,38.36,9379.34,,,,0,15706.6
2194,2240,41,10000,50.99899999999463,38.36,9379.34,,,,0,15717.0
2195,2241,41,10000,50.99899999999463,38.36,9379.34,,,,0,15727.4
2196,2242,22,5597,26.596000000002306,37.98,9291.28,,,,0,15733.2
2197,2243,41,10000,50.99899999999463,37.98,9291.28,,,,0,15743.5
2198,2244,41,10000,50.99899999999463,37.98,9291.28,,,,0,15753.8
2199,2245,41,10000,50.99899999999463,38.28,9360.62,,,,0,15763.9
2200,2246,41,10000,50.99899999999463,38.28,9360.62,,,,0,15774.2
2201,2247,41,10000,50.99899999999463,38.28,9360.62,,,,0,15786.7
2202,2248,41,10000,50.99899999999463,38.28,9360.62,,,,0,15797.3
2203,2249,41,10000,50.99899999999463,38.28,9360.62,,,,0,15807.5
2204,2250,41,10000,50.99899999999463,38.28,9360.62,,,,0,15817.9
2205,2251,41,10000,50.99899999999463,38.28,9360.62,,,,0,15828.4
2206,2252,41,10000,50.99899999999463,38.28,9360.62,,,,0,15838.8
2207,2253,41,10000,50.99899999999463,38.94,9516.02,,,,0,15849.3
2208,2254,41,10000,50.99899999999463,38.94,9516.02,,,,0,15859.5
2209,2255,41,10000,50.99899999999463,38.94,9516.02,,,,0,15869.7
2210,2256,41,10000,50.99899999999463,38.94,9516.02,,,,0,15880.1
2211,2257,41,10000,50.99899999999463,38.94,9516.02,,,,0,15891.2
2212,2258,41,10000,50.99899999999463,39.52,9651.96,,,,0,15901.6
2213,2259,41,10000,50.99899999999463,39.52,9651.96,,,,0,15911.9
2214,2260,41,10000,50.99899999999463,39.52,9651.96,,,,0,15922.2
2215,2261,41,10000,50.99899999999463,39.84,9725.62,,,,0,15932.5
2216,2262,41,10000,50.99899999999463,39.84,9725.62,,,,0,15942.8
2217,2263,41,10000,50.99899999999463,39.84,9725.62,,,,0,15953.0
2218,2264,41,10000,50.99899999999463,39.84,9725.62,,,,0,15963.0
2219,2265,41,10000,50.99899999999463,39.84,9725.62,,,,0,15973.2
2220,2266,41,10000,50.99899999999463,39.84,9725.62,,,,0,15983.7
2221,2267,41,10000,50.99899999999463,39.84,9725.62,,,,0,15994.4
2222,2268,41,10000,50.99899999999463,39.84,9725.62,,,,0,16005.1
2223,2269,12,3202,14.200999999999384,39.26,9589.66,,,,0,16008.5
2224,2270,41,10000,50.99899999999463,39.26,9589.66,,,,0,16019.1
2225,2271,41,10000,50.99899999999463,39.26,9589.66,,,,0,16029.8
2226,2272,41,10000,50.99899999999463,40.02,9773.48,,,,0,16040.0
2227,2273,38,9412,46.410999999996,39.96,9761.72,,,,0,16049.8
2228,2274,37,9156,45.1549999999966,39.88,9744.84,,,,0,16059.3
2229,2275,9,2446,10.444999999999803,39.26,9596.26,,,,0,16061.8
2230,2276,41,10000,50.99899999999463,39.26,9596.26,,,,0,16072.2
2231,2277,41,10000,50.99899999999463,39.26,9596.26,,,,0,16082.8
2232,2278,41,10000,50.99899999999463,39.26,9596.26,,,,0,16093.4
2233,2279,41,10000,50.99899999999463,39.26,9596.26,,,,0,16104.1
2234,2280,41,10000,50.99899999999463,39.26,9596.26,,,,0,16114.5
2235,2281,41,10000,50.99899999999463,39.26,9596.26,,,,0,16124.8
2236,2282,41,10000,50.99899999999463,39.26,9596.26,,,,0,16135.4
2237,2283,41,10000,50.99899999999463,39.26,9596.26,,,,0,16145.9
2238,2284,41,10000,50.99899999999463,39.26,9596.26,,,,0,16156.2
2239,2285,41,10000,50.99899999999463,39.26,9596.26,,,,0,16166.7
2240,2286,41,10000,50.99899999999463,39.26,9596.26,,,,0,16177.3
2241,2287,41,10000,50.99899999999463,39.26,9596.26,,,,0,16187.9
2242,2288,41,10000,50.99899999999463,39.26,9596.26,,,,0,16198.7
2243,2289,41,10000,50.99899999999463,39.26,9596.26,,,,0,16211.0
2244,2290,41,10000,50.99899999999463,39.26,9596.26,,,,0,16221.8
2245,2291,41,10000,50.99899999999463,39.26,9596.26,,,,0,16232.6
2246,2292,41,10000,50.99899999999463,39.64,9684.32,,,,0,16243.5
2247,2293,16,4157,19.156000000000546,39.14,9567.46,,,,0,16248.2
2248,2294,11,2932,12.930999999999534,38.54,9426.1,,,,0,16251.5
2249,2295,41,10000,50.99899999999463,38.54,9426.1,,,,0,16262.7
2250,2296,41,10000,50.99899999999463,38.54,9426.1,,,,0,16273.1
2251,2297,41,10000,50.99899999999463,38.54,9426.1,,,,0,16283.5
2252,2298,25,6311,30.31000000000318,38.22,9352.32,,,,0,16290.5
2253,2299,16,4120,19.1190000000005,37.72,9234.72,,,,0,16295.2
2254,2300,41,10000,50.99899999999463,37.72,9234.72,,,,0,16306.3
2255,2301,41,10000,50.99899999999463,37.72,9234.72,,,,0,16316.7
2256,2302,41,10000,50.99899999999463,37.72,9234.72,,,,0,16327.4
2257,2303,41,10000,50.99899999999463,37.72,9234.72,,,,0,16338.2
2258,2304,41,10000,50.99899999999463,37.72,9234.72,,,,0,16349.4
2259,2305,41,10000,50.99899999999463,37.72,9234.72,,,,0,16361.1
2260,2306,41,10000,50.99899999999463,37.72,9234.72,,,,0,16372.2
2261,2307,41,10000,50.99899999999463,37.72,9234.72,,,,0,16383.2
2262,2308,41,10000,50.99899999999463,37.72,9234.72,,,,0,16393.3
2263,2309,41,10000,50.99899999999463,37.72,9234.72,,,,0,16404.0
2264,2310,24,6064,29.063000000002877,37.38,9156.0,,,,0,16410.7
2265,2311,23,5830,27.82900000000259,37.02,9072.6,,,,0,16416.8
2266,2312,41,10000,50.99899999999463,37.02,9072.6,,,,0,16427.2
2267,2313,41,10000,50.99899999999463,37.02,9072.6,,,,0,16437.7
2268,2314,41,10000,50.99899999999463,37.02,9072.6,,,,0,16448.1
2269,2315,41,10000,50.99899999999463,37.02,9072.6,,,,0,16458.9
2270,2316,41,10000,50.99899999999463,37.02,9072.6,,,,0,16470.2
2271,2317,41,10000,50.99899999999463,37.02,9072.6,,,,0,16480.9
2272,2318,41,10000,50.99899999999463,37.02,9072.6,,,,0,16491.8
2273,2319,41,10000,50.99899999999463,37.6,9208.56,,,,0,16502.8
2274,2320,22,5579,26.578000000002284,37.22,9120.14,,,,0,16508.8
2275,2321,41,10000,50.99899999999463,37.22,9120.14,,,,0,16519.8
2276,2322,41,10000,50.99899999999463,37.22,9120.14,,,,0,16530.5
2277,2323,41,10000,50.99899999999463,37.28,9131.9,,,,0,16541.2
2278,2324,41,10000,50.99899999999463,37.36,9148.78,,,,0,16552.1
2279,2325,41,10000,50.99899999999463,38.0,9299.86,,,,0,16563.1
2280,2326,12,3203,14.201999999999384,37.42,9163.92,,,,0,16566.5
2281,2327,41,10000,50.99899999999463,37.42,9163.92,,,,0,16576.8
2282,2328,41,10000,50.99899999999463,37.42,9163.92,,,,0,16587.1
2283,2329,41,10000,50.99899999999463,37.42,9163.92,,,,0,16597.4
2284,2330,41,10000,50.99899999999463,37.42,9163.92,,,,0,16608.1
2285,2331,41,10000,50.99899999999463,37.42,9163.92,,,,0,16618.7
2286,2332,41,10000,50.99899999999463,37.42,9163.92,,,,0,16629.1
2287,2333,41,10000,50.99899999999463,37.42,9163.92,,,,0,16639.6
2288,2334,41,10000,50.99899999999463,37.42,9163.92,,,,0,16649.7
2289,2335,41,10000,50.99899999999463,37.42,9163.92,,,,0,16659.9
2290,2336,41,10000,50.99899999999463,37.42,9163.92,,,,0,16670.5
2291,2337,41,10000,50.99899999999463,37.42,9163.92,,,,0,16681.0
2292,2338,41,10000,50.99899999999463,37.42,9163.92,,,,0,16691.5
2293,2339,41,10000,50.99899999999463,37.42,9163.92,,,,0,16704.9
2294,2340,41,10000,50.99899999999463,37.42,9163.92,,,,0,16722.8
2295,2341,41,10000,50.99899999999463,37.42,9163.92,,,,0,16741.1
2296,2342,41,10000,50.99899999999463,37.42,9163.92,,,,0,16760.8
2297,2343,41,10000,50.99899999999463,37.92,9280.78,,,,0,16779.1
2298,2344,41,10000,50.99899999999463,38.52,9422.14,,,,0,16796.0
2299,2345,33,8242,40.24099999999873,38.36,9386.98,,,,0,16809.8
2300,2346,41,10000,50.99899999999463,38.36,9386.98,,,,0,16826.6
2301,2347,41,10000,50.99899999999463,38.36,9386.98,,,,0,16845.4
2302,2348,41,10000,50.99899999999463,38.68,9460.76,,,,0,16865.9
2303,2349,41,10000,50.99899999999463,39.18,9578.36,,,,0,16884.8
2304,2350,41,10000,50.99899999999463,39.18,9578.36,,,,0,16901.5
2305,2351,41,10000,50.99899999999463,39.18,9578.36,,,,0,16917.4
2306,2352,41,10000,50.99899999999463,39.18,9578.36,,,,0,16934.6
2307,2353,41,10000,50.99899999999463,39.18,9578.36,,,,0,16952.0
2308,2354,41,10000,50.99899999999463,39.18,9578.36,,,,0,16969.8
2309,2355,41,10000,50.99899999999463,39.18,9578.36,,,,0,16989.1
2310,2356,41,10000,50.99899999999463,39.18,9578.36,,,,0,17009.5
2311,2357,41,10000,50.99899999999463,39.18,9578.36,,,,0,17027.7
2312,2358,41,10000,50.99899999999463,39.18,9578.36,,,,0,17045.0
2313,2359,41,10000,50.99899999999463,39.18,9578.36,,,,0,17062.3
2314,2360,5,1523,5.522000000000099,38.8,9487.54,,,,0,17064.9
2315,2361,41,10000,50.99899999999463,39.16,9570.94,,,,0,17082.4
2316,2362,41,10000,50.99899999999463,39.16,9570.94,,,,0,17099.7
2317,2363,41,10000,50.99899999999463,39.16,9570.94,,,,0,17116.6
2318,2364,41,10000,50.99899999999463,39.16,9570.94,,,,0,17132.8
2319,2365,41,10000,50.99899999999463,39.16,9570.94,,,,0,17147.8
2320,2366,12,3166,14.164999999999404,38.58,9434.26,,,,0,17152.5
2321,2367,41,10000,50.99899999999463,38.58,9434.26,,,,0,17167.5
2322,2368,41,10000,50.99899999999463,38.58,9434.26,,,,0,17182.4
2323,2369,41,10000,50.99899999999463,38.58,9434.26,,,,0,17197.1
2324,2370,41,10000,50.99899999999463,38.96,9522.68,,,,0,17211.5
2325,2371,28,7019,34.01800000000158,38.7,9463.06,,,,0,17222.9
2326,2372,41,10000,50.99899999999463,38.7,9463.06,,,,0,17238.3
2327,2373,41,10000,50.99899999999463,38.7,9463.06,,,,0,17255.5
2328,2374,41,10000,50.99899999999463,38.7,9463.06,,,,0,17272.3
2329,2375,41,10000,50.99899999999463,38.7,9463.06,,,,0,17289.6
2330,2376,41,10000,50.99899999999463,39.28,9599.0,,,,0,17308.2
2331,2377,22,5596,26.595000000002305,38.9,9510.92,,,,0,17318.7
2332,2378,41,10000,50.99899999999463,38.9,9510.92,,,,0,17337.5
2333,2379,41,10000,50.99899999999463,38.9,9510.92,,,,0,17356.1
2334,2380,41,10000,50.99899999999463,38.9,9510.92,,,,0,17374.3
2335,2381,41,10000,50.99899999999463,38.9,9510.92,,,,0,17390.6
2336,2382,41,10000,50.99899999999463,38.9,9510.92,,,,0,17407.3
2337,2383,30,7478,36.47700000000051,38.68,9460.48,,,,0,17419.3
2338,2384,18,4625,21.624000000001118,38.22,9352.98,,,,0,17426.8
2339,2385,41,10000,50.99899999999463,38.22,9352.98,,,,0,17443.7
2340,2386,41,10000,50.99899999999463,38.22,9352.98,,,,0,17460.5
2341,2387,41,10000,50.99899999999463,38.22,9352.98,,,,0,17479.2
2342,2388,41,10000,50.99899999999463,38.22,9352.98,,,,0,17497.3
2343,2389,41,10000,50.99899999999463,38.22,9352.98,,,,0,17512.7
2344,2390,41,10000,50.99899999999463,38.22,9352.98,,,,0,17529.6
2345,2391,14,3670,16.66899999999995,37.68,9226.38,,,,0,17535.8
2346,2392,41,10000,50.99899999999463,37.68,9226.38,,,,0,17552.5
2347,2393,13,3400,15.39899999999962,37.12,9094.38,,,,0,17557.8
2348,2394,2,790,1.788999999999949,36.34,8910.18,,,,0,17559.1
2349,2395,41,10000,50.99899999999463,36.5,8945.34,,,,0,17574.5
2350,2396,27,6766,32.76500000000217,36.22,8880.66,,,,0,17584.7
2351,2397,15,3905,17.904000000000238,35.7,8758.76,,,,0,17590.5
2352,2398,41,10000,50.99899999999463,35.7,8758.76,,,,0,17605.7
2353,2399,41,10000,50.99899999999463,35.7,8758.76,,,,0,17620.9
2354,2400,41,10000,50.99899999999463,35.7,8758.76,,,,0,17636.4
2355,2401,41,10000,50.99899999999463,35.7,8758.76,,,,0,17655.2
2356,2402,41,10000,50.99899999999463,35.7,8758.76,,,,0,17674.4
2357,2403,41,10000,50.99899999999463,35.7,8758.76,,,,0,17692.1
2358,2404,41,10000,50.99899999999463,35.7,8758.76,,,,0,17707.2
2359,2405,9,2429,10.427999999999813,35.06,8607.34,,,,0,17710.7
2360,2406,41,10000,50.99899999999463,35.06,8607.34,,,,0,17725.3
2361,2407,41,10000,50.99899999999463,35.06,8607.34,,,,0,17740.3
2362,2408,41,10000,50.99899999999463,35.06,8607.34,,,,0,17755.2
2363,2409,41,10000,50.99899999999463,35.06,8607.34,,,,0,17770.1
2364,2410,41,10000,50.99899999999463,35.78,8776.88,,,,0,17785.2
2365,2411,41,10000,50.99899999999463,35.78,8776.88,,,,0,17799.8
2366,2412,41,10000,50.99899999999463,35.78,8776.88,,,,0,17814.7
2367,2413,41,10000,50.99899999999463,35.78,8776.88,,,,0,17830.0
2368,2414,29,7252,35.251000000001035,35.54,8721.92,,,,0,17840.9
2369,2415,41,10000,50.99899999999463,35.54,8721.92,,,,0,17855.9
2370,2416,21,5362,25.36100000000202,35.72,8765.84,,,,0,17864.0
2371,2417,41,10000,50.99899999999463,35.72,8765.84,,,,0,17878.5
2372,2418,41,10000,50.99899999999463,35.72,8765.84,,,,0,17893.6
2373,2419,41,10000,50.99899999999463,35.72,8765.84,,,,0,17908.2
2374,2420,41,10000,50.99899999999463,35.72,8765.84,,,,0,17923.5
2375,2421,41,10000,50.99899999999463,35.98,8825.46,,,,0,17938.5
2376,2422,41,10000,50.99899999999463,35.98,8825.46,,,,0,17953.5
2377,2423,41,10000,50.99899999999463,35.98,8825.46,,,,0,17968.5
2378,2424,41,10000,50.99899999999463,35.98,8825.46,,,,0,17983.3
2379,2425,41,10000,50.99899999999463,35.98,8825.46,,,,0,17998.0
2380,2426,41,10000,50.99899999999463,35.98,8825.46,,,,0,18012.6
2381,2427,41,10000,50.99899999999463,36.36,8913.54,,,,0,18027.5
2382,2428,41,10000,50.99899999999463,36.36,8913.54,,,,0,18045.9
2383,2429,41,10000,50.99899999999463,36.36,8913.54,,,,0,18064.7
2384,2430,41,10000,50.99899999999463,36.36,8913.54,,,,0,18084.6
2385,2431,41,10000,50.99899999999463,36.36,8913.54,,,,0,18103.9
2386,2432,41,10000,50.99899999999463,36.36,8913.54,,,,0,18123.8
2387,2433,15,3922,17.92100000000026,36.06,8842.42,,,,0,18134.8
2388,2434,24,6064,29.063000000002877,36.18,8871.2,,,,0,18147.2
2389,2435,41,10000,50.99899999999463,36.18,8871.2,,,,0,18168.5
2390,2436,41,10000,50.99899999999463,36.18,8871.2,,,,0,18192.5
2391,2437,41,10000,50.99899999999463,36.18,8871.2,,,,0,18214.2
2392,2438,30,7289,36.28800000000095,35.96,8816.98,,,,0,18228.6
2393,2439,41,10000,50.99899999999463,35.96,8816.98,,,,0,18247.3
2394,2440,41,10000,50.99899999999463,35.96,8816.98,,,,0,18265.5
2395,2441,41,10000,50.99899999999463,36.5,8943.58,,,,0,18283.9
2396,2442,41,10000,50.99899999999463,36.5,8943.58,,,,0,18302.1
2397,2443,18,4408,21.407000000000853,36.6,8963.74,,,,0,18310.0
2398,2444,41,10000,50.99899999999463,37.38,9147.94,,,,0,18329.4
2399,2445,6,1744,6.743000000000173,36.68,8982.82,,,,0,18332.7
2400,2446,41,10000,50.99899999999463,36.96,9047.5,,,,0,18352.2
2401,2447,41,10000,50.99899999999463,37.48,9169.4,,,,0,18371.3
2402,2448,41,10000,50.99899999999463,37.48,9169.4,,,,0,18387.6
2403,2449,41,10000,50.99899999999463,37.48,9169.4,,,,0,18408.0
2404,2450,41,10000,50.99899999999463,37.48,9169.4,,,,0,18428.3
2405,2451,0,301,-0.6999999999999997,36.66,8975.42,,,,0,18428.9
2406,2452,9,2447,10.445999999999803,36.02,8824.36,,,,0,18432.7
2407,2453,41,10000,50.99899999999463,36.02,8824.36,,,,0,18444.6
2408,2454,41,10000,50.99899999999463,36.02,8824.36,,,,0,18455.9
2409,2455,41,10000,50.99899999999463,36.66,8975.78,,,,0,18468.0
2410,2456,41,10000,50.99899999999463,36.66,8975.78,,,,0,18479.5
2411,2457,41,10000,50.99899999999463,36.66,8975.78,,,,0,18491.4
2412,2458,41,10000,50.99899999999463,36.66,8975.78,,,,0,18509.4
2413,2459,41,10000,50.99899999999463,36.66,8975.78,,,,0,18526.9
2414,2460,32,7971,38.96999999999936,36.48,8935.2,,,,0,18539.2
2415,2461,41,10000,50.99899999999463,36.48,8935.2,,,,0,18554.1
2416,2462,7,1997,7.996000000000052,35.8,8775.14,,,,0,18557.2
2417,2463,41,10000,50.99899999999463,35.8,8775.14,,,,0,18573.5
2418,2464,41,10000,50.99899999999463,36.04,8830.1,,,,0,18592.3
2419,2465,41,10000,50.99899999999463,36.04,8830.1,,,,0,18609.9
2420,2466,41,10000,50.99899999999463,36.44,8922.86,,,,0,18625.7
2421,2467,41,10000,50.99899999999463,36.44,8922.86,,,,0,18642.8
2422,2468,41,10000,50.99899999999463,36.44,8922.86,,,,0,18657.7
2423,2469,41,10000,50.99899999999463,36.44,8922.86,,,,0,18668.7
2424,2470,41,10000,50.99899999999463,36.44,8922.86,,,,0,18679.4
2425,2471,41,10000,50.99899999999463,36.44,8922.86,,,,0,18689.5
2426,2472,41,10000,50.99899999999463,36.44,8922.86,,,,0,18700.2
2427,2473,41,10000,50.99899999999463,36.44,8922.86,,,,0,18711.0
2428,2474,0,277,-0.7239999999999998,35.62,8728.4,,,,0,18711.4
2429,2475,41,10000,50.99899999999463,35.62,8728.4,,,,0,18730.4
2430,2476,41,10000,50.99899999999463,35.62,8728.4,,,,0,18749.7
2431,2477,3,1006,3.004999999999927,34.86,8548.52,,,,0,18751.7
2432,2478,23,5789,27.78800000000254,34.5,8464.3,,,,0,18762.5
2433,2479,1,556,0.5549999999999748,33.7,8275.42,,,,0,18763.5
2434,2480,41,10000,50.99899999999463,33.7,8275.42,,,,0,18781.5
2435,2481,29,7270,35.26900000000099,33.46,8220.82,,,,0,18793.8
2436,2482,41,10000,50.99899999999463,33.46,8220.82,,,,0,18809.5
2437,2483,41,10000,50.99899999999463,33.98,8342.38,,,,0,18828.1
2438,2484,41,10000,50.99899999999463,34.32,8421.1,,,,0,18847.0
2439,2485,41,10000,50.99899999999463,34.32,8421.1,,,,0,18865.6
2440,2486,41,10000,50.99899999999463,34.32,8421.1,,,,0,18884.6
2441,2487,41,10000,50.99899999999463,34.32,8421.1,,,,0,18904.8
2442,2488,41,10000,50.99899999999463,34.54,8475.32,,,,0,18924.9
2443,2489,24,6029,29.028000000002834,34.2,8395.9,,,,0,18936.9
2444,2490,37,9156,45.1549999999966,34.12,8379.02,,,,0,18953.1
2445,2491,13,3436,15.434999999999665,33.56,8247.74,,,,0,18959.7
2446,2492,41,10000,50.99899999999463,33.56,8247.74,,,,0,18978.4
2447,2493,41,10000,50.99899999999463,34.02,8359.58,,,,0,18992.9
2448,2494,41,10000,50.99899999999463,34.02,8359.58,,,,0,19009.2
2449,2495,6,1709,6.708000000000161,34.02,8358.88,,,,0,19012.1
2450,2496,41,10000,50.99899999999463,34.02,8358.88,,,,0,19030.1
2451,2497,41,10000,50.99899999999463,34.02,8358.88,,,,0,19047.8
2452,2498,41,10000,50.99899999999463,34.02,8358.88,,,,0,19066.6
2453,2499,17,4390,20.38900000000083,33.54,8246.68,,,,0,19075.4
2454,2500,41,10000,50.99899999999463,33.54,8246.68,,,,0,19102.2
2455,2501,41,10000,50.99899999999463,34.36,8440.66,,,,0,19126.7
2456,2502,33,8224,40.22299999999877,34.84,8556.2,,,,0,19142.9
2457,2503,15,3922,17.92100000000026,34.32,8434.64,,,,0,19150.2
2458,2504,41,10000,50.99899999999463,34.32,8434.64,,,,0,19173.2
2459,2505,41,10000,50.99899999999463,34.32,8434.64,,,,0,19204.7
2460,2506,41,10000,50.99899999999463,34.32,8434.64,,,,0,19239.2
2461,2507,4,1229,4.228000000000001,33.58,8259.22,,,,0,19243.0
2462,2508,41,10000,50.99899999999463,33.58,8259.22,,,,0,19281.2
2463,2509,0,304,-0.6969999999999998,32.76,8065.3,,,,0,19282.1
2464,2510,29,7270,35.26900000000099,32.7,8051.28,,,,0,19301.5
2465,2511,41,10000,50.99899999999463,32.7,8051.28,,,,0,19327.3
2466,2512,41,10000,50.99899999999463,33.38,8211.34,,,,0,19352.0
2467,2513,41,10000,50.99899999999463,33.38,8211.34,,,,0,19381.4
2468,2514,41,10000,50.99899999999463,33.38,8211.34,,,,0,19410.8
2469,2515,41,10000,50.99899999999463,33.38,8211.34,,,,0,19436.1
2470,2516,34,8455,41.45399999999823,33.24,8180.44,,,,0,19457.1
2471,2517,41,10000,50.99899999999463,33.24,8180.44,,,,0,19482.9
2472,2518,41,10000,50.99899999999463,33.24,8180.44,,,,0,19511.7
2473,2519,41,10000,50.99899999999463,33.24,8180.44,,,,0,19538.0
2474,2520,13,3437,15.435999999999666,32.68,8049.18,,,,0,19547.0
2475,2521,41,10000,50.99899999999463,32.68,8049.18,,,,0,19575.7
2476,2522,39,9629,47.627999999995495,32.64,8041.76,,,,0,19599.6
2477,2523,41,10000,50.99899999999463,32.64,8041.76,,,,0,19624.6
2478,2524,41,10000,50.99899999999463,33.46,8236.22,,,,0,19649.0
2479,2525,41,10000,50.99899999999463,33.46,8236.22,,,,0,19674.1
2480,2526,41,10000,50.99899999999463,33.46,8236.22,,,,0,19699.7
2481,2527,41,10000,50.99899999999463,34.22,8416.1,,,,0,19724.4
2482,2528,41,10000,50.99899999999463,34.58,8500.32,,,,0,19749.0
2483,2529,41,10000,50.99899999999463,35.38,8689.2,,,,0,19774.8
2484,2530,41,10000,50.99899999999463,35.38,8689.2,,,,0,19798.8
2485,2531,41,10000,50.99899999999463,35.62,8743.8,,,,0,19824.6
2486,2532,41,10000,50.99899999999463,35.62,8743.8,,,,0,19849.1
2487,2533,38,9430,46.42899999999596,35.56,8732.4,,,,0,19871.8
2488,2534,41,10000,50.99899999999463,35.56,8732.4,,,,0,19896.5
2489,2535,41,10000,50.99899999999463,35.56,8732.4,,,,0,19921.1
2490,2536,41,10000,50.99899999999463,35.56,8732.4,,,,0,19948.1
2491,2537,41,10000,50.99899999999463,35.56,8732.4,,,,0,19972.3
2492,2538,41,10000,50.99899999999463,35.56,8732.4,,,,0,19997.6
2493,2539,41,10000,50.99899999999463,35.9,8811.82,,,,0,20023.8
2494,2540,9,2447,10.445999999999803,35.34,8677.64,,,,0,20030.0
2495,2541,36,8963,43.96199999999705,35.8,8788.18,,,,0,20050.8
2496,2542,41,10000,50.99899999999463,35.8,8788.18,,,,0,20074.5
2497,2543,41,10000,50.99899999999463,35.8,8788.18,,,,0,20100.4
2498,2544,41,10000,50.99899999999463,35.8,8788.18,,,,0,20124.8
2499,2545,41,10000,50.99899999999463,36.5,8954.0,,,,0,20148.3
2500,2546,41,10000,50.99899999999463,36.5,8954.0,1.45,379.05,0.5,0,20206.1
2501,2547,41,10000,50.99899999999463,36.5,8954.0,,,,0,20232.3
2502,2548,41,10000,50.99899999999463,36.5,8954.0,,,,0,20256.6
2503,2549,16,4109,19.108000000000487,36.48,8948.38,,,,0,20268.1
2504,2550,41,10000,50.99899999999463,36.48,8948.38,,,,0,20291.7
2505,2551,41,10000,50.99899999999463,36.48,8948.38,,,,0,20316.4
2506,2552,41,10000,50.99899999999463,36.64,8983.9,,,,0,20342.0
2507,2553,41,10000,50.99899999999463,37.16,9105.46,,,,0,20366.4
2508,2554,41,10000,50.99899999999463,37.16,9105.46,,,,0,20392.9
2509,2555,41,10000,50.99899999999463,37.16,9105.46,,,,0,20417.8
2510,2556,41,10000,50.99899999999463,37.16,9105.46,,,,0,20442.3
2511,2557,12,3166,14.164999999999404,37.32,9144.2,,,,0,20450.1
2512,2558,41,10000,50.99899999999463,37.32,9144.2,,,,0,20476.8
2513,2559,41,10000,50.99899999999463,38.14,9338.12,,,,0,20502.7
2514,2560,8,2228,9.226999999999924,37.72,9237.28,,,,0,20508.2
2515,2561,41,10000,50.99899999999463,37.72,9237.28,,,,0,20532.5
2516,2562,41,10000,50.99899999999463,37.72,9237.28,,,,0,20559.1
2517,2563,41,10000,50.99899999999463,37.72,9237.28,,,,0,20584.7
2518,2564,41,10000,50.99899999999463,37.72,9237.28,,,,0,20609.0
2519,2565,41,10000,50.99899999999463,37.72,9237.28,,,,0,20635.0
2520,2566,39,9665,47.66399999999541,37.82,9261.48,,,,0,20659.4
2521,2567,41,10000,50.99899999999463,37.82,9261.48,,,,0,20683.7
2522,2568,41,10000,50.99899999999463,37.82,9261.48,,,,0,20709.1
2523,2569,41,10000,50.99899999999463,37.82,9261.48,,,,0,20735.0
2524,2570,41,10000,50.99899999999463,38.38,9392.74,,,,0,20761.0
2525,2571,41,10000,50.99899999999463,38.38,9392.74,,,,0,20787.4
2526,2572,41,10000,50.99899999999463,38.42,9400.16,,,,0,20812.9
2527,2573,41,10000,50.99899999999463,38.42,9400.16,,,,0,20837.4
2528,2574,27,6785,32.78400000000212,38.14,9335.86,,,,0,20853.6
2529,2575,41,10000,50.99899999999463,38.14,9335.86,,,,0,20878.1
2530,2576,41,10000,50.99899999999463,38.14,9335.86,,,,0,20903.8
2531,2577,41,10000,50.99899999999463,38.14,9335.86,,,,0,20929.4
2532,2578,41,10000,50.99899999999463,38.14,9335.86,,,,0,20954.6
2533,2579,41,10000,50.99899999999463,38.14,9335.86,,,,0,20979.9
2534,2580,41,10000,50.99899999999463,38.14,9335.86,,,,0,21004.0
2535,2581,41,10000,50.99899999999463,38.14,9335.86,,,,0,21029.5
2536,2582,41,10000,50.99899999999463,38.14,9335.86,,,,0,21062.7
2537,2583,41,10000,50.99899999999463,38.2,9347.26,,,,0,21089.4
2538,2584,9,2248,10.246999999999913,37.56,9192.22,,,,0,21095.0
2539,2585,40,9869,48.867999999994936,37.54,9189.6,,,,0,21119.6
2540,2586,41,10000,50.99899999999463,37.54,9189.6,,,,0,21143.5
2541,2587,41,10000,50.99899999999463,37.54,9189.6,,,,0,21168.8
2542,2588,39,9646,47.644999999995456,37.5,9182.52,,,,0,21194.7
2543,2589,41,10000,50.99899999999463,37.5,9182.52,,,,0,21220.2
2544,2590,41,10000,50.99899999999463,38.14,9333.58,,,,0,21247.1
2545,2591,41,10000,50.99899999999463,38.24,9354.32,,,,0,21276.8
2546,2592,41,10000,50.99899999999463,38.24,9354.32,,,,0,21303.7
2547,2593,41,10000,50.99899999999463,38.24,9354.32,,,,0,21328.5
2548,2594,41,10000,50.99899999999463,38.24,9354.32,,,,0,21355.5
2549,2595,41,10000,50.99899999999463,38.24,9354.32,,,,0,21380.7
2550,2596,0,287,-0.7139999999999997,37.42,9160.06,,,,0,21381.4
2551,2597,4,1236,4.235000000000003,36.68,8984.78,,,,0,21384.3
2552,2598,41,10000,50.99899999999463,36.68,8984.78,,,,0,21410.8
2553,2599,41,10000,50.99899999999463,37.18,9102.6,,,,0,21435.5
2554,2600,41,10000,50.99899999999463,37.18,9102.6,,,,0,21459.9
2555,2601,41,10000,50.99899999999463,37.18,9102.6,,,,0,21485.3
2556,2602,41,10000,50.99899999999463,37.18,9102.6,,,,0,21509.8
2557,2603,41,10000,50.99899999999463,37.18,9102.6,,,,0,21535.0
2558,2604,41,10000,50.99899999999463,37.18,9102.6,,,,0,21559.8
2559,2605,41,10000,50.99899999999463,37.18,9102.6,,,,0,21585.1
2560,2606,41,10000,50.99899999999463,37.18,9102.6,,,,0,21611.9
2561,2607,2,788,1.7869999999999493,36.98,9055.04,,,,0,21614.7
2562,2608,41,10000,50.99899999999463,36.98,9055.04,,,,0,21641.7
2563,2609,41,10000,50.99899999999463,36.98,9055.04,,,,0,21667.1
2564,2610,41,10000,50.99899999999463,37.64,9210.48,,,,0,21693.5
2565,2611,41,10000,50.99899999999463,37.64,9210.48,,,,0,21719.7
2566,2612,41,10000,50.99899999999463,37.64,9210.48,,,,0,21745.7
2567,2613,41,10000,50.99899999999463,37.64,9210.48,,,,0,21771.1
2568,2614,41,10000,50.99899999999463,37.64,9210.48,,,,0,21793.7
2569,2615,41,10000,50.99899999999463,37.64,9210.48,,,,0,21815.8
2570,2616,41,10000,50.99899999999463,37.68,9217.18,,,,0,21844.2
2571,2617,41,10000,50.99899999999463,37.68,9217.18,,,,0,21866.0
2572,2618,41,10000,50.99899999999463,37.68,9217.18,,,,0,21885.4
2573,2619,41,10000,50.99899999999463,37.68,9217.18,,,,0,21904.3
2574,2620,41,10000,50.99899999999463,37.68,9217.18,,,,0,21923.1
2575,2621,41,10000,50.99899999999463,37.68,9217.18,,,,0,21943.5
2576,2622,41,10000,50.99899999999463,37.68,9217.18,,,,0,21968.7
2577,2623,41,10000,50.99899999999463,37.68,9217.18,,,,0,21987.8
2578,2624,41,10000,50.99899999999463,37.96,9281.48,,,,0,22005.9
2579,2625,41,10000,50.99899999999463,37.96,9281.48,,,,0,22023.8
2580,2626,41,10000,50.99899999999463,37.96,9281.48,,,,0,22042.7
2581,2627,41,10000,50.99899999999463,37.96,9281.48,,,,0,22061.7
2582,2628,26,6533,31.53200000000271,37.66,9212.14,,,,0,22073.1
2583,2629,41,10000,50.99899999999463,37.66,9212.14,,,,0,22093.8
2584,2630,13,3401,15.399999999999622,37.1,9080.16,,,,0,22100.6
2585,2631,41,10000,50.99899999999463,37.1,9080.16,,,,0,22117.9
2586,2632,41,10000,50.99899999999463,37.1,9080.16,,,,0,22136.0
2587,2633,7,1954,7.953000000000076,36.42,8919.24,,,,0,22139.5
2588,2634,41,10000,50.99899999999463,37.06,9074.28,,,,0,22156.9
2589,2635,41,10000,50.99899999999463,37.08,9076.9,,,,0,22174.5
2590,2636,41,10000,50.99899999999463,37.08,9076.9,,,,0,22191.0
2591,2637,41,10000,50.99899999999463,37.08,9076.9,,,,0,22206.1
2592,2638,41,10000,50.99899999999463,37.12,9083.98,,,,0,22221.2
2593,2639,41,10000,50.99899999999463,37.12,9083.98,,,,0,22236.1
2594,2640,4,1276,4.275000000000016,36.38,8909.5,,,,0,22238.1
2595,2641,41,10000,50.99899999999463,36.38,8909.5,,,,0,22253.3
2596,2642,41,10000,50.99899999999463,36.38,8909.5,,,,0,22268.3
2597,2643,41,10000,50.99899999999463,36.38,8909.5,,,,0,22283.1
2598,2644,41,10000,50.99899999999463,36.38,8909.5,,,,0,22298.0
2599,2645,41,10000,50.99899999999463,36.38,8909.5,,,,0,22313.9
2600,2646,41,10000,50.99899999999463,37.2,9103.76,,,,0,22328.4
2601,2647,41,10000,50.99899999999463,37.94,9279.04,,,,0,22342.7
2602,2648,41,10000,50.99899999999463,37.94,9279.04,,,,0,22352.9
2603,2649,41,10000,50.99899999999463,37.94,9279.04,,,,0,22363.5
2604,2650,41,10000,50.99899999999463,37.94,9279.04,,,,0,22374.4
2605,2651,41,10000,50.99899999999463,37.94,9279.04,,,,0,22385.0
2606,2652,41,10000,50.99899999999463,37.94,9279.04,,,,0,22395.3
2607,2653,41,10000,50.99899999999463,37.94,9279.04,,,,0,22405.4
2608,2654,41,10000,50.99899999999463,37.94,9279.04,,,,0,22416.3
2609,2655,3,1024,3.022999999999933,37.18,9099.52,,,,0,22417.4
2610,2656,41,10000,50.99899999999463,37.18,9099.52,,,,0,22428.4
2611,2657,41,10000,50.99899999999463,37.96,9283.76,,,,0,22439.0
2612,2658,41,10000,50.99899999999463,37.96,9283.76,,,,0,22449.6
2613,2659,33,8189,40.18799999999885,37.8,9247.54,,,,0,22458.2
2614,2660,41,10000,50.99899999999463,37.8,9247.54,,,,0,22469.8
2615,2661,41,10000,50.99899999999463,37.8,9247.54,,,,0,22480.6
2616,2662,41,10000,50.99899999999463,37.8,9247.54,,,,0,22491.5
2617,2663,41,10000,50.99899999999463,37.8,9247.54,,,,0,22502.5
2618,2664,16,4109,19.108000000000487,37.3,9129.72,,,,0,22506.9
2619,2665,41,10000,50.99899999999463,37.3,9129.72,,,,0,22518.0
2620,2666,41,10000,50.99899999999463,37.3,9129.72,,,,0,22529.2
2621,2667,41,10000,50.99899999999463,37.3,9129.72,,,,0,22539.9
2622,2668,41,10000,50.99899999999463,37.3,9129.72,,,,0,22550.9
2623,2669,41,10000,50.99899999999463,37.3,9129.72,,,,0,22561.5
2624,2670,41,10000,50.99899999999463,37.3,9129.72,,,,0,22572.6
2625,2671,41,10000,50.99899999999463,37.3,9129.72,,,,0,22583.7
2626,2672,41,10000,50.99899999999463,37.3,9129.72,,,,0,22594.2
2627,2673,3,1042,3.040999999999939,36.54,8950.56,,,,0,22595.3
2628,2674,41,10000,50.99899999999463,36.54,8950.56,,,,0,22606.0
2629,2675,41,10000,50.99899999999463,36.54,8950.56,,,,0,22616.7
2630,2676,41,10000,50.99899999999463,36.54,8950.56,,,,0,22627.8
2631,2677,41,10000,50.99899999999463,36.54,8950.56,,,,0,22639.2
2632,2678,41,10000,50.99899999999463,36.84,9019.9,,,,0,22649.6
2633,2679,41,10000,50.99899999999463,36.84,9019.9,,,,0,22660.6
2634,2680,41,10000,50.99899999999463,37.4,9151.88,,,,0,22679.3
2635,2681,41,10000,50.99899999999463,37.4,9151.88,,,,0,22696.7
2636,2682,12,3185,14.183999999999394,36.82,9015.58,,,,0,22702.1
2637,2683,41,10000,50.99899999999463,37.5,9176.5,,,,0,22718.9
2638,2684,41,10000,50.99899999999463,37.5,9176.5,,,,0,22735.6
2639,2685,41,10000,50.99899999999463,37.5,9176.5,,,,0,22752.7
2640,2686,41,10000,50.99899999999463,37.5,9176.5,,,,0,22769.4
2641,2687,41,10000,50.99899999999463,37.5,9176.5,,,,0,22786.7
2642,2688,41,10000,50.99899999999463,37.5,9176.5,,,,0,22803.5
2643,2689,41,10000,50.99899999999463,37.5,9176.5,,,,0,22820.8
2644,2690,41,10000,50.99899999999463,38.24,9350.98,,,,0,22838.7
2645,2691,41,10000,50.99899999999463,38.24,9350.98,,,,0,22855.8
2646,2692,41,10000,50.99899999999463,38.24,9350.98,,,,0,22872.5
2647,2693,41,10000,50.99899999999463,38.24,9350.98,,,,0,22889.6
2648,2694,41,10000,50.99899999999463,38.24,9350.98,,,,0,22902.6
2649,2695,41,10000,50.99899999999463,38.24,9350.98,,,,0,22914.2
2650,2696,28,6989,33.98800000000165,37.98,9290.76,,,,0,22925.4
2651,2697,41,10000,50.99899999999463,37.98,9290.76,,,,0,22941.9
2652,2698,41,10000,50.99899999999463,37.98,9290.76,,,,0,22958.9
2653,2699,29,7246,35.24500000000105,37.74,9235.68,,,,0,22971.7
2654,2700,30,7289,36.28800000000095,37.52,9181.46,,,,0,22983.9
2655,2701,41,10000,50.99899999999463,37.52,9181.46,,,,0,23001.2
2656,2702,41,10000,50.99899999999463,37.52,9181.46,,,,0,23018.0
2657,2703,41,10000,50.99899999999463,37.52,9181.46,,,,0,23035.3
2658,2704,41,10000,50.99899999999463,37.52,9181.46,,,,0,23051.5
2659,2705,41,10000,50.99899999999463,38.28,9360.98,,,,0,23067.0
2660,2706,41,10000,50.99899999999463,38.28,9360.98,,,,0,23082.8
2661,2707,41,10000,50.99899999999463,38.28,9360.98,,,,0,23097.7
2662,2708,41,10000,50.99899999999463,38.28,9360.98,,,,0,23109.4
2663,2709,41,10000,50.99899999999463,38.44,9397.2,,,,0,23120.6
2664,2710,41,10000,50.99899999999463,38.44,9397.2,,,,0,23131.1
2665,2711,41,10000,50.99899999999463,38.44,9397.2,,,,0,23141.4
2666,2712,41,10000,50.99899999999463,38.44,9397.2,,,,0,23152.0
2667,2713,41,10000,50.99899999999463,38.44,9397.2,,,,0,23162.8
2668,2714,30,7505,36.504000000000445,38.72,9465.12,,,,0,23170.5
2669,2715,41,10000,50.99899999999463,38.72,9465.12,,,,0,23181.0
2670,2716,28,7034,34.03300000000154,38.46,9405.8,,,,0,23189.3
2671,2717,41,10000,50.99899999999463,38.46,9405.8,,,,0,23200.9
2672,2718,41,10000,50.99899999999463,38.46,9405.8,,,,0,23211.8
2673,2719,41,10000,50.99899999999463,38.46,9405.8,,,,0,23223.3
2674,2720,41,10000,50.99899999999463,38.46,9405.8,,,,0,23234.6
2675,2721,36,8963,43.96199999999705,38.36,9385.06,,,,0,23244.9
2676,2722,33,8008,40.00699999999927,38.2,9345.22,,,,0,23253.8
2677,2723,41,10000,50.99899999999463,38.96,9524.38,,,,0,23265.7
2678,2724,41,10000,50.99899999999463,38.96,9524.38,,,,0,23276.4
