episode,seed,score,steps,total_reward,mean_score_50,mean_survival_50,eval_mean_score,eval_mean_survival,eval_success_rate,curriculum_stage,wall_time_s
1,46,41,10000,50.99899999999463,41.0,10000.0,,,,0,15.9
2,47,41,10000,50.99899999999463,41.0,10000.0,,,,0,31.0
3,48,41,10000,50.99899999999463,41.0,10000.0,,,,0,46.3
4,49,41,10000,50.99899999999463,41.0,10000.0,,,,0,61.2
5,50,41,10000,50.99899999999463,41.0,10000.0,,,,0,78.0
6,51,41,10000,50.99899999999463,41.0,10000.0,,,,0,92.1
7,52,41,10000,50.99899999999463,41.0,10000.0,,,,0,106.0
8,53,15,3689,17.687999999999974,37.75,9211.125,,,,0,110.7
9,54,41,10000,50.99899999999463,38.111111111111114,9298.777777777777,,,,0,123.2
10,55,41,10000,50.99899999999463,38.4,9368.9,,,,0,136.3
11,56,41,10000,50.99899999999463,38.63636363636363,9426.272727272728,,,,0,151.2
12,57,30,7522,36.521000000000406,37.916666666666664,9267.583333333334,,,,0,162.4
13,58,25,6312,30.31100000000318,36.92307692307692,9040.23076923077,,,,0,170.3
14,59,6,1762,6.761000000000179,34.714285714285715,8520.357142857143,,,,0,172.4
15,60,41,10000,50.99899999999463,35.13333333333333,8619.0,,,,0,185.9
16,61,19,4852,22.851000000001395,34.125,8383.5625,,,,0,192.2
17,62,41,10000,50.99899999999463,34.529411764705884,8478.64705882353,,,,0,204.6
18,63,25,6281,30.28000000000314,34.0,8356.555555555555,,,,0,212.8
19,64,34,8452,41.45099999999824,34.0,8361.578947368422,,,,0,225.6
20,65,5,1489,5.4880000000000875,32.55,8017.95,,,,0,227.9
21,66,41,10000,50.99899999999463,32.95238095238095,8112.333333333333,,,,0,242.2
22,67,11,2961,12.959999999999518,31.954545454545453,7878.181818181818,,,,0,246.0
23,68,41,10000,50.99899999999463,32.34782608695652,7970.434782608696,,,,0,259.9
24,69,14,3666,16.664999999999946,31.583333333333332,7791.083333333333,,,,0,264.7
25,70,41,10000,50.99899999999463,31.96,7879.44,,,,0,278.3
26,71,41,10000,50.99899999999463,32.30769230769231,7961.0,,,,0,293.0
27,72,27,6749,32.74800000000221,32.111111111111114,7916.111111111111,,,,0,303.5
28,73,41,10000,50.99899999999463,32.42857142857143,7990.535714285715,,,,0,318.4
29,74,30,7522,36.521000000000406,32.3448275862069,7974.379310344828,,,,0,329.6
30,75,41,10000,50.99899999999463,32.63333333333333,8041.9,,,,0,344.6
31,76,41,10000,50.99899999999463,32.903225806451616,8105.064516129032,,,,0,359.8
32,77,25,6307,30.306000000003174,32.65625,8048.875,,,,0,369.6
33,78,41,10000,50.99899999999463,32.90909090909091,8108.0,,,,0,385.0
34,79,41,10000,50.99899999999463,33.14705882352941,8163.64705882353,,,,0,402.3
35,80,41,10000,50.99899999999463,33.371428571428574,8216.114285714286,,,,0,417.3
36,81,41,10000,50.99899999999463,33.583333333333336,8265.666666666666,,,,0,434.2
37,82,41,10000,50.99899999999463,33.78378378378378,8312.54054054054,,,,0,446.8
38,83,41,10000,50.99899999999463,33.973684210526315,8356.947368421053,,,,0,458.8
39,84,41,10000,50.99899999999463,34.15384615384615,8399.076923076924,,,,0,471.2
40,85,41,10000,50.99899999999463,34.325,8439.1,,,,0,483.1
41,86,41,10000,50.99899999999463,34.48780487804878,8477.170731707318,,,,0,497.3
42,87,41,10000,50.99899999999463,34.642857142857146,8513.42857142857,,,,0,511.9
43,88,41,10000,50.99899999999463,34.7906976744186,8548.0,,,,0,526.7
44,89,41,10000,50.99899999999463,34.93181818181818,8581.0,,,,0,541.9
45,90,41,10000,50.99899999999463,35.06666666666667,8612.533333333333,,,,0,557.2
46,91,41,10000,50.99899999999463,35.19565217391305,8642.695652173914,,,,0,571.5
47,92,41,10000,50.99899999999463,35.319148936170215,8671.574468085106,,,,0,588.4
48,93,41,10000,50.99899999999463,35.4375,8699.25,,,,0,606.0
49,94,41,10000,50.99899999999463,35.55102040816327,8725.795918367347,,,,0,624.3
50,95,41,10000,50.99899999999463,35.66,8751.28,,,,0,637.6
51,96,41,10000,50.99899999999463,35.66,8751.28,,,,0,651.1
52,97,41,10000,50.99899999999463,35.66,8751.28,,,,0,664.1
53,98,29,7243,35.242000000001056,35.42,8696.14,,,,0,674.3
54,99,41,10000,50.99899999999463,35.42,8696.14,,,,0,688.7
55,100,41,10000,50.99899999999463,35.42,8696.14,,,,0,705.2
56,101,41,10000,50.99899999999463,35.42,8696.14,,,,0,719.9
57,102,20,5082,24.081000000001676,35.0,8597.78,,,,0,727.1
58,103,41,10000,50.99899999999463,35.52,8724.0,,,,0,741.7
59,104,41,10000,50.99899999999463,35.52,8724.0,,,,0,753.7
60,105,41,10000,50.99899999999463,35.52,8724.0,,,,0,765.6
61,106,41,10000,50.99899999999463,35.52,8724.0,,,,0,777.7
62,107,41,10000,50.99899999999463,35.74,8773.56,,,,0,791.3
63,108,14,3661,16.65999999999994,35.52,8720.54,,,,0,796.4
64,109,41,10000,50.99899999999463,36.22,8885.3,,,,0,808.2
65,110,41,10000,50.99899999999463,36.22,8885.3,,,,0,819.7
66,111,25,6269,30.268000000003127,36.34,8913.64,,,,0,828.5
67,112,41,10000,50.99899999999463,36.34,8913.64,,,,0,842.7
68,113,41,10000,50.99899999999463,36.66,8988.02,,,,0,856.2
69,114,41,10000,50.99899999999463,36.8,9018.98,,,,0,871.1
70,115,41,10000,50.99899999999463,37.52,9189.2,,,,0,885.7
71,116,41,10000,50.99899999999463,37.52,9189.2,,,,0,898.0
72,117,41,10000,50.99899999999463,38.12,9329.98,,,,0,910.5
73,118,41,10000,50.99899999999463,38.12,9329.98,,,,0,923.2
74,119,19,4848,22.84700000000139,38.22,9353.62,,,,0,930.6
75,120,1,557,0.5559999999999747,37.42,9164.76,,,,0,931.5
76,121,41,10000,50.99899999999463,37.42,9164.76,,,,0,945.4
77,122,41,10000,50.99899999999463,37.7,9229.78,,,,0,961.2
78,123,41,10000,50.99899999999463,37.7,9229.78,,,,0,977.7
79,124,6,1744,6.743000000000173,37.22,9114.22,,,,0,980.2
80,125,41,10000,50.99899999999463,37.22,9114.22,,,,0,995.8
81,126,32,8001,38.99999999999929,37.04,9074.24,,,,0,1008.7
82,127,41,10000,50.99899999999463,37.36,9148.1,,,,0,1024.4
83,128,41,10000,50.99899999999463,37.36,9148.1,,,,0,1040.3
84,129,41,10000,50.99899999999463,37.36,9148.1,,,,0,1056.6
85,130,41,10000,50.99899999999463,37.36,9148.1,,,,0,1073.0
86,131,41,10000,50.99899999999463,37.36,9148.1,,,,0,1087.9
87,132,41,10000,50.99899999999463,37.36,9148.1,,,,0,1104.4
88,133,41,10000,50.99899999999463,37.36,9148.1,,,,0,1120.3
89,134,12,3202,14.200999999999384,36.78,9012.14,,,,0,1125.8
90,135,41,10000,50.99899999999463,36.78,9012.14,,,,0,1141.6
91,136,41,10000,50.99899999999463,36.78,9012.14,,,,0,1157.7
92,137,41,10000,50.99899999999463,36.78,9012.14,,,,0,1174.1
93,138,41,10000,50.99899999999463,36.78,9012.14,,,,0,1190.7
94,139,41,10000,50.99899999999463,36.78,9012.14,,,,0,1205.9
95,140,41,10000,50.99899999999463,36.78,9012.14,,,,0,1223.3
96,141,41,10000,50.99899999999463,36.78,9012.14,,,,0,1239.4
97,142,41,10000,50.99899999999463,36.78,9012.14,,,,0,1256.3
98,143,41,10000,50.99899999999463,36.78,9012.14,,,,0,1272.8
99,144,41,10000,50.99899999999463,36.78,9012.14,,,,0,1290.6
100,145,41,10000,50.99899999999463,36.78,9012.14,,,,0,1307.7
101,146,41,10000,50.99899999999463,36.78,9012.14,,,,0,1324.7
102,147,41,10000,50.99899999999463,36.78,9012.14,,,,0,1339.7
103,148,41,10000,50.99899999999463,37.02,9067.28,,,,0,1354.9
104,149,15,3905,17.904000000000238,36.5,8945.38,,,,0,1361.4
105,150,41,10000,50.99899999999463,36.5,8945.38,,,,0,1376.8
106,151,6,1726,6.725000000000167,35.8,8779.9,,,,0,1379.4
107,152,39,9629,47.627999999995495,36.18,8870.84,,,,0,1394.6
108,153,41,10000,50.99899999999463,36.18,8870.84,,,,0,1409.9
109,154,41,10000,50.99899999999463,36.18,8870.84,,,,0,1425.7
110,155,6,1709,6.708000000000161,35.48,8705.02,,,,0,1428.4
111,156,41,10000,50.99899999999463,35.48,8705.02,,,,0,1444.1
112,157,41,10000,50.99899999999463,35.48,8705.02,,,,0,1461.3
113,158,41,10000,50.99899999999463,36.02,8831.8,,,,0,1479.5
114,159,11,2932,12.930999999999534,35.42,8690.44,,,,0,1484.0
115,160,41,10000,50.99899999999463,35.42,8690.44,,,,0,1500.9
116,161,39,9664,47.662999999995414,35.7,8758.34,,,,0,1514.6
117,162,41,10000,50.99899999999463,35.7,8758.34,,,,0,1528.7
118,163,41,10000,50.99899999999463,35.7,8758.34,,,,0,1541.0
119,164,41,10000,50.99899999999463,35.7,8758.34,,,,0,1556.3
120,165,6,1723,6.722000000000166,35.0,8592.8,,,,0,1558.8
121,166,41,10000,50.99899999999463,35.0,8592.8,,,,0,1573.4
122,167,41,10000,50.99899999999463,35.0,8592.8,,,,0,1589.0
123,168,24,5848,28.847000000002613,34.66,8509.76,,,,0,1597.0
124,169,41,10000,50.99899999999463,35.1,8612.8,,,,0,1611.0
125,170,7,1996,7.9950000000000525,35.22,8641.58,,,,0,1614.1
126,171,41,10000,50.99899999999463,35.22,8641.58,,,,0,1629.9
127,172,41,10000,50.99899999999463,35.22,8641.58,,,,0,1647.5
128,173,41,10000,50.99899999999463,35.22,8641.58,,,,0,1665.0
129,174,41,10000,50.99899999999463,35.92,8806.7,,,,0,1681.2
130,175,41,10000,50.99899999999463,35.92,8806.7,,,,0,1697.7
131,176,1,556,0.5549999999999748,35.3,8657.8,,,,0,1698.5
132,177,41,10000,50.99899999999463,35.3,8657.8,,,,0,1716.3
133,178,41,10000,50.99899999999463,35.3,8657.8,,,,0,1736.8
134,179,41,10000,50.99899999999463,35.3,8657.8,,,,0,1753.2
135,180,23,5790,27.78900000000254,34.94,8573.6,,,,0,1760.0
136,181,19,4859,22.858000000001404,34.5,8470.78,,,,0,1765.8
137,182,27,6766,32.76500000000217,34.22,8406.1,,,,0,1773.7
138,183,41,10000,50.99899999999463,34.22,8406.1,,,,0,1785.6
139,184,41,10000,50.99899999999463,34.8,8542.06,,,,0,1797.3
140,185,41,10000,50.99899999999463,34.8,8542.06,,,,0,1808.9
141,186,41,10000,50.99899999999463,34.8,8542.06,,,,0,1820.6
142,187,41,10000,50.99899999999463,34.8,8542.06,,,,0,1832.4
143,188,41,10000,50.99899999999463,34.8,8542.06,,,,0,1844.0
144,189,15,3905,17.904000000000238,34.28,8420.16,,,,0,1848.5
145,190,41,10000,50.99899999999463,34.28,8420.16,,,,0,1860.1
146,191,41,10000,50.99899999999463,34.28,8420.16,,,,0,1871.6
147,192,3,989,2.987999999999927,33.52,8239.94,,,,0,1872.7
148,193,41,10000,50.99899999999463,33.52,8239.94,,,,0,1884.3
149,194,41,10000,50.99899999999463,33.52,8239.94,,,,0,1896.0
150,195,11,2909,12.907999999999547,32.92,8098.12,,,,0,1899.3
151,196,8,2209,9.207999999999934,32.26,7942.3,,,,0,1901.9
152,197,8,2230,9.228999999999923,31.6,7786.9,,,,0,1904.6
153,198,41,10000,50.99899999999463,31.6,7786.9,,,,0,1916.3
154,199,3,989,2.987999999999927,31.36,7728.58,,,,0,1917.4
155,200,3,1024,3.022999999999933,30.6,7549.06,,,,0,1918.6
156,201,41,10000,50.99899999999463,31.3,7714.54,,,,0,1930.4
157,202,9,2249,10.247999999999912,30.7,7566.94,,,,0,1933.0
158,203,41,10000,50.99899999999463,30.7,7566.94,,,,0,1944.7
159,204,4,1259,4.258000000000011,29.96,7392.12,,,,0,1946.1
160,205,8,2195,9.193999999999942,30.0,7401.84,,,,0,1948.6
161,206,41,10000,50.99899999999463,30.0,7401.84,,,,0,1960.4
162,207,41,10000,50.99899999999463,30.0,7401.84,,,,0,1972.0
163,208,20,5123,24.122000000001727,29.58,7304.3,,,,0,1978.1
164,209,41,10000,50.99899999999463,30.18,7445.66,,,,0,1989.7
165,210,40,9916,48.914999999994826,30.16,7443.98,,,,0,2001.3
166,211,2,772,1.770999999999951,29.42,7266.14,,,,0,2002.1
167,212,41,10000,50.99899999999463,29.42,7266.14,,,,0,2013.9
168,213,30,7288,36.28700000000095,29.2,7211.9,,,,0,2022.6
169,214,41,10000,50.99899999999463,29.2,7211.9,,,,0,2034.4
170,215,30,7288,36.28700000000095,29.68,7323.2,,,,0,2043.2
171,216,2,754,1.752999999999953,28.9,7138.28,,,,0,2044.1
172,217,9,2437,10.435999999999808,28.26,6987.02,,,,0,2047.2
173,218,41,10000,50.99899999999463,28.6,7070.06,,,,0,2058.8
174,219,6,1727,6.726000000000167,27.9,6904.6,,,,0,2060.7
175,220,1,556,0.5549999999999748,27.78,6875.8,,,,0,2061.4
176,221,38,9408,46.40699999999601,27.72,6863.96,,,,0,2072.3
177,222,41,10000,50.99899999999463,27.72,6863.96,,,,0,2084.0
178,223,23,5825,27.824000000002584,27.36,6780.46,,,,0,2090.7
179,224,41,10000,50.99899999999463,27.36,6780.46,,,,0,2102.7
180,225,17,4391,20.390000000000832,26.88,6668.28,,,,0,2107.7
181,226,41,10000,50.99899999999463,27.68,6857.16,,,,0,2119.6
182,227,9,2464,10.462999999999793,27.04,6706.44,,,,0,2122.5
183,228,37,9173,45.17199999999656,26.96,6689.9,,,,0,2133.4
184,229,40,9876,48.87499999999492,26.94,6687.42,,,,0,2144.8
185,230,41,10000,50.99899999999463,27.3,6771.62,,,,0,2156.4
186,231,41,10000,50.99899999999463,27.74,6874.44,,,,0,2167.8
187,232,41,10000,50.99899999999463,28.02,6939.12,,,,0,2179.5
188,233,41,10000,50.99899999999463,28.02,6939.12,,,,0,2191.2
189,234,31,7738,37.7369999999999,27.82,6893.88,,,,0,2200.1
190,235,41,10000,50.99899999999463,27.82,6893.88,,,,0,2212.0
191,236,41,10000,50.99899999999463,27.82,6893.88,,,,0,2223.5
192,237,41,10000,50.99899999999463,27.82,6893.88,,,,0,2235.0
193,238,0,286,-0.7149999999999999,27.0,6699.6,,,,0,2235.4
194,239,1,557,0.5559999999999747,26.72,6632.64,,,,0,2236.0
195,240,34,8459,41.45799999999822,26.58,6601.82,,,,0,2246.0
196,241,6,1727,6.726000000000167,25.88,6436.36,,,,0,2247.9
197,242,17,4367,20.366000000000803,26.16,6503.92,,,,0,2252.8
198,243,10,2669,11.66799999999968,25.54,6357.3,,,,0,2256.0
199,244,41,10000,50.99899999999463,25.54,6357.3,,,,0,2267.6
200,245,20,5110,24.10900000000171,25.72,6401.32,,,,0,2273.5
201,246,32,7954,38.9529999999994,26.2,6516.22,,,,0,2282.8
202,247,9,2482,10.480999999999783,26.22,6521.26,,,,0,2285.6
203,248,41,10000,50.99899999999463,26.22,6521.26,,,,0,2297.2
204,249,8,2212,9.210999999999933,26.32,6545.72,,,,0,2299.9
205,250,4,1276,4.275000000000016,26.34,6550.76,,,,0,2301.4
206,251,15,3922,17.92100000000026,25.82,6429.2,,,,0,2305.9
207,252,10,2674,11.672999999999677,25.84,6437.7,,,,0,2309.1
208,253,12,2965,13.963999999999515,25.26,6297.0,,,,0,2312.4
209,254,9,2429,10.427999999999813,25.36,6320.4,,,,0,2315.1
210,255,1,509,0.50799999999998,25.22,6286.68,,,,0,2315.7
211,256,41,10000,50.99899999999463,25.22,6286.68,,,,0,2327.5
212,257,10,2713,11.711999999999655,24.6,6140.94,,,,0,2330.6
213,258,21,5341,25.340000000001993,24.62,6145.3,,,,0,2336.8
214,259,21,5358,25.357000000002014,24.22,6052.46,,,,0,2343.0
215,260,9,2443,10.441999999999805,23.6,5903.0,,,,0,2345.9
216,261,40,9894,48.89299999999488,24.36,6085.44,,,,0,2357.6
217,262,39,9629,47.627999999995495,24.32,6078.02,,,,0,2368.8
218,263,6,1525,6.5240000000000995,23.84,5962.76,,,,0,2370.8
219,264,23,5790,27.78900000000254,23.48,5878.56,,,,0,2377.6
220,265,6,1722,6.721000000000165,23.0,5767.24,,,,0,2379.7
221,266,20,5071,24.070000000001663,23.36,5853.58,,,,0,2385.8
222,267,4,1253,4.252000000000009,23.26,5829.9,,,,0,2387.2
223,268,29,7245,35.24400000000105,23.02,5774.8,,,,0,2395.6
224,269,26,6512,31.51100000000276,23.42,5870.5,,,,0,2403.2
225,270,12,3198,14.196999999999386,23.64,5923.34,,,,0,2407.1
226,271,28,6997,33.99600000000163,23.44,5875.12,,,,0,2415.1
227,272,6,1726,6.725000000000167,22.74,5709.64,,,,0,2417.3
228,273,30,7500,36.49900000000046,22.88,5743.14,,,,0,2427.7
229,274,9,2245,10.243999999999915,22.24,5588.04,,,,0,2430.8
230,275,2,766,1.7649999999999517,21.94,5515.54,,,,0,2431.8
231,276,5,1506,5.505000000000093,21.22,5345.66,,,,0,2433.7
232,277,3,1042,3.040999999999939,21.1,5317.22,,,,0,2435.0
233,278,6,1709,6.708000000000161,20.48,5167.94,,,,0,2437.4
234,279,3,1024,3.022999999999933,19.74,4990.9,,,,0,2438.8
235,280,24,6059,29.05800000000287,19.4,4912.08,,,,0,2447.4
236,281,20,5085,24.08400000000168,18.98,4813.78,,,,0,2454.1
237,282,4,1276,4.275000000000016,18.24,4639.3,,,,0,2455.7
238,283,19,4829,22.828000000001367,17.8,4535.88,,,,0,2461.8
239,284,19,4854,22.853000000001398,17.56,4478.2,,,,0,2467.6
240,285,9,2248,10.246999999999913,16.92,4323.16,,,,0,2470.3
241,286,28,6997,33.99600000000163,16.66,4263.1,,,,0,2478.4
242,287,2,749,1.7479999999999536,15.88,4078.08,,,,0,2479.3
243,288,11,2914,12.912999999999544,16.1,4130.64,,,,0,2482.8
244,289,7,1956,7.955000000000075,16.22,4158.62,,,,0,2485.0
245,290,7,1956,7.955000000000075,15.68,4028.56,,,,0,2487.3
246,291,5,1521,5.520000000000098,15.66,4024.44,,,,0,2489.4
247,292,0,269,-0.7319999999999998,15.32,3942.48,,,,0,2489.7
248,293,6,1757,6.756000000000177,15.24,3924.24,,,,0,2492.1
249,294,4,1234,4.233000000000002,14.5,3748.92,,,,0,2493.5
250,295,4,1252,4.251000000000008,14.18,3671.76,,,,0,2495.0
251,296,3,1038,3.0369999999999377,13.6,3533.44,,,,0,2496.2
252,297,5,1486,5.4850000000000865,13.52,3513.52,,,,0,2497.9
253,298,6,1740,6.739000000000171,12.82,3348.32,,,,0,2499.9
254,299,30,7483,36.4820000000005,13.26,3453.74,,,,0,2508.7
255,300,3,999,2.997999999999926,13.24,3448.2,,,,0,2509.8
256,301,11,2731,12.729999999999645,13.16,3424.38,,,,0,2513.2
257,302,4,1229,4.228000000000001,13.04,3395.48,,,,0,2514.6
258,303,12,2969,13.967999999999513,13.04,3395.56,,,,0,2518.0
259,304,9,2482,10.480999999999783,13.04,3396.62,,,,0,2520.9
260,305,8,2242,9.240999999999916,13.18,3431.28,,,,0,2523.6
261,306,24,6061,29.060000000002873,12.84,3352.5,,,,0,2530.6
262,307,5,1524,5.523000000000099,12.74,3328.72,,,,0,2532.4
263,308,22,5597,26.596000000002306,12.76,3333.84,,,,0,2538.9
264,309,10,2695,11.693999999999665,12.54,3280.58,,,,0,2542.1
265,310,0,283,-0.7179999999999997,12.36,3237.38,,,,0,2542.4
266,311,0,269,-0.7319999999999998,11.56,3044.88,,,,0,2542.7
267,312,6,1709,6.708000000000161,10.9,2886.48,,,,0,2544.8
268,313,8,2189,9.187999999999946,10.94,2899.76,,,,0,2547.3
269,314,4,1229,4.228000000000001,10.56,2808.54,,,,0,2548.9
270,315,6,1740,6.739000000000171,10.56,2808.9,,,,0,2550.9
271,316,1,556,0.5549999999999748,10.18,2718.6,,,,0,2551.5
272,317,18,4408,21.407000000000853,10.46,2781.7,,,,0,2556.8
273,318,3,999,2.997999999999926,9.94,2656.78,,,,0,2558.0
274,319,0,269,-0.7319999999999998,9.42,2531.92,,,,0,2558.4
275,320,3,806,2.8049999999999473,9.24,2484.08,,,,0,2559.3
276,321,11,2946,12.944999999999526,8.9,2403.06,,,,0,2562.6
277,322,7,1953,7.952000000000076,8.92,2407.6,,,,0,2564.9
278,323,22,5575,26.57400000000228,8.76,2369.1,,,,0,2571.6
279,324,6,1719,6.718000000000164,8.7,2358.58,,,,0,2573.6
280,325,15,3886,17.885000000000215,8.96,2420.98,,,,0,2578.2
281,326,4,1229,4.228000000000001,8.94,2415.44,,,,0,2579.6
282,327,8,2194,9.192999999999943,9.04,2438.48,,,,0,2582.1
283,328,1,534,0.5329999999999773,8.94,2414.98,,,,0,2582.7
284,329,0,269,-0.7319999999999998,8.88,2399.88,,,,0,2583.1
285,330,12,3199,14.197999999999386,8.64,2342.68,,,,0,2587.0
286,331,3,1020,3.0189999999999317,8.3,2261.38,,,,0,2588.1
287,332,2,770,1.7689999999999513,8.26,2251.26,,,,0,2589.0
288,333,10,2673,11.671999999999677,8.08,2208.14,,,,0,2592.2
289,334,3,999,2.997999999999926,7.76,2131.04,,,,0,2593.4
290,335,9,2440,10.438999999999806,7.76,2134.88,,,,0,2596.2
291,336,36,8955,43.953999999997066,7.92,2174.04,,,,0,2606.6
292,337,8,2244,9.242999999999915,8.04,2203.94,,,,0,2609.2
293,338,12,3198,14.196999999999386,8.06,2209.62,,,,0,2613.0
294,339,6,1709,6.708000000000161,8.04,2204.68,,,,0,2614.9
295,340,1,509,0.50799999999998,7.92,2175.74,,,,0,2615.5
296,341,12,3161,14.159999999999407,8.06,2208.54,,,,0,2619.2
297,342,3,989,2.987999999999927,8.12,2222.94,,,,0,2620.3
298,343,3,989,2.987999999999927,8.06,2207.58,,,,0,2621.5
299,344,18,4617,21.616000000001108,8.34,2275.24,,,,0,2626.9
300,345,15,3879,17.878000000000206,8.56,2327.78,,,,0,2631.6
301,346,3,1020,3.0189999999999317,8.56,2327.42,,,,0,2632.8
302,347,3,1035,3.0339999999999367,8.52,2318.4,,,,0,2633.9
303,348,0,269,-0.7319999999999998,8.4,2288.98,,,,0,2634.3
304,349,9,2478,10.476999999999785,7.98,2188.88,,,,0,2637.2
305,350,2,749,1.7479999999999536,7.96,2183.88,,,,0,2638.1
306,351,8,2205,9.203999999999937,7.9,2173.36,,,,0,2640.7
307,352,1,553,0.5519999999999752,7.84,2159.84,,,,0,2641.3
308,353,38,9423,46.421999999995975,8.36,2288.92,,,,0,2652.1
309,354,19,4854,22.853000000001398,8.56,2336.36,,,,0,2657.9
310,355,0,269,-0.7319999999999998,8.4,2296.9,,,,0,2658.2
311,356,41,10000,50.99899999999463,8.74,2375.68,,,,0,2669.7
312,357,5,1491,5.490000000000088,8.74,2375.02,,,,0,2671.6
313,358,11,2964,12.962999999999516,8.52,2322.36,,,,0,2675.1
314,359,6,1709,6.708000000000161,8.44,2302.64,,,,0,2677.2
315,360,18,4600,21.599000000001087,8.8,2388.98,,,,0,2682.6
316,361,29,7231,35.230000000001084,9.38,2528.22,,,,0,2691.1
317,362,14,3630,16.628999999999902,9.54,2566.64,,,,0,2695.2
318,363,19,4829,22.828000000001367,9.76,2619.44,,,,0,2700.9
319,364,3,1020,3.0189999999999317,9.74,2615.26,,,,0,2702.1
320,365,21,5322,25.32100000000197,10.04,2686.9,,,,0,2708.3
321,366,3,809,2.807999999999947,10.08,2691.96,,,,0,2709.3
322,367,3,1017,3.0159999999999307,9.78,2624.14,,,,0,2710.5
323,368,20,5104,24.103000000001703,10.12,2706.24,,,,0,2716.1
324,369,3,1038,3.0369999999999377,10.18,2721.62,,,,0,2717.4
325,370,10,2669,11.66799999999968,10.32,2758.88,,,,0,2720.6
326,371,9,2440,10.438999999999806,10.28,2748.76,,,,0,2723.8
327,372,3,1017,3.0159999999999307,10.2,2730.04,,,,0,2725.0
328,373,20,4891,23.890000000001443,10.16,2716.36,,,,0,2731.0
329,374,41,10000,50.99899999999463,10.86,2881.98,,,,0,2742.6
330,375,3,1039,3.037999999999938,10.62,2825.04,,,,0,2743.9
331,376,9,2461,10.459999999999795,10.72,2849.68,,,,0,2746.8
332,377,2,766,1.7649999999999517,10.6,2821.12,,,,0,2747.7
333,378,4,1234,4.233000000000002,10.66,2835.12,,,,0,2749.1
334,379,4,1237,4.236000000000003,10.74,2854.48,,,,0,2750.6
335,380,7,1971,7.970000000000066,10.64,2829.92,,,,0,2752.8
336,381,8,2208,9.206999999999935,10.74,2853.68,,,,0,2755.5
337,382,1,516,0.5149999999999793,10.72,2848.6,,,,0,2756.0
338,383,6,1738,6.737000000000171,10.64,2829.9,,,,0,2758.0
339,384,15,3869,17.868000000000194,10.88,2887.3,,,,0,2762.5
340,385,2,765,1.7639999999999518,10.74,2853.8,,,,0,2763.5
341,386,18,4409,21.408000000000854,10.38,2762.88,,,,0,2768.7
342,387,0,316,-0.6849999999999998,10.22,2724.32,,,,0,2769.1
343,388,3,1017,3.0159999999999307,10.04,2680.7,,,,0,2770.3
344,389,11,2961,12.959999999999518,10.14,2705.74,,,,0,2773.8
345,390,21,5337,25.336000000001988,10.54,2802.3,,,,0,2779.9
346,391,7,1949,7.948000000000079,10.44,2778.06,,,,0,2782.2
347,392,19,4829,22.828000000001367,10.76,2854.86,,,,0,2787.8
348,393,11,2964,12.962999999999516,10.92,2894.36,,,,0,2791.4
349,394,7,1972,7.971000000000066,10.7,2841.46,,,,0,2793.7
350,395,3,989,2.987999999999927,10.46,2783.66,,,,0,2794.8
351,396,11,2933,12.931999999999533,10.62,2821.92,,,,0,2798.3
352,397,14,3629,16.6279999999999,10.84,2873.8,,,,0,2802.6
353,398,41,10000,50.99899999999463,11.66,3068.42,,,,0,2814.4
354,399,6,1709,6.708000000000161,11.6,3053.04,,,,0,2816.5
355,400,11,2931,12.929999999999534,11.78,3096.68,,,,0,2819.9
356,401,2,804,1.8029999999999475,11.66,3068.66,,,,0,2820.9
357,402,5,1488,5.487000000000087,11.74,3087.36,,,,0,2822.6
358,403,0,269,-0.7319999999999998,10.98,2904.28,,,,0,2822.9
359,404,17,4404,20.403000000000848,10.94,2895.28,,,,0,2828.0
360,405,1,549,0.5479999999999756,10.96,2900.88,,,,0,2828.6
361,406,11,2932,12.930999999999534,10.36,2759.52,,,,0,2832.1
362,407,0,269,-0.7319999999999998,10.26,2735.08,,,,0,2832.4
363,408,3,1017,3.0159999999999307,10.1,2696.14,,,,0,2833.6
364,409,11,2929,12.927999999999535,10.2,2720.54,,,,0,2837.1
365,410,4,1258,4.25700000000001,9.92,2653.7,,,,0,2838.5
366,411,0,269,-0.7319999999999998,9.34,2514.46,,,,0,2838.8
367,412,19,4829,22.828000000001367,9.44,2538.44,,,,0,2844.6
368,413,3,805,2.8039999999999474,9.12,2457.96,,,,0,2845.5
369,414,11,2910,12.908999999999546,9.28,2495.76,,,,0,2848.8
370,415,3,1017,3.0159999999999307,8.92,2409.66,,,,0,2850.0
371,416,4,1234,4.233000000000002,8.94,2418.16,,,,0,2851.4
372,417,9,2246,10.244999999999914,9.06,2442.74,,,,0,2854.0
373,418,16,4109,19.108000000000487,8.98,2422.84,,,,0,2858.7
374,419,11,2925,12.923999999999538,9.14,2460.58,,,,0,2862.2
375,420,40,9913,48.91199999999483,9.74,2605.46,,,,0,2873.7
376,421,0,269,-0.7319999999999998,9.56,2562.04,,,,0,2874.0
377,422,7,1949,7.948000000000079,9.64,2580.68,,,,0,2876.3
378,423,12,3199,14.197999999999386,9.48,2546.84,,,,0,2880.1
379,424,15,3897,17.896000000000228,8.96,2424.78,,,,0,2884.7
380,425,12,3177,14.175999999999398,9.14,2467.54,,,,0,2888.5
381,426,3,1000,2.998999999999926,9.02,2438.32,,,,0,2889.7
382,427,0,280,-0.7209999999999999,8.98,2428.6,,,,0,2890.1
383,428,3,999,2.997999999999926,8.96,2423.9,,,,0,2891.2
384,429,7,1957,7.956000000000074,9.02,2438.3,,,,0,2893.4
385,430,0,269,-0.7319999999999998,8.88,2404.26,,,,0,2893.7
386,431,27,6798,32.79700000000209,9.26,2496.06,,,,0,2901.8
387,432,30,7518,36.517000000000415,9.84,2636.1,,,,0,2910.5
388,433,5,1486,5.4850000000000865,9.82,2631.06,,,,0,2912.2
389,434,5,1470,5.469000000000081,9.62,2583.08,,,,0,2914.0
390,435,18,4635,21.63400000000113,9.94,2660.48,,,,0,2919.5
391,436,8,2190,9.188999999999945,9.74,2616.1,,,,0,2922.0
392,437,14,3670,16.66899999999995,10.02,2683.18,,,,0,2926.3
393,438,10,2695,11.693999999999665,10.16,2716.74,,,,0,2929.4
394,439,15,3882,17.88100000000021,10.24,2735.16,,,,0,2933.8
395,440,37,9149,45.147999999996614,10.56,2811.4,,,,0,2944.6
396,441,0,269,-0.7319999999999998,10.42,2777.8,,,,0,2944.9
397,442,5,1522,5.5210000000000985,10.14,2711.66,,,,0,2946.5
398,443,4,1233,4.232000000000002,10.0,2677.04,,,,0,2947.9
399,444,6,1709,6.708000000000161,9.98,2671.78,,,,0,2950.0
400,445,20,4891,23.890000000001443,10.32,2749.82,,,,0,2955.7
401,446,20,5088,24.087000000001684,10.5,2792.92,,,,0,2961.5
402,447,20,5111,24.110000000001712,10.62,2822.56,,,,0,2967.1
403,448,4,1254,4.253000000000009,9.88,2647.64,,,,0,2968.6
404,449,3,1000,2.998999999999926,9.82,2633.46,,,,0,2969.8
405,450,3,1036,3.034999999999937,9.66,2595.56,,,,0,2970.9
406,451,1,550,0.5489999999999755,9.64,2590.48,,,,0,2971.6
407,452,10,2678,11.676999999999675,9.74,2614.28,,,,0,2974.6
408,453,0,269,-0.7319999999999998,9.74,2614.28,,,,0,2975.0
409,454,4,1234,4.233000000000002,9.48,2550.88,,,,0,2976.5
410,455,6,1709,6.708000000000161,9.58,2574.08,,,,0,2978.5
411,456,5,1523,5.522000000000099,9.46,2545.9,,,,0,2980.4
412,457,9,2429,10.427999999999813,9.64,2589.1,,,,0,2983.2
413,458,2,768,1.7669999999999515,9.62,2584.12,,,,0,2984.1
414,459,16,4150,19.149000000000537,9.72,2608.54,,,,0,2989.1
415,460,34,8433,41.43199999999828,10.32,2752.04,,,,0,2998.9
416,461,38,9441,46.43999999999593,11.08,2935.48,,,,0,3009.8
417,462,5,1472,5.471000000000082,10.8,2868.34,,,,0,3011.6
418,463,6,1762,6.761000000000179,10.86,2887.48,,,,0,3013.6
419,464,12,3177,14.175999999999398,10.88,2892.82,,,,0,3017.5
420,465,1,554,0.5529999999999751,10.84,2883.56,,,,0,3018.3
421,466,0,269,-0.7319999999999998,10.76,2864.26,,,,0,3018.6
422,467,9,2429,10.427999999999813,10.76,2867.92,,,,0,3021.4
423,468,30,7497,36.496000000000464,11.04,2935.68,,,,0,3030.1
424,469,18,4635,21.63400000000113,11.18,2969.88,,,,0,3035.6
425,470,17,4384,20.383000000000823,10.72,2859.3,,,,0,3040.7
426,471,15,3879,17.878000000000206,11.02,2931.5,,,,0,3045.4
427,472,6,1737,6.73600000000017,11.0,2927.26,,,,0,3047.4
428,473,4,1252,4.251000000000008,10.84,2888.32,,,,0,3048.8
429,474,5,1506,5.505000000000093,10.64,2840.5,,,,0,3050.6
430,475,8,2241,9.239999999999917,10.56,2821.78,,,,0,3053.2
431,476,0,301,-0.6999999999999997,10.5,2807.8,,,,0,3053.6
432,477,10,2691,11.689999999999667,10.7,2856.02,,,,0,3056.5
433,478,8,2230,9.228999999999923,10.8,2880.64,,,,0,3059.1
434,479,18,4622,21.621000000001114,11.02,2933.94,,,,0,3064.3
435,480,2,754,1.752999999999953,11.06,2943.64,,,,0,3065.1
436,481,5,1485,5.484000000000086,10.62,2837.38,,,,0,3066.7
437,482,4,1236,4.235000000000003,10.1,2711.74,,,,0,3068.1
438,483,12,2968,13.966999999999514,10.24,2741.38,,,,0,3071.5
439,484,14,3684,16.682999999999968,10.42,2785.66,,,,0,3075.7
440,485,1,534,0.5329999999999773,10.08,2703.64,,,,0,3076.4
441,486,9,2440,10.438999999999806,10.1,2708.64,,,,0,3079.3
442,487,15,3869,17.868000000000194,10.12,2712.62,,,,0,3083.8
443,488,39,9642,47.640999999995465,10.7,2851.56,,,,0,3095.1
444,489,12,3183,14.181999999999395,10.64,2837.58,,,,0,3098.9
445,490,13,3411,15.409999999999634,10.16,2722.82,,,,0,3102.9
446,491,4,1254,4.253000000000009,10.24,2742.52,,,,0,3104.3
447,492,8,2189,9.187999999999946,10.3,2755.86,,,,0,3106.9
448,493,12,3178,14.176999999999397,10.46,2794.76,,,,0,3110.4
449,494,34,8436,41.434999999998276,11.02,2929.3,,,,0,3121.6
450,495,8,2241,9.239999999999917,10.78,2876.3,,,,0,3124.4
451,496,24,6029,29.028000000002834,10.86,2895.12,,,,0,3131.4
452,497,35,8685,42.683999999997695,11.16,2966.6,,,,0,3141.5
453,498,2,802,1.8009999999999478,11.12,2957.56,,,,0,3142.4
454,499,3,1018,3.016999999999931,11.12,2957.92,,,,0,3143.6
455,500,21,5125,25.12400000000173,11.48,3039.7,,,,0,3149.6
456,501,15,3879,17.878000000000206,11.76,3106.28,,,,0,3154.0
457,502,14,3630,16.628999999999902,11.84,3125.32,,,,0,3158.1
458,503,5,1486,5.4850000000000865,11.94,3149.66,,,,0,3160.0
459,504,37,9171,45.16999999999656,12.6,3308.4,,,,0,3171.1
460,505,2,801,1.7999999999999479,12.52,3290.24,,,,0,3172.1
461,506,20,5121,24.120000000001724,12.82,3362.2,,,,0,3178.5
462,507,7,1955,7.954000000000075,12.78,3352.72,,,,0,3181.1
463,508,13,3394,15.392999999999613,13.0,3405.24,,,,0,3185.4
464,509,0,315,-0.6859999999999997,12.68,3328.54,,,,0,3185.8
465,510,27,6760,32.75900000000218,12.54,3295.08,,,,0,3193.7
466,511,7,1949,7.948000000000079,11.92,3145.24,,,,0,3195.9
467,512,2,769,1.7679999999999514,11.86,3131.18,,,,0,3196.8
468,513,15,3917,17.916000000000253,12.04,3174.28,,,,0,3201.3
469,514,2,769,1.7679999999999514,11.84,3126.12,,,,0,3202.2
470,515,1,553,0.5519999999999752,11.84,3126.1,,,,0,3202.9
471,516,19,4834,22.833000000001373,12.22,3217.4,,,,0,3208.4
472,517,41,10000,50.99899999999463,12.86,3368.82,,,,0,3220.1
473,518,7,1949,7.948000000000079,12.4,3257.86,,,,0,3222.4
474,519,7,1971,7.970000000000066,12.18,3204.58,,,,0,3224.8
475,520,12,3196,14.194999999999387,12.08,3180.82,,,,0,3228.7
476,521,7,1978,7.9770000000000625,11.92,3142.8,,,,0,3231.1
477,522,24,6039,29.038000000002846,12.28,3228.84,,,,0,3238.5
478,523,12,3181,14.179999999999396,12.44,3267.42,,,,0,3242.1
479,524,12,3184,14.182999999999394,12.58,3300.98,,,,0,3245.7
480,525,12,3198,14.196999999999386,12.66,3320.12,,,,0,3249.3
481,526,2,749,1.7479999999999536,12.7,3329.08,,,,0,3250.2
482,527,15,3918,17.917000000000254,12.8,3353.62,,,,0,3254.6
483,528,9,2461,10.459999999999795,12.82,3358.24,,,,0,3257.4
484,529,21,5342,25.341000000001994,12.88,3372.64,,,,0,3263.5
485,530,12,3180,14.178999999999396,13.08,3421.16,,,,0,3267.0
486,531,4,1251,4.250000000000008,13.06,3416.48,,,,0,3268.4
487,532,6,1738,6.737000000000171,13.1,3426.52,,,,0,3270.5
488,533,12,3180,14.178999999999396,13.1,3430.76,,,,0,3274.1
489,534,8,2208,9.206999999999935,12.98,3401.24,,,,0,3276.5
490,535,6,1720,6.719000000000165,13.08,3424.96,,,,0,3278.5
491,536,12,3177,14.175999999999398,13.14,3439.7,,,,0,3282.1
492,537,14,3648,16.646999999999924,13.12,3435.28,,,,0,3286.5
493,538,14,3648,16.646999999999924,12.62,3315.4,,,,0,3290.6
494,539,3,989,2.987999999999927,12.44,3271.52,,,,0,3291.7
495,540,22,5549,26.548000000002247,12.62,3314.28,,,,0,3298.2
496,541,20,5085,24.08400000000168,12.94,3390.9,,,,0,3304.1
497,542,2,765,1.7639999999999518,12.82,3362.42,,,,0,3305.0
498,543,23,5789,27.78800000000254,13.04,3414.64,,,,0,3311.7
499,544,9,2476,10.474999999999786,12.54,3295.44,,,,0,3314.5
500,545,13,3433,15.431999999999661,12.64,3319.28,1.7,408.35,0.5,0,3326.9
501,546,21,5341,25.340000000001993,12.58,3305.52,,,,0,3334.8
502,547,0,301,-0.6999999999999997,11.88,3137.84,,,,0,3335.2
503,548,15,3922,17.92100000000026,12.14,3200.24,,,,0,3341.0
504,549,14,3681,16.679999999999964,12.36,3253.5,,,,0,3346.4
505,550,18,4589,21.588000000001074,12.3,3242.78,,,,0,3352.9
506,551,18,4636,21.63500000000113,12.36,3257.92,,,,0,3359.6
507,552,1,514,0.5129999999999795,12.1,3195.6,,,,0,3360.4
508,553,8,2205,9.203999999999937,12.16,3209.98,,,,0,3363.4
509,554,5,1522,5.5210000000000985,11.52,3057.0,,,,0,3365.5
510,555,6,1758,6.757000000000177,11.6,3076.14,,,,0,3368.0
511,556,3,1022,3.0209999999999324,11.26,2994.16,,,,0,3369.6
512,557,16,4120,19.1190000000005,11.44,3037.46,,,,0,3375.5
513,558,1,553,0.5519999999999752,11.2,2980.64,,,,0,3376.3
514,559,9,2461,10.459999999999795,11.38,3023.56,,,,0,3379.8
515,560,4,1256,4.25500000000001,10.92,2913.48,,,,0,3381.7
516,561,41,10000,50.99899999999463,11.6,3074.5,,,,0,3396.0
517,562,4,1232,4.231000000000002,11.64,3083.76,,,,0,3397.8
518,563,0,269,-0.7319999999999998,11.34,3010.8,,,,0,3398.2
519,564,5,1521,5.520000000000098,11.4,3025.84,,,,0,3400.6
520,565,0,286,-0.7149999999999999,11.38,3020.5,,,,0,3401.0
521,566,2,765,1.7639999999999518,11.04,2939.12,,,,0,3402.2
522,567,35,8706,42.704999999997646,10.92,2913.24,,,,0,3415.6
523,568,8,2207,9.205999999999936,10.94,2918.4,,,,0,3419.1
524,569,1,549,0.5479999999999756,10.82,2889.96,,,,0,3419.9
525,570,21,5320,25.319000000001967,11.0,2932.44,,,,0,3428.3
526,571,41,10000,50.99899999999463,11.68,3092.88,,,,0,3442.9
527,572,6,1719,6.718000000000164,11.32,3006.48,,,,0,3445.3
528,573,4,1234,4.233000000000002,11.16,2967.54,,,,0,3447.1
529,574,2,769,1.7679999999999514,10.96,2919.24,,,,0,3448.2
530,575,22,5571,26.570000000002274,11.16,2966.7,,,,0,3456.3
531,576,3,1035,3.0339999999999367,11.18,2972.42,,,,0,3457.8
532,577,19,4873,22.87200000000142,11.26,2991.52,,,,0,3465.5
533,578,37,9157,45.155999999996595,11.82,3125.44,,,,0,3479.6
534,579,15,3869,17.868000000000194,11.7,3095.98,,,,0,3485.6
535,580,5,1485,5.484000000000086,11.56,3062.08,,,,0,3487.9
536,581,10,2678,11.676999999999675,11.68,3090.62,,,,0,3492.0
537,582,12,3159,14.157999999999408,11.8,3119.04,,,,0,3496.6
538,583,16,4113,19.112000000000492,11.88,3137.7,,,,0,3502.8
539,584,12,3162,14.160999999999406,11.96,3156.78,,,,0,3507.6
540,585,13,3389,15.387999999999607,12.1,3190.16,,,,0,3512.6
541,586,4,1235,4.234000000000003,11.94,3151.32,,,,0,3514.4
542,587,10,2676,11.674999999999676,11.86,3131.88,,,,0,3518.3
543,588,18,4618,21.61700000000111,11.94,3151.28,,,,0,3525.2
544,589,6,1755,6.754000000000176,12.0,3166.6,,,,0,3527.8
545,590,12,3159,14.157999999999408,11.8,3118.8,,,,0,3532.4
546,591,2,765,1.7639999999999518,11.44,3032.4,,,,0,3533.5
547,592,7,1957,7.956000000000074,11.54,3056.24,,,,0,3536.3
548,593,9,2245,10.243999999999915,11.26,2985.36,,,,0,3539.6
549,594,4,1229,4.228000000000001,11.16,2960.42,,,,0,3541.4
550,595,11,2909,12.907999999999547,11.12,2949.94,,,,0,3545.7
551,596,3,1038,3.0369999999999377,10.76,2863.88,,,,0,3547.3
552,597,8,2241,9.239999999999917,10.92,2902.68,,,,0,3550.5
553,598,5,1472,5.471000000000082,10.72,2853.68,,,,0,3552.7
554,599,0,269,-0.7319999999999998,10.44,2785.44,,,,0,3553.1
555,600,13,3394,15.392999999999613,10.34,2761.54,,,,0,3558.1
556,601,14,3645,16.64399999999992,10.26,2741.72,,,,0,3563.5
557,602,14,3629,16.6279999999999,10.52,2804.02,,,,0,3568.4
558,603,0,269,-0.7319999999999998,10.36,2765.3,,,,0,3568.7
559,604,27,6565,32.564000000002636,10.8,2866.16,,,,0,3578.3
560,605,38,9427,46.425999999995966,11.44,3019.54,,,,0,3593.0
561,606,8,2241,9.239999999999917,11.54,3043.92,,,,0,3596.5
562,607,3,1002,3.0009999999999257,11.28,2981.56,,,,0,3598.0
563,608,15,3920,17.919000000000256,11.56,3048.9,,,,0,3604.2
564,609,1,552,0.5509999999999753,11.4,3010.72,,,,0,3605.0
565,610,16,4131,19.130000000000514,11.64,3068.22,,,,0,3611.2
566,611,21,5125,25.12400000000173,11.24,2970.72,,,,0,3619.2
567,612,0,269,-0.7319999999999998,11.16,2951.46,,,,0,3619.6
568,613,9,2482,10.480999999999783,11.34,2995.72,,,,0,3623.4
569,614,12,3159,14.157999999999408,11.48,3028.48,,,,0,3628.1
570,615,12,3165,14.163999999999405,11.72,3086.06,,,,0,3633.0
571,616,5,1524,5.523000000000099,11.78,3101.24,,,,0,3635.3
572,617,40,9894,48.89299999999488,11.88,3125.0,,,,0,3650.4
573,618,41,10000,50.99899999999463,12.54,3280.86,,,,0,3665.6
574,619,13,3397,15.395999999999617,12.78,3337.82,,,,0,3671.6
575,620,8,2212,9.210999999999933,12.52,3275.66,,,,0,3675.0
576,621,17,4351,20.350000000000783,12.04,3162.68,,,,0,3681.7
577,622,5,1489,5.4880000000000875,12.02,3158.08,,,,0,3684.1
578,623,0,269,-0.7319999999999998,11.94,3138.78,,,,0,3684.5
579,624,13,3389,15.387999999999607,12.16,3191.18,,,,0,3689.8
580,625,5,1474,5.4730000000000825,11.82,3109.24,,,,0,3692.1
581,626,7,1961,7.960000000000072,11.9,3127.76,,,,0,3695.1
582,627,0,269,-0.7319999999999998,11.52,3035.68,,,,0,3695.6
583,628,18,4600,21.599000000001087,11.14,2944.54,,,,0,3702.8
584,629,17,4384,20.383000000000823,11.18,2954.84,,,,0,3708.9
585,630,2,750,1.7489999999999535,11.12,2940.14,,,,0,3709.8
586,631,1,557,0.5559999999999747,10.94,2897.72,,,,0,3710.5
587,632,9,2476,10.474999999999786,10.88,2884.06,,,,0,3713.4
588,633,2,801,1.7999999999999479,10.6,2817.82,,,,0,3714.4
589,634,2,766,1.7649999999999517,10.4,2769.9,,,,0,3715.3
590,635,41,10000,50.99899999999463,10.96,2902.12,,,,0,3728.1
591,636,10,2669,11.66799999999968,11.08,2930.8,,,,0,3731.2
592,637,8,2244,9.242999999999915,11.04,2922.16,,,,0,3733.8
593,638,22,5571,26.570000000002274,11.12,2941.22,,,,0,3740.3
594,639,4,1233,4.232000000000002,11.08,2930.78,,,,0,3741.7
595,640,3,989,2.987999999999927,10.9,2887.38,,,,0,3742.8
596,641,11,2909,12.907999999999547,11.08,2930.26,,,,0,3746.2
597,642,4,1236,4.235000000000003,11.02,2915.84,,,,0,3747.6
598,643,26,6509,31.508000000002767,11.36,3001.12,,,,0,3755.5
599,644,8,2206,9.204999999999936,11.44,3020.66,,,,0,3758.2
600,645,1,550,0.5489999999999755,11.24,2973.48,,,,0,3758.8
601,646,41,10000,50.99899999999463,12.0,3152.72,,,,0,3773.3
602,647,21,5341,25.340000000001993,12.26,3214.72,,,,0,3779.7
603,648,10,2713,11.711999999999655,12.36,3239.54,,,,0,3782.9
604,649,10,2674,11.672999999999677,12.56,3287.64,,,,0,3786.0
605,650,4,1233,4.232000000000002,12.38,3244.42,,,,0,3787.4
606,651,3,989,2.987999999999927,12.16,3191.3,,,,0,3788.6
607,652,8,2242,9.240999999999916,12.04,3163.56,,,,0,3791.3
608,653,35,8491,42.48999999999815,12.74,3328.0,,,,0,3802.5
609,654,6,1755,6.754000000000176,12.32,3231.8,,,,0,3804.6
610,655,6,1741,6.740000000000172,11.68,3078.08,,,,0,3806.6
611,656,25,6269,30.268000000003127,12.02,3158.64,,,,0,3814.3
612,657,9,2429,10.427999999999813,12.14,3187.18,,,,0,3817.4
613,658,7,1975,7.974000000000064,11.98,3148.28,,,,0,3819.9
614,659,16,4135,19.13400000000052,12.28,3219.94,,,,0,3825.0
615,660,0,322,-0.6789999999999998,11.96,3143.76,,,,0,3825.5
616,661,4,1253,4.252000000000009,11.62,3066.32,,,,0,3827.0
617,662,16,4114,19.113000000000493,11.94,3143.22,,,,0,3831.9
618,663,1,513,0.5119999999999796,11.78,3103.84,,,,0,3832.5
619,664,3,1000,2.998999999999926,11.6,3060.66,,,,0,3833.6
620,665,21,5345,25.344000000001998,11.78,3104.26,,,,0,3840.0
621,666,15,3880,17.879000000000207,11.98,3151.38,,,,0,3845.6
622,667,2,752,1.7509999999999533,11.22,2968.54,,,,0,3846.7
623,668,11,2909,12.907999999999547,10.62,2826.72,,,,0,3851.0
624,669,1,517,0.5159999999999791,10.38,2769.12,,,,0,3851.7
625,670,0,269,-0.7319999999999998,10.22,2730.26,,,,0,3852.1
626,671,6,1709,6.708000000000161,10.0,2677.42,,,,0,3854.6
627,672,12,3195,14.193999999999388,10.14,2711.54,,,,0,3859.4
628,673,10,2710,11.708999999999657,10.34,2760.36,,,,0,3863.7
629,674,3,999,2.997999999999926,10.14,2712.56,,,,0,3865.3
630,675,0,269,-0.7319999999999998,10.04,2688.46,,,,0,3865.7
631,676,27,6795,32.7940000000021,10.44,2785.14,,,,0,3876.2
632,677,4,1235,4.234000000000003,10.52,2804.46,,,,0,3878.1
633,678,6,1709,6.708000000000161,10.28,2746.64,,,,0,3880.8
634,679,8,2224,9.222999999999926,10.1,2703.44,,,,0,3884.4
635,680,10,2713,11.711999999999655,10.26,2742.7,,,,0,3888.7
636,681,5,1471,5.4700000000000815,10.34,2760.98,,,,0,3891.0
637,682,9,2478,10.476999999999785,10.34,2761.02,,,,0,3894.9
638,683,11,2943,12.941999999999528,10.52,2803.86,,,,0,3899.4
639,684,9,2475,10.473999999999787,10.66,2838.04,,,,0,3903.2
640,685,41,10000,50.99899999999463,10.66,2838.04,,,,0,3918.7
641,686,3,989,2.987999999999927,10.52,2804.44,,,,0,3920.2
642,687,18,4408,21.407000000000853,10.72,2847.72,,,,0,3927.2
643,688,25,6273,30.272000000003132,10.78,2861.76,,,,0,3937.0
644,689,9,2475,10.473999999999787,10.88,2886.6,,,,0,3940.8
645,690,6,1759,6.758000000000178,10.94,2902.0,,,,0,3943.5
646,691,13,3394,15.392999999999613,10.98,2911.7,,,,0,3948.9
647,692,1,513,0.5119999999999796,10.92,2897.24,,,,0,3949.7
648,693,1,552,0.5509999999999753,10.42,2778.1,,,,0,3950.5
649,694,6,1739,6.738000000000171,10.38,2768.76,,,,0,3953.3
650,695,7,1957,7.956000000000074,10.5,2796.9,,,,0,3956.4
651,696,3,1004,3.0029999999999264,9.74,2616.98,,,,0,3958.0
652,697,1,513,0.5119999999999796,9.34,2520.42,,,,0,3958.7
653,698,5,1521,5.520000000000098,9.24,2496.58,,,,0,3961.1
654,699,34,8437,41.43599999999827,9.72,2611.84,,,,0,3974.3
655,700,5,1522,5.5210000000000985,9.74,2617.62,,,,0,3976.7
656,701,6,1758,6.757000000000177,9.8,2633.0,,,,0,3979.4
657,702,5,1524,5.523000000000099,9.74,2618.64,,,,0,3981.8
658,703,3,1006,3.004999999999927,9.1,2468.94,,,,0,3983.3
659,704,0,318,-0.6829999999999998,8.98,2440.2,,,,0,3983.8
660,705,18,4408,21.407000000000853,9.22,2493.54,,,,0,3990.7
661,706,15,3897,17.896000000000228,9.02,2446.1,,,,0,3996.7
662,707,10,2698,11.696999999999663,9.04,2451.48,,,,0,4001.0
663,708,8,2011,9.010000000000044,9.06,2452.2,,,,0,4004.1
664,709,3,989,2.987999999999927,8.8,2389.28,,,,0,4005.7
665,710,5,1521,5.520000000000098,8.9,2413.26,,,,0,4008.0
666,711,11,2909,12.907999999999547,9.04,2446.38,,,,0,4012.5
667,712,6,1709,6.708000000000161,8.84,2398.28,,,,0,4015.2
668,713,7,1954,7.953000000000076,8.96,2427.1,,,,0,4018.2
669,714,9,2476,10.474999999999786,9.08,2456.62,,,,0,4022.1
670,715,15,3915,17.91400000000025,8.96,2428.02,,,,0,4028.2
671,716,15,3685,17.68399999999997,8.96,2424.12,,,,0,4033.7
672,717,2,770,1.7689999999999513,8.96,2424.48,,,,0,4034.8
673,718,7,1949,7.948000000000079,8.88,2405.28,,,,0,4038.2
674,719,9,2442,10.440999999999805,9.04,2443.78,,,,0,4041.9
675,720,41,10000,50.99899999999463,9.86,2638.4,,,,0,4057.4
676,721,6,1722,6.721000000000165,9.86,2638.66,,,,0,4060.1
677,722,41,10000,50.99899999999463,10.44,2774.76,,,,0,4074.2
678,723,2,766,1.7649999999999517,10.28,2735.88,,,,0,4075.3
679,724,15,3869,17.868000000000194,10.52,2793.28,,,,0,4080.9
680,725,2,766,1.7649999999999517,10.56,2803.22,,,,0,4082.0
681,726,2,773,1.771999999999951,10.06,2682.78,,,,0,4083.2
682,727,5,1291,5.290000000000021,10.08,2683.9,,,,0,4085.1
683,728,12,3160,14.158999999999407,10.2,2712.92,,,,0,4089.7
684,729,14,3653,16.65199999999993,10.32,2741.5,,,,0,4094.9
685,730,4,1233,4.232000000000002,10.2,2711.9,,,,0,4096.6
686,731,0,317,-0.6839999999999997,10.1,2688.82,,,,0,4097.1
687,732,1,557,0.5559999999999747,9.94,2650.4,,,,0,4098.0
688,733,21,5309,25.308000000001954,10.14,2697.72,,,,0,4106.0
689,734,6,1738,6.737000000000171,10.08,2682.98,,,,0,4108.7
690,735,40,9869,48.867999999994936,10.06,2680.36,,,,0,4123.9
691,736,15,3897,17.896000000000228,10.3,2738.52,,,,0,4129.3
692,737,1,552,0.5509999999999753,9.96,2661.4,,,,0,4130.0
693,738,5,1485,5.484000000000086,9.56,2565.64,,,,0,4131.9
694,739,11,2946,12.944999999999526,9.6,2575.06,,,,0,4136.4
695,740,24,6077,29.076000000002892,9.96,2661.42,,,,0,4146.1
696,741,0,269,-0.7319999999999998,9.7,2598.92,,,,0,4146.5
697,742,12,3174,14.1729999999994,9.92,2652.14,,,,0,4151.5
698,743,2,751,1.7499999999999534,9.94,2656.12,,,,0,4152.6
699,744,8,2210,9.208999999999934,9.98,2665.54,,,,0,4156.1
700,745,25,6313,30.31200000000318,10.34,2752.66,,,,0,4165.9
701,746,4,1251,4.250000000000008,10.36,2757.6,,,,0,4167.8
702,747,6,1756,6.755000000000177,10.46,2782.46,,,,0,4170.5
703,748,3,1038,3.0369999999999377,10.42,2772.8,,,,0,4172.1
704,749,1,554,0.5529999999999751,9.76,2615.14,,,,0,4173.0
705,750,11,2947,12.945999999999525,9.88,2643.64,,,,0,4177.6
706,751,18,4589,21.588000000001074,10.12,2700.26,,,,0,4184.8
707,752,3,1015,3.01399999999993,10.08,2690.08,,,,0,4186.3
708,753,0,269,-0.7319999999999998,10.02,2675.34,,,,0,4186.8
709,754,16,4109,19.108000000000487,10.34,2751.16,,,,0,4193.0
710,755,12,3164,14.162999999999405,10.22,2726.28,,,,0,4197.9
711,756,4,1274,4.273000000000016,10.0,2673.82,,,,0,4199.8
712,757,10,2669,11.66799999999968,10.0,2673.24,,,,0,4203.9
713,758,14,3629,16.6279999999999,10.12,2705.6,,,,0,4209.3
714,759,5,1489,5.4880000000000875,10.16,2715.6,,,,0,4211.5
715,760,2,750,1.7489999999999535,10.1,2700.18,,,,0,4212.6
716,761,6,1719,6.718000000000164,10.0,2676.38,,,,0,4215.1
717,762,5,1485,5.484000000000086,9.98,2671.9,,,,0,4217.5
718,763,5,1486,5.4850000000000865,9.94,2662.54,,,,0,4219.8
719,764,3,1017,3.0159999999999307,9.82,2633.36,,,,0,4221.3
720,765,8,2189,9.187999999999946,9.68,2598.84,,,,0,4224.7
721,766,10,2681,11.679999999999673,9.58,2578.76,,,,0,4228.8
722,767,1,509,0.50799999999998,9.56,2573.54,,,,0,4229.5
723,768,18,4599,21.598000000001086,9.78,2626.54,,,,0,4236.7
724,769,21,5319,25.318000000001966,10.02,2684.08,,,,0,4245.0
725,770,7,1949,7.948000000000079,9.34,2523.06,,,,0,4248.0
726,771,12,3177,14.175999999999398,9.46,2552.16,,,,0,4252.6
727,772,0,269,-0.7319999999999998,8.64,2357.54,,,,0,4253.0
728,773,14,3629,16.6279999999999,8.88,2414.8,,,,0,4258.2
729,774,22,5553,26.552000000002252,9.02,2448.48,,,,0,4266.1
730,775,6,1709,6.708000000000161,9.1,2467.34,,,,0,4268.6
731,776,1,550,0.5489999999999755,9.08,2462.88,,,,0,4269.3
732,777,10,2674,11.672999999999677,9.18,2490.54,,,,0,4273.4
733,778,17,4402,20.401000000000845,9.28,2515.38,,,,0,4279.9
734,779,1,509,0.50799999999998,9.02,2452.5,,,,0,4280.7
735,780,6,1709,6.708000000000161,9.06,2462.02,,,,0,4283.1
736,781,3,989,2.987999999999927,9.12,2475.46,,,,0,4284.5
737,782,0,297,-0.7039999999999997,9.1,2470.26,,,,0,4285.0
738,783,5,1485,5.484000000000086,8.78,2393.78,,,,0,4287.1
739,784,3,1000,2.998999999999926,8.72,2379.02,,,,0,4288.5
740,785,11,2928,12.926999999999536,8.14,2240.2,,,,0,4293.0
741,786,31,7735,37.73399999999991,8.46,2316.96,,,,0,4305.2
742,787,1,518,0.516999999999979,8.46,2316.28,,,,0,4306.0
743,788,2,770,1.7689999999999513,8.4,2301.98,,,,0,4307.1
744,789,16,4120,19.1190000000005,8.5,2325.46,,,,0,4313.6
745,790,3,1036,3.034999999999937,8.08,2224.64,,,,0,4315.1
746,791,33,8238,40.23699999999874,8.74,2384.02,,,,0,4327.8
747,792,15,3879,17.878000000000206,8.8,2398.12,,,,0,4334.0
748,793,16,4109,19.108000000000487,9.08,2465.28,,,,0,4340.4
749,794,8,2225,9.223999999999926,9.08,2465.58,,,,0,4343.8
750,795,1,549,0.5479999999999756,8.6,2350.3,,,,0,4344.6
751,796,8,2212,9.210999999999933,8.68,2369.52,,,,0,4348.2
752,797,31,7713,37.71199999999996,9.18,2488.66,,,,0,4360.2
753,798,20,5122,24.121000000001725,9.52,2570.34,,,,0,4368.1
754,799,7,1956,7.955000000000075,9.64,2598.38,,,,0,4371.1
755,800,4,1229,4.228000000000001,9.5,2564.02,,,,0,4373.0
756,801,28,6997,33.99600000000163,9.7,2612.18,,,,0,4383.8
757,802,3,1024,3.022999999999933,9.7,2612.36,,,,0,4385.3
758,803,15,3881,17.88000000000021,10.0,2684.6,,,,0,4391.2
759,804,41,10000,50.99899999999463,10.5,2802.42,,,,0,4405.9
760,805,28,6994,33.993000000001636,10.82,2879.02,,,,0,4416.4
761,806,1,552,0.5509999999999753,10.76,2864.58,,,,0,4417.3
762,807,5,1291,5.290000000000021,10.66,2837.02,,,,0,4419.3
763,808,12,3195,14.193999999999388,10.62,2828.34,,,,0,4424.2
764,809,4,1238,4.237000000000004,10.6,2823.32,,,,0,4426.0
765,810,7,1949,7.948000000000079,10.7,2847.3,,,,0,4428.8
766,811,6,1737,6.73600000000017,10.7,2847.66,,,,0,4431.4
767,812,1,531,0.5299999999999776,10.62,2828.58,,,,0,4432.2
768,813,14,3629,16.6279999999999,10.8,2871.44,,,,0,4437.5
769,814,4,1272,4.271000000000015,10.82,2876.54,,,,0,4439.3
770,815,7,1996,7.9950000000000525,10.8,2872.68,,,,0,4442.2
771,816,12,3177,14.175999999999398,10.84,2882.6,,,,0,4446.8
772,817,8,2227,9.225999999999924,10.98,2916.96,,,,0,4450.1
773,818,1,514,0.5129999999999795,10.64,2835.26,,,,0,4450.9
774,819,5,1469,5.468000000000081,10.32,2758.26,,,,0,4453.0
775,820,22,5572,26.571000000002275,10.62,2830.72,,,,0,4461.5
776,821,3,1003,3.001999999999926,10.44,2787.24,,,,0,4463.1
777,822,4,1254,4.253000000000009,10.52,2806.94,,,,0,4465.1
778,823,27,6800,32.79900000000209,10.78,2870.36,,,,0,4475.8
779,824,41,10000,50.99899999999463,11.16,2959.3,,,,0,4489.7
780,825,2,786,1.7849999999999495,11.08,2940.84,,,,0,4491.0
781,826,9,2429,10.427999999999813,11.24,2978.42,,,,0,4494.5
782,827,14,3663,16.661999999999942,11.32,2998.2,,,,0,4498.9
783,828,2,749,1.7479999999999536,11.02,2925.14,,,,0,4499.8
784,829,3,989,2.987999999999927,11.06,2934.74,,,,0,4500.9
785,830,13,3400,15.39899999999962,11.2,2968.56,,,,0,4505.0
786,831,37,9178,45.176999999996546,11.88,3132.34,,,,0,4516.6
787,832,1,517,0.5159999999999791,11.9,3136.74,,,,0,4517.2
788,833,4,1254,4.253000000000009,11.88,3132.12,,,,0,4518.8
789,834,12,3177,14.175999999999398,12.06,3175.66,,,,0,4522.6
790,835,17,4387,20.386000000000827,12.18,3204.84,,,,0,4527.6
791,836,4,1233,4.232000000000002,11.64,3074.8,,,,0,4529.0
792,837,1,509,0.50799999999998,11.64,3074.62,,,,0,4529.6
793,838,8,2189,9.187999999999946,11.76,3103.0,,,,0,4532.1
794,839,8,2205,9.203999999999937,11.6,3064.7,,,,0,4534.6
795,840,5,1521,5.520000000000098,11.64,3074.4,,,,0,4536.4
796,841,12,3159,14.157999999999408,11.22,2972.82,,,,0,4540.1
797,842,36,8937,43.93599999999711,11.64,3073.98,,,,0,4551.4
798,843,15,3879,17.878000000000206,11.62,3069.38,,,,0,4555.9
799,844,27,6749,32.74800000000221,12.0,3159.86,,,,0,4565.4
800,845,3,999,2.997999999999926,12.04,3168.86,,,,0,4566.8
801,846,15,3879,17.878000000000206,12.18,3202.2,,,,0,4572.5
802,847,4,1233,4.232000000000002,11.64,3072.6,,,,0,4574.4
803,848,18,4618,21.61700000000111,11.6,3062.52,,,,0,4581.3
804,849,19,4873,22.87200000000142,11.84,3120.86,,,,0,4588.5
805,850,33,8223,40.22199999999877,12.42,3260.74,,,,0,4600.6
806,851,8,2190,9.188999999999945,12.02,3164.6,,,,0,4603.8
807,852,6,1759,6.758000000000178,12.08,3179.3,,,,0,4606.4
808,853,12,3180,14.178999999999396,12.02,3165.28,,,,0,4611.1
809,854,2,773,1.771999999999951,11.24,2980.74,,,,0,4612.2
810,855,11,2929,12.927999999999535,10.9,2899.44,,,,0,4616.4
811,856,33,8212,40.2109999999988,11.54,3052.64,,,,0,4628.2
812,857,12,3177,14.175999999999398,11.68,3090.36,,,,0,4632.8
813,858,2,769,1.7679999999999514,11.48,3041.84,,,,0,4633.6
814,859,2,771,1.7699999999999512,11.44,3032.5,,,,0,4634.5
815,860,8,2189,9.187999999999946,11.46,3037.3,,,,0,4637.1
816,861,6,1709,6.708000000000161,11.46,3036.74,,,,0,4639.4
817,862,4,1234,4.233000000000002,11.52,3050.8,,,,0,4641.2
818,863,13,3412,15.410999999999635,11.5,3046.46,,,,0,4646.2
819,864,41,10000,50.99899999999463,12.24,3221.02,,,,0,4661.1
820,865,9,2457,10.455999999999797,12.28,3230.24,,,,0,4664.8
821,866,4,1254,4.253000000000009,12.12,3191.78,,,,0,4666.8
822,867,2,768,1.7669999999999515,12.0,3162.6,,,,0,4667.9
823,868,1,535,0.5339999999999772,12.0,3163.02,,,,0,4668.7
824,869,9,2439,10.437999999999807,12.08,3182.42,,,,0,4672.4
825,870,0,269,-0.7319999999999998,11.64,3076.36,,,,0,4672.8
826,871,8,2241,9.239999999999917,11.74,3101.12,,,,0,4676.2
827,872,15,3685,17.68399999999997,11.96,3149.74,,,,0,4681.9
828,873,6,1758,6.757000000000177,11.54,3048.9,,,,0,4684.9
829,874,3,1017,3.0159999999999307,10.78,2869.24,,,,0,4686.5
830,875,3,1017,3.0159999999999307,10.8,2873.86,,,,0,4688.1
831,876,1,549,0.5479999999999756,10.64,2836.26,,,,0,4688.9
832,877,5,1522,5.5210000000000985,10.46,2793.44,,,,0,4691.3
833,878,5,1510,5.5090000000000945,10.52,2808.66,,,,0,4693.5
834,879,3,989,2.987999999999927,10.52,2808.66,,,,0,4695.1
835,880,0,269,-0.7319999999999998,10.26,2746.04,,,,0,4695.5
836,881,6,1723,6.722000000000166,9.64,2596.94,,,,0,4698.1
837,882,5,1489,5.4880000000000875,9.72,2616.38,,,,0,4700.3
838,883,23,5789,27.78800000000254,10.1,2707.08,,,,0,4709.2
839,884,0,283,-0.7179999999999997,9.86,2649.2,,,,0,4709.6
840,885,2,765,1.7639999999999518,9.56,2576.76,,,,0,4710.8
841,886,6,1739,6.738000000000171,9.6,2586.88,,,,0,4713.4
842,887,3,1039,3.037999999999938,9.64,2597.48,,,,0,4714.7
843,888,3,1003,3.001999999999926,9.54,2573.76,,,,0,4715.9
844,889,3,1021,3.019999999999932,9.44,2550.08,,,,0,4717.1
845,890,3,1039,3.037999999999938,9.4,2540.44,,,,0,4718.2
846,891,13,3394,15.392999999999613,9.42,2545.14,,,,0,4722.6
847,892,3,1017,3.0159999999999307,8.76,2386.74,,,,0,4724.1
848,893,41,10000,50.99899999999463,9.28,2509.16,,,,0,4738.5
849,894,14,3649,16.647999999999925,9.02,2447.16,,,,0,4744.5
850,895,41,10000,50.99899999999463,9.78,2627.18,,,,0,4759.0
851,896,18,4600,21.599000000001087,9.84,2641.6,,,,0,4765.6
852,897,3,1039,3.037999999999938,9.82,2637.72,,,,0,4767.2
853,898,1,550,0.5489999999999755,9.48,2556.36,,,,0,4768.0
854,899,1,531,0.5299999999999776,9.12,2469.52,,,,0,4768.8
855,900,12,3202,14.200999999999384,8.7,2369.1,,,,0,4773.6
856,901,7,1949,7.948000000000079,8.68,2364.28,,,,0,4776.5
857,902,7,1960,7.9590000000000725,8.7,2368.3,,,,0,4779.4
858,903,17,4369,20.368000000000805,8.8,2392.08,,,,0,4785.9
859,904,0,322,-0.6789999999999998,8.76,2383.06,,,,0,4786.3
860,905,5,1469,5.468000000000081,8.64,2353.86,,,,0,4788.4
861,906,11,2909,12.907999999999547,8.2,2247.8,,,,0,4792.8
862,907,3,1002,3.0009999999999257,8.02,2204.3,,,,0,4794.2
863,908,0,279,-0.7219999999999998,7.98,2194.5,,,,0,4794.6
864,909,4,1229,4.228000000000001,8.02,2203.66,,,,0,4796.3
865,910,13,3414,15.412999999999638,8.12,2228.16,,,,0,4801.2
866,911,14,3681,16.679999999999964,8.28,2267.6,,,,0,4806.4
867,912,14,3681,16.679999999999964,8.48,2316.54,,,,0,4811.8
868,913,11,2961,12.959999999999518,8.44,2307.52,,,,0,4816.2
869,914,31,7720,37.718999999999944,8.24,2261.92,,,,0,4828.5
870,915,0,269,-0.7319999999999998,8.06,2218.16,,,,0,4828.9
871,916,0,269,-0.7319999999999998,7.98,2198.46,,,,0,4829.4
872,917,5,1521,5.520000000000098,8.04,2213.52,,,,0,4831.6
873,918,7,1976,7.975000000000064,8.16,2242.34,,,,0,4834.5
874,919,3,989,2.987999999999927,8.04,2213.34,,,,0,4835.9
875,920,19,4829,22.828000000001367,8.42,2304.54,,,,0,4843.0
876,921,3,1020,3.0189999999999317,8.32,2280.12,,,,0,4844.5
877,922,8,2241,9.239999999999917,8.18,2251.24,,,,0,4847.7
878,923,8,2241,9.239999999999917,8.22,2260.9,,,,0,4851.0
879,924,2,801,1.7999999999999479,8.2,2256.58,,,,0,4852.2
880,925,7,1960,7.9590000000000725,8.28,2275.44,,,,0,4854.9
881,926,10,2677,11.675999999999675,8.46,2318.0,,,,0,4858.9
882,927,5,1469,5.468000000000081,8.46,2316.94,,,,0,4860.9
883,928,22,5553,26.552000000002252,8.8,2397.8,,,,0,4868.9
884,929,11,2962,12.960999999999517,8.96,2437.26,,,,0,4873.2
885,930,2,765,1.7639999999999518,9.0,2447.18,,,,0,4874.3
886,931,4,1234,4.233000000000002,8.96,2437.4,,,,0,4876.0
887,932,9,2429,10.427999999999813,9.04,2456.2,,,,0,4879.9
888,933,5,1524,5.523000000000099,8.68,2370.9,,,,0,4882.1
889,934,7,1954,7.953000000000076,8.82,2404.32,,,,0,4884.9
890,935,7,1949,7.948000000000079,8.92,2428.0,,,,0,4887.8
891,936,27,6795,32.7940000000021,9.34,2529.12,,,,0,4897.6
892,937,0,315,-0.6859999999999997,9.28,2514.64,,,,0,4898.1
893,938,13,3389,15.387999999999607,9.48,2562.36,,,,0,4902.9
894,939,3,999,2.997999999999926,9.48,2561.92,,,,0,4904.3
895,940,14,3629,16.6279999999999,9.7,2613.72,,,,0,4909.5
896,941,6,1723,6.722000000000166,9.56,2580.3,,,,0,4912.0
897,942,6,1759,6.758000000000178,9.62,2595.14,,,,0,4914.6
898,943,13,3412,15.410999999999635,9.06,2463.38,,,,0,4919.6
899,944,0,319,-0.6819999999999997,8.78,2396.78,,,,0,4920.1
900,945,6,1721,6.720000000000165,8.08,2231.2,,,,0,4922.6
901,946,12,3184,14.182999999999394,7.96,2202.88,,,,0,4927.3
902,947,6,1528,6.5270000000001005,8.02,2212.66,,,,0,4929.5
903,948,5,1504,5.5030000000000925,8.1,2231.74,,,,0,4931.7
904,949,34,8451,41.44999999999824,8.76,2390.14,,,,0,4944.2
905,950,8,2194,9.192999999999943,8.68,2369.98,,,,0,4947.2
906,951,32,7949,38.94799999999941,9.18,2489.98,,,,0,4958.7
907,952,3,1020,3.0189999999999317,9.1,2471.18,,,,0,4960.2
908,953,10,2677,11.675999999999675,8.96,2437.34,,,,0,4964.2
909,954,4,1253,4.252000000000009,9.04,2455.96,,,,0,4966.1
910,955,0,269,-0.7319999999999998,8.94,2431.96,,,,0,4966.5
911,956,2,765,1.7639999999999518,8.76,2389.08,,,,0,4967.7
912,957,3,1036,3.034999999999937,8.76,2389.76,,,,0,4969.2
913,958,29,7266,35.265000000001,9.34,2529.5,,,,0,4979.8
914,959,41,10000,50.99899999999463,10.08,2704.92,,,,0,4994.4
915,960,8,2011,9.010000000000044,9.98,2676.86,,,,0,4997.3
916,961,10,2673,11.671999999999677,9.9,2656.7,,,,0,5001.2
917,962,17,4372,20.37100000000081,9.96,2670.52,,,,0,5007.5
918,963,7,1957,7.956000000000074,9.88,2650.44,,,,0,5010.4
919,964,6,1720,6.719000000000165,9.38,2530.44,,,,0,5012.8
920,965,3,1001,2.999999999999926,9.44,2545.08,,,,0,5014.3
921,966,2,765,1.7639999999999518,9.48,2555.0,,,,0,5015.5
922,967,2,768,1.7669999999999515,9.42,2539.94,,,,0,5016.5
923,968,27,6749,32.74800000000221,9.82,2635.4,,,,0,5026.4
924,969,1,549,0.5479999999999756,9.78,2626.6,,,,0,5027.2
925,970,2,769,1.7679999999999514,9.44,2545.4,,,,0,5028.3
926,971,6,1724,6.723000000000166,9.5,2559.48,,,,0,5030.6
927,972,0,269,-0.7319999999999998,9.34,2520.04,,,,0,5030.9
928,973,4,1270,4.269000000000014,9.26,2500.62,,,,0,5032.4
929,974,14,3682,16.680999999999965,9.5,2558.24,,,,0,5037.1
930,975,0,316,-0.6849999999999998,9.36,2525.36,,,,0,5037.6
931,976,15,3884,17.883000000000212,9.46,2549.5,,,,0,5043.2
932,977,2,749,1.7479999999999536,9.4,2535.1,,,,0,5044.3
933,978,5,1291,5.290000000000021,9.06,2449.86,,,,0,5046.3
934,979,8,2223,9.221999999999927,9.0,2435.08,,,,0,5049.6
935,980,4,1253,4.252000000000009,9.04,2444.84,,,,0,5051.5
936,981,38,9423,46.421999999995975,9.72,2608.62,,,,0,5065.4
937,982,13,3393,15.391999999999612,9.8,2627.9,,,,0,5070.4
938,983,23,5831,27.83000000000259,10.16,2714.04,,,,0,5079.1
939,984,4,1234,4.233000000000002,10.1,2699.64,,,,0,5080.9
940,985,14,3629,16.6279999999999,10.24,2733.24,,,,0,5086.3
941,986,10,2711,11.709999999999656,9.9,2651.56,,,,0,5090.3
942,987,5,1291,5.290000000000021,10.0,2671.08,,,,0,5092.1
943,988,9,2429,10.427999999999813,9.92,2651.88,,,,0,5095.7
944,989,24,6078,29.077000000002894,10.34,2753.46,,,,0,5104.6
945,990,8,2241,9.239999999999917,10.22,2725.7,,,,0,5107.7
946,991,16,4134,19.133000000000518,10.42,2773.92,,,,0,5112.5
947,992,9,2461,10.459999999999795,10.48,2787.96,,,,0,5115.4
948,993,2,768,1.7669999999999515,10.26,2735.08,,,,0,5116.3
949,994,1,552,0.5509999999999753,10.28,2739.74,,,,0,5117.0
950,995,2,802,1.8009999999999478,10.2,2721.36,,,,0,5117.9
951,996,0,269,-0.7319999999999998,9.96,2663.06,,,,0,5118.3
952,997,3,989,2.987999999999927,9.9,2652.28,,,,0,5119.4
953,998,1,538,0.5369999999999768,9.82,2632.96,,,,0,5120.1
954,999,9,2458,10.456999999999796,9.32,2513.1,,,,0,5123.1
955,1000,6,1741,6.740000000000172,9.28,2504.04,,,,0,5125.1
956,1001,4,1252,4.251000000000008,8.72,2370.1,,,,0,5126.6
957,1002,0,318,-0.6829999999999998,8.66,2356.06,,,,0,5126.9
958,1003,0,269,-0.7319999999999998,8.46,2307.9,,,,0,5127.2
959,1004,6,1709,6.708000000000161,8.5,2317.02,,,,0,5129.3
960,1005,0,299,-0.7019999999999997,8.5,2317.62,,,,0,5129.6
961,1006,15,3883,17.88200000000021,8.76,2379.98,,,,0,5134.1
962,1007,9,2478,10.476999999999785,8.88,2408.82,,,,0,5136.9
963,1008,7,1989,7.988000000000056,8.44,2303.28,,,,0,5139.3
964,1009,32,7972,38.97099999999936,8.26,2262.72,,,,0,5148.6
965,1010,8,2205,9.203999999999937,8.26,2266.6,,,,0,5151.2
966,1011,3,1017,3.0159999999999307,8.12,2233.48,,,,0,5152.3
967,1012,41,10000,50.99899999999463,8.6,2346.04,,,,0,5164.0
968,1013,11,2909,12.907999999999547,8.68,2365.08,,,,0,5167.4
969,1014,33,8200,40.198999999998826,9.22,2494.68,,,,0,5176.9
970,1015,39,9646,47.644999999995456,9.94,2667.58,,,,0,5188.0
971,1016,13,3419,15.417999999999644,10.16,2720.66,,,,0,5191.9
972,1017,17,4369,20.368000000000805,10.46,2792.68,,,,0,5197.0
973,1018,12,3149,14.147999999999413,10.16,2720.68,,,,0,5200.7
974,1019,7,1949,7.948000000000079,10.28,2748.68,,,,0,5202.9
975,1020,12,3149,14.147999999999413,10.48,2796.28,,,,0,5206.6
976,1021,4,1255,4.254000000000009,10.44,2786.9,,,,0,5208.0
977,1022,0,298,-0.7029999999999998,10.44,2787.48,,,,0,5208.4
978,1023,41,10000,50.99899999999463,11.18,2962.08,,,,0,5220.2
979,1024,5,1490,5.489000000000088,11.0,2918.24,,,,0,5221.8
980,1025,2,769,1.7679999999999514,11.04,2927.3,,,,0,5222.7
981,1026,3,1021,3.019999999999932,10.8,2870.04,,,,0,5223.9
982,1027,3,1038,3.0369999999999377,10.82,2875.82,,,,0,5225.1
983,1028,41,10000,50.99899999999463,11.54,3050.0,,,,0,5236.6
984,1029,41,10000,50.99899999999463,12.2,3205.54,,,,0,5248.0
985,1030,8,2226,9.224999999999925,12.28,3225.0,,,,0,5250.5
986,1031,9,2478,10.476999999999785,11.7,3086.1,,,,0,5253.3
987,1032,41,10000,50.99899999999463,12.26,3218.24,,,,0,5264.9
988,1033,20,5106,24.105000000001706,12.2,3203.74,,,,0,5270.8
989,1034,7,1957,7.956000000000074,12.26,3218.2,,,,0,5273.0
990,1035,5,1489,5.4880000000000875,12.08,3175.4,,,,0,5274.8
991,1036,3,1002,3.0009999999999257,11.94,3141.22,,,,0,5275.9
992,1037,4,1255,4.254000000000009,11.92,3140.5,,,,0,5277.3
993,1038,3,1042,3.040999999999939,11.8,3112.76,,,,0,5278.5
994,1039,1,509,0.50799999999998,11.34,3001.38,,,,0,5279.0
995,1040,17,4403,20.402000000000847,11.52,3044.62,,,,0,5284.2
996,1041,3,1038,3.0369999999999377,11.26,2982.7,,,,0,5285.4
997,1042,0,318,-0.6829999999999998,11.08,2939.84,,,,0,5285.7
998,1043,41,10000,50.99899999999463,11.86,3124.48,,,,0,5297.5
999,1044,16,4109,19.108000000000487,12.16,3195.62,,,,0,5302.2
1000,1045,41,10000,50.99899999999463,12.94,3379.58,1.8,421.45,0.55,0,5329.8
1001,1046,15,3901,17.900000000000233,13.24,3452.22,,,,0,5334.2
1002,1047,23,5808,27.807000000002564,13.64,3548.6,,,,0,5340.7
1003,1048,1,557,0.5559999999999747,13.64,3548.98,,,,0,5341.3
1004,1049,39,9678,47.67699999999538,14.24,3693.38,,,,0,5352.3
1005,1050,28,7013,34.01200000000159,14.68,3798.82,,,,0,5360.4
1006,1051,1,554,0.5529999999999751,14.62,3784.86,,,,0,5361.1
1007,1052,9,2480,10.478999999999784,14.8,3828.1,,,,0,5363.9
1008,1053,9,2429,10.427999999999813,14.98,3871.3,,,,0,5366.8
1009,1054,11,2910,12.908999999999546,15.08,3895.32,,,,0,5370.1
1010,1055,4,1237,4.236000000000003,15.16,3914.08,,,,0,5371.5
1011,1056,7,1974,7.973000000000065,15.0,3875.9,,,,0,5373.7
1012,1057,33,8189,40.18799999999885,15.48,3990.12,,,,0,5383.1
1013,1058,2,786,1.7849999999999495,15.38,3966.06,,,,0,5384.0
1014,1059,25,6294,30.293000000003158,15.24,3932.5,,,,0,5391.4
1015,1060,11,2928,12.926999999999536,15.3,3946.96,,,,0,5394.8
1016,1061,34,8436,41.434999999998276,15.92,4095.34,,,,0,5404.3
1017,1062,26,6532,31.531000000002713,15.62,4025.98,,,,0,5411.8
1018,1063,26,6550,31.54900000000267,15.92,4098.8,,,,0,5419.8
1019,1064,4,1236,4.235000000000003,15.34,3959.52,,,,0,5421.2
1020,1065,22,5549,26.548000000002247,15.0,3877.58,,,,0,5427.9
1021,1066,6,1762,6.761000000000179,14.86,3844.44,,,,0,5429.9
1022,1067,17,4404,20.403000000000848,14.86,3845.14,,,,0,5435.1
1023,1068,3,806,2.8049999999999473,14.68,3798.28,,,,0,5436.1
1024,1069,2,769,1.7679999999999514,14.58,3774.68,,,,0,5437.0
1025,1070,12,3181,14.179999999999396,14.58,3775.32,,,,0,5440.7
1026,1071,6,1740,6.739000000000171,14.62,3785.02,,,,0,5442.8
1027,1072,24,6061,29.060000000002873,15.1,3900.28,,,,0,5449.8
1028,1073,33,8189,40.18799999999885,14.94,3864.06,,,,0,5459.2
1029,1074,1,534,0.5329999999999773,14.86,3844.94,,,,0,5459.9
1030,1075,7,1979,7.978000000000062,14.96,3869.14,,,,0,5462.2
1031,1076,16,4109,19.108000000000487,15.22,3930.9,,,,0,5467.0
1032,1077,1,556,0.5549999999999748,15.18,3921.26,,,,0,5467.7
1033,1078,2,772,1.770999999999951,14.4,3736.7,,,,0,5468.6
1034,1079,3,989,2.987999999999927,13.64,3556.48,,,,0,5469.7
1035,1080,16,4121,19.120000000000502,13.8,3594.38,,,,0,5474.5
1036,1081,29,7283,35.28200000000096,14.2,3690.48,,,,0,5484.2
1037,1082,11,2911,12.909999999999545,13.6,3548.7,,,,0,5487.8
1038,1083,3,1025,3.0239999999999334,13.26,3467.08,,,,0,5489.1
1039,1084,9,2477,10.475999999999786,13.3,3477.48,,,,0,5491.9
1040,1085,5,1523,5.522000000000099,13.3,3478.16,,,,0,5493.6
1041,1086,1,552,0.5509999999999753,13.26,3469.16,,,,0,5494.2
1042,1087,37,9157,45.155999999996595,13.92,3627.2,,,,0,5504.8
1043,1088,6,1741,6.740000000000172,13.98,3641.18,,,,0,5506.9
1044,1089,29,7284,35.28300000000096,14.54,3776.68,,,,0,5515.3
1045,1090,7,1949,7.948000000000079,14.34,3727.6,,,,0,5517.4
1046,1091,16,4109,19.108000000000487,14.6,3789.02,,,,0,5522.2
1047,1092,41,10000,50.99899999999463,15.42,3982.66,,,,0,5533.8
1048,1093,4,1253,4.252000000000009,14.68,3807.72,,,,0,5535.2
1049,1094,4,1237,4.236000000000003,14.44,3750.28,,,,0,5536.6
1050,1095,5,1488,5.487000000000087,13.72,3580.04,,,,0,5538.4
1051,1096,9,2460,10.458999999999795,13.6,3551.22,,,,0,5541.2
1052,1097,13,3396,15.394999999999616,13.4,3502.98,,,,0,5545.2
1053,1098,21,5341,25.340000000001993,13.8,3598.66,,,,0,5551.2
1054,1099,28,7036,34.03500000000154,13.58,3545.82,,,,0,5559.3
1055,1100,4,1236,4.235000000000003,13.1,3430.28,,,,0,5560.7
1056,1101,5,1471,5.4700000000000815,13.18,3448.62,,,,0,5562.4
1057,1102,36,8940,43.9389999999971,13.72,3577.82,,,,0,5572.9
1058,1103,6,1741,6.740000000000172,13.66,3564.06,,,,0,5574.9
1059,1104,5,1470,5.469000000000081,13.54,3535.26,,,,0,5576.6
1060,1105,3,1002,3.0009999999999257,13.52,3530.56,,,,0,5577.8
1061,1106,2,768,1.7669999999999515,13.42,3506.44,,,,0,5578.6
1062,1107,32,7968,38.966999999999366,13.4,3502.02,,,,0,5587.8
1063,1108,6,1744,6.743000000000173,13.48,3521.18,,,,0,5589.8
1064,1109,10,2677,11.675999999999675,13.18,3448.84,,,,0,5592.9
1065,1110,3,1038,3.0369999999999377,13.02,3411.04,,,,0,5594.1
1066,1111,2,786,1.7849999999999495,12.38,3258.04,,,,0,5595.0
1067,1112,8,2244,9.242999999999915,12.02,3172.28,,,,0,5597.6
1068,1113,19,4853,22.852000000001397,11.88,3138.34,,,,0,5603.3
1069,1114,0,269,-0.7319999999999998,11.8,3119.0,,,,0,5603.6
1070,1115,4,1253,4.252000000000009,11.44,3033.08,,,,0,5605.0
1071,1116,2,785,1.7839999999999496,11.36,3013.54,,,,0,5605.9
1072,1117,14,3680,16.678999999999963,11.3,2999.06,,,,0,5610.2
1073,1118,41,10000,50.99899999999463,12.06,3182.94,,,,0,5621.7
1074,1119,6,1526,6.5250000000001,12.14,3198.08,,,,0,5623.5
1075,1120,5,1291,5.290000000000021,12.0,3160.28,,,,0,5625.0
1076,1121,14,3629,16.6279999999999,12.16,3198.06,,,,0,5629.4
1077,1122,13,3396,15.394999999999616,11.94,3144.76,,,,0,5633.2
1078,1123,23,5808,27.807000000002564,11.74,3097.14,,,,0,5640.0
1079,1124,4,1236,4.235000000000003,11.8,3111.18,,,,0,5641.3
1080,1125,16,4117,19.116000000000497,11.98,3153.94,,,,0,5646.0
1081,1126,22,5549,26.548000000002247,12.1,3182.74,,,,0,5652.6
1082,1127,9,2478,10.476999999999785,12.26,3221.18,,,,0,5655.4
1083,1128,19,4840,22.83900000000138,12.6,3302.54,,,,0,5661.0
1084,1129,0,283,-0.7179999999999997,12.54,3288.42,,,,0,5661.4
1085,1130,17,4386,20.385000000000826,12.56,3293.72,,,,0,5666.5
1086,1131,14,3629,16.6279999999999,12.26,3220.64,,,,0,5670.6
1087,1132,1,509,0.50799999999998,12.06,3172.6,,,,0,5671.3
1088,1133,10,2712,11.710999999999656,12.2,3206.34,,,,0,5674.4
1089,1134,3,805,2.8039999999999474,12.08,3172.9,,,,0,5675.3
1090,1135,2,791,1.789999999999949,12.02,3158.26,,,,0,5676.3
1091,1136,1,553,0.5519999999999752,12.02,3158.28,,,,0,5676.9
1092,1137,0,269,-0.7319999999999998,11.28,2980.52,,,,0,5677.2
1093,1138,7,1973,7.972000000000065,11.3,2985.16,,,,0,5679.6
1094,1139,3,989,2.987999999999927,10.78,2859.26,,,,0,5680.8
1095,1140,5,1524,5.523000000000099,10.74,2850.76,,,,0,5682.7
1096,1141,0,269,-0.7319999999999998,10.42,2773.96,,,,0,5683.0
1097,1142,6,1525,6.5240000000000995,9.72,2604.46,,,,0,5684.7
1098,1143,27,6780,32.779000000002135,10.18,2715.0,,,,0,5692.6
1099,1144,18,4638,21.637000000001134,10.46,2783.02,,,,0,5698.0
1100,1145,15,3904,17.903000000000237,10.66,2831.34,,,,0,5702.5
1101,1146,12,3162,14.160999999999406,10.72,2845.38,,,,0,5706.1
1102,1147,41,10000,50.99899999999463,11.28,2977.46,,,,0,5717.4
1103,1148,4,1235,4.234000000000003,10.94,2895.34,,,,0,5718.9
1104,1149,10,2693,11.691999999999666,10.58,2808.48,,,,0,5722.0
1105,1150,5,1524,5.523000000000099,10.6,2814.24,,,,0,5723.9
1106,1151,34,8429,41.42799999999829,11.18,2953.4,,,,0,5733.6
1107,1152,3,1021,3.019999999999932,10.52,2795.02,,,,0,5734.7
1108,1153,0,269,-0.7319999999999998,10.4,2765.58,,,,0,5735.0
1109,1154,41,10000,50.99899999999463,11.12,2936.18,,,,0,5746.8
1110,1155,22,5574,26.573000000002278,11.5,3027.62,,,,0,5753.5
1111,1156,3,1003,3.001999999999926,11.52,3032.32,,,,0,5754.6
1112,1157,41,10000,50.99899999999463,11.7,3072.96,,,,0,5766.2
1113,1158,17,4369,20.368000000000805,11.92,3125.46,,,,0,5771.4
1114,1159,12,3149,14.147999999999413,11.96,3134.9,,,,0,5775.1
1115,1160,0,269,-0.7319999999999998,11.9,3119.52,,,,0,5775.4
1116,1161,10,2713,11.711999999999655,12.06,3158.06,,,,0,5778.6
1117,1162,18,4405,21.40400000000085,12.26,3201.28,,,,0,5783.9
1118,1163,21,5125,25.12400000000173,12.3,3206.72,,,,0,5790.1
1119,1164,20,5088,24.087000000001684,12.7,3303.1,,,,0,5796.1
1120,1165,8,2190,9.188999999999945,12.78,3321.84,,,,0,5798.6
1121,1166,33,8238,40.23699999999874,13.4,3470.9,,,,0,5808.2
1122,1167,3,1039,3.037999999999938,13.18,3418.08,,,,0,5809.3
1123,1168,12,3162,14.160999999999406,12.6,3281.32,,,,0,5813.1
1124,1169,33,8202,40.20099999999882,13.14,3414.84,,,,0,5822.5
1125,1170,5,1489,5.4880000000000875,13.14,3418.8,,,,0,5824.2
1126,1171,33,8238,40.23699999999874,13.52,3510.98,,,,0,5833.9
1127,1172,41,10000,50.99899999999463,14.08,3643.06,,,,0,5845.6
1128,1173,9,2249,10.247999999999912,13.8,3571.88,,,,0,5848.3
1129,1174,19,4840,22.83900000000138,14.1,3643.96,,,,0,5853.8
1130,1175,26,6528,31.527000000002722,14.3,3692.18,,,,0,5861.3
1131,1176,10,2698,11.696999999999663,14.06,3635.16,,,,0,5864.6
1132,1177,14,3671,16.669999999999952,14.16,3659.02,,,,0,5868.8
1133,1178,10,2694,11.692999999999666,13.98,3616.1,,,,0,5871.9
1134,1179,19,4876,22.875000000001425,14.36,3707.96,,,,0,5877.6
1135,1180,41,10000,50.99899999999463,14.84,3820.24,,,,0,5889.3
1136,1181,41,10000,50.99899999999463,15.38,3947.66,,,,0,5901.0
1137,1182,1,538,0.5369999999999768,15.38,3948.24,,,,0,5901.6
1138,1183,9,2464,10.462999999999793,15.36,3943.28,,,,0,5904.4
1139,1184,41,10000,50.99899999999463,16.12,4127.18,,,,0,5916.0
1140,1185,14,3648,16.646999999999924,16.36,4184.32,,,,0,5920.2
1141,1186,19,4858,22.857000000001403,16.72,4270.42,,,,0,5925.9
1142,1187,41,10000,50.99899999999463,17.54,4465.04,,,,0,5937.6
1143,1188,41,10000,50.99899999999463,18.22,4625.58,,,,0,5949.1
1144,1189,41,10000,50.99899999999463,18.98,4805.8,,,,0,5961.5
1145,1190,41,10000,50.99899999999463,19.7,4975.32,,,,0,5973.8
1146,1191,41,10000,50.99899999999463,20.52,5169.94,,,,0,5985.9
1147,1192,41,10000,50.99899999999463,21.22,5339.44,,,,0,5997.5
1148,1193,41,10000,50.99899999999463,21.5,5403.84,,,,0,6009.0
1149,1194,41,10000,50.99899999999463,21.96,5511.08,,,,0,6020.7
1150,1195,18,4589,21.588000000001074,22.02,5524.78,,,,0,6026.2
1151,1196,41,10000,50.99899999999463,22.6,5661.54,,,,0,6037.7
1152,1197,41,10000,50.99899999999463,22.6,5661.54,,,,0,6049.5
1153,1198,41,10000,50.99899999999463,23.34,5836.84,,,,0,6061.3
1154,1199,41,10000,50.99899999999463,23.96,5982.98,,,,0,6073.1
1155,1200,41,10000,50.99899999999463,24.68,6152.5,,,,0,6084.7
1156,1201,41,10000,50.99899999999463,24.82,6183.92,,,,0,6096.9
1157,1202,41,10000,50.99899999999463,25.58,6363.5,,,,0,6108.5
1158,1203,39,9646,47.644999999995456,26.36,6551.04,,,,0,6119.8
1159,1204,41,10000,50.99899999999463,26.36,6551.04,,,,0,6131.3
1160,1205,41,10000,50.99899999999463,26.74,6639.56,,,,0,6143.1
1161,1206,41,10000,50.99899999999463,27.5,6819.5,,,,0,6154.9
1162,1207,41,10000,50.99899999999463,27.5,6819.5,,,,0,6167.4
1163,1208,41,10000,50.99899999999463,27.98,6932.12,,,,0,6178.8
1164,1209,36,8909,43.90799999999717,28.46,7047.32,,,,0,6189.1
1165,1210,41,10000,50.99899999999463,29.28,7241.94,,,,0,6200.7
1166,1211,41,10000,50.99899999999463,29.9,7387.68,,,,0,6212.2
1167,1212,41,10000,50.99899999999463,30.36,7499.58,,,,0,6224.0
1168,1213,41,10000,50.99899999999463,30.76,7597.08,,,,0,6235.7
1169,1214,41,10000,50.99899999999463,31.18,7695.32,,,,0,6247.5
1170,1215,41,10000,50.99899999999463,31.84,7851.52,,,,0,6259.1
1171,1216,41,10000,50.99899999999463,32.0,7886.76,,,,0,6270.8
1172,1217,41,10000,50.99899999999463,32.76,8065.98,,,,0,6282.6
1173,1218,41,10000,50.99899999999463,33.34,8202.74,,,,0,6294.6
1174,1219,41,10000,50.99899999999463,33.5,8238.7,,,,0,6306.2
1175,1220,41,10000,50.99899999999463,34.22,8408.92,,,,0,6317.6
1176,1221,41,10000,50.99899999999463,34.38,8444.16,,,,0,6329.3
1177,1222,41,10000,50.99899999999463,34.38,8444.16,,,,0,6340.8
1178,1223,41,10000,50.99899999999463,35.02,8599.18,,,,0,6352.9
1179,1224,41,10000,50.99899999999463,35.46,8702.38,,,,0,6364.4
1180,1225,41,10000,50.99899999999463,35.76,8771.82,,,,0,6376.0
1181,1226,41,10000,50.99899999999463,36.38,8917.86,,,,0,6387.7
1182,1227,41,10000,50.99899999999463,36.92,9044.44,,,,0,6399.1
1183,1228,41,10000,50.99899999999463,37.54,9190.56,,,,0,6410.5
1184,1229,14,3670,16.66899999999995,37.44,9166.44,,,,0,6414.7
1185,1230,41,10000,50.99899999999463,37.44,9166.44,,,,0,6426.3
1186,1231,41,10000,50.99899999999463,37.44,9166.44,,,,0,6437.8
1187,1232,41,10000,50.99899999999463,38.24,9355.68,,,,0,6449.2
1188,1233,41,10000,50.99899999999463,38.88,9506.4,,,,0,6460.7
1189,1234,38,9413,46.411999999996,38.82,9494.66,,,,0,6471.6
1190,1235,41,10000,50.99899999999463,39.36,9621.7,,,,0,6483.1
1191,1236,41,10000,50.99899999999463,39.8,9724.54,,,,0,6494.6
1192,1237,27,6568,32.56700000000263,39.52,9655.9,,,,0,6502.2
1193,1238,41,10000,50.99899999999463,39.52,9655.9,,,,0,6514.6
1194,1239,41,10000,50.99899999999463,39.52,9655.9,,,,0,6526.6
1195,1240,41,10000,50.99899999999463,39.52,9655.9,,,,0,6538.1
1196,1241,41,10000,50.99899999999463,39.52,9655.9,,,,0,6549.5
1197,1242,41,10000,50.99899999999463,39.52,9655.9,,,,0,6561.0
1198,1243,25,6280,30.27900000000314,39.2,9581.5,,,,0,6568.3
1199,1244,41,10000,50.99899999999463,39.2,9581.5,,,,0,6580.0
1200,1245,41,10000,50.99899999999463,39.66,9689.72,,,,0,6591.6
1201,1246,41,10000,50.99899999999463,39.66,9689.72,,,,0,6603.3
1202,1247,41,10000,50.99899999999463,39.66,9689.72,,,,0,6614.9
1203,1248,41,10000,50.99899999999463,39.66,9689.72,,,,0,6626.5
1204,1249,41,10000,50.99899999999463,39.66,9689.72,,,,0,6638.2
1205,1250,13,3419,15.417999999999644,39.1,9558.1,,,,0,6642.2
1206,1251,41,10000,50.99899999999463,39.1,9558.1,,,,0,6653.9
1207,1252,0,287,-0.7139999999999997,38.28,9363.84,,,,0,6654.2
1208,1253,41,10000,50.99899999999463,38.32,9370.92,,,,0,6665.9
1209,1254,41,10000,50.99899999999463,38.32,9370.92,,,,0,6677.6
1210,1255,20,5111,24.110000000001712,37.9,9273.14,,,,0,6683.6
1211,1256,41,10000,50.99899999999463,37.9,9273.14,,,,0,6695.4
1212,1257,41,10000,50.99899999999463,37.9,9273.14,,,,0,6707.1
1213,1258,41,10000,50.99899999999463,37.9,9273.14,,,,0,6718.6
1214,1259,41,10000,50.99899999999463,38.0,9294.96,,,,0,6730.2
1215,1260,41,10000,50.99899999999463,38.0,9294.96,,,,0,6741.6
1216,1261,41,10000,50.99899999999463,38.0,9294.96,,,,0,6752.9
1217,1262,41,10000,50.99899999999463,38.0,9294.96,,,,0,6764.7
1218,1263,5,1492,5.4910000000000885,37.28,9124.8,,,,0,6766.5
1219,1264,41,10000,50.99899999999463,37.28,9124.8,,,,0,6777.9
1220,1265,41,10000,50.99899999999463,37.28,9124.8,,,,0,6789.5
1221,1266,41,10000,50.99899999999463,37.28,9124.8,,,,0,6801.0
1222,1267,41,10000,50.99899999999463,37.28,9124.8,,,,0,6812.4
1223,1268,41,10000,50.99899999999463,37.28,9124.8,,,,0,6824.0
1224,1269,41,10000,50.99899999999463,37.28,9124.8,,,,0,6835.5
1225,1270,41,10000,50.99899999999463,37.28,9124.8,,,,0,6847.4
1226,1271,41,10000,50.99899999999463,37.28,9124.8,,,,0,6859.0
1227,1272,33,8189,40.18799999999885,37.12,9088.58,,,,0,6868.9
1228,1273,41,10000,50.99899999999463,37.12,9088.58,,,,0,6880.4
1229,1274,41,10000,50.99899999999463,37.12,9088.58,,,,0,6892.3
1230,1275,41,10000,50.99899999999463,37.12,9088.58,,,,0,6904.6
1231,1276,41,10000,50.99899999999463,37.12,9088.58,,,,0,6915.9
1232,1277,41,10000,50.99899999999463,37.12,9088.58,,,,0,6927.6
1233,1278,41,10000,50.99899999999463,37.12,9088.58,,,,0,6939.5
1234,1279,41,10000,50.99899999999463,37.66,9215.18,,,,0,6951.2
1235,1280,28,7018,34.01700000000158,37.4,9155.54,,,,0,6959.4
1236,1281,41,10000,50.99899999999463,37.4,9155.54,,,,0,6971.1
1237,1282,41,10000,50.99899999999463,37.4,9155.54,,,,0,6982.8
1238,1283,3,1043,3.0419999999999394,36.64,8976.4,,,,0,6984.1
1239,1284,41,10000,50.99899999999463,36.7,8988.14,,,,0,6995.8
1240,1285,41,10000,50.99899999999463,36.7,8988.14,,,,0,7007.3
1241,1286,41,10000,50.99899999999463,36.7,8988.14,,,,0,7018.8
1242,1287,41,10000,50.99899999999463,36.98,9056.78,,,,0,7030.3
1243,1288,41,10000,50.99899999999463,36.98,9056.78,,,,0,7042.2
1244,1289,41,10000,50.99899999999463,36.98,9056.78,,,,0,7054.1
1245,1290,41,10000,50.99899999999463,36.98,9056.78,,,,0,7065.9
1246,1291,41,10000,50.99899999999463,36.98,9056.78,,,,0,7077.5
1247,1292,41,10000,50.99899999999463,36.98,9056.78,,,,0,7088.8
1248,1293,41,10000,50.99899999999463,37.3,9131.18,,,,0,7100.3
1249,1294,41,10000,50.99899999999463,37.3,9131.18,,,,0,7111.9
1250,1295,41,10000,50.99899999999463,37.3,9131.18,,,,0,7123.6
1251,1296,41,10000,50.99899999999463,37.3,9131.18,,,,0,7135.0
1252,1297,41,10000,50.99899999999463,37.3,9131.18,,,,0,7146.8
1253,1298,41,10000,50.99899999999463,37.3,9131.18,,,,0,7158.5
1254,1299,18,4642,21.64100000000114,36.84,9024.02,,,,0,7163.8
1255,1300,41,10000,50.99899999999463,37.4,9155.64,,,,0,7175.4
1256,1301,41,10000,50.99899999999463,37.4,9155.64,,,,0,7187.0
1257,1302,41,10000,50.99899999999463,38.22,9349.9,,,,0,7199.0
1258,1303,41,10000,50.99899999999463,38.22,9349.9,,,,0,7210.6
1259,1304,3,989,2.987999999999927,37.46,9169.68,,,,0,7211.7
1260,1305,41,10000,50.99899999999463,37.88,9267.46,,,,0,7223.7
1261,1306,21,5344,25.343000000001997,37.48,9174.34,,,,0,7230.0
1262,1307,41,10000,50.99899999999463,37.48,9174.34,,,,0,7241.8
1263,1308,41,10000,50.99899999999463,37.48,9174.34,,,,0,7253.3
1264,1309,41,10000,50.99899999999463,37.48,9174.34,,,,0,7264.4
1265,1310,41,10000,50.99899999999463,37.48,9174.34,,,,0,7276.0
1266,1311,41,10000,50.99899999999463,37.48,9174.34,,,,0,7287.8
1267,1312,1,520,0.5189999999999788,36.68,8984.74,,,,0,7288.3
1268,1313,41,10000,50.99899999999463,37.4,9154.9,,,,0,7299.8
1269,1314,33,8008,40.00699999999927,37.24,9115.06,,,,0,7309.1
1270,1315,41,10000,50.99899999999463,37.24,9115.06,,,,0,7320.6
1271,1316,41,10000,50.99899999999463,37.24,9115.06,,,,0,7332.1
1272,1317,41,10000,50.99899999999463,37.24,9115.06,,,,0,7343.5
1273,1318,22,5578,26.577000000002283,36.86,9026.62,,,,0,7350.0
1274,1319,28,7036,34.03500000000154,36.6,8967.34,,,,0,7358.5
1275,1320,41,10000,50.99899999999463,36.6,8967.34,,,,0,7369.9
1276,1321,41,10000,50.99899999999463,36.6,8967.34,,,,0,7381.5
1277,1322,41,10000,50.99899999999463,36.76,9003.56,,,,0,7393.3
1278,1323,41,10000,50.99899999999463,36.76,9003.56,,,,0,7404.6
1279,1324,41,10000,50.99899999999463,36.76,9003.56,,,,0,7416.1
1280,1325,41,10000,50.99899999999463,36.76,9003.56,,,,0,7427.8
1281,1326,41,10000,50.99899999999463,36.76,9003.56,,,,0,7439.2
1282,1327,41,10000,50.99899999999463,36.76,9003.56,,,,0,7450.7
1283,1328,41,10000,50.99899999999463,36.76,9003.56,,,,0,7462.3
1284,1329,41,10000,50.99899999999463,36.76,9003.56,,,,0,7473.7
1285,1330,41,10000,50.99899999999463,37.02,9063.2,,,,0,7485.2
1286,1331,41,10000,50.99899999999463,37.02,9063.2,,,,0,7496.8
1287,1332,41,10000,50.99899999999463,37.02,9063.2,,,,0,7508.5
1288,1333,41,10000,50.99899999999463,37.78,9242.34,,,,0,7520.0
1289,1334,6,1741,6.740000000000172,37.08,9077.16,,,,0,7522.1
1290,1335,41,10000,50.99899999999463,37.08,9077.16,,,,0,7533.8
1291,1336,41,10000,50.99899999999463,37.08,9077.16,,,,0,7545.6
1292,1337,31,7735,37.73399999999991,36.88,9031.86,,,,0,7554.9
1293,1338,41,10000,50.99899999999463,36.88,9031.86,,,,0,7566.7
1294,1339,41,10000,50.99899999999463,36.88,9031.86,,,,0,7578.5
1295,1340,41,10000,50.99899999999463,36.88,9031.86,,,,0,7589.9
1296,1341,41,10000,50.99899999999463,36.88,9031.86,,,,0,7601.6
1297,1342,41,10000,50.99899999999463,36.88,9031.86,,,,0,7613.1
1298,1343,41,10000,50.99899999999463,36.88,9031.86,,,,0,7624.6
1299,1344,41,10000,50.99899999999463,36.88,9031.86,,,,0,7636.2
1300,1345,41,10000,50.99899999999463,36.88,9031.86,,,,0,7647.6
1301,1346,41,10000,50.99899999999463,36.88,9031.86,,,,0,7659.3
1302,1347,18,4642,21.64100000000114,36.42,8924.7,,,,0,7664.6
1303,1348,41,10000,50.99899999999463,36.42,8924.7,,,,0,7676.0
1304,1349,41,10000,50.99899999999463,36.88,9031.86,,,,0,7688.1
1305,1350,41,10000,50.99899999999463,36.88,9031.86,,,,0,7699.6
1306,1351,41,10000,50.99899999999463,36.88,9031.86,,,,0,7711.1
1307,1352,41,10000,50.99899999999463,36.88,9031.86,,,,0,7722.4
1308,1353,41,10000,50.99899999999463,36.88,9031.86,,,,0,7733.9
1309,1354,41,10000,50.99899999999463,37.64,9212.08,,,,0,7745.7
1310,1355,41,10000,50.99899999999463,37.64,9212.08,,,,0,7757.4
1311,1356,41,10000,50.99899999999463,38.04,9305.2,,,,0,7768.6
1312,1357,41,10000,50.99899999999463,38.04,9305.2,,,,0,7780.3
1313,1358,41,10000,50.99899999999463,38.04,9305.2,,,,0,7792.0
1314,1359,41,10000,50.99899999999463,38.04,9305.2,,,,0,7803.7
1315,1360,41,10000,50.99899999999463,38.04,9305.2,,,,0,7815.0
1316,1361,41,10000,50.99899999999463,38.04,9305.2,,,,0,7827.0
1317,1362,41,10000,50.99899999999463,38.84,9494.8,,,,0,7838.8
1318,1363,13,3419,15.417999999999644,38.28,9363.18,,,,0,7842.7
1319,1364,41,10000,50.99899999999463,38.44,9403.02,,,,0,7854.5
1320,1365,41,10000,50.99899999999463,38.44,9403.02,,,,0,7865.9
1321,1366,41,10000,50.99899999999463,38.44,9403.02,,,,0,7877.7
1322,1367,41,10000,50.99899999999463,38.44,9403.02,,,,0,7889.3
1323,1368,41,10000,50.99899999999463,38.82,9491.46,,,,0,7901.1
1324,1369,41,10000,50.99899999999463,39.08,9550.74,,,,0,7912.9
1325,1370,41,10000,50.99899999999463,39.08,9550.74,,,,0,7924.5
1326,1371,41,10000,50.99899999999463,39.08,9550.74,,,,0,7936.3
1327,1372,41,10000,50.99899999999463,39.08,9550.74,,,,0,7947.9
1328,1373,41,10000,50.99899999999463,39.08,9550.74,,,,0,7959.6
1329,1374,41,10000,50.99899999999463,39.08,9550.74,,,,0,7971.2
1330,1375,41,10000,50.99899999999463,39.08,9550.74,,,,0,7982.7
1331,1376,41,10000,50.99899999999463,39.08,9550.74,,,,0,7994.4
1332,1377,41,10000,50.99899999999463,39.08,9550.74,,,,0,8006.1
1333,1378,2,773,1.771999999999951,38.3,9366.2,,,,0,8007.0
1334,1379,41,10000,50.99899999999463,38.3,9366.2,,,,0,8018.7
1335,1380,41,10000,50.99899999999463,38.3,9366.2,,,,0,8030.4
1336,1381,41,10000,50.99899999999463,38.3,9366.2,,,,0,8042.0
1337,1382,41,10000,50.99899999999463,38.3,9366.2,,,,0,8053.8
1338,1383,41,10000,50.99899999999463,38.3,9366.2,,,,0,8065.7
1339,1384,41,10000,50.99899999999463,39.0,9531.38,,,,0,8077.4
1340,1385,12,3203,14.201999999999384,38.42,9395.44,,,,0,8081.2
1341,1386,13,3401,15.399999999999622,37.86,9263.46,,,,0,8085.2
1342,1387,41,10000,50.99899999999463,38.06,9308.76,,,,0,8097.0
1343,1388,41,10000,50.99899999999463,38.06,9308.76,,,,0,8108.9
1344,1389,41,10000,50.99899999999463,38.06,9308.76,,,,0,8120.4
1345,1390,41,10000,50.99899999999463,38.06,9308.76,,,,0,8132.1
1346,1391,36,8962,43.96099999999705,37.96,9288.0,,,,0,8142.7
1347,1392,41,10000,50.99899999999463,37.96,9288.0,,,,0,8154.4
1348,1393,41,10000,50.99899999999463,37.96,9288.0,,,,0,8166.1
1349,1394,41,10000,50.99899999999463,37.96,9288.0,,,,0,8177.9
1350,1395,41,10000,50.99899999999463,37.96,9288.0,,,,0,8189.3
1351,1396,41,10000,50.99899999999463,37.96,9288.0,,,,0,8201.0
1352,1397,41,10000,50.99899999999463,38.42,9395.16,,,,0,8212.5
1353,1398,41,10000,50.99899999999463,38.42,9395.16,,,,0,8224.4
1354,1399,41,10000,50.99899999999463,38.42,9395.16,,,,0,8235.9
1355,1400,41,10000,50.99899999999463,38.42,9395.16,,,,0,8247.2
1356,1401,41,10000,50.99899999999463,38.42,9395.16,,,,0,8258.8
1357,1402,41,10000,50.99899999999463,38.42,9395.16,,,,0,8270.7
1358,1403,41,10000,50.99899999999463,38.42,9395.16,,,,0,8282.2
1359,1404,41,10000,50.99899999999463,38.42,9395.16,,,,0,8294.0
1360,1405,41,10000,50.99899999999463,38.42,9395.16,,,,0,8305.7
1361,1406,41,10000,50.99899999999463,38.42,9395.16,,,,0,8317.4
1362,1407,41,10000,50.99899999999463,38.42,9395.16,,,,0,8329.2
1363,1408,41,10000,50.99899999999463,38.42,9395.16,,,,0,8340.8
1364,1409,41,10000,50.99899999999463,38.42,9395.16,,,,0,8352.2
1365,1410,41,10000,50.99899999999463,38.42,9395.16,,,,0,8363.9
1366,1411,41,10000,50.99899999999463,38.42,9395.16,,,,0,8375.5
1367,1412,41,10000,50.99899999999463,38.42,9395.16,,,,0,8387.5
1368,1413,41,10000,50.99899999999463,38.98,9526.78,,,,0,8399.2
1369,1414,41,10000,50.99899999999463,38.98,9526.78,,,,0,8410.7
1370,1415,13,3389,15.387999999999607,38.42,9394.56,,,,0,8414.8
1371,1416,41,10000,50.99899999999463,38.42,9394.56,,,,0,8427.3
1372,1417,41,10000,50.99899999999463,38.42,9394.56,,,,0,8438.9
1373,1418,41,10000,50.99899999999463,38.42,9394.56,,,,0,8450.7
1374,1419,41,10000,50.99899999999463,38.42,9394.56,,,,0,8462.4
1375,1420,41,10000,50.99899999999463,38.42,9394.56,,,,0,8474.2
1376,1421,29,7271,35.27000000000099,38.18,9339.98,,,,0,8483.0
1377,1422,41,10000,50.99899999999463,38.18,9339.98,,,,0,8494.5
1378,1423,41,10000,50.99899999999463,38.18,9339.98,,,,0,8506.1
1379,1424,3,1025,3.0239999999999334,37.42,9160.48,,,,0,8507.3
1380,1425,16,4136,19.13500000000052,36.92,9043.2,,,,0,8512.2
1381,1426,41,10000,50.99899999999463,36.92,9043.2,,,,0,8523.4
1382,1427,31,7734,37.73299999999991,36.72,8997.88,,,,0,8532.4
1383,1428,18,4589,21.588000000001074,37.04,9074.2,,,,0,8537.6
1384,1429,41,10000,50.99899999999463,37.04,9074.2,,,,0,8549.1
1385,1430,41,10000,50.99899999999463,37.04,9074.2,,,,0,8560.5
1386,1431,41,10000,50.99899999999463,37.04,9074.2,,,,0,8572.0
1387,1432,41,10000,50.99899999999463,37.04,9074.2,,,,0,8583.3
1388,1433,41,10000,50.99899999999463,37.04,9074.2,,,,0,8594.8
1389,1434,41,10000,50.99899999999463,37.04,9074.2,,,,0,8606.0
1390,1435,41,10000,50.99899999999463,37.62,9210.14,,,,0,8617.4
1391,1436,36,8728,43.726999999997595,38.08,9316.68,,,,0,8627.1
1392,1437,5,1489,5.4880000000000875,37.36,9146.46,,,,0,8628.8
1393,1438,41,10000,50.99899999999463,37.36,9146.46,,,,0,8639.6
1394,1439,26,6550,31.54900000000267,37.06,9077.46,,,,0,8646.9
1395,1440,41,10000,50.99899999999463,37.06,9077.46,,,,0,8658.0
1396,1441,41,10000,50.99899999999463,37.16,9098.22,,,,0,8669.5
1397,1442,41,10000,50.99899999999463,37.16,9098.22,,,,0,8680.8
1398,1443,38,9411,46.409999999996,37.1,9086.44,,,,0,8691.7
1399,1444,23,5807,27.806000000002562,36.74,9002.58,,,,0,8698.3
1400,1445,41,10000,50.99899999999463,36.74,9002.58,,,,0,8709.5
1401,1446,41,10000,50.99899999999463,36.74,9002.58,,,,0,8720.6
1402,1447,41,10000,50.99899999999463,36.74,9002.58,,,,0,8731.9
1403,1448,41,10000,50.99899999999463,36.74,9002.58,,,,0,8743.4
1404,1449,41,10000,50.99899999999463,36.74,9002.58,,,,0,8754.7
1405,1450,41,10000,50.99899999999463,36.74,9002.58,,,,0,8766.2
1406,1451,41,10000,50.99899999999463,36.74,9002.58,,,,0,8777.9
1407,1452,41,10000,50.99899999999463,36.74,9002.58,,,,0,8789.3
1408,1453,41,10000,50.99899999999463,36.74,9002.58,,,,0,8800.6
1409,1454,41,10000,50.99899999999463,36.74,9002.58,,,,0,8812.1
1410,1455,41,10000,50.99899999999463,36.74,9002.58,,,,0,8823.4
1411,1456,41,10000,50.99899999999463,36.74,9002.58,,,,0,8834.7
1412,1457,41,10000,50.99899999999463,36.74,9002.58,,,,0,8845.9
1413,1458,41,10000,50.99899999999463,36.74,9002.58,,,,0,8857.6
1414,1459,8,2230,9.228999999999923,36.08,8847.18,,,,0,8860.1
1415,1460,41,10000,50.99899999999463,36.08,8847.18,,,,0,8871.3
1416,1461,41,10000,50.99899999999463,36.08,8847.18,,,,0,8882.2
1417,1462,41,10000,50.99899999999463,36.08,8847.18,,,,0,8893.3
1418,1463,41,10000,50.99899999999463,36.08,8847.18,,,,0,8904.4
1419,1464,34,8440,41.438999999998266,35.94,8815.98,,,,0,8914.0
1420,1465,41,10000,50.99899999999463,36.5,8948.2,,,,0,8925.3
1421,1466,41,10000,50.99899999999463,36.5,8948.2,,,,0,8936.5
1422,1467,41,10000,50.99899999999463,36.5,8948.2,,,,0,8948.2
1423,1468,41,10000,50.99899999999463,36.5,8948.2,,,,0,8959.6
1424,1469,41,10000,50.99899999999463,36.5,8948.2,,,,0,8970.9
1425,1470,41,10000,50.99899999999463,36.5,8948.2,,,,0,8982.3
1426,1471,12,3165,14.163999999999405,36.16,8866.08,,,,0,8985.8
1427,1472,41,10000,50.99899999999463,36.16,8866.08,,,,0,8997.2
1428,1473,41,10000,50.99899999999463,36.16,8866.08,,,,0,9009.0
1429,1474,41,10000,50.99899999999463,36.92,9045.58,,,,0,9020.7
1430,1475,41,10000,50.99899999999463,37.42,9162.86,,,,0,9032.3
1431,1476,41,10000,50.99899999999463,37.42,9162.86,,,,0,9043.6
1432,1477,41,10000,50.99899999999463,37.62,9208.18,,,,0,9055.3
1433,1478,41,10000,50.99899999999463,38.08,9316.4,,,,0,9066.5
1434,1479,14,3633,16.631999999999906,37.54,9189.06,,,,0,9070.7
1435,1480,41,10000,50.99899999999463,37.54,9189.06,,,,0,9082.0
1436,1481,41,10000,50.99899999999463,37.54,9189.06,,,,0,9093.4
1437,1482,41,10000,50.99899999999463,37.54,9189.06,,,,0,9104.6
1438,1483,41,10000,50.99899999999463,37.54,9189.06,,,,0,9116.1
1439,1484,41,10000,50.99899999999463,37.54,9189.06,,,,0,9127.4
1440,1485,41,10000,50.99899999999463,37.54,9189.06,,,,0,9138.7
1441,1486,41,10000,50.99899999999463,37.64,9214.5,,,,0,9150.1
1442,1487,41,10000,50.99899999999463,38.36,9384.72,,,,0,9161.2
1443,1488,41,10000,50.99899999999463,38.36,9384.72,,,,0,9172.6
1444,1489,41,10000,50.99899999999463,38.66,9453.72,,,,0,9183.7
1445,1490,41,10000,50.99899999999463,38.66,9453.72,,,,0,9195.2
1446,1491,7,1996,7.9950000000000525,37.98,9293.64,,,,0,9197.5
1447,1492,41,10000,50.99899999999463,37.98,9293.64,,,,0,9208.9
1448,1493,41,10000,50.99899999999463,38.04,9305.42,,,,0,9220.3
1449,1494,41,10000,50.99899999999463,38.4,9389.28,,,,0,9231.9
1450,1495,41,10000,50.99899999999463,38.4,9389.28,,,,0,9243.3
1451,1496,41,10000,50.99899999999463,38.4,9389.28,,,,0,9254.7
1452,1497,16,4115,19.114000000000495,37.9,9271.58,,,,0,9259.4
1453,1498,41,10000,50.99899999999463,37.9,9271.58,,,,0,9271.1
1454,1499,41,10000,50.99899999999463,37.9,9271.58,,,,0,9282.7
1455,1500,41,10000,50.99899999999463,37.9,9271.58,,,,0,9294.2
1456,1501,41,10000,50.99899999999463,37.9,9271.58,,,,0,9305.7
1457,1502,41,10000,50.99899999999463,37.9,9271.58,,,,0,9317.0
1458,1503,37,9177,45.17599999999655,37.82,9255.12,,,,0,9327.4
1459,1504,41,10000,50.99899999999463,37.82,9255.12,,,,0,9338.7
1460,1505,41,10000,50.99899999999463,37.82,9255.12,,,,0,9349.8
1461,1506,41,10000,50.99899999999463,37.82,9255.12,,,,0,9361.1
1462,1507,41,10000,50.99899999999463,37.82,9255.12,,,,0,9372.7
1463,1508,41,10000,50.99899999999463,37.82,9255.12,,,,0,9383.9
1464,1509,41,10000,50.99899999999463,38.48,9410.52,,,,0,9395.3
1465,1510,41,10000,50.99899999999463,38.48,9410.52,,,,0,9406.8
1466,1511,41,10000,50.99899999999463,38.48,9410.52,,,,0,9418.1
1467,1512,41,10000,50.99899999999463,38.48,9410.52,,,,0,9429.4
1468,1513,41,10000,50.99899999999463,38.48,9410.52,,,,0,9440.8
1469,1514,41,10000,50.99899999999463,38.62,9441.72,,,,0,9452.1
1470,1515,37,9149,45.147999999996614,38.54,9424.7,,,,0,9462.8
1471,1516,32,7970,38.96899999999936,38.36,9384.1,,,,0,9471.9
1472,1517,41,10000,50.99899999999463,38.36,9384.1,,,,0,9483.0
1473,1518,41,10000,50.99899999999463,38.36,9384.1,,,,0,9494.4
1474,1519,41,10000,50.99899999999463,38.36,9384.1,,,,0,9505.9
1475,1520,41,10000,50.99899999999463,38.36,9384.1,,,,0,9517.2
1476,1521,41,10000,50.99899999999463,38.94,9520.8,,,,0,9528.6
1477,1522,30,7523,36.5220000000004,38.72,9471.26,,,,0,9537.3
1478,1523,41,10000,50.99899999999463,38.72,9471.26,,,,0,9548.6
1479,1524,27,6567,32.56600000000263,38.44,9402.6,,,,0,9556.3
1480,1525,41,10000,50.99899999999463,38.44,9402.6,,,,0,9567.6
1481,1526,41,10000,50.99899999999463,38.44,9402.6,,,,0,9579.4
1482,1527,41,10000,50.99899999999463,38.44,9402.6,,,,0,9590.7
1483,1528,36,8944,43.94299999999709,38.34,9381.48,,,,0,9600.7
1484,1529,41,10000,50.99899999999463,38.88,9508.82,,,,0,9612.0
1485,1530,41,10000,50.99899999999463,38.88,9508.82,,,,0,9623.7
1486,1531,41,10000,50.99899999999463,38.88,9508.82,,,,0,9635.1
1487,1532,41,10000,50.99899999999463,38.88,9508.82,,,,0,9646.9
1488,1533,41,10000,50.99899999999463,38.88,9508.82,,,,0,9658.5
1489,1534,41,10000,50.99899999999463,38.88,9508.82,,,,0,9670.0
1490,1535,41,10000,50.99899999999463,38.88,9508.82,,,,0,9681.2
1491,1536,41,10000,50.99899999999463,38.88,9508.82,,,,0,9693.3
1492,1537,41,10000,50.99899999999463,38.88,9508.82,,,,0,9705.2
1493,1538,41,10000,50.99899999999463,38.88,9508.82,,,,0,9716.4
1494,1539,41,10000,50.99899999999463,38.88,9508.82,,,,0,9728.0
1495,1540,41,10000,50.99899999999463,38.88,9508.82,,,,0,9739.8
1496,1541,41,10000,50.99899999999463,39.56,9668.9,,,,0,9751.4
1497,1542,41,10000,50.99899999999463,39.56,9668.9,,,,0,9763.4
1498,1543,40,9913,48.91199999999483,39.54,9667.16,,,,0,9775.0
1499,1544,41,10000,50.99899999999463,39.54,9667.16,,,,0,9786.4
1500,1545,41,10000,50.99899999999463,39.54,9667.16,1.25,351.3,0.55,0,9812.7
1501,1546,41,10000,50.99899999999463,39.54,9667.16,,,,0,9824.3
1502,1547,41,10000,50.99899999999463,40.04,9784.86,,,,0,9835.3
1503,1548,41,10000,50.99899999999463,40.04,9784.86,,,,0,9846.2
1504,1549,41,10000,50.99899999999463,40.04,9784.86,,,,0,9856.9
1505,1550,41,10000,50.99899999999463,40.04,9784.86,,,,0,9867.6
1506,1551,9,2443,10.441999999999805,39.4,9633.72,,,,0,9870.5
1507,1552,41,10000,50.99899999999463,39.4,9633.72,,,,0,9882.3
1508,1553,24,6029,29.028000000002834,39.14,9570.76,,,,0,9889.6
1509,1554,41,10000,50.99899999999463,39.14,9570.76,,,,0,9900.9
1510,1555,41,10000,50.99899999999463,39.14,9570.76,,,,0,9912.2
1511,1556,41,10000,50.99899999999463,39.14,9570.76,,,,0,9923.7
1512,1557,41,10000,50.99899999999463,39.14,9570.76,,,,0,9934.9
1513,1558,41,10000,50.99899999999463,39.14,9570.76,,,,0,9946.4
1514,1559,41,10000,50.99899999999463,39.14,9570.76,,,,0,9957.4
1515,1560,41,10000,50.99899999999463,39.14,9570.76,,,,0,9968.9
1516,1561,41,10000,50.99899999999463,39.14,9570.76,,,,0,9979.7
1517,1562,9,2483,10.481999999999783,38.5,9420.42,,,,0,9982.5
1518,1563,41,10000,50.99899999999463,38.5,9420.42,,,,0,9993.2
1519,1564,41,10000,50.99899999999463,38.5,9420.42,,,,0,10004.5
1520,1565,41,10000,50.99899999999463,38.58,9437.44,,,,0,10016.0
1521,1566,41,10000,50.99899999999463,38.76,9478.04,,,,0,10026.9
1522,1567,41,10000,50.99899999999463,38.76,9478.04,,,,0,10038.0
1523,1568,41,10000,50.99899999999463,38.76,9478.04,,,,0,10049.0
1524,1569,41,10000,50.99899999999463,38.76,9478.04,,,,0,10059.7
1525,1570,41,10000,50.99899999999463,38.76,9478.04,,,,0,10070.8
1526,1571,41,10000,50.99899999999463,38.76,9478.04,,,,0,10082.3
1527,1572,41,10000,50.99899999999463,38.98,9527.58,,,,0,10093.1
1528,1573,41,10000,50.99899999999463,38.98,9527.58,,,,0,10104.1
1529,1574,41,10000,50.99899999999463,39.26,9596.24,,,,0,10115.3
1530,1575,41,10000,50.99899999999463,39.26,9596.24,,,,0,10126.6
1531,1576,41,10000,50.99899999999463,39.26,9596.24,,,,0,10137.8
1532,1577,41,10000,50.99899999999463,39.26,9596.24,,,,0,10148.7
1533,1578,41,10000,50.99899999999463,39.36,9617.36,,,,0,10160.0
1534,1579,41,10000,50.99899999999463,39.36,9617.36,,,,0,10171.5
1535,1580,41,10000,50.99899999999463,39.36,9617.36,,,,0,10183.3
1536,1581,41,10000,50.99899999999463,39.36,9617.36,,,,0,10194.2
1537,1582,41,10000,50.99899999999463,39.36,9617.36,,,,0,10205.2
1538,1583,41,10000,50.99899999999463,39.36,9617.36,,,,0,10216.3
1539,1584,41,10000,50.99899999999463,39.36,9617.36,,,,0,10228.0
1540,1585,41,10000,50.99899999999463,39.36,9617.36,,,,0,10238.8
1541,1586,41,10000,50.99899999999463,39.36,9617.36,,,,0,10249.7
1542,1587,41,10000,50.99899999999463,39.36,9617.36,,,,0,10260.6
1543,1588,37,9161,45.159999999996586,39.28,9600.58,,,,0,10270.6
1544,1589,41,10000,50.99899999999463,39.28,9600.58,,,,0,10281.2
1545,1590,6,1529,6.528000000000101,38.58,9431.16,,,,0,10283.0
1546,1591,41,10000,50.99899999999463,38.58,9431.16,,,,0,10294.1
1547,1592,41,10000,50.99899999999463,38.58,9431.16,,,,0,10303.5
1548,1593,41,10000,50.99899999999463,38.6,9432.9,,,,0,10314.6
1549,1594,41,10000,50.99899999999463,38.6,9432.9,,,,0,10325.5
1550,1595,41,10000,50.99899999999463,38.6,9432.9,,,,0,10336.4
1551,1596,41,10000,50.99899999999463,38.6,9432.9,,,,0,10347.4
1552,1597,41,10000,50.99899999999463,38.6,9432.9,,,,0,10358.6
1553,1598,41,10000,50.99899999999463,38.6,9432.9,,,,0,10369.3
1554,1599,41,10000,50.99899999999463,38.6,9432.9,,,,0,10380.3
1555,1600,41,10000,50.99899999999463,38.6,9432.9,,,,0,10391.4
1556,1601,41,10000,50.99899999999463,39.24,9584.04,,,,0,10402.6
1557,1602,41,10000,50.99899999999463,39.24,9584.04,,,,0,10413.3
1558,1603,41,10000,50.99899999999463,39.58,9663.46,,,,0,10424.3
1559,1604,41,10000,50.99899999999463,39.58,9663.46,,,,0,10435.4
1560,1605,41,10000,50.99899999999463,39.58,9663.46,,,,0,10447.4
1561,1606,41,10000,50.99899999999463,39.58,9663.46,,,,0,10458.3
1562,1607,19,4858,22.857000000001403,39.14,9560.62,,,,0,10463.7
1563,1608,41,10000,50.99899999999463,39.14,9560.62,,,,0,10474.9
1564,1609,24,6029,29.028000000002834,38.8,9481.2,,,,0,10482.2
1565,1610,41,10000,50.99899999999463,38.8,9481.2,,,,0,10493.8
1566,1611,41,10000,50.99899999999463,38.8,9481.2,,,,0,10505.3
1567,1612,41,10000,50.99899999999463,39.44,9631.54,,,,0,10516.1
1568,1613,41,10000,50.99899999999463,39.44,9631.54,,,,0,10527.2
1569,1614,41,10000,50.99899999999463,39.44,9631.54,,,,0,10538.4
1570,1615,41,10000,50.99899999999463,39.44,9631.54,,,,0,10549.3
1571,1616,41,10000,50.99899999999463,39.44,9631.54,,,,0,10560.1
1572,1617,41,10000,50.99899999999463,39.44,9631.54,,,,0,10570.9
1573,1618,41,10000,50.99899999999463,39.44,9631.54,,,,0,10581.7
1574,1619,41,10000,50.99899999999463,39.44,9631.54,,,,0,10592.5
1575,1620,41,10000,50.99899999999463,39.44,9631.54,,,,0,10603.6
1576,1621,41,10000,50.99899999999463,39.44,9631.54,,,,0,10614.2
1577,1622,41,10000,50.99899999999463,39.44,9631.54,,,,0,10625.1
1578,1623,12,3184,14.182999999999394,38.86,9495.22,,,,0,10628.7
1579,1624,41,10000,50.99899999999463,38.86,9495.22,,,,0,10640.4
1580,1625,41,10000,50.99899999999463,38.86,9495.22,,,,0,10651.6
1581,1626,41,10000,50.99899999999463,38.86,9495.22,,,,0,10662.6
1582,1627,41,10000,50.99899999999463,38.86,9495.22,,,,0,10673.5
1583,1628,41,10000,50.99899999999463,38.86,9495.22,,,,0,10684.6
1584,1629,41,10000,50.99899999999463,38.86,9495.22,,,,0,10695.3
1585,1630,41,10000,50.99899999999463,38.86,9495.22,,,,0,10706.0
1586,1631,41,10000,50.99899999999463,38.86,9495.22,,,,0,10717.7
1587,1632,41,10000,50.99899999999463,38.86,9495.22,,,,0,10729.0
1588,1633,41,10000,50.99899999999463,38.86,9495.22,,,,0,10739.7
1589,1634,11,2913,12.911999999999544,38.26,9353.48,,,,0,10742.7
1590,1635,41,10000,50.99899999999463,38.26,9353.48,,,,0,10752.9
1591,1636,41,10000,50.99899999999463,38.26,9353.48,,,,0,10763.0
1592,1637,41,10000,50.99899999999463,38.26,9353.48,,,,0,10774.0
1593,1638,41,10000,50.99899999999463,38.34,9370.26,,,,0,10784.9
1594,1639,41,10000,50.99899999999463,38.34,9370.26,,,,0,10795.6
1595,1640,41,10000,50.99899999999463,39.04,9539.68,,,,0,10806.0
1596,1641,41,10000,50.99899999999463,39.04,9539.68,,,,0,10816.9
1597,1642,41,10000,50.99899999999463,39.04,9539.68,,,,0,10828.1
1598,1643,41,10000,50.99899999999463,39.04,9539.68,,,,0,10839.3
1599,1644,41,10000,50.99899999999463,39.04,9539.68,,,,0,10851.1
1600,1645,41,10000,50.99899999999463,39.04,9539.68,,,,0,10862.5
1601,1646,21,5309,25.308000000001954,38.64,9445.86,,,,0,10868.3
1602,1647,41,10000,50.99899999999463,38.64,9445.86,,,,0,10879.0
1603,1648,41,10000,50.99899999999463,38.64,9445.86,,,,0,10889.8
1604,1649,41,10000,50.99899999999463,38.64,9445.86,,,,0,10900.9
1605,1650,41,10000,50.99899999999463,38.64,9445.86,,,,0,10911.7
1606,1651,41,10000,50.99899999999463,38.64,9445.86,,,,0,10922.6
1607,1652,41,10000,50.99899999999463,38.64,9445.86,,,,0,10933.3
1608,1653,41,10000,50.99899999999463,38.64,9445.86,,,,0,10944.1
1609,1654,41,10000,50.99899999999463,38.64,9445.86,,,,0,10954.7
1610,1655,41,10000,50.99899999999463,38.64,9445.86,,,,0,10965.5
1611,1656,41,10000,50.99899999999463,38.64,9445.86,,,,0,10976.3
1612,1657,41,10000,50.99899999999463,39.08,9548.7,,,,0,10986.9
1613,1658,41,10000,50.99899999999463,39.08,9548.7,,,,0,10997.6
1614,1659,21,5309,25.308000000001954,39.02,9534.3,,,,0,11003.2
1615,1660,41,10000,50.99899999999463,39.02,9534.3,,,,0,11013.9
1616,1661,41,10000,50.99899999999463,39.02,9534.3,,,,0,11024.4
1617,1662,41,10000,50.99899999999463,39.02,9534.3,,,,0,11034.8
1618,1663,41,10000,50.99899999999463,39.02,9534.3,,,,0,11045.5
1619,1664,41,10000,50.99899999999463,39.02,9534.3,,,,0,11056.5
1620,1665,41,10000,50.99899999999463,39.02,9534.3,,,,0,11067.2
1621,1666,41,10000,50.99899999999463,39.02,9534.3,,,,0,11078.2
1622,1667,41,10000,50.99899999999463,39.02,9534.3,,,,0,11089.4
1623,1668,41,10000,50.99899999999463,39.02,9534.3,,,,0,11100.7
1624,1669,41,10000,50.99899999999463,39.02,9534.3,,,,0,11111.6
1625,1670,41,10000,50.99899999999463,39.02,9534.3,,,,0,11122.3
1626,1671,41,10000,50.99899999999463,39.02,9534.3,,,,0,11132.8
1627,1672,41,10000,50.99899999999463,39.02,9534.3,,,,0,11143.7
1628,1673,41,10000,50.99899999999463,39.6,9670.62,,,,0,11154.3
1629,1674,41,10000,50.99899999999463,39.6,9670.62,,,,0,11164.5
1630,1675,41,10000,50.99899999999463,39.6,9670.62,,,,0,11174.9
1631,1676,41,10000,50.99899999999463,39.6,9670.62,,,,0,11185.3
1632,1677,41,10000,50.99899999999463,39.6,9670.62,,,,0,11196.2
1633,1678,41,10000,50.99899999999463,39.6,9670.62,,,,0,11206.7
1634,1679,41,10000,50.99899999999463,39.6,9670.62,,,,0,11217.3
1635,1680,41,10000,50.99899999999463,39.6,9670.62,,,,0,11227.9
1636,1681,41,10000,50.99899999999463,39.6,9670.62,,,,0,11238.5
1637,1682,41,10000,50.99899999999463,39.6,9670.62,,,,0,11249.4
1638,1683,41,10000,50.99899999999463,39.6,9670.62,,,,0,11260.3
1639,1684,41,10000,50.99899999999463,40.2,9812.36,,,,0,11271.3
1640,1685,41,10000,50.99899999999463,40.2,9812.36,,,,0,11282.0
1641,1686,41,10000,50.99899999999463,40.2,9812.36,,,,0,11292.9
1642,1687,41,10000,50.99899999999463,40.2,9812.36,,,,0,11303.5
1643,1688,41,10000,50.99899999999463,40.2,9812.36,,,,0,11314.0
1644,1689,41,10000,50.99899999999463,40.2,9812.36,,,,0,11324.9
1645,1690,41,10000,50.99899999999463,40.2,9812.36,,,,0,11335.8
1646,1691,41,10000,50.99899999999463,40.2,9812.36,,,,0,11346.6
1647,1692,6,1762,6.761000000000179,39.5,9647.6,,,,0,11348.4
1648,1693,41,10000,50.99899999999463,39.5,9647.6,,,,0,11359.2
1649,1694,41,10000,50.99899999999463,39.5,9647.6,,,,0,11370.3
1650,1695,12,2968,13.966999999999514,38.92,9506.96,,,,0,11373.6
1651,1696,41,10000,50.99899999999463,39.32,9600.78,,,,0,11384.1
1652,1697,41,10000,50.99899999999463,39.32,9600.78,,,,0,11394.7
1653,1698,41,10000,50.99899999999463,39.32,9600.78,,,,0,11405.2
1654,1699,41,10000,50.99899999999463,39.32,9600.78,,,,0,11416.1
1655,1700,41,10000,50.99899999999463,39.32,9600.78,,,,0,11426.5
1656,1701,41,10000,50.99899999999463,39.32,9600.78,,,,0,11437.0
1657,1702,41,10000,50.99899999999463,39.32,9600.78,,,,0,11447.2
1658,1703,41,10000,50.99899999999463,39.32,9600.78,,,,0,11457.8
1659,1704,41,10000,50.99899999999463,39.32,9600.78,,,,0,11468.4
1660,1705,41,10000,50.99899999999463,39.32,9600.78,,,,0,11479.3
1661,1706,36,8728,43.726999999997595,39.22,9575.34,,,,0,11488.4
1662,1707,41,10000,50.99899999999463,39.22,9575.34,,,,0,11499.1
1663,1708,41,10000,50.99899999999463,39.22,9575.34,,,,0,11509.8
1664,1709,41,10000,50.99899999999463,39.62,9669.16,,,,0,11520.4
1665,1710,41,10000,50.99899999999463,39.62,9669.16,,,,0,11530.9
1666,1711,41,10000,50.99899999999463,39.62,9669.16,,,,0,11541.5
1667,1712,41,10000,50.99899999999463,39.62,9669.16,,,,0,11552.2
1668,1713,41,10000,50.99899999999463,39.62,9669.16,,,,0,11562.6
1669,1714,41,10000,50.99899999999463,39.62,9669.16,,,,0,11572.9
1670,1715,36,8944,43.94299999999709,39.52,9648.04,,,,0,11582.0
1671,1716,41,10000,50.99899999999463,39.52,9648.04,,,,0,11592.6
1672,1717,41,10000,50.99899999999463,39.52,9648.04,,,,0,11603.2
1673,1718,41,10000,50.99899999999463,39.52,9648.04,,,,0,11613.5
1674,1719,41,10000,50.99899999999463,39.52,9648.04,,,,0,11624.1
1675,1720,41,10000,50.99899999999463,39.52,9648.04,,,,0,11634.7
1676,1721,41,10000,50.99899999999463,39.52,9648.04,,,,0,11645.2
1677,1722,41,10000,50.99899999999463,39.52,9648.04,,,,0,11655.9
1678,1723,41,10000,50.99899999999463,39.52,9648.04,,,,0,11666.8
1679,1724,41,10000,50.99899999999463,39.52,9648.04,,,,0,11677.7
1680,1725,41,10000,50.99899999999463,39.52,9648.04,,,,0,11688.6
1681,1726,41,10000,50.99899999999463,39.52,9648.04,,,,0,11699.5
1682,1727,41,10000,50.99899999999463,39.52,9648.04,,,,0,11710.0
1683,1728,41,10000,50.99899999999463,39.52,9648.04,,,,0,11721.0
1684,1729,41,10000,50.99899999999463,39.52,9648.04,,,,0,11731.6
1685,1730,41,10000,50.99899999999463,39.52,9648.04,,,,0,11742.5
1686,1731,41,10000,50.99899999999463,39.52,9648.04,,,,0,11753.4
1687,1732,41,10000,50.99899999999463,39.52,9648.04,,,,0,11764.1
1688,1733,8,2230,9.228999999999923,38.86,9492.64,,,,0,11766.5
1689,1734,22,5549,26.548000000002247,38.48,9403.62,,,,0,11772.3
1690,1735,41,10000,50.99899999999463,38.48,9403.62,,,,0,11783.2
1691,1736,41,10000,50.99899999999463,38.48,9403.62,,,,0,11793.6
1692,1737,41,10000,50.99899999999463,38.48,9403.62,,,,0,11804.1
1693,1738,41,10000,50.99899999999463,38.48,9403.62,,,,0,11814.6
1694,1739,41,10000,50.99899999999463,38.48,9403.62,,,,0,11825.3
1695,1740,41,10000,50.99899999999463,38.48,9403.62,,,,0,11835.7
1696,1741,41,10000,50.99899999999463,38.48,9403.62,,,,0,11846.3
1697,1742,40,9880,48.87899999999491,39.16,9565.98,,,,0,11856.8
1698,1743,41,10000,50.99899999999463,39.16,9565.98,,,,0,11868.0
1699,1744,41,10000,50.99899999999463,39.16,9565.98,,,,0,11878.2
1700,1745,41,10000,50.99899999999463,39.74,9706.62,,,,0,11888.7
1701,1746,41,10000,50.99899999999463,39.74,9706.62,,,,0,11899.4
1702,1747,41,10000,50.99899999999463,39.74,9706.62,,,,0,11910.1
1703,1748,41,10000,50.99899999999463,39.74,9706.62,,,,0,11920.7
1704,1749,41,10000,50.99899999999463,39.74,9706.62,,,,0,11931.4
1705,1750,41,10000,50.99899999999463,39.74,9706.62,,,,0,11942.0
1706,1751,41,10000,50.99899999999463,39.74,9706.62,,,,0,11952.8
1707,1752,27,6759,32.758000000002184,39.46,9641.8,,,,0,11960.1
1708,1753,41,10000,50.99899999999463,39.46,9641.8,,,,0,11970.8
1709,1754,41,10000,50.99899999999463,39.46,9641.8,,,,0,11981.5
1710,1755,0,304,-0.6969999999999998,38.64,9447.88,,,,0,11981.8
1711,1756,41,10000,50.99899999999463,38.74,9473.32,,,,0,11992.6
1712,1757,41,10000,50.99899999999463,38.74,9473.32,,,,0,12003.4
1713,1758,41,10000,50.99899999999463,38.74,9473.32,,,,0,12014.1
1714,1759,5,1492,5.4910000000000885,38.02,9303.16,,,,0,12015.9
1715,1760,41,10000,50.99899999999463,38.02,9303.16,,,,0,12027.4
1716,1761,41,10000,50.99899999999463,38.02,9303.16,,,,0,12038.1
1717,1762,41,10000,50.99899999999463,38.02,9303.16,,,,0,12049.0
1718,1763,41,10000,50.99899999999463,38.02,9303.16,,,,0,12059.9
1719,1764,41,10000,50.99899999999463,38.02,9303.16,,,,0,12070.8
1720,1765,41,10000,50.99899999999463,38.12,9324.28,,,,0,12081.8
1721,1766,41,10000,50.99899999999463,38.12,9324.28,,,,0,12092.5
1722,1767,41,10000,50.99899999999463,38.12,9324.28,,,,0,12103.5
1723,1768,41,10000,50.99899999999463,38.12,9324.28,,,,0,12114.5
1724,1769,13,3398,15.396999999999618,37.56,9192.24,,,,0,12118.9
1725,1770,41,10000,50.99899999999463,37.56,9192.24,,,,0,12130.0
1726,1771,41,10000,50.99899999999463,37.56,9192.24,,,,0,12140.8
1727,1772,41,10000,50.99899999999463,37.56,9192.24,,,,0,12151.5
1728,1773,41,10000,50.99899999999463,37.56,9192.24,,,,0,12162.3
1729,1774,41,10000,50.99899999999463,37.56,9192.24,,,,0,12173.2
1730,1775,41,10000,50.99899999999463,37.56,9192.24,,,,0,12183.9
1731,1776,41,10000,50.99899999999463,37.56,9192.24,,,,0,12194.5
1732,1777,41,10000,50.99899999999463,37.56,9192.24,,,,0,12205.3
1733,1778,41,10000,50.99899999999463,37.56,9192.24,,,,0,12216.0
1734,1779,41,10000,50.99899999999463,37.56,9192.24,,,,0,12226.9
1735,1780,14,3646,16.64499999999992,37.02,9065.16,,,,0,12230.8
1736,1781,16,4157,19.156000000000546,36.52,8948.3,,,,0,12235.4
1737,1782,6,1725,6.724000000000166,35.82,8782.8,,,,0,12237.3
1738,1783,27,6784,32.783000000002126,36.2,8873.88,,,,0,12244.8
1739,1784,41,10000,50.99899999999463,36.58,8962.9,,,,0,12255.5
1740,1785,41,10000,50.99899999999463,36.58,8962.9,,,,0,12266.2
1741,1786,41,10000,50.99899999999463,36.58,8962.9,,,,0,12276.8
1742,1787,41,10000,50.99899999999463,36.58,8962.9,,,,0,12287.6
1743,1788,41,10000,50.99899999999463,36.58,8962.9,,,,0,12298.4
1744,1789,41,10000,50.99899999999463,36.58,8962.9,,,,0,12309.3
1745,1790,41,10000,50.99899999999463,36.58,8962.9,,,,0,12320.0
1746,1791,41,10000,50.99899999999463,36.58,8962.9,,,,0,12330.9
1747,1792,41,10000,50.99899999999463,36.6,8965.3,,,,0,12341.4
1748,1793,33,8243,40.241999999998725,36.44,8930.16,,,,0,12350.1
1749,1794,41,10000,50.99899999999463,36.44,8930.16,,,,0,12361.6
1750,1795,41,10000,50.99899999999463,36.44,8930.16,,,,0,12372.6
1751,1796,41,10000,50.99899999999463,36.44,8930.16,,,,0,12384.1
1752,1797,41,10000,50.99899999999463,36.44,8930.16,,,,0,12395.3
1753,1798,41,10000,50.99899999999463,36.44,8930.16,,,,0,12406.1
1754,1799,41,10000,50.99899999999463,36.44,8930.16,,,,0,12416.6
1755,1800,41,10000,50.99899999999463,36.44,8930.16,,,,0,12426.8
1756,1801,32,7991,38.98999999999931,36.26,8889.98,,,,0,12435.8
1757,1802,41,10000,50.99899999999463,36.54,8954.8,,,,0,12446.5
1758,1803,41,10000,50.99899999999463,36.54,8954.8,,,,0,12457.4
1759,1804,41,10000,50.99899999999463,36.54,8954.8,,,,0,12469.5
1760,1805,41,10000,50.99899999999463,37.36,9148.72,,,,0,12481.3
1761,1806,41,10000,50.99899999999463,37.36,9148.72,,,,0,12492.1
1762,1807,41,10000,50.99899999999463,37.36,9148.72,,,,0,12502.8
1763,1808,15,3869,17.868000000000194,36.84,9026.1,,,,0,12507.1
1764,1809,41,10000,50.99899999999463,37.56,9196.26,,,,0,12517.9
1765,1810,41,10000,50.99899999999463,37.56,9196.26,,,,0,12528.8
1766,1811,41,10000,50.99899999999463,37.56,9196.26,,,,0,12539.6
1767,1812,41,10000,50.99899999999463,37.56,9196.26,,,,0,12550.2
1768,1813,41,10000,50.99899999999463,37.56,9196.26,,,,0,12560.8
1769,1814,41,10000,50.99899999999463,37.56,9196.26,,,,0,12572.2
1770,1815,41,10000,50.99899999999463,37.56,9196.26,,,,0,12583.1
1771,1816,41,10000,50.99899999999463,37.56,9196.26,,,,0,12593.7
1772,1817,41,10000,50.99899999999463,37.56,9196.26,,,,0,12604.2
1773,1818,41,10000,50.99899999999463,37.56,9196.26,,,,0,12615.3
1774,1819,41,10000,50.99899999999463,38.12,9328.3,,,,0,12626.6
1775,1820,22,5597,26.596000000002306,37.74,9240.24,,,,0,12632.8
1776,1821,41,10000,50.99899999999463,37.74,9240.24,,,,0,12643.7
1777,1822,41,10000,50.99899999999463,37.74,9240.24,,,,0,12655.7
1778,1823,41,10000,50.99899999999463,37.74,9240.24,,,,0,12666.4
1779,1824,41,10000,50.99899999999463,37.74,9240.24,,,,0,12677.0
1780,1825,41,10000,50.99899999999463,37.74,9240.24,,,,0,12687.9
1781,1826,41,10000,50.99899999999463,37.74,9240.24,,,,0,12698.5
1782,1827,1,512,0.5109999999999797,36.94,9050.48,,,,0,12699.1
1783,1828,41,10000,50.99899999999463,36.94,9050.48,,,,0,12709.9
1784,1829,41,10000,50.99899999999463,36.94,9050.48,,,,0,12721.4
1785,1830,41,10000,50.99899999999463,37.48,9177.56,,,,0,12732.4
1786,1831,7,1996,7.9950000000000525,37.3,9134.34,,,,0,12734.5
1787,1832,41,10000,50.99899999999463,38.0,9299.84,,,,0,12745.6
1788,1833,41,10000,50.99899999999463,38.28,9364.16,,,,0,12756.1
1789,1834,41,10000,50.99899999999463,38.28,9364.16,,,,0,12766.9
1790,1835,41,10000,50.99899999999463,38.28,9364.16,,,,0,12777.8
1791,1836,41,10000,50.99899999999463,38.28,9364.16,,,,0,12788.5
1792,1837,41,10000,50.99899999999463,38.28,9364.16,,,,0,12799.0
1793,1838,41,10000,50.99899999999463,38.28,9364.16,,,,0,12809.3
1794,1839,41,10000,50.99899999999463,38.28,9364.16,,,,0,12819.7
1795,1840,41,10000,50.99899999999463,38.28,9364.16,,,,0,12830.3
1796,1841,41,10000,50.99899999999463,38.28,9364.16,,,,0,12840.9
1797,1842,41,10000,50.99899999999463,38.28,9364.16,,,,0,12851.3
1798,1843,24,6029,29.028000000002834,38.1,9319.88,,,,0,12857.8
1799,1844,41,10000,50.99899999999463,38.1,9319.88,,,,0,12868.1
1800,1845,41,10000,50.99899999999463,38.1,9319.88,,,,0,12878.3
1801,1846,41,10000,50.99899999999463,38.1,9319.88,,,,0,12888.6
1802,1847,41,10000,50.99899999999463,38.1,9319.88,,,,0,12899.2
1803,1848,41,10000,50.99899999999463,38.1,9319.88,,,,0,12909.9
1804,1849,18,4643,21.64200000000114,37.64,9212.74,,,,0,12914.8
1805,1850,41,10000,50.99899999999463,37.64,9212.74,,,,0,12925.4
1806,1851,41,10000,50.99899999999463,37.82,9252.92,,,,0,12935.7
1807,1852,41,10000,50.99899999999463,37.82,9252.92,,,,0,12946.4
1808,1853,41,10000,50.99899999999463,37.82,9252.92,,,,0,12956.9
1809,1854,41,10000,50.99899999999463,37.82,9252.92,,,,0,12967.2
1810,1855,41,10000,50.99899999999463,37.82,9252.92,,,,0,12977.7
1811,1856,39,9629,47.627999999995495,37.78,9245.5,,,,0,12987.8
1812,1857,41,10000,50.99899999999463,37.78,9245.5,,,,0,12998.5
1813,1858,41,10000,50.99899999999463,38.3,9368.12,,,,0,13009.3
1814,1859,41,10000,50.99899999999463,38.3,9368.12,,,,0,13020.1
1815,1860,41,10000,50.99899999999463,38.3,9368.12,,,,0,13030.7
1816,1861,41,10000,50.99899999999463,38.3,9368.12,,,,0,13041.0
1817,1862,34,8459,41.45799999999822,38.16,9337.3,,,,0,13050.0
1818,1863,18,4607,21.606000000001096,37.7,9229.44,,,,0,13054.9
1819,1864,41,10000,50.99899999999463,37.7,9229.44,,,,0,13065.8
1820,1865,41,10000,50.99899999999463,37.7,9229.44,,,,0,13076.7
1821,1866,41,10000,50.99899999999463,37.7,9229.44,,,,0,13087.9
1822,1867,41,10000,50.99899999999463,37.7,9229.44,,,,0,13099.0
1823,1868,41,10000,50.99899999999463,37.7,9229.44,,,,0,13109.8
1824,1869,41,10000,50.99899999999463,37.7,9229.44,,,,0,13120.4
1825,1870,9,2464,10.462999999999793,37.44,9166.78,,,,0,13123.0
1826,1871,30,7519,36.51800000000041,37.22,9117.16,,,,0,13131.0
1827,1872,5,1510,5.5090000000000945,36.5,8947.36,,,,0,13132.6
1828,1873,41,10000,50.99899999999463,36.5,8947.36,,,,0,13142.9
1829,1874,41,10000,50.99899999999463,36.5,8947.36,,,,0,13153.5
1830,1875,41,10000,50.99899999999463,36.5,8947.36,,,,0,13163.9
1831,1876,41,10000,50.99899999999463,36.5,8947.36,,,,0,13174.4
1832,1877,41,10000,50.99899999999463,37.3,9137.12,,,,0,13185.3
1833,1878,41,10000,50.99899999999463,37.3,9137.12,,,,0,13196.0
1834,1879,41,10000,50.99899999999463,37.3,9137.12,,,,0,13206.4
1835,1880,41,10000,50.99899999999463,37.3,9137.12,,,,0,13217.4
1836,1881,41,10000,50.99899999999463,37.98,9297.2,,,,0,13230.3
1837,1882,41,10000,50.99899999999463,37.98,9297.2,,,,0,13242.7
1838,1883,6,1744,6.743000000000173,37.28,9132.08,,,,0,13245.1
1839,1884,41,10000,50.99899999999463,37.28,9132.08,,,,0,13257.9
1840,1885,41,10000,50.99899999999463,37.28,9132.08,,,,0,13269.1
1841,1886,41,10000,50.99899999999463,37.28,9132.08,,,,0,13280.4
1842,1887,41,10000,50.99899999999463,37.28,9132.08,,,,0,13291.3
1843,1888,41,10000,50.99899999999463,37.28,9132.08,,,,0,13302.2
1844,1889,41,10000,50.99899999999463,37.28,9132.08,,,,0,13313.3
1845,1890,41,10000,50.99899999999463,37.28,9132.08,,,,0,13324.0
1846,1891,41,10000,50.99899999999463,37.28,9132.08,,,,0,13334.6
1847,1892,24,6083,29.0820000000029,36.94,9053.74,,,,0,13341.2
1848,1893,41,10000,50.99899999999463,37.28,9133.16,,,,0,13351.8
1849,1894,41,10000,50.99899999999463,37.28,9133.16,,,,0,13362.6
1850,1895,41,10000,50.99899999999463,37.28,9133.16,,,,0,13373.1
1851,1896,7,1979,7.978000000000062,36.6,8972.74,,,,0,13375.1
1852,1897,41,10000,50.99899999999463,36.6,8972.74,,,,0,13386.0
1853,1898,41,10000,50.99899999999463,36.6,8972.74,,,,0,13396.8
1854,1899,9,2248,10.246999999999913,36.42,8924.84,,,,0,13399.2
1855,1900,41,10000,50.99899999999463,36.42,8924.84,,,,0,13410.0
1856,1901,41,10000,50.99899999999463,36.42,8924.84,,,,0,13420.6
1857,1902,41,10000,50.99899999999463,36.42,8924.84,,,,0,13431.6
1858,1903,21,5327,25.326000000001976,36.02,8831.38,,,,0,13437.4
1859,1904,41,10000,50.99899999999463,36.02,8831.38,,,,0,13448.3
1860,1905,15,3688,17.686999999999973,35.5,8705.14,,,,0,13452.4
1861,1906,41,10000,50.99899999999463,35.54,8712.56,,,,0,13463.3
1862,1907,41,10000,50.99899999999463,35.54,8712.56,,,,0,13473.7
1863,1908,41,10000,50.99899999999463,35.54,8712.56,,,,0,13484.3
1864,1909,41,10000,50.99899999999463,35.54,8712.56,,,,0,13494.8
1865,1910,41,10000,50.99899999999463,35.54,8712.56,,,,0,13505.0
1866,1911,41,10000,50.99899999999463,35.54,8712.56,,,,0,13515.6
1867,1912,41,10000,50.99899999999463,35.68,8743.38,,,,0,13526.3
1868,1913,36,8729,43.72799999999759,36.04,8825.82,,,,0,13536.0
1869,1914,41,10000,50.99899999999463,36.04,8825.82,,,,0,13547.0
1870,1915,41,10000,50.99899999999463,36.04,8825.82,,,,0,13557.1
1871,1916,41,10000,50.99899999999463,36.04,8825.82,,,,0,13567.7
1872,1917,41,10000,50.99899999999463,36.04,8825.82,,,,0,13578.4
1873,1918,41,10000,50.99899999999463,36.04,8825.82,,,,0,13588.8
1874,1919,41,10000,50.99899999999463,36.04,8825.82,,,,0,13599.2
1875,1920,41,10000,50.99899999999463,36.68,8976.54,,,,0,13609.9
1876,1921,41,10000,50.99899999999463,36.9,9026.16,,,,0,13620.7
1877,1922,41,10000,50.99899999999463,37.62,9195.96,,,,0,13631.6
1878,1923,41,10000,50.99899999999463,37.62,9195.96,,,,0,13642.2
1879,1924,6,1709,6.708000000000161,36.92,9030.14,,,,0,13644.0
1880,1925,41,10000,50.99899999999463,36.92,9030.14,,,,0,13655.6
1881,1926,41,10000,50.99899999999463,36.92,9030.14,,,,0,13666.8
1882,1927,41,10000,50.99899999999463,36.92,9030.14,,,,0,13677.6
1883,1928,41,10000,50.99899999999463,36.92,9030.14,,,,0,13688.1
1884,1929,41,10000,50.99899999999463,36.92,9030.14,,,,0,13698.5
1885,1930,41,10000,50.99899999999463,36.92,9030.14,,,,0,13709.0
1886,1931,6,1709,6.708000000000161,36.22,8864.32,,,,0,13710.8
1887,1932,37,9178,45.176999999996546,36.14,8847.88,,,,0,13720.7
1888,1933,41,10000,50.99899999999463,36.84,9013.0,,,,0,13732.3
1889,1934,41,10000,50.99899999999463,36.84,9013.0,,,,0,13743.8
1890,1935,41,10000,50.99899999999463,36.84,9013.0,,,,0,13754.6
1891,1936,41,10000,50.99899999999463,36.84,9013.0,,,,0,13765.1
1892,1937,41,10000,50.99899999999463,36.84,9013.0,,,,0,13775.6
1893,1938,41,10000,50.99899999999463,36.84,9013.0,,,,0,13786.6
1894,1939,41,10000,50.99899999999463,36.84,9013.0,,,,0,13797.4
1895,1940,33,8243,40.241999999998725,36.68,8977.86,,,,0,13806.7
1896,1941,41,10000,50.99899999999463,36.68,8977.86,,,,0,13817.7
1897,1942,41,10000,50.99899999999463,37.02,9056.2,,,,0,13828.4
1898,1943,41,10000,50.99899999999463,37.02,9056.2,,,,0,13839.3
1899,1944,41,10000,50.99899999999463,37.02,9056.2,,,,0,13850.0
1900,1945,41,10000,50.99899999999463,37.02,9056.2,,,,0,13860.5
1901,1946,41,10000,50.99899999999463,37.7,9216.62,,,,0,13870.6
1902,1947,41,10000,50.99899999999463,37.7,9216.62,,,,0,13881.1
1903,1948,0,269,-0.7319999999999998,36.88,9022.0,,,,0,13881.4
1904,1949,41,10000,50.99899999999463,37.52,9177.04,,,,0,13892.4
1905,1950,41,10000,50.99899999999463,37.52,9177.04,,,,0,13903.4
1906,1951,41,10000,50.99899999999463,37.52,9177.04,,,,0,13914.3
1907,1952,41,10000,50.99899999999463,37.52,9177.04,,,,0,13924.9
1908,1953,41,10000,50.99899999999463,37.92,9270.5,,,,0,13935.4
1909,1954,41,10000,50.99899999999463,37.92,9270.5,,,,0,13945.8
1910,1955,26,6550,31.54900000000267,38.14,9327.74,,,,0,13952.5
1911,1956,41,10000,50.99899999999463,38.14,9327.74,,,,0,13963.6
1912,1957,41,10000,50.99899999999463,38.14,9327.74,,,,0,13974.1
1913,1958,17,4354,20.353000000000787,37.66,9214.82,,,,0,13978.5
1914,1959,41,10000,50.99899999999463,37.66,9214.82,,,,0,13988.8
1915,1960,36,8909,43.90799999999717,37.56,9193.0,,,,0,13998.4
1916,1961,41,10000,50.99899999999463,37.56,9193.0,,,,0,14009.3
1917,1962,15,3886,17.885000000000215,37.04,9070.72,,,,0,14013.4
1918,1963,41,10000,50.99899999999463,37.14,9096.14,,,,0,14024.0
1919,1964,41,10000,50.99899999999463,37.14,9096.14,,,,0,14034.4
1920,1965,20,5110,24.10900000000171,36.72,8998.34,,,,0,14040.0
1921,1966,41,10000,50.99899999999463,36.72,8998.34,,,,0,14050.6
1922,1967,41,10000,50.99899999999463,36.72,8998.34,,,,0,14061.7
1923,1968,41,10000,50.99899999999463,36.72,8998.34,,,,0,14072.2
1924,1969,41,10000,50.99899999999463,36.72,8998.34,,,,0,14082.8
1925,1970,41,10000,50.99899999999463,36.72,8998.34,,,,0,14093.5
1926,1971,41,10000,50.99899999999463,36.72,8998.34,,,,0,14104.1
1927,1972,41,10000,50.99899999999463,36.72,8998.34,,,,0,14114.4
1928,1973,11,2910,12.908999999999546,36.12,8856.54,,,,0,14117.5
1929,1974,41,10000,50.99899999999463,36.82,9022.36,,,,0,14128.3
1930,1975,6,1762,6.761000000000179,36.12,8857.6,,,,0,14130.2
1931,1976,41,10000,50.99899999999463,36.12,8857.6,,,,0,14141.3
1932,1977,41,10000,50.99899999999463,36.12,8857.6,,,,0,14152.7
1933,1978,41,10000,50.99899999999463,36.12,8857.6,,,,0,14163.5
1934,1979,41,10000,50.99899999999463,36.12,8857.6,,,,0,14174.0
1935,1980,19,4858,22.857000000001403,35.68,8754.76,,,,0,14179.4
1936,1981,9,2249,10.247999999999912,35.74,8765.56,,,,0,14181.7
1937,1982,41,10000,50.99899999999463,35.82,8782.0,,,,0,14192.2
1938,1983,32,7972,38.97099999999936,35.64,8741.44,,,,0,14200.7
1939,1984,41,10000,50.99899999999463,35.64,8741.44,,,,0,14211.5
1940,1985,41,10000,50.99899999999463,35.64,8741.44,,,,0,14222.2
1941,1986,27,6749,32.74800000000221,35.36,8676.42,,,,0,14229.2
1942,1987,41,10000,50.99899999999463,35.36,8676.42,,,,0,14239.7
1943,1988,41,10000,50.99899999999463,35.36,8676.42,,,,0,14250.2
1944,1989,41,10000,50.99899999999463,35.36,8676.42,,,,0,14260.4
1945,1990,41,10000,50.99899999999463,35.52,8711.56,,,,0,14270.7
1946,1991,35,8670,42.66899999999773,35.4,8684.96,,,,0,14279.7
1947,1992,18,4408,21.407000000000853,34.94,8573.12,,,,0,14284.3
1948,1993,3,1025,3.0239999999999334,34.18,8393.62,,,,0,14285.3
1949,1994,41,10000,50.99899999999463,34.18,8393.62,,,,0,14295.6
1950,1995,41,10000,50.99899999999463,34.18,8393.62,,,,0,14306.2
1951,1996,41,10000,50.99899999999463,34.18,8393.62,,,,0,14317.6
1952,1997,10,2681,11.679999999999673,33.56,8247.24,,,,0,14320.5
1953,1998,41,10000,50.99899999999463,34.38,8441.86,,,,0,14331.3
1954,1999,41,10000,50.99899999999463,34.38,8441.86,,,,0,14341.4
1955,2000,18,4624,21.623000000001117,33.92,8334.34,,,,0,14346.0
1956,2001,31,7738,37.7369999999999,33.72,8289.1,,,,0,14354.2
1957,2002,41,10000,50.99899999999463,33.72,8289.1,,,,0,14364.6
1958,2003,41,10000,50.99899999999463,33.72,8289.1,,,,0,14374.7
1959,2004,41,10000,50.99899999999463,33.72,8289.1,,,,0,14385.5
1960,2005,41,10000,50.99899999999463,34.02,8358.1,,,,0,14396.2
1961,2006,41,10000,50.99899999999463,34.02,8358.1,,,,0,14406.8
1962,2007,41,10000,50.99899999999463,34.02,8358.1,,,,0,14417.9
1963,2008,41,10000,50.99899999999463,34.5,8471.02,,,,0,14428.6
1964,2009,41,10000,50.99899999999463,34.5,8471.02,,,,0,14439.4
1965,2010,41,10000,50.99899999999463,34.6,8492.84,,,,0,14450.1
1966,2011,41,10000,50.99899999999463,34.6,8492.84,,,,0,14460.8
1967,2012,41,10000,50.99899999999463,35.12,8615.12,,,,0,14471.5
1968,2013,41,10000,50.99899999999463,35.12,8615.12,,,,0,14482.1
1969,2014,41,10000,50.99899999999463,35.12,8615.12,,,,0,14492.6
1970,2015,41,10000,50.99899999999463,35.54,8712.92,,,,0,14503.0
1971,2016,41,10000,50.99899999999463,35.54,8712.92,,,,0,14513.4
1972,2017,41,10000,50.99899999999463,35.54,8712.92,,,,0,14524.1
1973,2018,41,10000,50.99899999999463,35.54,8712.92,,,,0,14534.7
1974,2019,41,10000,50.99899999999463,35.54,8712.92,,,,0,14546.1
1975,2020,9,2483,10.481999999999783,34.9,8562.58,,,,0,14548.8
1976,2021,41,10000,50.99899999999463,34.9,8562.58,,,,0,14559.4
1977,2022,39,9646,47.644999999995456,34.86,8555.5,,,,0,14569.5
1978,2023,0,305,-0.6959999999999997,34.64,8503.4,,,,0,14569.8
1979,2024,29,7270,35.26900000000099,34.4,8448.8,,,,0,14577.5
1980,2025,41,10000,50.99899999999463,35.1,8613.56,,,,0,14588.2
1981,2026,26,6550,31.54900000000267,34.8,8544.56,,,,0,14595.5
1982,2027,13,3394,15.392999999999613,34.24,8412.44,,,,0,14599.5
1983,2028,41,10000,50.99899999999463,34.24,8412.44,,,,0,14610.5
1984,2029,41,10000,50.99899999999463,34.24,8412.44,,,,0,14621.3
1985,2030,41,10000,50.99899999999463,34.68,8515.28,,,,0,14632.2
1986,2031,41,10000,50.99899999999463,35.32,8670.3,,,,0,14642.8
1987,2032,41,10000,50.99899999999463,35.32,8670.3,,,,0,14653.6
1988,2033,41,10000,50.99899999999463,35.5,8710.86,,,,0,14664.2
1989,2034,41,10000,50.99899999999463,35.5,8710.86,,,,0,14674.4
1990,2035,41,10000,50.99899999999463,35.5,8710.86,,,,0,14684.6
1991,2036,24,6043,29.04200000000285,35.44,8696.74,,,,0,14690.9
1992,2037,41,10000,50.99899999999463,35.44,8696.74,,,,0,14701.1
1993,2038,41,10000,50.99899999999463,35.44,8696.74,,,,0,14711.6
1994,2039,41,10000,50.99899999999463,35.44,8696.74,,,,0,14721.7
1995,2040,41,10000,50.99899999999463,35.44,8696.74,,,,0,14731.9
1996,2041,41,10000,50.99899999999463,35.56,8723.34,,,,0,14742.0
1997,2042,41,10000,50.99899999999463,36.02,8835.18,,,,0,14752.2
1998,2043,9,2248,10.246999999999913,36.14,8859.64,,,,0,14754.5
1999,2044,41,10000,50.99899999999463,36.14,8859.64,,,,0,14764.7
2000,2045,41,10000,50.99899999999463,36.14,8859.64,1.1,328.9,0.5,0,14787.2
2001,2046,41,10000,50.99899999999463,36.14,8859.64,,,,0,14797.6
2002,2047,41,10000,50.99899999999463,36.76,9006.02,,,,0,14808.5
2003,2048,34,8438,41.43699999999827,36.62,8974.78,,,,0,14817.3
2004,2049,41,10000,50.99899999999463,36.62,8974.78,,,,0,14827.9
2005,2050,41,10000,50.99899999999463,37.08,9082.3,,,,0,14838.4
2006,2051,41,10000,50.99899999999463,37.28,9127.54,,,,0,14849.0
2007,2052,30,7486,36.48500000000049,37.06,9077.26,,,,0,14857.2
2008,2053,41,10000,50.99899999999463,37.06,9077.26,,,,0,14867.9
2009,2054,24,6029,29.028000000002834,36.72,8997.84,,,,0,14874.3
2010,2055,41,10000,50.99899999999463,36.72,8997.84,,,,0,14884.9
2011,2056,41,10000,50.99899999999463,36.72,8997.84,,,,0,14895.6
2012,2057,41,10000,50.99899999999463,36.72,8997.84,,,,0,14906.1
2013,2058,41,10000,50.99899999999463,36.72,8997.84,,,,0,14916.4
2014,2059,2,769,1.7679999999999514,35.94,8813.22,,,,0,14917.2
2015,2060,41,10000,50.99899999999463,35.94,8813.22,,,,0,14927.8
2016,2061,41,10000,50.99899999999463,35.94,8813.22,,,,0,14938.5
2017,2062,41,10000,50.99899999999463,35.94,8813.22,,,,0,14949.0
2018,2063,41,10000,50.99899999999463,35.94,8813.22,,,,0,14960.0
2019,2064,41,10000,50.99899999999463,35.94,8813.22,,,,0,14970.4
2020,2065,41,10000,50.99899999999463,35.94,8813.22,,,,0,14980.7
2021,2066,17,4372,20.37100000000081,35.46,8700.66,,,,0,14985.2
2022,2067,41,10000,50.99899999999463,35.46,8700.66,,,,0,14995.8
2023,2068,41,10000,50.99899999999463,35.46,8700.66,,,,0,15007.5
2024,2069,41,10000,50.99899999999463,35.46,8700.66,,,,0,15019.0
2025,2070,41,10000,50.99899999999463,36.1,8851.0,,,,0,15030.0
2026,2071,41,10000,50.99899999999463,36.1,8851.0,,,,0,15041.1
2027,2072,0,322,-0.6789999999999998,35.32,8664.52,,,,0,15041.5
2028,2073,41,10000,50.99899999999463,36.14,8858.42,,,,0,15052.2
2029,2074,41,10000,50.99899999999463,36.38,8913.02,,,,0,15063.1
2030,2075,41,10000,50.99899999999463,36.38,8913.02,,,,0,15074.2
2031,2076,41,10000,50.99899999999463,36.68,8982.02,,,,0,15084.7
2032,2077,41,10000,50.99899999999463,37.24,9114.14,,,,0,15096.3
2033,2078,41,10000,50.99899999999463,37.24,9114.14,,,,0,15108.0
2034,2079,41,10000,50.99899999999463,37.24,9114.14,,,,0,15120.3
2035,2080,6,1709,6.708000000000161,36.54,8948.32,,,,0,15122.2
2036,2081,41,10000,50.99899999999463,36.54,8948.32,,,,0,15133.8
2037,2082,41,10000,50.99899999999463,36.54,8948.32,,,,0,15145.2
2038,2083,41,10000,50.99899999999463,36.54,8948.32,,,,0,15156.6
2039,2084,41,10000,50.99899999999463,36.54,8948.32,,,,0,15167.6
2040,2085,41,10000,50.99899999999463,36.54,8948.32,,,,0,15178.3
2041,2086,41,10000,50.99899999999463,36.88,9027.46,,,,0,15189.3
2042,2087,41,10000,50.99899999999463,36.88,9027.46,,,,0,15200.4
2043,2088,41,10000,50.99899999999463,36.88,9027.46,,,,0,15211.2
2044,2089,41,10000,50.99899999999463,36.88,9027.46,,,,0,15222.2
2045,2090,41,10000,50.99899999999463,36.88,9027.46,,,,0,15233.3
2046,2091,41,10000,50.99899999999463,36.88,9027.46,,,,0,15243.8
2047,2092,36,8944,43.94299999999709,36.78,9006.34,,,,0,15253.3
2048,2093,41,10000,50.99899999999463,37.42,9161.38,,,,0,15264.2
2049,2094,41,10000,50.99899999999463,37.42,9161.38,,,,0,15274.7
2050,2095,39,9664,47.662999999995414,37.38,9154.66,,,,0,15284.9
2051,2096,41,10000,50.99899999999463,37.38,9154.66,,,,0,15295.5
2052,2097,41,10000,50.99899999999463,37.38,9154.66,,,,0,15306.0
2053,2098,41,10000,50.99899999999463,37.52,9185.9,,,,0,15316.6
2054,2099,41,10000,50.99899999999463,37.52,9185.9,,,,0,15327.3
2055,2100,34,8458,41.456999999998224,37.38,9155.06,,,,0,15336.3
2056,2101,12,2968,13.966999999999514,36.8,9014.42,,,,0,15339.7
2057,2102,41,10000,50.99899999999463,37.02,9064.7,,,,0,15350.6
2058,2103,41,10000,50.99899999999463,37.02,9064.7,,,,0,15361.2
2059,2104,1,520,0.5189999999999788,36.56,8954.52,,,,0,15361.8
2060,2105,2,755,1.753999999999953,35.78,8769.62,,,,0,15362.6
2061,2106,41,10000,50.99899999999463,35.78,8769.62,,,,0,15373.3
2062,2107,10,2716,11.714999999999653,35.16,8623.94,,,,0,15376.1
2063,2108,41,10000,50.99899999999463,35.16,8623.94,,,,0,15387.4
2064,2109,41,10000,50.99899999999463,35.94,8808.56,,,,0,15397.8
2065,2110,41,10000,50.99899999999463,35.94,8808.56,,,,0,15408.7
2066,2111,41,10000,50.99899999999463,35.94,8808.56,,,,0,15419.5
2067,2112,27,6568,32.56700000000263,35.66,8739.92,,,,0,15426.6
2068,2113,3,808,2.806999999999947,34.9,8556.08,,,,0,15427.5
2069,2114,41,10000,50.99899999999463,34.9,8556.08,,,,0,15438.3
2070,2115,41,10000,50.99899999999463,34.9,8556.08,,,,0,15449.2
2071,2116,41,10000,50.99899999999463,35.38,8668.64,,,,0,15460.0
2072,2117,41,10000,50.99899999999463,35.38,8668.64,,,,0,15470.8
2073,2118,41,10000,50.99899999999463,35.38,8668.64,,,,0,15481.5
2074,2119,41,10000,50.99899999999463,35.38,8668.64,,,,0,15493.0
2075,2120,41,10000,50.99899999999463,35.38,8668.64,,,,0,15504.1
2076,2121,41,10000,50.99899999999463,35.38,8668.64,,,,0,15514.9
2077,2122,41,10000,50.99899999999463,36.2,8862.2,,,,0,15526.0
2078,2123,41,10000,50.99899999999463,36.2,8862.2,,,,0,15537.0
2079,2124,41,10000,50.99899999999463,36.2,8862.2,,,,0,15548.0
2080,2125,41,10000,50.99899999999463,36.2,8862.2,,,,0,15558.9
2081,2126,41,10000,50.99899999999463,36.2,8862.2,,,,0,15570.2
2082,2127,41,10000,50.99899999999463,36.2,8862.2,,,,0,15580.9
2083,2128,41,10000,50.99899999999463,36.2,8862.2,,,,0,15591.9
2084,2129,41,10000,50.99899999999463,36.2,8862.2,,,,0,15602.8
2085,2130,41,10000,50.99899999999463,36.9,9028.02,,,,0,15613.6
2086,2131,41,10000,50.99899999999463,36.9,9028.02,,,,0,15625.2
2087,2132,41,10000,50.99899999999463,36.9,9028.02,,,,0,15636.1
2088,2133,24,6083,29.0820000000029,36.56,8949.68,,,,0,15642.6
2089,2134,41,10000,50.99899999999463,36.56,8949.68,,,,0,15653.5
2090,2135,41,10000,50.99899999999463,36.56,8949.68,,,,0,15664.1
2091,2136,41,10000,50.99899999999463,36.56,8949.68,,,,0,15674.6
2092,2137,41,10000,50.99899999999463,36.56,8949.68,,,,0,15685.2
2093,2138,41,10000,50.99899999999463,36.56,8949.68,,,,0,15695.5
2094,2139,41,10000,50.99899999999463,36.56,8949.68,,,,0,15706.1
2095,2140,41,10000,50.99899999999463,36.56,8949.68,,,,0,15716.5
2096,2141,41,10000,50.99899999999463,36.56,8949.68,,,,0,15726.9
2097,2142,0,303,-0.6979999999999997,35.84,8776.86,,,,0,15727.2
2098,2143,41,10000,50.99899999999463,35.84,8776.86,,,,0,15737.9
2099,2144,30,7523,36.5220000000004,35.62,8727.32,,,,0,15745.9
2100,2145,41,10000,50.99899999999463,35.66,8734.04,,,,0,15756.2
2101,2146,41,10000,50.99899999999463,35.66,8734.04,,,,0,15766.5
2102,2147,41,10000,50.99899999999463,35.66,8734.04,,,,0,15776.9
2103,2148,41,10000,50.99899999999463,35.66,8734.04,,,,0,15787.4
2104,2149,41,10000,50.99899999999463,35.66,8734.04,,,,0,15799.2
2105,2150,24,6065,29.064000000002878,35.46,8686.18,,,,0,15805.5
2106,2151,41,10000,50.99899999999463,36.04,8826.82,,,,0,15816.1
2107,2152,41,10000,50.99899999999463,36.04,8826.82,,,,0,15826.8
2108,2153,41,10000,50.99899999999463,36.04,8826.82,,,,0,15837.3
2109,2154,41,10000,50.99899999999463,36.84,9016.42,,,,0,15847.6
2110,2155,10,2681,11.679999999999673,37.0,9054.94,,,,0,15850.5
2111,2156,8,2213,9.211999999999932,36.34,8899.2,,,,0,15852.8
2112,2157,26,6509,31.508000000002767,36.66,8975.06,,,,0,15859.6
2113,2158,41,10000,50.99899999999463,36.66,8975.06,,,,0,15870.2
2114,2159,40,9917,48.915999999994824,36.64,8973.4,,,,0,15880.8
2115,2160,41,10000,50.99899999999463,36.64,8973.4,,,,0,15891.2
2116,2161,41,10000,50.99899999999463,36.64,8973.4,,,,0,15901.8
2117,2162,41,10000,50.99899999999463,36.92,9042.04,,,,0,15912.4
2118,2163,41,10000,50.99899999999463,37.68,9225.88,,,,0,15922.8
2119,2164,41,10000,50.99899999999463,37.68,9225.88,,,,0,15933.2
2120,2165,41,10000,50.99899999999463,37.68,9225.88,,,,0,15943.6
2121,2166,1,556,0.5549999999999748,36.88,9037.0,,,,0,15944.2
2122,2167,41,10000,50.99899999999463,36.88,9037.0,,,,0,15954.7
2123,2168,16,4157,19.156000000000546,36.38,8920.14,,,,0,15960.5
2124,2169,41,10000,50.99899999999463,36.38,8920.14,,,,0,15971.2
2125,2170,41,10000,50.99899999999463,36.38,8920.14,,,,0,15982.7
2126,2171,41,10000,50.99899999999463,36.38,8920.14,,,,0,15993.8
2127,2172,36,8962,43.96099999999705,36.28,8899.38,,,,0,16003.5
2128,2173,41,10000,50.99899999999463,36.28,8899.38,,,,0,16014.2
2129,2174,41,10000,50.99899999999463,36.28,8899.38,,,,0,16024.7
2130,2175,41,10000,50.99899999999463,36.28,8899.38,,,,0,16034.9
2131,2176,41,10000,50.99899999999463,36.28,8899.38,,,,0,16045.3
2132,2177,41,10000,50.99899999999463,36.28,8899.38,,,,0,16055.9
2133,2178,41,10000,50.99899999999463,36.28,8899.38,,,,0,16066.6
2134,2179,41,10000,50.99899999999463,36.28,8899.38,,,,0,16077.4
2135,2180,41,10000,50.99899999999463,36.28,8899.38,,,,0,16088.1
2136,2181,41,10000,50.99899999999463,36.28,8899.38,,,,0,16098.8
2137,2182,41,10000,50.99899999999463,36.28,8899.38,,,,0,16109.7
2138,2183,41,10000,50.99899999999463,36.62,8977.72,,,,0,16120.5
2139,2184,41,10000,50.99899999999463,36.62,8977.72,,,,0,16130.9
2140,2185,41,10000,50.99899999999463,36.62,8977.72,,,,0,16141.6
2141,2186,19,4858,22.857000000001403,36.18,8874.88,,,,0,16146.7
2142,2187,41,10000,50.99899999999463,36.18,8874.88,,,,0,16157.3
2143,2188,41,10000,50.99899999999463,36.18,8874.88,,,,0,16168.1
2144,2189,41,10000,50.99899999999463,36.18,8874.88,,,,0,16178.9
2145,2190,41,10000,50.99899999999463,36.18,8874.88,,,,0,16189.7
2146,2191,41,10000,50.99899999999463,36.18,8874.88,,,,0,16200.3
2147,2192,41,10000,50.99899999999463,37.0,9068.82,,,,0,16210.7
2148,2193,41,10000,50.99899999999463,37.0,9068.82,,,,0,16221.9
2149,2194,41,10000,50.99899999999463,37.22,9118.36,,,,0,16232.6
2150,2195,41,10000,50.99899999999463,37.22,9118.36,,,,0,16243.6
2151,2196,12,3199,14.197999999999386,36.64,8982.34,,,,0,16247.3
2152,2197,41,10000,50.99899999999463,36.64,8982.34,,,,0,16258.0
2153,2198,41,10000,50.99899999999463,36.64,8982.34,,,,0,16268.7
2154,2199,41,10000,50.99899999999463,36.64,8982.34,,,,0,16279.6
2155,2200,41,10000,50.99899999999463,36.98,9061.04,,,,0,16290.5
2156,2201,41,10000,50.99899999999463,36.98,9061.04,,,,0,16301.3
2157,2202,41,10000,50.99899999999463,36.98,9061.04,,,,0,16311.8
2158,2203,41,10000,50.99899999999463,36.98,9061.04,,,,0,16322.2
2159,2204,41,10000,50.99899999999463,36.98,9061.04,,,,0,16332.8
2160,2205,41,10000,50.99899999999463,37.6,9207.42,,,,0,16343.5
2161,2206,41,10000,50.99899999999463,38.26,9363.16,,,,0,16354.2
2162,2207,41,10000,50.99899999999463,38.56,9432.98,,,,0,16364.4
2163,2208,41,10000,50.99899999999463,38.56,9432.98,,,,0,16375.1
2164,2209,41,10000,50.99899999999463,38.58,9434.64,,,,0,16385.9
2165,2210,11,2914,12.912999999999544,37.98,9292.92,,,,0,16389.1
2166,2211,35,8670,42.66899999999773,37.86,9266.32,,,,0,16399.2
2167,2212,41,10000,50.99899999999463,37.86,9266.32,,,,0,16410.9
2168,2213,41,10000,50.99899999999463,37.86,9266.32,,,,0,16421.8
2169,2214,41,10000,50.99899999999463,37.86,9266.32,,,,0,16432.6
2170,2215,41,10000,50.99899999999463,37.86,9266.32,,,,0,16443.0
2171,2216,41,10000,50.99899999999463,38.66,9455.2,,,,0,16453.9
2172,2217,41,10000,50.99899999999463,38.66,9455.2,,,,0,16465.0
2173,2218,41,10000,50.99899999999463,39.16,9572.06,,,,0,16475.5
2174,2219,41,10000,50.99899999999463,39.16,9572.06,,,,0,16485.6
2175,2220,41,10000,50.99899999999463,39.16,9572.06,,,,0,16495.9
2176,2221,41,10000,50.99899999999463,39.16,9572.06,,,,0,16506.8
2177,2222,41,10000,50.99899999999463,39.26,9592.82,,,,0,16517.5
2178,2223,41,10000,50.99899999999463,39.26,9592.82,,,,0,16528.2
2179,2224,41,10000,50.99899999999463,39.26,9592.82,,,,0,16538.6
2180,2225,40,9878,48.876999999994915,39.24,9590.38,,,,0,16549.2
2181,2226,41,10000,50.99899999999463,39.24,9590.38,,,,0,16560.4
2182,2227,41,10000,50.99899999999463,39.24,9590.38,,,,0,16571.4
2183,2228,41,10000,50.99899999999463,39.24,9590.38,,,,0,16581.9
2184,2229,2,790,1.788999999999949,38.46,9406.18,,,,0,16582.7
2185,2230,41,10000,50.99899999999463,38.46,9406.18,,,,0,16593.1
2186,2231,41,10000,50.99899999999463,38.46,9406.18,,,,0,16603.8
2187,2232,41,10000,50.99899999999463,38.46,9406.18,,,,0,16614.7
2188,2233,41,10000,50.99899999999463,38.46,9406.18,,,,0,16625.7
2189,2234,10,2717,11.715999999999653,37.84,9260.52,,,,0,16628.8
2190,2235,32,7991,38.98999999999931,37.66,9220.34,,,,0,16637.6
2191,2236,41,10000,50.99899999999463,38.1,9323.18,,,,0,16648.1
2192,2237,41,10000,50.99899999999463,38.1,9323.18,,,,0,16658.7
2193,2238,41,10000,50.99899999999463,38.1,9323.18,,,,0,16669.2
2194,2239,41,10000,50.99899999999463,38.1,9323.18,,,,0,16679.8
2195,2240,41,10000,50.99899999999463,38.1,9323.18,,,,0,16690.6
2196,2241,41,10000,50.99899999999463,38.1,9323.18,,,,0,16703.3
2197,2242,41,10000,50.99899999999463,38.1,9323.18,,,,0,16721.0
2198,2243,41,10000,50.99899999999463,38.1,9323.18,,,,0,16739.5
2199,2244,14,3652,16.65099999999993,37.56,9196.22,,,,0,16746.4
2200,2245,41,10000,50.99899999999463,37.56,9196.22,,,,0,16764.4
2201,2246,41,10000,50.99899999999463,38.14,9332.24,,,,0,16781.8
2202,2247,41,10000,50.99899999999463,38.14,9332.24,,,,0,16799.6
2203,2248,41,10000,50.99899999999463,38.14,9332.24,,,,0,16816.5
2204,2249,41,10000,50.99899999999463,38.14,9332.24,,,,0,16834.2
2205,2250,41,10000,50.99899999999463,38.14,9332.24,,,,0,16854.1
2206,2251,25,6316,30.315000000003185,37.82,9258.56,,,,0,16867.8
2207,2252,29,7270,35.26900000000099,37.58,9203.96,,,,0,16882.2
2208,2253,41,10000,50.99899999999463,37.58,9203.96,,,,0,16899.6
2209,2254,41,10000,50.99899999999463,37.58,9203.96,,,,0,16916.4
2210,2255,41,10000,50.99899999999463,37.58,9203.96,,,,0,16933.8
2211,2256,10,2696,11.694999999999665,36.96,9057.88,,,,0,16938.8
2212,2257,41,10000,50.99899999999463,36.96,9057.88,,,,0,16956.1
2213,2258,41,10000,50.99899999999463,36.96,9057.88,,,,0,16974.0
2214,2259,41,10000,50.99899999999463,36.96,9057.88,,,,0,16993.9
2215,2260,41,10000,50.99899999999463,37.56,9199.6,,,,0,17014.4
2216,2261,41,10000,50.99899999999463,37.68,9226.2,,,,0,17032.5
2217,2262,41,10000,50.99899999999463,37.68,9226.2,,,,0,17050.0
2218,2263,9,2483,10.481999999999783,37.04,9075.86,,,,0,17054.5
2219,2264,41,10000,50.99899999999463,37.04,9075.86,,,,0,17071.8
2220,2265,41,10000,50.99899999999463,37.04,9075.86,,,,0,17089.4
2221,2266,41,10000,50.99899999999463,37.04,9075.86,,,,0,17107.4
2222,2267,41,10000,50.99899999999463,37.04,9075.86,,,,0,17124.6
2223,2268,41,10000,50.99899999999463,37.04,9075.86,,,,0,17139.6
2224,2269,41,10000,50.99899999999463,37.04,9075.86,,,,0,17155.0
2225,2270,41,10000,50.99899999999463,37.04,9075.86,,,,0,17170.3
2226,2271,13,3437,15.435999999999666,36.48,8944.6,,,,0,17175.5
2227,2272,41,10000,50.99899999999463,36.48,8944.6,,,,0,17190.7
2228,2273,41,10000,50.99899999999463,36.48,8944.6,,,,0,17205.1
2229,2274,41,10000,50.99899999999463,36.48,8944.6,,,,0,17220.8
2230,2275,41,10000,50.99899999999463,36.5,8947.04,,,,0,17236.5
2231,2276,9,2482,10.480999999999783,35.86,8796.68,,,,0,17240.5
2232,2277,41,10000,50.99899999999463,35.86,8796.68,,,,0,17257.6
2233,2278,15,3904,17.903000000000237,35.34,8674.76,,,,0,17263.7
2234,2279,41,10000,50.99899999999463,36.12,8858.96,,,,0,17281.0
2235,2280,41,10000,50.99899999999463,36.12,8858.96,,,,0,17300.6
2236,2281,41,10000,50.99899999999463,36.12,8858.96,,,,0,17318.3
2237,2282,21,5363,25.36200000000202,35.72,8766.22,,,,0,17328.5
2238,2283,41,10000,50.99899999999463,35.72,8766.22,,,,0,17348.0
2239,2284,41,10000,50.99899999999463,36.34,8911.88,,,,0,17367.5
2240,2285,41,10000,50.99899999999463,36.52,8952.06,,,,0,17383.7
2241,2286,33,8207,40.20599999999881,36.36,8916.2,,,,0,17397.4
2242,2287,35,8710,42.70899999999764,36.24,8890.4,,,,0,17411.6
2243,2288,41,10000,50.99899999999463,36.24,8890.4,,,,0,17428.8
2244,2289,41,10000,50.99899999999463,36.24,8890.4,,,,0,17446.7
2245,2290,41,10000,50.99899999999463,36.24,8890.4,,,,0,17464.8
2246,2291,41,10000,50.99899999999463,36.24,8890.4,,,,0,17485.0
2247,2292,41,10000,50.99899999999463,36.24,8890.4,,,,0,17502.4
2248,2293,24,6082,29.0810000000029,35.9,8812.04,,,,0,17512.3
2249,2294,41,10000,50.99899999999463,36.44,8939.0,,,,0,17529.5
2250,2295,41,10000,50.99899999999463,36.44,8939.0,,,,0,17547.3
2251,2296,28,6989,33.98800000000165,36.18,8878.78,,,,0,17559.2
2252,2297,41,10000,50.99899999999463,36.18,8878.78,,,,0,17575.1
2253,2298,41,10000,50.99899999999463,36.18,8878.78,,,,0,17590.9
2254,2299,18,4408,21.407000000000853,35.72,8766.94,,,,0,17597.5
2255,2300,41,10000,50.99899999999463,35.72,8766.94,,,,0,17613.3
2256,2301,10,2717,11.715999999999653,35.42,8694.96,,,,0,17617.5
2257,2302,41,10000,50.99899999999463,35.66,8749.56,,,,0,17632.9
2258,2303,41,10000,50.99899999999463,35.66,8749.56,,,,0,17652.0
2259,2304,41,10000,50.99899999999463,35.66,8749.56,,,,0,17673.1
2260,2305,0,322,-0.6789999999999998,34.84,8556.0,,,,0,17673.6
2261,2306,41,10000,50.99899999999463,35.46,8702.08,,,,0,17691.9
2262,2307,41,10000,50.99899999999463,35.46,8702.08,,,,0,17707.1
2263,2308,25,6316,30.315000000003185,35.14,8628.4,,,,0,17716.4
2264,2309,41,10000,50.99899999999463,35.14,8628.4,,,,0,17731.5
2265,2310,1,539,0.5379999999999767,34.34,8439.18,,,,0,17732.3
2266,2311,41,10000,50.99899999999463,34.34,8439.18,,,,0,17748.4
2267,2312,41,10000,50.99899999999463,34.34,8439.18,,,,0,17764.1
2268,2313,41,10000,50.99899999999463,34.98,8589.52,,,,0,17779.0
2269,2314,41,10000,50.99899999999463,34.98,8589.52,,,,0,17793.7
2270,2315,41,10000,50.99899999999463,34.98,8589.52,,,,0,17808.2
2271,2316,6,1709,6.708000000000161,34.28,8423.7,,,,0,17810.6
2272,2317,41,10000,50.99899999999463,34.28,8423.7,,,,0,17825.4
2273,2318,1,556,0.5549999999999748,33.48,8234.82,,,,0,17826.3
2274,2319,41,10000,50.99899999999463,33.48,8234.82,,,,0,17842.0
2275,2320,41,10000,50.99899999999463,33.48,8234.82,,,,0,17857.7
2276,2321,22,5560,26.55900000000226,33.66,8277.28,,,,0,17866.4
2277,2322,41,10000,50.99899999999463,33.66,8277.28,,,,0,17881.7
2278,2323,41,10000,50.99899999999463,33.66,8277.28,,,,0,17897.2
2279,2324,33,8189,40.18799999999885,33.5,8241.06,,,,0,17909.8
2280,2325,2,750,1.7489999999999535,32.72,8056.06,,,,0,17910.8
2281,2326,41,10000,50.99899999999463,33.36,8206.42,,,,0,17925.8
2282,2327,41,10000,50.99899999999463,33.36,8206.42,,,,0,17941.1
2283,2328,41,10000,50.99899999999463,33.88,8328.34,,,,0,17956.1
2284,2329,41,10000,50.99899999999463,33.88,8328.34,,,,0,17970.5
2285,2330,41,10000,50.99899999999463,33.88,8328.34,,,,0,17985.4
2286,2331,21,5344,25.343000000001997,33.48,8235.22,,,,0,17993.1
2287,2332,41,10000,50.99899999999463,33.88,8327.96,,,,0,18007.9
2288,2333,12,3159,14.157999999999408,33.3,8191.14,,,,0,18012.7
2289,2334,41,10000,50.99899999999463,33.3,8191.14,,,,0,18028.2
2290,2335,41,10000,50.99899999999463,33.3,8191.14,,,,0,18047.7
2291,2336,41,10000,50.99899999999463,33.46,8227.0,,,,0,18066.8
2292,2337,41,10000,50.99899999999463,33.58,8252.8,,,,0,18086.9
2293,2338,41,10000,50.99899999999463,33.58,8252.8,,,,0,18106.0
2294,2339,41,10000,50.99899999999463,33.58,8252.8,,,,0,18127.9
2295,2340,41,10000,50.99899999999463,33.58,8252.8,,,,0,18148.9
2296,2341,41,10000,50.99899999999463,33.58,8252.8,,,,0,18169.6
2297,2342,41,10000,50.99899999999463,33.58,8252.8,,,,0,18193.1
2298,2343,41,10000,50.99899999999463,33.92,8331.16,,,,0,18214.7
2299,2344,41,10000,50.99899999999463,33.92,8331.16,,,,0,18234.4
2300,2345,41,10000,50.99899999999463,33.92,8331.16,,,,0,18253.2
2301,2346,41,10000,50.99899999999463,34.18,8391.38,,,,0,18271.4
2302,2347,41,10000,50.99899999999463,34.18,8391.38,,,,0,18289.2
2303,2348,41,10000,50.99899999999463,34.18,8391.38,,,,0,18308.0
2304,2349,41,10000,50.99899999999463,34.64,8503.22,,,,0,18326.7
2305,2350,41,10000,50.99899999999463,34.64,8503.22,,,,0,18347.0
2306,2351,41,10000,50.99899999999463,35.26,8648.88,,,,0,18366.4
2307,2352,41,10000,50.99899999999463,35.26,8648.88,,,,0,18383.3
2308,2353,41,10000,50.99899999999463,35.26,8648.88,,,,0,18402.4
2309,2354,27,6568,32.56700000000263,34.98,8580.24,,,,0,18416.4
2310,2355,5,1511,5.510000000000095,35.08,8604.02,,,,0,18419.5
2311,2356,41,10000,50.99899999999463,35.08,8604.02,,,,0,18436.4
2312,2357,41,10000,50.99899999999463,35.08,8604.02,,,,0,18448.2
2313,2358,41,10000,50.99899999999463,35.4,8677.7,,,,0,18460.4
2314,2359,41,10000,50.99899999999463,35.4,8677.7,,,,0,18471.9
2315,2360,5,1470,5.469000000000081,35.48,8696.32,,,,0,18473.6
2316,2361,41,10000,50.99899999999463,35.48,8696.32,,,,0,18485.3
2317,2362,41,10000,50.99899999999463,35.48,8696.32,,,,0,18500.2
2318,2363,41,10000,50.99899999999463,35.48,8696.32,,,,0,18517.9
2319,2364,1,552,0.5509999999999753,34.68,8507.36,,,,0,18518.9
2320,2365,41,10000,50.99899999999463,34.68,8507.36,,,,0,18535.5
2321,2366,12,3166,14.164999999999404,34.8,8536.5,,,,0,18540.4
2322,2367,41,10000,50.99899999999463,34.8,8536.5,,,,0,18555.8
2323,2368,41,10000,50.99899999999463,35.6,8725.38,,,,0,18571.6
2324,2369,41,10000,50.99899999999463,35.6,8725.38,,,,0,18590.2
2325,2370,41,10000,50.99899999999463,35.6,8725.38,,,,0,18607.9
2326,2371,41,10000,50.99899999999463,35.98,8814.18,,,,0,18623.6
2327,2372,32,7955,38.9539999999994,35.8,8773.28,,,,0,18636.6
2328,2373,41,10000,50.99899999999463,35.8,8773.28,,,,0,18653.4
2329,2374,41,10000,50.99899999999463,35.96,8809.5,,,,0,18665.1
2330,2375,3,1042,3.040999999999939,35.98,8815.34,,,,0,18666.2
2331,2376,2,751,1.7499999999999534,35.2,8630.36,,,,0,18666.9
2332,2377,41,10000,50.99899999999463,35.2,8630.36,,,,0,18677.7
2333,2378,41,10000,50.99899999999463,35.2,8630.36,,,,0,18688.0
2334,2379,41,10000,50.99899999999463,35.2,8630.36,,,,0,18698.9
2335,2380,41,10000,50.99899999999463,35.2,8630.36,,,,0,18709.3
2336,2381,41,10000,50.99899999999463,35.6,8723.48,,,,0,18726.1
2337,2382,41,10000,50.99899999999463,35.6,8723.48,,,,0,18746.4
2338,2383,30,7469,36.46800000000053,35.96,8809.68,,,,0,18760.3
2339,2384,40,9869,48.867999999994936,35.94,8807.06,,,,0,18778.0
2340,2385,41,10000,50.99899999999463,35.94,8807.06,,,,0,18796.2
2341,2386,41,10000,50.99899999999463,35.94,8807.06,,,,0,18812.5
2342,2387,41,10000,50.99899999999463,35.94,8807.06,,,,0,18831.5
2343,2388,41,10000,50.99899999999463,35.94,8807.06,,,,0,18851.1
2344,2389,41,10000,50.99899999999463,35.94,8807.06,,,,0,18870.2
2345,2390,9,2248,10.246999999999913,35.3,8652.02,,,,0,18874.3
2346,2391,3,1043,3.0419999999999394,34.54,8472.88,,,,0,18876.4
2347,2392,41,10000,50.99899999999463,34.54,8472.88,,,,0,18895.9
2348,2393,41,10000,50.99899999999463,34.54,8472.88,,,,0,18915.9
2349,2394,41,10000,50.99899999999463,34.54,8472.88,,,,0,18936.0
2350,2395,41,10000,50.99899999999463,34.54,8472.88,,,,0,18953.7
2351,2396,41,10000,50.99899999999463,34.54,8472.88,,,,0,18972.2
2352,2397,41,10000,50.99899999999463,34.54,8472.88,,,,0,18988.7
2353,2398,29,7252,35.251000000001035,34.3,8417.92,,,,0,18999.9
2354,2399,13,3418,15.416999999999643,33.74,8286.28,,,,0,19005.0
2355,2400,33,8224,40.22299999999877,33.58,8250.76,,,,0,19019.9
2356,2401,41,10000,50.99899999999463,33.58,8250.76,,,,0,19036.6
2357,2402,41,10000,50.99899999999463,33.58,8250.76,,,,0,19055.6
2358,2403,41,10000,50.99899999999463,33.58,8250.76,,,,0,19075.5
2359,2404,41,10000,50.99899999999463,33.86,8319.4,,,,0,19100.0
2360,2405,9,2429,10.427999999999813,33.94,8337.76,,,,0,19106.3
2361,2406,41,10000,50.99899999999463,33.94,8337.76,,,,0,19127.2
2362,2407,41,10000,50.99899999999463,33.94,8337.76,,,,0,19146.6
2363,2408,21,5128,25.127000000001733,33.54,8240.32,,,,0,19156.3
2364,2409,41,10000,50.99899999999463,33.54,8240.32,,,,0,19182.5
2365,2410,9,2248,10.246999999999913,33.62,8255.88,,,,0,19188.6
2366,2411,36,8963,43.96199999999705,33.52,8235.14,,,,0,19221.8
2367,2412,27,6766,32.76500000000217,33.24,8170.46,,,,0,19243.4
2368,2413,41,10000,50.99899999999463,33.24,8170.46,,,,0,19280.6
2369,2414,41,10000,50.99899999999463,34.04,8359.42,,,,0,19308.0
2370,2415,41,10000,50.99899999999463,34.04,8359.42,,,,0,19333.9
2371,2416,41,10000,50.99899999999463,34.62,8496.1,,,,0,19360.7
2372,2417,41,10000,50.99899999999463,34.62,8496.1,,,,0,19391.1
2373,2418,15,3887,17.886000000000216,34.1,8373.84,,,,0,19401.7
2374,2419,41,10000,50.99899999999463,34.1,8373.84,,,,0,19426.7
2375,2420,41,10000,50.99899999999463,34.1,8373.84,,,,0,19451.2
2376,2421,39,9664,47.662999999995414,34.06,8367.12,,,,0,19476.3
2377,2422,41,10000,50.99899999999463,34.24,8408.02,,,,0,19505.0
2378,2423,41,10000,50.99899999999463,34.24,8408.02,,,,0,19531.8
2379,2424,10,2681,11.679999999999673,33.62,8261.64,,,,0,19538.7
2380,2425,41,10000,50.99899999999463,34.38,8440.8,,,,0,19566.8
2381,2426,41,10000,50.99899999999463,35.16,8625.78,,,,0,19593.2
2382,2427,41,10000,50.99899999999463,35.16,8625.78,,,,0,19618.5
2383,2428,16,4156,19.155000000000545,34.66,8508.9,,,,0,19629.1
2384,2429,41,10000,50.99899999999463,34.66,8508.9,,,,0,19652.8
2385,2430,41,10000,50.99899999999463,34.66,8508.9,,,,0,19678.3
2386,2431,23,5795,27.794000000002548,34.3,8424.8,,,,0,19692.9
2387,2432,41,10000,50.99899999999463,34.3,8424.8,,,,0,19718.5
2388,2433,41,10000,50.99899999999463,34.52,8475.42,,,,0,19743.3
2389,2434,41,10000,50.99899999999463,34.54,8478.04,,,,0,19768.0
2390,2435,41,10000,50.99899999999463,34.54,8478.04,,,,0,19793.1
2391,2436,41,10000,50.99899999999463,34.54,8478.04,,,,0,19818.0
2392,2437,41,10000,50.99899999999463,34.54,8478.04,,,,0,19843.8
2393,2438,41,10000,50.99899999999463,34.54,8478.04,,,,0,19867.6
2394,2439,41,10000,50.99899999999463,34.54,8478.04,,,,0,19891.4
2395,2440,41,10000,50.99899999999463,35.18,8633.08,,,,0,19916.2
2396,2441,41,10000,50.99899999999463,35.94,8812.22,,,,0,19941.2
2397,2442,41,10000,50.99899999999463,35.94,8812.22,,,,0,19964.7
2398,2443,18,4408,21.407000000000853,35.48,8700.38,,,,0,19975.7
2399,2444,41,10000,50.99899999999463,35.48,8700.38,,,,0,20001.5
2400,2445,12,3162,14.160999999999406,34.9,8563.62,,,,0,20009.6
2401,2446,0,269,-0.7319999999999998,34.08,8369.0,,,,0,20010.3
2402,2447,41,10000,50.99899999999463,34.08,8369.0,,,,0,20036.3
2403,2448,41,10000,50.99899999999463,34.32,8423.96,,,,0,20059.8
2404,2449,41,10000,50.99899999999463,34.88,8555.6,,,,0,20085.2
2405,2450,41,10000,50.99899999999463,35.04,8591.12,,,,0,20110.5
2406,2451,0,269,-0.7319999999999998,34.22,8396.5,,,,0,20111.2
2407,2452,9,2447,10.445999999999803,33.58,8245.44,,,,0,20117.0
2408,2453,41,10000,50.99899999999463,33.58,8245.44,,,,0,20141.0
2409,2454,41,10000,50.99899999999463,33.58,8245.44,,,,0,20166.2
2410,2455,41,10000,50.99899999999463,34.22,8396.86,,,,0,20189.9
2411,2456,41,10000,50.99899999999463,34.22,8396.86,,,,0,20213.9
2412,2457,41,10000,50.99899999999463,34.22,8396.86,,,,0,20237.2
2413,2458,41,10000,50.99899999999463,34.62,8494.3,,,,0,20261.8
2414,2459,41,10000,50.99899999999463,34.62,8494.3,,,,0,20286.4
2415,2460,32,7949,38.94799999999941,35.08,8608.32,,,,0,20305.0
2416,2461,41,10000,50.99899999999463,35.18,8629.06,,,,0,20330.9
2417,2462,41,10000,50.99899999999463,35.46,8693.74,,,,0,20355.8
2418,2463,28,7036,34.03500000000154,35.2,8634.46,,,,0,20373.6
2419,2464,41,10000,50.99899999999463,35.2,8634.46,,,,0,20399.4
2420,2465,21,5362,25.36100000000202,34.8,8541.7,,,,0,20413.1
2421,2466,21,5326,25.325000000001975,34.4,8448.22,,,,0,20425.5
2422,2467,41,10000,50.99899999999463,34.4,8448.22,,,,0,20450.3
2423,2468,41,10000,50.99899999999463,34.92,8570.48,,,,0,20477.3
2424,2469,12,3202,14.200999999999384,34.34,8434.52,,,,0,20486.4
2425,2470,41,10000,50.99899999999463,34.34,8434.52,,,,0,20511.2
2426,2471,41,10000,50.99899999999463,34.38,8441.24,,,,0,20535.9
2427,2472,41,10000,50.99899999999463,34.38,8441.24,,,,0,20561.6
2428,2473,41,10000,50.99899999999463,34.38,8441.24,,,,0,20587.1
2429,2474,41,10000,50.99899999999463,35.0,8587.62,,,,0,20611.2
2430,2475,10,2680,11.678999999999673,34.38,8441.22,,,,0,20618.4
2431,2476,41,10000,50.99899999999463,34.38,8441.22,,,,0,20644.0
2432,2477,3,1006,3.004999999999927,33.62,8261.34,,,,0,20646.5
2433,2478,23,5809,27.808000000002565,33.76,8294.4,,,,0,20661.4
2434,2479,41,10000,50.99899999999463,33.76,8294.4,,,,0,20686.0
2435,2480,41,10000,50.99899999999463,33.76,8294.4,,,,0,20711.9
2436,2481,41,10000,50.99899999999463,34.12,8378.5,,,,0,20737.6
2437,2482,32,7972,38.97099999999936,33.94,8337.94,,,,0,20758.1
2438,2483,41,10000,50.99899999999463,33.94,8337.94,,,,0,20784.9
2439,2484,41,10000,50.99899999999463,33.94,8337.94,,,,0,20811.1
2440,2485,41,10000,50.99899999999463,33.94,8337.94,,,,0,20835.6
2441,2486,41,10000,50.99899999999463,33.94,8337.94,,,,0,20860.0
2442,2487,41,10000,50.99899999999463,33.94,8337.94,,,,0,20885.0
2443,2488,41,10000,50.99899999999463,33.94,8337.94,,,,0,20911.0
2444,2489,24,6029,29.028000000002834,33.6,8258.52,,,,0,20926.0
2445,2490,41,10000,50.99899999999463,33.6,8258.52,,,,0,20951.5
2446,2491,41,10000,50.99899999999463,33.6,8258.52,,,,0,20976.6
2447,2492,27,6765,32.76400000000217,33.32,8193.82,,,,0,20993.4
2448,2493,41,10000,50.99899999999463,33.78,8305.66,,,,0,21018.3
2449,2494,41,10000,50.99899999999463,33.78,8305.66,,,,0,21043.9
2450,2495,41,10000,50.99899999999463,34.36,8442.42,,,,0,21070.4
2451,2496,41,10000,50.99899999999463,35.18,8637.04,,,,0,21096.3
2452,2497,41,10000,50.99899999999463,35.18,8637.04,,,,0,21120.4
2453,2498,41,10000,50.99899999999463,35.18,8637.04,,,,0,21144.5
2454,2499,41,10000,50.99899999999463,35.18,8637.04,,,,0,21169.8
2455,2500,41,10000,50.99899999999463,35.18,8637.04,,,,0,21196.3
2456,2501,41,10000,50.99899999999463,36.0,8831.66,,,,0,21221.1
2457,2502,41,10000,50.99899999999463,36.64,8982.72,,,,0,21247.5
2458,2503,41,10000,50.99899999999463,36.64,8982.72,,,,0,21273.4
2459,2504,38,9430,46.42899999999596,36.58,8971.32,,,,0,21299.6
2460,2505,41,10000,50.99899999999463,36.58,8971.32,,,,0,21324.0
2461,2506,41,10000,50.99899999999463,36.58,8971.32,,,,0,21351.3
2462,2507,4,1229,4.228000000000001,35.84,8795.9,,,,0,21354.3
2463,2508,41,10000,50.99899999999463,35.84,8795.9,,,,0,21379.1
2464,2509,41,10000,50.99899999999463,35.84,8795.9,,,,0,21405.2
2465,2510,41,10000,50.99899999999463,36.02,8836.92,,,,0,21430.3
2466,2511,12,3202,14.200999999999384,35.44,8700.96,,,,0,21437.9
2467,2512,41,10000,50.99899999999463,35.44,8700.96,,,,0,21462.5
2468,2513,41,10000,50.99899999999463,35.7,8760.24,,,,0,21487.5
2469,2514,24,6046,29.045000000002855,35.36,8681.16,,,,0,21502.3
2470,2515,41,10000,50.99899999999463,35.76,8773.92,,,,0,21527.5
2471,2516,41,10000,50.99899999999463,36.16,8867.4,,,,0,21552.8
2472,2517,41,10000,50.99899999999463,36.16,8867.4,,,,0,21576.8
2473,2518,41,10000,50.99899999999463,36.16,8867.4,,,,0,21602.5
2474,2519,41,10000,50.99899999999463,36.74,9003.36,,,,0,21632.0
2475,2520,41,10000,50.99899999999463,36.74,9003.36,,,,0,21657.2
2476,2521,41,10000,50.99899999999463,36.74,9003.36,,,,0,21682.9
2477,2522,41,10000,50.99899999999463,36.74,9003.36,,,,0,21709.9
2478,2523,41,10000,50.99899999999463,36.74,9003.36,,,,0,21736.5
2479,2524,41,10000,50.99899999999463,36.74,9003.36,,,,0,21762.3
2480,2525,2,790,1.788999999999949,36.58,8965.56,,,,0,21764.4
2481,2526,41,10000,50.99899999999463,36.58,8965.56,,,,0,21789.3
2482,2527,41,10000,50.99899999999463,37.34,9145.44,,,,0,21809.9
2483,2528,41,10000,50.99899999999463,37.7,9229.26,,,,0,21833.4
2484,2529,41,10000,50.99899999999463,37.7,9229.26,,,,0,21859.5
2485,2530,41,10000,50.99899999999463,37.7,9229.26,,,,0,21878.9
2486,2531,41,10000,50.99899999999463,37.7,9229.26,,,,0,21898.1
2487,2532,41,10000,50.99899999999463,37.88,9269.82,,,,0,21917.1
2488,2533,13,3437,15.435999999999666,37.32,9138.56,,,,0,21923.7
2489,2534,41,10000,50.99899999999463,37.32,9138.56,,,,0,21944.6
2490,2535,41,10000,50.99899999999463,37.32,9138.56,,,,0,21969.3
2491,2536,41,10000,50.99899999999463,37.32,9138.56,,,,0,21988.1
2492,2537,41,10000,50.99899999999463,37.32,9138.56,,,,0,22006.4
2493,2538,29,7253,35.25200000000103,37.08,9083.62,,,,0,22019.2
2494,2539,41,10000,50.99899999999463,37.42,9163.04,,,,0,22038.2
2495,2540,4,1277,4.276000000000017,36.68,8988.58,,,,0,22040.5
2496,2541,41,10000,50.99899999999463,36.68,8988.58,,,,0,22059.1
2497,2542,41,10000,50.99899999999463,36.96,9053.28,,,,0,22077.3
2498,2543,41,10000,50.99899999999463,36.96,9053.28,,,,0,22098.4
2499,2544,41,10000,50.99899999999463,36.96,9053.28,,,,0,22116.3
2500,2545,17,4390,20.38900000000083,36.48,8941.08,0.95,304.95,0.35,0,22137.8
2501,2546,41,10000,50.99899999999463,36.48,8941.08,,,,0,22156.9
2502,2547,41,10000,50.99899999999463,36.48,8941.08,,,,0,22176.0
2503,2548,41,10000,50.99899999999463,36.48,8941.08,,,,0,22192.0
2504,2549,41,10000,50.99899999999463,36.48,8941.08,,,,0,22207.9
2505,2550,41,10000,50.99899999999463,36.48,8941.08,,,,0,22222.9
2506,2551,41,10000,50.99899999999463,36.48,8941.08,,,,0,22238.5
2507,2552,41,10000,50.99899999999463,36.48,8941.08,,,,0,22254.0
2508,2553,41,10000,50.99899999999463,36.48,8941.08,,,,0,22269.6
2509,2554,41,10000,50.99899999999463,36.54,8952.48,,,,0,22284.8
2510,2555,41,10000,50.99899999999463,36.54,8952.48,,,,0,22299.9
2511,2556,41,10000,50.99899999999463,36.54,8952.48,,,,0,22316.0
2512,2557,41,10000,50.99899999999463,37.28,9127.9,,,,0,22331.5
2513,2558,41,10000,50.99899999999463,37.28,9127.9,,,,0,22345.1
2514,2559,41,10000,50.99899999999463,37.28,9127.9,,,,0,22356.4
2515,2560,8,2244,9.242999999999915,36.62,8972.78,,,,0,22359.0
2516,2561,41,10000,50.99899999999463,37.2,9108.74,,,,0,22370.5
2517,2562,41,10000,50.99899999999463,37.2,9108.74,,,,0,22381.7
2518,2563,41,10000,50.99899999999463,37.2,9108.74,,,,0,22392.7
2519,2564,41,10000,50.99899999999463,37.54,9187.82,,,,0,22404.1
2520,2565,41,10000,50.99899999999463,37.54,9187.82,,,,0,22415.4
2521,2566,41,10000,50.99899999999463,37.54,9187.82,,,,0,22427.5
2522,2567,41,10000,50.99899999999463,37.54,9187.82,,,,0,22438.8
2523,2568,41,10000,50.99899999999463,37.54,9187.82,,,,0,22450.9
2524,2569,41,10000,50.99899999999463,37.54,9187.82,,,,0,22463.0
2525,2570,41,10000,50.99899999999463,37.54,9187.82,,,,0,22474.6
2526,2571,41,10000,50.99899999999463,37.54,9187.82,,,,0,22485.5
2527,2572,41,10000,50.99899999999463,37.54,9187.82,,,,0,22496.5
2528,2573,41,10000,50.99899999999463,37.54,9187.82,,,,0,22507.6
2529,2574,41,10000,50.99899999999463,37.54,9187.82,,,,0,22519.0
2530,2575,26,6550,31.54900000000267,38.02,9303.02,,,,0,22526.3
2531,2576,41,10000,50.99899999999463,38.02,9303.02,,,,0,22536.9
2532,2577,16,4157,19.156000000000546,37.52,9186.16,,,,0,22541.5
2533,2578,41,10000,50.99899999999463,37.52,9186.16,,,,0,22552.4
2534,2579,41,10000,50.99899999999463,37.52,9186.16,,,,0,22563.2
2535,2580,41,10000,50.99899999999463,37.52,9186.16,,,,0,22575.2
2536,2581,41,10000,50.99899999999463,37.52,9186.16,,,,0,22586.6
2537,2582,41,10000,50.99899999999463,37.52,9186.16,,,,0,22597.5
2538,2583,41,10000,50.99899999999463,38.08,9317.42,,,,0,22609.0
2539,2584,41,10000,50.99899999999463,38.08,9317.42,,,,0,22620.3
2540,2585,3,1042,3.040999999999939,37.32,9138.26,,,,0,22621.6
2541,2586,41,10000,50.99899999999463,37.32,9138.26,,,,0,22634.1
2542,2587,41,10000,50.99899999999463,37.32,9138.26,,,,0,22645.9
2543,2588,41,10000,50.99899999999463,37.56,9193.2,,,,0,22657.9
2544,2589,41,10000,50.99899999999463,37.56,9193.2,,,,0,22676.3
2545,2590,41,10000,50.99899999999463,38.3,9367.66,,,,0,22693.1
2546,2591,41,10000,50.99899999999463,38.3,9367.66,,,,0,22710.1
2547,2592,41,10000,50.99899999999463,38.3,9367.66,,,,0,22727.1
2548,2593,2,791,1.789999999999949,37.52,9183.48,,,,0,22728.5
2549,2594,41,10000,50.99899999999463,37.52,9183.48,,,,0,22745.8
2550,2595,41,10000,50.99899999999463,38.0,9295.68,,,,0,22762.8
2551,2596,0,287,-0.7139999999999997,37.18,9101.42,,,,0,22763.3
2552,2597,17,4390,20.38900000000083,36.7,8989.22,,,,0,22770.9
2553,2598,27,6802,32.801000000002084,36.42,8925.26,,,,0,22782.3
2554,2599,41,10000,50.99899999999463,36.42,8925.26,,,,0,22799.0
2555,2600,25,6316,30.315000000003185,36.1,8851.58,,,,0,22809.7
2556,2601,41,10000,50.99899999999463,36.1,8851.58,,,,0,22827.7
2557,2602,8,2195,9.193999999999942,35.44,8695.48,,,,0,22832.2
2558,2603,41,10000,50.99899999999463,35.44,8695.48,,,,0,22849.7
2559,2604,18,4624,21.623000000001117,34.98,8587.96,,,,0,22857.9
2560,2605,41,10000,50.99899999999463,34.98,8587.96,,,,0,22875.5
2561,2606,41,10000,50.99899999999463,34.98,8587.96,,,,0,22893.0
2562,2607,2,752,1.7509999999999533,34.2,8403.0,,,,0,22894.5
2563,2608,41,10000,50.99899999999463,34.2,8403.0,,,,0,22906.5
2564,2609,33,8206,40.20499999999881,34.04,8367.12,,,,0,22916.9
2565,2610,41,10000,50.99899999999463,34.7,8522.24,,,,0,22933.8
2566,2611,41,10000,50.99899999999463,34.7,8522.24,,,,0,22951.5
2567,2612,41,10000,50.99899999999463,34.7,8522.24,,,,0,22969.4
2568,2613,19,4876,22.875000000001425,34.26,8419.76,,,,0,22978.3
2569,2614,41,10000,50.99899999999463,34.26,8419.76,,,,0,22995.9
2570,2615,41,10000,50.99899999999463,34.26,8419.76,,,,0,23013.4
2571,2616,41,10000,50.99899999999463,34.26,8419.76,,,,0,23031.4
2572,2617,41,10000,50.99899999999463,34.26,8419.76,,,,0,23048.7
2573,2618,41,10000,50.99899999999463,34.26,8419.76,,,,0,23064.1
2574,2619,41,10000,50.99899999999463,34.26,8419.76,,,,0,23080.5
2575,2620,41,10000,50.99899999999463,34.26,8419.76,,,,0,23096.3
2576,2621,10,2699,11.697999999999663,33.64,8273.74,,,,0,23100.6
2577,2622,41,10000,50.99899999999463,33.64,8273.74,,,,0,23112.4
2578,2623,41,10000,50.99899999999463,33.64,8273.74,,,,0,23124.5
2579,2624,41,10000,50.99899999999463,33.64,8273.74,,,,0,23136.2
2580,2625,41,10000,50.99899999999463,33.94,8342.74,,,,0,23147.9
2581,2626,41,10000,50.99899999999463,33.94,8342.74,,,,0,23161.1
2582,2627,41,10000,50.99899999999463,34.44,8459.6,,,,0,23173.2
2583,2628,3,1041,3.0399999999999388,33.68,8280.42,,,,0,23174.6
2584,2629,12,3166,14.164999999999404,33.1,8143.74,,,,0,23178.4
2585,2630,41,10000,50.99899999999463,33.1,8143.74,,,,0,23191.5
2586,2631,41,10000,50.99899999999463,33.1,8143.74,,,,0,23204.1
2587,2632,41,10000,50.99899999999463,33.1,8143.74,,,,0,23216.6
2588,2633,41,10000,50.99899999999463,33.1,8143.74,,,,0,23227.8
2589,2634,41,10000,50.99899999999463,33.1,8143.74,,,,0,23240.8
2590,2635,41,10000,50.99899999999463,33.86,8322.9,,,,0,23252.4
2591,2636,41,10000,50.99899999999463,33.86,8322.9,,,,0,23265.5
2592,2637,41,10000,50.99899999999463,33.86,8322.9,,,,0,23277.3
