episode,seed,score,steps,total_reward,mean_score_50,mean_survival_50,eval_mean_score,eval_mean_survival,eval_success_rate,curriculum_stage,wall_time_s
1,43,41,10000,50.99899999999463,41.0,10000.0,,,,0,15.6
2,44,41,10000,50.99899999999463,41.0,10000.0,,,,0,29.8
3,45,41,10000,50.99899999999463,41.0,10000.0,,,,0,47.0
4,46,6,1528,6.5270000000001005,32.25,7882.0,,,,0,49.4
5,47,3,1007,3.0059999999999274,26.4,6507.0,,,,0,51.0
6,48,31,7739,37.7379999999999,27.166666666666668,6712.333333333333,,,,0,63.2
7,49,41,10000,50.99899999999463,29.142857142857142,7182.0,,,,0,79.0
8,50,41,10000,50.99899999999463,30.625,7534.25,,,,0,95.1
9,51,41,10000,50.99899999999463,31.77777777777778,7808.222222222223,,,,0,111.0
10,52,41,10000,50.99899999999463,32.7,8027.4,,,,0,127.1
11,53,41,10000,50.99899999999463,33.45454545454545,8206.727272727272,,,,0,139.6
12,54,41,10000,50.99899999999463,34.083333333333336,8356.166666666666,,,,0,152.3
13,55,41,10000,50.99899999999463,34.61538461538461,8482.615384615385,,,,0,164.3
14,56,37,9197,45.1959999999965,34.785714285714285,8533.642857142857,,,,0,175.6
15,57,41,10000,50.99899999999463,35.2,8631.4,,,,0,188.3
16,58,41,10000,50.99899999999463,35.5625,8716.9375,,,,0,200.5
17,59,41,10000,50.99899999999463,35.88235294117647,8792.411764705883,,,,0,212.6
18,60,41,10000,50.99899999999463,36.166666666666664,8859.5,,,,0,224.5
19,61,19,4833,22.832000000001372,35.26315789473684,8647.578947368422,,,,0,230.4
20,62,41,10000,50.99899999999463,35.55,8715.2,,,,0,242.5
21,63,41,10000,50.99899999999463,35.80952380952381,8776.380952380952,,,,0,254.6
22,64,41,10000,50.99899999999463,36.04545454545455,8832.0,,,,0,267.0
23,65,4,1283,4.282000000000019,34.65217391304348,8503.782608695652,,,,0,268.6
24,66,0,61,-0.94,33.208333333333336,8152.0,,,,0,268.7
25,67,14,3663,16.661999999999942,32.44,7972.44,,,,0,273.2
26,68,4,1271,4.270000000000015,31.346153846153847,7714.692307692308,,,,0,274.8
27,69,14,3681,16.679999999999964,30.703703703703702,7565.2962962962965,,,,0,279.2
28,70,41,10000,50.99899999999463,31.071428571428573,7652.25,,,,0,291.4
29,71,41,10000,50.99899999999463,31.413793103448278,7733.206896551724,,,,0,303.4
30,72,41,10000,50.99899999999463,31.733333333333334,7808.766666666666,,,,0,315.6
31,73,41,10000,50.99899999999463,32.03225806451613,7879.451612903225,,,,0,328.0
32,74,20,5110,24.10900000000171,31.65625,7792.90625,,,,0,334.2
33,75,41,10000,50.99899999999463,31.939393939393938,7859.787878787879,,,,0,346.5
34,76,41,10000,50.99899999999463,32.205882352941174,7922.735294117647,,,,0,358.8
35,77,26,6326,31.325000000003193,32.02857142857143,7877.114285714286,,,,0,366.6
36,78,41,10000,50.99899999999463,32.27777777777778,7936.083333333333,,,,0,379.0
37,79,41,10000,50.99899999999463,32.513513513513516,7991.864864864865,,,,0,391.2
38,80,41,10000,50.99899999999463,32.73684210526316,8044.710526315789,,,,0,403.5
39,81,1,556,0.5549999999999748,31.923076923076923,7852.692307692308,,,,0,404.2
40,82,41,10000,50.99899999999463,32.15,7906.375,,,,0,416.3
41,83,41,10000,50.99899999999463,32.36585365853659,7957.4390243902435,,,,0,428.7
42,84,4,1259,4.258000000000011,31.69047619047619,7797.952380952381,,,,0,430.3
43,85,41,10000,50.99899999999463,31.906976744186046,7849.162790697675,,,,0,442.1
44,86,41,10000,50.99899999999463,32.11363636363637,7898.045454545455,,,,0,453.8
45,87,41,10000,50.99899999999463,32.31111111111111,7944.7555555555555,,,,0,465.4
46,88,41,10000,50.99899999999463,32.5,7989.434782608696,,,,0,477.3
47,89,41,10000,50.99899999999463,32.680851063829785,8032.212765957447,,,,0,489.0
48,90,41,10000,50.99899999999463,32.854166666666664,8073.208333333333,,,,0,500.5
49,91,41,10000,50.99899999999463,33.02040816326531,8112.530612244898,,,,0,511.9
50,92,41,10000,50.99899999999463,33.18,8150.28,,,,0,523.4
51,93,41,10000,50.99899999999463,33.18,8150.28,,,,0,535.0
52,94,30,7321,36.320000000000874,32.96,8096.7,,,,0,543.3
53,95,41,10000,50.99899999999463,32.96,8096.7,,,,0,554.9
54,96,41,10000,50.99899999999463,33.66,8266.14,,,,0,566.5
55,97,41,10000,50.99899999999463,34.42,8446.0,,,,0,578.0
56,98,1,512,0.5109999999999797,33.82,8301.46,,,,0,578.7
57,99,41,10000,50.99899999999463,33.82,8301.46,,,,0,591.1
58,100,41,10000,50.99899999999463,33.82,8301.46,,,,0,603.4
59,101,41,10000,50.99899999999463,33.82,8301.46,,,,0,615.7
60,102,41,10000,50.99899999999463,33.82,8301.46,,,,0,628.4
61,103,6,1726,6.725000000000167,33.12,8135.98,,,,0,630.4
62,104,1,517,0.5159999999999791,32.32,7946.32,,,,0,630.9
63,105,41,10000,50.99899999999463,32.32,7946.32,,,,0,642.6
64,106,41,10000,50.99899999999463,32.4,7962.38,,,,0,654.7
65,107,18,4606,21.605000000001095,31.94,7854.5,,,,0,660.0
66,108,41,10000,50.99899999999463,31.94,7854.5,,,,0,671.7
67,109,41,10000,50.99899999999463,31.94,7854.5,,,,0,683.2
68,110,24,6082,29.0810000000029,31.6,7776.14,,,,0,690.2
69,111,41,10000,50.99899999999463,32.04,7879.48,,,,0,702.4
70,112,41,10000,50.99899999999463,32.04,7879.48,,,,0,714.3
71,113,41,10000,50.99899999999463,32.04,7879.48,,,,0,726.0
72,114,41,10000,50.99899999999463,32.04,7879.48,,,,0,737.5
73,115,41,10000,50.99899999999463,32.78,8053.82,,,,0,749.3
74,116,41,10000,50.99899999999463,33.6,8252.6,,,,0,760.8
75,117,41,10000,50.99899999999463,34.14,8379.34,,,,0,772.6
76,118,41,10000,50.99899999999463,34.88,8553.92,,,,0,784.4
77,119,41,10000,50.99899999999463,35.42,8680.3,,,,0,796.0
78,120,41,10000,50.99899999999463,35.42,8680.3,,,,0,807.7
79,121,41,10000,50.99899999999463,35.42,8680.3,,,,0,819.2
80,122,41,10000,50.99899999999463,35.42,8680.3,,,,0,830.9
81,123,41,10000,50.99899999999463,35.42,8680.3,,,,0,842.4
82,124,41,10000,50.99899999999463,35.84,8778.1,,,,0,854.2
83,125,41,10000,50.99899999999463,35.84,8778.1,,,,0,866.2
84,126,0,322,-0.6789999999999998,35.02,8584.54,,,,0,866.6
85,127,12,2968,13.966999999999514,34.74,8517.38,,,,0,870.1
86,128,41,10000,50.99899999999463,34.74,8517.38,,,,0,881.6
87,129,41,10000,50.99899999999463,34.74,8517.38,,,,0,893.3
88,130,41,10000,50.99899999999463,34.74,8517.38,,,,0,904.9
89,131,36,8927,43.92599999999713,35.44,8684.8,,,,0,915.3
90,132,41,10000,50.99899999999463,35.44,8684.8,,,,0,926.7
91,133,41,10000,50.99899999999463,35.44,8684.8,,,,0,938.3
92,134,41,10000,50.99899999999463,36.18,8859.62,,,,0,950.0
93,135,41,10000,50.99899999999463,36.18,8859.62,,,,0,961.7
94,136,41,10000,50.99899999999463,36.18,8859.62,,,,0,973.8
95,137,41,10000,50.99899999999463,36.18,8859.62,,,,0,985.7
96,138,24,6080,29.079000000002896,35.84,8781.22,,,,0,992.8
97,139,41,10000,50.99899999999463,35.84,8781.22,,,,0,1004.2
98,140,41,10000,50.99899999999463,35.84,8781.22,,,,0,1015.9
99,141,41,10000,50.99899999999463,35.84,8781.22,,,,0,1027.8
100,142,22,5549,26.548000000002247,35.46,8692.2,,,,0,1034.3
101,143,41,10000,50.99899999999463,35.46,8692.2,,,,0,1045.9
102,144,41,10000,50.99899999999463,35.68,8745.78,,,,0,1057.9
103,145,41,10000,50.99899999999463,35.68,8745.78,,,,0,1069.7
104,146,41,10000,50.99899999999463,35.68,8745.78,,,,0,1081.2
105,147,41,10000,50.99899999999463,35.68,8745.78,,,,0,1092.7
106,148,41,10000,50.99899999999463,36.48,8935.54,,,,0,1104.4
107,149,41,10000,50.99899999999463,36.48,8935.54,,,,0,1116.0
108,150,41,10000,50.99899999999463,36.48,8935.54,,,,0,1127.8
109,151,41,10000,50.99899999999463,36.48,8935.54,,,,0,1139.5
110,152,41,10000,50.99899999999463,36.48,8935.54,,,,0,1151.0
111,153,9,2446,10.444999999999803,36.54,8949.94,,,,0,1153.8
112,154,41,10000,50.99899999999463,37.34,9139.6,,,,0,1165.7
113,155,41,10000,50.99899999999463,37.34,9139.6,,,,0,1177.5
114,156,41,10000,50.99899999999463,37.34,9139.6,,,,0,1189.4
115,157,41,10000,50.99899999999463,37.8,9247.48,,,,0,1201.1
116,158,30,7288,36.28700000000095,37.58,9193.24,,,,0,1209.5
117,159,41,10000,50.99899999999463,37.58,9193.24,,,,0,1222.7
118,160,41,10000,50.99899999999463,37.92,9271.6,,,,0,1234.9
119,161,41,10000,50.99899999999463,37.92,9271.6,,,,0,1247.2
120,162,0,323,-0.6779999999999997,37.1,9078.06,,,,0,1247.6
121,163,41,10000,50.99899999999463,37.1,9078.06,,,,0,1259.4
122,164,41,10000,50.99899999999463,37.1,9078.06,,,,0,1271.3
123,165,6,1743,6.742000000000172,36.4,8912.92,,,,0,1273.4
124,166,8,2213,9.211999999999932,35.74,8757.18,,,,0,1276.0
125,167,41,10000,50.99899999999463,35.74,8757.18,,,,0,1288.7
126,168,41,10000,50.99899999999463,35.74,8757.18,,,,0,1300.9
127,169,41,10000,50.99899999999463,35.74,8757.18,,,,0,1313.3
128,170,41,10000,50.99899999999463,35.74,8757.18,,,,0,1325.3
129,171,41,10000,50.99899999999463,35.74,8757.18,,,,0,1337.1
130,172,41,10000,50.99899999999463,35.74,8757.18,,,,0,1348.6
131,173,41,10000,50.99899999999463,35.74,8757.18,,,,0,1360.2
132,174,41,10000,50.99899999999463,35.74,8757.18,,,,0,1371.9
133,175,41,10000,50.99899999999463,35.74,8757.18,,,,0,1383.3
134,176,7,1961,7.960000000000072,35.88,8789.96,,,,0,1385.5
135,177,41,10000,50.99899999999463,36.46,8930.6,,,,0,1397.2
136,178,41,10000,50.99899999999463,36.46,8930.6,,,,0,1408.9
137,179,16,4138,19.137000000000523,35.96,8813.36,,,,0,1413.7
138,180,23,5794,27.793000000002547,35.6,8729.24,,,,0,1420.3
139,181,19,4859,22.858000000001404,35.26,8647.88,,,,0,1425.9
140,182,27,6766,32.76500000000217,34.98,8583.2,,,,0,1433.7
141,183,41,10000,50.99899999999463,34.98,8583.2,,,,0,1444.9
142,184,41,10000,50.99899999999463,34.98,8583.2,,,,0,1456.6
143,185,41,10000,50.99899999999463,34.98,8583.2,,,,0,1469.7
144,186,41,10000,50.99899999999463,34.98,8583.2,,,,0,1482.3
145,187,41,10000,50.99899999999463,34.98,8583.2,,,,0,1494.7
146,188,41,10000,50.99899999999463,35.32,8661.6,,,,0,1506.7
147,189,15,3905,17.904000000000238,34.8,8539.7,,,,0,1511.2
148,190,41,10000,50.99899999999463,34.8,8539.7,,,,0,1522.5
149,191,41,10000,50.99899999999463,34.8,8539.7,,,,0,1534.1
150,192,3,989,2.987999999999927,34.42,8448.5,,,,0,1535.2
151,193,41,10000,50.99899999999463,34.42,8448.5,,,,0,1546.8
152,194,41,10000,50.99899999999463,34.42,8448.5,,,,0,1558.4
153,195,11,2909,12.907999999999547,33.82,8306.68,,,,0,1561.8
154,196,8,2209,9.207999999999934,33.16,8150.86,,,,0,1564.4
155,197,8,2230,9.228999999999923,32.5,7995.46,,,,0,1566.9
156,198,41,10000,50.99899999999463,32.5,7995.46,,,,0,1578.9
157,199,3,989,2.987999999999927,31.74,7815.24,,,,0,1580.1
158,200,3,1024,3.022999999999933,30.98,7635.72,,,,0,1581.3
159,201,41,10000,50.99899999999463,30.98,7635.72,,,,0,1592.9
160,202,9,2249,10.247999999999912,30.34,7480.7,,,,0,1595.5
161,203,41,10000,50.99899999999463,30.98,7631.78,,,,0,1607.3
162,204,4,1259,4.258000000000011,30.24,7456.96,,,,0,1608.8
163,205,8,2195,9.193999999999942,29.58,7300.86,,,,0,1611.4
164,206,41,10000,50.99899999999463,29.58,7300.86,,,,0,1622.8
165,207,41,10000,50.99899999999463,29.58,7300.86,,,,0,1634.7
166,208,20,5123,24.122000000001727,29.38,7257.56,,,,0,1641.1
167,209,41,10000,50.99899999999463,29.38,7257.56,,,,0,1653.4
168,210,40,9916,48.914999999994826,29.36,7255.88,,,,0,1665.6
169,211,2,772,1.770999999999951,28.58,7071.32,,,,0,1666.5
170,212,41,10000,50.99899999999463,29.4,7264.86,,,,0,1678.5
171,213,30,7288,36.28700000000095,29.18,7210.62,,,,0,1687.5
172,214,41,10000,50.99899999999463,29.18,7210.62,,,,0,1699.7
173,215,30,7288,36.28700000000095,29.66,7321.52,,,,0,1708.5
174,216,2,754,1.752999999999953,29.54,7292.34,,,,0,1709.4
175,217,9,2437,10.435999999999808,28.9,7141.08,,,,0,1712.3
176,218,41,10000,50.99899999999463,28.9,7141.08,,,,0,1724.7
177,219,6,1727,6.726000000000167,28.2,6975.62,,,,0,1726.9
178,220,1,556,0.5549999999999748,27.4,6786.74,,,,0,1727.5
179,221,38,9408,46.40699999999601,27.34,6774.9,,,,0,1739.0
180,222,41,10000,50.99899999999463,27.34,6774.9,,,,0,1750.8
181,223,23,5825,27.824000000002584,26.98,6691.4,,,,0,1757.5
182,224,41,10000,50.99899999999463,26.98,6691.4,,,,0,1769.4
183,225,17,4391,20.390000000000832,26.5,6579.22,,,,0,1774.3
184,226,41,10000,50.99899999999463,27.18,6740.0,,,,0,1786.0
185,227,9,2464,10.462999999999793,26.54,6589.28,,,,0,1788.9
186,228,37,9173,45.17199999999656,26.46,6572.74,,,,0,1799.4
187,229,40,9876,48.87499999999492,26.94,6687.5,,,,0,1811.0
188,230,41,10000,50.99899999999463,27.3,6771.62,,,,0,1823.0
189,231,41,10000,50.99899999999463,27.74,6874.44,,,,0,1834.5
190,232,41,10000,50.99899999999463,28.02,6939.12,,,,0,1846.1
191,233,41,10000,50.99899999999463,28.02,6939.12,,,,0,1857.6
192,234,31,7738,37.7369999999999,27.82,6893.88,,,,0,1866.7
193,235,41,10000,50.99899999999463,27.82,6893.88,,,,0,1878.4
194,236,41,10000,50.99899999999463,27.82,6893.88,,,,0,1889.9
195,237,41,10000,50.99899999999463,27.82,6893.88,,,,0,1901.4
196,238,0,286,-0.7149999999999999,27.0,6699.6,,,,0,1901.7
197,239,1,557,0.5559999999999747,26.72,6632.64,,,,0,1902.3
198,240,34,8459,41.45799999999822,26.58,6601.82,,,,0,1912.1
199,241,6,1727,6.726000000000167,25.88,6436.36,,,,0,1914.2
200,242,17,4367,20.366000000000803,26.16,6503.92,,,,0,1919.3
201,243,10,2669,11.66799999999968,25.54,6357.3,,,,0,1922.3
202,244,41,10000,50.99899999999463,25.54,6357.3,,,,0,1934.0
203,245,20,5110,24.10900000000171,25.72,6401.32,,,,0,1939.8
204,246,32,7954,38.9529999999994,26.2,6516.22,,,,0,1949.1
205,247,9,2482,10.480999999999783,26.22,6521.26,,,,0,1952.1
206,248,41,10000,50.99899999999463,26.22,6521.26,,,,0,1963.7
207,249,8,2212,9.210999999999933,26.32,6545.72,,,,0,1966.3
208,250,4,1276,4.275000000000016,26.34,6550.76,,,,0,1967.8
209,251,15,3922,17.92100000000026,25.82,6429.2,,,,0,1972.3
210,252,10,2674,11.672999999999677,25.84,6437.7,,,,0,1975.4
211,253,12,2965,13.963999999999515,25.26,6297.0,,,,0,1978.8
212,254,9,2429,10.427999999999813,25.36,6320.4,,,,0,1981.7
213,255,1,509,0.50799999999998,25.22,6286.68,,,,0,1982.3
214,256,41,10000,50.99899999999463,25.22,6286.68,,,,0,1993.9
215,257,10,2713,11.711999999999655,24.6,6140.94,,,,0,1997.0
216,258,21,5341,25.340000000001993,24.62,6145.3,,,,0,2003.2
217,259,21,5358,25.357000000002014,24.22,6052.46,,,,0,2009.5
218,260,9,2443,10.441999999999805,23.6,5903.0,,,,0,2012.4
219,261,40,9894,48.89299999999488,24.36,6085.44,,,,0,2023.9
220,262,39,9629,47.627999999995495,24.32,6078.02,,,,0,2035.2
221,263,6,1525,6.5240000000000995,23.84,5962.76,,,,0,2037.0
222,264,23,5790,27.78900000000254,23.48,5878.56,,,,0,2044.0
223,265,6,1722,6.721000000000165,23.0,5767.24,,,,0,2046.1
224,266,20,5071,24.070000000001663,23.36,5853.58,,,,0,2051.9
225,267,4,1253,4.252000000000009,23.26,5829.9,,,,0,2053.3
226,268,29,7245,35.24400000000105,23.02,5774.8,,,,0,2061.6
227,269,26,6512,31.51100000000276,23.42,5870.5,,,,0,2069.1
228,270,12,3198,14.196999999999386,23.64,5923.34,,,,0,2072.7
229,271,28,6997,33.99600000000163,23.44,5875.12,,,,0,2080.7
230,272,6,1726,6.725000000000167,22.74,5709.64,,,,0,2082.7
231,273,30,7500,36.49900000000046,22.88,5743.14,,,,0,2091.4
232,274,9,2245,10.243999999999915,22.24,5588.04,,,,0,2094.2
233,275,2,766,1.7649999999999517,21.94,5515.54,,,,0,2095.0
234,276,5,1506,5.505000000000093,21.22,5345.66,,,,0,2096.7
235,277,3,1042,3.040999999999939,21.1,5317.22,,,,0,2097.9
236,278,6,1709,6.708000000000161,20.48,5167.94,,,,0,2099.8
237,279,3,1024,3.022999999999933,19.74,4990.9,,,,0,2101.0
238,280,24,6059,29.05800000000287,19.4,4912.08,,,,0,2108.0
239,281,20,5085,24.08400000000168,18.98,4813.78,,,,0,2113.9
240,282,4,1276,4.275000000000016,18.24,4639.3,,,,0,2115.3
241,283,19,4829,22.828000000001367,17.8,4535.88,,,,0,2121.1
242,284,19,4854,22.853000000001398,17.56,4478.2,,,,0,2126.8
243,285,9,2248,10.246999999999913,16.92,4323.16,,,,0,2129.5
244,286,28,6997,33.99600000000163,16.66,4263.1,,,,0,2137.7
245,287,2,749,1.7479999999999536,15.88,4078.08,,,,0,2138.5
246,288,11,2914,12.912999999999544,16.1,4130.64,,,,0,2141.8
247,289,7,1956,7.955000000000075,16.22,4158.62,,,,0,2144.0
248,290,7,1956,7.955000000000075,15.68,4028.56,,,,0,2146.3
249,291,5,1521,5.520000000000098,15.66,4024.44,,,,0,2148.1
250,292,0,269,-0.7319999999999998,15.32,3942.48,,,,0,2148.3
251,293,6,1757,6.756000000000177,15.24,3924.24,,,,0,2150.3
252,294,4,1234,4.233000000000002,14.5,3748.92,,,,0,2151.7
253,295,4,1252,4.251000000000008,14.18,3671.76,,,,0,2153.1
254,296,3,1038,3.0369999999999377,13.6,3533.44,,,,0,2154.3
255,297,5,1486,5.4850000000000865,13.52,3513.52,,,,0,2156.2
256,298,6,1740,6.739000000000171,12.82,3348.32,,,,0,2158.1
257,299,30,7483,36.4820000000005,13.26,3453.74,,,,0,2166.6
258,300,3,999,2.997999999999926,13.24,3448.2,,,,0,2167.8
259,301,11,2731,12.729999999999645,13.16,3424.38,,,,0,2171.0
260,302,4,1229,4.228000000000001,13.04,3395.48,,,,0,2172.4
261,303,12,2969,13.967999999999513,13.04,3395.56,,,,0,2175.8
262,304,9,2482,10.480999999999783,13.04,3396.62,,,,0,2178.6
263,305,8,2242,9.240999999999916,13.18,3431.28,,,,0,2181.2
264,306,24,6061,29.060000000002873,12.84,3352.5,,,,0,2188.3
265,307,5,1524,5.523000000000099,12.74,3328.72,,,,0,2190.1
266,308,22,5597,26.596000000002306,12.76,3333.84,,,,0,2196.7
267,309,10,2695,11.693999999999665,12.54,3280.58,,,,0,2199.9
268,310,0,283,-0.7179999999999997,12.36,3237.38,,,,0,2200.2
269,311,0,269,-0.7319999999999998,11.56,3044.88,,,,0,2200.6
270,312,6,1709,6.708000000000161,10.9,2886.48,,,,0,2202.5
271,313,8,2189,9.187999999999946,10.94,2899.76,,,,0,2205.1
272,314,4,1229,4.228000000000001,10.56,2808.54,,,,0,2206.5
273,315,6,1740,6.739000000000171,10.56,2808.9,,,,0,2208.5
274,316,1,556,0.5549999999999748,10.18,2718.6,,,,0,2209.2
275,317,18,4408,21.407000000000853,10.46,2781.7,,,,0,2214.4
276,318,3,999,2.997999999999926,9.94,2656.78,,,,0,2215.6
277,319,0,269,-0.7319999999999998,9.42,2531.92,,,,0,2215.9
278,320,3,806,2.8049999999999473,9.24,2484.08,,,,0,2216.8
279,321,11,2946,12.944999999999526,8.9,2403.06,,,,0,2220.3
280,322,7,1953,7.952000000000076,8.92,2407.6,,,,0,2222.5
281,323,22,5575,26.57400000000228,8.76,2369.1,,,,0,2228.9
282,324,6,1719,6.718000000000164,8.7,2358.58,,,,0,2230.9
283,325,15,3886,17.885000000000215,8.96,2420.98,,,,0,2235.4
284,326,4,1229,4.228000000000001,8.94,2415.44,,,,0,2236.8
285,327,8,2194,9.192999999999943,9.04,2438.48,,,,0,2239.3
286,328,1,534,0.5329999999999773,8.94,2414.98,,,,0,2240.0
287,329,0,269,-0.7319999999999998,8.88,2399.88,,,,0,2240.3
288,330,12,3199,14.197999999999386,8.64,2342.68,,,,0,2243.9
289,331,3,1020,3.0189999999999317,8.3,2261.38,,,,0,2245.1
290,332,2,770,1.7689999999999513,8.26,2251.26,,,,0,2246.0
291,333,10,2673,11.671999999999677,8.08,2208.14,,,,0,2249.0
292,334,3,999,2.997999999999926,7.76,2131.04,,,,0,2250.1
293,335,9,2440,10.438999999999806,7.76,2134.88,,,,0,2252.9
294,336,36,8955,43.953999999997066,7.92,2174.04,,,,0,2263.6
295,337,8,2244,9.242999999999915,8.04,2203.94,,,,0,2266.2
296,338,12,3198,14.196999999999386,8.06,2209.62,,,,0,2269.8
297,339,6,1709,6.708000000000161,8.04,2204.68,,,,0,2271.7
298,340,1,509,0.50799999999998,7.92,2175.74,,,,0,2272.4
299,341,12,3161,14.159999999999407,8.06,2208.54,,,,0,2276.0
300,342,3,989,2.987999999999927,8.12,2222.94,,,,0,2277.1
301,343,3,989,2.987999999999927,8.06,2207.58,,,,0,2278.2
302,344,18,4617,21.616000000001108,8.34,2275.24,,,,0,2283.6
303,345,15,3879,17.878000000000206,8.56,2327.78,,,,0,2288.2
304,346,3,1020,3.0189999999999317,8.56,2327.42,,,,0,2289.4
305,347,3,1035,3.0339999999999367,8.52,2318.4,,,,0,2290.6
306,348,0,269,-0.7319999999999998,8.4,2288.98,,,,0,2291.0
307,349,9,2478,10.476999999999785,7.98,2188.88,,,,0,2293.9
308,350,2,749,1.7479999999999536,7.96,2183.88,,,,0,2294.7
309,351,8,2205,9.203999999999937,7.9,2173.36,,,,0,2297.3
310,352,1,553,0.5519999999999752,7.84,2159.84,,,,0,2297.9
311,353,38,9423,46.421999999995975,8.36,2288.92,,,,0,2309.0
312,354,19,4854,22.853000000001398,8.56,2336.36,,,,0,2314.5
313,355,0,269,-0.7319999999999998,8.4,2296.9,,,,0,2314.9
314,356,41,10000,50.99899999999463,8.74,2375.68,,,,0,2326.6
315,357,5,1491,5.490000000000088,8.74,2375.02,,,,0,2328.3
316,358,11,2964,12.962999999999516,8.52,2322.36,,,,0,2331.7
317,359,6,1709,6.708000000000161,8.44,2302.64,,,,0,2333.6
318,360,18,4600,21.599000000001087,8.8,2388.98,,,,0,2339.0
319,361,29,7231,35.230000000001084,9.38,2528.22,,,,0,2347.4
320,362,14,3630,16.628999999999902,9.54,2566.64,,,,0,2351.6
321,363,19,4829,22.828000000001367,9.76,2619.44,,,,0,2357.3
322,364,3,1020,3.0189999999999317,9.74,2615.26,,,,0,2358.5
323,365,21,5322,25.32100000000197,10.04,2686.9,,,,0,2364.8
324,366,3,809,2.807999999999947,10.08,2691.96,,,,0,2365.7
325,367,3,1017,3.0159999999999307,9.78,2624.14,,,,0,2366.8
326,368,20,5104,24.103000000001703,10.12,2706.24,,,,0,2373.0
327,369,3,1038,3.0369999999999377,10.18,2721.62,,,,0,2374.2
328,370,10,2669,11.66799999999968,10.32,2758.88,,,,0,2377.3
329,371,9,2440,10.438999999999806,10.28,2748.76,,,,0,2380.2
330,372,3,1017,3.0159999999999307,10.2,2730.04,,,,0,2381.4
331,373,20,4891,23.890000000001443,10.16,2716.36,,,,0,2387.1
332,374,41,10000,50.99899999999463,10.86,2881.98,,,,0,2398.8
333,375,3,1039,3.037999999999938,10.62,2825.04,,,,0,2400.0
334,376,9,2461,10.459999999999795,10.72,2849.68,,,,0,2402.8
335,377,2,766,1.7649999999999517,10.6,2821.12,,,,0,2403.8
336,378,4,1234,4.233000000000002,10.66,2835.12,,,,0,2405.2
337,379,4,1237,4.236000000000003,10.74,2854.48,,,,0,2406.6
338,380,7,1971,7.970000000000066,10.64,2829.92,,,,0,2409.0
339,381,8,2208,9.206999999999935,10.74,2853.68,,,,0,2411.5
340,382,1,516,0.5149999999999793,10.72,2848.6,,,,0,2412.0
341,383,6,1738,6.737000000000171,10.64,2829.9,,,,0,2414.0
342,384,15,3869,17.868000000000194,10.88,2887.3,,,,0,2418.8
343,385,2,765,1.7639999999999518,10.74,2853.8,,,,0,2420.0
344,386,18,4409,21.408000000000854,10.38,2762.88,,,,0,2426.1
345,387,0,316,-0.6849999999999998,10.22,2724.32,,,,0,2426.5
346,388,3,1017,3.0159999999999307,10.04,2680.7,,,,0,2427.8
347,389,11,2961,12.959999999999518,10.14,2705.74,,,,0,2431.8
348,390,21,5337,25.336000000001988,10.54,2802.3,,,,0,2438.8
349,391,7,1949,7.948000000000079,10.44,2778.06,,,,0,2441.2
350,392,19,4829,22.828000000001367,10.76,2854.86,,,,0,2448.0
351,393,11,2964,12.962999999999516,10.92,2894.36,,,,0,2451.9
352,394,7,1972,7.971000000000066,10.7,2841.46,,,,0,2454.4
353,395,3,989,2.987999999999927,10.46,2783.66,,,,0,2455.6
354,396,11,2933,12.931999999999533,10.62,2821.92,,,,0,2459.4
355,397,14,3629,16.6279999999999,10.84,2873.8,,,,0,2463.7
356,398,41,10000,50.99899999999463,11.66,3068.42,,,,0,2475.5
357,399,6,1709,6.708000000000161,11.6,3053.04,,,,0,2477.5
358,400,11,2931,12.929999999999534,11.78,3096.68,,,,0,2480.8
359,401,2,804,1.8029999999999475,11.66,3068.66,,,,0,2481.8
360,402,5,1488,5.487000000000087,11.74,3087.36,,,,0,2483.6
361,403,0,269,-0.7319999999999998,10.98,2904.28,,,,0,2483.8
362,404,17,4404,20.403000000000848,10.94,2895.28,,,,0,2488.9
363,405,1,549,0.5479999999999756,10.96,2900.88,,,,0,2489.7
364,406,11,2932,12.930999999999534,10.36,2759.52,,,,0,2493.4
365,407,0,269,-0.7319999999999998,10.26,2735.08,,,,0,2493.7
366,408,3,1017,3.0159999999999307,10.1,2696.14,,,,0,2494.8
367,409,11,2929,12.927999999999535,10.2,2720.54,,,,0,2498.3
368,410,4,1258,4.25700000000001,9.92,2653.7,,,,0,2499.7
369,411,0,269,-0.7319999999999998,9.34,2514.46,,,,0,2500.0
370,412,19,4829,22.828000000001367,9.44,2538.44,,,,0,2505.6
371,413,3,805,2.8039999999999474,9.12,2457.96,,,,0,2506.5
372,414,11,2910,12.908999999999546,9.28,2495.76,,,,0,2509.8
373,415,3,1017,3.0159999999999307,8.92,2409.66,,,,0,2511.0
374,416,4,1234,4.233000000000002,8.94,2418.16,,,,0,2512.4
375,417,9,2246,10.244999999999914,9.06,2442.74,,,,0,2515.1
376,418,16,4109,19.108000000000487,8.98,2422.84,,,,0,2519.8
377,419,11,2925,12.923999999999538,9.14,2460.58,,,,0,2523.3
378,420,40,9913,48.91199999999483,9.74,2605.46,,,,0,2534.7
379,421,0,269,-0.7319999999999998,9.56,2562.04,,,,0,2535.0
380,422,7,1949,7.948000000000079,9.64,2580.68,,,,0,2537.3
381,423,12,3199,14.197999999999386,9.48,2546.84,,,,0,2541.2
382,424,15,3897,17.896000000000228,8.96,2424.78,,,,0,2545.8
383,425,12,3177,14.175999999999398,9.14,2467.54,,,,0,2549.5
384,426,3,1000,2.998999999999926,9.02,2438.32,,,,0,2550.6
385,427,0,280,-0.7209999999999999,8.98,2428.6,,,,0,2550.9
386,428,3,999,2.997999999999926,8.96,2423.9,,,,0,2552.1
387,429,7,1957,7.956000000000074,9.02,2438.3,,,,0,2554.4
388,430,0,269,-0.7319999999999998,8.88,2404.26,,,,0,2554.7
389,431,27,6798,32.79700000000209,9.26,2496.06,,,,0,2562.6
390,432,30,7518,36.517000000000415,9.84,2636.1,,,,0,2571.4
391,433,5,1486,5.4850000000000865,9.82,2631.06,,,,0,2573.2
392,434,5,1470,5.469000000000081,9.62,2583.08,,,,0,2574.9
393,435,18,4635,21.63400000000113,9.94,2660.48,,,,0,2580.1
394,436,8,2190,9.188999999999945,9.74,2616.1,,,,0,2582.6
395,437,14,3670,16.66899999999995,10.02,2683.18,,,,0,2586.8
396,438,10,2695,11.693999999999665,10.16,2716.74,,,,0,2589.8
397,439,15,3882,17.88100000000021,10.24,2735.16,,,,0,2594.2
398,440,37,9149,45.147999999996614,10.56,2811.4,,,,0,2604.9
399,441,0,269,-0.7319999999999998,10.42,2777.8,,,,0,2605.2
400,442,5,1522,5.5210000000000985,10.14,2711.66,,,,0,2606.9
401,443,4,1233,4.232000000000002,10.0,2677.04,,,,0,2608.3
402,444,6,1709,6.708000000000161,9.98,2671.78,,,,0,2610.3
403,445,20,4891,23.890000000001443,10.32,2749.82,,,,0,2616.0
404,446,20,5088,24.087000000001684,10.5,2792.92,,,,0,2621.9
405,447,20,5111,24.110000000001712,10.62,2822.56,,,,0,2627.8
406,448,4,1254,4.253000000000009,9.88,2647.64,,,,0,2629.2
407,449,3,1000,2.998999999999926,9.82,2633.46,,,,0,2630.5
408,450,3,1036,3.034999999999937,9.66,2595.56,,,,0,2631.7
409,451,1,550,0.5489999999999755,9.64,2590.48,,,,0,2632.3
410,452,10,2678,11.676999999999675,9.74,2614.28,,,,0,2635.3
411,453,0,269,-0.7319999999999998,9.74,2614.28,,,,0,2635.6
412,454,4,1234,4.233000000000002,9.48,2550.88,,,,0,2637.0
413,455,6,1709,6.708000000000161,9.58,2574.08,,,,0,2639.1
414,456,5,1523,5.522000000000099,9.46,2545.9,,,,0,2640.9
415,457,9,2429,10.427999999999813,9.64,2589.1,,,,0,2643.7
416,458,2,768,1.7669999999999515,9.62,2584.12,,,,0,2644.6
417,459,16,4150,19.149000000000537,9.72,2608.54,,,,0,2649.4
418,460,34,8433,41.43199999999828,10.32,2752.04,,,,0,2659.4
419,461,38,9441,46.43999999999593,11.08,2935.48,,,,0,2670.0
420,462,5,1472,5.471000000000082,10.8,2868.34,,,,0,2671.8
421,463,6,1762,6.761000000000179,10.86,2887.48,,,,0,2673.9
422,464,12,3177,14.175999999999398,10.88,2892.82,,,,0,2677.6
423,465,1,554,0.5529999999999751,10.84,2883.56,,,,0,2678.2
424,466,0,269,-0.7319999999999998,10.76,2864.26,,,,0,2678.5
425,467,9,2429,10.427999999999813,10.76,2867.92,,,,0,2681.4
426,468,30,7497,36.496000000000464,11.04,2935.68,,,,0,2690.3
427,469,18,4635,21.63400000000113,11.18,2969.88,,,,0,2695.6
428,470,17,4384,20.383000000000823,10.72,2859.3,,,,0,2700.8
429,471,15,3879,17.878000000000206,11.02,2931.5,,,,0,2705.2
430,472,6,1737,6.73600000000017,11.0,2927.26,,,,0,2707.2
431,473,4,1252,4.251000000000008,10.84,2888.32,,,,0,2708.6
432,474,5,1506,5.505000000000093,10.64,2840.5,,,,0,2710.4
433,475,8,2241,9.239999999999917,10.56,2821.78,,,,0,2713.0
434,476,0,301,-0.6999999999999997,10.5,2807.8,,,,0,2713.3
435,477,10,2691,11.689999999999667,10.7,2856.02,,,,0,2716.4
436,478,8,2230,9.228999999999923,10.8,2880.64,,,,0,2719.0
437,479,18,4622,21.621000000001114,11.02,2933.94,,,,0,2724.8
438,480,2,754,1.752999999999953,11.06,2943.64,,,,0,2725.7
439,481,5,1485,5.484000000000086,10.62,2837.38,,,,0,2727.5
440,482,4,1236,4.235000000000003,10.1,2711.74,,,,0,2728.9
441,483,12,2968,13.966999999999514,10.24,2741.38,,,,0,2732.3
442,484,14,3684,16.682999999999968,10.42,2785.66,,,,0,2736.6
443,485,1,534,0.5329999999999773,10.08,2703.64,,,,0,2737.2
444,486,9,2440,10.438999999999806,10.1,2708.64,,,,0,2740.0
445,487,15,3869,17.868000000000194,10.12,2712.62,,,,0,2744.4
446,488,39,9642,47.640999999995465,10.7,2851.56,,,,0,2755.7
447,489,12,3183,14.181999999999395,10.64,2837.58,,,,0,2759.3
448,490,13,3411,15.409999999999634,10.16,2722.82,,,,0,2763.4
449,491,4,1254,4.253000000000009,10.24,2742.52,,,,0,2764.8
450,492,8,2189,9.187999999999946,10.3,2755.86,,,,0,2767.2
451,493,12,3178,14.176999999999397,10.46,2794.76,,,,0,2770.9
452,494,34,8436,41.434999999998276,11.02,2929.3,,,,0,2780.8
453,495,8,2241,9.239999999999917,10.78,2876.3,,,,0,2783.5
454,496,24,6029,29.028000000002834,10.86,2895.12,,,,0,2790.8
455,497,35,8685,42.683999999997695,11.16,2966.6,,,,0,2801.1
456,498,2,802,1.8009999999999478,11.12,2957.56,,,,0,2802.0
457,499,3,1018,3.016999999999931,11.12,2957.92,,,,0,2803.2
458,500,21,5125,25.12400000000173,11.48,3039.7,,,,0,2809.4
459,501,15,3879,17.878000000000206,11.76,3106.28,,,,0,2813.9
460,502,14,3630,16.628999999999902,11.84,3125.32,,,,0,2818.2
461,503,5,1486,5.4850000000000865,11.94,3149.66,,,,0,2820.0
462,504,37,9171,45.16999999999656,12.6,3308.4,,,,0,2830.6
463,505,2,801,1.7999999999999479,12.52,3290.24,,,,0,2831.6
464,506,20,5121,24.120000000001724,12.82,3362.2,,,,0,2837.5
465,507,7,1955,7.954000000000075,12.78,3352.72,,,,0,2839.7
466,508,13,3394,15.392999999999613,13.0,3405.24,,,,0,2843.7
467,509,0,315,-0.6859999999999997,12.68,3328.54,,,,0,2844.1
468,510,27,6760,32.75900000000218,12.54,3295.08,,,,0,2851.8
469,511,7,1949,7.948000000000079,11.92,3145.24,,,,0,2854.1
470,512,2,769,1.7679999999999514,11.86,3131.18,,,,0,2855.0
471,513,15,3917,17.916000000000253,12.04,3174.28,,,,0,2859.6
472,514,2,769,1.7679999999999514,11.84,3126.12,,,,0,2860.5
473,515,1,553,0.5519999999999752,11.84,3126.1,,,,0,2861.2
474,516,19,4834,22.833000000001373,12.22,3217.4,,,,0,2866.9
475,517,41,10000,50.99899999999463,12.86,3368.82,,,,0,2878.4
476,518,7,1949,7.948000000000079,12.4,3257.86,,,,0,2880.8
477,519,7,1971,7.970000000000066,12.18,3204.58,,,,0,2883.0
478,520,12,3196,14.194999999999387,12.08,3180.82,,,,0,2886.8
479,521,7,1978,7.9770000000000625,11.92,3142.8,,,,0,2889.2
480,522,24,6039,29.038000000002846,12.28,3228.84,,,,0,2896.1
481,523,12,3181,14.179999999999396,12.44,3267.42,,,,0,2900.0
482,524,12,3184,14.182999999999394,12.58,3300.98,,,,0,2903.6
483,525,12,3198,14.196999999999386,12.66,3320.12,,,,0,2907.4
484,526,2,749,1.7479999999999536,12.7,3329.08,,,,0,2908.3
485,527,15,3918,17.917000000000254,12.8,3353.62,,,,0,2912.8
486,528,9,2461,10.459999999999795,12.82,3358.24,,,,0,2915.7
487,529,21,5342,25.341000000001994,12.88,3372.64,,,,0,2922.1
488,530,12,3180,14.178999999999396,13.08,3421.16,,,,0,2925.8
489,531,4,1251,4.250000000000008,13.06,3416.48,,,,0,2927.3
490,532,6,1738,6.737000000000171,13.1,3426.52,,,,0,2929.2
491,533,12,3180,14.178999999999396,13.1,3430.76,,,,0,2932.7
492,534,8,2208,9.206999999999935,12.98,3401.24,,,,0,2935.3
493,535,6,1720,6.719000000000165,13.08,3424.96,,,,0,2937.3
494,536,12,3177,14.175999999999398,13.14,3439.7,,,,0,2940.9
495,537,14,3648,16.646999999999924,13.12,3435.28,,,,0,2945.2
496,538,14,3648,16.646999999999924,12.62,3315.4,,,,0,2949.4
497,539,3,989,2.987999999999927,12.44,3271.52,,,,0,2950.5
498,540,22,5549,26.548000000002247,12.62,3314.28,,,,0,2956.9
499,541,20,5085,24.08400000000168,12.94,3390.9,,,,0,2962.7
500,542,2,765,1.7639999999999518,12.82,3362.42,1.7,408.35,0.5,0,2969.8
501,543,23,5789,27.78800000000254,13.04,3414.64,,,,0,2976.7
502,544,9,2476,10.474999999999786,12.54,3295.44,,,,0,2979.7
503,545,13,3433,15.431999999999661,12.64,3319.28,,,,0,2983.7
504,546,21,5341,25.340000000001993,12.58,3305.52,,,,0,2990.1
505,547,0,301,-0.6999999999999997,11.88,3137.84,,,,0,2990.4
506,548,15,3922,17.92100000000026,12.14,3200.24,,,,0,2994.9
507,549,14,3681,16.679999999999964,12.36,3253.5,,,,0,2999.2
508,550,18,4589,21.588000000001074,12.3,3242.78,,,,0,3004.8
509,551,18,4636,21.63500000000113,12.36,3257.92,,,,0,3010.3
510,552,1,514,0.5129999999999795,12.1,3195.6,,,,0,3010.9
511,553,8,2205,9.203999999999937,12.16,3209.98,,,,0,3013.5
512,554,5,1522,5.5210000000000985,11.52,3057.0,,,,0,3015.4
513,555,6,1758,6.757000000000177,11.6,3076.14,,,,0,3017.6
514,556,3,1022,3.0209999999999324,11.26,2994.16,,,,0,3019.0
515,557,16,4120,19.1190000000005,11.44,3037.46,,,,0,3024.0
516,558,1,553,0.5519999999999752,11.2,2980.64,,,,0,3024.6
517,559,9,2461,10.459999999999795,11.38,3023.56,,,,0,3027.5
518,560,4,1256,4.25500000000001,10.92,2913.48,,,,0,3029.0
519,561,41,10000,50.99899999999463,11.6,3074.5,,,,0,3040.5
520,562,4,1232,4.231000000000002,11.64,3083.76,,,,0,3041.9
521,563,0,269,-0.7319999999999998,11.34,3010.8,,,,0,3042.2
522,564,5,1521,5.520000000000098,11.4,3025.84,,,,0,3044.0
523,565,0,286,-0.7149999999999999,11.38,3020.5,,,,0,3044.3
524,566,2,765,1.7639999999999518,11.04,2939.12,,,,0,3045.2
525,567,35,8706,42.704999999997646,10.92,2913.24,,,,0,3055.2
526,568,8,2207,9.205999999999936,10.94,2918.4,,,,0,3057.7
527,569,1,549,0.5479999999999756,10.82,2889.96,,,,0,3058.3
528,570,21,5320,25.319000000001967,11.0,2932.44,,,,0,3064.3
529,571,41,10000,50.99899999999463,11.68,3092.88,,,,0,3075.6
530,572,6,1719,6.718000000000164,11.32,3006.48,,,,0,3077.7
531,573,4,1234,4.233000000000002,11.16,2967.54,,,,0,3079.1
532,574,2,769,1.7679999999999514,10.96,2919.24,,,,0,3080.0
533,575,22,5571,26.570000000002274,11.16,2966.7,,,,0,3086.5
534,576,3,1035,3.0339999999999367,11.18,2972.42,,,,0,3087.7
535,577,19,4873,22.87200000000142,11.26,2991.52,,,,0,3093.4
536,578,37,9157,45.155999999996595,11.82,3125.44,,,,0,3104.2
537,579,15,3869,17.868000000000194,11.7,3095.98,,,,0,3108.7
538,580,5,1485,5.484000000000086,11.56,3062.08,,,,0,3110.3
539,581,10,2678,11.676999999999675,11.68,3090.62,,,,0,3113.7
540,582,12,3159,14.157999999999408,11.8,3119.04,,,,0,3118.0
541,583,16,4113,19.112000000000492,11.88,3137.7,,,,0,3123.4
542,584,12,3162,14.160999999999406,11.96,3156.78,,,,0,3127.1
543,585,13,3389,15.387999999999607,12.1,3190.16,,,,0,3131.1
544,586,4,1235,4.234000000000003,11.94,3151.32,,,,0,3132.5
545,587,10,2676,11.674999999999676,11.86,3131.88,,,,0,3135.6
546,588,18,4618,21.61700000000111,11.94,3151.28,,,,0,3141.0
547,589,6,1755,6.754000000000176,12.0,3166.6,,,,0,3143.0
548,590,12,3159,14.157999999999408,11.8,3118.8,,,,0,3146.7
549,591,2,765,1.7639999999999518,11.44,3032.4,,,,0,3147.6
550,592,7,1957,7.956000000000074,11.54,3056.24,,,,0,3149.9
551,593,9,2245,10.243999999999915,11.26,2985.36,,,,0,3152.6
552,594,4,1229,4.228000000000001,11.16,2960.42,,,,0,3154.0
553,595,11,2909,12.907999999999547,11.12,2949.94,,,,0,3157.4
554,596,3,1038,3.0369999999999377,10.76,2863.88,,,,0,3158.6
555,597,8,2241,9.239999999999917,10.92,2902.68,,,,0,3161.3
556,598,5,1472,5.471000000000082,10.72,2853.68,,,,0,3163.3
557,599,0,269,-0.7319999999999998,10.44,2785.44,,,,0,3163.6
558,600,13,3394,15.392999999999613,10.34,2761.54,,,,0,3167.8
559,601,14,3645,16.64399999999992,10.26,2741.72,,,,0,3172.0
560,602,14,3629,16.6279999999999,10.52,2804.02,,,,0,3176.5
561,603,0,269,-0.7319999999999998,10.36,2765.3,,,,0,3176.8
562,604,27,6565,32.564000000002636,10.8,2866.16,,,,0,3185.1
563,605,38,9427,46.425999999995966,11.44,3019.54,,,,0,3196.4
564,606,8,2241,9.239999999999917,11.54,3043.92,,,,0,3199.0
565,607,3,1002,3.0009999999999257,11.28,2981.56,,,,0,3200.2
566,608,15,3920,17.919000000000256,11.56,3048.9,,,,0,3204.8
567,609,1,552,0.5509999999999753,11.4,3010.72,,,,0,3205.4
568,610,16,4131,19.130000000000514,11.64,3068.22,,,,0,3210.3
569,611,21,5125,25.12400000000173,11.24,2970.72,,,,0,3216.2
570,612,0,269,-0.7319999999999998,11.16,2951.46,,,,0,3216.5
571,613,9,2482,10.480999999999783,11.34,2995.72,,,,0,3219.4
572,614,12,3159,14.157999999999408,11.48,3028.48,,,,0,3223.2
573,615,12,3165,14.163999999999405,11.72,3086.06,,,,0,3227.3
574,616,5,1524,5.523000000000099,11.78,3101.24,,,,0,3229.2
575,617,40,9894,48.89299999999488,11.88,3125.0,,,,0,3241.1
576,618,41,10000,50.99899999999463,12.54,3280.86,,,,0,3252.6
577,619,13,3397,15.395999999999617,12.78,3337.82,,,,0,3256.5
578,620,8,2212,9.210999999999933,12.52,3275.66,,,,0,3259.1
579,621,17,4351,20.350000000000783,12.04,3162.68,,,,0,3264.0
580,622,5,1489,5.4880000000000875,12.02,3158.08,,,,0,3265.6
581,623,0,269,-0.7319999999999998,11.94,3138.78,,,,0,3266.0
582,624,13,3389,15.387999999999607,12.16,3191.18,,,,0,3269.8
583,625,5,1474,5.4730000000000825,11.82,3109.24,,,,0,3271.4
584,626,7,1961,7.960000000000072,11.9,3127.76,,,,0,3273.7
585,627,0,269,-0.7319999999999998,11.52,3035.68,,,,0,3274.0
586,628,18,4600,21.599000000001087,11.14,2944.54,,,,0,3279.3
587,629,17,4384,20.383000000000823,11.18,2954.84,,,,0,3284.5
588,630,2,750,1.7489999999999535,11.12,2940.14,,,,0,3285.4
589,631,1,557,0.5559999999999747,10.94,2897.72,,,,0,3286.1
590,632,9,2476,10.474999999999786,10.88,2884.06,,,,0,3289.0
591,633,2,801,1.7999999999999479,10.6,2817.82,,,,0,3289.9
592,634,2,766,1.7649999999999517,10.4,2769.9,,,,0,3290.8
593,635,41,10000,50.99899999999463,10.96,2902.12,,,,0,3302.2
594,636,10,2669,11.66799999999968,11.08,2930.8,,,,0,3305.3
595,637,8,2244,9.242999999999915,11.04,2922.16,,,,0,3307.9
596,638,22,5571,26.570000000002274,11.12,2941.22,,,,0,3314.3
597,639,4,1233,4.232000000000002,11.08,2930.78,,,,0,3315.8
598,640,3,989,2.987999999999927,10.9,2887.38,,,,0,3316.9
599,641,11,2909,12.907999999999547,11.08,2930.26,,,,0,3320.2
600,642,4,1236,4.235000000000003,11.02,2915.84,,,,0,3321.5
601,643,26,6509,31.508000000002767,11.36,3001.12,,,,0,3328.9
602,644,8,2206,9.204999999999936,11.44,3020.66,,,,0,3331.5
603,645,1,550,0.5489999999999755,11.24,2973.48,,,,0,3332.1
604,646,41,10000,50.99899999999463,12.0,3152.72,,,,0,3343.6
605,647,21,5341,25.340000000001993,12.26,3214.72,,,,0,3349.6
606,648,10,2713,11.711999999999655,12.36,3239.54,,,,0,3352.6
607,649,10,2674,11.672999999999677,12.56,3287.64,,,,0,3355.6
608,650,4,1233,4.232000000000002,12.38,3244.42,,,,0,3356.9
609,651,3,989,2.987999999999927,12.16,3191.3,,,,0,3358.0
610,652,8,2242,9.240999999999916,12.04,3163.56,,,,0,3360.6
611,653,35,8491,42.48999999999815,12.74,3328.0,,,,0,3370.1
612,654,6,1755,6.754000000000176,12.32,3231.8,,,,0,3372.1
613,655,6,1741,6.740000000000172,11.68,3078.08,,,,0,3374.1
614,656,25,6269,30.268000000003127,12.02,3158.64,,,,0,3381.2
615,657,9,2429,10.427999999999813,12.14,3187.18,,,,0,3384.1
616,658,7,1975,7.974000000000064,11.98,3148.28,,,,0,3386.3
617,659,16,4135,19.13400000000052,12.28,3219.94,,,,0,3391.1
618,660,0,322,-0.6789999999999998,11.96,3143.76,,,,0,3391.5
619,661,4,1253,4.252000000000009,11.62,3066.32,,,,0,3392.9
620,662,16,4114,19.113000000000493,11.94,3143.22,,,,0,3397.6
621,663,1,513,0.5119999999999796,11.78,3103.84,,,,0,3398.2
622,664,3,1000,2.998999999999926,11.6,3060.66,,,,0,3399.4
623,665,21,5345,25.344000000001998,11.78,3104.26,,,,0,3406.1
624,666,15,3880,17.879000000000207,11.98,3151.38,,,,0,3411.0
625,667,2,752,1.7509999999999533,11.22,2968.54,,,,0,3412.0
626,668,11,2909,12.907999999999547,10.62,2826.72,,,,0,3415.7
627,669,1,517,0.5159999999999791,10.38,2769.12,,,,0,3416.3
628,670,0,269,-0.7319999999999998,10.22,2730.26,,,,0,3416.6
629,671,6,1709,6.708000000000161,10.0,2677.42,,,,0,3418.7
630,672,12,3195,14.193999999999388,10.14,2711.54,,,,0,3422.8
631,673,10,2710,11.708999999999657,10.34,2760.36,,,,0,3426.1
632,674,3,999,2.997999999999926,10.14,2712.56,,,,0,3427.4
633,675,0,269,-0.7319999999999998,10.04,2688.46,,,,0,3427.7
634,676,27,6795,32.7940000000021,10.44,2785.14,,,,0,3435.7
635,677,4,1235,4.234000000000003,10.52,2804.46,,,,0,3437.2
636,678,6,1709,6.708000000000161,10.28,2746.64,,,,0,3439.1
637,679,8,2224,9.222999999999926,10.1,2703.44,,,,0,3441.7
638,680,10,2713,11.711999999999655,10.26,2742.7,,,,0,3444.8
639,681,5,1471,5.4700000000000815,10.34,2760.98,,,,0,3446.5
640,682,9,2478,10.476999999999785,10.34,2761.02,,,,0,3449.3
641,683,11,2943,12.941999999999528,10.52,2803.86,,,,0,3452.6
642,684,9,2475,10.473999999999787,10.66,2838.04,,,,0,3455.4
643,685,41,10000,50.99899999999463,10.66,2838.04,,,,0,3467.4
644,686,3,989,2.987999999999927,10.52,2804.44,,,,0,3468.6
645,687,18,4408,21.407000000000853,10.72,2847.72,,,,0,3474.0
646,688,25,6273,30.272000000003132,10.78,2861.76,,,,0,3481.8
647,689,9,2475,10.473999999999787,10.88,2886.6,,,,0,3484.9
648,690,6,1759,6.758000000000178,10.94,2902.0,,,,0,3486.9
649,691,13,3394,15.392999999999613,10.98,2911.7,,,,0,3491.0
650,692,1,513,0.5119999999999796,10.92,2897.24,,,,0,3491.6
651,693,1,552,0.5509999999999753,10.42,2778.1,,,,0,3492.2
652,694,6,1739,6.738000000000171,10.38,2768.76,,,,0,3494.3
653,695,7,1957,7.956000000000074,10.5,2796.9,,,,0,3496.5
654,696,3,1004,3.0029999999999264,9.74,2616.98,,,,0,3497.7
655,697,1,513,0.5119999999999796,9.34,2520.42,,,,0,3498.2
656,698,5,1521,5.520000000000098,9.24,2496.58,,,,0,3500.0
657,699,34,8437,41.43599999999827,9.72,2611.84,,,,0,3509.8
658,700,5,1522,5.5210000000000985,9.74,2617.62,,,,0,3511.5
659,701,6,1758,6.757000000000177,9.8,2633.0,,,,0,3513.6
660,702,5,1524,5.523000000000099,9.74,2618.64,,,,0,3515.3
661,703,3,1006,3.004999999999927,9.1,2468.94,,,,0,3516.6
662,704,0,318,-0.6829999999999998,8.98,2440.2,,,,0,3516.9
663,705,18,4408,21.407000000000853,9.22,2493.54,,,,0,3522.2
664,706,15,3897,17.896000000000228,9.02,2446.1,,,,0,3526.8
665,707,10,2698,11.696999999999663,9.04,2451.48,,,,0,3529.9
666,708,8,2011,9.010000000000044,9.06,2452.2,,,,0,3532.2
667,709,3,989,2.987999999999927,8.8,2389.28,,,,0,3533.3
668,710,5,1521,5.520000000000098,8.9,2413.26,,,,0,3535.0
669,711,11,2909,12.907999999999547,9.04,2446.38,,,,0,3538.3
670,712,6,1709,6.708000000000161,8.84,2398.28,,,,0,3540.2
671,713,7,1954,7.953000000000076,8.96,2427.1,,,,0,3542.5
672,714,9,2476,10.474999999999786,9.08,2456.62,,,,0,3545.5
673,715,15,3915,17.91400000000025,8.96,2428.02,,,,0,3549.8
674,716,15,3685,17.68399999999997,8.96,2424.12,,,,0,3554.1
675,717,2,770,1.7689999999999513,8.96,2424.48,,,,0,3554.9
676,718,7,1949,7.948000000000079,8.88,2405.28,,,,0,3557.2
677,719,9,2442,10.440999999999805,9.04,2443.78,,,,0,3560.0
678,720,41,10000,50.99899999999463,9.86,2638.4,,,,0,3571.4
679,721,6,1722,6.721000000000165,9.86,2638.66,,,,0,3573.4
680,722,41,10000,50.99899999999463,10.44,2774.76,,,,0,3585.6
681,723,2,766,1.7649999999999517,10.28,2735.88,,,,0,3586.6
682,724,15,3869,17.868000000000194,10.52,2793.28,,,,0,3591.3
683,725,2,766,1.7649999999999517,10.56,2803.22,,,,0,3592.2
684,726,2,773,1.771999999999951,10.06,2682.78,,,,0,3593.2
685,727,5,1291,5.290000000000021,10.08,2683.9,,,,0,3594.8
686,728,12,3160,14.158999999999407,10.2,2712.92,,,,0,3598.7
687,729,14,3653,16.65199999999993,10.32,2741.5,,,,0,3603.2
688,730,4,1233,4.232000000000002,10.2,2711.9,,,,0,3604.7
689,731,0,317,-0.6839999999999997,10.1,2688.82,,,,0,3605.1
690,732,1,557,0.5559999999999747,9.94,2650.4,,,,0,3605.7
691,733,21,5309,25.308000000001954,10.14,2697.72,,,,0,3612.0
692,734,6,1738,6.737000000000171,10.08,2682.98,,,,0,3614.1
693,735,40,9869,48.867999999994936,10.06,2680.36,,,,0,3626.1
694,736,15,3897,17.896000000000228,10.3,2738.52,,,,0,3630.8
695,737,1,552,0.5509999999999753,9.96,2661.4,,,,0,3631.5
696,738,5,1485,5.484000000000086,9.56,2565.64,,,,0,3633.3
697,739,11,2946,12.944999999999526,9.6,2575.06,,,,0,3636.9
698,740,24,6077,29.076000000002892,9.96,2661.42,,,,0,3644.4
699,741,0,269,-0.7319999999999998,9.7,2598.92,,,,0,3644.7
700,742,12,3174,14.1729999999994,9.92,2652.14,,,,0,3648.6
701,743,2,751,1.7499999999999534,9.94,2656.12,,,,0,3649.5
702,744,8,2210,9.208999999999934,9.98,2665.54,,,,0,3652.3
703,745,25,6313,30.31200000000318,10.34,2752.66,,,,0,3660.0
704,746,4,1251,4.250000000000008,10.36,2757.6,,,,0,3661.6
705,747,6,1756,6.755000000000177,10.46,2782.46,,,,0,3663.8
706,748,3,1038,3.0369999999999377,10.42,2772.8,,,,0,3665.0
707,749,1,554,0.5529999999999751,9.76,2615.14,,,,0,3665.7
708,750,11,2947,12.945999999999525,9.88,2643.64,,,,0,3669.4
709,751,18,4589,21.588000000001074,10.12,2700.26,,,,0,3675.1
710,752,3,1015,3.01399999999993,10.08,2690.08,,,,0,3676.4
711,753,0,269,-0.7319999999999998,10.02,2675.34,,,,0,3676.7
712,754,16,4109,19.108000000000487,10.34,2751.16,,,,0,3681.8
713,755,12,3164,14.162999999999405,10.22,2726.28,,,,0,3685.7
714,756,4,1274,4.273000000000016,10.0,2673.82,,,,0,3687.3
715,757,10,2669,11.66799999999968,10.0,2673.24,,,,0,3690.6
716,758,14,3629,16.6279999999999,10.12,2705.6,,,,0,3695.0
717,759,5,1489,5.4880000000000875,10.16,2715.6,,,,0,3696.8
718,760,2,750,1.7489999999999535,10.1,2700.18,,,,0,3697.8
719,761,6,1719,6.718000000000164,10.0,2676.38,,,,0,3699.9
720,762,5,1485,5.484000000000086,9.98,2671.9,,,,0,3701.8
721,763,5,1486,5.4850000000000865,9.94,2662.54,,,,0,3703.7
722,764,3,1017,3.0159999999999307,9.82,2633.36,,,,0,3704.9
723,765,8,2189,9.187999999999946,9.68,2598.84,,,,0,3707.7
724,766,10,2681,11.679999999999673,9.58,2578.76,,,,0,3710.8
725,767,1,509,0.50799999999998,9.56,2573.54,,,,0,3711.5
726,768,18,4599,21.598000000001086,9.78,2626.54,,,,0,3716.7
727,769,21,5319,25.318000000001966,10.02,2684.08,,,,0,3722.8
728,770,7,1949,7.948000000000079,9.34,2523.06,,,,0,3725.1
729,771,12,3177,14.175999999999398,9.46,2552.16,,,,0,3728.8
730,772,0,269,-0.7319999999999998,8.64,2357.54,,,,0,3729.1
731,773,14,3629,16.6279999999999,8.88,2414.8,,,,0,3733.3
732,774,22,5553,26.552000000002252,9.02,2448.48,,,,0,3739.9
733,775,6,1709,6.708000000000161,9.1,2467.34,,,,0,3741.8
734,776,1,550,0.5489999999999755,9.08,2462.88,,,,0,3742.5
735,777,10,2674,11.672999999999677,9.18,2490.54,,,,0,3745.6
736,778,17,4402,20.401000000000845,9.28,2515.38,,,,0,3750.8
737,779,1,509,0.50799999999998,9.02,2452.5,,,,0,3751.3
738,780,6,1709,6.708000000000161,9.06,2462.02,,,,0,3753.3
739,781,3,989,2.987999999999927,9.12,2475.46,,,,0,3754.4
740,782,0,297,-0.7039999999999997,9.1,2470.26,,,,0,3754.8
741,783,5,1485,5.484000000000086,8.78,2393.78,,,,0,3756.5
742,784,3,1000,2.998999999999926,8.72,2379.02,,,,0,3757.7
743,785,11,2928,12.926999999999536,8.14,2240.2,,,,0,3761.1
744,786,31,7735,37.73399999999991,8.46,2316.96,,,,0,3770.2
745,787,1,518,0.516999999999979,8.46,2316.28,,,,0,3770.9
746,788,2,770,1.7689999999999513,8.4,2301.98,,,,0,3771.8
747,789,16,4120,19.1190000000005,8.5,2325.46,,,,0,3776.8
748,790,3,1036,3.034999999999937,8.08,2224.64,,,,0,3778.0
749,791,33,8238,40.23699999999874,8.74,2384.02,,,,0,3787.7
750,792,15,3879,17.878000000000206,8.8,2398.12,,,,0,3792.3
751,793,16,4109,19.108000000000487,9.08,2465.28,,,,0,3797.2
752,794,8,2225,9.223999999999926,9.08,2465.58,,,,0,3799.8
753,795,1,549,0.5479999999999756,8.6,2350.3,,,,0,3800.5
754,796,8,2212,9.210999999999933,8.68,2369.52,,,,0,3803.2
755,797,31,7713,37.71199999999996,9.18,2488.66,,,,0,3812.5
756,798,20,5122,24.121000000001725,9.52,2570.34,,,,0,3819.0
757,799,7,1956,7.955000000000075,9.64,2598.38,,,,0,3821.5
758,800,4,1229,4.228000000000001,9.5,2564.02,,,,0,3823.1
759,801,28,6997,33.99600000000163,9.7,2612.18,,,,0,3831.7
760,802,3,1024,3.022999999999933,9.7,2612.36,,,,0,3832.9
761,803,15,3881,17.88000000000021,10.0,2684.6,,,,0,3837.5
762,804,41,10000,50.99899999999463,10.5,2802.42,,,,0,3849.2
763,805,28,6994,33.993000000001636,10.82,2879.02,,,,0,3857.5
764,806,1,552,0.5509999999999753,10.76,2864.58,,,,0,3858.1
765,807,5,1291,5.290000000000021,10.66,2837.02,,,,0,3859.7
766,808,12,3195,14.193999999999388,10.62,2828.34,,,,0,3863.7
767,809,4,1238,4.237000000000004,10.6,2823.32,,,,0,3865.2
768,810,7,1949,7.948000000000079,10.7,2847.3,,,,0,3867.6
769,811,6,1737,6.73600000000017,10.7,2847.66,,,,0,3869.8
770,812,1,531,0.5299999999999776,10.62,2828.58,,,,0,3870.4
771,813,14,3629,16.6279999999999,10.8,2871.44,,,,0,3875.0
772,814,4,1272,4.271000000000015,10.82,2876.54,,,,0,3876.6
773,815,7,1996,7.9950000000000525,10.8,2872.68,,,,0,3879.0
774,816,12,3177,14.175999999999398,10.84,2882.6,,,,0,3883.0
775,817,8,2227,9.225999999999924,10.98,2916.96,,,,0,3885.8
776,818,1,514,0.5129999999999795,10.64,2835.26,,,,0,3886.5
777,819,5,1469,5.468000000000081,10.32,2758.26,,,,0,3888.3
778,820,22,5572,26.571000000002275,10.62,2830.72,,,,0,3895.6
779,821,3,1003,3.001999999999926,10.44,2787.24,,,,0,3896.8
780,822,4,1254,4.253000000000009,10.52,2806.94,,,,0,3898.4
781,823,27,6800,32.79900000000209,10.78,2870.36,,,,0,3906.9
782,824,41,10000,50.99899999999463,11.16,2959.3,,,,0,3919.6
783,825,2,786,1.7849999999999495,11.08,2940.84,,,,0,3920.6
784,826,9,2429,10.427999999999813,11.24,2978.42,,,,0,3923.7
785,827,14,3663,16.661999999999942,11.32,2998.2,,,,0,3928.3
786,828,2,749,1.7479999999999536,11.02,2925.14,,,,0,3929.3
787,829,3,989,2.987999999999927,11.06,2934.74,,,,0,3930.5
788,830,13,3400,15.39899999999962,11.2,2968.56,,,,0,3934.7
789,831,37,9178,45.176999999996546,11.88,3132.34,,,,0,3946.3
790,832,1,517,0.5159999999999791,11.9,3136.74,,,,0,3947.0
791,833,4,1254,4.253000000000009,11.88,3132.12,,,,0,3948.5
792,834,12,3177,14.175999999999398,12.06,3175.66,,,,0,3952.5
793,835,17,4387,20.386000000000827,12.18,3204.84,,,,0,3957.9
794,836,4,1233,4.232000000000002,11.64,3074.8,,,,0,3959.5
795,837,1,509,0.50799999999998,11.64,3074.62,,,,0,3960.2
796,838,8,2189,9.187999999999946,11.76,3103.0,,,,0,3962.9
797,839,8,2205,9.203999999999937,11.6,3064.7,,,,0,3965.6
798,840,5,1521,5.520000000000098,11.64,3074.4,,,,0,3967.6
799,841,12,3159,14.157999999999408,11.22,2972.82,,,,0,3971.6
800,842,36,8937,43.93599999999711,11.64,3073.98,,,,0,3983.1
801,843,15,3879,17.878000000000206,11.62,3069.38,,,,0,3988.1
802,844,27,6749,32.74800000000221,12.0,3159.86,,,,0,3996.6
803,845,3,999,2.997999999999926,12.04,3168.86,,,,0,3997.8
804,846,15,3879,17.878000000000206,12.18,3202.2,,,,0,4002.7
805,847,4,1233,4.232000000000002,11.64,3072.6,,,,0,4004.3
806,848,18,4618,21.61700000000111,11.6,3062.52,,,,0,4010.1
807,849,19,4873,22.87200000000142,11.84,3120.86,,,,0,4016.2
808,850,33,8223,40.22199999999877,12.42,3260.74,,,,0,4026.6
809,851,8,2190,9.188999999999945,12.02,3164.6,,,,0,4029.2
810,852,6,1759,6.758000000000178,12.08,3179.3,,,,0,4031.4
811,853,12,3180,14.178999999999396,12.02,3165.28,,,,0,4035.2
812,854,2,773,1.771999999999951,11.24,2980.74,,,,0,4036.1
813,855,11,2929,12.927999999999535,10.9,2899.44,,,,0,4039.5
814,856,33,8212,40.2109999999988,11.54,3052.64,,,,0,4049.5
815,857,12,3177,14.175999999999398,11.68,3090.36,,,,0,4053.6
816,858,2,769,1.7679999999999514,11.48,3041.84,,,,0,4054.5
817,859,2,771,1.7699999999999512,11.44,3032.5,,,,0,4055.4
818,860,8,2189,9.187999999999946,11.46,3037.3,,,,0,4058.2
819,861,6,1709,6.708000000000161,11.46,3036.74,,,,0,4060.4
820,862,4,1234,4.233000000000002,11.52,3050.8,,,,0,4061.9
821,863,13,3412,15.410999999999635,11.5,3046.46,,,,0,4066.0
822,864,41,10000,50.99899999999463,12.24,3221.02,,,,0,4077.6
823,865,9,2457,10.455999999999797,12.28,3230.24,,,,0,4080.6
824,866,4,1254,4.253000000000009,12.12,3191.78,,,,0,4082.1
825,867,2,768,1.7669999999999515,12.0,3162.6,,,,0,4083.0
826,868,1,535,0.5339999999999772,12.0,3163.02,,,,0,4083.7
827,869,9,2439,10.437999999999807,12.08,3182.42,,,,0,4086.4
828,870,0,269,-0.7319999999999998,11.64,3076.36,,,,0,4086.8
829,871,8,2241,9.239999999999917,11.74,3101.12,,,,0,4089.4
830,872,15,3685,17.68399999999997,11.96,3149.74,,,,0,4093.6
831,873,6,1758,6.757000000000177,11.54,3048.9,,,,0,4095.7
832,874,3,1017,3.0159999999999307,10.78,2869.24,,,,0,4096.8
833,875,3,1017,3.0159999999999307,10.8,2873.86,,,,0,4098.0
834,876,1,549,0.5479999999999756,10.64,2836.26,,,,0,4098.7
835,877,5,1522,5.5210000000000985,10.46,2793.44,,,,0,4100.5
836,878,5,1510,5.5090000000000945,10.52,2808.66,,,,0,4102.1
837,879,3,989,2.987999999999927,10.52,2808.66,,,,0,4103.3
838,880,0,269,-0.7319999999999998,10.26,2746.04,,,,0,4103.7
839,881,6,1723,6.722000000000166,9.64,2596.94,,,,0,4105.8
840,882,5,1489,5.4880000000000875,9.72,2616.38,,,,0,4107.6
841,883,23,5789,27.78800000000254,10.1,2707.08,,,,0,4114.9
842,884,0,283,-0.7179999999999997,9.86,2649.2,,,,0,4115.3
843,885,2,765,1.7639999999999518,9.56,2576.76,,,,0,4116.3
844,886,6,1739,6.738000000000171,9.6,2586.88,,,,0,4118.5
845,887,3,1039,3.037999999999938,9.64,2597.48,,,,0,4119.8
846,888,3,1003,3.001999999999926,9.54,2573.76,,,,0,4121.1
847,889,3,1021,3.019999999999932,9.44,2550.08,,,,0,4122.4
848,890,3,1039,3.037999999999938,9.4,2540.44,,,,0,4123.7
849,891,13,3394,15.392999999999613,9.42,2545.14,,,,0,4127.8
850,892,3,1017,3.0159999999999307,8.76,2386.74,,,,0,4129.1
851,893,41,10000,50.99899999999463,9.28,2509.16,,,,0,4141.9
852,894,14,3649,16.647999999999925,9.02,2447.16,,,,0,4146.5
853,895,41,10000,50.99899999999463,9.78,2627.18,,,,0,4159.0
854,896,18,4600,21.599000000001087,9.84,2641.6,,,,0,4164.8
855,897,3,1039,3.037999999999938,9.82,2637.72,,,,0,4166.1
856,898,1,550,0.5489999999999755,9.48,2556.36,,,,0,4166.8
857,899,1,531,0.5299999999999776,9.12,2469.52,,,,0,4167.5
858,900,12,3202,14.200999999999384,8.7,2369.1,,,,0,4171.4
859,901,7,1949,7.948000000000079,8.68,2364.28,,,,0,4173.8
860,902,7,1960,7.9590000000000725,8.7,2368.3,,,,0,4176.3
861,903,17,4369,20.368000000000805,8.8,2392.08,,,,0,4181.8
862,904,0,322,-0.6789999999999998,8.76,2383.06,,,,0,4182.2
863,905,5,1469,5.468000000000081,8.64,2353.86,,,,0,4184.0
864,906,11,2909,12.907999999999547,8.2,2247.8,,,,0,4187.7
865,907,3,1002,3.0009999999999257,8.02,2204.3,,,,0,4189.0
866,908,0,279,-0.7219999999999998,7.98,2194.5,,,,0,4189.3
867,909,4,1229,4.228000000000001,8.02,2203.66,,,,0,4190.9
868,910,13,3414,15.412999999999638,8.12,2228.16,,,,0,4195.2
869,911,14,3681,16.679999999999964,8.28,2267.6,,,,0,4199.9
870,912,14,3681,16.679999999999964,8.48,2316.54,,,,0,4204.5
871,913,11,2961,12.959999999999518,8.44,2307.52,,,,0,4207.9
872,914,31,7720,37.718999999999944,8.24,2261.92,,,,0,4217.0
873,915,0,269,-0.7319999999999998,8.06,2218.16,,,,0,4217.4
874,916,0,269,-0.7319999999999998,7.98,2198.46,,,,0,4217.7
875,917,5,1521,5.520000000000098,8.04,2213.52,,,,0,4219.6
876,918,7,1976,7.975000000000064,8.16,2242.34,,,,0,4221.9
877,919,3,989,2.987999999999927,8.04,2213.34,,,,0,4223.1
878,920,19,4829,22.828000000001367,8.42,2304.54,,,,0,4228.7
879,921,3,1020,3.0189999999999317,8.32,2280.12,,,,0,4230.0
880,922,8,2241,9.239999999999917,8.18,2251.24,,,,0,4232.8
881,923,8,2241,9.239999999999917,8.22,2260.9,,,,0,4235.6
882,924,2,801,1.7999999999999479,8.2,2256.58,,,,0,4236.7
883,925,7,1960,7.9590000000000725,8.28,2275.44,,,,0,4239.2
884,926,10,2677,11.675999999999675,8.46,2318.0,,,,0,4242.6
885,927,5,1469,5.468000000000081,8.46,2316.94,,,,0,4244.5
886,928,22,5553,26.552000000002252,8.8,2397.8,,,,0,4251.4
887,929,11,2962,12.960999999999517,8.96,2437.26,,,,0,4254.9
888,930,2,765,1.7639999999999518,9.0,2447.18,,,,0,4255.7
889,931,4,1234,4.233000000000002,8.96,2437.4,,,,0,4257.2
890,932,9,2429,10.427999999999813,9.04,2456.2,,,,0,4259.9
891,933,5,1524,5.523000000000099,8.68,2370.9,,,,0,4261.6
892,934,7,1954,7.953000000000076,8.82,2404.32,,,,0,4263.8
893,935,7,1949,7.948000000000079,8.92,2428.0,,,,0,4266.0
894,936,27,6795,32.7940000000021,9.34,2529.12,,,,0,4274.1
895,937,0,315,-0.6859999999999997,9.28,2514.64,,,,0,4274.5
896,938,13,3389,15.387999999999607,9.48,2562.36,,,,0,4278.5
897,939,3,999,2.997999999999926,9.48,2561.92,,,,0,4279.7
898,940,14,3629,16.6279999999999,9.7,2613.72,,,,0,4284.1
899,941,6,1723,6.722000000000166,9.56,2580.3,,,,0,4286.2
900,942,6,1759,6.758000000000178,9.62,2595.14,,,,0,4288.2
901,943,13,3412,15.410999999999635,9.06,2463.38,,,,0,4292.2
902,944,0,319,-0.6819999999999997,8.78,2396.78,,,,0,4292.6
903,945,6,1721,6.720000000000165,8.08,2231.2,,,,0,4294.8
904,946,12,3184,14.182999999999394,7.96,2202.88,,,,0,4298.8
905,947,6,1528,6.5270000000001005,8.02,2212.66,,,,0,4300.7
906,948,5,1504,5.5030000000000925,8.1,2231.74,,,,0,4302.6
907,949,34,8451,41.44999999999824,8.76,2390.14,,,,0,4313.1
908,950,8,2194,9.192999999999943,8.68,2369.98,,,,0,4315.8
909,951,32,7949,38.94799999999941,9.18,2489.98,,,,0,4325.6
910,952,3,1020,3.0189999999999317,9.1,2471.18,,,,0,4326.8
911,953,10,2677,11.675999999999675,8.96,2437.34,,,,0,4330.1
912,954,4,1253,4.252000000000009,9.04,2455.96,,,,0,4331.8
913,955,0,269,-0.7319999999999998,8.94,2431.96,,,,0,4332.1
914,956,2,765,1.7639999999999518,8.76,2389.08,,,,0,4333.0
915,957,3,1036,3.034999999999937,8.76,2389.76,,,,0,4334.3
916,958,29,7266,35.265000000001,9.34,2529.5,,,,0,4343.4
917,959,41,10000,50.99899999999463,10.08,2704.92,,,,0,4355.9
918,960,8,2011,9.010000000000044,9.98,2676.86,,,,0,4358.3
919,961,10,2673,11.671999999999677,9.9,2656.7,,,,0,4361.7
920,962,17,4372,20.37100000000081,9.96,2670.52,,,,0,4367.1
921,963,9,2479,10.477999999999785,9.92,2660.88,,,,0,4370.1
922,964,6,1723,6.722000000000166,9.42,2540.94,,,,0,4372.2
923,965,3,1001,2.999999999999926,9.48,2555.58,,,,0,4373.4
924,966,2,765,1.7639999999999518,9.52,2565.5,,,,0,4374.4
925,967,2,768,1.7669999999999515,9.46,2550.44,,,,0,4375.3
926,968,27,6749,32.74800000000221,9.86,2645.9,,,,0,4383.8
927,969,1,549,0.5479999999999756,9.82,2637.1,,,,0,4384.4
928,970,2,769,1.7679999999999514,9.48,2555.9,,,,0,4385.4
929,971,6,1724,6.723000000000166,9.54,2569.98,,,,0,4387.5
930,972,0,269,-0.7319999999999998,9.38,2530.54,,,,0,4387.9
931,973,4,1270,4.269000000000014,9.3,2511.12,,,,0,4389.4
932,974,14,3682,16.680999999999965,9.54,2568.74,,,,0,4393.7
933,975,0,316,-0.6849999999999998,9.4,2535.86,,,,0,4394.1
934,976,15,3884,17.883000000000212,9.5,2560.0,,,,0,4398.8
935,977,2,749,1.7479999999999536,9.44,2545.6,,,,0,4399.7
936,978,5,1291,5.290000000000021,9.1,2460.36,,,,0,4401.3
937,979,8,2223,9.221999999999927,9.04,2445.58,,,,0,4403.9
938,980,4,1253,4.252000000000009,9.08,2455.34,,,,0,4405.4
939,981,38,9423,46.421999999995975,9.76,2619.12,,,,0,4417.1
940,982,13,3393,15.391999999999612,9.84,2638.4,,,,0,4421.3
941,983,23,5831,27.83000000000259,10.2,2724.54,,,,0,4428.3
942,984,4,1234,4.233000000000002,10.14,2710.14,,,,0,4429.8
943,985,14,3629,16.6279999999999,10.28,2743.74,,,,0,4434.2
944,986,10,2711,11.709999999999656,9.94,2662.06,,,,0,4437.4
945,987,5,1291,5.290000000000021,10.04,2681.58,,,,0,4438.9
946,988,9,2429,10.427999999999813,9.96,2662.38,,,,0,4441.8
947,989,24,6078,29.077000000002894,10.38,2763.96,,,,0,4449.0
948,990,8,2241,9.239999999999917,10.26,2736.2,,,,0,4451.7
949,991,16,4134,19.133000000000518,10.46,2784.42,,,,0,4456.9
950,992,9,2461,10.459999999999795,10.52,2798.46,,,,0,4459.9
951,993,2,768,1.7669999999999515,10.3,2745.58,,,,0,4460.9
952,994,1,552,0.5509999999999753,10.32,2750.24,,,,0,4461.6
953,995,2,802,1.8009999999999478,10.24,2731.86,,,,0,4462.6
954,996,0,269,-0.7319999999999998,10.0,2673.56,,,,0,4462.9
955,997,3,989,2.987999999999927,9.94,2662.78,,,,0,4464.2
956,998,1,538,0.5369999999999768,9.86,2643.46,,,,0,4464.8
957,999,9,2458,10.456999999999796,9.36,2523.6,,,,0,4468.0
958,1000,6,1741,6.740000000000172,9.32,2514.54,,,,0,4470.2
959,1001,4,1252,4.251000000000008,8.76,2380.6,,,,0,4471.7
960,1002,0,318,-0.6829999999999998,8.7,2366.56,,,,0,4472.1
961,1003,0,269,-0.7319999999999998,8.5,2318.4,,,,0,4472.5
962,1004,6,1709,6.708000000000161,8.54,2327.52,,,,0,4474.6
963,1005,0,299,-0.7019999999999997,8.54,2328.12,,,,0,4475.0
964,1006,15,3883,17.88200000000021,8.8,2390.48,,,,0,4479.8
965,1007,9,2478,10.476999999999785,8.92,2419.32,,,,0,4483.1
966,1008,7,1989,7.988000000000056,8.48,2313.78,,,,0,4485.6
967,1009,32,7972,38.97099999999936,8.3,2273.22,,,,0,4494.8
968,1010,8,2205,9.203999999999937,8.3,2277.1,,,,0,4497.4
969,1011,3,1017,3.0159999999999307,8.16,2243.98,,,,0,4498.5
970,1012,41,10000,50.99899999999463,8.64,2356.54,,,,0,4510.1
971,1013,11,2909,12.907999999999547,8.68,2365.14,,,,0,4513.5
972,1014,33,8200,40.198999999998826,9.22,2494.68,,,,0,4523.2
973,1015,39,9646,47.644999999995456,9.94,2667.58,,,,0,4534.3
974,1016,13,3419,15.417999999999644,10.16,2720.66,,,,0,4538.3
975,1017,17,4369,20.368000000000805,10.46,2792.68,,,,0,4543.3
976,1018,12,3149,14.147999999999413,10.16,2720.68,,,,0,4547.0
977,1019,7,1949,7.948000000000079,10.28,2748.68,,,,0,4549.2
978,1020,12,3149,14.147999999999413,10.48,2796.28,,,,0,4552.8
979,1021,4,1255,4.254000000000009,10.44,2786.9,,,,0,4554.3
980,1022,0,298,-0.7029999999999998,10.44,2787.48,,,,0,4554.6
981,1023,41,10000,50.99899999999463,11.18,2962.08,,,,0,4566.1
982,1024,5,1490,5.489000000000088,11.0,2918.24,,,,0,4567.9
983,1025,2,769,1.7679999999999514,11.04,2927.3,,,,0,4568.7
984,1026,3,1021,3.019999999999932,10.8,2870.04,,,,0,4570.0
985,1027,3,1038,3.0369999999999377,10.82,2875.82,,,,0,4571.2
986,1028,41,10000,50.99899999999463,11.54,3050.0,,,,0,4583.1
987,1029,41,10000,50.99899999999463,12.2,3205.54,,,,0,4595.1
988,1030,8,2226,9.224999999999925,12.28,3225.0,,,,0,4597.8
989,1031,9,2478,10.476999999999785,11.7,3086.1,,,,0,4600.7
990,1032,41,10000,50.99899999999463,12.26,3218.24,,,,0,4612.6
991,1033,20,5106,24.105000000001706,12.2,3203.74,,,,0,4618.4
992,1034,7,1957,7.956000000000074,12.26,3218.2,,,,0,4620.7
993,1035,5,1489,5.4880000000000875,12.08,3175.4,,,,0,4622.4
994,1036,3,1002,3.0009999999999257,11.94,3141.22,,,,0,4623.5
995,1037,4,1255,4.254000000000009,11.92,3140.5,,,,0,4625.0
996,1038,3,1042,3.040999999999939,11.8,3112.76,,,,0,4626.2
997,1039,1,509,0.50799999999998,11.34,3001.38,,,,0,4626.7
998,1040,17,4403,20.402000000000847,11.52,3044.62,,,,0,4632.2
999,1041,3,1038,3.0369999999999377,11.26,2982.7,,,,0,4633.5
1000,1042,0,318,-0.6829999999999998,11.08,2939.84,1.8,421.45,0.55,0,4639.7
1001,1043,41,10000,50.99899999999463,11.86,3124.48,,,,0,4651.4
1002,1044,16,4109,19.108000000000487,12.16,3195.62,,,,0,4656.5
1003,1045,41,10000,50.99899999999463,12.94,3379.58,,,,0,4669.0
1004,1046,15,3901,17.900000000000233,13.24,3452.22,,,,0,4674.0
1005,1047,23,5808,27.807000000002564,13.64,3548.6,,,,0,4681.2
1006,1048,1,557,0.5559999999999747,13.64,3548.98,,,,0,4681.9
1007,1049,39,9678,47.67699999999538,14.24,3693.38,,,,0,4693.9
1008,1050,28,7013,34.01200000000159,14.68,3798.82,,,,0,4702.5
1009,1051,1,554,0.5529999999999751,14.62,3784.86,,,,0,4703.2
1010,1052,9,2480,10.478999999999784,14.8,3828.1,,,,0,4706.2
1011,1053,9,2429,10.427999999999813,14.98,3871.3,,,,0,4709.1
1012,1054,11,2910,12.908999999999546,15.08,3895.32,,,,0,4712.7
1013,1055,4,1237,4.236000000000003,15.16,3914.08,,,,0,4714.2
1014,1056,7,1974,7.973000000000065,15.0,3875.9,,,,0,4716.5
1015,1057,33,8189,40.18799999999885,15.48,3990.12,,,,0,4726.1
1016,1058,2,786,1.7849999999999495,15.38,3966.06,,,,0,4727.0
1017,1059,25,6294,30.293000000003158,15.24,3932.5,,,,0,4734.2
1018,1060,11,2928,12.926999999999536,15.3,3946.96,,,,0,4737.6
1019,1061,34,8436,41.434999999998276,15.92,4095.34,,,,0,4747.5
1020,1062,26,6532,31.531000000002713,15.62,4025.98,,,,0,4755.1
1021,1063,26,6550,31.54900000000267,15.92,4098.8,,,,0,4762.8
1022,1064,4,1236,4.235000000000003,15.34,3959.52,,,,0,4764.3
1023,1065,22,5549,26.548000000002247,15.0,3877.58,,,,0,4770.9
1024,1066,6,1762,6.761000000000179,14.86,3844.44,,,,0,4773.0
1025,1067,17,4404,20.403000000000848,14.86,3845.14,,,,0,4778.2
1026,1068,3,806,2.8049999999999473,14.68,3798.28,,,,0,4779.2
1027,1069,2,769,1.7679999999999514,14.58,3774.68,,,,0,4780.1
1028,1070,12,3181,14.179999999999396,14.58,3775.32,,,,0,4784.0
1029,1071,6,1740,6.739000000000171,14.62,3785.02,,,,0,4786.1
1030,1072,24,6061,29.060000000002873,15.1,3900.28,,,,0,4793.4
1031,1073,33,8189,40.18799999999885,14.94,3864.06,,,,0,4802.6
1032,1074,1,534,0.5329999999999773,14.86,3844.94,,,,0,4803.3
1033,1075,7,1979,7.978000000000062,14.96,3869.14,,,,0,4805.6
1034,1076,16,4109,19.108000000000487,15.22,3930.9,,,,0,4810.3
1035,1077,1,556,0.5549999999999748,15.18,3921.26,,,,0,4810.9
1036,1078,2,772,1.770999999999951,14.4,3736.7,,,,0,4811.9
1037,1079,3,989,2.987999999999927,13.64,3556.48,,,,0,4813.1
1038,1080,16,4121,19.120000000000502,13.8,3594.38,,,,0,4818.4
1039,1081,29,7283,35.28200000000096,14.2,3690.48,,,,0,4827.7
1040,1082,11,2911,12.909999999999545,13.6,3548.7,,,,0,4831.3
1041,1083,3,1025,3.0239999999999334,13.26,3467.08,,,,0,4832.6
1042,1084,9,2477,10.475999999999786,13.3,3477.48,,,,0,4835.5
1043,1085,5,1523,5.522000000000099,13.3,3478.16,,,,0,4837.3
1044,1086,1,552,0.5509999999999753,13.26,3469.16,,,,0,4838.1
1045,1087,37,9157,45.155999999996595,13.92,3627.2,,,,0,4848.8
1046,1088,6,1741,6.740000000000172,13.98,3641.18,,,,0,4850.9
1047,1089,29,7284,35.28300000000096,14.54,3776.68,,,,0,4859.3
1048,1090,7,1949,7.948000000000079,14.34,3727.6,,,,0,4861.6
1049,1091,16,4109,19.108000000000487,14.6,3789.02,,,,0,4866.4
1050,1092,5,1489,5.4880000000000875,14.7,3812.44,,,,0,4868.1
1051,1093,4,1253,4.252000000000009,13.96,3637.5,,,,0,4869.5
1052,1094,4,1237,4.236000000000003,13.72,3580.06,,,,0,4871.0
1053,1095,5,1488,5.487000000000087,13.0,3409.82,,,,0,4872.7
1054,1096,9,2460,10.458999999999795,12.88,3381.0,,,,0,4875.5
1055,1097,13,3396,15.394999999999616,12.68,3332.76,,,,0,4879.7
1056,1098,21,5341,25.340000000001993,13.08,3428.44,,,,0,4885.7
1057,1099,28,7036,34.03500000000154,12.86,3375.6,,,,0,4893.7
1058,1100,4,1236,4.235000000000003,12.38,3260.06,,,,0,4895.1
1059,1101,5,1471,5.4700000000000815,12.46,3278.4,,,,0,4896.8
1060,1102,36,8940,43.9389999999971,13.0,3407.6,,,,0,4906.9
1061,1103,6,1741,6.740000000000172,12.94,3393.84,,,,0,4908.8
1062,1104,5,1470,5.469000000000081,12.82,3365.04,,,,0,4910.4
1063,1105,3,1002,3.0009999999999257,12.8,3360.34,,,,0,4911.5
1064,1106,2,768,1.7669999999999515,12.7,3336.22,,,,0,4912.3
1065,1107,32,7968,38.966999999999366,12.68,3331.8,,,,0,4921.4
1066,1108,6,1744,6.743000000000173,12.76,3350.96,,,,0,4923.4
1067,1109,10,2677,11.675999999999675,12.46,3278.62,,,,0,4926.4
1068,1110,3,1038,3.0369999999999377,12.3,3240.82,,,,0,4927.6
1069,1111,2,786,1.7849999999999495,11.66,3087.82,,,,0,4928.5
1070,1112,8,2244,9.242999999999915,11.3,3002.06,,,,0,4931.1
1071,1113,1,549,0.5479999999999756,10.8,2882.04,,,,0,4931.7
1072,1114,0,269,-0.7319999999999998,10.72,2862.7,,,,0,4932.1
1073,1115,4,1253,4.252000000000009,10.36,2776.78,,,,0,4933.5
1074,1116,2,785,1.7839999999999496,10.28,2757.24,,,,0,4934.4
1075,1117,14,3680,16.678999999999963,10.22,2742.76,,,,0,4938.7
1076,1118,41,10000,50.99899999999463,10.98,2926.64,,,,0,4950.4
1077,1119,6,1526,6.5250000000001,11.06,2941.78,,,,0,4952.1
1078,1120,5,1291,5.290000000000021,10.92,2903.98,,,,0,4953.6
1079,1121,14,3629,16.6279999999999,11.08,2941.76,,,,0,4957.8
1080,1122,12,2966,13.964999999999515,10.84,2879.86,,,,0,4961.2
1081,1123,23,5808,27.807000000002564,10.64,2832.24,,,,0,4968.1
1082,1124,4,1236,4.235000000000003,10.7,2846.28,,,,0,4969.6
1083,1125,16,4117,19.116000000000497,10.88,2889.04,,,,0,4974.3
1084,1126,22,5549,26.548000000002247,11.0,2917.84,,,,0,4980.7
1085,1127,9,2478,10.476999999999785,11.16,2956.28,,,,0,4983.6
1086,1128,19,4840,22.83900000000138,11.5,3037.64,,,,0,4989.0
1087,1129,0,283,-0.7179999999999997,11.44,3023.52,,,,0,4989.4
1088,1130,17,4386,20.385000000000826,11.46,3028.82,,,,0,4994.4
1089,1131,14,3629,16.6279999999999,11.16,2955.74,,,,0,4998.6
1090,1132,1,509,0.50799999999998,10.96,2907.7,,,,0,4999.2
1091,1133,10,2712,11.710999999999656,11.1,2941.44,,,,0,5002.3
1092,1134,3,805,2.8039999999999474,10.98,2908.0,,,,0,5003.2
1093,1135,2,791,1.789999999999949,10.92,2893.36,,,,0,5004.2
1094,1136,1,553,0.5519999999999752,10.92,2893.38,,,,0,5004.8
1095,1137,0,269,-0.7319999999999998,10.18,2715.62,,,,0,5005.1
1096,1138,7,1973,7.972000000000065,10.2,2720.26,,,,0,5007.4
1097,1139,3,989,2.987999999999927,9.68,2594.36,,,,0,5008.5
1098,1140,5,1524,5.523000000000099,9.64,2585.86,,,,0,5010.3
1099,1141,0,269,-0.7319999999999998,9.32,2509.06,,,,0,5010.6
1100,1142,5,1522,5.5210000000000985,9.32,2509.72,,,,0,5012.3
1101,1143,6,1759,6.758000000000178,9.36,2519.84,,,,0,5014.2
1102,1144,4,1234,4.233000000000002,9.36,2519.78,,,,0,5015.6
1103,1145,1,549,0.5479999999999756,9.28,2501.0,,,,0,5016.3
1104,1146,12,3159,14.157999999999408,9.34,2514.98,,,,0,5019.9
1105,1147,41,10000,50.99899999999463,9.9,2647.06,,,,0,5031.2
1106,1148,4,1235,4.234000000000003,9.56,2564.94,,,,0,5032.6
1107,1149,10,2693,11.691999999999666,9.2,2478.08,,,,0,5035.7
1108,1150,5,1524,5.523000000000099,9.22,2483.84,,,,0,5037.5
1109,1151,17,4388,20.38700000000083,9.46,2542.18,,,,0,5042.5
1110,1152,6,1741,6.740000000000172,8.86,2398.2,,,,0,5044.5
1111,1153,0,269,-0.7319999999999998,8.74,2368.76,,,,0,5044.8
1112,1154,16,4117,19.116000000000497,8.96,2421.7,,,,0,5049.6
1113,1155,22,5574,26.573000000002278,9.34,2513.14,,,,0,5055.9
1114,1156,12,3198,14.196999999999386,9.54,2561.74,,,,0,5059.6
1115,1157,41,10000,50.99899999999463,9.72,2602.38,,,,0,5071.1
1116,1158,17,4369,20.368000000000805,9.94,2654.88,,,,0,5076.2
1117,1159,12,3149,14.147999999999413,9.98,2664.32,,,,0,5079.8
1118,1160,0,269,-0.7319999999999998,9.92,2648.94,,,,0,5080.1
1119,1161,10,2713,11.711999999999655,10.08,2687.48,,,,0,5083.3
1120,1162,18,4405,21.40400000000085,10.28,2730.7,,,,0,5088.6
1121,1163,21,5125,25.12400000000173,10.68,2822.22,,,,0,5094.6
1122,1164,20,5088,24.087000000001684,11.08,2918.6,,,,0,5100.6
1123,1165,8,2190,9.188999999999945,11.16,2937.34,,,,0,5103.1
1124,1166,33,8238,40.23699999999874,11.78,3086.4,,,,0,5112.9
1125,1167,3,1039,3.037999999999938,11.56,3033.58,,,,0,5114.1
1126,1168,12,3162,14.160999999999406,10.98,2896.82,,,,0,5117.8
1127,1169,33,8202,40.20099999999882,11.52,3030.34,,,,0,5127.5
1128,1170,5,1489,5.4880000000000875,11.52,3034.3,,,,0,5129.2
1129,1171,33,8238,40.23699999999874,11.9,3126.48,,,,0,5138.8
1130,1172,23,5611,27.610000000002323,12.12,3179.38,,,,0,5145.4
1131,1173,9,2249,10.247999999999912,11.84,3108.2,,,,0,5148.0
1132,1174,0,283,-0.7179999999999997,11.76,3089.14,,,,0,5148.3
1133,1175,19,4856,22.8550000000014,11.82,3103.92,,,,0,5154.0
1134,1176,10,2698,11.696999999999663,11.58,3046.9,,,,0,5157.1
1135,1177,14,3666,16.664999999999946,11.68,3070.66,,,,0,5161.4
1136,1178,10,2694,11.692999999999666,11.5,3027.74,,,,0,5164.6
1137,1179,19,4872,22.87100000000142,11.88,3119.52,,,,0,5170.3
1138,1180,28,7031,34.03000000000155,12.1,3172.42,,,,0,5178.4
1139,1181,11,2927,12.925999999999537,12.04,3158.38,,,,0,5181.8
1140,1182,1,534,0.5329999999999773,12.04,3158.88,,,,0,5182.5
1141,1183,9,2464,10.462999999999793,12.02,3153.92,,,,0,5185.4
1142,1184,28,6996,33.99500000000163,12.52,3277.74,,,,0,5193.6
1143,1185,14,3684,16.682999999999968,12.76,3335.6,,,,0,5197.8
1144,1186,19,4854,22.853000000001398,13.12,3421.62,,,,0,5203.6
1145,1187,8,2191,9.189999999999944,13.28,3460.06,,,,0,5206.2
1146,1188,5,1291,5.290000000000021,13.24,3446.42,,,,0,5207.7
1147,1189,19,4876,22.875000000001425,13.56,3524.16,,,,0,5213.5
1148,1190,8,2208,9.206999999999935,13.62,3537.84,,,,0,5216.1
1149,1191,6,1525,6.5240000000000995,13.74,3562.96,,,,0,5217.9
1150,1192,28,7034,34.03300000000154,14.2,3673.2,,,,0,5226.2
1151,1193,6,1525,6.5240000000000995,14.2,3668.52,,,,0,5228.0
1152,1194,5,1471,5.4700000000000815,14.22,3673.26,,,,0,5229.7
1153,1195,18,4589,21.588000000001074,14.56,3754.06,,,,0,5235.0
1154,1196,36,8909,43.90799999999717,15.04,3869.06,,,,0,5245.2
1155,1197,9,2429,10.427999999999813,14.4,3717.64,,,,0,5248.0
1156,1198,18,4620,21.61900000000111,14.68,3785.34,,,,0,5253.2
1157,1199,10,2678,11.676999999999675,14.68,3785.04,,,,0,5256.3
1158,1200,3,989,2.987999999999927,14.64,3774.34,,,,0,5257.5
1159,1201,17,4350,20.349000000000782,14.64,3773.58,,,,0,5262.6
1160,1202,27,6799,32.79800000000209,15.06,3874.74,,,,0,5270.7
1161,1203,10,2676,11.674999999999676,15.26,3922.88,,,,0,5273.7
1162,1204,1,553,0.5519999999999752,14.96,3851.6,,,,0,5274.3
1163,1205,6,1742,6.741000000000172,14.64,3774.96,,,,0,5276.3
1164,1206,0,269,-0.7319999999999998,14.4,3716.38,,,,0,5276.6
1165,1207,4,1236,4.235000000000003,13.66,3541.1,,,,0,5278.0
1166,1208,0,282,-0.7189999999999999,13.32,3459.36,,,,0,5278.3
1167,1209,25,6276,30.275000000003136,13.58,3521.9,,,,0,5285.7
1168,1210,4,1254,4.253000000000009,13.66,3541.6,,,,0,5287.1
1169,1211,15,3685,17.68399999999997,13.76,3561.04,,,,0,5291.4
1170,1212,21,5362,25.36100000000202,13.82,3580.18,,,,0,5297.7
1171,1213,6,1740,6.739000000000171,13.52,3512.48,,,,0,5299.8
1172,1214,10,2694,11.692999999999666,13.32,3464.6,,,,0,5302.9
1173,1215,5,1524,5.523000000000099,13.26,3451.28,,,,0,5304.7
1174,1216,13,3415,15.413999999999639,12.86,3354.82,,,,0,5308.7
1175,1217,13,3397,15.395999999999617,13.06,3401.98,,,,0,5312.6
1176,1218,9,2442,10.440999999999805,13.0,3387.58,,,,0,5315.3
1177,1219,19,4871,22.87000000000142,12.72,3320.96,,,,0,5320.9
1178,1220,3,989,2.987999999999927,12.68,3310.96,,,,0,5322.0
1179,1221,4,1236,4.235000000000003,12.1,3170.92,,,,0,5323.4
1180,1222,41,10000,50.99899999999463,12.46,3258.7,,,,0,5334.8
1181,1223,8,2209,9.207999999999934,12.44,3257.9,,,,0,5337.3
1182,1224,27,6799,32.79800000000209,12.98,3388.22,,,,0,5345.2
1183,1225,26,6528,31.527000000002722,13.12,3421.66,,,,0,5353.0
1184,1226,41,10000,50.99899999999463,13.74,3567.7,,,,0,5364.7
1185,1227,15,3905,17.904000000000238,13.76,3572.48,,,,0,5369.2
1186,1228,18,4642,21.64100000000114,13.92,3611.44,,,,0,5374.5
1187,1229,41,10000,50.99899999999463,14.36,3714.0,,,,0,5386.3
1188,1230,12,3184,14.182999999999394,14.04,3637.06,,,,0,5390.2
1189,1231,41,10000,50.99899999999463,14.64,3778.52,,,,0,5402.0
1190,1232,27,6568,32.56700000000263,15.16,3899.2,,,,0,5409.8
1191,1233,36,8725,43.7239999999976,15.7,4024.42,,,,0,5420.4
1192,1234,6,1529,6.528000000000101,15.26,3915.08,,,,0,5422.3
1193,1235,0,269,-0.7319999999999998,14.98,3846.78,,,,0,5422.7
1194,1236,30,7469,36.46800000000053,15.2,3899.08,,,,0,5431.7
1195,1237,41,10000,50.99899999999463,15.86,4055.26,,,,0,5443.4
1196,1238,1,556,0.5549999999999748,15.78,4040.56,,,,0,5444.1
1197,1239,17,4355,20.354000000000788,15.74,4030.14,,,,0,5449.3
1198,1240,16,4139,19.138000000000524,15.9,4068.76,,,,0,5454.1
1199,1241,41,10000,50.99899999999463,16.6,4238.26,,,,0,5465.9
1200,1242,18,4606,21.605000000001095,16.4,4189.7,,,,0,5471.3
1201,1243,3,1024,3.022999999999933,16.34,4179.68,,,,0,5472.6
1202,1244,10,2676,11.674999999999676,16.44,4203.78,,,,0,5475.8
1203,1245,36,8921,43.919999999997145,16.8,4290.42,,,,0,5487.5
1204,1246,12,3202,14.200999999999384,16.32,4176.28,,,,0,5491.3
1205,1247,41,10000,50.99899999999463,16.96,4327.7,,,,0,5503.0
1206,1248,41,10000,50.99899999999463,17.42,4435.3,,,,0,5514.9
1207,1249,41,10000,50.99899999999463,18.04,4581.74,,,,0,5526.6
1208,1250,3,809,2.807999999999947,18.04,4578.14,,,,0,5527.5
1209,1251,41,10000,50.99899999999463,18.52,4691.14,,,,0,5539.2
1210,1252,37,9178,45.176999999996546,18.72,4738.72,,,,0,5549.8
1211,1253,25,6317,30.316000000003186,19.02,4811.54,,,,0,5557.3
1212,1254,41,10000,50.99899999999463,19.82,5000.48,,,,0,5568.9
1213,1255,20,5111,24.110000000001712,20.1,5067.86,,,,0,5575.0
1214,1256,22,5549,26.548000000002247,20.54,5173.46,,,,0,5581.4
1215,1257,41,10000,50.99899999999463,21.28,5348.74,,,,0,5593.4
1216,1258,41,10000,50.99899999999463,22.1,5543.1,,,,0,5604.9
1217,1259,5,1511,5.510000000000095,21.7,5447.8,,,,0,5606.7
1218,1260,33,8206,40.20499999999881,22.28,5586.84,,,,0,5616.2
1219,1261,41,10000,50.99899999999463,22.8,5713.14,,,,0,5628.1
1220,1262,41,10000,50.99899999999463,23.2,5805.9,,,,0,5639.7
1221,1263,5,1492,5.4910000000000885,23.18,5800.94,,,,0,5641.5
1222,1264,41,10000,50.99899999999463,23.8,5947.06,,,,0,5653.0
1223,1265,41,10000,50.99899999999463,24.52,6116.58,,,,0,5664.8
1224,1266,41,10000,50.99899999999463,25.08,6248.28,,,,0,5676.8
1225,1267,41,10000,50.99899999999463,25.64,6380.34,,,,0,5688.3
1226,1268,41,10000,50.99899999999463,26.28,6531.5,,,,0,5700.0
1227,1269,41,10000,50.99899999999463,26.72,6634.08,,,,0,5711.5
1228,1270,41,10000,50.99899999999463,27.48,6814.3,,,,0,5723.2
1229,1271,41,10000,50.99899999999463,28.22,6989.58,,,,0,5734.7
1230,1272,26,6551,31.55000000000267,27.92,6920.6,,,,0,5742.4
1231,1273,41,10000,50.99899999999463,28.58,7076.42,,,,0,5754.0
1232,1274,41,10000,50.99899999999463,28.86,7140.44,,,,0,5765.8
1233,1275,41,10000,50.99899999999463,29.16,7209.88,,,,0,5777.5
1234,1276,41,10000,50.99899999999463,29.16,7209.88,,,,0,5789.3
1235,1277,41,10000,50.99899999999463,29.68,7331.78,,,,0,5800.8
1236,1278,41,10000,50.99899999999463,30.14,7438.94,,,,0,5812.8
1237,1279,41,10000,50.99899999999463,30.14,7438.94,,,,0,5824.4
1238,1280,41,10000,50.99899999999463,30.72,7575.26,,,,0,5836.2
1239,1281,41,10000,50.99899999999463,30.72,7575.26,,,,0,5848.0
1240,1282,41,10000,50.99899999999463,31.0,7643.9,,,,0,5859.6
1241,1283,41,10000,50.99899999999463,31.1,7669.4,,,,0,5871.0
1242,1284,41,10000,50.99899999999463,31.8,7838.82,,,,0,5882.5
1243,1285,41,10000,50.99899999999463,32.62,8033.44,,,,0,5894.0
1244,1286,41,10000,50.99899999999463,32.84,8084.06,,,,0,5905.6
1245,1287,41,10000,50.99899999999463,32.84,8084.06,,,,0,5917.3
1246,1288,27,6761,32.76000000000218,33.36,8208.16,,,,0,5925.2
1247,1289,41,10000,50.99899999999463,33.84,8321.06,,,,0,5936.7
1248,1290,37,9197,45.1959999999965,34.26,8422.22,,,,0,5947.4
1249,1291,41,10000,50.99899999999463,34.26,8422.22,,,,0,5959.5
1250,1292,41,10000,50.99899999999463,34.72,8530.1,,,,0,5972.0
1251,1293,41,10000,50.99899999999463,35.48,8709.62,,,,0,5983.8
1252,1294,41,10000,50.99899999999463,36.1,8856.1,,,,0,5995.9
1253,1295,36,8728,43.726999999997595,36.1,8852.24,,,,0,6006.3
1254,1296,41,10000,50.99899999999463,36.68,8988.2,,,,0,6017.9
1255,1297,41,10000,50.99899999999463,36.68,8988.2,,,,0,6030.2
1256,1298,41,10000,50.99899999999463,36.68,8988.2,,,,0,6042.0
1257,1299,41,10000,50.99899999999463,36.68,8988.2,,,,0,6053.5
1258,1300,41,10000,50.99899999999463,37.44,9172.02,,,,0,6065.3
1259,1301,41,10000,50.99899999999463,37.44,9172.02,,,,0,6077.2
1260,1302,41,10000,50.99899999999463,37.52,9188.46,,,,0,6089.5
1261,1303,21,5362,25.36100000000202,37.44,9169.36,,,,0,6096.2
1262,1304,24,6082,29.0810000000029,37.1,9091.0,,,,0,6103.1
1263,1305,41,10000,50.99899999999463,37.52,9188.78,,,,0,6114.7
1264,1306,41,10000,50.99899999999463,37.9,9277.8,,,,0,6126.1
1265,1307,41,10000,50.99899999999463,37.9,9277.8,,,,0,6137.8
1266,1308,41,10000,50.99899999999463,37.9,9277.8,,,,0,6149.3
1267,1309,41,10000,50.99899999999463,38.62,9447.58,,,,0,6161.5
1268,1310,41,10000,50.99899999999463,38.78,9483.46,,,,0,6173.2
1269,1311,41,10000,50.99899999999463,38.78,9483.46,,,,0,6185.0
1270,1312,8,2194,9.192999999999943,38.12,9327.34,,,,0,6187.6
1271,1313,2,754,1.752999999999953,38.06,9312.58,,,,0,6188.5
1272,1314,41,10000,50.99899999999463,38.06,9312.58,,,,0,6200.0
1273,1315,41,10000,50.99899999999463,38.06,9312.58,,,,0,6211.6
1274,1316,41,10000,50.99899999999463,38.06,9312.58,,,,0,6223.3
1275,1317,41,10000,50.99899999999463,38.06,9312.58,,,,0,6235.0
1276,1318,22,5578,26.577000000002283,37.68,9224.14,,,,0,6241.7
1277,1319,41,10000,50.99899999999463,37.68,9224.14,,,,0,6253.5
1278,1320,41,10000,50.99899999999463,37.68,9224.14,,,,0,6265.1
1279,1321,41,10000,50.99899999999463,37.68,9224.14,,,,0,6276.5
1280,1322,41,10000,50.99899999999463,37.98,9293.12,,,,0,6288.3
1281,1323,27,6749,32.74800000000221,37.7,9228.1,,,,0,6296.5
1282,1324,41,10000,50.99899999999463,37.7,9228.1,,,,0,6307.9
1283,1325,41,10000,50.99899999999463,37.7,9228.1,,,,0,6319.6
1284,1326,19,4877,22.876000000001426,37.26,9125.64,,,,0,6325.3
1285,1327,41,10000,50.99899999999463,37.26,9125.64,,,,0,6337.0
1286,1328,41,10000,50.99899999999463,37.26,9125.64,,,,0,6348.8
1287,1329,18,4589,21.588000000001074,36.8,9017.42,,,,0,6354.2
1288,1330,41,10000,50.99899999999463,36.8,9017.42,,,,0,6365.7
1289,1331,41,10000,50.99899999999463,36.8,9017.42,,,,0,6377.2
1290,1332,41,10000,50.99899999999463,36.8,9017.42,,,,0,6389.0
1291,1333,41,10000,50.99899999999463,36.8,9017.42,,,,0,6400.6
1292,1334,41,10000,50.99899999999463,36.8,9017.42,,,,0,6412.3
1293,1335,41,10000,50.99899999999463,36.8,9017.42,,,,0,6424.0
1294,1336,41,10000,50.99899999999463,36.8,9017.42,,,,0,6435.7
1295,1337,17,4372,20.37100000000081,36.32,8904.86,,,,0,6440.8
1296,1338,41,10000,50.99899999999463,36.6,8969.64,,,,0,6452.4
1297,1339,41,10000,50.99899999999463,36.6,8969.64,,,,0,6463.9
1298,1340,41,10000,50.99899999999463,36.68,8985.7,,,,0,6475.2
1299,1341,41,10000,50.99899999999463,36.68,8985.7,,,,0,6486.8
1300,1342,41,10000,50.99899999999463,36.68,8985.7,,,,0,6498.3
1301,1343,41,10000,50.99899999999463,36.68,8985.7,,,,0,6510.3
1302,1344,29,7250,35.24900000000104,36.44,8930.7,,,,0,6519.4
1303,1345,41,10000,50.99899999999463,36.54,8956.14,,,,0,6531.3
1304,1346,41,10000,50.99899999999463,36.54,8956.14,,,,0,6542.9
1305,1347,41,10000,50.99899999999463,36.54,8956.14,,,,0,6554.7
1306,1348,41,10000,50.99899999999463,36.54,8956.14,,,,0,6566.3
1307,1349,41,10000,50.99899999999463,36.54,8956.14,,,,0,6578.0
1308,1350,12,3149,14.147999999999413,35.96,8819.12,,,,0,6581.6
1309,1351,41,10000,50.99899999999463,35.96,8819.12,,,,0,6593.1
1310,1352,41,10000,50.99899999999463,35.96,8819.12,,,,0,6604.7
1311,1353,41,10000,50.99899999999463,36.36,8911.88,,,,0,6616.0
1312,1354,41,10000,50.99899999999463,36.7,8990.24,,,,0,6627.9
1313,1355,41,10000,50.99899999999463,36.7,8990.24,,,,0,6639.3
1314,1356,41,10000,50.99899999999463,36.7,8990.24,,,,0,6650.7
1315,1357,41,10000,50.99899999999463,36.7,8990.24,,,,0,6662.2
1316,1358,41,10000,50.99899999999463,36.7,8990.24,,,,0,6673.9
1317,1359,41,10000,50.99899999999463,36.7,8990.24,,,,0,6685.4
1318,1360,41,10000,50.99899999999463,36.7,8990.24,,,,0,6697.1
1319,1361,41,10000,50.99899999999463,36.7,8990.24,,,,0,6708.9
1320,1362,41,10000,50.99899999999463,37.36,9146.36,,,,0,6720.4
1321,1363,41,10000,50.99899999999463,38.14,9331.28,,,,0,6731.9
1322,1364,41,10000,50.99899999999463,38.14,9331.28,,,,0,6743.3
1323,1365,41,10000,50.99899999999463,38.14,9331.28,,,,0,6754.6
1324,1366,41,10000,50.99899999999463,38.14,9331.28,,,,0,6766.5
1325,1367,41,10000,50.99899999999463,38.14,9331.28,,,,0,6778.3
1326,1368,41,10000,50.99899999999463,38.52,9419.72,,,,0,6789.9
1327,1369,41,10000,50.99899999999463,38.52,9419.72,,,,0,6801.3
1328,1370,41,10000,50.99899999999463,38.52,9419.72,,,,0,6812.9
1329,1371,25,6317,30.316000000003186,38.2,9346.06,,,,0,6820.2
1330,1372,41,10000,50.99899999999463,38.2,9346.06,,,,0,6831.8
1331,1373,25,6280,30.27900000000314,38.16,9336.68,,,,0,6839.1
1332,1374,41,10000,50.99899999999463,38.16,9336.68,,,,0,6850.8
1333,1375,41,10000,50.99899999999463,38.16,9336.68,,,,0,6862.9
1334,1376,41,10000,50.99899999999463,38.6,9439.14,,,,0,6874.7
1335,1377,41,10000,50.99899999999463,38.6,9439.14,,,,0,6886.5
1336,1378,41,10000,50.99899999999463,38.6,9439.14,,,,0,6899.1
1337,1379,21,5362,25.36100000000202,38.66,9454.6,,,,0,6905.5
1338,1380,41,10000,50.99899999999463,38.66,9454.6,,,,0,6917.2
1339,1381,41,10000,50.99899999999463,38.66,9454.6,,,,0,6928.9
1340,1382,41,10000,50.99899999999463,38.66,9454.6,,,,0,6940.6
1341,1383,41,10000,50.99899999999463,38.66,9454.6,,,,0,6952.1
1342,1384,41,10000,50.99899999999463,38.66,9454.6,,,,0,6963.9
1343,1385,41,10000,50.99899999999463,38.66,9454.6,,,,0,6975.6
1344,1386,41,10000,50.99899999999463,38.66,9454.6,,,,0,6987.4
1345,1387,41,10000,50.99899999999463,39.14,9567.16,,,,0,6998.8
1346,1388,41,10000,50.99899999999463,39.14,9567.16,,,,0,7010.3
1347,1389,41,10000,50.99899999999463,39.14,9567.16,,,,0,7021.9
1348,1390,18,4408,21.407000000000853,38.68,9455.32,,,,0,7026.8
1349,1391,41,10000,50.99899999999463,38.68,9455.32,,,,0,7038.5
1350,1392,41,10000,50.99899999999463,38.68,9455.32,,,,0,7050.3
1351,1393,9,2248,10.246999999999913,38.04,9300.28,,,,0,7052.8
1352,1394,41,10000,50.99899999999463,38.28,9355.28,,,,0,7064.6
1353,1395,16,4120,19.1190000000005,37.78,9237.68,,,,0,7069.5
1354,1396,41,10000,50.99899999999463,37.78,9237.68,,,,0,7081.4
1355,1397,41,10000,50.99899999999463,37.78,9237.68,,,,0,7092.9
1356,1398,41,10000,50.99899999999463,37.78,9237.68,,,,0,7104.7
1357,1399,41,10000,50.99899999999463,37.78,9237.68,,,,0,7116.1
1358,1400,41,10000,50.99899999999463,38.36,9374.7,,,,0,7128.0
1359,1401,41,10000,50.99899999999463,38.36,9374.7,,,,0,7139.7
1360,1402,41,10000,50.99899999999463,38.36,9374.7,,,,0,7151.7
1361,1403,41,10000,50.99899999999463,38.36,9374.7,,,,0,7163.2
1362,1404,41,10000,50.99899999999463,38.36,9374.7,,,,0,7175.0
1363,1405,41,10000,50.99899999999463,38.36,9374.7,,,,0,7186.5
1364,1406,6,1744,6.743000000000173,37.66,9209.58,,,,0,7188.5
1365,1407,41,10000,50.99899999999463,37.66,9209.58,,,,0,7200.5
1366,1408,41,10000,50.99899999999463,37.66,9209.58,,,,0,7212.4
1367,1409,41,10000,50.99899999999463,37.66,9209.58,,,,0,7224.7
1368,1410,41,10000,50.99899999999463,37.66,9209.58,,,,0,7236.3
1369,1411,41,10000,50.99899999999463,37.66,9209.58,,,,0,7247.9
1370,1412,41,10000,50.99899999999463,37.66,9209.58,,,,0,7259.5
1371,1413,41,10000,50.99899999999463,37.66,9209.58,,,,0,7271.3
1372,1414,41,10000,50.99899999999463,37.66,9209.58,,,,0,7282.9
1373,1415,13,3396,15.394999999999616,37.1,9077.5,,,,0,7287.0
1374,1416,41,10000,50.99899999999463,37.1,9077.5,,,,0,7298.8
1375,1417,41,10000,50.99899999999463,37.1,9077.5,,,,0,7310.2
1376,1418,41,10000,50.99899999999463,37.1,9077.5,,,,0,7322.0
1377,1419,41,10000,50.99899999999463,37.1,9077.5,,,,0,7333.5
1378,1420,41,10000,50.99899999999463,37.1,9077.5,,,,0,7345.0
1379,1421,41,10000,50.99899999999463,37.42,9151.16,,,,0,7356.7
1380,1422,41,10000,50.99899999999463,37.42,9151.16,,,,0,7368.6
1381,1423,41,10000,50.99899999999463,37.74,9225.56,,,,0,7380.2
1382,1424,41,10000,50.99899999999463,37.74,9225.56,,,,0,7392.0
1383,1425,41,10000,50.99899999999463,37.74,9225.56,,,,0,7403.8
1384,1426,29,7252,35.251000000001035,37.5,9170.6,,,,0,7412.5
1385,1427,31,7738,37.7369999999999,37.3,9125.36,,,,0,7421.4
1386,1428,9,2446,10.444999999999803,36.66,8974.28,,,,0,7424.2
1387,1429,41,10000,50.99899999999463,37.06,9067.04,,,,0,7435.7
1388,1430,41,10000,50.99899999999463,37.06,9067.04,,,,0,7447.5
1389,1431,41,10000,50.99899999999463,37.06,9067.04,,,,0,7459.2
1390,1432,41,10000,50.99899999999463,37.06,9067.04,,,,0,7470.9
1391,1433,41,10000,50.99899999999463,37.06,9067.04,,,,0,7482.7
1392,1434,41,10000,50.99899999999463,37.06,9067.04,,,,0,7494.6
1393,1435,41,10000,50.99899999999463,37.06,9067.04,,,,0,7506.5
1394,1436,41,10000,50.99899999999463,37.06,9067.04,,,,0,7518.2
1395,1437,6,1525,6.5240000000000995,36.36,8897.54,,,,0,7520.0
1396,1438,41,10000,50.99899999999463,36.36,8897.54,,,,0,7531.6
1397,1439,26,6546,31.54500000000268,36.06,8828.46,,,,0,7539.1
1398,1440,41,10000,50.99899999999463,36.52,8940.3,,,,0,7551.0
1399,1441,41,10000,50.99899999999463,36.52,8940.3,,,,0,7562.7
1400,1442,41,10000,50.99899999999463,36.52,8940.3,,,,0,7574.4
1401,1443,38,9407,46.40599999999601,37.1,9083.48,,,,0,7585.7
1402,1444,23,5807,27.806000000002562,36.74,8999.62,,,,0,7592.5
1403,1445,41,10000,50.99899999999463,37.24,9117.22,,,,0,7604.5
1404,1446,41,10000,50.99899999999463,37.24,9117.22,,,,0,7616.1
1405,1447,41,10000,50.99899999999463,37.24,9117.22,,,,0,7627.9
1406,1448,41,10000,50.99899999999463,37.24,9117.22,,,,0,7639.5
1407,1449,41,10000,50.99899999999463,37.24,9117.22,,,,0,7651.4
1408,1450,41,10000,50.99899999999463,37.24,9117.22,,,,0,7663.1
1409,1451,41,10000,50.99899999999463,37.24,9117.22,,,,0,7675.0
1410,1452,41,10000,50.99899999999463,37.24,9117.22,,,,0,7686.8
1411,1453,41,10000,50.99899999999463,37.24,9117.22,,,,0,7698.5
1412,1454,41,10000,50.99899999999463,37.24,9117.22,,,,0,7709.8
1413,1455,41,10000,50.99899999999463,37.24,9117.22,,,,0,7721.4
1414,1456,41,10000,50.99899999999463,37.94,9282.34,,,,0,7732.9
1415,1457,41,10000,50.99899999999463,37.94,9282.34,,,,0,7744.4
1416,1458,41,10000,50.99899999999463,37.94,9282.34,,,,0,7756.3
1417,1459,41,10000,50.99899999999463,37.94,9282.34,,,,0,7768.1
1418,1460,41,10000,50.99899999999463,37.94,9282.34,,,,0,7780.0
1419,1461,39,9682,47.68099999999537,37.9,9275.98,,,,0,7791.4
1420,1462,41,10000,50.99899999999463,37.9,9275.98,,,,0,7803.1
1421,1463,41,10000,50.99899999999463,37.9,9275.98,,,,0,7814.8
1422,1464,11,2914,12.912999999999544,37.3,9134.26,,,,0,7818.6
1423,1465,12,3202,14.200999999999384,37.28,9130.38,,,,0,7822.4
1424,1466,1,557,0.5559999999999747,36.48,8941.52,,,,0,7823.2
1425,1467,41,10000,50.99899999999463,36.48,8941.52,,,,0,7835.0
1426,1468,15,3922,17.92100000000026,35.96,8819.96,,,,0,7839.7
1427,1469,2,773,1.771999999999951,35.18,8635.42,,,,0,7840.6
1428,1470,41,10000,50.99899999999463,35.18,8635.42,,,,0,7852.2
1429,1471,41,10000,50.99899999999463,35.18,8635.42,,,,0,7864.1
1430,1472,6,1760,6.759000000000178,34.48,8470.62,,,,0,7866.2
1431,1473,41,10000,50.99899999999463,34.48,8470.62,,,,0,7877.8
1432,1474,41,10000,50.99899999999463,34.48,8470.62,,,,0,7889.5
1433,1475,41,10000,50.99899999999463,34.48,8470.62,,,,0,7901.6
1434,1476,41,10000,50.99899999999463,34.72,8525.58,,,,0,7913.3
1435,1477,41,10000,50.99899999999463,34.92,8570.82,,,,0,7925.1
1436,1478,41,10000,50.99899999999463,35.56,8721.9,,,,0,7937.1
1437,1479,14,3633,16.631999999999906,35.02,8594.56,,,,0,7941.4
1438,1480,41,10000,50.99899999999463,35.02,8594.56,,,,0,7953.1
1439,1481,41,10000,50.99899999999463,35.02,8594.56,,,,0,7964.7
1440,1482,41,10000,50.99899999999463,35.02,8594.56,,,,0,7976.5
1441,1483,41,10000,50.99899999999463,35.02,8594.56,,,,0,7987.8
1442,1484,41,10000,50.99899999999463,35.02,8594.56,,,,0,7999.4
1443,1485,41,10000,50.99899999999463,35.02,8594.56,,,,0,8011.0
1444,1486,41,10000,50.99899999999463,35.02,8594.56,,,,0,8023.1
1445,1487,41,10000,50.99899999999463,35.72,8764.06,,,,0,8034.7
1446,1488,41,10000,50.99899999999463,35.72,8764.06,,,,0,8046.4
1447,1489,41,10000,50.99899999999463,36.02,8833.14,,,,0,8058.6
1448,1490,41,10000,50.99899999999463,36.02,8833.14,,,,0,8070.2
1449,1491,7,1996,7.9950000000000525,35.34,8673.06,,,,0,8072.6
1450,1492,41,10000,50.99899999999463,35.34,8673.06,,,,0,8084.4
1451,1493,41,10000,50.99899999999463,35.4,8684.92,,,,0,8096.2
1452,1494,41,10000,50.99899999999463,35.76,8768.78,,,,0,8108.1
1453,1495,41,10000,50.99899999999463,35.76,8768.78,,,,0,8119.8
1454,1496,41,10000,50.99899999999463,35.76,8768.78,,,,0,8131.8
1455,1497,16,4115,19.114000000000495,35.26,8651.08,,,,0,8136.7
1456,1498,5,1493,5.492000000000089,34.54,8480.94,,,,0,8138.4
1457,1499,41,10000,50.99899999999463,34.54,8480.94,,,,0,8150.2
1458,1500,41,10000,50.99899999999463,34.54,8480.94,,,,0,8162.0
1459,1501,41,10000,50.99899999999463,34.54,8480.94,,,,0,8173.9
1460,1502,41,10000,50.99899999999463,34.54,8480.94,,,,0,8185.7
1461,1503,37,9177,45.17599999999655,34.46,8464.48,,,,0,8196.5
1462,1504,41,10000,50.99899999999463,34.46,8464.48,,,,0,8208.2
1463,1505,41,10000,50.99899999999463,34.46,8464.48,,,,0,8220.1
1464,1506,41,10000,50.99899999999463,34.46,8464.48,,,,0,8231.7
1465,1507,41,10000,50.99899999999463,34.46,8464.48,,,,0,8243.4
1466,1508,41,10000,50.99899999999463,34.46,8464.48,,,,0,8255.0
1467,1509,28,7000,33.99900000000162,34.2,8404.48,,,,0,8263.2
1468,1510,41,10000,50.99899999999463,34.2,8404.48,,,,0,8274.6
1469,1511,41,10000,50.99899999999463,34.24,8410.84,,,,0,8286.4
1470,1512,41,10000,50.99899999999463,34.24,8410.84,,,,0,8297.9
1471,1513,3,1024,3.022999999999933,33.48,8231.32,,,,0,8299.1
1472,1514,41,10000,50.99899999999463,34.08,8373.04,,,,0,8310.9
1473,1515,41,10000,50.99899999999463,34.66,8509.0,,,,0,8322.8
1474,1516,32,7970,38.96899999999936,35.28,8657.26,,,,0,8332.1
1475,1517,41,10000,50.99899999999463,35.28,8657.26,,,,0,8343.9
1476,1518,41,10000,50.99899999999463,35.8,8778.82,,,,0,8355.7
1477,1519,41,10000,50.99899999999463,36.58,8963.36,,,,0,8367.3
1478,1520,41,10000,50.99899999999463,36.58,8963.36,,,,0,8378.9
1479,1521,41,10000,50.99899999999463,36.58,8963.36,,,,0,8390.6
1480,1522,30,7523,36.5220000000004,37.06,9078.62,,,,0,8399.6
1481,1523,41,10000,50.99899999999463,37.06,9078.62,,,,0,8411.3
1482,1524,41,10000,50.99899999999463,37.06,9078.62,,,,0,8423.7
1483,1525,41,10000,50.99899999999463,37.06,9078.62,,,,0,8435.5
1484,1526,41,10000,50.99899999999463,37.06,9078.62,,,,0,8447.0
1485,1527,41,10000,50.99899999999463,37.06,9078.62,,,,0,8458.5
1486,1528,41,10000,50.99899999999463,37.06,9078.62,,,,0,8470.3
1487,1529,41,10000,50.99899999999463,37.6,9205.96,,,,0,8482.6
1488,1530,41,10000,50.99899999999463,37.6,9205.96,,,,0,8494.3
1489,1531,41,10000,50.99899999999463,37.6,9205.96,,,,0,8505.8
1490,1532,6,1762,6.761000000000179,36.9,9041.2,,,,0,8507.8
1491,1533,41,10000,50.99899999999463,36.9,9041.2,,,,0,8519.3
1492,1534,41,10000,50.99899999999463,36.9,9041.2,,,,0,8530.9
1493,1535,41,10000,50.99899999999463,36.9,9041.2,,,,0,8542.5
1494,1536,41,10000,50.99899999999463,36.9,9041.2,,,,0,8554.1
1495,1537,41,10000,50.99899999999463,36.9,9041.2,,,,0,8565.8
1496,1538,41,10000,50.99899999999463,36.9,9041.2,,,,0,8577.3
1497,1539,41,10000,50.99899999999463,36.9,9041.2,,,,0,8589.1
1498,1540,41,10000,50.99899999999463,36.9,9041.2,,,,0,8600.9
1499,1541,41,10000,50.99899999999463,37.58,9201.28,,,,0,8612.4
1500,1542,41,10000,50.99899999999463,37.58,9201.28,0.95,306.8,0.45,0,8638.2
1501,1543,40,9897,48.89599999999487,37.56,9199.22,,,,0,8649.2
1502,1544,36,8963,43.96199999999705,37.46,9178.48,,,,0,8659.4
1503,1545,41,10000,50.99899999999463,37.46,9178.48,,,,0,8670.4
1504,1546,41,10000,50.99899999999463,37.46,9178.48,,,,0,8681.3
1505,1547,41,10000,50.99899999999463,37.96,9296.18,,,,0,8692.1
1506,1548,41,10000,50.99899999999463,38.68,9466.32,,,,0,8702.7
1507,1549,41,10000,50.99899999999463,38.68,9466.32,,,,0,8713.3
1508,1550,41,10000,50.99899999999463,38.68,9466.32,,,,0,8724.0
1509,1551,9,2443,10.441999999999805,38.04,9315.18,,,,0,8726.6
1510,1552,41,10000,50.99899999999463,38.04,9315.18,,,,0,8737.8
1511,1553,24,6029,29.028000000002834,37.78,9252.22,,,,0,8744.8
1512,1554,41,10000,50.99899999999463,37.78,9252.22,,,,0,8756.0
1513,1555,41,10000,50.99899999999463,37.78,9252.22,,,,0,8766.9
1514,1556,41,10000,50.99899999999463,37.78,9252.22,,,,0,8778.7
1515,1557,41,10000,50.99899999999463,37.78,9252.22,,,,0,8790.2
1516,1558,41,10000,50.99899999999463,37.78,9252.22,,,,0,8801.3
1517,1559,41,10000,50.99899999999463,38.04,9312.22,,,,0,8812.4
1518,1560,41,10000,50.99899999999463,38.04,9312.22,,,,0,8823.5
1519,1561,16,4157,19.156000000000546,37.54,9195.36,,,,0,8828.2
1520,1562,13,3400,15.39899999999962,36.98,9063.36,,,,0,8832.3
1521,1563,41,10000,50.99899999999463,37.74,9242.88,,,,0,8843.9
1522,1564,41,10000,50.99899999999463,37.74,9242.88,,,,0,8855.6
1523,1565,41,10000,50.99899999999463,37.74,9242.88,,,,0,8867.4
1524,1566,41,10000,50.99899999999463,37.92,9283.48,,,,0,8878.9
1525,1567,41,10000,50.99899999999463,37.92,9283.48,,,,0,8890.4
1526,1568,41,10000,50.99899999999463,37.92,9283.48,,,,0,8901.8
1527,1569,41,10000,50.99899999999463,37.92,9283.48,,,,0,8913.2
1528,1570,41,10000,50.99899999999463,37.92,9283.48,,,,0,8924.2
1529,1571,41,10000,50.99899999999463,37.92,9283.48,,,,0,8935.6
1530,1572,41,10000,50.99899999999463,38.14,9333.02,,,,0,8946.7
1531,1573,7,1997,7.996000000000052,37.46,9172.96,,,,0,8949.1
1532,1574,41,10000,50.99899999999463,37.46,9172.96,,,,0,8960.9
1533,1575,41,10000,50.99899999999463,37.46,9172.96,,,,0,8972.2
1534,1576,41,10000,50.99899999999463,37.46,9172.96,,,,0,8983.6
1535,1577,41,10000,50.99899999999463,37.46,9172.96,,,,0,8995.2
1536,1578,41,10000,50.99899999999463,37.46,9172.96,,,,0,9006.4
1537,1579,41,10000,50.99899999999463,37.46,9172.96,,,,0,9018.1
1538,1580,41,10000,50.99899999999463,37.46,9172.96,,,,0,9029.8
1539,1581,41,10000,50.99899999999463,37.46,9172.96,,,,0,9041.1
1540,1582,41,10000,50.99899999999463,38.16,9337.72,,,,0,9052.5
1541,1583,41,10000,50.99899999999463,38.16,9337.72,,,,0,9063.8
1542,1584,41,10000,50.99899999999463,38.16,9337.72,,,,0,9074.8
1543,1585,41,10000,50.99899999999463,38.16,9337.72,,,,0,9086.0
1544,1586,41,10000,50.99899999999463,38.16,9337.72,,,,0,9097.4
1545,1587,41,10000,50.99899999999463,38.16,9337.72,,,,0,9109.0
1546,1588,41,10000,50.99899999999463,38.16,9337.72,,,,0,9120.0
1547,1589,8,2211,9.209999999999933,37.5,9181.94,,,,0,9122.5
1548,1590,41,10000,50.99899999999463,37.5,9181.94,,,,0,9134.0
1549,1591,41,10000,50.99899999999463,37.5,9181.94,,,,0,9145.5
1550,1592,41,10000,50.99899999999463,37.5,9181.94,,,,0,9156.4
1551,1593,41,10000,50.99899999999463,37.52,9184.0,,,,0,9167.2
1552,1594,34,8458,41.456999999998224,37.48,9173.9,,,,0,9176.5
1553,1595,41,10000,50.99899999999463,37.48,9173.9,,,,0,9187.3
1554,1596,28,7019,34.01800000000158,37.22,9114.28,,,,0,9195.1
1555,1597,41,10000,50.99899999999463,37.22,9114.28,,,,0,9206.5
1556,1598,41,10000,50.99899999999463,37.22,9114.28,,,,0,9217.7
1557,1599,41,10000,50.99899999999463,37.22,9114.28,,,,0,9229.1
1558,1600,41,10000,50.99899999999463,37.22,9114.28,,,,0,9240.8
1559,1601,41,10000,50.99899999999463,37.86,9265.42,,,,0,9252.4
1560,1602,41,10000,50.99899999999463,37.86,9265.42,,,,0,9263.2
1561,1603,41,10000,50.99899999999463,38.2,9344.84,,,,0,9274.2
1562,1604,36,8962,43.96099999999705,38.1,9324.08,,,,0,9284.2
1563,1605,41,10000,50.99899999999463,38.1,9324.08,,,,0,9295.6
1564,1606,41,10000,50.99899999999463,38.1,9324.08,,,,0,9307.2
1565,1607,41,10000,50.99899999999463,38.1,9324.08,,,,0,9318.8
1566,1608,41,10000,50.99899999999463,38.1,9324.08,,,,0,9330.2
1567,1609,14,3652,16.65099999999993,37.56,9197.12,,,,0,9334.3
1568,1610,41,10000,50.99899999999463,37.56,9197.12,,,,0,9345.9
1569,1611,41,10000,50.99899999999463,38.06,9313.98,,,,0,9357.3
1570,1612,41,10000,50.99899999999463,38.62,9445.98,,,,0,9368.9
1571,1613,41,10000,50.99899999999463,38.62,9445.98,,,,0,9379.9
1572,1614,41,10000,50.99899999999463,38.62,9445.98,,,,0,9390.8
1573,1615,41,10000,50.99899999999463,38.62,9445.98,,,,0,9401.8
1574,1616,41,10000,50.99899999999463,38.62,9445.98,,,,0,9413.1
1575,1617,41,10000,50.99899999999463,38.62,9445.98,,,,0,9424.6
1576,1618,41,10000,50.99899999999463,38.62,9445.98,,,,0,9435.9
1577,1619,41,10000,50.99899999999463,38.62,9445.98,,,,0,9446.7
1578,1620,41,10000,50.99899999999463,38.62,9445.98,,,,0,9458.2
1579,1621,41,10000,50.99899999999463,38.62,9445.98,,,,0,9470.0
1580,1622,41,10000,50.99899999999463,38.62,9445.98,,,,0,9481.3
1581,1623,41,10000,50.99899999999463,39.3,9606.04,,,,0,9492.4
1582,1624,41,10000,50.99899999999463,39.3,9606.04,,,,0,9503.6
1583,1625,41,10000,50.99899999999463,39.3,9606.04,,,,0,9514.3
1584,1626,41,10000,50.99899999999463,39.3,9606.04,,,,0,9525.5
1585,1627,41,10000,50.99899999999463,39.3,9606.04,,,,0,9537.1
1586,1628,41,10000,50.99899999999463,39.3,9606.04,,,,0,9548.2
1587,1629,25,6281,30.28000000000314,38.98,9531.66,,,,0,9555.3
1588,1630,40,9880,48.87899999999491,38.96,9529.26,,,,0,9566.1
1589,1631,41,10000,50.99899999999463,38.96,9529.26,,,,0,9577.8
1590,1632,41,10000,50.99899999999463,38.96,9529.26,,,,0,9589.1
1591,1633,41,10000,50.99899999999463,38.96,9529.26,,,,0,9599.9
1592,1634,11,2949,12.947999999999524,38.36,9388.24,,,,0,9603.0
1593,1635,41,10000,50.99899999999463,38.36,9388.24,,,,0,9614.0
1594,1636,41,10000,50.99899999999463,38.36,9388.24,,,,0,9625.3
1595,1637,41,10000,50.99899999999463,38.36,9388.24,,,,0,9636.7
1596,1638,37,9179,45.177999999996544,38.28,9371.82,,,,0,9647.1
1597,1639,24,6064,29.063000000002877,38.6,9448.88,,,,0,9654.2
1598,1640,41,10000,50.99899999999463,38.6,9448.88,,,,0,9665.0
1599,1641,41,10000,50.99899999999463,38.6,9448.88,,,,0,9676.7
1600,1642,41,10000,50.99899999999463,38.6,9448.88,,,,0,9687.7
1601,1643,41,10000,50.99899999999463,38.6,9448.88,,,,0,9698.3
1602,1644,41,10000,50.99899999999463,38.74,9479.72,,,,0,9709.7
1603,1645,41,10000,50.99899999999463,38.74,9479.72,,,,0,9720.7
1604,1646,41,10000,50.99899999999463,39.0,9539.34,,,,0,9732.0
1605,1647,41,10000,50.99899999999463,39.0,9539.34,,,,0,9744.5
1606,1648,41,10000,50.99899999999463,39.0,9539.34,,,,0,9756.0
1607,1649,3,989,2.987999999999927,38.24,9359.12,,,,0,9757.1
1608,1650,41,10000,50.99899999999463,38.24,9359.12,,,,0,9768.2
1609,1651,0,304,-0.6969999999999998,37.42,9165.2,,,,0,9768.5
1610,1652,41,10000,50.99899999999463,37.42,9165.2,,,,0,9780.3
1611,1653,41,10000,50.99899999999463,37.42,9165.2,,,,0,9791.3
1612,1654,40,9916,48.914999999994826,37.5,9184.28,,,,0,9801.7
1613,1655,41,10000,50.99899999999463,37.5,9184.28,,,,0,9812.6
1614,1656,41,10000,50.99899999999463,37.5,9184.28,,,,0,9824.1
1615,1657,41,10000,50.99899999999463,37.5,9184.28,,,,0,9835.7
1616,1658,41,10000,50.99899999999463,37.5,9184.28,,,,0,9847.0
1617,1659,41,10000,50.99899999999463,38.04,9311.24,,,,0,9858.6
1618,1660,41,10000,50.99899999999463,38.04,9311.24,,,,0,9869.4
1619,1661,41,10000,50.99899999999463,38.04,9311.24,,,,0,9880.2
1620,1662,41,10000,50.99899999999463,38.04,9311.24,,,,0,9891.6
1621,1663,41,10000,50.99899999999463,38.04,9311.24,,,,0,9902.6
1622,1664,41,10000,50.99899999999463,38.04,9311.24,,,,0,9913.9
1623,1665,41,10000,50.99899999999463,38.04,9311.24,,,,0,9925.2
1624,1666,41,10000,50.99899999999463,38.04,9311.24,,,,0,9936.3
1625,1667,41,10000,50.99899999999463,38.04,9311.24,,,,0,9947.5
1626,1668,19,4877,22.876000000001426,37.6,9208.78,,,,0,9953.1
1627,1669,41,10000,50.99899999999463,37.6,9208.78,,,,0,9964.6
1628,1670,41,10000,50.99899999999463,37.6,9208.78,,,,0,9975.9
1629,1671,41,10000,50.99899999999463,37.6,9208.78,,,,0,9987.4
1630,1672,41,10000,50.99899999999463,37.6,9208.78,,,,0,9998.4
1631,1673,41,10000,50.99899999999463,37.6,9208.78,,,,0,10009.3
1632,1674,41,10000,50.99899999999463,37.6,9208.78,,,,0,10020.0
1633,1675,3,808,2.806999999999947,36.84,9024.94,,,,0,10020.9
1634,1676,41,10000,50.99899999999463,36.84,9024.94,,,,0,10032.0
1635,1677,41,10000,50.99899999999463,36.84,9024.94,,,,0,10043.0
1636,1678,41,10000,50.99899999999463,36.84,9024.94,,,,0,10054.5
1637,1679,16,4156,19.155000000000545,36.66,8982.44,,,,0,10059.2
1638,1680,41,10000,50.99899999999463,36.68,8984.84,,,,0,10070.0
1639,1681,41,10000,50.99899999999463,36.68,8984.84,,,,0,10081.5
1640,1682,41,10000,50.99899999999463,36.68,8984.84,,,,0,10092.0
1641,1683,41,10000,50.99899999999463,36.68,8984.84,,,,0,10103.1
1642,1684,41,10000,50.99899999999463,37.28,9125.86,,,,0,10114.0
1643,1685,36,8728,43.726999999997595,37.18,9100.42,,,,0,10123.8
1644,1686,41,10000,50.99899999999463,37.18,9100.42,,,,0,10135.1
1645,1687,41,10000,50.99899999999463,37.18,9100.42,,,,0,10146.7
1646,1688,26,6509,31.508000000002767,36.96,9047.02,,,,0,10154.0
1647,1689,41,10000,50.99899999999463,37.3,9125.74,,,,0,10164.8
1648,1690,41,10000,50.99899999999463,37.3,9125.74,,,,0,10176.1
1649,1691,41,10000,50.99899999999463,37.3,9125.74,,,,0,10187.7
1650,1692,6,1709,6.708000000000161,36.6,8959.92,,,,0,10189.6
1651,1693,41,10000,50.99899999999463,36.6,8959.92,,,,0,10200.7
1652,1694,41,10000,50.99899999999463,36.6,8959.92,,,,0,10211.7
1653,1695,41,10000,50.99899999999463,36.6,8959.92,,,,0,10223.3
1654,1696,41,10000,50.99899999999463,36.6,8959.92,,,,0,10234.8
1655,1697,41,10000,50.99899999999463,36.6,8959.92,,,,0,10245.8
1656,1698,41,10000,50.99899999999463,36.6,8959.92,,,,0,10257.0
1657,1699,41,10000,50.99899999999463,37.36,9140.14,,,,0,10267.7
1658,1700,41,10000,50.99899999999463,37.36,9140.14,,,,0,10278.3
1659,1701,41,10000,50.99899999999463,38.18,9334.06,,,,0,10289.0
1660,1702,41,10000,50.99899999999463,38.18,9334.06,,,,0,10299.9
1661,1703,41,10000,50.99899999999463,38.18,9334.06,,,,0,10309.3
1662,1704,41,10000,50.99899999999463,38.2,9335.74,,,,0,10320.9
1663,1705,41,10000,50.99899999999463,38.2,9335.74,,,,0,10331.8
1664,1706,14,3652,16.65099999999993,37.66,9208.78,,,,0,10335.7
1665,1707,41,10000,50.99899999999463,37.66,9208.78,,,,0,10347.2
1666,1708,41,10000,50.99899999999463,37.66,9208.78,,,,0,10358.4
1667,1709,41,10000,50.99899999999463,37.66,9208.78,,,,0,10369.0
1668,1710,41,10000,50.99899999999463,37.66,9208.78,,,,0,10379.7
1669,1711,41,10000,50.99899999999463,37.66,9208.78,,,,0,10391.0
1670,1712,23,5812,27.81100000000257,37.3,9125.02,,,,0,10397.6
1671,1713,41,10000,50.99899999999463,37.3,9125.02,,,,0,10409.4
1672,1714,41,10000,50.99899999999463,37.3,9125.02,,,,0,10420.6
1673,1715,36,8944,43.94299999999709,37.2,9103.9,,,,0,10430.3
1674,1716,41,10000,50.99899999999463,37.2,9103.9,,,,0,10441.0
1675,1717,41,10000,50.99899999999463,37.2,9103.9,,,,0,10451.6
1676,1718,41,10000,50.99899999999463,37.64,9206.36,,,,0,10462.6
1677,1719,41,10000,50.99899999999463,37.64,9206.36,,,,0,10473.5
1678,1720,41,10000,50.99899999999463,37.64,9206.36,,,,0,10484.5
1679,1721,26,6550,31.54900000000267,37.34,9137.36,,,,0,10492.1
1680,1722,41,10000,50.99899999999463,37.34,9137.36,,,,0,10503.7
1681,1723,41,10000,50.99899999999463,37.34,9137.36,,,,0,10514.3
1682,1724,41,10000,50.99899999999463,37.34,9137.36,,,,0,10525.2
1683,1725,2,752,1.7509999999999533,37.32,9136.24,,,,0,10526.0
1684,1726,41,10000,50.99899999999463,37.32,9136.24,,,,0,10536.7
1685,1727,41,10000,50.99899999999463,37.32,9136.24,,,,0,10547.6
1686,1728,41,10000,50.99899999999463,37.32,9136.24,,,,0,10558.5
1687,1729,41,10000,50.99899999999463,37.82,9253.12,,,,0,10570.0
1688,1730,18,4409,21.408000000000854,37.36,9141.3,,,,0,10575.1
1689,1731,41,10000,50.99899999999463,37.36,9141.3,,,,0,10586.4
1690,1732,41,10000,50.99899999999463,37.36,9141.3,,,,0,10597.4
1691,1733,41,10000,50.99899999999463,37.36,9141.3,,,,0,10608.5
1692,1734,22,5549,26.548000000002247,36.98,9052.28,,,,0,10614.5
1693,1735,41,10000,50.99899999999463,37.08,9077.72,,,,0,10626.1
1694,1736,41,10000,50.99899999999463,37.08,9077.72,,,,0,10637.5
1695,1737,41,10000,50.99899999999463,37.08,9077.72,,,,0,10649.0
1696,1738,41,10000,50.99899999999463,37.38,9147.54,,,,0,10660.0
1697,1739,41,10000,50.99899999999463,37.38,9147.54,,,,0,10671.6
1698,1740,41,10000,50.99899999999463,37.38,9147.54,,,,0,10682.7
1699,1741,41,10000,50.99899999999463,37.38,9147.54,,,,0,10693.6
1700,1742,41,10000,50.99899999999463,38.08,9313.36,,,,0,10704.4
1701,1743,17,4372,20.37100000000081,37.6,9200.8,,,,0,10709.1
1702,1744,41,10000,50.99899999999463,37.6,9200.8,,,,0,10720.2
1703,1745,41,10000,50.99899999999463,37.6,9200.8,,,,0,10731.1
1704,1746,41,10000,50.99899999999463,37.6,9200.8,,,,0,10741.7
1705,1747,41,10000,50.99899999999463,37.6,9200.8,,,,0,10752.2
1706,1748,41,10000,50.99899999999463,37.6,9200.8,,,,0,10762.8
1707,1749,41,10000,50.99899999999463,37.6,9200.8,,,,0,10774.0
1708,1750,41,10000,50.99899999999463,37.6,9200.8,,,,0,10785.2
1709,1751,41,10000,50.99899999999463,37.6,9200.8,,,,0,10796.4
1710,1752,27,6765,32.76400000000217,37.32,9136.1,,,,0,10803.7
1711,1753,41,10000,50.99899999999463,37.32,9136.1,,,,0,10814.7
1712,1754,41,10000,50.99899999999463,37.32,9136.1,,,,0,10825.9
1713,1755,41,10000,50.99899999999463,37.32,9136.1,,,,0,10836.8
1714,1756,41,10000,50.99899999999463,37.86,9263.06,,,,0,10847.7
1715,1757,41,10000,50.99899999999463,37.86,9263.06,,,,0,10858.7
1716,1758,41,10000,50.99899999999463,37.86,9263.06,,,,0,10870.6
1717,1759,41,10000,50.99899999999463,37.86,9263.06,,,,0,10881.6
1718,1760,41,10000,50.99899999999463,37.86,9263.06,,,,0,10892.7
1719,1761,41,10000,50.99899999999463,37.86,9263.06,,,,0,10903.5
1720,1762,41,10000,50.99899999999463,38.22,9346.82,,,,0,10914.6
1721,1763,41,10000,50.99899999999463,38.22,9346.82,,,,0,10925.5
1722,1764,41,10000,50.99899999999463,38.22,9346.82,,,,0,10936.4
1723,1765,41,10000,50.99899999999463,38.32,9367.94,,,,0,10947.3
1724,1766,7,1979,7.978000000000062,37.64,9207.52,,,,0,10949.4
1725,1767,41,10000,50.99899999999463,37.64,9207.52,,,,0,10960.7
1726,1768,0,322,-0.6789999999999998,36.82,9013.96,,,,0,10961.1
1727,1769,41,10000,50.99899999999463,36.82,9013.96,,,,0,10972.0
1728,1770,21,5129,25.128000000001734,36.42,8916.54,,,,0,10977.3
1729,1771,41,10000,50.99899999999463,36.72,8985.54,,,,0,10988.1
1730,1772,41,10000,50.99899999999463,36.72,8985.54,,,,0,10999.3
1731,1773,41,10000,50.99899999999463,36.72,8985.54,,,,0,11010.4
1732,1774,41,10000,50.99899999999463,36.72,8985.54,,,,0,11021.0
1733,1775,41,10000,50.99899999999463,37.5,9170.5,,,,0,11031.8
1734,1776,41,10000,50.99899999999463,37.5,9170.5,,,,0,11042.3
1735,1777,41,10000,50.99899999999463,37.5,9170.5,,,,0,11053.9
1736,1778,41,10000,50.99899999999463,37.5,9170.5,,,,0,11064.9
1737,1779,41,10000,50.99899999999463,37.5,9170.5,,,,0,11075.9
1738,1780,14,3646,16.64499999999992,37.42,9155.24,,,,0,11079.6
1739,1781,16,4121,19.120000000000502,36.92,9037.66,,,,0,11084.5
1740,1782,41,10000,50.99899999999463,36.92,9037.66,,,,0,11095.9
1741,1783,41,10000,50.99899999999463,36.92,9037.66,,,,0,11107.2
1742,1784,41,10000,50.99899999999463,37.3,9126.68,,,,0,11118.0
1743,1785,41,10000,50.99899999999463,37.3,9126.68,,,,0,11128.9
1744,1786,41,10000,50.99899999999463,37.3,9126.68,,,,0,11140.2
1745,1787,41,10000,50.99899999999463,37.3,9126.68,,,,0,11151.2
1746,1788,41,10000,50.99899999999463,37.3,9126.68,,,,0,11162.1
1747,1789,41,10000,50.99899999999463,37.3,9126.68,,,,0,11172.9
1748,1790,41,10000,50.99899999999463,37.3,9126.68,,,,0,11184.1
1749,1791,41,10000,50.99899999999463,37.3,9126.68,,,,0,11195.2
1750,1792,41,10000,50.99899999999463,37.3,9126.68,,,,0,11206.2
1751,1793,41,10000,50.99899999999463,37.78,9239.24,,,,0,11216.9
1752,1794,41,10000,50.99899999999463,37.78,9239.24,,,,0,11227.5
1753,1795,41,10000,50.99899999999463,37.78,9239.24,,,,0,11238.8
1754,1796,36,8729,43.72799999999759,37.68,9213.82,,,,0,11248.4
1755,1797,41,10000,50.99899999999463,37.68,9213.82,,,,0,11259.5
1756,1798,30,7501,36.500000000000455,37.46,9163.84,,,,0,11268.0
1757,1799,41,10000,50.99899999999463,37.46,9163.84,,,,0,11278.8
1758,1800,41,10000,50.99899999999463,37.46,9163.84,,,,0,11290.4
1759,1801,41,10000,50.99899999999463,37.46,9163.84,,,,0,11301.6
1760,1802,41,10000,50.99899999999463,37.74,9228.54,,,,0,11312.6
1761,1803,41,10000,50.99899999999463,37.74,9228.54,,,,0,11323.7
1762,1804,41,10000,50.99899999999463,37.74,9228.54,,,,0,11335.3
1763,1805,41,10000,50.99899999999463,37.74,9228.54,,,,0,11346.5
1764,1806,41,10000,50.99899999999463,37.74,9228.54,,,,0,11357.5
1765,1807,41,10000,50.99899999999463,37.74,9228.54,,,,0,11368.6
1766,1808,9,2248,10.246999999999913,37.1,9073.5,,,,0,11371.2
1767,1809,5,1492,5.4910000000000885,36.38,8903.34,,,,0,11372.8
1768,1810,41,10000,50.99899999999463,36.38,8903.34,,,,0,11383.9
1769,1811,41,10000,50.99899999999463,36.38,8903.34,,,,0,11394.7
1770,1812,16,4135,19.13400000000052,35.88,8786.04,,,,0,11399.1
1771,1813,41,10000,50.99899999999463,35.88,8786.04,,,,0,11410.9
1772,1814,35,8710,42.70899999999764,35.76,8760.24,,,,0,11420.9
1773,1815,41,10000,50.99899999999463,35.76,8760.24,,,,0,11431.6
1774,1816,41,10000,50.99899999999463,36.44,8920.66,,,,0,11442.5
1775,1817,41,10000,50.99899999999463,36.44,8920.66,,,,0,11453.4
1776,1818,41,10000,50.99899999999463,37.26,9114.22,,,,0,11464.2
1777,1819,0,269,-0.7319999999999998,36.44,8919.6,,,,0,11464.5
1778,1820,41,10000,50.99899999999463,36.84,9017.02,,,,0,11475.6
1779,1821,41,10000,50.99899999999463,36.84,9017.02,,,,0,11486.6
1780,1822,41,10000,50.99899999999463,36.84,9017.02,,,,0,11498.5
1781,1823,21,5362,25.36100000000202,36.44,8924.26,,,,0,11504.7
1782,1824,41,10000,50.99899999999463,36.44,8924.26,,,,0,11515.9
1783,1825,41,10000,50.99899999999463,36.44,8924.26,,,,0,11526.7
1784,1826,41,10000,50.99899999999463,36.44,8924.26,,,,0,11537.3
1785,1827,41,10000,50.99899999999463,36.44,8924.26,,,,0,11548.3
1786,1828,41,10000,50.99899999999463,36.44,8924.26,,,,0,11559.2
1787,1829,41,10000,50.99899999999463,36.44,8924.26,,,,0,11570.3
1788,1830,41,10000,50.99899999999463,36.98,9051.34,,,,0,11581.6
1789,1831,39,9664,47.662999999995414,37.44,9162.2,,,,0,11592.8
1790,1832,41,10000,50.99899999999463,37.44,9162.2,,,,0,11604.8
1791,1833,41,10000,50.99899999999463,37.44,9162.2,,,,0,11616.5
1792,1834,41,10000,50.99899999999463,37.44,9162.2,,,,0,11628.0
1793,1835,41,10000,50.99899999999463,37.44,9162.2,,,,0,11639.2
1794,1836,41,10000,50.99899999999463,37.44,9162.2,,,,0,11650.9
1795,1837,41,10000,50.99899999999463,37.44,9162.2,,,,0,11662.4
1796,1838,39,9629,47.627999999995495,37.4,9154.78,,,,0,11673.4
1797,1839,41,10000,50.99899999999463,37.4,9154.78,,,,0,11684.9
1798,1840,41,10000,50.99899999999463,37.4,9154.78,,,,0,11696.5
1799,1841,41,10000,50.99899999999463,37.4,9154.78,,,,0,11708.0
1800,1842,41,10000,50.99899999999463,37.4,9154.78,,,,0,11719.5
1801,1843,41,10000,50.99899999999463,37.4,9154.78,,,,0,11731.4
1802,1844,41,10000,50.99899999999463,37.4,9154.78,,,,0,11743.2
1803,1845,41,10000,50.99899999999463,37.4,9154.78,,,,0,11754.9
1804,1846,41,10000,50.99899999999463,37.5,9180.2,,,,0,11766.6
1805,1847,41,10000,50.99899999999463,37.5,9180.2,,,,0,11777.9
1806,1848,41,10000,50.99899999999463,37.72,9230.18,,,,0,11789.4
1807,1849,41,10000,50.99899999999463,37.72,9230.18,,,,0,11801.0
1808,1850,41,10000,50.99899999999463,37.72,9230.18,,,,0,11812.6
1809,1851,41,10000,50.99899999999463,37.72,9230.18,,,,0,11824.0
1810,1852,41,10000,50.99899999999463,37.72,9230.18,,,,0,11835.5
1811,1853,41,10000,50.99899999999463,37.72,9230.18,,,,0,11846.9
1812,1854,41,10000,50.99899999999463,37.72,9230.18,,,,0,11858.5
1813,1855,41,10000,50.99899999999463,37.72,9230.18,,,,0,11870.5
1814,1856,39,9682,47.68099999999537,37.68,9223.82,,,,0,11881.8
1815,1857,41,10000,50.99899999999463,37.68,9223.82,,,,0,11893.7
1816,1858,41,10000,50.99899999999463,38.32,9378.86,,,,0,11905.2
1817,1859,37,9197,45.1959999999965,38.96,9532.96,,,,0,11915.8
1818,1860,41,10000,50.99899999999463,38.96,9532.96,,,,0,11927.7
1819,1861,41,10000,50.99899999999463,38.96,9532.96,,,,0,11939.3
1820,1862,40,9911,48.90999999999484,39.44,9648.48,,,,0,11951.0
1821,1863,41,10000,50.99899999999463,39.44,9648.48,,,,0,11963.0
1822,1864,41,10000,50.99899999999463,39.56,9674.28,,,,0,11974.2
1823,1865,41,10000,50.99899999999463,39.56,9674.28,,,,0,11985.8
1824,1866,41,10000,50.99899999999463,39.56,9674.28,,,,0,11997.6
1825,1867,41,10000,50.99899999999463,39.56,9674.28,,,,0,12009.3
1826,1868,30,7486,36.48500000000049,39.34,9624.0,,,,0,12018.5
1827,1869,41,10000,50.99899999999463,40.16,9818.62,,,,0,12030.5
1828,1870,41,10000,50.99899999999463,40.16,9818.62,,,,0,12041.8
1829,1871,30,7503,36.50200000000045,39.94,9768.68,,,,0,12050.9
1830,1872,41,10000,50.99899999999463,39.94,9768.68,,,,0,12062.4
1831,1873,41,10000,50.99899999999463,40.34,9861.44,,,,0,12074.2
1832,1874,41,10000,50.99899999999463,40.34,9861.44,,,,0,12086.0
1833,1875,41,10000,50.99899999999463,40.34,9861.44,,,,0,12097.4
1834,1876,3,1043,3.0419999999999394,39.58,9682.3,,,,0,12098.7
1835,1877,41,10000,50.99899999999463,39.58,9682.3,,,,0,12110.1
1836,1878,41,10000,50.99899999999463,39.58,9682.3,,,,0,12121.8
1837,1879,41,10000,50.99899999999463,39.58,9682.3,,,,0,12133.7
1838,1880,17,4349,20.34800000000078,39.1,9569.28,,,,0,12139.0
1839,1881,28,7037,34.036000000001536,38.88,9516.74,,,,0,12147.4
1840,1882,41,10000,50.99899999999463,38.88,9516.74,,,,0,12159.2
1841,1883,41,10000,50.99899999999463,38.88,9516.74,,,,0,12170.7
1842,1884,41,10000,50.99899999999463,38.88,9516.74,,,,0,12182.2
1843,1885,41,10000,50.99899999999463,38.88,9516.74,,,,0,12193.6
1844,1886,41,10000,50.99899999999463,38.88,9516.74,,,,0,12204.9
1845,1887,41,10000,50.99899999999463,38.88,9516.74,,,,0,12216.3
1846,1888,41,10000,50.99899999999463,38.92,9524.16,,,,0,12227.8
1847,1889,41,10000,50.99899999999463,38.92,9524.16,,,,0,12239.2
1848,1890,25,6316,30.315000000003185,38.6,9450.48,,,,0,12246.6
1849,1891,41,10000,50.99899999999463,38.6,9450.48,,,,0,12258.0
1850,1892,41,10000,50.99899999999463,38.6,9450.48,,,,0,12269.7
1851,1893,41,10000,50.99899999999463,38.6,9450.48,,,,0,12281.6
1852,1894,41,10000,50.99899999999463,38.6,9450.48,,,,0,12293.4
1853,1895,41,10000,50.99899999999463,38.6,9450.48,,,,0,12305.1
1854,1896,41,10000,50.99899999999463,38.6,9450.48,,,,0,12316.8
1855,1897,34,8477,41.47599999999818,38.46,9420.02,,,,0,12326.9
1856,1898,27,6749,32.74800000000221,38.18,9355.0,,,,0,12334.8
1857,1899,19,4856,22.8550000000014,37.74,9252.12,,,,0,12340.3
1858,1900,41,10000,50.99899999999463,37.74,9252.12,,,,0,12351.9
1859,1901,41,10000,50.99899999999463,37.74,9252.12,,,,0,12363.4
1860,1902,41,10000,50.99899999999463,37.74,9252.12,,,,0,12374.9
1861,1903,9,2447,10.445999999999803,37.1,9101.06,,,,0,12377.7
1862,1904,41,10000,50.99899999999463,37.1,9101.06,,,,0,12389.1
1863,1905,8,2244,9.242999999999915,36.44,8945.94,,,,0,12391.7
1864,1906,41,10000,50.99899999999463,36.48,8952.3,,,,0,12403.5
1865,1907,41,10000,50.99899999999463,36.48,8952.3,,,,0,12415.1
1866,1908,41,10000,50.99899999999463,36.48,8952.3,,,,0,12426.5
1867,1909,41,10000,50.99899999999463,36.56,8968.36,,,,0,12437.8
1868,1910,41,10000,50.99899999999463,36.56,8968.36,,,,0,12449.1
1869,1911,41,10000,50.99899999999463,36.56,8968.36,,,,0,12460.9
1870,1912,41,10000,50.99899999999463,36.58,8970.14,,,,0,12473.8
1871,1913,41,10000,50.99899999999463,36.58,8970.14,,,,0,12486.0
1872,1914,41,10000,50.99899999999463,36.58,8970.14,,,,0,12497.4
1873,1915,26,6514,31.513000000002755,36.28,8900.42,,,,0,12505.1
1874,1916,41,10000,50.99899999999463,36.28,8900.42,,,,0,12516.5
1875,1917,41,10000,50.99899999999463,36.28,8900.42,,,,0,12528.0
1876,1918,0,286,-0.7149999999999999,35.68,8756.42,,,,0,12528.3
1877,1919,41,10000,50.99899999999463,35.68,8756.42,,,,0,12540.2
1878,1920,41,10000,50.99899999999463,35.68,8756.42,,,,0,12552.0
1879,1921,41,10000,50.99899999999463,35.9,8806.36,,,,0,12563.7
1880,1922,41,10000,50.99899999999463,35.9,8806.36,,,,0,12575.1
1881,1923,41,10000,50.99899999999463,35.9,8806.36,,,,0,12586.5
1882,1924,41,10000,50.99899999999463,35.9,8806.36,,,,0,12597.9
1883,1925,41,10000,50.99899999999463,35.9,8806.36,,,,0,12609.5
1884,1926,41,10000,50.99899999999463,36.66,8985.5,,,,0,12621.4
1885,1927,28,7001,34.00000000000162,36.4,8925.52,,,,0,12630.1
1886,1928,41,10000,50.99899999999463,36.4,8925.52,,,,0,12642.2
1887,1929,41,10000,50.99899999999463,36.4,8925.52,,,,0,12653.9
1888,1930,41,10000,50.99899999999463,36.88,9038.54,,,,0,12665.6
1889,1931,6,1743,6.742000000000172,36.44,8932.66,,,,0,12667.7
1890,1932,37,9178,45.176999999996546,36.36,8916.22,,,,0,12678.4
1891,1933,41,10000,50.99899999999463,36.36,8916.22,,,,0,12690.1
1892,1934,5,1493,5.492000000000089,35.64,8746.08,,,,0,12691.9
1893,1935,41,10000,50.99899999999463,35.64,8746.08,,,,0,12703.8
1894,1936,41,10000,50.99899999999463,35.64,8746.08,,,,0,12715.8
1895,1937,19,4858,22.857000000001403,35.2,8643.24,,,,0,12721.5
1896,1938,41,10000,50.99899999999463,35.2,8643.24,,,,0,12733.4
1897,1939,33,8224,40.22299999999877,35.04,8607.72,,,,0,12743.0
1898,1940,41,10000,50.99899999999463,35.36,8681.4,,,,0,12754.8
1899,1941,41,10000,50.99899999999463,35.36,8681.4,,,,0,12766.4
1900,1942,41,10000,50.99899999999463,35.36,8681.4,,,,0,12778.0
1901,1943,41,10000,50.99899999999463,35.36,8681.4,,,,0,12789.7
1902,1944,41,10000,50.99899999999463,35.36,8681.4,,,,0,12801.1
1903,1945,41,10000,50.99899999999463,35.36,8681.4,,,,0,12812.7
1904,1946,41,10000,50.99899999999463,35.36,8681.4,,,,0,12824.5
1905,1947,41,10000,50.99899999999463,35.5,8711.86,,,,0,12836.5
1906,1948,41,10000,50.99899999999463,35.78,8776.88,,,,0,12848.3
1907,1949,41,10000,50.99899999999463,36.22,8879.76,,,,0,12859.2
1908,1950,41,10000,50.99899999999463,36.22,8879.76,,,,0,12870.4
1909,1951,41,10000,50.99899999999463,36.22,8879.76,,,,0,12881.8
1910,1952,41,10000,50.99899999999463,36.22,8879.76,,,,0,12893.0
1911,1953,11,2932,12.930999999999534,36.26,8889.46,,,,0,12896.3
1912,1954,41,10000,50.99899999999463,36.26,8889.46,,,,0,12907.6
1913,1955,41,10000,50.99899999999463,36.92,9044.58,,,,0,12918.8
1914,1956,11,2914,12.912999999999544,36.32,8902.86,,,,0,12922.1
1915,1957,41,10000,50.99899999999463,36.32,8902.86,,,,0,12933.7
1916,1958,41,10000,50.99899999999463,36.32,8902.86,,,,0,12945.3
1917,1959,41,10000,50.99899999999463,36.32,8902.86,,,,0,12957.0
1918,1960,36,8909,43.90799999999717,36.22,8881.04,,,,0,12967.5
1919,1961,41,10000,50.99899999999463,36.22,8881.04,,,,0,12978.9
1920,1962,41,10000,50.99899999999463,36.22,8881.04,,,,0,12990.4
1921,1963,41,10000,50.99899999999463,36.22,8881.04,,,,0,13002.1
1922,1964,41,10000,50.99899999999463,36.22,8881.04,,,,0,13013.6
1923,1965,41,10000,50.99899999999463,36.52,8950.76,,,,0,13025.3
1924,1966,41,10000,50.99899999999463,36.52,8950.76,,,,0,13037.2
1925,1967,41,10000,50.99899999999463,36.52,8950.76,,,,0,13048.9
1926,1968,41,10000,50.99899999999463,37.34,9145.04,,,,0,13060.6
1927,1969,41,10000,50.99899999999463,37.34,9145.04,,,,0,13072.5
1928,1970,41,10000,50.99899999999463,37.34,9145.04,,,,0,13084.0
1929,1971,9,2429,10.427999999999813,36.7,8993.62,,,,0,13086.8
1930,1972,41,10000,50.99899999999463,36.7,8993.62,,,,0,13098.7
1931,1973,11,2914,12.912999999999544,36.1,8851.9,,,,0,13102.2
1932,1974,41,10000,50.99899999999463,36.1,8851.9,,,,0,13113.9
1933,1975,41,10000,50.99899999999463,36.1,8851.9,,,,0,13125.8
1934,1976,41,10000,50.99899999999463,36.1,8851.9,,,,0,13137.3
1935,1977,41,10000,50.99899999999463,36.36,8911.88,,,,0,13149.0
1936,1978,41,10000,50.99899999999463,36.36,8911.88,,,,0,13160.9
1937,1979,0,323,-0.6779999999999997,35.54,8718.34,,,,0,13161.3
1938,1980,19,4858,22.857000000001403,35.1,8615.5,,,,0,13167.1
1939,1981,41,10000,50.99899999999463,35.8,8780.64,,,,0,13179.4
1940,1982,41,10000,50.99899999999463,35.88,8797.08,,,,0,13191.2
1941,1983,41,10000,50.99899999999463,35.88,8797.08,,,,0,13203.1
1942,1984,25,6298,30.297000000003163,36.28,8893.18,,,,0,13210.6
1943,1985,41,10000,50.99899999999463,36.28,8893.18,,,,0,13224.2
1944,1986,41,10000,50.99899999999463,36.28,8893.18,,,,0,13237.8
1945,1987,41,10000,50.99899999999463,36.72,8996.02,,,,0,13252.0
1946,1988,41,10000,50.99899999999463,36.72,8996.02,,,,0,13265.0
1947,1989,31,7756,37.75499999999986,36.68,8986.66,,,,0,13274.5
1948,1990,41,10000,50.99899999999463,36.68,8986.66,,,,0,13287.0
1949,1991,41,10000,50.99899999999463,36.68,8986.66,,,,0,13298.8
1950,1992,41,10000,50.99899999999463,36.68,8986.66,,,,0,13310.5
1951,1993,19,4839,22.83800000000138,36.24,8883.44,,,,0,13316.3
1952,1994,41,10000,50.99899999999463,36.24,8883.44,,,,0,13328.1
1953,1995,41,10000,50.99899999999463,36.24,8883.44,,,,0,13340.2
1954,1996,41,10000,50.99899999999463,36.24,8883.44,,,,0,13352.1
1955,1997,10,2681,11.679999999999673,35.62,8737.06,,,,0,13355.4
1956,1998,41,10000,50.99899999999463,35.62,8737.06,,,,0,13367.1
1957,1999,27,6767,32.766000000002165,35.34,8672.4,,,,0,13375.1
1958,2000,41,10000,50.99899999999463,35.34,8672.4,,,,0,13387.1
1959,2001,41,10000,50.99899999999463,35.34,8672.4,,,,0,13399.0
1960,2002,41,10000,50.99899999999463,35.34,8672.4,,,,0,13410.6
1961,2003,41,10000,50.99899999999463,35.94,8813.76,,,,0,13422.6
1962,2004,41,10000,50.99899999999463,35.94,8813.76,,,,0,13434.5
1963,2005,41,10000,50.99899999999463,35.94,8813.76,,,,0,13446.4
1964,2006,41,10000,50.99899999999463,36.54,8955.48,,,,0,13458.3
1965,2007,41,10000,50.99899999999463,36.54,8955.48,,,,0,13470.3
1966,2008,41,10000,50.99899999999463,36.54,8955.48,,,,0,13482.2
1967,2009,41,10000,50.99899999999463,36.54,8955.48,,,,0,13493.9
1968,2010,41,10000,50.99899999999463,36.64,8977.3,,,,0,13505.9
1969,2011,24,5848,28.847000000002613,36.3,8894.26,,,,0,13513.0
1970,2012,41,10000,50.99899999999463,36.3,8894.26,,,,0,13525.1
1971,2013,41,10000,50.99899999999463,36.3,8894.26,,,,0,13537.1
1972,2014,41,10000,50.99899999999463,36.3,8894.26,,,,0,13549.2
1973,2015,35,8692,42.69099999999768,36.18,8868.1,,,,0,13559.6
1974,2016,41,10000,50.99899999999463,36.18,8868.1,,,,0,13571.7
1975,2017,30,7469,36.46800000000053,35.96,8817.48,,,,0,13581.0
1976,2018,41,10000,50.99899999999463,35.96,8817.48,,,,0,13593.2
1977,2019,41,10000,50.99899999999463,35.96,8817.48,,,,0,13605.1
1978,2020,40,9875,48.87399999999492,35.94,8814.98,,,,0,13617.1
1979,2021,32,7972,38.97099999999936,36.4,8925.84,,,,0,13627.0
1980,2022,39,9646,47.644999999995456,36.36,8918.76,,,,0,13638.5
1981,2023,41,10000,50.99899999999463,36.96,9060.48,,,,0,13651.5
1982,2024,41,10000,50.99899999999463,36.96,9060.48,,,,0,13663.6
1983,2025,41,10000,50.99899999999463,36.96,9060.48,,,,0,13675.9
1984,2026,41,10000,50.99899999999463,36.96,9060.48,,,,0,13687.8
1985,2027,21,5327,25.326000000001976,36.56,8967.02,,,,0,13694.1
1986,2028,25,6298,30.297000000003163,36.24,8892.98,,,,0,13701.5
1987,2029,41,10000,50.99899999999463,37.06,9086.52,,,,0,13713.2
1988,2030,41,10000,50.99899999999463,37.5,9189.36,,,,0,13725.1
1989,2031,41,10000,50.99899999999463,37.5,9189.36,,,,0,13737.2
1990,2032,39,9665,47.66399999999541,37.46,9182.66,,,,0,13749.2
1991,2033,41,10000,50.99899999999463,37.46,9182.66,,,,0,13761.0
1992,2034,41,10000,50.99899999999463,37.78,9256.7,,,,0,13772.5
1993,2035,41,10000,50.99899999999463,37.78,9256.7,,,,0,13784.2
1994,2036,41,10000,50.99899999999463,37.78,9256.7,,,,0,13796.1
1995,2037,41,10000,50.99899999999463,37.78,9256.7,,,,0,13808.1
1996,2038,41,10000,50.99899999999463,37.78,9256.7,,,,0,13820.3
1997,2039,22,5575,26.57400000000228,37.6,9213.08,,,,0,13827.0
1998,2040,41,10000,50.99899999999463,37.6,9213.08,,,,0,13838.8
1999,2041,41,10000,50.99899999999463,37.6,9213.08,,,,0,13851.0
2000,2042,41,10000,50.99899999999463,37.6,9213.08,1.45,378.8,0.5,0,13875.5
2001,2043,41,10000,50.99899999999463,38.04,9316.3,,,,0,13886.9
2002,2044,13,3400,15.39899999999962,37.48,9184.3,,,,0,13891.0
2003,2045,41,10000,50.99899999999463,37.48,9184.3,,,,0,13902.7
2004,2046,41,10000,50.99899999999463,37.48,9184.3,,,,0,13913.8
2005,2047,4,1276,4.275000000000016,37.36,9156.2,,,,0,13915.2
2006,2048,34,8429,41.42799999999829,37.22,9124.78,,,,0,13924.5
2007,2049,41,10000,50.99899999999463,37.5,9189.44,,,,0,13935.6
2008,2050,41,10000,50.99899999999463,37.5,9189.44,,,,0,13946.7
2009,2051,41,10000,50.99899999999463,37.5,9189.44,,,,0,13958.2
2010,2052,13,3437,15.435999999999666,36.94,9058.18,,,,0,13962.2
2011,2053,41,10000,50.99899999999463,36.94,9058.18,,,,0,13973.5
2012,2054,41,10000,50.99899999999463,36.94,9058.18,,,,0,13984.3
2013,2055,19,4876,22.875000000001425,36.5,8955.7,,,,0,13989.6
2014,2056,41,10000,50.99899999999463,36.5,8955.7,,,,0,14001.1
2015,2057,41,10000,50.99899999999463,36.5,8955.7,,,,0,14012.0
2016,2058,41,10000,50.99899999999463,36.5,8955.7,,,,0,14023.0
2017,2059,2,766,1.7649999999999517,35.72,8771.02,,,,0,14023.8
2018,2060,41,10000,50.99899999999463,35.72,8771.02,,,,0,14035.1
2019,2061,41,10000,50.99899999999463,36.06,8854.06,,,,0,14046.9
2020,2062,41,10000,50.99899999999463,36.06,8854.06,,,,0,14058.7
2021,2063,41,10000,50.99899999999463,36.06,8854.06,,,,0,14069.7
2022,2064,41,10000,50.99899999999463,36.06,8854.06,,,,0,14080.3
2023,2065,41,10000,50.99899999999463,36.18,8880.22,,,,0,14091.2
2024,2066,41,10000,50.99899999999463,36.18,8880.22,,,,0,14101.9
2025,2067,31,7756,37.75499999999986,36.2,8885.96,,,,0,14110.3
2026,2068,41,10000,50.99899999999463,36.2,8885.96,,,,0,14121.7
2027,2069,41,10000,50.99899999999463,36.2,8885.96,,,,0,14132.6
2028,2070,41,10000,50.99899999999463,36.22,8888.46,,,,0,14143.4
2029,2071,41,10000,50.99899999999463,36.4,8929.02,,,,0,14154.4
2030,2072,41,10000,50.99899999999463,36.44,8936.1,,,,0,14165.2
2031,2073,29,7270,35.26900000000099,36.2,8881.5,,,,0,14173.3
2032,2074,41,10000,50.99899999999463,36.2,8881.5,,,,0,14184.6
2033,2075,41,10000,50.99899999999463,36.2,8881.5,,,,0,14195.9
2034,2076,41,10000,50.99899999999463,36.2,8881.5,,,,0,14207.0
2035,2077,30,7486,36.48500000000049,36.38,8924.68,,,,0,14215.4
2036,2078,41,10000,50.99899999999463,36.7,8998.72,,,,0,14226.5
2037,2079,41,10000,50.99899999999463,36.7,8998.72,,,,0,14237.4
2038,2080,6,1723,6.722000000000166,36.0,8833.18,,,,0,14239.4
2039,2081,11,2951,12.949999999999523,35.4,8692.2,,,,0,14242.6
2040,2082,41,10000,50.99899999999463,35.44,8698.9,,,,0,14253.5
2041,2083,41,10000,50.99899999999463,35.44,8698.9,,,,0,14264.5
2042,2084,41,10000,50.99899999999463,35.44,8698.9,,,,0,14275.0
2043,2085,41,10000,50.99899999999463,35.44,8698.9,,,,0,14285.7
2044,2086,41,10000,50.99899999999463,35.44,8698.9,,,,0,14296.9
2045,2087,41,10000,50.99899999999463,35.44,8698.9,,,,0,14308.2
2046,2088,41,10000,50.99899999999463,35.44,8698.9,,,,0,14319.2
2047,2089,41,10000,50.99899999999463,35.82,8787.4,,,,0,14329.8
2048,2090,41,10000,50.99899999999463,35.82,8787.4,,,,0,14340.4
2049,2091,41,10000,50.99899999999463,35.82,8787.4,,,,0,14351.0
2050,2092,41,10000,50.99899999999463,35.82,8787.4,,,,0,14361.6
2051,2093,1,551,0.5499999999999754,35.02,8598.42,,,,0,14362.2
2052,2094,41,10000,50.99899999999463,35.58,8730.42,,,,0,14373.6
2053,2095,41,10000,50.99899999999463,35.58,8730.42,,,,0,14385.6
2054,2096,41,10000,50.99899999999463,35.58,8730.42,,,,0,14396.6
2055,2097,41,10000,50.99899999999463,36.32,8904.9,,,,0,14407.4
2056,2098,41,10000,50.99899999999463,36.46,8936.32,,,,0,14418.4
2057,2099,41,10000,50.99899999999463,36.46,8936.32,,,,0,14429.6
2058,2100,41,10000,50.99899999999463,36.46,8936.32,,,,0,14440.5
2059,2101,41,10000,50.99899999999463,36.46,8936.32,,,,0,14451.3
2060,2102,41,10000,50.99899999999463,37.02,9067.58,,,,0,14461.6
2061,2103,41,10000,50.99899999999463,37.02,9067.58,,,,0,14472.3
2062,2104,41,10000,50.99899999999463,37.02,9067.58,,,,0,14482.8
2063,2105,41,10000,50.99899999999463,37.46,9170.06,,,,0,14493.2
2064,2106,21,5326,25.325000000001975,37.06,9076.58,,,,0,14498.8
2065,2107,41,10000,50.99899999999463,37.06,9076.58,,,,0,14509.6
2066,2108,41,10000,50.99899999999463,37.06,9076.58,,,,0,14520.2
2067,2109,41,10000,50.99899999999463,37.84,9261.26,,,,0,14530.9
2068,2110,41,10000,50.99899999999463,37.84,9261.26,,,,0,14541.7
2069,2111,41,10000,50.99899999999463,37.84,9261.26,,,,0,14552.6
2070,2112,4,1276,4.275000000000016,37.1,9086.78,,,,0,14553.9
2071,2113,41,10000,50.99899999999463,37.1,9086.78,,,,0,14565.2
2072,2114,41,10000,50.99899999999463,37.1,9086.78,,,,0,14577.0
2073,2115,24,6083,29.0820000000029,36.76,9008.44,,,,0,14584.1
2074,2116,41,10000,50.99899999999463,36.76,9008.44,,,,0,14595.0
2075,2117,39,9682,47.68099999999537,36.92,9046.96,,,,0,14605.3
2076,2118,41,10000,50.99899999999463,36.92,9046.96,,,,0,14615.9
2077,2119,26,6532,31.531000000002713,36.62,8977.6,,,,0,14623.3
2078,2120,41,10000,50.99899999999463,36.62,8977.6,,,,0,14634.8
2079,2121,41,10000,50.99899999999463,36.62,8977.6,,,,0,14645.8
2080,2122,41,10000,50.99899999999463,36.62,8977.6,,,,0,14656.6
2081,2123,41,10000,50.99899999999463,36.86,9032.2,,,,0,14667.4
2082,2124,41,10000,50.99899999999463,36.86,9032.2,,,,0,14678.2
2083,2125,41,10000,50.99899999999463,36.86,9032.2,,,,0,14689.2
2084,2126,41,10000,50.99899999999463,36.86,9032.2,,,,0,14700.1
2085,2127,41,10000,50.99899999999463,37.08,9082.48,,,,0,14711.2
2086,2128,41,10000,50.99899999999463,37.08,9082.48,,,,0,14722.0
2087,2129,41,10000,50.99899999999463,37.08,9082.48,,,,0,14732.5
2088,2130,41,10000,50.99899999999463,37.78,9248.02,,,,0,14743.0
2089,2131,41,10000,50.99899999999463,38.38,9389.0,,,,0,14753.8
2090,2132,41,10000,50.99899999999463,38.38,9389.0,,,,0,14764.2
2091,2133,41,10000,50.99899999999463,38.38,9389.0,,,,0,14774.6
2092,2134,14,3670,16.66899999999995,37.84,9262.4,,,,0,14778.3
2093,2135,41,10000,50.99899999999463,37.84,9262.4,,,,0,14788.8
2094,2136,41,10000,50.99899999999463,37.84,9262.4,,,,0,14799.5
2095,2137,41,10000,50.99899999999463,37.84,9262.4,,,,0,14810.2
2096,2138,41,10000,50.99899999999463,37.84,9262.4,,,,0,14820.5
2097,2139,34,8441,41.439999999998264,37.7,9231.22,,,,0,14829.5
2098,2140,41,10000,50.99899999999463,37.7,9231.22,,,,0,14840.1
2099,2141,41,10000,50.99899999999463,37.7,9231.22,,,,0,14850.3
2100,2142,41,10000,50.99899999999463,37.7,9231.22,,,,0,14861.1
2101,2143,41,10000,50.99899999999463,38.5,9420.2,,,,0,14872.0
2102,2144,14,3653,16.65199999999993,37.96,9293.26,,,,0,14875.8
2103,2145,41,10000,50.99899999999463,37.96,9293.26,,,,0,14886.5
2104,2146,41,10000,50.99899999999463,37.96,9293.26,,,,0,14897.4
2105,2147,41,10000,50.99899999999463,37.96,9293.26,,,,0,14908.1
2106,2148,41,10000,50.99899999999463,37.96,9293.26,,,,0,14918.7
2107,2149,41,10000,50.99899999999463,37.96,9293.26,,,,0,14929.6
2108,2150,41,10000,50.99899999999463,37.96,9293.26,,,,0,14940.1
2109,2151,41,10000,50.99899999999463,37.96,9293.26,,,,0,14950.9
2110,2152,41,10000,50.99899999999463,37.96,9293.26,,,,0,14962.0
2111,2153,41,10000,50.99899999999463,37.96,9293.26,,,,0,14973.0
2112,2154,41,10000,50.99899999999463,37.96,9293.26,,,,0,14983.9
2113,2155,41,10000,50.99899999999463,37.96,9293.26,,,,0,14994.6
2114,2156,41,10000,50.99899999999463,38.36,9386.74,,,,0,15005.3
2115,2157,7,1960,7.9590000000000725,37.68,9225.94,,,,0,15007.5
2116,2158,41,10000,50.99899999999463,37.68,9225.94,,,,0,15018.5
2117,2159,41,10000,50.99899999999463,37.68,9225.94,,,,0,15029.1
2118,2160,41,10000,50.99899999999463,37.68,9225.94,,,,0,15040.0
2119,2161,41,10000,50.99899999999463,37.68,9225.94,,,,0,15050.6
2120,2162,41,10000,50.99899999999463,38.42,9400.42,,,,0,15061.2
2121,2163,41,10000,50.99899999999463,38.42,9400.42,,,,0,15072.1
2122,2164,41,10000,50.99899999999463,38.42,9400.42,,,,0,15082.8
2123,2165,41,10000,50.99899999999463,38.76,9478.76,,,,0,15093.7
2124,2166,41,10000,50.99899999999463,38.76,9478.76,,,,0,15105.7
2125,2167,41,10000,50.99899999999463,38.8,9485.12,,,,0,15120.2
2126,2168,41,10000,50.99899999999463,38.8,9485.12,,,,0,15133.4
2127,2169,41,10000,50.99899999999463,39.1,9554.48,,,,0,15144.7
2128,2170,21,5128,25.127000000001733,38.7,9457.04,,,,0,15150.2
2129,2171,41,10000,50.99899999999463,38.7,9457.04,,,,0,15161.1
2130,2172,41,10000,50.99899999999463,38.7,9457.04,,,,0,15172.7
2131,2173,22,5561,26.560000000002262,38.32,9368.26,,,,0,15179.1
2132,2174,41,10000,50.99899999999463,38.32,9368.26,,,,0,15190.6
2133,2175,41,10000,50.99899999999463,38.32,9368.26,,,,0,15201.7
2134,2176,21,5129,25.128000000001734,37.92,9270.84,,,,0,15207.2
2135,2177,41,10000,50.99899999999463,37.92,9270.84,,,,0,15218.4
2136,2178,41,10000,50.99899999999463,37.92,9270.84,,,,0,15229.7
2137,2179,41,10000,50.99899999999463,37.92,9270.84,,,,0,15240.4
2138,2180,41,10000,50.99899999999463,37.92,9270.84,,,,0,15251.3
2139,2181,41,10000,50.99899999999463,37.92,9270.84,,,,0,15262.6
2140,2182,41,10000,50.99899999999463,37.92,9270.84,,,,0,15273.4
2141,2183,41,10000,50.99899999999463,37.92,9270.84,,,,0,15284.3
2142,2184,41,10000,50.99899999999463,38.46,9397.44,,,,0,15294.9
2143,2185,41,10000,50.99899999999463,38.46,9397.44,,,,0,15305.8
2144,2186,35,8671,42.66999999999773,38.34,9370.86,,,,0,15315.2
2145,2187,15,3904,17.903000000000237,37.82,9248.94,,,,0,15319.4
2146,2188,37,9178,45.176999999996546,37.74,9232.5,,,,0,15329.7
2147,2189,37,9196,45.194999999996504,37.8,9247.6,,,,0,15340.4
2148,2190,41,10000,50.99899999999463,37.8,9247.6,,,,0,15351.7
2149,2191,41,10000,50.99899999999463,37.8,9247.6,,,,0,15362.2
2150,2192,41,10000,50.99899999999463,37.8,9247.6,,,,0,15373.0
2151,2193,41,10000,50.99899999999463,37.8,9247.6,,,,0,15383.6
2152,2194,41,10000,50.99899999999463,38.34,9374.54,,,,0,15394.2
2153,2195,41,10000,50.99899999999463,38.34,9374.54,,,,0,15404.8
2154,2196,12,3199,14.197999999999386,37.76,9238.52,,,,0,15408.1
2155,2197,3,1042,3.040999999999939,37.0,9059.36,,,,0,15409.2
2156,2198,41,10000,50.99899999999463,37.0,9059.36,,,,0,15420.1
2157,2199,41,10000,50.99899999999463,37.0,9059.36,,,,0,15431.4
2158,2200,9,2464,10.462999999999793,36.36,8908.64,,,,0,15434.0
2159,2201,41,10000,50.99899999999463,36.36,8908.64,,,,0,15444.9
2160,2202,41,10000,50.99899999999463,36.36,8908.64,,,,0,15455.8
2161,2203,40,9898,48.89699999999487,36.34,8906.6,,,,0,15466.6
2162,2204,41,10000,50.99899999999463,36.34,8906.6,,,,0,15477.6
2163,2205,41,10000,50.99899999999463,36.34,8906.6,,,,0,15488.7
2164,2206,41,10000,50.99899999999463,36.34,8906.6,,,,0,15499.4
2165,2207,41,10000,50.99899999999463,37.02,9067.4,,,,0,15510.5
2166,2208,41,10000,50.99899999999463,37.02,9067.4,,,,0,15521.7
2167,2209,41,10000,50.99899999999463,37.02,9067.4,,,,0,15532.6
2168,2210,41,10000,50.99899999999463,37.02,9067.4,,,,0,15543.5
2169,2211,41,10000,50.99899999999463,37.02,9067.4,,,,0,15554.1
2170,2212,41,10000,50.99899999999463,37.02,9067.4,,,,0,15564.9
2171,2213,41,10000,50.99899999999463,37.02,9067.4,,,,0,15575.9
2172,2214,36,8962,43.96099999999705,36.92,9046.64,,,,0,15585.6
2173,2215,41,10000,50.99899999999463,36.92,9046.64,,,,0,15596.6
2174,2216,41,10000,50.99899999999463,36.92,9046.64,,,,0,15607.2
2175,2217,41,10000,50.99899999999463,36.92,9046.64,,,,0,15618.0
2176,2218,41,10000,50.99899999999463,36.92,9046.64,,,,0,15629.1
2177,2219,41,10000,50.99899999999463,36.92,9046.64,,,,0,15640.1
2178,2220,41,10000,50.99899999999463,37.32,9144.08,,,,0,15650.8
2179,2221,41,10000,50.99899999999463,37.32,9144.08,,,,0,15661.8
2180,2222,6,1762,6.761000000000179,36.62,8979.32,,,,0,15663.7
2181,2223,41,10000,50.99899999999463,37.0,9068.1,,,,0,15674.1
2182,2224,41,10000,50.99899999999463,37.0,9068.1,,,,0,15685.0
2183,2225,40,9869,48.867999999994936,36.98,9065.48,,,,0,15695.6
2184,2226,0,322,-0.6789999999999998,36.56,8969.34,,,,0,15696.0
2185,2227,12,3203,14.201999999999384,35.98,8833.4,,,,0,15699.4
2186,2228,41,10000,50.99899999999463,35.98,8833.4,,,,0,15710.1
2187,2229,41,10000,50.99899999999463,35.98,8833.4,,,,0,15720.9
2188,2230,41,10000,50.99899999999463,35.98,8833.4,,,,0,15731.6
2189,2231,27,6802,32.801000000002084,35.7,8769.44,,,,0,15739.3
2190,2232,41,10000,50.99899999999463,35.7,8769.44,,,,0,15750.4
2191,2233,41,10000,50.99899999999463,35.7,8769.44,,,,0,15761.2
2192,2234,19,4876,22.875000000001425,35.26,8666.96,,,,0,15766.6
2193,2235,41,10000,50.99899999999463,35.26,8666.96,,,,0,15777.4
2194,2236,41,10000,50.99899999999463,35.38,8693.54,,,,0,15788.2
2195,2237,31,7757,37.75599999999986,35.7,8770.6,,,,0,15796.4
2196,2238,41,10000,50.99899999999463,35.78,8787.04,,,,0,15807.6
2197,2239,41,10000,50.99899999999463,35.86,8803.12,,,,0,15818.6
2198,2240,41,10000,50.99899999999463,35.86,8803.12,,,,0,15829.6
2199,2241,41,10000,50.99899999999463,35.86,8803.12,,,,0,15840.6
2200,2242,41,10000,50.99899999999463,35.86,8803.12,,,,0,15851.4
2201,2243,41,10000,50.99899999999463,35.86,8803.12,,,,0,15862.4
2202,2244,34,8431,41.42999999999829,35.72,8771.74,,,,0,15871.8
2203,2245,41,10000,50.99899999999463,35.72,8771.74,,,,0,15882.5
2204,2246,41,10000,50.99899999999463,36.3,8907.76,,,,0,15893.1
2205,2247,41,10000,50.99899999999463,37.06,9086.92,,,,0,15904.0
2206,2248,41,10000,50.99899999999463,37.06,9086.92,,,,0,15914.9
2207,2249,41,10000,50.99899999999463,37.06,9086.92,,,,0,15926.0
2208,2250,41,10000,50.99899999999463,37.7,9237.64,,,,0,15936.9
2209,2251,41,10000,50.99899999999463,37.7,9237.64,,,,0,15947.8
2210,2252,41,10000,50.99899999999463,37.7,9237.64,,,,0,15958.2
2211,2253,41,10000,50.99899999999463,37.72,9239.68,,,,0,15968.9
2212,2254,41,10000,50.99899999999463,37.72,9239.68,,,,0,15979.9
2213,2255,41,10000,50.99899999999463,37.72,9239.68,,,,0,15990.9
2214,2256,41,10000,50.99899999999463,37.72,9239.68,,,,0,16002.0
2215,2257,41,10000,50.99899999999463,37.72,9239.68,,,,0,16013.7
2216,2258,41,10000,50.99899999999463,37.72,9239.68,,,,0,16025.0
2217,2259,41,10000,50.99899999999463,37.72,9239.68,,,,0,16037.4
2218,2260,33,8201,40.19999999999882,37.56,9203.7,,,,0,16047.0
2219,2261,41,10000,50.99899999999463,37.56,9203.7,,,,0,16057.8
2220,2262,41,10000,50.99899999999463,37.56,9203.7,,,,0,16068.5
2221,2263,41,10000,50.99899999999463,37.56,9203.7,,,,0,16079.3
2222,2264,41,10000,50.99899999999463,37.66,9224.46,,,,0,16090.2
2223,2265,41,10000,50.99899999999463,37.66,9224.46,,,,0,16101.1
2224,2266,41,10000,50.99899999999463,37.66,9224.46,,,,0,16112.1
2225,2267,41,10000,50.99899999999463,37.66,9224.46,,,,0,16123.0
2226,2268,41,10000,50.99899999999463,37.66,9224.46,,,,0,16133.7
2227,2269,41,10000,50.99899999999463,37.66,9224.46,,,,0,16144.6
2228,2270,41,10000,50.99899999999463,37.66,9224.46,,,,0,16155.6
2229,2271,41,10000,50.99899999999463,37.66,9224.46,,,,0,16166.5
2230,2272,41,10000,50.99899999999463,38.36,9389.22,,,,0,16177.4
2231,2273,13,3419,15.417999999999644,37.8,9257.6,,,,0,16181.2
2232,2274,41,10000,50.99899999999463,37.8,9257.6,,,,0,16192.1
2233,2275,41,10000,50.99899999999463,37.82,9260.22,,,,0,16202.5
2234,2276,41,10000,50.99899999999463,38.64,9453.78,,,,0,16213.1
2235,2277,41,10000,50.99899999999463,39.22,9589.72,,,,0,16224.2
2236,2278,41,10000,50.99899999999463,39.22,9589.72,,,,0,16235.9
2237,2279,41,10000,50.99899999999463,39.22,9589.72,,,,0,16247.6
2238,2280,30,7522,36.521000000000406,39.0,9540.16,,,,0,16255.6
2239,2281,41,10000,50.99899999999463,39.28,9604.12,,,,0,16266.5
2240,2282,41,10000,50.99899999999463,39.28,9604.12,,,,0,16277.6
2241,2283,41,10000,50.99899999999463,39.28,9604.12,,,,0,16288.4
2242,2284,41,10000,50.99899999999463,39.72,9706.6,,,,0,16299.1
2243,2285,41,10000,50.99899999999463,39.72,9706.6,,,,0,16310.1
2244,2286,41,10000,50.99899999999463,39.72,9706.6,,,,0,16320.7
2245,2287,41,10000,50.99899999999463,39.92,9751.46,,,,0,16331.4
2246,2288,41,10000,50.99899999999463,39.92,9751.46,,,,0,16342.4
2247,2289,33,8243,40.241999999998725,39.76,9716.32,,,,0,16351.8
2248,2290,41,10000,50.99899999999463,39.76,9716.32,,,,0,16363.2
2249,2291,41,10000,50.99899999999463,39.76,9716.32,,,,0,16374.4
2250,2292,41,10000,50.99899999999463,39.76,9716.32,,,,0,16385.1
2251,2293,41,10000,50.99899999999463,39.76,9716.32,,,,0,16395.7
2252,2294,41,10000,50.99899999999463,39.9,9747.7,,,,0,16406.6
2253,2295,41,10000,50.99899999999463,39.9,9747.7,,,,0,16417.6
2254,2296,41,10000,50.99899999999463,39.9,9747.7,,,,0,16428.7
2255,2297,41,10000,50.99899999999463,39.9,9747.7,,,,0,16440.1
2256,2298,25,6269,30.268000000003127,39.58,9673.08,,,,0,16447.0
2257,2299,41,10000,50.99899999999463,39.58,9673.08,,,,0,16458.6
2258,2300,41,10000,50.99899999999463,39.58,9673.08,,,,0,16469.8
2259,2301,41,10000,50.99899999999463,39.58,9673.08,,,,0,16480.5
2260,2302,41,10000,50.99899999999463,39.58,9673.08,,,,0,16491.5
2261,2303,41,10000,50.99899999999463,39.58,9673.08,,,,0,16502.8
2262,2304,41,10000,50.99899999999463,39.58,9673.08,,,,0,16513.8
2263,2305,41,10000,50.99899999999463,39.58,9673.08,,,,0,16524.8
2264,2306,30,7523,36.5220000000004,39.36,9623.54,,,,0,16532.9
2265,2307,41,10000,50.99899999999463,39.36,9623.54,,,,0,16543.9
2266,2308,41,10000,50.99899999999463,39.36,9623.54,,,,0,16554.6
2267,2309,41,10000,50.99899999999463,39.36,9623.54,,,,0,16565.6
2268,2310,41,10000,50.99899999999463,39.52,9659.52,,,,0,16576.2
2269,2311,24,6046,29.045000000002855,39.18,9580.44,,,,0,16582.5
2270,2312,41,10000,50.99899999999463,39.18,9580.44,,,,0,16593.2
2271,2313,0,304,-0.6969999999999998,38.36,9386.52,,,,0,16593.5
2272,2314,41,10000,50.99899999999463,38.36,9386.52,,,,0,16604.3
2273,2315,41,10000,50.99899999999463,38.36,9386.52,,,,0,16615.0
2274,2316,41,10000,50.99899999999463,38.36,9386.52,,,,0,16625.9
2275,2317,30,7522,36.521000000000406,38.14,9336.96,,,,0,16633.9
2276,2318,41,10000,50.99899999999463,38.14,9336.96,,,,0,16643.8
2277,2319,41,10000,50.99899999999463,38.14,9336.96,,,,0,16654.2
2278,2320,41,10000,50.99899999999463,38.14,9336.96,,,,0,16664.3
2279,2321,41,10000,50.99899999999463,38.14,9336.96,,,,0,16675.0
2280,2322,41,10000,50.99899999999463,38.14,9336.96,,,,0,16685.3
2281,2323,41,10000,50.99899999999463,38.7,9468.58,,,,0,16696.0
2282,2324,25,6299,30.298000000003164,38.38,9394.56,,,,0,16705.5
2283,2325,41,10000,50.99899999999463,38.38,9394.56,,,,0,16723.2
2284,2326,41,10000,50.99899999999463,38.38,9394.56,,,,0,16741.8
2285,2327,41,10000,50.99899999999463,38.38,9394.56,,,,0,16759.4
2286,2328,41,10000,50.99899999999463,38.38,9394.56,,,,0,16775.7
2287,2329,41,10000,50.99899999999463,38.38,9394.56,,,,0,16793.3
2288,2330,41,10000,50.99899999999463,38.6,9444.12,,,,0,16809.6
2289,2331,41,10000,50.99899999999463,38.6,9444.12,,,,0,16826.3
2290,2332,16,4156,19.155000000000545,38.1,9327.24,,,,0,16834.0
2291,2333,41,10000,50.99899999999463,38.1,9327.24,,,,0,16854.5
2292,2334,41,10000,50.99899999999463,38.1,9327.24,,,,0,16876.1
2293,2335,41,10000,50.99899999999463,38.1,9327.24,,,,0,16894.4
2294,2336,41,10000,50.99899999999463,38.1,9327.24,,,,0,16911.9
2295,2337,41,10000,50.99899999999463,38.1,9327.24,,,,0,16929.7
2296,2338,41,10000,50.99899999999463,38.1,9327.24,,,,0,16948.3
2297,2339,41,10000,50.99899999999463,38.26,9362.38,,,,0,16966.5
2298,2340,0,322,-0.6789999999999998,37.44,9168.82,,,,0,16967.2
2299,2341,41,10000,50.99899999999463,37.44,9168.82,,,,0,16986.9
2300,2342,41,10000,50.99899999999463,37.44,9168.82,,,,0,17008.7
2301,2343,41,10000,50.99899999999463,37.44,9168.82,,,,0,17028.3
2302,2344,41,10000,50.99899999999463,37.44,9168.82,,,,0,17046.7
2303,2345,41,10000,50.99899999999463,37.44,9168.82,,,,0,17065.1
2304,2346,41,10000,50.99899999999463,37.44,9168.82,,,,0,17083.7
2305,2347,41,10000,50.99899999999463,37.44,9168.82,,,,0,17102.3
2306,2348,41,10000,50.99899999999463,37.76,9243.44,,,,0,17120.1
2307,2349,41,10000,50.99899999999463,37.76,9243.44,,,,0,17136.5
2308,2350,41,10000,50.99899999999463,37.76,9243.44,,,,0,17152.2
2309,2351,41,10000,50.99899999999463,37.76,9243.44,,,,0,17167.8
2310,2352,41,10000,50.99899999999463,37.76,9243.44,,,,0,17183.0
2311,2353,41,10000,50.99899999999463,37.76,9243.44,,,,0,17198.2
2312,2354,41,10000,50.99899999999463,37.76,9243.44,,,,0,17213.7
2313,2355,28,7019,34.01800000000158,37.5,9183.82,,,,0,17225.5
2314,2356,30,7522,36.521000000000406,37.5,9183.8,,,,0,17237.9
2315,2357,41,10000,50.99899999999463,37.5,9183.8,,,,0,17254.4
2316,2358,41,10000,50.99899999999463,37.5,9183.8,,,,0,17270.6
2317,2359,41,10000,50.99899999999463,37.5,9183.8,,,,0,17288.1
2318,2360,41,10000,50.99899999999463,37.5,9183.8,,,,0,17307.0
2319,2361,41,10000,50.99899999999463,37.84,9262.88,,,,0,17325.8
2320,2362,41,10000,50.99899999999463,37.84,9262.88,,,,0,17344.8
2321,2363,41,10000,50.99899999999463,38.66,9456.8,,,,0,17363.8
2322,2364,41,10000,50.99899999999463,38.66,9456.8,,,,0,17380.6
2323,2365,41,10000,50.99899999999463,38.66,9456.8,,,,0,17397.0
2324,2366,41,10000,50.99899999999463,38.66,9456.8,,,,0,17413.7
2325,2367,41,10000,50.99899999999463,38.88,9506.36,,,,0,17429.5
2326,2368,41,10000,50.99899999999463,38.88,9506.36,,,,0,17446.7
2327,2369,41,10000,50.99899999999463,38.88,9506.36,,,,0,17464.3
2328,2370,41,10000,50.99899999999463,38.88,9506.36,,,,0,17484.3
2329,2371,41,10000,50.99899999999463,38.88,9506.36,,,,0,17501.5
2330,2372,32,7986,38.984999999999324,38.7,9466.08,,,,0,17513.8
2331,2373,6,1709,6.708000000000161,38.0,9300.26,,,,0,17516.6
2332,2374,18,4624,21.623000000001117,37.86,9266.76,,,,0,17524.0
2333,2375,41,10000,50.99899999999463,37.86,9266.76,,,,0,17541.5
2334,2376,2,772,1.770999999999951,37.08,9082.2,,,,0,17542.8
2335,2377,41,10000,50.99899999999463,37.08,9082.2,,,,0,17559.6
2336,2378,41,10000,50.99899999999463,37.08,9082.2,,,,0,17574.2
2337,2379,41,10000,50.99899999999463,37.08,9082.2,,,,0,17588.7
2338,2380,41,10000,50.99899999999463,37.08,9082.2,,,,0,17603.5
2339,2381,33,8221,40.21999999999878,36.92,9046.62,,,,0,17615.6
2340,2382,41,10000,50.99899999999463,37.42,9163.5,,,,0,17630.5
2341,2383,24,6064,29.063000000002877,37.08,9084.78,,,,0,17640.0
2342,2384,41,10000,50.99899999999463,37.08,9084.78,,,,0,17660.0
2343,2385,41,10000,50.99899999999463,37.08,9084.78,,,,0,17679.2
2344,2386,41,10000,50.99899999999463,37.08,9084.78,,,,0,17696.2
2345,2387,41,10000,50.99899999999463,37.08,9084.78,,,,0,17711.1
2346,2388,41,10000,50.99899999999463,37.08,9084.78,,,,0,17725.8
2347,2389,41,10000,50.99899999999463,37.08,9084.78,,,,0,17740.8
2348,2390,41,10000,50.99899999999463,37.9,9278.34,,,,0,17756.0
2349,2391,41,10000,50.99899999999463,37.9,9278.34,,,,0,17770.8
2350,2392,41,10000,50.99899999999463,37.9,9278.34,,,,0,17785.6
2351,2393,41,10000,50.99899999999463,37.9,9278.34,,,,0,17800.5
2352,2394,41,10000,50.99899999999463,37.9,9278.34,,,,0,17815.2
2353,2395,41,10000,50.99899999999463,37.9,9278.34,,,,0,17829.6
2354,2396,41,10000,50.99899999999463,37.9,9278.34,,,,0,17844.6
2355,2397,41,10000,50.99899999999463,37.9,9278.34,,,,0,17859.7
2356,2398,5,1473,5.472000000000082,37.18,9107.8,,,,0,17861.8
2357,2399,41,10000,50.99899999999463,37.18,9107.8,,,,0,17877.4
2358,2400,41,10000,50.99899999999463,37.18,9107.8,,,,0,17892.6
2359,2401,18,4642,21.64100000000114,36.72,9000.64,,,,0,17899.7
2360,2402,41,10000,50.99899999999463,36.72,9000.64,,,,0,17914.5
2361,2403,5,1492,5.4910000000000885,36.0,8830.48,,,,0,17916.8
2362,2404,40,9895,48.893999999994875,35.98,8828.38,,,,0,17931.6
2363,2405,41,10000,50.99899999999463,36.24,8888.0,,,,0,17946.9
2364,2406,41,10000,50.99899999999463,36.46,8937.56,,,,0,17961.4
2365,2407,41,10000,50.99899999999463,36.46,8937.56,,,,0,17976.5
2366,2408,21,5128,25.127000000001733,36.06,8840.12,,,,0,17984.1
2367,2409,41,10000,50.99899999999463,36.06,8840.12,,,,0,17998.4
2368,2410,41,10000,50.99899999999463,36.06,8840.12,,,,0,18013.0
2369,2411,41,10000,50.99899999999463,36.06,8840.12,,,,0,18027.8
2370,2412,27,6802,32.801000000002084,35.78,8776.16,,,,0,18040.0
2371,2413,41,10000,50.99899999999463,35.78,8776.16,,,,0,18058.4
2372,2414,39,9449,47.447999999995915,35.74,8765.14,,,,0,18076.9
2373,2415,41,10000,50.99899999999463,35.74,8765.14,,,,0,18096.9
2374,2416,21,5362,25.36100000000202,35.34,8672.38,,,,0,18107.0
2375,2417,41,10000,50.99899999999463,35.34,8672.38,,,,0,18129.8
2376,2418,41,10000,50.99899999999463,35.34,8672.38,,,,0,18150.6
2377,2419,41,10000,50.99899999999463,35.34,8672.38,,,,0,18171.5
2378,2420,41,10000,50.99899999999463,35.34,8672.38,,,,0,18194.5
2379,2421,41,10000,50.99899999999463,35.34,8672.38,,,,0,18215.6
2380,2422,41,10000,50.99899999999463,35.52,8712.66,,,,0,18235.0
2381,2423,23,5812,27.81100000000257,35.86,8794.72,,,,0,18245.9
2382,2424,41,10000,50.99899999999463,36.32,8902.24,,,,0,18263.7
2383,2425,41,10000,50.99899999999463,36.32,8902.24,,,,0,18281.9
2384,2426,41,10000,50.99899999999463,37.1,9086.8,,,,0,18298.9
2385,2427,41,10000,50.99899999999463,37.1,9086.8,,,,0,18316.6
2386,2428,41,10000,50.99899999999463,37.1,9086.8,,,,0,18336.9
2387,2429,41,10000,50.99899999999463,37.1,9086.8,,,,0,18356.1
2388,2430,41,10000,50.99899999999463,37.1,9086.8,,,,0,18375.3
2389,2431,41,10000,50.99899999999463,37.26,9122.38,,,,0,18393.1
2390,2432,32,7954,38.9529999999994,37.08,9081.46,,,,0,18409.9
2391,2433,41,10000,50.99899999999463,37.42,9160.18,,,,0,18430.6
2392,2434,41,10000,50.99899999999463,37.42,9160.18,,,,0,18443.4
2393,2435,41,10000,50.99899999999463,37.42,9160.18,,,,0,18455.0
2394,2436,41,10000,50.99899999999463,37.42,9160.18,,,,0,18467.3
2395,2437,41,10000,50.99899999999463,37.42,9160.18,,,,0,18478.7
2396,2438,41,10000,50.99899999999463,37.42,9160.18,,,,0,18491.1
2397,2439,41,10000,50.99899999999463,37.42,9160.18,,,,0,18509.5
2398,2440,41,10000,50.99899999999463,37.42,9160.18,,,,0,18527.4
2399,2441,18,4624,21.623000000001117,36.96,9052.66,,,,0,18534.6
2400,2442,41,10000,50.99899999999463,36.96,9052.66,,,,0,18549.7
2401,2443,41,10000,50.99899999999463,36.96,9052.66,,,,0,18564.6
2402,2444,41,10000,50.99899999999463,36.96,9052.66,,,,0,18582.8
2403,2445,41,10000,50.99899999999463,36.96,9052.66,,,,0,18600.2
2404,2446,41,10000,50.99899999999463,36.96,9052.66,,,,0,18617.3
2405,2447,41,10000,50.99899999999463,36.96,9052.66,,,,0,18633.2
2406,2448,41,10000,50.99899999999463,37.68,9223.2,,,,0,18651.1
2407,2449,41,10000,50.99899999999463,37.68,9223.2,,,,0,18663.6
2408,2450,41,10000,50.99899999999463,37.68,9223.2,,,,0,18674.5
2409,2451,0,269,-0.7319999999999998,37.32,9135.74,,,,0,18674.7
2410,2452,41,10000,50.99899999999463,37.32,9135.74,,,,0,18685.1
2411,2453,41,10000,50.99899999999463,38.04,9305.9,,,,0,18696.0
2412,2454,41,10000,50.99899999999463,38.06,9308.0,,,,0,18707.1
2413,2455,38,9412,46.410999999996,38.0,9296.24,,,,0,18720.7
2414,2456,41,10000,50.99899999999463,38.0,9296.24,,,,0,18741.0
2415,2457,41,10000,50.99899999999463,38.0,9296.24,,,,0,18759.5
2416,2458,41,10000,50.99899999999463,38.4,9393.68,,,,0,18778.0
2417,2459,4,1240,4.239000000000004,37.66,9218.48,,,,0,18780.5
2418,2460,32,7987,38.98599999999932,37.48,9178.22,,,,0,18794.3
2419,2461,41,10000,50.99899999999463,37.48,9178.22,,,,0,18810.1
2420,2462,41,10000,50.99899999999463,37.76,9242.18,,,,0,18829.4
2421,2463,41,10000,50.99899999999463,37.76,9242.18,,,,0,18849.3
2422,2464,41,10000,50.99899999999463,37.8,9253.2,,,,0,18868.1
2423,2465,41,10000,50.99899999999463,37.8,9253.2,,,,0,18887.0
2424,2466,41,10000,50.99899999999463,38.2,9345.96,,,,0,18907.2
2425,2467,41,10000,50.99899999999463,38.2,9345.96,,,,0,18927.1
2426,2468,41,10000,50.99899999999463,38.2,9345.96,,,,0,18946.3
2427,2469,41,10000,50.99899999999463,38.2,9345.96,,,,0,18964.4
2428,2470,21,5344,25.343000000001997,37.8,9252.84,,,,0,18974.9
2429,2471,19,4829,22.828000000001367,37.36,9149.42,,,,0,18982.9
2430,2472,41,10000,50.99899999999463,37.36,9149.42,,,,0,18997.7
2431,2473,41,10000,50.99899999999463,37.72,9233.18,,,,0,19014.0
2432,2474,0,281,-0.7199999999999998,36.9,9038.8,,,,0,19014.5
2433,2475,10,2680,11.678999999999673,36.28,8892.4,,,,0,19020.1
2434,2476,41,10000,50.99899999999463,36.28,8892.4,,,,0,19037.6
2435,2477,12,2969,13.967999999999513,35.7,8751.78,,,,0,19043.3
2436,2478,23,5809,27.808000000002565,35.34,8667.96,,,,0,19055.1
2437,2479,41,10000,50.99899999999463,35.34,8667.96,,,,0,19076.0
2438,2480,41,10000,50.99899999999463,35.34,8667.96,,,,0,19100.5
2439,2481,29,7270,35.26900000000099,35.1,8613.36,,,,0,19117.5
2440,2482,1,520,0.5189999999999788,34.48,8464.68,,,,0,19118.6
2441,2483,41,10000,50.99899999999463,34.48,8464.68,,,,0,19137.4
2442,2484,41,10000,50.99899999999463,34.48,8464.68,,,,0,19156.5
2443,2485,36,8728,43.726999999997595,34.38,8439.24,,,,0,19177.9
2444,2486,41,10000,50.99899999999463,34.38,8439.24,,,,0,19211.8
2445,2487,41,10000,50.99899999999463,34.38,8439.24,,,,0,19243.9
2446,2488,41,10000,50.99899999999463,34.38,8439.24,,,,0,19281.4
2447,2489,24,6029,29.028000000002834,34.04,8359.82,,,,0,19298.4
2448,2490,37,9156,45.1549999999966,33.96,8342.94,,,,0,19322.8
2449,2491,41,10000,50.99899999999463,34.42,8450.46,,,,0,19348.0
2450,2492,27,6765,32.76400000000217,34.14,8385.76,,,,0,19367.3
2451,2493,41,10000,50.99899999999463,34.14,8385.76,,,,0,19397.6
2452,2494,41,10000,50.99899999999463,34.14,8385.76,,,,0,19422.9
2453,2495,41,10000,50.99899999999463,34.14,8385.76,,,,0,19447.2
2454,2496,41,10000,50.99899999999463,34.14,8385.76,,,,0,19473.3
2455,2497,41,10000,50.99899999999463,34.14,8385.76,,,,0,19500.9
2456,2498,41,10000,50.99899999999463,34.14,8385.76,,,,0,19528.9
2457,2499,41,10000,50.99899999999463,34.14,8385.76,,,,0,19554.1
2458,2500,41,10000,50.99899999999463,34.14,8385.76,,,,0,19583.2
2459,2501,41,10000,50.99899999999463,34.96,8580.38,,,,0,19609.1
2460,2502,41,10000,50.99899999999463,34.96,8580.38,,,,0,19633.9
2461,2503,41,10000,50.99899999999463,34.96,8580.38,,,,0,19657.5
2462,2504,41,10000,50.99899999999463,34.96,8580.38,,,,0,19683.3
2463,2505,41,10000,50.99899999999463,35.02,8592.14,,,,0,19709.3
2464,2506,41,10000,50.99899999999463,35.02,8592.14,,,,0,19733.7
2465,2507,4,1248,4.247000000000007,34.28,8417.1,,,,0,19736.8
2466,2508,41,10000,50.99899999999463,34.28,8417.1,,,,0,19762.5
2467,2509,41,10000,50.99899999999463,35.02,8592.3,,,,0,19787.8
2468,2510,41,10000,50.99899999999463,35.2,8632.56,,,,0,19812.9
2469,2511,41,10000,50.99899999999463,35.2,8632.56,,,,0,19840.9
2470,2512,41,10000,50.99899999999463,35.2,8632.56,,,,0,19866.0
2471,2513,41,10000,50.99899999999463,35.2,8632.56,,,,0,19890.2
2472,2514,41,10000,50.99899999999463,35.2,8632.56,,,,0,19915.6
2473,2515,41,10000,50.99899999999463,35.2,8632.56,,,,0,19940.6
2474,2516,34,8455,41.45399999999823,35.06,8601.66,,,,0,19960.5
2475,2517,41,10000,50.99899999999463,35.06,8601.66,,,,0,19985.8
2476,2518,41,10000,50.99899999999463,35.06,8601.66,,,,0,20011.1
2477,2519,41,10000,50.99899999999463,35.06,8601.66,,,,0,20036.1
2478,2520,13,3437,15.435999999999666,34.9,8563.52,,,,0,20043.8
2479,2521,23,5830,27.82900000000259,34.98,8583.54,,,,0,20057.4
2480,2522,41,10000,50.99899999999463,34.98,8583.54,,,,0,20082.4
2481,2523,41,10000,50.99899999999463,34.98,8583.54,,,,0,20108.3
2482,2524,41,10000,50.99899999999463,35.8,8777.92,,,,0,20132.4
2483,2525,38,9430,46.42899999999596,36.36,8912.92,,,,0,20155.3
2484,2526,41,10000,50.99899999999463,36.36,8912.92,,,,0,20179.7
2485,2527,41,10000,50.99899999999463,36.94,9053.54,,,,0,20203.7
2486,2528,41,10000,50.99899999999463,37.3,9137.36,,,,0,20226.8
2487,2529,41,10000,50.99899999999463,37.3,9137.36,,,,0,20250.6
2488,2530,41,10000,50.99899999999463,37.3,9137.36,,,,0,20276.5
2489,2531,41,10000,50.99899999999463,37.54,9191.96,,,,0,20299.6
2490,2532,41,10000,50.99899999999463,38.34,9381.56,,,,0,20325.3
2491,2533,41,10000,50.99899999999463,38.34,9381.56,,,,0,20350.4
2492,2534,37,9149,45.147999999996614,38.26,9364.54,,,,0,20373.4
2493,2535,1,521,0.5199999999999787,37.56,9200.4,,,,0,20374.8
2494,2536,41,10000,50.99899999999463,37.56,9200.4,,,,0,20401.0
2495,2537,41,10000,50.99899999999463,37.56,9200.4,,,,0,20425.8
2496,2538,41,10000,50.99899999999463,37.56,9200.4,,,,0,20450.6
2497,2539,41,10000,50.99899999999463,37.9,9279.82,,,,0,20477.2
2498,2540,24,5848,28.847000000002613,37.64,9213.66,,,,0,20492.9
2499,2541,41,10000,50.99899999999463,37.64,9213.66,,,,0,20517.5
2500,2542,41,10000,50.99899999999463,37.92,9278.36,2.25,485.65,0.5,0,20579.0
2501,2543,41,10000,50.99899999999463,37.92,9278.36,,,,0,20605.3
2502,2544,41,10000,50.99899999999463,37.92,9278.36,,,,0,20631.2
2503,2545,41,10000,50.99899999999463,37.92,9278.36,,,,0,20656.6
2504,2546,28,7000,33.99900000000162,37.66,9218.36,,,,0,20673.4
2505,2547,41,10000,50.99899999999463,37.66,9218.36,,,,0,20699.7
2506,2548,41,10000,50.99899999999463,37.66,9218.36,,,,0,20726.5
2507,2549,16,4109,19.108000000000487,37.16,9100.54,,,,0,20737.4
2508,2550,41,10000,50.99899999999463,37.16,9100.54,,,,0,20763.8
2509,2551,41,10000,50.99899999999463,37.16,9100.54,,,,0,20790.2
2510,2552,41,10000,50.99899999999463,37.16,9100.54,,,,0,20816.9
2511,2553,41,10000,50.99899999999463,37.16,9100.54,,,,0,20841.9
2512,2554,41,10000,50.99899999999463,37.16,9100.54,,,,0,20865.9
2513,2555,41,10000,50.99899999999463,37.16,9100.54,,,,0,20891.4
2514,2556,41,10000,50.99899999999463,37.16,9100.54,,,,0,20917.7
2515,2557,41,10000,50.99899999999463,37.9,9275.58,,,,0,20944.0
2516,2558,41,10000,50.99899999999463,37.9,9275.58,,,,0,20969.0
2517,2559,41,10000,50.99899999999463,37.9,9275.58,,,,0,20994.4
2518,2560,8,2192,9.190999999999944,37.24,9119.42,,,,0,20999.7
2519,2561,41,10000,50.99899999999463,37.24,9119.42,,,,0,21025.2
2520,2562,41,10000,50.99899999999463,37.24,9119.42,,,,0,21051.1
2521,2563,41,10000,50.99899999999463,37.24,9119.42,,,,0,21079.5
2522,2564,22,5597,26.596000000002306,36.86,9031.36,,,,0,21094.4
2523,2565,41,10000,50.99899999999463,36.86,9031.36,,,,0,21119.0
2524,2566,6,1763,6.762000000000179,36.3,8897.52,,,,0,21123.5
2525,2567,41,10000,50.99899999999463,36.3,8897.52,,,,0,21148.0
2526,2568,41,10000,50.99899999999463,36.3,8897.52,,,,0,21175.1
2527,2569,41,10000,50.99899999999463,36.3,8897.52,,,,0,21202.1
2528,2570,11,2730,12.728999999999646,36.26,8883.38,,,,0,21208.8
2529,2571,33,8206,40.20499999999881,36.46,8930.9,,,,0,21229.9
2530,2572,41,10000,50.99899999999463,36.46,8930.9,,,,0,21255.8
2531,2573,41,10000,50.99899999999463,36.46,8930.9,,,,0,21281.9
2532,2574,41,10000,50.99899999999463,36.46,8930.9,,,,0,21306.6
2533,2575,41,10000,50.99899999999463,36.52,8942.3,,,,0,21332.2
2534,2576,41,10000,50.99899999999463,36.52,8942.3,,,,0,21358.4
2535,2577,16,4121,19.120000000000502,36.02,8824.72,,,,0,21368.9
2536,2578,41,10000,50.99899999999463,36.02,8824.72,,,,0,21394.9
2537,2579,41,10000,50.99899999999463,36.02,8824.72,,,,0,21420.3
2538,2580,41,10000,50.99899999999463,36.02,8824.72,,,,0,21445.0
2539,2581,41,10000,50.99899999999463,36.02,8824.72,,,,0,21470.6
2540,2582,41,10000,50.99899999999463,36.02,8824.72,,,,0,21495.8
2541,2583,41,10000,50.99899999999463,36.02,8824.72,,,,0,21521.0
2542,2584,41,10000,50.99899999999463,36.1,8841.74,,,,0,21546.7
2543,2585,40,9875,48.87399999999492,36.88,9028.82,,,,0,21570.3
2544,2586,41,10000,50.99899999999463,36.88,9028.82,,,,0,21595.8
2545,2587,41,10000,50.99899999999463,36.88,9028.82,,,,0,21625.9
2546,2588,41,10000,50.99899999999463,36.88,9028.82,,,,0,21651.0
2547,2589,41,10000,50.99899999999463,36.88,9028.82,,,,0,21677.2
2548,2590,41,10000,50.99899999999463,37.22,9111.86,,,,0,21703.8
2549,2591,41,10000,50.99899999999463,37.22,9111.86,,,,0,21731.0
2550,2592,41,10000,50.99899999999463,37.22,9111.86,,,,0,21757.2
2551,2593,41,10000,50.99899999999463,37.22,9111.86,,,,0,21782.7
2552,2594,41,10000,50.99899999999463,37.22,9111.86,,,,0,21803.1
2553,2595,41,10000,50.99899999999463,37.22,9111.86,,,,0,21827.3
2554,2596,41,10000,50.99899999999463,37.48,9171.86,,,,0,21854.5
2555,2597,4,1240,4.239000000000004,36.74,8996.66,,,,0,21857.1
2556,2598,41,10000,50.99899999999463,36.74,8996.66,,,,0,21876.8
2557,2599,41,10000,50.99899999999463,37.24,9114.48,,,,0,21895.8
2558,2600,41,10000,50.99899999999463,37.24,9114.48,,,,0,21914.6
2559,2601,41,10000,50.99899999999463,37.24,9114.48,,,,0,21933.8
2560,2602,0,305,-0.6959999999999997,36.42,8920.58,,,,0,21934.3
2561,2603,10,2698,11.696999999999663,35.8,8774.54,,,,0,21939.3
2562,2604,41,10000,50.99899999999463,35.8,8774.54,,,,0,21965.9
2563,2605,41,10000,50.99899999999463,35.8,8774.54,,,,0,21985.5
2564,2606,41,10000,50.99899999999463,35.8,8774.54,,,,0,22004.0
2565,2607,41,10000,50.99899999999463,35.8,8774.54,,,,0,22022.2
2566,2608,41,10000,50.99899999999463,35.8,8774.54,,,,0,22041.0
2567,2609,41,10000,50.99899999999463,35.8,8774.54,,,,0,22059.9
2568,2610,41,10000,50.99899999999463,36.46,8930.7,,,,0,22078.0
2569,2611,41,10000,50.99899999999463,36.46,8930.7,,,,0,22098.5
2570,2612,41,10000,50.99899999999463,36.46,8930.7,,,,0,22116.2
2571,2613,24,6064,29.063000000002877,36.12,8851.98,,,,0,22127.0
2572,2614,41,10000,50.99899999999463,36.5,8940.04,,,,0,22146.2
2573,2615,41,10000,50.99899999999463,36.5,8940.04,,,,0,22163.3
2574,2616,41,10000,50.99899999999463,37.2,9104.78,,,,0,22181.0
2575,2617,41,10000,50.99899999999463,37.2,9104.78,,,,0,22196.1
2576,2618,41,10000,50.99899999999463,37.2,9104.78,,,,0,22211.5
2577,2619,0,287,-0.7139999999999997,36.38,8910.52,,,,0,22211.9
2578,2620,41,10000,50.99899999999463,36.98,9055.92,,,,0,22227.0
2579,2621,41,10000,50.99899999999463,37.14,9091.8,,,,0,22242.0
2580,2622,41,10000,50.99899999999463,37.14,9091.8,,,,0,22257.2
2581,2623,41,10000,50.99899999999463,37.14,9091.8,,,,0,22271.9
2582,2624,41,10000,50.99899999999463,37.14,9091.8,,,,0,22286.5
2583,2625,41,10000,50.99899999999463,37.14,9091.8,,,,0,22301.7
2584,2626,41,10000,50.99899999999463,37.14,9091.8,,,,0,22317.7
2585,2627,41,10000,50.99899999999463,37.64,9209.38,,,,0,22332.6
2586,2628,41,10000,50.99899999999463,37.64,9209.38,,,,0,22345.6
2587,2629,41,10000,50.99899999999463,37.64,9209.38,,,,0,22356.5
2588,2630,41,10000,50.99899999999463,37.64,9209.38,,,,0,22368.2
2589,2631,15,3922,17.92100000000026,37.12,9087.82,,,,0,22372.7
2590,2632,41,10000,50.99899999999463,37.12,9087.82,,,,0,22384.2
2591,2633,7,1971,7.970000000000066,36.44,8927.24,,,,0,22386.4
2592,2634,35,8692,42.69099999999768,36.32,8901.08,,,,0,22396.5
2593,2635,41,10000,50.99899999999463,36.34,8903.58,,,,0,22407.7
2594,2636,41,10000,50.99899999999463,36.34,8903.58,,,,0,22418.9
2595,2637,41,10000,50.99899999999463,36.34,8903.58,,,,0,22429.9
2596,2638,3,809,2.807999999999947,35.58,8719.76,,,,0,22430.9
2597,2639,41,10000,50.99899999999463,35.58,8719.76,,,,0,22442.4
2598,2640,41,10000,50.99899999999463,35.58,8719.76,,,,0,22453.2
2599,2641,41,10000,50.99899999999463,35.58,8719.76,,,,0,22464.6
2600,2642,41,10000,50.99899999999463,35.58,8719.76,,,,0,22476.5
2601,2643,41,10000,50.99899999999463,35.58,8719.76,,,,0,22487.7
2602,2644,41,10000,50.99899999999463,35.58,8719.76,,,,0,22498.7
2603,2645,41,10000,50.99899999999463,35.58,8719.76,,,,0,22509.9
2604,2646,41,10000,50.99899999999463,35.58,8719.76,,,,0,22520.9
2605,2647,41,10000,50.99899999999463,36.32,8894.96,,,,0,22532.1
2606,2648,27,6766,32.76500000000217,36.04,8830.28,,,,0,22539.2
2607,2649,41,10000,50.99899999999463,36.04,8830.28,,,,0,22549.7
2608,2650,41,10000,50.99899999999463,36.04,8830.28,,,,0,22560.2
2609,2651,41,10000,50.99899999999463,36.04,8830.28,,,,0,22571.1
2610,2652,41,10000,50.99899999999463,36.86,9024.18,,,,0,22582.4
2611,2653,41,10000,50.99899999999463,37.48,9170.22,,,,0,22593.1
2612,2654,41,10000,50.99899999999463,37.48,9170.22,,,,0,22604.0
2613,2655,41,10000,50.99899999999463,37.48,9170.22,,,,0,22614.7
2614,2656,41,10000,50.99899999999463,37.48,9170.22,,,,0,22625.4
2615,2657,41,10000,50.99899999999463,37.48,9170.22,,,,0,22636.8
2616,2658,41,10000,50.99899999999463,37.48,9170.22,,,,0,22646.9
2617,2659,41,10000,50.99899999999463,37.48,9170.22,,,,0,22657.4
2618,2660,41,10000,50.99899999999463,37.48,9170.22,,,,0,22674.1
2619,2661,41,10000,50.99899999999463,37.48,9170.22,,,,0,22691.2
2620,2662,41,10000,50.99899999999463,37.48,9170.22,,,,0,22708.5
2621,2663,41,10000,50.99899999999463,37.82,9248.94,,,,0,22725.0
2622,2664,41,10000,50.99899999999463,37.82,9248.94,,,,0,22742.0
2623,2665,41,10000,50.99899999999463,37.82,9248.94,,,,0,22759.1
2624,2666,41,10000,50.99899999999463,37.82,9248.94,,,,0,22775.6
2625,2667,41,10000,50.99899999999463,37.82,9248.94,,,,0,22792.2
2626,2668,41,10000,50.99899999999463,37.82,9248.94,,,,0,22808.8
2627,2669,41,10000,50.99899999999463,38.64,9443.2,,,,0,22826.2
2628,2670,41,10000,50.99899999999463,38.64,9443.2,,,,0,22843.9
2629,2671,41,10000,50.99899999999463,38.64,9443.2,,,,0,22860.8
2630,2672,41,10000,50.99899999999463,38.64,9443.2,,,,0,22878.0
2631,2673,41,10000,50.99899999999463,38.64,9443.2,,,,0,22895.3
2632,2674,41,10000,50.99899999999463,38.64,9443.2,,,,0,22907.2
2633,2675,41,10000,50.99899999999463,38.64,9443.2,,,,0,22920.2
2634,2676,41,10000,50.99899999999463,38.64,9443.2,,,,0,22936.8
2635,2677,6,1744,6.743000000000173,37.94,9278.08,,,,0,22939.6
2636,2678,41,10000,50.99899999999463,37.94,9278.08,,,,0,22956.2
2637,2679,41,10000,50.99899999999463,37.94,9278.08,,,,0,22973.1
2638,2680,41,10000,50.99899999999463,37.94,9278.08,,,,0,22990.0
2639,2681,41,10000,50.99899999999463,38.46,9399.64,,,,0,23006.8
2640,2682,41,10000,50.99899999999463,38.46,9399.64,,,,0,23023.6
2641,2683,41,10000,50.99899999999463,39.14,9560.22,,,,0,23040.6
2642,2684,41,10000,50.99899999999463,39.26,9586.38,,,,0,23056.7
2643,2685,41,10000,50.99899999999463,39.26,9586.38,,,,0,23072.4
2644,2686,41,10000,50.99899999999463,39.26,9586.38,,,,0,23088.0
2645,2687,41,10000,50.99899999999463,39.26,9586.38,,,,0,23103.2
2646,2688,41,10000,50.99899999999463,40.02,9770.2,,,,0,23114.0
2647,2689,41,10000,50.99899999999463,40.02,9770.2,,,,0,23125.0
2648,2690,41,10000,50.99899999999463,40.02,9770.2,,,,0,23135.8
2649,2691,23,5824,27.823000000002583,39.66,9686.68,,,,0,23142.1
2650,2692,41,10000,50.99899999999463,39.66,9686.68,,,,0,23153.3
2651,2693,41,10000,50.99899999999463,39.66,9686.68,,,,0,23164.5
2652,2694,24,5848,28.847000000002613,39.32,9603.64,,,,0,23170.4
2653,2695,41,10000,50.99899999999463,39.32,9603.64,,,,0,23181.9
2654,2696,28,6989,33.98800000000165,39.06,9543.42,,,,0,23191.0
2655,2697,41,10000,50.99899999999463,39.06,9543.42,,,,0,23203.4
2656,2698,41,10000,50.99899999999463,39.34,9608.1,,,,0,23214.7
2657,2699,41,10000,50.99899999999463,39.34,9608.1,,,,0,23226.5
2658,2700,41,10000,50.99899999999463,39.34,9608.1,,,,0,23238.0
2659,2701,41,10000,50.99899999999463,39.34,9608.1,,,,0,23250.2
2660,2702,41,10000,50.99899999999463,39.34,9608.1,,,,0,23262.0
2661,2703,41,10000,50.99899999999463,39.34,9608.1,,,,0,23274.0
