episode,seed,score,steps,total_reward,mean_score_50,mean_survival_50,eval_mean_score,eval_mean_survival,eval_success_rate,curriculum_stage,wall_time_s
1,44,22,5597,26.596000000002306,22.0,5597.0,,,,0,9.2
2,45,37,9149,45.147999999996614,29.5,7373.0,,,,0,26.5
3,46,41,10000,50.99899999999463,33.333333333333336,8248.666666666666,,,,0,41.6
4,47,41,10000,50.99899999999463,35.25,8686.5,,,,0,56.5
5,48,14,3652,16.65099999999993,31.0,7679.6,,,,0,61.9
6,49,36,8728,43.726999999997595,31.833333333333332,7854.333333333333,,,,0,75.1
7,50,41,10000,50.99899999999463,33.142857142857146,8160.857142857143,,,,0,88.9
8,51,41,10000,50.99899999999463,34.125,8390.75,,,,0,103.7
9,52,41,10000,50.99899999999463,34.888888888888886,8569.555555555555,,,,0,120.7
10,53,41,10000,50.99899999999463,35.5,8712.6,,,,0,132.8
11,54,41,10000,50.99899999999463,36.0,8829.636363636364,,,,0,148.5
12,55,41,10000,50.99899999999463,36.416666666666664,8927.166666666666,,,,0,168.6
13,56,41,10000,50.99899999999463,36.76923076923077,9009.692307692309,,,,0,186.9
14,57,2,766,1.7649999999999517,34.285714285714285,8420.857142857143,,,,0,188.2
15,58,21,5362,25.36100000000202,33.4,8216.933333333332,,,,0,197.7
16,59,41,10000,50.99899999999463,33.875,8328.375,,,,0,217.5
17,60,41,10000,50.99899999999463,34.294117647058826,8426.70588235294,,,,0,235.3
18,61,41,10000,50.99899999999463,34.666666666666664,8514.111111111111,,,,0,253.1
19,62,41,10000,50.99899999999463,35.0,8592.315789473685,,,,0,271.1
20,63,41,10000,50.99899999999463,35.3,8662.7,,,,0,288.5
21,64,7,1771,7.770000000000177,33.95238095238095,8334.52380952381,,,,0,291.4
22,65,41,10000,50.99899999999463,34.27272727272727,8410.227272727272,,,,0,308.0
23,66,5,1521,5.520000000000098,33.0,8110.695652173913,,,,0,310.5
24,67,31,7749,37.74799999999988,32.916666666666664,8095.625,,,,0,323.6
25,68,41,10000,50.99899999999463,33.24,8171.8,,,,0,340.5
26,69,32,7985,38.98399999999933,33.19230769230769,8164.615384615385,,,,0,353.8
27,70,2,791,1.789999999999949,32.03703703703704,7891.518518518518,,,,0,355.2
28,71,15,3869,17.868000000000194,31.428571428571427,7747.857142857143,,,,0,361.2
29,72,41,10000,50.99899999999463,31.75862068965517,7825.517241379311,,,,0,377.1
30,73,41,10000,50.99899999999463,32.06666666666667,7898.0,,,,0,390.4
31,74,41,10000,50.99899999999463,32.354838709677416,7965.806451612903,,,,0,403.1
32,75,41,10000,50.99899999999463,32.625,8029.375,,,,0,423.5
33,76,30,7469,36.46800000000053,32.54545454545455,8012.393939393939,,,,0,434.7
34,77,41,10000,50.99899999999463,32.794117647058826,8070.85294117647,,,,0,446.2
35,78,41,10000,50.99899999999463,33.02857142857143,8125.971428571429,,,,0,457.9
36,79,41,10000,50.99899999999463,33.25,8178.027777777777,,,,0,469.4
37,80,41,10000,50.99899999999463,33.45945945945946,8227.27027027027,,,,0,480.9
38,81,41,10000,50.99899999999463,33.6578947368421,8273.921052631578,,,,0,492.3
39,82,41,10000,50.99899999999463,33.84615384615385,8318.179487179486,,,,0,503.8
40,83,41,10000,50.99899999999463,34.025,8360.225,,,,0,515.1
41,84,38,9430,46.42899999999596,34.1219512195122,8386.317073170732,,,,0,526.1
42,85,41,10000,50.99899999999463,34.285714285714285,8424.738095238095,,,,0,537.7
43,86,41,10000,50.99899999999463,34.44186046511628,8461.372093023256,,,,0,549.4
44,87,41,10000,50.99899999999463,34.59090909090909,8496.34090909091,,,,0,561.1
45,88,41,10000,50.99899999999463,34.733333333333334,8529.755555555555,,,,0,572.7
46,89,26,6550,31.54900000000267,34.54347826086956,8486.717391304348,,,,0,580.5
47,90,31,7750,37.748999999999874,34.46808510638298,8471.04255319149,,,,0,590.4
48,91,41,10000,50.99899999999463,34.604166666666664,8502.895833333334,,,,0,602.7
49,92,31,7531,37.530000000000385,34.53061224489796,8483.061224489797,,,,0,612.2
50,93,41,10000,50.99899999999463,34.66,8513.4,,,,0,625.0
51,94,41,10000,50.99899999999463,35.04,8601.46,,,,0,637.0
52,95,41,10000,50.99899999999463,35.12,8618.48,,,,0,649.0
53,96,41,10000,50.99899999999463,35.12,8618.48,,,,0,660.8
54,97,41,10000,50.99899999999463,35.12,8618.48,,,,0,672.4
55,98,41,10000,50.99899999999463,35.66,8745.44,,,,0,684.0
56,99,15,3886,17.885000000000215,35.24,8648.6,,,,0,688.6
57,100,41,10000,50.99899999999463,35.24,8648.6,,,,0,701.2
58,101,41,10000,50.99899999999463,35.24,8648.6,,,,0,713.3
59,102,20,5083,24.082000000001678,34.82,8550.26,,,,0,719.2
60,103,41,10000,50.99899999999463,34.82,8550.26,,,,0,731.0
61,104,41,10000,50.99899999999463,34.82,8550.26,,,,0,742.4
62,105,18,4409,21.408000000000854,34.36,8438.44,,,,0,747.7
63,106,41,10000,50.99899999999463,34.36,8438.44,,,,0,759.3
64,107,9,2443,10.441999999999805,34.5,8471.98,,,,0,762.2
65,108,41,10000,50.99899999999463,34.9,8564.74,,,,0,774.1
66,109,16,4146,19.145000000000532,34.4,8447.66,,,,0,779.1
67,110,41,10000,50.99899999999463,34.4,8447.66,,,,0,790.7
68,111,41,10000,50.99899999999463,34.4,8447.66,,,,0,802.3
69,112,10,2669,11.66799999999968,33.78,8301.04,,,,0,805.4
70,113,41,10000,50.99899999999463,33.78,8301.04,,,,0,817.0
71,114,41,10000,50.99899999999463,34.46,8465.62,,,,0,828.6
72,115,41,10000,50.99899999999463,34.46,8465.62,,,,0,840.1
73,116,41,10000,50.99899999999463,35.18,8635.2,,,,0,851.7
74,117,12,3165,14.163999999999405,34.8,8543.52,,,,0,855.2
75,118,41,10000,50.99899999999463,34.8,8543.52,,,,0,867.7
76,119,23,5806,27.80500000000256,34.62,8499.94,,,,0,874.6
77,120,41,10000,50.99899999999463,35.4,8684.12,,,,0,886.4
78,121,41,10000,50.99899999999463,35.92,8806.74,,,,0,898.2
79,122,41,10000,50.99899999999463,35.92,8806.74,,,,0,909.5
80,123,41,10000,50.99899999999463,35.92,8806.74,,,,0,921.3
81,124,41,10000,50.99899999999463,35.92,8806.74,,,,0,932.9
82,125,41,10000,50.99899999999463,35.92,8806.74,,,,0,944.5
83,126,41,10000,50.99899999999463,36.14,8857.36,,,,0,956.5
84,127,35,8711,42.709999999997635,36.02,8831.58,,,,0,966.7
85,128,41,10000,50.99899999999463,36.02,8831.58,,,,0,979.0
86,129,41,10000,50.99899999999463,36.02,8831.58,,,,0,990.5
87,130,41,10000,50.99899999999463,36.02,8831.58,,,,0,1002.0
88,131,41,10000,50.99899999999463,36.02,8831.58,,,,0,1013.8
89,132,41,10000,50.99899999999463,36.02,8831.58,,,,0,1025.4
90,133,41,10000,50.99899999999463,36.02,8831.58,,,,0,1037.7
91,134,41,10000,50.99899999999463,36.08,8842.98,,,,0,1049.4
92,135,41,10000,50.99899999999463,36.08,8842.98,,,,0,1061.3
93,136,41,10000,50.99899999999463,36.08,8842.98,,,,0,1073.0
94,137,41,10000,50.99899999999463,36.08,8842.98,,,,0,1084.5
95,138,24,6060,29.05900000000287,35.74,8764.18,,,,0,1091.7
96,139,6,1529,6.528000000000101,35.34,8663.76,,,,0,1093.5
97,140,24,5849,28.848000000002614,35.2,8625.74,,,,0,1100.3
98,141,41,10000,50.99899999999463,35.2,8625.74,,,,0,1112.1
99,142,22,5559,26.55800000000226,35.02,8586.3,,,,0,1118.8
100,143,41,10000,50.99899999999463,35.02,8586.3,,,,0,1130.9
101,144,41,10000,50.99899999999463,35.02,8586.3,,,,0,1142.6
102,145,41,10000,50.99899999999463,35.02,8586.3,,,,0,1154.3
103,146,41,10000,50.99899999999463,35.02,8586.3,,,,0,1166.1
104,147,41,10000,50.99899999999463,35.02,8586.3,,,,0,1178.0
105,148,41,10000,50.99899999999463,35.02,8586.3,,,,0,1189.6
106,149,41,10000,50.99899999999463,35.54,8708.58,,,,0,1201.3
107,150,41,10000,50.99899999999463,35.54,8708.58,,,,0,1213.1
108,151,41,10000,50.99899999999463,35.54,8708.58,,,,0,1226.2
109,152,41,10000,50.99899999999463,35.96,8806.92,,,,0,1238.2
110,153,9,2446,10.444999999999803,35.32,8655.84,,,,0,1241.1
111,154,41,10000,50.99899999999463,35.32,8655.84,,,,0,1253.1
112,155,41,10000,50.99899999999463,35.78,8767.66,,,,0,1265.0
113,156,9,2464,10.462999999999793,35.14,8616.94,,,,0,1267.9
114,157,41,10000,50.99899999999463,35.78,8768.08,,,,0,1280.2
115,158,30,7288,36.28700000000095,35.56,8713.84,,,,0,1289.2
116,159,41,10000,50.99899999999463,36.06,8830.92,,,,0,1301.5
117,160,41,10000,50.99899999999463,36.06,8830.92,,,,0,1313.7
118,161,41,10000,50.99899999999463,36.06,8830.92,,,,0,1325.6
119,162,41,10000,50.99899999999463,36.68,8977.54,,,,0,1337.2
120,163,41,10000,50.99899999999463,36.68,8977.54,,,,0,1348.7
121,164,41,10000,50.99899999999463,36.68,8977.54,,,,0,1360.3
122,165,41,10000,50.99899999999463,36.68,8977.54,,,,0,1371.7
123,166,41,10000,50.99899999999463,36.68,8977.54,,,,0,1383.5
124,167,17,4390,20.38900000000083,36.78,9002.04,,,,0,1388.6
125,168,16,4109,19.108000000000487,36.28,8884.22,,,,0,1393.4
126,169,9,2446,10.444999999999803,36.0,8817.02,,,,0,1396.2
127,170,41,10000,50.99899999999463,36.0,8817.02,,,,0,1408.0
128,171,3,989,2.987999999999927,35.24,8636.8,,,,0,1409.1
129,172,41,10000,50.99899999999463,35.24,8636.8,,,,0,1420.9
130,173,41,10000,50.99899999999463,35.24,8636.8,,,,0,1432.3
131,174,41,10000,50.99899999999463,35.24,8636.8,,,,0,1443.7
132,175,10,2717,11.715999999999653,34.62,8491.14,,,,0,1446.9
133,176,41,10000,50.99899999999463,34.62,8491.14,,,,0,1459.0
134,177,41,10000,50.99899999999463,34.74,8516.92,,,,0,1471.7
135,178,41,10000,50.99899999999463,34.74,8516.92,,,,0,1484.1
136,179,41,10000,50.99899999999463,34.74,8516.92,,,,0,1496.6
137,180,23,5794,27.793000000002547,34.38,8432.8,,,,0,1503.6
138,181,41,10000,50.99899999999463,34.38,8432.8,,,,0,1515.1
139,182,27,6766,32.76500000000217,34.1,8368.12,,,,0,1523.1
140,183,41,10000,50.99899999999463,34.1,8368.12,,,,0,1534.3
141,184,41,10000,50.99899999999463,34.1,8368.12,,,,0,1545.7
142,185,41,10000,50.99899999999463,34.1,8368.12,,,,0,1557.3
143,186,41,10000,50.99899999999463,34.1,8368.12,,,,0,1568.9
144,187,41,10000,50.99899999999463,34.1,8368.12,,,,0,1580.8
145,188,41,10000,50.99899999999463,34.44,8446.92,,,,0,1592.4
146,189,15,3905,17.904000000000238,34.62,8494.44,,,,0,1596.9
147,190,41,10000,50.99899999999463,34.96,8577.46,,,,0,1608.7
148,191,41,10000,50.99899999999463,34.96,8577.46,,,,0,1620.2
149,192,3,989,2.987999999999927,34.58,8486.06,,,,0,1621.3
150,193,41,10000,50.99899999999463,34.58,8486.06,,,,0,1633.2
151,194,41,10000,50.99899999999463,34.58,8486.06,,,,0,1645.3
152,195,11,2909,12.907999999999547,33.98,8344.24,,,,0,1648.9
153,196,8,2209,9.207999999999934,33.32,8188.42,,,,0,1651.5
154,197,41,10000,50.99899999999463,33.32,8188.42,,,,0,1663.7
155,198,41,10000,50.99899999999463,33.32,8188.42,,,,0,1676.0
156,199,3,989,2.987999999999927,32.56,8008.2,,,,0,1677.1
157,200,41,10000,50.99899999999463,32.56,8008.2,,,,0,1689.1
158,201,41,10000,50.99899999999463,32.56,8008.2,,,,0,1701.3
159,202,41,10000,50.99899999999463,32.56,8008.2,,,,0,1713.6
160,203,41,10000,50.99899999999463,33.2,8159.28,,,,0,1725.9
161,204,41,10000,50.99899999999463,33.2,8159.28,,,,0,1738.2
162,205,31,7714,37.71299999999996,33.0,8113.56,,,,0,1747.5
163,206,41,10000,50.99899999999463,33.64,8264.28,,,,0,1759.2
164,207,41,10000,50.99899999999463,33.64,8264.28,,,,0,1771.2
165,208,41,10000,50.99899999999463,33.86,8318.52,,,,0,1782.9
166,209,41,10000,50.99899999999463,33.86,8318.52,,,,0,1794.4
167,210,41,10000,50.99899999999463,33.86,8318.52,,,,0,1806.1
168,211,41,10000,50.99899999999463,33.86,8318.52,,,,0,1817.8
169,212,41,10000,50.99899999999463,33.86,8318.52,,,,0,1829.4
170,213,41,10000,50.99899999999463,33.86,8318.52,,,,0,1840.8
171,214,41,10000,50.99899999999463,33.86,8318.52,,,,0,1852.3
172,215,41,10000,50.99899999999463,33.86,8318.52,,,,0,1863.9
173,216,41,10000,50.99899999999463,33.86,8318.52,,,,0,1875.6
174,217,9,2439,10.437999999999807,33.7,8279.5,,,,0,1878.4
175,218,41,10000,50.99899999999463,34.2,8397.32,,,,0,1889.8
176,219,41,10000,50.99899999999463,34.84,8548.4,,,,0,1901.1
177,220,41,10000,50.99899999999463,34.84,8548.4,,,,0,1912.7
178,221,38,9412,46.410999999996,35.54,8716.86,,,,0,1923.7
179,222,41,10000,50.99899999999463,35.54,8716.86,,,,0,1935.3
180,223,41,10000,50.99899999999463,35.54,8716.86,,,,0,1946.7
181,224,41,10000,50.99899999999463,35.54,8716.86,,,,0,1958.4
182,225,41,10000,50.99899999999463,36.16,8862.52,,,,0,1970.1
183,226,41,10000,50.99899999999463,36.16,8862.52,,,,0,1981.7
184,227,41,10000,50.99899999999463,36.16,8862.52,,,,0,1993.4
185,228,41,10000,50.99899999999463,36.16,8862.52,,,,0,2004.9
186,229,40,9880,48.87899999999491,36.14,8860.12,,,,0,2016.2
187,230,41,10000,50.99899999999463,36.5,8944.24,,,,0,2028.0
188,231,41,10000,50.99899999999463,36.5,8944.24,,,,0,2039.3
189,232,41,10000,50.99899999999463,36.78,9008.92,,,,0,2051.2
190,233,41,10000,50.99899999999463,36.78,9008.92,,,,0,2063.0
191,234,41,10000,50.99899999999463,36.78,9008.92,,,,0,2074.6
192,235,41,10000,50.99899999999463,36.78,9008.92,,,,0,2086.2
193,236,41,10000,50.99899999999463,36.78,9008.92,,,,0,2097.8
194,237,41,10000,50.99899999999463,36.78,9008.92,,,,0,2109.3
195,238,41,10000,50.99899999999463,36.78,9008.92,,,,0,2121.4
196,239,1,557,0.5559999999999747,36.5,8941.96,,,,0,2121.9
197,240,41,10000,50.99899999999463,36.5,8941.96,,,,0,2133.5
198,241,41,10000,50.99899999999463,36.5,8941.96,,,,0,2144.9
199,242,41,10000,50.99899999999463,37.26,9122.18,,,,0,2156.3
200,243,10,2669,11.66799999999968,36.64,8975.56,,,,0,2159.3
201,244,41,10000,50.99899999999463,36.64,8975.56,,,,0,2170.7
202,245,41,10000,50.99899999999463,37.24,9117.38,,,,0,2182.4
203,246,41,10000,50.99899999999463,37.9,9273.2,,,,0,2193.9
204,247,9,2482,10.480999999999783,37.26,9122.84,,,,0,2196.7
205,248,41,10000,50.99899999999463,37.26,9122.84,,,,0,2208.3
206,249,41,10000,50.99899999999463,38.02,9303.06,,,,0,2220.0
207,250,41,10000,50.99899999999463,38.02,9303.06,,,,0,2231.6
208,251,34,8458,41.456999999998224,37.88,9272.22,,,,0,2241.3
209,252,10,2674,11.672999999999677,37.26,9125.7,,,,0,2244.2
210,253,41,10000,50.99899999999463,37.26,9125.7,,,,0,2255.8
211,254,41,10000,50.99899999999463,37.26,9125.7,,,,0,2267.3
212,255,41,10000,50.99899999999463,37.46,9171.42,,,,0,2278.8
213,256,41,10000,50.99899999999463,37.46,9171.42,,,,0,2290.6
214,257,41,10000,50.99899999999463,37.46,9171.42,,,,0,2302.4
215,258,21,5309,25.308000000001954,37.06,9077.6,,,,0,2308.5
216,259,41,10000,50.99899999999463,37.06,9077.6,,,,0,2319.7
217,260,41,10000,50.99899999999463,37.06,9077.6,,,,0,2331.2
218,261,41,10000,50.99899999999463,37.06,9077.6,,,,0,2342.8
219,262,41,10000,50.99899999999463,37.06,9077.6,,,,0,2354.5
220,263,41,10000,50.99899999999463,37.06,9077.6,,,,0,2366.1
221,264,41,10000,50.99899999999463,37.06,9077.6,,,,0,2377.9
222,265,27,6784,32.783000000002126,36.78,9013.28,,,,0,2386.1
223,266,40,9869,48.867999999994936,36.76,9010.66,,,,0,2397.3
224,267,41,10000,50.99899999999463,37.4,9161.88,,,,0,2408.8
225,268,41,10000,50.99899999999463,37.4,9161.88,,,,0,2421.5
226,269,41,10000,50.99899999999463,37.4,9161.88,,,,0,2434.8
227,270,41,10000,50.99899999999463,37.4,9161.88,,,,0,2448.5
228,271,18,4606,21.605000000001095,37.0,9065.76,,,,0,2454.4
229,272,13,3400,15.39899999999962,36.44,8933.76,,,,0,2458.8
230,273,22,5559,26.55800000000226,36.06,8844.94,,,,0,2465.4
231,274,27,6767,32.766000000002165,35.78,8780.28,,,,0,2473.3
232,275,36,8944,43.94299999999709,35.68,8759.16,,,,0,2483.5
233,276,5,1510,5.5090000000000945,34.96,8589.36,,,,0,2485.2
234,277,3,1042,3.040999999999939,34.2,8410.2,,,,0,2486.4
235,278,6,1744,6.743000000000173,33.5,8245.08,,,,0,2488.3
236,279,3,1024,3.022999999999933,32.76,8067.96,,,,0,2489.8
237,280,41,10000,50.99899999999463,32.76,8067.96,,,,0,2501.5
238,281,20,5092,24.09100000000169,32.34,7969.8,,,,0,2507.4
239,282,4,1240,4.239000000000004,31.6,7794.6,,,,0,2508.8
240,283,19,4854,22.853000000001398,31.16,7691.68,,,,0,2514.5
241,284,19,4829,22.828000000001367,30.72,7588.26,,,,0,2519.9
242,285,34,8429,41.42799999999829,30.58,7556.84,,,,0,2529.6
243,286,16,4152,19.15100000000054,30.08,7439.88,,,,0,2534.4
244,287,2,749,1.7479999999999536,29.3,7254.86,,,,0,2535.2
245,288,18,4405,21.40400000000085,28.84,7142.96,,,,0,2540.4
246,289,7,1956,7.955000000000075,28.96,7170.94,,,,0,2542.6
247,290,7,1956,7.955000000000075,28.28,7010.06,,,,0,2544.8
248,291,5,1524,5.523000000000099,27.56,6840.54,,,,0,2546.5
249,292,4,1229,4.228000000000001,26.82,6665.12,,,,0,2547.9
250,293,6,1757,6.756000000000177,26.74,6646.88,,,,0,2550.0
251,294,4,1234,4.233000000000002,26.0,6471.56,,,,0,2551.5
252,295,4,1252,4.251000000000008,25.26,6296.6,,,,0,2552.9
253,296,3,1038,3.0369999999999377,24.5,6117.36,,,,0,2554.1
254,297,5,1486,5.4850000000000865,24.42,6097.44,,,,0,2555.8
255,298,6,1740,6.739000000000171,23.72,5932.24,,,,0,2557.9
256,299,30,7483,36.4820000000005,23.5,5881.9,,,,0,2566.5
257,300,3,999,2.997999999999926,22.74,5701.88,,,,0,2567.7
258,301,11,2731,12.729999999999645,22.28,5587.34,,,,0,2570.9
259,302,4,1229,4.228000000000001,22.16,5558.44,,,,0,2572.3
260,303,12,2969,13.967999999999513,21.58,5417.82,,,,0,2575.7
261,304,9,2482,10.480999999999783,20.94,5267.46,,,,0,2578.5
262,305,8,2242,9.240999999999916,20.28,5112.3,,,,0,2580.9
263,306,24,6061,29.060000000002873,19.94,5033.52,,,,0,2588.0
264,307,5,1524,5.523000000000099,19.22,4864.0,,,,0,2589.7
265,308,22,5597,26.596000000002306,19.24,4869.76,,,,0,2596.1
266,309,10,2695,11.693999999999665,18.62,4723.66,,,,0,2599.2
267,310,0,283,-0.7179999999999997,17.8,4529.32,,,,0,2599.5
268,311,0,269,-0.7319999999999998,16.98,4334.7,,,,0,2599.9
269,312,6,1709,6.708000000000161,16.28,4168.88,,,,0,2601.8
270,313,8,2189,9.187999999999946,15.62,4012.66,,,,0,2604.3
271,314,4,1229,4.228000000000001,14.88,3837.24,,,,0,2605.6
272,315,6,1740,6.739000000000171,14.46,3736.36,,,,0,2607.6
273,316,1,556,0.5549999999999748,13.68,3550.1,,,,0,2608.2
274,317,18,4408,21.407000000000853,13.22,3438.26,,,,0,2613.2
275,318,3,999,2.997999999999926,12.46,3258.24,,,,0,2614.4
276,319,0,269,-0.7319999999999998,11.64,3063.62,,,,0,2614.7
277,320,3,806,2.8049999999999473,10.88,2879.74,,,,0,2615.5
278,321,11,2946,12.944999999999526,10.74,2846.54,,,,0,2618.9
279,322,7,1953,7.952000000000076,10.62,2817.6,,,,0,2621.2
280,323,22,5575,26.57400000000228,10.62,2817.92,,,,0,2627.7
281,324,6,1719,6.718000000000164,10.2,2716.96,,,,0,2629.7
282,325,15,3886,17.885000000000215,9.78,2615.8,,,,0,2634.0
283,326,4,1229,4.228000000000001,9.76,2610.18,,,,0,2635.5
284,327,8,2194,9.192999999999943,9.86,2633.22,,,,0,2638.0
285,328,1,534,0.5329999999999773,9.76,2609.02,,,,0,2638.6
286,329,0,269,-0.7319999999999998,9.7,2593.92,,,,0,2638.9
287,330,12,3199,14.197999999999386,9.12,2457.9,,,,0,2642.6
288,331,3,1020,3.0189999999999317,8.78,2376.46,,,,0,2643.7
289,332,2,770,1.7689999999999513,8.74,2367.06,,,,0,2644.6
290,333,10,2673,11.671999999999677,8.56,2323.44,,,,0,2647.7
291,334,3,999,2.997999999999926,8.24,2246.84,,,,0,2648.9
292,335,9,2440,10.438999999999806,7.74,2127.06,,,,0,2651.6
293,336,36,8955,43.953999999997066,8.14,2223.12,,,,0,2661.9
294,337,8,2244,9.242999999999915,8.26,2253.02,,,,0,2664.3
295,338,12,3198,14.196999999999386,8.14,2228.88,,,,0,2668.0
296,339,6,1709,6.708000000000161,8.12,2223.94,,,,0,2670.0
297,340,1,509,0.50799999999998,8.0,2195.0,,,,0,2670.6
298,341,12,3161,14.159999999999407,8.14,2227.74,,,,0,2674.5
299,342,3,989,2.987999999999927,8.12,2222.94,,,,0,2675.6
300,343,3,989,2.987999999999927,8.06,2207.58,,,,0,2676.7
301,344,18,4617,21.616000000001108,8.34,2275.24,,,,0,2682.0
302,345,15,3879,17.878000000000206,8.56,2327.78,,,,0,2686.5
303,346,3,1020,3.0189999999999317,8.56,2327.42,,,,0,2687.7
304,347,3,1035,3.0339999999999367,8.52,2318.4,,,,0,2688.9
305,348,0,269,-0.7319999999999998,8.4,2288.98,,,,0,2689.2
306,349,9,2478,10.476999999999785,7.98,2188.88,,,,0,2692.1
307,350,2,749,1.7479999999999536,7.96,2183.88,,,,0,2692.9
308,351,8,2205,9.203999999999937,7.9,2173.36,,,,0,2695.4
309,352,1,553,0.5519999999999752,7.84,2159.84,,,,0,2696.1
310,353,38,9423,46.421999999995975,8.36,2288.92,,,,0,2706.9
311,354,19,4854,22.853000000001398,8.56,2336.36,,,,0,2712.6
312,355,0,269,-0.7319999999999998,8.4,2296.9,,,,0,2712.9
313,356,41,10000,50.99899999999463,8.74,2375.68,,,,0,2724.6
314,357,5,1491,5.490000000000088,8.74,2375.02,,,,0,2726.3
315,358,11,2964,12.962999999999516,8.52,2322.36,,,,0,2729.8
316,359,6,1709,6.708000000000161,8.44,2302.64,,,,0,2731.7
317,360,18,4600,21.599000000001087,8.8,2388.98,,,,0,2737.1
318,361,29,7231,35.230000000001084,9.38,2528.22,,,,0,2745.1
319,362,14,3630,16.628999999999902,9.54,2566.64,,,,0,2749.3
320,363,19,4829,22.828000000001367,9.76,2619.44,,,,0,2754.9
321,364,3,1020,3.0189999999999317,9.74,2615.26,,,,0,2756.1
322,365,21,5322,25.32100000000197,10.04,2686.9,,,,0,2762.1
323,366,3,809,2.807999999999947,10.08,2691.96,,,,0,2763.1
324,367,3,1017,3.0159999999999307,9.78,2624.14,,,,0,2764.3
325,368,20,5104,24.103000000001703,10.12,2706.24,,,,0,2770.2
326,369,3,1038,3.0369999999999377,10.18,2721.62,,,,0,2771.4
327,370,10,2669,11.66799999999968,10.32,2758.88,,,,0,2774.5
328,371,9,2440,10.438999999999806,10.28,2748.76,,,,0,2777.4
329,372,3,1017,3.0159999999999307,10.2,2730.04,,,,0,2778.5
330,373,20,4891,23.890000000001443,10.16,2716.36,,,,0,2784.1
331,374,41,10000,50.99899999999463,10.86,2881.98,,,,0,2795.7
332,375,3,1039,3.037999999999938,10.62,2825.04,,,,0,2796.8
333,376,9,2461,10.459999999999795,10.72,2849.68,,,,0,2799.7
334,377,2,766,1.7649999999999517,10.6,2821.12,,,,0,2800.6
335,378,4,1234,4.233000000000002,10.66,2835.12,,,,0,2802.1
336,379,4,1237,4.236000000000003,10.74,2854.48,,,,0,2803.5
337,380,7,1971,7.970000000000066,10.64,2829.92,,,,0,2805.7
338,381,8,2208,9.206999999999935,10.74,2853.68,,,,0,2808.4
339,382,1,516,0.5149999999999793,10.72,2848.6,,,,0,2809.0
340,383,6,1738,6.737000000000171,10.64,2829.9,,,,0,2811.1
341,384,15,3869,17.868000000000194,10.88,2887.3,,,,0,2815.5
342,385,2,765,1.7639999999999518,10.74,2853.8,,,,0,2816.4
343,386,18,4409,21.408000000000854,10.38,2762.88,,,,0,2821.5
344,387,0,316,-0.6849999999999998,10.22,2724.32,,,,0,2821.9
345,388,3,1017,3.0159999999999307,10.04,2680.7,,,,0,2823.1
346,389,11,2961,12.959999999999518,10.14,2705.74,,,,0,2826.5
347,390,21,5337,25.336000000001988,10.54,2802.3,,,,0,2832.5
348,391,7,1949,7.948000000000079,10.44,2778.06,,,,0,2834.7
349,392,19,4829,22.828000000001367,10.76,2854.86,,,,0,2840.1
350,393,11,2964,12.962999999999516,10.92,2894.36,,,,0,2843.5
351,394,7,1972,7.971000000000066,10.7,2841.46,,,,0,2845.7
352,395,3,989,2.987999999999927,10.46,2783.66,,,,0,2846.8
353,396,11,2933,12.931999999999533,10.62,2821.92,,,,0,2850.1
354,397,14,3629,16.6279999999999,10.84,2873.8,,,,0,2854.3
355,398,41,10000,50.99899999999463,11.66,3068.42,,,,0,2865.7
356,399,6,1709,6.708000000000161,11.6,3053.04,,,,0,2867.7
357,400,11,2931,12.929999999999534,11.78,3096.68,,,,0,2871.0
358,401,2,804,1.8029999999999475,11.66,3068.66,,,,0,2872.0
359,402,5,1488,5.487000000000087,11.74,3087.36,,,,0,2873.7
360,403,0,269,-0.7319999999999998,10.98,2904.28,,,,0,2874.0
361,404,17,4404,20.403000000000848,10.94,2895.28,,,,0,2879.0
362,405,1,549,0.5479999999999756,10.96,2900.88,,,,0,2879.6
363,406,11,2932,12.930999999999534,10.36,2759.52,,,,0,2883.1
364,407,0,269,-0.7319999999999998,10.26,2735.08,,,,0,2883.4
365,408,3,1017,3.0159999999999307,10.1,2696.14,,,,0,2884.7
366,409,11,2929,12.927999999999535,10.2,2720.54,,,,0,2888.0
367,410,4,1258,4.25700000000001,9.92,2653.7,,,,0,2889.5
368,411,0,269,-0.7319999999999998,9.34,2514.46,,,,0,2889.9
369,412,19,4829,22.828000000001367,9.44,2538.44,,,,0,2895.5
370,413,3,805,2.8039999999999474,9.12,2457.96,,,,0,2896.4
371,414,11,2910,12.908999999999546,9.28,2495.76,,,,0,2899.8
372,415,3,1017,3.0159999999999307,8.92,2409.66,,,,0,2900.9
373,416,4,1234,4.233000000000002,8.94,2418.16,,,,0,2902.2
374,417,9,2246,10.244999999999914,9.06,2442.74,,,,0,2904.7
375,418,16,4109,19.108000000000487,8.98,2422.84,,,,0,2909.4
376,419,11,2925,12.923999999999538,9.14,2460.58,,,,0,2912.7
377,420,40,9913,48.91199999999483,9.74,2605.46,,,,0,2923.9
378,421,0,269,-0.7319999999999998,9.56,2562.04,,,,0,2924.2
379,422,7,1949,7.948000000000079,9.64,2580.68,,,,0,2926.5
380,423,12,3199,14.197999999999386,9.48,2546.84,,,,0,2930.2
381,424,15,3897,17.896000000000228,8.96,2424.78,,,,0,2934.7
382,425,12,3177,14.175999999999398,9.14,2467.54,,,,0,2938.2
383,426,3,1000,2.998999999999926,9.02,2438.32,,,,0,2939.3
384,427,0,280,-0.7209999999999999,8.98,2428.6,,,,0,2939.6
385,428,3,999,2.997999999999926,8.96,2423.9,,,,0,2940.7
386,429,7,1957,7.956000000000074,9.02,2438.3,,,,0,2942.9
387,430,0,269,-0.7319999999999998,8.88,2404.26,,,,0,2943.3
388,431,27,6798,32.79700000000209,9.26,2496.06,,,,0,2951.1
389,432,30,7518,36.517000000000415,9.84,2636.1,,,,0,2959.7
390,433,5,1486,5.4850000000000865,9.82,2631.06,,,,0,2961.5
391,434,5,1470,5.469000000000081,9.62,2583.08,,,,0,2963.1
392,435,18,4635,21.63400000000113,9.94,2660.48,,,,0,2968.5
393,436,8,2190,9.188999999999945,9.74,2616.1,,,,0,2971.0
394,437,14,3670,16.66899999999995,10.02,2683.18,,,,0,2975.3
395,438,10,2695,11.693999999999665,10.16,2716.74,,,,0,2978.3
396,439,15,3882,17.88100000000021,10.24,2735.16,,,,0,2982.8
397,440,37,9149,45.147999999996614,10.56,2811.4,,,,0,2993.5
398,441,0,269,-0.7319999999999998,10.42,2777.8,,,,0,2993.8
399,442,5,1522,5.5210000000000985,10.14,2711.66,,,,0,2995.5
400,443,4,1233,4.232000000000002,10.0,2677.04,,,,0,2996.9
401,444,6,1709,6.708000000000161,9.98,2671.78,,,,0,2998.9
402,445,20,4891,23.890000000001443,10.32,2749.82,,,,0,3004.4
403,446,20,5088,24.087000000001684,10.5,2792.92,,,,0,3010.3
404,447,20,5111,24.110000000001712,10.62,2822.56,,,,0,3016.2
405,448,4,1254,4.253000000000009,9.88,2647.64,,,,0,3017.7
406,449,3,1000,2.998999999999926,9.82,2633.46,,,,0,3019.1
407,450,3,1036,3.034999999999937,9.66,2595.56,,,,0,3020.2
408,451,1,550,0.5489999999999755,9.64,2590.48,,,,0,3020.7
409,452,10,2678,11.676999999999675,9.74,2614.28,,,,0,3023.8
410,453,0,269,-0.7319999999999998,9.74,2614.28,,,,0,3024.1
411,454,4,1234,4.233000000000002,9.48,2550.88,,,,0,3025.5
412,455,6,1709,6.708000000000161,9.58,2574.08,,,,0,3027.6
413,456,5,1523,5.522000000000099,9.46,2545.9,,,,0,3029.3
414,457,9,2429,10.427999999999813,9.64,2589.1,,,,0,3032.1
415,458,2,768,1.7669999999999515,9.62,2584.12,,,,0,3032.9
416,459,16,4150,19.149000000000537,9.72,2608.54,,,,0,3037.6
417,460,34,8433,41.43199999999828,10.32,2752.04,,,,0,3047.4
418,461,38,9441,46.43999999999593,11.08,2935.48,,,,0,3058.2
419,462,5,1472,5.471000000000082,10.8,2868.34,,,,0,3059.9
420,463,6,1762,6.761000000000179,10.86,2887.48,,,,0,3061.9
421,464,12,3177,14.175999999999398,10.88,2892.82,,,,0,3065.5
422,465,1,554,0.5529999999999751,10.84,2883.56,,,,0,3066.1
423,466,0,269,-0.7319999999999998,10.76,2864.26,,,,0,3066.3
424,467,9,2429,10.427999999999813,10.76,2867.92,,,,0,3069.1
425,468,30,7497,36.496000000000464,11.04,2935.68,,,,0,3077.5
426,469,18,4635,21.63400000000113,11.18,2969.88,,,,0,3083.0
427,470,17,4384,20.383000000000823,10.72,2859.3,,,,0,3088.0
428,471,15,3879,17.878000000000206,11.02,2931.5,,,,0,3092.5
429,472,6,1737,6.73600000000017,11.0,2927.26,,,,0,3094.4
430,473,4,1252,4.251000000000008,10.84,2888.32,,,,0,3095.9
431,474,5,1506,5.505000000000093,10.64,2840.5,,,,0,3097.6
432,475,8,2241,9.239999999999917,10.56,2821.78,,,,0,3100.3
433,476,0,301,-0.6999999999999997,10.5,2807.8,,,,0,3100.6
434,477,10,2691,11.689999999999667,10.7,2856.02,,,,0,3103.9
435,478,8,2230,9.228999999999923,10.8,2880.64,,,,0,3106.4
436,479,18,4622,21.621000000001114,11.02,2933.94,,,,0,3111.7
437,480,2,754,1.752999999999953,11.06,2943.64,,,,0,3112.8
438,481,5,1485,5.484000000000086,10.62,2837.38,,,,0,3114.7
439,482,4,1236,4.235000000000003,10.1,2711.74,,,,0,3116.2
440,483,12,2968,13.966999999999514,10.24,2741.38,,,,0,3120.2
441,484,14,3684,16.682999999999968,10.42,2785.66,,,,0,3124.7
442,485,1,534,0.5329999999999773,10.08,2703.64,,,,0,3125.3
443,486,9,2440,10.438999999999806,10.1,2708.64,,,,0,3128.1
444,487,15,3869,17.868000000000194,10.12,2712.62,,,,0,3132.6
445,488,39,9642,47.640999999995465,10.7,2851.56,,,,0,3143.7
446,489,12,3183,14.181999999999395,10.64,2837.58,,,,0,3147.3
447,490,13,3411,15.409999999999634,10.16,2722.82,,,,0,3151.2
448,491,4,1254,4.253000000000009,10.24,2742.52,,,,0,3152.6
449,492,8,2189,9.187999999999946,10.3,2755.86,,,,0,3155.1
450,493,12,3178,14.176999999999397,10.46,2794.76,,,,0,3158.8
451,494,34,8436,41.434999999998276,11.02,2929.3,,,,0,3169.1
452,495,8,2241,9.239999999999917,10.78,2876.3,,,,0,3171.6
453,496,24,6029,29.028000000002834,10.86,2895.12,,,,0,3178.9
454,497,35,8685,42.683999999997695,11.16,2966.6,,,,0,3189.7
455,498,2,802,1.8009999999999478,11.12,2957.56,,,,0,3190.5
456,499,3,1018,3.016999999999931,11.12,2957.92,,,,0,3191.7
457,500,21,5125,25.12400000000173,11.48,3039.7,,,,0,3197.5
458,501,15,3879,17.878000000000206,11.76,3106.28,,,,0,3201.9
459,502,14,3630,16.628999999999902,11.84,3125.32,,,,0,3206.3
460,503,5,1486,5.4850000000000865,11.94,3149.66,,,,0,3208.0
461,504,37,9171,45.16999999999656,12.6,3308.4,,,,0,3218.5
462,505,2,801,1.7999999999999479,12.52,3290.24,,,,0,3219.4
463,506,20,5121,24.120000000001724,12.82,3362.2,,,,0,3225.6
464,507,7,1955,7.954000000000075,12.78,3352.72,,,,0,3227.9
465,508,13,3394,15.392999999999613,13.0,3405.24,,,,0,3232.0
466,509,0,315,-0.6859999999999997,12.68,3328.54,,,,0,3232.4
467,510,27,6760,32.75900000000218,12.54,3295.08,,,,0,3240.4
468,511,7,1949,7.948000000000079,11.92,3145.24,,,,0,3242.5
469,512,2,769,1.7679999999999514,11.86,3131.18,,,,0,3243.4
470,513,15,3917,17.916000000000253,12.04,3174.28,,,,0,3248.1
471,514,2,769,1.7679999999999514,11.84,3126.12,,,,0,3249.0
472,515,1,553,0.5519999999999752,11.84,3126.1,,,,0,3249.6
473,516,19,4834,22.833000000001373,12.22,3217.4,,,,0,3255.1
474,517,41,10000,50.99899999999463,12.86,3368.82,,,,0,3266.5
475,518,7,1949,7.948000000000079,12.4,3257.86,,,,0,3268.7
476,519,7,1971,7.970000000000066,12.18,3204.58,,,,0,3271.0
477,520,12,3196,14.194999999999387,12.08,3180.82,,,,0,3274.7
478,521,7,1978,7.9770000000000625,11.92,3142.8,,,,0,3276.9
479,522,24,6039,29.038000000002846,12.28,3228.84,,,,0,3283.9
480,523,12,3181,14.179999999999396,12.44,3267.42,,,,0,3287.6
481,524,12,3184,14.182999999999394,12.58,3300.98,,,,0,3291.2
482,525,12,3198,14.196999999999386,12.66,3320.12,,,,0,3294.9
483,526,2,749,1.7479999999999536,12.7,3329.08,,,,0,3295.8
484,527,15,3918,17.917000000000254,12.8,3353.62,,,,0,3300.3
485,528,9,2461,10.459999999999795,12.82,3358.24,,,,0,3303.1
486,529,21,5342,25.341000000001994,12.88,3372.64,,,,0,3309.3
487,530,12,3180,14.178999999999396,13.08,3421.16,,,,0,3312.9
488,531,4,1251,4.250000000000008,13.06,3416.48,,,,0,3314.4
489,532,6,1738,6.737000000000171,13.1,3426.52,,,,0,3316.3
490,533,12,3180,14.178999999999396,13.1,3430.76,,,,0,3319.9
491,534,8,2208,9.206999999999935,12.98,3401.24,,,,0,3322.3
492,535,6,1720,6.719000000000165,13.08,3424.96,,,,0,3324.2
493,536,12,3177,14.175999999999398,13.14,3439.7,,,,0,3327.6
494,537,14,3648,16.646999999999924,13.12,3435.28,,,,0,3331.8
495,538,14,3648,16.646999999999924,12.62,3315.4,,,,0,3336.0
496,539,3,989,2.987999999999927,12.44,3271.52,,,,0,3337.1
497,540,22,5549,26.548000000002247,12.62,3314.28,,,,0,3343.3
498,541,20,5085,24.08400000000168,12.94,3390.9,,,,0,3348.9
499,542,2,765,1.7639999999999518,12.82,3362.42,,,,0,3349.8
500,543,23,5789,27.78800000000254,13.04,3414.64,1.7,408.35,0.5,0,3366.5
501,544,9,2476,10.474999999999786,12.54,3295.44,,,,0,3369.9
502,545,13,3433,15.431999999999661,12.64,3319.28,,,,0,3373.8
503,546,21,5341,25.340000000001993,12.58,3305.52,,,,0,3379.8
504,547,0,301,-0.6999999999999997,11.88,3137.84,,,,0,3380.2
505,548,15,3922,17.92100000000026,12.14,3200.24,,,,0,3384.6
506,549,14,3681,16.679999999999964,12.36,3253.5,,,,0,3388.7
507,550,18,4589,21.588000000001074,12.3,3242.78,,,,0,3393.9
508,551,18,4636,21.63500000000113,12.36,3257.92,,,,0,3399.1
509,552,1,514,0.5129999999999795,12.1,3195.6,,,,0,3399.7
510,553,8,2205,9.203999999999937,12.16,3209.98,,,,0,3402.4
511,554,5,1522,5.5210000000000985,11.52,3057.0,,,,0,3404.4
512,555,6,1758,6.757000000000177,11.6,3076.14,,,,0,3406.6
513,556,3,1022,3.0209999999999324,11.26,2994.16,,,,0,3407.9
514,557,16,4120,19.1190000000005,11.44,3037.46,,,,0,3412.9
515,558,1,553,0.5519999999999752,11.2,2980.64,,,,0,3413.6
516,559,9,2461,10.459999999999795,11.38,3023.56,,,,0,3416.7
517,560,4,1256,4.25500000000001,10.92,2913.48,,,,0,3418.2
518,561,41,10000,50.99899999999463,11.6,3074.5,,,,0,3430.6
519,562,4,1232,4.231000000000002,11.64,3083.76,,,,0,3432.0
520,563,0,269,-0.7319999999999998,11.34,3010.8,,,,0,3432.3
521,564,5,1521,5.520000000000098,11.4,3025.84,,,,0,3434.0
522,565,0,286,-0.7149999999999999,11.38,3020.5,,,,0,3434.4
523,566,2,765,1.7639999999999518,11.04,2939.12,,,,0,3435.2
524,567,35,8706,42.704999999997646,10.92,2913.24,,,,0,3445.3
525,568,8,2207,9.205999999999936,10.94,2918.4,,,,0,3447.7
526,569,1,549,0.5479999999999756,10.82,2889.96,,,,0,3448.3
527,570,21,5320,25.319000000001967,11.0,2932.44,,,,0,3454.3
528,571,41,10000,50.99899999999463,11.68,3092.88,,,,0,3466.0
529,572,6,1719,6.718000000000164,11.32,3006.48,,,,0,3468.1
530,573,4,1234,4.233000000000002,11.16,2967.54,,,,0,3469.6
531,574,2,769,1.7679999999999514,10.96,2919.24,,,,0,3470.4
532,575,22,5571,26.570000000002274,11.16,2966.7,,,,0,3477.3
533,576,3,1035,3.0339999999999367,11.18,2972.42,,,,0,3478.6
534,577,19,4873,22.87200000000142,11.26,2991.52,,,,0,3484.7
535,578,37,9157,45.155999999996595,11.82,3125.44,,,,0,3495.5
536,579,15,3869,17.868000000000194,11.7,3095.98,,,,0,3499.9
537,580,5,1485,5.484000000000086,11.56,3062.08,,,,0,3501.7
538,581,10,2678,11.676999999999675,11.68,3090.62,,,,0,3504.8
539,582,12,3159,14.157999999999408,11.8,3119.04,,,,0,3508.5
540,583,16,4113,19.112000000000492,11.88,3137.7,,,,0,3513.4
541,584,12,3162,14.160999999999406,11.96,3156.78,,,,0,3517.1
542,585,13,3389,15.387999999999607,12.1,3190.16,,,,0,3521.1
543,586,4,1235,4.234000000000003,11.94,3151.32,,,,0,3522.5
544,587,10,2676,11.674999999999676,11.86,3131.88,,,,0,3525.6
545,588,18,4618,21.61700000000111,11.94,3151.28,,,,0,3531.0
546,589,6,1755,6.754000000000176,12.0,3166.6,,,,0,3532.9
547,590,12,3159,14.157999999999408,11.8,3118.8,,,,0,3536.4
548,591,2,765,1.7639999999999518,11.44,3032.4,,,,0,3537.3
549,592,7,1957,7.956000000000074,11.54,3056.24,,,,0,3539.5
550,593,9,2245,10.243999999999915,11.26,2985.36,,,,0,3542.0
551,594,4,1229,4.228000000000001,11.16,2960.42,,,,0,3543.4
552,595,11,2909,12.907999999999547,11.12,2949.94,,,,0,3546.7
553,596,3,1038,3.0369999999999377,10.76,2863.88,,,,0,3547.9
554,597,8,2241,9.239999999999917,10.92,2902.68,,,,0,3550.4
555,598,5,1472,5.471000000000082,10.72,2853.68,,,,0,3552.1
556,599,0,269,-0.7319999999999998,10.44,2785.44,,,,0,3552.4
557,600,13,3394,15.392999999999613,10.34,2761.54,,,,0,3556.3
558,601,14,3645,16.64399999999992,10.26,2741.72,,,,0,3560.5
559,602,14,3629,16.6279999999999,10.52,2804.02,,,,0,3564.6
560,603,0,269,-0.7319999999999998,10.36,2765.3,,,,0,3564.9
561,604,27,6565,32.564000000002636,10.8,2866.16,,,,0,3572.7
562,605,38,9427,46.425999999995966,11.44,3019.54,,,,0,3584.3
563,606,8,2241,9.239999999999917,11.54,3043.92,,,,0,3587.1
564,607,3,1002,3.0009999999999257,11.28,2981.56,,,,0,3588.4
565,608,15,3920,17.919000000000256,11.56,3048.9,,,,0,3593.3
566,609,1,552,0.5509999999999753,11.4,3010.72,,,,0,3594.0
567,610,16,4131,19.130000000000514,11.64,3068.22,,,,0,3599.2
568,611,21,5125,25.12400000000173,11.24,2970.72,,,,0,3605.6
569,612,0,269,-0.7319999999999998,11.16,2951.46,,,,0,3605.9
570,613,9,2482,10.480999999999783,11.34,2995.72,,,,0,3608.9
571,614,12,3159,14.157999999999408,11.48,3028.48,,,,0,3612.9
572,615,12,3165,14.163999999999405,11.72,3086.06,,,,0,3616.9
573,616,5,1524,5.523000000000099,11.78,3101.24,,,,0,3619.0
574,617,40,9894,48.89299999999488,11.88,3125.0,,,,0,3630.9
575,618,41,10000,50.99899999999463,12.54,3280.86,,,,0,3643.3
576,619,13,3397,15.395999999999617,12.78,3337.82,,,,0,3647.6
577,620,8,2212,9.210999999999933,12.52,3275.66,,,,0,3650.3
578,621,17,4351,20.350000000000783,12.04,3162.68,,,,0,3655.8
579,622,5,1489,5.4880000000000875,12.02,3158.08,,,,0,3657.7
580,623,0,269,-0.7319999999999998,11.94,3138.78,,,,0,3658.1
581,624,13,3389,15.387999999999607,12.16,3191.18,,,,0,3662.3
582,625,5,1474,5.4730000000000825,11.82,3109.24,,,,0,3664.1
583,626,7,1961,7.960000000000072,11.9,3127.76,,,,0,3666.5
584,627,0,269,-0.7319999999999998,11.52,3035.68,,,,0,3666.8
585,628,18,4600,21.599000000001087,11.14,2944.54,,,,0,3672.5
586,629,17,4384,20.383000000000823,11.18,2954.84,,,,0,3678.0
587,630,2,750,1.7489999999999535,11.12,2940.14,,,,0,3678.9
588,631,1,557,0.5559999999999747,10.94,2897.72,,,,0,3679.6
589,632,9,2476,10.474999999999786,10.88,2884.06,,,,0,3682.7
590,633,2,801,1.7999999999999479,10.6,2817.82,,,,0,3683.8
591,634,2,766,1.7649999999999517,10.4,2769.9,,,,0,3684.7
592,635,41,10000,50.99899999999463,10.96,2902.12,,,,0,3697.2
593,636,10,2669,11.66799999999968,11.08,2930.8,,,,0,3700.6
594,637,8,2244,9.242999999999915,11.04,2922.16,,,,0,3703.4
595,638,22,5571,26.570000000002274,11.12,2941.22,,,,0,3710.4
596,639,4,1233,4.232000000000002,11.08,2930.78,,,,0,3711.9
597,640,3,989,2.987999999999927,10.9,2887.38,,,,0,3713.1
598,641,11,2909,12.907999999999547,11.08,2930.26,,,,0,3716.5
599,642,4,1236,4.235000000000003,11.02,2915.84,,,,0,3718.0
600,643,26,6509,31.508000000002767,11.36,3001.12,,,,0,3725.6
601,644,8,2206,9.204999999999936,11.44,3020.66,,,,0,3728.2
602,645,1,550,0.5489999999999755,11.24,2973.48,,,,0,3728.9
603,646,41,10000,50.99899999999463,12.0,3152.72,,,,0,3740.6
604,647,21,5341,25.340000000001993,12.26,3214.72,,,,0,3747.0
605,648,10,2713,11.711999999999655,12.36,3239.54,,,,0,3750.1
606,649,10,2674,11.672999999999677,12.56,3287.64,,,,0,3753.3
607,650,4,1233,4.232000000000002,12.38,3244.42,,,,0,3754.8
608,651,3,989,2.987999999999927,12.16,3191.3,,,,0,3756.0
609,652,8,2242,9.240999999999916,12.04,3163.56,,,,0,3758.7
610,653,35,8491,42.48999999999815,12.74,3328.0,,,,0,3768.8
611,654,6,1755,6.754000000000176,12.32,3231.8,,,,0,3771.0
612,655,6,1741,6.740000000000172,11.68,3078.08,,,,0,3773.2
613,656,25,6269,30.268000000003127,12.02,3158.64,,,,0,3780.6
614,657,9,2429,10.427999999999813,12.14,3187.18,,,,0,3783.5
615,658,7,1975,7.974000000000064,11.98,3148.28,,,,0,3785.9
616,659,16,4135,19.13400000000052,12.28,3219.94,,,,0,3790.8
617,660,0,322,-0.6789999999999998,11.96,3143.76,,,,0,3791.2
618,661,4,1253,4.252000000000009,11.62,3066.32,,,,0,3792.6
619,662,16,4114,19.113000000000493,11.94,3143.22,,,,0,3797.6
620,663,1,513,0.5119999999999796,11.78,3103.84,,,,0,3798.1
621,664,3,1000,2.998999999999926,11.6,3060.66,,,,0,3799.4
622,665,21,5345,25.344000000001998,11.78,3104.26,,,,0,3805.8
623,666,15,3880,17.879000000000207,11.98,3151.38,,,,0,3810.7
624,667,2,752,1.7509999999999533,11.22,2968.54,,,,0,3811.6
625,668,11,2909,12.907999999999547,10.62,2826.72,,,,0,3815.3
626,669,1,517,0.5159999999999791,10.38,2769.12,,,,0,3815.9
627,670,0,269,-0.7319999999999998,10.22,2730.26,,,,0,3816.3
628,671,6,1709,6.708000000000161,10.0,2677.42,,,,0,3818.4
629,672,12,3195,14.193999999999388,10.14,2711.54,,,,0,3822.5
630,673,10,2710,11.708999999999657,10.34,2760.36,,,,0,3825.9
631,674,3,999,2.997999999999926,10.14,2712.56,,,,0,3827.1
632,675,0,269,-0.7319999999999998,10.04,2688.46,,,,0,3827.5
633,676,27,6795,32.7940000000021,10.44,2785.14,,,,0,3835.4
634,677,4,1235,4.234000000000003,10.52,2804.46,,,,0,3836.9
635,678,6,1709,6.708000000000161,10.28,2746.64,,,,0,3838.9
636,679,8,2224,9.222999999999926,10.1,2703.44,,,,0,3841.5
637,680,10,2713,11.711999999999655,10.26,2742.7,,,,0,3844.7
638,681,5,1471,5.4700000000000815,10.34,2760.98,,,,0,3846.5
639,682,9,2478,10.476999999999785,10.34,2761.02,,,,0,3849.5
640,683,11,2943,12.941999999999528,10.52,2803.86,,,,0,3853.0
641,684,9,2475,10.473999999999787,10.66,2838.04,,,,0,3855.9
642,685,41,10000,50.99899999999463,10.66,2838.04,,,,0,3868.4
643,686,3,989,2.987999999999927,10.52,2804.44,,,,0,3869.7
644,687,18,4408,21.407000000000853,10.72,2847.72,,,,0,3875.3
645,688,25,6273,30.272000000003132,10.78,2861.76,,,,0,3883.2
646,689,9,2475,10.473999999999787,10.88,2886.6,,,,0,3886.4
647,690,6,1759,6.758000000000178,10.94,2902.0,,,,0,3888.6
648,691,13,3394,15.392999999999613,10.98,2911.7,,,,0,3892.9
649,692,1,513,0.5119999999999796,10.92,2897.24,,,,0,3893.5
650,693,1,552,0.5509999999999753,10.42,2778.1,,,,0,3894.2
651,694,6,1739,6.738000000000171,10.38,2768.76,,,,0,3896.4
652,695,7,1957,7.956000000000074,10.5,2796.9,,,,0,3898.8
653,696,3,1004,3.0029999999999264,9.74,2616.98,,,,0,3900.1
654,697,1,513,0.5119999999999796,9.34,2520.42,,,,0,3900.7
655,698,5,1521,5.520000000000098,9.24,2496.58,,,,0,3902.6
656,699,34,8437,41.43599999999827,9.72,2611.84,,,,0,3913.2
657,700,5,1522,5.5210000000000985,9.74,2617.62,,,,0,3915.1
658,701,6,1758,6.757000000000177,9.8,2633.0,,,,0,3917.3
659,702,5,1524,5.523000000000099,9.74,2618.64,,,,0,3919.3
660,703,3,1006,3.004999999999927,9.1,2468.94,,,,0,3920.5
661,704,0,318,-0.6829999999999998,8.98,2440.2,,,,0,3921.0
662,705,18,4408,21.407000000000853,9.22,2493.54,,,,0,3926.6
663,706,15,3897,17.896000000000228,9.02,2446.1,,,,0,3931.5
664,707,10,2698,11.696999999999663,9.04,2451.48,,,,0,3935.0
665,708,8,2011,9.010000000000044,9.06,2452.2,,,,0,3937.5
666,709,3,989,2.987999999999927,8.8,2389.28,,,,0,3938.7
667,710,5,1521,5.520000000000098,8.9,2413.26,,,,0,3940.7
668,711,11,2909,12.907999999999547,9.04,2446.38,,,,0,3944.3
669,712,6,1709,6.708000000000161,8.84,2398.28,,,,0,3946.6
670,713,7,1954,7.953000000000076,8.96,2427.1,,,,0,3949.1
671,714,9,2476,10.474999999999786,9.08,2456.62,,,,0,3952.2
672,715,15,3915,17.91400000000025,8.96,2428.02,,,,0,3957.2
673,716,15,3685,17.68399999999997,8.96,2424.12,,,,0,3961.8
674,717,2,770,1.7689999999999513,8.96,2424.48,,,,0,3962.8
675,718,7,1949,7.948000000000079,8.88,2405.28,,,,0,3965.2
676,719,9,2442,10.440999999999805,9.04,2443.78,,,,0,3968.2
677,720,41,10000,50.99899999999463,9.86,2638.4,,,,0,3980.7
678,721,6,1722,6.721000000000165,9.86,2638.66,,,,0,3982.8
679,722,41,10000,50.99899999999463,10.44,2774.76,,,,0,3995.4
680,723,2,766,1.7649999999999517,10.28,2735.88,,,,0,3996.4
681,724,15,3869,17.868000000000194,10.52,2793.28,,,,0,4001.2
682,725,2,766,1.7649999999999517,10.56,2803.22,,,,0,4002.2
683,726,2,773,1.771999999999951,10.06,2682.78,,,,0,4003.2
684,727,5,1291,5.290000000000021,10.08,2683.9,,,,0,4004.8
685,728,12,3160,14.158999999999407,10.2,2712.92,,,,0,4008.8
686,729,14,3653,16.65199999999993,10.32,2741.5,,,,0,4013.4
687,730,4,1233,4.232000000000002,10.2,2711.9,,,,0,4015.0
688,731,0,317,-0.6839999999999997,10.1,2688.82,,,,0,4015.3
689,732,1,557,0.5559999999999747,9.94,2650.4,,,,0,4016.0
690,733,21,5309,25.308000000001954,10.14,2697.72,,,,0,4022.7
691,734,6,1738,6.737000000000171,10.08,2682.98,,,,0,4024.9
692,735,40,9869,48.867999999994936,10.06,2680.36,,,,0,4036.8
693,736,15,3897,17.896000000000228,10.3,2738.52,,,,0,4041.5
694,737,1,552,0.5509999999999753,9.96,2661.4,,,,0,4042.2
695,738,5,1485,5.484000000000086,9.56,2565.64,,,,0,4044.0
696,739,11,2946,12.944999999999526,9.6,2575.06,,,,0,4047.8
697,740,24,6077,29.076000000002892,9.96,2661.42,,,,0,4055.4
698,741,0,269,-0.7319999999999998,9.7,2598.92,,,,0,4055.8
699,742,12,3174,14.1729999999994,9.92,2652.14,,,,0,4059.8
700,743,2,751,1.7499999999999534,9.94,2656.12,,,,0,4060.8
701,744,8,2210,9.208999999999934,9.98,2665.54,,,,0,4063.4
702,745,25,6313,30.31200000000318,10.34,2752.66,,,,0,4071.1
703,746,4,1251,4.250000000000008,10.36,2757.6,,,,0,4072.6
704,747,6,1756,6.755000000000177,10.46,2782.46,,,,0,4074.6
705,748,3,1038,3.0369999999999377,10.42,2772.8,,,,0,4075.9
706,749,1,554,0.5529999999999751,9.76,2615.14,,,,0,4076.6
707,750,11,2947,12.945999999999525,9.88,2643.64,,,,0,4080.1
708,751,18,4589,21.588000000001074,10.12,2700.26,,,,0,4085.4
709,752,3,1015,3.01399999999993,10.08,2690.08,,,,0,4086.6
710,753,0,269,-0.7319999999999998,10.02,2675.34,,,,0,4086.9
711,754,16,4109,19.108000000000487,10.34,2751.16,,,,0,4091.9
712,755,12,3164,14.162999999999405,10.22,2726.28,,,,0,4095.6
713,756,4,1274,4.273000000000016,10.0,2673.82,,,,0,4097.0
714,757,10,2669,11.66799999999968,10.0,2673.24,,,,0,4100.2
715,758,14,3629,16.6279999999999,10.12,2705.6,,,,0,4104.6
716,759,5,1489,5.4880000000000875,10.16,2715.6,,,,0,4106.4
717,760,2,750,1.7489999999999535,10.1,2700.18,,,,0,4107.4
718,761,6,1719,6.718000000000164,10.0,2676.38,,,,0,4109.5
719,762,5,1485,5.484000000000086,9.98,2671.9,,,,0,4111.4
720,763,5,1486,5.4850000000000865,9.94,2662.54,,,,0,4113.2
721,764,3,1017,3.0159999999999307,9.82,2633.36,,,,0,4114.5
722,765,8,2189,9.187999999999946,9.68,2598.84,,,,0,4117.2
723,766,10,2681,11.679999999999673,9.58,2578.76,,,,0,4120.7
724,767,1,509,0.50799999999998,9.56,2573.54,,,,0,4121.3
725,768,18,4599,21.598000000001086,9.78,2626.54,,,,0,4127.2
726,769,21,5319,25.318000000001966,10.02,2684.08,,,,0,4133.9
727,770,7,1949,7.948000000000079,9.34,2523.06,,,,0,4136.4
728,771,12,3177,14.175999999999398,9.46,2552.16,,,,0,4140.5
729,772,0,269,-0.7319999999999998,8.64,2357.54,,,,0,4140.9
730,773,14,3629,16.6279999999999,8.88,2414.8,,,,0,4145.5
731,774,22,5553,26.552000000002252,9.02,2448.48,,,,0,4152.5
732,775,6,1709,6.708000000000161,9.1,2467.34,,,,0,4154.6
733,776,1,550,0.5489999999999755,9.08,2462.88,,,,0,4155.3
734,777,10,2674,11.672999999999677,9.18,2490.54,,,,0,4158.6
735,778,17,4402,20.401000000000845,9.28,2515.38,,,,0,4164.2
736,779,1,509,0.50799999999998,9.02,2452.5,,,,0,4164.8
737,780,6,1709,6.708000000000161,9.06,2462.02,,,,0,4166.9
738,781,3,989,2.987999999999927,9.12,2475.46,,,,0,4168.2
739,782,0,297,-0.7039999999999997,9.1,2470.26,,,,0,4168.6
740,783,5,1485,5.484000000000086,8.78,2393.78,,,,0,4170.4
741,784,3,1000,2.998999999999926,8.72,2379.02,,,,0,4171.6
742,785,11,2928,12.926999999999536,8.14,2240.2,,,,0,4175.2
743,786,31,7735,37.73399999999991,8.46,2316.96,,,,0,4184.9
744,787,1,518,0.516999999999979,8.46,2316.28,,,,0,4185.6
745,788,2,770,1.7689999999999513,8.4,2301.98,,,,0,4186.6
746,789,16,4120,19.1190000000005,8.5,2325.46,,,,0,4191.7
747,790,3,1036,3.034999999999937,8.08,2224.64,,,,0,4193.0
748,791,33,8238,40.23699999999874,8.74,2384.02,,,,0,4203.4
749,792,15,3879,17.878000000000206,8.8,2398.12,,,,0,4207.9
750,793,16,4109,19.108000000000487,9.08,2465.28,,,,0,4212.5
751,794,8,2225,9.223999999999926,9.08,2465.58,,,,0,4215.1
752,795,1,549,0.5479999999999756,8.6,2350.3,,,,0,4215.7
753,796,8,2212,9.210999999999933,8.68,2369.52,,,,0,4218.6
754,797,31,7713,37.71199999999996,9.18,2488.66,,,,0,4227.5
755,798,20,5122,24.121000000001725,9.52,2570.34,,,,0,4234.0
756,799,7,1956,7.955000000000075,9.64,2598.38,,,,0,4236.4
757,800,4,1229,4.228000000000001,9.5,2564.02,,,,0,4237.9
758,801,28,6997,33.99600000000163,9.7,2612.18,,,,0,4246.7
759,802,3,1024,3.022999999999933,9.7,2612.36,,,,0,4248.1
760,803,15,3881,17.88000000000021,10.0,2684.6,,,,0,4252.8
761,804,41,10000,50.99899999999463,10.5,2802.42,,,,0,4264.3
762,805,28,6994,33.993000000001636,10.82,2879.02,,,,0,4272.5
763,806,1,549,0.5479999999999756,10.76,2864.52,,,,0,4273.2
764,807,5,1291,5.290000000000021,10.66,2836.96,,,,0,4274.7
765,808,12,3195,14.193999999999388,10.62,2828.28,,,,0,4278.5
766,809,4,1238,4.237000000000004,10.6,2823.26,,,,0,4280.1
767,810,7,1949,7.948000000000079,10.7,2847.24,,,,0,4282.4
768,811,6,1737,6.73600000000017,10.7,2847.6,,,,0,4284.4
769,812,1,531,0.5299999999999776,10.62,2828.52,,,,0,4285.0
770,813,14,3629,16.6279999999999,10.8,2871.38,,,,0,4289.3
771,814,4,1272,4.271000000000015,10.82,2876.48,,,,0,4290.8
772,815,7,1996,7.9950000000000525,10.8,2872.62,,,,0,4293.3
773,816,12,3177,14.175999999999398,10.84,2882.54,,,,0,4297.3
774,817,8,2227,9.225999999999924,10.98,2916.9,,,,0,4300.0
775,818,1,514,0.5129999999999795,10.64,2835.2,,,,0,4300.7
776,819,5,1469,5.468000000000081,10.32,2758.2,,,,0,4302.5
777,820,22,5572,26.571000000002275,10.62,2830.66,,,,0,4309.5
778,821,3,1003,3.001999999999926,10.44,2787.18,,,,0,4310.8
779,822,4,1254,4.253000000000009,10.52,2806.88,,,,0,4312.3
780,823,27,6800,32.79900000000209,10.78,2870.3,,,,0,4320.9
781,824,41,10000,50.99899999999463,11.16,2959.24,,,,0,4333.6
782,825,2,786,1.7849999999999495,11.08,2940.78,,,,0,4334.6
783,826,9,2429,10.427999999999813,11.24,2978.36,,,,0,4337.5
784,827,14,3663,16.661999999999942,11.32,2998.14,,,,0,4342.0
785,828,2,749,1.7479999999999536,11.02,2925.08,,,,0,4343.0
786,829,3,989,2.987999999999927,11.06,2934.68,,,,0,4344.3
787,830,13,3400,15.39899999999962,11.2,2968.5,,,,0,4348.6
788,831,37,9178,45.176999999996546,11.88,3132.28,,,,0,4360.2
789,832,1,517,0.5159999999999791,11.9,3136.68,,,,0,4360.9
790,833,4,1254,4.253000000000009,11.88,3132.06,,,,0,4362.4
791,834,12,3177,14.175999999999398,12.06,3175.6,,,,0,4366.5
792,835,17,4387,20.386000000000827,12.18,3204.78,,,,0,4372.0
793,836,4,1233,4.232000000000002,11.64,3074.74,,,,0,4373.6
794,837,1,509,0.50799999999998,11.64,3074.56,,,,0,4374.2
795,838,8,2189,9.187999999999946,11.76,3102.94,,,,0,4376.9
796,839,8,2205,9.203999999999937,11.6,3064.64,,,,0,4379.7
797,840,5,1521,5.520000000000098,11.64,3074.34,,,,0,4381.6
798,841,12,3159,14.157999999999408,11.22,2972.76,,,,0,4385.6
799,842,36,8937,43.93599999999711,11.64,3073.92,,,,0,4396.5
800,843,15,3879,17.878000000000206,11.62,3069.32,,,,0,4401.2
801,844,27,6749,32.74800000000221,12.0,3159.8,,,,0,4409.6
802,845,3,999,2.997999999999926,12.04,3168.8,,,,0,4410.8
803,846,15,3879,17.878000000000206,12.18,3202.14,,,,0,4415.6
804,847,4,1233,4.232000000000002,11.64,3072.54,,,,0,4417.2
805,848,18,4618,21.61700000000111,11.6,3062.46,,,,0,4423.1
806,849,19,4873,22.87200000000142,11.84,3120.8,,,,0,4429.1
807,850,33,8223,40.22199999999877,12.42,3260.68,,,,0,4439.0
808,851,8,2189,9.187999999999946,12.02,3164.52,,,,0,4441.7
809,852,6,1756,6.755000000000177,12.08,3179.16,,,,0,4443.8
810,853,10,2678,11.676999999999675,11.98,3155.1,,,,0,4446.9
811,854,2,773,1.771999999999951,11.2,2970.56,,,,0,4447.8
812,855,11,2929,12.927999999999535,10.86,2889.26,,,,0,4451.5
813,856,33,8212,40.2109999999988,11.5,3042.52,,,,0,4461.8
814,857,12,3177,14.175999999999398,11.64,3080.24,,,,0,4465.7
815,858,2,769,1.7679999999999514,11.44,3031.72,,,,0,4466.7
816,859,2,771,1.7699999999999512,11.4,3022.38,,,,0,4467.7
817,860,8,2189,9.187999999999946,11.42,3027.18,,,,0,4470.4
818,861,6,1709,6.708000000000161,11.42,3026.62,,,,0,4472.6
819,862,4,1234,4.233000000000002,11.48,3040.68,,,,0,4474.1
820,863,13,3412,15.410999999999635,11.46,3036.34,,,,0,4478.4
821,864,41,10000,50.99899999999463,12.2,3210.9,,,,0,4490.9
822,865,9,2457,10.455999999999797,12.24,3220.12,,,,0,4493.7
823,866,4,1251,4.250000000000008,12.08,3181.6,,,,0,4495.1
824,867,2,768,1.7669999999999515,11.96,3152.42,,,,0,4496.0
825,868,1,535,0.5339999999999772,11.96,3152.84,,,,0,4496.6
826,869,9,2439,10.437999999999807,12.04,3172.24,,,,0,4499.5
827,870,0,269,-0.7319999999999998,11.6,3066.18,,,,0,4499.8
828,871,8,2241,9.239999999999917,11.7,3090.94,,,,0,4502.3
829,872,15,3685,17.68399999999997,11.92,3139.56,,,,0,4506.6
830,873,6,1758,6.757000000000177,11.5,3038.72,,,,0,4508.6
831,874,3,1017,3.0159999999999307,10.74,2859.06,,,,0,4509.8
832,875,3,1017,3.0159999999999307,10.76,2863.68,,,,0,4511.0
833,876,1,549,0.5479999999999756,10.6,2826.08,,,,0,4511.6
834,877,5,1522,5.5210000000000985,10.42,2783.26,,,,0,4513.5
835,878,5,1510,5.5090000000000945,10.48,2798.48,,,,0,4515.3
836,879,3,989,2.987999999999927,10.48,2798.48,,,,0,4516.5
837,880,0,269,-0.7319999999999998,10.22,2735.86,,,,0,4516.8
838,881,6,1723,6.722000000000166,9.6,2586.76,,,,0,4518.9
839,882,5,1489,5.4880000000000875,9.68,2606.2,,,,0,4520.6
840,883,23,5789,27.78800000000254,10.06,2696.9,,,,0,4527.6
841,884,0,283,-0.7179999999999997,9.82,2639.02,,,,0,4527.9
842,885,2,765,1.7639999999999518,9.52,2566.58,,,,0,4528.8
843,886,6,1739,6.738000000000171,9.56,2576.7,,,,0,4530.8
844,887,3,1039,3.037999999999938,9.6,2587.3,,,,0,4532.0
845,888,3,1003,3.001999999999926,9.5,2563.58,,,,0,4533.2
846,889,3,1021,3.019999999999932,9.4,2539.9,,,,0,4534.3
847,890,3,1039,3.037999999999938,9.36,2530.26,,,,0,4535.5
848,891,13,3394,15.392999999999613,9.38,2534.96,,,,0,4539.6
849,892,3,1017,3.0159999999999307,8.72,2376.56,,,,0,4540.8
850,893,41,10000,50.99899999999463,9.24,2498.98,,,,0,4552.8
851,894,14,3649,16.647999999999925,8.98,2436.98,,,,0,4556.9
852,895,41,10000,50.99899999999463,9.74,2617.0,,,,0,4568.6
853,896,18,4600,21.599000000001087,9.8,2631.42,,,,0,4574.4
854,897,3,1039,3.037999999999938,9.78,2627.54,,,,0,4575.6
855,898,1,550,0.5489999999999755,9.44,2546.18,,,,0,4576.2
856,899,1,531,0.5299999999999776,9.08,2459.34,,,,0,4576.9
857,900,12,3202,14.200999999999384,8.66,2358.92,,,,0,4580.9
858,901,7,1949,7.948000000000079,8.64,2354.12,,,,0,4583.3
859,902,7,1960,7.9590000000000725,8.66,2358.2,,,,0,4585.6
860,903,17,4369,20.368000000000805,8.8,2392.02,,,,0,4590.8
861,904,0,322,-0.6789999999999998,8.76,2383.0,,,,0,4591.2
862,905,5,1469,5.468000000000081,8.64,2353.8,,,,0,4592.9
863,906,11,2909,12.907999999999547,8.2,2247.74,,,,0,4596.4
864,907,3,1002,3.0009999999999257,8.02,2204.24,,,,0,4597.7
865,908,0,279,-0.7219999999999998,7.98,2194.44,,,,0,4598.0
866,909,4,1229,4.228000000000001,8.02,2203.6,,,,0,4599.5
867,910,13,3414,15.412999999999638,8.12,2228.1,,,,0,4603.4
868,911,14,3681,16.679999999999964,8.28,2267.54,,,,0,4607.9
869,912,14,3681,16.679999999999964,8.48,2316.48,,,,0,4612.3
870,913,11,2961,12.959999999999518,8.44,2307.46,,,,0,4615.7
871,914,31,7720,37.718999999999944,8.24,2261.86,,,,0,4624.7
872,915,0,269,-0.7319999999999998,8.06,2218.1,,,,0,4625.1
873,916,0,269,-0.7319999999999998,7.98,2198.46,,,,0,4625.4
874,917,5,1521,5.520000000000098,8.04,2213.52,,,,0,4627.1
875,918,7,1976,7.975000000000064,8.16,2242.34,,,,0,4629.6
876,919,3,989,2.987999999999927,8.04,2213.34,,,,0,4630.8
877,920,19,4829,22.828000000001367,8.42,2304.54,,,,0,4636.6
878,921,3,1020,3.0189999999999317,8.32,2280.12,,,,0,4637.7
879,922,8,2241,9.239999999999917,8.18,2251.24,,,,0,4640.1
880,923,8,2241,9.239999999999917,8.22,2260.9,,,,0,4642.8
881,924,2,801,1.7999999999999479,8.2,2256.58,,,,0,4643.7
882,925,7,1960,7.9590000000000725,8.28,2275.44,,,,0,4646.0
883,926,10,2677,11.675999999999675,8.46,2318.0,,,,0,4649.2
884,927,5,1469,5.468000000000081,8.46,2316.94,,,,0,4651.0
885,928,22,5553,26.552000000002252,8.8,2397.8,,,,0,4657.9
886,929,11,2962,12.960999999999517,8.96,2437.26,,,,0,4661.7
887,930,2,765,1.7639999999999518,9.0,2447.18,,,,0,4662.7
888,931,4,1234,4.233000000000002,8.96,2437.4,,,,0,4664.3
889,932,9,2429,10.427999999999813,9.04,2456.2,,,,0,4667.4
890,933,5,1524,5.523000000000099,8.68,2370.9,,,,0,4669.3
891,934,7,1954,7.953000000000076,8.82,2404.32,,,,0,4671.7
892,935,7,1949,7.948000000000079,8.92,2428.0,,,,0,4674.1
893,936,27,6795,32.7940000000021,9.34,2529.12,,,,0,4682.6
894,937,0,315,-0.6859999999999997,9.28,2514.64,,,,0,4683.0
895,938,13,3389,15.387999999999607,9.48,2562.36,,,,0,4687.2
896,939,3,999,2.997999999999926,9.48,2561.92,,,,0,4688.5
897,940,14,3629,16.6279999999999,9.7,2613.72,,,,0,4693.0
898,941,6,1723,6.722000000000166,9.56,2580.3,,,,0,4695.2
899,942,6,1759,6.758000000000178,9.62,2595.14,,,,0,4697.4
900,943,13,3412,15.410999999999635,9.06,2463.38,,,,0,4701.5
901,944,0,319,-0.6819999999999997,8.78,2396.78,,,,0,4701.9
902,945,6,1721,6.720000000000165,8.08,2231.2,,,,0,4704.0
903,946,12,3184,14.182999999999394,7.96,2202.88,,,,0,4708.0
904,947,6,1528,6.5270000000001005,8.02,2212.66,,,,0,4709.9
905,948,5,1504,5.5030000000000925,8.1,2231.74,,,,0,4711.7
906,949,34,8451,41.44999999999824,8.76,2390.14,,,,0,4721.9
907,950,8,2194,9.192999999999943,8.68,2369.98,,,,0,4724.5
908,951,32,7949,38.94799999999941,9.18,2489.98,,,,0,4733.8
909,952,3,1020,3.0189999999999317,9.1,2471.18,,,,0,4735.0
910,953,10,2677,11.675999999999675,8.96,2437.34,,,,0,4738.1
911,954,4,1253,4.252000000000009,9.04,2455.96,,,,0,4739.6
912,955,0,269,-0.7319999999999998,8.94,2431.96,,,,0,4740.0
913,956,2,765,1.7639999999999518,8.76,2389.08,,,,0,4740.9
914,957,3,1036,3.034999999999937,8.76,2389.76,,,,0,4742.0
915,958,29,7266,35.265000000001,9.34,2529.5,,,,0,4750.7
916,959,41,10000,50.99899999999463,10.08,2704.92,,,,0,4762.7
917,960,7,1949,7.948000000000079,9.96,2675.62,,,,0,4765.1
918,961,10,2673,11.671999999999677,9.88,2655.46,,,,0,4768.4
919,962,17,4372,20.37100000000081,9.94,2669.28,,,,0,4773.8
920,963,7,1954,7.953000000000076,9.86,2649.14,,,,0,4776.2
921,964,6,1720,6.719000000000165,9.36,2529.14,,,,0,4778.4
922,965,3,1001,2.999999999999926,9.42,2543.78,,,,0,4779.5
923,966,2,765,1.7639999999999518,9.46,2553.7,,,,0,4780.4
924,967,2,768,1.7669999999999515,9.4,2538.64,,,,0,4781.4
925,968,27,6749,32.74800000000221,9.8,2634.1,,,,0,4789.7
926,969,1,549,0.5479999999999756,9.76,2625.3,,,,0,4790.3
927,970,2,769,1.7679999999999514,9.42,2544.1,,,,0,4791.2
928,971,6,1724,6.723000000000166,9.48,2558.18,,,,0,4793.3
929,972,0,269,-0.7319999999999998,9.32,2518.74,,,,0,4793.6
930,973,4,1270,4.269000000000014,9.24,2499.32,,,,0,4795.0
931,974,14,3682,16.680999999999965,9.48,2556.94,,,,0,4799.3
932,975,0,316,-0.6849999999999998,9.34,2524.06,,,,0,4799.7
933,976,15,3884,17.883000000000212,9.44,2548.2,,,,0,4804.2
934,977,2,749,1.7479999999999536,9.38,2533.8,,,,0,4805.1
935,978,5,1291,5.290000000000021,9.04,2448.56,,,,0,4806.6
936,979,8,2223,9.221999999999927,8.98,2433.78,,,,0,4809.1
937,980,4,1253,4.252000000000009,9.02,2443.54,,,,0,4810.6
938,981,38,9423,46.421999999995975,9.7,2607.32,,,,0,4822.6
939,982,13,3393,15.391999999999612,9.78,2626.6,,,,0,4826.8
940,983,23,5831,27.83000000000259,10.14,2712.74,,,,0,4834.1
941,984,4,1234,4.233000000000002,10.08,2698.34,,,,0,4835.6
942,985,14,3629,16.6279999999999,10.22,2731.94,,,,0,4839.9
943,986,10,2711,11.709999999999656,9.88,2650.26,,,,0,4843.0
944,987,5,1291,5.290000000000021,9.98,2669.78,,,,0,4844.6
945,988,9,2429,10.427999999999813,9.9,2650.58,,,,0,4847.6
946,989,24,6078,29.077000000002894,10.32,2752.16,,,,0,4854.7
947,990,8,2241,9.239999999999917,10.2,2724.4,,,,0,4857.4
948,991,16,4134,19.133000000000518,10.4,2772.62,,,,0,4862.3
949,992,9,2461,10.459999999999795,10.46,2786.66,,,,0,4865.2
950,993,2,768,1.7669999999999515,10.24,2733.78,,,,0,4866.1
951,994,1,552,0.5509999999999753,10.26,2738.44,,,,0,4866.8
952,995,2,802,1.8009999999999478,10.18,2720.06,,,,0,4867.8
953,996,0,269,-0.7319999999999998,9.94,2661.76,,,,0,4868.1
954,997,3,989,2.987999999999927,9.88,2650.98,,,,0,4869.2
955,998,1,538,0.5369999999999768,9.8,2631.66,,,,0,4869.9
956,999,9,2458,10.456999999999796,9.3,2511.8,,,,0,4872.8
957,1000,6,1741,6.740000000000172,9.26,2502.74,,,,0,4874.8
958,1001,4,1252,4.251000000000008,8.7,2368.8,,,,0,4876.2
959,1002,0,318,-0.6829999999999998,8.64,2354.76,,,,0,4876.6
960,1003,0,269,-0.7319999999999998,8.44,2306.6,,,,0,4876.9
961,1004,6,1709,6.708000000000161,8.48,2315.72,,,,0,4879.2
962,1005,0,299,-0.7019999999999997,8.48,2316.32,,,,0,4879.5
963,1006,15,3883,17.88200000000021,8.74,2378.68,,,,0,4883.9
964,1007,9,2478,10.476999999999785,8.86,2407.52,,,,0,4886.7
965,1008,7,1989,7.988000000000056,8.42,2301.98,,,,0,4888.9
966,1009,32,7972,38.97099999999936,8.24,2261.42,,,,0,4897.8
967,1010,8,2205,9.203999999999937,8.26,2266.54,,,,0,4900.3
968,1011,3,1017,3.0159999999999307,8.12,2233.42,,,,0,4901.4
969,1012,41,10000,50.99899999999463,8.6,2345.98,,,,0,4912.4
970,1013,11,2909,12.907999999999547,8.68,2365.08,,,,0,4915.6
971,1014,33,8200,40.198999999998826,9.22,2494.68,,,,0,4925.0
972,1015,17,4365,20.3640000000008,9.5,2561.96,,,,0,4930.1
973,1016,13,3414,15.412999999999638,9.72,2614.94,,,,0,4934.0
974,1017,4,1229,4.228000000000001,9.76,2624.16,,,,0,4935.4
975,1018,12,3149,14.147999999999413,9.46,2552.16,,,,0,4939.0
976,1019,7,1949,7.948000000000079,9.58,2580.16,,,,0,4941.3
977,1020,12,3149,14.147999999999413,9.78,2627.76,,,,0,4945.0
978,1021,21,5356,25.35500000000201,10.08,2700.4,,,,0,4951.2
979,1022,0,298,-0.7029999999999998,10.08,2700.98,,,,0,4951.5
980,1023,7,1953,7.952000000000076,10.14,2714.64,,,,0,4953.8
981,1024,5,1490,5.489000000000088,9.96,2670.8,,,,0,4955.5
982,1025,2,769,1.7679999999999514,10.0,2679.86,,,,0,4956.4
983,1026,3,1021,3.019999999999932,9.76,2622.6,,,,0,4957.6
984,1027,3,1038,3.0369999999999377,9.78,2628.38,,,,0,4958.8
985,1028,27,6749,32.74800000000221,10.22,2737.54,,,,0,4966.8
986,1029,9,2476,10.474999999999786,10.24,2742.6,,,,0,4969.6
987,1030,7,1949,7.948000000000079,10.3,2756.52,,,,0,4971.8
988,1031,23,5812,27.81100000000257,10.0,2684.3,,,,0,4978.4
989,1032,37,9171,45.16999999999656,10.48,2799.86,,,,0,4989.0
990,1033,20,5103,24.102000000001702,10.42,2785.3,,,,0,4994.8
991,1034,15,3685,17.68399999999997,10.64,2834.32,,,,0,4999.0
992,1035,18,4599,21.598000000001086,10.72,2853.72,,,,0,5004.3
993,1036,3,1002,3.0009999999999257,10.58,2819.54,,,,0,5005.4
994,1037,8,2210,9.208999999999934,10.64,2837.92,,,,0,5008.0
995,1038,2,751,1.7499999999999534,10.5,2804.36,,,,0,5008.9
996,1039,4,1254,4.253000000000009,10.1,2707.88,,,,0,5010.3
997,1040,29,7229,35.22800000000109,10.52,2807.64,,,,0,5018.5
998,1041,3,1035,3.0339999999999367,10.26,2745.66,,,,0,5019.7
999,1042,0,316,-0.6849999999999998,10.08,2702.76,,,,0,5020.1
1000,1043,10,2673,11.671999999999677,10.24,2740.86,1.7,408.35,0.5,0,5030.6
1001,1044,41,10000,50.99899999999463,11.04,2929.82,,,,0,5042.8
1002,1045,26,6562,31.561000000002643,11.52,3045.02,,,,0,5050.4
1003,1046,13,3389,15.387999999999607,11.78,3107.42,,,,0,5054.4
1004,1047,23,5808,27.807000000002564,12.18,3203.8,,,,0,5061.1
1005,1048,1,557,0.5559999999999747,12.18,3204.18,,,,0,5061.7
1006,1049,39,9678,47.67699999999538,12.78,3348.58,,,,0,5072.6
1007,1050,9,2460,10.458999999999795,12.84,3362.96,,,,0,5075.4
1008,1051,1,554,0.5529999999999751,12.78,3349.0,,,,0,5076.0
1009,1052,18,4620,21.61900000000111,13.14,3435.04,,,,0,5081.3
1010,1053,9,2429,10.427999999999813,13.32,3478.24,,,,0,5084.1
1011,1054,11,2910,12.908999999999546,13.42,3502.26,,,,0,5087.5
1012,1055,4,1237,4.236000000000003,13.5,3521.02,,,,0,5088.8
1013,1056,38,9442,46.44099999999593,13.96,3632.2,,,,0,5099.5
1014,1057,27,6779,32.77800000000214,14.32,3718.22,,,,0,5107.3
1015,1058,2,786,1.7849999999999495,14.22,3694.16,,,,0,5108.2
1016,1059,25,6294,30.293000000003158,14.08,3660.6,,,,0,5115.5
1017,1060,5,1469,5.468000000000081,14.02,3645.88,,,,0,5117.2
1018,1061,41,10000,50.99899999999463,14.78,3825.54,,,,0,5128.8
1019,1062,26,6532,31.531000000002713,14.48,3756.18,,,,0,5136.5
1020,1063,26,6550,31.54900000000267,14.78,3829.0,,,,0,5144.0
1021,1064,4,1236,4.235000000000003,14.2,3689.72,,,,0,5145.4
1022,1065,22,5549,26.548000000002247,14.3,3713.4,,,,0,5151.9
1023,1066,6,1762,6.761000000000179,14.16,3680.36,,,,0,5153.8
1024,1067,17,4404,20.403000000000848,14.42,3743.86,,,,0,5158.9
1025,1068,3,806,2.8049999999999473,14.24,3697.0,,,,0,5159.9
1026,1069,2,769,1.7679999999999514,14.14,3673.4,,,,0,5160.8
1027,1070,12,3181,14.179999999999396,14.14,3674.04,,,,0,5164.4
1028,1071,6,1740,6.739000000000171,13.84,3601.72,,,,0,5166.4
1029,1072,9,2429,10.427999999999813,14.02,3644.34,,,,0,5169.2
1030,1073,20,5106,24.105000000001706,14.28,3707.4,,,,0,5175.2
1031,1074,1,534,0.5329999999999773,14.2,3688.28,,,,0,5175.8
1032,1075,12,3163,14.161999999999406,14.4,3736.16,,,,0,5179.5
1033,1076,38,9408,46.40699999999601,15.1,3903.9,,,,0,5190.3
1034,1077,1,556,0.5549999999999748,15.06,3894.26,,,,0,5190.9
1035,1078,2,772,1.770999999999951,14.56,3774.72,,,,0,5191.8
1036,1079,13,3396,15.394999999999616,14.64,3793.12,,,,0,5195.7
1037,1080,11,2925,12.923999999999538,14.72,3812.64,,,,0,5199.0
1038,1081,29,7281,35.28000000000097,14.84,3842.02,,,,0,5207.6
1039,1082,38,9211,46.20999999999647,14.86,3842.82,,,,0,5218.2
1040,1083,3,1025,3.0239999999999334,14.52,3761.26,,,,0,5219.4
1041,1084,9,2477,10.475999999999786,14.4,3737.1,,,,0,5222.3
1042,1085,5,1523,5.522000000000099,14.14,3675.58,,,,0,5224.1
1043,1086,1,552,0.5509999999999753,14.1,3666.58,,,,0,5224.7
1044,1087,12,3162,14.160999999999406,14.18,3685.62,,,,0,5228.5
1045,1088,10,2695,11.693999999999665,14.34,3724.5,,,,0,5231.5
1046,1089,17,4385,20.384000000000825,14.6,3787.12,,,,0,5236.6
1047,1090,7,1949,7.948000000000079,14.16,3681.52,,,,0,5238.9
1048,1091,16,4109,19.108000000000487,14.42,3743.0,,,,0,5243.6
1049,1092,25,6277,30.276000000003137,14.92,3862.22,,,,0,5250.9
1050,1093,4,1253,4.252000000000009,14.8,3833.82,,,,0,5252.3
1051,1094,4,1237,4.236000000000003,14.06,3658.56,,,,0,5253.7
1052,1095,5,1488,5.487000000000087,13.64,3557.08,,,,0,5255.4
1053,1096,9,2457,10.455999999999797,13.56,3538.44,,,,0,5258.2
1054,1097,3,1017,3.0159999999999307,13.16,3442.62,,,,0,5259.4
1055,1098,11,2962,12.960999999999517,13.36,3490.72,,,,0,5262.8
1056,1099,28,7036,34.03500000000154,13.14,3437.88,,,,0,5271.0
1057,1100,4,1236,4.235000000000003,13.04,3413.4,,,,0,5272.4
1058,1101,5,1471,5.4700000000000815,13.12,3431.74,,,,0,5274.1
1059,1102,11,2946,12.944999999999526,12.98,3398.26,,,,0,5277.6
1060,1103,6,1741,6.740000000000172,12.92,3384.5,,,,0,5279.6
1061,1104,24,6044,29.043000000002852,13.18,3447.18,,,,0,5286.6
1062,1105,2,791,1.789999999999949,13.14,3438.26,,,,0,5287.6
1063,1106,2,765,1.7639999999999518,12.42,3264.72,,,,0,5288.5
1064,1107,9,2461,10.459999999999795,12.06,3178.36,,,,0,5291.3
1065,1108,6,1744,6.743000000000173,12.14,3197.52,,,,0,5293.3
1066,1109,10,2677,11.675999999999675,11.84,3125.18,,,,0,5296.4
1067,1110,10,2673,11.671999999999677,11.94,3149.26,,,,0,5299.5
1068,1111,15,3900,17.899000000000232,11.42,3027.26,,,,0,5304.2
1069,1112,0,284,-0.7169999999999999,10.9,2902.3,,,,0,5304.5
1070,1113,1,549,0.5479999999999756,10.4,2782.28,,,,0,5305.1
1071,1114,0,269,-0.7319999999999998,10.32,2762.94,,,,0,5305.4
1072,1115,4,1251,4.250000000000008,9.96,2676.98,,,,0,5306.8
1073,1116,2,783,1.7819999999999498,9.88,2657.4,,,,0,5307.7
1074,1117,14,3629,16.6279999999999,9.82,2641.9,,,,0,5311.9
1075,1118,28,6993,33.99200000000164,10.32,2765.64,,,,0,5319.9
1076,1119,3,999,2.997999999999926,10.34,2770.24,,,,0,5321.0
1077,1120,5,1291,5.290000000000021,10.2,2732.44,,,,0,5322.4
1078,1121,14,3629,16.6279999999999,10.36,2770.22,,,,0,5326.7
1079,1122,13,3396,15.394999999999616,10.44,2789.56,,,,0,5330.5
1080,1123,2,772,1.770999999999951,10.08,2702.88,,,,0,5331.4
1081,1124,4,1233,4.232000000000002,10.14,2716.86,,,,0,5332.9
1082,1125,17,4365,20.3640000000008,10.24,2740.9,,,,0,5337.9
1083,1126,22,5549,26.548000000002247,9.92,2663.72,,,,0,5344.3
1084,1127,9,2476,10.474999999999786,10.08,2702.12,,,,0,5347.0
1085,1128,10,2673,11.671999999999677,10.24,2740.14,,,,0,5350.1
1086,1129,14,3668,16.66699999999995,10.26,2745.58,,,,0,5354.4
1087,1130,17,4349,20.34800000000078,10.38,2774.06,,,,0,5359.5
1088,1131,14,3645,16.64399999999992,10.08,2701.34,,,,0,5363.7
1089,1132,1,509,0.50799999999998,9.34,2527.3,,,,0,5364.3
1090,1133,7,1993,7.992000000000054,9.42,2546.66,,,,0,5366.6
1091,1134,3,805,2.8039999999999474,9.3,2513.22,,,,0,5367.5
1092,1135,16,4120,19.1190000000005,9.52,2565.16,,,,0,5372.3
1093,1136,1,553,0.5519999999999752,9.52,2565.18,,,,0,5372.9
1094,1137,0,269,-0.7319999999999998,9.28,2507.32,,,,0,5373.2
1095,1138,6,1761,6.760000000000178,9.2,2488.64,,,,0,5375.3
1096,1139,3,989,2.987999999999927,8.92,2420.72,,,,0,5376.4
1097,1140,5,1522,5.5210000000000985,8.88,2412.18,,,,0,5378.2
1098,1141,0,269,-0.7319999999999998,8.56,2335.38,,,,0,5378.5
1099,1142,5,1522,5.5210000000000985,8.16,2240.28,,,,0,5380.3
1100,1143,6,1759,6.758000000000178,8.2,2250.4,,,,0,5382.3
1101,1144,4,1234,4.233000000000002,8.2,2250.34,,,,0,5383.8
1102,1145,1,549,0.5479999999999756,8.12,2231.56,,,,0,5384.4
1103,1146,12,3159,14.157999999999408,8.18,2245.6,,,,0,5388.4
1104,1147,41,10000,50.99899999999463,8.94,2425.26,,,,0,5400.3
1105,1148,4,1235,4.234000000000003,8.8,2390.72,,,,0,5401.8
1106,1149,10,2691,11.689999999999667,8.44,2303.82,,,,0,5405.1
1107,1150,5,1524,5.523000000000099,8.46,2309.58,,,,0,5406.9
1108,1151,17,4385,20.384000000000825,8.7,2367.86,,,,0,5412.1
1109,1152,6,1741,6.740000000000172,8.6,2343.76,,,,0,5414.2
1110,1153,0,269,-0.7319999999999998,8.48,2314.32,,,,0,5414.5
1111,1154,16,4117,19.116000000000497,8.32,2275.78,,,,0,5419.6
1112,1155,10,2710,11.708999999999657,8.48,2314.16,,,,0,5422.7
1113,1156,12,3196,14.194999999999387,8.68,2362.78,,,,0,5426.5
1114,1157,41,10000,50.99899999999463,9.32,2513.56,,,,0,5438.7
1115,1158,17,4369,20.368000000000805,9.54,2566.06,,,,0,5444.0
1116,1159,9,2479,10.477999999999785,9.52,2562.1,,,,0,5446.9
1117,1160,0,269,-0.7319999999999998,9.32,2514.02,,,,0,5447.2
1118,1161,3,999,2.997999999999926,9.08,2456.0,,,,0,5448.4
1119,1162,5,1503,5.502000000000092,9.18,2480.38,,,,0,5450.2
1120,1163,6,1741,6.740000000000172,9.28,2504.22,,,,0,5452.1
1121,1164,19,4837,22.836000000001377,9.66,2595.58,,,,0,5457.8
1122,1165,8,2189,9.187999999999946,9.74,2614.34,,,,0,5460.4
1123,1166,6,1741,6.740000000000172,9.82,2633.5,,,,0,5462.5
1124,1167,3,1039,3.037999999999938,9.6,2581.7,,,,0,5463.7
1125,1168,12,3160,14.158999999999407,9.28,2505.04,,,,0,5467.6
1126,1169,0,269,-0.7319999999999998,9.22,2490.44,,,,0,5467.9
1127,1170,5,1489,5.4880000000000875,9.22,2494.4,,,,0,5469.6
1128,1171,19,4829,22.828000000001367,9.32,2518.4,,,,0,5475.3
1129,1172,16,4116,19.115000000000496,9.38,2532.8,,,,0,5480.8
1130,1173,8,2244,9.242999999999915,9.5,2562.24,,,,0,5483.7
1131,1174,0,283,-0.7179999999999997,9.42,2543.24,,,,0,5484.1
1132,1175,2,753,1.7519999999999532,9.12,2471.0,,,,0,5485.0
1133,1176,14,3634,16.632999999999907,8.96,2432.7,,,,0,5489.6
1134,1177,14,3663,16.661999999999942,9.06,2456.44,,,,0,5493.9
1135,1178,19,4829,22.828000000001367,9.24,2499.56,,,,0,5499.8
1136,1179,19,4876,22.875000000001425,9.34,2523.72,,,,0,5505.5
1137,1180,6,1763,6.762000000000179,9.12,2472.0,,,,0,5507.6
1138,1181,11,2925,12.923999999999538,9.06,2457.6,,,,0,5511.1
1139,1182,1,531,0.5299999999999776,9.06,2458.04,,,,0,5511.8
1140,1183,23,5789,27.78800000000254,9.38,2533.96,,,,0,5518.6
1141,1184,11,2910,12.908999999999546,9.54,2576.06,,,,0,5522.1
1142,1185,14,3684,16.682999999999968,9.5,2567.34,,,,0,5526.4
1143,1186,3,1039,3.037999999999938,9.54,2577.06,,,,0,5527.7
1144,1187,8,2205,9.203999999999937,9.7,2615.78,,,,0,5530.3
1145,1188,4,1229,4.228000000000001,9.66,2605.14,,,,0,5531.7
1146,1189,6,1527,6.5260000000001,9.72,2615.9,,,,0,5533.5
1147,1190,32,7968,38.966999999999366,10.26,2744.82,,,,0,5543.1
1148,1191,6,1525,6.5240000000000995,10.38,2769.94,,,,0,5545.0
1149,1192,14,3451,16.449999999999683,10.56,2808.52,,,,0,5549.0
1150,1193,5,1522,5.5210000000000985,10.54,2803.78,,,,0,5550.8
1151,1194,5,1469,5.468000000000081,10.56,2808.48,,,,0,5552.6
1152,1195,5,1470,5.469000000000081,10.64,2826.9,,,,0,5554.4
1153,1196,17,4365,20.3640000000008,10.74,2851.02,,,,0,5559.5
1154,1197,6,1709,6.708000000000161,10.04,2685.2,,,,0,5561.5
1155,1198,18,4617,21.616000000001108,10.32,2752.84,,,,0,5567.0
1156,1199,29,7251,35.25000000000104,10.7,2844.04,,,,0,5575.8
1157,1200,3,989,2.987999999999927,10.66,2833.34,,,,0,5576.9
1158,1201,17,4350,20.349000000000782,10.66,2832.64,,,,0,5582.0
1159,1202,6,1709,6.708000000000161,10.66,2832.0,,,,0,5584.1
1160,1203,10,2676,11.674999999999676,10.86,2880.14,,,,0,5587.2
1161,1204,1,553,0.5519999999999752,10.56,2808.86,,,,0,5587.9
1162,1205,6,1742,6.741000000000172,10.48,2789.5,,,,0,5590.0
1163,1206,0,269,-0.7319999999999998,10.24,2730.96,,,,0,5590.3
1164,1207,4,1236,4.235000000000003,9.5,2555.68,,,,0,5591.7
1165,1208,8,2244,9.242999999999915,9.32,2513.18,,,,0,5594.4
1166,1209,21,5337,25.336000000001988,9.56,2570.34,,,,0,5600.7
1167,1210,4,1254,4.253000000000009,9.64,2590.04,,,,0,5602.1
1168,1211,15,3685,17.68399999999997,9.88,2643.76,,,,0,5606.5
1169,1212,15,3901,17.900000000000233,10.08,2691.72,,,,0,5611.1
1170,1213,6,1738,6.737000000000171,10.08,2691.66,,,,0,5613.2
1171,1214,5,1507,5.5060000000000935,9.8,2625.06,,,,0,5614.9
1172,1215,4,1236,4.235000000000003,9.72,2606.0,,,,0,5616.4
1173,1216,41,10000,50.99899999999463,10.42,2771.18,,,,0,5628.2
1174,1217,18,4599,21.598000000001086,10.72,2842.38,,,,0,5633.5
1175,1218,9,2442,10.440999999999805,10.66,2828.02,,,,0,5636.4
1176,1219,5,1488,5.487000000000087,10.76,2852.4,,,,0,5638.2
1177,1220,3,989,2.987999999999927,10.72,2842.4,,,,0,5639.4
1178,1221,4,1234,4.233000000000002,10.42,2770.5,,,,0,5640.9
1179,1222,17,4383,20.382000000000822,10.44,2775.84,,,,0,5646.0
1180,1223,8,2206,9.204999999999936,10.44,2775.08,,,,0,5648.6
1181,1224,4,1229,4.228000000000001,10.52,2794.0,,,,0,5650.0
1182,1225,6,1709,6.708000000000161,10.6,2813.12,,,,0,5652.1
1183,1226,23,5806,27.80500000000256,10.78,2856.56,,,,0,5658.8
1184,1227,15,3897,17.896000000000228,10.8,2861.24,,,,0,5663.5
1185,1228,6,1721,6.720000000000165,10.54,2799.08,,,,0,5665.5
1186,1229,5,1469,5.468000000000081,10.26,2730.94,,,,0,5667.3
1187,1230,3,1017,3.0159999999999307,10.2,2716.02,,,,0,5668.5
1188,1231,36,8922,43.92099999999714,10.7,2835.96,,,,0,5679.0
1189,1232,18,4641,21.640000000001137,11.04,2918.16,,,,0,5684.5
1190,1233,7,1974,7.973000000000065,10.72,2841.86,,,,0,5686.8
1191,1234,6,1740,6.739000000000171,10.62,2818.46,,,,0,5688.9
1192,1235,0,269,-0.7319999999999998,10.34,2750.16,,,,0,5689.2
1193,1236,9,2479,10.477999999999785,10.46,2778.96,,,,0,5692.1
1194,1237,29,7229,35.22800000000109,10.88,2879.44,,,,0,5700.6
1195,1238,1,552,0.5509999999999753,10.82,2865.9,,,,0,5701.2
1196,1239,14,3682,16.680999999999965,10.98,2909.0,,,,0,5705.5
1197,1240,8,2225,9.223999999999926,10.5,2794.14,,,,0,5708.1
1198,1241,3,1002,3.0009999999999257,10.44,2783.68,,,,0,5709.3
1199,1242,4,1237,4.236000000000003,10.24,2739.4,,,,0,5710.7
1200,1243,3,1017,3.0159999999999307,10.2,2729.3,,,,0,5711.9
1201,1244,10,2674,11.672999999999677,10.3,2753.4,,,,0,5715.0
1202,1245,8,2189,9.187999999999946,10.36,2767.78,,,,0,5717.6
1203,1246,17,4366,20.3650000000008,10.36,2767.8,,,,0,5722.9
1204,1247,6,1709,6.708000000000161,10.36,2767.8,,,,0,5724.9
1205,1248,0,269,-0.7319999999999998,10.0,2680.84,,,,0,5725.2
1206,1249,4,1234,4.233000000000002,9.5,2560.5,,,,0,5726.6
1207,1250,2,804,1.8029999999999475,9.48,2556.8,,,,0,5727.6
1208,1251,10,2698,11.696999999999663,9.34,2523.76,,,,0,5730.7
1209,1252,11,2964,12.962999999999516,9.44,2548.86,,,,0,5734.3
1210,1253,5,1524,5.523000000000099,9.34,2525.82,,,,0,5736.1
1211,1254,11,2925,12.923999999999538,9.54,2573.26,,,,0,5739.5
1212,1255,10,2691,11.689999999999667,9.62,2592.24,,,,0,5742.7
1213,1256,5,1491,5.490000000000088,9.72,2616.68,,,,0,5744.5
1214,1257,1,517,0.5159999999999791,9.66,2602.3,,,,0,5745.1
1215,1258,13,3411,15.409999999999634,9.76,2625.64,,,,0,5749.1
1216,1259,5,1470,5.469000000000081,9.44,2548.3,,,,0,5750.8
1217,1260,18,4617,21.616000000001108,9.72,2615.56,,,,0,5756.4
1218,1261,4,1251,4.250000000000008,9.5,2566.88,,,,0,5757.8
1219,1262,6,1709,6.708000000000161,9.32,2523.04,,,,0,5759.8
1220,1263,0,315,-0.6859999999999997,9.2,2494.58,,,,0,5760.2
1221,1264,1,549,0.5479999999999756,9.12,2475.42,,,,0,5760.8
1222,1265,2,749,1.7479999999999536,9.08,2465.68,,,,0,5761.7
1223,1266,6,1740,6.739000000000171,8.38,2300.48,,,,0,5763.9
1224,1267,21,5321,25.32000000000197,8.44,2314.92,,,,0,5770.3
1225,1268,25,6291,30.290000000003154,8.76,2391.9,,,,0,5777.8
1226,1269,6,1745,6.744000000000173,8.78,2397.04,,,,0,5779.9
1227,1270,12,3198,14.196999999999386,8.96,2441.22,,,,0,5783.7
1228,1271,3,1039,3.037999999999938,8.94,2437.32,,,,0,5785.0
1229,1272,9,2457,10.455999999999797,8.78,2398.8,,,,0,5788.0
1230,1273,3,1043,3.0419999999999394,8.68,2375.54,,,,0,5789.2
1231,1274,25,6294,30.293000000003158,9.1,2476.84,,,,0,5796.5
1232,1275,14,3629,16.6279999999999,9.26,2515.24,,,,0,5800.8
1233,1276,1,516,0.5149999999999793,8.82,2409.44,,,,0,5801.4
1234,1277,14,3646,16.64499999999992,8.8,2404.42,,,,0,5805.8
1235,1278,21,5359,25.358000000002015,9.1,2477.18,,,,0,5812.0
1236,1279,6,1740,6.739000000000171,9.12,2482.6,,,,0,5814.0
1237,1280,7,1971,7.970000000000066,9.2,2501.68,,,,0,5816.3
1238,1281,7,1971,7.970000000000066,8.62,2362.66,,,,0,5818.6
1239,1282,12,3178,14.176999999999397,8.5,2333.4,,,,0,5822.4
1240,1283,37,9149,45.147999999996614,9.1,2476.9,,,,0,5833.2
1241,1284,26,6563,31.56200000000264,9.5,2573.36,,,,0,5841.0
1242,1285,10,2712,11.710999999999656,9.7,2622.22,,,,0,5844.2
1243,1286,23,5794,27.793000000002547,9.98,2688.52,,,,0,5851.1
1244,1287,41,10000,50.99899999999463,10.22,2743.94,,,,0,5863.1
1245,1288,4,1271,4.270000000000015,10.28,2758.32,,,,0,5864.7
1246,1289,12,3199,14.197999999999386,10.24,2748.66,,,,0,5868.4
1247,1290,9,2245,10.243999999999915,10.26,2749.06,,,,0,5871.1
1248,1291,5,1524,5.523000000000099,10.3,2759.5,,,,0,5872.9
1249,1292,22,5549,26.548000000002247,10.66,2845.74,,,,0,5879.4
1250,1293,15,3883,17.88200000000021,10.9,2903.06,,,,0,5883.9
1251,1294,41,10000,50.99899999999463,11.52,3049.58,,,,0,5895.8
1252,1295,9,2443,10.441999999999805,11.54,3054.66,,,,0,5898.5
1253,1296,19,4855,22.8540000000014,11.58,3064.44,,,,0,5904.1
1254,1297,7,1949,7.948000000000079,11.6,3069.24,,,,0,5906.4
1255,1298,13,3396,15.394999999999616,11.86,3131.78,,,,0,5910.5
1256,1299,0,318,-0.6829999999999998,11.78,3113.46,,,,0,5910.8
1257,1300,18,4405,21.40400000000085,12.1,3185.48,,,,0,5916.0
1258,1301,3,989,2.987999999999927,11.96,3151.3,,,,0,5917.2
1259,1302,16,4152,19.15100000000054,12.06,3175.06,,,,0,5922.2
1260,1303,21,5341,25.340000000001993,12.38,3251.4,,,,0,5928.6
1261,1304,3,989,2.987999999999927,12.22,3212.68,,,,0,5929.7
1262,1305,9,2460,10.458999999999795,12.2,3208.06,,,,0,5932.6
1263,1306,27,6749,32.74800000000221,12.64,3313.22,,,,0,5940.8
1264,1307,12,3149,14.147999999999413,12.86,3365.86,,,,0,5944.5
1265,1308,24,6041,29.04000000000285,13.08,3418.46,,,,0,5951.9
1266,1309,3,1020,3.0189999999999317,13.04,3409.46,,,,0,5953.2
1267,1310,11,2964,12.962999999999516,12.9,3376.4,,,,0,5956.8
1268,1311,14,3652,16.65099999999993,13.1,3424.42,,,,0,5961.1
1269,1312,1,552,0.5509999999999753,13.0,3401.28,,,,0,5961.8
1270,1313,3,805,2.8039999999999474,13.06,3411.08,,,,0,5962.7
1271,1314,5,1487,5.486000000000087,13.14,3429.84,,,,0,5964.6
1272,1315,11,2909,12.907999999999547,13.32,3473.04,,,,0,5968.2
1273,1316,30,7486,36.48500000000049,13.8,3587.96,,,,0,5977.1
1274,1317,10,2675,11.673999999999676,13.58,3535.04,,,,0,5980.4
1275,1318,11,2914,12.912999999999544,13.3,3467.5,,,,0,5984.0
1276,1319,4,1229,4.228000000000001,13.26,3457.18,,,,0,5985.7
1277,1320,4,1229,4.228000000000001,13.1,3417.8,,,,0,5987.1
1278,1321,19,4836,22.835000000001376,13.42,3493.74,,,,0,5992.9
1279,1322,23,5812,27.81100000000257,13.7,3560.84,,,,0,6000.0
1280,1323,22,5574,26.573000000002278,14.08,3651.46,,,,0,6006.6
1281,1324,8,2244,9.242999999999915,13.74,3570.46,,,,0,6009.3
1282,1325,9,2441,10.439999999999806,13.64,3546.7,,,,0,6012.2
1283,1326,15,3869,17.868000000000194,13.92,3613.76,,,,0,6016.7
1284,1327,4,1236,4.235000000000003,13.72,3565.56,,,,0,6018.3
1285,1328,8,2208,9.206999999999935,13.46,3502.54,,,,0,6021.1
1286,1329,30,7285,36.28400000000096,13.94,3613.44,,,,0,6030.1
1287,1330,2,768,1.7669999999999515,13.84,3589.38,,,,0,6030.9
1288,1331,16,4109,19.108000000000487,14.02,3632.14,,,,0,6035.9
1289,1332,15,3883,17.88200000000021,14.08,3646.24,,,,0,6040.4
1290,1333,9,2442,10.440999999999805,13.52,3512.1,,,,0,6043.3
1291,1334,6,1738,6.737000000000171,13.12,3415.6,,,,0,6045.4
1292,1335,21,5322,25.32100000000197,13.34,3467.8,,,,0,6051.7
1293,1336,27,6766,32.76500000000217,13.42,3487.24,,,,0,6059.9
1294,1337,1,552,0.5509999999999753,12.62,3298.28,,,,0,6060.6
1295,1338,3,1038,3.0369999999999377,12.6,3293.62,,,,0,6061.8
1296,1339,17,4404,20.403000000000848,12.7,3317.72,,,,0,6067.0
1297,1340,9,2443,10.441999999999805,12.7,3321.68,,,,0,6070.0
1298,1341,14,3630,16.628999999999902,12.88,3363.8,,,,0,6074.3
1299,1342,8,2209,9.207999999999934,12.6,3297.0,,,,0,6076.9
1300,1343,1,557,0.5559999999999747,12.32,3230.48,,,,0,6077.6
1301,1344,9,2475,10.473999999999787,11.68,3079.98,,,,0,6080.4
1302,1345,20,5087,24.086000000001683,11.9,3132.86,,,,0,6086.4
1303,1346,41,10000,50.99899999999463,12.34,3235.76,,,,0,6099.1
1304,1347,41,10000,50.99899999999463,13.02,3396.78,,,,0,6111.1
1305,1348,21,5309,25.308000000001954,13.18,3435.04,,,,0,6117.4
1306,1349,6,1758,6.757000000000177,13.3,3463.84,,,,0,6119.4
1307,1350,12,3196,14.194999999999387,13.18,3439.66,,,,0,6123.1
1308,1351,13,3401,15.399999999999622,13.38,3487.9,,,,0,6127.2
1309,1352,12,3163,14.161999999999406,13.3,3468.12,,,,0,6130.9
1310,1353,15,3882,17.88100000000021,13.18,3438.94,,,,0,6135.6
1311,1354,21,5359,25.358000000002015,13.54,3526.34,,,,0,6142.0
1312,1355,6,1709,6.708000000000161,13.48,3511.32,,,,0,6144.1
1313,1356,3,1020,3.0189999999999317,13.0,3396.74,,,,0,6145.2
1314,1357,31,7709,37.70799999999997,13.38,3487.94,,,,0,6154.4
1315,1358,9,2478,10.476999999999785,13.08,3416.68,,,,0,6157.5
1316,1359,16,4115,19.114000000000495,13.34,3478.58,,,,0,6162.8
1317,1360,16,4116,19.115000000000496,13.44,3501.62,,,,0,6167.7
1318,1361,14,3683,16.681999999999967,13.44,3502.24,,,,0,6172.0
1319,1362,9,2442,10.440999999999805,13.6,3540.04,,,,0,6174.8
1320,1363,4,1237,4.236000000000003,13.62,3548.68,,,,0,6176.3
1321,1364,26,6529,31.52800000000272,14.04,3649.52,,,,0,6183.8
1322,1365,0,269,-0.7319999999999998,13.82,3596.72,,,,0,6184.1
1323,1366,2,751,1.7499999999999534,13.26,3462.02,,,,0,6185.0
1324,1367,25,6295,30.29400000000316,13.56,3534.42,,,,0,6192.6
1325,1368,1,551,0.5499999999999754,13.36,3487.16,,,,0,6193.2
1326,1369,6,1740,6.739000000000171,13.4,3497.38,,,,0,6195.3
1327,1370,31,7734,37.73299999999991,13.94,3627.48,,,,0,6204.4
1328,1371,2,769,1.7679999999999514,13.6,3546.14,,,,0,6205.4
1329,1372,0,269,-0.7319999999999998,13.14,3435.28,,,,0,6205.7
1330,1373,5,1470,5.469000000000081,12.8,3353.2,,,,0,6207.4
1331,1374,2,768,1.7669999999999515,12.68,3323.68,,,,0,6208.3
1332,1375,3,1017,3.0159999999999307,12.56,3295.2,,,,0,6209.6
1333,1376,0,318,-0.6829999999999998,12.26,3224.18,,,,0,6210.0
1334,1377,30,7486,36.48500000000049,12.78,3349.18,,,,0,6218.8
1335,1378,26,6527,31.526000000002725,13.14,3435.56,,,,0,6226.7
1336,1379,9,2478,10.476999999999785,12.72,3339.42,,,,0,6229.7
1337,1380,7,1949,7.948000000000079,12.82,3363.04,,,,0,6232.0
1338,1381,22,5572,26.571000000002275,12.94,3392.3,,,,0,6238.8
1339,1382,1,517,0.5159999999999791,12.66,3324.98,,,,0,6239.4
1340,1383,18,4602,21.60100000000109,12.84,3368.18,,,,0,6244.9
1341,1384,12,3149,14.147999999999413,12.96,3396.4,,,,0,6248.7
1342,1385,9,2248,10.246999999999913,12.72,3334.92,,,,0,6251.4
1343,1386,3,989,2.987999999999927,12.24,3219.38,,,,0,6252.5
1344,1387,7,1956,7.955000000000075,12.36,3247.46,,,,0,6254.7
1345,1388,14,3652,16.65099999999993,12.58,3299.74,,,,0,6259.0
1346,1389,23,5828,27.827000000002588,12.7,3328.22,,,,0,6265.7
1347,1390,27,6762,32.76100000000218,13.06,3414.6,,,,0,6273.8
1348,1391,1,552,0.5509999999999753,12.8,3353.04,,,,0,6274.5
1349,1392,11,2943,12.941999999999528,12.86,3367.72,,,,0,6277.9
1350,1393,21,5358,25.357000000002014,13.26,3463.74,,,,0,6284.3
1351,1394,15,3918,17.917000000000254,13.38,3492.6,,,,0,6288.9
1352,1395,15,3685,17.68399999999997,13.28,3464.56,,,,0,6293.6
1353,1396,19,4872,22.87100000000142,12.84,3362.0,,,,0,6299.4
1354,1397,12,3161,14.159999999999407,12.26,3225.22,,,,0,6303.1
1355,1398,12,2965,13.963999999999515,12.08,3178.34,,,,0,6306.6
1356,1399,27,6762,32.76100000000218,12.5,3278.42,,,,0,6314.5
1357,1400,12,3198,14.196999999999386,12.5,3278.46,,,,0,6318.2
1358,1401,27,6780,32.779000000002135,12.78,3346.04,,,,0,6326.3
1359,1402,8,2194,9.192999999999943,12.7,3326.66,,,,0,6328.8
1360,1403,7,1973,7.972000000000065,12.54,3288.48,,,,0,6331.2
1361,1404,4,1237,4.236000000000003,12.2,3206.04,,,,0,6332.6
1362,1405,20,4891,23.890000000001443,12.48,3269.68,,,,0,6338.4
1363,1406,16,4116,19.115000000000496,12.74,3331.6,,,,0,6343.4
1364,1407,12,3198,14.196999999999386,12.36,3241.38,,,,0,6347.2
1365,1408,7,1979,7.978000000000062,12.32,3231.4,,,,0,6349.5
1366,1409,2,768,1.7669999999999515,12.04,3164.46,,,,0,6350.4
1367,1410,0,269,-0.7319999999999998,11.72,3087.52,,,,0,6350.7
1368,1411,12,3197,14.195999999999387,11.68,3077.8,,,,0,6354.6
1369,1412,13,3396,15.394999999999616,11.76,3096.88,,,,0,6358.6
1370,1413,6,1740,6.739000000000171,11.8,3106.94,,,,0,6360.7
1371,1414,1,552,0.5509999999999753,11.3,2987.4,,,,0,6361.3
1372,1415,13,3394,15.392999999999613,11.56,3049.9,,,,0,6365.3
1373,1416,10,2714,11.712999999999655,11.72,3089.16,,,,0,6368.4
1374,1417,16,4116,19.115000000000496,11.54,3045.58,,,,0,6373.2
1375,1418,26,6510,31.509000000002764,12.04,3164.76,,,,0,6380.9
1376,1419,8,2209,9.207999999999934,12.08,3174.14,,,,0,6383.5
1377,1420,41,10000,50.99899999999463,12.28,3219.46,,,,0,6395.4
1378,1421,3,1003,3.001999999999926,12.3,3224.14,,,,0,6396.6
1379,1422,15,3685,17.68399999999997,12.6,3292.46,,,,0,6400.9
1380,1423,18,4601,21.60000000000109,12.86,3355.08,,,,0,6406.4
1381,1424,3,1020,3.0189999999999317,12.88,3360.12,,,,0,6407.6
1382,1425,9,2479,10.477999999999785,13.0,3389.36,,,,0,6410.5
1383,1426,24,6043,29.04200000000285,13.48,3503.86,,,,0,6417.6
1384,1427,1,553,0.5519999999999752,12.9,3365.2,,,,0,6418.2
1385,1428,15,3919,17.918000000000255,12.68,3313.04,,,,0,6422.8
1386,1429,30,7500,36.49900000000046,13.1,3413.48,,,,0,6431.8
1387,1430,13,3414,15.412999999999638,13.22,3442.78,,,,0,6435.7
1388,1431,19,4829,22.828000000001367,13.16,3427.92,,,,0,6441.5
1389,1432,14,3648,16.646999999999924,13.42,3490.54,,,,0,6445.8
1390,1433,13,3433,15.431999999999661,13.32,3467.16,,,,0,6449.9
1391,1434,10,2669,11.66799999999968,13.28,3457.56,,,,0,6453.0
1392,1435,9,2478,10.476999999999785,13.28,3462.16,,,,0,6455.8
1393,1436,3,805,2.8039999999999474,13.28,3458.48,,,,0,6456.8
1394,1437,5,1486,5.4850000000000865,13.24,3449.08,,,,0,6458.5
1395,1438,2,768,1.7669999999999515,13.0,3391.4,,,,0,6459.4
1396,1439,6,1726,6.725000000000167,12.66,3309.36,,,,0,6461.4
1397,1440,5,1524,5.523000000000099,12.22,3204.6,,,,0,6463.3
1398,1441,10,2675,11.673999999999676,12.4,3247.06,,,,0,6466.3
1399,1442,3,1020,3.0189999999999317,12.24,3208.6,,,,0,6467.4
1400,1443,5,1524,5.523000000000099,11.92,3131.92,,,,0,6469.1
1401,1444,4,1273,4.272000000000015,11.7,3079.02,,,,0,6470.6
1402,1445,3,1037,3.0359999999999374,11.46,3026.06,,,,0,6471.8
1403,1446,19,4854,22.853000000001398,11.46,3025.7,,,,0,6477.4
1404,1447,20,5071,24.070000000001663,11.62,3063.9,,,,0,6483.5
1405,1448,0,318,-0.6829999999999998,11.38,3010.96,,,,0,6483.8
1406,1449,2,804,1.8029999999999475,10.88,2891.8,,,,0,6484.7
1407,1450,2,770,1.7689999999999513,10.68,2843.24,,,,0,6485.6
1408,1451,5,1524,5.523000000000099,10.24,2738.12,,,,0,6487.4
1409,1452,6,1740,6.739000000000171,10.2,2729.04,,,,0,6489.5
1410,1453,14,3650,16.648999999999926,10.34,2762.58,,,,0,6493.9
1411,1454,0,269,-0.7319999999999998,10.26,2743.22,,,,0,6494.2
1412,1455,2,804,1.8029999999999475,9.9,2661.48,,,,0,6495.2
1413,1456,2,769,1.7679999999999514,9.62,2594.54,,,,0,6496.1
1414,1457,2,766,1.7649999999999517,9.42,2545.9,,,,0,6497.0
1415,1458,1,553,0.5519999999999752,9.3,2517.38,,,,0,6497.6
1416,1459,27,6777,32.77600000000214,9.8,2637.56,,,,0,6505.8
1417,1460,14,3663,16.661999999999942,10.08,2705.44,,,,0,6510.1
1418,1461,7,1949,7.948000000000079,9.98,2680.48,,,,0,6512.8
1419,1462,2,772,1.770999999999951,9.76,2628.0,,,,0,6513.8
1420,1463,6,1740,6.739000000000171,9.76,2628.0,,,,0,6516.0
1421,1464,3,1035,3.0339999999999367,9.8,2637.66,,,,0,6517.3
1422,1465,0,280,-0.7209999999999999,9.54,2575.38,,,,0,6517.6
1423,1466,1,516,0.5149999999999793,9.36,2531.42,,,,0,6518.2
1424,1467,9,2429,10.427999999999813,9.22,2497.68,,,,0,6521.2
1425,1468,15,3922,17.92100000000026,9.0,2445.92,,,,0,6525.9
1426,1469,5,1521,5.520000000000098,8.94,2432.16,,,,0,6527.8
1427,1470,8,2205,9.203999999999937,8.28,2276.26,,,,0,6530.4
1428,1471,3,1021,3.019999999999932,8.28,2276.62,,,,0,6531.6
1429,1472,6,1760,6.759000000000178,8.1,2238.12,,,,0,6533.7
1430,1473,31,7713,37.71199999999996,8.36,2300.36,,,,0,6542.6
1431,1474,4,1235,4.234000000000003,8.38,2304.66,,,,0,6544.1
1432,1475,5,1472,5.471000000000082,8.3,2284.52,,,,0,6545.7
1433,1476,14,3649,16.647999999999925,8.1,2236.64,,,,0,6550.0
1434,1477,6,1721,6.720000000000165,8.2,2260.0,,,,0,6551.9
1435,1478,9,2457,10.455999999999797,8.08,2230.76,,,,0,6554.8
1436,1479,14,3629,16.6279999999999,7.76,2153.34,,,,0,6559.0
1437,1480,1,531,0.5299999999999776,7.52,2095.68,,,,0,6559.6
1438,1481,6,1738,6.737000000000171,7.26,2033.86,,,,0,6561.6
1439,1482,6,1741,6.740000000000172,7.1,1995.72,,,,0,6563.6
1440,1483,1,555,0.553999999999975,6.86,1938.16,,,,0,6564.2
1441,1484,14,3648,16.646999999999924,6.94,1957.74,,,,0,6568.5
1442,1485,9,2441,10.439999999999806,6.94,1957.0,,,,0,6571.4
1443,1486,2,767,1.7659999999999516,6.92,1956.24,,,,0,6572.3
1444,1487,19,4837,22.836000000001377,7.2,2023.26,,,,0,6577.9
1445,1488,6,1721,6.720000000000165,7.28,2042.32,,,,0,6579.9
1446,1489,10,2674,11.672999999999677,7.36,2061.28,,,,0,6583.1
1447,1490,15,3881,17.88000000000021,7.56,2108.42,,,,0,6587.7
1448,1491,2,768,1.7669999999999515,7.4,2070.28,,,,0,6588.6
1449,1492,27,6762,32.76100000000218,7.88,2185.12,,,,0,6596.6
1450,1493,2,768,1.7669999999999515,7.82,2170.0,,,,0,6597.5
1451,1494,1,552,0.5509999999999753,7.76,2155.58,,,,0,6598.1
1452,1495,17,4367,20.366000000000803,8.04,2222.18,,,,0,6603.3
1453,1496,6,1525,6.5240000000000995,7.78,2155.6,,,,0,6605.1
1454,1497,6,1723,6.722000000000166,7.5,2088.64,,,,0,6607.2
1455,1498,5,1524,5.523000000000099,7.6,2112.76,,,,0,6609.0
1456,1499,26,6562,31.561000000002643,8.08,2227.92,,,,0,6616.6
1457,1500,4,1258,4.25700000000001,8.12,2237.68,,,,0,6618.2
1458,1501,0,269,-0.7319999999999998,8.02,2212.58,,,,0,6618.6
1459,1502,3,1020,3.0189999999999317,7.96,2198.18,,,,0,6619.8
1460,1503,16,4117,19.116000000000497,8.0,2207.52,,,,0,6624.6
1461,1504,22,5590,26.589000000002297,8.44,2313.94,,,,0,6631.0
1462,1505,1,509,0.50799999999998,8.42,2308.04,,,,0,6631.7
1463,1506,0,299,-0.7019999999999997,8.38,2298.64,,,,0,6632.0
1464,1507,1,533,0.5319999999999774,8.36,2293.98,,,,0,6632.6
1465,1508,2,765,1.7639999999999518,8.38,2298.22,,,,0,6633.6
1466,1509,0,269,-0.7319999999999998,7.84,2168.06,,,,0,6633.9
1467,1510,0,282,-0.7189999999999999,7.56,2100.44,,,,0,6634.2
1468,1511,12,3181,14.179999999999396,7.66,2125.08,,,,0,6637.8
1469,1512,6,1723,6.722000000000166,7.74,2144.1,,,,0,6639.9
1470,1513,18,4620,21.61900000000111,7.98,2201.7,,,,0,6645.3
1471,1514,0,283,-0.7179999999999997,7.92,2186.66,,,,0,6645.7
1472,1515,13,3393,15.391999999999612,8.18,2248.92,,,,0,6649.6
1473,1516,1,517,0.5159999999999791,8.18,2248.94,,,,0,6650.2
1474,1517,5,1521,5.520000000000098,8.1,2230.78,,,,0,6652.0
1475,1518,21,5309,25.308000000001954,8.22,2258.52,,,,0,6658.2
1476,1519,13,3389,15.387999999999607,8.38,2295.88,,,,0,6662.2
1477,1520,11,2961,12.959999999999518,8.44,2311.0,,,,0,6665.6
1478,1521,6,1755,6.754000000000176,8.5,2325.68,,,,0,6667.7
1479,1522,4,1233,4.232000000000002,8.46,2315.14,,,,0,6669.1
1480,1523,13,3393,15.391999999999612,8.1,2228.74,,,,0,6673.2
1481,1524,0,285,-0.7159999999999997,8.02,2209.74,,,,0,6673.5
1482,1525,8,2191,9.189999999999944,8.08,2224.12,,,,0,6676.1
1483,1526,17,4404,20.403000000000848,8.14,2239.22,,,,0,6681.2
1484,1527,3,805,2.8039999999999474,8.08,2220.9,,,,0,6682.2
1485,1528,15,3905,17.904000000000238,8.2,2249.86,,,,0,6686.9
1486,1529,8,2242,9.240999999999916,8.08,2222.12,,,,0,6689.6
1487,1530,4,1252,4.251000000000008,8.14,2236.54,,,,0,6691.1
1488,1531,22,5572,26.571000000002275,8.46,2313.22,,,,0,6697.7
1489,1532,16,4134,19.133000000000518,8.66,2361.08,,,,0,6702.5
1490,1533,4,1229,4.228000000000001,8.72,2374.56,,,,0,6703.9
1491,1534,41,10000,50.99899999999463,9.26,2501.6,,,,0,6715.4
1492,1535,18,4622,21.621000000001114,9.44,2545.22,,,,0,6720.7
1493,1536,5,1291,5.290000000000021,9.5,2555.7,,,,0,6722.2
1494,1537,5,1489,5.4880000000000875,9.22,2488.74,,,,0,6724.0
1495,1538,22,5578,26.577000000002283,9.54,2565.88,,,,0,6730.6
1496,1539,7,1974,7.973000000000065,9.48,2551.88,,,,0,6732.9
1497,1540,2,768,1.7669999999999515,9.22,2489.62,,,,0,6733.8
1498,1541,2,787,1.7859999999999494,9.22,2490.0,,,,0,6734.6
1499,1542,7,1955,7.954000000000075,8.82,2393.86,,,,0,6736.9
1500,1543,12,3164,14.162999999999405,9.02,2441.78,1.8,421.45,0.55,0,6748.6
1501,1544,5,1489,5.4880000000000875,9.1,2460.52,,,,0,6750.4
1502,1545,23,5844,27.843000000002608,9.22,2490.06,,,,0,6757.2
1503,1546,36,8725,43.7239999999976,9.82,2634.06,,,,0,6767.5
1504,1547,7,1993,7.992000000000054,9.84,2639.46,,,,0,6769.8
1505,1548,15,3902,17.901000000000234,10.04,2687.02,,,,0,6774.2
1506,1549,3,989,2.987999999999927,9.58,2575.56,,,,0,6775.4
1507,1550,38,9211,46.20999999999647,10.26,2734.62,,,,0,6785.6
1508,1551,4,1229,4.228000000000001,10.34,2753.82,,,,0,6787.0
1509,1552,5,1487,5.486000000000087,10.38,2763.16,,,,0,6788.8
1510,1553,29,7283,35.28200000000096,10.64,2826.48,,,,0,6797.4
1511,1554,6,1525,6.5240000000000995,10.32,2745.18,,,,0,6799.2
1512,1555,30,7483,36.4820000000005,10.9,2884.66,,,,0,6807.8
1513,1556,7,1949,7.948000000000079,11.04,2917.66,,,,0,6810.1
1514,1557,10,2676,11.674999999999676,11.22,2960.52,,,,0,6813.2
1515,1558,8,2207,9.205999999999936,11.34,2989.36,,,,0,6815.7
1516,1559,21,5360,25.359000000002016,11.76,3091.18,,,,0,6821.9
1517,1560,2,769,1.7679999999999514,11.8,3100.92,,,,0,6822.8
1518,1561,5,1507,5.5060000000000935,11.66,3067.44,,,,0,6824.7
1519,1562,13,3396,15.394999999999616,11.8,3100.9,,,,0,6828.7
1520,1563,8,2189,9.187999999999946,11.6,3052.28,,,,0,6831.3
1521,1564,1,552,0.5509999999999753,11.62,3057.66,,,,0,6831.9
1522,1565,10,2669,11.66799999999968,11.56,3043.18,,,,0,6835.0
1523,1566,9,2482,10.480999999999783,11.72,3082.48,,,,0,6837.9
1524,1567,7,1974,7.973000000000065,11.76,3091.54,,,,0,6840.3
1525,1568,1,557,0.5559999999999747,11.36,2996.5,,,,0,6841.0
1526,1569,6,1740,6.739000000000171,11.22,2963.52,,,,0,6843.1
1527,1570,13,3396,15.394999999999616,11.26,2972.22,,,,0,6847.1
1528,1571,23,5812,27.81100000000257,11.6,3053.36,,,,0,6854.2
1529,1572,12,3149,14.147999999999413,11.76,3091.68,,,,0,6858.0
1530,1573,4,1237,4.236000000000003,11.58,3048.56,,,,0,6859.5
1531,1574,1,552,0.5509999999999753,11.6,3053.9,,,,0,6860.2
1532,1575,4,1272,4.271000000000015,11.52,3035.52,,,,0,6861.8
1533,1576,6,1528,6.5270000000001005,11.3,2978.0,,,,0,6863.8
1534,1577,3,989,2.987999999999927,11.3,2981.68,,,,0,6865.0
1535,1578,16,4117,19.116000000000497,11.32,2985.92,,,,0,6869.8
1536,1579,1,516,0.5149999999999793,11.18,2951.4,,,,0,6870.5
1537,1580,13,3414,15.412999999999638,11.36,2994.64,,,,0,6874.5
1538,1581,22,5556,26.555000000002256,11.36,2994.32,,,,0,6880.9
1539,1582,0,269,-0.7319999999999998,11.04,2917.02,,,,0,6881.3
1540,1583,11,2928,12.926999999999536,11.18,2951.0,,,,0,6884.9
1541,1584,9,2443,10.441999999999805,10.54,2799.86,,,,0,6887.6
1542,1585,7,1971,7.970000000000066,10.32,2746.84,,,,0,6889.9
1543,1586,4,1229,4.228000000000001,10.3,2745.6,,,,0,6891.4
1544,1587,1,509,0.50799999999998,10.22,2726.0,,,,0,6891.9
1545,1588,16,4151,19.15000000000054,10.1,2697.46,,,,0,6897.3
1546,1589,8,2211,9.209999999999933,10.12,2702.2,,,,0,6900.2
1547,1590,6,1529,6.528000000000101,10.2,2717.42,,,,0,6902.1
1548,1591,21,5309,25.308000000001954,10.58,2807.86,,,,0,6908.4
1549,1592,21,5309,25.308000000001954,10.86,2874.94,,,,0,6914.6
1550,1593,14,3649,16.647999999999925,10.9,2884.64,,,,0,6918.9
1551,1594,15,3883,17.88200000000021,11.1,2932.52,,,,0,6923.6
1552,1595,25,6293,30.292000000003156,11.14,2941.5,,,,0,6930.9
1553,1596,23,5826,27.825000000002586,10.88,2883.52,,,,0,6937.8
1554,1597,11,2929,12.927999999999535,10.96,2902.24,,,,0,6941.3
1555,1598,6,1526,6.5250000000001,10.78,2854.72,,,,0,6943.0
1556,1599,41,10000,50.99899999999463,11.54,3034.94,,,,0,6954.5
1557,1600,6,1759,6.758000000000178,10.9,2885.9,,,,0,6956.4
1558,1601,25,6269,30.268000000003127,11.32,2986.7,,,,0,6963.9
1559,1602,1,555,0.553999999999975,11.24,2968.06,,,,0,6964.6
1560,1603,24,6059,29.05800000000287,11.14,2943.58,,,,0,6971.8
1561,1604,12,2965,13.963999999999515,11.26,2972.38,,,,0,6975.3
1562,1605,8,2191,9.189999999999944,10.82,2866.54,,,,0,6977.9
1563,1606,35,8670,42.66899999999773,11.38,3000.96,,,,0,6988.1
1564,1607,22,5592,26.5910000000023,11.62,3059.28,,,,0,6994.7
1565,1608,10,2695,11.693999999999665,11.66,3069.04,,,,0,6997.8
1566,1609,4,1237,4.236000000000003,11.32,2986.58,,,,0,6999.3
1567,1610,2,771,1.7699999999999512,11.32,2986.62,,,,0,7000.2
1568,1611,21,5360,25.359000000002016,11.64,3063.68,,,,0,7006.5
1569,1612,23,5809,27.808000000002565,11.84,3111.94,,,,0,7013.4
1570,1613,28,7013,34.01200000000159,12.24,3208.42,,,,0,7021.8
1571,1614,5,1510,5.5090000000000945,12.32,3227.58,,,,0,7023.5
1572,1615,21,5341,25.340000000001993,12.54,3281.02,,,,0,7029.9
1573,1616,6,1525,6.5240000000000995,12.48,3261.88,,,,0,7031.6
1574,1617,3,989,2.987999999999927,12.4,3242.18,,,,0,7032.8
1575,1618,15,3869,17.868000000000194,12.68,3308.42,,,,0,7037.4
1576,1619,2,769,1.7679999999999514,12.6,3289.0,,,,0,7038.4
1577,1620,0,269,-0.7319999999999998,12.34,3226.46,,,,0,7038.7
1578,1621,3,989,2.987999999999927,11.94,3130.0,,,,0,7039.8
1579,1622,9,2460,10.458999999999795,11.88,3116.22,,,,0,7042.8
1580,1623,2,750,1.7489999999999535,11.84,3106.48,,,,0,7043.7
1581,1624,21,5358,25.357000000002014,12.24,3202.6,,,,0,7050.0
1582,1625,20,5124,24.123000000001728,12.56,3279.64,,,,0,7056.1
1583,1626,15,3688,17.686999999999973,12.74,3322.84,,,,0,7060.4
1584,1627,17,4369,20.368000000000805,13.02,3390.44,,,,0,7065.8
1585,1628,6,1758,6.757000000000177,12.82,3343.26,,,,0,7067.7
1586,1629,7,1974,7.973000000000065,12.94,3372.42,,,,0,7069.9
1587,1630,3,1021,3.019999999999932,12.74,3324.56,,,,0,7071.1
1588,1631,2,785,1.7839999999999496,12.34,3229.14,,,,0,7072.0
1589,1632,11,2928,12.926999999999536,12.56,3282.32,,,,0,7075.6
1590,1633,0,269,-0.7319999999999998,12.34,3229.14,,,,0,7075.9
1591,1634,4,1236,4.235000000000003,12.24,3205.0,,,,0,7077.4
1592,1635,26,6564,31.56300000000264,12.62,3296.86,,,,0,7085.1
1593,1636,13,3389,15.387999999999607,12.8,3340.06,,,,0,7089.1
1594,1637,1,557,0.5559999999999747,12.8,3341.02,,,,0,7089.7
1595,1638,4,1254,4.253000000000009,12.56,3283.08,,,,0,7091.1
1596,1639,1,516,0.5149999999999793,12.42,3249.18,,,,0,7091.8
1597,1640,2,750,1.7489999999999535,12.34,3233.6,,,,0,7092.7
1598,1641,3,1039,3.037999999999938,11.98,3148.2,,,,0,7093.9
1599,1642,9,2246,10.244999999999914,11.74,3086.94,,,,0,7096.6
1600,1643,31,7733,37.731999999999914,12.08,3168.62,,,,0,7105.8
1601,1644,11,2947,12.945999999999525,12.0,3149.9,,,,0,7109.2
1602,1645,6,1758,6.757000000000177,11.62,3059.2,,,,0,7111.3
1603,1646,6,1758,6.757000000000177,11.28,2977.84,,,,0,7113.2
1604,1647,4,1236,4.235000000000003,11.14,2943.98,,,,0,7114.7
1605,1648,0,300,-0.7009999999999998,11.02,2919.46,,,,0,7115.1
1606,1649,3,989,2.987999999999927,10.26,2739.24,,,,0,7116.2
1607,1650,6,1758,6.757000000000177,10.26,2739.22,,,,0,7118.3
1608,1651,0,300,-0.7009999999999998,9.76,2619.84,,,,0,7118.7
1609,1652,7,1976,7.975000000000064,9.88,2648.26,,,,0,7121.0
1610,1653,38,9426,46.42499999999597,10.16,2715.6,,,,0,7131.9
1611,1654,9,2478,10.476999999999785,10.1,2705.86,,,,0,7134.9
1612,1655,4,1236,4.235000000000003,10.02,2686.76,,,,0,7136.3
1613,1656,0,282,-0.7189999999999999,9.32,2519.0,,,,0,7136.7
1614,1657,2,773,1.771999999999951,8.92,2422.62,,,,0,7137.6
1615,1658,15,3882,17.88100000000021,9.02,2446.36,,,,0,7142.2
1616,1659,9,2442,10.440999999999805,9.12,2470.46,,,,0,7145.0
1617,1660,10,2669,11.66799999999968,9.28,2508.42,,,,0,7148.3
1618,1661,17,4171,20.170000000000563,9.2,2484.64,,,,0,7153.1
1619,1662,12,3167,14.165999999999404,8.98,2431.8,,,,0,7156.8
1620,1663,11,2911,12.909999999999545,8.64,2349.76,,,,0,7160.2
1621,1664,1,553,0.5519999999999752,8.56,2330.62,,,,0,7160.8
1622,1665,11,2930,12.928999999999535,8.36,2282.4,,,,0,7164.2
1623,1666,22,5557,26.556000000002257,8.68,2363.04,,,,0,7170.7
1624,1667,7,1955,7.954000000000075,8.76,2382.36,,,,0,7173.0
1625,1668,7,1957,7.956000000000074,8.6,2344.12,,,,0,7175.3
1626,1669,20,5124,24.123000000001728,8.96,2431.22,,,,0,7181.3
1627,1670,9,2443,10.441999999999805,9.14,2474.7,,,,0,7184.2
1628,1671,8,2244,9.242999999999915,9.24,2499.8,,,,0,7186.8
1629,1672,6,1758,6.757000000000177,9.18,2485.76,,,,0,7188.9
1630,1673,5,1470,5.469000000000081,9.24,2500.16,,,,0,7190.6
1631,1674,0,301,-0.6999999999999997,8.82,2399.02,,,,0,7191.0
1632,1675,16,4116,19.115000000000496,8.74,2378.86,,,,0,7195.8
1633,1676,36,8923,43.92199999999714,9.16,2483.56,,,,0,7206.2
1634,1677,40,9895,48.893999999994875,9.62,2594.08,,,,0,7217.8
1635,1678,2,773,1.771999999999951,9.54,2574.38,,,,0,7218.8
1636,1679,2,769,1.7679999999999514,9.44,2550.28,,,,0,7219.7
1637,1680,11,2927,12.925999999999537,9.6,2588.4,,,,0,7223.3
1638,1681,30,7501,36.500000000000455,10.16,2722.72,,,,0,7232.1
1639,1682,5,1489,5.4880000000000875,10.04,2693.94,,,,0,7233.9
1640,1683,8,2190,9.188999999999945,10.2,2732.36,,,,0,7236.5
1641,1684,17,4390,20.38900000000083,10.46,2795.44,,,,0,7241.6
1642,1685,6,1739,6.738000000000171,10.06,2698.94,,,,0,7243.7
1643,1686,10,2694,11.692999999999666,10.0,2685.04,,,,0,7246.8
1644,1687,41,10000,50.99899999999463,10.8,2873.9,,,,0,7258.4
1645,1688,12,3162,14.160999999999406,10.96,2912.06,,,,0,7262.0
1646,1689,24,6078,29.077000000002894,11.42,3023.3,,,,0,7269.2
1647,1690,6,1709,6.708000000000161,11.5,3042.48,,,,0,7271.3
1648,1691,14,3684,16.682999999999968,11.72,3095.38,,,,0,7275.5
1649,1692,6,1722,6.721000000000165,11.66,3084.9,,,,0,7277.6
1650,1693,27,6781,32.78000000000213,11.58,3065.86,,,,0,7285.6
1651,1694,12,3149,14.147999999999413,11.6,3069.9,,,,0,7289.4
1652,1695,11,2928,12.926999999999536,11.7,3093.3,,,,0,7292.9
1653,1696,12,3198,14.196999999999386,11.82,3122.1,,,,0,7296.7
1654,1697,23,5790,27.78900000000254,12.2,3213.18,,,,0,7303.4
1655,1698,9,2477,10.475999999999786,12.38,3256.72,,,,0,7306.4
1656,1699,0,269,-0.7319999999999998,12.32,3242.32,,,,0,7306.7
1657,1700,6,1758,6.757000000000177,12.32,3242.32,,,,0,7308.7
1658,1701,16,4117,19.116000000000497,12.64,3318.66,,,,0,7313.6
1659,1702,9,2478,10.476999999999785,12.68,3328.7,,,,0,7316.5
1660,1703,37,9172,45.17099999999656,12.66,3323.62,,,,0,7327.2
1661,1704,40,9877,48.87599999999492,13.28,3471.6,,,,0,7338.3
1662,1705,10,2669,11.66799999999968,13.4,3500.26,,,,0,7341.3
1663,1706,30,7482,36.4810000000005,14.0,3644.26,,,,0,7350.3
1664,1707,14,3634,16.632999999999907,14.24,3701.48,,,,0,7354.5
1665,1708,41,10000,50.99899999999463,14.76,3823.84,,,,0,7366.1
1666,1709,15,3886,17.885000000000215,14.88,3852.72,,,,0,7370.6
1667,1710,9,2248,10.246999999999913,14.86,3844.3,,,,0,7373.2
1668,1711,41,10000,50.99899999999463,15.34,3960.88,,,,0,7384.7
1669,1712,23,5808,27.807000000002564,15.56,4013.7,,,,0,7391.5
1670,1713,7,1975,7.974000000000064,15.48,3994.98,,,,0,7393.9
1671,1714,16,4117,19.116000000000497,15.78,4066.26,,,,0,7398.6
1672,1715,17,4373,20.37200000000081,15.9,4095.12,,,,0,7403.9
1673,1716,1,538,0.5369999999999768,15.48,3994.74,,,,0,7404.6
1674,1717,6,1758,6.757000000000177,15.46,3990.8,,,,0,7406.7
1675,1718,3,989,2.987999999999927,15.38,3971.44,,,,0,7407.9
1676,1719,32,7973,38.971999999999355,15.62,4028.42,,,,0,7417.4
1677,1720,41,10000,50.99899999999463,16.26,4179.56,,,,0,7428.4
1678,1721,26,6550,31.54900000000267,16.62,4265.68,,,,0,7435.4
1679,1722,21,5344,25.343000000001997,16.92,4337.4,,,,0,7441.1
1680,1723,41,10000,50.99899999999463,17.64,4508.0,,,,0,7451.9
1681,1724,17,4372,20.37100000000081,17.98,4589.42,,,,0,7457.0
1682,1725,16,4138,19.137000000000523,17.98,4589.86,,,,0,7461.8
1683,1726,26,6514,31.513000000002755,17.78,4541.68,,,,0,7469.5
1684,1727,41,10000,50.99899999999463,17.8,4543.78,,,,0,7481.3
1685,1728,33,8008,40.00699999999927,18.42,4688.48,,,,0,7490.2
1686,1729,41,10000,50.99899999999463,19.2,4873.1,,,,0,7500.9
1687,1730,41,10000,50.99899999999463,19.8,5014.56,,,,0,7511.6
1688,1731,41,10000,50.99899999999463,20.02,5064.54,,,,0,7523.3
1689,1732,12,3167,14.165999999999404,20.16,5098.1,,,,0,7527.0
1690,1733,41,10000,50.99899999999463,20.82,5254.3,,,,0,7538.3
1691,1734,22,5549,26.548000000002247,20.92,5277.48,,,,0,7544.7
1692,1735,41,10000,50.99899999999463,21.62,5442.7,,,,0,7556.1
1693,1736,41,10000,50.99899999999463,22.24,5588.82,,,,0,7567.5
1694,1737,41,10000,50.99899999999463,22.24,5588.82,,,,0,7579.0
1695,1738,41,10000,50.99899999999463,22.82,5725.58,,,,0,7590.2
1696,1739,41,10000,50.99899999999463,23.16,5804.02,,,,0,7601.4
1697,1740,41,10000,50.99899999999463,23.86,5969.84,,,,0,7612.5
1698,1741,41,10000,50.99899999999463,24.4,6096.16,,,,0,7624.0
1699,1742,41,10000,50.99899999999463,25.1,6261.72,,,,0,7635.5
1700,1743,41,10000,50.99899999999463,25.38,6326.1,,,,0,7646.0
1701,1744,41,10000,50.99899999999463,25.96,6463.12,,,,0,7656.9
1702,1745,23,5830,27.82900000000259,26.2,6521.16,,,,0,7663.1
1703,1746,41,10000,50.99899999999463,26.78,6657.2,,,,0,7673.8
1704,1747,41,10000,50.99899999999463,27.14,6741.4,,,,0,7685.4
1705,1748,41,10000,50.99899999999463,27.78,6891.86,,,,0,7697.1
1706,1749,41,10000,50.99899999999463,28.6,7086.48,,,,0,7708.0
1707,1750,41,10000,50.99899999999463,29.3,7251.32,,,,0,7718.8
1708,1751,41,10000,50.99899999999463,29.8,7368.98,,,,0,7729.7
1709,1752,27,6765,32.76400000000217,30.16,7454.72,,,,0,7737.6
1710,1753,41,10000,50.99899999999463,30.24,7471.28,,,,0,7749.4
1711,1754,41,10000,50.99899999999463,30.26,7473.74,,,,0,7760.8
1712,1755,41,10000,50.99899999999463,30.88,7620.36,,,,0,7771.8
1713,1756,41,10000,50.99899999999463,31.1,7670.72,,,,0,7783.1
1714,1757,41,10000,50.99899999999463,31.64,7798.04,,,,0,7794.4
1715,1758,41,10000,50.99899999999463,31.64,7798.04,,,,0,7806.0
1716,1759,5,1492,5.4910000000000885,31.44,7750.16,,,,0,7807.8
1717,1760,41,10000,50.99899999999463,32.08,7905.2,,,,0,7819.2
1718,1761,41,10000,50.99899999999463,32.08,7905.2,,,,0,7830.2
1719,1762,41,10000,50.99899999999463,32.44,7989.04,,,,0,7840.8
1720,1763,17,4355,20.354000000000788,32.64,8036.64,,,,0,7845.8
1721,1764,41,10000,50.99899999999463,33.14,8154.3,,,,0,7857.5
1722,1765,41,10000,50.99899999999463,33.62,8266.84,,,,0,7869.2
1723,1766,41,10000,50.99899999999463,34.42,8456.08,,,,0,7880.1
1724,1767,41,10000,50.99899999999463,35.12,8620.92,,,,0,7890.8
1725,1768,41,10000,50.99899999999463,35.88,8801.14,,,,0,7901.8
1726,1769,35,8672,42.670999999997726,35.94,8815.12,,,,0,7911.3
1727,1770,41,10000,50.99899999999463,35.94,8815.12,,,,0,7922.9
1728,1771,41,10000,50.99899999999463,36.24,8884.12,,,,0,7934.1
1729,1772,41,10000,50.99899999999463,36.64,8977.24,,,,0,7945.2
1730,1773,41,10000,50.99899999999463,36.64,8977.24,,,,0,7956.2
1731,1774,41,10000,50.99899999999463,37.12,9089.8,,,,0,7967.2
1732,1775,41,10000,50.99899999999463,37.62,9207.04,,,,0,7978.1
1733,1776,41,10000,50.99899999999463,37.92,9276.76,,,,0,7989.7
1734,1777,39,9629,47.627999999995495,37.88,9269.34,,,,0,8000.5
1735,1778,41,10000,50.99899999999463,38.04,9309.18,,,,0,8011.7
1736,1779,41,10000,50.99899999999463,38.04,9309.18,,,,0,8023.2
1737,1780,14,3633,16.631999999999906,37.5,9181.84,,,,0,8027.2
1738,1781,16,4121,19.120000000000502,37.0,9064.26,,,,0,8031.9
1739,1782,6,1725,6.724000000000166,36.88,9035.42,,,,0,8033.9
1740,1783,41,10000,50.99899999999463,36.88,9035.42,,,,0,8044.8
1741,1784,41,10000,50.99899999999463,37.26,9124.44,,,,0,8056.9
1742,1785,41,10000,50.99899999999463,37.26,9124.44,,,,0,8068.1
1743,1786,41,10000,50.99899999999463,37.26,9124.44,,,,0,8079.2
1744,1787,41,10000,50.99899999999463,37.26,9124.44,,,,0,8090.3
1745,1788,41,10000,50.99899999999463,37.26,9124.44,,,,0,8101.4
1746,1789,41,10000,50.99899999999463,37.26,9124.44,,,,0,8112.8
1747,1790,41,10000,50.99899999999463,37.26,9124.44,,,,0,8124.4
1748,1791,41,10000,50.99899999999463,37.26,9124.44,,,,0,8135.3
1749,1792,41,10000,50.99899999999463,37.26,9124.44,,,,0,8146.2
1750,1793,24,6082,29.0810000000029,36.92,9046.08,,,,0,8152.7
1751,1794,41,10000,50.99899999999463,36.92,9046.08,,,,0,8163.6
1752,1795,41,10000,50.99899999999463,37.28,9129.48,,,,0,8175.4
1753,1796,41,10000,50.99899999999463,37.28,9129.48,,,,0,8186.6
1754,1797,41,10000,50.99899999999463,37.28,9129.48,,,,0,8197.4
1755,1798,41,10000,50.99899999999463,37.28,9129.48,,,,0,8208.6
1756,1799,41,10000,50.99899999999463,37.28,9129.48,,,,0,8219.8
1757,1800,41,10000,50.99899999999463,37.28,9129.48,,,,0,8231.4
1758,1801,14,3652,16.65099999999993,36.74,9002.52,,,,0,8235.5
1759,1802,41,10000,50.99899999999463,37.02,9067.22,,,,0,8246.6
1760,1803,41,10000,50.99899999999463,37.02,9067.22,,,,0,8257.7
1761,1804,41,10000,50.99899999999463,37.02,9067.22,,,,0,8268.3
1762,1805,41,10000,50.99899999999463,37.02,9067.22,,,,0,8280.0
1763,1806,41,10000,50.99899999999463,37.02,9067.22,,,,0,8291.2
1764,1807,39,9682,47.68099999999537,36.98,9060.86,,,,0,8301.8
1765,1808,41,10000,50.99899999999463,36.98,9060.86,,,,0,8312.8
1766,1809,41,10000,50.99899999999463,37.7,9231.02,,,,0,8323.3
1767,1810,10,2716,11.714999999999653,37.08,9085.34,,,,0,8326.3
1768,1811,41,10000,50.99899999999463,37.08,9085.34,,,,0,8338.1
1769,1812,16,4109,19.108000000000487,36.58,8967.52,,,,0,8342.7
1770,1813,41,10000,50.99899999999463,37.06,9080.42,,,,0,8354.1
1771,1814,41,10000,50.99899999999463,37.06,9080.42,,,,0,8364.9
1772,1815,41,10000,50.99899999999463,37.06,9080.42,,,,0,8375.7
1773,1816,41,10000,50.99899999999463,37.06,9080.42,,,,0,8386.5
1774,1817,41,10000,50.99899999999463,37.06,9080.42,,,,0,8398.4
1775,1818,41,10000,50.99899999999463,37.06,9080.42,,,,0,8409.3
1776,1819,0,304,-0.6969999999999998,36.36,8913.06,,,,0,8409.6
1777,1820,41,10000,50.99899999999463,36.36,8913.06,,,,0,8420.9
1778,1821,41,10000,50.99899999999463,36.36,8913.06,,,,0,8432.1
1779,1822,41,10000,50.99899999999463,36.36,8913.06,,,,0,8443.3
1780,1823,21,5326,25.325000000001975,35.96,8819.58,,,,0,8449.5
1781,1824,41,10000,50.99899999999463,35.96,8819.58,,,,0,8460.6
1782,1825,6,1744,6.743000000000173,35.26,8654.46,,,,0,8462.6
1783,1826,35,8710,42.70899999999764,35.14,8628.66,,,,0,8472.8
1784,1827,41,10000,50.99899999999463,35.18,8636.08,,,,0,8484.6
1785,1828,41,10000,50.99899999999463,35.18,8636.08,,,,0,8496.3
1786,1829,41,10000,50.99899999999463,35.18,8636.08,,,,0,8507.2
1787,1830,41,10000,50.99899999999463,35.72,8763.42,,,,0,8518.0
1788,1831,41,10000,50.99899999999463,36.22,8881.0,,,,0,8528.8
1789,1832,41,10000,50.99899999999463,36.92,9046.5,,,,0,8539.9
1790,1833,41,10000,50.99899999999463,36.92,9046.5,,,,0,8551.5
1791,1834,5,1511,5.510000000000095,36.2,8876.72,,,,0,8553.2
1792,1835,41,10000,50.99899999999463,36.2,8876.72,,,,0,8564.2
1793,1836,41,10000,50.99899999999463,36.2,8876.72,,,,0,8574.9
1794,1837,17,4368,20.367000000000804,35.72,8764.08,,,,0,8579.7
1795,1838,41,10000,50.99899999999463,35.72,8764.08,,,,0,8590.8
1796,1839,41,10000,50.99899999999463,35.72,8764.08,,,,0,8601.6
1797,1840,9,2248,10.246999999999913,35.08,8609.04,,,,0,8604.2
1798,1841,41,10000,50.99899999999463,35.08,8609.04,,,,0,8615.5
1799,1842,41,10000,50.99899999999463,35.08,8609.04,,,,0,8626.1
1800,1843,41,10000,50.99899999999463,35.42,8687.4,,,,0,8635.9
1801,1844,41,10000,50.99899999999463,35.42,8687.4,,,,0,8646.1
1802,1845,8,2213,9.211999999999932,34.76,8531.66,,,,0,8648.4
1803,1846,41,10000,50.99899999999463,34.76,8531.66,,,,0,8659.7
1804,1847,41,10000,50.99899999999463,34.76,8531.66,,,,0,8671.0
1805,1848,41,10000,50.99899999999463,34.76,8531.66,,,,0,8682.1
1806,1849,41,10000,50.99899999999463,34.76,8531.66,,,,0,8692.9
1807,1850,41,10000,50.99899999999463,34.76,8531.66,,,,0,8703.9
1808,1851,23,5831,27.83000000000259,34.94,8575.24,,,,0,8710.5
1809,1852,41,10000,50.99899999999463,34.94,8575.24,,,,0,8721.4
1810,1853,41,10000,50.99899999999463,34.94,8575.24,,,,0,8732.4
1811,1854,41,10000,50.99899999999463,34.94,8575.24,,,,0,8743.3
1812,1855,41,10000,50.99899999999463,34.94,8575.24,,,,0,8754.6
1813,1856,41,10000,50.99899999999463,34.94,8575.24,,,,0,8765.8
1814,1857,41,10000,50.99899999999463,34.98,8581.6,,,,0,8776.7
1815,1858,41,10000,50.99899999999463,34.98,8581.6,,,,0,8787.5
1816,1859,41,10000,50.99899999999463,34.98,8581.6,,,,0,8798.3
1817,1860,41,10000,50.99899999999463,35.6,8727.28,,,,0,8809.3
1818,1861,41,10000,50.99899999999463,35.6,8727.28,,,,0,8820.0
1819,1862,41,10000,50.99899999999463,36.1,8845.1,,,,0,8830.8
1820,1863,41,10000,50.99899999999463,36.1,8845.1,,,,0,8841.4
1821,1864,41,10000,50.99899999999463,36.1,8845.1,,,,0,8852.2
1822,1865,41,10000,50.99899999999463,36.1,8845.1,,,,0,8863.1
1823,1866,41,10000,50.99899999999463,36.1,8845.1,,,,0,8873.8
1824,1867,41,10000,50.99899999999463,36.1,8845.1,,,,0,8884.7
1825,1868,19,4877,22.876000000001426,35.66,8742.64,,,,0,8889.8
1826,1869,41,10000,50.99899999999463,36.48,8936.56,,,,0,8900.8
1827,1870,41,10000,50.99899999999463,36.48,8936.56,,,,0,8911.6
1828,1871,30,7503,36.50200000000045,36.26,8886.62,,,,0,8919.9
1829,1872,41,10000,50.99899999999463,36.26,8886.62,,,,0,8930.8
1830,1873,41,10000,50.99899999999463,36.66,8980.1,,,,0,8941.8
1831,1874,41,10000,50.99899999999463,36.66,8980.1,,,,0,8952.7
1832,1875,28,7036,34.03500000000154,37.1,9085.94,,,,0,8960.4
1833,1876,41,10000,50.99899999999463,37.22,9111.74,,,,0,8971.3
1834,1877,41,10000,50.99899999999463,37.22,9111.74,,,,0,8982.0
1835,1878,41,10000,50.99899999999463,37.22,9111.74,,,,0,8993.2
1836,1879,41,10000,50.99899999999463,37.22,9111.74,,,,0,9004.0
1837,1880,17,4364,20.3630000000008,36.74,8999.02,,,,0,9009.0
1838,1881,41,10000,50.99899999999463,36.74,8999.02,,,,0,9020.4
1839,1882,41,10000,50.99899999999463,36.74,8999.02,,,,0,9031.4
1840,1883,41,10000,50.99899999999463,36.74,8999.02,,,,0,9042.9
1841,1884,41,10000,50.99899999999463,37.46,9168.8,,,,0,9054.0
1842,1885,41,10000,50.99899999999463,37.46,9168.8,,,,0,9065.4
1843,1886,41,10000,50.99899999999463,37.46,9168.8,,,,0,9076.1
1844,1887,41,10000,50.99899999999463,37.94,9281.44,,,,0,9086.8
1845,1888,41,10000,50.99899999999463,37.94,9281.44,,,,0,9097.7
1846,1889,41,10000,50.99899999999463,37.94,9281.44,,,,0,9108.6
1847,1890,41,10000,50.99899999999463,38.58,9436.48,,,,0,9119.5
1848,1891,41,10000,50.99899999999463,38.58,9436.48,,,,0,9130.8
1849,1892,24,6047,29.046000000002856,38.24,9357.42,,,,0,9137.6
1850,1893,41,10000,50.99899999999463,38.24,9357.42,,,,0,9149.0
1851,1894,41,10000,50.99899999999463,38.24,9357.42,,,,0,9160.1
1852,1895,41,10000,50.99899999999463,38.9,9513.16,,,,0,9171.1
1853,1896,41,10000,50.99899999999463,38.9,9513.16,,,,0,9182.0
1854,1897,41,10000,50.99899999999463,38.9,9513.16,,,,0,9193.6
1855,1898,41,10000,50.99899999999463,38.9,9513.16,,,,0,9204.6
1856,1899,41,10000,50.99899999999463,38.9,9513.16,,,,0,9215.2
1857,1900,41,10000,50.99899999999463,38.9,9513.16,,,,0,9226.4
1858,1901,41,10000,50.99899999999463,39.26,9596.54,,,,0,9237.5
1859,1902,41,10000,50.99899999999463,39.26,9596.54,,,,0,9248.7
1860,1903,30,7486,36.48500000000049,39.04,9546.26,,,,0,9257.4
1861,1904,41,10000,50.99899999999463,39.04,9546.26,,,,0,9268.7
1862,1905,41,10000,50.99899999999463,39.04,9546.26,,,,0,9279.5
1863,1906,41,10000,50.99899999999463,39.04,9546.26,,,,0,9290.5
1864,1907,41,10000,50.99899999999463,39.04,9546.26,,,,0,9301.6
1865,1908,41,10000,50.99899999999463,39.04,9546.26,,,,0,9312.9
1866,1909,41,10000,50.99899999999463,39.04,9546.26,,,,0,9324.2
1867,1910,41,10000,50.99899999999463,39.04,9546.26,,,,0,9335.1
1868,1911,41,10000,50.99899999999463,39.04,9546.26,,,,0,9346.0
1869,1912,41,10000,50.99899999999463,39.04,9546.26,,,,0,9356.5
1870,1913,41,10000,50.99899999999463,39.04,9546.26,,,,0,9367.3
1871,1914,41,10000,50.99899999999463,39.04,9546.26,,,,0,9378.4
1872,1915,41,10000,50.99899999999463,39.04,9546.26,,,,0,9389.6
1873,1916,41,10000,50.99899999999463,39.04,9546.26,,,,0,9400.6
1874,1917,41,10000,50.99899999999463,39.04,9546.26,,,,0,9411.5
1875,1918,24,6064,29.063000000002877,39.14,9570.0,,,,0,9418.0
1876,1919,41,10000,50.99899999999463,39.14,9570.0,,,,0,9429.2
1877,1920,41,10000,50.99899999999463,39.14,9570.0,,,,0,9439.9
1878,1921,41,10000,50.99899999999463,39.36,9619.94,,,,0,9451.1
1879,1922,41,10000,50.99899999999463,39.36,9619.94,,,,0,9461.6
1880,1923,41,10000,50.99899999999463,39.36,9619.94,,,,0,9472.9
1881,1924,41,10000,50.99899999999463,39.36,9619.94,,,,0,9483.6
1882,1925,41,10000,50.99899999999463,39.62,9679.22,,,,0,9494.3
1883,1926,41,10000,50.99899999999463,39.62,9679.22,,,,0,9505.4
1884,1927,41,10000,50.99899999999463,39.62,9679.22,,,,0,9516.7
1885,1928,41,10000,50.99899999999463,39.62,9679.22,,,,0,9527.6
1886,1929,41,10000,50.99899999999463,39.62,9679.22,,,,0,9538.6
1887,1930,41,10000,50.99899999999463,40.1,9791.94,,,,0,9549.5
1888,1931,6,1743,6.742000000000172,39.4,9626.8,,,,0,9551.5
1889,1932,41,10000,50.99899999999463,39.4,9626.8,,,,0,9562.6
1890,1933,41,10000,50.99899999999463,39.4,9626.8,,,,0,9573.3
1891,1934,41,10000,50.99899999999463,39.4,9626.8,,,,0,9584.2
1892,1935,41,10000,50.99899999999463,39.4,9626.8,,,,0,9595.2
1893,1936,41,10000,50.99899999999463,39.4,9626.8,,,,0,9606.0
1894,1937,41,10000,50.99899999999463,39.4,9626.8,,,,0,9617.7
1895,1938,41,10000,50.99899999999463,39.4,9626.8,,,,0,9629.3
1896,1939,41,10000,50.99899999999463,39.4,9626.8,,,,0,9640.6
1897,1940,41,10000,50.99899999999463,39.4,9626.8,,,,0,9652.6
1898,1941,41,10000,50.99899999999463,39.4,9626.8,,,,0,9663.4
1899,1942,41,10000,50.99899999999463,39.74,9705.86,,,,0,9674.4
1900,1943,41,10000,50.99899999999463,39.74,9705.86,,,,0,9685.6
1901,1944,17,4390,20.38900000000083,39.26,9593.66,,,,0,9690.7
1902,1945,41,10000,50.99899999999463,39.26,9593.66,,,,0,9702.7
1903,1946,41,10000,50.99899999999463,39.26,9593.66,,,,0,9714.2
1904,1947,41,10000,50.99899999999463,39.26,9593.66,,,,0,9725.4
1905,1948,41,10000,50.99899999999463,39.26,9593.66,,,,0,9736.4
1906,1949,41,10000,50.99899999999463,39.26,9593.66,,,,0,9747.7
1907,1950,6,1744,6.743000000000173,38.56,9428.54,,,,0,9749.9
1908,1951,21,5309,25.308000000001954,38.16,9334.72,,,,0,9755.8
1909,1952,41,10000,50.99899999999463,38.16,9334.72,,,,0,9767.2
1910,1953,41,10000,50.99899999999463,38.38,9385.0,,,,0,9778.4
1911,1954,9,2483,10.481999999999783,37.74,9234.66,,,,0,9781.3
1912,1955,41,10000,50.99899999999463,37.74,9234.66,,,,0,9792.7
1913,1956,41,10000,50.99899999999463,37.74,9234.66,,,,0,9803.9
1914,1957,41,10000,50.99899999999463,37.74,9234.66,,,,0,9814.2
1915,1958,41,10000,50.99899999999463,37.74,9234.66,,,,0,9825.7
1916,1959,41,10000,50.99899999999463,37.74,9234.66,,,,0,9836.8
1917,1960,41,10000,50.99899999999463,37.74,9234.66,,,,0,9847.9
1918,1961,41,10000,50.99899999999463,37.74,9234.66,,,,0,9858.9
1919,1962,18,4589,21.588000000001074,37.28,9126.44,,,,0,9863.9
1920,1963,41,10000,50.99899999999463,37.28,9126.44,,,,0,9877.7
1921,1964,41,10000,50.99899999999463,37.28,9126.44,,,,0,9889.6
1922,1965,25,6316,30.315000000003185,36.96,9052.76,,,,0,9897.0
1923,1966,41,10000,50.99899999999463,36.96,9052.76,,,,0,9908.7
1924,1967,41,10000,50.99899999999463,36.96,9052.76,,,,0,9919.8
1925,1968,41,10000,50.99899999999463,37.3,9131.48,,,,0,9931.4
1926,1969,41,10000,50.99899999999463,37.3,9131.48,,,,0,9942.5
1927,1970,9,2482,10.480999999999783,36.66,8981.12,,,,0,9945.5
1928,1971,41,10000,50.99899999999463,36.66,8981.12,,,,0,9956.8
1929,1972,41,10000,50.99899999999463,36.66,8981.12,,,,0,9967.8
1930,1973,11,2946,12.944999999999526,36.06,8840.04,,,,0,9971.3
1931,1974,27,6802,32.801000000002084,35.78,8776.08,,,,0,9978.8
1932,1975,41,10000,50.99899999999463,35.78,8776.08,,,,0,9990.4
1933,1976,41,10000,50.99899999999463,35.78,8776.08,,,,0,10001.1
1934,1977,41,10000,50.99899999999463,35.78,8776.08,,,,0,10012.0
1935,1978,41,10000,50.99899999999463,35.78,8776.08,,,,0,10022.7
1936,1979,41,10000,50.99899999999463,35.78,8776.08,,,,0,10033.5
1937,1980,41,10000,50.99899999999463,35.78,8776.08,,,,0,10044.8
1938,1981,9,2249,10.247999999999912,35.84,8786.2,,,,0,10047.3
1939,1982,41,10000,50.99899999999463,35.84,8786.2,,,,0,10058.8
1940,1983,32,7972,38.97099999999936,35.66,8745.64,,,,0,10067.5
1941,1984,41,10000,50.99899999999463,35.66,8745.64,,,,0,10078.9
1942,1985,41,10000,50.99899999999463,35.66,8745.64,,,,0,10089.7
1943,1986,41,10000,50.99899999999463,35.66,8745.64,,,,0,10100.8
1944,1987,41,10000,50.99899999999463,35.66,8745.64,,,,0,10112.3
1945,1988,41,10000,50.99899999999463,35.66,8745.64,,,,0,10123.5
1946,1989,41,10000,50.99899999999463,35.66,8745.64,,,,0,10134.3
1947,1990,41,10000,50.99899999999463,35.66,8745.64,,,,0,10144.9
1948,1991,36,8726,43.7249999999976,35.56,8720.16,,,,0,10154.4
1949,1992,41,10000,50.99899999999463,35.56,8720.16,,,,0,10166.1
1950,1993,41,10000,50.99899999999463,35.56,8720.16,,,,0,10177.7
1951,1994,41,10000,50.99899999999463,36.04,8832.36,,,,0,10189.7
1952,1995,41,10000,50.99899999999463,36.04,8832.36,,,,0,10200.6
1953,1996,24,5849,28.848000000002614,35.7,8749.34,,,,0,10207.1
1954,1997,41,10000,50.99899999999463,35.7,8749.34,,,,0,10218.9
1955,1998,41,10000,50.99899999999463,35.7,8749.34,,,,0,10230.3
1956,1999,41,10000,50.99899999999463,35.7,8749.34,,,,0,10241.5
1957,2000,41,10000,50.99899999999463,36.4,8914.46,,,,0,10252.1
1958,2001,41,10000,50.99899999999463,36.8,9008.28,,,,0,10263.4
1959,2002,41,10000,50.99899999999463,36.8,9008.28,,,,0,10274.1
1960,2003,32,7990,38.988999999999315,36.62,8968.08,,,,0,10282.6
1961,2004,1,539,0.5379999999999767,36.46,8929.2,,,,0,10283.2
1962,2005,41,10000,50.99899999999463,36.46,8929.2,,,,0,10294.4
1963,2006,41,10000,50.99899999999463,36.46,8929.2,,,,0,10304.6
1964,2007,41,10000,50.99899999999463,36.46,8929.2,,,,0,10315.6
1965,2008,41,10000,50.99899999999463,36.46,8929.2,,,,0,10326.4
1966,2009,41,10000,50.99899999999463,36.46,8929.2,,,,0,10337.3
1967,2010,41,10000,50.99899999999463,36.46,8929.2,,,,0,10348.1
1968,2011,41,10000,50.99899999999463,36.46,8929.2,,,,0,10359.0
1969,2012,19,4840,22.83900000000138,36.48,8934.22,,,,0,10364.5
1970,2013,41,10000,50.99899999999463,36.48,8934.22,,,,0,10376.0
1971,2014,41,10000,50.99899999999463,36.48,8934.22,,,,0,10387.4
1972,2015,41,10000,50.99899999999463,36.8,9007.9,,,,0,10398.8
1973,2016,41,10000,50.99899999999463,36.8,9007.9,,,,0,10409.7
1974,2017,41,10000,50.99899999999463,36.8,9007.9,,,,0,10421.0
1975,2018,41,10000,50.99899999999463,36.8,9007.9,,,,0,10432.0
1976,2019,41,10000,50.99899999999463,36.8,9007.9,,,,0,10443.7
1977,2020,41,10000,50.99899999999463,37.44,9158.26,,,,0,10454.6
1978,2021,41,10000,50.99899999999463,37.44,9158.26,,,,0,10465.3
1979,2022,41,10000,50.99899999999463,37.44,9158.26,,,,0,10476.2
1980,2023,41,10000,50.99899999999463,38.04,9299.34,,,,0,10487.6
1981,2024,41,10000,50.99899999999463,38.32,9363.3,,,,0,10498.6
1982,2025,41,10000,50.99899999999463,38.32,9363.3,,,,0,10509.8
1983,2026,41,10000,50.99899999999463,38.32,9363.3,,,,0,10520.3
1984,2027,14,3447,16.445999999999678,37.78,9232.24,,,,0,10524.3
1985,2028,41,10000,50.99899999999463,37.78,9232.24,,,,0,10535.3
1986,2029,24,5846,28.84500000000261,37.44,9149.16,,,,0,10541.7
1987,2030,41,10000,50.99899999999463,37.44,9149.16,,,,0,10552.4
1988,2031,41,10000,50.99899999999463,38.08,9304.18,,,,0,10563.3
1989,2032,41,10000,50.99899999999463,38.08,9304.18,,,,0,10574.4
1990,2033,41,10000,50.99899999999463,38.26,9344.74,,,,0,10585.5
1991,2034,41,10000,50.99899999999463,38.26,9344.74,,,,0,10596.5
1992,2035,41,10000,50.99899999999463,38.26,9344.74,,,,0,10607.3
1993,2036,41,10000,50.99899999999463,38.26,9344.74,,,,0,10618.1
1994,2037,40,9898,48.89699999999487,38.24,9342.7,,,,0,10629.2
1995,2038,41,10000,50.99899999999463,38.24,9342.7,,,,0,10640.0
1996,2039,23,5608,27.60700000000232,37.88,9254.86,,,,0,10646.3
1997,2040,41,10000,50.99899999999463,37.88,9254.86,,,,0,10657.8
1998,2041,41,10000,50.99899999999463,37.98,9280.34,,,,0,10669.3
1999,2042,41,10000,50.99899999999463,37.98,9280.34,,,,0,10680.9
2000,2043,41,10000,50.99899999999463,37.98,9280.34,1.2,343.7,0.5,0,10709.3
2001,2044,41,10000,50.99899999999463,37.98,9280.34,,,,0,10721.4
2002,2045,41,10000,50.99899999999463,37.98,9280.34,,,,0,10732.1
2003,2046,15,3688,17.686999999999973,37.8,9237.12,,,,0,10736.1
2004,2047,41,10000,50.99899999999463,37.8,9237.12,,,,0,10746.8
2005,2048,34,8438,41.43699999999827,37.66,9205.88,,,,0,10756.1
2006,2049,41,10000,50.99899999999463,37.66,9205.88,,,,0,10767.0
2007,2050,41,10000,50.99899999999463,37.66,9205.88,,,,0,10777.7
2008,2051,41,10000,50.99899999999463,37.66,9205.88,,,,0,10788.8
2009,2052,41,10000,50.99899999999463,37.66,9205.88,,,,0,10799.7
2010,2053,41,10000,50.99899999999463,37.84,9246.08,,,,0,10810.5
2011,2054,25,6090,30.08900000000291,38.32,9357.1,,,,0,10817.6
2012,2055,41,10000,50.99899999999463,38.32,9357.1,,,,0,10828.6
2013,2056,41,10000,50.99899999999463,38.32,9357.1,,,,0,10839.4
2014,2057,41,10000,50.99899999999463,38.32,9357.1,,,,0,10850.4
2015,2058,18,4606,21.605000000001095,37.86,9249.22,,,,0,10855.4
2016,2059,41,10000,50.99899999999463,37.86,9249.22,,,,0,10866.2
2017,2060,41,10000,50.99899999999463,37.86,9249.22,,,,0,10877.5
2018,2061,41,10000,50.99899999999463,37.86,9249.22,,,,0,10889.2
2019,2062,41,10000,50.99899999999463,38.3,9352.42,,,,0,10901.1
2020,2063,41,10000,50.99899999999463,38.3,9352.42,,,,0,10913.1
2021,2064,41,10000,50.99899999999463,38.3,9352.42,,,,0,10924.8
2022,2065,41,10000,50.99899999999463,38.3,9352.42,,,,0,10936.4
2023,2066,0,287,-0.7139999999999997,37.48,9158.16,,,,0,10936.7
2024,2067,41,10000,50.99899999999463,37.48,9158.16,,,,0,10948.1
2025,2068,41,10000,50.99899999999463,37.48,9158.16,,,,0,10959.9
2026,2069,41,10000,50.99899999999463,37.48,9158.16,,,,0,10971.8
2027,2070,41,10000,50.99899999999463,37.48,9158.16,,,,0,10983.5
2028,2071,41,10000,50.99899999999463,37.48,9158.16,,,,0,10995.4
2029,2072,41,10000,50.99899999999463,37.48,9158.16,,,,0,11006.9
2030,2073,41,10000,50.99899999999463,37.48,9158.16,,,,0,11018.6
2031,2074,41,10000,50.99899999999463,37.48,9158.16,,,,0,11030.5
2032,2075,41,10000,50.99899999999463,37.48,9158.16,,,,0,11042.2
2033,2076,41,10000,50.99899999999463,37.48,9158.16,,,,0,11054.0
2034,2077,41,10000,50.99899999999463,38.02,9289.22,,,,0,11065.9
2035,2078,41,10000,50.99899999999463,38.02,9289.22,,,,0,11077.7
2036,2079,41,10000,50.99899999999463,38.36,9372.3,,,,0,11089.6
2037,2080,6,1717,6.716000000000164,37.66,9206.64,,,,0,11091.6
2038,2081,41,10000,50.99899999999463,37.66,9206.64,,,,0,11103.4
2039,2082,41,10000,50.99899999999463,37.66,9206.64,,,,0,11115.2
2040,2083,41,10000,50.99899999999463,37.66,9206.64,,,,0,11127.1
2041,2084,41,10000,50.99899999999463,37.66,9206.64,,,,0,11138.8
2042,2085,41,10000,50.99899999999463,37.66,9206.64,,,,0,11150.6
2043,2086,41,10000,50.99899999999463,37.66,9206.64,,,,0,11162.3
2044,2087,41,10000,50.99899999999463,37.68,9208.68,,,,0,11174.0
2045,2088,41,10000,50.99899999999463,37.68,9208.68,,,,0,11185.7
2046,2089,2,773,1.771999999999951,37.26,9111.98,,,,0,11186.7
2047,2090,41,10000,50.99899999999463,37.26,9111.98,,,,0,11198.4
2048,2091,36,8963,43.96199999999705,37.16,9091.24,,,,0,11208.9
2049,2092,14,3671,16.669999999999952,36.62,8964.66,,,,0,11213.1
2050,2093,41,10000,50.99899999999463,36.62,8964.66,,,,0,11224.8
2051,2094,41,10000,50.99899999999463,36.62,8964.66,,,,0,11236.6
2052,2095,41,10000,50.99899999999463,36.62,8964.66,,,,0,11248.5
2053,2096,41,10000,50.99899999999463,37.14,9090.9,,,,0,11260.2
2054,2097,41,10000,50.99899999999463,37.14,9090.9,,,,0,11272.0
2055,2098,41,10000,50.99899999999463,37.28,9122.14,,,,0,11283.8
2056,2099,41,10000,50.99899999999463,37.28,9122.14,,,,0,11295.5
2057,2100,7,1996,7.9950000000000525,36.6,8962.06,,,,0,11297.8
2058,2101,18,4606,21.605000000001095,36.14,8854.18,,,,0,11303.3
2059,2102,21,5344,25.343000000001997,35.74,8761.06,,,,0,11309.7
2060,2103,41,10000,50.99899999999463,35.74,8761.06,,,,0,11321.6
2061,2104,1,520,0.5189999999999788,35.26,8649.66,,,,0,11322.3
2062,2105,6,1762,6.761000000000179,34.56,8484.9,,,,0,11324.5
2063,2106,41,10000,50.99899999999463,34.56,8484.9,,,,0,11336.3
2064,2107,41,10000,50.99899999999463,34.56,8484.9,,,,0,11348.1
2065,2108,41,10000,50.99899999999463,35.02,8592.78,,,,0,11359.9
2066,2109,41,10000,50.99899999999463,35.02,8592.78,,,,0,11371.4
2067,2110,41,10000,50.99899999999463,35.02,8592.78,,,,0,11382.9
2068,2111,41,10000,50.99899999999463,35.02,8592.78,,,,0,11394.7
2069,2112,41,10000,50.99899999999463,35.02,8592.78,,,,0,11406.0
2070,2113,41,10000,50.99899999999463,35.02,8592.78,,,,0,11417.9
2071,2114,41,10000,50.99899999999463,35.02,8592.78,,,,0,11429.6
2072,2115,36,8728,43.726999999997595,34.92,8567.34,,,,0,11440.0
2073,2116,41,10000,50.99899999999463,35.74,8761.6,,,,0,11451.7
2074,2117,41,10000,50.99899999999463,35.74,8761.6,,,,0,11463.6
2075,2118,27,6568,32.56700000000263,35.46,8692.96,,,,0,11471.6
2076,2119,17,4383,20.382000000000822,34.98,8580.62,,,,0,11476.8
2077,2120,4,1276,4.275000000000016,34.24,8406.14,,,,0,11478.2
2078,2121,41,10000,50.99899999999463,34.24,8406.14,,,,0,11490.0
2079,2122,41,10000,50.99899999999463,34.24,8406.14,,,,0,11502.0
2080,2123,34,8438,41.43699999999827,34.1,8374.9,,,,0,11512.2
2081,2124,6,1744,6.743000000000173,33.4,8209.78,,,,0,11514.1
2082,2125,41,10000,50.99899999999463,33.4,8209.78,,,,0,11524.9
2083,2126,12,3166,14.164999999999404,32.82,8073.1,,,,0,11528.3
2084,2127,41,10000,50.99899999999463,32.82,8073.1,,,,0,11539.4
2085,2128,41,10000,50.99899999999463,32.82,8073.1,,,,0,11551.0
2086,2129,41,10000,50.99899999999463,32.82,8073.1,,,,0,11562.6
2087,2130,41,10000,50.99899999999463,33.52,8238.76,,,,0,11573.7
2088,2131,41,10000,50.99899999999463,33.52,8238.76,,,,0,11585.0
2089,2132,41,10000,50.99899999999463,33.52,8238.76,,,,0,11595.7
2090,2133,19,4841,22.840000000001382,33.08,8135.58,,,,0,11601.0
2091,2134,41,10000,50.99899999999463,33.08,8135.58,,,,0,11612.0
2092,2135,41,10000,50.99899999999463,33.08,8135.58,,,,0,11622.8
2093,2136,41,10000,50.99899999999463,33.08,8135.58,,,,0,11634.0
2094,2137,41,10000,50.99899999999463,33.08,8135.58,,,,0,11644.9
2095,2138,13,3418,15.416999999999643,32.52,8003.94,,,,0,11648.6
2096,2139,41,10000,50.99899999999463,33.3,8188.48,,,,0,11660.2
2097,2140,41,10000,50.99899999999463,33.3,8188.48,,,,0,11671.4
2098,2141,41,10000,50.99899999999463,33.4,8209.22,,,,0,11682.7
2099,2142,41,10000,50.99899999999463,33.94,8335.8,,,,0,11693.7
2100,2143,41,10000,50.99899999999463,33.94,8335.8,,,,0,11704.9
2101,2144,41,10000,50.99899999999463,33.94,8335.8,,,,0,11716.0
2102,2145,41,10000,50.99899999999463,33.94,8335.8,,,,0,11727.7
2103,2146,41,10000,50.99899999999463,33.94,8335.8,,,,0,11739.0
2104,2147,41,10000,50.99899999999463,33.94,8335.8,,,,0,11750.0
2105,2148,41,10000,50.99899999999463,33.94,8335.8,,,,0,11761.2
2106,2149,18,4606,21.605000000001095,33.48,8227.92,,,,0,11766.5
2107,2150,41,10000,50.99899999999463,34.16,8388.0,,,,0,11777.9
2108,2151,41,10000,50.99899999999463,34.62,8495.88,,,,0,11789.5
2109,2152,41,10000,50.99899999999463,35.02,8589.0,,,,0,11801.0
2110,2153,41,10000,50.99899999999463,35.02,8589.0,,,,0,11812.3
2111,2154,41,10000,50.99899999999463,35.82,8778.6,,,,0,11823.4
2112,2155,41,10000,50.99899999999463,36.52,8943.36,,,,0,11834.2
2113,2156,41,10000,50.99899999999463,36.52,8943.36,,,,0,11845.4
2114,2157,41,10000,50.99899999999463,36.52,8943.36,,,,0,11856.6
2115,2158,41,10000,50.99899999999463,36.52,8943.36,,,,0,11868.0
2116,2159,41,10000,50.99899999999463,36.52,8943.36,,,,0,11879.0
2117,2160,41,10000,50.99899999999463,36.52,8943.36,,,,0,11889.8
2118,2161,41,10000,50.99899999999463,36.52,8943.36,,,,0,11901.1
2119,2162,41,10000,50.99899999999463,36.52,8943.36,,,,0,11912.3
2120,2163,6,1726,6.725000000000167,35.82,8777.88,,,,0,11914.3
2121,2164,36,8944,43.94299999999709,35.72,8756.76,,,,0,11924.8
2122,2165,41,10000,50.99899999999463,35.82,8782.2,,,,0,11936.3
2123,2166,41,10000,50.99899999999463,35.82,8782.2,,,,0,11947.3
2124,2167,20,5111,24.110000000001712,35.4,8684.42,,,,0,11953.4
2125,2168,32,7954,38.9529999999994,35.5,8712.14,,,,0,11962.9
2126,2169,41,10000,50.99899999999463,35.98,8824.48,,,,0,11974.3
2127,2170,41,10000,50.99899999999463,36.72,8998.96,,,,0,11985.4
2128,2171,19,4876,22.875000000001425,36.28,8896.48,,,,0,11990.9
2129,2172,41,10000,50.99899999999463,36.28,8896.48,,,,0,12002.5
2130,2173,41,10000,50.99899999999463,36.42,8927.72,,,,0,12014.2
2131,2174,41,10000,50.99899999999463,37.12,9092.84,,,,0,12026.8
2132,2175,41,10000,50.99899999999463,37.12,9092.84,,,,0,12037.9
2133,2176,41,10000,50.99899999999463,37.7,9229.52,,,,0,12049.1
2134,2177,41,10000,50.99899999999463,37.7,9229.52,,,,0,12060.0
2135,2178,41,10000,50.99899999999463,37.7,9229.52,,,,0,12071.2
2136,2179,41,10000,50.99899999999463,37.7,9229.52,,,,0,12083.1
2137,2180,41,10000,50.99899999999463,37.7,9229.52,,,,0,12094.2
2138,2181,41,10000,50.99899999999463,37.7,9229.52,,,,0,12105.3
2139,2182,41,10000,50.99899999999463,37.7,9229.52,,,,0,12116.5
2140,2183,41,10000,50.99899999999463,38.14,9332.7,,,,0,12128.1
2141,2184,41,10000,50.99899999999463,38.14,9332.7,,,,0,12139.7
2142,2185,41,10000,50.99899999999463,38.14,9332.7,,,,0,12150.9
2143,2186,35,8669,42.66799999999773,38.02,9306.08,,,,0,12160.5
2144,2187,41,10000,50.99899999999463,38.02,9306.08,,,,0,12171.8
2145,2188,41,10000,50.99899999999463,38.58,9437.72,,,,0,12182.9
2146,2189,41,10000,50.99899999999463,38.58,9437.72,,,,0,12194.5
2147,2190,41,10000,50.99899999999463,38.58,9437.72,,,,0,12205.8
2148,2191,41,10000,50.99899999999463,38.58,9437.72,,,,0,12217.2
2149,2192,41,10000,50.99899999999463,38.58,9437.72,,,,0,12228.4
2150,2193,41,10000,50.99899999999463,38.58,9437.72,,,,0,12239.0
2151,2194,41,10000,50.99899999999463,38.58,9437.72,,,,0,12249.8
2152,2195,41,10000,50.99899999999463,38.58,9437.72,,,,0,12261.2
2153,2196,41,10000,50.99899999999463,38.58,9437.72,,,,0,12272.7
2154,2197,41,10000,50.99899999999463,38.58,9437.72,,,,0,12284.1
2155,2198,41,10000,50.99899999999463,38.58,9437.72,,,,0,12295.6
2156,2199,41,10000,50.99899999999463,39.04,9545.6,,,,0,12306.4
2157,2200,41,10000,50.99899999999463,39.04,9545.6,,,,0,12317.4
2158,2201,24,6047,29.046000000002856,38.7,9466.54,,,,0,12324.1
2159,2202,41,10000,50.99899999999463,38.7,9466.54,,,,0,12335.7
2160,2203,41,10000,50.99899999999463,38.7,9466.54,,,,0,12347.0
2161,2204,41,10000,50.99899999999463,38.7,9466.54,,,,0,12358.3
2162,2205,28,7037,34.036000000001536,38.44,9407.28,,,,0,12365.8
2163,2206,41,10000,50.99899999999463,38.44,9407.28,,,,0,12378.6
2164,2207,41,10000,50.99899999999463,38.44,9407.28,,,,0,12389.4
2165,2208,41,10000,50.99899999999463,38.44,9407.28,,,,0,12400.4
2166,2209,41,10000,50.99899999999463,38.44,9407.28,,,,0,12411.8
2167,2210,41,10000,50.99899999999463,38.44,9407.28,,,,0,12423.5
2168,2211,41,10000,50.99899999999463,38.44,9407.28,,,,0,12434.6
2169,2212,41,10000,50.99899999999463,38.44,9407.28,,,,0,12447.3
2170,2213,41,10000,50.99899999999463,39.14,9572.76,,,,0,12458.4
2171,2214,36,8926,43.924999999997134,39.14,9572.4,,,,0,12469.1
2172,2215,41,10000,50.99899999999463,39.14,9572.4,,,,0,12481.1
2173,2216,41,10000,50.99899999999463,39.14,9572.4,,,,0,12492.6
2174,2217,41,10000,50.99899999999463,39.56,9670.18,,,,0,12503.7
2175,2218,41,10000,50.99899999999463,39.74,9711.1,,,,0,12515.1
2176,2219,41,10000,50.99899999999463,39.74,9711.1,,,,0,12526.3
2177,2220,41,10000,50.99899999999463,39.74,9711.1,,,,0,12537.0
2178,2221,41,10000,50.99899999999463,40.18,9813.58,,,,0,12548.4
2179,2222,41,10000,50.99899999999463,40.18,9813.58,,,,0,12560.0
2180,2223,41,10000,50.99899999999463,40.18,9813.58,,,,0,12571.2
2181,2224,41,10000,50.99899999999463,40.18,9813.58,,,,0,12582.4
2182,2225,40,9911,48.90999999999484,40.16,9811.8,,,,0,12593.4
2183,2226,41,10000,50.99899999999463,40.16,9811.8,,,,0,12604.3
2184,2227,41,10000,50.99899999999463,40.16,9811.8,,,,0,12615.4
2185,2228,41,10000,50.99899999999463,40.16,9811.8,,,,0,12626.9
2186,2229,41,10000,50.99899999999463,40.16,9811.8,,,,0,12638.0
2187,2230,41,10000,50.99899999999463,40.16,9811.8,,,,0,12649.4
2188,2231,41,10000,50.99899999999463,40.16,9811.8,,,,0,12661.2
2189,2232,41,10000,50.99899999999463,40.16,9811.8,,,,0,12672.1
2190,2233,41,10000,50.99899999999463,40.16,9811.8,,,,0,12682.9
2191,2234,41,10000,50.99899999999463,40.16,9811.8,,,,0,12693.8
2192,2235,41,10000,50.99899999999463,40.16,9811.8,,,,0,12705.3
2193,2236,11,2950,12.948999999999524,39.68,9697.42,,,,0,12708.8
2194,2237,41,10000,50.99899999999463,39.68,9697.42,,,,0,12720.6
2195,2238,41,10000,50.99899999999463,39.68,9697.42,,,,0,12732.1
2196,2239,41,10000,50.99899999999463,39.68,9697.42,,,,0,12743.4
2197,2240,41,10000,50.99899999999463,39.68,9697.42,,,,0,12754.6
2198,2241,41,10000,50.99899999999463,39.68,9697.42,,,,0,12765.8
2199,2242,41,10000,50.99899999999463,39.68,9697.42,,,,0,12776.7
2200,2243,41,10000,50.99899999999463,39.68,9697.42,,,,0,12787.6
2201,2244,41,10000,50.99899999999463,39.68,9697.42,,,,0,12798.4
2202,2245,41,10000,50.99899999999463,39.68,9697.42,,,,0,12809.4
2203,2246,41,10000,50.99899999999463,39.68,9697.42,,,,0,12821.1
2204,2247,41,10000,50.99899999999463,39.68,9697.42,,,,0,12832.2
2205,2248,41,10000,50.99899999999463,39.68,9697.42,,,,0,12843.2
2206,2249,41,10000,50.99899999999463,39.68,9697.42,,,,0,12854.2
2207,2250,41,10000,50.99899999999463,39.68,9697.42,,,,0,12865.1
2208,2251,12,3184,14.182999999999394,39.44,9640.16,,,,0,12868.9
2209,2252,41,10000,50.99899999999463,39.44,9640.16,,,,0,12880.5
2210,2253,41,10000,50.99899999999463,39.44,9640.16,,,,0,12892.4
2211,2254,41,10000,50.99899999999463,39.44,9640.16,,,,0,12903.6
2212,2255,41,10000,50.99899999999463,39.7,9699.42,,,,0,12914.8
2213,2256,41,10000,50.99899999999463,39.7,9699.42,,,,0,12926.0
2214,2257,41,10000,50.99899999999463,39.7,9699.42,,,,0,12936.8
2215,2258,41,10000,50.99899999999463,39.7,9699.42,,,,0,12947.6
2216,2259,41,10000,50.99899999999463,39.7,9699.42,,,,0,12958.9
2217,2260,33,8218,40.216999999998784,39.54,9663.78,,,,0,12968.0
2218,2261,41,10000,50.99899999999463,39.54,9663.78,,,,0,12979.2
2219,2262,41,10000,50.99899999999463,39.54,9663.78,,,,0,12990.3
2220,2263,41,10000,50.99899999999463,39.54,9663.78,,,,0,13001.4
2221,2264,41,10000,50.99899999999463,39.64,9685.26,,,,0,13012.3
2222,2265,41,10000,50.99899999999463,39.64,9685.26,,,,0,13024.1
2223,2266,41,10000,50.99899999999463,39.64,9685.26,,,,0,13035.4
2224,2267,41,10000,50.99899999999463,39.64,9685.26,,,,0,13045.9
2225,2268,41,10000,50.99899999999463,39.64,9685.26,,,,0,13056.9
2226,2269,41,10000,50.99899999999463,39.64,9685.26,,,,0,13067.8
2227,2270,41,10000,50.99899999999463,39.64,9685.26,,,,0,13079.3
2228,2271,6,1709,6.708000000000161,38.94,9519.44,,,,0,13081.3
2229,2272,41,10000,50.99899999999463,38.94,9519.44,,,,0,13093.0
2230,2273,38,9412,46.410999999996,38.88,9507.68,,,,0,13103.4
2231,2274,38,9211,46.20999999999647,38.82,9491.9,,,,0,13113.7
2232,2275,41,10000,50.99899999999463,38.84,9493.68,,,,0,13125.0
2233,2276,41,10000,50.99899999999463,38.84,9493.68,,,,0,13136.4
2234,2277,41,10000,50.99899999999463,38.84,9493.68,,,,0,13147.6
2235,2278,41,10000,50.99899999999463,38.84,9493.68,,,,0,13158.4
2236,2279,41,10000,50.99899999999463,38.84,9493.68,,,,0,13169.7
2237,2280,41,10000,50.99899999999463,38.84,9493.68,,,,0,13181.0
2238,2281,41,10000,50.99899999999463,38.84,9493.68,,,,0,13192.0
2239,2282,41,10000,50.99899999999463,38.84,9493.68,,,,0,13202.9
2240,2283,41,10000,50.99899999999463,38.84,9493.68,,,,0,13214.1
2241,2284,41,10000,50.99899999999463,38.84,9493.68,,,,0,13226.7
2242,2285,41,10000,50.99899999999463,38.84,9493.68,,,,0,13239.5
2243,2286,12,2968,13.966999999999514,38.86,9494.04,,,,0,13243.2
2244,2287,41,10000,50.99899999999463,38.86,9494.04,,,,0,13257.1
2245,2288,41,10000,50.99899999999463,38.86,9494.04,,,,0,13269.3
2246,2289,41,10000,50.99899999999463,38.86,9494.04,,,,0,13281.7
2247,2290,41,10000,50.99899999999463,38.86,9494.04,,,,0,13293.1
2248,2291,41,10000,50.99899999999463,38.86,9494.04,,,,0,13304.4
2249,2292,41,10000,50.99899999999463,38.86,9494.04,,,,0,13315.3
2250,2293,41,10000,50.99899999999463,38.86,9494.04,,,,0,13326.6
2251,2294,41,10000,50.99899999999463,38.86,9494.04,,,,0,13338.4
2252,2295,41,10000,50.99899999999463,38.86,9494.04,,,,0,13349.3
2253,2296,28,6989,33.98800000000165,38.6,9433.82,,,,0,13356.7
2254,2297,41,10000,50.99899999999463,38.6,9433.82,,,,0,13367.6
2255,2298,41,10000,50.99899999999463,38.6,9433.82,,,,0,13378.8
2256,2299,30,7469,36.46800000000053,38.38,9383.2,,,,0,13387.1
2257,2300,41,10000,50.99899999999463,38.38,9383.2,,,,0,13398.9
2258,2301,41,10000,50.99899999999463,38.96,9519.52,,,,0,13410.0
2259,2302,41,10000,50.99899999999463,38.96,9519.52,,,,0,13420.9
2260,2303,41,10000,50.99899999999463,38.96,9519.52,,,,0,13431.5
2261,2304,41,10000,50.99899999999463,38.96,9519.52,,,,0,13442.5
2262,2305,41,10000,50.99899999999463,38.96,9519.52,,,,0,13453.8
2263,2306,41,10000,50.99899999999463,38.96,9519.52,,,,0,13464.8
2264,2307,41,10000,50.99899999999463,38.96,9519.52,,,,0,13475.6
2265,2308,41,10000,50.99899999999463,38.96,9519.52,,,,0,13486.6
2266,2309,41,10000,50.99899999999463,38.96,9519.52,,,,0,13497.5
2267,2310,41,10000,50.99899999999463,39.12,9555.16,,,,0,13508.8
2268,2311,23,5794,27.793000000002547,38.76,9471.04,,,,0,13515.2
2269,2312,41,10000,50.99899999999463,38.76,9471.04,,,,0,13526.0
2270,2313,41,10000,50.99899999999463,38.76,9471.04,,,,0,13537.2
2271,2314,41,10000,50.99899999999463,38.76,9471.04,,,,0,13548.7
2272,2315,41,10000,50.99899999999463,38.76,9471.04,,,,0,13559.3
2273,2316,6,1709,6.708000000000161,38.06,9305.22,,,,0,13561.2
2274,2317,41,10000,50.99899999999463,38.06,9305.22,,,,0,13572.1
2275,2318,41,10000,50.99899999999463,38.06,9305.22,,,,0,13583.3
2276,2319,41,10000,50.99899999999463,38.06,9305.22,,,,0,13594.2
2277,2320,41,10000,50.99899999999463,38.06,9305.22,,,,0,13604.9
2278,2321,14,3652,16.65099999999993,38.22,9344.08,,,,0,13609.1
2279,2322,41,10000,50.99899999999463,38.22,9344.08,,,,0,13620.9
2280,2323,41,10000,50.99899999999463,38.28,9355.84,,,,0,13632.2
2281,2324,41,10000,50.99899999999463,38.34,9371.62,,,,0,13643.1
2282,2325,2,769,1.7679999999999514,37.56,9187.0,,,,0,13644.0
2283,2326,41,10000,50.99899999999463,37.56,9187.0,,,,0,13656.7
2284,2327,41,10000,50.99899999999463,37.56,9187.0,,,,0,13668.7
2285,2328,41,10000,50.99899999999463,37.56,9187.0,,,,0,13680.0
2286,2329,41,10000,50.99899999999463,37.56,9187.0,,,,0,13691.1
2287,2330,41,10000,50.99899999999463,37.56,9187.0,,,,0,13702.1
2288,2331,41,10000,50.99899999999463,37.56,9187.0,,,,0,13713.3
2289,2332,41,10000,50.99899999999463,37.56,9187.0,,,,0,13724.4
2290,2333,41,10000,50.99899999999463,37.56,9187.0,,,,0,13735.9
2291,2334,41,10000,50.99899999999463,37.56,9187.0,,,,0,13747.3
2292,2335,41,10000,50.99899999999463,37.56,9187.0,,,,0,13758.1
2293,2336,41,10000,50.99899999999463,38.14,9327.64,,,,0,13769.4
2294,2337,41,10000,50.99899999999463,38.14,9327.64,,,,0,13780.6
2295,2338,41,10000,50.99899999999463,38.14,9327.64,,,,0,13791.6
2296,2339,41,10000,50.99899999999463,38.14,9327.64,,,,0,13803.1
2297,2340,41,10000,50.99899999999463,38.14,9327.64,,,,0,13814.3
2298,2341,41,10000,50.99899999999463,38.14,9327.64,,,,0,13825.8
2299,2342,41,10000,50.99899999999463,38.14,9327.64,,,,0,13837.5
2300,2343,41,10000,50.99899999999463,38.14,9327.64,,,,0,13849.7
2301,2344,41,10000,50.99899999999463,38.14,9327.64,,,,0,13860.7
2302,2345,41,10000,50.99899999999463,38.14,9327.64,,,,0,13871.4
2303,2346,41,10000,50.99899999999463,38.4,9387.86,,,,0,13882.2
2304,2347,41,10000,50.99899999999463,38.4,9387.86,,,,0,13893.6
2305,2348,41,10000,50.99899999999463,38.4,9387.86,,,,0,13905.2
2306,2349,41,10000,50.99899999999463,38.62,9438.48,,,,0,13916.6
2307,2350,37,9178,45.176999999996546,38.54,9422.04,,,,0,13926.6
2308,2351,41,10000,50.99899999999463,38.54,9422.04,,,,0,13937.4
2309,2352,41,10000,50.99899999999463,38.54,9422.04,,,,0,13947.9
2310,2353,41,10000,50.99899999999463,38.54,9422.04,,,,0,13960.0
2311,2354,41,10000,50.99899999999463,38.54,9422.04,,,,0,13971.9
2312,2355,41,10000,50.99899999999463,38.54,9422.04,,,,0,13983.4
2313,2356,41,10000,50.99899999999463,38.54,9422.04,,,,0,13995.1
2314,2357,41,10000,50.99899999999463,38.54,9422.04,,,,0,14006.3
2315,2358,41,10000,50.99899999999463,38.54,9422.04,,,,0,14017.6
2316,2359,41,10000,50.99899999999463,38.54,9422.04,,,,0,14029.2
2317,2360,21,5326,25.325000000001975,38.14,9328.56,,,,0,14035.2
2318,2361,41,10000,50.99899999999463,38.5,9412.68,,,,0,14046.8
2319,2362,19,4876,22.875000000001425,38.06,9310.2,,,,0,14052.2
2320,2363,41,10000,50.99899999999463,38.06,9310.2,,,,0,14064.1
2321,2364,41,10000,50.99899999999463,38.06,9310.2,,,,0,14075.2
2322,2365,41,10000,50.99899999999463,38.06,9310.2,,,,0,14086.7
2323,2366,41,10000,50.99899999999463,38.76,9476.02,,,,0,14098.2
2324,2367,41,10000,50.99899999999463,38.76,9476.02,,,,0,14110.3
2325,2368,41,10000,50.99899999999463,38.76,9476.02,,,,0,14122.2
2326,2369,41,10000,50.99899999999463,38.76,9476.02,,,,0,14132.9
2327,2370,41,10000,50.99899999999463,38.76,9476.02,,,,0,14144.7
2328,2371,41,10000,50.99899999999463,39.3,9602.98,,,,0,14156.6
2329,2372,41,10000,50.99899999999463,39.3,9602.98,,,,0,14167.4
2330,2373,41,10000,50.99899999999463,39.3,9602.98,,,,0,14178.6
2331,2374,41,10000,50.99899999999463,39.3,9602.98,,,,0,14189.5
2332,2375,41,10000,50.99899999999463,40.08,9787.6,,,,0,14200.8
2333,2376,41,10000,50.99899999999463,40.08,9787.6,,,,0,14212.0
2334,2377,41,10000,50.99899999999463,40.08,9787.6,,,,0,14223.3
2335,2378,41,10000,50.99899999999463,40.08,9787.6,,,,0,14234.0
2336,2379,41,10000,50.99899999999463,40.08,9787.6,,,,0,14245.2
2337,2380,25,6281,30.28000000000314,39.76,9713.22,,,,0,14252.2
2338,2381,41,10000,50.99899999999463,39.76,9713.22,,,,0,14262.9
2339,2382,41,10000,50.99899999999463,39.76,9713.22,,,,0,14274.4
2340,2383,30,7497,36.496000000000464,39.54,9663.16,,,,0,14282.9
2341,2384,40,9887,48.885999999994894,39.52,9660.9,,,,0,14294.0
2342,2385,41,10000,50.99899999999463,39.52,9660.9,,,,0,14304.7
2343,2386,41,10000,50.99899999999463,39.52,9660.9,,,,0,14316.0
2344,2387,41,10000,50.99899999999463,39.52,9660.9,,,,0,14326.6
2345,2388,41,10000,50.99899999999463,39.52,9660.9,,,,0,14337.7
2346,2389,41,10000,50.99899999999463,39.52,9660.9,,,,0,14349.3
2347,2390,3,1025,3.0239999999999334,38.76,9481.4,,,,0,14350.5
2348,2391,41,10000,50.99899999999463,38.76,9481.4,,,,0,14361.4
2349,2392,41,10000,50.99899999999463,38.76,9481.4,,,,0,14372.6
2350,2393,41,10000,50.99899999999463,38.76,9481.4,,,,0,14383.7
2351,2394,41,10000,50.99899999999463,38.76,9481.4,,,,0,14395.7
2352,2395,41,10000,50.99899999999463,38.76,9481.4,,,,0,14407.1
2353,2396,41,10000,50.99899999999463,38.76,9481.4,,,,0,14419.1
2354,2397,41,10000,50.99899999999463,38.76,9481.4,,,,0,14430.3
2355,2398,22,5597,26.596000000002306,38.38,9393.34,,,,0,14437.0
2356,2399,41,10000,50.99899999999463,38.38,9393.34,,,,0,14448.6
2357,2400,39,9682,47.68099999999537,38.42,9403.42,,,,0,14459.1
2358,2401,41,10000,50.99899999999463,38.42,9403.42,,,,0,14470.5
2359,2402,41,10000,50.99899999999463,38.42,9403.42,,,,0,14482.1
2360,2403,41,10000,50.99899999999463,38.42,9403.42,,,,0,14493.1
2361,2404,40,9916,48.914999999994826,38.4,9401.74,,,,0,14503.9
2362,2405,41,10000,50.99899999999463,38.4,9401.74,,,,0,14514.6
2363,2406,41,10000,50.99899999999463,38.4,9401.74,,,,0,14526.0
2364,2407,41,10000,50.99899999999463,38.4,9401.74,,,,0,14537.7
2365,2408,10,2699,11.697999999999663,37.78,9255.72,,,,0,14541.0
2366,2409,41,10000,50.99899999999463,37.78,9255.72,,,,0,14552.8
2367,2410,41,10000,50.99899999999463,38.18,9349.2,,,,0,14563.9
2368,2411,41,10000,50.99899999999463,38.18,9349.2,,,,0,14574.8
2369,2412,13,3400,15.39899999999962,38.06,9319.68,,,,0,14578.7
2370,2413,41,10000,50.99899999999463,38.06,9319.68,,,,0,14590.4
2371,2414,41,10000,50.99899999999463,38.06,9319.68,,,,0,14602.2
2372,2415,41,10000,50.99899999999463,38.06,9319.68,,,,0,14612.6
2373,2416,41,10000,50.99899999999463,38.06,9319.68,,,,0,14624.2
2374,2417,14,3652,16.65099999999993,37.52,9192.72,,,,0,14628.6
2375,2418,41,10000,50.99899999999463,37.52,9192.72,,,,0,14640.0
2376,2419,41,10000,50.99899999999463,37.52,9192.72,,,,0,14651.5
2377,2420,41,10000,50.99899999999463,37.52,9192.72,,,,0,14662.9
2378,2421,41,10000,50.99899999999463,37.52,9192.72,,,,0,14673.6
2379,2422,41,10000,50.99899999999463,37.52,9192.72,,,,0,14685.1
2380,2423,12,2969,13.967999999999513,36.94,9052.1,,,,0,14688.6
2381,2424,41,10000,50.99899999999463,36.94,9052.1,,,,0,14700.3
2382,2425,41,10000,50.99899999999463,36.94,9052.1,,,,0,14711.8
2383,2426,38,9431,46.42999999999596,36.88,9040.72,,,,0,14722.6
2384,2427,41,10000,50.99899999999463,36.88,9040.72,,,,0,14734.1
2385,2428,41,10000,50.99899999999463,36.88,9040.72,,,,0,14745.8
2386,2429,41,10000,50.99899999999463,36.88,9040.72,,,,0,14757.4
2387,2430,41,10000,50.99899999999463,37.2,9115.1,,,,0,14769.2
2388,2431,41,10000,50.99899999999463,37.2,9115.1,,,,0,14780.1
2389,2432,41,10000,50.99899999999463,37.2,9115.1,,,,0,14791.4
2390,2433,41,10000,50.99899999999463,37.42,9165.16,,,,0,14803.2
2391,2434,41,10000,50.99899999999463,37.44,9167.42,,,,0,14814.8
2392,2435,41,10000,50.99899999999463,37.44,9167.42,,,,0,14826.4
2393,2436,41,10000,50.99899999999463,37.44,9167.42,,,,0,14837.9
2394,2437,24,6065,29.064000000002878,37.1,9088.72,,,,0,14844.8
2395,2438,41,10000,50.99899999999463,37.1,9088.72,,,,0,14856.5
2396,2439,41,10000,50.99899999999463,37.1,9088.72,,,,0,14868.3
2397,2440,41,10000,50.99899999999463,37.86,9268.22,,,,0,14880.0
2398,2441,41,10000,50.99899999999463,37.86,9268.22,,,,0,14891.6
2399,2442,41,10000,50.99899999999463,37.86,9268.22,,,,0,14903.2
2400,2443,41,10000,50.99899999999463,37.86,9268.22,,,,0,14914.3
2401,2444,41,10000,50.99899999999463,37.86,9268.22,,,,0,14926.0
2402,2445,41,10000,50.99899999999463,37.86,9268.22,,,,0,14937.9
2403,2446,41,10000,50.99899999999463,37.86,9268.22,,,,0,14949.8
2404,2447,41,10000,50.99899999999463,37.86,9268.22,,,,0,14961.6
2405,2448,41,10000,50.99899999999463,38.24,9356.28,,,,0,14973.1
2406,2449,41,10000,50.99899999999463,38.24,9356.28,,,,0,14984.7
2407,2450,41,10000,50.99899999999463,38.28,9362.64,,,,0,14996.9
2408,2451,23,5812,27.81100000000257,37.92,9278.88,,,,0,15003.9
2409,2452,41,10000,50.99899999999463,37.92,9278.88,,,,0,15015.5
2410,2453,41,10000,50.99899999999463,37.92,9278.88,,,,0,15027.4
2411,2454,41,10000,50.99899999999463,37.94,9280.56,,,,0,15038.4
2412,2455,41,10000,50.99899999999463,37.94,9280.56,,,,0,15050.2
2413,2456,41,10000,50.99899999999463,37.94,9280.56,,,,0,15062.1
2414,2457,41,10000,50.99899999999463,37.94,9280.56,,,,0,15074.1
2415,2458,41,10000,50.99899999999463,38.56,9426.58,,,,0,15085.9
2416,2459,41,10000,50.99899999999463,38.56,9426.58,,,,0,15098.1
2417,2460,41,10000,50.99899999999463,38.56,9426.58,,,,0,15110.8
2418,2461,41,10000,50.99899999999463,38.56,9426.58,,,,0,15123.3
2419,2462,41,10000,50.99899999999463,39.12,9558.58,,,,0,15135.9
2420,2463,41,10000,50.99899999999463,39.12,9558.58,,,,0,15148.2
2421,2464,41,10000,50.99899999999463,39.12,9558.58,,,,0,15159.2
2422,2465,41,10000,50.99899999999463,39.12,9558.58,,,,0,15170.4
2423,2466,41,10000,50.99899999999463,39.12,9558.58,,,,0,15181.3
2424,2467,13,3436,15.434999999999665,39.1,9554.26,,,,0,15185.3
2425,2468,41,10000,50.99899999999463,39.1,9554.26,,,,0,15197.1
2426,2469,41,10000,50.99899999999463,39.1,9554.26,,,,0,15208.8
2427,2470,32,7972,38.97099999999936,38.92,9513.7,,,,0,15218.1
2428,2471,19,4829,22.828000000001367,38.48,9410.28,,,,0,15223.8
2429,2472,41,10000,50.99899999999463,38.48,9410.28,,,,0,15235.6
2430,2473,41,10000,50.99899999999463,39.06,9550.9,,,,0,15247.4
2431,2474,0,279,-0.7219999999999998,38.24,9356.48,,,,0,15247.7
2432,2475,35,8711,42.709999999997635,38.12,9330.7,,,,0,15258.1
2433,2476,4,1258,4.25700000000001,37.44,9167.24,,,,0,15259.7
2434,2477,3,1006,3.004999999999927,36.68,8987.36,,,,0,15260.8
2435,2478,41,10000,50.99899999999463,36.68,8987.36,,,,0,15272.4
2436,2479,41,10000,50.99899999999463,36.68,8987.36,,,,0,15284.1
2437,2480,3,1025,3.0239999999999334,35.92,8807.86,,,,0,15285.3
2438,2481,41,10000,50.99899999999463,35.92,8807.86,,,,0,15297.0
2439,2482,41,10000,50.99899999999463,35.92,8807.86,,,,0,15308.6
2440,2483,41,10000,50.99899999999463,35.92,8807.86,,,,0,15320.2
2441,2484,35,8710,42.70899999999764,35.8,8782.06,,,,0,15330.5
2442,2485,41,10000,50.99899999999463,35.8,8782.06,,,,0,15342.4
2443,2486,41,10000,50.99899999999463,35.8,8782.06,,,,0,15353.6
2444,2487,41,10000,50.99899999999463,36.14,8860.76,,,,0,15364.8
2445,2488,41,10000,50.99899999999463,36.14,8860.76,,,,0,15376.4
2446,2489,24,5849,28.848000000002614,35.8,8777.74,,,,0,15383.1
2447,2490,37,9189,45.18799999999652,35.72,8761.52,,,,0,15393.6
2448,2491,41,10000,50.99899999999463,35.72,8761.52,,,,0,15405.3
2449,2492,39,9683,47.68199999999537,35.68,8755.18,,,,0,15416.0
2450,2493,41,10000,50.99899999999463,35.68,8755.18,,,,0,15427.3
2451,2494,41,10000,50.99899999999463,35.68,8755.18,,,,0,15438.5
2452,2495,6,1709,6.708000000000161,34.98,8589.36,,,,0,15440.5
2453,2496,41,10000,50.99899999999463,34.98,8589.36,,,,0,15452.2
2454,2497,41,10000,50.99899999999463,34.98,8589.36,,,,0,15464.1
2455,2498,41,10000,50.99899999999463,34.98,8589.36,,,,0,15475.9
2456,2499,41,10000,50.99899999999463,34.98,8589.36,,,,0,15487.7
2457,2500,41,10000,50.99899999999463,34.98,8589.36,,,,0,15499.4
2458,2501,41,10000,50.99899999999463,35.34,8673.12,,,,0,15510.5
2459,2502,33,8189,40.18799999999885,35.18,8636.9,,,,0,15519.6
2460,2503,41,10000,50.99899999999463,35.18,8636.9,,,,0,15531.0
2461,2504,41,10000,50.99899999999463,35.18,8636.9,,,,0,15542.7
2462,2505,1,520,0.5189999999999788,34.38,8447.3,,,,0,15543.3
2463,2506,41,10000,50.99899999999463,34.38,8447.3,,,,0,15555.3
2464,2507,4,1268,4.267000000000014,33.64,8272.66,,,,0,15556.9
2465,2508,41,10000,50.99899999999463,33.64,8272.66,,,,0,15568.4
2466,2509,41,10000,50.99899999999463,33.64,8272.66,,,,0,15580.0
2467,2510,41,10000,50.99899999999463,33.64,8272.66,,,,0,15591.7
2468,2511,41,10000,50.99899999999463,33.64,8272.66,,,,0,15603.1
2469,2512,41,10000,50.99899999999463,33.64,8272.66,,,,0,15614.4
2470,2513,29,7252,35.251000000001035,33.4,8217.7,,,,0,15623.1
2471,2514,41,10000,50.99899999999463,33.4,8217.7,,,,0,15634.2
2472,2515,41,10000,50.99899999999463,33.4,8217.7,,,,0,15645.3
2473,2516,41,10000,50.99899999999463,33.4,8217.7,,,,0,15657.0
2474,2517,41,10000,50.99899999999463,33.96,8348.98,,,,0,15668.9
2475,2518,41,10000,50.99899999999463,33.96,8348.98,,,,0,15680.7
2476,2519,41,10000,50.99899999999463,33.96,8348.98,,,,0,15692.0
2477,2520,41,10000,50.99899999999463,34.14,8389.54,,,,0,15703.1
2478,2521,12,3202,14.200999999999384,34.0,8357.0,,,,0,15706.9
2479,2522,41,10000,50.99899999999463,34.0,8357.0,,,,0,15718.4
2480,2523,41,10000,50.99899999999463,34.0,8357.0,,,,0,15730.2
2481,2524,41,10000,50.99899999999463,34.82,8551.42,,,,0,15741.8
2482,2525,41,10000,50.99899999999463,34.94,8577.2,,,,0,15752.8
2483,2526,41,10000,50.99899999999463,35.68,8752.04,,,,0,15764.7
2484,2527,41,10000,50.99899999999463,36.44,8931.92,,,,0,15776.2
2485,2528,41,10000,50.99899999999463,36.44,8931.92,,,,0,15787.1
2486,2529,41,10000,50.99899999999463,36.44,8931.92,,,,0,15798.1
2487,2530,40,9898,48.89699999999487,37.18,9109.38,,,,0,15809.6
2488,2531,41,10000,50.99899999999463,37.18,9109.38,,,,0,15821.5
2489,2532,31,7721,37.71999999999994,36.98,9063.8,,,,0,15830.7
2490,2533,41,10000,50.99899999999463,36.98,9063.8,,,,0,15842.1
2491,2534,37,9149,45.147999999996614,37.02,9072.58,,,,0,15852.2
2492,2535,41,10000,50.99899999999463,37.02,9072.58,,,,0,15863.4
2493,2536,41,10000,50.99899999999463,37.02,9072.58,,,,0,15874.4
2494,2537,41,10000,50.99899999999463,37.02,9072.58,,,,0,15886.4
2495,2538,41,10000,50.99899999999463,37.02,9072.58,,,,0,15898.0
2496,2539,41,10000,50.99899999999463,37.36,9155.6,,,,0,15909.6
2497,2540,41,10000,50.99899999999463,37.44,9171.82,,,,0,15920.5
2498,2541,41,10000,50.99899999999463,37.44,9171.82,,,,0,15931.7
2499,2542,41,10000,50.99899999999463,37.48,9178.16,,,,0,15943.4
2500,2543,41,10000,50.99899999999463,37.48,9178.16,1.35,357.95,0.5,0,15967.7
2501,2544,41,10000,50.99899999999463,37.48,9178.16,,,,0,15979.4
2502,2545,17,4390,20.38900000000083,37.7,9231.78,,,,0,15984.6
2503,2546,41,10000,50.99899999999463,37.7,9231.78,,,,0,15996.1
2504,2547,41,10000,50.99899999999463,37.7,9231.78,,,,0,16008.1
2505,2548,41,10000,50.99899999999463,37.7,9231.78,,,,0,16019.1
2506,2549,16,4109,19.108000000000487,37.2,9113.96,,,,0,16023.8
2507,2550,41,10000,50.99899999999463,37.2,9113.96,,,,0,16035.0
2508,2551,41,10000,50.99899999999463,37.2,9113.96,,,,0,16046.0
2509,2552,41,10000,50.99899999999463,37.36,9150.18,,,,0,16056.9
2510,2553,41,10000,50.99899999999463,37.36,9150.18,,,,0,16067.9
2511,2554,9,2446,10.444999999999803,36.72,8999.1,,,,0,16070.8
2512,2555,41,10000,50.99899999999463,37.52,9188.7,,,,0,16082.0
2513,2556,41,10000,50.99899999999463,37.52,9188.7,,,,0,16093.0
2514,2557,41,10000,50.99899999999463,38.26,9363.34,,,,0,16103.8
2515,2558,36,8944,43.94299999999709,38.16,9342.22,,,,0,16113.6
2516,2559,41,10000,50.99899999999463,38.16,9342.22,,,,0,16124.5
2517,2560,41,10000,50.99899999999463,38.16,9342.22,,,,0,16135.4
2518,2561,41,10000,50.99899999999463,38.16,9342.22,,,,0,16146.1
2519,2562,41,10000,50.99899999999463,38.16,9342.22,,,,0,16158.0
2520,2563,41,10000,50.99899999999463,38.4,9397.18,,,,0,16168.9
2521,2564,41,10000,50.99899999999463,38.4,9397.18,,,,0,16180.0
2522,2565,41,10000,50.99899999999463,38.4,9397.18,,,,0,16191.6
2523,2566,32,7955,38.9539999999994,38.22,9356.28,,,,0,16200.5
2524,2567,41,10000,50.99899999999463,38.22,9356.28,,,,0,16211.4
2525,2568,41,10000,50.99899999999463,38.22,9356.28,,,,0,16222.9
2526,2569,41,10000,50.99899999999463,38.22,9356.28,,,,0,16234.0
2527,2570,41,10000,50.99899999999463,38.22,9356.28,,,,0,16245.4
2528,2571,21,5362,25.36100000000202,38.4,9399.48,,,,0,16251.6
2529,2572,41,10000,50.99899999999463,38.4,9399.48,,,,0,16263.3
2530,2573,41,10000,50.99899999999463,38.4,9399.48,,,,0,16274.7
2531,2574,41,10000,50.99899999999463,38.4,9399.48,,,,0,16286.2
2532,2575,41,10000,50.99899999999463,38.4,9399.48,,,,0,16297.1
2533,2576,41,10000,50.99899999999463,38.4,9399.48,,,,0,16308.5
2534,2577,41,10000,50.99899999999463,38.4,9399.48,,,,0,16319.9
2535,2578,41,10000,50.99899999999463,38.4,9399.48,,,,0,16330.9
2536,2579,41,10000,50.99899999999463,38.4,9399.48,,,,0,16341.6
2537,2580,41,10000,50.99899999999463,38.42,9401.52,,,,0,16352.8
2538,2581,41,10000,50.99899999999463,38.42,9401.52,,,,0,16364.1
2539,2582,3,1007,3.0059999999999274,37.86,9267.24,,,,0,16365.4
2540,2583,41,10000,50.99899999999463,37.86,9267.24,,,,0,16377.3
2541,2584,41,10000,50.99899999999463,37.94,9284.26,,,,0,16388.1
2542,2585,40,9869,48.867999999994936,37.92,9281.64,,,,0,16398.9
2543,2586,41,10000,50.99899999999463,37.92,9281.64,,,,0,16410.6
2544,2587,41,10000,50.99899999999463,37.92,9281.64,,,,0,16422.2
2545,2588,41,10000,50.99899999999463,37.92,9281.64,,,,0,16433.6
2546,2589,41,10000,50.99899999999463,37.92,9281.64,,,,0,16444.9
2547,2590,41,10000,50.99899999999463,37.92,9281.64,,,,0,16456.8
2548,2591,41,10000,50.99899999999463,37.92,9281.64,,,,0,16468.0
2549,2592,41,10000,50.99899999999463,37.92,9281.64,,,,0,16479.1
2550,2593,41,10000,50.99899999999463,37.92,9281.64,,,,0,16490.4
2551,2594,41,10000,50.99899999999463,37.92,9281.64,,,,0,16501.3
2552,2595,41,10000,50.99899999999463,38.4,9393.84,,,,0,16512.5
2553,2596,41,10000,50.99899999999463,38.4,9393.84,,,,0,16523.5
2554,2597,4,1233,4.232000000000002,37.66,9218.5,,,,0,16525.0
2555,2598,41,10000,50.99899999999463,37.66,9218.5,,,,0,16536.2
2556,2599,41,10000,50.99899999999463,38.16,9336.32,,,,0,16547.9
2557,2600,41,10000,50.99899999999463,38.16,9336.32,,,,0,16559.6
2558,2601,41,10000,50.99899999999463,38.16,9336.32,,,,0,16570.9
2559,2602,41,10000,50.99899999999463,38.16,9336.32,,,,0,16581.5
2560,2603,41,10000,50.99899999999463,38.16,9336.32,,,,0,16592.5
2561,2604,41,10000,50.99899999999463,38.8,9487.4,,,,0,16603.8
2562,2605,41,10000,50.99899999999463,38.8,9487.4,,,,0,16614.6
2563,2606,41,10000,50.99899999999463,38.8,9487.4,,,,0,16626.2
2564,2607,2,752,1.7509999999999533,38.02,9302.44,,,,0,16627.1
2565,2608,41,10000,50.99899999999463,38.12,9323.56,,,,0,16638.5
2566,2609,30,7523,36.5220000000004,37.9,9274.02,,,,0,16646.4
2567,2610,41,10000,50.99899999999463,37.9,9274.02,,,,0,16657.0
2568,2611,41,10000,50.99899999999463,37.9,9274.02,,,,0,16667.7
2569,2612,41,10000,50.99899999999463,37.9,9274.02,,,,0,16679.0
2570,2613,41,10000,50.99899999999463,37.9,9274.02,,,,0,16690.3
2571,2614,41,10000,50.99899999999463,37.9,9274.02,,,,0,16704.0
2572,2615,41,10000,50.99899999999463,37.9,9274.02,,,,0,16722.3
2573,2616,41,10000,50.99899999999463,38.08,9314.92,,,,0,16741.7
2574,2617,41,10000,50.99899999999463,38.08,9314.92,,,,0,16759.5
2575,2618,30,7469,36.46800000000053,37.86,9264.3,,,,0,16771.8
2576,2619,41,10000,50.99899999999463,37.86,9264.3,,,,0,16790.2
2577,2620,41,10000,50.99899999999463,37.86,9264.3,,,,0,16807.5
2578,2621,41,10000,50.99899999999463,38.26,9357.06,,,,0,16824.6
2579,2622,41,10000,50.99899999999463,38.26,9357.06,,,,0,16843.7
2580,2623,41,10000,50.99899999999463,38.26,9357.06,,,,0,16865.0
2581,2624,41,10000,50.99899999999463,38.26,9357.06,,,,0,16885.2
2582,2625,41,10000,50.99899999999463,38.26,9357.06,,,,0,16902.7
2583,2626,41,10000,50.99899999999463,38.26,9357.06,,,,0,16919.0
2584,2627,41,10000,50.99899999999463,38.26,9357.06,,,,0,16936.8
2585,2628,10,2698,11.696999999999663,37.64,9211.02,,,,0,16942.2
2586,2629,41,10000,50.99899999999463,37.64,9211.02,,,,0,16960.3
2587,2630,41,10000,50.99899999999463,37.64,9211.02,,,,0,16980.2
2588,2631,41,10000,50.99899999999463,37.64,9211.02,,,,0,17001.0
2589,2632,41,10000,50.99899999999463,38.4,9390.88,,,,0,17021.6
2590,2633,8,2007,9.006000000000046,37.74,9231.02,,,,0,17025.3
2591,2634,41,10000,50.99899999999463,37.74,9231.02,,,,0,17043.6
2592,2635,41,10000,50.99899999999463,37.76,9233.64,,,,0,17061.3
2593,2636,41,10000,50.99899999999463,37.76,9233.64,,,,0,17079.1
2594,2637,41,10000,50.99899999999463,37.76,9233.64,,,,0,17096.6
2595,2638,41,10000,50.99899999999463,37.76,9233.64,,,,0,17114.4
2596,2639,41,10000,50.99899999999463,37.76,9233.64,,,,0,17131.4
2597,2640,4,1240,4.239000000000004,37.02,9058.44,,,,0,17133.2
2598,2641,41,10000,50.99899999999463,37.02,9058.44,,,,0,17148.5
2599,2642,41,10000,50.99899999999463,37.02,9058.44,,,,0,17163.2
2600,2643,41,10000,50.99899999999463,37.02,9058.44,,,,0,17178.2
2601,2644,41,10000,50.99899999999463,37.02,9058.44,,,,0,17193.3
2602,2645,41,10000,50.99899999999463,37.02,9058.44,,,,0,17208.6
2603,2646,41,10000,50.99899999999463,37.02,9058.44,,,,0,17224.7
2604,2647,41,10000,50.99899999999463,37.76,9233.78,,,,0,17240.6
2605,2648,41,10000,50.99899999999463,37.76,9233.78,,,,0,17257.8
2606,2649,41,10000,50.99899999999463,37.76,9233.78,,,,0,17275.3
2607,2650,41,10000,50.99899999999463,37.76,9233.78,,,,0,17292.5
2608,2651,41,10000,50.99899999999463,37.76,9233.78,,,,0,17311.1
2609,2652,41,10000,50.99899999999463,37.76,9233.78,,,,0,17331.0
2610,2653,41,10000,50.99899999999463,37.76,9233.78,,,,0,17350.2
2611,2654,33,8206,40.20499999999881,37.6,9197.9,,,,0,17367.1
2612,2655,41,10000,50.99899999999463,37.6,9197.9,,,,0,17384.0
2613,2656,41,10000,50.99899999999463,37.6,9197.9,,,,0,17400.9
2614,2657,41,10000,50.99899999999463,38.38,9382.86,,,,0,17418.0
2615,2658,41,10000,50.99899999999463,38.38,9382.86,,,,0,17435.2
2616,2659,0,287,-0.7139999999999997,37.78,9238.14,,,,0,17435.8
2617,2660,41,10000,50.99899999999463,37.78,9238.14,,,,0,17453.7
2618,2661,12,3203,14.201999999999384,37.2,9102.2,,,,0,17459.6
2619,2662,41,10000,50.99899999999463,37.2,9102.2,,,,0,17479.5
2620,2663,41,10000,50.99899999999463,37.2,9102.2,,,,0,17498.4
2621,2664,41,10000,50.99899999999463,37.2,9102.2,,,,0,17514.3
2622,2665,41,10000,50.99899999999463,37.2,9102.2,,,,0,17532.4
2623,2666,41,10000,50.99899999999463,37.2,9102.2,,,,0,17550.2
2624,2667,41,10000,50.99899999999463,37.2,9102.2,,,,0,17565.8
2625,2668,41,10000,50.99899999999463,37.42,9152.82,,,,0,17580.8
2626,2669,41,10000,50.99899999999463,37.42,9152.82,,,,0,17596.2
2627,2670,41,10000,50.99899999999463,37.42,9152.82,,,,0,17611.4
2628,2671,41,10000,50.99899999999463,37.42,9152.82,,,,0,17626.9
2629,2672,41,10000,50.99899999999463,37.42,9152.82,,,,0,17644.5
2630,2673,41,10000,50.99899999999463,37.42,9152.82,,,,0,17666.2
2631,2674,41,10000,50.99899999999463,37.42,9152.82,,,,0,17685.3
2632,2675,41,10000,50.99899999999463,37.42,9152.82,,,,0,17702.0
2633,2676,41,10000,50.99899999999463,37.42,9152.82,,,,0,17716.9
2634,2677,6,1744,6.743000000000173,36.72,8987.7,,,,0,17719.8
2635,2678,41,10000,50.99899999999463,37.34,9133.74,,,,0,17735.0
2636,2679,36,8944,43.94299999999709,37.24,9112.62,,,,0,17749.3
2637,2680,41,10000,50.99899999999463,37.24,9112.62,,,,0,17765.0
2638,2681,41,10000,50.99899999999463,37.24,9112.62,,,,0,17779.7
2639,2682,41,10000,50.99899999999463,37.24,9112.62,,,,0,17794.8
2640,2683,41,10000,50.99899999999463,37.9,9272.48,,,,0,17810.0
2641,2684,41,10000,50.99899999999463,37.9,9272.48,,,,0,17824.7
2642,2685,41,10000,50.99899999999463,37.9,9272.48,,,,0,17839.8
2643,2686,38,9431,46.42999999999596,37.84,9261.1,,,,0,17854.3
2644,2687,41,10000,50.99899999999463,37.84,9261.1,,,,0,17869.3
2645,2688,41,10000,50.99899999999463,37.84,9261.1,,,,0,17884.6
2646,2689,41,10000,50.99899999999463,37.84,9261.1,,,,0,17899.6
2647,2690,41,10000,50.99899999999463,38.58,9436.3,,,,0,17914.3
2648,2691,23,5791,27.790000000002543,38.22,9352.12,,,,0,17923.1
2649,2692,41,10000,50.99899999999463,38.22,9352.12,,,,0,17939.3
2650,2693,41,10000,50.99899999999463,38.22,9352.12,,,,0,17954.3
2651,2694,0,305,-0.6959999999999997,37.4,9158.22,,,,0,17954.7
2652,2695,41,10000,50.99899999999463,37.4,9158.22,,,,0,17970.6
2653,2696,28,7035,34.03400000000154,37.14,9098.92,,,,0,17981.7
2654,2697,41,10000,50.99899999999463,37.14,9098.92,,,,0,17997.4
2655,2698,41,10000,50.99899999999463,37.14,9098.92,,,,0,18012.7
2656,2699,41,10000,50.99899999999463,37.14,9098.92,,,,0,18028.6
2657,2700,41,10000,50.99899999999463,37.14,9098.92,,,,0,18047.7
2658,2701,41,10000,50.99899999999463,37.14,9098.92,,,,0,18066.7
2659,2702,41,10000,50.99899999999463,37.14,9098.92,,,,0,18086.9
2660,2703,41,10000,50.99899999999463,37.14,9098.92,,,,0,18106.7
2661,2704,41,10000,50.99899999999463,37.3,9134.8,,,,0,18128.4
2662,2705,41,10000,50.99899999999463,37.3,9134.8,,,,0,18151.1
2663,2706,41,10000,50.99899999999463,37.3,9134.8,,,,0,18172.1
2664,2707,41,10000,50.99899999999463,37.3,9134.8,,,,0,18195.5
2665,2708,41,10000,50.99899999999463,37.3,9134.8,,,,0,18217.2
2666,2709,41,10000,50.99899999999463,38.12,9329.06,,,,0,18236.8
2667,2710,41,10000,50.99899999999463,38.12,9329.06,,,,0,18255.6
2668,2711,41,10000,50.99899999999463,38.7,9465.0,,,,0,18273.8
2669,2712,10,2716,11.714999999999653,38.08,9319.32,,,,0,18279.5
2670,2713,3,1006,3.004999999999927,37.32,9139.44,,,,0,18281.5
2671,2714,41,10000,50.99899999999463,37.32,9139.44,,,,0,18299.5
2672,2715,41,10000,50.99899999999463,37.32,9139.44,,,,0,18318.7
2673,2716,28,6998,33.99700000000163,37.06,9079.4,,,,0,18334.4
2674,2717,41,10000,50.99899999999463,37.06,9079.4,,,,0,18354.6
2675,2718,41,10000,50.99899999999463,37.06,9079.4,,,,0,18375.5
2676,2719,41,10000,50.99899999999463,37.06,9079.4,,,,0,18393.6
2677,2720,15,3688,17.686999999999973,36.54,8953.16,,,,0,18401.1
2678,2721,41,10000,50.99899999999463,36.54,8953.16,,,,0,18422.8
2679,2722,41,10000,50.99899999999463,36.54,8953.16,,,,0,18439.4
2680,2723,41,10000,50.99899999999463,36.54,8953.16,,,,0,18452.1
2681,2724,41,10000,50.99899999999463,36.54,8953.16,,,,0,18465.1
2682,2725,41,10000,50.99899999999463,36.54,8953.16,,,,0,18476.8
2683,2726,41,10000,50.99899999999463,36.54,8953.16,,,,0,18488.8
2684,2727,41,10000,50.99899999999463,37.24,9118.28,,,,0,18506.2
2685,2728,41,10000,50.99899999999463,37.24,9118.28,,,,0,18524.2
2686,2729,41,10000,50.99899999999463,37.34,9139.4,,,,0,18540.9
2687,2730,41,10000,50.99899999999463,37.34,9139.4,,,,0,18556.8
2688,2731,41,10000,50.99899999999463,37.34,9139.4,,,,0,18573.4
2689,2732,27,6568,32.56700000000263,37.06,9070.76,,,,0,18585.9
2690,2733,41,10000,50.99899999999463,37.06,9070.76,,,,0,18604.1
2691,2734,41,10000,50.99899999999463,37.06,9070.76,,,,0,18620.7
2692,2735,41,10000,50.99899999999463,37.06,9070.76,,,,0,18637.8
2693,2736,41,10000,50.99899999999463,37.12,9082.14,,,,0,18655.9
2694,2737,41,10000,50.99899999999463,37.12,9082.14,,,,0,18666.2
2695,2738,41,10000,50.99899999999463,37.12,9082.14,,,,0,18676.5
2696,2739,33,8207,40.20599999999881,36.96,9046.28,,,,0,18684.8
2697,2740,41,10000,50.99899999999463,36.96,9046.28,,,,0,18695.5
2698,2741,41,10000,50.99899999999463,37.32,9130.46,,,,0,18707.2
2699,2742,30,7523,36.5220000000004,37.1,9080.92,,,,0,18718.1
2700,2743,41,10000,50.99899999999463,37.1,9080.92,,,,0,18740.9
2701,2744,41,10000,50.99899999999463,37.92,9274.82,,,,0,18759.4
2702,2745,41,10000,50.99899999999463,37.92,9274.82,,,,0,18777.7
2703,2746,41,10000,50.99899999999463,38.18,9334.12,,,,0,18795.2
2704,2747,41,10000,50.99899999999463,38.18,9334.12,,,,0,18811.6
2705,2748,41,10000,50.99899999999463,38.18,9334.12,,,,0,18830.7
2706,2749,41,10000,50.99899999999463,38.18,9334.12,,,,0,18850.4
2707,2750,41,10000,50.99899999999463,38.18,9334.12,,,,0,18869.4
2708,2751,41,10000,50.99899999999463,38.18,9334.12,,,,0,18888.4
2709,2752,41,10000,50.99899999999463,38.18,9334.12,,,,0,18908.9
2710,2753,23,5830,27.82900000000259,37.82,9250.72,,,,0,18921.6
2711,2754,41,10000,50.99899999999463,37.82,9250.72,,,,0,18941.1
2712,2755,41,10000,50.99899999999463,37.82,9250.72,,,,0,18959.0
2713,2756,41,10000,50.99899999999463,37.82,9250.72,,,,0,18978.1
2714,2757,41,10000,50.99899999999463,37.82,9250.72,,,,0,18992.9
2715,2758,41,10000,50.99899999999463,37.82,9250.72,,,,0,19009.2
2716,2759,9,2483,10.481999999999783,37.18,9100.38,,,,0,19013.9
2717,2760,41,10000,50.99899999999463,37.18,9100.38,,,,0,19032.9
2718,2761,41,10000,50.99899999999463,37.18,9100.38,,,,0,19052.2
2719,2762,41,10000,50.99899999999463,37.8,9246.06,,,,0,19071.5
2720,2763,41,10000,50.99899999999463,38.56,9425.94,,,,0,19094.2
2721,2764,41,10000,50.99899999999463,38.56,9425.94,,,,0,19119.5
2722,2765,41,10000,50.99899999999463,38.56,9425.94,,,,0,19139.3
2723,2766,41,10000,50.99899999999463,38.82,9485.98,,,,0,19158.8
2724,2767,6,1529,6.528000000000101,38.12,9316.56,,,,0,19163.3
2725,2768,41,10000,50.99899999999463,38.12,9316.56,,,,0,19191.3
2726,2769,41,10000,50.99899999999463,38.12,9316.56,,,,0,19229.2
2727,2770,41,10000,50.99899999999463,38.64,9442.8,,,,0,19261.7
2728,2771,41,10000,50.99899999999463,38.64,9442.8,,,,0,19296.1
2729,2772,41,10000,50.99899999999463,38.64,9442.8,,,,0,19324.1
2730,2773,41,10000,50.99899999999463,38.64,9442.8,,,,0,19350.8
2731,2774,17,4354,20.353000000000787,38.16,9329.88,,,,0,19363.6
2732,2775,41,10000,50.99899999999463,38.16,9329.88,,,,0,19394.6
2733,2776,41,10000,50.99899999999463,38.16,9329.88,,,,0,19422.0
2734,2777,41,10000,50.99899999999463,38.16,9329.88,,,,0,19447.9
2735,2778,41,10000,50.99899999999463,38.16,9329.88,,,,0,19476.2
2736,2779,41,10000,50.99899999999463,38.16,9329.88,,,,0,19506.1
2737,2780,41,10000,50.99899999999463,38.16,9329.88,,,,0,19532.8
2738,2781,41,10000,50.99899999999463,38.16,9329.88,,,,0,19560.0
2739,2782,41,10000,50.99899999999463,38.44,9398.52,,,,0,19588.0
2740,2783,41,10000,50.99899999999463,38.44,9398.52,,,,0,19613.7
2741,2784,5,1511,5.510000000000095,37.72,9228.74,,,,0,19617.6
2742,2785,41,10000,50.99899999999463,37.72,9228.74,,,,0,19643.7
2743,2786,41,10000,50.99899999999463,37.72,9228.74,,,,0,19668.7
2744,2787,41,10000,50.99899999999463,37.72,9228.74,,,,0,19694.3
2745,2788,41,10000,50.99899999999463,37.72,9228.74,,,,0,19719.6
2746,2789,41,10000,50.99899999999463,37.88,9264.6,,,,0,19744.9
2747,2790,41,10000,50.99899999999463,37.88,9264.6,,,,0,19772.1
2748,2791,41,10000,50.99899999999463,37.88,9264.6,,,,0,19797.4
2749,2792,41,10000,50.99899999999463,38.1,9314.14,,,,0,19823.3
2750,2793,22,5596,26.595000000002305,37.72,9226.06,,,,0,19837.2
2751,2794,41,10000,50.99899999999463,37.72,9226.06,,,,0,19862.5
2752,2795,41,10000,50.99899999999463,37.72,9226.06,,,,0,19887.9
2753,2796,41,10000,50.99899999999463,37.72,9226.06,,,,0,19914.6
2754,2797,3,808,2.806999999999947,36.96,9042.22,,,,0,19916.9
2755,2798,41,10000,50.99899999999463,36.96,9042.22,,,,0,19942.5
2756,2799,41,10000,50.99899999999463,36.96,9042.22,,,,0,19966.5
2757,2800,41,10000,50.99899999999463,36.96,9042.22,,,,0,19991.8
2758,2801,41,10000,50.99899999999463,36.96,9042.22,,,,0,20019.2
2759,2802,41,10000,50.99899999999463,36.96,9042.22,,,,0,20043.9
2760,2803,41,10000,50.99899999999463,37.32,9125.62,,,,0,20067.8
2761,2804,41,10000,50.99899999999463,37.32,9125.62,,,,0,20093.8
2762,2805,41,10000,50.99899999999463,37.32,9125.62,,,,0,20119.5
2763,2806,41,10000,50.99899999999463,37.32,9125.62,,,,0,20143.7
2764,2807,41,10000,50.99899999999463,37.32,9125.62,,,,0,20169.3
2765,2808,41,10000,50.99899999999463,37.32,9125.62,,,,0,20192.9
2766,2809,41,10000,50.99899999999463,37.96,9275.96,,,,0,20218.0
2767,2810,28,7035,34.03400000000154,37.7,9216.66,,,,0,20235.2
2768,2811,41,10000,50.99899999999463,37.7,9216.66,,,,0,20260.1
2769,2812,41,10000,50.99899999999463,37.7,9216.66,,,,0,20285.1
2770,2813,41,10000,50.99899999999463,37.7,9216.66,,,,0,20309.2
2771,2814,41,10000,50.99899999999463,37.7,9216.66,,,,0,20334.9
2772,2815,34,8437,41.43599999999827,37.56,9185.4,,,,0,20356.9
2773,2816,41,10000,50.99899999999463,37.56,9185.4,,,,0,20383.7
2774,2817,41,10000,50.99899999999463,38.26,9354.82,,,,0,20409.7
2775,2818,41,10000,50.99899999999463,38.26,9354.82,,,,0,20433.9
2776,2819,41,10000,50.99899999999463,38.26,9354.82,,,,0,20459.5
2777,2820,27,6568,32.56700000000263,37.98,9286.18,,,,0,20477.5
2778,2821,41,10000,50.99899999999463,37.98,9286.18,,,,0,20503.8
2779,2822,41,10000,50.99899999999463,37.98,9286.18,,,,0,20530.1
2780,2823,41,10000,50.99899999999463,37.98,9286.18,,,,0,20558.0
2781,2824,41,10000,50.99899999999463,38.46,9399.1,,,,0,20584.3
2782,2825,41,10000,50.99899999999463,38.46,9399.1,,,,0,20608.7
2783,2826,41,10000,50.99899999999463,38.46,9399.1,,,,0,20634.8
2784,2827,41,10000,50.99899999999463,38.46,9399.1,,,,0,20660.2
2785,2828,41,10000,50.99899999999463,38.46,9399.1,,,,0,20685.2
2786,2829,41,10000,50.99899999999463,38.46,9399.1,,,,0,20711.4
2787,2830,41,10000,50.99899999999463,38.46,9399.1,,,,0,20737.4
2788,2831,41,10000,50.99899999999463,38.46,9399.1,,,,0,20764.0
2789,2832,41,10000,50.99899999999463,38.46,9399.1,,,,0,20790.6
2790,2833,41,10000,50.99899999999463,38.46,9399.1,,,,0,20816.3
2791,2834,41,10000,50.99899999999463,39.18,9568.88,,,,0,20842.4
2792,2835,41,10000,50.99899999999463,39.18,9568.88,,,,0,20867.8
2793,2836,41,10000,50.99899999999463,39.18,9568.88,,,,0,20893.9
2794,2837,41,10000,50.99899999999463,39.18,9568.88,,,,0,20920.0
2795,2838,2,785,1.7839999999999496,38.4,9384.58,,,,0,20922.0
2796,2839,21,5363,25.36200000000202,38.0,9291.84,,,,0,20937.3
2797,2840,41,10000,50.99899999999463,38.0,9291.84,,,,0,20963.3
2798,2841,34,8476,41.47499999999818,37.86,9261.36,,,,0,20986.5
2799,2842,41,10000,50.99899999999463,37.86,9261.36,,,,0,21012.5
2800,2843,41,10000,50.99899999999463,38.24,9349.44,,,,0,21038.1
2801,2844,41,10000,50.99899999999463,38.24,9349.44,,,,0,21064.7
2802,2845,41,10000,50.99899999999463,38.24,9349.44,,,,0,21091.4
2803,2846,41,10000,50.99899999999463,38.24,9349.44,,,,0,21116.3
2804,2847,6,1709,6.708000000000161,38.3,9367.46,,,,0,21120.5
2805,2848,41,10000,50.99899999999463,38.3,9367.46,,,,0,21145.8
2806,2849,41,10000,50.99899999999463,38.3,9367.46,,,,0,21172.5
2807,2850,41,10000,50.99899999999463,38.3,9367.46,,,,0,21199.3
2808,2851,41,10000,50.99899999999463,38.3,9367.46,,,,0,21224.0
2809,2852,36,8728,43.726999999997595,38.2,9342.02,,,,0,21249.2
2810,2853,41,10000,50.99899999999463,38.2,9342.02,,,,0,21276.8
2811,2854,4,1240,4.239000000000004,37.46,9166.82,,,,0,21280.0
2812,2855,41,10000,50.99899999999463,37.46,9166.82,,,,0,21305.5
2813,2856,26,6551,31.55000000000267,37.16,9097.84,,,,0,21322.5
2814,2857,36,8729,43.72799999999759,37.06,9072.42,,,,0,21347.0
2815,2858,41,10000,50.99899999999463,37.06,9072.42,,,,0,21372.3
2816,2859,33,8206,40.20499999999881,36.9,9036.54,,,,0,21395.1
2817,2860,41,10000,50.99899999999463,37.16,9095.84,,,,0,21422.2
2818,2861,41,10000,50.99899999999463,37.16,9095.84,,,,0,21446.7
2819,2862,10,2698,11.696999999999663,36.54,8949.8,,,,0,21453.7
2820,2863,41,10000,50.99899999999463,36.54,8949.8,,,,0,21480.6
2821,2864,41,10000,50.99899999999463,36.54,8949.8,,,,0,21505.4
2822,2865,41,10000,50.99899999999463,36.68,8981.06,,,,0,21532.9
2823,2866,6,1526,6.5250000000001,35.98,8811.58,,,,0,21536.9
2824,2867,41,10000,50.99899999999463,35.98,8811.58,,,,0,21563.4
2825,2868,41,10000,50.99899999999463,35.98,8811.58,,,,0,21589.5
2826,2869,41,10000,50.99899999999463,35.98,8811.58,,,,0,21618.2
2827,2870,41,10000,50.99899999999463,36.26,8880.22,,,,0,21644.2
2828,2871,39,9448,47.44699999999592,36.22,8869.18,,,,0,21670.0
2829,2872,41,10000,50.99899999999463,36.22,8869.18,,,,0,21697.9
2830,2873,41,10000,50.99899999999463,36.22,8869.18,,,,0,21724.1
2831,2874,41,10000,50.99899999999463,36.22,8869.18,,,,0,21751.2
2832,2875,41,10000,50.99899999999463,36.22,8869.18,,,,0,21777.5
2833,2876,41,10000,50.99899999999463,36.22,8869.18,,,,0,21798.9
2834,2877,41,10000,50.99899999999463,36.22,8869.18,,,,0,21824.1
2835,2878,20,5110,24.10900000000171,35.8,8771.38,,,,0,21838.9
2836,2879,41,10000,50.99899999999463,35.8,8771.38,,,,0,21863.3
2837,2880,6,1744,6.743000000000173,35.1,8606.26,,,,0,21867.0
2838,2881,41,10000,50.99899999999463,35.1,8606.26,,,,0,21886.7
2839,2882,0,322,-0.6789999999999998,34.28,8412.7,,,,0,21887.3
2840,2883,41,10000,50.99899999999463,34.28,8412.7,,,,0,21906.9
2841,2884,41,10000,50.99899999999463,34.28,8412.7,,,,0,21927.1
2842,2885,22,5592,26.5910000000023,33.9,8324.54,,,,0,21938.3
2843,2886,41,10000,50.99899999999463,33.9,8324.54,,,,0,21967.0
2844,2887,41,10000,50.99899999999463,33.9,8324.54,,,,0,21987.5
2845,2888,41,10000,50.99899999999463,34.68,8508.84,,,,0,22005.9
2846,2889,41,10000,50.99899999999463,35.08,8601.58,,,,0,22023.7
2847,2890,41,10000,50.99899999999463,35.08,8601.58,,,,0,22043.9
2848,2891,41,10000,50.99899999999463,35.22,8632.06,,,,0,22064.0
2849,2892,0,282,-0.7189999999999999,34.4,8437.7,,,,0,22064.5
2850,2893,41,10000,50.99899999999463,34.4,8437.7,,,,0,22083.9
2851,2894,16,4109,19.108000000000487,33.9,8319.88,,,,0,22092.4
2852,2895,41,10000,50.99899999999463,33.9,8319.88,,,,0,22112.4
2853,2896,25,6316,30.315000000003185,33.58,8246.2,,,,0,22123.8
2854,2897,41,10000,50.99899999999463,34.28,8412.02,,,,0,22143.9
2855,2898,41,10000,50.99899999999463,34.28,8412.02,,,,0,22161.8
2856,2899,36,8926,43.924999999997134,34.18,8390.54,,,,0,22178.4
2857,2900,41,10000,50.99899999999463,34.18,8390.54,,,,0,22193.7
2858,2901,41,10000,50.99899999999463,34.18,8390.54,,,,0,22209.1
2859,2902,41,10000,50.99899999999463,34.28,8415.98,,,,0,22224.3
2860,2903,41,10000,50.99899999999463,34.28,8415.98,,,,0,22239.9
2861,2904,41,10000,50.99899999999463,35.02,8591.18,,,,0,22255.4
2862,2905,41,10000,50.99899999999463,35.02,8591.18,,,,0,22270.4
2863,2906,41,10000,50.99899999999463,35.32,8660.16,,,,0,22285.5
2864,2907,41,10000,50.99899999999463,35.42,8685.58,,,,0,22301.1
2865,2908,41,10000,50.99899999999463,35.42,8685.58,,,,0,22317.4
2866,2909,41,10000,50.99899999999463,35.58,8721.46,,,,0,22333.5
2867,2910,41,10000,50.99899999999463,35.58,8721.46,,,,0,22346.8
2868,2911,41,10000,50.99899999999463,35.58,8721.46,,,,0,22358.1
2869,2912,41,10000,50.99899999999463,36.2,8867.5,,,,0,22369.6
2870,2913,41,10000,50.99899999999463,36.2,8867.5,,,,0,22380.9
2871,2914,41,10000,50.99899999999463,36.2,8867.5,,,,0,22392.7
2872,2915,41,10000,50.99899999999463,36.2,8867.5,,,,0,22404.9
2873,2916,41,10000,50.99899999999463,36.9,9036.98,,,,0,22416.7
2874,2917,41,10000,50.99899999999463,36.9,9036.98,,,,0,22428.2
2875,2918,41,10000,50.99899999999463,36.9,9036.98,,,,0,22440.4
2876,2919,41,10000,50.99899999999463,36.9,9036.98,,,,0,22452.8
2877,2920,41,10000,50.99899999999463,36.9,9036.98,,,,0,22464.6
2878,2921,41,10000,50.99899999999463,36.94,9048.02,,,,0,22476.6
2879,2922,41,10000,50.99899999999463,36.94,9048.02,,,,0,22488.1
2880,2923,41,10000,50.99899999999463,36.94,9048.02,,,,0,22499.2
2881,2924,41,10000,50.99899999999463,36.94,9048.02,,,,0,22510.2
2882,2925,41,10000,50.99899999999463,36.94,9048.02,,,,0,22521.7
2883,2926,41,10000,50.99899999999463,36.94,9048.02,,,,0,22533.1
2884,2927,41,10000,50.99899999999463,36.94,9048.02,,,,0,22544.1
2885,2928,41,10000,50.99899999999463,37.36,9145.82,,,,0,22555.1
2886,2929,41,10000,50.99899999999463,37.36,9145.82,,,,0,22566.0
2887,2930,41,10000,50.99899999999463,38.06,9310.94,,,,0,22578.0
2888,2931,41,10000,50.99899999999463,38.06,9310.94,,,,0,22590.0
2889,2932,41,10000,50.99899999999463,38.88,9504.5,,,,0,22601.6
2890,2933,41,10000,50.99899999999463,38.88,9504.5,,,,0,22612.6
2891,2934,41,10000,50.99899999999463,38.88,9504.5,,,,0,22623.8
2892,2935,6,1762,6.761000000000179,38.56,9427.9,,,,0,22626.0
2893,2936,41,10000,50.99899999999463,38.56,9427.9,,,,0,22638.4
2894,2937,41,10000,50.99899999999463,38.56,9427.9,,,,0,22649.4
2895,2938,22,5558,26.557000000002258,38.18,9339.06,,,,0,22655.9
2896,2939,41,10000,50.99899999999463,38.18,9339.06,,,,0,22672.7
2897,2940,41,10000,50.99899999999463,38.18,9339.06,,,,0,22689.5
2898,2941,41,10000,50.99899999999463,38.18,9339.06,,,,0,22707.5
2899,2942,41,10000,50.99899999999463,39.0,9533.42,,,,0,22724.6
2900,2943,41,10000,50.99899999999463,39.0,9533.42,,,,0,22741.9
2901,2944,41,10000,50.99899999999463,39.5,9651.24,,,,0,22759.4
2902,2945,35,8711,42.709999999997635,39.38,9625.46,,,,0,22773.9
2903,2946,41,10000,50.99899999999463,39.7,9699.14,,,,0,22790.8
2904,2947,23,5794,27.793000000002547,39.34,9615.02,,,,0,22800.9
2905,2948,41,10000,50.99899999999463,39.34,9615.02,,,,0,22818.7
2906,2949,16,4109,19.108000000000487,38.94,9518.68,,,,0,22825.9
2907,2950,41,10000,50.99899999999463,38.94,9518.68,,,,0,22844.4
2908,2951,41,10000,50.99899999999463,38.94,9518.68,,,,0,22862.3
2909,2952,41,10000,50.99899999999463,38.94,9518.68,,,,0,22880.7
2910,2953,30,7523,36.5220000000004,38.72,9469.14,,,,0,22894.0
2911,2954,4,1276,4.275000000000016,37.98,9294.66,,,,0,22896.2
2912,2955,3,1021,3.019999999999932,37.22,9115.08,,,,0,22897.5
2913,2956,41,10000,50.99899999999463,37.22,9115.08,,,,0,22909.8
2914,2957,41,10000,50.99899999999463,37.22,9115.08,,,,0,22924.6
2915,2958,41,10000,50.99899999999463,37.22,9115.08,,,,0,22942.1
2916,2959,12,2968,13.966999999999514,36.64,8974.44,,,,0,22947.7
2917,2960,41,10000,50.99899999999463,36.64,8974.44,,,,0,22967.2
2918,2961,1,516,0.5149999999999793,35.84,8784.76,,,,0,22968.2
2919,2962,27,6766,32.76500000000217,35.56,8720.08,,,,0,22981.8
2920,2963,41,10000,50.99899999999463,35.56,8720.08,,,,0,23000.5
2921,2964,41,10000,50.99899999999463,35.56,8720.08,,,,0,23018.4
2922,2965,41,10000,50.99899999999463,35.56,8720.08,,,,0,23036.9
2923,2966,41,10000,50.99899999999463,35.56,8720.08,,,,0,23055.1
2924,2967,41,10000,50.99899999999463,35.56,8720.08,,,,0,23072.1
2925,2968,41,10000,50.99899999999463,35.56,8720.08,,,,0,23089.2
2926,2969,41,10000,50.99899999999463,35.56,8720.08,,,,0,23105.0
2927,2970,41,10000,50.99899999999463,35.56,8720.08,,,,0,23116.9
2928,2971,41,10000,50.99899999999463,35.56,8720.08,,,,0,23129.3
2929,2972,41,10000,50.99899999999463,35.56,8720.08,,,,0,23141.7
2930,2973,41,10000,50.99899999999463,35.56,8720.08,,,,0,23154.7
2931,2974,39,9664,47.662999999995414,35.52,8713.36,,,,0,23167.2
2932,2975,41,10000,50.99899999999463,35.52,8713.36,,,,0,23180.1
2933,2976,41,10000,50.99899999999463,35.52,8713.36,,,,0,23193.2
2934,2977,41,10000,50.99899999999463,35.52,8713.36,,,,0,23206.2
2935,2978,41,10000,50.99899999999463,35.52,8713.36,,,,0,23219.0
2936,2979,41,10000,50.99899999999463,35.52,8713.36,,,,0,23231.7
2937,2980,41,10000,50.99899999999463,35.52,8713.36,,,,0,23245.4
2938,2981,41,10000,50.99899999999463,35.52,8713.36,,,,0,23257.7
2939,2982,41,10000,50.99899999999463,35.52,8713.36,,,,0,23270.0
